year_month,gender,category_code,category_name,parent_code,parent_name,rank,product_id,brand,brand_name,product_name,image_url,discontinued
2024-09,A,001,상의,,,1,3791891,filluminate,필루미네이트,오버핏 포레스트 체크 셔츠-블랙,https://image.msscdn.net/images/goods_img/20240112/3791891/3791891_17901256505525_500.jpg,False
2024-09,A,001,상의,,,2,2086653,musinsastandard,무신사 스탠다드,레이어드 크루 넥 반팔 티셔츠_일반 기장 [화이트],https://image.msscdn.net/images/goods_img/20210825/2086653/2086653_17772494800708_500.jpg,False
2024-09,A,001,상의,,,3,2913656,filluminate,필루미네이트,오버핏 그래피티 로고 후디-멜란지그레이,https://image.msscdn.net/images/goods_img/20221101/2913656/2913656_17593846033133_500.jpg,False
2024-09,A,001,상의,,,4,4302685,sorano,소라노,SORANO Basic Logo HOODIE [4Color],https://image.msscdn.net/images/goods_img/20240807/4302685/4302685_17229675684379_500.jpg,False
2024-09,A,001,상의,,,5,2313388,1993studio,1993스튜디오,90S 트랙 스웨트셔츠_그레이,https://image.msscdn.net/images/goods_img/20220118/2313388/2313388_17592092127579_500.jpg,False
2024-09,A,001,상의,,,6,2759813,saintpain,세인트페인,SP 팀 로고 후드-멜란지 그레이,https://image.msscdn.net/images/goods_img/20220831/2759813/2759813_1_500.jpg,False
2024-09,A,001,상의,,,7,2722805,brownbreath,브라운브레스,TAG OG HOODIE - BURGUNDY,https://image.msscdn.net/images/goods_img/20220817/2722805/2722805_17685233788556_500.jpg,False
2024-09,A,001,상의,,,8,4068166,huke,후크,빈티지 워싱 네이비 체크셔츠,https://image.msscdn.net/images/goods_img/20240419/4068166/4068166_17150610004370_500.jpg,False
2024-09,A,001,상의,,,9,3791889,filluminate,필루미네이트,오버핏 포레스트 체크 셔츠-핑크,https://image.msscdn.net/images/goods_img/20240112/3791889/3791889_17800394766247_500.jpg,False
2024-09,A,001,상의,,,10,4288935,dimitriblack,디미트리블랙,ASI 에센셜 바이오워싱 데님 셔츠_더스트 인디고,https://image.msscdn.net/images/goods_img/20240801/4288935/4288935_17234533281193_500.jpg,False
2024-09,A,001,상의,,,11,3463298,yale,예일,투톤아치 후드_그레이,https://image.msscdn.net/images/goods_img/20230814/3463298/3463298_17362154315362_500.jpg,False
2024-09,A,001,상의,,,12,3773867,covernat,커버낫,[2PACK] 쿨 코튼 티셔츠 Black+White,https://image.msscdn.net/images/goods_img/20240103/3773867/3773867_17818426320462_500.jpg,False
2024-09,A,001,상의,,,13,3286918,marithefrancoisgirbaud,마리떼 프랑소와 저버,3PACK SMALL REGULAR LOGO TEE mix,https://image.msscdn.net/images/goods_img/20230510/3286918/3286918_17424357770496_500.jpg,False
2024-09,A,001,상의,,,14,2995119,trillion,트릴리온,컬러 배색 1992 그래픽 후드 (NAVY),https://image.msscdn.net/images/goods_img/20221223/2995119/2995119_1_500.jpg,False
2024-09,A,001,상의,,,15,3533480,ezkaton,에즈카톤,스페이스 헤비코튼 후드 버건디 KMHD6723,https://image.msscdn.net/images/goods_img/20230906/3533480/3533480_16939610292721_500.jpg,False
2024-09,A,001,상의,,,16,2990516,1989standard,1989스탠다드,RV_OUR 1989 후드 (STHSTD-0004),https://image.msscdn.net/images/goods_img/20221220/2990516/2990516_17865211299718_500.jpg,False
2024-09,A,001,상의,,,17,3026606,filluminate,필루미네이트,오버핏 그래피티 로고 후디-오트밀,https://image.msscdn.net/images/goods_img/20230116/3026606/3026606_16740279087820_500.jpg,False
2024-09,A,001,상의,,,18,4243340,urbandtype,어반디타입,풋볼 져지 롱슬리브_화이트,https://image.msscdn.net/images/goods_img/20240710/4243340/4243340_17556568883984_500.jpg,False
2024-09,A,001,상의,,,19,994588,filluminate,필루미네이트,옵티멀 베이직 셔츠-화이트[린넨＆옥스포드 선택],https://image.msscdn.net/images/goods_img/20190326/994588/994588_17878791359967_500.jpg,False
2024-09,A,001,상의,,,20,2058188,brownbreath,브라운브레스,TAG OG HOODIE - BLACK,https://image.msscdn.net/images/goods_img/20210811/2058188/2058188_17685234537443_500.jpg,False
2024-09,A,001,상의,,,21,3066189,lmc,엘엠씨,AEROCOOL LONG SLV TEE 2PACK none,https://image.msscdn.net/images/goods_img/20230207/3066189/3066189_17797561475320_500.jpg,False
2024-09,A,001,상의,,,22,3791890,filluminate,필루미네이트,오버핏 포레스트 체크 셔츠-그린,https://image.msscdn.net/images/goods_img/20240112/3791890/3791890_17477882252512_500.jpg,False
2024-09,A,001,상의,,,23,3634049,saintpain,세인트페인,SP 팀 리그 후드-오트밀,https://image.msscdn.net/images/goods_img/20231017/3634049/3634049_16977070839597_500.jpg,False
2024-09,A,001,상의,,,24,3005822,brownbreath,브라운브레스,TAG OG LONGSLEEVE - WHITE,https://image.msscdn.net/images/goods_img/20230104/3005822/3005822_17392559844752_500.jpg,False
2024-09,A,001,상의,,,25,996177,musinsastandard,무신사 스탠다드,릴렉스 핏 크루 넥 반팔 티셔츠 [화이트],https://image.msscdn.net/images/goods_img/20190327/996177/996177_17845258066104_500.jpg,False
2024-09,A,001,상의,,,26,3907161,ruddycheeks,아이필블루씨에스엠,Ifeelbluecsm Hoodie [4Color],https://image.msscdn.net/images/goods_img/20240227/3907161/3907161_17591081389486_500.jpg,False
2024-09,A,001,상의,,,27,983339,musinsastandard,무신사 스탠다드,베이식 드레스 셔츠 [화이트],https://image.msscdn.net/images/goods_img/20190315/983339/983339_17833270978891_500.jpg,False
2024-09,A,001,상의,,,28,1817394,travel,트래블,[3-PACK]베이직 트래블러 피그먼트 스웨트셔츠,https://image.msscdn.net/images/goods_img/20210226/1817394/1817394_17152436181527_500.jpg,False
2024-09,A,001,상의,,,29,3907164,ruddycheeks,아이필블루씨에스엠,Ifeelbluecsm Hoodie Oatmeal,https://image.msscdn.net/images/goods_img/20240227/3907164/3907164_17090361274276_500.jpg,False
2024-09,A,001,상의,,,30,4269861,apr8,에이프릴에잇,APR8 ACADEMY HOODIE [4Color],https://image.msscdn.net/images/goods_img/20240724/4269861/4269861_17247388506198_500.jpg,False
2024-09,A,001005,맨투맨/스웨트,001,상의,1,2313388,1993studio,1993스튜디오,90S 트랙 스웨트셔츠_그레이,https://image.msscdn.net/images/goods_img/20220118/2313388/2313388_17592092127579_500.jpg,False
2024-09,A,001005,맨투맨/스웨트,001,상의,2,1817394,travel,트래블,[3-PACK]베이직 트래블러 피그먼트 스웨트셔츠,https://image.msscdn.net/images/goods_img/20210226/1817394/1817394_17152436181527_500.jpg,False
2024-09,A,001005,맨투맨/스웨트,001,상의,3,3400338,1993studio,1993스튜디오,스피드레이서 레글런 스웨트셔츠_블랙,https://image.msscdn.net/images/goods_img/20230710/3400338/3400338_17725194236157_500.jpg,False
2024-09,A,001005,맨투맨/스웨트,001,상의,4,1582356,sovermentwithlomort,소버먼트,980G 피그먼트 맨투맨-챠콜-,https://image.msscdn.net/images/goods_img/20200903/1582356/1582356_1_500.jpg,False
2024-09,A,001005,맨투맨/스웨트,001,상의,5,2313445,1993studio,1993스튜디오,90S 트랙 스웨트셔츠_블랙,https://image.msscdn.net/images/goods_img/20220118/2313445/2313445_17592100281982_500.jpg,False
2024-09,A,001005,맨투맨/스웨트,001,상의,6,2697813,prendafromplant,프렌다,PRDA DENIM PATCH CREWNECK SHIRT BLACK,https://image.msscdn.net/images/goods_img/20220804/2697813/2697813_16759892051756_500.jpg,False
2024-09,A,001005,맨투맨/스웨트,001,상의,7,2062553,fallett,팔렛,부클 플라워 맨투맨 네이비,https://image.msscdn.net/images/goods_img/20210813/2062553/2062553_17615293207269_500.jpg,False
2024-09,A,001005,맨투맨/스웨트,001,상의,8,2338457,bittercells,비터셀즈,하트 벌룬 스웻 셔츠-3 Colors,https://image.msscdn.net/images/goods_img/20220203/2338457/2338457_17254400814620_500.jpg,False
2024-09,A,001005,맨투맨/스웨트,001,상의,9,2107298,aecawhite,에이카화이트,BIG LOGO SWEATSHIRT-NAVY/WHITE,https://image.msscdn.net/images/goods_img/20210903/2107298/2107298_17240622808280_500.jpg,False
2024-09,A,001005,맨투맨/스웨트,001,상의,10,3056893,compagno,꼼파뇨,슈팅 로고 레글런 스웨트셔츠 베이지브라운,https://image.msscdn.net/images/goods_img/20230202/3056893/3056893_16759355110509_500.jpg,False
2024-09,A,001005,맨투맨/스웨트,001,상의,11,947067,musinsastandard,무신사 스탠다드,스웨트셔츠 [블랙],https://image.msscdn.net/images/goods_img/20190201/947067/947067_17641181220326_500.jpg,False
2024-09,A,001005,맨투맨/스웨트,001,상의,12,2792628,poloralphlauren,폴로 랄프 로렌,더블니트 스웨트셔츠 - 네이비,https://image.msscdn.net/images/goods_img/20220915/2792628/2792628_3_500.jpg,False
2024-09,A,001005,맨투맨/스웨트,001,상의,13,2721684,conichiwabonjour,곤니치와봉쥬르,유니브 맨투맨(에어포스),https://image.msscdn.net/images/goods_img/20220817/2721684/2721684_2_500.jpg,False
2024-09,A,001005,맨투맨/스웨트,001,상의,14,3043045,1993studio,1993스튜디오,90S 트랙 스웨트셔츠_오트베이지,https://image.msscdn.net/images/goods_img/20230127/3043045/3043045_16758467474405_500.jpg,False
2024-09,A,001005,맨투맨/스웨트,001,상의,15,3925159,kaneitei,카네이테이,ARMEE FRANCAISE CREWNECK (NAVY),https://image.msscdn.net/images/goods_img/20240305/3925159/3925159_17259260060353_500.jpg,False
2024-09,A,001005,맨투맨/스웨트,001,상의,16,3948632,mucent,무센트,빅 로고 루즈핏 롱슬리브 맨투맨 (3컬러),https://image.msscdn.net/images/goods_img/20240313/3948632/3948632_17300845807043_500.jpg,False
2024-09,A,001005,맨투맨/스웨트,001,상의,17,4258150,venhit,벤힛,MRT 레글런 스웨트셔츠 크림,https://image.msscdn.net/images/goods_img/20240718/4258150/4258150_17218996981291_500.jpg,False
2024-09,A,001005,맨투맨/스웨트,001,상의,18,3682659,compagno,꼼파뇨,Cheesy Bunny 레글런 피그먼트 맨투맨 더스티핑크,https://image.msscdn.net/images/goods_img/20231103/3682659/3682659_17725894503596_500.jpg,False
2024-09,A,001005,맨투맨/스웨트,001,상의,19,4394434,whoau,후아유,[QWER X WAU]Signature Dyed Sweatshirt/WHMWE4T91U,https://image.msscdn.net/images/goods_img/20240902/4394434/4394434_17368306911975_500.jpg,False
2024-09,A,001005,맨투맨/스웨트,001,상의,20,1643160,grooverhyme,그루브라임,[2PACK]유니)C100 3단쭈리 - LOCATION 맨투맨(세미오버핏)(14 COLOR)[LRARCTM701M],https://image.msscdn.net/images/goods_img/20201012/1643160/1643160_17170443726485_500.jpg,False
2024-09,A,001005,맨투맨/스웨트,001,상의,21,3479969,gakka2,가까이 유니언즈,루바토 브이넥 맨투맨 네이비,https://image.msscdn.net/images/goods_img/20230821/3479969/3479969_16927521237552_500.png,False
2024-09,A,001005,맨투맨/스웨트,001,상의,22,3864742,youhee,유희,OFF SHOULDER SWEATSHIRTS MELANGE GREY,https://image.msscdn.net/images/goods_img/20240213/3864742/3864742_17322580029156_500.jpg,False
2024-09,A,001005,맨투맨/스웨트,001,상의,23,4375639,compagno,꼼파뇨,happy day 피그먼트 스웨트셔츠 스모크블랙,https://image.msscdn.net/images/goods_img/20240827/4375639/4375639_17727551128659_500.jpg,False
2024-09,A,001005,맨투맨/스웨트,001,상의,24,2792629,poloralphlauren,폴로 랄프 로렌,더블니트 스웨트셔츠 - 블랙,https://image.msscdn.net/images/goods_img/20220915/2792629/2792629_3_500.jpg,False
2024-09,A,001005,맨투맨/스웨트,001,상의,25,3764847,moo,엠오오,[기모/논기모] 피치스킨 디스코 그래픽 맨투맨 - 블랙,https://image.msscdn.net/images/goods_img/20231222/3764847/3764847_17032111661055_500.jpg,False
2024-09,A,001005,맨투맨/스웨트,001,상의,26,2052957,fallett,팔렛,네로 맨투맨 아이보리,https://image.msscdn.net/images/goods_img/20210809/2052957/2052957_17542944985098_500.jpg,False
2024-09,A,001005,맨투맨/스웨트,001,상의,27,1679943,vivastudio,비바스튜디오,RETRIEVER CREWNECK [NAVY],https://image.msscdn.net/images/goods_img/20201105/1679943/1679943_17096910334702_500.jpg,False
2024-09,A,001005,맨투맨/스웨트,001,상의,28,3432211,somewherebutter,썸웨어버터,new wave logo sweatshirt - navy,https://image.msscdn.net/images/goods_img/20230728/3432211/3432211_16963833352007_500.jpg,False
2024-09,A,001005,맨투맨/스웨트,001,상의,29,3043051,1993studio,1993스튜디오,90S 트랙 스웨트셔츠_네이비,https://image.msscdn.net/images/goods_img/20230127/3043051/3043051_16758467320267_500.jpg,False
2024-09,A,001005,맨투맨/스웨트,001,상의,30,3493537,toffee,토피,피그먼트 오버핏 스웻 셔츠 (DUSTY KHAKI),https://image.msscdn.net/images/goods_img/20230824/3493537/3493537_16940480719080_500.jpg,False
2024-09,A,001004,후드 티셔츠,001,상의,1,2913656,filluminate,필루미네이트,오버핏 그래피티 로고 후디-멜란지그레이,https://image.msscdn.net/images/goods_img/20221101/2913656/2913656_17593846033133_500.jpg,False
2024-09,A,001004,후드 티셔츠,001,상의,2,4302685,sorano,소라노,SORANO Basic Logo HOODIE [4Color],https://image.msscdn.net/images/goods_img/20240807/4302685/4302685_17229675684379_500.jpg,False
2024-09,A,001004,후드 티셔츠,001,상의,3,2759813,saintpain,세인트페인,SP 팀 로고 후드-멜란지 그레이,https://image.msscdn.net/images/goods_img/20220831/2759813/2759813_1_500.jpg,False
2024-09,A,001004,후드 티셔츠,001,상의,4,2722805,brownbreath,브라운브레스,TAG OG HOODIE - BURGUNDY,https://image.msscdn.net/images/goods_img/20220817/2722805/2722805_17685233788556_500.jpg,False
2024-09,A,001004,후드 티셔츠,001,상의,5,3463298,yale,예일,투톤아치 후드_그레이,https://image.msscdn.net/images/goods_img/20230814/3463298/3463298_17362154315362_500.jpg,False
2024-09,A,001004,후드 티셔츠,001,상의,6,2995119,trillion,트릴리온,컬러 배색 1992 그래픽 후드 (NAVY),https://image.msscdn.net/images/goods_img/20221223/2995119/2995119_1_500.jpg,False
2024-09,A,001004,후드 티셔츠,001,상의,7,3533480,ezkaton,에즈카톤,스페이스 헤비코튼 후드 버건디 KMHD6723,https://image.msscdn.net/images/goods_img/20230906/3533480/3533480_16939610292721_500.jpg,False
2024-09,A,001004,후드 티셔츠,001,상의,8,2990516,1989standard,1989스탠다드,RV_OUR 1989 후드 (STHSTD-0004),https://image.msscdn.net/images/goods_img/20221220/2990516/2990516_17865211299718_500.jpg,False
2024-09,A,001004,후드 티셔츠,001,상의,9,3026606,filluminate,필루미네이트,오버핏 그래피티 로고 후디-오트밀,https://image.msscdn.net/images/goods_img/20230116/3026606/3026606_16740279087820_500.jpg,False
2024-09,A,001004,후드 티셔츠,001,상의,10,2058188,brownbreath,브라운브레스,TAG OG HOODIE - BLACK,https://image.msscdn.net/images/goods_img/20210811/2058188/2058188_17685234537443_500.jpg,False
2024-09,A,001004,후드 티셔츠,001,상의,11,3634049,saintpain,세인트페인,SP 팀 리그 후드-오트밀,https://image.msscdn.net/images/goods_img/20231017/3634049/3634049_16977070839597_500.jpg,False
2024-09,A,001004,후드 티셔츠,001,상의,12,3907161,ruddycheeks,아이필블루씨에스엠,Ifeelbluecsm Hoodie [4Color],https://image.msscdn.net/images/goods_img/20240227/3907161/3907161_17591081389486_500.jpg,False
2024-09,A,001004,후드 티셔츠,001,상의,13,3907164,ruddycheeks,아이필블루씨에스엠,Ifeelbluecsm Hoodie Oatmeal,https://image.msscdn.net/images/goods_img/20240227/3907164/3907164_17090361274276_500.jpg,False
2024-09,A,001004,후드 티셔츠,001,상의,14,4269861,apr8,에이프릴에잇,APR8 ACADEMY HOODIE [4Color],https://image.msscdn.net/images/goods_img/20240724/4269861/4269861_17247388506198_500.jpg,False
2024-09,A,001004,후드 티셔츠,001,상의,15,4071966,oafish,오피쉬,"레터링 후디, 블랙",https://image.msscdn.net/images/goods_img/20240422/4071966/4071966_17137500206666_500.jpg,False
2024-09,A,001004,후드 티셔츠,001,상의,16,2913659,filluminate,필루미네이트,오버핏 그래피티 로고 후디-블랙,https://image.msscdn.net/images/prd_img/20221101/2913659/detail_2913659_7_500.jpg,False
2024-09,A,001004,후드 티셔츠,001,상의,17,3464998,venhit,벤힛,MRT 후드티,https://image.msscdn.net/images/goods_img/20230814/3464998/3464998_16964023450202_500.jpg,False
2024-09,A,001004,후드 티셔츠,001,상의,18,2302738,brownbreath,브라운브레스,TAG OG HOODIE - NAVY,https://image.msscdn.net/images/goods_img/20220112/2302738/2302738_17685234128085_500.jpg,False
2024-09,A,001004,후드 티셔츠,001,상의,19,4288950,dimitriblack,디미트리블랙,ASI 포시즌 에센셜 스웻 후드 티셔츠_피그먼트 차콜,https://image.msscdn.net/images/goods_img/20240801/4288950/4288950_17514415750313_500.jpg,False
2024-09,A,001004,후드 티셔츠,001,상의,20,2314616,toffee,토피,에센셜 후드 스웻 셔츠 (MELANGE GREY),https://image.msscdn.net/images/goods_img/20220119/2314616/2314616_1_500.jpg,False
2024-09,A,001004,후드 티셔츠,001,상의,21,2043588,nomanual,노매뉴얼,DOODLE LOGO HOODIE - BLACK,https://image.msscdn.net/images/goods_img/20210729/2043588/2043588_1_500.jpg,False
2024-09,A,001004,후드 티셔츠,001,상의,22,2043056,codegraphy,코드그라피,[SET] [후드티 OR 맨투맨 선택] CGP 아치 로고 셋업_네이비,https://image.msscdn.net/images/goods_img/20210728/2043056/2043056_17827161407701_500.jpg,False
2024-09,A,001004,후드 티셔츠,001,상의,23,3907158,ruddycheeks,아이필블루씨에스엠,Ifeelbluecsm Hoodie Light Grey,https://image.msscdn.net/images/goods_img/20240227/3907158/3907158_17090353346524_500.jpg,False
2024-09,A,001004,후드 티셔츠,001,상의,24,4272965,lemainsecond,리메인세컨드,[논기모 OR 기모] 오버핏 시그니처 LMS 패치 후디 [네이비],https://image.msscdn.net/images/goods_img/20240725/4272965/4272965_17605950992041_500.jpg,False
2024-09,A,001004,후드 티셔츠,001,상의,25,4394773,brownbreath,브라운브레스,TAG HOODIE - ASH,https://image.msscdn.net/images/goods_img/20240902/4394773/4394773_17259503021564_500.jpg,False
2024-09,A,001004,후드 티셔츠,001,상의,26,3026609,filluminate,필루미네이트,오버핏 그래피티 로고 후디-네이비,https://image.msscdn.net/images/goods_img/20230116/3026609/3026609_16740279294962_500.jpg,False
2024-09,A,001004,후드 티셔츠,001,상의,27,3445872,apr8,에이프릴에잇,APR8 STAR LOGO HOODIE [6Color],https://image.msscdn.net/images/goods_img/20230804/3445872/3445872_16944857555770_500.jpg,False
2024-09,A,001004,후드 티셔츠,001,상의,28,3424281,urbanstoff,어반스터프,디스트레스드 후디 (크림),https://image.msscdn.net/images/goods_img/20230725/3424281/3424281_16927701934831_500.jpg,False
2024-09,A,001004,후드 티셔츠,001,상의,29,3783077,dimitriblack,디미트리블랙,VLAD TYPE-A 트랙 아트웍 후드 티셔츠_네이비,https://image.msscdn.net/images/goods_img/20240109/3783077/3783077_17171332466471_500.png,False
2024-09,A,001004,후드 티셔츠,001,상의,30,2759814,saintpain,세인트페인,SP 팀 로고 후드-네이비,https://image.msscdn.net/images/goods_img/20220831/2759814/2759814_1_500.jpg,False
2024-09,A,001002,셔츠/블라우스,001,상의,1,3791891,filluminate,필루미네이트,오버핏 포레스트 체크 셔츠-블랙,https://image.msscdn.net/images/goods_img/20240112/3791891/3791891_17901256505525_500.jpg,False
2024-09,A,001002,셔츠/블라우스,001,상의,2,4068166,huke,후크,빈티지 워싱 네이비 체크셔츠,https://image.msscdn.net/images/goods_img/20240419/4068166/4068166_17150610004370_500.jpg,False
2024-09,A,001002,셔츠/블라우스,001,상의,3,3791889,filluminate,필루미네이트,오버핏 포레스트 체크 셔츠-핑크,https://image.msscdn.net/images/goods_img/20240112/3791889/3791889_17800394766247_500.jpg,False
2024-09,A,001002,셔츠/블라우스,001,상의,4,4288935,dimitriblack,디미트리블랙,ASI 에센셜 바이오워싱 데님 셔츠_더스트 인디고,https://image.msscdn.net/images/goods_img/20240801/4288935/4288935_17234533281193_500.jpg,False
2024-09,A,001002,셔츠/블라우스,001,상의,5,994588,filluminate,필루미네이트,옵티멀 베이직 셔츠-화이트[린넨＆옥스포드 선택],https://image.msscdn.net/images/goods_img/20190326/994588/994588_17878791359967_500.jpg,False
2024-09,A,001002,셔츠/블라우스,001,상의,6,3791890,filluminate,필루미네이트,오버핏 포레스트 체크 셔츠-그린,https://image.msscdn.net/images/goods_img/20240112/3791890/3791890_17477882252512_500.jpg,False
2024-09,A,001002,셔츠/블라우스,001,상의,7,983339,musinsastandard,무신사 스탠다드,베이식 드레스 셔츠 [화이트],https://image.msscdn.net/images/goods_img/20190315/983339/983339_17833270978891_500.jpg,False
2024-09,A,001002,셔츠/블라우스,001,상의,8,854337,musinsastandard,무신사 스탠다드,릴렉스 핏 옥스포드 셔츠 [화이트],https://image.msscdn.net/images/goods_img/20180910/854337/854337_17829584758706_500.jpg,False
2024-09,A,001002,셔츠/블라우스,001,상의,9,4227437,standarderror,스탠다드에러,87-STAN081 원포켓 빈티지 오버핏 긴팔 체크 셔츠 네이비,https://image.msscdn.net/images/goods_img/20240702/4227437/4227437_17738154996351_500.jpg,False
2024-09,A,001002,셔츠/블라우스,001,상의,10,4186471,huke,후크,빈티지 워싱 브라운  체크셔츠,https://image.msscdn.net/images/goods_img/20240610/4186471/4186471_17179929320187_500.jpg,False
2024-09,A,001002,셔츠/블라우스,001,상의,11,4227448,standarderror,스탠다드에러,87-STAN086 레거시 빈티지 오버핏 포켓 긴팔 체크 셔츠 네이비,https://image.msscdn.net/images/goods_img/20240702/4227448/4227448_17738157770217_500.jpg,False
2024-09,A,001002,셔츠/블라우스,001,상의,12,2375962,unionblue,유니온블루,LAUNDRY SHIRT (LAVENDER GRAY),https://image.msscdn.net/images/goods_img/20220222/2375962/2375962_1_500.jpg,False
2024-09,A,001002,셔츠/블라우스,001,상의,13,3856743,untapped,언탭트 스튜디오,[여름 라이크린넨 추가]시티보이 빅 오버핏 빅사이즈 옥스포드 셔츠 8COLOR,https://image.msscdn.net/images/goods_img/20240207/3856743/3856743_17177615485090_500.jpg,False
2024-09,A,001002,셔츠/블라우스,001,상의,14,4306299,bronson,브론슨,Blue Chambray Work Shirt KR Ver.,https://image.msscdn.net/images/goods_img/20240807/4306299/4306299_17737170274339_500.jpg,False
2024-09,A,001002,셔츠/블라우스,001,상의,15,3771912,suare,수아레,스튜피드 체크 셔츠 시리즈 - 8 COLOR,https://image.msscdn.net/images/goods_img/20240102/3771912/3771912_17096042993927_500.jpg,False
2024-09,A,001002,셔츠/블라우스,001,상의,16,2406919,poloralphlauren,폴로 랄프 로렌,[White Collection] 커스텀핏 클래식 옥스포드 셔츠  - 화이트,https://image.msscdn.net/images/goods_img/20220308/2406919/2406919_4_500.jpg,False
2024-09,A,001002,셔츠/블라우스,001,상의,17,4279928,nomanual,노매뉴얼,O.D CHECK SHIRT - BLACK,https://image.msscdn.net/images/goods_img/20240729/4279928/4279928_17231774529256_500.jpg,False
2024-09,A,001002,셔츠/블라우스,001,상의,18,4227441,standarderror,스탠다드에러,87-STAN083 레트로 플레이드 오버핏 포켓 긴팔 체크 셔츠 딥블루,https://image.msscdn.net/images/goods_img/20240702/4227441/4227441_17738156721895_500.jpg,False
2024-09,A,001002,셔츠/블라우스,001,상의,19,4243024,urbandtype,어반디타입,오버사이즈 체크 포켓 셔츠_핑크,https://image.msscdn.net/images/goods_img/20240710/4243024/4243024_17786500795344_500.jpg,False
2024-09,A,001002,셔츠/블라우스,001,상의,20,3477442,dimitriblack,디미트리블랙,ASI 포시즌 옴브레 체크 셔츠_블루,https://image.msscdn.net/images/goods_img/20230818/3477442/3477442_17446842787056_500.jpg,False
2024-09,A,001002,셔츠/블라우스,001,상의,21,3726859,unionblue,유니온블루,LAUNDRY SHIRT (ICE BLUE),https://image.msscdn.net/images/goods_img/20231121/3726859/3726859_17787410464429_500.jpg,False
2024-09,A,001002,셔츠/블라우스,001,상의,22,3477441,dimitriblack,디미트리블랙,ASI 포시즌 옴브레 체크 셔츠_에메랄드 그린,https://image.msscdn.net/images/goods_img/20230818/3477441/3477441_17446844440705_500.jpg,False
2024-09,A,001002,셔츠/블라우스,001,상의,23,1706633,poloralphlauren,폴로 랄프 로렌,커스텀핏 옥스포드 셔츠 - 화이트,https://image.msscdn.net/images/goods_img/20201130/1706633/1706633_16932921087582_500.jpg,False
2024-09,A,001002,셔츠/블라우스,001,상의,24,2305840,thomasmore,토마스모어,TE5-SH08 프렌치 스트라이프 셔츠-네이비,https://image.msscdn.net/images/goods_img/20220113/2305840/2305840_2_500.jpg,False
2024-09,A,001002,셔츠/블라우스,001,상의,25,2065703,unionblue,유니온블루,LAUNDRY SHIRT (WHITE),https://image.msscdn.net/images/goods_img/20210817/2065703/2065703_2_500.jpg,False
2024-09,A,001002,셔츠/블라우스,001,상의,26,1498105,poloralphlauren,폴로 랄프 로렌,커스텀핏 데님 셔츠 - 블루,https://image.msscdn.net/images/goods_img/20200626/1498105/1498105_2_500.jpg,False
2024-09,A,001002,셔츠/블라우스,001,상의,27,3877565,poloralphlauren,폴로 랄프 로렌,[Crest Capsule] 커스텀핏 옥스포드 셔츠 - 블루,https://image.msscdn.net/images/goods_img/20240216/3877565/3877565_17097141601891_500.jpg,False
2024-09,A,001002,셔츠/블라우스,001,상의,28,1706634,poloralphlauren,폴로 랄프 로렌,커스텀핏 옥스포드 셔츠 - 블루,https://image.msscdn.net/images/goods_img/20201130/1706634/1706634_16829933327992_500.jpg,False
2024-09,A,001002,셔츠/블라우스,001,상의,29,3726789,unionblue,유니온블루,LAUNDRY SHIRT (PURPLE GRAY),https://image.msscdn.net/images/goods_img/20231121/3726789/3726789_17787407940975_500.jpg,False
2024-09,A,001002,셔츠/블라우스,001,상의,30,4288934,dimitriblack,디미트리블랙,ASI 에센셜 바이오워싱 데님 셔츠_빈티지 블랙,https://image.msscdn.net/images/goods_img/20240801/4288934/4288934_17234551919642_500.jpg,False
2024-09,A,001010,긴소매 티셔츠,001,상의,1,4243340,urbandtype,어반디타입,풋볼 져지 롱슬리브_화이트,https://image.msscdn.net/images/goods_img/20240710/4243340/4243340_17556568883984_500.jpg,False
2024-09,A,001010,긴소매 티셔츠,001,상의,2,3066189,lmc,엘엠씨,AEROCOOL LONG SLV TEE 2PACK none,https://image.msscdn.net/images/goods_img/20230207/3066189/3066189_17797561475320_500.jpg,False
2024-09,A,001010,긴소매 티셔츠,001,상의,3,3005822,brownbreath,브라운브레스,TAG OG LONGSLEEVE - WHITE,https://image.msscdn.net/images/goods_img/20230104/3005822/3005822_17392559844752_500.jpg,False
2024-09,A,001010,긴소매 티셔츠,001,상의,4,3156318,oddstudio,오드스튜디오,베리클로즈 래글런 오버핏 롱 슬리브 - OATMEAL /GREEN,https://image.msscdn.net/images/goods_img/20230317/3156318/3156318_17707851128504_500.jpg,False
2024-09,A,001010,긴소매 티셔츠,001,상의,5,4437566,partimentowomen,파르티멘토 우먼,더블 페이스드 핀턱 드레이프 탑 2PACK_차콜,https://image.msscdn.net/images/goods_img/20240912/4437566/4437566_17270758803872_500.jpg,False
2024-09,A,001010,긴소매 티셔츠,001,상의,6,3625615,rockcake,락케이크,Funk Mesh Top - Black,https://image.msscdn.net/images/goods_img/20231013/3625615/3625615_17168719123899_500.jpg,False
2024-09,A,001010,긴소매 티셔츠,001,상의,7,2149254,musinsastandard,무신사 스탠다드,베이식 긴팔 티셔츠 2팩,https://image.msscdn.net/images/goods_img/20210928/2149254/2149254_17138588137724_500.jpg,False
2024-09,A,001010,긴소매 티셔츠,001,상의,8,2723199,dimitriblack,디미트리블랙,레이어링 스트라이프 롱슬리브 티셔츠_블랙&화이트,https://image.msscdn.net/images/goods_img/20220817/2723199/2723199_17171317730603_500.png,False
2024-09,A,001010,긴소매 티셔츠,001,상의,9,3581743,outstanding,아웃스탠딩,[2PACK]VINTAGE WASHING LONG SLEEVE TEE_VINTAGE OLIVE/VINTAGE CHARCOAL,https://image.msscdn.net/images/goods_img/20230921/3581743/3581743_17863310526444_500.jpg,False
2024-09,A,001010,긴소매 티셔츠,001,상의,10,3361949,durt,더트,OUR DAILY LONG SLEEVE TEE (WHITE),https://image.msscdn.net/images/goods_img/20230613/3361949/3361949_17828704761589_500.jpg,False
2024-09,A,001010,긴소매 티셔츠,001,상의,11,4308203,dimitriblack,디미트리블랙,VLAD 피그먼트 슬래쉬 롱슬리브 티셔츠_차콜,https://image.msscdn.net/images/goods_img/20240808/4308203/4308203_17240583743289_500.jpg,False
2024-09,A,001010,긴소매 티셔츠,001,상의,12,2058133,brownbreath,브라운브레스,TAG OG LONGSLEEVE - BLACK,https://image.msscdn.net/images/goods_img/20210811/2058133/2058133_17385429891236_500.jpg,False
2024-09,A,001010,긴소매 티셔츠,001,상의,13,3626384,thecoldestmoment,더콜디스트모먼트,TCM restaurant long sleeve (white/ivory),https://image.msscdn.net/images/goods_img/20231013/3626384/3626384_16977767616539_500.png,False
2024-09,A,001010,긴소매 티셔츠,001,상의,14,3851073,robbers,디파이클럽로버스,That Is Where It Started (Raglan),https://image.msscdn.net/images/goods_img/20240206/3851073/3851073_17072076587737_500.jpg,False
2024-09,A,001010,긴소매 티셔츠,001,상의,15,3417709,musinsastandardwoman,무신사 스탠다드 우먼,우먼즈 슬림 크루 넥 긴소매 티셔츠 [화이트],https://image.msscdn.net/images/goods_img/20230720/3417709/3417709_16964869253825_500.jpg,False
2024-09,A,001010,긴소매 티셔츠,001,상의,16,4318523,prendafromplant,프렌다,PRDA BIG PATCH RAGLAN LONG SLEEVE GRAY,https://image.msscdn.net/images/goods_img/20240812/4318523/4318523_17242865831378_500.jpg,False
2024-09,A,001010,긴소매 티셔츠,001,상의,17,3921829,brownbreath,브라운브레스,PAISLEY TAG LONGSLEEVE - WHITE,https://image.msscdn.net/images/goods_img/20240305/3921829/3921829_17605793893397_500.jpg,False
2024-09,A,001010,긴소매 티셔츠,001,상의,18,4265140,teket,테켓,Doorbell L/S Tee Melange Gray,https://image.msscdn.net/images/goods_img/20240722/4265140/4265140_17237780907130_500.jpg,False
2024-09,A,001010,긴소매 티셔츠,001,상의,19,3518783,oddstudio,오드스튜디오,베리클로즈 래글런 오버핏 롱 슬리브 - OATMEAL/WINE,https://image.msscdn.net/images/goods_img/20230831/3518783/3518783_17315689724559_500.jpg,False
2024-09,A,001010,긴소매 티셔츠,001,상의,20,4287322,trillion,트릴리온,스케이트보드 피그먼트 그래픽 레글런 롱 슬리브 (NAVY),https://image.msscdn.net/images/goods_img/20240731/4287322/4287322_17228503821517_500.jpg,False
2024-09,A,001010,긴소매 티셔츠,001,상의,21,4437565,partimentowomen,파르티멘토 우먼,더블 페이스드 핀턱 드레이프 탑 2PACK_플럼,https://image.msscdn.net/images/goods_img/20240912/4437565/4437565_17270758193366_500.jpg,False
2024-09,A,001010,긴소매 티셔츠,001,상의,22,4013054,gakka2,가까이 유니언즈,절개 피그먼트 긴팔 티셔츠 애쉬 퍼플,https://image.msscdn.net/images/goods_img/20240401/4013054/4013054_17120098801284_500.jpg,False
2024-09,A,001010,긴소매 티셔츠,001,상의,23,3821766,partimentowomen,파르티멘토 우먼,PW 더블 레이어드 롱 슬리브 티_블랙,https://image.msscdn.net/images/goods_img/20240125/3821766/3821766_17270599902335_500.jpg,False
2024-09,A,001010,긴소매 티셔츠,001,상의,24,3471730,compagno,꼼파뇨,HANABI RACING 피그먼트 롱슬리브 스모크블랙,https://image.msscdn.net/images/goods_img/20230817/3471730/3471730_16922577190707_500.jpg,False
2024-09,A,001010,긴소매 티셔츠,001,상의,25,3831448,venhit,벤힛,무드먼트 피그먼트 롱슬리브,https://image.msscdn.net/images/goods_img/20240130/3831448/3831448_17072897061319_500.jpg,False
2024-09,A,001010,긴소매 티셔츠,001,상의,26,4058618,gottergallery,가터갤러리,HUMAN NATURE SHEER MESH TOP_BK,https://image.msscdn.net/images/goods_img/20240416/4058618/4058618_17557610318536_500.jpg,False
2024-09,A,001010,긴소매 티셔츠,001,상의,27,4243327,urbandtype,어반디타입,풋볼 져지 롱슬리브_네이비,https://image.msscdn.net/images/goods_img/20240710/4243327/4243327_17556570889011_500.jpg,False
2024-09,A,001010,긴소매 티셔츠,001,상의,28,3399787,travel,트래블,리즌 트레일 피그먼트 롱 슬리브 크림,https://image.msscdn.net/images/goods_img/20230707/3399787/3399787_16897556898016_500.jpg,False
2024-09,A,001010,긴소매 티셔츠,001,상의,29,4302686,sorano,소라노,SORANO Double-Logo L/S Tee [2Color],https://image.msscdn.net/images/goods_img/20240807/4302686/4302686_17229680675441_500.jpg,False
2024-09,A,001010,긴소매 티셔츠,001,상의,30,3813685,venhit,벤힛,MRT 레글런 롱슬리브,https://image.msscdn.net/images/goods_img/20240122/3813685/3813685_17072150372042_500.jpg,False
2024-09,A,001001,반소매 티셔츠,001,상의,1,2086653,musinsastandard,무신사 스탠다드,레이어드 크루 넥 반팔 티셔츠_일반 기장 [화이트],https://image.msscdn.net/images/goods_img/20210825/2086653/2086653_17772494800708_500.jpg,False
2024-09,A,001001,반소매 티셔츠,001,상의,2,3773867,covernat,커버낫,[2PACK] 쿨 코튼 티셔츠 Black+White,https://image.msscdn.net/images/goods_img/20240103/3773867/3773867_17818426320462_500.jpg,False
2024-09,A,001001,반소매 티셔츠,001,상의,3,3286918,marithefrancoisgirbaud,마리떼 프랑소와 저버,3PACK SMALL REGULAR LOGO TEE mix,https://image.msscdn.net/images/goods_img/20230510/3286918/3286918_17424357770496_500.jpg,False
2024-09,A,001001,반소매 티셔츠,001,상의,4,996177,musinsastandard,무신사 스탠다드,릴렉스 핏 크루 넥 반팔 티셔츠 [화이트],https://image.msscdn.net/images/goods_img/20190327/996177/996177_17845258066104_500.jpg,False
2024-09,A,001001,반소매 티셔츠,001,상의,5,2442409,yale,예일,[16수 코마사] 2PACK SMALL ARCH T-SHIRT WHITE / BLACK,https://image.msscdn.net/images/goods_img/20220324/2442409/2442409_17424359787816_500.jpg,False
2024-09,A,001001,반소매 티셔츠,001,상의,6,1944612,sovermentwithlomort,소버먼트,460G 컷 헤비 피그먼트 티셔츠-차콜-,https://image.msscdn.net/images/goods_img/20210511/1944612/1944612_17153307977903_500.jpg,False
2024-09,A,001001,반소매 티셔츠,001,상의,7,3879418,brownbreath,브라운브레스,TAG OG TEE - WHITE,https://image.msscdn.net/images/goods_img/20240219/3879418/3879418_17792374470558_500.jpg,False
2024-09,A,001001,반소매 티셔츠,001,상의,8,3325842,maisonmined,메종미네드,DOODLE HEART HALF T WHITE GREYISH BLUE,https://image.msscdn.net/images/goods_img/20230525/3325842/3325842_17760653699611_500.jpg,False
2024-09,A,001001,반소매 티셔츠,001,상의,9,2690691,hugvone,허그본,무지 머슬핏 반팔 5컬러,https://image.msscdn.net/images/goods_img/20220801/2690691/2690691_17090175122341_500.jpg,False
2024-09,A,001001,반소매 티셔츠,001,상의,10,3753637,musinsastandardwoman,무신사 스탠다드 우먼,우먼즈 슬림 크루 넥 반팔 티셔츠 [화이트],https://image.msscdn.net/images/goods_img/20231212/3753637/3753637_17852906274308_500.jpg,False
2024-09,A,001001,반소매 티셔츠,001,상의,11,2479911,coor,쿠어,[2PACK] 수피마 코튼 티셔츠,https://image.msscdn.net/images/goods_img/20220411/2479911/2479911_17731079454756_500.jpg,False
2024-09,A,001001,반소매 티셔츠,001,상의,12,4146745,sovermentwithlomort,소버먼트,460G 컷 헤비 피그먼트 티셔츠-워시드 블랙-,https://image.msscdn.net/images/goods_img/20240522/4146745/4146745_17163209301130_500.jpg,False
2024-09,A,001001,반소매 티셔츠,001,상의,13,4055771,dimitriblack,디미트리블랙,VLAD 피그먼트 슬래쉬 반팔 티셔츠_차콜,https://image.msscdn.net/images/goods_img/20240415/4055771/4055771_17164413957204_500.png,False
2024-09,A,001001,반소매 티셔츠,001,상의,14,2029969,glimmer,글리머,[3PACK] 에어쿨링 드라이 기능성 무지 반팔티,https://image.msscdn.net/images/goods_img/20210715/2029969/2029969_17151440658556_500.jpg,False
2024-09,A,001001,반소매 티셔츠,001,상의,15,4191127,themile,더마일,MILES 98 RAW CREW [PIGMENT D.GREY],https://image.msscdn.net/images/goods_img/20240612/4191127/4191127_17207580699899_500.jpg,False
2024-09,A,001001,반소매 티셔츠,001,상의,16,2034137,musinsastandard,무신사 스탠다드,릴렉스 핏 크루 넥 반팔 티셔츠 2팩,https://image.msscdn.net/images/goods_img/20210719/2034137/2034137_17821170123912_500.jpg,False
2024-09,A,001001,반소매 티셔츠,001,상의,17,4061334,nmx,언더오프,오버핏 크루넥 유니버시티 반팔 티셔츠 화이트블루,https://image.msscdn.net/images/goods_img/20240417/4061334/4061334_17153141839940_500.jpg,False
2024-09,A,001001,반소매 티셔츠,001,상의,18,3973556,untapped,언탭트 스튜디오,[3PACK]퓨어코튼 24수  롱기장 레이어드 무지 반팔 티셔츠,https://image.msscdn.net/images/goods_img/20240320/3973556/3973556_17657835585342_500.jpg,False
2024-09,A,001001,반소매 티셔츠,001,상의,19,2462040,prendafromplant,프렌다,PRDA DENIM PATCH CREWNECK TEE WHITE,https://image.msscdn.net/images/goods_img/20220401/2462040/2462040_17501470976915_500.jpg,False
2024-09,A,001001,반소매 티셔츠,001,상의,20,1828020,camelwork,카멜워크,웨이크보드 반팔티셔츠(블랙),https://image.msscdn.net/images/goods_img/20210305/1828020/1828020_17846116483438_500.jpg,False
2024-09,A,001001,반소매 티셔츠,001,상의,21,3879416,brownbreath,브라운브레스,TAG OG TEE - BLACK,https://image.msscdn.net/images/goods_img/20240219/3879416/3879416_17792376083177_500.jpg,False
2024-09,A,001001,반소매 티셔츠,001,상의,22,1779737,luvistrue,러브이즈트루,IN LOVE TEE(WHITE),https://image.msscdn.net/images/goods_img/20210205/1779737/1779737_17603180276126_500.jpg,False
2024-09,A,001001,반소매 티셔츠,001,상의,23,1417691,musinsastandardwoman,무신사 스탠다드 우먼,우먼즈 베이식 크루 넥 반팔 티셔츠 [화이트],https://image.msscdn.net/images/goods_img/20200423/1417691/1417691_17828975022011_500.jpg,False
2024-09,A,001001,반소매 티셔츠,001,상의,24,2474511,musinsastandard,무신사 스탠다드,릴렉스 핏 크루 넥 반팔 티셔츠 2 [화이트],https://image.msscdn.net/images/goods_img/20220407/2474511/2474511_17515209370374_500.jpg,False
2024-09,A,001001,반소매 티셔츠,001,상의,25,996497,musinsastandard,무신사 스탠다드,베이식 크루 넥 반팔 티셔츠 [화이트],https://image.msscdn.net/images/goods_img/20190327/996497/996497_17507502602097_500.jpg,False
2024-09,A,001001,반소매 티셔츠,001,상의,26,3187524,fallett,팔렛,스포츠 클럽 풋볼 져지 블랙,https://image.msscdn.net/images/goods_img/20230328/3187524/3187524_17497121618499_500.jpg,False
2024-09,A,001001,반소매 티셔츠,001,상의,27,4264561,ami,아미,레드 하트 로고 반소매 티셔츠 - 블랙 / BFUTS001724001,https://image.msscdn.net/images/goods_img/20240722/4264561/4264561_17224816098614_500.jpg,False
2024-09,A,001001,반소매 티셔츠,001,상의,28,4175458,likethemost,라이크더모스트,라이딩 바이크 오버 티셔츠 3colors,https://image.msscdn.net/images/goods_img/20240604/4175458/4175458_17174718249784_500.jpg,False
2024-09,A,001001,반소매 티셔츠,001,상의,29,4133119,uping,유핑,[골드라벨 2세대] 세미오버핏 크루넥 반팔 티셔츠,https://image.msscdn.net/images/goods_img/20240516/4133119/4133119_17466711404883_500.jpg,False
2024-09,A,001001,반소매 티셔츠,001,상의,30,2122566,musinsastandard,무신사 스탠다드,레이어드 크루 넥 반팔 티셔츠_일반 기장 2팩,https://image.msscdn.net/images/goods_img/20210910/2122566/2122566_17133406834875_500.jpg,False
2024-09,A,001003,피케/카라 티셔츠,001,상의,1,3549188,havism,해비즘,OVERSIZE VELOUR V-NECK L/S TEE(GREY),https://image.msscdn.net/images/goods_img/20230911/3549188/3549188_16944107720806_500.jpg,False
2024-09,A,001003,피케/카라 티셔츠,001,상의,2,4391214,unionblue,유니온블루,RUGBY MERINO POLO KNIT [CHARCOAL],https://image.msscdn.net/images/goods_img/20240902/4391214/4391214_17253508787344_500.jpg,False
2024-09,A,001003,피케/카라 티셔츠,001,상의,3,4375159,adidas,아디다스,럭비 폴로 셔츠 - 블랙 / IZ4806,https://image.msscdn.net/images/goods_img/20240827/4375159/4375159_17248303115071_500.jpg,False
2024-09,A,001003,피케/카라 티셔츠,001,상의,4,4352979,adidas,아디다스,피케 풋볼 긴팔 티 - 미드그린 / IZ2446,https://image.msscdn.net/images/goods_img/20240821/4352979/4352979_17243032119424_500.jpg,False
2024-09,A,001003,피케/카라 티셔츠,001,상의,5,4323064,unknownplanet,언노운 플라넷,스트라이프 럭비 카라 셔츠 핑크,https://image.msscdn.net/images/goods_img/20240813/4323064/4323064_17239511225486_500.jpg,False
2024-09,A,001003,피케/카라 티셔츠,001,상의,6,4417329,partimentowomen,파르티멘토 우먼,스트라이프 롱슬리브 폴로 티_버건디,https://image.msscdn.net/images/goods_img/20240906/4417329/4417329_17257779571271_500.jpg,False
2024-09,A,001003,피케/카라 티셔츠,001,상의,7,4406512,sculptor,스컬프터,Shirring Tennis Shirt Navy/Green Stripe,https://image.msscdn.net/images/goods_img/20240904/4406512/4406512_17581619966456_500.jpg,False
2024-09,A,001003,피케/카라 티셔츠,001,상의,8,2389198,dimitriblack,디미트리블랙,ASI 스트라이프 럭비 맨투맨 티셔츠 그린/네이비,https://image.msscdn.net/images/goods_img/20220228/2389198/2389198_17522135025091_500.jpg,False
2024-09,A,001003,피케/카라 티셔츠,001,상의,9,4375162,adidas,아디다스,럭비 폴로 셔츠 - 미드그린 / IZ2468,https://image.msscdn.net/images/goods_img/20240827/4375162/4375162_17248302336269_500.jpg,False
2024-09,A,001003,피케/카라 티셔츠,001,상의,10,4406513,sculptor,스컬프터,Shirring Tennis Shirt White/Navy Stripe,https://image.msscdn.net/images/goods_img/20240904/4406513/4406513_17581619887170_500.jpg,False
2024-09,A,001003,피케/카라 티셔츠,001,상의,11,4375161,adidas,아디다스,럭비 폴로 셔츠 - 화이트 / IZ2459,https://image.msscdn.net/images/goods_img/20240827/4375161/4375161_17248301977254_500.jpg,False
2024-09,A,001003,피케/카라 티셔츠,001,상의,12,4291459,ami,아미,레드 하트 로고 반소매 폴로 셔츠 - 블랙 / BFUPL001760001,https://image.msscdn.net/images/goods_img/20240802/4291459/4291459_17240538483516_500.jpg,False
2024-09,A,001003,피케/카라 티셔츠,001,상의,13,1387960,musinsastandard,무신사 스탠다드,베이식 피케 폴로 셔츠 [블랙],https://image.msscdn.net/images/goods_img/20200407/1387960/1387960_17507503016609_500.jpg,False
2024-09,A,001003,피케/카라 티셔츠,001,상의,14,3467494,havism,해비즘,UNIFORM V-NECK JERSEY L/S TEE(BROWN),https://image.msscdn.net/images/goods_img/20230816/3467494/3467494_16928703601079_500.jpg,False
2024-09,A,001003,피케/카라 티셔츠,001,상의,15,1498092,poloralphlauren,폴로 랄프 로렌,커스텀 슬림핏 메시 폴로 셔츠 - 블랙,https://image.msscdn.net/images/goods_img/20200626/1498092/1498092_2_500.jpg,False
2024-09,A,001003,피케/카라 티셔츠,001,상의,16,1620273,poloralphlauren,폴로 랄프 로렌,커스텀 슬림핏 롱 슬리브 메시 폴로 - 블랙,https://image.msscdn.net/images/goods_img/20200923/1620273/1620273_2_500.jpg,False
2024-09,A,001003,피케/카라 티셔츠,001,상의,17,4299296,untapped,언탭트 스튜디오,시티보이 오버핏 럭비 카라 맨투맨 스웻 티셔츠 4COLOR,https://image.msscdn.net/images/goods_img/20240806/4299296/4299296_17261233960748_500.jpg,False
2024-09,A,001003,피케/카라 티셔츠,001,상의,18,3945969,poloralphlauren,폴로 랄프 로렌,아이코닉 럭비 셔츠 - 블루,https://image.msscdn.net/images/goods_img/20240313/3945969/3945969_17114441149063_500.jpg,False
2024-09,A,001003,피케/카라 티셔츠,001,상의,19,4075061,nike,나이키,클럽 HBR 긴소매 폴로 플리스 M - 미드나이트 네이비:화이트 / FN3113-410,https://image.msscdn.net/images/goods_img/20240422/4075061/4075061_17138408107973_500.jpg,False
2024-09,A,001003,피케/카라 티셔츠,001,상의,20,4417332,partimentowomen,파르티멘토 우먼,스트라이프 롱슬리브 폴로 티_네이비,https://image.msscdn.net/images/goods_img/20240906/4417332/4417332_17257780227793_500.jpg,False
2024-09,A,001003,피케/카라 티셔츠,001,상의,21,4299096,openingproject,오프닝프로젝트,Identity Stripe Collar T Shirt - Grey,https://image.msscdn.net/images/goods_img/20240806/4299096/4299096_17561758366102_500.jpg,False
2024-09,A,001003,피케/카라 티셔츠,001,상의,22,4345011,thisisneverthat,디스이즈네버댓,Soccer Jersey Navy,https://image.msscdn.net/images/goods_img/20240820/4345011/4345011_17248232416495_500.jpg,False
2024-09,A,001003,피케/카라 티셔츠,001,상의,23,4320784,adidas,아디다스,맨체스터 유나이티드 롱슬리브 저지 - 블랙 / IS6522,https://image.msscdn.net/images/goods_img/20240812/4320784/4320784_17237714993246_500.jpg,False
2024-09,A,001003,피케/카라 티셔츠,001,상의,24,4375158,adidas,아디다스,럭비 폴로 셔츠 - 브라운 / IZ2469,https://image.msscdn.net/images/goods_img/20240827/4375158/4375158_17248302699443_500.jpg,False
2024-09,A,001003,피케/카라 티셔츠,001,상의,25,4249927,ami,아미,레드 하트 로고 반소매 폴로 셔츠 - 나이트 블루 / BFUPL001760430,https://image.msscdn.net/images/goods_img/20240715/4249927/4249927_17231749073680_500.jpg,False
2024-09,A,001003,피케/카라 티셔츠,001,상의,26,4442100,glowny,글로니,TERRY PK LONG SLEEVE (CHARCOAL),https://image.msscdn.net/images/goods_img/20240919/4442100/4442100_17266721487140_500.jpg,False
2024-09,A,001003,피케/카라 티셔츠,001,상의,27,4299361,partimento,파르티멘토,클래식 칼라 스트라이프 롱 슬리브 베이지,https://image.msscdn.net/images/goods_img/20240806/4299361/4299361_17237819772986_500.jpg,False
2024-09,A,001003,피케/카라 티셔츠,001,상의,28,3273391,jeleve,제이엘브,스탠다드 머슬핏 카라티,https://image.msscdn.net/images/goods_img/20230503/3273391/3273391_17102125662096_500.jpg,False
2024-09,A,001003,피케/카라 티셔츠,001,상의,29,4308538,crank,크랭크,멀티 스트라이프 폴로 셔츠_아이보리,https://image.msscdn.net/images/goods_img/20240808/4308538/4308538_17233054472302_500.jpg,False
2024-09,A,001003,피케/카라 티셔츠,001,상의,30,4417328,partimentowomen,파르티멘토 우먼,스트라이프 롱슬리브 폴로 티_베이지,https://image.msscdn.net/images/goods_img/20240906/4417328/4417328_17257778826858_500.jpg,False
2024-09,A,001006,니트/스웨터,001,상의,1,4274164,lemainsecond,리메인세컨드,오버핏 볼륨 워셔블 하프집업 케이블 니트 [네이비],https://image.msscdn.net/images/goods_img/20240725/4274164/4274164_17229341280493_500.jpg,False
2024-09,A,001006,니트/스웨터,001,상의,2,3640949,trillion,트릴리온,워셔블 아란 케이블 후드 집업 니트 (CHARCOAL),https://image.msscdn.net/images/goods_img/20231019/3640949/3640949_17170490257806_500.jpg,False
2024-09,A,001006,니트/스웨터,001,상의,3,2684357,nomanual,노매뉴얼,CROPPED HAIRY KNIT - MELANGE,https://image.msscdn.net/images/goods_img/20220727/2684357/2684357_17237908061016_500.jpg,False
2024-09,A,001006,니트/스웨터,001,상의,4,4325412,hooves,후브스,하이드 버튼 카라 니트 [멜란지그레이],https://image.msscdn.net/images/goods_img/20240813/4325412/4325412_17244056015297_500.jpg,False
2024-09,A,001006,니트/스웨터,001,상의,5,3451265,nomanual,노매뉴얼,CROPPED HAIRY KNIT - MARINA,https://image.msscdn.net/images/goods_img/20230808/3451265/3451265_17237901730960_500.jpg,False
2024-09,A,001006,니트/스웨터,001,상의,6,2139775,minimalcode,미니멀코드,소프트 필링 세미오버 라운드 니트 초코브라운,https://image.msscdn.net/images/goods_img/20210917/2139775/2139775_17204066649792_500.jpg,False
2024-09,A,001006,니트/스웨터,001,상의,7,3481826,musinsastandard,무신사 스탠다드,리브드 니트 후디드 집업 [미디엄 그레이],https://image.msscdn.net/images/goods_img/20230821/3481826/3481826_17086552674504_500.jpg,False
2024-09,A,001006,니트/스웨터,001,상의,8,3927583,suare,수아레,워셔블 케이블 반팔 니트 - 14 COLOR,https://image.msscdn.net/images/goods_img/20240306/3927583/3927583_17791544001352_500.jpg,False
2024-09,A,001006,니트/스웨터,001,상의,9,4396330,unionblue,유니온블루,HARD TWIST CAMPER KNIT [DEEP BROWN],https://image.msscdn.net/images/goods_img/20240903/4396330/4396330_17253504875827_500.jpg,False
2024-09,A,001006,니트/스웨터,001,상의,10,2684358,nomanual,노매뉴얼,CROPPED HAIRY KNIT - GRASS GREEN,https://image.msscdn.net/images/goods_img/20220727/2684358/2684358_17237907080769_500.jpg,False
2024-09,A,001006,니트/스웨터,001,상의,11,2091651,poloralphlauren,폴로 랄프 로렌,케이블니트 코튼 스웨터 - 브라운,https://image.msscdn.net/images/goods_img/20210826/2091651/2091651_2_500.jpg,False
2024-09,A,001006,니트/스웨터,001,상의,12,3039153,poloralphlauren,폴로 랄프 로렌,케이블 니트 코튼 스웨터 - 블랙,https://image.msscdn.net/images/goods_img/20230126/3039153/3039153_16764213820086_500.jpg,False
2024-09,A,001006,니트/스웨터,001,상의,13,3877567,poloralphlauren,폴로 랄프 로렌,[Crest Capsule] 롱슬리브 풀오버 니트- 블루,https://image.msscdn.net/images/goods_img/20240216/3877567/3877567_17097140393607_500.jpg,False
2024-09,A,001006,니트/스웨터,001,상의,14,1793971,poloralphlauren,폴로 랄프 로렌,W 케이블니트 V넥 스웨터 - 네이비,https://image.msscdn.net/images/goods_img/20210215/1793971/1793971_2_500.jpg,False
2024-09,A,001006,니트/스웨터,001,상의,15,3097193,poloralphlauren,폴로 랄프 로렌,W 케이블 니트 코튼 크루넥 스웨터 - 아이보리,https://image.msscdn.net/images/goods_img/20230221/3097193/3097193_16808335747127_500.jpg,False
2024-09,A,001006,니트/스웨터,001,상의,16,4388024,theknitcompany,더니트컴퍼니,[패션플래닛X더니트컴퍼니] 워셔블 코튼 크루넥 니트 12color,https://image.msscdn.net/images/goods_img/20240830/4388024/4388024_17258834972522_500.jpg,False
2024-09,A,001006,니트/스웨터,001,상의,17,3442674,supersub,슈퍼서브,THUNDER  브러쉬드 니트 - 네이비,https://image.msscdn.net/images/goods_img/20230803/3442674/3442674_16916730486572_500.jpg,False
2024-09,A,001006,니트/스웨터,001,상의,18,1586586,luvistrue,러브이즈트루,PO HEART KNIT(SKY BLUE),https://image.msscdn.net/images/goods_img/20200907/1586586/1586586_17382966549636_500.jpg,False
2024-09,A,001006,니트/스웨터,001,상의,19,3442679,supersub,슈퍼서브,THUNDER  브러쉬드 니트 - 핑크,https://image.msscdn.net/images/goods_img/20230803/3442679/3442679_16923249991299_500.jpg,False
2024-09,A,001006,니트/스웨터,001,상의,20,4305965,drawfit,드로우핏,코지드 브이넥 풀오버 니트 [L.GREY],https://image.msscdn.net/images/goods_img/20240807/4305965/4305965_17568577823662_500.jpg,False
2024-09,A,001006,니트/스웨터,001,상의,21,3781655,costumeoclock,커스텀어클락,[2PACK]라운드 피셔맨 세미 크롭 니트 11COLOR COOSKT050,https://image.msscdn.net/images/goods_img/20240108/3781655/3781655_17871992636861_500.jpg,False
2024-09,A,001006,니트/스웨터,001,상의,22,4278935,lmood,엘무드,밀라노 울 코튼 라운드넥 풀오버 니트 ( 5 COLOR ),https://image.msscdn.net/images/goods_img/20240729/4278935/4278935_17283569219323_500.jpg,False
2024-09,A,001006,니트/스웨터,001,상의,23,2227529,luvistrue,러브이즈트루,OW LOVE KNIT(BLACK),https://image.msscdn.net/images/goods_img/20211111/2227529/2227529_17603181820369_500.jpg,False
2024-09,A,001006,니트/스웨터,001,상의,24,4280128,nomanual,노매뉴얼,COWICHAN HOODED ZIP-UP - NAVY,https://image.msscdn.net/images/goods_img/20240729/4280128/4280128_17563562610407_500.jpg,False
2024-09,A,001006,니트/스웨터,001,상의,25,1794081,poloralphlauren,폴로 랄프 로렌,W 슬림 핏 케이블니트 스웨터 - 크림,https://image.msscdn.net/images/goods_img/20210215/1794081/1794081_1_500.jpg,False
2024-09,A,001006,니트/스웨터,001,상의,26,4323248,alyss,알리스,[오정규X알리스] 그라데이션 하찌 라운드 니트 [그레이시블루],https://image.msscdn.net/images/goods_img/20240813/4323248/4323248_17258474110909_500.jpg,False
2024-09,A,001006,니트/스웨터,001,상의,27,3698508,chicks,칙스,HOFE 니트 후드 후드집업 티,https://image.msscdn.net/images/goods_img/20231108/3698508/3698508_17035603971546_500.jpg,False
2024-09,A,001006,니트/스웨터,001,상의,28,3995707,filluminate,필루미네이트,히든 데미지드 펀칭 라운드 니트-4Color,https://image.msscdn.net/images/goods_img/20240327/3995707/3995707_17156577299119_500.jpg,False
2024-09,A,001006,니트/스웨터,001,상의,29,3773703,outstanding,아웃스탠딩,RAGLAN CREW NECK KNIT_BLACK,https://image.msscdn.net/images/goods_img/20240103/3773703/3773703_17875370337533_500.jpg,False
2024-09,A,001006,니트/스웨터,001,상의,30,4328686,trillion,트릴리온,헤어리 그래픽 로고 오버핏 자카드 니트 (BLUE),https://image.msscdn.net/images/goods_img/20240814/4328686/4328686_17249552459456_500.jpg,False
2024-09,A,001011,민소매 티셔츠,001,상의,1,4148441,bowlow,바우로 프로덕트,리브드 로고 슬리브리스 [블랙],https://image.msscdn.net/images/goods_img/20240522/4148441/4148441_17163625167792_500.jpg,False
2024-09,A,001011,민소매 티셔츠,001,상의,2,4148465,bowlow,바우로 프로덕트,리브드 로고 슬리브리스 [아이보리],https://image.msscdn.net/images/goods_img/20240522/4148465/4148465_17163627271968_500.jpg,False
2024-09,A,001011,민소매 티셔츠,001,상의,3,2005542,bronson,브론슨,10.5 oz Cotton Tank Top,https://image.msscdn.net/images/goods_img/20210622/2005542/2005542_17761449719794_500.jpg,False
2024-09,A,001011,민소매 티셔츠,001,상의,4,2086660,musinsastandard,무신사 스탠다드,레이어드 슬리브리스 탑_일반 기장 [화이트],https://image.msscdn.net/images/goods_img/20210825/2086660/2086660_17048492714259_500.jpg,False
2024-09,A,001011,민소매 티셔츠,001,상의,5,4148431,bowlow,바우로 프로덕트,리브드 로고 슬리브리스 [그레이],https://image.msscdn.net/images/goods_img/20240522/4148431/4148431_17163622368551_500.jpg,False
2024-09,A,001011,민소매 티셔츠,001,상의,6,3135346,musinsastandardwoman,무신사 스탠다드 우먼,우먼즈 에센셜 탱크 탑 [화이트],https://image.msscdn.net/images/goods_img/20230309/3135346/3135346_17775390513402_500.jpg,False
2024-09,A,001011,민소매 티셔츠,001,상의,7,3863280,musinsastandardwoman,무신사 스탠다드 우먼,우먼즈 스퀘어 넥 탱크 탑 [화이트],https://image.msscdn.net/images/goods_img/20240213/3863280/3863280_17479556029250_500.jpg,False
2024-09,A,001011,민소매 티셔츠,001,상의,8,4187567,bowlow,바우로 프로덕트,리브드 패턴 슬리브리스 [블랙],https://image.msscdn.net/images/goods_img/20240610/4187567/4187567_17180105716156_500.jpg,False
2024-09,A,001011,민소매 티셔츠,001,상의,9,3859446,musinsastandard,무신사 스탠다드,스쿱 넥 슬리브리스 탑 [화이트],https://image.msscdn.net/images/goods_img/20240208/3859446/3859446_17147004001866_500.jpg,False
2024-09,A,001011,민소매 티셔츠,001,상의,10,2445153,51percent,51퍼센트,Irregular Logo embroidery Logo Sleeveless - BLACK,https://image.msscdn.net/images/goods_img/20220325/2445153/2445153_17446121911849_500.jpg,False
2024-09,A,001011,민소매 티셔츠,001,상의,11,3046709,kiimuir,키뮤어,이레귤러 스트라이프 니트 베스트_5 COLOR,https://image.msscdn.net/images/goods_img/20230130/3046709/3046709_17156531855077_500.jpg,False
2024-09,A,001011,민소매 티셔츠,001,상의,12,1852718,pianer,피아네르,[2 PACK] 레이어드 트임 나시 (2color),https://image.msscdn.net/images/goods_img/20210318/1852718/1852718_17158436415816_500.jpg,False
2024-09,A,001011,민소매 티셔츠,001,상의,13,3135345,musinsastandardwoman,무신사 스탠다드 우먼,우먼즈 에센셜 탱크 탑 [블랙],https://image.msscdn.net/images/goods_img/20230309/3135345/3135345_17775390922598_500.jpg,False
2024-09,A,001011,민소매 티셔츠,001,상의,14,3859445,musinsastandard,무신사 스탠다드,스쿱 넥 슬리브리스 탑 [블랙],https://image.msscdn.net/images/goods_img/20240208/3859445/3859445_17147000446482_500.jpg,False
2024-09,A,001011,민소매 티셔츠,001,상의,15,2122564,musinsastandard,무신사 스탠다드,레이어드 슬리브리스 탑_일반 기장 2팩,https://image.msscdn.net/images/goods_img/20210910/2122564/2122564_17133411609203_500.jpg,False
2024-09,A,001011,민소매 티셔츠,001,상의,16,4077910,danswer,디앤에스알,메탈 로고 슬리브리스 블랙,https://image.msscdn.net/images/goods_img/20240423/4077910/4077910_17138765985508_500.jpg,False
2024-09,A,001011,민소매 티셔츠,001,상의,17,3112617,malden,몰든,에어리즈 슬리브리스,https://image.msscdn.net/images/goods_img/20230228/3112617/3112617_17721087221169_500.jpg,False
2024-09,A,001011,민소매 티셔츠,001,상의,18,4187572,bowlow,바우로 프로덕트,리브드 패턴 슬리브리스 [아이보리],https://image.msscdn.net/images/goods_img/20240610/4187572/4187572_17180107896093_500.jpg,False
2024-09,A,001011,민소매 티셔츠,001,상의,19,3855094,borntowin,본투윈,B PENDANT RIBBED SLEEVELESS [BLACK],https://image.msscdn.net/images/goods_img/20240207/3855094/3855094_17732919639260_500.jpg,False
2024-09,A,001011,민소매 티셔츠,001,상의,20,4077919,danswer,디앤에스알,메탈 로고 슬리브리스 화이트,https://image.msscdn.net/images/goods_img/20240423/4077919/4077919_17471096237940_500.jpg,False
2024-09,A,001011,민소매 티셔츠,001,상의,21,1466055,musinsastandardsp,무신사 스탠다드 스포츠,[쿨탠스] 벤틸레이션 슬리브리스 (4color),https://image.msscdn.net/images/goods_img/20200528/1466055/1466055_17488344127454_500.jpg,False
2024-09,A,001011,민소매 티셔츠,001,상의,22,4074761,fabregat,파브레가,오가닉 코튼 슬리브리스 (3COLOR),https://image.msscdn.net/images/goods_img/20240422/4074761/4074761_17391729185950_500.jpg,False
2024-09,A,001011,민소매 티셔츠,001,상의,23,4216823,physicalgarments,피지컬가먼츠,P2447 절개 골지 슬림 나시 [2 COLOR],https://image.msscdn.net/images/goods_img/20240625/4216823/4216823_17200709972787_500.jpg,False
2024-09,A,001011,민소매 티셔츠,001,상의,24,4137468,avan,어반드레스,Vintage Lace Sleeveless BLACK,https://image.msscdn.net/images/goods_img/20240517/4137468/4137468_17175615911232_500.jpg,False
2024-09,A,001011,민소매 티셔츠,001,상의,25,1452270,musinsastandardwoman,무신사 스탠다드 우먼,우먼즈 베이식 슬리브리스 탑 [화이트],https://image.msscdn.net/images/goods_img/20200519/1452270/1452270_17484949895657_500.jpg,False
2024-09,A,001011,민소매 티셔츠,001,상의,26,2445109,51percent,51퍼센트,Irregular Logo embroidery Logo Sleeveless - White,https://image.msscdn.net/images/goods_img/20220325/2445109/2445109_17573184842125_500.jpg,False
2024-09,A,001011,민소매 티셔츠,001,상의,27,3662683,ods,오디에스,로제 니트 뷔스티에 (블랙),https://image.msscdn.net/images/goods_img/20231026/3662683/3662683_17109866220205_500.jpg,False
2024-09,A,001011,민소매 티셔츠,001,상의,28,3964300,freedomathletic,프리덤,글로브 슬리브리스 (블랙),https://image.msscdn.net/images/goods_img/20240318/3964300/3964300_17521985911276_500.jpg,False
2024-09,A,001011,민소매 티셔츠,001,상의,29,2086661,musinsastandard,무신사 스탠다드,레이어드 슬리브리스 탑_일반 기장 [블랙],https://image.msscdn.net/images/goods_img/20210825/2086661/2086661_17048491184707_500.jpg,False
2024-09,A,001011,민소매 티셔츠,001,상의,30,1402327,brenson,브렌슨,[2PACK] 레이어드 롱 슬리브리스,https://image.msscdn.net/images/goods_img/20200413/1402327/1402327_17495405930713_500.jpg,False
2024-09,A,001008,기타 상의,001,상의,1,4198713,nike,나이키,솔로 스우시 쿼터집 탑 M - 썬더 블루:화이트 / DQ5210-437,https://image.msscdn.net/images/goods_img/20240614/4198713/4198713_17186151308394_500.jpg,False
2024-09,A,001008,기타 상의,001,상의,2,2660719,1993studio,1993스튜디오,빈티지 반 집업_블랙,https://image.msscdn.net/images/goods_img/20220712/2660719/2660719_1_500.jpg,False
2024-09,A,001008,기타 상의,001,상의,3,2054385,1993studio,1993스튜디오,빈티지 반 집업_네이비,https://image.msscdn.net/images/goods_img/20210809/2054385/2054385_4_500.jpg,False
2024-09,A,001008,기타 상의,001,상의,4,4012437,nike,나이키,ACG 드라이 핏 UV  데버스테이션 트레일  탑 M - 블랙:서밋 화이트 / DN3937-010,https://image.msscdn.net/images/goods_img/20240401/4012437/4012437_17128170930455_500.jpg,False
2024-09,A,001008,기타 상의,001,상의,5,1560932,1993studio,1993스튜디오,빈티지 반 집업_그레이,https://image.msscdn.net/images/goods_img/20200824/1560932/1560932_17050197827178_500.jpg,False
2024-09,A,001008,기타 상의,001,상의,6,2992082,bluegrain,블루그레인,잘만브라 3 PACK,https://image.msscdn.net/images/goods_img/20221221/2992082/2992082_17471249108793_500.jpg,False
2024-09,A,001008,기타 상의,001,상의,7,3834985,hooves,후브스,플러 반 집업 카라 스웻 [네이비],https://image.msscdn.net/images/goods_img/20240131/3834985/3834985_17077903245289_500.jpg,False
2024-09,A,001008,기타 상의,001,상의,8,4179753,nike,나이키,스우시 프런트 지퍼 미디엄 서포트 패드 스포츠 브라 W - 블랙:화이트 / FN2732-010,https://image.msscdn.net/images/goods_img/20240605/4179753/4179753_17186020249382_500.jpg,False
2024-09,A,001008,기타 상의,001,상의,9,3976042,nike,나이키,스우시 미디엄 서포트 패드 스포츠 브라 W - 블랙:화이트 / DX6822-010,https://image.msscdn.net/images/goods_img/20240321/3976042/3976042_17116938003546_500.jpg,False
2024-09,A,001008,기타 상의,001,상의,10,3584689,nautica,노티카,83플래그 폴라 하프집업(네이비),https://image.msscdn.net/images/goods_img/20230921/3584689/3584689_17891030125322_500.jpg,False
2024-09,A,001008,기타 상의,001,상의,11,4407685,1993studio,1993스튜디오,[FC서울] 그래픽 트랙 하프 집업 스웨트 셔츠_블랙,https://image.msscdn.net/images/goods_img/20240905/4407685/4407685_17258445983130_500.jpg,False
2024-09,A,001008,기타 상의,001,상의,12,3976043,nike,나이키,스우시 미디엄 서포트 패드 스포츠 브라 W - 화이트:스톤 모브:블랙 / DX6822-100,https://image.msscdn.net/images/goods_img/20240321/3976043/3976043_17116935810242_500.jpg,False
2024-09,A,001008,기타 상의,001,상의,13,3968746,desporte,데스포르치,클래식 트레이닝탑 2 (GRAY/BLUE),https://image.msscdn.net/images/goods_img/20240319/3968746/3968746_17108385738764_500.jpg,False
2024-09,A,001008,기타 상의,001,상의,14,2889367,ninetyplus,나인티플러스,컴뱃 쿨링 트레이닝 하프집업 V2 - 블랙,https://image.msscdn.net/images/goods_img/20221025/2889367/2889367_16836181511776_500.jpg,False
2024-09,A,001008,기타 상의,001,상의,15,2372710,sovermentwithlomort,소버먼트,860G 피그먼트 하프 짚업-챠콜-,https://image.msscdn.net/images/goods_img/20220221/2372710/2372710_17243908846193_500.jpg,False
2024-09,A,001008,기타 상의,001,상의,16,4373968,verish,베리시,모달 브라탑 2PACK,https://image.msscdn.net/images/goods_img/20240827/4373968/4373968_17247529563130_500.jpg,False
2024-09,A,001008,기타 상의,001,상의,17,4300152,volante,볼란테,Woman OG Bra Top Compression [Black],https://image.msscdn.net/images/goods_img/20240806/4300152/4300152_17254123717028_500.jpg,False
2024-09,A,001008,기타 상의,001,상의,18,3066555,crump,크럼프,크롬 우븐 피스테 [블랙],https://image.msscdn.net/images/goods_img/20230208/3066555/3066555_16759964271818_500.jpg,False
2024-09,A,001008,기타 상의,001,상의,19,2945362,bluegrain,블루그레인,잘만브라 [블랙],https://image.msscdn.net/images/goods_img/20221116/2945362/2945362_17490197684846_500.jpg,False
2024-09,A,001008,기타 상의,001,상의,20,3206164,spyder,스파이더,여성 골지 트레이닝 브라탑 SPFFCNBR252WBLK,https://image.msscdn.net/images/goods_img/20230404/3206164/3206164_16805997246567_500.jpg,False
2024-09,A,001008,기타 상의,001,상의,21,2054397,1993studio,1993스튜디오,빈티지 반 집업_차콜,https://image.msscdn.net/images/goods_img/20210809/2054397/2054397_17050199103603_500.jpg,False
2024-09,A,001008,기타 상의,001,상의,22,3760011,gainsboro,게인스보로,[패키지]로럴골든 하프집업_5COLOR,https://image.msscdn.net/images/goods_img/20231219/3760011/3760011_17192747575955_500.jpg,False
2024-09,A,001008,기타 상의,001,상의,23,4407672,1993studio,1993스튜디오,[FC서울] 그래픽 트랙 하프 집업 스웨트 셔츠_라이트그레이,https://image.msscdn.net/images/goods_img/20240905/4407672/4407672_17258445749289_500.jpg,False
2024-09,A,001008,기타 상의,001,상의,24,3035502,romanticcrown,로맨틱크라운,와플 엠보 터틀넥_네이비,https://image.msscdn.net/images/goods_img/20230120/3035502/3035502_16746335930895_500.jpg,False
2024-09,A,001008,기타 상의,001,상의,25,3017251,covernat,커버낫,클로버 카라 하프 집업 맨투맨 헤더그레이,https://image.msscdn.net/images/goods_img/20230110/3017251/3017251_16794478152021_500.jpg,False
2024-09,A,001008,기타 상의,001,상의,26,3584690,nautica,노티카,83플래그 폴라 하프집업(크림),https://image.msscdn.net/images/goods_img/20230921/3584690/3584690_17278565370934_500.jpg,False
2024-09,A,001008,기타 상의,001,상의,27,3403206,nieeh,니히,1996_NAVY,https://image.msscdn.net/images/goods_img/20230711/3403206/3403206_16890590385811_500.jpg,False
2024-09,A,001008,기타 상의,001,상의,28,4172805,nike,나이키,인디 라이트 서포트 패드 어저스터블 스포츠 브라 W - 블랙:화이트 / FD1063-011,https://image.msscdn.net/images/goods_img/20240603/4172805/4172805_17183401735253_500.jpg,False
2024-09,A,001008,기타 상의,001,상의,29,3600493,coquetstudio,코케트,[ WOMAN ] KNIT STRIPE HALF ZIP-UP,https://image.msscdn.net/images/goods_img/20231003/3600493/3600493_16965720425846_500.jpg,False
2024-09,A,001008,기타 상의,001,상의,30,4179754,nike,나이키,스우시 프런트 지퍼 미디엄 서포트 패드 스포츠 브라 W - 화이트:스톤 모브:화이트 / FN2732-100,https://image.msscdn.net/images/goods_img/20240605/4179754/4179754_17186021696922_500.jpg,False
2024-09,A,002,아우터,,,1,3783092,dimitriblack,디미트리블랙,ASI 포시즌 에센셜 피그먼트 후드집업_차콜 그레이,https://image.msscdn.net/images/goods_img/20240109/3783092/3783092_17708794030062_500.jpg,False
2024-09,A,002,아우터,,,2,1778404,toffee,토피,2WAY 스웻 후드 집업 (MELANGE GREY),https://image.msscdn.net/images/goods_img/20210204/1778404/1778404_1_500.jpg,False
2024-09,A,002,아우터,,,3,3390508,standarderror,스탠다드에러,87-STAN009  스탠다드 블루종 스웨이드 자켓 블랙,https://image.msscdn.net/images/goods_img/20230630/3390508/3390508_17551524634252_500.jpg,False
2024-09,A,002,아우터,,,4,3783094,dimitriblack,디미트리블랙,ASI 포시즌 에센셜 스웻 후드집업_멜란지,https://image.msscdn.net/images/goods_img/20240109/3783094/3783094_17752015012983_500.jpg,False
2024-09,A,002,아우터,,,5,1558197,musinsastandard,무신사 스탠다드,릴렉스드 베이식 블레이저 [블랙],https://image.msscdn.net/images/goods_img/20200820/1558197/1558197_17791521338764_500.jpg,False
2024-09,A,002,아우터,,,6,2837405,matinkim,마뗑킴,MATIN KIM LOGO COATING JUMPER,https://image.msscdn.net/images/goods_img/20221004/2837405/2837405_1_500.jpg,False
2024-09,A,002,아우터,,,7,3390511,standarderror,스탠다드에러,87-STAN009 스탠다드 블루종 스웨이드 자켓 카키,https://image.msscdn.net/images/goods_img/20230630/3390511/3390511_17551525806450_500.jpg,False
2024-09,A,002,아우터,,,8,3563185,adidas,아디다스,파이어버드 트랙탑 - 블랙 / IJ7058,https://image.msscdn.net/images/goods_img/20230915/3563185/3563185_16950017775747_500.jpg,False
2024-09,A,002,아우터,,,9,3588413,adidas,아디다스,베켄바우어 트랙탑 - 블랙:화이트 / II5763,https://image.msscdn.net/images/goods_img/20230922/3588413/3588413_16957743454348_500.jpg,False
2024-09,A,002,아우터,,,10,2723218,dimitriblack,디미트리블랙,ASI 2WAY 어센틱 후드 윈드브레이커 자켓_블랙,https://image.msscdn.net/images/goods_img/20220817/2723218/2723218_17603312716294_500.jpg,False
2024-09,A,002,아우터,,,11,3622977,trillion,트릴리온,페이드 워싱 바이커 데님 자켓 (BLACK),https://image.msscdn.net/images/goods_img/20231012/3622977/3622977_16977691200340_500.jpg,False
2024-09,A,002,아우터,,,12,3650861,matinkim,마뗑킴,SPELL POINT STRIPE KNIT CARDIGAN IN BLACK,https://image.msscdn.net/images/goods_img/20231023/3650861/3650861_17582530640437_500.jpg,False
2024-09,A,002,아우터,,,13,4403731,frenchchic,프렌치시크,코스에그 자수 투웨이 니트집업 가디건,https://image.msscdn.net/images/prd_img/20240904/4403731/detail_4403731_17388925781886_500.jpg,False
2024-09,A,002,아우터,,,14,4249931,ami,아미,레드 하트 로고 가디건 - 블랙 / BFHKC001001001,https://image.msscdn.net/images/goods_img/20240715/4249931/4249931_17212892810569_500.jpg,False
2024-09,A,002,아우터,,,15,3651031,illigo,일리고,129 로고 패치 후드 집업 블랙,https://image.msscdn.net/images/goods_img/20231023/3651031/3651031_17706941887137_500.jpg,False
2024-09,A,002,아우터,,,16,4437501,partimentowomen,파르티멘토 우먼,리버시블 후디드 윈드브레이커_블랙,https://image.msscdn.net/images/goods_img/20240912/4437501/4437501_17268242967118_500.jpg,False
2024-09,A,002,아우터,,,17,3422706,adidas,아디다스,파이어버드 트랙탑  - 블랙 / IL8764,https://image.msscdn.net/images/goods_img/20230724/3422706/3422706_16904232602323_500.jpg,False
2024-09,A,002,아우터,,,18,1618312,musinsastandardwoman,무신사 스탠다드 우먼,우먼즈 오버사이즈 블레이저 [블랙],https://image.msscdn.net/images/goods_img/20200923/1618312/1618312_17840158746923_500.jpg,False
2024-09,A,002,아우터,,,19,4289728,thecoldestmoment,더콜디스트모먼트,TCM stripe hooded zip-up (charcoal/black),https://image.msscdn.net/images/goods_img/20240801/4289728/4289728_17231062832659_500.jpg,False
2024-09,A,002,아우터,,,20,2353497,urbandtype,어반디타입,OL209_러닝클럽 트랙 자켓_네이비,https://image.msscdn.net/images/goods_img/20220210/2353497/2353497_17875332753234_500.jpg,False
2024-09,A,002,아우터,,,21,4278894,lmood,엘무드,비숍 울 알파카 크루넥 가디건 진저 브라운,https://image.msscdn.net/images/goods_img/20240729/4278894/4278894_17592096155283_500.png,False
2024-09,A,002,아우터,,,22,1790383,trillion,트릴리온,워싱 스티치 데님자켓 (BLACK),https://image.msscdn.net/images/goods_img/20210210/1790383/1790383_2_500.jpg,False
2024-09,A,002,아우터,,,23,4287413,trillion,트릴리온,코듀로이 카라 데님 집업 워크 자켓 (BLACK),https://image.msscdn.net/images/goods_img/20240731/4287413/4287413_17228544866344_500.jpg,False
2024-09,A,002,아우터,,,24,1283757,musinsastandard,무신사 스탠다드,오버사이즈 블레이저 [블랙],https://image.msscdn.net/images/goods_img/20200130/1283757/1283757_17514309817123_500.jpg,False
2024-09,A,002,아우터,,,25,3573116,matinkim,마뗑킴,MATIN CROP HOODY COATING JUMPER,https://image.msscdn.net/images/goods_img/20230919/3573116/3573116_17006410793001_500.jpg,False
2024-09,A,002,아우터,,,26,2471405,slowrecordhouse,슬로우 레코드 하우스,파이핑 라인 나일론 자켓_네이비,https://image.msscdn.net/images/goods_img/20220406/2471405/2471405_17013952125581_500.jpg,False
2024-09,A,002,아우터,,,27,3850080,adidas,아디다스,파이어버드 루즈 트랙탑 - 블랙 / IT7405,https://image.msscdn.net/images/goods_img/20240206/3850080/3850080_17072770370493_500.jpg,False
2024-09,A,002,아우터,,,28,3783677,drawfit,드로우핏,헤리티지 헌팅 블루종 자켓 [KHAKI],https://image.msscdn.net/images/goods_img/20240109/3783677/3783677_17254157464100_500.jpg,False
2024-09,A,002,아우터,,,29,3094153,espionage,에스피오나지,Hunting Blouson Jacket Olive,https://image.msscdn.net/images/goods_img/20230220/3094153/3094153_16771294572861_500.jpg,False
2024-09,A,002,아우터,,,30,3010404,poloralphlauren,폴로 랄프 로렌,W 케이블 니트 코튼 크루넥 카디건 - 네이비,https://image.msscdn.net/images/goods_img/20230109/3010404/3010404_16772074069968_500.jpg,False
2024-09,A,002022,후드 집업,002,아우터,1,3783092,dimitriblack,디미트리블랙,ASI 포시즌 에센셜 피그먼트 후드집업_차콜 그레이,https://image.msscdn.net/images/goods_img/20240109/3783092/3783092_17708794030062_500.jpg,False
2024-09,A,002022,후드 집업,002,아우터,2,1778404,toffee,토피,2WAY 스웻 후드 집업 (MELANGE GREY),https://image.msscdn.net/images/goods_img/20210204/1778404/1778404_1_500.jpg,False
2024-09,A,002022,후드 집업,002,아우터,3,3783094,dimitriblack,디미트리블랙,ASI 포시즌 에센셜 스웻 후드집업_멜란지,https://image.msscdn.net/images/goods_img/20240109/3783094/3783094_17752015012983_500.jpg,False
2024-09,A,002022,후드 집업,002,아우터,4,3651031,illigo,일리고,129 로고 패치 후드 집업 블랙,https://image.msscdn.net/images/goods_img/20231023/3651031/3651031_17706941887137_500.jpg,False
2024-09,A,002022,후드 집업,002,아우터,5,4289728,thecoldestmoment,더콜디스트모먼트,TCM stripe hooded zip-up (charcoal/black),https://image.msscdn.net/images/goods_img/20240801/4289728/4289728_17231062832659_500.jpg,False
2024-09,A,002022,후드 집업,002,아우터,6,3807577,dimitriblack,디미트리블랙,페이드워싱 OG 데님 후드 집업_그레이,https://image.msscdn.net/images/goods_img/20240118/3807577/3807577_17496946652621_500.jpg,False
2024-09,A,002022,후드 집업,002,아우터,7,2283932,codegraphy,코드그라피,CGP 아치 로고 후드 집업_다크그레이,https://image.msscdn.net/images/goods_img/20211227/2283932/2283932_17864990175877_500.jpg,False
2024-09,A,002022,후드 집업,002,아우터,8,3864550,youhee,유희,YOUHEE RIBBON HOOD ZIP-UP CHARCOAL,https://image.msscdn.net/images/goods_img/20240213/3864550/3864550_17376963233241_500.jpg,False
2024-09,A,002022,후드 집업,002,아우터,9,4009102,venhit,벤힛,[벤힛x크로스드레슬리]VC스타 로고 레글런 후드집업,https://image.msscdn.net/images/goods_img/20240401/4009102/4009102_17872983889950_500.jpg,False
2024-09,A,002022,후드 집업,002,아우터,10,2712417,filluminate,필루미네이트,투웨이 에센셜 후드 집업-그레이,https://image.msscdn.net/images/goods_img/20220811/2712417/2712417_16963910031844_500.jpg,False
2024-09,A,002022,후드 집업,002,아우터,11,3452584,yeseyesee,예스아이씨,Y.E.S Snail Logo Zip-up Hoodie Navy,https://image.msscdn.net/images/goods_img/20230808/3452584/3452584_17560999856551_500.jpg,False
2024-09,A,002022,후드 집업,002,아우터,12,1778408,toffee,토피,2WAY 스웻 후드 집업 (BLACK),https://image.msscdn.net/images/goods_img/20210204/1778408/1778408_17168650383792_500.jpg,False
2024-09,A,002022,후드 집업,002,아우터,13,3783086,dimitriblack,디미트리블랙,VLAD TYPE-B 아트웍 자수 후드 집업_네이비,https://image.msscdn.net/images/goods_img/20240109/3783086/3783086_17522139189695_500.jpg,False
2024-09,A,002022,후드 집업,002,아우터,14,3466424,havism,해비즘,FLOWER ZIP UP HOOD(WINE),https://image.msscdn.net/images/goods_img/20230816/3466424/3466424_16927694120869_500.jpg,False
2024-09,A,002022,후드 집업,002,아우터,15,3853481,partimento,파르티멘토,VTG 워시드 워크 후드 집업 브라운,https://image.msscdn.net/images/goods_img/20240207/3853481/3853481_17072797603892_500.jpg,False
2024-09,A,002022,후드 집업,002,아우터,16,3788815,amesworldwide,아메스 월드와이드,BASIC LOGO HOODIE ZIP UP NAVY,https://image.msscdn.net/images/goods_img/20240111/3788815/3788815_17893582036516_500.jpg,False
2024-09,A,002022,후드 집업,002,아우터,17,3872395,coor,쿠어,가먼트 다잉 에센셜 후드 집업 (워시드차콜),https://image.msscdn.net/images/goods_img/20240215/3872395/3872395_17388943980391_500.jpg,False
2024-09,A,002022,후드 집업,002,아우터,18,2712419,filluminate,필루미네이트,투웨이 에센셜 후드 집업-블랙,https://image.msscdn.net/images/goods_img/20220811/2712419/2712419_16963910286065_500.jpg,False
2024-09,A,002022,후드 집업,002,아우터,19,3037664,thecoldestmoment,더콜디스트모먼트,TCM starfish hooded zip-up (black),https://image.msscdn.net/images/goods_img/20230125/3037664/3037664_16750667880838_500.jpg,False
2024-09,A,002022,후드 집업,002,아우터,20,3995657,filluminate,필루미네이트,스프레드 펀칭 니트 후드 집 업-2Color,https://image.msscdn.net/images/goods_img/20240327/3995657/3995657_17267199954700_500.jpg,False
2024-09,A,002022,후드 집업,002,아우터,21,3697526,compagno,꼼파뇨,[2-WAY] 슬리브 스타 피그먼트 후드 집업 스모크블랙,https://image.msscdn.net/images/goods_img/20231108/3697526/3697526_17002041370481_500.jpg,False
2024-09,A,002022,후드 집업,002,아우터,22,4081482,trillion,트릴리온,도밍고 피그먼트 2WAY 스웨트 후드 집업 (CHARCOAL),https://image.msscdn.net/images/goods_img/20240424/4081482/4081482_17170469900309_500.jpg,False
2024-09,A,002022,후드 집업,002,아우터,23,947088,musinsastandard,무신사 스탠다드,후디드 스웨트 집업 [멜란지 그레이],https://image.msscdn.net/images/goods_img/20190201/947088/947088_17217964884017_500.jpg,False
2024-09,A,002022,후드 집업,002,아우터,24,2105470,sovermentwithlomort,소버먼트,980G 피그먼트 컷 후디 집업-차콜-,https://image.msscdn.net/images/goods_img/20210902/2105470/2105470_17631074294899_500.jpg,False
2024-09,A,002022,후드 집업,002,아우터,25,3046707,kiimuir,키뮤어,커브드 오버핏 빅카라 집업_블랙,https://image.msscdn.net/images/goods_img/20230130/3046707/3046707_16914837450587_500.jpg,False
2024-09,A,002022,후드 집업,002,아우터,26,2831374,poloralphlauren,폴로 랄프 로렌,코튼 풀집 후디 - 네이비,https://image.msscdn.net/images/goods_img/20220930/2831374/2831374_2_500.jpg,False
2024-09,A,002022,후드 집업,002,아우터,27,3862623,famacollection,더파코,FAVICON LOGO HOOD ZIPUP [3 COLORS],https://image.msscdn.net/images/goods_img/20240213/3862623/3862623_17324934753410_500.jpg,False
2024-09,A,002022,후드 집업,002,아우터,28,3800636,gainsboro,게인스보로,아플리케 스타로고 후드집업_오트밀,https://image.msscdn.net/images/goods_img/20240117/3800636/3800636_17425227643808_500.jpg,False
2024-09,A,002022,후드 집업,002,아우터,29,4081480,trillion,트릴리온,도밍고 피그먼트 2WAY 스웨트 후드 집업 (BLUE),https://image.msscdn.net/images/goods_img/20240424/4081480/4081480_17170470258842_500.jpg,False
2024-09,A,002022,후드 집업,002,아우터,30,4252257,urbandtype,어반디타입,홈보이 로고 래글런 배색 후드집업_올리브,https://image.msscdn.net/images/goods_img/20240716/4252257/4252257_17555880653785_500.jpg,False
2024-09,A,002001,블루종/MA-1,002,아우터,1,3390508,standarderror,스탠다드에러,87-STAN009  스탠다드 블루종 스웨이드 자켓 블랙,https://image.msscdn.net/images/goods_img/20230630/3390508/3390508_17551524634252_500.jpg,False
2024-09,A,002001,블루종/MA-1,002,아우터,2,3390511,standarderror,스탠다드에러,87-STAN009 스탠다드 블루종 스웨이드 자켓 카키,https://image.msscdn.net/images/goods_img/20230630/3390511/3390511_17551525806450_500.jpg,False
2024-09,A,002001,블루종/MA-1,002,아우터,3,3783677,drawfit,드로우핏,헤리티지 헌팅 블루종 자켓 [KHAKI],https://image.msscdn.net/images/goods_img/20240109/3783677/3783677_17254157464100_500.jpg,False
2024-09,A,002001,블루종/MA-1,002,아우터,4,3503945,espionage,에스피오나지,Washed Canvas Blouson Jacket Charcoal Navy,https://image.msscdn.net/images/goods_img/20230828/3503945/3503945_16934498398540_500.jpg,False
2024-09,A,002001,블루종/MA-1,002,아우터,5,3790860,musinsastandard,무신사 스탠다드,릴렉스드 미니멀 재킷 [블랙],https://image.msscdn.net/images/goods_img/20240112/3790860/3790860_17217992992120_500.jpg,False
2024-09,A,002001,블루종/MA-1,002,아우터,6,4278938,lmood,엘무드,아이코닉 울 블루종 자켓 MAINE 블랙,https://image.msscdn.net/images/goods_img/20240729/4278938/4278938_17636074038223_500.png,False
2024-09,A,002001,블루종/MA-1,002,아우터,7,4347271,kiimuir,키뮤어,빈티지 워크 자켓_차콜,https://image.msscdn.net/images/goods_img/20240820/4347271/4347271_17569580908087_500.jpg,False
2024-09,A,002001,블루종/MA-1,002,아우터,8,3814169,espionage,에스피오나지,Flight Bomber Jacket Navy,https://image.msscdn.net/images/goods_img/20240123/3814169/3814169_17067558498926_500.jpg,False
2024-09,A,002001,블루종/MA-1,002,아우터,9,3790838,musinsastandard,무신사 스탠다드,헤비웨이트 CP 워크 재킷 [블랙],https://image.msscdn.net/images/goods_img/20240112/3790838/3790838_17171293041266_500.jpg,False
2024-09,A,002001,블루종/MA-1,002,아우터,10,4358144,adidas,아디다스,플레더 루즈 패디드 재킷 - 블랙 / IY7243,https://image.msscdn.net/images/goods_img/20240822/4358144/4358144_17246495816588_500.jpg,False
2024-09,A,002001,블루종/MA-1,002,아우터,11,3786803,bronson,브론슨,1950s Reversible Acetate Souvenir Jacket - Falcon × Tiger,https://image.msscdn.net/images/goods_img/20240110/3786803/3786803_17642942084867_500.jpg,False
2024-09,A,002001,블루종/MA-1,002,아우터,12,3783678,drawfit,드로우핏,헤리티지 헌팅 블루종 자켓 [BLACK],https://image.msscdn.net/images/goods_img/20240109/3783678/3783678_17231926056698_500.jpg,False
2024-09,A,002001,블루종/MA-1,002,아우터,13,2085156,ironypornowhiteline,아이러니포르노 화이트라인,IRO097 크루얼티프리 알파 스웨이드 자켓 블랙,https://image.msscdn.net/images/goods_img/20210825/2085156/2085156_17579141539142_500.jpg,False
2024-09,A,002001,블루종/MA-1,002,아우터,14,3783466,drawfit,드로우핏,울 웨이브 라인 자켓 [BLACK],https://image.msscdn.net/images/goods_img/20240109/3783466/3783466_17720740115629_500.jpg,False
2024-09,A,002001,블루종/MA-1,002,아우터,15,4350411,coor,쿠어,페이크 스웨이드 커브 라인 점퍼 (블랙브라운),https://image.msscdn.net/images/goods_img/20240820/4350411/4350411_17567018999056_500.png,False
2024-09,A,002001,블루종/MA-1,002,아우터,16,3776137,dickies,디키즈,아이젠하워 레귤러핏 자켓 Black,https://image.msscdn.net/images/goods_img/20240104/3776137/3776137_17084892914908_500.jpg,False
2024-09,A,002001,블루종/MA-1,002,아우터,17,3823877,dimitriblack,디미트리블랙,2WAY 비건 스웨이드 자켓_브라운,https://image.msscdn.net/images/goods_img/20240125/3823877/3823877_17628359671163_500.jpg,False
2024-09,A,002001,블루종/MA-1,002,아우터,18,3788388,lmood,엘무드,워크 포켓 치노 블루종 자켓 브라운,https://image.msscdn.net/images/goods_img/20240111/3788388/3788388_17065904732279_500.jpg,False
2024-09,A,002001,블루종/MA-1,002,아우터,19,1760177,drawfit,드로우핏,리에디션 써지 울 블루종 자켓 [BLACK],https://image.msscdn.net/images/goods_img/20210125/1760177/1760177_17568597040774_500.jpg,False
2024-09,A,002001,블루종/MA-1,002,아우터,20,2803666,baracuta,바라쿠타,G9 클래식 해링턴 자켓 Black 100,https://image.msscdn.net/images/goods_img/20220920/2803666/2803666_16775419481721_500.jpg,False
2024-09,A,002001,블루종/MA-1,002,아우터,21,2701875,placestudio,플레이스 스튜디오,투웨이 블루종 스웨이드 밴딩 점퍼 자켓 [브라운],https://image.msscdn.net/images/goods_img/20220805/2701875/2701875_17592162151190_500.jpg,False
2024-09,A,002001,블루종/MA-1,002,아우터,22,3019671,lmood,엘무드,더스티 웨스턴 블루종 자켓 카키,https://image.msscdn.net/images/goods_img/20230111/3019671/3019671_17083089992446_500.jpg,False
2024-09,A,002001,블루종/MA-1,002,아우터,23,2769704,musinsastandard,무신사 스탠다드,트위드 미니멀 재킷 [블랙],https://image.msscdn.net/images/goods_img/20220905/2769704/2769704_1_500.jpg,False
2024-09,A,002001,블루종/MA-1,002,아우터,24,3512497,yale,예일,LIGHT RELAX FIT BLOUSON IVORY,https://image.msscdn.net/images/goods_img/20230830/3512497/3512497_16933658428437_500.jpg,False
2024-09,A,002001,블루종/MA-1,002,아우터,25,3788390,lmood,엘무드,워크 포켓 치노 블루종 자켓 카키베이지,https://image.msscdn.net/images/goods_img/20240111/3788390/3788390_17065873132441_500.jpg,False
2024-09,A,002001,블루종/MA-1,002,아우터,26,3836569,espionage,에스피오나지,Washed Canvas Blouson Jacket Burgundy,https://image.msscdn.net/images/goods_img/20240131/3836569/3836569_17072818134329_500.jpg,False
2024-09,A,002001,블루종/MA-1,002,아우터,27,2803667,baracuta,바라쿠타,G9 클래식 해링턴 자켓 Dark Navy 300,https://image.msscdn.net/images/goods_img/20220920/2803667/2803667_16775419417377_500.jpg,False
2024-09,A,002001,블루종/MA-1,002,아우터,28,3406375,lmood,엘무드,벌키 크롭 봄버 자켓 블랙,https://image.msscdn.net/images/goods_img/20230712/3406375/3406375_16953644888129_500.jpg,False
2024-09,A,002001,블루종/MA-1,002,아우터,29,4301697,kiimuir,키뮤어,빈티지 워크 자켓_카키,https://image.msscdn.net/images/goods_img/20240806/4301697/4301697_17569699600492_500.jpg,False
2024-09,A,002001,블루종/MA-1,002,아우터,30,3799347,not4nerd,낫포너드,Tiger Satin Blouson Jacket - Navy,https://image.msscdn.net/images/goods_img/20240117/3799347/3799347_17054590093704_500.jpg,False
2024-09,A,002002,레더/라이더스 재킷,002,아우터,1,2139011,ladyvolume,레이디 볼륨,465-1 비건 레더 오버핏 자켓,https://image.msscdn.net/images/goods_img/20210917/2139011/2139011_3_500.jpg,False
2024-09,A,002002,레더/라이더스 재킷,002,아우터,2,4346922,doffjason,도프제이슨,[리뉴얼] 오버핏 풀업 스웨이드 싱글 자켓 모카,https://image.msscdn.net/images/goods_img/20240820/4346922/4346922_17249831351015_500.jpg,False
2024-09,A,002002,레더/라이더스 재킷,002,아우터,3,4369047,frizmworks,프리즘웍스,DESTROYED COWHIDE LEATHER JACKET _ WASHED BLACK,https://image.msscdn.net/images/goods_img/20240826/4369047/4369047_17247594980414_500.jpg,False
2024-09,A,002002,레더/라이더스 재킷,002,아우터,4,1593755,partimento,파르티멘토,[비건 레더] 필드 자켓 블랙,https://image.msscdn.net/images/goods_img/20200909/1593755/1593755_1_500.jpg,False
2024-09,A,002002,레더/라이더스 재킷,002,아우터,5,3551101,blackmoment,블랙모먼트,비건 스웨이드 오버핏 미니멀 인시전 스트레이트 집업 자켓 [브라운],https://image.msscdn.net/images/goods_img/20230912/3551101/3551101_16970790961650_500.jpg,False
2024-09,A,002002,레더/라이더스 재킷,002,아우터,6,1576700,doffjason,도프제이슨,오버핏 비건레더 싱글 자켓,https://image.msscdn.net/images/goods_img/20200901/1576700/1576700_17591199589640_500.jpg,False
2024-09,A,002002,레더/라이더스 재킷,002,아우터,7,2140335,placestudio,플레이스 스튜디오,비건 레더 오버핏 블루종 [블랙],https://image.msscdn.net/images/goods_img/20210917/2140335/2140335_9_500.jpg,False
2024-09,A,002002,레더/라이더스 재킷,002,아우터,8,2029419,ironypornowhiteline,아이러니포르노 화이트라인,IRO086 크루얼티프리 싱글 카라넥 레더 자켓 블랙,https://image.msscdn.net/images/goods_img/20210714/2029419/2029419_17569493312057_500.jpg,False
2024-09,A,002002,레더/라이더스 재킷,002,아우터,9,4347138,doffjason,도프제이슨,러기드 앤틱 워싱 레더 자켓,https://image.msscdn.net/images/goods_img/20240820/4347138/4347138_17566931729742_500.jpg,False
2024-09,A,002002,레더/라이더스 재킷,002,아우터,10,3833551,coor,쿠어,베지터블 레더 A-2 자켓 (브라운),https://image.msscdn.net/images/goods_img/20240130/3833551/3833551_17877112948261_500.jpg,False
2024-09,A,002002,레더/라이더스 재킷,002,아우터,11,3927174,maninstore,무드인사이드,비건 스웨이드 바이커 자켓_Brown,https://image.msscdn.net/images/goods_img/20240306/3927174/3927174_17568668915223_500.jpg,False
2024-09,A,002002,레더/라이더스 재킷,002,아우터,12,4397095,doffsept,도프셉,Vegan Leather Overfit Blouson Jacket in Black,https://image.msscdn.net/images/goods_img/20240903/4397095/4397095_17694762840718_500.jpg,False
2024-09,A,002002,레더/라이더스 재킷,002,아우터,13,1576682,doffjason,도프제이슨,오버핏 램스킨 싱글 자켓,https://image.msscdn.net/images/goods_img/20200901/1576682/1576682_6_500.jpg,False
2024-09,A,002002,레더/라이더스 재킷,002,아우터,14,4388185,treemingbird,트리밍버드,2-way Collar Knit Sleeve Crack Leather Jacket [ Black ],https://image.msscdn.net/images/goods_img/20240830/4388185/4388185_17268272541539_500.jpg,False
2024-09,A,002002,레더/라이더스 재킷,002,아우터,15,621582,doffjason,도프제이슨,램스킨 싱글 자켓,https://image.msscdn.net/images/goods_img/20170901/621582/621582_17256054833081_500.jpg,False
2024-09,A,002002,레더/라이더스 재킷,002,아우터,16,4347122,doffjason,도프제이슨,[리뉴얼] 풀업 스웨이드 클래식 싱글 자켓 모카,https://image.msscdn.net/images/goods_img/20240820/4347122/4347122_17253284523829_500.jpg,False
2024-09,A,002002,레더/라이더스 재킷,002,아우터,17,3758333,musinsastandard,무신사 스탠다드,페이디드 신세틱 레더 싱글 재킷 [블랙],https://image.msscdn.net/images/goods_img/20231215/3758333/3758333_17062393306214_500.jpg,False
2024-09,A,002002,레더/라이더스 재킷,002,아우터,18,3783694,drawfit,드로우핏,인시전 레더 블루종 자켓 [BLACK],https://image.msscdn.net/images/goods_img/20240109/3783694/3783694_17568603377156_500.jpg,False
2024-09,A,002002,레더/라이더스 재킷,002,아우터,19,4350371,coor,쿠어,베지터블 레더 A-2 자켓 (블랙),https://image.msscdn.net/images/goods_img/20240820/4350371/4350371_17877112920676_500.jpg,False
2024-09,A,002002,레더/라이더스 재킷,002,아우터,20,4347182,doffjason,도프제이슨,루이 레더 카라 워크 자켓 KHAKI,https://image.msscdn.net/images/goods_img/20240820/4347182/4347182_17249825681064_500.jpg,False
2024-09,A,002002,레더/라이더스 재킷,002,아우터,21,2140314,placestudio,플레이스 스튜디오,비건 레더 오버핏 블루종 [브라운],https://image.msscdn.net/images/goods_img/20210917/2140314/2140314_11_500.jpg,False
2024-09,A,002002,레더/라이더스 재킷,002,아우터,22,4302463,wkndrs,위캔더스,BOUTIQUE LEATHER JACKET (BLACK),https://image.msscdn.net/images/goods_img/20240806/4302463/4302463_17249121459861_500.jpg,False
2024-09,A,002002,레더/라이더스 재킷,002,아우터,23,4369048,frizmworks,프리즘웍스,DESTROYED COWHIDE LEATHER JACKET _ WASHED BROWN,https://image.msscdn.net/images/goods_img/20240826/4369048/4369048_17247594653321_500.jpg,False
2024-09,A,002002,레더/라이더스 재킷,002,아우터,24,2093254,v2,브이투,465-3 VEGAN LEATHER OVERFIT JACKET_BLACK,https://image.msscdn.net/images/goods_img/20210827/2093254/2093254_1_500.jpg,False
2024-09,A,002002,레더/라이더스 재킷,002,아우터,25,3794818,kiimuir,키뮤어,레더 라인 바이커 자켓_블랙,https://image.msscdn.net/images/goods_img/20240115/3794818/3794818_17062311962918_500.jpg,False
2024-09,A,002002,레더/라이더스 재킷,002,아우터,26,2429664,ironypornowhiteline,아이러니포르노 화이트라인,IRO086 크루얼티프리 싱글 카라넥 레더 자켓 브라운,https://image.msscdn.net/images/goods_img/20220318/2429664/2429664_17557570759631_500.jpg,False
2024-09,A,002002,레더/라이더스 재킷,002,아우터,27,4278941,lmood,엘무드,1125 나이프 램스킨 레더자켓 블랙,https://image.msscdn.net/images/goods_img/20240729/4278941/4278941_17243033884848_500.jpg,False
2024-09,A,002002,레더/라이더스 재킷,002,아우터,28,3434596,musinsastandardwoman,무신사 스탠다드 우먼,우먼즈 신세틱 레더 블루종 재킷 [블랙],https://image.msscdn.net/images/goods_img/20230731/3434596/3434596_17661143550258_500.jpg,False
2024-09,A,002002,레더/라이더스 재킷,002,아우터,29,2086731,doffjason,도프제이슨,오버핏 비건레더 보머 자켓,https://image.msscdn.net/images/goods_img/20210825/2086731/2086731_1_500.jpg,False
2024-09,A,002002,레더/라이더스 재킷,002,아우터,30,3821162,ellioti,엘리오티,Suede Zip-up Jacket_Beige,https://image.msscdn.net/images/goods_img/20240125/3821162/3821162_17549105266836_500.jpg,False
2024-09,A,002020,카디건,002,아우터,1,3650861,matinkim,마뗑킴,SPELL POINT STRIPE KNIT CARDIGAN IN BLACK,https://image.msscdn.net/images/goods_img/20231023/3650861/3650861_17582530640437_500.jpg,False
2024-09,A,002020,카디건,002,아우터,2,4403731,frenchchic,프렌치시크,코스에그 자수 투웨이 니트집업 가디건,https://image.msscdn.net/images/prd_img/20240904/4403731/detail_4403731_17388925781886_500.jpg,False
2024-09,A,002020,카디건,002,아우터,3,4249931,ami,아미,레드 하트 로고 가디건 - 블랙 / BFHKC001001001,https://image.msscdn.net/images/goods_img/20240715/4249931/4249931_17212892810569_500.jpg,False
2024-09,A,002020,카디건,002,아우터,4,4278894,lmood,엘무드,비숍 울 알파카 크루넥 가디건 진저 브라운,https://image.msscdn.net/images/goods_img/20240729/4278894/4278894_17592096155283_500.png,False
2024-09,A,002020,카디건,002,아우터,5,3010404,poloralphlauren,폴로 랄프 로렌,W 케이블 니트 코튼 크루넥 카디건 - 네이비,https://image.msscdn.net/images/goods_img/20230109/3010404/3010404_16772074069968_500.jpg,False
2024-09,A,002020,카디건,002,아우터,6,3010396,poloralphlauren,폴로 랄프 로렌,W 코튼 블렌드 카디건 - 블랙,https://image.msscdn.net/images/goods_img/20230109/3010396/3010396_16752406784468_500.jpg,False
2024-09,A,002020,카디건,002,아우터,7,3440440,costumeoclock,커스텀어클락,[2PACK] 소프트 베이직 가디건 COOSCD001CD020,https://image.msscdn.net/images/goods_img/20230801/3440440/3440440_17585191785388_500.jpg,False
2024-09,A,002020,카디건,002,아우터,8,4355659,generalideastandard,제너럴아이디어,GNRL 에센셜 가디건 [SET],https://image.msscdn.net/images/goods_img/20240821/4355659/4355659_17570612059713_500.jpg,False
2024-09,A,002020,카디건,002,아우터,9,2683549,satur,세터,파로 오버 사이즈 부클 가디건 클래식 블랙,https://image.msscdn.net/images/prd_img/20220726/2683549/detail_2683549_17582476224564_500.jpg,False
2024-09,A,002020,카디건,002,아우터,10,3881570,millo,밀로 아카이브,크롭 무브 가디건 [레드],https://image.msscdn.net/images/goods_img/20240219/3881570/3881570_17084242695126_500.jpg,False
2024-09,A,002020,카디건,002,아우터,11,1296803,knitted,니티드,안티필링 볼륨 와플 가디건 NAVY,https://image.msscdn.net/images/goods_img/20200207/1296803/1296803_17241390378653_500.jpg,False
2024-09,A,002020,카디건,002,아우터,12,3841255,decoroso,데꼬로소,컴포트 라운드넥 울 가디건 [차콜],https://image.msscdn.net/images/goods_img/20240201/3841255/3841255_17587672385569_500.jpg,False
2024-09,A,002020,카디건,002,아우터,13,2288704,espionage,에스피오나지,Miller Heavyweight Cardigan Burnt Orange,https://image.msscdn.net/images/goods_img/20220103/2288704/2288704_17875617307364_500.jpg,False
2024-09,A,002020,카디건,002,아우터,14,1139192,lmood,엘무드,화란 세미오버 가디건 블랙,https://image.msscdn.net/images/goods_img/20190902/1139192/1139192_17427991239095_500.jpg,False
2024-09,A,002020,카디건,002,아우터,15,2159724,veryvain,베리베인,GAFF TEX CARDIGAN (BLACK),https://image.msscdn.net/images/goods_img/20211001/2159724/2159724_1_500.jpg,False
2024-09,A,002020,카디건,002,아우터,16,3821705,rolarola,로라로라,V NECK BASIC CARDIGAN GRAY,https://image.msscdn.net/images/goods_img/20240125/3821705/3821705_17086551793917_500.jpg,False
2024-09,A,002020,카디건,002,아우터,17,3440410,critic,크리틱,RACING ZIP-UP KNIT NAVY,https://image.msscdn.net/images/goods_img/20230801/3440410/3440410_17345736573154_500.jpg,False
2024-09,A,002020,카디건,002,아우터,18,4237608,viviennewestwood,비비안 웨스트우드,베아 가디건 - 블랙 / 1803002PY001VN401,https://image.msscdn.net/images/goods_img/20240708/4237608/4237608_17229063202486_500.jpg,False
2024-09,A,002020,카디건,002,아우터,19,4397034,generalideastandard,제너럴아이디어,GNRL 에센셜 가디건 [2PACK],https://image.msscdn.net/images/goods_img/20240903/4397034/4397034_17570614065379_500.jpg,False
2024-09,A,002020,카디건,002,아우터,20,3010394,poloralphlauren,폴로 랄프 로렌,W 코튼 블렌드 카디건 - 아이보리,https://image.msscdn.net/images/goods_img/20230109/3010394/3010394_16752407017252_500.jpg,False
2024-09,A,002020,카디건,002,아우터,21,3056018,hooves,후브스,코튼 투웨이 벌룬 니트 집업 [네이비],https://image.msscdn.net/images/goods_img/20230202/3056018/3056018_17585072370772_500.jpg,False
2024-09,A,002020,카디건,002,아우터,22,3010395,poloralphlauren,폴로 랄프 로렌,W 코튼 블렌드 카디건 - 네이비,https://image.msscdn.net/images/goods_img/20230109/3010395/3010395_16752406898682_500.jpg,False
2024-09,A,002020,카디건,002,아우터,23,4278918,lmood,엘무드,트러커 스톤 워시드 가디건 자켓 다크그레이,https://image.msscdn.net/images/goods_img/20240729/4278918/4278918_17229257165510_500.jpg,False
2024-09,A,002020,카디건,002,아우터,24,4338876,nastyfancyclub,팬시클럽,체크 셔츠 레이어드 가디건 (BLACK)_F24ZB066,https://image.msscdn.net/images/goods_img/20240816/4338876/4338876_17591947543379_500.jpg,False
2024-09,A,002020,카디건,002,아우터,25,4346438,leathery,레더리,레글런 트랙 니트 집업 [BLACK],https://image.msscdn.net/images/goods_img/20240820/4346438/4346438_17633573397137_500.jpg,False
2024-09,A,002020,카디건,002,아우터,26,4278892,lmood,엘무드,비숍 울 알파카 크루넥 가디건 멜란지 그레이,https://image.msscdn.net/images/goods_img/20240729/4278892/4278892_17587834000599_500.png,False
2024-09,A,002020,카디건,002,아우터,27,4001390,beslow,비슬로우,[비슬로우X데릭]CREW NECK SHORT CARDIGAN CHARCOAL,https://image.msscdn.net/images/goods_img/20240328/4001390/4001390_17121318185902_500.jpg,False
2024-09,A,002020,카디건,002,아우터,28,4299338,partimento,파르티멘토,뱃지 리뉴얼 니트 라운드 가디건 레드,https://image.msscdn.net/images/goods_img/20240806/4299338/4299338_17237817273203_500.jpg,False
2024-09,A,002020,카디건,002,아우터,29,2815324,musinsastandard,무신사 스탠다드,릴렉스드 리브드 라운드 넥 가디건 [미디엄 그레이],https://image.msscdn.net/images/goods_img/20220923/2815324/2815324_17794093494968_500.jpg,False
2024-09,A,002020,카디건,002,아우터,30,3010402,poloralphlauren,폴로 랄프 로렌,W 케이블 니트 코튼 크루넥 카디건 - 화이트,https://image.msscdn.net/images/goods_img/20230109/3010402/3010402_16772072249633_500.jpg,False
2024-09,A,002017,트러커 재킷,002,아우터,1,3622977,trillion,트릴리온,페이드 워싱 바이커 데님 자켓 (BLACK),https://image.msscdn.net/images/goods_img/20231012/3622977/3622977_16977691200340_500.jpg,False
2024-09,A,002017,트러커 재킷,002,아우터,2,1790383,trillion,트릴리온,워싱 스티치 데님자켓 (BLACK),https://image.msscdn.net/images/goods_img/20210210/1790383/1790383_2_500.jpg,False
2024-09,A,002017,트러커 재킷,002,아우터,3,4287413,trillion,트릴리온,코듀로이 카라 데님 집업 워크 자켓 (BLACK),https://image.msscdn.net/images/goods_img/20240731/4287413/4287413_17228544866344_500.jpg,False
2024-09,A,002017,트러커 재킷,002,아우터,4,4305404,drawfit,드로우핏,콘트라스트 워크 트러커 자켓 [D.GREY],https://image.msscdn.net/images/goods_img/20240807/4305404/4305404_17236128988610_500.jpg,False
2024-09,A,002017,트러커 재킷,002,아우터,5,4323347,alyss,알리스,[오정규X알리스] 콘트라스트 집업 워크 자켓 [워시드블랙],https://image.msscdn.net/images/goods_img/20240813/4323347/4323347_17258474866016_500.jpg,False
2024-09,A,002017,트러커 재킷,002,아우터,6,1337094,musinsastandard,무신사 스탠다드,릴렉스드 데님 트러커 재킷 [워시드 블랙],https://image.msscdn.net/images/goods_img/20200305/1337094/1337094_17514465029686_500.jpg,False
2024-09,A,002017,트러커 재킷,002,아우터,7,3046279,outstanding,아웃스탠딩,SELVEDGE DENIM 2ND JACKET_INDIGO,https://image.msscdn.net/images/goods_img/20230130/3046279/3046279_17684404870062_500.jpg,False
2024-09,A,002017,트러커 재킷,002,아우터,8,4278906,lmood,엘무드,버번 데님 트러커 자켓 벨벳틴 블랙,https://image.msscdn.net/images/goods_img/20240729/4278906/4278906_17243791333736_500.jpg,False
2024-09,A,002017,트러커 재킷,002,아우터,9,3801342,supersub,슈퍼서브,워싱 크롭 데님 재킷 - 워시드 브라운,https://image.msscdn.net/images/goods_img/20240117/3801342/3801342_17065954658593_500.jpg,False
2024-09,A,002017,트러커 재킷,002,아우터,10,3836318,toffee,토피,빈티지 스냅 데님 블루종 자켓 (WASHED INDIGO),https://image.msscdn.net/images/goods_img/20240131/3836318/3836318_17071205288194_500.jpg,False
2024-09,A,002017,트러커 재킷,002,아우터,11,4323348,alyss,알리스,[오정규X알리스] 콘트라스트 집업 워크 자켓 [빈티지블랙],https://image.msscdn.net/images/goods_img/20240813/4323348/4323348_17258474982360_500.jpg,False
2024-09,A,002017,트러커 재킷,002,아우터,12,4347055,doffjason,도프제이슨,워시드 데님 로드 바이커 자켓 INDIGO,https://image.msscdn.net/images/goods_img/20240820/4347055/4347055_17249829793442_500.jpg,False
2024-09,A,002017,트러커 재킷,002,아우터,13,4278908,lmood,엘무드,버번 데님 트러커 자켓 블루블랙,https://image.msscdn.net/images/goods_img/20240729/4278908/4278908_17428798419737_500.jpg,False
2024-09,A,002017,트러커 재킷,002,아우터,14,2403367,espionage,에스피오나지,French Wide Work Jacket (Moleskin) French Blue,https://image.msscdn.net/images/goods_img/20220307/2403367/2403367_1_500.jpg,False
2024-09,A,002017,트러커 재킷,002,아우터,15,4287406,trillion,트릴리온,코듀로이 카라 데님 집업 워크 자켓 (LIGHT GRAY),https://image.msscdn.net/images/goods_img/20240731/4287406/4287406_17229066613849_500.jpg,False
2024-09,A,002017,트러커 재킷,002,아우터,16,1195307,branded,브랜디드,2001 SLOW WORKER DENIM WASH. JACKET [BLACK INDIGO],https://image.msscdn.net/images/goods_img/20191021/1195307/1195307_4_500.jpg,False
2024-09,A,002017,트러커 재킷,002,아우터,17,4342475,espionage,에스피오나지,50s American Denim Coverall Dark Indigo,https://image.msscdn.net/images/goods_img/20240819/4342475/4342475_17242945444063_500.jpg,False
2024-09,A,002017,트러커 재킷,002,아우터,18,4344259,someplace,썸플레이스,배색 골덴 카라 바버 헌팅 트러커 자켓 점퍼 [아이보리],https://image.msscdn.net/images/goods_img/20240819/4344259/4344259_17592930927058_500.jpg,False
2024-09,A,002017,트러커 재킷,002,아우터,19,4305772,drawfit,드로우핏,컨사이즈 워시드 포켓 데님 자켓 [MAHOGANI BLUE],https://image.msscdn.net/images/goods_img/20240807/4305772/4305772_17236118294377_500.jpg,False
2024-09,A,002017,트러커 재킷,002,아우터,20,4344269,someplace,썸플레이스,배색 골덴 카라 바버 헌팅 트러커 자켓 점퍼 [차콜],https://image.msscdn.net/images/goods_img/20240819/4344269/4344269_17683713684775_500.jpg,False
2024-09,A,002017,트러커 재킷,002,아우터,21,4326992,supersub,슈퍼서브,빈티지 워싱 크롭 데님 재킷 2종,https://image.msscdn.net/images/goods_img/20240813/4326992/4326992_17253695746280_500.png,False
2024-09,A,002017,트러커 재킷,002,아우터,22,3836510,espionage,에스피오나지,French Wide Work Jacket (Moleskin) Washed Blue,https://image.msscdn.net/images/goods_img/20240131/3836510/3836510_17152161493815_500.jpg,False
2024-09,A,002017,트러커 재킷,002,아우터,23,3801649,alyss,알리스,디스턴트 플랩 데님 트러커 자켓 [빈티지 브라운],https://image.msscdn.net/images/goods_img/20240117/3801649/3801649_17095361459101_500.jpg,False
2024-09,A,002017,트러커 재킷,002,아우터,24,3872521,coor,쿠어,틴트 데님 집업 자켓 (인디고브라운),https://image.msscdn.net/images/goods_img/20240215/3872521/3872521_17242885964343_500.jpg,False
2024-09,A,002017,트러커 재킷,002,아우터,25,3526649,espionage,에스피오나지,Denim Work Jacket Washed Black,https://image.msscdn.net/images/goods_img/20230904/3526649/3526649_17083205246042_500.jpg,False
2024-09,A,002017,트러커 재킷,002,아우터,26,4287892,supersub,슈퍼서브,워싱 크롭 데님 재킷 - 워시드 블루,https://image.msscdn.net/images/goods_img/20240801/4287892/4287892_17224927839087_500.jpg,False
2024-09,A,002017,트러커 재킷,002,아우터,27,4350383,coor,쿠어,엠보 워시드 데님 트러커 (블랙),https://image.msscdn.net/images/goods_img/20240820/4350383/4350383_17242413993094_500.jpg,False
2024-09,A,002017,트러커 재킷,002,아우터,28,3832967,1993studio,1993스튜디오,스몰 로고 빈티지 워싱 데님 자켓_블랙,https://image.msscdn.net/images/goods_img/20240130/3832967/3832967_17083855734590_500.jpg,False
2024-09,A,002017,트러커 재킷,002,아우터,29,4302460,wkndrs,위캔더스,CHAIN STITCH TRUCKER JK (DENIM),https://image.msscdn.net/images/goods_img/20240806/4302460/4302460_17249114777846_500.jpg,False
2024-09,A,002017,트러커 재킷,002,아우터,30,3827748,toffee,토피,워시드 데님 트러커 자켓 (WASHED BLACK),https://image.msscdn.net/images/goods_img/20240129/3827748/3827748_17071118135840_500.jpg,False
2024-09,A,002003,슈트/블레이저 재킷,002,아우터,1,1558197,musinsastandard,무신사 스탠다드,릴렉스드 베이식 블레이저 [블랙],https://image.msscdn.net/images/goods_img/20200820/1558197/1558197_17791521338764_500.jpg,False
2024-09,A,002003,슈트/블레이저 재킷,002,아우터,2,1618312,musinsastandardwoman,무신사 스탠다드 우먼,우먼즈 오버사이즈 블레이저 [블랙],https://image.msscdn.net/images/goods_img/20200923/1618312/1618312_17840158746923_500.jpg,False
2024-09,A,002003,슈트/블레이저 재킷,002,아우터,3,1283757,musinsastandard,무신사 스탠다드,오버사이즈 블레이저 [블랙],https://image.msscdn.net/images/goods_img/20200130/1283757/1283757_17514309817123_500.jpg,False
2024-09,A,002003,슈트/블레이저 재킷,002,아우터,4,1108007,musinsastandard,무신사 스탠다드,베이식 블레이저 [블랙],https://image.msscdn.net/images/goods_img/20190802/1108007/1108007_17896970765683_500.jpg,False
2024-09,A,002003,슈트/블레이저 재킷,002,아우터,5,2572705,nonblank,넌블랭크,[SAINT YEAR] 세미 오버 핏 셋업 수트_GREY,https://image.msscdn.net/images/goods_img/20220520/2572705/2572705_17769899182977_500.jpg,False
2024-09,A,002003,슈트/블레이저 재킷,002,아우터,6,3790870,musinsastandard,무신사 스탠다드,시티 레저 CN 루즈 핏 블레이저 [블랙],https://image.msscdn.net/images/goods_img/20240112/3790870/3790870_17101368224107_500.jpg,False
2024-09,A,002003,슈트/블레이저 재킷,002,아우터,7,1558683,musinsastandard,무신사 스탠다드,릴렉스드 베이식 블레이저 [미디엄 그레이],https://image.msscdn.net/images/goods_img/20200821/1558683/1558683_17514474604010_500.jpg,False
2024-09,A,002003,슈트/블레이저 재킷,002,아우터,8,4390860,coor,쿠어,페이크 스웨이드 쓰리 버튼 블레이저 (다크브라운),https://image.msscdn.net/images/goods_img/20240831/4390860/4390860_17696617147965_500.jpg,False
2024-09,A,002003,슈트/블레이저 재킷,002,아우터,9,1558671,musinsastandard,무신사 스탠다드,릴렉스드 베이식 블레이저 [차콜 그레이],https://image.msscdn.net/images/goods_img/20200821/1558671/1558671_17514475628467_500.jpg,False
2024-09,A,002003,슈트/블레이저 재킷,002,아우터,10,841230,insilence,인사일런스,오버사이즈 울 블레이저 BLACK,https://image.msscdn.net/images/goods_img/20180829/841230/841230_17875456744812_500.jpg,False
2024-09,A,002003,슈트/블레이저 재킷,002,아우터,11,2116429,musinsastandard,무신사 스탠다드,라운드 넥 트위드 재킷 [블랙],https://image.msscdn.net/images/goods_img/20210908/2116429/2116429_17147165047967_500.jpg,False
2024-09,A,002003,슈트/블레이저 재킷,002,아우터,12,4347118,doffjason,도프제이슨,풀업 스웨이드 블레이저 MOCHA,https://image.msscdn.net/images/goods_img/20240820/4347118/4347118_17249828053329_500.jpg,False
2024-09,A,002003,슈트/블레이저 재킷,002,아우터,13,1803462,musinsastandardwoman,무신사 스탠다드 우먼,우먼즈 베이식 블레이저 [블랙],https://image.msscdn.net/images/goods_img/20210219/1803462/1803462_17834925402814_500.jpg,False
2024-09,A,002003,슈트/블레이저 재킷,002,아우터,14,2375909,musinsastandard,무신사 스탠다드,빅 대디 오버사이즈 블레이저 [블랙],https://image.msscdn.net/images/goods_img/20220222/2375909/2375909_17790837176470_500.jpg,False
2024-09,A,002003,슈트/블레이저 재킷,002,아우터,15,2572700,nonblank,넌블랭크,[SAINT YEAR] 세미 오버 핏 셋업 수트_BLACK,https://image.msscdn.net/images/goods_img/20220520/2572700/2572700_17769897170778_500.jpg,False
2024-09,A,002003,슈트/블레이저 재킷,002,아우터,16,3845890,citybreeze,시티브리즈,루즈핏 사선 절개 싱글 자켓_GREY,https://image.msscdn.net/images/goods_img/20240205/3845890/3845890_17800354662108_500.jpg,False
2024-09,A,002003,슈트/블레이저 재킷,002,아우터,17,3825573,lemainsecond,리메인세컨드,[SET UP] 베이식 세미 오버핏 셋업 수트,https://image.msscdn.net/images/goods_img/20240126/3825573/3825573_17151317585846_500.jpg,False
2024-09,A,002003,슈트/블레이저 재킷,002,아우터,18,2444808,musinsastandard,무신사 스탠다드,[쿨탠다드] 릴렉스드 베이식 블레이저 [블랙],https://image.msscdn.net/images/goods_img/20220325/2444808/2444808_17791528728073_500.jpg,False
2024-09,A,002003,슈트/블레이저 재킷,002,아우터,19,1873073,musinsastandard,무신사 스탠다드,오버사이즈 블레이저 [미디엄 그레이],https://image.msscdn.net/images/goods_img/20210331/1873073/1873073_17775139886227_500.jpg,False
2024-09,A,002003,슈트/블레이저 재킷,002,아우터,20,2149536,musinsastandardwoman,무신사 스탠다드 우먼,우먼즈 오버사이즈 블레이저 [미디엄 그레이],https://image.msscdn.net/images/goods_img/20210928/2149536/2149536_17536890796842_500.jpg,False
2024-09,A,002003,슈트/블레이저 재킷,002,아우터,21,2572322,nonblank,넌블랭크,[SET UP] 세미 오버사이즈 핏 셋업 수트_CHARCOAL GREY,https://image.msscdn.net/images/goods_img/20220520/2572322/2572322_17140687589631_500.jpg,False
2024-09,A,002003,슈트/블레이저 재킷,002,아우터,22,4209346,musinsastandard,무신사 스탠다드,시티 워커스 코튼 블레이저 [네이비],https://image.msscdn.net/images/goods_img/20240620/4209346/4209346_17241614820187_500.jpg,False
2024-09,A,002003,슈트/블레이저 재킷,002,아우터,23,4209345,musinsastandard,무신사 스탠다드,시티 워커스 코튼 블레이저 [다크 그레이],https://image.msscdn.net/images/goods_img/20240620/4209345/4209345_17241998872915_500.jpg,False
2024-09,A,002003,슈트/블레이저 재킷,002,아우터,24,3445828,dunstforwomen,던스트,ESSENTIAL 2 BUTTON WOOL BLAZER_UDJA5A202_BLACK,https://image.msscdn.net/images/goods_img/20230804/3445828/3445828_17883291824945_500.jpg,False
2024-09,A,002003,슈트/블레이저 재킷,002,아우터,25,3790872,musinsastandard,무신사 스탠다드,시티 레저 CN 루즈 핏 블레이저 [그레이],https://image.msscdn.net/images/goods_img/20240112/3790872/3790872_17098804886665_500.jpg,False
2024-09,A,002003,슈트/블레이저 재킷,002,아우터,26,4330504,oheshio,오헤시오,"ROUND FRILL JACKET, BLACK",https://image.msscdn.net/images/goods_img/20240814/4330504/4330504_17253334375808_500.jpg,False
2024-09,A,002003,슈트/블레이저 재킷,002,아우터,27,3485946,drawfitwomen,드로우핏 우먼,버튼 트위드 자켓 [BLACK],https://image.msscdn.net/images/goods_img/20230822/3485946/3485946_17750173227927_500.jpg,False
2024-09,A,002003,슈트/블레이저 재킷,002,아우터,28,3845882,citybreeze,시티브리즈,루즈핏 사선 절개 싱글 자켓_BLACK,https://image.msscdn.net/images/goods_img/20240205/3845882/3845882_17800355468865_500.jpg,False
2024-09,A,002003,슈트/블레이저 재킷,002,아우터,29,2808735,tradclubvintage,트래드클럽,캔터베리 클래식 레귤러 셋업 수트,https://image.msscdn.net/images/goods_img/20220921/2808735/2808735_17116072363778_500.jpg,False
2024-09,A,002003,슈트/블레이저 재킷,002,아우터,30,2326762,dimitriblack,디미트리블랙,와이드핏 컴포트 수트 셋업 블랙,https://image.msscdn.net/images/goods_img/20220125/2326762/2326762_17171354973347_500.jpg,False
2024-09,A,002004,스타디움 재킷,002,아우터,1,2782958,1993studio,1993스튜디오,빈티지 바시티 자켓_네이비,https://image.msscdn.net/images/goods_img/20220908/2782958/2782958_1_500.jpg,False
2024-09,A,002004,스타디움 재킷,002,아우터,2,3049469,prendafromplant,프렌다,SWEAT VARSITY JACKET NAVY,https://image.msscdn.net/images/goods_img/20230131/3049469/3049469_16751367130837_500.png,False
2024-09,A,002004,스타디움 재킷,002,아우터,3,3061176,poloralphlauren,폴로 랄프 로렌,[NEW YORK BOXING CLUB] 새틴 바시티 리버시블 재킷 - 블랙,https://image.msscdn.net/images/goods_img/20230206/3061176/3061176_17161651575693_500.jpg,False
2024-09,A,002004,스타디움 재킷,002,아우터,4,3439979,urbandtype,어반디타입,(패딩or논패딩 선택) 코듀로이 래글런 자켓_네이비,https://image.msscdn.net/images/goods_img/20230801/3439979/3439979_17346618324739_500.jpg,False
2024-09,A,002004,스타디움 재킷,002,아우터,5,2752332,lettercomo,레테르코모,빅 어워드 스타디움 울 바시티자켓 블랙,https://image.msscdn.net/images/goods_img/20220829/2752332/2752332_17600737132519_500.jpg,False
2024-09,A,002004,스타디움 재킷,002,아우터,6,3645434,poloralphlauren,폴로 랄프 로렌,플리스 베이스볼 재킷 - 아이보리,https://image.msscdn.net/images/goods_img/20231020/3645434/3645434_16992306653497_500.jpg,False
2024-09,A,002004,스타디움 재킷,002,아우터,7,4252239,urbandtype,어반디타입,(패딩or논패딩 선택) 코듀로이 래글런 자켓_아이보리,https://image.msscdn.net/images/goods_img/20240716/4252239/4252239_17556561101022_500.jpg,False
2024-09,A,002004,스타디움 재킷,002,아우터,8,3448522,amesworldwide,아메스 월드와이드,NYLON STADIUM JACKET NAVY (AM2DFUJ240A),https://image.msscdn.net/images/goods_img/20230807/3448522/3448522_16926029585018_500.jpg,False
2024-09,A,002004,스타디움 재킷,002,아우터,9,2959465,rawlab,로우랩,R 시티 헤비 바시티자켓 (네이비),https://image.msscdn.net/images/goods_img/20221124/2959465/2959465_1_500.jpg,False
2024-09,A,002004,스타디움 재킷,002,아우터,10,3439975,urbandtype,어반디타입,(패딩or논패딩 선택) 코듀로이 래글런 자켓_핑크,https://image.msscdn.net/images/goods_img/20230801/3439975/3439975_17346618498463_500.jpg,False
2024-09,A,002004,스타디움 재킷,002,아우터,11,2857983,timcomix,팀코믹스,8 BALL VARSITY JACKET BLACK,https://image.msscdn.net/images/goods_img/20221013/2857983/2857983_16988208342409_500.jpg,False
2024-09,A,002004,스타디움 재킷,002,아우터,12,3466617,thisisneverthat,디스이즈네버댓,Satin Varsity Jacket Black,https://image.msscdn.net/images/goods_img/20230816/3466617/3466617_16921759979902_500.jpg,False
2024-09,A,002004,스타디움 재킷,002,아우터,13,3030682,drawfit,드로우핏,울 스타디움 라인 집업 자켓 [BLACK],https://image.msscdn.net/images/goods_img/20230118/3030682/3030682_17629152428707_500.jpg,False
2024-09,A,002004,스타디움 재킷,002,아우터,14,2756324,dominant,도미넌트,Dragon Varsity Jacket_Brown,https://image.msscdn.net/images/goods_img/20220830/2756324/2756324_16951148765758_500.jpg,False
2024-09,A,002004,스타디움 재킷,002,아우터,15,2093817,takeasy,테이크이지,라쿠 베이스볼 오버자켓(네이비),https://image.msscdn.net/images/goods_img/20210827/2093817/2093817_4_500.jpg,False
2024-09,A,002004,스타디움 재킷,002,아우터,16,4252321,urbandtype,어반디타입,홈보이 울 바시티 자켓_오렌지,https://image.msscdn.net/images/goods_img/20240716/4252321/4252321_17618040364916_500.jpg,False
2024-09,A,002004,스타디움 재킷,002,아우터,17,4280331,nomanual,노매뉴얼,W.S VARSITY JACKET - BLACK,https://image.msscdn.net/images/goods_img/20240729/4280331/4280331_17231681884095_500.jpg,False
2024-09,A,002004,스타디움 재킷,002,아우터,18,2724701,travel,트래블,스카우트 바시티 스웨트-자켓 블랙,https://image.msscdn.net/images/goods_img/20220818/2724701/2724701_3_500.jpg,False
2024-09,A,002004,스타디움 재킷,002,아우터,19,2752807,kiimuir,키뮤어,[25SS] 울(WOOL) 바시티 자켓_블랙,https://image.msscdn.net/images/goods_img/20220830/2752807/2752807_17664729093372_500.jpg,False
2024-09,A,002004,스타디움 재킷,002,아우터,20,3390496,standarderror,스탠다드에러,87-STAN008 파이핑 카라 바시티 레더 자켓 블랙,https://image.msscdn.net/images/goods_img/20230630/3390496/3390496_17551512881281_500.jpg,False
2024-09,A,002004,스타디움 재킷,002,아우터,21,3539168,thevinylhouse,더바이닐하우스,YIN YANG VARSITY JACKET NAVY (VH2DWUB902A),https://image.msscdn.net/images/goods_img/20230907/3539168/3539168_16944290690983_500.jpg,False
2024-09,A,002004,스타디움 재킷,002,아우터,22,3290310,kenzo,겐조,세일러 카라 스타디움 재킷 - 네이비 / FD55BL1339ON77,https://image.msscdn.net/images/goods_img/20230511/3290310/3290310_16867218853604_500.jpg,False
2024-09,A,002004,스타디움 재킷,002,아우터,23,3132559,1993studio,1993스튜디오,[LG트윈스] V3 챔피언 바시티 자켓_블랙,https://image.msscdn.net/images/goods_img/20230308/3132559/3132559_17098771599537_500.jpg,False
2024-09,A,002004,스타디움 재킷,002,아우터,24,3473941,timcomix,팀코믹스,BROKEN DICE VARSITY JACKET BLACK,https://image.msscdn.net/images/goods_img/20230817/3473941/3473941_17084041516700_500.jpg,False
2024-09,A,002004,스타디움 재킷,002,아우터,25,3778226,lee,리,캔자스 시티 바시티 자켓 네이비,https://image.msscdn.net/images/goods_img/20240105/3778226/3778226_17073568406566_500.jpg,False
2024-09,A,002004,스타디움 재킷,002,아우터,26,3423364,retrieverclub,리트리버클럽,BIG R SOCCER VARSITY JACKET [BLUE],https://image.msscdn.net/images/goods_img/20230724/3423364/3423364_16901928542113_500.jpg,False
2024-09,A,002004,스타디움 재킷,002,아우터,27,2352895,partimento,파르티멘토,코듀로이 바시티 자켓 네이비,https://image.msscdn.net/images/goods_img/20220210/2352895/2352895_1_500.jpg,False
2024-09,A,002004,스타디움 재킷,002,아우터,28,3520523,v2,브이투,70227 울 바시티 자켓_블랙,https://image.msscdn.net/images/goods_img/20230901/3520523/3520523_16935306610004_500.jpg,False
2024-09,A,002004,스타디움 재킷,002,아우터,29,2804237,5252byoioi,오아이오아이 컬렉션,COLOR BLOCK WOOL BASEBALL JACKET [BROWN],https://image.msscdn.net/images/goods_img/20220920/2804237/2804237_3_500.jpg,False
2024-09,A,002004,스타디움 재킷,002,아우터,30,2752336,lettercomo,레테르코모,빅 어워드 스타디움 울 바시티자켓 다크네이비,https://image.msscdn.net/images/goods_img/20220829/2752336/2752336_17600739216352_500.jpg,False
2024-09,A,002006,나일론/코치 재킷,002,아우터,1,2723218,dimitriblack,디미트리블랙,ASI 2WAY 어센틱 후드 윈드브레이커 자켓_블랙,https://image.msscdn.net/images/goods_img/20220817/2723218/2723218_17603312716294_500.jpg,False
2024-09,A,002006,나일론/코치 재킷,002,아우터,2,4437501,partimentowomen,파르티멘토 우먼,리버시블 후디드 윈드브레이커_블랙,https://image.msscdn.net/images/goods_img/20240912/4437501/4437501_17268242967118_500.jpg,False
2024-09,A,002006,나일론/코치 재킷,002,아우터,3,2471405,slowrecordhouse,슬로우 레코드 하우스,파이핑 라인 나일론 자켓_네이비,https://image.msscdn.net/images/goods_img/20220406/2471405/2471405_17013952125581_500.jpg,False
2024-09,A,002006,나일론/코치 재킷,002,아우터,4,1530516,codegraphy,코드그라피,2-WAY 테크 숏 자켓_블랙,https://image.msscdn.net/images/goods_img/20200729/1530516/1530516_17773571044222_500.jpg,False
2024-09,A,002006,나일론/코치 재킷,002,아우터,5,4437500,partimentowomen,파르티멘토 우먼,리버시블 후디드 윈드브레이커_민트 그레이,https://image.msscdn.net/images/goods_img/20240912/4437500/4437500_17268203705352_500.jpg,False
2024-09,A,002006,나일론/코치 재킷,002,아우터,6,3455882,filluminate,필루미네이트,타슬란 윈드 테이커 자켓-라이트그레이,https://image.msscdn.net/images/goods_img/20230809/3455882/3455882_17827964138309_500.jpg,False
2024-09,A,002006,나일론/코치 재킷,002,아우터,7,3793565,musinsastandard,무신사 스탠다드,시티 레저 시어 윈드브레이커 재킷 [블랙],https://image.msscdn.net/images/goods_img/20240112/3793565/3793565_17738965169888_500.jpg,False
2024-09,A,002006,나일론/코치 재킷,002,아우터,8,3455892,filluminate,필루미네이트,타슬란 윈드 테이커 자켓-블랙,https://image.msscdn.net/images/goods_img/20230809/3455892/3455892_17827964402390_500.jpg,False
2024-09,A,002006,나일론/코치 재킷,002,아우터,9,2329532,nomanual,노매뉴얼,PENON WIND SHELL - BLACK,https://image.msscdn.net/images/goods_img/20220126/2329532/2329532_16762491689303_500.jpg,False
2024-09,A,002006,나일론/코치 재킷,002,아우터,10,2723216,dimitriblack,디미트리블랙,ASI 2WAY 어센틱 후드 윈드브레이커 자켓_올리브,https://image.msscdn.net/images/goods_img/20220817/2723216/2723216_17217096418459_500.jpg,False
2024-09,A,002006,나일론/코치 재킷,002,아우터,11,3212915,compagno,꼼파뇨,크래킹 후드 윈드브레이커 그레이,https://image.msscdn.net/images/goods_img/20230406/3212915/3212915_16902464685664_500.jpg,False
2024-09,A,002006,나일론/코치 재킷,002,아우터,12,3034336,espionage,에스피오나지,Ray Yacht Parka Carrot,https://image.msscdn.net/images/goods_img/20230119/3034336/3034336_16756599080513_500.jpg,False
2024-09,A,002006,나일론/코치 재킷,002,아우터,13,1571878,codegraphy,코드그라피,[SET] 2-WAY 테크 숏 자켓 셋업_블랙,https://image.msscdn.net/images/goods_img/20200831/1571878/1571878_17730339892071_500.jpg,False
2024-09,A,002006,나일론/코치 재킷,002,아우터,14,4243263,urbandtype,어반디타입,커브드 래글런 윈드브레이커_블랙,https://image.msscdn.net/images/goods_img/20240710/4243263/4243263_17417413720743_500.jpg,False
2024-09,A,002006,나일론/코치 재킷,002,아우터,15,4243253,urbandtype,어반디타입,커브드 래글런 윈드브레이커_핑크,https://image.msscdn.net/images/goods_img/20240710/4243253/4243253_17349372715106_500.jpg,False
2024-09,A,002006,나일론/코치 재킷,002,아우터,16,3209864,not4nerd,낫포너드,Tribal Logo Nylon Racing Jacket - Black,https://image.msscdn.net/images/goods_img/20230405/3209864/3209864_16810674167028_500.jpg,False
2024-09,A,002006,나일론/코치 재킷,002,아우터,17,3797177,spao,스파오,후드 윈드브레이커_SPJJE23C24,https://image.msscdn.net/images/goods_img/20240116/3797177/3797177_17276775982243_500.jpg,False
2024-09,A,002006,나일론/코치 재킷,002,아우터,18,3793560,musinsastandard,무신사 스탠다드,오버사이즈 하이넥 윈드브레이커 재킷 [블랙],https://image.msscdn.net/images/goods_img/20240112/3793560/3793560_17080496946411_500.jpg,False
2024-09,A,002006,나일론/코치 재킷,002,아우터,19,2343198,espionage,에스피오나지,Ray Yacht Parka Black,https://image.msscdn.net/images/goods_img/20220207/2343198/2343198_2_500.jpg,False
2024-09,A,002006,나일론/코치 재킷,002,아우터,20,3793568,musinsastandard,무신사 스탠다드,시티 레저 시어 윈드브레이커 재킷 [클라우디 블루],https://image.msscdn.net/images/goods_img/20240112/3793568/3793568_17738965508061_500.jpg,False
2024-09,A,002006,나일론/코치 재킷,002,아우터,21,3034346,espionage,에스피오나지,Mountain Wind Parka Black,https://image.msscdn.net/images/goods_img/20230119/3034346/3034346_16756599638463_500.jpg,False
2024-09,A,002006,나일론/코치 재킷,002,아우터,22,2534895,slowrecordhouse,슬로우 레코드 하우스,파이핑 라인 나일론 자켓_블랙&베이지,https://image.msscdn.net/images/goods_img/20220502/2534895/2534895_17014068157715_500.jpg,False
2024-09,A,002006,나일론/코치 재킷,002,아우터,23,3865936,maninstore,무드인사이드,스페셜 후드 바람막이_Black,https://image.msscdn.net/images/goods_img/20240214/3865936/3865936_17748561272852_500.jpg,False
2024-09,A,002006,나일론/코치 재킷,002,아우터,24,3791038,codegraphy,코드그라피,[SET] [배색ver.] 2-WAY 배색 테크 숏 자켓 셋업_블랙,https://image.msscdn.net/images/goods_img/20240112/3791038/3791038_17718150719568_500.jpg,False
2024-09,A,002006,나일론/코치 재킷,002,아우터,25,3461538,trillion,트릴리온,디비전 나일론 후드 집업 윈드브레이커 자켓 (BLACK),https://image.msscdn.net/images/goods_img/20230811/3461538/3461538_17720845137190_500.jpg,False
2024-09,A,002006,나일론/코치 재킷,002,아우터,26,3835864,oheshio,오헤시오,dot frill hooded windbreaker jumper (black),https://image.msscdn.net/images/goods_img/20240131/3835864/3835864_17091228036119_500.jpg,False
2024-09,A,002006,나일론/코치 재킷,002,아우터,27,3037477,dimitriblack,디미트리블랙,ASI 2WAY 어센틱 후드 윈드브레이커 자켓_차콜그레이,https://image.msscdn.net/images/goods_img/20230125/3037477/3037477_17164427030684_500.png,False
2024-09,A,002006,나일론/코치 재킷,002,아우터,28,4437499,partimentowomen,파르티멘토 우먼,리버시블 후디드 윈드브레이커_차콜,https://image.msscdn.net/images/goods_img/20240912/4437499/4437499_17268190064980_500.jpg,False
2024-09,A,002006,나일론/코치 재킷,002,아우터,29,1620287,poloralphlauren,폴로 랄프 로렌,바이스윙 윈드브레이커 - 블랙,https://image.msscdn.net/images/goods_img/20200923/1620287/1620287_2_500.jpg,False
2024-09,A,002006,나일론/코치 재킷,002,아우터,30,4407982,1993studio,1993스튜디오,[FC서울] 스몰 로고 배색 나일론 자켓_블랙,https://image.msscdn.net/images/goods_img/20240905/4407982/4407982_17258447596511_500.jpg,False
2024-09,A,002019,아노락 재킷,002,아우터,1,850405,search410,써치410,[UNISEX] TRIPLE COMBINATION WINDBREAKER_VIOLET,https://image.msscdn.net/images/goods_img/20180906/850405/850405_5_500.jpg,False
2024-09,A,002019,아노락 재킷,002,아우터,2,4211773,adidas,아디다스,에센셜 3S 우븐 윈드브레이커 IB0384,https://image.msscdn.net/images/goods_img/20240620/4211773/4211773_17188784316546_500.jpg,False
2024-09,A,002019,아노락 재킷,002,아우터,3,3434841,xtonz,엑스톤즈,XJ98 플리츠 배색 바람막이 (GRAY),https://image.msscdn.net/images/goods_img/20230731/3434841/3434841_16993169540228_500.jpg,False
2024-09,A,002019,아노락 재킷,002,아우터,4,1817381,travel,트래블,트래블러 버튼 아노락 네이비,https://image.msscdn.net/images/goods_img/20210226/1817381/1817381_2_500.jpg,False
2024-09,A,002019,아노락 재킷,002,아우터,5,3791888,umbro,엄브로,컬러블럭 스탠넥 아노락 블랙(UP121CWT24),https://image.msscdn.net/images/goods_img/20240112/3791888/3791888_17310339853908_500.jpg,False
2024-09,A,002019,아노락 재킷,002,아우터,6,3191935,not4nerd,낫포너드,Nylon Color Block Anorak Pullover - Black,https://image.msscdn.net/images/goods_img/20230329/3191935/3191935_16810686023014_500.jpg,False
2024-09,A,002019,아노락 재킷,002,아우터,7,3884995,menasoo,미나수,HEARTTRACK VNECK NYLON ANORAK JACKET_WHITE,https://image.msscdn.net/images/goods_img/20240220/3884995/3884995_17090972830585_500.jpg,False
2024-09,A,002019,아노락 재킷,002,아우터,8,3869882,travel,트래블,컬러 블록 포켓 아노락 콘 플라워,https://image.msscdn.net/images/goods_img/20240214/3869882/3869882_17091906765696_500.jpg,False
2024-09,A,002019,아노락 재킷,002,아우터,9,3868091,thenorthface,노스페이스,NA3BQ05A 남성 하이 마운틴 아노락,https://image.msscdn.net/images/goods_img/20240214/3868091/3868091_17078916452429_500.jpg,False
2024-09,A,002019,아노락 재킷,002,아우터,10,3100545,umbro,엄브로,클래식 스탠넥 아노락 블랙(UP321CWT96),https://image.msscdn.net/images/goods_img/20230222/3100545/3100545_17548990274331_500.jpg,False
2024-09,A,002019,아노락 재킷,002,아우터,11,3976160,nike,나이키,클럽 마리나 아노락 M - 블랙:화이트 / FN3893-010,https://image.msscdn.net/images/goods_img/20240321/3976160/3976160_17115944335560_500.jpg,False
2024-09,A,002019,아노락 재킷,002,아우터,12,3461531,trillion,트릴리온,디비전 나일론 후드 집업 윈드브레이커 자켓 (GREEN),https://image.msscdn.net/images/goods_img/20230811/3461531/3461531_17170541973327_500.jpg,False
2024-09,A,002019,아노락 재킷,002,아우터,13,4303002,thisisneverthat,디스이즈네버댓,Anorak Jacket Brown,https://image.msscdn.net/images/goods_img/20240807/4303002/4303002_17235329787672_500.jpg,False
2024-09,A,002019,아노락 재킷,002,아우터,14,3809707,lee,리,아노락 자켓 블랙,https://image.msscdn.net/images/goods_img/20240119/3809707/3809707_17060615063699_500.jpg,False
2024-09,A,002019,아노락 재킷,002,아우터,15,3466549,kiimuir,키뮤어,2-WAY 릴렉스드 헤링턴 자켓_4 color,https://image.msscdn.net/images/goods_img/20230816/3466549/3466549_17732985666081_500.jpg,False
2024-09,A,002019,아노락 재킷,002,아우터,16,4328387,lecoq,르꼬끄,네오 선데이 듀스 자켓 블랙(QP323TJK91),https://image.msscdn.net/images/goods_img/20240814/4328387/4328387_17718952127475_500.jpg,False
2024-09,A,002019,아노락 재킷,002,아우터,17,1810261,urbanplayers,어반플레이어스,오리지널핏 아노락 자켓 (블랙),https://image.msscdn.net/images/goods_img/20210223/1810261/1810261_1_500.jpg,False
2024-09,A,002019,아노락 재킷,002,아우터,18,1776549,urbandtype,어반디타입,[ 리뉴얼 ] 아노락 쓰리피스 풀 셋업_민트 그레이,https://image.msscdn.net/images/goods_img/20210204/1776549/1776549_17152450598833_500.jpg,False
2024-09,A,002019,아노락 재킷,002,아우터,19,4335880,oheshio,오헤시오,"HOODED ANORAK, NAVY",https://image.msscdn.net/images/goods_img/20240816/4335880/4335880_17252644479482_500.jpg,False
2024-09,A,002019,아노락 재킷,002,아우터,20,2000085,superlit,에스릿 스튜디오,[SET] 스테디 라이트 아노락 3P 셋업 블랙,https://image.msscdn.net/images/prd_img/20210617/2000085/detail_2000085_1_500.jpg,False
2024-09,A,002019,아노락 재킷,002,아우터,21,1776861,secondmonolgue,세컨모놀로그,나일론 윈드 후드 필드 자켓 [BLACK]_COOSJP029BLACK,https://image.msscdn.net/images/goods_img/20210204/1776861/1776861_17416611391481_500.jpg,False
2024-09,A,002019,아노락 재킷,002,아우터,22,4332110,oheshio,오헤시오,"STRIPE HOODED WINDBREAKER JUMPER, SKYBLUE",https://image.msscdn.net/images/goods_img/20240814/4332110/4332110_17253341053144_500.jpg,False
2024-09,A,002019,아노락 재킷,002,아우터,23,3812094,secondmonolgue,세컨모놀로그,스냅 체크 후드 셔츠 자켓 [BEIGE]_SEJK011BEIGE,https://image.msscdn.net/images/goods_img/20240122/3812094/3812094_17769925682415_500.jpg,False
2024-09,A,002019,아노락 재킷,002,아우터,24,3461513,trillion,트릴리온,디비전 나일론 후드 집업 윈드브레이커 자켓 (LIGHT GRAY),https://image.msscdn.net/images/goods_img/20230811/3461513/3461513_17170542339453_500.jpg,False
2024-09,A,002019,아노락 재킷,002,아우터,25,4335877,oheshio,오헤시오,"HOODED ANORAK, BROWN",https://image.msscdn.net/images/goods_img/20240816/4335877/4335877_17252645191109_500.jpg,False
2024-09,A,002019,아노락 재킷,002,아우터,26,4400327,borntowin,본투윈,REFLECTIVE LINE BIG SYMBOL ANORAK JAKET [BLACK],https://image.msscdn.net/images/goods_img/20240903/4400327/4400327_17612218023319_500.jpg,False
2024-09,A,002019,아노락 재킷,002,아우터,27,3836932,dimitriblack,디미트리블랙,VLAD D-Layer™더블레이어 윈드브레이커 자켓_차콜/라이트 그레이,https://image.msscdn.net/images/goods_img/20240131/3836932/3836932_17171262326233_500.png,False
2024-09,A,002019,아노락 재킷,002,아우터,28,3376223,theidentityproject,더 아이덴티티 프로젝트,Curve line anorak jumper [Black],https://image.msscdn.net/images/goods_img/20230621/3376223/3376223_16889062009660_500.jpg,False
2024-09,A,002019,아노락 재킷,002,아우터,29,3890249,maisonmargiela,메종 마르지엘라,요크 해링턴 재킷 - 차콜 / S50AM0603S53735855,https://image.msscdn.net/images/goods_img/20240222/3890249/3890249_17097924659142_500.jpg,False
2024-09,A,002019,아노락 재킷,002,아우터,30,3512732,lecoq,르꼬끄,듀스 리버시블 자켓 아이보리(QO323TJK91),https://image.msscdn.net/images/goods_img/20230830/3512732/3512732_17298975714021_500.jpg,False
2024-09,A,002018,트레이닝 재킷,002,아우터,1,3563185,adidas,아디다스,파이어버드 트랙탑 - 블랙 / IJ7058,https://image.msscdn.net/images/goods_img/20230915/3563185/3563185_16950017775747_500.jpg,False
2024-09,A,002018,트레이닝 재킷,002,아우터,2,3588413,adidas,아디다스,베켄바우어 트랙탑 - 블랙:화이트 / II5763,https://image.msscdn.net/images/goods_img/20230922/3588413/3588413_16957743454348_500.jpg,False
2024-09,A,002018,트레이닝 재킷,002,아우터,3,3422706,adidas,아디다스,파이어버드 트랙탑  - 블랙 / IL8764,https://image.msscdn.net/images/goods_img/20230724/3422706/3422706_16904232602323_500.jpg,False
2024-09,A,002018,트레이닝 재킷,002,아우터,4,2353497,urbandtype,어반디타입,OL209_러닝클럽 트랙 자켓_네이비,https://image.msscdn.net/images/goods_img/20220210/2353497/2353497_17875332753234_500.jpg,False
2024-09,A,002018,트레이닝 재킷,002,아우터,5,3850080,adidas,아디다스,파이어버드 루즈 트랙탑 - 블랙 / IT7405,https://image.msscdn.net/images/goods_img/20240206/3850080/3850080_17072770370493_500.jpg,False
2024-09,A,002018,트레이닝 재킷,002,아우터,6,4280527,travel,트래블,져지 트랙 자켓 아이보리,https://image.msscdn.net/images/goods_img/20240729/4280527/4280527_17693915589684_500.jpg,False
2024-09,A,002018,트레이닝 재킷,002,아우터,7,3999802,adidas,아디다스,파이어버드 트랙탑 - 인디고 / IR9893,https://image.msscdn.net/images/goods_img/20240328/3999802/3999802_17116109248923_500.jpg,False
2024-09,A,002018,트레이닝 재킷,002,아우터,8,4234917,adidas,아디다스,베켄바우어 트랙탑 - 블랙 / IW3174,https://image.msscdn.net/images/goods_img/20240705/4234917/4234917_17205041502880_500.jpg,False
2024-09,A,002018,트레이닝 재킷,002,아우터,9,4260500,adidas,아디다스,FC 바이에른 오리지널스 트랙탑 - 레드 / IS6508,https://image.msscdn.net/images/goods_img/20240719/4260500/4260500_17216319498188_500.jpg,False
2024-09,A,002018,트레이닝 재킷,002,아우터,10,4280525,travel,트래블,져지 트랙 자켓 네이비,https://image.msscdn.net/images/goods_img/20240729/4280525/4280525_17230945367525_500.jpg,False
2024-09,A,002018,트레이닝 재킷,002,아우터,11,4258389,adidas,아디다스,ADILENIUM 2 메가브레이크 자켓 - 블랙 / JN0810,https://image.msscdn.net/images/goods_img/20240718/4258389/4258389_17229289413303_500.jpg,False
2024-09,A,002018,트레이닝 재킷,002,아우터,12,4319020,prendafromplant,프렌다,RAGLAN TRACK JERSEY JACKET LIGHT GRAY NAVY,https://image.msscdn.net/images/goods_img/20240812/4319020/4319020_17242869098676_500.jpg,False
2024-09,A,002018,트레이닝 재킷,002,아우터,13,3797838,adidas,아디다스,베켄바우어 트랙탑 - 인디고 / IP0418,https://image.msscdn.net/images/goods_img/20240116/3797838/3797838_17054696094278_500.jpg,False
2024-09,A,002018,트레이닝 재킷,002,아우터,14,4260540,adidas,아디다스,파이어버드 트랙탑 - 미드그린 / IY9892,https://image.msscdn.net/images/goods_img/20240719/4260540/4260540_17216328774933_500.jpg,False
2024-09,A,002018,트레이닝 재킷,002,아우터,15,4336062,adidas,아디다스,파이어버드 니트 탑 - 블랙 / IY7278,https://image.msscdn.net/images/goods_img/20240816/4336062/4336062_17242236131024_500.jpg,False
2024-09,A,002018,트레이닝 재킷,002,아우터,16,4352972,adidas,아디다스,파이어버드 트랙탑 - 올리브 / IY4742,https://image.msscdn.net/images/goods_img/20240821/4352972/4352972_17243029171029_500.jpg,False
2024-09,A,002018,트레이닝 재킷,002,아우터,17,4307075,nerdy,널디,클래식 NY 트랙 탑 라이트베이지,https://image.msscdn.net/images/goods_img/20240807/4307075/4307075_17524663984063_500.png,False
2024-09,A,002018,트레이닝 재킷,002,아우터,18,4352983,adidas,아디다스,우븐 파이어버드 트랙탑 - 브라운 / IZ2424,https://image.msscdn.net/images/goods_img/20240821/4352983/4352983_17243031264685_500.jpg,False
2024-09,A,002018,트레이닝 재킷,002,아우터,19,3771149,adidas,아디다스,우븐 파이어버드 트랙탑 - 블랙 / IT2491,https://image.msscdn.net/images/goods_img/20240102/3771149/3771149_17042416430428_500.jpg,False
2024-09,A,002018,트레이닝 재킷,002,아우터,20,4299259,adidas,아디다스,ADILENIUM  2 오버사이즈 트랙탑 - 블랙 / JM9251,https://image.msscdn.net/images/goods_img/20240806/4299259/4299259_17231905137986_500.jpg,False
2024-09,A,002018,트레이닝 재킷,002,아우터,21,4352982,adidas,아디다스,우븐 파이어버드 트랙탑 - 딥퍼플 / IZ2416,https://image.msscdn.net/images/goods_img/20240821/4352982/4352982_17243030394575_500.jpg,False
2024-09,A,002018,트레이닝 재킷,002,아우터,22,4447073,geng,젠지,Gen.G X Descente 2024 Worlds Official Player Jacket,https://image.msscdn.net/images/goods_img/20240920/4447073/4447073_17567125215368_500.png,False
2024-09,A,002018,트레이닝 재킷,002,아우터,23,3010431,satur,세터,로턴 올 데이 트랙 집업 자켓 캐비어 블랙,https://image.msscdn.net/images/goods_img/20230109/3010431/3010431_17255123428915_500.jpg,False
2024-09,A,002018,트레이닝 재킷,002,아우터,24,4066024,thenorthface,노스페이스,NJ3BQ11J 화이트라벨 아이스 런 EX 자켓,https://image.msscdn.net/images/goods_img/20240418/4066024/4066024_17134150418889_500.jpg,False
2024-09,A,002018,트레이닝 재킷,002,아우터,25,4308735,adidas,아디다스,파이어버드 피티드 트랙탑 - 샌디핑크 / IY9521,https://image.msscdn.net/images/goods_img/20240808/4308735/4308735_17236099666861_500.jpg,False
2024-09,A,002018,트레이닝 재킷,002,아우터,26,3921510,volante,볼란테,Triple V Tab Warm-up Jacket [Black],https://image.msscdn.net/images/goods_img/20240305/3921510/3921510_17183400099887_500.jpg,False
2024-09,A,002018,트레이닝 재킷,002,아우터,27,4138163,nike,나이키,스포츠웨어 우븐 재킷 W - 블랙:라이트 퓨미스:화이트 / FN1941-010,https://image.msscdn.net/images/goods_img/20240517/4138163/4138163_17162564649028_500.jpg,False
2024-09,A,002018,트레이닝 재킷,002,아우터,28,4340745,adidas,아디다스,파이어버드 트랙탑 - 딥퍼플 / IY9893,https://image.msscdn.net/images/goods_img/20240819/4340745/4340745_17243007076866_500.jpg,False
2024-09,A,002018,트레이닝 재킷,002,아우터,29,3874736,satur,세터,로턴 칼라 트랙 집업 자켓 캐비어 블랙,https://image.msscdn.net/images/goods_img/20240215/3874736/3874736_17580830363608_500.jpg,False
2024-09,A,002018,트레이닝 재킷,002,아우터,30,4280526,travel,트래블,져지 트랙 자켓 브라운,https://image.msscdn.net/images/goods_img/20240729/4280526/4280526_17313741600749_500.jpg,False
2024-09,A,002008,환절기 코트,002,아우터,1,4268575,overdueflair,오버듀플레어,CLASSIC SUEDE JACKET_CAMEL,https://image.msscdn.net/images/goods_img/20240723/4268575/4268575_17242222531735_500.jpg,False
2024-09,A,002008,환절기 코트,002,아우터,2,2360891,urago,유라고,Mac half trench coat,https://image.msscdn.net/images/goods_img/20220215/2360891/2360891_17901400385390_500.jpg,False
2024-09,A,002008,환절기 코트,002,아우터,3,709188,drawfit,드로우핏,오버사이즈 울 트렌치 코트 [BLACK],https://image.msscdn.net/images/goods_img/20180205/709188/709188_16917313775663_500.jpg,False
2024-09,A,002008,환절기 코트,002,아우터,4,2683856,poloralphlauren,폴로 랄프 로렌,트윌 워킹 윈드브레이커 - 베이지,https://image.msscdn.net/images/goods_img/20220727/2683856/2683856_1_500.jpg,False
2024-09,A,002008,환절기 코트,002,아우터,5,2683854,poloralphlauren,폴로 랄프 로렌,트윌 워킹 윈드브레이커 - 네이비,https://image.msscdn.net/images/goods_img/20220727/2683854/2683854_1_500.jpg,False
2024-09,A,002008,환절기 코트,002,아우터,6,3182702,isabelmarant,이자벨마랑,버튼 프론트 코트 - 카키 / VE0057HAA1G24H67KI,https://image.msscdn.net/images/goods_img/20230327/3182702/3182702_16830815375543_500.jpg,False
2024-09,A,002008,환절기 코트,002,아우터,7,680961,flareup,플레어업,오버사이즈 트렌치코트 (FL-012),https://image.msscdn.net/images/prd_img/20171130/680961/detail_680961_37_500.jpg,False
2024-09,A,002008,환절기 코트,002,아우터,8,2489374,lemaire,르메르,더블 브레스티드 소프트 트렌치 코트 - 아몬드 밀크 / CO172LF700222,https://image.msscdn.net/images/goods_img/20220414/2489374/2489374_1_500.jpg,False
2024-09,A,002008,환절기 코트,002,아우터,9,1760164,drawfit,드로우핏,울 블렌딩 발마칸 오버 코트 [BLACK],https://image.msscdn.net/images/goods_img/20210125/1760164/1760164_16735775758417_500.jpg,False
2024-09,A,002008,환절기 코트,002,아우터,10,4359508,lenina,르니나,BAYLIN cape trench coat_BEIGE,https://image.msscdn.net/images/goods_img/20240822/4359508/4359508_17721808064655_500.jpg,False
2024-09,A,002008,환절기 코트,002,아우터,11,709189,drawfit,드로우핏,오버사이즈 울 트렌치 코트 [BEIGE],https://image.msscdn.net/images/goods_img/20180205/709189/709189_16917313543519_500.jpg,False
2024-09,A,002008,환절기 코트,002,아우터,12,4355179,dunstforwomen,던스트,UNISEX HALF MAC COAT CLASSIC BEIGE_UDTR4C101I2,https://image.msscdn.net/images/goods_img/20240821/4355179/4355179_17252537388021_500.jpg,False
2024-09,A,002008,환절기 코트,002,아우터,13,2110658,nicknicole,닉앤니콜,OVERSIZED DOUBLE TRENCH COAT_8COLOR,https://image.msscdn.net/images/goods_img/20210906/2110658/2110658_17289677830789_500.jpg,False
2024-09,A,002008,환절기 코트,002,아우터,14,1269066,insilence,인사일런스,오버사이즈 트렌치 코트 BLACK,https://image.msscdn.net/images/goods_img/20200113/1269066/1269066_16928568810552_500.jpg,False
2024-09,A,002008,환절기 코트,002,아우터,15,4355181,dunstforwomen,던스트,UNISEX HALF MAC COAT BLACK_UDTR4C101BK,https://image.msscdn.net/images/goods_img/20240821/4355181/4355181_17252537326660_500.jpg,False
2024-09,A,002008,환절기 코트,002,아우터,16,3152655,mindbridge,마인드브릿지,[SMART][COUTURE]더블트렌치코트 라이트베이지 MXCA2101,https://image.msscdn.net/images/goods_img/20230316/3152655/3152655_16789399394204_500.jpg,False
2024-09,A,002008,환절기 코트,002,아우터,17,4202570,burberry,버버리,미드 렝스 캠던 헤리티지 카 코트 - 블랙 / 8079394,https://image.msscdn.net/images/goods_img/20240618/4202570/4202570_17217898234515_500.jpg,False
2024-09,A,002008,환절기 코트,002,아우터,18,3836605,espionage,에스피오나지,Tencel Cotton Shooting Coat Dark Grey,https://image.msscdn.net/images/goods_img/20240131/3836605/3836605_17071991702642_500.jpg,False
2024-09,A,002008,환절기 코트,002,아우터,19,4388100,somewherebutter,썸웨어버터,Margaret Half Trench Coat - Beige,https://image.msscdn.net/images/goods_img/20240830/4388100/4388100_17260346657386_500.jpg,False
2024-09,A,002008,환절기 코트,002,아우터,20,1758438,drawfit,드로우핏,오버사이즈 울 트렌치 코트 [GREYISH BEIGE],https://image.msscdn.net/images/goods_img/20210122/1758438/1758438_16917314292846_500.jpg,False
2024-09,A,002008,환절기 코트,002,아우터,21,1120476,drawfit,드로우핏,오버사이즈 울 트렌치 코트 [CHARCOAL],https://image.msscdn.net/images/goods_img/20190819/1120476/1120476_16917314036439_500.jpg,False
2024-09,A,002008,환절기 코트,002,아우터,22,4290310,uniformbridge,유니폼브릿지,hunting coat jacket black,https://image.msscdn.net/images/goods_img/20240801/4290310/4290310_17225050151477_500.jpg,False
2024-09,A,002008,환절기 코트,002,아우터,23,4268580,overdueflair,오버듀플레어,CLASSIC SUEDE JACKET_BLACK,https://image.msscdn.net/images/goods_img/20240723/4268580/4268580_17242223563637_500.jpg,False
2024-09,A,002008,환절기 코트,002,아우터,24,3182686,isabelmarant,이자벨마랑,가브리엘 코트 - 오렌지 / MA0019FAA1D24E11OR,https://image.msscdn.net/images/goods_img/20230327/3182686/3182686_16830816783894_500.jpg,False
2024-09,A,002008,환절기 코트,002,아우터,25,3030654,drawfit,드로우핏,울 트렌치 싱글 발마칸 코트 [GREYISH BEIGE],https://image.msscdn.net/images/goods_img/20230118/3030654/3030654_16740931272826_500.jpg,False
2024-09,A,002008,환절기 코트,002,아우터,26,3053936,insilence,인사일런스,백 디테일 울 트렌치 코트 GREY BROWN,https://image.msscdn.net/images/goods_img/20230201/3053936/3053936_16758146284449_500.jpg,False
2024-09,A,002008,환절기 코트,002,아우터,27,3174398,burberry,버버리,롱 켄싱턴 헤리티지 트렌치코트 - 허니 / 8045861,https://image.msscdn.net/images/goods_img/20230323/3174398/3174398_16868071165005_500.jpg,False
2024-09,A,002008,환절기 코트,002,아우터,28,4202567,burberry,버버리,롱 켄싱턴 헤리티지 트렌치 코트 - 블랙 / 8079384,https://image.msscdn.net/images/goods_img/20240618/4202567/4202567_17217896805637_500.jpg,False
2024-09,A,002008,환절기 코트,002,아우터,29,4202562,burberry,버버리,롱 켄싱턴 헤리티지 트렌치 코트 - 허니 / 8079414,https://image.msscdn.net/images/goods_img/20240618/4202562/4202562_17217899298658_500.jpg,False
2024-09,A,002008,환절기 코트,002,아우터,30,2774414,insilencewomen,인사일런스 우먼,미니멀 싱글 트렌치 코트 ASH BEIGE,https://image.msscdn.net/images/goods_img/20220906/2774414/2774414_16764244749556_500.jpg,False
2024-09,A,002014,사파리/헌팅 재킷,002,아우터,1,3094153,espionage,에스피오나지,Hunting Blouson Jacket Olive,https://image.msscdn.net/images/goods_img/20230220/3094153/3094153_16771294572861_500.jpg,False
2024-09,A,002014,사파리/헌팅 재킷,002,아우터,2,2737014,frizmworks,프리즘웍스,VINCENT M1965 FISHTAIL PARKA 004 _ OLIVE,https://image.msscdn.net/images/goods_img/20220823/2737014/2737014_1_500.jpg,False
2024-09,A,002014,사파리/헌팅 재킷,002,아우터,3,4209330,musinsastandard,무신사 스탠다드,캔버스 워크 재킷 [블랙],https://image.msscdn.net/images/goods_img/20240620/4209330/4209330_17242015815606_500.jpg,False
2024-09,A,002014,사파리/헌팅 재킷,002,아우터,4,3096454,frizmworks,프리즘웍스,HERITAGE HUNTING JACKET 002 _ OLIVE,https://image.msscdn.net/images/goods_img/20230221/3096454/3096454_17562766009565_500.jpg,False
2024-09,A,002014,사파리/헌팅 재킷,002,아우터,5,3790843,musinsastandard,무신사 스탠다드,백 사틴 초어 재킷 [네이비],https://image.msscdn.net/images/goods_img/20240112/3790843/3790843_17128210791358_500.jpg,False
2024-09,A,002014,사파리/헌팅 재킷,002,아우터,6,3094151,espionage,에스피오나지,Hunting Blouson Jacket Black,https://image.msscdn.net/images/goods_img/20230220/3094151/3094151_16771293582073_500.jpg,False
2024-09,A,002014,사파리/헌팅 재킷,002,아우터,7,2737008,frizmworks,프리즘웍스,OSCAR FISHTAIL JACKET 003 _ OLIVE,https://image.msscdn.net/images/goods_img/20220823/2737008/2737008_1_500.jpg,False
2024-09,A,002014,사파리/헌팅 재킷,002,아우터,8,2349901,outstanding,아웃스탠딩,CORDUROY COLLAR SHORT JACKET_OLIVE GREEN,https://image.msscdn.net/images/goods_img/20220209/2349901/2349901_17687996624748_500.jpg,False
2024-09,A,002014,사파리/헌팅 재킷,002,아우터,9,4376737,wvproject,더블유브이프로젝트,더프 헤링턴 자켓 브라운 JJOT7732,https://image.msscdn.net/images/goods_img/20240827/4376737/4376737_17247559627478_500.jpg,False
2024-09,A,002014,사파리/헌팅 재킷,002,아우터,10,3863528,frizmworks,프리즘웍스,HERITAGE HUNTING JACKET 002 _ CREAM,https://image.msscdn.net/images/goods_img/20240213/3863528/3863528_17562764796175_500.jpg,False
2024-09,A,002014,사파리/헌팅 재킷,002,아우터,11,3790836,musinsastandard,무신사 스탠다드,크리즈 레이어 필드 재킷 [블랙],https://image.msscdn.net/images/goods_img/20240112/3790836/3790836_17083169993079_500.jpg,False
2024-09,A,002014,사파리/헌팅 재킷,002,아우터,12,3790837,musinsastandard,무신사 스탠다드,크리즈 레이어 필드 재킷 [카키 그레이],https://image.msscdn.net/images/goods_img/20240112/3790837/3790837_17083169626674_500.jpg,False
2024-09,A,002014,사파리/헌팅 재킷,002,아우터,13,3096455,frizmworks,프리즘웍스,HERITAGE HUNTING JACKET 002 _ TAN,https://image.msscdn.net/images/goods_img/20230221/3096455/3096455_17562765796201_500.jpg,False
2024-09,A,002014,사파리/헌팅 재킷,002,아우터,14,3406370,lmood,엘무드,체스터 헌팅 블루종 자켓 블랙,https://image.msscdn.net/images/goods_img/20230712/3406370/3406370_17255163244682_500.jpg,False
2024-09,A,002014,사파리/헌팅 재킷,002,아우터,15,4209558,musinsastandard,무신사 스탠다드,백 사틴 초어 재킷 [다크 그레이],https://image.msscdn.net/images/goods_img/20240620/4209558/4209558_17241975155592_500.jpg,False
2024-09,A,002014,사파리/헌팅 재킷,002,아우터,16,4209334,musinsastandard,무신사 스탠다드,캔버스 워크 재킷 [아이언 그레이],https://image.msscdn.net/images/goods_img/20240620/4209334/4209334_17242016058928_500.jpg,False
2024-09,A,002014,사파리/헌팅 재킷,002,아우터,17,2737012,frizmworks,프리즘웍스,VINCENT M1965 FISHTAIL PARKA 004 _ BLACK,https://image.msscdn.net/images/goods_img/20220823/2737012/2737012_1_500.jpg,False
2024-09,A,002014,사파리/헌팅 재킷,002,아우터,18,3484627,frizmworks,프리즘웍스,HERITAGE HUNTING JACKET 002 _ NAVY,https://image.msscdn.net/images/goods_img/20230822/3484627/3484627_17562765410117_500.jpg,False
2024-09,A,002014,사파리/헌팅 재킷,002,아우터,19,1683384,poloralphlauren,폴로 랄프 로렌,코튼 트윌 필드 재킷 - 그린,https://image.msscdn.net/images/goods_img/20201109/1683384/1683384_1_500.jpg,False
2024-09,A,002014,사파리/헌팅 재킷,002,아우터,20,3818778,partimento,파르티멘토,VTG 워시드 M-65 피시테일 코트 카키,https://image.msscdn.net/images/goods_img/20240124/3818778/3818778_17062333175475_500.jpg,False
2024-09,A,002014,사파리/헌팅 재킷,002,아우터,21,3790844,musinsastandard,무신사 스탠다드,백 사틴 초어 재킷 [프렌치 블루],https://image.msscdn.net/images/goods_img/20240112/3790844/3790844_17113273413915_500.jpg,False
2024-09,A,002014,사파리/헌팅 재킷,002,아우터,22,3790842,musinsastandard,무신사 스탠다드,백 사틴 초어 재킷 [카키],https://image.msscdn.net/images/goods_img/20240112/3790842/3790842_17128247165697_500.jpg,False
2024-09,A,002014,사파리/헌팅 재킷,002,아우터,23,4209332,musinsastandard,무신사 스탠다드,캔버스 워크 재킷 [데저트 브라운],https://image.msscdn.net/images/goods_img/20240620/4209332/4209332_17242015564826_500.jpg,False
2024-09,A,002014,사파리/헌팅 재킷,002,아우터,24,4209318,musinsastandard,무신사 스탠다드,왁스드 CN 헌팅 재킷 [카키 베이지],https://image.msscdn.net/images/goods_img/20240620/4209318/4209318_17241404850243_500.jpg,False
2024-09,A,002014,사파리/헌팅 재킷,002,아우터,25,3870082,frizmworks,프리즘웍스,ROYAL HUNTING JACKET 003 _ NAVY,https://image.msscdn.net/images/goods_img/20240215/3870082/3870082_17403750278226_500.jpg,False
2024-09,A,002014,사파리/헌팅 재킷,002,아우터,26,4272207,uniformbridge,유니폼브릿지,short hunting jacket black,https://image.msscdn.net/images/goods_img/20240724/4272207/4272207_17222286153984_500.jpg,False
2024-09,A,002014,사파리/헌팅 재킷,002,아우터,27,4376738,wvproject,더블유브이프로젝트,더프 헤링턴 자켓 블랙 JJOT7732,https://image.msscdn.net/images/goods_img/20240827/4376738/4376738_17247559681905_500.jpg,False
2024-09,A,002014,사파리/헌팅 재킷,002,아우터,28,3790841,musinsastandard,무신사 스탠다드,백 사틴 초어 재킷 [블랙],https://image.msscdn.net/images/goods_img/20240112/3790841/3790841_17224147981085_500.jpg,False
2024-09,A,002014,사파리/헌팅 재킷,002,아우터,29,1760937,ymclky,와이엠씨엘케이와이,Jungle Fatigue Jacket - Olive,https://image.msscdn.net/images/goods_img/20210125/1760937/1760937_16812913408030_500.jpg,False
2024-09,A,002014,사파리/헌팅 재킷,002,아우터,30,4209316,musinsastandard,무신사 스탠다드,왁스드 CN 헌팅 재킷 [카키],https://image.msscdn.net/images/goods_img/20240620/4209316/4209316_17241405617860_500.jpg,False
2024-09,A,002021,베스트,002,아우터,1,3125671,matinkim,마뗑킴,SPELL POINT STRIPE KNIT VEST,https://image.msscdn.net/images/goods_img/20230306/3125671/3125671_16782581740082_500.jpg,False
2024-09,A,002021,베스트,002,아우터,2,3349832,partimento,파르티멘토,시어 후드 베스트 블랙,https://image.msscdn.net/images/goods_img/20230607/3349832/3349832_16862761419940_500.jpg,False
2024-09,A,002021,베스트,002,아우터,3,3493799,poloralphlauren,폴로 랄프 로렌,케이블 니트 코튼 스웨터 베스트 - 네이비,https://image.msscdn.net/images/goods_img/20230824/3493799/3493799_16940628044656_500.jpg,False
2024-09,A,002021,베스트,002,아우터,4,3148952,poloralphlauren,폴로 랄프 로렌,W 케이블 니트 코튼 V넥 스웨터 베스트 - 화이트,https://image.msscdn.net/images/goods_img/20230315/3148952/3148952_16801438767727_500.jpg,False
2024-09,A,002021,베스트,002,아우터,5,4368969,frizmworks,프리즘웍스,JUNGLE CLOTH DECK VEST _ KHAKI BEIGE,https://image.msscdn.net/images/goods_img/20240826/4368969/4368969_17247597374526_500.jpg,False
2024-09,A,002021,베스트,002,아우터,6,3945946,poloralphlauren,폴로 랄프 로렌,케이블 니트 코튼 스웨터 베스트 - 그레이,https://image.msscdn.net/images/goods_img/20240313/3945946/3945946_17114444594025_500.jpg,False
2024-09,A,002021,베스트,002,아우터,7,2457470,poloralphlauren,폴로 랄프 로렌,W 케이블 니트 슬리브리스 스웨터 - 네이비,https://image.msscdn.net/images/goods_img/20220330/2457470/2457470_2_500.jpg,False
2024-09,A,002021,베스트,002,아우터,8,4260079,ganni,가니,그래픽 소프트 울 믹스 베스트 - 스카이 캡틴 / K2219683,https://image.msscdn.net/images/goods_img/20240719/4260079/4260079_17231649138265_500.jpg,False
2024-09,A,002021,베스트,002,아우터,9,3158825,toffee,토피,하이넥 나일론 후드 집업 베스트 (BLACK),https://image.msscdn.net/images/goods_img/20230317/3158825/3158825_16794732798145_500.jpg,False
2024-09,A,002021,베스트,002,아우터,10,3945947,poloralphlauren,폴로 랄프 로렌,케이블 니트 코튼 스웨터 베스트 - 블루,https://image.msscdn.net/images/goods_img/20240313/3945947/3945947_17114444994054_500.jpg,False
2024-09,A,002021,베스트,002,아우터,11,3827580,toffee,토피,니트 베스트 (BLACK),https://image.msscdn.net/images/goods_img/20240129/3827580/3827580_17071077910748_500.jpg,False
2024-09,A,002021,베스트,002,아우터,12,3948581,mucent,무센트,"테크 나일론 후드 베스트 민소매 아노락 바람막이 조끼 (블랙, 차콜)",https://image.msscdn.net/images/goods_img/20240313/3948581/3948581_17141126477129_500.jpg,False
2024-09,A,002021,베스트,002,아우터,13,3296752,trillion,트릴리온,디비전 나일론 후드 집업 베스트 (BLACK),https://image.msscdn.net/images/goods_img/20230515/3296752/3296752_17171445475065_500.jpg,False
2024-09,A,002021,베스트,002,아우터,14,4020830,poloralphlauren,폴로 랄프 로렌,빅핏 코튼 스웨터 베스트 - 블랙,https://image.msscdn.net/images/goods_img/20240403/4020830/4020830_17135064155310_500.jpg,False
2024-09,A,002021,베스트,002,아우터,15,4073978,alyss,알리스,데님 스웻 내츄럴 후드 집업 베스트 [빈티지 블랙],https://image.msscdn.net/images/goods_img/20240422/4073978/4073978_17140315693392_500.jpg,False
2024-09,A,002021,베스트,002,아우터,16,4020829,poloralphlauren,폴로 랄프 로렌,빅핏 코튼 스웨터 베스트 - 그레이,https://image.msscdn.net/images/goods_img/20240403/4020829/4020829_17135063807446_500.jpg,False
2024-09,A,002021,베스트,002,아우터,17,2325610,takeasy,테이크이지,케이블 스몰라쿠 니트 베스트(네이비),https://image.msscdn.net/images/goods_img/20220125/2325610/2325610_2_500.jpg,False
2024-09,A,002021,베스트,002,아우터,18,3094834,signature,시그니처,유틸리티 후드 베스트[블랙],https://image.msscdn.net/images/goods_img/20230220/3094834/3094834_16772291665626_500.jpg,False
2024-09,A,002021,베스트,002,아우터,19,3481970,pepperseasoning,페퍼시즈닝,오버핏 시티보이 브이넥 니트베스트 미니멀 블랙,https://image.msscdn.net/images/goods_img/20230821/3481970/3481970_16926060099879_500.jpg,False
2024-09,A,002021,베스트,002,아우터,20,3037468,dimitriblack,디미트리블랙,ASI 2WAY 나일론 메탈 후드 베스트_블랙,https://image.msscdn.net/images/goods_img/20230125/3037468/3037468_17171371228077_500.png,False
2024-09,A,002021,베스트,002,아우터,21,4042500,filluminate,필루미네이트,유틸리티 나일론 후디 베스트-3Color,https://image.msscdn.net/images/goods_img/20240410/4042500/4042500_17156581396451_500.jpg,False
2024-09,A,002021,베스트,002,아우터,22,1293166,lettercomo,레테르코모,미니멀 브이넥 니트 베스트 블랙,https://image.msscdn.net/images/goods_img/20200205/1293166/1293166_17218818865419_500.jpg,False
2024-09,A,002021,베스트,002,아우터,23,4318984,dunstforwomen,던스트,UNISEX CRAFTED V-NECK KNIT VEST NAVY_UDSW4C112N2,https://image.msscdn.net/images/goods_img/20240812/4318984/4318984_17234299399796_500.jpg,False
2024-09,A,002021,베스트,002,아우터,24,1305385,drawfit,드로우핏,소프 울 오버핏 니트 베스트 [BLACK],https://image.msscdn.net/images/goods_img/20200214/1305385/1305385_16804992777098_500.jpg,False
2024-09,A,002021,베스트,002,아우터,25,4073680,thenorthface,노스페이스,NV5VQ03A 남성 익스플로링 메시 베스트,https://image.msscdn.net/images/goods_img/20240422/4073680/4073680_17137697137589_500.jpg,False
2024-09,A,002021,베스트,002,아우터,26,3863373,frizmworks,프리즘웍스,HERITAGE HUNTING VEST _ OLIVE,https://image.msscdn.net/images/goods_img/20240213/3863373/3863373_17562767144673_500.jpg,False
2024-09,A,002021,베스트,002,아우터,27,3545967,horlisun,홀리선,Acorn Boucle Hoodie Knit Cardigan Vest Brown,https://image.msscdn.net/images/goods_img/20230908/3545967/3545967_16941569723011_500.jpg,False
2024-09,A,002021,베스트,002,아우터,28,4282760,arcteryx,아크테릭스,아톰 베스트 남성 - BLACK / AJOFMX7475,https://image.msscdn.net/images/goods_img/20240730/4282760/4282760_17240339410546_500.jpg,False
2024-09,A,002021,베스트,002,아우터,29,3883052,dimitriblack,디미트리블랙,2WAY 워시드 유틸리티 베스트_블랙,https://image.msscdn.net/images/goods_img/20240220/3883052/3883052_17171373789111_500.png,False
2024-09,A,002021,베스트,002,아우터,30,3758340,musinsastandard,무신사 스탠다드,시티 레저 CN 멀티 포켓 베스트 [카키],https://image.msscdn.net/images/goods_img/20231215/3758340/3758340_17098739676009_500.jpg,False
2024-09,A,002012,숏패딩/헤비 아우터,002,아우터,1,2994532,tenc,텐씨,허리케인 콤보 다운 아노락 패딩 - 블랙 / 23CTCUC03039999,https://image.msscdn.net/images/goods_img/20221223/2994532/2994532_16732244586471_500.jpg,False
2024-09,A,002012,숏패딩/헤비 아우터,002,아우터,2,2994533,tenc,텐씨,오스트랄 다운 베스트 재킷 - 블랙 / 23CTCUC03038999,https://image.msscdn.net/images/goods_img/20221223/2994533/2994533_16732243738106_500.jpg,False
2024-09,A,002012,숏패딩/헤비 아우터,002,아우터,3,4241901,thenorthface,노스페이스,NJ1DQ80K 화이트라벨 여성 노벨티 눕시 RDS 다운 자켓_REAL BLACK,https://image.msscdn.net/images/goods_img/20240710/4241901/4241901_17205860654350_500.jpg,False
2024-09,A,002012,숏패딩/헤비 아우터,002,아우터,4,4241892,thenorthface,노스페이스,NJ1DQ80L 화이트라벨 여성 노벨티 눕시 RDS 다운 자켓_COCOA BROWN,https://image.msscdn.net/images/goods_img/20240710/4241892/4241892_17205859578016_500.jpg,False
2024-09,A,002012,숏패딩/헤비 아우터,002,아우터,5,2704962,yale,예일,웜업 퀼팅자켓_블랙,https://image.msscdn.net/images/goods_img/20220808/2704962/2704962_17592064508547_500.jpg,False
2024-09,A,002012,숏패딩/헤비 아우터,002,아우터,6,4287139,thenorthface,노스페이스,NJ3NQ83A 여성 눕시 온볼 자켓_BLACK,https://image.msscdn.net/images/goods_img/20240731/4287139/4287139_17224169870735_500.jpg,False
2024-09,A,002012,숏패딩/헤비 아우터,002,아우터,7,3780728,maninstore,무드인사이드,남여공용 푸퍼 숏패딩_Black,https://image.msscdn.net/images/goods_img/20240108/3780728/3780728_17605828944256_500.jpg,False
2024-09,A,002012,숏패딩/헤비 아우터,002,아우터,8,3035917,tenc,텐씨,오스트랄 다운 베스트 재킷 - 베이지 / 23CTCUC03038903,https://image.msscdn.net/images/goods_img/20230120/3035917/3035917_16817969347948_500.jpg,False
2024-09,A,002012,숏패딩/헤비 아우터,002,아우터,9,2835399,jilsander,질 샌더,오버사이즈 퀼트 다운 패딩 - 네이비 / J40AF0006JTN014402,https://image.msscdn.net/images/goods_img/20221004/2835399/2835399_1_500.jpg,False
2024-09,A,002012,숏패딩/헤비 아우터,002,아우터,10,2991548,jacquemus,자크뮈스,르 두두느 브리씨올라 퍼프드 재킷 - 블랙 / 223CO0111320990,https://image.msscdn.net/images/goods_img/20221221/2991548/2991548_16741015471560_500.jpg,False
2024-09,A,002012,숏패딩/헤비 아우터,002,아우터,11,2683529,yale,예일,웜업 퀼팅자켓_아이보리,https://image.msscdn.net/images/goods_img/20220726/2683529/2683529_17683611386906_500.png,False
2024-09,A,002012,숏패딩/헤비 아우터,002,아우터,12,2482269,thenorthface,노스페이스,NJ1DQ75A 남성 1996 눕시 자켓_BLACK,https://image.msscdn.net/images/goods_img/20220412/2482269/2482269_17210922117662_500.jpg,False
2024-09,A,002012,숏패딩/헤비 아우터,002,아우터,13,4366036,moncler,몽클레어,란스 쇼트 패딩 - 블랙 / J20931A1010053048999,https://image.msscdn.net/images/goods_img/20240823/4366036/4366036_17255903280582_500.jpg,False
2024-09,A,002012,숏패딩/헤비 아우터,002,아우터,14,3562444,5252byoioi,오아이오아이 컬렉션,볼드 로고 경량 다운 자켓_아이보리,https://image.msscdn.net/images/goods_img/20230914/3562444/3562444_16946901698317_500.jpg,False
2024-09,A,002012,숏패딩/헤비 아우터,002,아우터,15,3484720,thenorthface,노스페이스,NJ1DQ80M 화이트라벨 여성 노벨티 눕시 RDS 다운 자켓_CREAM BEIGE,https://image.msscdn.net/images/goods_img/20230822/3484720/3484720_17121246767444_500.jpg,False
2024-09,A,002012,숏패딩/헤비 아우터,002,아우터,16,4287136,thenorthface,노스페이스,NJ1DQ80A 여성 1996 레트로 눕시 자켓_BEIGE BROWN,https://image.msscdn.net/images/goods_img/20240731/4287136/4287136_17224169464478_500.jpg,False
2024-09,A,002012,숏패딩/헤비 아우터,002,아우터,17,4291506,moncler,몽클레어,마야 쇼트 패딩 - 블랙 / J20911A5360068950999,https://image.msscdn.net/images/goods_img/20240802/4291506/4291506_17242854489265_500.jpg,False
2024-09,A,002012,숏패딩/헤비 아우터,002,아우터,18,3562446,5252byoioi,오아이오아이 컬렉션,볼드 로고 경량 다운 자켓_블랙,https://image.msscdn.net/images/goods_img/20230914/3562446/3562446_16946900185261_500.jpg,False
2024-09,A,002012,숏패딩/헤비 아우터,002,아우터,19,4286631,thenorthface,노스페이스,NJ3NQ53A 남성 눕시 온볼 자켓_BLACK,https://image.msscdn.net/images/goods_img/20240731/4286631/4286631_17224141698600_500.jpg,False
2024-09,A,002012,숏패딩/헤비 아우터,002,아우터,20,2728611,nationalgeographic,내셔널지오그래픽,N234WDW920 여성 헤론 U넥 경량 덕 다운 점퍼 IVORY,https://image.msscdn.net/images/goods_img/20220819/2728611/2728611_17254167763595_500.jpg,False
2024-09,A,002012,숏패딩/헤비 아우터,002,아우터,21,2835510,yale,예일,리버시블 웜업 퀄팅 자켓 블랙/아이보리,https://image.msscdn.net/images/goods_img/20221004/2835510/2835510_17484885537592_500.jpg,False
2024-09,A,002012,숏패딩/헤비 아우터,002,아우터,22,3519333,tenc,텐씨,[무신사 한정] 아틱 다운 파카 (투웨이) - 올리브 / 17CTCUC03075V2359,https://image.msscdn.net/images/goods_img/20230831/3519333/3519333_16957818090574_500.jpg,False
2024-09,A,002012,숏패딩/헤비 아우터,002,아우터,23,2689357,nationalgeographic,내셔널지오그래픽,N234UDW920 헤론 U넥 경량 다운 점퍼 CARBON BLACK,https://image.msscdn.net/images/goods_img/20220729/2689357/2689357_16889809897979_500.jpg,False
2024-09,A,002012,숏패딩/헤비 아우터,002,아우터,24,4460716,thisisneverthat,디스이즈네버댓,PERTEX® T Down Jacket Black,https://image.msscdn.net/images/goods_img/20240925/4460716/4460716_17272435550037_500.jpg,False
2024-09,A,002012,숏패딩/헤비 아우터,002,아우터,25,4241903,thenorthface,노스페이스,NJ1DR80J 화이트라벨 여성 노벨티 눕시 RDS 다운 자켓_BLACK,https://image.msscdn.net/images/goods_img/20240710/4241903/4241903_17828662716555_500.jpg,False
2024-09,A,002012,숏패딩/헤비 아우터,002,아우터,26,3604263,noiago,노이아고,NOI1067 라이트웨이트 다운 자켓 (블랙),https://image.msscdn.net/images/goods_img/20231005/3604263/3604263_17645511564597_500.jpg,False
2024-09,A,002012,숏패딩/헤비 아우터,002,아우터,27,3490942,thenorthface,노스페이스,NJ1DR81A 여성 1996 눕시 자켓_BLACK,https://image.msscdn.net/images/goods_img/20230823/3490942/3490942_17718290742024_500.jpg,False
2024-09,A,002012,숏패딩/헤비 아우터,002,아우터,28,4241894,thenorthface,노스페이스,NJ1DQ80N 화이트라벨 여성 노벨티 눕시 RDS 다운 자켓_ICE GRAY,https://image.msscdn.net/images/goods_img/20240710/4241894/4241894_17205860107394_500.jpg,False
2024-09,A,002012,숏패딩/헤비 아우터,002,아우터,29,3481696,salomon,살로몬,컨투어 다운 자켓_LC2580800,https://image.msscdn.net/images/goods_img/20230821/3481696/3481696_17285303377589_500.jpg,False
2024-09,A,002012,숏패딩/헤비 아우터,002,아우터,30,3661027,tenc,텐씨,[무신사 한정] 아틱 다운 파카 (투웨이) - 다크 네이비 / 17CTCUC03075V2888,https://image.msscdn.net/images/goods_img/20231026/3661027/3661027_16999325378384_500.jpg,False
2024-09,A,002025,무스탕/퍼,002,아우터,1,1582142,left,레프트서울,에비에이터 B-3 무스탕 자켓 [블랙],https://image.msscdn.net/images/goods_img/20200903/1582142/1582142_17888321003811_500.jpg,False
2024-09,A,002025,무스탕/퍼,002,아우터,2,2985378,left,레프트서울,에비에이터 B-3 무스탕 자켓 [블랙/화이트],https://image.msscdn.net/images/goods_img/20221216/2985378/2985378_17888316910045_500.jpg,False
2024-09,A,002025,무스탕/퍼,002,아우터,3,3661835,etmon,에트몽,"High-Neck Suede Mustang Coat, Brown",https://image.msscdn.net/images/goods_img/20231026/3661835/3661835_16983045835575_500.jpg,False
2024-09,A,002025,무스탕/퍼,002,아우터,4,3441876,left,레프트서울,에비에이터 B-3 무스탕 자켓 [말보로],https://image.msscdn.net/images/goods_img/20230802/3441876/3441876_17888337150641_500.jpg,False
2024-09,A,002025,무스탕/퍼,002,아우터,5,3435483,musinsastandardwoman,무신사 스탠다드 우먼,우먼즈 리버서블 신세틱 레더 시어링 하프 코트 [블랙],https://image.msscdn.net/images/goods_img/20230731/3435483/3435483_17610122417764_500.jpg,False
2024-09,A,002025,무스탕/퍼,002,아우터,6,3661328,lingseoul,링서울,suede mustang coat-beige,https://image.msscdn.net/images/goods_img/20231026/3661328/3661328_16995757835262_500.jpg,False
2024-09,A,002025,무스탕/퍼,002,아우터,7,3640577,leathery,레더리,오블리크 오버핏 레더 무스탕 자켓 [BLACK],https://image.msscdn.net/images/goods_img/20231019/3640577/3640577_17645621888296_500.jpg,False
2024-09,A,002025,무스탕/퍼,002,아우터,8,1197873,koleat,콜릿,WOMEN 오버핏 무스탕 플리스 자켓 Black_Beige,https://image.msscdn.net/images/goods_img/20191022/1197873/1197873_2_500.jpg,False
2024-09,A,002025,무스탕/퍼,002,아우터,9,3624719,pottery,포터리,B-3 Leather Jacket Turkish Sheepskin Natural Dying Finish (Dark Navy ),https://image.msscdn.net/images/goods_img/20231013/3624719/3624719_16980286133903_500.jpg,False
2024-09,A,002025,무스탕/퍼,002,아우터,10,3635002,kinloch,커넥트킨록,하이넥 라인 무스탕 자켓 (4Color),https://image.msscdn.net/images/goods_img/20231017/3635002/3635002_17633603048478_500.jpg,False
2024-09,A,002025,무스탕/퍼,002,아우터,11,2934226,isabelmarant,이자벨마랑,아베닐라 시어링 코트 - 베이지 / MA127722A002E90BE,https://image.msscdn.net/images/goods_img/20221110/2934226/2934226_1_500.jpg,False
2024-09,A,002025,무스탕/퍼,002,아우터,12,3576772,lee,리,레더 무스탕 브라운,https://image.msscdn.net/images/goods_img/20230920/3576772/3576772_16951814805176_500.jpg,False
2024-09,A,002025,무스탕/퍼,002,아우터,13,2871475,ladyvolume,레이디 볼륨,622 비건레더무스탕_크림,https://image.msscdn.net/images/goods_img/20221018/2871475/2871475_17624804415628_500.jpg,False
2024-09,A,002025,무스탕/퍼,002,아우터,14,3576773,lee,리,레더 무스탕 블랙,https://image.msscdn.net/images/goods_img/20230920/3576773/3576773_16993256073557_500.jpg,False
2024-09,A,002025,무스탕/퍼,002,아우터,15,3743235,notyourrose,낫 유어 로즈,리버시블 세일러 무스탕 (아이보리),https://image.msscdn.net/images/goods_img/20231204/3743235/3743235_17652616586893_500.jpg,False
2024-09,A,002025,무스탕/퍼,002,아우터,16,3612852,diafvine,디아프바인,DV.LOT 693 Type B-3 -Plain-,https://image.msscdn.net/images/goods_img/20231009/3612852/3612852_17391793484332_500.jpg,False
2024-09,A,002025,무스탕/퍼,002,아우터,17,3610411,koleat,콜릿,[벨트탈부착] 크롭 밍크 스웨이드 무스탕 플리스 자켓 All_Black [라이더 양털 ver.],https://image.msscdn.net/images/goods_img/20231006/3610411/3610411_16969019013386_500.jpg,False
2024-09,A,002025,무스탕/퍼,002,아우터,18,4435846,coyseio,코이세이오 038,HAIRY FUR JACKET BLACK,https://image.msscdn.net/images/goods_img/20240912/4435846/4435846_17261173780981_500.png,False
2024-09,A,002025,무스탕/퍼,002,아우터,19,3736445,nache,나체,JACQUARD FAUX FUR JACKET CREAM,https://image.msscdn.net/images/goods_img/20231128/3736445/3736445_17297790298152_500.jpg,False
2024-09,A,002025,무스탕/퍼,002,아우터,20,1582120,left,레프트서울,에비에이터 B-3 무스탕 자켓 [브라운],https://image.msscdn.net/images/goods_img/20200903/1582120/1582120_17888321761223_500.jpg,False
2024-09,A,002025,무스탕/퍼,002,아우터,21,3610005,koleat,콜릿,블러드 셔링 양털 플리스 레더 무스탕 자켓 [Black_Beige],https://image.msscdn.net/images/goods_img/20231006/3610005/3610005_16970033169206_500.jpg,False
2024-09,A,002025,무스탕/퍼,002,아우터,22,4424968,drawfit,드로우핏,오버사이즈 라인 무스탕 자켓 [BLACK],https://image.msscdn.net/images/goods_img/20240910/4424968/4424968_17592953517737_500.jpg,False
2024-09,A,002025,무스탕/퍼,002,아우터,23,3743239,notyourrose,낫 유어 로즈,리버시블 세일러 무스탕 (차콜),https://image.msscdn.net/images/goods_img/20231204/3743239/3743239_17652616840512_500.jpg,False
2024-09,A,002025,무스탕/퍼,002,아우터,24,2765587,kirsh,키르시,빅 체리 보아 퍼 점퍼 [스카이],https://image.msscdn.net/images/goods_img/20220902/2765587/2765587_1_500.jpg,False
2024-09,A,002025,무스탕/퍼,002,아우터,25,2992130,isabelmarant,이자벨마랑,아베닐라 시어링 코트 - 페이디드 블랙 / MA127722A002E02FK,https://image.msscdn.net/images/goods_img/20221221/2992130/2992130_16747843295560_500.jpg,False
2024-09,A,002025,무스탕/퍼,002,아우터,26,3640578,leathery,레더리,오블리크 오버핏 레더 무스탕 자켓 [BROWN],https://image.msscdn.net/images/goods_img/20231019/3640578/3640578_17639511733049_500.jpg,False
2024-09,A,002025,무스탕/퍼,002,아우터,27,3696539,ladyvolume,레이디 볼륨,60118 VINTAGE COATED MUSTANG_BROWN,https://image.msscdn.net/images/goods_img/20231108/3696539/3696539_17012227788046_500.jpg,False
2024-09,A,002025,무스탕/퍼,002,아우터,28,3696538,ladyvolume,레이디 볼륨,60118 VINTAGE COATED MUSTANG_CREAM,https://image.msscdn.net/images/goods_img/20231108/3696538/3696538_17012227927612_500.jpg,False
2024-09,A,002025,무스탕/퍼,002,아우터,29,3552592,drawfitwomen,드로우핏 우먼,시어링 크롭 무스탕 자켓 [BROWN SUEDE],https://image.msscdn.net/images/goods_img/20230912/3552592/3552592_16982970900721_500.jpg,False
2024-09,A,002025,무스탕/퍼,002,아우터,30,2786373,thisisneverthat,디스이즈네버댓,Floral Faux Fur Jacket Multi,https://image.msscdn.net/images/goods_img/20220913/2786373/2786373_1_500.jpg,False
2024-09,A,002023,플리스/뽀글이,002,아우터,1,3540642,codegraphy,코드그라피,(우먼) 코듀로이 리버시블 플리스 크롭 후드집업_4color,https://image.msscdn.net/images/goods_img/20230907/3540642/3540642_17173910936688_500.jpg,False
2024-09,A,002023,플리스/뽀글이,002,아우터,2,1699799,lee,리,폴라플리스 집업 자켓 블랙,https://image.msscdn.net/images/goods_img/20201124/1699799/1699799_16921893441804_500.jpg,False
2024-09,A,002023,플리스/뽀글이,002,아우터,3,1670498,jeep,지프,M-Logo 레인보우 라벨 하프넥 플리스 집업 (JQ5TZU191IV),https://image.msscdn.net/images/goods_img/20201030/1670498/1670498_17615290574286_500.jpg,False
2024-09,A,002023,플리스/뽀글이,002,아우터,4,2850102,yale,예일,엠브로이더리 댄 카라리스 보아 플리스 자켓_아이보리,https://image.msscdn.net/images/goods_img/20221011/2850102/2850102_17653340845444_500.jpg,False
2024-09,A,002023,플리스/뽀글이,002,아우터,5,2108160,spao,스파오,베이직 퍼플리스 집업_SPFZE4TC01,https://image.msscdn.net/images/goods_img/20210903/2108160/2108160_17605996485185_500.jpg,False
2024-09,A,002023,플리스/뽀글이,002,아우터,6,4280313,nomanual,노매뉴얼,T.S FLEECE JACKET - BLACK,https://image.msscdn.net/images/goods_img/20240729/4280313/4280313_17231682347853_500.jpg,False
2024-09,A,002023,플리스/뽀글이,002,아우터,7,1699807,lee,리,폴라플리스 집업 자켓 아이보리,https://image.msscdn.net/images/goods_img/20201124/1699807/1699807_16921893715939_500.jpg,False
2024-09,A,002023,플리스/뽀글이,002,아우터,8,2786366,thisisneverthat,디스이즈네버댓,INTL. Fleece Jacket Leopard Blue,https://image.msscdn.net/images/goods_img/20220913/2786366/2786366_1_500.jpg,False
2024-09,A,002023,플리스/뽀글이,002,아우터,9,4432439,jeep,지프,M-Logo 레인보우 라벨 하프넥 플리스 집업 2 color (JQ5TZU191),https://image.msscdn.net/images/goods_img/20240911/4432439/4432439_17560810698333_500.jpg,False
2024-09,A,002023,플리스/뽀글이,002,아우터,10,4252229,urbandtype,어반디타입,패디드 플리스 바시티 자켓_네이비,https://image.msscdn.net/images/goods_img/20240716/4252229/4252229_17556561498035_500.jpg,False
2024-09,A,002023,플리스/뽀글이,002,아우터,11,1567317,jeep,지프,M-Logo 레인보우 라벨 하프넥 플리스 집업 (JQ5TZU191BK),https://image.msscdn.net/images/goods_img/20200827/1567317/1567317_17871103144956_500.jpg,False
2024-09,A,002023,플리스/뽀글이,002,아우터,12,4280314,nomanual,노매뉴얼,T.S FLEECE JACKET - CHARCOAL,https://image.msscdn.net/images/goods_img/20240729/4280314/4280314_17231682208080_500.jpg,False
2024-09,A,002023,플리스/뽀글이,002,아우터,13,4289365,lee,리,트위치로고 폴라플리스 집업자켓 네이비,https://image.msscdn.net/images/goods_img/20240801/4289365/4289365_17224905150921_500.jpg,False
2024-09,A,002023,플리스/뽀글이,002,아우터,14,3469953,covernat,커버낫,플리스 집업 자켓 블랙,https://image.msscdn.net/images/goods_img/20230817/3469953/3469953_16923520760377_500.png,False
2024-09,A,002023,플리스/뽀글이,002,아우터,15,4339341,coyseio,코이세이오 038,ROUND COLLAR FLEECE JACKET LIGHT GREY,https://image.msscdn.net/images/goods_img/20240817/4339341/4339341_17238792459265_500.png,False
2024-09,A,002023,플리스/뽀글이,002,아우터,16,4286964,thenorthface,노스페이스,NJ4FQ50J 화이트라벨 컴피 알파 플리스 집업_BLACK,https://image.msscdn.net/images/goods_img/20240731/4286964/4286964_17224152904342_500.jpg,False
2024-09,A,002023,플리스/뽀글이,002,아우터,17,1699805,lee,리,폴라플리스 집업 자켓 네이비,https://image.msscdn.net/images/goods_img/20201124/1699805/1699805_16921893576930_500.jpg,False
2024-09,A,002023,플리스/뽀글이,002,아우터,18,3473341,nationalgeographic,내셔널지오그래픽,N234UFJ901 스탠다드 오르카 플리스 집업 CARBON BLACK,https://image.msscdn.net/images/goods_img/20230817/3473341/3473341_16929420117371_500.jpg,False
2024-09,A,002023,플리스/뽀글이,002,아우터,19,2835405,yale,예일,HEAVY BOA FLEECE POCKET ZIP UP BLACK,https://image.msscdn.net/images/goods_img/20221004/2835405/2835405_1_500.jpg,False
2024-09,A,002023,플리스/뽀글이,002,아우터,20,3487615,covernat,커버낫,리버시블 컴피보아 카라리스 자켓 아이보리,https://image.msscdn.net/images/goods_img/20230822/3487615/3487615_16928622402818_500.png,False
2024-09,A,002023,플리스/뽀글이,002,아우터,21,3192051,isabelmarant,이자벨마랑,말티 집업 재킷 - 네이비:블루 / MA0010FAA1C19E30IN,https://image.msscdn.net/images/goods_img/20230330/3192051/3192051_17012402386459_500.jpg,False
2024-09,A,002023,플리스/뽀글이,002,아우터,22,4252219,urbandtype,어반디타입,패디드 플리스 바시티 자켓_브라운,https://image.msscdn.net/images/goods_img/20240716/4252219/4252219_17556562701807_500.jpg,False
2024-09,A,002023,플리스/뽀글이,002,아우터,23,4346766,nakedsurfclub,네이키드서프클럽,페트 리사이클 드라이코트(6colors),https://image.msscdn.net/images/goods_img/20240820/4346766/4346766_17386368222871_500.jpg,False
2024-09,A,002023,플리스/뽀글이,002,아우터,24,4420229,thenorthface,노스페이스,NJ4FQ52J 화이트라벨 뉴 유틸리티 플리스 자켓,https://image.msscdn.net/images/goods_img/20240909/4420229/4420229_17258561937616_500.jpg,False
2024-09,A,002023,플리스/뽀글이,002,아우터,25,4339340,coyseio,코이세이오 038,ROUND COLLAR FLEECE JACKET BLACK,https://image.msscdn.net/images/goods_img/20240817/4339340/4339340_17238792389868_500.png,False
2024-09,A,002023,플리스/뽀글이,002,아우터,26,3660939,thenorthface,노스페이스,NJ4FP57C 플레이 그린 리버시블 플리스 후디,https://image.msscdn.net/images/goods_img/20231026/3660939/3660939_16982936694175_500.jpg,False
2024-09,A,002023,플리스/뽀글이,002,아우터,27,3580386,kirsh,키르시,토글 포인트 크롭 퍼 자켓 [그레이],https://image.msscdn.net/images/goods_img/20230920/3580386/3580386_16952165346310_500.jpg,False
2024-09,A,002023,플리스/뽀글이,002,아우터,28,2755493,yale,예일,엠브로이더리 댄 플리스 트랙자켓_블랙,https://image.msscdn.net/images/goods_img/20220830/2755493/2755493_17316472306441_500.jpg,False
2024-09,A,002023,플리스/뽀글이,002,아우터,29,2765588,kirsh,키르시,빅 체리 보아 퍼 점퍼 [아이보리],https://image.msscdn.net/images/goods_img/20220902/2765588/2765588_1_500.jpg,False
2024-09,A,002023,플리스/뽀글이,002,아우터,30,4287174,thenorthface,노스페이스,NJ4FQ80L 화이트라벨 여성 뉴 퍼피 플리스 자켓_IVORY,https://image.msscdn.net/images/goods_img/20240731/4287174/4287174_17224175755082_500.jpg,False
2024-09,A,002007,겨울 싱글 코트,002,아우터,1,4290697,typeservice,타입서비스,Hooded Half Coat [Gray],https://image.msscdn.net/images/goods_img/20240801/4290697/4290697_17883979451202_500.jpg,False
2024-09,A,002007,겨울 싱글 코트,002,아우터,2,2700048,musinsastandardwoman,무신사 스탠다드 우먼,우먼즈 캐시미어 블렌드 발마칸 로브 코트 [블랙],https://image.msscdn.net/images/goods_img/20220805/2700048/2700048_17661148134527_500.jpg,False
2024-09,A,002007,겨울 싱글 코트,002,아우터,3,3405529,musinsastandard,무신사 스탠다드,캐시미어 블렌드 맥시 발마칸 코트 [블랙],https://image.msscdn.net/images/goods_img/20230712/3405529/3405529_17134081874839_500.jpg,False
2024-09,A,002007,겨울 싱글 코트,002,아우터,4,3563303,beslow,비슬로우,OVERSIZED CASHMERE BALMACAAN COAT NAVY,https://image.msscdn.net/images/goods_img/20230915/3563303/3563303_17272254920490_500.jpg,False
2024-09,A,002007,겨울 싱글 코트,002,아우터,5,2116411,musinsastandard,무신사 스탠다드,캐시미어 블렌드 오버사이즈 발마칸 코트 [블랙],https://image.msscdn.net/images/goods_img/20210908/2116411/2116411_17616270483710_500.jpg,False
2024-09,A,002007,겨울 싱글 코트,002,아우터,6,3552585,drawfitwomen,드로우핏 우먼,소프트 캐시미어 싱글 발마칸 코트 [BLACK],https://image.msscdn.net/images/goods_img/20230912/3552585/3552585_17718219960441_500.jpg,False
2024-09,A,002007,겨울 싱글 코트,002,아우터,7,865862,musinsastandard,무신사 스탠다드,캐시미어 블렌드 오버사이즈 싱글 코트 [블랙],https://image.msscdn.net/images/goods_img/20180921/865862/865862_17657673085739_500.jpg,False
2024-09,A,002007,겨울 싱글 코트,002,아우터,8,4290690,typeservice,타입서비스,Hooded Half Coat [Navy],https://image.msscdn.net/images/goods_img/20240801/4290690/4290690_17237762792765_500.jpg,False
2024-09,A,002007,겨울 싱글 코트,002,아우터,9,3552584,drawfitwomen,드로우핏 우먼,소프트 캐시미어 싱글 발마칸 코트 [M.GREY],https://image.msscdn.net/images/goods_img/20230912/3552584/3552584_16945756598426_500.jpg,False
2024-09,A,002007,겨울 싱글 코트,002,아우터,10,1628418,musinsastandardwoman,무신사 스탠다드 우먼,우먼즈 캐시미어 블렌드 체스터 롱 코트 [블랙],https://image.msscdn.net/images/goods_img/20200928/1628418/1628418_17358857062794_500.jpg,False
2024-09,A,002007,겨울 싱글 코트,002,아우터,11,2939628,choiyoung,최영,오버사이즈 체스터 필드 코트 블랙,https://image.msscdn.net/images/goods_img/20221112/2939628/2939628_2_500.jpg,False
2024-09,A,002007,겨울 싱글 코트,002,아우터,12,1618313,musinsastandard,무신사 스탠다드,캐시미어 블렌드 대디 숄더 싱글 롱 코트 [블랙],https://image.msscdn.net/images/goods_img/20200923/1618313/1618313_17569514851734_500.jpg,False
2024-09,A,002007,겨울 싱글 코트,002,아우터,13,4266497,urbandtype,어반디타입,히티트울 발마칸 코트(Wool 61)_블랙,https://image.msscdn.net/images/goods_img/20240722/4266497/4266497_17586772721040_500.jpg,False
2024-09,A,002007,겨울 싱글 코트,002,아우터,14,4290695,typeservice,타입서비스,Hooded Half Coat [Sky Blue],https://image.msscdn.net/images/goods_img/20240801/4290695/4290695_17883979103131_500.jpg,False
2024-09,A,002007,겨울 싱글 코트,002,아우터,15,3481219,coor,쿠어,벨란디 캐시미어 블렌드 발마칸 코트 (블랙),https://image.msscdn.net/images/goods_img/20230821/3481219/3481219_17896080593391_500.jpg,False
2024-09,A,002007,겨울 싱글 코트,002,아우터,16,4266499,urbandtype,어반디타입,히티트울 발마칸 코트(Wool 60)_베이지브라운,https://image.msscdn.net/images/goods_img/20240722/4266499/4266499_17399421281926_500.jpg,False
2024-09,A,002007,겨울 싱글 코트,002,아우터,17,2894762,studionicholson,스튜디오니콜슨,몬디알 울 오버 코트 - 타맥 / MONDIALSNM683TARMAC,https://image.msscdn.net/images/goods_img/20221026/2894762/2894762_1_500.jpg,False
2024-09,A,002007,겨울 싱글 코트,002,아우터,18,2782764,beslow,비슬로우,OVERSIZED CASHMERE BALMACAAN COAT BLACK,https://image.msscdn.net/images/goods_img/20220908/2782764/2782764_17272251996978_500.jpg,False
2024-09,A,002007,겨울 싱글 코트,002,아우터,19,2978625,acnestudio,아크네 스튜디오,싱글 버튼 코트 - 베이지 / A90470AE5,https://image.msscdn.net/images/goods_img/20221212/2978625/2978625_16735849215879_500.jpg,False
2024-09,A,002007,겨울 싱글 코트,002,아우터,20,3612113,avan,어반드레스,Amelia Classic Single Coat BLACK,https://image.msscdn.net/images/goods_img/20231008/3612113/3612113_16976040620564_500.jpg,False
2024-09,A,002007,겨울 싱글 코트,002,아우터,21,2700050,musinsastandardwoman,무신사 스탠다드 우먼,우먼즈 캐시미어 블렌드 발마칸 로브 코트 [다크 브라운],https://image.msscdn.net/images/goods_img/20220805/2700050/2700050_17358858075058_500.jpg,False
2024-09,A,002007,겨울 싱글 코트,002,아우터,22,2739310,lookast,룩캐스트,소이 울 싱글 코트 / SOY WOOL SINGLE COAT_5colors,https://image.msscdn.net/images/goods_img/20220824/2739310/2739310_17660399251518_500.jpg,False
2024-09,A,002007,겨울 싱글 코트,002,아우터,23,2978668,toteme,토템,벨티드 코트 - 카멜 / 2241005720835,https://image.msscdn.net/images/goods_img/20221212/2978668/2978668_16735774119957_500.jpg,False
2024-09,A,002007,겨울 싱글 코트,002,아우터,24,3605861,iey,이에이,MAXI DUFFLE COAT Black,https://image.msscdn.net/images/goods_img/20231005/3605861/3605861_16983707963567_500.jpg,False
2024-09,A,002007,겨울 싱글 코트,002,아우터,25,2159721,lingseoul,링서울,handmade wool trench coat-camel,https://image.msscdn.net/images/goods_img/20211001/2159721/2159721_17871055344035_500.jpg,False
2024-09,A,002007,겨울 싱글 코트,002,아우터,26,4454277,coor,쿠어,캐시미어 블렌드 하이넥 코트 (신더그레이),https://image.msscdn.net/images/goods_img/20240923/4454277/4454277_17896080619990_500.jpg,False
2024-09,A,002007,겨울 싱글 코트,002,아우터,27,2978667,toteme,토템,벨티드 코트 - 블랙 / 2241005720200,https://image.msscdn.net/images/goods_img/20221212/2978667/2978667_16735774505842_500.jpg,False
2024-09,A,002007,겨울 싱글 코트,002,아우터,28,3481221,coor,쿠어,벨란디 캐시미어 블렌드 발마칸 코트 (신더그레이),https://image.msscdn.net/images/goods_img/20230821/3481221/3481221_17271922234943_500.jpg,False
2024-09,A,002007,겨울 싱글 코트,002,아우터,29,1684196,avan,어반드레스,유니섹스 프렌치 롱 가운 오버핏 코트 7 COLOR,https://image.msscdn.net/images/goods_img/20201110/1684196/1684196_16771165785098_500.jpg,False
2024-09,A,002007,겨울 싱글 코트,002,아우터,30,3608476,theknitcompany,더니트컴퍼니,캐시미어 블렌드 발마칸 코트 [다크네이비],https://image.msscdn.net/images/goods_img/20231006/3608476/3608476_16965608761032_500.jpg,False
2024-09,A,002024,겨울 더블 코트,002,아우터,1,4295595,maxmara,막스마라,마담 코트 - 블랙 / 21018011600003,https://image.msscdn.net/images/goods_img/20240805/4295595/4295595_17248048616309_500.jpg,False
2024-09,A,002024,겨울 더블 코트,002,아우터,2,3563284,beslow,비슬로우,[24FW Ver.]OVERSIZED CASHMERE DOUBLE BREASTED COAT BLACK,https://image.msscdn.net/images/goods_img/20230915/3563284/3563284_17282608161391_500.jpg,False
2024-09,A,002024,겨울 더블 코트,002,아우터,3,4295594,maxmara,막스마라,마담 코트 - 카멜 / 21018011600001,https://image.msscdn.net/images/goods_img/20240805/4295594/4295594_17247228905595_500.jpg,False
2024-09,A,002024,겨울 더블 코트,002,아우터,4,3397889,musinsastandard,무신사 스탠다드,캐시미어 블렌드 맥시 더블 로브 코트 [블랙],https://image.msscdn.net/images/goods_img/20230706/3397889/3397889_17134042556076_500.jpg,False
2024-09,A,002024,겨울 더블 코트,002,아우터,5,3638359,musinsastandard,무신사 스탠다드,캐시미어 블렌드 맥시 더블 로브 코트 [다크 브라운],https://image.msscdn.net/images/goods_img/20231018/3638359/3638359_17031495205735_500.jpg,False
2024-09,A,002024,겨울 더블 코트,002,아우터,6,2821697,urbandtype,어반디타입,히티드울 멜턴 더플코트(Wool 60)_네이비,https://image.msscdn.net/images/goods_img/20220927/2821697/2821697_17268010763691_500.jpg,False
2024-09,A,002024,겨울 더블 코트,002,아우터,7,1611799,musinsastandardwoman,무신사 스탠다드 우먼,우먼즈 캐시미어 블렌드 더블 체스터 롱 코트 [블랙],https://image.msscdn.net/images/goods_img/20200918/1611799/1611799_16998418525655_500.jpg,False
2024-09,A,002024,겨울 더블 코트,002,아우터,8,2217531,avan,어반드레스,125CM 슈퍼 롱 오버핏 더블 코트,https://image.msscdn.net/images/goods_img/20211104/2217531/2217531_16722043899054_500.jpg,False
2024-09,A,002024,겨울 더블 코트,002,아우터,9,2875334,grove,그로브,메이코트(3 colors),https://image.msscdn.net/images/goods_img/20221019/2875334/2875334_1_500.jpg,False
2024-09,A,002024,겨울 더블 코트,002,아우터,10,4305371,typeservice,타입서비스,Double Breasted Half Coat [Gray],https://image.msscdn.net/images/goods_img/20240807/4305371/4305371_17249173933692_500.jpg,False
2024-09,A,002024,겨울 더블 코트,002,아우터,11,3564169,lee,리,울 더플 코트 네이비,https://image.msscdn.net/images/goods_img/20230915/3564169/3564169_16993256616037_500.jpg,False
2024-09,A,002024,겨울 더블 코트,002,아우터,12,1115974,insilence,인사일런스,캐시미어 더블 롱 코트 BLACK,https://image.msscdn.net/images/goods_img/20190812/1115974/1115974_17586915131267_500.jpg,False
2024-09,A,002024,겨울 더블 코트,002,아우터,13,3405564,musinsastandardwoman,무신사 스탠다드 우먼,우먼즈 울 블렌드 오버 숄더 더블 코트 [블랙],https://image.msscdn.net/images/goods_img/20230712/3405564/3405564_17252366745960_500.jpg,False
2024-09,A,002024,겨울 더블 코트,002,아우터,14,3563279,beslow,비슬로우,[24FW Ver.]OVERSIZED CASHMERE DOUBLE BREASTED COAT MELANGE BROWN,https://image.msscdn.net/images/goods_img/20230915/3563279/3563279_17282613435325_500.jpg,False
2024-09,A,002024,겨울 더블 코트,002,아우터,15,4354328,studiotomboy,스튜디오 톰보이,더블 벨티드 코트 9173411984,https://image.msscdn.net/images/goods_img/20240821/4354328/4354328_17242272777007_500.jpg,False
2024-09,A,002024,겨울 더블 코트,002,아우터,16,2862908,trillion,트릴리온,유니섹스 발마칸 더플 숏 코트 (BEIGE),https://image.msscdn.net/images/goods_img/20221014/2862908/2862908_1_500.jpg,False
2024-09,A,002024,겨울 더블 코트,002,아우터,17,2870830,satur,세터,에든버러 클래식 더블 브레스티드 코트 스틸그레이,https://image.msscdn.net/images/goods_img/20221017/2870830/2870830_2_500.jpg,False
2024-09,A,002024,겨울 더블 코트,002,아우터,18,2116421,musinsastandard,무신사 스탠다드,MANTECO 헤링본 대디 숄더 더블 롱 코트 [다크 그레이],https://image.msscdn.net/images/goods_img/20210908/2116421/2116421_17138672163311_500.jpg,False
2024-09,A,002024,겨울 더블 코트,002,아우터,19,668822,coor,쿠어,MTR 오버핏 더블 롱 코트 (블랙),https://image.msscdn.net/images/goods_img/20171110/668822/668822_17271832549450_500.jpg,False
2024-09,A,002024,겨울 더블 코트,002,아우터,20,3405565,musinsastandardwoman,무신사 스탠다드 우먼,우먼즈 울 블렌드 오버 숄더 더블 코트  [토프],https://image.msscdn.net/images/goods_img/20230712/3405565/3405565_17358859030169_500.jpg,False
2024-09,A,002024,겨울 더블 코트,002,아우터,21,4305009,typeservice,타입서비스,Layered Half Coat [Charcoal],https://image.msscdn.net/images/goods_img/20240807/4305009/4305009_17249164837221_500.jpg,False
2024-09,A,002024,겨울 더블 코트,002,아우터,22,3739475,maxmaras,에스 막스 마라,런던 코트 - 카멜 / 90160639600045,https://image.msscdn.net/images/goods_img/20231130/3739475/3739475_17052858172463_500.jpg,False
2024-09,A,002024,겨울 더블 코트,002,아우터,23,3578868,insilence,인사일런스,마펠 캐시미어 하프 더블 코트 BLACK,https://image.msscdn.net/images/goods_img/20230920/3578868/3578868_16958064771538_500.jpg,False
2024-09,A,002024,겨울 더블 코트,002,아우터,24,4284288,ourlegacy,아워 레가시,웨일 코트 - 블랙 / M4201WB,https://image.msscdn.net/images/goods_img/20240731/4284288/4284288_17235078477729_500.jpg,False
2024-09,A,002024,겨울 더블 코트,002,아우터,25,2518475,musinsastandardwoman,무신사 스탠다드 우먼,우먼즈 캐시미어 블렌드 더블 체스터 롱 코트 [차콜 그레이],https://image.msscdn.net/images/goods_img/20220427/2518475/2518475_16998417058060_500.jpg,False
2024-09,A,002024,겨울 더블 코트,002,아우터,26,2116417,musinsastandard,무신사 스탠다드,MTR 대디 숄더 더블 롱 코트 [블랙],https://image.msscdn.net/images/goods_img/20210908/2116417/2116417_17137715949909_500.jpg,False
2024-09,A,002024,겨울 더블 코트,002,아우터,27,4305366,typeservice,타입서비스,Double Breasted Half Coat [Navy],https://image.msscdn.net/images/goods_img/20240807/4305366/4305366_17249173405452_500.jpg,False
2024-09,A,002024,겨울 더블 코트,002,아우터,28,3405568,musinsastandardwoman,무신사 스탠다드 우먼,우먼즈 캐시미어 블렌드 트렌치 코트 [블랙],https://image.msscdn.net/images/goods_img/20230712/3405568/3405568_17358860312105_500.jpg,False
2024-09,A,002024,겨울 더블 코트,002,아우터,29,3480183,maloupe,마롭,6507 핸드메이드 트렌치 코트 (블랙),https://image.msscdn.net/images/goods_img/20230821/3480183/3480183_16925962173272_500.jpg,False
2024-09,A,002024,겨울 더블 코트,002,아우터,30,2124218,musinsastandardwoman,무신사 스탠다드 우먼,우먼즈 캐시미어 블렌드 핸드메이드 더블 코트 [블랙],https://image.msscdn.net/images/goods_img/20210910/2124218/2124218_17821830930854_500.jpg,False
2024-09,A,002009,겨울 기타 코트,002,아우터,1,3195251,maxmara,막스마라,라브로 캐시미어 코트 - 카멜 / 10110121600020,https://image.msscdn.net/images/goods_img/20230330/3195251/3195251_16895723825233_500.jpg,False
2024-09,A,002009,겨울 기타 코트,002,아우터,2,2863075,trillion,트릴리온,유니섹스 발마칸 더플 숏 코트 (BLACK),https://image.msscdn.net/images/goods_img/20221014/2863075/2863075_1_500.jpg,False
2024-09,A,002009,겨울 기타 코트,002,아우터,3,2926376,maxmara,막스마라,마누엘라 롱 코트 - 블랙 / 10160323600002,https://image.msscdn.net/images/goods_img/20221108/2926376/2926376_16721863778946_500.jpg,False
2024-09,A,002009,겨울 기타 코트,002,아우터,4,2866837,goodlifeworks,굿라이프웍스,오버핏 더플 코트 네이비,https://image.msscdn.net/images/goods_img/20221017/2866837/2866837_2_500.jpg,False
2024-09,A,002009,겨울 기타 코트,002,아우터,5,2832041,doublerl,더블알엘,오크포드 울 코트 - 네이비,https://image.msscdn.net/images/goods_img/20220930/2832041/2832041_1_500.jpg,False
2024-09,A,002009,겨울 기타 코트,002,아우터,6,2846044,lowclassic,로우클래식,WIDE COLLAR COAT - NAVY,https://image.msscdn.net/images/goods_img/20221007/2846044/2846044_1_500.jpg,False
2024-09,A,002009,겨울 기타 코트,002,아우터,7,2238440,partimento,파르티멘토,오버사이즈 멜톤 더플 롱 코트 네이비,https://image.msscdn.net/images/goods_img/20211117/2238440/2238440_1_500.jpg,False
2024-09,A,002009,겨울 기타 코트,002,아우터,8,4397769,maxmara,막스마라,테드걸 코트 - 사비아 / 21016042600002,https://image.msscdn.net/images/goods_img/20240903/4397769/4397769_17261871730893_500.jpg,False
2024-09,A,002009,겨울 기타 코트,002,아우터,9,4397767,maxmara,막스마라,마뉴엘라 코트 - 카멜 / 21016012600001,https://image.msscdn.net/images/goods_img/20240903/4397767/4397767_17261028067999_500.jpg,False
2024-09,A,002009,겨울 기타 코트,002,아우터,10,4295600,maxmara,막스마라,TIGRE 코트 - 블랙 / 26016091600013,https://image.msscdn.net/images/goods_img/20240805/4295600/4295600_17248051853462_500.jpg,False
2024-09,A,002009,겨울 기타 코트,002,아우터,11,3554737,lee,리,우먼 플리스 숏 더플 점퍼 아이보리,https://image.msscdn.net/images/goods_img/20230913/3554737/3554737_16983020483366_500.jpg,False
2024-09,A,002009,겨울 기타 코트,002,아우터,12,4247836,maxmara,막스마라,루드밀라 코트 - 쿠치오 / 21016051600003,https://image.msscdn.net/images/goods_img/20240712/4247836/4247836_17229081187009_500.jpg,False
2024-09,A,002009,겨울 기타 코트,002,아우터,13,4247837,maxmara,막스마라,루드밀라 코트 - 블랙 / 21016051600004,https://image.msscdn.net/images/goods_img/20240712/4247837/4247837_17229082201986_500.jpg,False
2024-09,A,002009,겨울 기타 코트,002,아우터,14,4351348,misekiseoul,미세키서울,Hoodie long duffle Coat CHARCOAL,https://image.msscdn.net/images/goods_img/20240821/4351348/4351348_17621492767638_500.jpg,False
2024-09,A,002009,겨울 기타 코트,002,아우터,15,2169102,londontradition,런던트레디션,Mens Erica Duffle Coat - Navy SBB 130,https://image.msscdn.net/images/goods_img/20211008/2169102/2169102_1_500.jpg,False
2024-09,A,002009,겨울 기타 코트,002,아우터,16,3208275,bottegaveneta,보테가베네타,커브드 펠트 더블 코트 - 네이비 / 711299V00X04140,https://image.msscdn.net/images/goods_img/20230405/3208275/3208275_16878471849738_500.jpg,False
2024-09,A,002009,겨울 기타 코트,002,아우터,17,4295599,maxmara,막스마라,TIGRE 코트 - 카멜 / 26016091600006,https://image.msscdn.net/images/goods_img/20240805/4295599/4295599_17248207039747_500.jpg,False
2024-09,A,002009,겨울 기타 코트,002,아우터,18,3741334,londontradition,런던트레디션,Melina Ladies Duffle Coat - Navy BW A06,https://image.msscdn.net/images/goods_img/20231201/3741334/3741334_17014114752007_500.jpg,False
2024-09,A,002009,겨울 기타 코트,002,아우터,19,3552511,drawfitwomen,드로우핏 우먼,소프트 캐시미어 레글런 숏 코트 [CREAM],https://image.msscdn.net/images/goods_img/20230912/3552511/3552511_17276837931964_500.jpg,False
2024-09,A,002009,겨울 기타 코트,002,아우터,20,2594255,decoroso,데꼬로소,마엘 로브 롱 코트 [블랙],https://image.msscdn.net/images/goods_img/20220531/2594255/2594255_17593717886496_500.jpg,False
2024-09,A,002009,겨울 기타 코트,002,아우터,21,2172957,mainbooth,메인부스,[울90%]Oversized Duffle Coat(IVORY),https://image.msscdn.net/images/goods_img/20211012/2172957/2172957_17191966075289_500.jpg,False
2024-09,A,002009,겨울 기타 코트,002,아우터,22,3778797,maxmara,막스마라,마누엘라 캐시미어 벨티드 코트 - 베이지 / 10160639600032,https://image.msscdn.net/images/goods_img/20240105/3778797/3778797_17058995861273_500.jpg,False
2024-09,A,002009,겨울 기타 코트,002,아우터,23,3721273,brentwood,브렌우드,[이노버] 베스트 탈착 다운코트 BRCCW23532BUX,https://image.msscdn.net/images/goods_img/20231117/3721273/3721273_17002216788562_500.jpg,False
2024-09,A,002009,겨울 기타 코트,002,아우터,24,4227284,maxmaras,에스 막스 마라,에스투리아 코트 - 카멜 / 29016131600045,https://image.msscdn.net/images/goods_img/20240702/4227284/4227284_17218978246985_500.jpg,False
2024-09,A,002009,겨울 기타 코트,002,아우터,25,4408462,lemaire,르메르,어시메트릭 배스로브 코트 - 블랙 / CO1064LF504BK999,https://image.msscdn.net/images/goods_img/20240905/4408462/4408462_17268226958425_500.jpg,False
2024-09,A,002009,겨울 기타 코트,002,아우터,26,2845692,kirsh,키르시,체리 하프 울 더플 코트 [아이보리],https://image.msscdn.net/images/goods_img/20221006/2845692/2845692_1_500.jpg,False
2024-09,A,002009,겨울 기타 코트,002,아우터,27,2863073,trillion,트릴리온,유니섹스 발마칸 더플 숏 코트 (BROWN),https://image.msscdn.net/images/goods_img/20221014/2863073/2863073_1_500.jpg,False
2024-09,A,002009,겨울 기타 코트,002,아우터,28,3721274,brentwood,브렌우드,[이노버] 베스트 탈착 다운코트 BRCCW23532KHX,https://image.msscdn.net/images/goods_img/20231117/3721274/3721274_17002217586430_500.jpg,False
2024-09,A,002009,겨울 기타 코트,002,아우터,29,2845698,kirsh,키르시,체리 플리스 더플 코트 [크림],https://image.msscdn.net/images/goods_img/20221006/2845698/2845698_1_500.jpg,False
2024-09,A,002009,겨울 기타 코트,002,아우터,30,2845699,kirsh,키르시,체리 플리스 더플 코트 [멜란지 그레이],https://image.msscdn.net/images/goods_img/20221006/2845699/2845699_1_500.jpg,False
2024-09,A,002013,롱패딩/헤비 아우터,002,아우터,1,2680364,codegraphy,코드그라피,[23년 패딩 Ver.] 피쉬테일 레이어드 후드 롱파카_카키,https://image.msscdn.net/images/goods_img/20220725/2680364/2680364_17893549555200_500.jpg,False
2024-09,A,002013,롱패딩/헤비 아우터,002,아우터,2,3479997,discoveryexpedition,디스커버리 익스페디션,여성 레스터G RDS 구스다운 롱패딩 (BLACK),https://image.msscdn.net/images/goods_img/20230821/3479997/3479997_16977835225792_500.jpg,False
2024-09,A,002013,롱패딩/헤비 아우터,002,아우터,3,3036200,nobis,노비스,쉬라 파카 - 네이비 / SHERANAVY,https://image.msscdn.net/images/goods_img/20230120/3036200/3036200_16793824711059_500.jpg,False
2024-09,A,002013,롱패딩/헤비 아우터,002,아우터,4,3479989,discoveryexpedition,디스커버리 익스페디션,남성 레스터G RDS 구스다운 롱패딩 (BLACK),https://image.msscdn.net/images/goods_img/20230821/3479989/3479989_16977835359356_500.jpg,False
2024-09,A,002013,롱패딩/헤비 아우터,002,아우터,5,3574916,nationalgeographic,내셔널지오그래픽,N234UDW860 카이만 프로 롱기장 구스 다운 점퍼 SMALL LOGO BLACK,https://image.msscdn.net/images/goods_img/20230919/3574916/3574916_16998525149640_500.jpg,False
2024-09,A,002013,롱패딩/헤비 아우터,002,아우터,6,4327173,thenorthface,노스페이스,NC1DQ50J 화이트라벨 액션 프리 RDS 다운 코트_BLACK,https://image.msscdn.net/images/goods_img/20240813/4327173/4327173_17235381048878_500.jpg,False
2024-09,A,002013,롱패딩/헤비 아우터,002,아우터,7,3555034,covernat,커버낫,RDS 씨빅 롱 다운 파카,https://image.msscdn.net/images/goods_img/20230913/3555034/3555034_17617995117198_500.jpg,False
2024-09,A,002013,롱패딩/헤비 아우터,002,아우터,8,3115569,nobis,노비스,쉬라 파카 - 블랙 / SHERABLACK,https://image.msscdn.net/images/goods_img/20230302/3115569/3115569_16810860922361_500.jpg,False
2024-09,A,002013,롱패딩/헤비 아우터,002,아우터,9,3574911,nationalgeographic,내셔널지오그래픽,N234WDW860 여성 카이만 프로 롱기장 구스 다운 점퍼 SMALL LOGO BLACK,https://image.msscdn.net/images/goods_img/20230919/3574911/3574911_16998516079118_500.jpg,False
2024-09,A,002013,롱패딩/헤비 아우터,002,아우터,10,920520,fcmm,에프씨엠엠,클럽 팀 풋볼 벤치 롱 패딩 2color,https://image.msscdn.net/images/goods_img/20181212/920520/920520_17588685279951_500.jpg,False
2024-09,A,002013,롱패딩/헤비 아우터,002,아우터,11,3652529,lee,리,다운 몬스터 파카 블랙,https://image.msscdn.net/images/goods_img/20231024/3652529/3652529_16993254394370_500.jpg,False
2024-09,A,002013,롱패딩/헤비 아우터,002,아우터,12,2148659,umbro,엄브로,액티브 플라이트 구스 롱 다운 자켓 블랙(UO423SDJN1),https://image.msscdn.net/images/goods_img/20210927/2148659/2148659_17255187389055_500.jpg,False
2024-09,A,002013,롱패딩/헤비 아우터,002,아우터,13,3036207,nobis,노비스,시티즌 파카 - 네이비 / CITIZENNAVY,https://image.msscdn.net/images/goods_img/20230120/3036207/3036207_16787508606504_500.jpg,False
2024-09,A,002013,롱패딩/헤비 아우터,002,아우터,14,3595334,discoveryexpedition,디스커버리 익스페디션,여성 레스터G RDS 구스다운 롱패딩 (D/IVORY),https://image.msscdn.net/images/goods_img/20230926/3595334/3595334_16977834559255_500.jpg,False
2024-09,A,002013,롱패딩/헤비 아우터,002,아우터,15,1647181,maisonmined,메종미네드,BLACK DOUBLE LONG GOOSE DOWN,https://image.msscdn.net/images/goods_img/20201014/1647181/1647181_2_500.jpg,False
2024-09,A,002013,롱패딩/헤비 아우터,002,아우터,16,3574915,nationalgeographic,내셔널지오그래픽,N234UDW860 카이만 프로 롱기장 구스 다운 점퍼 BIG LOGO BLACK,https://image.msscdn.net/images/goods_img/20230919/3574915/3574915_16998525363371_500.jpg,False
2024-09,A,002013,롱패딩/헤비 아우터,002,아우터,17,3599168,discoveryexpedition,디스커버리 익스페디션,여성 레스터G RDS 구스다운 롱패딩 (L/BLACK),https://image.msscdn.net/images/goods_img/20230927/3599168/3599168_16977833688038_500.jpg,False
2024-09,A,002013,롱패딩/헤비 아우터,002,아우터,18,3633411,discoveryexpedition,디스커버리 익스페디션,여성 루이크 고어 윈드스토퍼 코트형 롱패딩 (BLACK),https://image.msscdn.net/images/goods_img/20231017/3633411/3633411_17019237737771_500.png,False
2024-09,A,002013,롱패딩/헤비 아우터,002,아우터,19,3601733,codegraphy,코드그라피,[DIVO] RDS 에센셜 롱다운 파카_블랙,https://image.msscdn.net/images/goods_img/20231004/3601733/3601733_17218066954926_500.jpg,False
2024-09,A,002013,롱패딩/헤비 아우터,002,아우터,20,3595354,discoveryexpedition,디스커버리 익스페디션,남성 레스터G RDS 구스다운 롱패딩 (L/BLACK),https://image.msscdn.net/images/goods_img/20230926/3595354/3595354_17031375193725_500.jpg,False
2024-09,A,002013,롱패딩/헤비 아우터,002,아우터,21,3574910,nationalgeographic,내셔널지오그래픽,N234WDW860 여성 카이만 프로 롱기장 구스 다운 점퍼 BIG LOGO BLACK,https://image.msscdn.net/images/goods_img/20230919/3574910/3574910_16951145971740_500.jpg,False
2024-09,A,002013,롱패딩/헤비 아우터,002,아우터,22,2721258,codegraphy,코드그라피,[23년 패딩 Ver.] 피쉬테일 레이어드 후드 롱파카_블랙,https://image.msscdn.net/images/goods_img/20220817/2721258/2721258_17893546168476_500.jpg,False
2024-09,A,002013,롱패딩/헤비 아우터,002,아우터,23,3704284,topten,탑텐,여성) 슈퍼 에어 롱다운 점퍼_MSD4JP2901,https://image.msscdn.net/images/goods_img/20231110/3704284/3704284_17286321680523_500.jpg,False
2024-09,A,002013,롱패딩/헤비 아우터,002,아우터,24,3494440,k2,케이투,시그니처 씬에어(THINAIR) 앱솔루트 LONG W_Black,https://image.msscdn.net/images/goods_img/20230824/3494440/3494440_16928532895801_500.jpg,False
2024-09,A,002013,롱패딩/헤비 아우터,002,아우터,25,4354759,moncler,몽클레어,벨뷰 롱 패딩 - 블랙 / J20931C000385963V999,https://image.msscdn.net/images/goods_img/20240821/4354759/4354759_17254323438493_500.jpg,False
2024-09,A,002013,롱패딩/헤비 아우터,002,아우터,26,3494437,k2,케이투,씬에어(THINAIR) VIBE UP FOX W_Black,https://image.msscdn.net/images/goods_img/20230824/3494437/3494437_16928532571254_500.jpg,False
2024-09,A,002013,롱패딩/헤비 아우터,002,아우터,27,3669718,theatg,더엣지,폭스퍼 후드 야상 롱 구스다운,https://image.msscdn.net/images/goods_img/20231030/3669718/3669718_17091821724128_500.jpg,False
2024-09,A,002013,롱패딩/헤비 아우터,002,아우터,28,3724928,sistina,시스티나,폭스퍼 벨티드 퀼팅 덕다운 점퍼_ASDJPN41100,https://image.msscdn.net/images/goods_img/20231120/3724928/3724928_17005586618164_500.jpg,False
2024-09,A,002013,롱패딩/헤비 아우터,002,아우터,29,4359397,discoveryexpedition,디스커버리 익스페디션,여성 슬로니 구스다운 경량 롱패딩,https://image.msscdn.net/images/goods_img/20240822/4359397/4359397_17249160782998_500.jpg,False
2024-09,A,002013,롱패딩/헤비 아우터,002,아우터,30,3612729,frizmworks,프리즘웍스,METALLIC LEVEL 7 MONSTER PARKA _ BLACK,https://image.msscdn.net/images/goods_img/20231009/3612729/3612729_16975562702683_500.jpg,False
2024-09,A,002016,패딩 베스트,002,아우터,1,3604607,thenorthface,노스페이스,NV1DQ51J 화이트라벨 노벨티 눕시 다운 베스트_BLACK,https://image.msscdn.net/images/goods_img/20231005/3604607/3604607_16964804005315_500.jpg,False
2024-09,A,002016,패딩 베스트,002,아우터,2,4033561,thenorthface,노스페이스,NV3NQ53A 남성 눕시 온볼 베스트_BLACK,https://image.msscdn.net/images/goods_img/20240408/4033561/4033561_17125371568041_500.jpg,False
2024-09,A,002016,패딩 베스트,002,아우터,3,3796656,thenorthface,노스페이스,NV1DQ51K 화이트라벨 노벨티 눕시 다운 베스트_CREAM,https://image.msscdn.net/images/goods_img/20240116/3796656/3796656_17053699433918_500.jpg,False
2024-09,A,002016,패딩 베스트,002,아우터,4,3197498,mooseknuckles,무스너클,몬트리올 베스트 - 블랙 / M32MV474292,https://image.msscdn.net/images/goods_img/20230331/3197498/3197498_16862903196183_500.jpg,False
2024-09,A,002016,패딩 베스트,002,아우터,5,3602480,thenorthface,노스페이스,NV1DQ80J 화이트라벨 여성 노벨티 눕시 RDS 다운 베스트_BLACK,https://image.msscdn.net/images/goods_img/20231004/3602480/3602480_16964023863989_500.jpg,False
2024-09,A,002016,패딩 베스트,002,아우터,6,3967564,thenorthface,노스페이스,NV1DQ85A 여성 1996 에코 눕시 베스트_BLACK,https://image.msscdn.net/images/goods_img/20240319/3967564/3967564_17108297625306_500.jpg,False
2024-09,A,002016,패딩 베스트,002,아우터,7,2820356,lettercomo,레테르코모,아워 인피니엄 패딩베스트 블랙,https://image.msscdn.net/images/goods_img/20220926/2820356/2820356_1_500.jpg,False
2024-09,A,002016,패딩 베스트,002,아우터,8,3378526,musinsastandard,무신사 스탠다드,시티 레저 다운 패딩 베스트 [블랙],https://image.msscdn.net/images/goods_img/20230622/3378526/3378526_17133382296821_500.jpg,False
2024-09,A,002016,패딩 베스트,002,아우터,9,3967536,thenorthface,노스페이스,NV1DQ55A 남성 1996 눕시 베스트_BLACK,https://image.msscdn.net/images/goods_img/20240319/3967536/3967536_17108298118248_500.jpg,False
2024-09,A,002016,패딩 베스트,002,아우터,10,3590148,nautica,노티카,83플래그 요트 리버시블 다운베스트(네이비),https://image.msscdn.net/images/goods_img/20230925/3590148/3590148_16995998038710_500.jpg,False
2024-09,A,002016,패딩 베스트,002,아우터,11,4441870,thisisneverthat,디스이즈네버댓,GD Native Reversible Down Vest Multi,https://image.msscdn.net/images/goods_img/20240918/4441870/4441870_17270676168587_500.jpg,False
2024-09,A,002016,패딩 베스트,002,아우터,12,3796660,thenorthface,노스페이스,NV1DQ80K 화이트라벨 여성 노벨티 눕시 RDS 다운 베스트_BROWN,https://image.msscdn.net/images/goods_img/20240116/3796660/3796660_17053700011784_500.jpg,False
2024-09,A,002016,패딩 베스트,002,아우터,13,3641976,matinkim,마뗑킴,FOLDED POCKET DOWN VEST FOR MEN IN BLACK,https://image.msscdn.net/images/goods_img/20231019/3641976/3641976_16977005766231_500.jpg,False
2024-09,A,002016,패딩 베스트,002,아우터,14,4287016,thenorthface,노스페이스,NV3NQ53C 남성 눕시 온볼 베스트_CREAM BEIGE,https://image.msscdn.net/images/goods_img/20240731/4287016/4287016_17224155471325_500.jpg,False
2024-09,A,002016,패딩 베스트,002,아우터,15,3918364,arcteryx,아크테릭스,세륨 베스트 남성 - BLACK / ATOSMX7455,https://image.msscdn.net/images/goods_img/20240304/3918364/3918364_17101191390157_500.jpg,False
2024-09,A,002016,패딩 베스트,002,아우터,16,4260195,stoneisland,스톤아일랜드,나일론 메탈 집업 베스트 패딩 - 블랙 / 8115G0419V0029,https://image.msscdn.net/images/goods_img/20240719/4260195/4260195_17230158453507_500.jpg,False
2024-09,A,002016,패딩 베스트,002,아우터,17,3451293,nomanual,노매뉴얼,TRACK DUCK DOWN VEST - GLOSSY BLACK,https://image.msscdn.net/images/goods_img/20230808/3451293/3451293_17260538086539_500.jpg,False
2024-09,A,002016,패딩 베스트,002,아우터,18,3589076,yeseyesee,예스아이씨,Newsboy Down Vest Navy,https://image.msscdn.net/images/goods_img/20230922/3589076/3589076_16963982630155_500.jpg,False
2024-09,A,002016,패딩 베스트,002,아우터,19,3444056,nationalgeographic,내셔널지오그래픽,내셔널지오그래픽 N234UDV910 헤론 U넥 경량 다운 베스트 CARBON BLACK,https://image.msscdn.net/images/goods_img/20230803/3444056/3444056_16993255924109_500.jpg,False
2024-09,A,002016,패딩 베스트,002,아우터,20,2780704,kirsh,키르시,두들 체리 써클 로고 패딩 베스트 [네이비],https://image.msscdn.net/images/goods_img/20220907/2780704/2780704_1_500.jpg,False
2024-09,A,002016,패딩 베스트,002,아우터,21,4380283,moif,모이프,[AW24]OVER MIL VEST / BLACK,https://image.msscdn.net/images/goods_img/20240828/4380283/4380283_17248327378708_500.jpg,False
2024-09,A,002016,패딩 베스트,002,아우터,22,2807867,lmc,엘엠씨,OG PUFFER DUCK DOWN VEST black,https://image.msscdn.net/images/goods_img/20220921/2807867/2807867_17604354806792_500.jpg,False
2024-09,A,002016,패딩 베스트,002,아우터,23,4287007,thenorthface,노스페이스,NV3NQ58A 남성 르위스 티볼 베스트_BLACK,https://image.msscdn.net/images/goods_img/20240731/4287007/4287007_17224155041364_500.jpg,False
2024-09,A,002016,패딩 베스트,002,아우터,24,4264617,stoneisland,스톤아일랜드,나일론 스트레치 와펜 베스트 패딩 - 블랙 / 8115G0828V0029,https://image.msscdn.net/images/goods_img/20240722/4264617/4264617_17231857493912_500.jpg,False
2024-09,A,002016,패딩 베스트,002,아우터,25,4341860,moncler,몽클레어,구이 베스트 패딩 - 다크 그레이 / J20931A1070053029946,https://image.msscdn.net/images/goods_img/20240819/4341860/4341860_17254318358308_500.jpg,False
2024-09,A,002016,패딩 베스트,002,아우터,26,3585198,kiimuir,키뮤어,(덕 다운) 미니멀 다운 베스트_클라우드 크림,https://image.msscdn.net/images/goods_img/20230921/3585198/3585198_17168734857561_500.jpg,False
2024-09,A,002016,패딩 베스트,002,아우터,27,3436248,ilcorso,일꼬르소,[oam.factory X ILCORSO] 플로우 구스 다운 베스트 블랙 IEJU3F702BK,https://image.msscdn.net/images/goods_img/20230801/3436248/3436248_16970037015385_500.jpg,False
2024-09,A,002016,패딩 베스트,002,아우터,28,2744533,codegraphy,코드그라피,[DIVO] RDS 유틸리티 덕다운 베스트_블랙,https://image.msscdn.net/images/goods_img/20220825/2744533/2744533_17173915574028_500.jpg,False
2024-09,A,002016,패딩 베스트,002,아우터,29,3197470,moncler,몽클레어,펠리스 다운 베스트 - 블랙 / I10911A00022596IP999,https://image.msscdn.net/images/goods_img/20230331/3197470/3197470_17018540031118_500.jpg,False
2024-09,A,002016,패딩 베스트,002,아우터,30,606312,musinsastandard,무신사 스탠다드,브이넥 라이트 다운 베스트 [블랙],https://image.msscdn.net/images/goods_img/20170822/606312/606312_4_500.jpg,False
2024-09,A,002015,기타 아우터,002,아우터,1,2837405,matinkim,마뗑킴,MATIN KIM LOGO COATING JUMPER,https://image.msscdn.net/images/goods_img/20221004/2837405/2837405_1_500.jpg,False
2024-09,A,002015,기타 아우터,002,아우터,2,3573116,matinkim,마뗑킴,MATIN CROP HOODY COATING JUMPER,https://image.msscdn.net/images/goods_img/20230919/3573116/3573116_17006410793001_500.jpg,False
2024-09,A,002015,기타 아우터,002,아우터,3,4282754,arcteryx,아크테릭스,아톰 후디 남성 - BLACK / AJOFMX7487,https://image.msscdn.net/images/goods_img/20240730/4282754/4282754_17240339699235_500.jpg,False
2024-09,A,002015,기타 아우터,002,아우터,4,1620285,poloralphlauren,폴로 랄프 로렌,바이스윙 윈드브레이커 - 네이비,https://image.msscdn.net/images/goods_img/20200923/1620285/1620285_2_500.jpg,False
2024-09,A,002015,기타 아우터,002,아우터,5,4350459,coor,쿠어,오버 다잉 페이디드 데미지 워크 자켓 (워시드블랙),https://image.msscdn.net/images/goods_img/20240820/4350459/4350459_17388943175969_500.jpg,False
2024-09,A,002015,기타 아우터,002,아우터,6,3892124,doffjason,도프제이슨,리암 빈티지 워크 자켓 MIDNIGHT KHAKI,https://image.msscdn.net/images/goods_img/20240222/3892124/3892124_17090940709820_500.jpg,False
2024-09,A,002015,기타 아우터,002,아우터,7,4218462,arcteryx,아크테릭스,베타 자켓 남성 - BLACK / AJOSMX7507,https://image.msscdn.net/images/goods_img/20240625/4218462/4218462_17204034454884_500.jpg,False
2024-09,A,002015,기타 아우터,002,아우터,8,3807619,outstanding,아웃스탠딩,FRENCH WORK JACKET_BLUE,https://image.msscdn.net/images/goods_img/20240118/3807619/3807619_17374208908529_500.jpg,False
2024-09,A,002015,기타 아우터,002,아우터,9,4282762,arcteryx,아크테릭스,세륨 후디 남성 - BLACK / AJOFMX7313,https://image.msscdn.net/images/goods_img/20240730/4282762/4282762_17240335281477_500.jpg,False
2024-09,A,002015,기타 아우터,002,아우터,10,4323296,alyss,알리스,[오정규X알리스] 테슬 라인 스티치 니트 라운드 자켓 [딥네이비],https://image.msscdn.net/images/goods_img/20240813/4323296/4323296_17258474367460_500.jpg,False
2024-09,A,002015,기타 아우터,002,아우터,11,1620288,poloralphlauren,폴로 랄프 로렌,바이스윙 윈드브레이커 - 베이지,https://image.msscdn.net/images/goods_img/20200923/1620288/1620288_2_500.jpg,False
2024-09,A,002015,기타 아우터,002,아우터,12,4333557,frizmworks,프리즘웍스,HEAVY CANVAS DESTROYED WORK JACKET _ BROWN,https://image.msscdn.net/images/goods_img/20240815/4333557/4333557_17241366282877_500.jpg,False
2024-09,A,002015,기타 아우터,002,아우터,13,4355292,dunstforwomen,던스트,CLASSIC TWEED JACKET MELANGE GREY_UDJA4C203G2,https://image.msscdn.net/images/goods_img/20240821/4355292/4355292_17883291932293_500.jpg,False
2024-09,A,002015,기타 아우터,002,아우터,14,3892125,doffjason,도프제이슨,리암 빈티지 워크 자켓 COYOTE,https://image.msscdn.net/images/goods_img/20240222/3892125/3892125_17090939751515_500.jpg,False
2024-09,A,002015,기타 아우터,002,아우터,15,2184463,poloralphlauren,폴로 랄프 로렌,코튼 트윌 치노재킷 - 베이지,https://image.msscdn.net/images/goods_img/20211018/2184463/2184463_2_500.jpg,False
2024-09,A,002015,기타 아우터,002,아우터,16,3400393,1993studio,1993스튜디오,빈티지 코튼 트윌 바이커 자켓_카키,https://image.msscdn.net/images/goods_img/20230710/3400393/3400393_16965511573491_500.jpg,False
2024-09,A,002015,기타 아우터,002,아우터,17,3852841,poloralphlauren,폴로 랄프 로렌,코튼 트윌 재킷 - 베이지,https://image.msscdn.net/images/goods_img/20240207/3852841/3852841_17091821694704_500.jpg,False
2024-09,A,002015,기타 아우터,002,아우터,18,4297267,tngt,티엔지티,블랙 『NewJack』 오버핏 워크자켓 (TNJU4F106BK),https://image.msscdn.net/images/goods_img/20240805/4297267/4297267_17361284441347_500.jpg,False
2024-09,A,002015,기타 아우터,002,아우터,19,4333558,frizmworks,프리즘웍스,HEAVY CANVAS DESTROYED WORK JACKET _ MUD,https://image.msscdn.net/images/goods_img/20240815/4333558/4333558_17241365998996_500.jpg,False
2024-09,A,002015,기타 아우터,002,아우터,20,3812093,secondmonolgue,세컨모놀로그,스냅 체크 후드 셔츠 자켓 [BLUE]_SEJK011BLUE,https://image.msscdn.net/images/goods_img/20240122/3812093/3812093_17769926177592_500.jpg,False
2024-09,A,002015,기타 아우터,002,아우터,21,3892116,doffjason,도프제이슨,리암 빈티지 워크 자켓 OYSTER GREY,https://image.msscdn.net/images/goods_img/20240222/3892116/3892116_17090941236496_500.jpg,False
2024-09,A,002015,기타 아우터,002,아우터,22,4282755,arcteryx,아크테릭스,아톰 후디 남성 - BLACK SAPPHIRE / AJOFMX7487,https://image.msscdn.net/images/goods_img/20240730/4282755/4282755_17240340046156_500.jpg,False
2024-09,A,002015,기타 아우터,002,아우터,23,3471497,frizmworks,프리즘웍스,CORDUROY BUDDY HARRINGTON JACKET _ BROWN,https://image.msscdn.net/images/goods_img/20230817/3471497/3471497_16927568210912_500.jpg,False
2024-09,A,002015,기타 아우터,002,아우터,24,4323295,alyss,알리스,[오정규X알리스] 테슬 라인 스티치 니트 라운드 자켓 [블랙],https://image.msscdn.net/images/goods_img/20240813/4323295/4323295_17258474224438_500.jpg,False
2024-09,A,002015,기타 아우터,002,아우터,25,3493776,poloralphlauren,폴로 랄프 로렌,코튼 트윌 치노 재킷 - 베이지,https://image.msscdn.net/images/goods_img/20230824/3493776/3493776_16940558616592_500.jpg,False
2024-09,A,002015,기타 아우터,002,아우터,26,3823881,dimitriblack,디미트리블랙,2WAY 밀리터리 윈드브레이커 자켓_블랙,https://image.msscdn.net/images/goods_img/20240125/3823881/3823881_17171333268063_500.jpg,False
2024-09,A,002015,기타 아우터,002,아우터,27,3471496,frizmworks,프리즘웍스,CORDUROY BUDDY HARRINGTON JACKET _ DARK GREEN,https://image.msscdn.net/images/goods_img/20230817/3471496/3471496_16927567085287_500.jpg,False
2024-09,A,002015,기타 아우터,002,아우터,28,4383473,thenorthface,노스페이스,NJ3BQ51K 화이트라벨 닐턴 자켓_DARK BROWN,https://image.msscdn.net/images/goods_img/20240829/4383473/4383473_17249067953403_500.jpg,False
2024-09,A,002015,기타 아우터,002,아우터,29,4323345,alyss,알리스,[오정규X알리스] 에센셜 집업 블루종 자켓 [블랙],https://image.msscdn.net/images/goods_img/20240813/4323345/4323345_17258474525028_500.jpg,False
2024-09,A,002015,기타 아우터,002,아우터,30,4260535,adidas,아디다스,ADILENIUM 2 워시드 봄버 자켓 - 차콜 / JM9264,https://image.msscdn.net/images/goods_img/20240719/4260535/4260535_17216338676322_500.jpg,False
2024-09,A,003,바지,,,1,3791988,filluminate,필루미네이트,데미지 워시드 데님 팬츠-미디엄 블루,https://image.msscdn.net/images/goods_img/20240112/3791988/3791988_17894491801613_500.jpg,False
2024-09,A,003,바지,,,2,1551840,xero,제로,Deep One Tuck Sweat Pants [Grey],https://image.msscdn.net/images/goods_img/20200818/1551840/1551840_1_500.jpg,False
2024-09,A,003,바지,,,3,4274045,lemainsecond,리메인세컨드,빈티지 캣워싱 와이드 데님 팬츠 [샌드 블루],https://image.msscdn.net/images/goods_img/20240725/4274045/4274045_17888435557697_500.jpg,False
2024-09,A,003,바지,,,4,1149329,musinsastandard,무신사 스탠다드,세미 와이드 히든 밴딩 슬랙스 [블랙],https://image.msscdn.net/images/goods_img/20190910/1149329/1149329_17775152531848_500.jpg,False
2024-09,A,003,바지,,,5,2112059,gakka2,가까이 유니언즈,[여름 or 기모 or 사계절 원단 선택] 원턱 와이드 스웨트팬츠 그레이,https://image.msscdn.net/images/goods_img/20210906/2112059/2112059_17473624399256_500.jpg,False
2024-09,A,003,바지,,,6,2092852,goodlifeworks,굿라이프웍스,[여름옵션 or 4계절] 이지 와이드 데님 팬츠 그레이,https://image.msscdn.net/images/goods_img/20210826/2092852/2092852_17086532214128_500.jpg,False
2024-09,A,003,바지,,,7,1168906,musinsastandard,무신사 스탠다드,와이드 히든 밴딩 슬랙스 [블랙],https://image.msscdn.net/images/goods_img/20190927/1168906/1168906_17224121763738_500.jpg,False
2024-09,A,003,바지,,,8,3674341,boundary,바운더리,(여름원단추가) 투턱 와이드 롱 스웨트 팬츠 [블랙],https://image.msscdn.net/images/goods_img/20231101/3674341/3674341_17042599581270_500.jpg,False
2024-09,A,003,바지,,,9,2112061,gakka2,가까이 유니언즈,[여름 or 기모 or 사계절 원단 선택] 원턱 와이드 스웨트팬츠 블랙,https://image.msscdn.net/images/goods_img/20210906/2112061/2112061_17459952841713_500.jpg,False
2024-09,A,003,바지,,,10,4057732,lemainsecond,리메인세컨드,원턱 와이드 스웨트 팬츠 [그레이],https://image.msscdn.net/images/goods_img/20240416/4057732/4057732_17817553079562_500.jpg,False
2024-09,A,003,바지,,,11,1149328,musinsastandard,무신사 스탠다드,테이퍼드 히든 밴딩 크롭 슬랙스 [블랙],https://image.msscdn.net/images/goods_img/20190910/1149328/1149328_17222375113367_500.jpg,False
2024-09,A,003,바지,,,12,1551839,xero,제로,Deep One Tuck Sweat Pants [Black],https://image.msscdn.net/images/goods_img/20200818/1551839/1551839_1_500.jpg,False
2024-09,A,003,바지,,,13,1926048,xero,제로,Deep One Tuck Sweat Shorts [Grey],https://image.msscdn.net/images/goods_img/20210428/1926048/1926048_1_500.jpg,False
2024-09,A,003,바지,,,14,3663072,toffee,토피,모어 와이드 데님 팬츠 (WASHED RAW BLACK),https://image.msscdn.net/images/goods_img/20231027/3663072/3663072_16988871011427_500.jpg,False
2024-09,A,003,바지,,,15,1222184,musinsastandard,무신사 스탠다드,와이드 히든 밴딩 슬랙스 [미디엄 그레이],https://image.msscdn.net/images/goods_img/20191113/1222184/1222184_17222997169530_500.jpg,False
2024-09,A,003,바지,,,16,750908,wholovesart,후러브스아트,유니섹스 세미 와이드 밴딩 슬랙스 블랙,https://image.msscdn.net/images/goods_img/20180406/750908/750908_17736379434172_500.jpg,False
2024-09,A,003,바지,,,17,4274049,lemainsecond,리메인세컨드,빈티지 캣워싱 와이드 데님 팬츠 [옐로우 워싱],https://image.msscdn.net/images/prd_img/20240725/4274049/detail_4274049_17757836079460_500.jpg,False
2024-09,A,003,바지,,,18,2119984,drawfit,드로우핏,와이드 밴딩 치노 팬츠 [BEIGE],https://image.msscdn.net/images/goods_img/20210909/2119984/2119984_17697407812830_500.jpg,False
2024-09,A,003,바지,,,19,2578996,signature,시그니처,썸머 더블턱 와이드 슬랙스[블랙],https://image.msscdn.net/images/goods_img/20220524/2578996/2578996_17870331293023_500.jpg,False
2024-09,A,003,바지,,,20,4072132,dysfunct,디스펑트,KEY RING WASHING DENIM PANTS(BLUE),https://image.msscdn.net/images/goods_img/20240422/4072132/4072132_17137526006998_500.jpg,False
2024-09,A,003,바지,,,21,4057624,lemainsecond,리메인세컨드,버뮤다 와이드 원턱 스웨트 쇼츠 [그레이],https://image.msscdn.net/images/goods_img/20240416/4057624/4057624_17818375437486_500.jpg,False
2024-09,A,003,바지,,,22,3674342,boundary,바운더리,(여름원단추가) 투턱 와이드 롱 스웨트 팬츠 [그레이],https://image.msscdn.net/images/goods_img/20231101/3674342/3674342_17044188945397_500.jpg,False
2024-09,A,003,바지,,,23,3469199,dimitriblack,디미트리블랙,ASI 에센셜 원턱 와이드 데님 팬츠_그레이,https://image.msscdn.net/images/goods_img/20230816/3469199/3469199_16928612246762_500.jpg,False
2024-09,A,003,바지,,,24,2708877,goodlifeworks,굿라이프웍스,투턱 와이드 슬랙스 블랙,https://image.msscdn.net/images/goods_img/20220810/2708877/2708877_17871103692858_500.jpg,False
2024-09,A,003,바지,,,25,2820940,musinsastandardwoman,무신사 스탠다드 우먼,우먼즈 더블 니트 투 턱 와이드 라운지 스웨트 팬츠 [미디엄 그레이],https://image.msscdn.net/images/goods_img/20220927/2820940/2820940_17625017266952_500.jpg,False
2024-09,A,003,바지,,,26,1926034,xero,제로,Deep One Tuck Sweat Shorts [Black],https://image.msscdn.net/images/goods_img/20210428/1926034/1926034_1_500.jpg,False
2024-09,A,003,바지,,,27,3223947,againstallodds,에이지오디,원턱 와이드 스웨트 팬츠 [그레이],https://image.msscdn.net/images/goods_img/20230411/3223947/3223947_17689822034188_500.jpg,False
2024-09,A,003,바지,,,28,3328615,avan,어반드레스,Wide Cargo Half Denim Pants - 4COL,https://image.msscdn.net/images/goods_img/20230526/3328615/3328615_17169645408063_500.jpg,False
2024-09,A,003,바지,,,29,3228764,dimitriblack,디미트리블랙,바이오워싱 카펜터 버뮤다 데님 팬츠_라이트블루,https://image.msscdn.net/images/goods_img/20230412/3228764/3228764_17769946291978_500.jpg,False
2024-09,A,003,바지,,,30,1627892,musinsastandard,무신사 스탠다드,레플리카 퍼티그 팬츠 [카키],https://image.msscdn.net/images/goods_img/20200928/1627892/1627892_17827088773028_500.jpg,False
2024-09,A,003002,데님 팬츠,003,바지,1,3791988,filluminate,필루미네이트,데미지 워시드 데님 팬츠-미디엄 블루,https://image.msscdn.net/images/goods_img/20240112/3791988/3791988_17894491801613_500.jpg,False
2024-09,A,003002,데님 팬츠,003,바지,2,4274045,lemainsecond,리메인세컨드,빈티지 캣워싱 와이드 데님 팬츠 [샌드 블루],https://image.msscdn.net/images/goods_img/20240725/4274045/4274045_17888435557697_500.jpg,False
2024-09,A,003002,데님 팬츠,003,바지,3,2092852,goodlifeworks,굿라이프웍스,[여름옵션 or 4계절] 이지 와이드 데님 팬츠 그레이,https://image.msscdn.net/images/goods_img/20210826/2092852/2092852_17086532214128_500.jpg,False
2024-09,A,003002,데님 팬츠,003,바지,4,3663072,toffee,토피,모어 와이드 데님 팬츠 (WASHED RAW BLACK),https://image.msscdn.net/images/goods_img/20231027/3663072/3663072_16988871011427_500.jpg,False
2024-09,A,003002,데님 팬츠,003,바지,5,4274049,lemainsecond,리메인세컨드,빈티지 캣워싱 와이드 데님 팬츠 [옐로우 워싱],https://image.msscdn.net/images/prd_img/20240725/4274049/detail_4274049_17757836079460_500.jpg,False
2024-09,A,003002,데님 팬츠,003,바지,6,4072132,dysfunct,디스펑트,KEY RING WASHING DENIM PANTS(BLUE),https://image.msscdn.net/images/goods_img/20240422/4072132/4072132_17137526006998_500.jpg,False
2024-09,A,003002,데님 팬츠,003,바지,7,3469199,dimitriblack,디미트리블랙,ASI 에센셜 원턱 와이드 데님 팬츠_그레이,https://image.msscdn.net/images/goods_img/20230816/3469199/3469199_16928612246762_500.jpg,False
2024-09,A,003002,데님 팬츠,003,바지,8,2092849,goodlifeworks,굿라이프웍스,이지 와이드 데님 팬츠 블랙,https://image.msscdn.net/images/goods_img/20210826/2092849/2092849_17872830577462_500.jpg,False
2024-09,A,003002,데님 팬츠,003,바지,9,3467143,againstallodds,에이지오디,와이드 데님 팬츠 [미디엄 블루],https://image.msscdn.net/images/goods_img/20230816/3467143/3467143_17894571986409_500.jpg,False
2024-09,A,003002,데님 팬츠,003,바지,10,3791990,filluminate,필루미네이트,데미지 워시드 데님 팬츠-블랙,https://image.msscdn.net/images/goods_img/20240112/3791990/3791990_17894492105263_500.jpg,False
2024-09,A,003002,데님 팬츠,003,바지,11,3902778,standarderror,스탠다드에러,87-STAN047 벌룬핏 워싱 와이드 데님팬츠 빈티지 블랙,https://image.msscdn.net/images/goods_img/20240227/3902778/3902778_17743239190107_500.jpg,False
2024-09,A,003002,데님 팬츠,003,바지,12,4111303,trillion,트릴리온,라운드 포켓 벌룬핏 워싱 데님 팬츠 (YELLOW BLACK),https://image.msscdn.net/images/goods_img/20240507/4111303/4111303_17156495980817_500.jpg,False
2024-09,A,003002,데님 팬츠,003,바지,13,3576618,wkndrs,위캔더스,DWARF DENIM PANTS (BLACK),https://image.msscdn.net/images/goods_img/20230920/3576618/3576618_17788142408278_500.png,False
2024-09,A,003002,데님 팬츠,003,바지,14,3124490,trillion,트릴리온,프론트 워싱 와이드 데님 팬츠 (YELLOW BLACK),https://image.msscdn.net/images/goods_img/20230306/3124490/3124490_16784156237192_500.jpg,False
2024-09,A,003002,데님 팬츠,003,바지,15,4274021,lemainsecond,리메인세컨드,내추럴 워싱 와이드 데님 팬츠 [흑청],https://image.msscdn.net/images/goods_img/20240725/4274021/4274021_17818456033783_500.jpg,False
2024-09,A,003002,데님 팬츠,003,바지,16,3794791,ourdayz,아워데이즈,웨이비 커브드 와이드 데님 팬츠 [BLUE],https://image.msscdn.net/images/goods_img/20240115/3794791/3794791_17900634212592_500.jpg,False
2024-09,A,003002,데님 팬츠,003,바지,17,3440017,goodlifeworks,굿라이프웍스,이지 와이드 데님 팬츠 빈티지 워시드 블루,https://image.msscdn.net/images/goods_img/20230801/3440017/3440017_17080504346875_500.jpg,False
2024-09,A,003002,데님 팬츠,003,바지,18,3642581,trillion,트릴리온,파라슈트 카고 리벳 데님 팬츠 (BLACK),https://image.msscdn.net/images/goods_img/20231019/3642581/3642581_16977772857947_500.jpg,False
2024-09,A,003002,데님 팬츠,003,바지,19,2833222,modnine,모드나인,Sunny Subway - MOD1w,https://image.msscdn.net/images/goods_img/20220930/2833222/2833222_1_500.jpg,False
2024-09,A,003002,데님 팬츠,003,바지,20,1552753,branded,브랜디드,1967 JET BLACK JEANS [WIDE STRAIGHT],https://image.msscdn.net/images/goods_img/20200818/1552753/1552753_17817658780276_500.jpg,False
2024-09,A,003002,데님 팬츠,003,바지,21,3794792,ourdayz,아워데이즈,웨이비 커브드 와이드 데님 팬츠 [BLACK],https://image.msscdn.net/images/goods_img/20240115/3794792/3794792_17900634017266_500.jpg,False
2024-09,A,003002,데님 팬츠,003,바지,22,3596906,decet,데케트,[2PACK]Mid Rise Wide Jeans DCPT027,https://image.msscdn.net/images/goods_img/20230926/3596906/3596906_17301806689514_500.jpg,False
2024-09,A,003002,데님 팬츠,003,바지,23,3046300,outstanding,아웃스탠딩,30’S CINCH BACK SELVEDGE WIDE PANTS_INDIGO,https://image.msscdn.net/images/goods_img/20230130/3046300/3046300_17682655726680_500.jpg,False
2024-09,A,003002,데님 팬츠,003,바지,24,2725611,modnine,모드나인,Punk Town - MOD7,https://image.msscdn.net/images/goods_img/20220818/2725611/2725611_1_500.jpg,False
2024-09,A,003002,데님 팬츠,003,바지,25,2028327,musinsastandard,무신사 스탠다드,스트레이트 데님 팬츠 [라이트 인디고],https://image.msscdn.net/images/goods_img/20210714/2028327/2028327_17446168089947_500.jpg,False
2024-09,A,003002,데님 팬츠,003,바지,26,1357768,musinsastandardwoman,무신사 스탠다드 우먼,우먼즈 와이드 데님 팬츠 [워시드 블랙],https://image.msscdn.net/images/goods_img/20200318/1357768/1357768_17673383440289_500.jpg,False
2024-09,A,003002,데님 팬츠,003,바지,27,4338686,toffee,토피,헤이즈 워시드 와이드 데님 팬츠 (5 COLOURS),https://image.msscdn.net/images/goods_img/20240816/4338686/4338686_17255018886630_500.jpg,False
2024-09,A,003002,데님 팬츠,003,바지,28,4308176,dimitriblack,디미트리블랙,바이오워싱 와이드 카펜터 데님 팬츠_더스트블랙,https://image.msscdn.net/images/goods_img/20240808/4308176/4308176_17240914389114_500.jpg,False
2024-09,A,003002,데님 팬츠,003,바지,29,3902776,standarderror,스탠다드에러,87-STAN047 벌룬핏 워싱 와이드 데님팬츠 빈티지 옐로우,https://image.msscdn.net/images/goods_img/20240227/3902776/3902776_17743239464595_500.jpg,False
2024-09,A,003002,데님 팬츠,003,바지,30,3520046,reflyperky,리플라이퍼키,HT8717 웨어에버 와이드 데님 (MID BRUSH),https://image.msscdn.net/images/goods_img/20230831/3520046/3520046_17745063154911_500.jpg,False
2024-09,A,003004,트레이닝/조거 팬츠,003,바지,1,1551840,xero,제로,Deep One Tuck Sweat Pants [Grey],https://image.msscdn.net/images/goods_img/20200818/1551840/1551840_1_500.jpg,False
2024-09,A,003004,트레이닝/조거 팬츠,003,바지,2,2112059,gakka2,가까이 유니언즈,[여름 or 기모 or 사계절 원단 선택] 원턱 와이드 스웨트팬츠 그레이,https://image.msscdn.net/images/goods_img/20210906/2112059/2112059_17473624399256_500.jpg,False
2024-09,A,003004,트레이닝/조거 팬츠,003,바지,3,3674341,boundary,바운더리,(여름원단추가) 투턱 와이드 롱 스웨트 팬츠 [블랙],https://image.msscdn.net/images/goods_img/20231101/3674341/3674341_17042599581270_500.jpg,False
2024-09,A,003004,트레이닝/조거 팬츠,003,바지,4,2112061,gakka2,가까이 유니언즈,[여름 or 기모 or 사계절 원단 선택] 원턱 와이드 스웨트팬츠 블랙,https://image.msscdn.net/images/goods_img/20210906/2112061/2112061_17459952841713_500.jpg,False
2024-09,A,003004,트레이닝/조거 팬츠,003,바지,5,4057732,lemainsecond,리메인세컨드,원턱 와이드 스웨트 팬츠 [그레이],https://image.msscdn.net/images/goods_img/20240416/4057732/4057732_17817553079562_500.jpg,False
2024-09,A,003004,트레이닝/조거 팬츠,003,바지,6,1551839,xero,제로,Deep One Tuck Sweat Pants [Black],https://image.msscdn.net/images/goods_img/20200818/1551839/1551839_1_500.jpg,False
2024-09,A,003004,트레이닝/조거 팬츠,003,바지,7,3674342,boundary,바운더리,(여름원단추가) 투턱 와이드 롱 스웨트 팬츠 [그레이],https://image.msscdn.net/images/goods_img/20231101/3674342/3674342_17044188945397_500.jpg,False
2024-09,A,003004,트레이닝/조거 팬츠,003,바지,8,2820940,musinsastandardwoman,무신사 스탠다드 우먼,우먼즈 더블 니트 투 턱 와이드 라운지 스웨트 팬츠 [미디엄 그레이],https://image.msscdn.net/images/goods_img/20220927/2820940/2820940_17625017266952_500.jpg,False
2024-09,A,003004,트레이닝/조거 팬츠,003,바지,9,3223947,againstallodds,에이지오디,원턱 와이드 스웨트 팬츠 [그레이],https://image.msscdn.net/images/goods_img/20230411/3223947/3223947_17689822034188_500.jpg,False
2024-09,A,003004,트레이닝/조거 팬츠,003,바지,10,2307746,musinsastandard,무신사 스탠다드,원 턱 와이드 라운지 스웨트 팬츠 [미디엄 그레이],https://image.msscdn.net/images/goods_img/20220114/2307746/2307746_17028630311189_500.jpg,False
2024-09,A,003004,트레이닝/조거 팬츠,003,바지,11,3792018,filluminate,필루미네이트,나일론 투 턱 테이핑 팬츠-블랙,https://image.msscdn.net/images/goods_img/20240112/3792018/3792018_17894495787885_500.jpg,False
2024-09,A,003004,트레이닝/조거 팬츠,003,바지,12,4057671,lemainsecond,리메인세컨드,원턱 와이드 스웨트 팬츠 [블랙],https://image.msscdn.net/images/goods_img/20240416/4057671/4057671_17817553340054_500.jpg,False
2024-09,A,003004,트레이닝/조거 팬츠,003,바지,13,2818150,musinsastandardwoman,무신사 스탠다드 우먼,우먼즈 와이드 카고 팬츠 [블랙],https://image.msscdn.net/images/goods_img/20220926/2818150/2818150_17489933476409_500.jpg,False
2024-09,A,003004,트레이닝/조거 팬츠,003,바지,14,2744549,anolorcode,어널러코드,사계절 쓰리턱 트레이닝팬츠 (2color),https://image.msscdn.net/images/goods_img/20220825/2744549/2744549_17848712083816_500.jpg,False
2024-09,A,003004,트레이닝/조거 팬츠,003,바지,15,1844582,brenson,브렌슨,(Renew Ver.) 원턱 와이드 스웨트 팬츠 ( 7Color ) ( 기모선택 ),https://image.msscdn.net/images/goods_img/20210315/1844582/1844582_17774456564921_500.jpg,False
2024-09,A,003004,트레이닝/조거 팬츠,003,바지,16,3037465,dimitriblack,디미트리블랙,VLAD 워터프루프 와이드 카고 팬츠_블랙,https://image.msscdn.net/images/goods_img/20230125/3037465/3037465_17727796661503_500.jpg,False
2024-09,A,003004,트레이닝/조거 팬츠,003,바지,17,3439044,toffee,토피,더블 사이드 라인 트랙 버티컬 팬츠 (DARK NAVY),https://image.msscdn.net/images/goods_img/20230801/3439044/3439044_17177231842578_500.jpg,False
2024-09,A,003004,트레이닝/조거 팬츠,003,바지,18,3850079,adidas,아디다스,파이어버드 루즈 트랙 팬츠 - 블랙 / IT7404,https://image.msscdn.net/images/goods_img/20240206/3850079/3850079_17072770729013_500.jpg,False
2024-09,A,003004,트레이닝/조거 팬츠,003,바지,19,4322696,seez,시즈,[데일리룸 X 시즈] 벌룬 레그 밀 와이드 카고 팬츠 [CHARCOAL],https://image.msscdn.net/images/goods_img/20240812/4322696/4322696_17257821092530_500.jpg,False
2024-09,A,003004,트레이닝/조거 팬츠,003,바지,20,2820939,musinsastandardwoman,무신사 스탠다드 우먼,우먼즈 더블 니트 투 턱 와이드 라운지 스웨트 팬츠 [블랙],https://image.msscdn.net/images/goods_img/20220927/2820939/2820939_17625014945098_500.jpg,False
2024-09,A,003004,트레이닝/조거 팬츠,003,바지,21,3095384,gakka2,가까이 유니언즈,원턱 와이드 스웨트 카고팬츠 카키,https://image.msscdn.net/images/goods_img/20230220/3095384/3095384_17490881371864_500.jpg,False
2024-09,A,003004,트레이닝/조거 팬츠,003,바지,22,4336057,adidas,아디다스,파이어버드 배기 트랙 팬츠 - 블랙 / IZ4801,https://image.msscdn.net/images/goods_img/20240816/4336057/4336057_17242237807067_500.jpg,False
2024-09,A,003004,트레이닝/조거 팬츠,003,바지,23,3439084,toffee,토피,더블 사이드 라인 트랙 버티컬 팬츠 (BROWN),https://image.msscdn.net/images/goods_img/20230801/3439084/3439084_17177231930985_500.jpg,False
2024-09,A,003004,트레이닝/조거 팬츠,003,바지,24,4057974,lemainsecond,리메인세컨드,원턱 와이드 카고 스웨트 팬츠 [블랙],https://image.msscdn.net/images/goods_img/20240416/4057974/4057974_17761280486977_500.jpg,False
2024-09,A,003004,트레이닝/조거 팬츠,003,바지,25,2562527,takeasy,테이크이지,우먼스 월계수 와이드 팬츠(블랙),https://image.msscdn.net/images/goods_img/20220516/2562527/2562527_1_500.jpg,False
2024-09,A,003004,트레이닝/조거 팬츠,003,바지,26,1370101,not4nerd,낫포너드,[여름원단] Wide String Cargo Slacks Pants - Black,https://image.msscdn.net/images/goods_img/20200326/1370101/1370101_17502941583404_500.jpg,False
2024-09,A,003004,트레이닝/조거 팬츠,003,바지,27,2712149,avan,어반드레스,UNISEX AV WIDE PANTS - 3COL,https://image.msscdn.net/images/goods_img/20220811/2712149/2712149_17206936654637_500.jpg,False
2024-09,A,003004,트레이닝/조거 팬츠,003,바지,28,1736562,xero,제로,Deep One Tuck Sweat Pants [White Grey],https://image.msscdn.net/images/goods_img/20210105/1736562/1736562_1_500.jpg,False
2024-09,A,003004,트레이닝/조거 팬츠,003,바지,29,3238724,leathery,레더리,파라슈트 와이드 카고 팬츠 [BLACK],https://image.msscdn.net/images/goods_img/20230417/3238724/3238724_17875353244658_500.jpg,False
2024-09,A,003004,트레이닝/조거 팬츠,003,바지,30,4322693,seez,시즈,[데일리룸 X 시즈] 벌룬 레그 밀 와이드 카고 팬츠 [OFF WHITE],https://image.msscdn.net/images/goods_img/20240812/4322693/4322693_17246812032086_500.jpg,False
2024-09,A,003007,코튼 팬츠,003,바지,1,2119984,drawfit,드로우핏,와이드 밴딩 치노 팬츠 [BEIGE],https://image.msscdn.net/images/goods_img/20210909/2119984/2119984_17697407812830_500.jpg,False
2024-09,A,003007,코튼 팬츠,003,바지,2,1627892,musinsastandard,무신사 스탠다드,레플리카 퍼티그 팬츠 [카키],https://image.msscdn.net/images/goods_img/20200928/1627892/1627892_17827088773028_500.jpg,False
2024-09,A,003007,코튼 팬츠,003,바지,3,4293047,thecoldestmoment,더콜디스트모먼트,TCM starfish chino pants (brown),https://image.msscdn.net/images/goods_img/20240802/4293047/4293047_17231900499261_500.jpg,False
2024-09,A,003007,코튼 팬츠,003,바지,4,2060759,goodlifeworks,굿라이프웍스,[여름옵션 or 4계절] 와이드 절개 벌룬팬츠 코튼 카키,https://image.msscdn.net/images/goods_img/20210812/2060759/2060759_17080505871544_500.jpg,False
2024-09,A,003007,코튼 팬츠,003,바지,5,3684419,dickies,디키즈,더블니 85283 루즈핏 워크팬츠 Black,https://image.msscdn.net/images/goods_img/20231103/3684419/3684419_17751985153031_500.jpg,False
2024-09,A,003007,코튼 팬츠,003,바지,6,4250210,urbandtype,어반디타입,홈보이 벌룬 워크 팬츠_베이지,https://image.msscdn.net/images/goods_img/20240715/4250210/4250210_17877232200000_500.jpg,False
2024-09,A,003007,코튼 팬츠,003,바지,7,3920059,signature,시그니처,원턱 와이드 치노 팬츠[베이지],https://image.msscdn.net/images/goods_img/20240304/3920059/3920059_17888487769046_500.jpg,False
2024-09,A,003007,코튼 팬츠,003,바지,8,4293032,thecoldestmoment,더콜디스트모먼트,TCM starfish chino pants (black),https://image.msscdn.net/images/goods_img/20240802/4293032/4293032_17231900851488_500.jpg,False
2024-09,A,003007,코튼 팬츠,003,바지,9,2069525,musinsastandard,무신사 스탠다드,원 턱 레귤러 핏 치노 팬츠 [베이지],https://image.msscdn.net/images/goods_img/20210818/2069525/2069525_17217961236716_500.jpg,False
2024-09,A,003007,코튼 팬츠,003,바지,10,4250214,urbandtype,어반디타입,홈보이 벌룬 워크 팬츠_블랙,https://image.msscdn.net/images/goods_img/20240715/4250214/4250214_17877227110999_500.jpg,False
2024-09,A,003007,코튼 팬츠,003,바지,11,1115290,musinsastandard,무신사 스탠다드,와이드 치노 팬츠 [베이지],https://image.msscdn.net/images/goods_img/20190809/1115290/1115290_1_500.jpg,False
2024-09,A,003007,코튼 팬츠,003,바지,12,2060760,goodlifeworks,굿라이프웍스,[여름옵션 or 4계절] 와이드 절개 벌룬팬츠 코튼 블랙,https://image.msscdn.net/images/goods_img/20210812/2060760/2060760_17086524586075_500.jpg,False
2024-09,A,003007,코튼 팬츠,003,바지,13,4437639,partimentowomen,파르티멘토 우먼,2WAY 벨티드 레이어드 파라슈트 팬츠_블랙,https://image.msscdn.net/images/goods_img/20240912/4437639/4437639_17268280519545_500.jpg,False
2024-09,A,003007,코튼 팬츠,003,바지,14,1253200,bronson,브론슨,1942 US Army Chino Trousers Khaki,https://image.msscdn.net/images/goods_img/20191217/1253200/1253200_17737245176749_500.jpg,False
2024-09,A,003007,코튼 팬츠,003,바지,15,3722417,dickies,디키즈,오리지널 874 워크팬츠 Black,https://image.msscdn.net/images/goods_img/20231120/3722417/3722417_17751984308706_500.jpg,False
2024-09,A,003007,코튼 팬츠,003,바지,16,3722416,dickies,디키즈,오리지널 874 워크팬츠 Desert Sand,https://image.msscdn.net/images/goods_img/20231120/3722416/3722416_17751983911002_500.jpg,False
2024-09,A,003007,코튼 팬츠,003,바지,17,2513523,node,노드 아카이브,레귤러 테이퍼드 치노 팬츠 (7 COLOR),https://image.msscdn.net/images/goods_img/20220425/2513523/2513523_17210141605115_500.jpg,False
2024-09,A,003007,코튼 팬츠,003,바지,18,3851957,trillion,트릴리온,사이드 턱 스냅 버튼 와이드 코튼 팬츠 (BEIGE),https://image.msscdn.net/images/goods_img/20240206/3851957/3851957_17080591271549_500.jpg,False
2024-09,A,003007,코튼 팬츠,003,바지,19,4437638,partimentowomen,파르티멘토 우먼,2WAY 벨티드 레이어드 파라슈트 팬츠_브라운,https://image.msscdn.net/images/goods_img/20240912/4437638/4437638_17268279763007_500.jpg,False
2024-09,A,003007,코튼 팬츠,003,바지,20,3684422,dickies,디키즈,더블니 85283 루즈핏 워크팬츠 Khaki,https://image.msscdn.net/images/goods_img/20231103/3684422/3684422_17751986010397_500.jpg,False
2024-09,A,003007,코튼 팬츠,003,바지,21,3781269,idontwannasell,아이돈워너셀,Soft Suede Twill Balloon Pants Brown,https://image.msscdn.net/images/goods_img/20240108/3781269/3781269_17192035476686_500.jpg,False
2024-09,A,003007,코튼 팬츠,003,바지,22,3757158,musinsastandard,무신사 스탠다드,백 사틴 오피서 팬츠 [브라운],https://image.msscdn.net/images/goods_img/20231215/3757158/3757158_17128244327393_500.jpg,False
2024-09,A,003007,코튼 팬츠,003,바지,23,2602299,musinsastandard,무신사 스탠다드,투 턱 와이드 치노 팬츠 [베이지],https://image.msscdn.net/images/goods_img/20220608/2602299/2602299_17554729616063_500.jpg,False
2024-09,A,003007,코튼 팬츠,003,바지,24,1924274,suare,수아레,린넨 라이크 세미 와이드 밴딩 팬츠 - 10 COLOR,https://image.msscdn.net/images/goods_img/20210428/1924274/1924274_17152551704806_500.jpg,False
2024-09,A,003007,코튼 팬츠,003,바지,25,4250212,urbandtype,어반디타입,홈보이 벌룬 워크 팬츠_카키,https://image.msscdn.net/images/goods_img/20240715/4250212/4250212_17677589796225_500.jpg,False
2024-09,A,003007,코튼 팬츠,003,바지,26,957905,gramicci,그라미치,루즈테이퍼드 팬츠 Khaki Grey,https://image.msscdn.net/images/goods_img/20190219/957905/957905_17429643497862_500.jpg,False
2024-09,A,003007,코튼 팬츠,003,바지,27,3304652,musinsastandard,무신사 스탠다드,백 사틴 오피서 팬츠 [카키],https://image.msscdn.net/images/goods_img/20230518/3304652/3304652_16914692166478_500.jpg,False
2024-09,A,003007,코튼 팬츠,003,바지,28,4293038,thecoldestmoment,더콜디스트모먼트,TCM starfish chino pants (charcoal),https://image.msscdn.net/images/goods_img/20240802/4293038/4293038_17231900687793_500.jpg,False
2024-09,A,003007,코튼 팬츠,003,바지,29,2279194,compagno,꼼파뇨,벌룬 와이드 코듀로이 팬츠 다크브라운,https://image.msscdn.net/images/goods_img/20211222/2279194/2279194_17044272805911_500.jpg,False
2024-09,A,003007,코튼 팬츠,003,바지,30,3468726,iey,이에이,NU-MAC CARPENTER PANTS Black,https://image.msscdn.net/images/goods_img/20230816/3468726/3468726_17349304114249_500.jpg,False
2024-09,A,003008,슈트 팬츠/슬랙스,003,바지,1,1149329,musinsastandard,무신사 스탠다드,세미 와이드 히든 밴딩 슬랙스 [블랙],https://image.msscdn.net/images/goods_img/20190910/1149329/1149329_17775152531848_500.jpg,False
2024-09,A,003008,슈트 팬츠/슬랙스,003,바지,2,1168906,musinsastandard,무신사 스탠다드,와이드 히든 밴딩 슬랙스 [블랙],https://image.msscdn.net/images/goods_img/20190927/1168906/1168906_17224121763738_500.jpg,False
2024-09,A,003008,슈트 팬츠/슬랙스,003,바지,3,1149328,musinsastandard,무신사 스탠다드,테이퍼드 히든 밴딩 크롭 슬랙스 [블랙],https://image.msscdn.net/images/goods_img/20190910/1149328/1149328_17222375113367_500.jpg,False
2024-09,A,003008,슈트 팬츠/슬랙스,003,바지,4,1222184,musinsastandard,무신사 스탠다드,와이드 히든 밴딩 슬랙스 [미디엄 그레이],https://image.msscdn.net/images/goods_img/20191113/1222184/1222184_17222997169530_500.jpg,False
2024-09,A,003008,슈트 팬츠/슬랙스,003,바지,5,750908,wholovesart,후러브스아트,유니섹스 세미 와이드 밴딩 슬랙스 블랙,https://image.msscdn.net/images/goods_img/20180406/750908/750908_17736379434172_500.jpg,False
2024-09,A,003008,슈트 팬츠/슬랙스,003,바지,6,2578996,signature,시그니처,썸머 더블턱 와이드 슬랙스[블랙],https://image.msscdn.net/images/goods_img/20220524/2578996/2578996_17870331293023_500.jpg,False
2024-09,A,003008,슈트 팬츠/슬랙스,003,바지,7,2708877,goodlifeworks,굿라이프웍스,투턱 와이드 슬랙스 블랙,https://image.msscdn.net/images/goods_img/20220810/2708877/2708877_17871103692858_500.jpg,False
2024-09,A,003008,슈트 팬츠/슬랙스,003,바지,8,3304078,againstallodds,에이지오디,원턱 와이드 밴딩 슬랙스 [블랙],https://image.msscdn.net/images/goods_img/20230518/3304078/3304078_17612926185466_500.jpg,False
2024-09,A,003008,슈트 팬츠/슬랙스,003,바지,9,2568748,musinsastandard,무신사 스탠다드,스트레이트 히든 밴딩 슬랙스 [블랙],https://image.msscdn.net/images/goods_img/20220518/2568748/2568748_17518450114735_500.jpg,False
2024-09,A,003008,슈트 팬츠/슬랙스,003,바지,10,1168922,musinsastandard,무신사 스탠다드,리얼 와이드 히든 밴딩 슬랙스 [블랙],https://image.msscdn.net/images/goods_img/20190927/1168922/1168922_17784624760417_500.jpg,False
2024-09,A,003008,슈트 팬츠/슬랙스,003,바지,11,2032901,musinsastandard,무신사 스탠다드,릴렉스드 테이퍼드 히든 밴딩 크롭 슬랙스 [블랙],https://image.msscdn.net/images/goods_img/20210719/2032901/2032901_17518455282793_500.jpg,False
2024-09,A,003008,슈트 팬츠/슬랙스,003,바지,12,1224095,musinsastandard,무신사 스탠다드,세미 와이드 히든 밴딩 슬랙스 [미디엄 그레이],https://image.msscdn.net/images/goods_img/20191113/1224095/1224095_17518463307099_500.jpg,False
2024-09,A,003008,슈트 팬츠/슬랙스,003,바지,13,1596414,musinsastandardwoman,무신사 스탠다드 우먼,우먼즈 와이드 히든 밴딩 슬랙스 [블랙],https://image.msscdn.net/images/goods_img/20200911/1596414/1596414_17537745133548_500.jpg,False
2024-09,A,003008,슈트 팬츠/슬랙스,003,바지,14,2708879,goodlifeworks,굿라이프웍스,투턱 와이드 슬랙스 그레이,https://image.msscdn.net/images/goods_img/20220810/2708879/2708879_17864119204729_500.jpg,False
2024-09,A,003008,슈트 팬츠/슬랙스,003,바지,15,1224094,musinsastandard,무신사 스탠다드,세미 와이드 히든 밴딩 슬랙스 [차콜 그레이],https://image.msscdn.net/images/goods_img/20191113/1224094/1224094_17518465836463_500.jpg,False
2024-09,A,003008,슈트 팬츠/슬랙스,003,바지,16,1436504,musinsastandard,무신사 스탠다드,[쿨탠다드] 세미 와이드 히든 밴딩 슬랙스 [블랙],https://image.msscdn.net/images/goods_img/20200508/1436504/1436504_17516080113500_500.jpg,False
2024-09,A,003008,슈트 팬츠/슬랙스,003,바지,17,2551390,musinsastandardwoman,무신사 스탠다드 우먼,우먼즈 하이 웨이스트 와이드 히든 밴딩 슬랙스 [블랙],https://image.msscdn.net/images/goods_img/20220511/2551390/2551390_17537691701922_500.jpg,False
2024-09,A,003008,슈트 팬츠/슬랙스,003,바지,18,3510977,anotheroffice,어나더 오피스,Santiago Slacks (Charcoal),https://image.msscdn.net/images/goods_img/20230829/3510977/3510977_17878786697788_500.jpg,False
2024-09,A,003008,슈트 팬츠/슬랙스,003,바지,19,2116434,musinsastandard,무신사 스탠다드,리얼 와이드 벨티드 슬랙스 [블랙],https://image.msscdn.net/images/goods_img/20210908/2116434/2116434_2_500.jpg,False
2024-09,A,003008,슈트 팬츠/슬랙스,003,바지,20,1440874,musinsastandard,무신사 스탠다드,[쿨탠다드] 테이퍼드 히든 밴딩 크롭 슬랙스 [블랙],https://image.msscdn.net/images/goods_img/20200512/1440874/1440874_17224016752417_500.jpg,False
2024-09,A,003008,슈트 팬츠/슬랙스,003,바지,21,1832529,signature,시그니처,투턱 와이드 슬랙스 [그레이],https://image.msscdn.net/images/goods_img/20210308/1832529/1832529_17872921249983_500.jpg,False
2024-09,A,003008,슈트 팬츠/슬랙스,003,바지,22,1222183,musinsastandard,무신사 스탠다드,와이드 히든 밴딩 슬랙스 [차콜 그레이],https://image.msscdn.net/images/goods_img/20191113/1222183/1222183_17798577036388_500.jpg,False
2024-09,A,003008,슈트 팬츠/슬랙스,003,바지,23,1458942,signature,시그니처,세미 부츠컷 슬랙스 [블랙],https://image.msscdn.net/images/goods_img/20200522/1458942/1458942_17870329488948_500.jpg,False
2024-09,A,003008,슈트 팬츠/슬랙스,003,바지,24,1216295,musinsastandard,무신사 스탠다드,테이퍼드 히든 밴딩 크롭 슬랙스 [미디엄 그레이],https://image.msscdn.net/images/goods_img/20191107/1216295/1216295_17222372451209_500.jpg,False
2024-09,A,003008,슈트 팬츠/슬랙스,003,바지,25,1853715,musinsastandardwoman,무신사 스탠다드 우먼,우먼즈 웨이스트밴들리스 와이드 슬랙스 [블랙],https://image.msscdn.net/images/goods_img/20210319/1853715/1853715_17851447163608_500.jpg,False
2024-09,A,003008,슈트 팬츠/슬랙스,003,바지,26,2578997,signature,시그니처,썸머 더블턱 와이드 슬랙스[그레이],https://image.msscdn.net/images/goods_img/20220524/2578997/2578997_17870331107183_500.jpg,False
2024-09,A,003008,슈트 팬츠/슬랙스,003,바지,27,2124438,signature,시그니처,원턱 와이드 슬랙스[딥브라운],https://image.msscdn.net/images/goods_img/20210910/2124438/2124438_17866044214996_500.jpg,False
2024-09,A,003008,슈트 팬츠/슬랙스,003,바지,28,2124440,signature,시그니처,원턱 와이드 슬랙스[블랙],https://image.msscdn.net/images/goods_img/20210910/2124440/2124440_17872919380771_500.jpg,False
2024-09,A,003008,슈트 팬츠/슬랙스,003,바지,29,2477836,musinsastandard,무신사 스탠다드,[쿨탠다드] 릴렉스드 테이퍼드 히든 밴딩 크롭 슬랙스 [블랙],https://image.msscdn.net/images/goods_img/20220408/2477836/2477836_17222408083225_500.jpg,False
2024-09,A,003008,슈트 팬츠/슬랙스,003,바지,30,3650955,trillion,트릴리온,에센셜 세미 와이드 슬랙스 (BLACK),https://image.msscdn.net/images/goods_img/20231023/3650955/3650955_17170489046898_500.jpg,False
2024-09,A,003009,숏 팬츠,003,바지,1,1926048,xero,제로,Deep One Tuck Sweat Shorts [Grey],https://image.msscdn.net/images/goods_img/20210428/1926048/1926048_1_500.jpg,False
2024-09,A,003009,숏 팬츠,003,바지,2,4057624,lemainsecond,리메인세컨드,버뮤다 와이드 원턱 스웨트 쇼츠 [그레이],https://image.msscdn.net/images/goods_img/20240416/4057624/4057624_17818375437486_500.jpg,False
2024-09,A,003009,숏 팬츠,003,바지,3,1926034,xero,제로,Deep One Tuck Sweat Shorts [Black],https://image.msscdn.net/images/goods_img/20210428/1926034/1926034_1_500.jpg,False
2024-09,A,003009,숏 팬츠,003,바지,4,3328615,avan,어반드레스,Wide Cargo Half Denim Pants - 4COL,https://image.msscdn.net/images/goods_img/20230526/3328615/3328615_17169645408063_500.jpg,False
2024-09,A,003009,숏 팬츠,003,바지,5,3228764,dimitriblack,디미트리블랙,바이오워싱 카펜터 버뮤다 데님 팬츠_라이트블루,https://image.msscdn.net/images/goods_img/20230412/3228764/3228764_17769946291978_500.jpg,False
2024-09,A,003009,숏 팬츠,003,바지,6,4111294,trillion,트릴리온,캣 브러쉬 워시드 버뮤다 데님 쇼츠 (SAND BLUE),https://image.msscdn.net/images/goods_img/20240507/4111294/4111294_17471253714702_500.jpg,False
2024-09,A,003009,숏 팬츠,003,바지,7,3231055,againstallodds,에이지오디,버뮤다 와이드 원턱 스웨트 쇼츠 [그레이],https://image.msscdn.net/images/goods_img/20230413/3231055/3231055_17108290911916_500.jpg,False
2024-09,A,003009,숏 팬츠,003,바지,8,2574822,brenson,브렌슨,(Renew Ver.) 원턱 와이드 반바지 ( 6Color ),https://image.msscdn.net/images/goods_img/20220523/2574822/2574822_17774456124536_500.jpg,False
2024-09,A,003009,숏 팬츠,003,바지,9,4111296,trillion,트릴리온,캣 브러쉬 워시드 버뮤다 데님 쇼츠 (NORMAL BLACK),https://image.msscdn.net/images/goods_img/20240507/4111296/4111296_17471253413933_500.jpg,False
2024-09,A,003009,숏 팬츠,003,바지,10,4036307,dimitriblack,디미트리블랙,바이오워싱 카펜터 버뮤다 데님 팬츠_옐로우 워싱,https://image.msscdn.net/images/goods_img/20240408/4036307/4036307_17739929938780_500.jpg,False
2024-09,A,003009,숏 팬츠,003,바지,11,2508821,afresh,어프레쉬,에어스트레치 쇼츠_블랙 트레이닝,https://image.msscdn.net/images/goods_img/20220422/2508821/2508821_17858059555654_500.jpg,False
2024-09,A,003009,숏 팬츠,003,바지,12,3513309,momg,필립페이커,카펜터 버뮤다 스웨트 8부 팬츠 블랙,https://image.msscdn.net/images/goods_img/20230830/3513309/3513309_16934722502141_500.jpg,False
2024-09,A,003009,숏 팬츠,003,바지,13,4057927,lemainsecond,리메인세컨드,버뮤다 와이드 원턱 카고 스웨트 쇼츠 [그레이],https://image.msscdn.net/images/goods_img/20240416/4057927/4057927_17791537502858_500.jpg,False
2024-09,A,003009,숏 팬츠,003,바지,14,3230964,againstallodds,에이지오디,버뮤다 와이드 원턱 스웨트 쇼츠 [블랙],https://image.msscdn.net/images/goods_img/20230413/3230964/3230964_17430340874885_500.png,False
2024-09,A,003009,숏 팬츠,003,바지,15,4024920,againstallodds,에이지오디,버뮤다 와이드 원턱 카고 스웨트 쇼츠 [블랙],https://image.msscdn.net/images/goods_img/20240404/4024920/4024920_17689895874943_500.jpg,False
2024-09,A,003009,숏 팬츠,003,바지,16,4036308,dimitriblack,디미트리블랙,바이오워싱 카펜터 버뮤다 데님 팬츠_블랙,https://image.msscdn.net/images/goods_img/20240408/4036308/4036308_17739928808765_500.jpg,False
2024-09,A,003009,숏 팬츠,003,바지,17,1446775,brenson,브렌슨,(Renew Ver.) 루즈핏  반바지 ( 4Color ),https://image.msscdn.net/images/goods_img/20200514/1446775/1446775_17561707502333_500.jpg,False
2024-09,A,003009,숏 팬츠,003,바지,18,3877779,easynoeasy,이지노이지,8부 데님 버뮤다팬츠 - 딥블루,https://image.msscdn.net/images/goods_img/20240216/3877779/3877779_17501497851354_500.jpg,False
2024-09,A,003009,숏 팬츠,003,바지,19,4057601,lemainsecond,리메인세컨드,버뮤다 와이드 원턱 스웨트 쇼츠 [블랙],https://image.msscdn.net/images/goods_img/20240416/4057601/4057601_17503866887256_500.jpg,False
2024-09,A,003009,숏 팬츠,003,바지,20,3281241,magoodgan,맥우드건,버나드 7907 카펜터 버뮤다 미디움인디고 쇼츠팬츠,https://image.msscdn.net/images/goods_img/20230508/3281241/3281241_16835314669311_500.jpg,False
2024-09,A,003009,숏 팬츠,003,바지,21,4036310,dimitriblack,디미트리블랙,바이오워싱 카펜터 버뮤다 데님 팬츠_그레이,https://image.msscdn.net/images/goods_img/20240408/4036310/4036310_17164417160485_500.jpg,False
2024-09,A,003009,숏 팬츠,003,바지,22,544003,grooverhyme,그루브라임,[2PACK] BASIC HALF PANTS (C100 30S트윌 풀밴딩 4부 쇼츠) (19COLOR) [LRAMCNH750P],https://image.msscdn.net/images/goods_img/20170424/544003/544003_17430626093637_500.jpg,False
2024-09,A,003009,숏 팬츠,003,바지,23,4109365,creamsodalab,크림소다랩,버뮤다 카펜터 숏 데님팬츠 밴딩 딥 블루,https://image.msscdn.net/images/goods_img/20240507/4109365/4109365_17150591257418_500.jpg,False
2024-09,A,003009,숏 팬츠,003,바지,24,4096918,toffee,토피,워시드 버뮤다 데님 팬츠 (GREY),https://image.msscdn.net/images/goods_img/20240430/4096918/4096918_17187556835563_500.jpg,False
2024-09,A,003009,숏 팬츠,003,바지,25,4242184,adidas,아디다스,레더 숏 팬츠 - 블랙 / IY7320,https://image.msscdn.net/images/goods_img/20240710/4242184/4242184_17210261096008_500.jpg,False
2024-09,A,003009,숏 팬츠,003,바지,26,3487259,volante,볼란테,Daily Banding Squat Pants [Black],https://image.msscdn.net/images/goods_img/20230822/3487259/3487259_17484842017412_500.jpg,False
2024-09,A,003009,숏 팬츠,003,바지,27,4097271,dimitriblack,디미트리블랙,ASI 에센셜 버뮤다 스웻 팬츠_피그먼트 그레이,https://image.msscdn.net/images/goods_img/20240430/4097271/4097271_17167912046664_500.png,False
2024-09,A,003009,숏 팬츠,003,바지,28,4096913,toffee,토피,워시드 버뮤다 데님 팬츠 (BLUE),https://image.msscdn.net/images/goods_img/20240430/4096913/4096913_17173930805108_500.jpg,False
2024-09,A,003009,숏 팬츠,003,바지,29,1888197,poloralphlauren,폴로 랄프 로렌,클래식 핏 폴로 프렙스터 - 베이지,https://image.msscdn.net/images/goods_img/20210408/1888197/1888197_3_500.jpg,False
2024-09,A,003009,숏 팬츠,003,바지,30,4225317,borntowin,본투윈,SIDE B LOGO HALF PANTS [BLACK],https://image.msscdn.net/images/goods_img/20240701/4225317/4225317_17732903015450_500.jpg,False
2024-09,A,003005,레깅스,003,바지,1,3449637,xexymix,젝시믹스,블랙라벨 시그니처 360N 더블플러피 기모 레깅스 블랙,https://image.msscdn.net/images/goods_img/20230808/3449637/3449637_17026088164053_500.jpg,False
2024-09,A,003005,레깅스,003,바지,2,3487482,volante,볼란테,Daily Leggings Pants [Black],https://image.msscdn.net/images/goods_img/20230822/3487482/3487482_17484841422034_500.jpg,False
2024-09,A,003005,레깅스,003,바지,3,3720910,bysec,바이젝,우븐스판 머슬 브레이커 팬츠,https://image.msscdn.net/images/goods_img/20231117/3720910/3720910_17653319647389_500.jpg,False
2024-09,A,003005,레깅스,003,바지,4,3750666,borntowin,본투윈,B LOGO 3.5 BIKER SHORTS [BLACK],https://image.msscdn.net/images/goods_img/20231208/3750666/3750666_17579026718469_500.jpg,False
2024-09,A,003005,레깅스,003,바지,5,4179748,nike,나이키,프로 드라이 핏 피트니스 쇼츠 M - 블랙:화이트 / FB7959-010,https://image.msscdn.net/images/goods_img/20240605/4179748/4179748_17183400956580_500.jpg,False
2024-09,A,003005,레깅스,003,바지,6,4308738,adidas,아디다스,에센셜 립 플레어드 레깅스 - 블랙 / IW5727,https://image.msscdn.net/images/goods_img/20240808/4308738/4308738_17236097274948_500.jpg,False
2024-09,A,003005,레깅스,003,바지,7,3071546,andar,안다르,NEW 에어쿨링 샤론 부츠컷 레깅스 (롱)_블랙,https://image.msscdn.net/images/goods_img/20230209/3071546/3071546_16759136480068_500.jpg,False
2024-09,A,003005,레깅스,003,바지,8,2579768,cielcoco,씨엘코코,CLWP3013 텐션 업 바이커 쇼츠 블랙,https://image.msscdn.net/images/goods_img/20220524/2579768/2579768_17554927910484_500.jpg,False
2024-09,A,003005,레깅스,003,바지,9,3940246,hadex,에이치덱스,우먼스 서포트 부츠컷 레깅스 (Black),https://image.msscdn.net/images/goods_img/20240311/3940246/3940246_17888258046932_500.jpg,False
2024-09,A,003005,레깅스,003,바지,10,3414542,andar,안다르,[2 PACK] 에어쿨링 지니 시그니처 레깅스 (9부),https://image.msscdn.net/images/goods_img/20230719/3414542/3414542_17236153921524_500.jpg,False
2024-09,A,003005,레깅스,003,바지,11,4216275,nike,나이키,프로 365 8인치 쇼츠 W - 블랙:화이트 / CZ9841-010,https://image.msscdn.net/images/goods_img/20240624/4216275/4216275_17199758081501_500.jpg,False
2024-09,A,003005,레깅스,003,바지,12,4251372,borntowin,본투윈,OUTBAND 3.5 BIKER SHORTS [BLACK],https://image.msscdn.net/images/goods_img/20240716/4251372/4251372_17591064413250_500.jpg,False
2024-09,A,003005,레깅스,003,바지,13,3379413,andar,안다르,[2 PACK] 에어쿨링 지니 시그니처 레깅스 (8.2부),https://image.msscdn.net/images/goods_img/20230623/3379413/3379413_17236154118022_500.jpg,False
2024-09,A,003005,레깅스,003,바지,14,4300181,volante,볼란테,Woman OG High Waist Biker Shorts [Black],https://image.msscdn.net/images/goods_img/20240806/4300181/4300181_17254134435190_500.jpg,False
2024-09,A,003005,레깅스,003,바지,15,4305395,determined,디터민드,블랙카모 3부 타이즈,https://image.msscdn.net/images/goods_img/20240807/4305395/4305395_17443590534967_500.jpg,False
2024-09,A,003005,레깅스,003,바지,16,3975909,nike,나이키,프로 드라이 핏 피트니스 타이츠 M - 블랙:화이트 / FB7953-010,https://image.msscdn.net/images/goods_img/20240321/3975909/3975909_17115943559810_500.jpg,False
2024-09,A,003005,레깅스,003,바지,17,4300073,volante,볼란테,Woman OG Jaquard Banding Biker Shorts [Black],https://image.msscdn.net/images/goods_img/20240806/4300073/4300073_17479769774867_500.jpg,False
2024-09,A,003005,레깅스,003,바지,18,1466284,musinsastandardsp,무신사 스탠다드 스포츠,[쿨탠스] 컴프레션 레깅스 [블랙],https://image.msscdn.net/images/goods_img/20200528/1466284/1466284_17228236161876_500.jpg,False
2024-09,A,003005,레깅스,003,바지,19,3572490,physicalgarments,피지컬가먼츠,P5016 우먼 라이트 부츠컷 레깅스 [블랙],https://image.msscdn.net/images/goods_img/20230919/3572490/3572490_16952716547042_500.jpg,False
2024-09,A,003005,레깅스,003,바지,20,3275811,waydn,웨이든,이지 레깅스 팬츠 블랙,https://image.msscdn.net/images/goods_img/20230503/3275811/3275811_17388231534754_500.png,False
2024-09,A,003005,레깅스,003,바지,21,4273891,aonijie,오니지,남성 러닝 타이즈 MP82,https://image.msscdn.net/images/goods_img/20240725/4273891/4273891_17218788887591_500.jpg,False
2024-09,A,003005,레깅스,003,바지,22,4297914,volante,볼란테,Hybrid Jogger Leggings Pants [Black],https://image.msscdn.net/images/goods_img/20240805/4297914/4297914_17242066158773_500.jpg,False
2024-09,A,003005,레깅스,003,바지,23,2387085,conchwear,콘치웨어,[롱버전출시!] 와일드 부츠컷 레깅스,https://image.msscdn.net/images/goods_img/20220225/2387085/2387085_17866848481812_500.jpg,False
2024-09,A,003005,레깅스,003,바지,24,4251056,borntowin,본투윈,STROKE B BOOTS CUT LEGGINGS [GREY],https://image.msscdn.net/images/goods_img/20240716/4251056/4251056_17213670444812_500.jpg,False
2024-09,A,003005,레깅스,003,바지,25,4044110,skullpig,스컬피그,[SWL24028-01] 익스트림 프로 3.5부 레깅스 젠틀블랙,https://image.msscdn.net/images/goods_img/20240411/4044110/4044110_17745098010809_500.jpg,False
2024-09,A,003005,레깅스,003,바지,26,2481313,skullpig,스컬피그,[SWL22006-01] 익스트림 프로 4.5부 레깅스 젠틀블랙,https://image.msscdn.net/images/goods_img/20220412/2481313/2481313_17745093646417_500.jpg,False
2024-09,A,003005,레깅스,003,바지,27,4188227,adidas,아디다스,3S 1/2 레깅스 - 블랙 / IP2976,https://image.msscdn.net/images/goods_img/20240611/4188227/4188227_17181738065343_500.jpg,False
2024-09,A,003005,레깅스,003,바지,28,3449760,xexymix,젝시믹스,V업 3D 플러스 레깅스 블랙,https://image.msscdn.net/images/goods_img/20230808/3449760/3449760_16917104184611_500.jpg,False
2024-09,A,003005,레깅스,003,바지,29,3071536,andar,안다르,NEW 에어쿨링 샤론 부츠컷 레깅스 (숏)_블랙,https://image.msscdn.net/images/goods_img/20230209/3071536/3071536_16759135846296_500.jpg,False
2024-09,A,003005,레깅스,003,바지,30,1010259,deviwear,데비웨어,여성 요가복 DEVI-B0013-블랙 필라테스 군살제로 바이커 5부,https://image.msscdn.net/images/goods_img/20190410/1010259/1010259_17738163741664_500.jpg,False
2024-09,A,003010,점프 슈트/오버올,003,바지,1,3040868,nastyfancyclub,팬시클럽,[NF] 유쓰 데님 오버롤_F23QD844,https://image.msscdn.net/images/goods_img/20230126/3040868/3040868_17423452286743_500.jpg,False
2024-09,A,003010,점프 슈트/오버올,003,바지,2,4328109,unknownplanet,언노운 플라넷,오버롤 미디엄 샌드 블루,https://image.msscdn.net/images/goods_img/20240814/4328109/4328109_17829642557299_500.jpg,False
2024-09,A,003010,점프 슈트/오버올,003,바지,3,2775784,unknownplanet,언노운 플라넷,UP-305 오버롤 빈티지 데님 팬츠,https://image.msscdn.net/images/goods_img/20220907/2775784/2775784_17282857086683_500.jpg,False
2024-09,A,003010,점프 슈트/오버올,003,바지,4,3928305,avan,어반드레스,Painter Jumpsuit BLACK,https://image.msscdn.net/images/goods_img/20240306/3928305/3928305_17171286086255_500.jpg,False
2024-09,A,003010,점프 슈트/오버올,003,바지,5,4307437,marithefrancoisgirbaud,마리떼 프랑소와 저버,W CORDUROY OVERALL PANTS brown,https://image.msscdn.net/images/goods_img/20240808/4307437/4307437_17241312471435_500.jpg,False
2024-09,A,003010,점프 슈트/오버올,003,바지,6,2063625,philogram,필로그램,PLG 데님 점프수트(Blue),https://image.msscdn.net/images/goods_img/20210813/2063625/2063625_16945900853647_500.jpg,False
2024-09,A,003010,점프 슈트/오버올,003,바지,7,3882593,dickies,디키즈,BIB 오버롤 데님팬츠 Indigo,https://image.msscdn.net/images/goods_img/20240220/3882593/3882593_17083946750395_500.jpg,False
2024-09,A,003010,점프 슈트/오버올,003,바지,8,3498067,thisisneverthat,디스이즈네버댓,GORE-TEX 3L Overall Black,https://image.msscdn.net/images/goods_img/20230825/3498067/3498067_16932995808397_500.jpg,False
2024-09,A,003010,점프 슈트/오버올,003,바지,9,944501,thestori,더스토리,논페이드 데님 오버롤 멜빵 팬츠 [블루],https://image.msscdn.net/images/goods_img/20190130/944501/944501_17617811599957_500.jpg,False
2024-09,A,003010,점프 슈트/오버올,003,바지,10,2876536,rainmaker,레인메이커,W CORDUROY JUMPSUIT (PINK) _ R23WCO03PK,https://image.msscdn.net/images/goods_img/20221019/2876536/2876536_1_500.jpg,False
2024-09,A,003010,점프 슈트/오버올,003,바지,11,4041725,greenbutter,그린버터,Zipper Overall pants (Navy),https://image.msscdn.net/images/goods_img/20240409/4041725/4041725_17126545683185_500.jpg,False
2024-09,A,003010,점프 슈트/오버올,003,바지,12,4248027,tommyjeans,타미진스,데이지 덩가리 데님 팬츠 (T32E6NED20TWT11A5),https://image.msscdn.net/images/goods_img/20240712/4248027/4248027_17261111460322_500.jpg,False
2024-09,A,003010,점프 슈트/오버올,003,바지,13,3940871,dickies,디키즈,BIB 덕 캔버스 오버롤 팬츠 Brown,https://image.msscdn.net/images/goods_img/20240312/3940871/3940871_17102073745483_500.jpg,False
2024-09,A,003010,점프 슈트/오버올,003,바지,14,4342635,withoutsummer,위드아웃썸머,넬리 오버롤_네이비,https://image.msscdn.net/images/goods_img/20240819/4342635/4342635_17242056856121_500.jpg,False
2024-09,A,003010,점프 슈트/오버올,003,바지,15,3242184,bendavis,벤 데이비스,오리지널 오버롤 블랙,https://image.msscdn.net/images/goods_img/20230418/3242184/3242184_16825750601905_500.jpg,False
2024-09,A,003010,점프 슈트/오버올,003,바지,16,4142962,covernatwoman,커버낫 우먼,[COVERNAT X WRANGLER] 우먼 레직기 오버롤 Indigo Medium,https://image.msscdn.net/images/goods_img/20240520/4142962/4142962_17161950836065_500.jpg,False
2024-09,A,003010,점프 슈트/오버올,003,바지,17,3242186,bendavis,벤 데이비스,오리지널 오버롤 데님,https://image.msscdn.net/images/goods_img/20230418/3242186/3242186_16825751527307_500.jpg,False
2024-09,A,003010,점프 슈트/오버올,003,바지,18,3325992,unknownplanet,언노운 플라넷,오버롤 화이트,https://image.msscdn.net/images/goods_img/20230525/3325992/3325992_17159623906856_500.jpg,False
2024-09,A,003010,점프 슈트/오버올,003,바지,19,840830,thestori,더스토리,코튼 오버롤 멜빵 팬츠 [블랙],https://image.msscdn.net/images/goods_img/20180829/840830/840830_17617812478863_500.jpg,False
2024-09,A,003010,점프 슈트/오버올,003,바지,20,4042630,laugher,라퍼,[논페이드] 멜빵 데님 오버롤 팬츠 - 딥블루,https://image.msscdn.net/images/goods_img/20240411/4042630/4042630_17128652112790_500.jpg,False
2024-09,A,003010,점프 슈트/오버올,003,바지,21,4300009,lee,리,유니 오버롤 팬츠 블랙,https://image.msscdn.net/images/goods_img/20240806/4300009/4300009_17261035449396_500.jpg,False
2024-09,A,003010,점프 슈트/오버올,003,바지,22,3834260,raver1,레이버,RAVER 겨울 오토바이 방수 방한 일체형 상하분리 배달 스즈끼 전신 방한복 스즈키복 우주복 낚시복 작업복 정비복 스키복 점프슈트,https://image.msscdn.net/images/goods_img/20240131/3834260/3834260_17067720801133_500.jpg,False
2024-09,A,003010,점프 슈트/오버올,003,바지,23,4300008,lee,리,유니 오버롤 팬츠 인디고 다크,https://image.msscdn.net/images/goods_img/20240806/4300008/4300008_17270796940952_500.jpg,False
2024-09,A,003010,점프 슈트/오버올,003,바지,24,4085436,unknownplanet,언노운 플라넷,오버롤 라이트 샌드 블루,https://image.msscdn.net/images/goods_img/20240425/4085436/4085436_17812463219331_500.jpg,False
2024-09,A,003010,점프 슈트/오버올,003,바지,25,4388449,somewherebutter,썸웨어버터,Vintage Low Skirt Overall - Brown,https://image.msscdn.net/images/goods_img/20240830/4388449/4388449_17255188946379_500.jpg,False
2024-09,A,003010,점프 슈트/오버올,003,바지,26,4041719,greenbutter,그린버터,Zipper Overall pants (Khaki),https://image.msscdn.net/images/goods_img/20240409/4041719/4041719_17126545222268_500.jpg,False
2024-09,A,003010,점프 슈트/오버올,003,바지,27,3928319,avan,어반드레스,Rupy Overall Wide Pants BLUE,https://image.msscdn.net/images/goods_img/20240306/3928319/3928319_17171286670428_500.jpg,False
2024-09,A,003010,점프 슈트/오버올,003,바지,28,3928317,avan,어반드레스,Rupy Overall Wide Pants BLACK,https://image.msscdn.net/images/goods_img/20240306/3928317/3928317_17171287111229_500.jpg,False
2024-09,A,003010,점프 슈트/오버올,003,바지,29,1359378,thestori,더스토리,데님 오버롤 멜빵 팬츠 [중청],https://image.msscdn.net/images/goods_img/20200319/1359378/1359378_17617810274653_500.jpg,False
2024-09,A,003010,점프 슈트/오버올,003,바지,30,3805018,penfield,펜필드,RIPSTOP ARTISAN SKIRT OVERALL KHAKI_FQ1WS70F,https://image.msscdn.net/images/goods_img/20240118/3805018/3805018_17252757487929_500.jpg,False
2024-09,A,003006,기타 하의,003,바지,1,3939830,urbandtype,어반디타입,코튼 와이드 카고 팬츠_카키,https://image.msscdn.net/images/goods_img/20240311/3939830/3939830_17449522802823_500.jpg,False
2024-09,A,003006,기타 하의,003,바지,2,3404705,musinsastandard,무신사 스탠다드,시티 레저 CN 와이드 벨티드 파라슈트 팬츠 [블랙],https://image.msscdn.net/images/goods_img/20230712/3404705/3404705_17134029927665_500.jpg,False
2024-09,A,003006,기타 하의,003,바지,3,4324770,niceghostclub,나이스고스트클럽,LOGO SWEAT LAYERED PANTS_CHARCOAL(NG2DFUPA91A),https://image.msscdn.net/images/goods_img/20240813/4324770/4324770_17237784346824_500.jpg,False
2024-09,A,003006,기타 하의,003,바지,4,2701466,niceghostclub,나이스고스트클럽,LOGO SWEAT LAYERED PANTS_BLACK(NG2DFUPA91A),https://image.msscdn.net/images/goods_img/20220805/2701466/2701466_17683538441423_500.jpg,False
2024-09,A,003006,기타 하의,003,바지,5,3939834,urbandtype,어반디타입,코튼 와이드 카고 팬츠_베이지,https://image.msscdn.net/images/goods_img/20240311/3939834/3939834_17449523513032_500.jpg,False
2024-09,A,003006,기타 하의,003,바지,6,3838364,begin202,비긴202,나이코마 투턱 팬츠 [차콜 브라운],https://image.msscdn.net/images/goods_img/20240201/3838364/3838364_17447031810788_500.jpg,False
2024-09,A,003006,기타 하의,003,바지,7,4344010,treemingbird,트리밍버드,Layered Drape Wrap Trouser [ Black ],https://image.msscdn.net/images/goods_img/20240819/4344010/4344010_17267431482588_500.jpg,False
2024-09,A,003006,기타 하의,003,바지,8,4304163,aakam,아캄,Knee Pin-tuck Camouflage Twill Pants (Black),https://image.msscdn.net/images/goods_img/20240807/4304163/4304163_17243269019342_500.jpg,False
2024-09,A,003006,기타 하의,003,바지,9,3404706,musinsastandard,무신사 스탠다드,시티 레저 CN 와이드 벨티드 파라슈트 팬츠 [그레이쉬 베이지],https://image.msscdn.net/images/goods_img/20230712/3404706/3404706_17134029698179_500.jpg,False
2024-09,A,003006,기타 하의,003,바지,10,2978123,musinsastandardwoman,무신사 스탠다드 우먼,우먼즈 파라슈트 팬츠 [블랙],https://image.msscdn.net/images/goods_img/20221209/2978123/2978123_17677822252857_500.jpg,False
2024-09,A,003006,기타 하의,003,바지,11,4344006,treemingbird,트리밍버드,Front Yoke Leather Pants [ Black ],https://image.msscdn.net/images/goods_img/20240819/4344006/4344006_17267438458733_500.jpg,False
2024-09,A,003006,기타 하의,003,바지,12,3411538,musinsastandard,무신사 스탠다드,나일론 파라슈트 팬츠 [블랙],https://image.msscdn.net/images/goods_img/20230717/3411538/3411538_16938694187008_500.jpg,False
2024-09,A,003006,기타 하의,003,바지,13,3868565,misekiseoul,미세키서울,Pocket cargo bootscut pants BLACK,https://image.msscdn.net/images/goods_img/20240214/3868565/3868565_17816741879898_500.jpg,False
2024-09,A,003006,기타 하의,003,바지,14,3146999,goyowear,고요웨어,라이트 이지 팬츠(블랙),https://image.msscdn.net/images/goods_img/20230314/3146999/3146999_17416854037625_500.jpg,False
2024-09,A,003006,기타 하의,003,바지,15,4198781,nike,나이키,에어 미드라이즈 플리스 조거 팬츠 W - 블랙:화이트 / FN1903-010,https://image.msscdn.net/images/goods_img/20240614/4198781/4198781_17187594992031_500.jpg,False
2024-09,A,003006,기타 하의,003,바지,16,3758422,musinsastandardwoman,무신사 스탠다드 우먼,우먼즈 세미 부츠 컷 유틸리티 카고 팬츠 [블랙],https://image.msscdn.net/images/goods_img/20231215/3758422/3758422_17086597985894_500.jpg,False
2024-09,A,003006,기타 하의,003,바지,17,3851446,runninghigh,러닝하이,립스탑 밴딩 카고 팬츠 [블랙 카모],https://image.msscdn.net/images/goods_img/20240206/3851446/3851446_17073537796074_500.jpg,False
2024-09,A,003006,기타 하의,003,바지,18,3758251,musinsastandard,무신사 스탠다드,립스탑 파라슈트 카고 팬츠 [블랙],https://image.msscdn.net/images/goods_img/20231215/3758251/3758251_17115991982126_500.jpg,False
2024-09,A,003006,기타 하의,003,바지,19,3757178,musinsastandard,무신사 스탠다드,시티 레저 CN 와이드 벨티드 파라슈트 팬츠 [카키],https://image.msscdn.net/images/goods_img/20231215/3757178/3757178_17101163541344_500.jpg,False
2024-09,A,003006,기타 하의,003,바지,20,3757184,musinsastandard,무신사 스탠다드,시티 레저 와이드 벨티드 카고 팬츠 [그레이],https://image.msscdn.net/images/goods_img/20231215/3757184/3757184_17101180921509_500.jpg,False
2024-09,A,003006,기타 하의,003,바지,21,4210133,musinsastandard,무신사 스탠다드,시티 레저 CN 벨티드 유틸리티 팬츠 [그레이],https://image.msscdn.net/images/goods_img/20240620/4210133/4210133_17294814021978_500.jpg,False
2024-09,A,003006,기타 하의,003,바지,22,3514433,travel,트래블,유틸리티 멀티 포켓 팬츠 블랙,https://image.msscdn.net/images/goods_img/20230830/3514433/3514433_16940488853055_500.jpg,False
2024-09,A,003006,기타 하의,003,바지,23,4014151,iey,이에이,ANGLE CARGO PANTS Black,https://image.msscdn.net/images/goods_img/20240402/4014151/4014151_17120294862451_500.jpg,False
2024-09,A,003006,기타 하의,003,바지,24,4339389,coyseio,코이세이오 038,STRAP LINE PANTS BROWN,https://image.msscdn.net/images/goods_img/20240817/4339389/4339389_17238807127411_500.png,False
2024-09,A,003006,기타 하의,003,바지,25,2534798,slowrecordhouse,슬로우 레코드 하우스,나일론 원턱 팬츠_블랙,https://image.msscdn.net/images/goods_img/20220502/2534798/2534798_17158292380538_500.jpg,False
2024-09,A,003006,기타 하의,003,바지,26,3400509,1993studio,1993스튜디오,더블 스티치 와이드 팬츠_블랙,https://image.msscdn.net/images/goods_img/20230710/3400509/3400509_16965694053554_500.jpg,False
2024-09,A,003006,기타 하의,003,바지,27,4014150,iey,이에이,ANGLE CARGO PANTS Beige,https://image.msscdn.net/images/goods_img/20240402/4014150/4014150_17120295157189_500.jpg,False
2024-09,A,003006,기타 하의,003,바지,28,2817384,slowrecordhouse,슬로우 레코드 하우스,빅 포켓 카고 팬츠 - 3 COLOR,https://image.msscdn.net/images/goods_img/20220924/2817384/2817384_1_500.jpg,False
2024-09,A,003006,기타 하의,003,바지,29,3757183,musinsastandard,무신사 스탠다드,시티 레저 와이드 벨티드 카고 팬츠 [그레이쉬 베이지],https://image.msscdn.net/images/goods_img/20231215/3757183/3757183_17101182376959_500.jpg,False
2024-09,A,003006,기타 하의,003,바지,30,4081490,noun,노운,wide multi pants v2 (charcoal),https://image.msscdn.net/images/goods_img/20240424/4081490/4081490_17168048010460_500.jpg,False
2024-09,A,100,원피스/스커트,,,1,4437600,partimentowomen,파르티멘토 우먼,컷 오프 게더링 플리츠 맥시 스커트_차콜,https://image.msscdn.net/images/goods_img/20240912/4437600/4437600_17268268747113_500.jpg,False
2024-09,A,100,원피스/스커트,,,2,4437601,partimentowomen,파르티멘토 우먼,컷 오프 게더링 플리츠 맥시 스커트_블랙,https://image.msscdn.net/images/goods_img/20240912/4437601/4437601_17268269484012_500.jpg,False
2024-09,A,100,원피스/스커트,,,3,2792603,musinsastandardwoman,무신사 스탠다드 우먼,우먼즈 맥시 스커트 [블랙],https://image.msscdn.net/images/goods_img/20220915/2792603/2792603_17536886431375_500.jpg,False
2024-09,A,100,원피스/스커트,,,4,4437597,partimentowomen,파르티멘토 우먼,컷 오프 게더링 플리츠 맥시 스커트_에크루,https://image.msscdn.net/images/goods_img/20240912/4437597/4437597_17268262238546_500.jpg,False
2024-09,A,100,원피스/스커트,,,5,2448899,musinsastandardwoman,무신사 스탠다드 우먼,우먼즈 프론트 슬릿 데님 롱 스커트 [워시드 블랙],https://image.msscdn.net/images/goods_img/20220328/2448899/2448899_17661127529056_500.jpg,False
2024-09,A,100,원피스/스커트,,,6,2792604,musinsastandardwoman,무신사 스탠다드 우먼,우먼즈 맥시 스커트 [미디엄 그레이],https://image.msscdn.net/images/goods_img/20220915/2792604/2792604_16728975851407_500.jpg,False
2024-09,A,100,원피스/스커트,,,7,4336061,adidas,아디다스,파이어버드 니트 스커트 - 블랙 / IY7279,https://image.msscdn.net/images/goods_img/20240816/4336061/4336061_17242236525944_500.jpg,False
2024-09,A,100,원피스/스커트,,,8,4336383,oheshio,오헤시오,"CHECK TWOWAY MINI SKIRT, PURPLE CHARCOAL",https://image.msscdn.net/images/goods_img/20240816/4336383/4336383_17252455189874_500.jpg,False
2024-09,A,100,원피스/스커트,,,9,2117254,musinsastandardwoman,무신사 스탠다드 우먼,우먼즈 플리츠 미디 스커트 [차콜 그레이],https://image.msscdn.net/images/goods_img/20210908/2117254/2117254_17467755871427_500.jpg,False
2024-09,A,100,원피스/스커트,,,10,1931894,musinsastandardwoman,무신사 스탠다드 우먼,우먼즈 하이 웨이스트 슬릿 롱 스커트 [블랙],https://image.msscdn.net/images/goods_img/20210430/1931894/1931894_3_500.jpg,False
2024-09,A,100,원피스/스커트,,,11,4117026,musinsastandardwoman,무신사 스탠다드 우먼,우먼즈 데님 미디 스커트 [딥 인디고],https://image.msscdn.net/images/goods_img/20240509/4117026/4117026_17675315652240_500.jpg,False
2024-09,A,100,원피스/스커트,,,12,3758435,musinsastandardwoman,무신사 스탠다드 우먼,우먼즈 CP 맥시 스커트 [화이트],https://image.msscdn.net/images/goods_img/20231215/3758435/3758435_17259588422783_500.jpg,False
2024-09,A,100,원피스/스커트,,,13,4324777,niceghostclub,나이스고스트클럽,BIG STAR LOGO SWEAT SKIRT_BLACK(NG2EFUPA90A),https://image.msscdn.net/images/goods_img/20240813/4324777/4324777_17708775629904_500.jpg,False
2024-09,A,100,원피스/스커트,,,14,3758437,musinsastandardwoman,무신사 스탠다드 우먼,우먼즈 CP 맥시 스커트 [블랙],https://image.msscdn.net/images/goods_img/20231215/3758437/3758437_17677813885414_500.jpg,False
2024-09,A,100,원피스/스커트,,,15,4437599,partimentowomen,파르티멘토 우먼,컷 오프 게더링 플리츠 맥시 스커트_그레이,https://image.msscdn.net/images/goods_img/20240912/4437599/4437599_17268267130318_500.jpg,False
2024-09,A,100,원피스/스커트,,,16,1944554,musinsastandardwoman,무신사 스탠다드 우먼,우먼즈 데님 미니 스커트 [워시드 블랙],https://image.msscdn.net/images/goods_img/20210511/1944554/1944554_2_500.jpg,False
2024-09,A,100,원피스/스커트,,,17,2117253,musinsastandardwoman,무신사 스탠다드 우먼,우먼즈 플리츠 미디 스커트 [블랙],https://image.msscdn.net/images/goods_img/20210908/2117253/2117253_17467823245909_500.jpg,False
2024-09,A,100,원피스/스커트,,,18,1645762,musinsastandardwoman,무신사 스탠다드 우먼,우먼즈 데님 미디 스커트 [크림],https://image.msscdn.net/images/goods_img/20201013/1645762/1645762_17675316388880_500.jpg,False
2024-09,A,100,원피스/스커트,,,19,3917556,roughneck,러프넥,레이스 튜튜 팬츠 스커트 화이트,https://image.msscdn.net/images/goods_img/20240302/3917556/3917556_17093843688853_500.jpg,False
2024-09,A,100,원피스/스커트,,,20,2551407,musinsastandardwoman,무신사 스탠다드 우먼,우먼즈 플리츠 미니 스커트 [그레이],https://image.msscdn.net/images/goods_img/20220511/2551407/2551407_17188462525168_500.jpg,False
2024-09,A,100,원피스/스커트,,,21,4338874,nastyfancyclub,팬시클럽,도트 레이어드 원피스 (WHITE)_F24ZD880,https://image.msscdn.net/images/goods_img/20240816/4338874/4338874_17591943791305_500.jpg,False
2024-09,A,100,원피스/스커트,,,22,2300718,musinsastandardwoman,무신사 스탠다드 우먼,우먼즈 데님 미디 스커트 [워시드 블랙],https://image.msscdn.net/images/goods_img/20220111/2300718/2300718_17675315035044_500.jpg,False
2024-09,A,100,원피스/스커트,,,23,2117256,musinsastandardwoman,무신사 스탠다드 우먼,우먼즈 하이 웨이스트 롱 스커트 [블랙],https://image.msscdn.net/images/goods_img/20210908/2117256/2117256_1_500.jpg,False
2024-09,A,100,원피스/스커트,,,24,2551406,musinsastandardwoman,무신사 스탠다드 우먼,우먼즈 플리츠 미니 스커트 [블랙],https://image.msscdn.net/images/goods_img/20220511/2551406/2551406_17466940579553_500.jpg,False
2024-09,A,100,원피스/스커트,,,25,1324169,musinsastandardwoman,무신사 스탠다드 우먼,우먼즈 플랫 테리 스웨트 롱 스커트 [블랙],https://image.msscdn.net/images/goods_img/20200226/1324169/1324169_2_500.jpg,False
2024-09,A,100,원피스/스커트,,,26,3194877,burberry,버버리,빈티지 체크 타이 웨이스트 셔츠 드레스 - 아카이브 베이지 / 8024585,https://image.msscdn.net/images/goods_img/20230330/3194877/3194877_16860606677217_500.jpg,False
2024-09,A,100,원피스/스커트,,,27,4265733,placestudio,플레이스 스튜디오,레이스 셔링 리본 코튼 밴딩 롱 캉캉 스커트 [블랙],https://image.msscdn.net/images/goods_img/20240722/4265733/4265733_17216283891314_500.jpg,False
2024-09,A,100,원피스/스커트,,,28,3051712,musinsastandardwoman,무신사 스탠다드 우먼,우먼즈 데님 맥시 스커트 [워시드 블랙],https://image.msscdn.net/images/goods_img/20230201/3051712/3051712_16866977953331_500.jpg,False
2024-09,A,100,원피스/스커트,,,29,2551401,musinsastandardwoman,무신사 스탠다드 우먼,우먼즈 슬릿 미니 스코츠 [블랙],https://image.msscdn.net/images/goods_img/20220511/2551401/2551401_17678593283428_500.jpg,False
2024-09,A,100,원피스/스커트,,,30,2117249,musinsastandardwoman,무신사 스탠다드 우먼,우먼즈 베이식 미니 스커트 [블랙],https://image.msscdn.net/images/goods_img/20210908/2117249/2117249_17625018594051_500.jpg,False
2024-09,A,100001,미니원피스,100,원피스/스커트,1,4338874,nastyfancyclub,팬시클럽,도트 레이어드 원피스 (WHITE)_F24ZD880,https://image.msscdn.net/images/goods_img/20240816/4338874/4338874_17591943791305_500.jpg,False
2024-09,A,100001,미니원피스,100,원피스/스커트,2,3977452,glowny,글로니,GIRLFRIEND SLEEVELESS MINI DRESS (BLACK),https://image.msscdn.net/images/goods_img/20240321/3977452/3977452_17110184017982_500.jpg,False
2024-09,A,100001,미니원피스,100,원피스/스커트,3,3590873,cornell,얼킨 캔버스,베티붑 레이스 레이어드 프릴 미니 원피스_블랙,https://image.msscdn.net/images/goods_img/20230925/3590873/3590873_17788092542541_500.jpg,False
2024-09,A,100001,미니원피스,100,원피스/스커트,4,2714524,avan,어반드레스,Punching Knit Dress BLACK,https://image.msscdn.net/images/goods_img/20220812/2714524/2714524_17207610263763_500.jpg,False
2024-09,A,100001,미니원피스,100,원피스/스커트,5,4336456,oheshio,오헤시오,"SHEER LAYERED MINI DRESS, WHITE",https://image.msscdn.net/images/goods_img/20240816/4336456/4336456_17259328325895_500.jpg,False
2024-09,A,100001,미니원피스,100,원피스/스커트,6,1875663,musinsastandardwoman,무신사 스탠다드 우먼,[쿨탠다드] 우먼즈 피케 폴로 원피스 [블랙],https://image.msscdn.net/images/goods_img/20210401/1875663/1875663_17769300441439_500.jpg,False
2024-09,A,100001,미니원피스,100,원피스/스커트,7,3345170,rainmaker,레인메이커,아노락 하이브리드 드레스_R32WCO01BK,https://image.msscdn.net/images/goods_img/20230602/3345170/3345170_16859507817840_500.jpg,False
2024-09,A,100001,미니원피스,100,원피스/스커트,8,4289688,glowny,글로니,3/4 G COMFORT DRESS (BLACK),https://image.msscdn.net/images/goods_img/20240801/4289688/4289688_17242242803295_500.jpg,False
2024-09,A,100001,미니원피스,100,원피스/스커트,9,3977488,glowny,글로니,GIRLFRIEND SLEEVELESS MINI DRESS (WHITE),https://image.msscdn.net/images/goods_img/20240321/3977488/3977488_17110188424351_500.jpg,False
2024-09,A,100001,미니원피스,100,원피스/스커트,10,4327388,tommyjeans,타미진스,롱 슬리브 데님 드레스 (T32E6WOP07TWL11AP),https://image.msscdn.net/images/goods_img/20240813/4327388/4327388_17249989424999_500.jpg,False
2024-09,A,100001,미니원피스,100,원피스/스커트,11,3906921,notyourrose,낫 유어 로즈,레이스 프릴 미니 드레스 (블랙),https://image.msscdn.net/images/goods_img/20240227/3906921/3906921_17652598997882_500.jpg,False
2024-09,A,100001,미니원피스,100,원피스/스커트,12,4337020,somewherebutter,썸웨어버터,Viola mini dress - Brown,https://image.msscdn.net/images/goods_img/20240816/4337020/4337020_17243117734652_500.jpg,False
2024-09,A,100001,미니원피스,100,원피스/스커트,13,4336475,oheshio,오헤시오,"STRIPE A-LINE MINI DRESS, BLACK",https://image.msscdn.net/images/goods_img/20240816/4336475/4336475_17247438222160_500.jpg,False
2024-09,A,100001,미니원피스,100,원피스/스커트,14,3868138,tommyjeans,타미진스,미니 데님 셔츠 드레스 (T32E0WOP02TWL11A5),https://image.msscdn.net/images/goods_img/20240214/3868138/3868138_17078919862809_500.jpg,False
2024-09,A,100001,미니원피스,100,원피스/스커트,15,3878484,tommyjeans,타미진스,미니 셔츠 드레스 (T32E0WOP01TWL11BZ),https://image.msscdn.net/images/goods_img/20240218/3878484/3878484_17098638131849_500.jpg,False
2024-09,A,100001,미니원피스,100,원피스/스커트,16,4321980,citybreeze,시티브리즈,레이스업 니트 원피스_CHARCOAL,https://image.msscdn.net/images/goods_img/20240812/4321980/4321980_17313852425805_500.jpg,False
2024-09,A,100001,미니원피스,100,원피스/스커트,17,2714533,avan,어반드레스,Punching Knit Dress IVORY,https://image.msscdn.net/images/goods_img/20220812/2714533/2714533_2_500.jpg,False
2024-09,A,100001,미니원피스,100,원피스/스커트,18,3196948,painorpleasure,페인오어플레져,ORCHID DRESS black,https://image.msscdn.net/images/goods_img/20230331/3196948/3196948_16917337665568_500.jpg,False
2024-09,A,100001,미니원피스,100,원피스/스커트,19,3906947,notyourrose,낫 유어 로즈,단델리온 드레스 (블랙),https://image.msscdn.net/images/goods_img/20240227/3906947/3906947_17652578577987_500.jpg,False
2024-09,A,100001,미니원피스,100,원피스/스커트,20,3345169,rainmaker,레인메이커,아노락 하이브리드 드레스_R32WCO01KH,https://image.msscdn.net/images/goods_img/20230602/3345169/3345169_16859424616221_500.jpg,False
2024-09,A,100001,미니원피스,100,원피스/스커트,21,3403231,sincethen,신스덴,루시 블랙 미니원피스,https://image.msscdn.net/images/goods_img/20230711/3403231/3403231_16890595815431_500.jpg,False
2024-09,A,100001,미니원피스,100,원피스/스커트,22,4327557,rosefrantz,로제프란츠,Eyelet Hood Shirring Mini Dress [Black],https://image.msscdn.net/images/goods_img/20240813/4327557/4327557_17235410938452_500.jpg,False
2024-09,A,100001,미니원피스,100,원피스/스커트,23,4308737,adidas,아디다스,에센셜 립 긴팔 드레스 - 블랙 / IY9657,https://image.msscdn.net/images/goods_img/20240808/4308737/4308737_17236099987053_500.jpg,False
2024-09,A,100001,미니원피스,100,원피스/스커트,24,3166832,isabelmarant,이자벨마랑,길리네시아 플로럴 프린트 드레스 - 퍼플:멀티컬러 / RO0026FAA1J50E23EC,https://image.msscdn.net/images/goods_img/20230321/3166832/3166832_16862791502411_500.jpg,False
2024-09,A,100001,미니원피스,100,원피스/스커트,25,3971357,mausoleum,마우솔레움,젠 하프슬리브 수트 자켓 드레스 - 그레이,https://image.msscdn.net/images/goods_img/20240320/3971357/3971357_17821924118140_500.jpg,False
2024-09,A,100001,미니원피스,100,원피스/스커트,26,4346134,hugyourskin,허그유어스킨,스트라이프 헨리넥 드레스 (블랙),https://image.msscdn.net/images/goods_img/20240820/4346134/4346134_17253472902906_500.jpg,False
2024-09,A,100001,미니원피스,100,원피스/스커트,27,3573895,roughneck,러프넥,티어드 셔츠 드레스 네이비,https://image.msscdn.net/images/goods_img/20230919/3573895/3573895_16951826660521_500.jpg,False
2024-09,A,100001,미니원피스,100,원피스/스커트,28,3972973,anothera,어나더에이,플리츠 워싱 데님 드레스 [그레이],https://image.msscdn.net/images/goods_img/20240320/3972973/3972973_17109219075614_500.jpg,False
2024-09,A,100001,미니원피스,100,원피스/스커트,29,4410728,sinoon,시눈,Rose Lace Sheer Dress (White),https://image.msscdn.net/images/goods_img/20240905/4410728/4410728_17255908137107_500.jpg,False
2024-09,A,100001,미니원피스,100,원피스/스커트,30,2489894,citybreeze,시티브리즈,홀터넥 롱 원피스_BLACK,https://image.msscdn.net/images/goods_img/20220414/2489894/2489894_17180854578018_500.jpg,False
2024-09,A,100002,미디원피스,100,원피스/스커트,1,2827957,lemaire,르메르,트위스티드 랩 원피스 - 미스티 모브,https://image.msscdn.net/images/goods_img/20220929/2827957/2827957_1_500.jpg,False
2024-09,A,100002,미디원피스,100,원피스/스커트,2,2457511,poloralphlauren,폴로 랄프 로렌,W 케이블 니트 드레스 - 블루,https://image.msscdn.net/images/goods_img/20220330/2457511/2457511_2_500.jpg,False
2024-09,A,100002,미디원피스,100,원피스/스커트,3,4363011,snowpeakapparel,스노우피크 어패럴,여성 오버롤 원피스 (S24FWTOP37) Dark Charcoal,https://image.msscdn.net/images/goods_img/20240823/4363011/4363011_17249020675963_500.jpg,False
2024-09,A,100002,미디원피스,100,원피스/스커트,4,4037442,sculptor,스컬프터,Tube Top Low Waist Dress Black,https://image.msscdn.net/images/goods_img/20240409/4037442/4037442_17295828811615_500.jpg,False
2024-09,A,100002,미디원피스,100,원피스/스커트,5,2753695,lemaire,르메르,트위스티드 랩 원피스 - 블랙,https://image.msscdn.net/images/goods_img/20220830/2753695/2753695_1_500.jpg,False
2024-09,A,100002,미디원피스,100,원피스/스커트,6,3590126,lemaire,르메르,트위스티드 드레스 원피스 - 더스티 로즈 / DR1024LF1106RE303,https://image.msscdn.net/images/goods_img/20230925/3590126/3590126_16981231237916_500.jpg,False
2024-09,A,100002,미디원피스,100,원피스/스커트,7,2753697,lemaire,르메르,트위스티드 랩 원피스 - 브라운,https://image.msscdn.net/images/goods_img/20220830/2753697/2753697_1_500.jpg,False
2024-09,A,100002,미디원피스,100,원피스/스커트,8,4339381,coyseio,코이세이오 038,DRAPING DRESS BLUE GREY,https://image.msscdn.net/images/goods_img/20240817/4339381/4339381_17238805007515_500.png,False
2024-09,A,100002,미디원피스,100,원피스/스커트,9,3303971,lemaire,르메르,파라슈트 원피스 - 프림로즈 핑크 / DR1003LF1016BR411,https://image.msscdn.net/images/goods_img/20230518/3303971/3303971_16867238461487_500.jpg,False
2024-09,A,100002,미디원피스,100,원피스/스커트,10,3241348,lemaire,르메르,스트레이트 카라 트위스티드 원피스 - 블랙,https://image.msscdn.net/images/goods_img/20230418/3241348/3241348_16877459169452_500.jpg,False
2024-09,A,100002,미디원피스,100,원피스/스커트,11,3158974,maisonmargiela,메종 마르지엘라,브이넥 니트 원피스 - 블루 / S51FB0075S18199511,https://image.msscdn.net/images/goods_img/20230317/3158974/3158974_16920001845352_500.jpg,False
2024-09,A,100002,미디원피스,100,원피스/스커트,12,4339383,coyseio,코이세이오 038,BOUCLE KNIT ONE PIECE BROWN,https://image.msscdn.net/images/goods_img/20240817/4339383/4339383_17238805730219_500.png,False
2024-09,A,100002,미디원피스,100,원피스/스커트,13,2744641,kirsh,키르시,스몰 체리 드레스 [블랙],https://image.msscdn.net/images/goods_img/20220825/2744641/2744641_1_500.jpg,False
2024-09,A,100002,미디원피스,100,원피스/스커트,14,3229764,thombrowne,톰브라운,피케 립 거싯 테니스 원피스 - 화이트 / FJD097A00050100,https://image.msscdn.net/images/goods_img/20230412/3229764/3229764_16878412394826_500.jpg,False
2024-09,A,100002,미디원피스,100,원피스/스커트,15,3604930,lemaire,르메르,미디 트위스트 셔츠 드레스 - 카키 / DR1024LF1106GR641,https://image.msscdn.net/images/goods_img/20231005/3604930/3604930_17018425780115_500.jpg,False
2024-09,A,100002,미디원피스,100,원피스/스커트,16,2775942,diesel,디젤,D 롤리 원피스 - 블랙 / A062460KFAZ9XXB,https://image.msscdn.net/images/goods_img/20220907/2775942/2775942_1_500.jpg,False
2024-09,A,100002,미디원피스,100,원피스/스커트,17,4212671,adidas,아디다스,3S 핀스트라이프 드레스 - 블랙 / IX5510,https://image.msscdn.net/images/goods_img/20240621/4212671/4212671_17192100145129_500.jpg,False
2024-09,A,100002,미디원피스,100,원피스/스커트,18,2648197,poloralphlauren,폴로 랄프 로렌,W 스트라이프 스트레치 코튼 폴로 미디 드레스 - 네이비,https://image.msscdn.net/images/goods_img/20220705/2648197/2648197_2_500.jpg,False
2024-09,A,100002,미디원피스,100,원피스/스커트,19,4365887,foryoureyesonly,포유어아이즈온리,Coy Denim Shirt Dress (Indigo Blue),https://image.msscdn.net/images/goods_img/20240823/4365887/4365887_17254178206212_500.jpg,False
2024-09,A,100002,미디원피스,100,원피스/스커트,20,3421865,diesel,디젤,슬림 M 아가렛 D 로고 하이넥 반소매 드레스 - 블랙 / A126130KCAE9XX,https://image.msscdn.net/images/goods_img/20230724/3421865/3421865_16922614014259_500.jpg,False
2024-09,A,100002,미디원피스,100,원피스/스커트,21,4063908,sinkingdeeper,싱킹디퍼,더블 패브릭 원피스 (블랙),https://image.msscdn.net/images/goods_img/20240417/4063908/4063908_17133407913147_500.jpg,False
2024-09,A,100002,미디원피스,100,원피스/스커트,22,2996368,calvinkleinjeans,캘빈클라인 진,여 블랙 로고 뱃지 폴로 카라 립 원피스 J220352 BEH,https://image.msscdn.net/images/goods_img/20221226/2996368/2996368_16741097135798_500.jpg,False
2024-09,A,100002,미디원피스,100,원피스/스커트,23,4343761,lee,리,빅 트위치 후드 원피스 블랙,https://image.msscdn.net/images/goods_img/20240819/4343761/4343761_17241463894939_500.jpg,False
2024-09,A,100002,미디원피스,100,원피스/스커트,24,4299875,lee,리,셔츠 롱 원피스 인디고 로우,https://image.msscdn.net/images/goods_img/20240806/4299875/4299875_17261035787160_500.jpg,False
2024-09,A,100002,미디원피스,100,원피스/스커트,25,3199619,jacquemus,자크뮈스,라 로브 바리 원피스 - 블랙 / 221DR0161333990,https://image.msscdn.net/images/goods_img/20230331/3199619/3199619_16871637386694_500.jpg,False
2024-09,A,100002,미디원피스,100,원피스/스커트,26,3454370,nationalgeographic,내셔널지오그래픽,N233WOP020 여성 아르켈론 우븐 아노락 원피스 CARBON BLACK,https://image.msscdn.net/images/goods_img/20230809/3454370/3454370_16915618754781_500.jpg,False
2024-09,A,100002,미디원피스,100,원피스/스커트,27,2457512,poloralphlauren,폴로 랄프 로렌,W 케이블 니트 드레스 - 핑크,https://image.msscdn.net/images/goods_img/20220330/2457512/2457512_2_500.jpg,False
2024-09,A,100002,미디원피스,100,원피스/스커트,28,3863873,sunlove,썬러브,Cargo Nylon Zip Dress Light Khaki,https://image.msscdn.net/images/goods_img/20240213/3863873/3863873_17078095758951_500.jpg,False
2024-09,A,100002,미디원피스,100,원피스/스커트,29,4405676,lee,리,코듀로이 오버롤 원피스 네이비,https://image.msscdn.net/images/goods_img/20240904/4405676/4405676_17579871099476_500.jpg,False
2024-09,A,100002,미디원피스,100,원피스/스커트,30,3213246,sunnei,써네이,미디움 폴로 원피스 - 미드나잇 블루 / CRTWWDRE0060099,https://image.msscdn.net/images/goods_img/20230406/3213246/3213246_16873150880725_500.jpg,False
2024-09,A,100003,맥시원피스,100,원피스/스커트,1,3194877,burberry,버버리,빈티지 체크 타이 웨이스트 셔츠 드레스 - 아카이브 베이지 / 8024585,https://image.msscdn.net/images/goods_img/20230330/3194877/3194877_16860606677217_500.jpg,False
2024-09,A,100003,맥시원피스,100,원피스/스커트,2,4102962,asifcalie,에즈이프 캘리,RIBBON SLIT MAXI DRESS WHITE,https://image.msscdn.net/images/goods_img/20240502/4102962/4102962_17314770717049_500.jpg,False
2024-09,A,100003,맥시원피스,100,원피스/스커트,3,4154987,frenchchic,프렌치시크,블룸 오브 조이 아노락 원피스,https://image.msscdn.net/images/goods_img/20240524/4154987/4154987_17171521987302_500.jpg,False
2024-09,A,100003,맥시원피스,100,원피스/스커트,4,2788583,lowclassic,로우클래식,SCARF DRESS - PRINT,https://image.msscdn.net/images/goods_img/20220914/2788583/2788583_1_500.jpg,False
2024-09,A,100003,맥시원피스,100,원피스/스커트,5,4102961,asifcalie,에즈이프 캘리,RIBBON SLIT MAXI DRESS BLACK,https://image.msscdn.net/images/goods_img/20240502/4102961/4102961_17314771032181_500.jpg,False
2024-09,A,100003,맥시원피스,100,원피스/스커트,6,4383363,insilencewomen,인사일런스 우먼,파라슈트 맥시 드레스 3 BLACK,https://image.msscdn.net/images/goods_img/20240829/4383363/4383363_17255086120358_500.jpg,False
2024-09,A,100003,맥시원피스,100,원피스/스커트,7,4278580,tommyjeans,타미진스,유틸리티 원피스 (T32E6WOP13TWT11A5),https://image.msscdn.net/images/goods_img/20240729/4278580/4278580_17261112889952_500.jpg,False
2024-09,A,100003,맥시원피스,100,원피스/스커트,8,4144451,treemingbird,트리밍버드,Belted Shirring Wrap One-piece [ Black ],https://image.msscdn.net/images/goods_img/20240521/4144451/4144451_17174867349850_500.jpg,False
2024-09,A,100003,맥시원피스,100,원피스/스커트,9,4314765,overdueflair,오버듀플레어,ROSE ORGANZA DRESS,https://image.msscdn.net/images/goods_img/20240809/4314765/4314765_17242226759084_500.jpg,False
2024-09,A,100003,맥시원피스,100,원피스/스커트,10,2457508,poloralphlauren,폴로 랄프 로렌,W 벨티드 코튼 셔츠드레스 - 블루,https://image.msscdn.net/images/goods_img/20220330/2457508/2457508_1_500.jpg,False
2024-09,A,100003,맥시원피스,100,원피스/스커트,11,4361523,nuakle,누아클레,플라워 자카드 슬리브리스 드레스_아이보리,https://image.msscdn.net/images/goods_img/20240822/4361523/4361523_17245902986277_500.jpg,False
2024-09,A,100003,맥시원피스,100,원피스/스커트,12,3604929,lemaire,르메르,미디 트위스트 셔츠 드레스 - 아스팔트 / DR1024LF1106BK991,https://image.msscdn.net/images/goods_img/20231005/3604929/3604929_16980438899766_500.jpg,False
2024-09,A,100003,맥시원피스,100,원피스/스커트,13,4354741,lemaire,르메르,스트레이트 카라 트위스티드 원피스 - 캐비어 / DR1092LF839BK997,https://image.msscdn.net/images/goods_img/20240821/4354741/4354741_17254311407300_500.jpg,False
2024-09,A,100003,맥시원피스,100,원피스/스커트,14,4313819,rolarola,로라로라,LACE BUSTIER ONEPIECE BEIGE,https://image.msscdn.net/images/goods_img/20240809/4313819/4313819_17253434580032_500.jpg,False
2024-09,A,100003,맥시원피스,100,원피스/스커트,15,3673160,batticuore,루바티,시퀸 레이스 레이어드 드레스 _화이트,https://image.msscdn.net/images/goods_img/20231031/3673160/3673160_16987448601334_500.jpg,False
2024-09,A,100003,맥시원피스,100,원피스/스커트,16,3231222,lap,랩,[캐리오버]허리 스모킹 나일론 원피스 AR2WOS83,https://image.msscdn.net/images/goods_img/20230413/3231222/3231222_17448552377744_500.jpg,False
2024-09,A,100003,맥시원피스,100,원피스/스커트,17,3250317,tillidie,틸아이다이,Roll up shirt ops_Navy,https://image.msscdn.net/images/goods_img/20230420/3250317/3250317_17772663720399_500.jpg,False
2024-09,A,100003,맥시원피스,100,원피스/스커트,18,3999796,tommyjeans,타미진스,벨티드 데님 셔츠 드레스 (T32E1WOP03TWL11A5),https://image.msscdn.net/images/goods_img/20240328/3999796/3999796_17115906171448_500.jpg,False
2024-09,A,100003,맥시원피스,100,원피스/스커트,19,4394976,micane,미케네,클래식컬 트렌치 롱 드레스,https://image.msscdn.net/images/goods_img/20240902/4394976/4394976_17252693262926_500.jpg,False
2024-09,A,100003,맥시원피스,100,원피스/스커트,20,3322824,sincethen,신스덴,와인 플라워 롱원피스,https://image.msscdn.net/images/goods_img/20230524/3322824/3322824_16849160410234_500.jpg,False
2024-09,A,100003,맥시원피스,100,원피스/스커트,21,3322615,sincethen,신스덴,블랙 데이지 롱원피스,https://image.msscdn.net/images/goods_img/20230524/3322615/3322615_16849136234674_500.jpg,False
2024-09,A,100003,맥시원피스,100,원피스/스커트,22,3977541,muahmuah,무아무아,베이직 오버핏 롱 원피스 [블랙],https://image.msscdn.net/images/goods_img/20240321/3977541/3977541_17110209513903_500.jpg,False
2024-09,A,100003,맥시원피스,100,원피스/스커트,23,3102177,etmon,에트몽,"Half Sleeve Pleats Dress, Black",https://image.msscdn.net/images/goods_img/20230222/3102177/3102177_16770640898263_500.jpg,False
2024-09,A,100003,맥시원피스,100,원피스/스커트,24,4032881,sculptor,스컬프터,Victorian Hoodied Mesh Dress Ivory,https://image.msscdn.net/images/goods_img/20240407/4032881/4032881_17137724088524_500.jpg,False
2024-09,A,100003,맥시원피스,100,원피스/스커트,25,2846045,lowclassic,로우클래식,PLEATED DRESS - NAVY,https://image.msscdn.net/images/goods_img/20221007/2846045/2846045_1_500.jpg,False
2024-09,A,100003,맥시원피스,100,원피스/스커트,26,4410701,sinoon,시눈,Silky Lace Slip Dress (Mint),https://image.msscdn.net/images/goods_img/20240905/4410701/4410701_17255907022340_500.jpg,False
2024-09,A,100003,맥시원피스,100,원피스/스커트,27,3253160,burberry,버버리,슬리브리스 코튼 개버딘 트렌치 드레스 - 허니 / 8065019,https://image.msscdn.net/images/goods_img/20230421/3253160/3253160_16868079396601_500.jpg,False
2024-09,A,100003,맥시원피스,100,원피스/스커트,28,4383362,insilencewomen,인사일런스 우먼,파라슈트 맥시 드레스 3 CHARCOAL,https://image.msscdn.net/images/goods_img/20240829/4383362/4383362_17253232756216_500.jpg,False
2024-09,A,100003,맥시원피스,100,원피스/스커트,29,3963231,margarinfingers,마가린핑거스,LACE CHIFFON ONE PIECE (WHITE),https://image.msscdn.net/images/goods_img/20240318/3963231/3963231_17133380756797_500.jpg,False
2024-09,A,100003,맥시원피스,100,원피스/스커트,30,4268062,micane,미케네,메즈머라이즈 뷔스티에 셔링 레이스 드레스,https://image.msscdn.net/images/goods_img/20240723/4268062/4268062_17217097503247_500.jpg,False
2024-09,A,100004,미니스커트,100,원피스/스커트,1,4336383,oheshio,오헤시오,"CHECK TWOWAY MINI SKIRT, PURPLE CHARCOAL",https://image.msscdn.net/images/goods_img/20240816/4336383/4336383_17252455189874_500.jpg,False
2024-09,A,100004,미니스커트,100,원피스/스커트,2,1944554,musinsastandardwoman,무신사 스탠다드 우먼,우먼즈 데님 미니 스커트 [워시드 블랙],https://image.msscdn.net/images/goods_img/20210511/1944554/1944554_2_500.jpg,False
2024-09,A,100004,미니스커트,100,원피스/스커트,3,3917556,roughneck,러프넥,레이스 튜튜 팬츠 스커트 화이트,https://image.msscdn.net/images/goods_img/20240302/3917556/3917556_17093843688853_500.jpg,False
2024-09,A,100004,미니스커트,100,원피스/스커트,4,2551407,musinsastandardwoman,무신사 스탠다드 우먼,우먼즈 플리츠 미니 스커트 [그레이],https://image.msscdn.net/images/goods_img/20220511/2551407/2551407_17188462525168_500.jpg,False
2024-09,A,100004,미니스커트,100,원피스/스커트,5,2551406,musinsastandardwoman,무신사 스탠다드 우먼,우먼즈 플리츠 미니 스커트 [블랙],https://image.msscdn.net/images/goods_img/20220511/2551406/2551406_17466940579553_500.jpg,False
2024-09,A,100004,미니스커트,100,원피스/스커트,6,2551401,musinsastandardwoman,무신사 스탠다드 우먼,우먼즈 슬릿 미니 스코츠 [블랙],https://image.msscdn.net/images/goods_img/20220511/2551401/2551401_17678593283428_500.jpg,False
2024-09,A,100004,미니스커트,100,원피스/스커트,7,2117249,musinsastandardwoman,무신사 스탠다드 우먼,우먼즈 베이식 미니 스커트 [블랙],https://image.msscdn.net/images/goods_img/20210908/2117249/2117249_17625018594051_500.jpg,False
2024-09,A,100004,미니스커트,100,원피스/스커트,8,3753558,roughneck,러프넥,튜튜 팬츠 스커트 크림,https://image.msscdn.net/images/goods_img/20231212/3753558/3753558_17023643675304_500.jpg,False
2024-09,A,100004,미니스커트,100,원피스/스커트,9,4170370,ronron,론론,CANCAN RUFFLE PANTSKIRT BLACK,https://image.msscdn.net/images/goods_img/20240531/4170370/4170370_17175556541226_500.jpg,False
2024-09,A,100004,미니스커트,100,원피스/스커트,10,4344013,treemingbird,트리밍버드,Belted Layered Leather Wrap [ Black ],https://image.msscdn.net/images/goods_img/20240819/4344013/4344013_17267429196534_500.jpg,False
2024-09,A,100004,미니스커트,100,원피스/스커트,11,4358147,adidas,아디다스,코듀로이 타탄 스커트 - 그린:네이비 / IX1038,https://image.msscdn.net/images/goods_img/20240822/4358147/4358147_17246494250728_500.jpg,False
2024-09,A,100004,미니스커트,100,원피스/스커트,12,4336381,oheshio,오헤시오,"CHECK TWOWAY MINI SKIRT, RED BLACK",https://image.msscdn.net/images/goods_img/20240816/4336381/4336381_17259328943205_500.jpg,False
2024-09,A,100004,미니스커트,100,원피스/스커트,13,4289989,glowny,글로니,THE BELLA SKIRT (DEEP BLUE),https://image.msscdn.net/images/goods_img/20240801/4289989/4289989_17239894778892_500.jpg,False
2024-09,A,100004,미니스커트,100,원피스/스커트,14,4193422,oheshio,오헤시오,"CANCAN COLORED SKIRT, BLACK CHECK",https://image.msscdn.net/images/goods_img/20240613/4193422/4193422_17182504633452_500.jpg,False
2024-09,A,100004,미니스커트,100,원피스/스커트,15,2362073,musinsastandardwoman,무신사 스탠다드 우먼,우먼즈 데님 미니 스커트 [블랙],https://image.msscdn.net/images/goods_img/20220215/2362073/2362073_17824333056337_500.jpg,False
2024-09,A,100004,미니스커트,100,원피스/스커트,16,4339403,coyseio,코이세이오 038,FOLDING UNBALANCED SKIRT CHARCOAL,https://image.msscdn.net/images/goods_img/20240817/4339403/4339403_17238808390203_500.png,False
2024-09,A,100004,미니스커트,100,원피스/스커트,17,2725422,musinsastandardwoman,무신사 스탠다드 우먼,우먼즈 데님 미니 스커트 [딥 인디고],https://image.msscdn.net/images/goods_img/20220818/2725422/2725422_17824330520279_500.jpg,False
2024-09,A,100004,미니스커트,100,원피스/스커트,18,3783636,drawfitwomen,드로우핏 우먼,스티치 플리츠 미니 스커트 [BEIGE],https://image.msscdn.net/images/goods_img/20240109/3783636/3783636_17240598723371_500.jpg,False
2024-09,A,100004,미니스커트,100,원피스/스커트,19,3783637,drawfitwomen,드로우핏 우먼,스티치 플리츠 미니 스커트 [BLACK],https://image.msscdn.net/images/goods_img/20240109/3783637/3783637_17240598442455_500.jpg,False
2024-09,A,100004,미니스커트,100,원피스/스커트,20,4318789,marithefrancoisgirbaud,마리떼 프랑소와 저버,W PLEATED MINI SKIRT beige,https://image.msscdn.net/images/goods_img/20240812/4318789/4318789_17255043691196_500.jpg,False
2024-09,A,100004,미니스커트,100,원피스/스커트,21,3917557,roughneck,러프넥,레이스 튜튜 팬츠 스커트 블랙,https://image.msscdn.net/images/goods_img/20240302/3917557/3917557_17093844075409_500.jpg,False
2024-09,A,100004,미니스커트,100,원피스/스커트,22,2117250,musinsastandardwoman,무신사 스탠다드 우먼,우먼즈 베이식 미니 스커트 [그레이],https://image.msscdn.net/images/goods_img/20210908/2117250/2117250_17680157609832_500.jpg,False
2024-09,A,100004,미니스커트,100,원피스/스커트,23,2551402,musinsastandardwoman,무신사 스탠다드 우먼,우먼즈 슬릿 미니 스코츠 [그레이],https://image.msscdn.net/images/goods_img/20220511/2551402/2551402_17678594127607_500.jpg,False
2024-09,A,100004,미니스커트,100,원피스/스커트,24,4410517,sinoon,시눈,Tute Skirt (Wine),https://image.msscdn.net/images/goods_img/20240905/4410517/4410517_17355274888096_500.jpg,False
2024-09,A,100004,미니스커트,100,원피스/스커트,25,2568778,musinsastandardwoman,무신사 스탠다드 우먼,우먼즈 코듀로이 플리츠 미니 스커트 [카키 브라운],https://image.msscdn.net/images/goods_img/20220518/2568778/2568778_16975308979440_500.jpg,False
2024-09,A,100004,미니스커트,100,원피스/스커트,26,4018731,placestudio,플레이스 스튜디오,레이스 리본 마이크로 미니 쇼츠 팬츠 스커트 [화이트],https://image.msscdn.net/images/goods_img/20240402/4018731/4018731_17121902328208_500.jpg,False
2024-09,A,100004,미니스커트,100,원피스/스커트,27,4295868,citybreeze,시티브리즈,울 플리츠 미니 스커트_GREY,https://image.msscdn.net/images/goods_img/20240805/4295868/4295868_17826999635345_500.jpg,False
2024-09,A,100004,미니스커트,100,원피스/스커트,28,4374775,avam,아밤홈,Pleats Mini Skirt_Navy,https://image.msscdn.net/images/goods_img/20240827/4374775/4374775_17411451233956_500.jpg,False
2024-09,A,100004,미니스커트,100,원피스/스커트,29,3753562,roughneck,러프넥,튜튜 팬츠 스커트 블랙,https://image.msscdn.net/images/goods_img/20231212/3753562/3753562_17023643402079_500.jpg,False
2024-09,A,100004,미니스커트,100,원피스/스커트,30,3774996,musinsastandardwoman,무신사 스탠다드 우먼,우먼즈 로 라이즈 데님 미니 스코츠 [러스티 블루],https://image.msscdn.net/images/goods_img/20240104/3774996/3774996_17799596542712_500.jpg,False
2024-09,A,100005,미디스커트,100,원피스/스커트,1,2117254,musinsastandardwoman,무신사 스탠다드 우먼,우먼즈 플리츠 미디 스커트 [차콜 그레이],https://image.msscdn.net/images/goods_img/20210908/2117254/2117254_17467755871427_500.jpg,False
2024-09,A,100005,미디스커트,100,원피스/스커트,2,4117026,musinsastandardwoman,무신사 스탠다드 우먼,우먼즈 데님 미디 스커트 [딥 인디고],https://image.msscdn.net/images/goods_img/20240509/4117026/4117026_17675315652240_500.jpg,False
2024-09,A,100005,미디스커트,100,원피스/스커트,3,2117253,musinsastandardwoman,무신사 스탠다드 우먼,우먼즈 플리츠 미디 스커트 [블랙],https://image.msscdn.net/images/goods_img/20210908/2117253/2117253_17467823245909_500.jpg,False
2024-09,A,100005,미디스커트,100,원피스/스커트,4,1645762,musinsastandardwoman,무신사 스탠다드 우먼,우먼즈 데님 미디 스커트 [크림],https://image.msscdn.net/images/goods_img/20201013/1645762/1645762_17675316388880_500.jpg,False
2024-09,A,100005,미디스커트,100,원피스/스커트,5,2300718,musinsastandardwoman,무신사 스탠다드 우먼,우먼즈 데님 미디 스커트 [워시드 블랙],https://image.msscdn.net/images/goods_img/20220111/2300718/2300718_17675315035044_500.jpg,False
2024-09,A,100005,미디스커트,100,원피스/스커트,6,4265733,placestudio,플레이스 스튜디오,레이스 셔링 리본 코튼 밴딩 롱 캉캉 스커트 [블랙],https://image.msscdn.net/images/goods_img/20240722/4265733/4265733_17216283891314_500.jpg,False
2024-09,A,100005,미디스커트,100,원피스/스커트,7,4336415,oheshio,오헤시오,"BALLOON BANDING MIDI SKIRT, BLACK",https://image.msscdn.net/images/goods_img/20240816/4336415/4336415_17253339156879_500.jpg,False
2024-09,A,100005,미디스커트,100,원피스/스커트,8,4350936,misekiseoul,미세키서울,Unbalanced layered skirt BLACK,https://image.msscdn.net/images/goods_img/20240821/4350936/4350936_17816746257467_500.png,False
2024-09,A,100005,미디스커트,100,원피스/스커트,9,3850173,nastyfancyclub,팬시클럽,[NF] 포멀 버튼 플리츠 미디 스커트 (GRAY)_F24QD871,https://image.msscdn.net/images/goods_img/20240206/3850173/3850173_17400317848206_500.jpg,False
2024-09,A,100005,미디스커트,100,원피스/스커트,10,4254226,placestudio,플레이스 스튜디오,레이스 셔링 리본 코튼 밴딩 롱 캉캉 스커트 [화이트],https://image.msscdn.net/images/goods_img/20240717/4254226/4254226_17694921389750_500.jpg,False
2024-09,A,100005,미디스커트,100,원피스/스커트,11,3758432,musinsastandardwoman,무신사 스탠다드 우먼,우먼즈 카고 니 렝스 스커트 [블랙],https://image.msscdn.net/images/goods_img/20231215/3758432/3758432_17080589396790_500.jpg,False
2024-09,A,100005,미디스커트,100,원피스/스커트,12,4350948,misekiseoul,미세키서울,Layered skirt pants set BLACK,https://image.msscdn.net/images/goods_img/20240821/4350948/4350948_17260331837026_500.jpg,False
2024-09,A,100005,미디스커트,100,원피스/스커트,13,1645760,musinsastandardwoman,무신사 스탠다드 우먼,우먼즈 데님 미디 스커트 [라이트 인디고],https://image.msscdn.net/images/goods_img/20201013/1645760/1645760_17677818822457_500.jpg,False
2024-09,A,100005,미디스커트,100,원피스/스커트,14,2257612,musinsastandardwoman,무신사 스탠다드 우먼,우먼즈 플리츠 미디 스커트 [미디엄 그레이],https://image.msscdn.net/images/goods_img/20211206/2257612/2257612_17155615478939_500.jpg,False
2024-09,A,100005,미디스커트,100,원피스/스커트,15,4336426,oheshio,오헤시오,"BALLOON BANDING MIDI SKIRT, CHARCOAL",https://image.msscdn.net/images/goods_img/20240816/4336426/4336426_17252457180415_500.jpg,False
2024-09,A,100005,미디스커트,100,원피스/스커트,16,4343434,lcdctm,엘씨디씨티엠,CHECKED PLEATS MIDI SKIRT,https://image.msscdn.net/images/goods_img/20240819/4343434/4343434_17240565268569_500.jpg,False
2024-09,A,100005,미디스커트,100,원피스/스커트,17,3758433,musinsastandardwoman,무신사 스탠다드 우먼,우먼즈 카고 니 렝스 스커트 [베이지],https://image.msscdn.net/images/goods_img/20231215/3758433/3758433_17080710677257_500.jpg,False
2024-09,A,100005,미디스커트,100,원피스/스커트,18,4270504,placestudio,플레이스 스튜디오,리본 버튼 플리츠 미디 레이어드 랩 스커트 [블랙],https://image.msscdn.net/images/goods_img/20240724/4270504/4270504_17306845501933_500.jpg,False
2024-09,A,100005,미디스커트,100,원피스/스커트,19,3474798,marithefrancoisgirbaud,마리떼 프랑소와 저버,W DENIM PLEATS SKIRT black,https://image.msscdn.net/images/goods_img/20230818/3474798/3474798_17256005543955_500.jpg,False
2024-09,A,100005,미디스커트,100,원피스/스커트,20,3845243,crank,크랭크,체크 프릴 플리츠 미디 스커트_네이비,https://image.msscdn.net/images/goods_img/20240204/3845243/3845243_17070587718609_500.jpg,False
2024-09,A,100005,미디스커트,100,원피스/스커트,21,3565960,misekiseoul,미세키서울,Midi wrap skirt BLACK,https://image.msscdn.net/images/goods_img/20230915/3565960/3565960_16951909447968_500.jpg,False
2024-09,A,100005,미디스커트,100,원피스/스커트,22,4336432,oheshio,오헤시오,"POCKET BANDING SKIRT, NAVY",https://image.msscdn.net/images/goods_img/20240816/4336432/4336432_17252457746748_500.jpg,False
2024-09,A,100005,미디스커트,100,원피스/스커트,23,4289895,pesto,페스토,핀턱 미디 스커트 블랙,https://image.msscdn.net/images/goods_img/20240801/4289895/4289895_17237908697352_500.png,False
2024-09,A,100005,미디스커트,100,원피스/스커트,24,4139090,rense,렌세,Button Pleats Wrap Skirt Light Gray,https://image.msscdn.net/images/goods_img/20240517/4139090/4139090_17163679504386_500.jpg,False
2024-09,A,100005,미디스커트,100,원피스/스커트,25,4350942,misekiseoul,미세키서울,Layered skirt pants set CHARCOAL,https://image.msscdn.net/images/goods_img/20240821/4350942/4350942_17260335029834_500.jpg,False
2024-09,A,100005,미디스커트,100,원피스/스커트,26,4342208,withoutsummer,위드아웃썸머,쉬폰 미디 스커트_크림,https://image.msscdn.net/images/goods_img/20240819/4342208/4342208_17246399487015_500.jpg,False
2024-09,A,100005,미디스커트,100,원피스/스커트,27,2117255,musinsastandardwoman,무신사 스탠다드 우먼,우먼즈 플리츠 미디 스커트 [라이트 브라운],https://image.msscdn.net/images/goods_img/20210908/2117255/2117255_17676668118187_500.jpg,False
2024-09,A,100005,미디스커트,100,원피스/스커트,28,3801000,istkunst,이스트쿤스트,CARGO MIDI SKIRT_CAMO(IK2ESFPA90A),https://image.msscdn.net/images/goods_img/20240117/3801000/3801000_17062328355781_500.jpg,False
2024-09,A,100005,미디스커트,100,원피스/스커트,29,4399501,sunburnproject,썬번프로젝트,Asymmetric Midi Skirt (BLACK),https://image.msscdn.net/images/goods_img/20240903/4399501/4399501_17260380507467_500.jpg,False
2024-09,A,100005,미디스커트,100,원피스/스커트,30,4378905,amomento,아모멘토,STRIPE LAYERED SKIRT,https://image.msscdn.net/images/goods_img/20240828/4378905/4378905_17248394372522_500.jpg,False
2024-09,A,100006,롱스커트,100,원피스/스커트,1,4437600,partimentowomen,파르티멘토 우먼,컷 오프 게더링 플리츠 맥시 스커트_차콜,https://image.msscdn.net/images/goods_img/20240912/4437600/4437600_17268268747113_500.jpg,False
2024-09,A,100006,롱스커트,100,원피스/스커트,2,4437601,partimentowomen,파르티멘토 우먼,컷 오프 게더링 플리츠 맥시 스커트_블랙,https://image.msscdn.net/images/goods_img/20240912/4437601/4437601_17268269484012_500.jpg,False
2024-09,A,100006,롱스커트,100,원피스/스커트,3,2792603,musinsastandardwoman,무신사 스탠다드 우먼,우먼즈 맥시 스커트 [블랙],https://image.msscdn.net/images/goods_img/20220915/2792603/2792603_17536886431375_500.jpg,False
2024-09,A,100006,롱스커트,100,원피스/스커트,4,4437597,partimentowomen,파르티멘토 우먼,컷 오프 게더링 플리츠 맥시 스커트_에크루,https://image.msscdn.net/images/goods_img/20240912/4437597/4437597_17268262238546_500.jpg,False
2024-09,A,100006,롱스커트,100,원피스/스커트,5,2448899,musinsastandardwoman,무신사 스탠다드 우먼,우먼즈 프론트 슬릿 데님 롱 스커트 [워시드 블랙],https://image.msscdn.net/images/goods_img/20220328/2448899/2448899_17661127529056_500.jpg,False
2024-09,A,100006,롱스커트,100,원피스/스커트,6,2792604,musinsastandardwoman,무신사 스탠다드 우먼,우먼즈 맥시 스커트 [미디엄 그레이],https://image.msscdn.net/images/goods_img/20220915/2792604/2792604_16728975851407_500.jpg,False
2024-09,A,100006,롱스커트,100,원피스/스커트,7,4336061,adidas,아디다스,파이어버드 니트 스커트 - 블랙 / IY7279,https://image.msscdn.net/images/goods_img/20240816/4336061/4336061_17242236525944_500.jpg,False
2024-09,A,100006,롱스커트,100,원피스/스커트,8,1931894,musinsastandardwoman,무신사 스탠다드 우먼,우먼즈 하이 웨이스트 슬릿 롱 스커트 [블랙],https://image.msscdn.net/images/goods_img/20210430/1931894/1931894_3_500.jpg,False
2024-09,A,100006,롱스커트,100,원피스/스커트,9,3758435,musinsastandardwoman,무신사 스탠다드 우먼,우먼즈 CP 맥시 스커트 [화이트],https://image.msscdn.net/images/goods_img/20231215/3758435/3758435_17259588422783_500.jpg,False
2024-09,A,100006,롱스커트,100,원피스/스커트,10,4324777,niceghostclub,나이스고스트클럽,BIG STAR LOGO SWEAT SKIRT_BLACK(NG2EFUPA90A),https://image.msscdn.net/images/goods_img/20240813/4324777/4324777_17708775629904_500.jpg,False
2024-09,A,100006,롱스커트,100,원피스/스커트,11,3758437,musinsastandardwoman,무신사 스탠다드 우먼,우먼즈 CP 맥시 스커트 [블랙],https://image.msscdn.net/images/goods_img/20231215/3758437/3758437_17677813885414_500.jpg,False
2024-09,A,100006,롱스커트,100,원피스/스커트,12,4437599,partimentowomen,파르티멘토 우먼,컷 오프 게더링 플리츠 맥시 스커트_그레이,https://image.msscdn.net/images/goods_img/20240912/4437599/4437599_17268267130318_500.jpg,False
2024-09,A,100006,롱스커트,100,원피스/스커트,13,2117256,musinsastandardwoman,무신사 스탠다드 우먼,우먼즈 하이 웨이스트 롱 스커트 [블랙],https://image.msscdn.net/images/goods_img/20210908/2117256/2117256_1_500.jpg,False
2024-09,A,100006,롱스커트,100,원피스/스커트,14,1324169,musinsastandardwoman,무신사 스탠다드 우먼,우먼즈 플랫 테리 스웨트 롱 스커트 [블랙],https://image.msscdn.net/images/goods_img/20200226/1324169/1324169_2_500.jpg,False
2024-09,A,100006,롱스커트,100,원피스/스커트,15,3051712,musinsastandardwoman,무신사 스탠다드 우먼,우먼즈 데님 맥시 스커트 [워시드 블랙],https://image.msscdn.net/images/goods_img/20230201/3051712/3051712_16866977953331_500.jpg,False
2024-09,A,100006,롱스커트,100,원피스/스커트,16,4372499,placestudio,플레이스 스튜디오,스트링 벌룬 밴딩 나일론 롱 볼륨 캉캉 스커트,https://image.msscdn.net/images/goods_img/20240826/4372499/4372499_17289517898597_500.jpg,False
2024-09,A,100006,롱스커트,100,원피스/스커트,17,3758436,musinsastandardwoman,무신사 스탠다드 우먼,우먼즈 CP 맥시 스커트 [다크 그레이],https://image.msscdn.net/images/goods_img/20231215/3758436/3758436_17677813303074_500.jpg,False
2024-09,A,100006,롱스커트,100,원피스/스커트,18,2117257,musinsastandardwoman,무신사 스탠다드 우먼,우먼즈 하이 웨이스트 롱 스커트 [그레이],https://image.msscdn.net/images/goods_img/20210908/2117257/2117257_1_500.jpg,False
2024-09,A,100006,롱스커트,100,원피스/스커트,19,3295890,glowny,글로니,RODEO TIERED RUFFLE SKIRT (WHITE),https://image.msscdn.net/images/goods_img/20230515/3295890/3295890_16843106387942_500.jpg,False
2024-09,A,100006,롱스커트,100,원피스/스커트,20,2448900,musinsastandardwoman,무신사 스탠다드 우먼,우먼즈 프론트 슬릿 데님 롱 스커트 [라이트 인디고],https://image.msscdn.net/images/goods_img/20220328/2448900/2448900_17661126915651_500.jpg,False
2024-09,A,100006,롱스커트,100,원피스/스커트,21,3425498,musinsastandardwoman,무신사 스탠다드 우먼,우먼즈 데님 맥시 스커트 [딥 인디고],https://image.msscdn.net/images/goods_img/20230725/3425498/3425498_17189604379083_500.jpg,False
2024-09,A,100006,롱스커트,100,원피스/스커트,22,3051711,musinsastandardwoman,무신사 스탠다드 우먼,우먼즈 데님 맥시 스커트 [미디엄 인디고],https://image.msscdn.net/images/goods_img/20230201/3051711/3051711_16866978207309_500.jpg,False
2024-09,A,100006,롱스커트,100,원피스/스커트,23,4175670,fottsfotts,포츠포츠,24SS 저지 맥시스커트 - 블랙/JERSEY MAXI SKIRT / BLACK,https://image.msscdn.net/images/goods_img/20240604/4175670/4175670_17175458343096_500.jpg,False
2024-09,A,100006,롱스커트,100,원피스/스커트,24,2392478,musinsastandardwoman,무신사 스탠다드 우먼,우먼즈 스웨트 맥시 스커트 [블랙],https://image.msscdn.net/images/goods_img/20220302/2392478/2392478_17188496635285_500.jpg,False
2024-09,A,100006,롱스커트,100,원피스/스커트,25,3668712,lautredemin,로트르드민,Lautre de min  Anna Beige Flare skirt,https://image.msscdn.net/images/goods_img/20231030/3668712/3668712_16993390165282_500.jpg,False
2024-09,A,100006,롱스커트,100,원피스/스커트,26,3512402,unknownplanet,언노운 플라넷,프론트 슬릿 데님 롱 스커트 블랙,https://image.msscdn.net/images/goods_img/20230830/3512402/3512402_16933595850460_500.jpg,False
2024-09,A,100006,롱스커트,100,원피스/스커트,27,4336396,oheshio,오헤시오,"STRIPE SLIT LONG SKIRT, BLACK",https://image.msscdn.net/images/goods_img/20240816/4336396/4336396_17253339730437_500.jpg,False
2024-09,A,100006,롱스커트,100,원피스/스커트,28,4305503,marithefrancoisgirbaud,마리떼 프랑소와 저버,W CLASSIC LOGO SWEAT SKIRT charcoal,https://image.msscdn.net/images/goods_img/20240807/4305503/4305503_17300928160292_500.jpg,False
2024-09,A,100006,롱스커트,100,원피스/스커트,29,4287474,flareup,플레어업,2.Drape Layered Maxi Skirt (FL-241_Black),https://image.msscdn.net/images/goods_img/20240801/4287474/4287474_17224700726568_500.jpg,False
2024-09,A,100006,롱스커트,100,원피스/스커트,30,4036171,flareup,플레어업,Drape Layered Maxi Skirt (FL-238_Black),https://image.msscdn.net/images/goods_img/20240408/4036171/4036171_17125631219546_500.jpg,False
2024-09,M,001,상의,,,1,3791891,filluminate,필루미네이트,오버핏 포레스트 체크 셔츠-블랙,https://image.msscdn.net/images/goods_img/20240112/3791891/3791891_17901256505525_500.jpg,False
2024-09,M,001,상의,,,2,2086653,musinsastandard,무신사 스탠다드,레이어드 크루 넥 반팔 티셔츠_일반 기장 [화이트],https://image.msscdn.net/images/goods_img/20210825/2086653/2086653_17772494800708_500.jpg,False
2024-09,M,001,상의,,,3,4068166,huke,후크,빈티지 워싱 네이비 체크셔츠,https://image.msscdn.net/images/goods_img/20240419/4068166/4068166_17150610004370_500.jpg,False
2024-09,M,001,상의,,,4,4288935,dimitriblack,디미트리블랙,ASI 에센셜 바이오워싱 데님 셔츠_더스트 인디고,https://image.msscdn.net/images/goods_img/20240801/4288935/4288935_17234533281193_500.jpg,False
2024-09,M,001,상의,,,5,994588,filluminate,필루미네이트,옵티멀 베이직 셔츠-화이트[린넨＆옥스포드 선택],https://image.msscdn.net/images/goods_img/20190326/994588/994588_17878791359967_500.jpg,False
2024-09,M,001,상의,,,6,983339,musinsastandard,무신사 스탠다드,베이식 드레스 셔츠 [화이트],https://image.msscdn.net/images/goods_img/20190315/983339/983339_17833270978891_500.jpg,False
2024-09,M,001,상의,,,7,996177,musinsastandard,무신사 스탠다드,릴렉스 핏 크루 넥 반팔 티셔츠 [화이트],https://image.msscdn.net/images/goods_img/20190327/996177/996177_17845258066104_500.jpg,False
2024-09,M,001,상의,,,8,854337,musinsastandard,무신사 스탠다드,릴렉스 핏 옥스포드 셔츠 [화이트],https://image.msscdn.net/images/goods_img/20180910/854337/854337_17829584758706_500.jpg,False
2024-09,M,001,상의,,,9,2375962,unionblue,유니온블루,LAUNDRY SHIRT (LAVENDER GRAY),https://image.msscdn.net/images/goods_img/20220222/2375962/2375962_1_500.jpg,False
2024-09,M,001,상의,,,10,4306299,bronson,브론슨,Blue Chambray Work Shirt KR Ver.,https://image.msscdn.net/images/goods_img/20240807/4306299/4306299_17737170274339_500.jpg,False
2024-09,M,001,상의,,,11,1817394,travel,트래블,[3-PACK]베이직 트래블러 피그먼트 스웨트셔츠,https://image.msscdn.net/images/goods_img/20210226/1817394/1817394_17152436181527_500.jpg,False
2024-09,M,001,상의,,,12,2314616,toffee,토피,에센셜 후드 스웻 셔츠 (MELANGE GREY),https://image.msscdn.net/images/goods_img/20220119/2314616/2314616_1_500.jpg,False
2024-09,M,001,상의,,,13,4148441,bowlow,바우로 프로덕트,리브드 로고 슬리브리스 [블랙],https://image.msscdn.net/images/goods_img/20240522/4148441/4148441_17163625167792_500.jpg,False
2024-09,M,001,상의,,,14,2995119,trillion,트릴리온,컬러 배색 1992 그래픽 후드 (NAVY),https://image.msscdn.net/images/goods_img/20221223/2995119/2995119_1_500.jpg,False
2024-09,M,001,상의,,,15,3856743,untapped,언탭트 스튜디오,[여름 라이크린넨 추가]시티보이 빅 오버핏 빅사이즈 옥스포드 셔츠 8COLOR,https://image.msscdn.net/images/goods_img/20240207/3856743/3856743_17177615485090_500.jpg,False
2024-09,M,001,상의,,,16,3533480,ezkaton,에즈카톤,스페이스 헤비코튼 후드 버건디 KMHD6723,https://image.msscdn.net/images/goods_img/20230906/3533480/3533480_16939610292721_500.jpg,False
2024-09,M,001,상의,,,17,3726859,unionblue,유니온블루,LAUNDRY SHIRT (ICE BLUE),https://image.msscdn.net/images/goods_img/20231121/3726859/3726859_17787410464429_500.jpg,False
2024-09,M,001,상의,,,18,2722805,brownbreath,브라운브레스,TAG OG HOODIE - BURGUNDY,https://image.msscdn.net/images/goods_img/20220817/2722805/2722805_17685233788556_500.jpg,False
2024-09,M,001,상의,,,19,4302685,sorano,소라노,SORANO Basic Logo HOODIE [4Color],https://image.msscdn.net/images/goods_img/20240807/4302685/4302685_17229675684379_500.jpg,False
2024-09,M,001,상의,,,20,4279928,nomanual,노매뉴얼,O.D CHECK SHIRT - BLACK,https://image.msscdn.net/images/goods_img/20240729/4279928/4279928_17231774529256_500.jpg,False
2024-09,M,001,상의,,,21,4186471,huke,후크,빈티지 워싱 브라운  체크셔츠,https://image.msscdn.net/images/goods_img/20240610/4186471/4186471_17179929320187_500.jpg,False
2024-09,M,001,상의,,,22,1944612,sovermentwithlomort,소버먼트,460G 컷 헤비 피그먼트 티셔츠-차콜-,https://image.msscdn.net/images/goods_img/20210511/1944612/1944612_17153307977903_500.jpg,False
2024-09,M,001,상의,,,23,1582356,sovermentwithlomort,소버먼트,980G 피그먼트 맨투맨-챠콜-,https://image.msscdn.net/images/goods_img/20200903/1582356/1582356_1_500.jpg,False
2024-09,M,001,상의,,,24,3773867,covernat,커버낫,[2PACK] 쿨 코튼 티셔츠 Black+White,https://image.msscdn.net/images/goods_img/20240103/3773867/3773867_17818426320462_500.jpg,False
2024-09,M,001,상의,,,25,2313388,1993studio,1993스튜디오,90S 트랙 스웨트셔츠_그레이,https://image.msscdn.net/images/goods_img/20220118/2313388/2313388_17592092127579_500.jpg,False
2024-09,M,001,상의,,,26,2990516,1989standard,1989스탠다드,RV_OUR 1989 후드 (STHSTD-0004),https://image.msscdn.net/images/goods_img/20221220/2990516/2990516_17865211299718_500.jpg,False
2024-09,M,001,상의,,,27,2065703,unionblue,유니온블루,LAUNDRY SHIRT (WHITE),https://image.msscdn.net/images/goods_img/20210817/2065703/2065703_2_500.jpg,False
2024-09,M,001,상의,,,28,2913656,filluminate,필루미네이트,오버핏 그래피티 로고 후디-멜란지그레이,https://image.msscdn.net/images/goods_img/20221101/2913656/2913656_17593846033133_500.jpg,False
2024-09,M,001,상의,,,29,4288950,dimitriblack,디미트리블랙,ASI 포시즌 에센셜 스웻 후드 티셔츠_피그먼트 차콜,https://image.msscdn.net/images/goods_img/20240801/4288950/4288950_17514415750313_500.jpg,False
2024-09,M,001,상의,,,30,2149254,musinsastandard,무신사 스탠다드,베이식 긴팔 티셔츠 2팩,https://image.msscdn.net/images/goods_img/20210928/2149254/2149254_17138588137724_500.jpg,False
2024-09,M,001005,맨투맨/스웨트,001,상의,1,1817394,travel,트래블,[3-PACK]베이직 트래블러 피그먼트 스웨트셔츠,https://image.msscdn.net/images/goods_img/20210226/1817394/1817394_17152436181527_500.jpg,False
2024-09,M,001005,맨투맨/스웨트,001,상의,2,1582356,sovermentwithlomort,소버먼트,980G 피그먼트 맨투맨-챠콜-,https://image.msscdn.net/images/goods_img/20200903/1582356/1582356_1_500.jpg,False
2024-09,M,001005,맨투맨/스웨트,001,상의,3,2313388,1993studio,1993스튜디오,90S 트랙 스웨트셔츠_그레이,https://image.msscdn.net/images/goods_img/20220118/2313388/2313388_17592092127579_500.jpg,False
2024-09,M,001005,맨투맨/스웨트,001,상의,4,947067,musinsastandard,무신사 스탠다드,스웨트셔츠 [블랙],https://image.msscdn.net/images/goods_img/20190201/947067/947067_17641181220326_500.jpg,False
2024-09,M,001005,맨투맨/스웨트,001,상의,5,3400338,1993studio,1993스튜디오,스피드레이서 레글런 스웨트셔츠_블랙,https://image.msscdn.net/images/goods_img/20230710/3400338/3400338_17725194236157_500.jpg,False
2024-09,M,001005,맨투맨/스웨트,001,상의,6,2107298,aecawhite,에이카화이트,BIG LOGO SWEATSHIRT-NAVY/WHITE,https://image.msscdn.net/images/goods_img/20210903/2107298/2107298_17240622808280_500.jpg,False
2024-09,M,001005,맨투맨/스웨트,001,상의,7,2721684,conichiwabonjour,곤니치와봉쥬르,유니브 맨투맨(에어포스),https://image.msscdn.net/images/goods_img/20220817/2721684/2721684_2_500.jpg,False
2024-09,M,001005,맨투맨/스웨트,001,상의,8,2792628,poloralphlauren,폴로 랄프 로렌,더블니트 스웨트셔츠 - 네이비,https://image.msscdn.net/images/goods_img/20220915/2792628/2792628_3_500.jpg,False
2024-09,M,001005,맨투맨/스웨트,001,상의,9,2313445,1993studio,1993스튜디오,90S 트랙 스웨트셔츠_블랙,https://image.msscdn.net/images/goods_img/20220118/2313445/2313445_17592100281982_500.jpg,False
2024-09,M,001005,맨투맨/스웨트,001,상의,10,3493537,toffee,토피,피그먼트 오버핏 스웻 셔츠 (DUSTY KHAKI),https://image.msscdn.net/images/goods_img/20230824/3493537/3493537_16940480719080_500.jpg,False
2024-09,M,001005,맨투맨/스웨트,001,상의,11,4296229,hooves,후브스,링 스냅 헨리넥 스웻셔츠 [카키],https://image.msscdn.net/images/goods_img/20240805/4296229/4296229_17239598199691_500.jpg,False
2024-09,M,001005,맨투맨/스웨트,001,상의,12,3764847,moo,엠오오,[기모/논기모] 피치스킨 디스코 그래픽 맨투맨 - 블랙,https://image.msscdn.net/images/goods_img/20231222/3764847/3764847_17032111661055_500.jpg,False
2024-09,M,001005,맨투맨/스웨트,001,상의,13,2062553,fallett,팔렛,부클 플라워 맨투맨 네이비,https://image.msscdn.net/images/goods_img/20210813/2062553/2062553_17615293207269_500.jpg,False
2024-09,M,001005,맨투맨/스웨트,001,상의,14,3925159,kaneitei,카네이테이,ARMEE FRANCAISE CREWNECK (NAVY),https://image.msscdn.net/images/goods_img/20240305/3925159/3925159_17259260060353_500.jpg,False
2024-09,M,001005,맨투맨/스웨트,001,상의,15,1336836,brenson,브렌슨,(Renew Ver.) 루즈핏 스웨트 셔츠 ( 9Color ) ( 기모선택 ),https://image.msscdn.net/images/goods_img/20200305/1336836/1336836_17297329205750_500.jpg,False
2024-09,M,001005,맨투맨/스웨트,001,상의,16,2792629,poloralphlauren,폴로 랄프 로렌,더블니트 스웨트셔츠 - 블랙,https://image.msscdn.net/images/goods_img/20220915/2792629/2792629_3_500.jpg,False
2024-09,M,001005,맨투맨/스웨트,001,상의,17,3475395,wednesdayoasis,웬즈데이오아시스,[기모버전추가]시그니처 오버핏 맨투맨 6COLOR,https://image.msscdn.net/images/goods_img/20230818/3475395/3475395_17726028146723_500.jpg,False
2024-09,M,001005,맨투맨/스웨트,001,상의,18,4296235,hooves,후브스,링 스냅 헨리넥 스웻셔츠 [블랙],https://image.msscdn.net/images/goods_img/20240805/4296235/4296235_17239589556559_500.jpg,False
2024-09,M,001005,맨투맨/스웨트,001,상의,19,1679943,vivastudio,비바스튜디오,RETRIEVER CREWNECK [NAVY],https://image.msscdn.net/images/goods_img/20201105/1679943/1679943_17096910334702_500.jpg,False
2024-09,M,001005,맨투맨/스웨트,001,상의,20,3056893,compagno,꼼파뇨,슈팅 로고 레글런 스웨트셔츠 베이지브라운,https://image.msscdn.net/images/goods_img/20230202/3056893/3056893_16759355110509_500.jpg,False
2024-09,M,001005,맨투맨/스웨트,001,상의,21,3043045,1993studio,1993스튜디오,90S 트랙 스웨트셔츠_오트베이지,https://image.msscdn.net/images/goods_img/20230127/3043045/3043045_16758467474405_500.jpg,False
2024-09,M,001005,맨투맨/스웨트,001,상의,22,2970542,slowacid,슬로우애시드,피치스킨 러스티 로고 스웨트셔츠 [웜그레이],https://image.msscdn.net/images/goods_img/20221202/2970542/2970542_17670717045336_500.jpg,False
2024-09,M,001005,맨투맨/스웨트,001,상의,23,3432577,supersub,슈퍼서브,유토피아 스웨트셔츠 - 버건디,https://image.msscdn.net/images/goods_img/20230728/3432577/3432577_16932937936167_500.jpg,False
2024-09,M,001005,맨투맨/스웨트,001,상의,24,3561943,supersub,슈퍼서브,클럽 레플리카 스웻셔츠 [버건디],https://image.msscdn.net/images/goods_img/20230914/3561943/3561943_16953419165174_500.jpg,False
2024-09,M,001005,맨투맨/스웨트,001,상의,25,2106331,aecawhite,에이카화이트,BIG LOGO SWEATSHIRT-BLACK/WHITE,https://image.msscdn.net/images/goods_img/20210902/2106331/2106331_17240621399378_500.jpg,False
2024-09,M,001005,맨투맨/스웨트,001,상의,26,4341053,ami,아미,레드 하트 로고 맨투맨 - 블랙 / BFUSW001730001,https://image.msscdn.net/images/goods_img/20240819/4341053/4341053_17249078419358_500.jpg,False
2024-09,M,001005,맨투맨/스웨트,001,상의,27,3725600,macasite,마카사이트,Arch logo Sweat Shirt_8 COLOR,https://image.msscdn.net/images/goods_img/20231121/3725600/3725600_17005325792107_500.jpg,False
2024-09,M,001005,맨투맨/스웨트,001,상의,28,4299349,partimento,파르티멘토,VTG 워시드 스웨트셔츠 네이비,https://image.msscdn.net/images/goods_img/20240806/4299349/4299349_17237818741639_500.jpg,False
2024-09,M,001005,맨투맨/스웨트,001,상의,29,2990274,1989standard,1989스탠다드,SMALL CENTER 맨투맨 (STMSTD-0015),https://image.msscdn.net/images/goods_img/20221220/2990274/2990274_17865180516439_500.jpg,False
2024-09,M,001005,맨투맨/스웨트,001,상의,30,3442651,supersub,슈퍼서브,90s 그래피티 스웨트셔츠 - 피그먼트 차콜,https://image.msscdn.net/images/goods_img/20230803/3442651/3442651_16919082009098_500.jpg,False
2024-09,M,001004,후드 티셔츠,001,상의,1,2314616,toffee,토피,에센셜 후드 스웻 셔츠 (MELANGE GREY),https://image.msscdn.net/images/goods_img/20220119/2314616/2314616_1_500.jpg,False
2024-09,M,001004,후드 티셔츠,001,상의,2,2995119,trillion,트릴리온,컬러 배색 1992 그래픽 후드 (NAVY),https://image.msscdn.net/images/goods_img/20221223/2995119/2995119_1_500.jpg,False
2024-09,M,001004,후드 티셔츠,001,상의,3,3533480,ezkaton,에즈카톤,스페이스 헤비코튼 후드 버건디 KMHD6723,https://image.msscdn.net/images/goods_img/20230906/3533480/3533480_16939610292721_500.jpg,False
2024-09,M,001004,후드 티셔츠,001,상의,4,2722805,brownbreath,브라운브레스,TAG OG HOODIE - BURGUNDY,https://image.msscdn.net/images/goods_img/20220817/2722805/2722805_17685233788556_500.jpg,False
2024-09,M,001004,후드 티셔츠,001,상의,5,4302685,sorano,소라노,SORANO Basic Logo HOODIE [4Color],https://image.msscdn.net/images/goods_img/20240807/4302685/4302685_17229675684379_500.jpg,False
2024-09,M,001004,후드 티셔츠,001,상의,6,2990516,1989standard,1989스탠다드,RV_OUR 1989 후드 (STHSTD-0004),https://image.msscdn.net/images/goods_img/20221220/2990516/2990516_17865211299718_500.jpg,False
2024-09,M,001004,후드 티셔츠,001,상의,7,2913656,filluminate,필루미네이트,오버핏 그래피티 로고 후디-멜란지그레이,https://image.msscdn.net/images/goods_img/20221101/2913656/2913656_17593846033133_500.jpg,False
2024-09,M,001004,후드 티셔츠,001,상의,8,4288950,dimitriblack,디미트리블랙,ASI 포시즌 에센셜 스웻 후드 티셔츠_피그먼트 차콜,https://image.msscdn.net/images/goods_img/20240801/4288950/4288950_17514415750313_500.jpg,False
2024-09,M,001004,후드 티셔츠,001,상의,9,3463298,yale,예일,투톤아치 후드_그레이,https://image.msscdn.net/images/goods_img/20230814/3463298/3463298_17362154315362_500.jpg,False
2024-09,M,001004,후드 티셔츠,001,상의,10,2759813,saintpain,세인트페인,SP 팀 로고 후드-멜란지 그레이,https://image.msscdn.net/images/goods_img/20220831/2759813/2759813_1_500.jpg,False
2024-09,M,001004,후드 티셔츠,001,상의,11,4272965,lemainsecond,리메인세컨드,[논기모 OR 기모] 오버핏 시그니처 LMS 패치 후디 [네이비],https://image.msscdn.net/images/goods_img/20240725/4272965/4272965_17605950992041_500.jpg,False
2024-09,M,001004,후드 티셔츠,001,상의,12,2058188,brownbreath,브라운브레스,TAG OG HOODIE - BLACK,https://image.msscdn.net/images/goods_img/20210811/2058188/2058188_17685234537443_500.jpg,False
2024-09,M,001004,후드 티셔츠,001,상의,13,2043588,nomanual,노매뉴얼,DOODLE LOGO HOODIE - BLACK,https://image.msscdn.net/images/goods_img/20210729/2043588/2043588_1_500.jpg,False
2024-09,M,001004,후드 티셔츠,001,상의,14,2109937,moo,엠오오,피치스킨 벌룬오버 후드 - 블랙,https://image.msscdn.net/images/goods_img/20210906/2109937/2109937_1_500.jpg,False
2024-09,M,001004,후드 티셔츠,001,상의,15,2913659,filluminate,필루미네이트,오버핏 그래피티 로고 후디-블랙,https://image.msscdn.net/images/prd_img/20221101/2913659/detail_2913659_7_500.jpg,False
2024-09,M,001004,후드 티셔츠,001,상의,16,3907161,ruddycheeks,아이필블루씨에스엠,Ifeelbluecsm Hoodie [4Color],https://image.msscdn.net/images/goods_img/20240227/3907161/3907161_17591081389486_500.jpg,False
2024-09,M,001004,후드 티셔츠,001,상의,17,2329895,vivastudio,비바스튜디오,RESEARCH HOODIE [KHAKI],https://image.msscdn.net/images/goods_img/20220126/2329895/2329895_17399479264998_500.jpg,False
2024-09,M,001004,후드 티셔츠,001,상의,18,2302738,brownbreath,브라운브레스,TAG OG HOODIE - NAVY,https://image.msscdn.net/images/goods_img/20220112/2302738/2302738_17685234128085_500.jpg,False
2024-09,M,001004,후드 티셔츠,001,상의,19,2105452,sovermentwithlomort,소버먼트,980G 피그먼트 컷 후드-차콜-,https://image.msscdn.net/images/goods_img/20210902/2105452/2105452_17243903059688_500.jpg,False
2024-09,M,001004,후드 티셔츠,001,상의,20,3424281,urbanstoff,어반스터프,디스트레스드 후디 (크림),https://image.msscdn.net/images/goods_img/20230725/3424281/3424281_16927701934831_500.jpg,False
2024-09,M,001004,후드 티셔츠,001,상의,21,3199737,thombrowne,톰브라운,브로더리 앙글레즈 플라워 루프백 저지 후드 - 네이비 / MJT364E06931415,https://image.msscdn.net/images/goods_img/20230331/3199737/3199737_16855951704224_500.jpg,False
2024-09,M,001004,후드 티셔츠,001,상의,22,3634049,saintpain,세인트페인,SP 팀 리그 후드-오트밀,https://image.msscdn.net/images/goods_img/20231017/3634049/3634049_16977070839597_500.jpg,False
2024-09,M,001004,후드 티셔츠,001,상의,23,1547899,outstanding,아웃스탠딩,V.S.C HOOD SWEAT(MARYS)_3%MELANGE GRAY,https://image.msscdn.net/images/goods_img/20200813/1547899/1547899_17706147798341_500.jpg,False
2024-09,M,001004,후드 티셔츠,001,상의,24,3464998,venhit,벤힛,MRT 후드티,https://image.msscdn.net/images/goods_img/20230814/3464998/3464998_16964023450202_500.jpg,False
2024-09,M,001004,후드 티셔츠,001,상의,25,3783077,dimitriblack,디미트리블랙,VLAD TYPE-A 트랙 아트웍 후드 티셔츠_네이비,https://image.msscdn.net/images/goods_img/20240109/3783077/3783077_17171332466471_500.png,False
2024-09,M,001004,후드 티셔츠,001,상의,26,4269861,apr8,에이프릴에잇,APR8 ACADEMY HOODIE [4Color],https://image.msscdn.net/images/goods_img/20240724/4269861/4269861_17247388506198_500.jpg,False
2024-09,M,001004,후드 티셔츠,001,상의,27,3533479,ezkaton,에즈카톤,스페이스 헤비코튼 후드 딥그레이 KMHD6723,https://image.msscdn.net/images/goods_img/20230906/3533479/3533479_16939610237936_500.jpg,False
2024-09,M,001004,후드 티셔츠,001,상의,28,3026606,filluminate,필루미네이트,오버핏 그래피티 로고 후디-오트밀,https://image.msscdn.net/images/goods_img/20230116/3026606/3026606_16740279087820_500.jpg,False
2024-09,M,001004,후드 티셔츠,001,상의,29,1861935,frizmworks,프리즘웍스,OG PIGMENT DYEING HOODY 002 _ CHARCOAL,https://image.msscdn.net/images/goods_img/20210324/1861935/1861935_16771339991877_500.jpg,False
2024-09,M,001004,후드 티셔츠,001,상의,30,3416150,aecawhite,에이카화이트,BIG LOGO PULLOVER HOODIE-BLACK/WHITE,https://image.msscdn.net/images/goods_img/20230719/3416150/3416150_17240618311897_500.jpg,False
2024-09,M,001002,셔츠/블라우스,001,상의,1,3791891,filluminate,필루미네이트,오버핏 포레스트 체크 셔츠-블랙,https://image.msscdn.net/images/goods_img/20240112/3791891/3791891_17901256505525_500.jpg,False
2024-09,M,001002,셔츠/블라우스,001,상의,2,4068166,huke,후크,빈티지 워싱 네이비 체크셔츠,https://image.msscdn.net/images/goods_img/20240419/4068166/4068166_17150610004370_500.jpg,False
2024-09,M,001002,셔츠/블라우스,001,상의,3,4288935,dimitriblack,디미트리블랙,ASI 에센셜 바이오워싱 데님 셔츠_더스트 인디고,https://image.msscdn.net/images/goods_img/20240801/4288935/4288935_17234533281193_500.jpg,False
2024-09,M,001002,셔츠/블라우스,001,상의,4,994588,filluminate,필루미네이트,옵티멀 베이직 셔츠-화이트[린넨＆옥스포드 선택],https://image.msscdn.net/images/goods_img/20190326/994588/994588_17878791359967_500.jpg,False
2024-09,M,001002,셔츠/블라우스,001,상의,5,983339,musinsastandard,무신사 스탠다드,베이식 드레스 셔츠 [화이트],https://image.msscdn.net/images/goods_img/20190315/983339/983339_17833270978891_500.jpg,False
2024-09,M,001002,셔츠/블라우스,001,상의,6,854337,musinsastandard,무신사 스탠다드,릴렉스 핏 옥스포드 셔츠 [화이트],https://image.msscdn.net/images/goods_img/20180910/854337/854337_17829584758706_500.jpg,False
2024-09,M,001002,셔츠/블라우스,001,상의,7,2375962,unionblue,유니온블루,LAUNDRY SHIRT (LAVENDER GRAY),https://image.msscdn.net/images/goods_img/20220222/2375962/2375962_1_500.jpg,False
2024-09,M,001002,셔츠/블라우스,001,상의,8,4306299,bronson,브론슨,Blue Chambray Work Shirt KR Ver.,https://image.msscdn.net/images/goods_img/20240807/4306299/4306299_17737170274339_500.jpg,False
2024-09,M,001002,셔츠/블라우스,001,상의,9,3856743,untapped,언탭트 스튜디오,[여름 라이크린넨 추가]시티보이 빅 오버핏 빅사이즈 옥스포드 셔츠 8COLOR,https://image.msscdn.net/images/goods_img/20240207/3856743/3856743_17177615485090_500.jpg,False
2024-09,M,001002,셔츠/블라우스,001,상의,10,3726859,unionblue,유니온블루,LAUNDRY SHIRT (ICE BLUE),https://image.msscdn.net/images/goods_img/20231121/3726859/3726859_17787410464429_500.jpg,False
2024-09,M,001002,셔츠/블라우스,001,상의,11,4279928,nomanual,노매뉴얼,O.D CHECK SHIRT - BLACK,https://image.msscdn.net/images/goods_img/20240729/4279928/4279928_17231774529256_500.jpg,False
2024-09,M,001002,셔츠/블라우스,001,상의,12,4186471,huke,후크,빈티지 워싱 브라운  체크셔츠,https://image.msscdn.net/images/goods_img/20240610/4186471/4186471_17179929320187_500.jpg,False
2024-09,M,001002,셔츠/블라우스,001,상의,13,2065703,unionblue,유니온블루,LAUNDRY SHIRT (WHITE),https://image.msscdn.net/images/goods_img/20210817/2065703/2065703_2_500.jpg,False
2024-09,M,001002,셔츠/블라우스,001,상의,14,2305840,thomasmore,토마스모어,TE5-SH08 프렌치 스트라이프 셔츠-네이비,https://image.msscdn.net/images/goods_img/20220113/2305840/2305840_2_500.jpg,False
2024-09,M,001002,셔츠/블라우스,001,상의,15,3771912,suare,수아레,스튜피드 체크 셔츠 시리즈 - 8 COLOR,https://image.msscdn.net/images/goods_img/20240102/3771912/3771912_17096042993927_500.jpg,False
2024-09,M,001002,셔츠/블라우스,001,상의,16,3791889,filluminate,필루미네이트,오버핏 포레스트 체크 셔츠-핑크,https://image.msscdn.net/images/goods_img/20240112/3791889/3791889_17800394766247_500.jpg,False
2024-09,M,001002,셔츠/블라우스,001,상의,17,3877565,poloralphlauren,폴로 랄프 로렌,[Crest Capsule] 커스텀핏 옥스포드 셔츠 - 블루,https://image.msscdn.net/images/goods_img/20240216/3877565/3877565_17097141601891_500.jpg,False
2024-09,M,001002,셔츠/블라우스,001,상의,18,3726789,unionblue,유니온블루,LAUNDRY SHIRT (PURPLE GRAY),https://image.msscdn.net/images/goods_img/20231121/3726789/3726789_17787407940975_500.jpg,False
2024-09,M,001002,셔츠/블라우스,001,상의,19,4313380,fabregat,파브레가,로렌 스트라이프 셔츠 (화이트),https://image.msscdn.net/images/goods_img/20240809/4313380/4313380_17234425841214_500.jpg,False
2024-09,M,001002,셔츠/블라우스,001,상의,20,4327331,drawfit,드로우핏,에반 옴브레 체크 셔츠 [BLACK],https://image.msscdn.net/images/goods_img/20240813/4327331/4327331_17568571754847_500.jpg,False
2024-09,M,001002,셔츠/블라우스,001,상의,21,4227437,standarderror,스탠다드에러,87-STAN081 원포켓 빈티지 오버핏 긴팔 체크 셔츠 네이비,https://image.msscdn.net/images/goods_img/20240702/4227437/4227437_17738154996351_500.jpg,False
2024-09,M,001002,셔츠/블라우스,001,상의,22,2406919,poloralphlauren,폴로 랄프 로렌,[White Collection] 커스텀핏 클래식 옥스포드 셔츠  - 화이트,https://image.msscdn.net/images/goods_img/20220308/2406919/2406919_4_500.jpg,False
2024-09,M,001002,셔츠/블라우스,001,상의,23,2065712,unionblue,유니온블루,LAUNDRY SHIRT (SKY BLUE),https://image.msscdn.net/images/goods_img/20210817/2065712/2065712_2_500.jpg,False
2024-09,M,001002,셔츠/블라우스,001,상의,24,4288934,dimitriblack,디미트리블랙,ASI 에센셜 바이오워싱 데님 셔츠_빈티지 블랙,https://image.msscdn.net/images/goods_img/20240801/4288934/4288934_17234551919642_500.jpg,False
2024-09,M,001002,셔츠/블라우스,001,상의,25,1706633,poloralphlauren,폴로 랄프 로렌,커스텀핏 옥스포드 셔츠 - 화이트,https://image.msscdn.net/images/goods_img/20201130/1706633/1706633_16932921087582_500.jpg,False
2024-09,M,001002,셔츠/블라우스,001,상의,26,4313354,fabregat,파브레가,카일리 체크 셔츠 (다크 네이비),https://image.msscdn.net/images/goods_img/20240809/4313354/4313354_17234426205842_500.jpg,False
2024-09,M,001002,셔츠/블라우스,001,상의,27,1574264,takeasy,테이크이지,시티 스트라이프 오버 셔츠(시티블랙),https://image.msscdn.net/images/goods_img/20200901/1574264/1574264_1_500.jpg,False
2024-09,M,001002,셔츠/블라우스,001,상의,28,4172293,maninstore,무드인사이드,빈티지 링클 체크셔츠_4Color,https://image.msscdn.net/images/goods_img/20240603/4172293/4172293_17567770391050_500.jpg,False
2024-09,M,001002,셔츠/블라우스,001,상의,29,1498105,poloralphlauren,폴로 랄프 로렌,커스텀핏 데님 셔츠 - 블루,https://image.msscdn.net/images/goods_img/20200626/1498105/1498105_2_500.jpg,False
2024-09,M,001002,셔츠/블라우스,001,상의,30,4227448,standarderror,스탠다드에러,87-STAN086 레거시 빈티지 오버핏 포켓 긴팔 체크 셔츠 네이비,https://image.msscdn.net/images/goods_img/20240702/4227448/4227448_17738157770217_500.jpg,False
2024-09,M,001010,긴소매 티셔츠,001,상의,1,2149254,musinsastandard,무신사 스탠다드,베이식 긴팔 티셔츠 2팩,https://image.msscdn.net/images/goods_img/20210928/2149254/2149254_17138588137724_500.jpg,False
2024-09,M,001010,긴소매 티셔츠,001,상의,2,3581743,outstanding,아웃스탠딩,[2PACK]VINTAGE WASHING LONG SLEEVE TEE_VINTAGE OLIVE/VINTAGE CHARCOAL,https://image.msscdn.net/images/goods_img/20230921/3581743/3581743_17863310526444_500.jpg,False
2024-09,M,001010,긴소매 티셔츠,001,상의,3,3066189,lmc,엘엠씨,AEROCOOL LONG SLV TEE 2PACK none,https://image.msscdn.net/images/goods_img/20230207/3066189/3066189_17797561475320_500.jpg,False
2024-09,M,001010,긴소매 티셔츠,001,상의,4,2723199,dimitriblack,디미트리블랙,레이어링 스트라이프 롱슬리브 티셔츠_블랙&화이트,https://image.msscdn.net/images/goods_img/20220817/2723199/2723199_17171317730603_500.png,False
2024-09,M,001010,긴소매 티셔츠,001,상의,5,4308203,dimitriblack,디미트리블랙,VLAD 피그먼트 슬래쉬 롱슬리브 티셔츠_차콜,https://image.msscdn.net/images/goods_img/20240808/4308203/4308203_17240583743289_500.jpg,False
2024-09,M,001010,긴소매 티셔츠,001,상의,6,3050501,jeleve,제이엘브,[2PACK] 루즈핏 롱슬리브,https://image.msscdn.net/images/goods_img/20230131/3050501/3050501_17876305136732_500.jpg,False
2024-09,M,001010,긴소매 티셔츠,001,상의,7,4243340,urbandtype,어반디타입,풋볼 져지 롱슬리브_화이트,https://image.msscdn.net/images/goods_img/20240710/4243340/4243340_17556568883984_500.jpg,False
2024-09,M,001010,긴소매 티셔츠,001,상의,8,3831448,venhit,벤힛,무드먼트 피그먼트 롱슬리브,https://image.msscdn.net/images/goods_img/20240130/3831448/3831448_17072897061319_500.jpg,False
2024-09,M,001010,긴소매 티셔츠,001,상의,9,3005822,brownbreath,브라운브레스,TAG OG LONGSLEEVE - WHITE,https://image.msscdn.net/images/goods_img/20230104/3005822/3005822_17392559844752_500.jpg,False
2024-09,M,001010,긴소매 티셔츠,001,상의,10,4287322,trillion,트릴리온,스케이트보드 피그먼트 그래픽 레글런 롱 슬리브 (NAVY),https://image.msscdn.net/images/goods_img/20240731/4287322/4287322_17228503821517_500.jpg,False
2024-09,M,001010,긴소매 티셔츠,001,상의,11,4265717,discusathletic,디스커스 애슬레틱,스트라이프 롱슬리브 티셔츠 블루,https://image.msscdn.net/images/goods_img/20240722/4265717/4265717_17685534776107_500.jpg,False
2024-09,M,001010,긴소매 티셔츠,001,상의,12,2081571,bronson,브론슨,Vintage Long Sleeve Henley Shirt Black,https://image.msscdn.net/images/goods_img/20210823/2081571/2081571_17737267731808_500.jpg,False
2024-09,M,001010,긴소매 티셔츠,001,상의,13,3753856,musinsastandard,무신사 스탠다드,헤비 폰테 릴렉스드 크루 넥 긴팔 티셔츠 [화이트],https://image.msscdn.net/images/goods_img/20231212/3753856/3753856_17067712592018_500.jpg,False
2024-09,M,001010,긴소매 티셔츠,001,상의,14,4013054,gakka2,가까이 유니언즈,절개 피그먼트 긴팔 티셔츠 애쉬 퍼플,https://image.msscdn.net/images/goods_img/20240401/4013054/4013054_17120098801284_500.jpg,False
2024-09,M,001010,긴소매 티셔츠,001,상의,15,3851073,robbers,디파이클럽로버스,That Is Where It Started (Raglan),https://image.msscdn.net/images/goods_img/20240206/3851073/3851073_17072076587737_500.jpg,False
2024-09,M,001010,긴소매 티셔츠,001,상의,16,4296242,hooves,후브스,가먼트 다잉 스트라이프 티 [크림],https://image.msscdn.net/images/goods_img/20240805/4296242/4296242_17239598480769_500.jpg,False
2024-09,M,001010,긴소매 티셔츠,001,상의,17,4349548,jeleve,제이엘브,심볼 로고 풋볼 저지,https://image.msscdn.net/images/goods_img/20240820/4349548/4349548_17242015035083_500.jpg,False
2024-09,M,001010,긴소매 티셔츠,001,상의,18,3807966,toffee,토피,베이직 롱 슬리브 티셔츠 (BLACK),https://image.msscdn.net/images/goods_img/20240119/3807966/3807966_17056235659444_500.jpg,False
2024-09,M,001010,긴소매 티셔츠,001,상의,19,3543440,easynoeasy,이지노이지,롱슬리브 풋볼 져지 - 블랙,https://image.msscdn.net/images/goods_img/20230908/3543440/3543440_17017436040905_500.jpg,False
2024-09,M,001010,긴소매 티셔츠,001,상의,20,2768838,sovermentwithlomort,소버먼트,460G 컷 헤비 피그먼트 롱 슬리브-차콜-,https://image.msscdn.net/images/goods_img/20220905/2768838/2768838_17182794877659_500.jpg,False
2024-09,M,001010,긴소매 티셔츠,001,상의,21,3361949,durt,더트,OUR DAILY LONG SLEEVE TEE (WHITE),https://image.msscdn.net/images/goods_img/20230613/3361949/3361949_17828704761589_500.jpg,False
2024-09,M,001010,긴소매 티셔츠,001,상의,22,3268569,bronson,브론슨,Vintage Long Sleeve Henley Shirt Apricot,https://image.msscdn.net/images/goods_img/20230428/3268569/3268569_17737267116684_500.jpg,False
2024-09,M,001010,긴소매 티셔츠,001,상의,23,4366073,sovermentwithlomort,소버먼트,460G 컷 헤비 피그먼트 롱 슬리브-워시드 블랙-,https://image.msscdn.net/images/goods_img/20240823/4366073/4366073_17250158703927_500.jpg,False
2024-09,M,001010,긴소매 티셔츠,001,상의,24,3156318,oddstudio,오드스튜디오,베리클로즈 래글런 오버핏 롱 슬리브 - OATMEAL /GREEN,https://image.msscdn.net/images/goods_img/20230317/3156318/3156318_17707851128504_500.jpg,False
2024-09,M,001010,긴소매 티셔츠,001,상의,25,3399787,travel,트래블,리즌 트레일 피그먼트 롱 슬리브 크림,https://image.msscdn.net/images/goods_img/20230707/3399787/3399787_16897556898016_500.jpg,False
2024-09,M,001010,긴소매 티셔츠,001,상의,26,1248490,bronson,브론슨,Vintage Long Sleeve Henley Shirt White,https://image.msscdn.net/images/goods_img/20191210/1248490/1248490_17737268855625_500.jpg,False
2024-09,M,001010,긴소매 티셔츠,001,상의,27,404474,brenson,브렌슨,(Renew Ver.) 베이직 긴팔티셔츠 4종 ( 5Color ),https://image.msscdn.net/images/goods_img/20160902/404474/404474_17896942545657_500.jpg,False
2024-09,M,001010,긴소매 티셔츠,001,상의,28,1144989,musinsastandard,무신사 스탠다드,베이식 긴팔 티셔츠 [화이트],https://image.msscdn.net/images/goods_img/20190905/1144989/1144989_17509081256971_500.jpg,False
2024-09,M,001010,긴소매 티셔츠,001,상의,29,3805490,roughside,러프사이드,Multi Stripe Long Sleeve Navy,https://image.msscdn.net/images/goods_img/20240118/3805490/3805490_17410888760778_500.jpg,False
2024-09,M,001010,긴소매 티셔츠,001,상의,30,3936432,sovermentwithlomort,소버먼트,460G 컷 헤비 피그먼트 롱 슬리브-스톤 네이비-,https://image.msscdn.net/images/goods_img/20240310/3936432/3936432_17182794734285_500.jpg,False
2024-09,M,001001,반소매 티셔츠,001,상의,1,2086653,musinsastandard,무신사 스탠다드,레이어드 크루 넥 반팔 티셔츠_일반 기장 [화이트],https://image.msscdn.net/images/goods_img/20210825/2086653/2086653_17772494800708_500.jpg,False
2024-09,M,001001,반소매 티셔츠,001,상의,2,996177,musinsastandard,무신사 스탠다드,릴렉스 핏 크루 넥 반팔 티셔츠 [화이트],https://image.msscdn.net/images/goods_img/20190327/996177/996177_17845258066104_500.jpg,False
2024-09,M,001001,반소매 티셔츠,001,상의,3,1944612,sovermentwithlomort,소버먼트,460G 컷 헤비 피그먼트 티셔츠-차콜-,https://image.msscdn.net/images/goods_img/20210511/1944612/1944612_17153307977903_500.jpg,False
2024-09,M,001001,반소매 티셔츠,001,상의,4,3773867,covernat,커버낫,[2PACK] 쿨 코튼 티셔츠 Black+White,https://image.msscdn.net/images/goods_img/20240103/3773867/3773867_17818426320462_500.jpg,False
2024-09,M,001001,반소매 티셔츠,001,상의,5,3286918,marithefrancoisgirbaud,마리떼 프랑소와 저버,3PACK SMALL REGULAR LOGO TEE mix,https://image.msscdn.net/images/goods_img/20230510/3286918/3286918_17424357770496_500.jpg,False
2024-09,M,001001,반소매 티셔츠,001,상의,6,2690691,hugvone,허그본,무지 머슬핏 반팔 5컬러,https://image.msscdn.net/images/goods_img/20220801/2690691/2690691_17090175122341_500.jpg,False
2024-09,M,001001,반소매 티셔츠,001,상의,7,2442409,yale,예일,[16수 코마사] 2PACK SMALL ARCH T-SHIRT WHITE / BLACK,https://image.msscdn.net/images/goods_img/20220324/2442409/2442409_17424359787816_500.jpg,False
2024-09,M,001001,반소매 티셔츠,001,상의,8,3325842,maisonmined,메종미네드,DOODLE HEART HALF T WHITE GREYISH BLUE,https://image.msscdn.net/images/goods_img/20230525/3325842/3325842_17760653699611_500.jpg,False
2024-09,M,001001,반소매 티셔츠,001,상의,9,2479911,coor,쿠어,[2PACK] 수피마 코튼 티셔츠,https://image.msscdn.net/images/goods_img/20220411/2479911/2479911_17731079454756_500.jpg,False
2024-09,M,001001,반소매 티셔츠,001,상의,10,4146745,sovermentwithlomort,소버먼트,460G 컷 헤비 피그먼트 티셔츠-워시드 블랙-,https://image.msscdn.net/images/goods_img/20240522/4146745/4146745_17163209301130_500.jpg,False
2024-09,M,001001,반소매 티셔츠,001,상의,11,4191127,themile,더마일,MILES 98 RAW CREW [PIGMENT D.GREY],https://image.msscdn.net/images/goods_img/20240612/4191127/4191127_17207580699899_500.jpg,False
2024-09,M,001001,반소매 티셔츠,001,상의,12,2034137,musinsastandard,무신사 스탠다드,릴렉스 핏 크루 넥 반팔 티셔츠 2팩,https://image.msscdn.net/images/goods_img/20210719/2034137/2034137_17821170123912_500.jpg,False
2024-09,M,001001,반소매 티셔츠,001,상의,13,2029969,glimmer,글리머,[3PACK] 에어쿨링 드라이 기능성 무지 반팔티,https://image.msscdn.net/images/goods_img/20210715/2029969/2029969_17151440658556_500.jpg,False
2024-09,M,001001,반소매 티셔츠,001,상의,14,4055771,dimitriblack,디미트리블랙,VLAD 피그먼트 슬래쉬 반팔 티셔츠_차콜,https://image.msscdn.net/images/goods_img/20240415/4055771/4055771_17164413957204_500.png,False
2024-09,M,001001,반소매 티셔츠,001,상의,15,4133119,uping,유핑,[골드라벨 2세대] 세미오버핏 크루넥 반팔 티셔츠,https://image.msscdn.net/images/goods_img/20240516/4133119/4133119_17466711404883_500.jpg,False
2024-09,M,001001,반소매 티셔츠,001,상의,16,1828020,camelwork,카멜워크,웨이크보드 반팔티셔츠(블랙),https://image.msscdn.net/images/goods_img/20210305/1828020/1828020_17846116483438_500.jpg,False
2024-09,M,001001,반소매 티셔츠,001,상의,17,3973556,untapped,언탭트 스튜디오,[3PACK]퓨어코튼 24수  롱기장 레이어드 무지 반팔 티셔츠,https://image.msscdn.net/images/goods_img/20240320/3973556/3973556_17657835585342_500.jpg,False
2024-09,M,001001,반소매 티셔츠,001,상의,18,4061334,nmx,언더오프,오버핏 크루넥 유니버시티 반팔 티셔츠 화이트블루,https://image.msscdn.net/images/goods_img/20240417/4061334/4061334_17153141839940_500.jpg,False
2024-09,M,001001,반소매 티셔츠,001,상의,19,2474511,musinsastandard,무신사 스탠다드,릴렉스 핏 크루 넥 반팔 티셔츠 2 [화이트],https://image.msscdn.net/images/goods_img/20220407/2474511/2474511_17515209370374_500.jpg,False
2024-09,M,001001,반소매 티셔츠,001,상의,20,3223006,brenson,브렌슨,( 2PACK ) 퓨어코튼 루즈핏 체인 반팔티,https://image.msscdn.net/images/goods_img/20230411/3223006/3223006_17152355560427_500.jpg,False
2024-09,M,001001,반소매 티셔츠,001,상의,21,4175458,likethemost,라이크더모스트,라이딩 바이크 오버 티셔츠 3colors,https://image.msscdn.net/images/goods_img/20240604/4175458/4175458_17174718249784_500.jpg,False
2024-09,M,001001,반소매 티셔츠,001,상의,22,2122566,musinsastandard,무신사 스탠다드,레이어드 크루 넥 반팔 티셔츠_일반 기장 2팩,https://image.msscdn.net/images/goods_img/20210910/2122566/2122566_17133406834875_500.jpg,False
2024-09,M,001001,반소매 티셔츠,001,상의,23,996497,musinsastandard,무신사 스탠다드,베이식 크루 넥 반팔 티셔츠 [화이트],https://image.msscdn.net/images/goods_img/20190327/996497/996497_17507502602097_500.jpg,False
2024-09,M,001001,반소매 티셔츠,001,상의,24,3879418,brownbreath,브라운브레스,TAG OG TEE - WHITE,https://image.msscdn.net/images/goods_img/20240219/3879418/3879418_17792374470558_500.jpg,False
2024-09,M,001001,반소매 티셔츠,001,상의,25,3118792,martinplan,마틴플랜,Answer Key Half T - WHITE,https://image.msscdn.net/images/goods_img/20230302/3118792/3118792_17180845441634_500.jpg,False
2024-09,M,001001,반소매 티셔츠,001,상의,26,3060324,dolphinwaveapparel,돌핀웨이브어패럴,[2PACK]돌핀 아치로고 티셔츠 화이트 블랙 2팩,https://image.msscdn.net/images/goods_img/20230204/3060324/3060324_17166968760300_500.jpg,False
2024-09,M,001001,반소매 티셔츠,001,상의,27,345889,fp142muji,페플,[2PACK] 더블코튼 무지반팔  2PACK KHST1011,https://image.msscdn.net/images/goods_img/20160429/345889/345889_17156464525677_500.jpg,False
2024-09,M,001001,반소매 티셔츠,001,상의,28,2611627,maisonmined,메종미네드,[4COLOR] SUPIMA U NECK,https://image.msscdn.net/images/goods_img/20220613/2611627/2611627_17558381877539_500.jpg,False
2024-09,M,001001,반소매 티셔츠,001,상의,29,4264561,ami,아미,레드 하트 로고 반소매 티셔츠 - 블랙 / BFUTS001724001,https://image.msscdn.net/images/goods_img/20240722/4264561/4264561_17224816098614_500.jpg,False
2024-09,M,001001,반소매 티셔츠,001,상의,30,1382658,musinsastandard,무신사 스탠다드,레이어드 크루 넥 반팔 티셔츠_긴 기장 [화이트],https://image.msscdn.net/images/goods_img/20200402/1382658/1382658_17048730367124_500.jpg,False
2024-09,M,001003,피케/카라 티셔츠,001,상의,1,4391214,unionblue,유니온블루,RUGBY MERINO POLO KNIT [CHARCOAL],https://image.msscdn.net/images/goods_img/20240902/4391214/4391214_17253508787344_500.jpg,False
2024-09,M,001003,피케/카라 티셔츠,001,상의,2,1387960,musinsastandard,무신사 스탠다드,베이식 피케 폴로 셔츠 [블랙],https://image.msscdn.net/images/goods_img/20200407/1387960/1387960_17507503016609_500.jpg,False
2024-09,M,001003,피케/카라 티셔츠,001,상의,3,4352979,adidas,아디다스,피케 풋볼 긴팔 티 - 미드그린 / IZ2446,https://image.msscdn.net/images/goods_img/20240821/4352979/4352979_17243032119424_500.jpg,False
2024-09,M,001003,피케/카라 티셔츠,001,상의,4,4375159,adidas,아디다스,럭비 폴로 셔츠 - 블랙 / IZ4806,https://image.msscdn.net/images/goods_img/20240827/4375159/4375159_17248303115071_500.jpg,False
2024-09,M,001003,피케/카라 티셔츠,001,상의,5,1498092,poloralphlauren,폴로 랄프 로렌,커스텀 슬림핏 메시 폴로 셔츠 - 블랙,https://image.msscdn.net/images/goods_img/20200626/1498092/1498092_2_500.jpg,False
2024-09,M,001003,피케/카라 티셔츠,001,상의,6,2389198,dimitriblack,디미트리블랙,ASI 스트라이프 럭비 맨투맨 티셔츠 그린/네이비,https://image.msscdn.net/images/goods_img/20220228/2389198/2389198_17522135025091_500.jpg,False
2024-09,M,001003,피케/카라 티셔츠,001,상의,7,1620273,poloralphlauren,폴로 랄프 로렌,커스텀 슬림핏 롱 슬리브 메시 폴로 - 블랙,https://image.msscdn.net/images/goods_img/20200923/1620273/1620273_2_500.jpg,False
2024-09,M,001003,피케/카라 티셔츠,001,상의,8,4291459,ami,아미,레드 하트 로고 반소매 폴로 셔츠 - 블랙 / BFUPL001760001,https://image.msscdn.net/images/goods_img/20240802/4291459/4291459_17240538483516_500.jpg,False
2024-09,M,001003,피케/카라 티셔츠,001,상의,9,4299296,untapped,언탭트 스튜디오,시티보이 오버핏 럭비 카라 맨투맨 스웻 티셔츠 4COLOR,https://image.msscdn.net/images/goods_img/20240806/4299296/4299296_17261233960748_500.jpg,False
2024-09,M,001003,피케/카라 티셔츠,001,상의,10,4375162,adidas,아디다스,럭비 폴로 셔츠 - 미드그린 / IZ2468,https://image.msscdn.net/images/goods_img/20240827/4375162/4375162_17248302336269_500.jpg,False
2024-09,M,001003,피케/카라 티셔츠,001,상의,11,4375161,adidas,아디다스,럭비 폴로 셔츠 - 화이트 / IZ2459,https://image.msscdn.net/images/goods_img/20240827/4375161/4375161_17248301977254_500.jpg,False
2024-09,M,001003,피케/카라 티셔츠,001,상의,12,3945969,poloralphlauren,폴로 랄프 로렌,아이코닉 럭비 셔츠 - 블루,https://image.msscdn.net/images/goods_img/20240313/3945969/3945969_17114441149063_500.jpg,False
2024-09,M,001003,피케/카라 티셔츠,001,상의,13,3273391,jeleve,제이엘브,스탠다드 머슬핏 카라티,https://image.msscdn.net/images/goods_img/20230503/3273391/3273391_17102125662096_500.jpg,False
2024-09,M,001003,피케/카라 티셔츠,001,상의,14,4320784,adidas,아디다스,맨체스터 유나이티드 롱슬리브 저지 - 블랙 / IS6522,https://image.msscdn.net/images/goods_img/20240812/4320784/4320784_17237714993246_500.jpg,False
2024-09,M,001003,피케/카라 티셔츠,001,상의,15,3052053,drawfit,드로우핏,오버사이즈 벌룬 피케 스웨트 셔츠 [BLACK],https://image.msscdn.net/images/goods_img/20230201/3052053/3052053_16753905569091_500.jpg,False
2024-09,M,001003,피케/카라 티셔츠,001,상의,16,3274144,ninez,나인제트,시그니처 코튼 머슬핏 카라티 NSPK01,https://image.msscdn.net/images/goods_img/20230503/3274144/3274144_17809819177876_500.jpg,False
2024-09,M,001003,피케/카라 티셔츠,001,상의,17,1387524,musinsastandard,무신사 스탠다드,슬릿 넥 피케 폴로 셔츠 [블랙],https://image.msscdn.net/images/goods_img/20200406/1387524/1387524_17181686942704_500.jpg,False
2024-09,M,001003,피케/카라 티셔츠,001,상의,18,4075061,nike,나이키,클럽 HBR 긴소매 폴로 플리스 M - 미드나이트 네이비:화이트 / FN3113-410,https://image.msscdn.net/images/goods_img/20240422/4075061/4075061_17138408107973_500.jpg,False
2024-09,M,001003,피케/카라 티셔츠,001,상의,19,3075261,musinsastandard,무신사 스탠다드,[쿨탠다드] 릴렉스 핏 피케 폴로 셔츠 [블랙],https://image.msscdn.net/images/goods_img/20230210/3075261/3075261_16895877432633_500.jpg,False
2024-09,M,001003,피케/카라 티셔츠,001,상의,20,1848789,poloralphlauren,폴로 랄프 로렌,커스텀 슬림핏 메시 폴로 셔츠 - 화이트,https://image.msscdn.net/images/goods_img/20210317/1848789/1848789_2_500.jpg,False
2024-09,M,001003,피케/카라 티셔츠,001,상의,21,4345011,thisisneverthat,디스이즈네버댓,Soccer Jersey Navy,https://image.msscdn.net/images/goods_img/20240820/4345011/4345011_17248232416495_500.jpg,False
2024-09,M,001003,피케/카라 티셔츠,001,상의,22,3299035,jeleve,제이엘브,[2PACK] 스탠다드 머슬핏 카라티,https://image.msscdn.net/images/goods_img/20230516/3299035/3299035_17151487278069_500.jpg,False
2024-09,M,001003,피케/카라 티셔츠,001,상의,23,3123598,guernseywoollens,건지 울른스,코튼 긴팔 카라 니트 - 네이비,https://image.msscdn.net/images/goods_img/20230306/3123598/3123598_17091155816264_500.jpg,False
2024-09,M,001003,피케/카라 티셔츠,001,상의,24,2019456,lengagement,랑가주망,클래식 코튼 피케 카라 티셔츠 [블랙],https://image.msscdn.net/images/goods_img/20210705/2019456/2019456_17841003793183_500.jpg,False
2024-09,M,001003,피케/카라 티셔츠,001,상의,25,4296095,noun,노운,stripe rugby shirts (pink),https://image.msscdn.net/images/goods_img/20240805/4296095/4296095_17234732284721_500.jpg,False
2024-09,M,001003,피케/카라 티셔츠,001,상의,26,4299361,partimento,파르티멘토,클래식 칼라 스트라이프 롱 슬리브 베이지,https://image.msscdn.net/images/goods_img/20240806/4299361/4299361_17237819772986_500.jpg,False
2024-09,M,001003,피케/카라 티셔츠,001,상의,27,4249927,ami,아미,레드 하트 로고 반소매 폴로 셔츠 - 나이트 블루 / BFUPL001760430,https://image.msscdn.net/images/goods_img/20240715/4249927/4249927_17231749073680_500.jpg,False
2024-09,M,001003,피케/카라 티셔츠,001,상의,28,1031260,lab12,랩12,25S/S 오버핏 피케티셔츠 (블랙),https://image.msscdn.net/images/goods_img/20190430/1031260/1031260_17163582756217_500.jpg,False
2024-09,M,001003,피케/카라 티셔츠,001,상의,29,4285815,untapped,언탭트 스튜디오,오버핏 케이블 카라 니트 3COLOR,https://image.msscdn.net/images/goods_img/20240731/4285815/4285815_17307814421798_500.jpg,False
2024-09,M,001003,피케/카라 티셔츠,001,상의,30,4375158,adidas,아디다스,럭비 폴로 셔츠 - 브라운 / IZ2469,https://image.msscdn.net/images/goods_img/20240827/4375158/4375158_17248302699443_500.jpg,False
2024-09,M,001006,니트/스웨터,001,상의,1,4325412,hooves,후브스,하이드 버튼 카라 니트 [멜란지그레이],https://image.msscdn.net/images/goods_img/20240813/4325412/4325412_17244056015297_500.jpg,False
2024-09,M,001006,니트/스웨터,001,상의,2,2684357,nomanual,노매뉴얼,CROPPED HAIRY KNIT - MELANGE,https://image.msscdn.net/images/goods_img/20220727/2684357/2684357_17237908061016_500.jpg,False
2024-09,M,001006,니트/스웨터,001,상의,3,4396330,unionblue,유니온블루,HARD TWIST CAMPER KNIT [DEEP BROWN],https://image.msscdn.net/images/goods_img/20240903/4396330/4396330_17253504875827_500.jpg,False
2024-09,M,001006,니트/스웨터,001,상의,4,2139775,minimalcode,미니멀코드,소프트 필링 세미오버 라운드 니트 초코브라운,https://image.msscdn.net/images/goods_img/20210917/2139775/2139775_17204066649792_500.jpg,False
2024-09,M,001006,니트/스웨터,001,상의,5,4274164,lemainsecond,리메인세컨드,오버핏 볼륨 워셔블 하프집업 케이블 니트 [네이비],https://image.msscdn.net/images/goods_img/20240725/4274164/4274164_17229341280493_500.jpg,False
2024-09,M,001006,니트/스웨터,001,상의,6,3481826,musinsastandard,무신사 스탠다드,리브드 니트 후디드 집업 [미디엄 그레이],https://image.msscdn.net/images/goods_img/20230821/3481826/3481826_17086552674504_500.jpg,False
2024-09,M,001006,니트/스웨터,001,상의,7,3927583,suare,수아레,워셔블 케이블 반팔 니트 - 14 COLOR,https://image.msscdn.net/images/goods_img/20240306/3927583/3927583_17791544001352_500.jpg,False
2024-09,M,001006,니트/스웨터,001,상의,8,4388024,theknitcompany,더니트컴퍼니,[패션플래닛X더니트컴퍼니] 워셔블 코튼 크루넥 니트 12color,https://image.msscdn.net/images/goods_img/20240830/4388024/4388024_17258834972522_500.jpg,False
2024-09,M,001006,니트/스웨터,001,상의,9,3640949,trillion,트릴리온,워셔블 아란 케이블 후드 집업 니트 (CHARCOAL),https://image.msscdn.net/images/goods_img/20231019/3640949/3640949_17170490257806_500.jpg,False
2024-09,M,001006,니트/스웨터,001,상의,10,4305965,drawfit,드로우핏,코지드 브이넥 풀오버 니트 [L.GREY],https://image.msscdn.net/images/goods_img/20240807/4305965/4305965_17568577823662_500.jpg,False
2024-09,M,001006,니트/스웨터,001,상의,11,3877567,poloralphlauren,폴로 랄프 로렌,[Crest Capsule] 롱슬리브 풀오버 니트- 블루,https://image.msscdn.net/images/goods_img/20240216/3877567/3877567_17097140393607_500.jpg,False
2024-09,M,001006,니트/스웨터,001,상의,12,2684358,nomanual,노매뉴얼,CROPPED HAIRY KNIT - GRASS GREEN,https://image.msscdn.net/images/goods_img/20220727/2684358/2684358_17237907080769_500.jpg,False
2024-09,M,001006,니트/스웨터,001,상의,13,4278935,lmood,엘무드,밀라노 울 코튼 라운드넥 풀오버 니트 ( 5 COLOR ),https://image.msscdn.net/images/goods_img/20240729/4278935/4278935_17283569219323_500.jpg,False
2024-09,M,001006,니트/스웨터,001,상의,14,3781655,costumeoclock,커스텀어클락,[2PACK]라운드 피셔맨 세미 크롭 니트 11COLOR COOSKT050,https://image.msscdn.net/images/goods_img/20240108/3781655/3781655_17871992636861_500.jpg,False
2024-09,M,001006,니트/스웨터,001,상의,15,4323248,alyss,알리스,[오정규X알리스] 그라데이션 하찌 라운드 니트 [그레이시블루],https://image.msscdn.net/images/goods_img/20240813/4323248/4323248_17258474110909_500.jpg,False
2024-09,M,001006,니트/스웨터,001,상의,16,4323246,alyss,알리스,[오정규X알리스] 그라데이션 하찌 라운드 니트 [블랙],https://image.msscdn.net/images/goods_img/20240813/4323246/4323246_17344133085756_500.jpg,False
2024-09,M,001006,니트/스웨터,001,상의,17,3773703,outstanding,아웃스탠딩,RAGLAN CREW NECK KNIT_BLACK,https://image.msscdn.net/images/goods_img/20240103/3773703/3773703_17875370337533_500.jpg,False
2024-09,M,001006,니트/스웨터,001,상의,18,3039153,poloralphlauren,폴로 랄프 로렌,케이블 니트 코튼 스웨터 - 블랙,https://image.msscdn.net/images/goods_img/20230126/3039153/3039153_16764213820086_500.jpg,False
2024-09,M,001006,니트/스웨터,001,상의,19,2723764,suare,수아레,하찌 카라 투웨이 집업 니트 - 6 COLOR,https://image.msscdn.net/images/goods_img/20220818/2723764/2723764_17580745068789_500.jpg,False
2024-09,M,001006,니트/스웨터,001,상의,20,3451265,nomanual,노매뉴얼,CROPPED HAIRY KNIT - MARINA,https://image.msscdn.net/images/goods_img/20230808/3451265/3451265_17237901730960_500.jpg,False
2024-09,M,001006,니트/스웨터,001,상의,21,4305956,drawfit,드로우핏,코지드 브이넥 풀오버 니트 [BLACK],https://image.msscdn.net/images/goods_img/20240807/4305956/4305956_17568578192790_500.jpg,False
2024-09,M,001006,니트/스웨터,001,상의,22,4280128,nomanual,노매뉴얼,COWICHAN HOODED ZIP-UP - NAVY,https://image.msscdn.net/images/goods_img/20240729/4280128/4280128_17563562610407_500.jpg,False
2024-09,M,001006,니트/스웨터,001,상의,23,2091651,poloralphlauren,폴로 랄프 로렌,케이블니트 코튼 스웨터 - 브라운,https://image.msscdn.net/images/goods_img/20210826/2091651/2091651_2_500.jpg,False
2024-09,M,001006,니트/스웨터,001,상의,24,3039155,poloralphlauren,폴로 랄프 로렌,케이블 니트 울 캐시미어 스웨터 - 블루,https://image.msscdn.net/images/goods_img/20230126/3039155/3039155_16764213495505_500.jpg,False
2024-09,M,001006,니트/스웨터,001,상의,25,3442674,supersub,슈퍼서브,THUNDER  브러쉬드 니트 - 네이비,https://image.msscdn.net/images/goods_img/20230803/3442674/3442674_16916730486572_500.jpg,False
2024-09,M,001006,니트/스웨터,001,상의,26,3995707,filluminate,필루미네이트,히든 데미지드 펀칭 라운드 니트-4Color,https://image.msscdn.net/images/goods_img/20240327/3995707/3995707_17156577299119_500.jpg,False
2024-09,M,001006,니트/스웨터,001,상의,27,3495320,suare,수아레,[SET] 스테디 니트 세트,https://image.msscdn.net/images/goods_img/20230824/3495320/3495320_17169653059246_500.jpg,False
2024-09,M,001006,니트/스웨터,001,상의,28,2757451,knitted,니티드,[니티드X깡스타일리스트] 코튼 미니멀 라운드 니트 BLACK,https://image.msscdn.net/images/goods_img/20220831/2757451/2757451_17887596768191_500.jpg,False
2024-09,M,001006,니트/스웨터,001,상의,29,3904799,suare,수아레,워셔블 에센셜 쿨 니트 - 17 COLOR,https://image.msscdn.net/images/goods_img/20240227/3904799/3904799_17152336564181_500.jpg,False
2024-09,M,001006,니트/스웨터,001,상의,30,1628939,musinsastandard,무신사 스탠다드,미니멀 크루 넥 니트 [블랙],https://image.msscdn.net/images/goods_img/20200928/1628939/1628939_17509083037775_500.jpg,False
2024-09,M,001011,민소매 티셔츠,001,상의,1,4148441,bowlow,바우로 프로덕트,리브드 로고 슬리브리스 [블랙],https://image.msscdn.net/images/goods_img/20240522/4148441/4148441_17163625167792_500.jpg,False
2024-09,M,001011,민소매 티셔츠,001,상의,2,4148465,bowlow,바우로 프로덕트,리브드 로고 슬리브리스 [아이보리],https://image.msscdn.net/images/goods_img/20240522/4148465/4148465_17163627271968_500.jpg,False
2024-09,M,001011,민소매 티셔츠,001,상의,3,2005542,bronson,브론슨,10.5 oz Cotton Tank Top,https://image.msscdn.net/images/goods_img/20210622/2005542/2005542_17761449719794_500.jpg,False
2024-09,M,001011,민소매 티셔츠,001,상의,4,4148431,bowlow,바우로 프로덕트,리브드 로고 슬리브리스 [그레이],https://image.msscdn.net/images/goods_img/20240522/4148431/4148431_17163622368551_500.jpg,False
2024-09,M,001011,민소매 티셔츠,001,상의,5,2086660,musinsastandard,무신사 스탠다드,레이어드 슬리브리스 탑_일반 기장 [화이트],https://image.msscdn.net/images/goods_img/20210825/2086660/2086660_17048492714259_500.jpg,False
2024-09,M,001011,민소매 티셔츠,001,상의,6,4187567,bowlow,바우로 프로덕트,리브드 패턴 슬리브리스 [블랙],https://image.msscdn.net/images/goods_img/20240610/4187567/4187567_17180105716156_500.jpg,False
2024-09,M,001011,민소매 티셔츠,001,상의,7,3859446,musinsastandard,무신사 스탠다드,스쿱 넥 슬리브리스 탑 [화이트],https://image.msscdn.net/images/goods_img/20240208/3859446/3859446_17147004001866_500.jpg,False
2024-09,M,001011,민소매 티셔츠,001,상의,8,2445153,51percent,51퍼센트,Irregular Logo embroidery Logo Sleeveless - BLACK,https://image.msscdn.net/images/goods_img/20220325/2445153/2445153_17446121911849_500.jpg,False
2024-09,M,001011,민소매 티셔츠,001,상의,9,1852718,pianer,피아네르,[2 PACK] 레이어드 트임 나시 (2color),https://image.msscdn.net/images/goods_img/20210318/1852718/1852718_17158436415816_500.jpg,False
2024-09,M,001011,민소매 티셔츠,001,상의,10,3859445,musinsastandard,무신사 스탠다드,스쿱 넥 슬리브리스 탑 [블랙],https://image.msscdn.net/images/goods_img/20240208/3859445/3859445_17147000446482_500.jpg,False
2024-09,M,001011,민소매 티셔츠,001,상의,11,2122564,musinsastandard,무신사 스탠다드,레이어드 슬리브리스 탑_일반 기장 2팩,https://image.msscdn.net/images/goods_img/20210910/2122564/2122564_17133411609203_500.jpg,False
2024-09,M,001011,민소매 티셔츠,001,상의,12,4077910,danswer,디앤에스알,메탈 로고 슬리브리스 블랙,https://image.msscdn.net/images/goods_img/20240423/4077910/4077910_17138765985508_500.jpg,False
2024-09,M,001011,민소매 티셔츠,001,상의,13,4187572,bowlow,바우로 프로덕트,리브드 패턴 슬리브리스 [아이보리],https://image.msscdn.net/images/goods_img/20240610/4187572/4187572_17180107896093_500.jpg,False
2024-09,M,001011,민소매 티셔츠,001,상의,14,3112617,malden,몰든,에어리즈 슬리브리스,https://image.msscdn.net/images/goods_img/20230228/3112617/3112617_17721087221169_500.jpg,False
2024-09,M,001011,민소매 티셔츠,001,상의,15,3855094,borntowin,본투윈,B PENDANT RIBBED SLEEVELESS [BLACK],https://image.msscdn.net/images/goods_img/20240207/3855094/3855094_17732919639260_500.jpg,False
2024-09,M,001011,민소매 티셔츠,001,상의,16,4216823,physicalgarments,피지컬가먼츠,P2447 절개 골지 슬림 나시 [2 COLOR],https://image.msscdn.net/images/goods_img/20240625/4216823/4216823_17200709972787_500.jpg,False
2024-09,M,001011,민소매 티셔츠,001,상의,17,4074761,fabregat,파브레가,오가닉 코튼 슬리브리스 (3COLOR),https://image.msscdn.net/images/goods_img/20240422/4074761/4074761_17391729185950_500.jpg,False
2024-09,M,001011,민소매 티셔츠,001,상의,18,1466055,musinsastandardsp,무신사 스탠다드 스포츠,[쿨탠스] 벤틸레이션 슬리브리스 (4color),https://image.msscdn.net/images/goods_img/20200528/1466055/1466055_17488344127454_500.jpg,False
2024-09,M,001011,민소매 티셔츠,001,상의,19,2445109,51percent,51퍼센트,Irregular Logo embroidery Logo Sleeveless - White,https://image.msscdn.net/images/goods_img/20220325/2445109/2445109_17573184842125_500.jpg,False
2024-09,M,001011,민소매 티셔츠,001,상의,20,4077919,danswer,디앤에스알,메탈 로고 슬리브리스 화이트,https://image.msscdn.net/images/goods_img/20240423/4077919/4077919_17471096237940_500.jpg,False
2024-09,M,001011,민소매 티셔츠,001,상의,21,3046709,kiimuir,키뮤어,이레귤러 스트라이프 니트 베스트_5 COLOR,https://image.msscdn.net/images/goods_img/20230130/3046709/3046709_17156531855077_500.jpg,False
2024-09,M,001011,민소매 티셔츠,001,상의,22,3964300,freedomathletic,프리덤,글로브 슬리브리스 (블랙),https://image.msscdn.net/images/goods_img/20240318/3964300/3964300_17521985911276_500.jpg,False
2024-09,M,001011,민소매 티셔츠,001,상의,23,2086661,musinsastandard,무신사 스탠다드,레이어드 슬리브리스 탑_일반 기장 [블랙],https://image.msscdn.net/images/goods_img/20210825/2086661/2086661_17048491184707_500.jpg,False
2024-09,M,001011,민소매 티셔츠,001,상의,24,3365114,taille,타일레,INSIGNIA RIB SLEEVELESS TOP CREAM,https://image.msscdn.net/images/goods_img/20230614/3365114/3365114_16872216361233_500.jpg,False
2024-09,M,001011,민소매 티셔츠,001,상의,25,1402327,brenson,브렌슨,[2PACK] 레이어드 롱 슬리브리스,https://image.msscdn.net/images/goods_img/20200413/1402327/1402327_17495405930713_500.jpg,False
2024-09,M,001011,민소매 티셔츠,001,상의,26,4027830,taille,타일레,INSIGNIA RIB SLEEVELESS TOP GREY MELANGE,https://image.msscdn.net/images/goods_img/20240404/4027830/4027830_17128801700638_500.jpg,False
2024-09,M,001011,민소매 티셔츠,001,상의,27,4037094,hadex,에이치덱스,매쉬 풋볼 슬리브리스 (Black),https://image.msscdn.net/images/goods_img/20240408/4037094/4037094_17133415802705_500.jpg,False
2024-09,M,001011,민소매 티셔츠,001,상의,28,3201548,brenson,브렌슨,ACHROMATIC_ 레이어드 슬리브리스 ( 2Color ),https://image.msscdn.net/images/goods_img/20230403/3201548/3201548_17159101904546_500.jpg,False
2024-09,M,001011,민소매 티셔츠,001,상의,29,4071265,goyowear,고요웨어,디비전 아스킨 슬리브리스 (블랙),https://image.msscdn.net/images/goods_img/20240420/4071265/4071265_17467726346670_500.jpg,False
2024-09,M,001011,민소매 티셔츠,001,상의,30,3855092,borntowin,본투윈,B PENDANT RIBBED SLEEVELESS [WHITE],https://image.msscdn.net/images/goods_img/20240207/3855092/3855092_17732910872585_500.jpg,False
2024-09,M,001008,기타 상의,001,상의,1,4198713,nike,나이키,솔로 스우시 쿼터집 탑 M - 썬더 블루:화이트 / DQ5210-437,https://image.msscdn.net/images/goods_img/20240614/4198713/4198713_17186151308394_500.jpg,False
2024-09,M,001008,기타 상의,001,상의,2,3834985,hooves,후브스,플러 반 집업 카라 스웻 [네이비],https://image.msscdn.net/images/goods_img/20240131/3834985/3834985_17077903245289_500.jpg,False
2024-09,M,001008,기타 상의,001,상의,3,4012437,nike,나이키,ACG 드라이 핏 UV  데버스테이션 트레일  탑 M - 블랙:서밋 화이트 / DN3937-010,https://image.msscdn.net/images/goods_img/20240401/4012437/4012437_17128170930455_500.jpg,False
2024-09,M,001008,기타 상의,001,상의,4,3584689,nautica,노티카,83플래그 폴라 하프집업(네이비),https://image.msscdn.net/images/goods_img/20230921/3584689/3584689_17891030125322_500.jpg,False
2024-09,M,001008,기타 상의,001,상의,5,2660719,1993studio,1993스튜디오,빈티지 반 집업_블랙,https://image.msscdn.net/images/goods_img/20220712/2660719/2660719_1_500.jpg,False
2024-09,M,001008,기타 상의,001,상의,6,3968746,desporte,데스포르치,클래식 트레이닝탑 2 (GRAY/BLUE),https://image.msscdn.net/images/goods_img/20240319/3968746/3968746_17108385738764_500.jpg,False
2024-09,M,001008,기타 상의,001,상의,7,4407685,1993studio,1993스튜디오,[FC서울] 그래픽 트랙 하프 집업 스웨트 셔츠_블랙,https://image.msscdn.net/images/goods_img/20240905/4407685/4407685_17258445983130_500.jpg,False
2024-09,M,001008,기타 상의,001,상의,8,2054385,1993studio,1993스튜디오,빈티지 반 집업_네이비,https://image.msscdn.net/images/goods_img/20210809/2054385/2054385_4_500.jpg,False
2024-09,M,001008,기타 상의,001,상의,9,2889367,ninetyplus,나인티플러스,컴뱃 쿨링 트레이닝 하프집업 V2 - 블랙,https://image.msscdn.net/images/goods_img/20221025/2889367/2889367_16836181511776_500.jpg,False
2024-09,M,001008,기타 상의,001,상의,10,2372710,sovermentwithlomort,소버먼트,860G 피그먼트 하프 짚업-챠콜-,https://image.msscdn.net/images/goods_img/20220221/2372710/2372710_17243908846193_500.jpg,False
2024-09,M,001008,기타 상의,001,상의,11,3066555,crump,크럼프,크롬 우븐 피스테 [블랙],https://image.msscdn.net/images/goods_img/20230208/3066555/3066555_16759964271818_500.jpg,False
2024-09,M,001008,기타 상의,001,상의,12,1560932,1993studio,1993스튜디오,빈티지 반 집업_그레이,https://image.msscdn.net/images/goods_img/20200824/1560932/1560932_17050197827178_500.jpg,False
2024-09,M,001008,기타 상의,001,상의,13,3035502,romanticcrown,로맨틱크라운,와플 엠보 터틀넥_네이비,https://image.msscdn.net/images/goods_img/20230120/3035502/3035502_16746335930895_500.jpg,False
2024-09,M,001008,기타 상의,001,상의,14,3584690,nautica,노티카,83플래그 폴라 하프집업(크림),https://image.msscdn.net/images/goods_img/20230921/3584690/3584690_17278565370934_500.jpg,False
2024-09,M,001008,기타 상의,001,상의,15,2660716,1993studio,1993스튜디오,빈티지 반 집업_라이트그레이,https://image.msscdn.net/images/goods_img/20220712/2660716/2660716_1_500.jpg,False
2024-09,M,001008,기타 상의,001,상의,16,3038134,peregrine,페레그린,포켓 플리스 하프집 네이비 / MWJ 315,https://image.msscdn.net/images/goods_img/20230125/3038134/3038134_16757351992054_500.jpg,False
2024-09,M,001008,기타 상의,001,상의,17,4423657,hadex,에이치덱스,액티브 에센셜 하프 집업 (Black),https://image.msscdn.net/images/goods_img/20240910/4423657/4423657_17876236630916_500.jpg,False
2024-09,M,001008,기타 상의,001,상의,18,2859239,lengagement,랑가주망,아치 로고 하프 집업 스트링 맨투맨 [네이비],https://image.msscdn.net/images/goods_img/20221013/2859239/2859239_17107481571746_500.jpg,False
2024-09,M,001008,기타 상의,001,상의,19,3056107,musinsastandardsp,무신사 스탠다드 스포츠,[쿨탠스] 짐 베이스 레이어 숏 슬리브 (2color),https://image.msscdn.net/images/goods_img/20230202/3056107/3056107_17355431372679_500.jpg,False
2024-09,M,001008,기타 상의,001,상의,20,2054397,1993studio,1993스튜디오,빈티지 반 집업_차콜,https://image.msscdn.net/images/goods_img/20210809/2054397/2054397_17050199103603_500.jpg,False
2024-09,M,001008,기타 상의,001,상의,21,4322628,covernat,커버낫,스몰 C 로고 코듀로이 하프 집업 네이비,https://image.msscdn.net/images/goods_img/20240812/4322628/4322628_17260442251184_500.jpg,False
2024-09,M,001008,기타 상의,001,상의,22,3871035,paperboy,페이퍼보이,스포츠클럽 하프집업-화이트멜란지,https://image.msscdn.net/images/goods_img/20240215/3871035/3871035_17079651686046_500.jpg,False
2024-09,M,001008,기타 상의,001,상의,23,3864716,iey,이에이,MULTI ZIP-UP SWEATER SHIRT Black,https://image.msscdn.net/images/goods_img/20240213/3864716/3864716_17079643034241_500.jpg,False
2024-09,M,001008,기타 상의,001,상의,24,2660715,1993studio,1993스튜디오,빈티지 반 집업_다크그린,https://image.msscdn.net/images/goods_img/20220712/2660715/2660715_1_500.jpg,False
2024-09,M,001008,기타 상의,001,상의,25,4343234,not4nerd,낫포너드,Cut Off Offshoot Logo High Neck Quarter Zip Up - Black,https://image.msscdn.net/images/goods_img/20240819/4343234/4343234_17322579705936_500.jpg,False
2024-09,M,001008,기타 상의,001,상의,26,3511804,sunlove,썬러브,Lovers Golf Pullover Light Grey,https://image.msscdn.net/images/goods_img/20230829/3511804/3511804_16933877752792_500.jpg,False
2024-09,M,001008,기타 상의,001,상의,27,3760011,gainsboro,게인스보로,[패키지]로럴골든 하프집업_5COLOR,https://image.msscdn.net/images/goods_img/20231219/3760011/3760011_17192747575955_500.jpg,False
2024-09,M,001008,기타 상의,001,상의,28,3871062,paperboy,페이퍼보이,스포츠클럽 하프집업-네이비,https://image.msscdn.net/images/goods_img/20240215/3871062/3871062_17079654675725_500.jpg,False
2024-09,M,001008,기타 상의,001,상의,29,3518838,oddstudio,오드스튜디오,스트라이크 스포티 풋볼 롱 슬리브 - BLACK,https://image.msscdn.net/images/goods_img/20230831/3518838/3518838_17453828053225_500.jpg,False
2024-09,M,001008,기타 상의,001,상의,30,3584688,nautica,노티카,83플래그 폴라 하프집업(그린),https://image.msscdn.net/images/goods_img/20230921/3584688/3584688_16964941381158_500.jpg,False
2024-09,M,002,아우터,,,1,3783092,dimitriblack,디미트리블랙,ASI 포시즌 에센셜 피그먼트 후드집업_차콜 그레이,https://image.msscdn.net/images/goods_img/20240109/3783092/3783092_17708794030062_500.jpg,False
2024-09,M,002,아우터,,,2,3390508,standarderror,스탠다드에러,87-STAN009  스탠다드 블루종 스웨이드 자켓 블랙,https://image.msscdn.net/images/goods_img/20230630/3390508/3390508_17551524634252_500.jpg,False
2024-09,M,002,아우터,,,3,1778404,toffee,토피,2WAY 스웻 후드 집업 (MELANGE GREY),https://image.msscdn.net/images/goods_img/20210204/1778404/1778404_1_500.jpg,False
2024-09,M,002,아우터,,,4,1558197,musinsastandard,무신사 스탠다드,릴렉스드 베이식 블레이저 [블랙],https://image.msscdn.net/images/goods_img/20200820/1558197/1558197_17791521338764_500.jpg,False
2024-09,M,002,아우터,,,5,3390511,standarderror,스탠다드에러,87-STAN009 스탠다드 블루종 스웨이드 자켓 카키,https://image.msscdn.net/images/goods_img/20230630/3390511/3390511_17551525806450_500.jpg,False
2024-09,M,002,아우터,,,6,3783094,dimitriblack,디미트리블랙,ASI 포시즌 에센셜 스웻 후드집업_멜란지,https://image.msscdn.net/images/goods_img/20240109/3783094/3783094_17752015012983_500.jpg,False
2024-09,M,002,아우터,,,7,4278894,lmood,엘무드,비숍 울 알파카 크루넥 가디건 진저 브라운,https://image.msscdn.net/images/goods_img/20240729/4278894/4278894_17592096155283_500.png,False
2024-09,M,002,아우터,,,8,3622977,trillion,트릴리온,페이드 워싱 바이커 데님 자켓 (BLACK),https://image.msscdn.net/images/goods_img/20231012/3622977/3622977_16977691200340_500.jpg,False
2024-09,M,002,아우터,,,9,1283757,musinsastandard,무신사 스탠다드,오버사이즈 블레이저 [블랙],https://image.msscdn.net/images/goods_img/20200130/1283757/1283757_17514309817123_500.jpg,False
2024-09,M,002,아우터,,,10,3563185,adidas,아디다스,파이어버드 트랙탑 - 블랙 / IJ7058,https://image.msscdn.net/images/goods_img/20230915/3563185/3563185_16950017775747_500.jpg,False
2024-09,M,002,아우터,,,11,3783677,drawfit,드로우핏,헤리티지 헌팅 블루종 자켓 [KHAKI],https://image.msscdn.net/images/goods_img/20240109/3783677/3783677_17254157464100_500.jpg,False
2024-09,M,002,아우터,,,12,1790383,trillion,트릴리온,워싱 스티치 데님자켓 (BLACK),https://image.msscdn.net/images/goods_img/20210210/1790383/1790383_2_500.jpg,False
2024-09,M,002,아우터,,,13,4287413,trillion,트릴리온,코듀로이 카라 데님 집업 워크 자켓 (BLACK),https://image.msscdn.net/images/goods_img/20240731/4287413/4287413_17228544866344_500.jpg,False
2024-09,M,002,아우터,,,14,3094153,espionage,에스피오나지,Hunting Blouson Jacket Olive,https://image.msscdn.net/images/goods_img/20230220/3094153/3094153_16771294572861_500.jpg,False
2024-09,M,002,아우터,,,15,2837405,matinkim,마뗑킴,MATIN KIM LOGO COATING JUMPER,https://image.msscdn.net/images/goods_img/20221004/2837405/2837405_1_500.jpg,False
2024-09,M,002,아우터,,,16,2723218,dimitriblack,디미트리블랙,ASI 2WAY 어센틱 후드 윈드브레이커 자켓_블랙,https://image.msscdn.net/images/goods_img/20220817/2723218/2723218_17603312716294_500.jpg,False
2024-09,M,002,아우터,,,17,3588413,adidas,아디다스,베켄바우어 트랙탑 - 블랙:화이트 / II5763,https://image.msscdn.net/images/goods_img/20230922/3588413/3588413_16957743454348_500.jpg,False
2024-09,M,002,아우터,,,18,1108007,musinsastandard,무신사 스탠다드,베이식 블레이저 [블랙],https://image.msscdn.net/images/goods_img/20190802/1108007/1108007_17896970765683_500.jpg,False
2024-09,M,002,아우터,,,19,4249931,ami,아미,레드 하트 로고 가디건 - 블랙 / BFHKC001001001,https://image.msscdn.net/images/goods_img/20240715/4249931/4249931_17212892810569_500.jpg,False
2024-09,M,002,아우터,,,20,4305404,drawfit,드로우핏,콘트라스트 워크 트러커 자켓 [D.GREY],https://image.msscdn.net/images/goods_img/20240807/4305404/4305404_17236128988610_500.jpg,False
2024-09,M,002,아우터,,,21,3503945,espionage,에스피오나지,Washed Canvas Blouson Jacket Charcoal Navy,https://image.msscdn.net/images/goods_img/20230828/3503945/3503945_16934498398540_500.jpg,False
2024-09,M,002,아우터,,,22,4369047,frizmworks,프리즘웍스,DESTROYED COWHIDE LEATHER JACKET _ WASHED BLACK,https://image.msscdn.net/images/goods_img/20240826/4369047/4369047_17247594980414_500.jpg,False
2024-09,M,002,아우터,,,23,4346922,doffjason,도프제이슨,[리뉴얼] 오버핏 풀업 스웨이드 싱글 자켓 모카,https://image.msscdn.net/images/goods_img/20240820/4346922/4346922_17249831351015_500.jpg,False
2024-09,M,002,아우터,,,24,4323347,alyss,알리스,[오정규X알리스] 콘트라스트 집업 워크 자켓 [워시드블랙],https://image.msscdn.net/images/goods_img/20240813/4323347/4323347_17258474866016_500.jpg,False
2024-09,M,002,아우터,,,25,3440440,costumeoclock,커스텀어클락,[2PACK] 소프트 베이직 가디건 COOSCD001CD020,https://image.msscdn.net/images/goods_img/20230801/3440440/3440440_17585191785388_500.jpg,False
2024-09,M,002,아우터,,,26,1296803,knitted,니티드,안티필링 볼륨 와플 가디건 NAVY,https://image.msscdn.net/images/goods_img/20200207/1296803/1296803_17241390378653_500.jpg,False
2024-09,M,002,아우터,,,27,2572705,nonblank,넌블랭크,[SAINT YEAR] 세미 오버 핏 셋업 수트_GREY,https://image.msscdn.net/images/goods_img/20220520/2572705/2572705_17769899182977_500.jpg,False
2024-09,M,002,아우터,,,28,4282754,arcteryx,아크테릭스,아톰 후디 남성 - BLACK / AJOFMX7487,https://image.msscdn.net/images/goods_img/20240730/4282754/4282754_17240339699235_500.jpg,False
2024-09,M,002,아우터,,,29,3046279,outstanding,아웃스탠딩,SELVEDGE DENIM 2ND JACKET_INDIGO,https://image.msscdn.net/images/goods_img/20230130/3046279/3046279_17684404870062_500.jpg,False
2024-09,M,002,아우터,,,30,3881570,millo,밀로 아카이브,크롭 무브 가디건 [레드],https://image.msscdn.net/images/goods_img/20240219/3881570/3881570_17084242695126_500.jpg,False
2024-09,M,002022,후드 집업,002,아우터,1,3783092,dimitriblack,디미트리블랙,ASI 포시즌 에센셜 피그먼트 후드집업_차콜 그레이,https://image.msscdn.net/images/goods_img/20240109/3783092/3783092_17708794030062_500.jpg,False
2024-09,M,002022,후드 집업,002,아우터,2,1778404,toffee,토피,2WAY 스웻 후드 집업 (MELANGE GREY),https://image.msscdn.net/images/goods_img/20210204/1778404/1778404_1_500.jpg,False
2024-09,M,002022,후드 집업,002,아우터,3,3783094,dimitriblack,디미트리블랙,ASI 포시즌 에센셜 스웻 후드집업_멜란지,https://image.msscdn.net/images/goods_img/20240109/3783094/3783094_17752015012983_500.jpg,False
2024-09,M,002022,후드 집업,002,아우터,4,3872395,coor,쿠어,가먼트 다잉 에센셜 후드 집업 (워시드차콜),https://image.msscdn.net/images/goods_img/20240215/3872395/3872395_17388943980391_500.jpg,False
2024-09,M,002022,후드 집업,002,아우터,5,3807577,dimitriblack,디미트리블랙,페이드워싱 OG 데님 후드 집업_그레이,https://image.msscdn.net/images/goods_img/20240118/3807577/3807577_17496946652621_500.jpg,False
2024-09,M,002022,후드 집업,002,아우터,6,2105470,sovermentwithlomort,소버먼트,980G 피그먼트 컷 후디 집업-차콜-,https://image.msscdn.net/images/goods_img/20210902/2105470/2105470_17631074294899_500.jpg,False
2024-09,M,002022,후드 집업,002,아우터,7,3046707,kiimuir,키뮤어,커브드 오버핏 빅카라 집업_블랙,https://image.msscdn.net/images/goods_img/20230130/3046707/3046707_16914837450587_500.jpg,False
2024-09,M,002022,후드 집업,002,아우터,8,1778408,toffee,토피,2WAY 스웻 후드 집업 (BLACK),https://image.msscdn.net/images/goods_img/20210204/1778408/1778408_17168650383792_500.jpg,False
2024-09,M,002022,후드 집업,002,아우터,9,3853481,partimento,파르티멘토,VTG 워시드 워크 후드 집업 브라운,https://image.msscdn.net/images/goods_img/20240207/3853481/3853481_17072797603892_500.jpg,False
2024-09,M,002022,후드 집업,002,아우터,10,2712417,filluminate,필루미네이트,투웨이 에센셜 후드 집업-그레이,https://image.msscdn.net/images/goods_img/20220811/2712417/2712417_16963910031844_500.jpg,False
2024-09,M,002022,후드 집업,002,아우터,11,947088,musinsastandard,무신사 스탠다드,후디드 스웨트 집업 [멜란지 그레이],https://image.msscdn.net/images/goods_img/20190201/947088/947088_17217964884017_500.jpg,False
2024-09,M,002022,후드 집업,002,아우터,12,3493840,toffee,토피,투웨이 피그먼트 스웻 후드 집업 (CHARCOAL),https://image.msscdn.net/images/goods_img/20230824/3493840/3493840_16940476797974_500.jpg,False
2024-09,M,002022,후드 집업,002,아우터,13,2712419,filluminate,필루미네이트,투웨이 에센셜 후드 집업-블랙,https://image.msscdn.net/images/goods_img/20220811/2712419/2712419_16963910286065_500.jpg,False
2024-09,M,002022,후드 집업,002,아우터,14,4009102,venhit,벤힛,[벤힛x크로스드레슬리]VC스타 로고 레글런 후드집업,https://image.msscdn.net/images/goods_img/20240401/4009102/4009102_17872983889950_500.jpg,False
2024-09,M,002022,후드 집업,002,아우터,15,3452584,yeseyesee,예스아이씨,Y.E.S Snail Logo Zip-up Hoodie Navy,https://image.msscdn.net/images/goods_img/20230808/3452584/3452584_17560999856551_500.jpg,False
2024-09,M,002022,후드 집업,002,아우터,16,1778406,toffee,토피,2WAY 스웻 후드 집업 (CHARCOAL),https://image.msscdn.net/images/goods_img/20210204/1778406/1778406_1_500.jpg,False
2024-09,M,002022,후드 집업,002,아우터,17,3697526,compagno,꼼파뇨,[2-WAY] 슬리브 스타 피그먼트 후드 집업 스모크블랙,https://image.msscdn.net/images/goods_img/20231108/3697526/3697526_17002041370481_500.jpg,False
2024-09,M,002022,후드 집업,002,아우터,18,3783086,dimitriblack,디미트리블랙,VLAD TYPE-B 아트웍 자수 후드 집업_네이비,https://image.msscdn.net/images/goods_img/20240109/3783086/3783086_17522139189695_500.jpg,False
2024-09,M,002022,후드 집업,002,아우터,19,4081482,trillion,트릴리온,도밍고 피그먼트 2WAY 스웨트 후드 집업 (CHARCOAL),https://image.msscdn.net/images/goods_img/20240424/4081482/4081482_17170469900309_500.jpg,False
2024-09,M,002022,후드 집업,002,아우터,20,3845731,trillion,트릴리온,에센셜 2WAY 스웨트 후드 집업 (MELANGE GRAY),https://image.msscdn.net/images/goods_img/20240205/3845731/3845731_17083253869123_500.jpg,False
2024-09,M,002022,후드 집업,002,아우터,21,2831374,poloralphlauren,폴로 랄프 로렌,코튼 풀집 후디 - 네이비,https://image.msscdn.net/images/goods_img/20220930/2831374/2831374_2_500.jpg,False
2024-09,M,002022,후드 집업,002,아우터,22,3783093,dimitriblack,디미트리블랙,ASI 포시즌 에센셜 피그먼트 후드집업_네이비,https://image.msscdn.net/images/goods_img/20240109/3783093/3783093_17223302234469_500.png,False
2024-09,M,002022,후드 집업,002,아우터,23,3550811,bronson,브론슨,17.5 oz Terry Cloth 2Way Zip-Up Hoodie Kr Ver. Black,https://image.msscdn.net/images/goods_img/20230911/3550811/3550811_17556606075839_500.jpg,False
2024-09,M,002022,후드 집업,002,아우터,24,2831373,poloralphlauren,폴로 랄프 로렌,코튼 풀집 후디 - 블랙,https://image.msscdn.net/images/goods_img/20220930/2831373/2831373_2_500.jpg,False
2024-09,M,002022,후드 집업,002,아우터,25,4292897,crossdressly,크로스드레슬리,더블 로고 집업,https://image.msscdn.net/images/goods_img/20240802/4292897/4292897_17230172044349_500.jpg,False
2024-09,M,002022,후드 집업,002,아우터,26,3640947,trillion,트릴리온,워셔블 아란 케이블 후드 집업 니트 (IVORY),https://image.msscdn.net/images/goods_img/20231019/3640947/3640947_17170490498222_500.jpg,False
2024-09,M,002022,후드 집업,002,아우터,27,3995657,filluminate,필루미네이트,스프레드 펀칭 니트 후드 집 업-2Color,https://image.msscdn.net/images/goods_img/20240327/3995657/3995657_17267199954700_500.jpg,False
2024-09,M,002022,후드 집업,002,아우터,28,2831375,poloralphlauren,폴로 랄프 로렌,코튼 풀집 후디 - 그레이,https://image.msscdn.net/images/goods_img/20220930/2831375/2831375_3_500.jpg,False
2024-09,M,002022,후드 집업,002,아우터,29,3853482,partimento,파르티멘토,VTG 워시드 워크 후드 집업 블랙,https://image.msscdn.net/images/goods_img/20240207/3853482/3853482_17072797442277_500.jpg,False
2024-09,M,002022,후드 집업,002,아우터,30,2730188,hooves,후브스,헤비코튼 오버핏 후드 버튼 집업 [그레이],https://image.msscdn.net/images/goods_img/20220819/2730188/2730188_17585103882027_500.jpg,False
2024-09,M,002001,블루종/MA-1,002,아우터,1,3390508,standarderror,스탠다드에러,87-STAN009  스탠다드 블루종 스웨이드 자켓 블랙,https://image.msscdn.net/images/goods_img/20230630/3390508/3390508_17551524634252_500.jpg,False
2024-09,M,002001,블루종/MA-1,002,아우터,2,3390511,standarderror,스탠다드에러,87-STAN009 스탠다드 블루종 스웨이드 자켓 카키,https://image.msscdn.net/images/goods_img/20230630/3390511/3390511_17551525806450_500.jpg,False
2024-09,M,002001,블루종/MA-1,002,아우터,3,3783677,drawfit,드로우핏,헤리티지 헌팅 블루종 자켓 [KHAKI],https://image.msscdn.net/images/goods_img/20240109/3783677/3783677_17254157464100_500.jpg,False
2024-09,M,002001,블루종/MA-1,002,아우터,4,3503945,espionage,에스피오나지,Washed Canvas Blouson Jacket Charcoal Navy,https://image.msscdn.net/images/goods_img/20230828/3503945/3503945_16934498398540_500.jpg,False
2024-09,M,002001,블루종/MA-1,002,아우터,5,3790860,musinsastandard,무신사 스탠다드,릴렉스드 미니멀 재킷 [블랙],https://image.msscdn.net/images/goods_img/20240112/3790860/3790860_17217992992120_500.jpg,False
2024-09,M,002001,블루종/MA-1,002,아우터,6,4278938,lmood,엘무드,아이코닉 울 블루종 자켓 MAINE 블랙,https://image.msscdn.net/images/goods_img/20240729/4278938/4278938_17636074038223_500.png,False
2024-09,M,002001,블루종/MA-1,002,아우터,7,4347271,kiimuir,키뮤어,빈티지 워크 자켓_차콜,https://image.msscdn.net/images/goods_img/20240820/4347271/4347271_17569580908087_500.jpg,False
2024-09,M,002001,블루종/MA-1,002,아우터,8,3814169,espionage,에스피오나지,Flight Bomber Jacket Navy,https://image.msscdn.net/images/goods_img/20240123/3814169/3814169_17067558498926_500.jpg,False
2024-09,M,002001,블루종/MA-1,002,아우터,9,3786803,bronson,브론슨,1950s Reversible Acetate Souvenir Jacket - Falcon × Tiger,https://image.msscdn.net/images/goods_img/20240110/3786803/3786803_17642942084867_500.jpg,False
2024-09,M,002001,블루종/MA-1,002,아우터,10,3790838,musinsastandard,무신사 스탠다드,헤비웨이트 CP 워크 재킷 [블랙],https://image.msscdn.net/images/goods_img/20240112/3790838/3790838_17171293041266_500.jpg,False
2024-09,M,002001,블루종/MA-1,002,아우터,11,3783678,drawfit,드로우핏,헤리티지 헌팅 블루종 자켓 [BLACK],https://image.msscdn.net/images/goods_img/20240109/3783678/3783678_17231926056698_500.jpg,False
2024-09,M,002001,블루종/MA-1,002,아우터,12,3783466,drawfit,드로우핏,울 웨이브 라인 자켓 [BLACK],https://image.msscdn.net/images/goods_img/20240109/3783466/3783466_17720740115629_500.jpg,False
2024-09,M,002001,블루종/MA-1,002,아우터,13,2085156,ironypornowhiteline,아이러니포르노 화이트라인,IRO097 크루얼티프리 알파 스웨이드 자켓 블랙,https://image.msscdn.net/images/goods_img/20210825/2085156/2085156_17579141539142_500.jpg,False
2024-09,M,002001,블루종/MA-1,002,아우터,14,4350411,coor,쿠어,페이크 스웨이드 커브 라인 점퍼 (블랙브라운),https://image.msscdn.net/images/goods_img/20240820/4350411/4350411_17567018999056_500.png,False
2024-09,M,002001,블루종/MA-1,002,아우터,15,3776137,dickies,디키즈,아이젠하워 레귤러핏 자켓 Black,https://image.msscdn.net/images/goods_img/20240104/3776137/3776137_17084892914908_500.jpg,False
2024-09,M,002001,블루종/MA-1,002,아우터,16,3788388,lmood,엘무드,워크 포켓 치노 블루종 자켓 브라운,https://image.msscdn.net/images/goods_img/20240111/3788388/3788388_17065904732279_500.jpg,False
2024-09,M,002001,블루종/MA-1,002,아우터,17,1760177,drawfit,드로우핏,리에디션 써지 울 블루종 자켓 [BLACK],https://image.msscdn.net/images/goods_img/20210125/1760177/1760177_17568597040774_500.jpg,False
2024-09,M,002001,블루종/MA-1,002,아우터,18,2803666,baracuta,바라쿠타,G9 클래식 해링턴 자켓 Black 100,https://image.msscdn.net/images/goods_img/20220920/2803666/2803666_16775419481721_500.jpg,False
2024-09,M,002001,블루종/MA-1,002,아우터,19,3019671,lmood,엘무드,더스티 웨스턴 블루종 자켓 카키,https://image.msscdn.net/images/goods_img/20230111/3019671/3019671_17083089992446_500.jpg,False
2024-09,M,002001,블루종/MA-1,002,아우터,20,3788390,lmood,엘무드,워크 포켓 치노 블루종 자켓 카키베이지,https://image.msscdn.net/images/goods_img/20240111/3788390/3788390_17065873132441_500.jpg,False
2024-09,M,002001,블루종/MA-1,002,아우터,21,3836569,espionage,에스피오나지,Washed Canvas Blouson Jacket Burgundy,https://image.msscdn.net/images/goods_img/20240131/3836569/3836569_17072818134329_500.jpg,False
2024-09,M,002001,블루종/MA-1,002,아우터,22,3406375,lmood,엘무드,벌키 크롭 봄버 자켓 블랙,https://image.msscdn.net/images/goods_img/20230712/3406375/3406375_16953644888129_500.jpg,False
2024-09,M,002001,블루종/MA-1,002,아우터,23,3823877,dimitriblack,디미트리블랙,2WAY 비건 스웨이드 자켓_브라운,https://image.msscdn.net/images/goods_img/20240125/3823877/3823877_17628359671163_500.jpg,False
2024-09,M,002001,블루종/MA-1,002,아우터,24,2803667,baracuta,바라쿠타,G9 클래식 해링턴 자켓 Dark Navy 300,https://image.msscdn.net/images/goods_img/20220920/2803667/2803667_16775419417377_500.jpg,False
2024-09,M,002001,블루종/MA-1,002,아우터,25,4301697,kiimuir,키뮤어,빈티지 워크 자켓_카키,https://image.msscdn.net/images/goods_img/20240806/4301697/4301697_17569699600492_500.jpg,False
2024-09,M,002001,블루종/MA-1,002,아우터,26,3783687,drawfit,드로우핏,커버렉 스웨이드 블루종 자켓 [BROWN],https://image.msscdn.net/images/goods_img/20240109/3783687/3783687_17055448868266_500.jpg,False
2024-09,M,002001,블루종/MA-1,002,아우터,27,2769704,musinsastandard,무신사 스탠다드,트위드 미니멀 재킷 [블랙],https://image.msscdn.net/images/goods_img/20220905/2769704/2769704_1_500.jpg,False
2024-09,M,002001,블루종/MA-1,002,아우터,28,1291017,jemut,제멋,리치 오버 MA-1 자켓 블랙 YHJK2269,https://image.msscdn.net/images/goods_img/20200205/1291017/1291017_1_500.jpg,False
2024-09,M,002001,블루종/MA-1,002,아우터,29,3816993,costumeoclock,커스텀어클락,커브드 투웨이 항공 자켓 블랙 COOSJP046BLACK,https://image.msscdn.net/images/goods_img/20240123/3816993/3816993_17871946820923_500.jpg,False
2024-09,M,002001,블루종/MA-1,002,아우터,30,3019670,lmood,엘무드,더스티 웨스턴 블루종 자켓 블랙,https://image.msscdn.net/images/goods_img/20230111/3019670/3019670_17255161741255_500.jpg,False
2024-09,M,002002,레더/라이더스 재킷,002,아우터,1,4369047,frizmworks,프리즘웍스,DESTROYED COWHIDE LEATHER JACKET _ WASHED BLACK,https://image.msscdn.net/images/goods_img/20240826/4369047/4369047_17247594980414_500.jpg,False
2024-09,M,002002,레더/라이더스 재킷,002,아우터,2,4346922,doffjason,도프제이슨,[리뉴얼] 오버핏 풀업 스웨이드 싱글 자켓 모카,https://image.msscdn.net/images/goods_img/20240820/4346922/4346922_17249831351015_500.jpg,False
2024-09,M,002002,레더/라이더스 재킷,002,아우터,3,1576700,doffjason,도프제이슨,오버핏 비건레더 싱글 자켓,https://image.msscdn.net/images/goods_img/20200901/1576700/1576700_17591199589640_500.jpg,False
2024-09,M,002002,레더/라이더스 재킷,002,아우터,4,3551101,blackmoment,블랙모먼트,비건 스웨이드 오버핏 미니멀 인시전 스트레이트 집업 자켓 [브라운],https://image.msscdn.net/images/goods_img/20230912/3551101/3551101_16970790961650_500.jpg,False
2024-09,M,002002,레더/라이더스 재킷,002,아우터,5,4347138,doffjason,도프제이슨,러기드 앤틱 워싱 레더 자켓,https://image.msscdn.net/images/goods_img/20240820/4347138/4347138_17566931729742_500.jpg,False
2024-09,M,002002,레더/라이더스 재킷,002,아우터,6,3833551,coor,쿠어,베지터블 레더 A-2 자켓 (브라운),https://image.msscdn.net/images/goods_img/20240130/3833551/3833551_17877112948261_500.jpg,False
2024-09,M,002002,레더/라이더스 재킷,002,아우터,7,3927174,maninstore,무드인사이드,비건 스웨이드 바이커 자켓_Brown,https://image.msscdn.net/images/goods_img/20240306/3927174/3927174_17568668915223_500.jpg,False
2024-09,M,002002,레더/라이더스 재킷,002,아우터,8,621582,doffjason,도프제이슨,램스킨 싱글 자켓,https://image.msscdn.net/images/goods_img/20170901/621582/621582_17256054833081_500.jpg,False
2024-09,M,002002,레더/라이더스 재킷,002,아우터,9,1593755,partimento,파르티멘토,[비건 레더] 필드 자켓 블랙,https://image.msscdn.net/images/goods_img/20200909/1593755/1593755_1_500.jpg,False
2024-09,M,002002,레더/라이더스 재킷,002,아우터,10,4347122,doffjason,도프제이슨,[리뉴얼] 풀업 스웨이드 클래식 싱글 자켓 모카,https://image.msscdn.net/images/goods_img/20240820/4347122/4347122_17253284523829_500.jpg,False
2024-09,M,002002,레더/라이더스 재킷,002,아우터,11,1576682,doffjason,도프제이슨,오버핏 램스킨 싱글 자켓,https://image.msscdn.net/images/goods_img/20200901/1576682/1576682_6_500.jpg,False
2024-09,M,002002,레더/라이더스 재킷,002,아우터,12,4347182,doffjason,도프제이슨,루이 레더 카라 워크 자켓 KHAKI,https://image.msscdn.net/images/goods_img/20240820/4347182/4347182_17249825681064_500.jpg,False
2024-09,M,002002,레더/라이더스 재킷,002,아우터,13,3783694,drawfit,드로우핏,인시전 레더 블루종 자켓 [BLACK],https://image.msscdn.net/images/goods_img/20240109/3783694/3783694_17568603377156_500.jpg,False
2024-09,M,002002,레더/라이더스 재킷,002,아우터,14,4369048,frizmworks,프리즘웍스,DESTROYED COWHIDE LEATHER JACKET _ WASHED BROWN,https://image.msscdn.net/images/goods_img/20240826/4369048/4369048_17247594653321_500.jpg,False
2024-09,M,002002,레더/라이더스 재킷,002,아우터,15,4350371,coor,쿠어,베지터블 레더 A-2 자켓 (블랙),https://image.msscdn.net/images/goods_img/20240820/4350371/4350371_17877112920676_500.jpg,False
2024-09,M,002002,레더/라이더스 재킷,002,아우터,16,4302463,wkndrs,위캔더스,BOUTIQUE LEATHER JACKET (BLACK),https://image.msscdn.net/images/goods_img/20240806/4302463/4302463_17249121459861_500.jpg,False
2024-09,M,002002,레더/라이더스 재킷,002,아우터,17,3758333,musinsastandard,무신사 스탠다드,페이디드 신세틱 레더 싱글 재킷 [블랙],https://image.msscdn.net/images/goods_img/20231215/3758333/3758333_17062393306214_500.jpg,False
2024-09,M,002002,레더/라이더스 재킷,002,아우터,18,4278941,lmood,엘무드,1125 나이프 램스킨 레더자켓 블랙,https://image.msscdn.net/images/goods_img/20240729/4278941/4278941_17243033884848_500.jpg,False
2024-09,M,002002,레더/라이더스 재킷,002,아우터,19,2029419,ironypornowhiteline,아이러니포르노 화이트라인,IRO086 크루얼티프리 싱글 카라넥 레더 자켓 블랙,https://image.msscdn.net/images/goods_img/20210714/2029419/2029419_17569493312057_500.jpg,False
2024-09,M,002002,레더/라이더스 재킷,002,아우터,20,2086731,doffjason,도프제이슨,오버핏 비건레더 보머 자켓,https://image.msscdn.net/images/goods_img/20210825/2086731/2086731_1_500.jpg,False
2024-09,M,002002,레더/라이더스 재킷,002,아우터,21,4390848,coor,쿠어,램스킨 포켓 트러커 자켓 (다크브라운),https://image.msscdn.net/images/goods_img/20240831/4390848/4390848_17392625156925_500.jpg,False
2024-09,M,002002,레더/라이더스 재킷,002,아우터,22,3794818,kiimuir,키뮤어,레더 라인 바이커 자켓_블랙,https://image.msscdn.net/images/goods_img/20240115/3794818/3794818_17062311962918_500.jpg,False
2024-09,M,002002,레더/라이더스 재킷,002,아우터,23,4346909,doffjason,도프제이슨,풀업 스웨이드 수베니어 자켓 MOCHA,https://image.msscdn.net/images/goods_img/20240820/4346909/4346909_17249832232532_500.jpg,False
2024-09,M,002002,레더/라이더스 재킷,002,아우터,24,3406383,lmood,엘무드,스모커 카우하이드 바이커 레더 자켓 번트 블랙,https://image.msscdn.net/images/goods_img/20230712/3406383/3406383_17255879370070_500.jpg,False
2024-09,M,002002,레더/라이더스 재킷,002,아우터,25,2140335,placestudio,플레이스 스튜디오,비건 레더 오버핏 블루종 [블랙],https://image.msscdn.net/images/goods_img/20210917/2140335/2140335_9_500.jpg,False
2024-09,M,002002,레더/라이더스 재킷,002,아우터,26,4139584,bowlow,바우로 프로덕트,크롭 레더 자켓,https://image.msscdn.net/images/goods_img/20240520/4139584/4139584_17412460512101_500.jpg,False
2024-09,M,002002,레더/라이더스 재킷,002,아우터,27,3041953,doffjason,도프제이슨,비건레더 헤리티지 싱글 자켓,https://image.msscdn.net/images/goods_img/20230126/3041953/3041953_17568750523136_500.jpg,False
2024-09,M,002002,레더/라이더스 재킷,002,아우터,28,3783686,drawfit,드로우핏,커버렉 스웨이드 블루종 자켓 [BLACK],https://image.msscdn.net/images/goods_img/20240109/3783686/3783686_17231925067849_500.jpg,False
2024-09,M,002002,레더/라이더스 재킷,002,아우터,29,4370035,espionage,에스피오나지,Flight Bomber Jacket (Faux Leather) Black,https://image.msscdn.net/images/goods_img/20240826/4370035/4370035_17248961166658_500.jpg,False
2024-09,M,002002,레더/라이더스 재킷,002,아우터,30,621574,doffjason,도프제이슨,램스킨 100 라이더 자켓,https://image.msscdn.net/images/goods_img/20170901/621574/621574_16764437345788_500.jpg,False
2024-09,M,002020,카디건,002,아우터,1,4278894,lmood,엘무드,비숍 울 알파카 크루넥 가디건 진저 브라운,https://image.msscdn.net/images/goods_img/20240729/4278894/4278894_17592096155283_500.png,False
2024-09,M,002020,카디건,002,아우터,2,4249931,ami,아미,레드 하트 로고 가디건 - 블랙 / BFHKC001001001,https://image.msscdn.net/images/goods_img/20240715/4249931/4249931_17212892810569_500.jpg,False
2024-09,M,002020,카디건,002,아우터,3,3440440,costumeoclock,커스텀어클락,[2PACK] 소프트 베이직 가디건 COOSCD001CD020,https://image.msscdn.net/images/goods_img/20230801/3440440/3440440_17585191785388_500.jpg,False
2024-09,M,002020,카디건,002,아우터,4,1296803,knitted,니티드,안티필링 볼륨 와플 가디건 NAVY,https://image.msscdn.net/images/goods_img/20200207/1296803/1296803_17241390378653_500.jpg,False
2024-09,M,002020,카디건,002,아우터,5,3881570,millo,밀로 아카이브,크롭 무브 가디건 [레드],https://image.msscdn.net/images/goods_img/20240219/3881570/3881570_17084242695126_500.jpg,False
2024-09,M,002020,카디건,002,아우터,6,3650861,matinkim,마뗑킴,SPELL POINT STRIPE KNIT CARDIGAN IN BLACK,https://image.msscdn.net/images/goods_img/20231023/3650861/3650861_17582530640437_500.jpg,False
2024-09,M,002020,카디건,002,아우터,7,2683549,satur,세터,파로 오버 사이즈 부클 가디건 클래식 블랙,https://image.msscdn.net/images/prd_img/20220726/2683549/detail_2683549_17582476224564_500.jpg,False
2024-09,M,002020,카디건,002,아우터,8,3841255,decoroso,데꼬로소,컴포트 라운드넥 울 가디건 [차콜],https://image.msscdn.net/images/goods_img/20240201/3841255/3841255_17587672385569_500.jpg,False
2024-09,M,002020,카디건,002,아우터,9,2288704,espionage,에스피오나지,Miller Heavyweight Cardigan Burnt Orange,https://image.msscdn.net/images/goods_img/20220103/2288704/2288704_17875617307364_500.jpg,False
2024-09,M,002020,카디건,002,아우터,10,1139192,lmood,엘무드,화란 세미오버 가디건 블랙,https://image.msscdn.net/images/goods_img/20190902/1139192/1139192_17427991239095_500.jpg,False
2024-09,M,002020,카디건,002,아우터,11,2159724,veryvain,베리베인,GAFF TEX CARDIGAN (BLACK),https://image.msscdn.net/images/goods_img/20211001/2159724/2159724_1_500.jpg,False
2024-09,M,002020,카디건,002,아우터,12,4278918,lmood,엘무드,트러커 스톤 워시드 가디건 자켓 다크그레이,https://image.msscdn.net/images/goods_img/20240729/4278918/4278918_17229257165510_500.jpg,False
2024-09,M,002020,카디건,002,아우터,13,3056018,hooves,후브스,코튼 투웨이 벌룬 니트 집업 [네이비],https://image.msscdn.net/images/goods_img/20230202/3056018/3056018_17585072370772_500.jpg,False
2024-09,M,002020,카디건,002,아우터,14,4278892,lmood,엘무드,비숍 울 알파카 크루넥 가디건 멜란지 그레이,https://image.msscdn.net/images/goods_img/20240729/4278892/4278892_17587834000599_500.png,False
2024-09,M,002020,카디건,002,아우터,15,4001390,beslow,비슬로우,[비슬로우X데릭]CREW NECK SHORT CARDIGAN CHARCOAL,https://image.msscdn.net/images/goods_img/20240328/4001390/4001390_17121318185902_500.jpg,False
2024-09,M,002020,카디건,002,아우터,16,3797863,knitted,니티드,쉐기독 울 100% 라운드 가디건 MELANGE GREY,https://image.msscdn.net/images/goods_img/20240116/3797863/3797863_17168795596678_500.jpg,False
2024-09,M,002020,카디건,002,아우터,17,3826626,signature,시그니처,케이블 라운드 니트 가디건[네이비],https://image.msscdn.net/images/goods_img/20240126/3826626/3826626_17073691427544_500.jpg,False
2024-09,M,002020,카디건,002,아우터,18,2815324,musinsastandard,무신사 스탠다드,릴렉스드 리브드 라운드 넥 가디건 [미디엄 그레이],https://image.msscdn.net/images/goods_img/20220923/2815324/2815324_17794093494968_500.jpg,False
2024-09,M,002020,카디건,002,아우터,19,2815323,musinsastandard,무신사 스탠다드,릴렉스드 리브드 라운드 넥 가디건 [블랙],https://image.msscdn.net/images/goods_img/20220923/2815323/2815323_17794093883481_500.jpg,False
2024-09,M,002020,카디건,002,아우터,20,4350277,coor,쿠어,탑필 울 칼라 가디건 (카키그레이),https://image.msscdn.net/images/goods_img/20240820/4350277/4350277_17388942793424_500.jpg,False
2024-09,M,002020,카디건,002,아우터,21,3981315,millo,밀로 아카이브,크롭 무브 가디건 [블랙],https://image.msscdn.net/images/goods_img/20240322/3981315/3981315_17110720298305_500.jpg,False
2024-09,M,002020,카디건,002,아우터,22,2100438,musinsastandard,무신사 스탠다드,미니멀 가디건 [블랙],https://image.msscdn.net/images/goods_img/20210831/2100438/2100438_17513583754983_500.jpg,False
2024-09,M,002020,카디건,002,아우터,23,3881573,millo,밀로 아카이브,크롭 무브 가디건 [블루 그레이],https://image.msscdn.net/images/goods_img/20240219/3881573/3881573_17084243533327_500.jpg,False
2024-09,M,002020,카디건,002,아우터,24,3794563,maninstore,무드인사이드,웨이브 투웨이 니트집업_Gray,https://image.msscdn.net/images/goods_img/20240115/3794563/3794563_17569700843954_500.jpg,False
2024-09,M,002020,카디건,002,아우터,25,3773719,outstanding,아웃스탠딩,LAMBSWOOL ROUND NECK CARDIGAN_KHAKI MELANGE,https://image.msscdn.net/images/goods_img/20240103/3773719/3773719_17875535738888_500.jpg,False
2024-09,M,002020,카디건,002,아우터,26,3440410,critic,크리틱,RACING ZIP-UP KNIT NAVY,https://image.msscdn.net/images/goods_img/20230801/3440410/3440410_17345736573154_500.jpg,False
2024-09,M,002020,카디건,002,아우터,27,1608372,espionage,에스피오나지,Miller Heavyweight Cardigan Dust,https://image.msscdn.net/images/goods_img/20200917/1608372/1608372_17875619588098_500.jpg,False
2024-09,M,002020,카디건,002,아우터,28,4299338,partimento,파르티멘토,뱃지 리뉴얼 니트 라운드 가디건 레드,https://image.msscdn.net/images/goods_img/20240806/4299338/4299338_17237817273203_500.jpg,False
2024-09,M,002020,카디건,002,아우터,29,4293031,lemard,르마드,울 오버핏 라운드 가디건 - 차콜,https://image.msscdn.net/images/goods_img/20240802/4293031/4293031_17225816536026_500.jpg,False
2024-09,M,002020,카디건,002,아우터,30,3426602,espionage,에스피오나지,Miller Heavyweight Cardigan Black,https://image.msscdn.net/images/goods_img/20230725/3426602/3426602_16909461545960_500.jpg,False
2024-09,M,002017,트러커 재킷,002,아우터,1,3622977,trillion,트릴리온,페이드 워싱 바이커 데님 자켓 (BLACK),https://image.msscdn.net/images/goods_img/20231012/3622977/3622977_16977691200340_500.jpg,False
2024-09,M,002017,트러커 재킷,002,아우터,2,1790383,trillion,트릴리온,워싱 스티치 데님자켓 (BLACK),https://image.msscdn.net/images/goods_img/20210210/1790383/1790383_2_500.jpg,False
2024-09,M,002017,트러커 재킷,002,아우터,3,4287413,trillion,트릴리온,코듀로이 카라 데님 집업 워크 자켓 (BLACK),https://image.msscdn.net/images/goods_img/20240731/4287413/4287413_17228544866344_500.jpg,False
2024-09,M,002017,트러커 재킷,002,아우터,4,4305404,drawfit,드로우핏,콘트라스트 워크 트러커 자켓 [D.GREY],https://image.msscdn.net/images/goods_img/20240807/4305404/4305404_17236128988610_500.jpg,False
2024-09,M,002017,트러커 재킷,002,아우터,5,4323347,alyss,알리스,[오정규X알리스] 콘트라스트 집업 워크 자켓 [워시드블랙],https://image.msscdn.net/images/goods_img/20240813/4323347/4323347_17258474866016_500.jpg,False
2024-09,M,002017,트러커 재킷,002,아우터,6,3046279,outstanding,아웃스탠딩,SELVEDGE DENIM 2ND JACKET_INDIGO,https://image.msscdn.net/images/goods_img/20230130/3046279/3046279_17684404870062_500.jpg,False
2024-09,M,002017,트러커 재킷,002,아우터,7,1337094,musinsastandard,무신사 스탠다드,릴렉스드 데님 트러커 재킷 [워시드 블랙],https://image.msscdn.net/images/goods_img/20200305/1337094/1337094_17514465029686_500.jpg,False
2024-09,M,002017,트러커 재킷,002,아우터,8,4278906,lmood,엘무드,버번 데님 트러커 자켓 벨벳틴 블랙,https://image.msscdn.net/images/goods_img/20240729/4278906/4278906_17243791333736_500.jpg,False
2024-09,M,002017,트러커 재킷,002,아우터,9,3836318,toffee,토피,빈티지 스냅 데님 블루종 자켓 (WASHED INDIGO),https://image.msscdn.net/images/goods_img/20240131/3836318/3836318_17071205288194_500.jpg,False
2024-09,M,002017,트러커 재킷,002,아우터,10,3801342,supersub,슈퍼서브,워싱 크롭 데님 재킷 - 워시드 브라운,https://image.msscdn.net/images/goods_img/20240117/3801342/3801342_17065954658593_500.jpg,False
2024-09,M,002017,트러커 재킷,002,아우터,11,4347055,doffjason,도프제이슨,워시드 데님 로드 바이커 자켓 INDIGO,https://image.msscdn.net/images/goods_img/20240820/4347055/4347055_17249829793442_500.jpg,False
2024-09,M,002017,트러커 재킷,002,아우터,12,4323348,alyss,알리스,[오정규X알리스] 콘트라스트 집업 워크 자켓 [빈티지블랙],https://image.msscdn.net/images/goods_img/20240813/4323348/4323348_17258474982360_500.jpg,False
2024-09,M,002017,트러커 재킷,002,아우터,13,4278908,lmood,엘무드,버번 데님 트러커 자켓 블루블랙,https://image.msscdn.net/images/goods_img/20240729/4278908/4278908_17428798419737_500.jpg,False
2024-09,M,002017,트러커 재킷,002,아우터,14,2403367,espionage,에스피오나지,French Wide Work Jacket (Moleskin) French Blue,https://image.msscdn.net/images/goods_img/20220307/2403367/2403367_1_500.jpg,False
2024-09,M,002017,트러커 재킷,002,아우터,15,4342475,espionage,에스피오나지,50s American Denim Coverall Dark Indigo,https://image.msscdn.net/images/goods_img/20240819/4342475/4342475_17242945444063_500.jpg,False
2024-09,M,002017,트러커 재킷,002,아우터,16,4287406,trillion,트릴리온,코듀로이 카라 데님 집업 워크 자켓 (LIGHT GRAY),https://image.msscdn.net/images/goods_img/20240731/4287406/4287406_17229066613849_500.jpg,False
2024-09,M,002017,트러커 재킷,002,아우터,17,4305772,drawfit,드로우핏,컨사이즈 워시드 포켓 데님 자켓 [MAHOGANI BLUE],https://image.msscdn.net/images/goods_img/20240807/4305772/4305772_17236118294377_500.jpg,False
2024-09,M,002017,트러커 재킷,002,아우터,18,1195307,branded,브랜디드,2001 SLOW WORKER DENIM WASH. JACKET [BLACK INDIGO],https://image.msscdn.net/images/goods_img/20191021/1195307/1195307_4_500.jpg,False
2024-09,M,002017,트러커 재킷,002,아우터,19,3836510,espionage,에스피오나지,French Wide Work Jacket (Moleskin) Washed Blue,https://image.msscdn.net/images/goods_img/20240131/3836510/3836510_17152161493815_500.jpg,False
2024-09,M,002017,트러커 재킷,002,아우터,20,3872521,coor,쿠어,틴트 데님 집업 자켓 (인디고브라운),https://image.msscdn.net/images/goods_img/20240215/3872521/3872521_17242885964343_500.jpg,False
2024-09,M,002017,트러커 재킷,002,아우터,21,3801649,alyss,알리스,디스턴트 플랩 데님 트러커 자켓 [빈티지 브라운],https://image.msscdn.net/images/goods_img/20240117/3801649/3801649_17095361459101_500.jpg,False
2024-09,M,002017,트러커 재킷,002,아우터,22,3526649,espionage,에스피오나지,Denim Work Jacket Washed Black,https://image.msscdn.net/images/goods_img/20230904/3526649/3526649_17083205246042_500.jpg,False
2024-09,M,002017,트러커 재킷,002,아우터,23,4350383,coor,쿠어,엠보 워시드 데님 트러커 (블랙),https://image.msscdn.net/images/goods_img/20240820/4350383/4350383_17242413993094_500.jpg,False
2024-09,M,002017,트러커 재킷,002,아우터,24,4287892,supersub,슈퍼서브,워싱 크롭 데님 재킷 - 워시드 블루,https://image.msscdn.net/images/goods_img/20240801/4287892/4287892_17224927839087_500.jpg,False
2024-09,M,002017,트러커 재킷,002,아우터,25,4326992,supersub,슈퍼서브,빈티지 워싱 크롭 데님 재킷 2종,https://image.msscdn.net/images/goods_img/20240813/4326992/4326992_17253695746280_500.png,False
2024-09,M,002017,트러커 재킷,002,아우터,26,4302460,wkndrs,위캔더스,CHAIN STITCH TRUCKER JK (DENIM),https://image.msscdn.net/images/goods_img/20240806/4302460/4302460_17249114777846_500.jpg,False
2024-09,M,002017,트러커 재킷,002,아우터,27,3827748,toffee,토피,워시드 데님 트러커 자켓 (WASHED BLACK),https://image.msscdn.net/images/goods_img/20240129/3827748/3827748_17071118135840_500.jpg,False
2024-09,M,002017,트러커 재킷,002,아우터,28,4305739,drawfit,드로우핏,레이어 플리츠 워크 데님 자켓 [DARK BLUE],https://image.msscdn.net/images/goods_img/20240807/4305739/4305739_17237825326201_500.jpg,False
2024-09,M,002017,트러커 재킷,002,아우터,29,4312733,musinsastandard,무신사 스탠다드,데님 워크 재킷 [라이트 인디고],https://image.msscdn.net/images/goods_img/20240809/4312733/4312733_17242040090935_500.jpg,False
2024-09,M,002017,트러커 재킷,002,아우터,30,3832967,1993studio,1993스튜디오,스몰 로고 빈티지 워싱 데님 자켓_블랙,https://image.msscdn.net/images/goods_img/20240130/3832967/3832967_17083855734590_500.jpg,False
2024-09,M,002003,슈트/블레이저 재킷,002,아우터,1,1558197,musinsastandard,무신사 스탠다드,릴렉스드 베이식 블레이저 [블랙],https://image.msscdn.net/images/goods_img/20200820/1558197/1558197_17791521338764_500.jpg,False
2024-09,M,002003,슈트/블레이저 재킷,002,아우터,2,1283757,musinsastandard,무신사 스탠다드,오버사이즈 블레이저 [블랙],https://image.msscdn.net/images/goods_img/20200130/1283757/1283757_17514309817123_500.jpg,False
2024-09,M,002003,슈트/블레이저 재킷,002,아우터,3,1108007,musinsastandard,무신사 스탠다드,베이식 블레이저 [블랙],https://image.msscdn.net/images/goods_img/20190802/1108007/1108007_17896970765683_500.jpg,False
2024-09,M,002003,슈트/블레이저 재킷,002,아우터,4,2572705,nonblank,넌블랭크,[SAINT YEAR] 세미 오버 핏 셋업 수트_GREY,https://image.msscdn.net/images/goods_img/20220520/2572705/2572705_17769899182977_500.jpg,False
2024-09,M,002003,슈트/블레이저 재킷,002,아우터,5,3790870,musinsastandard,무신사 스탠다드,시티 레저 CN 루즈 핏 블레이저 [블랙],https://image.msscdn.net/images/goods_img/20240112/3790870/3790870_17101368224107_500.jpg,False
2024-09,M,002003,슈트/블레이저 재킷,002,아우터,6,1558683,musinsastandard,무신사 스탠다드,릴렉스드 베이식 블레이저 [미디엄 그레이],https://image.msscdn.net/images/goods_img/20200821/1558683/1558683_17514474604010_500.jpg,False
2024-09,M,002003,슈트/블레이저 재킷,002,아우터,7,4390860,coor,쿠어,페이크 스웨이드 쓰리 버튼 블레이저 (다크브라운),https://image.msscdn.net/images/goods_img/20240831/4390860/4390860_17696617147965_500.jpg,False
2024-09,M,002003,슈트/블레이저 재킷,002,아우터,8,841230,insilence,인사일런스,오버사이즈 울 블레이저 BLACK,https://image.msscdn.net/images/goods_img/20180829/841230/841230_17875456744812_500.jpg,False
2024-09,M,002003,슈트/블레이저 재킷,002,아우터,9,1558671,musinsastandard,무신사 스탠다드,릴렉스드 베이식 블레이저 [차콜 그레이],https://image.msscdn.net/images/goods_img/20200821/1558671/1558671_17514475628467_500.jpg,False
2024-09,M,002003,슈트/블레이저 재킷,002,아우터,10,4347118,doffjason,도프제이슨,풀업 스웨이드 블레이저 MOCHA,https://image.msscdn.net/images/goods_img/20240820/4347118/4347118_17249828053329_500.jpg,False
2024-09,M,002003,슈트/블레이저 재킷,002,아우터,11,2116429,musinsastandard,무신사 스탠다드,라운드 넥 트위드 재킷 [블랙],https://image.msscdn.net/images/goods_img/20210908/2116429/2116429_17147165047967_500.jpg,False
2024-09,M,002003,슈트/블레이저 재킷,002,아우터,12,2572700,nonblank,넌블랭크,[SAINT YEAR] 세미 오버 핏 셋업 수트_BLACK,https://image.msscdn.net/images/goods_img/20220520/2572700/2572700_17769897170778_500.jpg,False
2024-09,M,002003,슈트/블레이저 재킷,002,아우터,13,2375909,musinsastandard,무신사 스탠다드,빅 대디 오버사이즈 블레이저 [블랙],https://image.msscdn.net/images/goods_img/20220222/2375909/2375909_17790837176470_500.jpg,False
2024-09,M,002003,슈트/블레이저 재킷,002,아우터,14,3825573,lemainsecond,리메인세컨드,[SET UP] 베이식 세미 오버핏 셋업 수트,https://image.msscdn.net/images/goods_img/20240126/3825573/3825573_17151317585846_500.jpg,False
2024-09,M,002003,슈트/블레이저 재킷,002,아우터,15,2444808,musinsastandard,무신사 스탠다드,[쿨탠다드] 릴렉스드 베이식 블레이저 [블랙],https://image.msscdn.net/images/goods_img/20220325/2444808/2444808_17791528728073_500.jpg,False
2024-09,M,002003,슈트/블레이저 재킷,002,아우터,16,1873073,musinsastandard,무신사 스탠다드,오버사이즈 블레이저 [미디엄 그레이],https://image.msscdn.net/images/goods_img/20210331/1873073/1873073_17775139886227_500.jpg,False
2024-09,M,002003,슈트/블레이저 재킷,002,아우터,17,2572322,nonblank,넌블랭크,[SET UP] 세미 오버사이즈 핏 셋업 수트_CHARCOAL GREY,https://image.msscdn.net/images/goods_img/20220520/2572322/2572322_17140687589631_500.jpg,False
2024-09,M,002003,슈트/블레이저 재킷,002,아우터,18,4209346,musinsastandard,무신사 스탠다드,시티 워커스 코튼 블레이저 [네이비],https://image.msscdn.net/images/goods_img/20240620/4209346/4209346_17241614820187_500.jpg,False
2024-09,M,002003,슈트/블레이저 재킷,002,아우터,19,4209345,musinsastandard,무신사 스탠다드,시티 워커스 코튼 블레이저 [다크 그레이],https://image.msscdn.net/images/goods_img/20240620/4209345/4209345_17241998872915_500.jpg,False
2024-09,M,002003,슈트/블레이저 재킷,002,아우터,20,3790872,musinsastandard,무신사 스탠다드,시티 레저 CN 루즈 핏 블레이저 [그레이],https://image.msscdn.net/images/goods_img/20240112/3790872/3790872_17098804886665_500.jpg,False
2024-09,M,002003,슈트/블레이저 재킷,002,아우터,21,2808735,tradclubvintage,트래드클럽,캔터베리 클래식 레귤러 셋업 수트,https://image.msscdn.net/images/goods_img/20220921/2808735/2808735_17116072363778_500.jpg,False
2024-09,M,002003,슈트/블레이저 재킷,002,아우터,22,2326762,dimitriblack,디미트리블랙,와이드핏 컴포트 수트 셋업 블랙,https://image.msscdn.net/images/goods_img/20220125/2326762/2326762_17171354973347_500.jpg,False
2024-09,M,002003,슈트/블레이저 재킷,002,아우터,23,3148717,musinsastandard,무신사 스탠다드,[쿨탠다드] 오버사이즈 블레이저 [블랙],https://image.msscdn.net/images/goods_img/20230315/3148717/3148717_17514422654080_500.jpg,False
2024-09,M,002003,슈트/블레이저 재킷,002,아우터,24,1558688,musinsastandard,무신사 스탠다드,릴렉스드 베이식 블레이저 [더스티 베이지],https://image.msscdn.net/images/goods_img/20200821/1558688/1558688_17514471787511_500.jpg,False
2024-09,M,002003,슈트/블레이저 재킷,002,아우터,25,4354954,bants,반츠,SDS 우스티드 울 3B 싱글 블레이저 - 네이비,https://image.msscdn.net/images/goods_img/20240821/4354954/4354954_17242346910258_500.jpg,False
2024-09,M,002003,슈트/블레이저 재킷,002,아우터,26,3872383,espionage,에스피오나지,CN Relaxed Sport Jacket Black,https://image.msscdn.net/images/goods_img/20240215/3872383/3872383_17375158917019_500.jpg,False
2024-09,M,002003,슈트/블레이저 재킷,002,아우터,27,4293552,tngt,티엔지티,라이트브라운 『Redford』 헤링본 테일러드 자켓 (TNJA4F103I2),https://image.msscdn.net/images/goods_img/20240802/4293552/4293552_17579871642713_500.jpg,False
2024-09,M,002003,슈트/블레이저 재킷,002,아우터,28,2572335,nonblank,넌블랭크,[SET UP] 세미 오버사이즈 핏 셋업 수트_DARK BROWN,https://image.msscdn.net/images/goods_img/20220520/2572335/2572335_17769913072590_500.jpg,False
2024-09,M,002003,슈트/블레이저 재킷,002,아우터,29,4222258,nonblank,넌블랭크,[SAINT YEAR] 세미 오버 핏 셋업 수트_DARK NAVY,https://image.msscdn.net/images/goods_img/20240627/4222258/4222258_17770087868938_500.jpg,False
2024-09,M,002003,슈트/블레이저 재킷,002,아우터,30,1558677,musinsastandard,무신사 스탠다드,릴렉스드 베이식 블레이저 [네이비],https://image.msscdn.net/images/goods_img/20200821/1558677/1558677_17514471253820_500.jpg,False
2024-09,M,002004,스타디움 재킷,002,아우터,1,3061176,poloralphlauren,폴로 랄프 로렌,[NEW YORK BOXING CLUB] 새틴 바시티 리버시블 재킷 - 블랙,https://image.msscdn.net/images/goods_img/20230206/3061176/3061176_17161651575693_500.jpg,False
2024-09,M,002004,스타디움 재킷,002,아우터,2,2782958,1993studio,1993스튜디오,빈티지 바시티 자켓_네이비,https://image.msscdn.net/images/goods_img/20220908/2782958/2782958_1_500.jpg,False
2024-09,M,002004,스타디움 재킷,002,아우터,3,3645434,poloralphlauren,폴로 랄프 로렌,플리스 베이스볼 재킷 - 아이보리,https://image.msscdn.net/images/goods_img/20231020/3645434/3645434_16992306653497_500.jpg,False
2024-09,M,002004,스타디움 재킷,002,아우터,4,2752332,lettercomo,레테르코모,빅 어워드 스타디움 울 바시티자켓 블랙,https://image.msscdn.net/images/goods_img/20220829/2752332/2752332_17600737132519_500.jpg,False
2024-09,M,002004,스타디움 재킷,002,아우터,5,3030682,drawfit,드로우핏,울 스타디움 라인 집업 자켓 [BLACK],https://image.msscdn.net/images/goods_img/20230118/3030682/3030682_17629152428707_500.jpg,False
2024-09,M,002004,스타디움 재킷,002,아우터,6,2756324,dominant,도미넌트,Dragon Varsity Jacket_Brown,https://image.msscdn.net/images/goods_img/20220830/2756324/2756324_16951148765758_500.jpg,False
2024-09,M,002004,스타디움 재킷,002,아우터,7,4280331,nomanual,노매뉴얼,W.S VARSITY JACKET - BLACK,https://image.msscdn.net/images/goods_img/20240729/4280331/4280331_17231681884095_500.jpg,False
2024-09,M,002004,스타디움 재킷,002,아우터,8,2093817,takeasy,테이크이지,라쿠 베이스볼 오버자켓(네이비),https://image.msscdn.net/images/goods_img/20210827/2093817/2093817_4_500.jpg,False
2024-09,M,002004,스타디움 재킷,002,아우터,9,3466617,thisisneverthat,디스이즈네버댓,Satin Varsity Jacket Black,https://image.msscdn.net/images/goods_img/20230816/3466617/3466617_16921759979902_500.jpg,False
2024-09,M,002004,스타디움 재킷,002,아우터,10,2752807,kiimuir,키뮤어,[25SS] 울(WOOL) 바시티 자켓_블랙,https://image.msscdn.net/images/goods_img/20220830/2752807/2752807_17664729093372_500.jpg,False
2024-09,M,002004,스타디움 재킷,002,아우터,11,2959465,rawlab,로우랩,R 시티 헤비 바시티자켓 (네이비),https://image.msscdn.net/images/goods_img/20221124/2959465/2959465_1_500.jpg,False
2024-09,M,002004,스타디움 재킷,002,아우터,12,2857983,timcomix,팀코믹스,8 BALL VARSITY JACKET BLACK,https://image.msscdn.net/images/goods_img/20221013/2857983/2857983_16988208342409_500.jpg,False
2024-09,M,002004,스타디움 재킷,002,아우터,13,3390496,standarderror,스탠다드에러,87-STAN008 파이핑 카라 바시티 레더 자켓 블랙,https://image.msscdn.net/images/goods_img/20230630/3390496/3390496_17551512881281_500.jpg,False
2024-09,M,002004,스타디움 재킷,002,아우터,14,3515282,outstanding,아웃스탠딩,WAPPEN VARSITY COWHIDE JACKET_GREEN/MUSTARD,https://image.msscdn.net/images/goods_img/20230830/3515282/3515282_16952870285721_500.jpg,False
2024-09,M,002004,스타디움 재킷,002,아우터,15,2724701,travel,트래블,스카우트 바시티 스웨트-자켓 블랙,https://image.msscdn.net/images/goods_img/20220818/2724701/2724701_3_500.jpg,False
2024-09,M,002004,스타디움 재킷,002,아우터,16,3448522,amesworldwide,아메스 월드와이드,NYLON STADIUM JACKET NAVY (AM2DFUJ240A),https://image.msscdn.net/images/goods_img/20230807/3448522/3448522_16926029585018_500.jpg,False
2024-09,M,002004,스타디움 재킷,002,아우터,17,3439979,urbandtype,어반디타입,(패딩or논패딩 선택) 코듀로이 래글런 자켓_네이비,https://image.msscdn.net/images/goods_img/20230801/3439979/3439979_17346618324739_500.jpg,False
2024-09,M,002004,스타디움 재킷,002,아우터,18,3730463,poloralphlauren,폴로 랄프 로렌,바시티 스타일 재킷 - 그린,https://image.msscdn.net/images/goods_img/20231123/3730463/3730463_17152312522806_500.jpg,False
2024-09,M,002004,스타디움 재킷,002,아우터,19,3132559,1993studio,1993스튜디오,[LG트윈스] V3 챔피언 바시티 자켓_블랙,https://image.msscdn.net/images/goods_img/20230308/3132559/3132559_17098771599537_500.jpg,False
2024-09,M,002004,스타디움 재킷,002,아우터,20,3473941,timcomix,팀코믹스,BROKEN DICE VARSITY JACKET BLACK,https://image.msscdn.net/images/goods_img/20230817/3473941/3473941_17084041516700_500.jpg,False
2024-09,M,002004,스타디움 재킷,002,아우터,21,3539168,thevinylhouse,더바이닐하우스,YIN YANG VARSITY JACKET NAVY (VH2DWUB902A),https://image.msscdn.net/images/goods_img/20230907/3539168/3539168_16944290690983_500.jpg,False
2024-09,M,002004,스타디움 재킷,002,아우터,22,3423364,retrieverclub,리트리버클럽,BIG R SOCCER VARSITY JACKET [BLUE],https://image.msscdn.net/images/goods_img/20230724/3423364/3423364_16901928542113_500.jpg,False
2024-09,M,002004,스타디움 재킷,002,아우터,23,3778226,lee,리,캔자스 시티 바시티 자켓 네이비,https://image.msscdn.net/images/goods_img/20240105/3778226/3778226_17073568406566_500.jpg,False
2024-09,M,002004,스타디움 재킷,002,아우터,24,3520523,v2,브이투,70227 울 바시티 자켓_블랙,https://image.msscdn.net/images/goods_img/20230901/3520523/3520523_16935306610004_500.jpg,False
2024-09,M,002004,스타디움 재킷,002,아우터,25,4408230,1993studio,1993스튜디오,[LG트윈스] 아플리케 레더 바시티 자켓_딥네이비,https://image.msscdn.net/images/goods_img/20240905/4408230/4408230_17267992346387_500.jpg,False
2024-09,M,002004,스타디움 재킷,002,아우터,26,2752336,lettercomo,레테르코모,빅 어워드 스타디움 울 바시티자켓 다크네이비,https://image.msscdn.net/images/goods_img/20220829/2752336/2752336_17600739216352_500.jpg,False
2024-09,M,002004,스타디움 재킷,002,아우터,27,3154420,grayblvd,그레이블러밧,엠씨 트윌코튼 바시티 자켓 (BLACK),https://image.msscdn.net/images/goods_img/20230316/3154420/3154420_16925951678322_500.jpg,False
2024-09,M,002004,스타디움 재킷,002,아우터,28,4398145,newera,뉴에라,MLB LA 다저스 로고 스타디움 재킷 드레스 블루스 14397947,https://image.msscdn.net/images/goods_img/20240903/4398145/4398145_17253426336859_500.jpg,False
2024-09,M,002004,스타디움 재킷,002,아우터,29,3812670,thisisneverthat,디스이즈네버댓,Satin Jacket Olive,https://image.msscdn.net/images/goods_img/20240122/3812670/3812670_17068501308934_500.jpg,False
2024-09,M,002004,스타디움 재킷,002,아우터,30,3454195,wkndrs,위캔더스,KELLOGGS H.O.F JK (BLACK),https://image.msscdn.net/images/goods_img/20230809/3454195/3454195_16921684072454_500.jpg,False
2024-09,M,002006,나일론/코치 재킷,002,아우터,1,2723218,dimitriblack,디미트리블랙,ASI 2WAY 어센틱 후드 윈드브레이커 자켓_블랙,https://image.msscdn.net/images/goods_img/20220817/2723218/2723218_17603312716294_500.jpg,False
2024-09,M,002006,나일론/코치 재킷,002,아우터,2,2471405,slowrecordhouse,슬로우 레코드 하우스,파이핑 라인 나일론 자켓_네이비,https://image.msscdn.net/images/goods_img/20220406/2471405/2471405_17013952125581_500.jpg,False
2024-09,M,002006,나일론/코치 재킷,002,아우터,3,3793565,musinsastandard,무신사 스탠다드,시티 레저 시어 윈드브레이커 재킷 [블랙],https://image.msscdn.net/images/goods_img/20240112/3793565/3793565_17738965169888_500.jpg,False
2024-09,M,002006,나일론/코치 재킷,002,아우터,4,3034336,espionage,에스피오나지,Ray Yacht Parka Carrot,https://image.msscdn.net/images/goods_img/20230119/3034336/3034336_16756599080513_500.jpg,False
2024-09,M,002006,나일론/코치 재킷,002,아우터,5,2723216,dimitriblack,디미트리블랙,ASI 2WAY 어센틱 후드 윈드브레이커 자켓_올리브,https://image.msscdn.net/images/goods_img/20220817/2723216/2723216_17217096418459_500.jpg,False
2024-09,M,002006,나일론/코치 재킷,002,아우터,6,3797177,spao,스파오,후드 윈드브레이커_SPJJE23C24,https://image.msscdn.net/images/goods_img/20240116/3797177/3797177_17276775982243_500.jpg,False
2024-09,M,002006,나일론/코치 재킷,002,아우터,7,2329532,nomanual,노매뉴얼,PENON WIND SHELL - BLACK,https://image.msscdn.net/images/goods_img/20220126/2329532/2329532_16762491689303_500.jpg,False
2024-09,M,002006,나일론/코치 재킷,002,아우터,8,1530516,codegraphy,코드그라피,2-WAY 테크 숏 자켓_블랙,https://image.msscdn.net/images/goods_img/20200729/1530516/1530516_17773571044222_500.jpg,False
2024-09,M,002006,나일론/코치 재킷,002,아우터,9,2343198,espionage,에스피오나지,Ray Yacht Parka Black,https://image.msscdn.net/images/goods_img/20220207/2343198/2343198_2_500.jpg,False
2024-09,M,002006,나일론/코치 재킷,002,아우터,10,3793560,musinsastandard,무신사 스탠다드,오버사이즈 하이넥 윈드브레이커 재킷 [블랙],https://image.msscdn.net/images/goods_img/20240112/3793560/3793560_17080496946411_500.jpg,False
2024-09,M,002006,나일론/코치 재킷,002,아우터,11,3034346,espionage,에스피오나지,Mountain Wind Parka Black,https://image.msscdn.net/images/goods_img/20230119/3034346/3034346_16756599638463_500.jpg,False
2024-09,M,002006,나일론/코치 재킷,002,아우터,12,1571878,codegraphy,코드그라피,[SET] 2-WAY 테크 숏 자켓 셋업_블랙,https://image.msscdn.net/images/goods_img/20200831/1571878/1571878_17730339892071_500.jpg,False
2024-09,M,002006,나일론/코치 재킷,002,아우터,13,3455892,filluminate,필루미네이트,타슬란 윈드 테이커 자켓-블랙,https://image.msscdn.net/images/goods_img/20230809/3455892/3455892_17827964402390_500.jpg,False
2024-09,M,002006,나일론/코치 재킷,002,아우터,14,3209864,not4nerd,낫포너드,Tribal Logo Nylon Racing Jacket - Black,https://image.msscdn.net/images/goods_img/20230405/3209864/3209864_16810674167028_500.jpg,False
2024-09,M,002006,나일론/코치 재킷,002,아우터,15,3793568,musinsastandard,무신사 스탠다드,시티 레저 시어 윈드브레이커 재킷 [클라우디 블루],https://image.msscdn.net/images/goods_img/20240112/3793568/3793568_17738965508061_500.jpg,False
2024-09,M,002006,나일론/코치 재킷,002,아우터,16,3865936,maninstore,무드인사이드,스페셜 후드 바람막이_Black,https://image.msscdn.net/images/goods_img/20240214/3865936/3865936_17748561272852_500.jpg,False
2024-09,M,002006,나일론/코치 재킷,002,아우터,17,3455882,filluminate,필루미네이트,타슬란 윈드 테이커 자켓-라이트그레이,https://image.msscdn.net/images/goods_img/20230809/3455882/3455882_17827964138309_500.jpg,False
2024-09,M,002006,나일론/코치 재킷,002,아우터,18,3461538,trillion,트릴리온,디비전 나일론 후드 집업 윈드브레이커 자켓 (BLACK),https://image.msscdn.net/images/goods_img/20230811/3461538/3461538_17720845137190_500.jpg,False
2024-09,M,002006,나일론/코치 재킷,002,아우터,19,4296687,newbalance,뉴발란스,NBNAF21013 / UNI ESS 헤리티지 웜업 자켓 (BLACK),https://image.msscdn.net/images/goods_img/20240805/4296687/4296687_17846852180585_500.jpg,False
2024-09,M,002006,나일론/코치 재킷,002,아우터,20,3791038,codegraphy,코드그라피,[SET] [배색ver.] 2-WAY 배색 테크 숏 자켓 셋업_블랙,https://image.msscdn.net/images/goods_img/20240112/3791038/3791038_17718150719568_500.jpg,False
2024-09,M,002006,나일론/코치 재킷,002,아우터,21,4407982,1993studio,1993스튜디오,[FC서울] 스몰 로고 배색 나일론 자켓_블랙,https://image.msscdn.net/images/goods_img/20240905/4407982/4407982_17258447596511_500.jpg,False
2024-09,M,002006,나일론/코치 재킷,002,아우터,22,3037477,dimitriblack,디미트리블랙,ASI 2WAY 어센틱 후드 윈드브레이커 자켓_차콜그레이,https://image.msscdn.net/images/goods_img/20230125/3037477/3037477_17164427030684_500.png,False
2024-09,M,002006,나일론/코치 재킷,002,아우터,23,1571879,codegraphy,코드그라피,[SET] 2-WAY 테크 숏 자켓 셋업_그레이,https://image.msscdn.net/images/goods_img/20200831/1571879/1571879_17738851373592_500.jpg,False
2024-09,M,002006,나일론/코치 재킷,002,아우터,24,3212915,compagno,꼼파뇨,크래킹 후드 윈드브레이커 그레이,https://image.msscdn.net/images/goods_img/20230406/3212915/3212915_16902464685664_500.jpg,False
2024-09,M,002006,나일론/코치 재킷,002,아우터,25,1620287,poloralphlauren,폴로 랄프 로렌,바이스윙 윈드브레이커 - 블랙,https://image.msscdn.net/images/goods_img/20200923/1620287/1620287_2_500.jpg,False
2024-09,M,002006,나일론/코치 재킷,002,아우터,26,3794849,kiimuir,키뮤어,글로시 투톤 윈드브레이커_블랙,https://image.msscdn.net/images/goods_img/20240115/3794849/3794849_17067628839906_500.jpg,False
2024-09,M,002006,나일론/코치 재킷,002,아우터,27,2534895,slowrecordhouse,슬로우 레코드 하우스,파이핑 라인 나일론 자켓_블랙&베이지,https://image.msscdn.net/images/goods_img/20220502/2534895/2534895_17014068157715_500.jpg,False
2024-09,M,002006,나일론/코치 재킷,002,아우터,28,3457749,dimitriblack,디미트리블랙,VLAD D-Layer™더블레이어 윈드브레이커 자켓_블랙,https://image.msscdn.net/images/goods_img/20230810/3457749/3457749_17164555575197_500.png,False
2024-09,M,002006,나일론/코치 재킷,002,아우터,29,1139262,espionage,에스피오나지,Ray Wind Parka Black,https://image.msscdn.net/images/goods_img/20190902/1139262/1139262_5_500.jpg,False
2024-09,M,002006,나일론/코치 재킷,002,아우터,30,4286685,thenorthface,노스페이스,NJ2HQ55A 남성 하이 마운틴 자켓_BLACK,https://image.msscdn.net/images/goods_img/20240731/4286685/4286685_17224143479289_500.jpg,False
2024-09,M,002019,아노락 재킷,002,아우터,1,3434841,xtonz,엑스톤즈,XJ98 플리츠 배색 바람막이 (GRAY),https://image.msscdn.net/images/goods_img/20230731/3434841/3434841_16993169540228_500.jpg,False
2024-09,M,002019,아노락 재킷,002,아우터,2,3791888,umbro,엄브로,컬러블럭 스탠넥 아노락 블랙(UP121CWT24),https://image.msscdn.net/images/goods_img/20240112/3791888/3791888_17310339853908_500.jpg,False
2024-09,M,002019,아노락 재킷,002,아우터,3,1817381,travel,트래블,트래블러 버튼 아노락 네이비,https://image.msscdn.net/images/goods_img/20210226/1817381/1817381_2_500.jpg,False
2024-09,M,002019,아노락 재킷,002,아우터,4,4303002,thisisneverthat,디스이즈네버댓,Anorak Jacket Brown,https://image.msscdn.net/images/goods_img/20240807/4303002/4303002_17235329787672_500.jpg,False
2024-09,M,002019,아노락 재킷,002,아우터,5,3868091,thenorthface,노스페이스,NA3BQ05A 남성 하이 마운틴 아노락,https://image.msscdn.net/images/goods_img/20240214/3868091/3868091_17078916452429_500.jpg,False
2024-09,M,002019,아노락 재킷,002,아우터,6,4211773,adidas,아디다스,에센셜 3S 우븐 윈드브레이커 IB0384,https://image.msscdn.net/images/goods_img/20240620/4211773/4211773_17188784316546_500.jpg,False
2024-09,M,002019,아노락 재킷,002,아우터,7,3100545,umbro,엄브로,클래식 스탠넥 아노락 블랙(UP321CWT96),https://image.msscdn.net/images/goods_img/20230222/3100545/3100545_17548990274331_500.jpg,False
2024-09,M,002019,아노락 재킷,002,아우터,8,3466549,kiimuir,키뮤어,2-WAY 릴렉스드 헤링턴 자켓_4 color,https://image.msscdn.net/images/goods_img/20230816/3466549/3466549_17732985666081_500.jpg,False
2024-09,M,002019,아노락 재킷,002,아우터,9,1810261,urbanplayers,어반플레이어스,오리지널핏 아노락 자켓 (블랙),https://image.msscdn.net/images/goods_img/20210223/1810261/1810261_1_500.jpg,False
2024-09,M,002019,아노락 재킷,002,아우터,10,3461531,trillion,트릴리온,디비전 나일론 후드 집업 윈드브레이커 자켓 (GREEN),https://image.msscdn.net/images/goods_img/20230811/3461531/3461531_17170541973327_500.jpg,False
2024-09,M,002019,아노락 재킷,002,아우터,11,3191935,not4nerd,낫포너드,Nylon Color Block Anorak Pullover - Black,https://image.msscdn.net/images/goods_img/20230329/3191935/3191935_16810686023014_500.jpg,False
2024-09,M,002019,아노락 재킷,002,아우터,12,3976160,nike,나이키,클럽 마리나 아노락 M - 블랙:화이트 / FN3893-010,https://image.msscdn.net/images/goods_img/20240321/3976160/3976160_17115944335560_500.jpg,False
2024-09,M,002019,아노락 재킷,002,아우터,13,850405,search410,써치410,[UNISEX] TRIPLE COMBINATION WINDBREAKER_VIOLET,https://image.msscdn.net/images/goods_img/20180906/850405/850405_5_500.jpg,False
2024-09,M,002019,아노락 재킷,002,아우터,14,4400327,borntowin,본투윈,REFLECTIVE LINE BIG SYMBOL ANORAK JAKET [BLACK],https://image.msscdn.net/images/goods_img/20240903/4400327/4400327_17612218023319_500.jpg,False
2024-09,M,002019,아노락 재킷,002,아우터,15,1776861,secondmonolgue,세컨모놀로그,나일론 윈드 후드 필드 자켓 [BLACK]_COOSJP029BLACK,https://image.msscdn.net/images/goods_img/20210204/1776861/1776861_17416611391481_500.jpg,False
2024-09,M,002019,아노락 재킷,002,아우터,16,3904797,thisisneverthat,디스이즈네버댓,PERTEX® QA Half Zip Pullover Black,https://image.msscdn.net/images/goods_img/20240227/3904797/3904797_17090246307838_500.jpg,False
2024-09,M,002019,아노락 재킷,002,아우터,17,3512732,lecoq,르꼬끄,듀스 리버시블 자켓 아이보리(QO323TJK91),https://image.msscdn.net/images/goods_img/20230830/3512732/3512732_17298975714021_500.jpg,False
2024-09,M,002019,아노락 재킷,002,아우터,18,3836932,dimitriblack,디미트리블랙,VLAD D-Layer™더블레이어 윈드브레이커 자켓_차콜/라이트 그레이,https://image.msscdn.net/images/goods_img/20240131/3836932/3836932_17171262326233_500.png,False
2024-09,M,002019,아노락 재킷,002,아우터,19,2000085,superlit,에스릿 스튜디오,[SET] 스테디 라이트 아노락 3P 셋업 블랙,https://image.msscdn.net/images/prd_img/20210617/2000085/detail_2000085_1_500.jpg,False
2024-09,M,002019,아노락 재킷,002,아우터,20,4302997,thisisneverthat,디스이즈네버댓,Anorak Jacket Red,https://image.msscdn.net/images/goods_img/20240807/4302997/4302997_17235328252966_500.jpg,False
2024-09,M,002019,아노락 재킷,002,아우터,21,2508644,afresh,어프레쉬,에어스트레치 아노락 자켓_블랙 바람막이,https://image.msscdn.net/images/goods_img/20220422/2508644/2508644_17745030971239_500.jpg,False
2024-09,M,002019,아노락 재킷,002,아우터,22,3809568,umbro,엄브로,HBL CELEB 후드 웜업 아노락 블랙(UP123CWT22),https://image.msscdn.net/images/goods_img/20240119/3809568/3809568_17310346914171_500.jpg,False
2024-09,M,002019,아노락 재킷,002,아우터,23,3030704,drawfit,드로우핏,컬러 포인트 윈드 브레이커 자켓,https://image.msscdn.net/images/goods_img/20230118/3030704/3030704_16740967785419_500.jpg,False
2024-09,M,002019,아노락 재킷,002,아우터,24,2502967,lazybee,레이지비,캠프 멀티스포츠 집업 상의 아노락 자켓 블랙,https://image.msscdn.net/images/goods_img/20220420/2502967/2502967_17606761460746_500.jpg,False
2024-09,M,002019,아노락 재킷,002,아우터,25,3457748,dimitriblack,디미트리블랙,VLAD D-Layer™더블레이어 윈드브레이커 자켓_그레이,https://image.msscdn.net/images/goods_img/20230810/3457748/3457748_17164555220891_500.png,False
2024-09,M,002019,아노락 재킷,002,아우터,26,3228925,rolandgarros,롤랑가로스,[SET] 맨즈 바람막이 반바지 네이비,https://image.msscdn.net/images/goods_img/20230412/3228925/3228925_16814358452940_500.jpg,False
2024-09,M,002019,아노락 재킷,002,아우터,27,3461513,trillion,트릴리온,디비전 나일론 후드 집업 윈드브레이커 자켓 (LIGHT GRAY),https://image.msscdn.net/images/goods_img/20230811/3461513/3461513_17170542339453_500.jpg,False
2024-09,M,002019,아노락 재킷,002,아우터,28,3037467,dimitriblack,디미트리블랙,VLAD 워터프루프 윈드브레이커_블랙,https://image.msscdn.net/images/goods_img/20230125/3037467/3037467_17171368004843_500.png,False
2024-09,M,002019,아노락 재킷,002,아우터,29,4246769,venhit,벤힛,[벤힛x크로스드레슬리]VC스타 로고 테크 윈드브레이커,https://image.msscdn.net/images/goods_img/20240712/4246769/4246769_17207535177042_500.jpg,False
2024-09,M,002019,아노락 재킷,002,아우터,30,3894101,umbro,엄브로,플레이버 스탠넥 아노락 블랙(UP121CWT31),https://image.msscdn.net/images/goods_img/20240223/3894101/3894101_17310357315617_500.jpg,False
2024-09,M,002018,트레이닝 재킷,002,아우터,1,3563185,adidas,아디다스,파이어버드 트랙탑 - 블랙 / IJ7058,https://image.msscdn.net/images/goods_img/20230915/3563185/3563185_16950017775747_500.jpg,False
2024-09,M,002018,트레이닝 재킷,002,아우터,2,3588413,adidas,아디다스,베켄바우어 트랙탑 - 블랙:화이트 / II5763,https://image.msscdn.net/images/goods_img/20230922/3588413/3588413_16957743454348_500.jpg,False
2024-09,M,002018,트레이닝 재킷,002,아우터,3,2353497,urbandtype,어반디타입,OL209_러닝클럽 트랙 자켓_네이비,https://image.msscdn.net/images/goods_img/20220210/2353497/2353497_17875332753234_500.jpg,False
2024-09,M,002018,트레이닝 재킷,002,아우터,4,4260500,adidas,아디다스,FC 바이에른 오리지널스 트랙탑 - 레드 / IS6508,https://image.msscdn.net/images/goods_img/20240719/4260500/4260500_17216319498188_500.jpg,False
2024-09,M,002018,트레이닝 재킷,002,아우터,5,3999802,adidas,아디다스,파이어버드 트랙탑 - 인디고 / IR9893,https://image.msscdn.net/images/goods_img/20240328/3999802/3999802_17116109248923_500.jpg,False
2024-09,M,002018,트레이닝 재킷,002,아우터,6,4280527,travel,트래블,져지 트랙 자켓 아이보리,https://image.msscdn.net/images/goods_img/20240729/4280527/4280527_17693915589684_500.jpg,False
2024-09,M,002018,트레이닝 재킷,002,아우터,7,3797838,adidas,아디다스,베켄바우어 트랙탑 - 인디고 / IP0418,https://image.msscdn.net/images/goods_img/20240116/3797838/3797838_17054696094278_500.jpg,False
2024-09,M,002018,트레이닝 재킷,002,아우터,8,4258389,adidas,아디다스,ADILENIUM 2 메가브레이크 자켓 - 블랙 / JN0810,https://image.msscdn.net/images/goods_img/20240718/4258389/4258389_17229289413303_500.jpg,False
2024-09,M,002018,트레이닝 재킷,002,아우터,9,4280525,travel,트래블,져지 트랙 자켓 네이비,https://image.msscdn.net/images/goods_img/20240729/4280525/4280525_17230945367525_500.jpg,False
2024-09,M,002018,트레이닝 재킷,002,아우터,10,4260540,adidas,아디다스,파이어버드 트랙탑 - 미드그린 / IY9892,https://image.msscdn.net/images/goods_img/20240719/4260540/4260540_17216328774933_500.jpg,False
2024-09,M,002018,트레이닝 재킷,002,아우터,11,3921510,volante,볼란테,Triple V Tab Warm-up Jacket [Black],https://image.msscdn.net/images/goods_img/20240305/3921510/3921510_17183400099887_500.jpg,False
2024-09,M,002018,트레이닝 재킷,002,아우터,12,4447073,geng,젠지,Gen.G X Descente 2024 Worlds Official Player Jacket,https://image.msscdn.net/images/goods_img/20240920/4447073/4447073_17567125215368_500.png,False
2024-09,M,002018,트레이닝 재킷,002,아우터,13,3771149,adidas,아디다스,우븐 파이어버드 트랙탑 - 블랙 / IT2491,https://image.msscdn.net/images/goods_img/20240102/3771149/3771149_17042416430428_500.jpg,False
2024-09,M,002018,트레이닝 재킷,002,아우터,14,4307075,nerdy,널디,클래식 NY 트랙 탑 라이트베이지,https://image.msscdn.net/images/goods_img/20240807/4307075/4307075_17524663984063_500.png,False
2024-09,M,002018,트레이닝 재킷,002,아우터,15,4352983,adidas,아디다스,우븐 파이어버드 트랙탑 - 브라운 / IZ2424,https://image.msscdn.net/images/goods_img/20240821/4352983/4352983_17243031264685_500.jpg,False
2024-09,M,002018,트레이닝 재킷,002,아우터,16,4313777,adidas,아디다스,오버사이즈 트랙탑 - 블랙 / IX6725,https://image.msscdn.net/images/goods_img/20240809/4313777/4313777_17236107830669_500.jpg,False
2024-09,M,002018,트레이닝 재킷,002,아우터,17,3735923,musinsastandardsp,무신사 스탠다드 스포츠,스포츠 코어 바람막이 (3color),https://image.msscdn.net/images/goods_img/20231128/3735923/3735923_17556576183067_500.jpg,False
2024-09,M,002018,트레이닝 재킷,002,아우터,18,3874735,satur,세터,로턴 칼라 트랙 집업 자켓 클래식 네이비,https://image.msscdn.net/images/goods_img/20240215/3874735/3874735_17241621321423_500.jpg,False
2024-09,M,002018,트레이닝 재킷,002,아우터,19,4216288,nike,나이키,조던 에센셜 HBR 윈드 자켓 M - 블랙:앤트러사이트 / FV7299-010,https://image.msscdn.net/images/goods_img/20240624/4216288/4216288_17207601853645_500.jpg,False
2024-09,M,002018,트레이닝 재킷,002,아우터,20,4352982,adidas,아디다스,우븐 파이어버드 트랙탑 - 딥퍼플 / IZ2416,https://image.msscdn.net/images/goods_img/20240821/4352982/4352982_17243030394575_500.jpg,False
2024-09,M,002018,트레이닝 재킷,002,아우터,21,3874736,satur,세터,로턴 칼라 트랙 집업 자켓 캐비어 블랙,https://image.msscdn.net/images/goods_img/20240215/3874736/3874736_17580830363608_500.jpg,False
2024-09,M,002018,트레이닝 재킷,002,아우터,22,3010431,satur,세터,로턴 올 데이 트랙 집업 자켓 캐비어 블랙,https://image.msscdn.net/images/goods_img/20230109/3010431/3010431_17255123428915_500.jpg,False
2024-09,M,002018,트레이닝 재킷,002,아우터,23,4066024,thenorthface,노스페이스,NJ3BQ11J 화이트라벨 아이스 런 EX 자켓,https://image.msscdn.net/images/goods_img/20240418/4066024/4066024_17134150418889_500.jpg,False
2024-09,M,002018,트레이닝 재킷,002,아우터,24,3976156,nike,나이키,스포츠웨어 윈드러너 후드 재킷 M - 블랙:화이트 / DA0002-010,https://image.msscdn.net/images/goods_img/20240321/3976156/3976156_17115806053307_500.jpg,False
2024-09,M,002018,트레이닝 재킷,002,아우터,25,4312596,nerdy,널디,자카드 테잎 트랙 탑 (블랙/아이보리),https://image.msscdn.net/images/goods_img/20240809/4312596/4312596_17527194258237_500.png,False
2024-09,M,002018,트레이닝 재킷,002,아우터,26,3921575,volante,볼란테,Triple V Tab Warm-up Jacket [White],https://image.msscdn.net/images/goods_img/20240305/3921575/3921575_17162706195015_500.jpg,False
2024-09,M,002018,트레이닝 재킷,002,아우터,27,4258395,adidas,아디다스,ADILENIUM 2 모토 데님 재킷 - 블랙:라임 / JN0824,https://image.msscdn.net/images/goods_img/20240718/4258395/4258395_17217109236221_500.jpg,False
2024-09,M,002018,트레이닝 재킷,002,아우터,28,4340745,adidas,아디다스,파이어버드 트랙탑 - 딥퍼플 / IY9893,https://image.msscdn.net/images/goods_img/20240819/4340745/4340745_17243007076866_500.jpg,False
2024-09,M,002018,트레이닝 재킷,002,아우터,29,3771138,adidas,아디다스,파이어버드 트랙탑 - 그린 / IU0762,https://image.msscdn.net/images/goods_img/20240102/3771138/3771138_17042421594483_500.jpg,False
2024-09,M,002018,트레이닝 재킷,002,아우터,30,4258390,adidas,아디다스,ADILENIUM 2 메가브레이크 자켓 - 그레이 / JM9660,https://image.msscdn.net/images/goods_img/20240718/4258390/4258390_17229289935672_500.jpg,False
2024-09,M,002008,환절기 코트,002,아우터,1,709188,drawfit,드로우핏,오버사이즈 울 트렌치 코트 [BLACK],https://image.msscdn.net/images/goods_img/20180205/709188/709188_16917313775663_500.jpg,False
2024-09,M,002008,환절기 코트,002,아우터,2,2683854,poloralphlauren,폴로 랄프 로렌,트윌 워킹 윈드브레이커 - 네이비,https://image.msscdn.net/images/goods_img/20220727/2683854/2683854_1_500.jpg,False
2024-09,M,002008,환절기 코트,002,아우터,3,2683856,poloralphlauren,폴로 랄프 로렌,트윌 워킹 윈드브레이커 - 베이지,https://image.msscdn.net/images/goods_img/20220727/2683856/2683856_1_500.jpg,False
2024-09,M,002008,환절기 코트,002,아우터,4,3182702,isabelmarant,이자벨마랑,버튼 프론트 코트 - 카키 / VE0057HAA1G24H67KI,https://image.msscdn.net/images/goods_img/20230327/3182702/3182702_16830815375543_500.jpg,False
2024-09,M,002008,환절기 코트,002,아우터,5,680961,flareup,플레어업,오버사이즈 트렌치코트 (FL-012),https://image.msscdn.net/images/prd_img/20171130/680961/detail_680961_37_500.jpg,False
2024-09,M,002008,환절기 코트,002,아우터,6,1760164,drawfit,드로우핏,울 블렌딩 발마칸 오버 코트 [BLACK],https://image.msscdn.net/images/goods_img/20210125/1760164/1760164_16735775758417_500.jpg,False
2024-09,M,002008,환절기 코트,002,아우터,7,709189,drawfit,드로우핏,오버사이즈 울 트렌치 코트 [BEIGE],https://image.msscdn.net/images/goods_img/20180205/709189/709189_16917313543519_500.jpg,False
2024-09,M,002008,환절기 코트,002,아우터,8,3152655,mindbridge,마인드브릿지,[SMART][COUTURE]더블트렌치코트 라이트베이지 MXCA2101,https://image.msscdn.net/images/goods_img/20230316/3152655/3152655_16789399394204_500.jpg,False
2024-09,M,002008,환절기 코트,002,아우터,9,4202570,burberry,버버리,미드 렝스 캠던 헤리티지 카 코트 - 블랙 / 8079394,https://image.msscdn.net/images/goods_img/20240618/4202570/4202570_17217898234515_500.jpg,False
2024-09,M,002008,환절기 코트,002,아우터,10,1269066,insilence,인사일런스,오버사이즈 트렌치 코트 BLACK,https://image.msscdn.net/images/goods_img/20200113/1269066/1269066_16928568810552_500.jpg,False
2024-09,M,002008,환절기 코트,002,아우터,11,3836605,espionage,에스피오나지,Tencel Cotton Shooting Coat Dark Grey,https://image.msscdn.net/images/goods_img/20240131/3836605/3836605_17071991702642_500.jpg,False
2024-09,M,002008,환절기 코트,002,아우터,12,1758438,drawfit,드로우핏,오버사이즈 울 트렌치 코트 [GREYISH BEIGE],https://image.msscdn.net/images/goods_img/20210122/1758438/1758438_16917314292846_500.jpg,False
2024-09,M,002008,환절기 코트,002,아우터,13,3030654,drawfit,드로우핏,울 트렌치 싱글 발마칸 코트 [GREYISH BEIGE],https://image.msscdn.net/images/goods_img/20230118/3030654/3030654_16740931272826_500.jpg,False
2024-09,M,002008,환절기 코트,002,아우터,14,4290310,uniformbridge,유니폼브릿지,hunting coat jacket black,https://image.msscdn.net/images/goods_img/20240801/4290310/4290310_17225050151477_500.jpg,False
2024-09,M,002008,환절기 코트,002,아우터,15,3174398,burberry,버버리,롱 켄싱턴 헤리티지 트렌치코트 - 허니 / 8045861,https://image.msscdn.net/images/goods_img/20230323/3174398/3174398_16868071165005_500.jpg,False
2024-09,M,002008,환절기 코트,002,아우터,16,4202567,burberry,버버리,롱 켄싱턴 헤리티지 트렌치 코트 - 블랙 / 8079384,https://image.msscdn.net/images/goods_img/20240618/4202567/4202567_17217896805637_500.jpg,False
2024-09,M,002008,환절기 코트,002,아우터,17,3053936,insilence,인사일런스,백 디테일 울 트렌치 코트 GREY BROWN,https://image.msscdn.net/images/goods_img/20230201/3053936/3053936_16758146284449_500.jpg,False
2024-09,M,002008,환절기 코트,002,아우터,18,1120476,drawfit,드로우핏,오버사이즈 울 트렌치 코트 [CHARCOAL],https://image.msscdn.net/images/goods_img/20190819/1120476/1120476_16917314036439_500.jpg,False
2024-09,M,002008,환절기 코트,002,아우터,19,3924350,pokerface,포커페이스,AGENT SMITH TRENCH COAT,https://image.msscdn.net/images/goods_img/20240305/3924350/3924350_17096936766501_500.jpg,False
2024-09,M,002008,환절기 코트,002,아우터,20,3985728,maisonmargiela,메종 마르지엘라,울 개버딘 트렌치 코트 - 블랙 / S67AH0043M35062900,https://image.msscdn.net/images/goods_img/20240325/3985728/3985728_17127958633779_500.jpg,False
2024-09,M,002008,환절기 코트,002,아우터,21,3836615,espionage,에스피오나지,Tencel Cotton Shooting Coat Olive,https://image.msscdn.net/images/goods_img/20240131/3836615/3836615_17071991175151_500.jpg,False
2024-09,M,002008,환절기 코트,002,아우터,22,1760165,drawfit,드로우핏,울 블렌딩 발마칸 오버 코트 [DARK BROWN],https://image.msscdn.net/images/goods_img/20210125/1760165/1760165_16735775977324_500.jpg,False
2024-09,M,002008,환절기 코트,002,아우터,23,2720025,insilence,인사일런스,오버사이즈 슬로시 울 트렌치 코트 BEIGE,https://image.msscdn.net/images/goods_img/20220816/2720025/2720025_2_500.jpg,False
2024-09,M,002008,환절기 코트,002,아우터,24,3003552,mindbridge,마인드브릿지,하프코트 - 2color MYCA2102,https://image.msscdn.net/images/goods_img/20230103/3003552/3003552_17044190887800_500.jpg,False
2024-09,M,002008,환절기 코트,002,아우터,25,2688478,burberry,버버리,이너 체크 트렌치 코트 - 블랙 / 8050926,https://image.msscdn.net/images/goods_img/20220729/2688478/2688478_1_500.jpg,False
2024-09,M,002008,환절기 코트,002,아우터,26,2766691,insilence,인사일런스,KIVANC 스티치 라인 수트 코트 DARK GREY,https://image.msscdn.net/images/goods_img/20220902/2766691/2766691_2_500.jpg,False
2024-09,M,002008,환절기 코트,002,아우터,27,2720026,insilence,인사일런스,오버사이즈 슬로시 울 트렌치 코트 BLACK,https://image.msscdn.net/images/goods_img/20220816/2720026/2720026_2_500.jpg,False
2024-09,M,002008,환절기 코트,002,아우터,28,2310673,nonblank,넌블랭크,더블 트렌치코트_BLACK,https://image.msscdn.net/images/goods_img/20220117/2310673/2310673_3_500.png,False
2024-09,M,002008,환절기 코트,002,아우터,29,2310678,nonblank,넌블랭크,더블 트렌치코트_BEIGE,https://image.msscdn.net/images/goods_img/20220117/2310678/2310678_2_500.png,False
2024-09,M,002008,환절기 코트,002,아우터,30,2310685,nonblank,넌블랭크,더블 트렌치코트_DARK GREY,https://image.msscdn.net/images/goods_img/20220117/2310685/2310685_2_500.png,False
2024-09,M,002014,사파리/헌팅 재킷,002,아우터,1,3094153,espionage,에스피오나지,Hunting Blouson Jacket Olive,https://image.msscdn.net/images/goods_img/20230220/3094153/3094153_16771294572861_500.jpg,False
2024-09,M,002014,사파리/헌팅 재킷,002,아우터,2,2737014,frizmworks,프리즘웍스,VINCENT M1965 FISHTAIL PARKA 004 _ OLIVE,https://image.msscdn.net/images/goods_img/20220823/2737014/2737014_1_500.jpg,False
2024-09,M,002014,사파리/헌팅 재킷,002,아우터,3,4209330,musinsastandard,무신사 스탠다드,캔버스 워크 재킷 [블랙],https://image.msscdn.net/images/goods_img/20240620/4209330/4209330_17242015815606_500.jpg,False
2024-09,M,002014,사파리/헌팅 재킷,002,아우터,4,3096454,frizmworks,프리즘웍스,HERITAGE HUNTING JACKET 002 _ OLIVE,https://image.msscdn.net/images/goods_img/20230221/3096454/3096454_17562766009565_500.jpg,False
2024-09,M,002014,사파리/헌팅 재킷,002,아우터,5,3790843,musinsastandard,무신사 스탠다드,백 사틴 초어 재킷 [네이비],https://image.msscdn.net/images/goods_img/20240112/3790843/3790843_17128210791358_500.jpg,False
2024-09,M,002014,사파리/헌팅 재킷,002,아우터,6,3094151,espionage,에스피오나지,Hunting Blouson Jacket Black,https://image.msscdn.net/images/goods_img/20230220/3094151/3094151_16771293582073_500.jpg,False
2024-09,M,002014,사파리/헌팅 재킷,002,아우터,7,2737008,frizmworks,프리즘웍스,OSCAR FISHTAIL JACKET 003 _ OLIVE,https://image.msscdn.net/images/goods_img/20220823/2737008/2737008_1_500.jpg,False
2024-09,M,002014,사파리/헌팅 재킷,002,아우터,8,2349901,outstanding,아웃스탠딩,CORDUROY COLLAR SHORT JACKET_OLIVE GREEN,https://image.msscdn.net/images/goods_img/20220209/2349901/2349901_17687996624748_500.jpg,False
2024-09,M,002014,사파리/헌팅 재킷,002,아우터,9,3863528,frizmworks,프리즘웍스,HERITAGE HUNTING JACKET 002 _ CREAM,https://image.msscdn.net/images/goods_img/20240213/3863528/3863528_17562764796175_500.jpg,False
2024-09,M,002014,사파리/헌팅 재킷,002,아우터,10,4376737,wvproject,더블유브이프로젝트,더프 헤링턴 자켓 브라운 JJOT7732,https://image.msscdn.net/images/goods_img/20240827/4376737/4376737_17247559627478_500.jpg,False
2024-09,M,002014,사파리/헌팅 재킷,002,아우터,11,3406370,lmood,엘무드,체스터 헌팅 블루종 자켓 블랙,https://image.msscdn.net/images/goods_img/20230712/3406370/3406370_17255163244682_500.jpg,False
2024-09,M,002014,사파리/헌팅 재킷,002,아우터,12,1683384,poloralphlauren,폴로 랄프 로렌,코튼 트윌 필드 재킷 - 그린,https://image.msscdn.net/images/goods_img/20201109/1683384/1683384_1_500.jpg,False
2024-09,M,002014,사파리/헌팅 재킷,002,아우터,13,3096455,frizmworks,프리즘웍스,HERITAGE HUNTING JACKET 002 _ TAN,https://image.msscdn.net/images/goods_img/20230221/3096455/3096455_17562765796201_500.jpg,False
2024-09,M,002014,사파리/헌팅 재킷,002,아우터,14,4209334,musinsastandard,무신사 스탠다드,캔버스 워크 재킷 [아이언 그레이],https://image.msscdn.net/images/goods_img/20240620/4209334/4209334_17242016058928_500.jpg,False
2024-09,M,002014,사파리/헌팅 재킷,002,아우터,15,4209558,musinsastandard,무신사 스탠다드,백 사틴 초어 재킷 [다크 그레이],https://image.msscdn.net/images/goods_img/20240620/4209558/4209558_17241975155592_500.jpg,False
2024-09,M,002014,사파리/헌팅 재킷,002,아우터,16,3790837,musinsastandard,무신사 스탠다드,크리즈 레이어 필드 재킷 [카키 그레이],https://image.msscdn.net/images/goods_img/20240112/3790837/3790837_17083169626674_500.jpg,False
2024-09,M,002014,사파리/헌팅 재킷,002,아우터,17,3790836,musinsastandard,무신사 스탠다드,크리즈 레이어 필드 재킷 [블랙],https://image.msscdn.net/images/goods_img/20240112/3790836/3790836_17083169993079_500.jpg,False
2024-09,M,002014,사파리/헌팅 재킷,002,아우터,18,2737012,frizmworks,프리즘웍스,VINCENT M1965 FISHTAIL PARKA 004 _ BLACK,https://image.msscdn.net/images/goods_img/20220823/2737012/2737012_1_500.jpg,False
2024-09,M,002014,사파리/헌팅 재킷,002,아우터,19,3790844,musinsastandard,무신사 스탠다드,백 사틴 초어 재킷 [프렌치 블루],https://image.msscdn.net/images/goods_img/20240112/3790844/3790844_17113273413915_500.jpg,False
2024-09,M,002014,사파리/헌팅 재킷,002,아우터,20,3790842,musinsastandard,무신사 스탠다드,백 사틴 초어 재킷 [카키],https://image.msscdn.net/images/goods_img/20240112/3790842/3790842_17128247165697_500.jpg,False
2024-09,M,002014,사파리/헌팅 재킷,002,아우터,21,4209332,musinsastandard,무신사 스탠다드,캔버스 워크 재킷 [데저트 브라운],https://image.msscdn.net/images/goods_img/20240620/4209332/4209332_17242015564826_500.jpg,False
2024-09,M,002014,사파리/헌팅 재킷,002,아우터,22,3484627,frizmworks,프리즘웍스,HERITAGE HUNTING JACKET 002 _ NAVY,https://image.msscdn.net/images/goods_img/20230822/3484627/3484627_17562765410117_500.jpg,False
2024-09,M,002014,사파리/헌팅 재킷,002,아우터,23,4209318,musinsastandard,무신사 스탠다드,왁스드 CN 헌팅 재킷 [카키 베이지],https://image.msscdn.net/images/goods_img/20240620/4209318/4209318_17241404850243_500.jpg,False
2024-09,M,002014,사파리/헌팅 재킷,002,아우터,24,1760937,ymclky,와이엠씨엘케이와이,Jungle Fatigue Jacket - Olive,https://image.msscdn.net/images/goods_img/20210125/1760937/1760937_16812913408030_500.jpg,False
2024-09,M,002014,사파리/헌팅 재킷,002,아우터,25,4272207,uniformbridge,유니폼브릿지,short hunting jacket black,https://image.msscdn.net/images/goods_img/20240724/4272207/4272207_17222286153984_500.jpg,False
2024-09,M,002014,사파리/헌팅 재킷,002,아우터,26,3818778,partimento,파르티멘토,VTG 워시드 M-65 피시테일 코트 카키,https://image.msscdn.net/images/goods_img/20240124/3818778/3818778_17062333175475_500.jpg,False
2024-09,M,002014,사파리/헌팅 재킷,002,아우터,27,4209316,musinsastandard,무신사 스탠다드,왁스드 CN 헌팅 재킷 [카키],https://image.msscdn.net/images/goods_img/20240620/4209316/4209316_17241405617860_500.jpg,False
2024-09,M,002014,사파리/헌팅 재킷,002,아우터,28,3790841,musinsastandard,무신사 스탠다드,백 사틴 초어 재킷 [블랙],https://image.msscdn.net/images/goods_img/20240112/3790841/3790841_17224147981085_500.jpg,False
2024-09,M,002014,사파리/헌팅 재킷,002,아우터,29,3870082,frizmworks,프리즘웍스,ROYAL HUNTING JACKET 003 _ NAVY,https://image.msscdn.net/images/goods_img/20240215/3870082/3870082_17403750278226_500.jpg,False
2024-09,M,002014,사파리/헌팅 재킷,002,아우터,30,4272208,uniformbridge,유니폼브릿지,short hunting jacket brown,https://image.msscdn.net/images/goods_img/20240724/4272208/4272208_17222285979762_500.jpg,False
2024-09,M,002021,베스트,002,아우터,1,3349832,partimento,파르티멘토,시어 후드 베스트 블랙,https://image.msscdn.net/images/goods_img/20230607/3349832/3349832_16862761419940_500.jpg,False
2024-09,M,002021,베스트,002,아우터,2,4368969,frizmworks,프리즘웍스,JUNGLE CLOTH DECK VEST _ KHAKI BEIGE,https://image.msscdn.net/images/goods_img/20240826/4368969/4368969_17247597374526_500.jpg,False
2024-09,M,002021,베스트,002,아우터,3,3493799,poloralphlauren,폴로 랄프 로렌,케이블 니트 코튼 스웨터 베스트 - 네이비,https://image.msscdn.net/images/goods_img/20230824/3493799/3493799_16940628044656_500.jpg,False
2024-09,M,002021,베스트,002,아우터,4,3125671,matinkim,마뗑킴,SPELL POINT STRIPE KNIT VEST,https://image.msscdn.net/images/goods_img/20230306/3125671/3125671_16782581740082_500.jpg,False
2024-09,M,002021,베스트,002,아우터,5,3158825,toffee,토피,하이넥 나일론 후드 집업 베스트 (BLACK),https://image.msscdn.net/images/goods_img/20230317/3158825/3158825_16794732798145_500.jpg,False
2024-09,M,002021,베스트,002,아우터,6,3827580,toffee,토피,니트 베스트 (BLACK),https://image.msscdn.net/images/goods_img/20240129/3827580/3827580_17071077910748_500.jpg,False
2024-09,M,002021,베스트,002,아우터,7,3945946,poloralphlauren,폴로 랄프 로렌,케이블 니트 코튼 스웨터 베스트 - 그레이,https://image.msscdn.net/images/goods_img/20240313/3945946/3945946_17114444594025_500.jpg,False
2024-09,M,002021,베스트,002,아우터,8,4020830,poloralphlauren,폴로 랄프 로렌,빅핏 코튼 스웨터 베스트 - 블랙,https://image.msscdn.net/images/goods_img/20240403/4020830/4020830_17135064155310_500.jpg,False
2024-09,M,002021,베스트,002,아우터,9,3296752,trillion,트릴리온,디비전 나일론 후드 집업 베스트 (BLACK),https://image.msscdn.net/images/goods_img/20230515/3296752/3296752_17171445475065_500.jpg,False
2024-09,M,002021,베스트,002,아우터,10,4073978,alyss,알리스,데님 스웻 내츄럴 후드 집업 베스트 [빈티지 블랙],https://image.msscdn.net/images/goods_img/20240422/4073978/4073978_17140315693392_500.jpg,False
2024-09,M,002021,베스트,002,아우터,11,2325610,takeasy,테이크이지,케이블 스몰라쿠 니트 베스트(네이비),https://image.msscdn.net/images/goods_img/20220125/2325610/2325610_2_500.jpg,False
2024-09,M,002021,베스트,002,아우터,12,4020829,poloralphlauren,폴로 랄프 로렌,빅핏 코튼 스웨터 베스트 - 그레이,https://image.msscdn.net/images/goods_img/20240403/4020829/4020829_17135063807446_500.jpg,False
2024-09,M,002021,베스트,002,아우터,13,3545967,horlisun,홀리선,Acorn Boucle Hoodie Knit Cardigan Vest Brown,https://image.msscdn.net/images/goods_img/20230908/3545967/3545967_16941569723011_500.jpg,False
2024-09,M,002021,베스트,002,아우터,14,3863373,frizmworks,프리즘웍스,HERITAGE HUNTING VEST _ OLIVE,https://image.msscdn.net/images/goods_img/20240213/3863373/3863373_17562767144673_500.jpg,False
2024-09,M,002021,베스트,002,아우터,15,3481970,pepperseasoning,페퍼시즈닝,오버핏 시티보이 브이넥 니트베스트 미니멀 블랙,https://image.msscdn.net/images/goods_img/20230821/3481970/3481970_16926060099879_500.jpg,False
2024-09,M,002021,베스트,002,아우터,16,3797852,knitted,니티드,쉐기독 울 100% 라운드 베스트 GREY,https://image.msscdn.net/images/goods_img/20240116/3797852/3797852_17247336464052_500.jpg,False
2024-09,M,002021,베스트,002,아우터,17,1305385,drawfit,드로우핏,소프 울 오버핏 니트 베스트 [BLACK],https://image.msscdn.net/images/goods_img/20200214/1305385/1305385_16804992777098_500.jpg,False
2024-09,M,002021,베스트,002,아우터,18,3945947,poloralphlauren,폴로 랄프 로렌,케이블 니트 코튼 스웨터 베스트 - 블루,https://image.msscdn.net/images/goods_img/20240313/3945947/3945947_17114444994054_500.jpg,False
2024-09,M,002021,베스트,002,아우터,19,2818312,dimitriblack,디미트리블랙,코듀로이 퍼티그 베스트_브라운,https://image.msscdn.net/images/goods_img/20220926/2818312/2818312_1_500.jpg,False
2024-09,M,002021,베스트,002,아우터,20,3948581,mucent,무센트,"테크 나일론 후드 베스트 민소매 아노락 바람막이 조끼 (블랙, 차콜)",https://image.msscdn.net/images/goods_img/20240313/3948581/3948581_17141126477129_500.jpg,False
2024-09,M,002021,베스트,002,아우터,21,3037468,dimitriblack,디미트리블랙,ASI 2WAY 나일론 메탈 후드 베스트_블랙,https://image.msscdn.net/images/goods_img/20230125/3037468/3037468_17171371228077_500.png,False
2024-09,M,002021,베스트,002,아우터,22,4073680,thenorthface,노스페이스,NV5VQ03A 남성 익스플로링 메시 베스트,https://image.msscdn.net/images/goods_img/20240422/4073680/4073680_17137697137589_500.jpg,False
2024-09,M,002021,베스트,002,아우터,23,3758340,musinsastandard,무신사 스탠다드,시티 레저 CN 멀티 포켓 베스트 [카키],https://image.msscdn.net/images/goods_img/20231215/3758340/3758340_17098739676009_500.jpg,False
2024-09,M,002021,베스트,002,아우터,24,1293166,lettercomo,레테르코모,미니멀 브이넥 니트 베스트 블랙,https://image.msscdn.net/images/goods_img/20200205/1293166/1293166_17218818865419_500.jpg,False
2024-09,M,002021,베스트,002,아우터,25,3887669,espionage,에스피오나지,Light Hiker Vest Black,https://image.msscdn.net/images/goods_img/20240221/3887669/3887669_17084956753381_500.jpg,False
2024-09,M,002021,베스트,002,아우터,26,4368968,frizmworks,프리즘웍스,JUNGLE CLOTH DECK VEST _ BROWN,https://image.msscdn.net/images/goods_img/20240826/4368968/4368968_17247597714991_500.jpg,False
2024-09,M,002021,베스트,002,아우터,27,1958404,lettercomo,레테르코모,시티보이 브이넥 니트베스트_블랙,https://image.msscdn.net/images/goods_img/20210520/1958404/1958404_17225627035904_500.jpg,False
2024-09,M,002021,베스트,002,아우터,28,3863371,frizmworks,프리즘웍스,HERITAGE HUNTING VEST _ NAVY,https://image.msscdn.net/images/goods_img/20240213/3863371/3863371_17562767315579_500.jpg,False
2024-09,M,002021,베스트,002,아우터,29,3652338,takeasy,테이크이지,오디너리 페어아일 베스트 가디건 - 2 COLOR,https://image.msscdn.net/images/goods_img/20231024/3652338/3652338_16999469117522_500.jpg,False
2024-09,M,002021,베스트,002,아우터,30,4323432,musinsastandard,무신사 스탠다드,시티 레저 유틸리티 패딩 베스트 [블랙],https://image.msscdn.net/images/goods_img/20240813/4323432/4323432_17273403512476_500.jpg,False
2024-09,M,002012,숏패딩/헤비 아우터,002,아우터,1,2994532,tenc,텐씨,허리케인 콤보 다운 아노락 패딩 - 블랙 / 23CTCUC03039999,https://image.msscdn.net/images/goods_img/20221223/2994532/2994532_16732244586471_500.jpg,False
2024-09,M,002012,숏패딩/헤비 아우터,002,아우터,2,2994533,tenc,텐씨,오스트랄 다운 베스트 재킷 - 블랙 / 23CTCUC03038999,https://image.msscdn.net/images/goods_img/20221223/2994533/2994533_16732243738106_500.jpg,False
2024-09,M,002012,숏패딩/헤비 아우터,002,아우터,3,3035917,tenc,텐씨,오스트랄 다운 베스트 재킷 - 베이지 / 23CTCUC03038903,https://image.msscdn.net/images/goods_img/20230120/3035917/3035917_16817969347948_500.jpg,False
2024-09,M,002012,숏패딩/헤비 아우터,002,아우터,4,3780728,maninstore,무드인사이드,남여공용 푸퍼 숏패딩_Black,https://image.msscdn.net/images/goods_img/20240108/3780728/3780728_17605828944256_500.jpg,False
2024-09,M,002012,숏패딩/헤비 아우터,002,아우터,5,2482269,thenorthface,노스페이스,NJ1DQ75A 남성 1996 눕시 자켓_BLACK,https://image.msscdn.net/images/goods_img/20220412/2482269/2482269_17210922117662_500.jpg,False
2024-09,M,002012,숏패딩/헤비 아우터,002,아우터,6,3519333,tenc,텐씨,[무신사 한정] 아틱 다운 파카 (투웨이) - 올리브 / 17CTCUC03075V2359,https://image.msscdn.net/images/goods_img/20230831/3519333/3519333_16957818090574_500.jpg,False
2024-09,M,002012,숏패딩/헤비 아우터,002,아우터,7,2704962,yale,예일,웜업 퀼팅자켓_블랙,https://image.msscdn.net/images/goods_img/20220808/2704962/2704962_17592064508547_500.jpg,False
2024-09,M,002012,숏패딩/헤비 아우터,002,아우터,8,3661027,tenc,텐씨,[무신사 한정] 아틱 다운 파카 (투웨이) - 다크 네이비 / 17CTCUC03075V2888,https://image.msscdn.net/images/goods_img/20231026/3661027/3661027_16999325378384_500.jpg,False
2024-09,M,002012,숏패딩/헤비 아우터,002,아우터,9,4291506,moncler,몽클레어,마야 쇼트 패딩 - 블랙 / J20911A5360068950999,https://image.msscdn.net/images/goods_img/20240802/4291506/4291506_17242854489265_500.jpg,False
2024-09,M,002012,숏패딩/헤비 아우터,002,아우터,10,4286631,thenorthface,노스페이스,NJ3NQ53A 남성 눕시 온볼 자켓_BLACK,https://image.msscdn.net/images/goods_img/20240731/4286631/4286631_17224141698600_500.jpg,False
2024-09,M,002012,숏패딩/헤비 아우터,002,아우터,11,3573429,dimito,디미토,GTX (VTX X EIDER) HAE HD GOOSE DOWN JACKET BLACK,https://image.msscdn.net/images/goods_img/20230919/3573429/3573429_16964927920526_500.jpg,False
2024-09,M,002012,숏패딩/헤비 아우터,002,아우터,12,3481696,salomon,살로몬,컨투어 다운 자켓_LC2580800,https://image.msscdn.net/images/goods_img/20230821/3481696/3481696_17285303377589_500.jpg,False
2024-09,M,002012,숏패딩/헤비 아우터,002,아우터,13,3470403,musinsastandardsp,무신사 스탠다드 스포츠,코어 패딩 자켓 (5colors),https://image.msscdn.net/images/goods_img/20230817/3470403/3470403_17876366461439_500.jpg,False
2024-09,M,002012,숏패딩/헤비 아우터,002,아우터,14,4460716,thisisneverthat,디스이즈네버댓,PERTEX® T Down Jacket Black,https://image.msscdn.net/images/goods_img/20240925/4460716/4460716_17272435550037_500.jpg,False
2024-09,M,002012,숏패딩/헤비 아우터,002,아우터,15,4374524,thisisneverthat,디스이즈네버댓,GORE-TEX WINDSTOPPER® Down Puffer Jacket Olive Brown,https://image.msscdn.net/images/goods_img/20240827/4374524/4374524_17253417742323_500.jpg,False
2024-09,M,002012,숏패딩/헤비 아우터,002,아우터,16,2875349,balenciaga,발렌시아가,BB 로고 집업 재킷 - 블랙 / 704507TMQ041055,https://image.msscdn.net/images/goods_img/20221019/2875349/2875349_1_500.jpg,False
2024-09,M,002012,숏패딩/헤비 아우터,002,아우터,17,3618836,iey,이에이,MN HOODIE DOWN JACKET Black,https://image.msscdn.net/images/goods_img/20231011/3618836/3618836_16983163729357_500.jpg,False
2024-09,M,002012,숏패딩/헤비 아우터,002,아우터,18,4452115,coor,쿠어,스탠드 칼라 넥 다운 푸퍼 (블랙),https://image.msscdn.net/images/goods_img/20240923/4452115/4452115_17271922557124_500.jpg,False
2024-09,M,002012,숏패딩/헤비 아우터,002,아우터,19,4421115,arcteryx,아크테릭스,토륨 후디 남성 - BLACK / AJOFMX7380,https://image.msscdn.net/images/goods_img/20240909/4421115/4421115_17273979440414_500.jpg,False
2024-09,M,002012,숏패딩/헤비 아우터,002,아우터,20,2810087,mooseknuckles,무스너클,스틸링 폭스퍼 패딩 - 블랙:블랙 / MK4661MP291,https://image.msscdn.net/images/goods_img/20220922/2810087/2810087_1_500.jpg,False
2024-09,M,002012,숏패딩/헤비 아우터,002,아우터,21,4462226,thenorthface,노스페이스,NJ1DQ97A 남성 퀀텀 눕시 자켓 (RDS 다운)_SILVER GRAY,https://image.msscdn.net/images/goods_img/20240925/4462226/4462226_17272413302543_500.jpg,False
2024-09,M,002012,숏패딩/헤비 아우터,002,아우터,22,4405500,nike,나이키,ACG PrimaLoft® 스컬 피크 스톰 핏 재킷 M - 블랙:앤트러사이트:블랙:써밋 화이트 / FV8682-010,https://image.msscdn.net/images/goods_img/20240904/4405500/4405500_17255856350515_500.jpg,False
2024-09,M,002012,숏패딩/헤비 아우터,002,아우터,23,2689357,nationalgeographic,내셔널지오그래픽,N234UDW920 헤론 U넥 경량 다운 점퍼 CARBON BLACK,https://image.msscdn.net/images/goods_img/20220729/2689357/2689357_16889809897979_500.jpg,False
2024-09,M,002012,숏패딩/헤비 아우터,002,아우터,24,2994530,tenc,텐씨,허리케인 콤보 다운 아노락 패딩 - 밀리터리 그린 / 23CTCUC03039659,https://image.msscdn.net/images/goods_img/20221223/2994530/2994530_16732245532078_500.jpg,False
2024-09,M,002012,숏패딩/헤비 아우터,002,아우터,25,3446548,diesel,디젤,W 쥬피트 맥시 로고 패딩 재킷 - 블랙 / A106070JKKL9XX,https://image.msscdn.net/images/goods_img/20230807/3446548/3446548_16929260711178_500.jpg,False
2024-09,M,002012,숏패딩/헤비 아우터,002,아우터,26,3930061,arcteryx,아크테릭스,세륨 후디 남성 - BLACK SAPPHIRE / AJOSMX7313,https://image.msscdn.net/images/goods_img/20240307/3930061/3930061_17104008332118_500.jpg,False
2024-09,M,002012,숏패딩/헤비 아우터,002,아우터,27,2911086,sunnei,써네이,시어링 패디드 오버 재킷 - 다크 데님 / CRTWXOUW006DEN005DKD,https://image.msscdn.net/images/goods_img/20221101/2911086/2911086_1_500.jpg,False
2024-09,M,002012,숏패딩/헤비 아우터,002,아우터,28,3036213,nobis,노비스,헤리티지 파카 - 네이비 / HERITAGENAVY,https://image.msscdn.net/images/goods_img/20230120/3036213/3036213_16787504740049_500.jpg,False
2024-09,M,002012,숏패딩/헤비 아우터,002,아우터,29,3780896,maninstore,무드인사이드,남여공용 푸퍼 숏패딩_Gray,https://image.msscdn.net/images/goods_img/20240108/3780896/3780896_17310255063558_500.jpg,False
2024-09,M,002012,숏패딩/헤비 아우터,002,아우터,30,2725782,thevinylhouse,더바이닐하우스,PUFFER HEAVY DOWN JACKET GREY (VH2CWUB900A),https://image.msscdn.net/images/goods_img/20220818/2725782/2725782_4_500.jpg,False
2024-09,M,002025,무스탕/퍼,002,아우터,1,1582142,left,레프트서울,에비에이터 B-3 무스탕 자켓 [블랙],https://image.msscdn.net/images/goods_img/20200903/1582142/1582142_17888321003811_500.jpg,False
2024-09,M,002025,무스탕/퍼,002,아우터,2,2985378,left,레프트서울,에비에이터 B-3 무스탕 자켓 [블랙/화이트],https://image.msscdn.net/images/goods_img/20221216/2985378/2985378_17888316910045_500.jpg,False
2024-09,M,002025,무스탕/퍼,002,아우터,3,3624719,pottery,포터리,B-3 Leather Jacket Turkish Sheepskin Natural Dying Finish (Dark Navy ),https://image.msscdn.net/images/goods_img/20231013/3624719/3624719_16980286133903_500.jpg,False
2024-09,M,002025,무스탕/퍼,002,아우터,4,3441876,left,레프트서울,에비에이터 B-3 무스탕 자켓 [말보로],https://image.msscdn.net/images/goods_img/20230802/3441876/3441876_17888337150641_500.jpg,False
2024-09,M,002025,무스탕/퍼,002,아우터,5,3635002,kinloch,커넥트킨록,하이넥 라인 무스탕 자켓 (4Color),https://image.msscdn.net/images/goods_img/20231017/3635002/3635002_17633603048478_500.jpg,False
2024-09,M,002025,무스탕/퍼,002,아우터,6,3612852,diafvine,디아프바인,DV.LOT 693 Type B-3 -Plain-,https://image.msscdn.net/images/goods_img/20231009/3612852/3612852_17391793484332_500.jpg,False
2024-09,M,002025,무스탕/퍼,002,아우터,7,3576772,lee,리,레더 무스탕 브라운,https://image.msscdn.net/images/goods_img/20230920/3576772/3576772_16951814805176_500.jpg,False
2024-09,M,002025,무스탕/퍼,002,아우터,8,3576773,lee,리,레더 무스탕 블랙,https://image.msscdn.net/images/goods_img/20230920/3576773/3576773_16993256073557_500.jpg,False
2024-09,M,002025,무스탕/퍼,002,아우터,9,4424968,drawfit,드로우핏,오버사이즈 라인 무스탕 자켓 [BLACK],https://image.msscdn.net/images/goods_img/20240910/4424968/4424968_17592953517737_500.jpg,False
2024-09,M,002025,무스탕/퍼,002,아우터,10,3640978,diafvine,디아프바인,DV.LOT 694 Type B-2 -Black-,https://image.msscdn.net/images/goods_img/20231019/3640978/3640978_16976909652189_500.jpg,False
2024-09,M,002025,무스탕/퍼,002,아우터,11,1571172,alphaindustries,알파 인더스트리,B-3 셰르파 무스탕 Deep Brown,https://image.msscdn.net/images/goods_img/20200831/1571172/1571172_3_500.jpg,False
2024-09,M,002025,무스탕/퍼,002,아우터,12,1582120,left,레프트서울,에비에이터 B-3 무스탕 자켓 [브라운],https://image.msscdn.net/images/goods_img/20200903/1582120/1582120_17888321761223_500.jpg,False
2024-09,M,002025,무스탕/퍼,002,아우터,13,1639805,aging,에이징씨씨씨,[탈론지퍼] 드롭숄더핏 B-3 무스탕 (블랙아이보리),https://image.msscdn.net/images/goods_img/20201008/1639805/1639805_17004550633958_500.jpg,False
2024-09,M,002025,무스탕/퍼,002,아우터,14,4424970,drawfit,드로우핏,오버사이즈 스웨이드 라인 무스탕 자켓 [BLACK],https://image.msscdn.net/images/goods_img/20240910/4424970/4424970_17592954376614_500.jpg,False
2024-09,M,002025,무스탕/퍼,002,아우터,15,3722668,brentwood,브렌우드,[essentials] 에코 무스탕 BIUDW23661BEX,https://image.msscdn.net/images/goods_img/20231120/3722668/3722668_17246389005066_500.jpg,False
2024-09,M,002025,무스탕/퍼,002,아우터,16,2270236,officialgarment,덴아워,밍크 퍼 오버핏 후드집업 (블랙),https://image.msscdn.net/images/goods_img/20211215/2270236/2270236_17592521840217_500.jpg,False
2024-09,M,002025,무스탕/퍼,002,아우터,17,4331316,londonunderground,런던 언더그라운드,Faux Leather Hoodie Jumper_Black,https://image.msscdn.net/images/goods_img/20240814/4331316/4331316_17236187592145_500.jpg,False
2024-09,M,002025,무스탕/퍼,002,아우터,18,4424969,drawfit,드로우핏,오버사이즈 라인 무스탕 자켓 [IVORY],https://image.msscdn.net/images/goods_img/20240910/4424969/4424969_17268073356193_500.jpg,False
2024-09,M,002025,무스탕/퍼,002,아우터,19,2738613,sperone,스페로네,리얼 시어링 무스탕 맨 (그레이),https://image.msscdn.net/images/goods_img/20220824/2738613/2738613_16872498346795_500.jpg,False
2024-09,M,002025,무스탕/퍼,002,아우터,20,3489998,romanticcrown,로맨틱크라운,바이커 무톤 자켓_블랙,https://image.msscdn.net/images/goods_img/20230823/3489998/3489998_17364757278706_500.jpg,False
2024-09,M,002025,무스탕/퍼,002,아우터,21,2786373,thisisneverthat,디스이즈네버댓,Floral Faux Fur Jacket Multi,https://image.msscdn.net/images/goods_img/20220913/2786373/2786373_1_500.jpg,False
2024-09,M,002025,무스탕/퍼,002,아우터,22,914737,sperone,스페로네,리얼 B3 무스탕 자켓 맨 (브라운),https://image.msscdn.net/images/goods_img/20181128/914737/914737_16992546313394_500.jpg,False
2024-09,M,002025,무스탕/퍼,002,아우터,23,914738,sperone,스페로네,리얼 B3 무스탕 자켓 맨 (블랙),https://image.msscdn.net/images/goods_img/20181128/914738/914738_16992551007717_500.jpg,False
2024-09,M,002025,무스탕/퍼,002,아우터,24,3672991,v2,브이투,70238 크롭 코팅 무스탕_브라운,https://image.msscdn.net/images/goods_img/20231031/3672991/3672991_17010541708289_500.jpg,False
2024-09,M,002025,무스탕/퍼,002,아우터,25,1571171,alphaindustries,알파 인더스트리,B-3 셰르파 무스탕 Black,https://image.msscdn.net/images/goods_img/20200831/1571171/1571171_3_500.jpg,False
2024-09,M,002025,무스탕/퍼,002,아우터,26,2213902,v2,브이투,620 VEGAN LEATHER MUSTANG_BLACK,https://image.msscdn.net/images/goods_img/20211103/2213902/2213902_6_500.jpg,False
2024-09,M,002025,무스탕/퍼,002,아우터,27,2786371,thisisneverthat,디스이즈네버댓,Floral Faux Fur Jacket Green,https://image.msscdn.net/images/goods_img/20220913/2786371/2786371_1_500.jpg,False
2024-09,M,002025,무스탕/퍼,002,아우터,28,1203256,koleat,콜릿,MEN 오버핏 무스탕 플리스 자켓 Black Beige,https://image.msscdn.net/images/goods_img/20191027/1203256/1203256_1_500.jpg,False
2024-09,M,002025,무스탕/퍼,002,아우터,29,3581492,kinloch,커넥트킨록,에비에이터 B-3 무스탕 자켓 (브라운),https://image.msscdn.net/images/goods_img/20230921/3581492/3581492_17024394516814_500.jpg,False
2024-09,M,002025,무스탕/퍼,002,아우터,30,2994064,panicale,빠니깔레,리버시블 하이넥 시어링 자켓 [카키],https://image.msscdn.net/images/goods_img/20221222/2994064/2994064_1_500.jpg,False
2024-09,M,002023,플리스/뽀글이,002,아우터,1,4280313,nomanual,노매뉴얼,T.S FLEECE JACKET - BLACK,https://image.msscdn.net/images/goods_img/20240729/4280313/4280313_17231682347853_500.jpg,False
2024-09,M,002023,플리스/뽀글이,002,아우터,2,4280314,nomanual,노매뉴얼,T.S FLEECE JACKET - CHARCOAL,https://image.msscdn.net/images/goods_img/20240729/4280314/4280314_17231682208080_500.jpg,False
2024-09,M,002023,플리스/뽀글이,002,아우터,3,2108160,spao,스파오,베이직 퍼플리스 집업_SPFZE4TC01,https://image.msscdn.net/images/goods_img/20210903/2108160/2108160_17605996485185_500.jpg,False
2024-09,M,002023,플리스/뽀글이,002,아우터,4,3473341,nationalgeographic,내셔널지오그래픽,N234UFJ901 스탠다드 오르카 플리스 집업 CARBON BLACK,https://image.msscdn.net/images/goods_img/20230817/3473341/3473341_16929420117371_500.jpg,False
2024-09,M,002023,플리스/뽀글이,002,아우터,5,1699799,lee,리,폴라플리스 집업 자켓 블랙,https://image.msscdn.net/images/goods_img/20201124/1699799/1699799_16921893441804_500.jpg,False
2024-09,M,002023,플리스/뽀글이,002,아우터,6,4346766,nakedsurfclub,네이키드서프클럽,페트 리사이클 드라이코트(6colors),https://image.msscdn.net/images/goods_img/20240820/4346766/4346766_17386368222871_500.jpg,False
2024-09,M,002023,플리스/뽀글이,002,아우터,7,4286964,thenorthface,노스페이스,NJ4FQ50J 화이트라벨 컴피 알파 플리스 집업_BLACK,https://image.msscdn.net/images/goods_img/20240731/4286964/4286964_17224152904342_500.jpg,False
2024-09,M,002023,플리스/뽀글이,002,아우터,8,4432439,jeep,지프,M-Logo 레인보우 라벨 하프넥 플리스 집업 2 color (JQ5TZU191),https://image.msscdn.net/images/goods_img/20240911/4432439/4432439_17560810698333_500.jpg,False
2024-09,M,002023,플리스/뽀글이,002,아우터,9,2786366,thisisneverthat,디스이즈네버댓,INTL. Fleece Jacket Leopard Blue,https://image.msscdn.net/images/goods_img/20220913/2786366/2786366_1_500.jpg,False
2024-09,M,002023,플리스/뽀글이,002,아우터,10,4420229,thenorthface,노스페이스,NJ4FQ52J 화이트라벨 뉴 유틸리티 플리스 자켓,https://image.msscdn.net/images/goods_img/20240909/4420229/4420229_17258561937616_500.jpg,False
2024-09,M,002023,플리스/뽀글이,002,아우터,11,4331716,supra,수프라,자가드 플리스자켓(NAVY),https://image.msscdn.net/images/goods_img/20240814/4331716/4331716_17236230691573_500.jpg,False
2024-09,M,002023,플리스/뽀글이,002,아우터,12,4289365,lee,리,트위치로고 폴라플리스 집업자켓 네이비,https://image.msscdn.net/images/goods_img/20240801/4289365/4289365_17224905150921_500.jpg,False
2024-09,M,002023,플리스/뽀글이,002,아우터,13,4252229,urbandtype,어반디타입,패디드 플리스 바시티 자켓_네이비,https://image.msscdn.net/images/goods_img/20240716/4252229/4252229_17556561498035_500.jpg,False
2024-09,M,002023,플리스/뽀글이,002,아우터,14,1567317,jeep,지프,M-Logo 레인보우 라벨 하프넥 플리스 집업 (JQ5TZU191BK),https://image.msscdn.net/images/goods_img/20200827/1567317/1567317_17871103144956_500.jpg,False
2024-09,M,002023,플리스/뽀글이,002,아우터,15,4383705,thenorthface,노스페이스,NJ4FQ51J 화이트라벨 밴프 플리스 자켓_BLACK,https://image.msscdn.net/images/goods_img/20240829/4383705/4383705_17249079815296_500.jpg,False
2024-09,M,002023,플리스/뽀글이,002,아우터,16,2100470,musinsastandard,무신사 스탠다드,오버사이즈 폴라 플리스 하이넥 재킷 [블랙],https://image.msscdn.net/images/goods_img/20210831/2100470/2100470_1_500.jpg,False
2024-09,M,002023,플리스/뽀글이,002,아우터,17,3496630,adidas,아디다스,윈터 플리스 재킷 - 베이지 / HZ0719,https://image.msscdn.net/images/goods_img/20230825/3496630/3496630_16938830702443_500.jpg,False
2024-09,M,002023,플리스/뽀글이,002,아우터,18,2824137,dynafit,다이나핏,DUSTIN (더스틴) α 플리스 자켓_Black,https://image.msscdn.net/images/goods_img/20220928/2824137/2824137_1_500.jpg,False
2024-09,M,002023,플리스/뽀글이,002,아우터,19,4420225,thenorthface,노스페이스,NJ4FQ52K 화이트라벨 뉴 유틸리티 플리스 자켓,https://image.msscdn.net/images/goods_img/20240909/4420225/4420225_17258561468156_500.jpg,False
2024-09,M,002023,플리스/뽀글이,002,아우터,20,2850102,yale,예일,엠브로이더리 댄 카라리스 보아 플리스 자켓_아이보리,https://image.msscdn.net/images/goods_img/20221011/2850102/2850102_17653340845444_500.jpg,False
2024-09,M,002023,플리스/뽀글이,002,아우터,21,1670498,jeep,지프,M-Logo 레인보우 라벨 하프넥 플리스 집업 (JQ5TZU191IV),https://image.msscdn.net/images/goods_img/20201030/1670498/1670498_17615290574286_500.jpg,False
2024-09,M,002023,플리스/뽀글이,002,아우터,22,1180665,musinsastandard,무신사 스탠다드,샤기 플리스 집업 재킷 [블랙],https://image.msscdn.net/images/goods_img/20191008/1180665/1180665_1_500.jpg,False
2024-09,M,002023,플리스/뽀글이,002,아우터,23,1699807,lee,리,폴라플리스 집업 자켓 아이보리,https://image.msscdn.net/images/goods_img/20201124/1699807/1699807_16921893715939_500.jpg,False
2024-09,M,002023,플리스/뽀글이,002,아우터,24,3620698,espionage,에스피오나지,Sherpa Fleece Jacket Navy,https://image.msscdn.net/images/goods_img/20231012/3620698/3620698_16977003578345_500.jpg,False
2024-09,M,002023,플리스/뽀글이,002,아우터,25,3682835,malbongolf,말본 골프,[Wiz Collection] 위자드 플리스 하프집 티셔츠 IVORY (MAN),https://image.msscdn.net/images/goods_img/20231103/3682835/3682835_16989861875986_500.jpg,False
2024-09,M,002023,플리스/뽀글이,002,아우터,26,1699805,lee,리,폴라플리스 집업 자켓 네이비,https://image.msscdn.net/images/goods_img/20201124/1699805/1699805_16921893576930_500.jpg,False
2024-09,M,002023,플리스/뽀글이,002,아우터,27,3470519,thenorthface,노스페이스,NJ5JP51A 아캄포 EX 가디건,https://image.msscdn.net/images/goods_img/20230817/3470519/3470519_16922396946543_500.jpg,False
2024-09,M,002023,플리스/뽀글이,002,아우터,28,4326414,musinsastandard,무신사 스탠다드,시티 레저 폴라 플리스 하프 집업 풀오버 [그레이],https://image.msscdn.net/images/goods_img/20240813/4326414/4326414_17273409603974_500.jpg,False
2024-09,M,002023,플리스/뽀글이,002,아우터,29,2813595,kodak,코닥,코다컬러 리버시블 플리스 자켓 KHAKI,https://image.msscdn.net/images/goods_img/20220922/2813595/2813595_16765948240758_500.jpg,False
2024-09,M,002023,플리스/뽀글이,002,아우터,30,3469953,covernat,커버낫,플리스 집업 자켓 블랙,https://image.msscdn.net/images/goods_img/20230817/3469953/3469953_16923520760377_500.png,False
2024-09,M,002007,겨울 싱글 코트,002,아우터,1,3405529,musinsastandard,무신사 스탠다드,캐시미어 블렌드 맥시 발마칸 코트 [블랙],https://image.msscdn.net/images/goods_img/20230712/3405529/3405529_17134081874839_500.jpg,False
2024-09,M,002007,겨울 싱글 코트,002,아우터,2,3563303,beslow,비슬로우,OVERSIZED CASHMERE BALMACAAN COAT NAVY,https://image.msscdn.net/images/goods_img/20230915/3563303/3563303_17272254920490_500.jpg,False
2024-09,M,002007,겨울 싱글 코트,002,아우터,3,2116411,musinsastandard,무신사 스탠다드,캐시미어 블렌드 오버사이즈 발마칸 코트 [블랙],https://image.msscdn.net/images/goods_img/20210908/2116411/2116411_17616270483710_500.jpg,False
2024-09,M,002007,겨울 싱글 코트,002,아우터,4,865862,musinsastandard,무신사 스탠다드,캐시미어 블렌드 오버사이즈 싱글 코트 [블랙],https://image.msscdn.net/images/goods_img/20180921/865862/865862_17657673085739_500.jpg,False
2024-09,M,002007,겨울 싱글 코트,002,아우터,5,2939628,choiyoung,최영,오버사이즈 체스터 필드 코트 블랙,https://image.msscdn.net/images/goods_img/20221112/2939628/2939628_2_500.jpg,False
2024-09,M,002007,겨울 싱글 코트,002,아우터,6,2894762,studionicholson,스튜디오니콜슨,몬디알 울 오버 코트 - 타맥 / MONDIALSNM683TARMAC,https://image.msscdn.net/images/goods_img/20221026/2894762/2894762_1_500.jpg,False
2024-09,M,002007,겨울 싱글 코트,002,아우터,7,1618313,musinsastandard,무신사 스탠다드,캐시미어 블렌드 대디 숄더 싱글 롱 코트 [블랙],https://image.msscdn.net/images/goods_img/20200923/1618313/1618313_17569514851734_500.jpg,False
2024-09,M,002007,겨울 싱글 코트,002,아우터,8,4266497,urbandtype,어반디타입,히티트울 발마칸 코트(Wool 61)_블랙,https://image.msscdn.net/images/goods_img/20240722/4266497/4266497_17586772721040_500.jpg,False
2024-09,M,002007,겨울 싱글 코트,002,아우터,9,3481219,coor,쿠어,벨란디 캐시미어 블렌드 발마칸 코트 (블랙),https://image.msscdn.net/images/goods_img/20230821/3481219/3481219_17896080593391_500.jpg,False
2024-09,M,002007,겨울 싱글 코트,002,아우터,10,4266499,urbandtype,어반디타입,히티트울 발마칸 코트(Wool 60)_베이지브라운,https://image.msscdn.net/images/goods_img/20240722/4266499/4266499_17399421281926_500.jpg,False
2024-09,M,002007,겨울 싱글 코트,002,아우터,11,3605861,iey,이에이,MAXI DUFFLE COAT Black,https://image.msscdn.net/images/goods_img/20231005/3605861/3605861_16983707963567_500.jpg,False
2024-09,M,002007,겨울 싱글 코트,002,아우터,12,4454277,coor,쿠어,캐시미어 블렌드 하이넥 코트 (신더그레이),https://image.msscdn.net/images/goods_img/20240923/4454277/4454277_17896080619990_500.jpg,False
2024-09,M,002007,겨울 싱글 코트,002,아우터,13,2782764,beslow,비슬로우,OVERSIZED CASHMERE BALMACAAN COAT BLACK,https://image.msscdn.net/images/goods_img/20220908/2782764/2782764_17272251996978_500.jpg,False
2024-09,M,002007,겨울 싱글 코트,002,아우터,14,3481221,coor,쿠어,벨란디 캐시미어 블렌드 발마칸 코트 (신더그레이),https://image.msscdn.net/images/goods_img/20230821/3481221/3481221_17271922234943_500.jpg,False
2024-09,M,002007,겨울 싱글 코트,002,아우터,15,4264612,stoneisland,스톤아일랜드,마이크로 트윌 와펜 코트 - 네이비 / 811570626V0020,https://image.msscdn.net/images/goods_img/20240722/4264612/4264612_17231853803184_500.jpg,False
2024-09,M,002007,겨울 싱글 코트,002,아우터,16,3605864,iey,이에이,MAXI DUFFLE COAT Camel,https://image.msscdn.net/images/goods_img/20231005/3605864/3605864_16983706872786_500.jpg,False
2024-09,M,002007,겨울 싱글 코트,002,아우터,17,3608476,theknitcompany,더니트컴퍼니,캐시미어 블렌드 발마칸 코트 [다크네이비],https://image.msscdn.net/images/goods_img/20231006/3608476/3608476_16965608761032_500.jpg,False
2024-09,M,002007,겨울 싱글 코트,002,아우터,18,1684196,avan,어반드레스,유니섹스 프렌치 롱 가운 오버핏 코트 7 COLOR,https://image.msscdn.net/images/goods_img/20201110/1684196/1684196_16771165785098_500.jpg,False
2024-09,M,002007,겨울 싱글 코트,002,아우터,19,3610896,youth,유스,Chesterfield Coat - Black,https://image.msscdn.net/images/goods_img/20231006/3610896/3610896_16974348687092_500.jpg,False
2024-09,M,002007,겨울 싱글 코트,002,아우터,20,3588156,iey,이에이,VOYAGE SINGLE COAT Camel,https://image.msscdn.net/images/goods_img/20230922/3588156/3588156_16983708879180_500.jpg,False
2024-09,M,002007,겨울 싱글 코트,002,아우터,21,3101876,nanushka,나누쉬카,코빈 패치 포켓 롱 코트 - 파인 그린 / NM22FWOW00369,https://image.msscdn.net/images/goods_img/20230222/3101876/3101876_16911264718242_500.jpg,False
2024-09,M,002007,겨울 싱글 코트,002,아우터,22,3405547,musinsastandard,무신사 스탠다드,울 블렌드 오버사이즈 쇼트 발마칸 코트 [블랙],https://image.msscdn.net/images/goods_img/20230712/3405547/3405547_16964760456668_500.jpg,False
2024-09,M,002007,겨울 싱글 코트,002,아우터,23,3583652,coor,쿠어,오버사이즈 알파카 블렌드 더플 코트 (다크그레이멜란지),https://image.msscdn.net/images/goods_img/20230921/3583652/3583652_17271827812816_500.jpg,False
2024-09,M,002007,겨울 싱글 코트,002,아우터,24,2854367,minimalproject,미니멀프로젝트,울 발마칸 코트 MCO102 [BLACK],https://image.msscdn.net/images/goods_img/20221012/2854367/2854367_17292180540895_500.jpg,False
2024-09,M,002007,겨울 싱글 코트,002,아우터,25,2860308,avan,어반드레스,125CM 슈퍼 롱 유니섹스 발마칸 모던 코트 블랙,https://image.msscdn.net/images/goods_img/20221013/2860308/2860308_16722053723106_500.jpg,False
2024-09,M,002007,겨울 싱글 코트,002,아우터,26,3606436,vivastudio,비바스튜디오,INCISION SINGLE COAT [BLACK],https://image.msscdn.net/images/goods_img/20231005/3606436/3606436_16981066700222_500.jpg,False
2024-09,M,002007,겨울 싱글 코트,002,아우터,27,2782762,beslow,비슬로우,OVERSIZED CASHMERE BALMACAAN COAT MELANGE BROWN,https://image.msscdn.net/images/goods_img/20220908/2782762/2782762_17272260003757_500.jpg,False
2024-09,M,002007,겨울 싱글 코트,002,아우터,28,3465134,afterpray12,애프터프레이,투어리스트 발마칸 코트 네이비,https://image.msscdn.net/images/goods_img/20230814/3465134/3465134_17247412389245_500.jpg,False
2024-09,M,002007,겨울 싱글 코트,002,아우터,29,4452234,coor,쿠어,캐시미어 블렌드 하프 코트 (멜란지토프),https://image.msscdn.net/images/goods_img/20240923/4452234/4452234_17271834552243_500.jpg,False
2024-09,M,002007,겨울 싱글 코트,002,아우터,30,2172267,urbandtype,어반디타입,히티트울 발마칸 코트(Wool 60)_네이비,https://image.msscdn.net/images/goods_img/20211012/2172267/2172267_17586775461713_500.jpg,False
2024-09,M,002024,겨울 더블 코트,002,아우터,1,3563284,beslow,비슬로우,[24FW Ver.]OVERSIZED CASHMERE DOUBLE BREASTED COAT BLACK,https://image.msscdn.net/images/goods_img/20230915/3563284/3563284_17282608161391_500.jpg,False
2024-09,M,002024,겨울 더블 코트,002,아우터,2,3397889,musinsastandard,무신사 스탠다드,캐시미어 블렌드 맥시 더블 로브 코트 [블랙],https://image.msscdn.net/images/goods_img/20230706/3397889/3397889_17134042556076_500.jpg,False
2024-09,M,002024,겨울 더블 코트,002,아우터,3,3638359,musinsastandard,무신사 스탠다드,캐시미어 블렌드 맥시 더블 로브 코트 [다크 브라운],https://image.msscdn.net/images/goods_img/20231018/3638359/3638359_17031495205735_500.jpg,False
2024-09,M,002024,겨울 더블 코트,002,아우터,4,2821697,urbandtype,어반디타입,히티드울 멜턴 더플코트(Wool 60)_네이비,https://image.msscdn.net/images/goods_img/20220927/2821697/2821697_17268010763691_500.jpg,False
2024-09,M,002024,겨울 더블 코트,002,아우터,5,1115974,insilence,인사일런스,캐시미어 더블 롱 코트 BLACK,https://image.msscdn.net/images/goods_img/20190812/1115974/1115974_17586915131267_500.jpg,False
2024-09,M,002024,겨울 더블 코트,002,아우터,6,3563279,beslow,비슬로우,[24FW Ver.]OVERSIZED CASHMERE DOUBLE BREASTED COAT MELANGE BROWN,https://image.msscdn.net/images/goods_img/20230915/3563279/3563279_17282613435325_500.jpg,False
2024-09,M,002024,겨울 더블 코트,002,아우터,7,2870830,satur,세터,에든버러 클래식 더블 브레스티드 코트 스틸그레이,https://image.msscdn.net/images/goods_img/20221017/2870830/2870830_2_500.jpg,False
2024-09,M,002024,겨울 더블 코트,002,아우터,8,2116421,musinsastandard,무신사 스탠다드,MANTECO 헤링본 대디 숄더 더블 롱 코트 [다크 그레이],https://image.msscdn.net/images/goods_img/20210908/2116421/2116421_17138672163311_500.jpg,False
2024-09,M,002024,겨울 더블 코트,002,아우터,9,2217531,avan,어반드레스,125CM 슈퍼 롱 오버핏 더블 코트,https://image.msscdn.net/images/goods_img/20211104/2217531/2217531_16722043899054_500.jpg,False
2024-09,M,002024,겨울 더블 코트,002,아우터,10,3578868,insilence,인사일런스,마펠 캐시미어 하프 더블 코트 BLACK,https://image.msscdn.net/images/goods_img/20230920/3578868/3578868_16958064771538_500.jpg,False
2024-09,M,002024,겨울 더블 코트,002,아우터,11,668822,coor,쿠어,MTR 오버핏 더블 롱 코트 (블랙),https://image.msscdn.net/images/goods_img/20171110/668822/668822_17271832549450_500.jpg,False
2024-09,M,002024,겨울 더블 코트,002,아우터,12,4284288,ourlegacy,아워 레가시,웨일 코트 - 블랙 / M4201WB,https://image.msscdn.net/images/goods_img/20240731/4284288/4284288_17235078477729_500.jpg,False
2024-09,M,002024,겨울 더블 코트,002,아우터,13,4397777,stoneisland,스톤아일랜드,멜튼 울 고스트피스 와펜 코트 - 블랙 / 8115441F5V0029,https://image.msscdn.net/images/goods_img/20240903/4397777/4397777_17261895198018_500.jpg,False
2024-09,M,002024,겨울 더블 코트,002,아우터,14,3931351,volante,볼란테,Chad Malone Tweed Double Coat [Black],https://image.msscdn.net/images/goods_img/20240307/3931351/3931351_17128189850263_500.jpg,False
2024-09,M,002024,겨울 더블 코트,002,아우터,15,4406403,noirer,노이어,캐시미어 체스터필드 오피서 코트 (미드나잇블루),https://image.msscdn.net/images/goods_img/20240904/4406403/4406403_17255172017002_500.jpg,False
2024-09,M,002024,겨울 더블 코트,002,아우터,16,3567273,studionicholson,스튜디오니콜슨,마스테 울 피코트 - 타맥 브라운 / MASTESNMTARMAC,https://image.msscdn.net/images/goods_img/20230918/3567273/3567273_17175451456001_500.jpg,False
2024-09,M,002024,겨울 더블 코트,002,아우터,17,3659852,kinloch,커넥트킨록,[2 STYLE] 오버핏 캐시미어 코트 (블랙),https://image.msscdn.net/images/goods_img/20231026/3659852/3659852_16988014690226_500.jpg,False
2024-09,M,002024,겨울 더블 코트,002,아우터,18,2116417,musinsastandard,무신사 스탠다드,MTR 대디 숄더 더블 롱 코트 [블랙],https://image.msscdn.net/images/goods_img/20210908/2116417/2116417_17137715949909_500.jpg,False
2024-09,M,002024,겨울 더블 코트,002,아우터,19,2991563,ami,아미,더블 페이스 코트 - 블랙 / UCO002251001,https://image.msscdn.net/images/goods_img/20221221/2991563/2991563_16741008287270_500.jpg,False
2024-09,M,002024,겨울 더블 코트,002,아우터,20,2144212,coor,쿠어,MTR 핸드메이드 더블 코트 (블랙),https://image.msscdn.net/images/goods_img/20210924/2144212/2144212_1_500.jpg,False
2024-09,M,002024,겨울 더블 코트,002,아우터,21,1635199,musinsastandard,무신사 스탠다드,캐시미어 20 오버사이즈 더블 코트 [블랙],https://image.msscdn.net/images/goods_img/20201006/1635199/1635199_17137722539173_500.jpg,False
2024-09,M,002024,겨울 더블 코트,002,아우터,22,879625,musinsastandard,무신사 스탠다드,캐시미어 블렌드 오버사이즈 더블 코트 [블랙],https://image.msscdn.net/images/goods_img/20181012/879625/879625_16941406333404_500.jpg,False
2024-09,M,002024,겨울 더블 코트,002,아우터,23,3717069,ziosongzio,지오송지오,타임리스 더블 노치드 코트 블랙,https://image.msscdn.net/images/goods_img/20231116/3717069/3717069_17001220586225_500.jpg,False
2024-09,M,002024,겨울 더블 코트,002,아우터,24,3638684,noirer,노이어,펜시 트위드 더블 브레스티드 코트 (블랙),https://image.msscdn.net/images/goods_img/20231018/3638684/3638684_17256034044533_500.jpg,False
2024-09,M,002024,겨울 더블 코트,002,아우터,25,3406400,lmood,엘무드,그레이웨일 더블 코트 FELTRO 블랙,https://image.msscdn.net/images/goods_img/20230712/3406400/3406400_17285255626045_500.jpg,False
2024-09,M,002024,겨울 더블 코트,002,아우터,26,904508,veryvain,베리베인,WINTER STANDARD COAT (DOUBLE/BLACK),https://image.msscdn.net/images/goods_img/20181113/904508/904508_2_500.jpg,False
2024-09,M,002024,겨울 더블 코트,002,아우터,27,2780239,insilence,인사일런스,핸드메이드 더블 코트 MELANGE GREY,https://image.msscdn.net/images/goods_img/20220907/2780239/2780239_2_500.jpg,False
2024-09,M,002024,겨울 더블 코트,002,아우터,28,3598065,pottery,포터리,Melton Wool Double Breasted Coat_Dark Navy,https://image.msscdn.net/images/goods_img/20230927/3598065/3598065_16957801572947_500.jpg,False
2024-09,M,002024,겨울 더블 코트,002,아우터,29,2518473,musinsastandard,무신사 스탠다드,MANTECO 헤링본 대디 숄더 더블 롱 코트 [브라운],https://image.msscdn.net/images/goods_img/20220427/2518473/2518473_17147171384499_500.jpg,False
2024-09,M,002024,겨울 더블 코트,002,아우터,30,3740892,ourlegacy,아워 레가시,더블 브레스티드 울 피코트 - 블랙 / M4231PBO,https://image.msscdn.net/images/goods_img/20231201/3740892/3740892_17050525772287_500.jpg,False
2024-09,M,002009,겨울 기타 코트,002,아우터,1,2832041,doublerl,더블알엘,오크포드 울 코트 - 네이비,https://image.msscdn.net/images/goods_img/20220930/2832041/2832041_1_500.jpg,False
2024-09,M,002009,겨울 기타 코트,002,아우터,2,2863075,trillion,트릴리온,유니섹스 발마칸 더플 숏 코트 (BLACK),https://image.msscdn.net/images/goods_img/20221014/2863075/2863075_1_500.jpg,False
2024-09,M,002009,겨울 기타 코트,002,아우터,3,2866837,goodlifeworks,굿라이프웍스,오버핏 더플 코트 네이비,https://image.msscdn.net/images/goods_img/20221017/2866837/2866837_2_500.jpg,False
2024-09,M,002009,겨울 기타 코트,002,아우터,4,2169102,londontradition,런던트레디션,Mens Erica Duffle Coat - Navy SBB 130,https://image.msscdn.net/images/goods_img/20211008/2169102/2169102_1_500.jpg,False
2024-09,M,002009,겨울 기타 코트,002,아우터,5,3721273,brentwood,브렌우드,[이노버] 베스트 탈착 다운코트 BRCCW23532BUX,https://image.msscdn.net/images/goods_img/20231117/3721273/3721273_17002216788562_500.jpg,False
2024-09,M,002009,겨울 기타 코트,002,아우터,6,2594255,decoroso,데꼬로소,마엘 로브 롱 코트 [블랙],https://image.msscdn.net/images/goods_img/20220531/2594255/2594255_17593717886496_500.jpg,False
2024-09,M,002009,겨울 기타 코트,002,아우터,7,2238440,partimento,파르티멘토,오버사이즈 멜톤 더플 롱 코트 네이비,https://image.msscdn.net/images/goods_img/20211117/2238440/2238440_1_500.jpg,False
2024-09,M,002009,겨울 기타 코트,002,아우터,8,3642983,londontradition,런던트레디션,Milford Mens Duffle Coat - Vicuna 132,https://image.msscdn.net/images/goods_img/20231020/3642983/3642983_16977630704835_500.jpg,False
2024-09,M,002009,겨울 기타 코트,002,아우터,9,3579062,horlisun,홀리선,Winterport Wool Coat Seasonal Melange Gray,https://image.msscdn.net/images/goods_img/20230920/3579062/3579062_16953457814847_500.jpg,False
2024-09,M,002009,겨울 기타 코트,002,아우터,10,3405552,musinsastandard,무신사 스탠다드,울 블렌드 오버사이즈 더플 코트 [네이비],https://image.msscdn.net/images/goods_img/20230712/3405552/3405552_17364971561413_500.jpg,False
2024-09,M,002009,겨울 기타 코트,002,아우터,11,3721274,brentwood,브렌우드,[이노버] 베스트 탈착 다운코트 BRCCW23532KHX,https://image.msscdn.net/images/goods_img/20231117/3721274/3721274_17002217586430_500.jpg,False
2024-09,M,002009,겨울 기타 코트,002,아우터,12,2175217,doublerl,더블알엘,코듀로이 피코트 - 블랙,https://image.msscdn.net/images/goods_img/20211013/2175217/2175217_1_500.jpg,False
2024-09,M,002009,겨울 기타 코트,002,아우터,13,4313833,westgrandblvd,웨스트 그랜드 블러바드,하버 발마칸 펠티드 울 숏 코트 GREY,https://image.msscdn.net/images/goods_img/20240809/4313833/4313833_17256046368605_500.jpg,False
2024-09,M,002009,겨울 기타 코트,002,아우터,14,2870827,satur,세터,릴리 코지 로브 코트 카놀리 크림,https://image.msscdn.net/images/goods_img/20221017/2870827/2870827_2_500.jpg,False
2024-09,M,002009,겨울 기타 코트,002,아우터,15,3784499,needles,니들스,헤링본 멜튼 더플 코트 - 카멜 / NS090CAMEL,https://image.msscdn.net/images/goods_img/20240109/3784499/3784499_17066681579425_500.jpg,False
2024-09,M,002009,겨울 기타 코트,002,아우터,16,3642618,londontradition,런던트레디션,Milford Mens Duffle Coat - Navy BW 28,https://image.msscdn.net/images/goods_img/20231019/3642618/3642618_16977087293689_500.jpg,False
2024-09,M,002009,겨울 기타 코트,002,아우터,17,2863073,trillion,트릴리온,유니섹스 발마칸 더플 숏 코트 (BROWN),https://image.msscdn.net/images/goods_img/20221014/2863073/2863073_1_500.jpg,False
2024-09,M,002009,겨울 기타 코트,002,아우터,18,3405544,musinsastandard,무신사 스탠다드,울 블렌드 오버사이즈 숏 더플 코트 [네이비],https://image.msscdn.net/images/goods_img/20230712/3405544/3405544_16971527815834_500.jpg,False
2024-09,M,002009,겨울 기타 코트,002,아우터,19,4266475,urbandtype,어반디타입,히티드울 멜턴 더플코트(Wool 61)_차콜,https://image.msscdn.net/images/goods_img/20240722/4266475/4266475_17630980496740_500.jpg,False
2024-09,M,002009,겨울 기타 코트,002,아우터,20,3533707,amfeast,암피스트,스탠리 더플 코트 네이비,https://image.msscdn.net/images/goods_img/20230906/3533707/3533707_16986408129600_500.jpg,False
2024-09,M,002009,겨울 기타 코트,002,아우터,21,4302063,henrycottons,헨리코튼,클래식 파일럿_AHCAW23701KHL,https://image.msscdn.net/images/goods_img/20240806/4302063/4302063_17229344458479_500.jpg,False
2024-09,M,002009,겨울 기타 코트,002,아우터,22,3659835,jillstuartnewyorkm,질스튜어트뉴욕 맨,블랙 후드 하프 더플 코트 (JNCO3D302BK),https://image.msscdn.net/images/goods_img/20231026/3659835/3659835_16982796457350_500.jpg,False
2024-09,M,002009,겨울 기타 코트,002,아우터,23,3741242,londontradition,런던트레디션,Seaton Mens Oversize Coat - Black BW A41,https://image.msscdn.net/images/goods_img/20231201/3741242/3741242_17014100030691_500.jpg,False
2024-09,M,002009,겨울 기타 코트,002,아우터,24,2594256,decoroso,데꼬로소,마엘 로브 롱 코트 [그레이],https://image.msscdn.net/images/goods_img/20220531/2594256/2594256_17593717642896_500.jpg,False
2024-09,M,002009,겨울 기타 코트,002,아우터,25,2870824,satur,세터,릴리 코지 로브 코트 올리브블랙,https://image.msscdn.net/images/goods_img/20221017/2870824/2870824_2_500.jpg,False
2024-09,M,002009,겨울 기타 코트,002,아우터,26,3399327,manontheboon,맨온더분,울 캐시미어 핸드메이드 코트_다크 브라운 4713307009,https://image.msscdn.net/images/goods_img/20230707/3399327/3399327_16887106222314_500.jpg,False
2024-09,M,002009,겨울 기타 코트,002,아우터,27,1676170,malen,말렌,유니섹스 더플코트 네이비,https://image.msscdn.net/images/goods_img/20201103/1676170/1676170_1_500.jpg,False
2024-09,M,002009,겨울 기타 코트,002,아우터,28,2863193,trillion,트릴리온,유니섹스 발마칸 더플 롱 코트 (BLACK),https://image.msscdn.net/images/goods_img/20221014/2863193/2863193_1_500.jpg,False
2024-09,M,002009,겨울 기타 코트,002,아우터,29,2159988,sevenfigures,세븐피겨스,후드 더플 코트 C5,https://image.msscdn.net/images/goods_img/20211001/2159988/2159988_1_500.jpg,False
2024-09,M,002009,겨울 기타 코트,002,아우터,30,3716919,ziosongzio,지오송지오,미드렝스 발마칸 코트 블랙,https://image.msscdn.net/images/goods_img/20231116/3716919/3716919_17007260229393_500.jpg,False
2024-09,M,002013,롱패딩/헤비 아우터,002,아우터,1,2680364,codegraphy,코드그라피,[23년 패딩 Ver.] 피쉬테일 레이어드 후드 롱파카_카키,https://image.msscdn.net/images/goods_img/20220725/2680364/2680364_17893549555200_500.jpg,False
2024-09,M,002013,롱패딩/헤비 아우터,002,아우터,2,3479989,discoveryexpedition,디스커버리 익스페디션,남성 레스터G RDS 구스다운 롱패딩 (BLACK),https://image.msscdn.net/images/goods_img/20230821/3479989/3479989_16977835359356_500.jpg,False
2024-09,M,002013,롱패딩/헤비 아우터,002,아우터,3,3036207,nobis,노비스,시티즌 파카 - 네이비 / CITIZENNAVY,https://image.msscdn.net/images/goods_img/20230120/3036207/3036207_16787508606504_500.jpg,False
2024-09,M,002013,롱패딩/헤비 아우터,002,아우터,4,4327173,thenorthface,노스페이스,NC1DQ50J 화이트라벨 액션 프리 RDS 다운 코트_BLACK,https://image.msscdn.net/images/goods_img/20240813/4327173/4327173_17235381048878_500.jpg,False
2024-09,M,002013,롱패딩/헤비 아우터,002,아우터,5,3574916,nationalgeographic,내셔널지오그래픽,N234UDW860 카이만 프로 롱기장 구스 다운 점퍼 SMALL LOGO BLACK,https://image.msscdn.net/images/goods_img/20230919/3574916/3574916_16998525149640_500.jpg,False
2024-09,M,002013,롱패딩/헤비 아우터,002,아우터,6,3555034,covernat,커버낫,RDS 씨빅 롱 다운 파카,https://image.msscdn.net/images/goods_img/20230913/3555034/3555034_17617995117198_500.jpg,False
2024-09,M,002013,롱패딩/헤비 아우터,002,아우터,7,1647181,maisonmined,메종미네드,BLACK DOUBLE LONG GOOSE DOWN,https://image.msscdn.net/images/goods_img/20201014/1647181/1647181_2_500.jpg,False
2024-09,M,002013,롱패딩/헤비 아우터,002,아우터,8,920520,fcmm,에프씨엠엠,클럽 팀 풋볼 벤치 롱 패딩 2color,https://image.msscdn.net/images/goods_img/20181212/920520/920520_17588685279951_500.jpg,False
2024-09,M,002013,롱패딩/헤비 아우터,002,아우터,9,2148659,umbro,엄브로,액티브 플라이트 구스 롱 다운 자켓 블랙(UO423SDJN1),https://image.msscdn.net/images/goods_img/20210927/2148659/2148659_17255187389055_500.jpg,False
2024-09,M,002013,롱패딩/헤비 아우터,002,아우터,10,3574915,nationalgeographic,내셔널지오그래픽,N234UDW860 카이만 프로 롱기장 구스 다운 점퍼 BIG LOGO BLACK,https://image.msscdn.net/images/goods_img/20230919/3574915/3574915_16998525363371_500.jpg,False
2024-09,M,002013,롱패딩/헤비 아우터,002,아우터,11,3612729,frizmworks,프리즘웍스,METALLIC LEVEL 7 MONSTER PARKA _ BLACK,https://image.msscdn.net/images/goods_img/20231009/3612729/3612729_16975562702683_500.jpg,False
2024-09,M,002013,롱패딩/헤비 아우터,002,아우터,12,3465703,k2,케이투,ALP 코볼드(KOBOLD) 베르시나_Black,https://image.msscdn.net/images/goods_img/20230816/3465703/3465703_16921488406242_500.jpg,False
2024-09,M,002013,롱패딩/헤비 아우터,002,아우터,13,2721258,codegraphy,코드그라피,[23년 패딩 Ver.] 피쉬테일 레이어드 후드 롱파카_블랙,https://image.msscdn.net/images/goods_img/20220817/2721258/2721258_17893546168476_500.jpg,False
2024-09,M,002013,롱패딩/헤비 아우터,002,아우터,14,3589867,k2,케이투,시그니처 고스트(GHOST) LONG 다운_Black,https://image.msscdn.net/images/goods_img/20230925/3589867/3589867_16956026180108_500.jpg,False
2024-09,M,002013,롱패딩/헤비 아우터,002,아우터,15,3558621,rziozia,지오지아,남성) 맥코트형 덕다운 코트_AED4FP1105,https://image.msscdn.net/images/goods_img/20230913/3558621/3558621_17278434861204_500.jpg,False
2024-09,M,002013,롱패딩/헤비 아우터,002,아우터,16,4311906,penfield,펜필드,DUFFLE REVERSIBLE PARKA OLIVE_FQ4WD54U,https://image.msscdn.net/images/goods_img/20240808/4311906/4311906_17252602522624_500.jpg,False
2024-09,M,002013,롱패딩/헤비 아우터,002,아우터,17,2855302,offgrid,오프그리드,OG 코어 RDS 롱다운-블랙,https://image.msscdn.net/images/goods_img/20221012/2855302/2855302_1_500.jpg,False
2024-09,M,002013,롱패딩/헤비 아우터,002,아우터,18,3542933,frizmworks,프리즘웍스,HEAVY NYLON M65 FISHTAIL PARKA _ BLACK,https://image.msscdn.net/images/goods_img/20230907/3542933/3542933_16947077620047_500.jpg,False
2024-09,M,002013,롱패딩/헤비 아우터,002,아우터,19,3971140,uspoloassn,유에스 폴로 어신,화이트라벨 롱 구스다운 벤치코트_BLACK,https://image.msscdn.net/images/goods_img/20240320/3971140/3971140_17664679716035_500.jpg,False
2024-09,M,002013,롱패딩/헤비 아우터,002,아우터,20,3593240,penfield,펜필드,60/40 MOUNTAIN HEAVY PARKA YELLOW_FP4WD81U,https://image.msscdn.net/images/goods_img/20230925/3593240/3593240_16970968617530_500.jpg,False
2024-09,M,002013,롱패딩/헤비 아우터,002,아우터,21,3601733,codegraphy,코드그라피,[DIVO] RDS 에센셜 롱다운 파카_블랙,https://image.msscdn.net/images/goods_img/20231004/3601733/3601733_17218066954926_500.jpg,False
2024-09,M,002013,롱패딩/헤비 아우터,002,아우터,22,3595354,discoveryexpedition,디스커버리 익스페디션,남성 레스터G RDS 구스다운 롱패딩 (L/BLACK),https://image.msscdn.net/images/goods_img/20230926/3595354/3595354_17031375193725_500.jpg,False
2024-09,M,002013,롱패딩/헤비 아우터,002,아우터,23,3612732,frizmworks,프리즘웍스,METALLIC LEVEL 7 MONSTER PARKA _ WARM GRAY,https://image.msscdn.net/images/goods_img/20231009/3612732/3612732_16975562139042_500.jpg,False
2024-09,M,002013,롱패딩/헤비 아우터,002,아우터,24,3652425,puma,푸마,울트라3 쉴드 구스 미드 다운 자켓 - 그레이,https://image.msscdn.net/images/goods_img/20231024/3652425/3652425_16986362099623_500.jpg,False
2024-09,M,002013,롱패딩/헤비 아우터,002,아우터,25,2737329,outdoorproducts,아웃도어 프로덕츠,퍼텍스 언리미티드 M-65 파카 PERTEX UNLIMITED M-65 PARKA,https://image.msscdn.net/images/goods_img/20220823/2737329/2737329_6_500.jpg,False
2024-09,M,002013,롱패딩/헤비 아우터,002,아우터,26,3740998,rziozia,지오지아,남성) 클라우드 롱 다운_AED4FP1102,https://image.msscdn.net/images/goods_img/20231201/3740998/3740998_17241410428404_500.jpg,False
2024-09,M,002013,롱패딩/헤비 아우터,002,아우터,27,3652529,lee,리,다운 몬스터 파카 블랙,https://image.msscdn.net/images/goods_img/20231024/3652529/3652529_16993254394370_500.jpg,False
2024-09,M,002013,롱패딩/헤비 아우터,002,아우터,28,3714159,duvetica,듀베티카,메그레즈(블랙)(남성 아우터),https://image.msscdn.net/images/goods_img/20231115/3714159/3714159_17120452163267_500.jpg,False
2024-09,M,002013,롱패딩/헤비 아우터,002,아우터,29,2889299,thisisneverthat,디스이즈네버댓,PERTEX® T Long Down Parka Off White,https://image.msscdn.net/images/goods_img/20221025/2889299/2889299_1_500.jpg,False
2024-09,M,002013,롱패딩/헤비 아우터,002,아우터,30,3585203,kiimuir,키뮤어,(덕 다운) 벌룬 플라켓 롱 다운 점퍼_블랙,https://image.msscdn.net/images/goods_img/20230921/3585203/3585203_17168734614873_500.jpg,False
2024-09,M,002016,패딩 베스트,002,아우터,1,3604607,thenorthface,노스페이스,NV1DQ51J 화이트라벨 노벨티 눕시 다운 베스트_BLACK,https://image.msscdn.net/images/goods_img/20231005/3604607/3604607_16964804005315_500.jpg,False
2024-09,M,002016,패딩 베스트,002,아우터,2,3378526,musinsastandard,무신사 스탠다드,시티 레저 다운 패딩 베스트 [블랙],https://image.msscdn.net/images/goods_img/20230622/3378526/3378526_17133382296821_500.jpg,False
2024-09,M,002016,패딩 베스트,002,아우터,3,3796656,thenorthface,노스페이스,NV1DQ51K 화이트라벨 노벨티 눕시 다운 베스트_CREAM,https://image.msscdn.net/images/goods_img/20240116/3796656/3796656_17053699433918_500.jpg,False
2024-09,M,002016,패딩 베스트,002,아우터,4,3967536,thenorthface,노스페이스,NV1DQ55A 남성 1996 눕시 베스트_BLACK,https://image.msscdn.net/images/goods_img/20240319/3967536/3967536_17108298118248_500.jpg,False
2024-09,M,002016,패딩 베스트,002,아우터,5,3197498,mooseknuckles,무스너클,몬트리올 베스트 - 블랙 / M32MV474292,https://image.msscdn.net/images/goods_img/20230331/3197498/3197498_16862903196183_500.jpg,False
2024-09,M,002016,패딩 베스트,002,아우터,6,3918364,arcteryx,아크테릭스,세륨 베스트 남성 - BLACK / ATOSMX7455,https://image.msscdn.net/images/goods_img/20240304/3918364/3918364_17101191390157_500.jpg,False
2024-09,M,002016,패딩 베스트,002,아우터,7,4441870,thisisneverthat,디스이즈네버댓,GD Native Reversible Down Vest Multi,https://image.msscdn.net/images/goods_img/20240918/4441870/4441870_17270676168587_500.jpg,False
2024-09,M,002016,패딩 베스트,002,아우터,8,2820356,lettercomo,레테르코모,아워 인피니엄 패딩베스트 블랙,https://image.msscdn.net/images/goods_img/20220926/2820356/2820356_1_500.jpg,False
2024-09,M,002016,패딩 베스트,002,아우터,9,4264617,stoneisland,스톤아일랜드,나일론 스트레치 와펜 베스트 패딩 - 블랙 / 8115G0828V0029,https://image.msscdn.net/images/goods_img/20240722/4264617/4264617_17231857493912_500.jpg,False
2024-09,M,002016,패딩 베스트,002,아우터,10,3444056,nationalgeographic,내셔널지오그래픽,내셔널지오그래픽 N234UDV910 헤론 U넥 경량 다운 베스트 CARBON BLACK,https://image.msscdn.net/images/goods_img/20230803/3444056/3444056_16993255924109_500.jpg,False
2024-09,M,002016,패딩 베스트,002,아우터,11,3590148,nautica,노티카,83플래그 요트 리버시블 다운베스트(네이비),https://image.msscdn.net/images/goods_img/20230925/3590148/3590148_16995998038710_500.jpg,False
2024-09,M,002016,패딩 베스트,002,아우터,12,3641976,matinkim,마뗑킴,FOLDED POCKET DOWN VEST FOR MEN IN BLACK,https://image.msscdn.net/images/goods_img/20231019/3641976/3641976_16977005766231_500.jpg,False
2024-09,M,002016,패딩 베스트,002,아우터,13,4260195,stoneisland,스톤아일랜드,나일론 메탈 집업 베스트 패딩 - 블랙 / 8115G0419V0029,https://image.msscdn.net/images/goods_img/20240719/4260195/4260195_17230158453507_500.jpg,False
2024-09,M,002016,패딩 베스트,002,아우터,14,4287007,thenorthface,노스페이스,NV3NQ58A 남성 르위스 티볼 베스트_BLACK,https://image.msscdn.net/images/goods_img/20240731/4287007/4287007_17224155041364_500.jpg,False
2024-09,M,002016,패딩 베스트,002,아우터,15,3406299,diesel,디젤,W 호킬 SL 조끼 패딩 - 블랙 / A106930BHAZ9XX,https://image.msscdn.net/images/goods_img/20230712/3406299/3406299_16923357810982_500.jpg,False
2024-09,M,002016,패딩 베스트,002,아우터,16,3590149,nautica,노티카,83플래그 요트 리버시블 다운베스트(다크네이비),https://image.msscdn.net/images/goods_img/20230925/3590149/3590149_17084828447790_500.jpg,False
2024-09,M,002016,패딩 베스트,002,아우터,17,3436248,ilcorso,일꼬르소,[oam.factory X ILCORSO] 플로우 구스 다운 베스트 블랙 IEJU3F702BK,https://image.msscdn.net/images/goods_img/20230801/3436248/3436248_16970037015385_500.jpg,False
2024-09,M,002016,패딩 베스트,002,아우터,18,606312,musinsastandard,무신사 스탠다드,브이넥 라이트 다운 베스트 [블랙],https://image.msscdn.net/images/goods_img/20170822/606312/606312_4_500.jpg,False
2024-09,M,002016,패딩 베스트,002,아우터,19,4380283,moif,모이프,[AW24]OVER MIL VEST / BLACK,https://image.msscdn.net/images/goods_img/20240828/4380283/4380283_17248327378708_500.jpg,False
2024-09,M,002016,패딩 베스트,002,아우터,20,4323433,musinsastandard,무신사 스탠다드,시티 레저 유틸리티 패딩 베스트 [그레이],https://image.msscdn.net/images/goods_img/20240813/4323433/4323433_17273403404746_500.jpg,False
2024-09,M,002016,패딩 베스트,002,아우터,21,3589076,yeseyesee,예스아이씨,Newsboy Down Vest Navy,https://image.msscdn.net/images/goods_img/20230922/3589076/3589076_16963982630155_500.jpg,False
2024-09,M,002016,패딩 베스트,002,아우터,22,3542921,frizmworks,프리즘웍스,MOUNTAIN DOWN VEST _ OLIVE,https://image.msscdn.net/images/goods_img/20230907/3542921/3542921_16947076773442_500.jpg,False
2024-09,M,002016,패딩 베스트,002,아우터,23,3451293,nomanual,노매뉴얼,TRACK DUCK DOWN VEST - GLOSSY BLACK,https://image.msscdn.net/images/goods_img/20230808/3451293/3451293_17260538086539_500.jpg,False
2024-09,M,002016,패딩 베스트,002,아우터,24,4397046,frizmworks,프리즘웍스,KARAKORAM DOWN VEST _ DARK GREEN,https://image.msscdn.net/images/goods_img/20240903/4397046/4397046_17253822912157_500.jpg,False
2024-09,M,002016,패딩 베스트,002,아우터,25,4397047,frizmworks,프리즘웍스,KARAKORAM DOWN VEST _ ORANGE,https://image.msscdn.net/images/goods_img/20240903/4397047/4397047_17253822647593_500.jpg,False
2024-09,M,002016,패딩 베스트,002,아우터,26,3606929,oy,오와이,B.C DOWN VEST-BLACK,https://image.msscdn.net/images/goods_img/20231005/3606929/3606929_16965815324653_500.png,False
2024-09,M,002016,패딩 베스트,002,아우터,27,2744533,codegraphy,코드그라피,[DIVO] RDS 유틸리티 덕다운 베스트_블랙,https://image.msscdn.net/images/goods_img/20220825/2744533/2744533_17173915574028_500.jpg,False
2024-09,M,002016,패딩 베스트,002,아우터,28,3226502,mooseknuckles,무스너클,로고 패딩 베스트 - 네이비 / M32MV474833,https://image.msscdn.net/images/goods_img/20230412/3226502/3226502_16862904033684_500.jpg,False
2024-09,M,002016,패딩 베스트,002,아우터,29,3814180,espionage,에스피오나지,Utility Down Vest Olive,https://image.msscdn.net/images/goods_img/20240123/3814180/3814180_17066135534231_500.jpg,False
2024-09,M,002016,패딩 베스트,002,아우터,30,4241965,spao,스파오,베이직 패쪼_SPJVE4TC01,https://image.msscdn.net/images/goods_img/20240710/4241965/4241965_17295720190889_500.jpg,False
2024-09,M,002015,기타 아우터,002,아우터,1,2837405,matinkim,마뗑킴,MATIN KIM LOGO COATING JUMPER,https://image.msscdn.net/images/goods_img/20221004/2837405/2837405_1_500.jpg,False
2024-09,M,002015,기타 아우터,002,아우터,2,4282754,arcteryx,아크테릭스,아톰 후디 남성 - BLACK / AJOFMX7487,https://image.msscdn.net/images/goods_img/20240730/4282754/4282754_17240339699235_500.jpg,False
2024-09,M,002015,기타 아우터,002,아우터,3,4350459,coor,쿠어,오버 다잉 페이디드 데미지 워크 자켓 (워시드블랙),https://image.msscdn.net/images/goods_img/20240820/4350459/4350459_17388943175969_500.jpg,False
2024-09,M,002015,기타 아우터,002,아우터,4,3807619,outstanding,아웃스탠딩,FRENCH WORK JACKET_BLUE,https://image.msscdn.net/images/goods_img/20240118/3807619/3807619_17374208908529_500.jpg,False
2024-09,M,002015,기타 아우터,002,아우터,5,3892124,doffjason,도프제이슨,리암 빈티지 워크 자켓 MIDNIGHT KHAKI,https://image.msscdn.net/images/goods_img/20240222/3892124/3892124_17090940709820_500.jpg,False
2024-09,M,002015,기타 아우터,002,아우터,6,4218462,arcteryx,아크테릭스,베타 자켓 남성 - BLACK / AJOSMX7507,https://image.msscdn.net/images/goods_img/20240625/4218462/4218462_17204034454884_500.jpg,False
2024-09,M,002015,기타 아우터,002,아우터,7,1620285,poloralphlauren,폴로 랄프 로렌,바이스윙 윈드브레이커 - 네이비,https://image.msscdn.net/images/goods_img/20200923/1620285/1620285_2_500.jpg,False
2024-09,M,002015,기타 아우터,002,아우터,8,4323296,alyss,알리스,[오정규X알리스] 테슬 라인 스티치 니트 라운드 자켓 [딥네이비],https://image.msscdn.net/images/goods_img/20240813/4323296/4323296_17258474367460_500.jpg,False
2024-09,M,002015,기타 아우터,002,아우터,9,4282762,arcteryx,아크테릭스,세륨 후디 남성 - BLACK / AJOFMX7313,https://image.msscdn.net/images/goods_img/20240730/4282762/4282762_17240335281477_500.jpg,False
2024-09,M,002015,기타 아우터,002,아우터,10,4333557,frizmworks,프리즘웍스,HEAVY CANVAS DESTROYED WORK JACKET _ BROWN,https://image.msscdn.net/images/goods_img/20240815/4333557/4333557_17241366282877_500.jpg,False
2024-09,M,002015,기타 아우터,002,아우터,11,3892125,doffjason,도프제이슨,리암 빈티지 워크 자켓 COYOTE,https://image.msscdn.net/images/goods_img/20240222/3892125/3892125_17090939751515_500.jpg,False
2024-09,M,002015,기타 아우터,002,아우터,12,1620288,poloralphlauren,폴로 랄프 로렌,바이스윙 윈드브레이커 - 베이지,https://image.msscdn.net/images/goods_img/20200923/1620288/1620288_2_500.jpg,False
2024-09,M,002015,기타 아우터,002,아우터,13,4297267,tngt,티엔지티,블랙 『NewJack』 오버핏 워크자켓 (TNJU4F106BK),https://image.msscdn.net/images/goods_img/20240805/4297267/4297267_17361284441347_500.jpg,False
2024-09,M,002015,기타 아우터,002,아우터,14,2184463,poloralphlauren,폴로 랄프 로렌,코튼 트윌 치노재킷 - 베이지,https://image.msscdn.net/images/goods_img/20211018/2184463/2184463_2_500.jpg,False
2024-09,M,002015,기타 아우터,002,아우터,15,4333558,frizmworks,프리즘웍스,HEAVY CANVAS DESTROYED WORK JACKET _ MUD,https://image.msscdn.net/images/goods_img/20240815/4333558/4333558_17241365998996_500.jpg,False
2024-09,M,002015,기타 아우터,002,아우터,16,3852841,poloralphlauren,폴로 랄프 로렌,코튼 트윌 재킷 - 베이지,https://image.msscdn.net/images/goods_img/20240207/3852841/3852841_17091821694704_500.jpg,False
2024-09,M,002015,기타 아우터,002,아우터,17,3892116,doffjason,도프제이슨,리암 빈티지 워크 자켓 OYSTER GREY,https://image.msscdn.net/images/goods_img/20240222/3892116/3892116_17090941236496_500.jpg,False
2024-09,M,002015,기타 아우터,002,아우터,18,4323295,alyss,알리스,[오정규X알리스] 테슬 라인 스티치 니트 라운드 자켓 [블랙],https://image.msscdn.net/images/goods_img/20240813/4323295/4323295_17258474224438_500.jpg,False
2024-09,M,002015,기타 아우터,002,아우터,19,3471496,frizmworks,프리즘웍스,CORDUROY BUDDY HARRINGTON JACKET _ DARK GREEN,https://image.msscdn.net/images/goods_img/20230817/3471496/3471496_16927567085287_500.jpg,False
2024-09,M,002015,기타 아우터,002,아우터,20,3471497,frizmworks,프리즘웍스,CORDUROY BUDDY HARRINGTON JACKET _ BROWN,https://image.msscdn.net/images/goods_img/20230817/3471497/3471497_16927568210912_500.jpg,False
2024-09,M,002015,기타 아우터,002,아우터,21,4323345,alyss,알리스,[오정규X알리스] 에센셜 집업 블루종 자켓 [블랙],https://image.msscdn.net/images/goods_img/20240813/4323345/4323345_17258474525028_500.jpg,False
2024-09,M,002015,기타 아우터,002,아우터,22,4282755,arcteryx,아크테릭스,아톰 후디 남성 - BLACK SAPPHIRE / AJOFMX7487,https://image.msscdn.net/images/goods_img/20240730/4282755/4282755_17240340046156_500.jpg,False
2024-09,M,002015,기타 아우터,002,아우터,23,3400393,1993studio,1993스튜디오,빈티지 코튼 트윌 바이커 자켓_카키,https://image.msscdn.net/images/goods_img/20230710/3400393/3400393_16965511573491_500.jpg,False
2024-09,M,002015,기타 아우터,002,아우터,24,3493776,poloralphlauren,폴로 랄프 로렌,코튼 트윌 치노 재킷 - 베이지,https://image.msscdn.net/images/goods_img/20230824/3493776/3493776_16940558616592_500.jpg,False
2024-09,M,002015,기타 아우터,002,아우터,25,4350467,coor,쿠어,오버 다잉 페이디드 데미지 워크 자켓 (워시드카키),https://image.msscdn.net/images/goods_img/20240820/4350467/4350467_17242397981947_500.jpg,False
2024-09,M,002015,기타 아우터,002,아우터,26,4383473,thenorthface,노스페이스,NJ3BQ51K 화이트라벨 닐턴 자켓_DARK BROWN,https://image.msscdn.net/images/goods_img/20240829/4383473/4383473_17249067953403_500.jpg,False
2024-09,M,002015,기타 아우터,002,아우터,27,4323349,alyss,알리스,[오정규X알리스] 콘트라스트 집업 워크 자켓 [라이트베이지],https://image.msscdn.net/images/goods_img/20240813/4323349/4323349_17258475095959_500.jpg,False
2024-09,M,002015,기타 아우터,002,아우터,28,4269475,ilcorso,일꼬르소,워시드 워크 자켓 페일핑크 IEJU4F213P4,https://image.msscdn.net/images/goods_img/20240723/4269475/4269475_17350252512426_500.jpg,False
2024-09,M,002015,기타 아우터,002,아우터,29,3823881,dimitriblack,디미트리블랙,2WAY 밀리터리 윈드브레이커 자켓_블랙,https://image.msscdn.net/images/goods_img/20240125/3823881/3823881_17171333268063_500.jpg,False
2024-09,M,002015,기타 아우터,002,아우터,30,3851973,coor,쿠어,오버 다잉 페이디드 워크 자켓 (워시드차콜그레이),https://image.msscdn.net/images/goods_img/20240206/3851973/3851973_17073745517794_500.jpg,False
2024-09,M,003,바지,,,1,3791988,filluminate,필루미네이트,데미지 워시드 데님 팬츠-미디엄 블루,https://image.msscdn.net/images/goods_img/20240112/3791988/3791988_17894491801613_500.jpg,False
2024-09,M,003,바지,,,2,1551840,xero,제로,Deep One Tuck Sweat Pants [Grey],https://image.msscdn.net/images/goods_img/20200818/1551840/1551840_1_500.jpg,False
2024-09,M,003,바지,,,3,1149329,musinsastandard,무신사 스탠다드,세미 와이드 히든 밴딩 슬랙스 [블랙],https://image.msscdn.net/images/goods_img/20190910/1149329/1149329_17775152531848_500.jpg,False
2024-09,M,003,바지,,,4,4274045,lemainsecond,리메인세컨드,빈티지 캣워싱 와이드 데님 팬츠 [샌드 블루],https://image.msscdn.net/images/goods_img/20240725/4274045/4274045_17888435557697_500.jpg,False
2024-09,M,003,바지,,,5,1168906,musinsastandard,무신사 스탠다드,와이드 히든 밴딩 슬랙스 [블랙],https://image.msscdn.net/images/goods_img/20190927/1168906/1168906_17224121763738_500.jpg,False
2024-09,M,003,바지,,,6,2092852,goodlifeworks,굿라이프웍스,[여름옵션 or 4계절] 이지 와이드 데님 팬츠 그레이,https://image.msscdn.net/images/goods_img/20210826/2092852/2092852_17086532214128_500.jpg,False
2024-09,M,003,바지,,,7,1149328,musinsastandard,무신사 스탠다드,테이퍼드 히든 밴딩 크롭 슬랙스 [블랙],https://image.msscdn.net/images/goods_img/20190910/1149328/1149328_17222375113367_500.jpg,False
2024-09,M,003,바지,,,8,3674341,boundary,바운더리,(여름원단추가) 투턱 와이드 롱 스웨트 팬츠 [블랙],https://image.msscdn.net/images/goods_img/20231101/3674341/3674341_17042599581270_500.jpg,False
2024-09,M,003,바지,,,9,2112059,gakka2,가까이 유니언즈,[여름 or 기모 or 사계절 원단 선택] 원턱 와이드 스웨트팬츠 그레이,https://image.msscdn.net/images/goods_img/20210906/2112059/2112059_17473624399256_500.jpg,False
2024-09,M,003,바지,,,10,3663072,toffee,토피,모어 와이드 데님 팬츠 (WASHED RAW BLACK),https://image.msscdn.net/images/goods_img/20231027/3663072/3663072_16988871011427_500.jpg,False
2024-09,M,003,바지,,,11,1222184,musinsastandard,무신사 스탠다드,와이드 히든 밴딩 슬랙스 [미디엄 그레이],https://image.msscdn.net/images/goods_img/20191113/1222184/1222184_17222997169530_500.jpg,False
2024-09,M,003,바지,,,12,2119984,drawfit,드로우핏,와이드 밴딩 치노 팬츠 [BEIGE],https://image.msscdn.net/images/goods_img/20210909/2119984/2119984_17697407812830_500.jpg,False
2024-09,M,003,바지,,,13,1926048,xero,제로,Deep One Tuck Sweat Shorts [Grey],https://image.msscdn.net/images/goods_img/20210428/1926048/1926048_1_500.jpg,False
2024-09,M,003,바지,,,14,4057732,lemainsecond,리메인세컨드,원턱 와이드 스웨트 팬츠 [그레이],https://image.msscdn.net/images/goods_img/20240416/4057732/4057732_17817553079562_500.jpg,False
2024-09,M,003,바지,,,15,2578996,signature,시그니처,썸머 더블턱 와이드 슬랙스[블랙],https://image.msscdn.net/images/goods_img/20220524/2578996/2578996_17870331293023_500.jpg,False
2024-09,M,003,바지,,,16,1551839,xero,제로,Deep One Tuck Sweat Pants [Black],https://image.msscdn.net/images/goods_img/20200818/1551839/1551839_1_500.jpg,False
2024-09,M,003,바지,,,17,750908,wholovesart,후러브스아트,유니섹스 세미 와이드 밴딩 슬랙스 블랙,https://image.msscdn.net/images/goods_img/20180406/750908/750908_17736379434172_500.jpg,False
2024-09,M,003,바지,,,18,4274049,lemainsecond,리메인세컨드,빈티지 캣워싱 와이드 데님 팬츠 [옐로우 워싱],https://image.msscdn.net/images/prd_img/20240725/4274049/detail_4274049_17757836079460_500.jpg,False
2024-09,M,003,바지,,,19,2112061,gakka2,가까이 유니언즈,[여름 or 기모 or 사계절 원단 선택] 원턱 와이드 스웨트팬츠 블랙,https://image.msscdn.net/images/goods_img/20210906/2112061/2112061_17459952841713_500.jpg,False
2024-09,M,003,바지,,,20,4072132,dysfunct,디스펑트,KEY RING WASHING DENIM PANTS(BLUE),https://image.msscdn.net/images/goods_img/20240422/4072132/4072132_17137526006998_500.jpg,False
2024-09,M,003,바지,,,21,2708877,goodlifeworks,굿라이프웍스,투턱 와이드 슬랙스 블랙,https://image.msscdn.net/images/goods_img/20220810/2708877/2708877_17871103692858_500.jpg,False
2024-09,M,003,바지,,,22,3674342,boundary,바운더리,(여름원단추가) 투턱 와이드 롱 스웨트 팬츠 [그레이],https://image.msscdn.net/images/goods_img/20231101/3674342/3674342_17044188945397_500.jpg,False
2024-09,M,003,바지,,,23,1627892,musinsastandard,무신사 스탠다드,레플리카 퍼티그 팬츠 [카키],https://image.msscdn.net/images/goods_img/20200928/1627892/1627892_17827088773028_500.jpg,False
2024-09,M,003,바지,,,24,3469199,dimitriblack,디미트리블랙,ASI 에센셜 원턱 와이드 데님 팬츠_그레이,https://image.msscdn.net/images/goods_img/20230816/3469199/3469199_16928612246762_500.jpg,False
2024-09,M,003,바지,,,25,1926034,xero,제로,Deep One Tuck Sweat Shorts [Black],https://image.msscdn.net/images/goods_img/20210428/1926034/1926034_1_500.jpg,False
2024-09,M,003,바지,,,26,2307746,musinsastandard,무신사 스탠다드,원 턱 와이드 라운지 스웨트 팬츠 [미디엄 그레이],https://image.msscdn.net/images/goods_img/20220114/2307746/2307746_17028630311189_500.jpg,False
2024-09,M,003,바지,,,27,2092849,goodlifeworks,굿라이프웍스,이지 와이드 데님 팬츠 블랙,https://image.msscdn.net/images/goods_img/20210826/2092849/2092849_17872830577462_500.jpg,False
2024-09,M,003,바지,,,28,3304078,againstallodds,에이지오디,원턱 와이드 밴딩 슬랙스 [블랙],https://image.msscdn.net/images/goods_img/20230518/3304078/3304078_17612926185466_500.jpg,False
2024-09,M,003,바지,,,29,3228764,dimitriblack,디미트리블랙,바이오워싱 카펜터 버뮤다 데님 팬츠_라이트블루,https://image.msscdn.net/images/goods_img/20230412/3228764/3228764_17769946291978_500.jpg,False
2024-09,M,003,바지,,,30,3684419,dickies,디키즈,더블니 85283 루즈핏 워크팬츠 Black,https://image.msscdn.net/images/goods_img/20231103/3684419/3684419_17751985153031_500.jpg,False
2024-09,M,003002,데님 팬츠,003,바지,1,3791988,filluminate,필루미네이트,데미지 워시드 데님 팬츠-미디엄 블루,https://image.msscdn.net/images/goods_img/20240112/3791988/3791988_17894491801613_500.jpg,False
2024-09,M,003002,데님 팬츠,003,바지,2,4274045,lemainsecond,리메인세컨드,빈티지 캣워싱 와이드 데님 팬츠 [샌드 블루],https://image.msscdn.net/images/goods_img/20240725/4274045/4274045_17888435557697_500.jpg,False
2024-09,M,003002,데님 팬츠,003,바지,3,2092852,goodlifeworks,굿라이프웍스,[여름옵션 or 4계절] 이지 와이드 데님 팬츠 그레이,https://image.msscdn.net/images/goods_img/20210826/2092852/2092852_17086532214128_500.jpg,False
2024-09,M,003002,데님 팬츠,003,바지,4,3663072,toffee,토피,모어 와이드 데님 팬츠 (WASHED RAW BLACK),https://image.msscdn.net/images/goods_img/20231027/3663072/3663072_16988871011427_500.jpg,False
2024-09,M,003002,데님 팬츠,003,바지,5,4274049,lemainsecond,리메인세컨드,빈티지 캣워싱 와이드 데님 팬츠 [옐로우 워싱],https://image.msscdn.net/images/prd_img/20240725/4274049/detail_4274049_17757836079460_500.jpg,False
2024-09,M,003002,데님 팬츠,003,바지,6,4072132,dysfunct,디스펑트,KEY RING WASHING DENIM PANTS(BLUE),https://image.msscdn.net/images/goods_img/20240422/4072132/4072132_17137526006998_500.jpg,False
2024-09,M,003002,데님 팬츠,003,바지,7,3469199,dimitriblack,디미트리블랙,ASI 에센셜 원턱 와이드 데님 팬츠_그레이,https://image.msscdn.net/images/goods_img/20230816/3469199/3469199_16928612246762_500.jpg,False
2024-09,M,003002,데님 팬츠,003,바지,8,2092849,goodlifeworks,굿라이프웍스,이지 와이드 데님 팬츠 블랙,https://image.msscdn.net/images/goods_img/20210826/2092849/2092849_17872830577462_500.jpg,False
2024-09,M,003002,데님 팬츠,003,바지,9,2833222,modnine,모드나인,Sunny Subway - MOD1w,https://image.msscdn.net/images/goods_img/20220930/2833222/2833222_1_500.jpg,False
2024-09,M,003002,데님 팬츠,003,바지,10,3467143,againstallodds,에이지오디,와이드 데님 팬츠 [미디엄 블루],https://image.msscdn.net/images/goods_img/20230816/3467143/3467143_17894571986409_500.jpg,False
2024-09,M,003002,데님 팬츠,003,바지,11,1552753,branded,브랜디드,1967 JET BLACK JEANS [WIDE STRAIGHT],https://image.msscdn.net/images/goods_img/20200818/1552753/1552753_17817658780276_500.jpg,False
2024-09,M,003002,데님 팬츠,003,바지,12,4111303,trillion,트릴리온,라운드 포켓 벌룬핏 워싱 데님 팬츠 (YELLOW BLACK),https://image.msscdn.net/images/goods_img/20240507/4111303/4111303_17156495980817_500.jpg,False
2024-09,M,003002,데님 팬츠,003,바지,13,3794791,ourdayz,아워데이즈,웨이비 커브드 와이드 데님 팬츠 [BLUE],https://image.msscdn.net/images/goods_img/20240115/3794791/3794791_17900634212592_500.jpg,False
2024-09,M,003002,데님 팬츠,003,바지,14,3124490,trillion,트릴리온,프론트 워싱 와이드 데님 팬츠 (YELLOW BLACK),https://image.msscdn.net/images/goods_img/20230306/3124490/3124490_16784156237192_500.jpg,False
2024-09,M,003002,데님 팬츠,003,바지,15,3902778,standarderror,스탠다드에러,87-STAN047 벌룬핏 워싱 와이드 데님팬츠 빈티지 블랙,https://image.msscdn.net/images/goods_img/20240227/3902778/3902778_17743239190107_500.jpg,False
2024-09,M,003002,데님 팬츠,003,바지,16,3046300,outstanding,아웃스탠딩,30’S CINCH BACK SELVEDGE WIDE PANTS_INDIGO,https://image.msscdn.net/images/goods_img/20230130/3046300/3046300_17682655726680_500.jpg,False
2024-09,M,003002,데님 팬츠,003,바지,17,2725611,modnine,모드나인,Punk Town - MOD7,https://image.msscdn.net/images/goods_img/20220818/2725611/2725611_1_500.jpg,False
2024-09,M,003002,데님 팬츠,003,바지,18,3596906,decet,데케트,[2PACK]Mid Rise Wide Jeans DCPT027,https://image.msscdn.net/images/goods_img/20230926/3596906/3596906_17301806689514_500.jpg,False
2024-09,M,003002,데님 팬츠,003,바지,19,3642581,trillion,트릴리온,파라슈트 카고 리벳 데님 팬츠 (BLACK),https://image.msscdn.net/images/goods_img/20231019/3642581/3642581_16977772857947_500.jpg,False
2024-09,M,003002,데님 팬츠,003,바지,20,2028327,musinsastandard,무신사 스탠다드,스트레이트 데님 팬츠 [라이트 인디고],https://image.msscdn.net/images/goods_img/20210714/2028327/2028327_17446168089947_500.jpg,False
2024-09,M,003002,데님 팬츠,003,바지,21,3794792,ourdayz,아워데이즈,웨이비 커브드 와이드 데님 팬츠 [BLACK],https://image.msscdn.net/images/goods_img/20240115/3794792/3794792_17900634017266_500.jpg,False
2024-09,M,003002,데님 팬츠,003,바지,22,4274021,lemainsecond,리메인세컨드,내추럴 워싱 와이드 데님 팬츠 [흑청],https://image.msscdn.net/images/goods_img/20240725/4274021/4274021_17818456033783_500.jpg,False
2024-09,M,003002,데님 팬츠,003,바지,23,3791990,filluminate,필루미네이트,데미지 워시드 데님 팬츠-블랙,https://image.msscdn.net/images/goods_img/20240112/3791990/3791990_17894492105263_500.jpg,False
2024-09,M,003002,데님 팬츠,003,바지,24,4308176,dimitriblack,디미트리블랙,바이오워싱 와이드 카펜터 데님 팬츠_더스트블랙,https://image.msscdn.net/images/goods_img/20240808/4308176/4308176_17240914389114_500.jpg,False
2024-09,M,003002,데님 팬츠,003,바지,25,3440017,goodlifeworks,굿라이프웍스,이지 와이드 데님 팬츠 빈티지 워시드 블루,https://image.msscdn.net/images/goods_img/20230801/3440017/3440017_17080504346875_500.jpg,False
2024-09,M,003002,데님 팬츠,003,바지,26,4338686,toffee,토피,헤이즈 워시드 와이드 데님 팬츠 (5 COLOURS),https://image.msscdn.net/images/goods_img/20240816/4338686/4338686_17255018886630_500.jpg,False
2024-09,M,003002,데님 팬츠,003,바지,27,3576618,wkndrs,위캔더스,DWARF DENIM PANTS (BLACK),https://image.msscdn.net/images/goods_img/20230920/3576618/3576618_17788142408278_500.png,False
2024-09,M,003002,데님 팬츠,003,바지,28,3489530,drawfit,드로우핏,유주얼 세미 와이드 데님 팬츠 [BLUE],https://image.msscdn.net/images/goods_img/20230823/3489530/3489530_17697564185833_500.jpg,False
2024-09,M,003002,데님 팬츠,003,바지,29,3316989,toffee,토피,[2PACK] 와이드 데님 팬츠,https://image.msscdn.net/images/goods_img/20230523/3316989/3316989_17153142051663_500.jpg,False
2024-09,M,003002,데님 팬츠,003,바지,30,2028326,musinsastandard,무신사 스탠다드,스트레이트 데님 팬츠 [크림],https://image.msscdn.net/images/goods_img/20210714/2028326/2028326_17623221248971_500.jpg,False
2024-09,M,003004,트레이닝/조거 팬츠,003,바지,1,1551840,xero,제로,Deep One Tuck Sweat Pants [Grey],https://image.msscdn.net/images/goods_img/20200818/1551840/1551840_1_500.jpg,False
2024-09,M,003004,트레이닝/조거 팬츠,003,바지,2,3674341,boundary,바운더리,(여름원단추가) 투턱 와이드 롱 스웨트 팬츠 [블랙],https://image.msscdn.net/images/goods_img/20231101/3674341/3674341_17042599581270_500.jpg,False
2024-09,M,003004,트레이닝/조거 팬츠,003,바지,3,2112059,gakka2,가까이 유니언즈,[여름 or 기모 or 사계절 원단 선택] 원턱 와이드 스웨트팬츠 그레이,https://image.msscdn.net/images/goods_img/20210906/2112059/2112059_17473624399256_500.jpg,False
2024-09,M,003004,트레이닝/조거 팬츠,003,바지,4,4057732,lemainsecond,리메인세컨드,원턱 와이드 스웨트 팬츠 [그레이],https://image.msscdn.net/images/goods_img/20240416/4057732/4057732_17817553079562_500.jpg,False
2024-09,M,003004,트레이닝/조거 팬츠,003,바지,5,1551839,xero,제로,Deep One Tuck Sweat Pants [Black],https://image.msscdn.net/images/goods_img/20200818/1551839/1551839_1_500.jpg,False
2024-09,M,003004,트레이닝/조거 팬츠,003,바지,6,2112061,gakka2,가까이 유니언즈,[여름 or 기모 or 사계절 원단 선택] 원턱 와이드 스웨트팬츠 블랙,https://image.msscdn.net/images/goods_img/20210906/2112061/2112061_17459952841713_500.jpg,False
2024-09,M,003004,트레이닝/조거 팬츠,003,바지,7,3674342,boundary,바운더리,(여름원단추가) 투턱 와이드 롱 스웨트 팬츠 [그레이],https://image.msscdn.net/images/goods_img/20231101/3674342/3674342_17044188945397_500.jpg,False
2024-09,M,003004,트레이닝/조거 팬츠,003,바지,8,2307746,musinsastandard,무신사 스탠다드,원 턱 와이드 라운지 스웨트 팬츠 [미디엄 그레이],https://image.msscdn.net/images/goods_img/20220114/2307746/2307746_17028630311189_500.jpg,False
2024-09,M,003004,트레이닝/조거 팬츠,003,바지,9,4322696,seez,시즈,[데일리룸 X 시즈] 벌룬 레그 밀 와이드 카고 팬츠 [CHARCOAL],https://image.msscdn.net/images/goods_img/20240812/4322696/4322696_17257821092530_500.jpg,False
2024-09,M,003004,트레이닝/조거 팬츠,003,바지,10,3037465,dimitriblack,디미트리블랙,VLAD 워터프루프 와이드 카고 팬츠_블랙,https://image.msscdn.net/images/goods_img/20230125/3037465/3037465_17727796661503_500.jpg,False
2024-09,M,003004,트레이닝/조거 팬츠,003,바지,11,3223947,againstallodds,에이지오디,원턱 와이드 스웨트 팬츠 [그레이],https://image.msscdn.net/images/goods_img/20230411/3223947/3223947_17689822034188_500.jpg,False
2024-09,M,003004,트레이닝/조거 팬츠,003,바지,12,4322693,seez,시즈,[데일리룸 X 시즈] 벌룬 레그 밀 와이드 카고 팬츠 [OFF WHITE],https://image.msscdn.net/images/goods_img/20240812/4322693/4322693_17246812032086_500.jpg,False
2024-09,M,003004,트레이닝/조거 팬츠,003,바지,13,2744549,anolorcode,어널러코드,사계절 쓰리턱 트레이닝팬츠 (2color),https://image.msscdn.net/images/goods_img/20220825/2744549/2744549_17848712083816_500.jpg,False
2024-09,M,003004,트레이닝/조거 팬츠,003,바지,14,3792018,filluminate,필루미네이트,나일론 투 턱 테이핑 팬츠-블랙,https://image.msscdn.net/images/goods_img/20240112/3792018/3792018_17894495787885_500.jpg,False
2024-09,M,003004,트레이닝/조거 팬츠,003,바지,15,1370101,not4nerd,낫포너드,[여름원단] Wide String Cargo Slacks Pants - Black,https://image.msscdn.net/images/goods_img/20200326/1370101/1370101_17502941583404_500.jpg,False
2024-09,M,003004,트레이닝/조거 팬츠,003,바지,16,3095384,gakka2,가까이 유니언즈,원턱 와이드 스웨트 카고팬츠 카키,https://image.msscdn.net/images/goods_img/20230220/3095384/3095384_17490881371864_500.jpg,False
2024-09,M,003004,트레이닝/조거 팬츠,003,바지,17,4322695,seez,시즈,[데일리룸 X 시즈] 벌룬 레그 밀 와이드 카고 팬츠 [KHAKI],https://image.msscdn.net/images/goods_img/20240812/4322695/4322695_17257810683282_500.jpg,False
2024-09,M,003004,트레이닝/조거 팬츠,003,바지,18,4057671,lemainsecond,리메인세컨드,원턱 와이드 스웨트 팬츠 [블랙],https://image.msscdn.net/images/goods_img/20240416/4057671/4057671_17817553340054_500.jpg,False
2024-09,M,003004,트레이닝/조거 팬츠,003,바지,19,4057974,lemainsecond,리메인세컨드,원턱 와이드 카고 스웨트 팬츠 [블랙],https://image.msscdn.net/images/goods_img/20240416/4057974/4057974_17761280486977_500.jpg,False
2024-09,M,003004,트레이닝/조거 팬츠,003,바지,20,3467384,againstallodds,에이지오디,와이드 빅포켓 코튼 카고 밴딩 팬츠 [카키],https://image.msscdn.net/images/goods_img/20230816/3467384/3467384_17895319440164_500.jpg,False
2024-09,M,003004,트레이닝/조거 팬츠,003,바지,21,3439044,toffee,토피,더블 사이드 라인 트랙 버티컬 팬츠 (DARK NAVY),https://image.msscdn.net/images/goods_img/20230801/3439044/3439044_17177231842578_500.jpg,False
2024-09,M,003004,트레이닝/조거 팬츠,003,바지,22,3238724,leathery,레더리,파라슈트 와이드 카고 팬츠 [BLACK],https://image.msscdn.net/images/goods_img/20230417/3238724/3238724_17875353244658_500.jpg,False
2024-09,M,003004,트레이닝/조거 팬츠,003,바지,23,1844582,brenson,브렌슨,(Renew Ver.) 원턱 와이드 스웨트 팬츠 ( 7Color ) ( 기모선택 ),https://image.msscdn.net/images/goods_img/20210315/1844582/1844582_17774456564921_500.jpg,False
2024-09,M,003004,트레이닝/조거 팬츠,003,바지,24,1736562,xero,제로,Deep One Tuck Sweat Pants [White Grey],https://image.msscdn.net/images/goods_img/20210105/1736562/1736562_1_500.jpg,False
2024-09,M,003004,트레이닝/조거 팬츠,003,바지,25,3439140,toffee,토피,파이핑 라인 트랙 스트링 팬츠 (BLACK),https://image.msscdn.net/images/goods_img/20230801/3439140/3439140_17821119476674_500.png,False
2024-09,M,003004,트레이닝/조거 팬츠,003,바지,26,3404707,musinsastandard,무신사 스탠다드,시티 레저 와이드 벨티드 카고 팬츠 [블랙],https://image.msscdn.net/images/goods_img/20230712/3404707/3404707_17134032325426_500.jpg,False
2024-09,M,003004,트레이닝/조거 팬츠,003,바지,27,3528681,not4nerd,낫포너드,Parachute Nylon Cargo Pants - Khaki,https://image.msscdn.net/images/goods_img/20230905/3528681/3528681_16970733558885_500.jpg,False
2024-09,M,003004,트레이닝/조거 팬츠,003,바지,28,3439084,toffee,토피,더블 사이드 라인 트랙 버티컬 팬츠 (BROWN),https://image.msscdn.net/images/goods_img/20230801/3439084/3439084_17177231930985_500.jpg,False
2024-09,M,003004,트레이닝/조거 팬츠,003,바지,29,2060719,goodlifeworks,굿라이프웍스,와이드 빅포켓 밴딩 카고 팬츠 카키,https://image.msscdn.net/images/goods_img/20210812/2060719/2060719_17086522564434_500.jpg,False
2024-09,M,003004,트레이닝/조거 팬츠,003,바지,30,3528683,not4nerd,낫포너드,Parachute Nylon Cargo Pants - Black,https://image.msscdn.net/images/goods_img/20230905/3528683/3528683_16970733118457_500.jpg,False
2024-09,M,003007,코튼 팬츠,003,바지,1,2119984,drawfit,드로우핏,와이드 밴딩 치노 팬츠 [BEIGE],https://image.msscdn.net/images/goods_img/20210909/2119984/2119984_17697407812830_500.jpg,False
2024-09,M,003007,코튼 팬츠,003,바지,2,1627892,musinsastandard,무신사 스탠다드,레플리카 퍼티그 팬츠 [카키],https://image.msscdn.net/images/goods_img/20200928/1627892/1627892_17827088773028_500.jpg,False
2024-09,M,003007,코튼 팬츠,003,바지,3,3684419,dickies,디키즈,더블니 85283 루즈핏 워크팬츠 Black,https://image.msscdn.net/images/goods_img/20231103/3684419/3684419_17751985153031_500.jpg,False
2024-09,M,003007,코튼 팬츠,003,바지,4,2060759,goodlifeworks,굿라이프웍스,[여름옵션 or 4계절] 와이드 절개 벌룬팬츠 코튼 카키,https://image.msscdn.net/images/goods_img/20210812/2060759/2060759_17080505871544_500.jpg,False
2024-09,M,003007,코튼 팬츠,003,바지,5,3920059,signature,시그니처,원턱 와이드 치노 팬츠[베이지],https://image.msscdn.net/images/goods_img/20240304/3920059/3920059_17888487769046_500.jpg,False
2024-09,M,003007,코튼 팬츠,003,바지,6,2069525,musinsastandard,무신사 스탠다드,원 턱 레귤러 핏 치노 팬츠 [베이지],https://image.msscdn.net/images/goods_img/20210818/2069525/2069525_17217961236716_500.jpg,False
2024-09,M,003007,코튼 팬츠,003,바지,7,1115290,musinsastandard,무신사 스탠다드,와이드 치노 팬츠 [베이지],https://image.msscdn.net/images/goods_img/20190809/1115290/1115290_1_500.jpg,False
2024-09,M,003007,코튼 팬츠,003,바지,8,1253200,bronson,브론슨,1942 US Army Chino Trousers Khaki,https://image.msscdn.net/images/goods_img/20191217/1253200/1253200_17737245176749_500.jpg,False
2024-09,M,003007,코튼 팬츠,003,바지,9,2513523,node,노드 아카이브,레귤러 테이퍼드 치노 팬츠 (7 COLOR),https://image.msscdn.net/images/goods_img/20220425/2513523/2513523_17210141605115_500.jpg,False
2024-09,M,003007,코튼 팬츠,003,바지,10,3722416,dickies,디키즈,오리지널 874 워크팬츠 Desert Sand,https://image.msscdn.net/images/goods_img/20231120/3722416/3722416_17751983911002_500.jpg,False
2024-09,M,003007,코튼 팬츠,003,바지,11,3722417,dickies,디키즈,오리지널 874 워크팬츠 Black,https://image.msscdn.net/images/goods_img/20231120/3722417/3722417_17751984308706_500.jpg,False
2024-09,M,003007,코튼 팬츠,003,바지,12,3757158,musinsastandard,무신사 스탠다드,백 사틴 오피서 팬츠 [브라운],https://image.msscdn.net/images/goods_img/20231215/3757158/3757158_17128244327393_500.jpg,False
2024-09,M,003007,코튼 팬츠,003,바지,13,2602299,musinsastandard,무신사 스탠다드,투 턱 와이드 치노 팬츠 [베이지],https://image.msscdn.net/images/goods_img/20220608/2602299/2602299_17554729616063_500.jpg,False
2024-09,M,003007,코튼 팬츠,003,바지,14,3684422,dickies,디키즈,더블니 85283 루즈핏 워크팬츠 Khaki,https://image.msscdn.net/images/goods_img/20231103/3684422/3684422_17751986010397_500.jpg,False
2024-09,M,003007,코튼 팬츠,003,바지,15,3781269,idontwannasell,아이돈워너셀,Soft Suede Twill Balloon Pants Brown,https://image.msscdn.net/images/goods_img/20240108/3781269/3781269_17192035476686_500.jpg,False
2024-09,M,003007,코튼 팬츠,003,바지,16,3851957,trillion,트릴리온,사이드 턱 스냅 버튼 와이드 코튼 팬츠 (BEIGE),https://image.msscdn.net/images/goods_img/20240206/3851957/3851957_17080591271549_500.jpg,False
2024-09,M,003007,코튼 팬츠,003,바지,17,957905,gramicci,그라미치,루즈테이퍼드 팬츠 Khaki Grey,https://image.msscdn.net/images/goods_img/20190219/957905/957905_17429643497862_500.jpg,False
2024-09,M,003007,코튼 팬츠,003,바지,18,3304652,musinsastandard,무신사 스탠다드,백 사틴 오피서 팬츠 [카키],https://image.msscdn.net/images/goods_img/20230518/3304652/3304652_16914692166478_500.jpg,False
2024-09,M,003007,코튼 팬츠,003,바지,19,1924274,suare,수아레,린넨 라이크 세미 와이드 밴딩 팬츠 - 10 COLOR,https://image.msscdn.net/images/goods_img/20210428/1924274/1924274_17152551704806_500.jpg,False
2024-09,M,003007,코튼 팬츠,003,바지,20,2060760,goodlifeworks,굿라이프웍스,[여름옵션 or 4계절] 와이드 절개 벌룬팬츠 코튼 블랙,https://image.msscdn.net/images/goods_img/20210812/2060760/2060760_17086524586075_500.jpg,False
2024-09,M,003007,코튼 팬츠,003,바지,21,2330460,node,노드 아카이브,와이드 테이퍼드 치노 팬츠 (라이트 카키),https://image.msscdn.net/images/goods_img/20220126/2330460/2330460_17210141208835_500.jpg,False
2024-09,M,003007,코튼 팬츠,003,바지,22,2611226,musinsastandard,무신사 스탠다드,레플리카 퍼티그 팬츠 [세이지 그린],https://image.msscdn.net/images/goods_img/20220613/2611226/2611226_17827086766776_500.jpg,False
2024-09,M,003007,코튼 팬츠,003,바지,23,3468726,iey,이에이,NU-MAC CARPENTER PANTS Black,https://image.msscdn.net/images/goods_img/20230816/3468726/3468726_17349304114249_500.jpg,False
2024-09,M,003007,코튼 팬츠,003,바지,24,4293047,thecoldestmoment,더콜디스트모먼트,TCM starfish chino pants (brown),https://image.msscdn.net/images/goods_img/20240802/4293047/4293047_17231900499261_500.jpg,False
2024-09,M,003007,코튼 팬츠,003,바지,25,3201316,urbanstoff,어반스터프,듀러블 롱 벌룬 팬츠 (크림),https://image.msscdn.net/images/goods_img/20230403/3201316/3201316_17453028888493_500.jpg,False
2024-09,M,003007,코튼 팬츠,003,바지,26,3304653,musinsastandard,무신사 스탠다드,백 사틴 오피서 팬츠 [블랙],https://image.msscdn.net/images/goods_img/20230518/3304653/3304653_16914691045461_500.jpg,False
2024-09,M,003007,코튼 팬츠,003,바지,27,4210126,musinsastandard,무신사 스탠다드,시티 워커스 테이퍼드 코튼 팬츠 [다크 그레이],https://image.msscdn.net/images/goods_img/20240620/4210126/4210126_17242006256459_500.jpg,False
2024-09,M,003007,코튼 팬츠,003,바지,28,4297011,hooves,후브스,페이드 코튼 원턱 팬츠 [카키],https://image.msscdn.net/images/goods_img/20240805/4297011/4297011_17239601890321_500.jpg,False
2024-09,M,003007,코튼 팬츠,003,바지,29,4296971,hooves,후브스,페이드 코튼 원턱 팬츠 [베이지],https://image.msscdn.net/images/goods_img/20240805/4296971/4296971_17239601611134_500.jpg,False
2024-09,M,003007,코튼 팬츠,003,바지,30,2501394,not4nerd,낫포너드,Two Tuck Wide Cotton Pants - Beige,https://image.msscdn.net/images/goods_img/20220419/2501394/2501394_1_500.jpg,False
2024-09,M,003008,슈트 팬츠/슬랙스,003,바지,1,1149329,musinsastandard,무신사 스탠다드,세미 와이드 히든 밴딩 슬랙스 [블랙],https://image.msscdn.net/images/goods_img/20190910/1149329/1149329_17775152531848_500.jpg,False
2024-09,M,003008,슈트 팬츠/슬랙스,003,바지,2,1168906,musinsastandard,무신사 스탠다드,와이드 히든 밴딩 슬랙스 [블랙],https://image.msscdn.net/images/goods_img/20190927/1168906/1168906_17224121763738_500.jpg,False
2024-09,M,003008,슈트 팬츠/슬랙스,003,바지,3,1149328,musinsastandard,무신사 스탠다드,테이퍼드 히든 밴딩 크롭 슬랙스 [블랙],https://image.msscdn.net/images/goods_img/20190910/1149328/1149328_17222375113367_500.jpg,False
2024-09,M,003008,슈트 팬츠/슬랙스,003,바지,4,1222184,musinsastandard,무신사 스탠다드,와이드 히든 밴딩 슬랙스 [미디엄 그레이],https://image.msscdn.net/images/goods_img/20191113/1222184/1222184_17222997169530_500.jpg,False
2024-09,M,003008,슈트 팬츠/슬랙스,003,바지,5,2578996,signature,시그니처,썸머 더블턱 와이드 슬랙스[블랙],https://image.msscdn.net/images/goods_img/20220524/2578996/2578996_17870331293023_500.jpg,False
2024-09,M,003008,슈트 팬츠/슬랙스,003,바지,6,750908,wholovesart,후러브스아트,유니섹스 세미 와이드 밴딩 슬랙스 블랙,https://image.msscdn.net/images/goods_img/20180406/750908/750908_17736379434172_500.jpg,False
2024-09,M,003008,슈트 팬츠/슬랙스,003,바지,7,2708877,goodlifeworks,굿라이프웍스,투턱 와이드 슬랙스 블랙,https://image.msscdn.net/images/goods_img/20220810/2708877/2708877_17871103692858_500.jpg,False
2024-09,M,003008,슈트 팬츠/슬랙스,003,바지,8,3304078,againstallodds,에이지오디,원턱 와이드 밴딩 슬랙스 [블랙],https://image.msscdn.net/images/goods_img/20230518/3304078/3304078_17612926185466_500.jpg,False
2024-09,M,003008,슈트 팬츠/슬랙스,003,바지,9,2568748,musinsastandard,무신사 스탠다드,스트레이트 히든 밴딩 슬랙스 [블랙],https://image.msscdn.net/images/goods_img/20220518/2568748/2568748_17518450114735_500.jpg,False
2024-09,M,003008,슈트 팬츠/슬랙스,003,바지,10,1168922,musinsastandard,무신사 스탠다드,리얼 와이드 히든 밴딩 슬랙스 [블랙],https://image.msscdn.net/images/goods_img/20190927/1168922/1168922_17784624760417_500.jpg,False
2024-09,M,003008,슈트 팬츠/슬랙스,003,바지,11,2032901,musinsastandard,무신사 스탠다드,릴렉스드 테이퍼드 히든 밴딩 크롭 슬랙스 [블랙],https://image.msscdn.net/images/goods_img/20210719/2032901/2032901_17518455282793_500.jpg,False
2024-09,M,003008,슈트 팬츠/슬랙스,003,바지,12,1224095,musinsastandard,무신사 스탠다드,세미 와이드 히든 밴딩 슬랙스 [미디엄 그레이],https://image.msscdn.net/images/goods_img/20191113/1224095/1224095_17518463307099_500.jpg,False
2024-09,M,003008,슈트 팬츠/슬랙스,003,바지,13,2708879,goodlifeworks,굿라이프웍스,투턱 와이드 슬랙스 그레이,https://image.msscdn.net/images/goods_img/20220810/2708879/2708879_17864119204729_500.jpg,False
2024-09,M,003008,슈트 팬츠/슬랙스,003,바지,14,3510977,anotheroffice,어나더 오피스,Santiago Slacks (Charcoal),https://image.msscdn.net/images/goods_img/20230829/3510977/3510977_17878786697788_500.jpg,False
2024-09,M,003008,슈트 팬츠/슬랙스,003,바지,15,1224094,musinsastandard,무신사 스탠다드,세미 와이드 히든 밴딩 슬랙스 [차콜 그레이],https://image.msscdn.net/images/goods_img/20191113/1224094/1224094_17518465836463_500.jpg,False
2024-09,M,003008,슈트 팬츠/슬랙스,003,바지,16,1436504,musinsastandard,무신사 스탠다드,[쿨탠다드] 세미 와이드 히든 밴딩 슬랙스 [블랙],https://image.msscdn.net/images/goods_img/20200508/1436504/1436504_17516080113500_500.jpg,False
2024-09,M,003008,슈트 팬츠/슬랙스,003,바지,17,1832529,signature,시그니처,투턱 와이드 슬랙스 [그레이],https://image.msscdn.net/images/goods_img/20210308/1832529/1832529_17872921249983_500.jpg,False
2024-09,M,003008,슈트 팬츠/슬랙스,003,바지,18,2116434,musinsastandard,무신사 스탠다드,리얼 와이드 벨티드 슬랙스 [블랙],https://image.msscdn.net/images/goods_img/20210908/2116434/2116434_2_500.jpg,False
2024-09,M,003008,슈트 팬츠/슬랙스,003,바지,19,1440874,musinsastandard,무신사 스탠다드,[쿨탠다드] 테이퍼드 히든 밴딩 크롭 슬랙스 [블랙],https://image.msscdn.net/images/goods_img/20200512/1440874/1440874_17224016752417_500.jpg,False
2024-09,M,003008,슈트 팬츠/슬랙스,003,바지,20,1222183,musinsastandard,무신사 스탠다드,와이드 히든 밴딩 슬랙스 [차콜 그레이],https://image.msscdn.net/images/goods_img/20191113/1222183/1222183_17798577036388_500.jpg,False
2024-09,M,003008,슈트 팬츠/슬랙스,003,바지,21,1216295,musinsastandard,무신사 스탠다드,테이퍼드 히든 밴딩 크롭 슬랙스 [미디엄 그레이],https://image.msscdn.net/images/goods_img/20191107/1216295/1216295_17222372451209_500.jpg,False
2024-09,M,003008,슈트 팬츠/슬랙스,003,바지,22,1458942,signature,시그니처,세미 부츠컷 슬랙스 [블랙],https://image.msscdn.net/images/goods_img/20200522/1458942/1458942_17870329488948_500.jpg,False
2024-09,M,003008,슈트 팬츠/슬랙스,003,바지,23,2578997,signature,시그니처,썸머 더블턱 와이드 슬랙스[그레이],https://image.msscdn.net/images/goods_img/20220524/2578997/2578997_17870331107183_500.jpg,False
2024-09,M,003008,슈트 팬츠/슬랙스,003,바지,24,2124438,signature,시그니처,원턱 와이드 슬랙스[딥브라운],https://image.msscdn.net/images/goods_img/20210910/2124438/2124438_17866044214996_500.jpg,False
2024-09,M,003008,슈트 팬츠/슬랙스,003,바지,25,2124440,signature,시그니처,원턱 와이드 슬랙스[블랙],https://image.msscdn.net/images/goods_img/20210910/2124440/2124440_17872919380771_500.jpg,False
2024-09,M,003008,슈트 팬츠/슬랙스,003,바지,26,2477836,musinsastandard,무신사 스탠다드,[쿨탠다드] 릴렉스드 테이퍼드 히든 밴딩 크롭 슬랙스 [블랙],https://image.msscdn.net/images/goods_img/20220408/2477836/2477836_17222408083225_500.jpg,False
2024-09,M,003008,슈트 팬츠/슬랙스,003,바지,27,3510971,anotheroffice,어나더 오피스,Santiago Slacks (Black),https://image.msscdn.net/images/goods_img/20230829/3510971/3510971_17872955305131_500.jpg,False
2024-09,M,003008,슈트 팬츠/슬랙스,003,바지,28,3650955,trillion,트릴리온,에센셜 세미 와이드 슬랙스 (BLACK),https://image.msscdn.net/images/goods_img/20231023/3650955/3650955_17170489046898_500.jpg,False
2024-09,M,003008,슈트 팬츠/슬랙스,003,바지,29,1803235,maisonmined,메종미네드,SAINT TWO TUCK WIDE PANTS BROWN,https://image.msscdn.net/images/goods_img/20210218/1803235/1803235_17407102455475_500.jpg,False
2024-09,M,003008,슈트 팬츠/슬랙스,003,바지,30,1249102,musinsastandard,무신사 스탠다드,와이드 히든 밴딩 슬랙스 [더스티 베이지],https://image.msscdn.net/images/goods_img/20191211/1249102/1249102_17798579044346_500.jpg,False
2024-09,M,003009,숏 팬츠,003,바지,1,1926048,xero,제로,Deep One Tuck Sweat Shorts [Grey],https://image.msscdn.net/images/goods_img/20210428/1926048/1926048_1_500.jpg,False
2024-09,M,003009,숏 팬츠,003,바지,2,1926034,xero,제로,Deep One Tuck Sweat Shorts [Black],https://image.msscdn.net/images/goods_img/20210428/1926034/1926034_1_500.jpg,False
2024-09,M,003009,숏 팬츠,003,바지,3,3228764,dimitriblack,디미트리블랙,바이오워싱 카펜터 버뮤다 데님 팬츠_라이트블루,https://image.msscdn.net/images/goods_img/20230412/3228764/3228764_17769946291978_500.jpg,False
2024-09,M,003009,숏 팬츠,003,바지,4,4057624,lemainsecond,리메인세컨드,버뮤다 와이드 원턱 스웨트 쇼츠 [그레이],https://image.msscdn.net/images/goods_img/20240416/4057624/4057624_17818375437486_500.jpg,False
2024-09,M,003009,숏 팬츠,003,바지,5,3328615,avan,어반드레스,Wide Cargo Half Denim Pants - 4COL,https://image.msscdn.net/images/goods_img/20230526/3328615/3328615_17169645408063_500.jpg,False
2024-09,M,003009,숏 팬츠,003,바지,6,2508821,afresh,어프레쉬,에어스트레치 쇼츠_블랙 트레이닝,https://image.msscdn.net/images/goods_img/20220422/2508821/2508821_17858059555654_500.jpg,False
2024-09,M,003009,숏 팬츠,003,바지,7,4111294,trillion,트릴리온,캣 브러쉬 워시드 버뮤다 데님 쇼츠 (SAND BLUE),https://image.msscdn.net/images/goods_img/20240507/4111294/4111294_17471253714702_500.jpg,False
2024-09,M,003009,숏 팬츠,003,바지,8,3231055,againstallodds,에이지오디,버뮤다 와이드 원턱 스웨트 쇼츠 [그레이],https://image.msscdn.net/images/goods_img/20230413/3231055/3231055_17108290911916_500.jpg,False
2024-09,M,003009,숏 팬츠,003,바지,9,4111296,trillion,트릴리온,캣 브러쉬 워시드 버뮤다 데님 쇼츠 (NORMAL BLACK),https://image.msscdn.net/images/goods_img/20240507/4111296/4111296_17471253413933_500.jpg,False
2024-09,M,003009,숏 팬츠,003,바지,10,3513309,momg,필립페이커,카펜터 버뮤다 스웨트 8부 팬츠 블랙,https://image.msscdn.net/images/goods_img/20230830/3513309/3513309_16934722502141_500.jpg,False
2024-09,M,003009,숏 팬츠,003,바지,11,2574822,brenson,브렌슨,(Renew Ver.) 원턱 와이드 반바지 ( 6Color ),https://image.msscdn.net/images/goods_img/20220523/2574822/2574822_17774456124536_500.jpg,False
2024-09,M,003009,숏 팬츠,003,바지,12,4036307,dimitriblack,디미트리블랙,바이오워싱 카펜터 버뮤다 데님 팬츠_옐로우 워싱,https://image.msscdn.net/images/goods_img/20240408/4036307/4036307_17739929938780_500.jpg,False
2024-09,M,003009,숏 팬츠,003,바지,13,4036308,dimitriblack,디미트리블랙,바이오워싱 카펜터 버뮤다 데님 팬츠_블랙,https://image.msscdn.net/images/goods_img/20240408/4036308/4036308_17739928808765_500.jpg,False
2024-09,M,003009,숏 팬츠,003,바지,14,3230964,againstallodds,에이지오디,버뮤다 와이드 원턱 스웨트 쇼츠 [블랙],https://image.msscdn.net/images/goods_img/20230413/3230964/3230964_17430340874885_500.png,False
2024-09,M,003009,숏 팬츠,003,바지,15,4024920,againstallodds,에이지오디,버뮤다 와이드 원턱 카고 스웨트 쇼츠 [블랙],https://image.msscdn.net/images/goods_img/20240404/4024920/4024920_17689895874943_500.jpg,False
2024-09,M,003009,숏 팬츠,003,바지,16,1446775,brenson,브렌슨,(Renew Ver.) 루즈핏  반바지 ( 4Color ),https://image.msscdn.net/images/goods_img/20200514/1446775/1446775_17561707502333_500.jpg,False
2024-09,M,003009,숏 팬츠,003,바지,17,3487259,volante,볼란테,Daily Banding Squat Pants [Black],https://image.msscdn.net/images/goods_img/20230822/3487259/3487259_17484842017412_500.jpg,False
2024-09,M,003009,숏 팬츠,003,바지,18,544003,grooverhyme,그루브라임,[2PACK] BASIC HALF PANTS (C100 30S트윌 풀밴딩 4부 쇼츠) (19COLOR) [LRAMCNH750P],https://image.msscdn.net/images/goods_img/20170424/544003/544003_17430626093637_500.jpg,False
2024-09,M,003009,숏 팬츠,003,바지,19,4057927,lemainsecond,리메인세컨드,버뮤다 와이드 원턱 카고 스웨트 쇼츠 [그레이],https://image.msscdn.net/images/goods_img/20240416/4057927/4057927_17791537502858_500.jpg,False
2024-09,M,003009,숏 팬츠,003,바지,20,4036310,dimitriblack,디미트리블랙,바이오워싱 카펜터 버뮤다 데님 팬츠_그레이,https://image.msscdn.net/images/goods_img/20240408/4036310/4036310_17164417160485_500.jpg,False
2024-09,M,003009,숏 팬츠,003,바지,21,4109365,creamsodalab,크림소다랩,버뮤다 카펜터 숏 데님팬츠 밴딩 딥 블루,https://image.msscdn.net/images/goods_img/20240507/4109365/4109365_17150591257418_500.jpg,False
2024-09,M,003009,숏 팬츠,003,바지,22,4225317,borntowin,본투윈,SIDE B LOGO HALF PANTS [BLACK],https://image.msscdn.net/images/goods_img/20240701/4225317/4225317_17732903015450_500.jpg,False
2024-09,M,003009,숏 팬츠,003,바지,23,1888197,poloralphlauren,폴로 랄프 로렌,클래식 핏 폴로 프렙스터 - 베이지,https://image.msscdn.net/images/goods_img/20210408/1888197/1888197_3_500.jpg,False
2024-09,M,003009,숏 팬츠,003,바지,24,4096918,toffee,토피,워시드 버뮤다 데님 팬츠 (GREY),https://image.msscdn.net/images/goods_img/20240430/4096918/4096918_17187556835563_500.jpg,False
2024-09,M,003009,숏 팬츠,003,바지,25,4096913,toffee,토피,워시드 버뮤다 데님 팬츠 (BLUE),https://image.msscdn.net/images/goods_img/20240430/4096913/4096913_17173930805108_500.jpg,False
2024-09,M,003009,숏 팬츠,003,바지,26,4096885,toffee,토피,워시드 하프 데님 팬츠 (LIGHT BLUE),https://image.msscdn.net/images/goods_img/20240430/4096885/4096885_17174697787559_500.jpg,False
2024-09,M,003009,숏 팬츠,003,바지,27,4061927,boundary,바운더리,투턱 와이드 버뮤다 반바지 [그레이],https://image.msscdn.net/images/goods_img/20240417/4061927/4061927_17137709423329_500.jpg,False
2024-09,M,003009,숏 팬츠,003,바지,28,4097271,dimitriblack,디미트리블랙,ASI 에센셜 버뮤다 스웻 팬츠_피그먼트 그레이,https://image.msscdn.net/images/goods_img/20240430/4097271/4097271_17167912046664_500.png,False
2024-09,M,003009,숏 팬츠,003,바지,29,3877779,easynoeasy,이지노이지,8부 데님 버뮤다팬츠 - 딥블루,https://image.msscdn.net/images/goods_img/20240216/3877779/3877779_17501497851354_500.jpg,False
2024-09,M,003009,숏 팬츠,003,바지,30,1344489,poloralphlauren,폴로 랄프 로렌,클래식 핏 폴로 프렙스터 - 화이트,https://image.msscdn.net/images/goods_img/20200311/1344489/1344489_4_500.jpg,False
2024-09,M,003005,레깅스,003,바지,1,3487482,volante,볼란테,Daily Leggings Pants [Black],https://image.msscdn.net/images/goods_img/20230822/3487482/3487482_17484841422034_500.jpg,False
2024-09,M,003005,레깅스,003,바지,2,3720910,bysec,바이젝,우븐스판 머슬 브레이커 팬츠,https://image.msscdn.net/images/goods_img/20231117/3720910/3720910_17653319647389_500.jpg,False
2024-09,M,003005,레깅스,003,바지,3,4179748,nike,나이키,프로 드라이 핏 피트니스 쇼츠 M - 블랙:화이트 / FB7959-010,https://image.msscdn.net/images/goods_img/20240605/4179748/4179748_17183400956580_500.jpg,False
2024-09,M,003005,레깅스,003,바지,4,4305395,determined,디터민드,블랙카모 3부 타이즈,https://image.msscdn.net/images/goods_img/20240807/4305395/4305395_17443590534967_500.jpg,False
2024-09,M,003005,레깅스,003,바지,5,3975909,nike,나이키,프로 드라이 핏 피트니스 타이츠 M - 블랙:화이트 / FB7953-010,https://image.msscdn.net/images/goods_img/20240321/3975909/3975909_17115943559810_500.jpg,False
2024-09,M,003005,레깅스,003,바지,6,1466284,musinsastandardsp,무신사 스탠다드 스포츠,[쿨탠스] 컴프레션 레깅스 [블랙],https://image.msscdn.net/images/goods_img/20200528/1466284/1466284_17228236161876_500.jpg,False
2024-09,M,003005,레깅스,003,바지,7,3275811,waydn,웨이든,이지 레깅스 팬츠 블랙,https://image.msscdn.net/images/goods_img/20230503/3275811/3275811_17388231534754_500.png,False
2024-09,M,003005,레깅스,003,바지,8,4273891,aonijie,오니지,남성 러닝 타이즈 MP82,https://image.msscdn.net/images/goods_img/20240725/4273891/4273891_17218788887591_500.jpg,False
2024-09,M,003005,레깅스,003,바지,9,4297914,volante,볼란테,Hybrid Jogger Leggings Pants [Black],https://image.msscdn.net/images/goods_img/20240805/4297914/4297914_17242066158773_500.jpg,False
2024-09,M,003005,레깅스,003,바지,10,4305363,determined,디터민드,블랙카모B 3부 타이즈,https://image.msscdn.net/images/goods_img/20240807/4305363/4305363_17443591982315_500.jpg,False
2024-09,M,003005,레깅스,003,바지,11,4367066,jeleve,제이엘브,데일리 우븐 팬츠,https://image.msscdn.net/images/goods_img/20240823/4367066/4367066_17248946649119_500.jpg,False
2024-09,M,003005,레깅스,003,바지,12,4305283,determined,디터민드,화이트카모 3부 타이즈,https://image.msscdn.net/images/goods_img/20240807/4305283/4305283_17443593176797_500.jpg,False
2024-09,M,003005,레깅스,003,바지,13,4273897,aonijie,오니지,남성 러닝 하프타이즈 MP20,https://image.msscdn.net/images/goods_img/20240725/4273897/4273897_17218791357358_500.jpg,False
2024-09,M,003005,레깅스,003,바지,14,4217264,hadex,에이치덱스,어시스트 5.0 레깅스 (Black),https://image.msscdn.net/images/goods_img/20240625/4217264/4217264_17725888966079_500.jpg,False
2024-09,M,003005,레깅스,003,바지,15,4412559,gorewear,고어웨어,임펄즈 숏 타이즈 - 블랙 (남성용) 4.5부,https://image.msscdn.net/images/goods_img/20240905/4412559/4412559_17255315721173_500.jpg,False
2024-09,M,003005,레깅스,003,바지,16,1519455,lazybee,레이지비,컴팩트 멀티 스포츠 하의 (짐웨어 러닝 워터) 남녀 M 투인원 레깅스 팬츠(3컬러),https://image.msscdn.net/images/goods_img/20200717/1519455/1519455_17781356542106_500.jpg,False
2024-09,M,003005,레깅스,003,바지,17,3903216,kaleg,칼렉,에어블레이드 레이스데이 숏 타이츠 7 남성 (다크그린),https://image.msscdn.net/images/goods_img/20240227/3903216/3903216_17090087885159_500.jpg,False
2024-09,M,003005,레깅스,003,바지,18,1772551,underarmour,언더아머,히트기어 아머 레깅스 1361586-001,https://image.msscdn.net/images/goods_img/20210202/1772551/1772551_1_500.jpg,False
2024-09,M,003005,레깅스,003,바지,19,3487480,volante,볼란테,Daily Leggings Pants [Dark Gray],https://image.msscdn.net/images/goods_img/20230822/3487480/3487480_16933710177897_500.jpg,False
2024-09,M,003005,레깅스,003,바지,20,3274710,physicalgarments,피지컬가먼츠,P4032 아이스 지퍼 텐션업 조깅스 [블랙],https://image.msscdn.net/images/goods_img/20230503/3274710/3274710_16830965673922_500.jpg,False
2024-09,M,003005,레깅스,003,바지,21,4334903,determined,디터민드,팀코리아 3부 타이즈,https://image.msscdn.net/images/goods_img/20240816/4334903/4334903_17237705960992_500.jpg,False
2024-09,M,003005,레깅스,003,바지,22,4412616,gorewear,고어웨어,R3 써모 타이즈 - 블랙 (남성용) 9부 기모,https://image.msscdn.net/images/goods_img/20240905/4412616/4412616_17255330287484_500.jpg,False
2024-09,M,003005,레깅스,003,바지,23,4217263,hadex,에이치덱스,어시스트 9.0 레깅스 (Black),https://image.msscdn.net/images/goods_img/20240625/4217263/4217263_17195690994521_500.jpg,False
2024-09,M,003005,레깅스,003,바지,24,4297913,volante,볼란테,Hybrid Jogger Leggings Pants [Dark Gray],https://image.msscdn.net/images/goods_img/20240805/4297913/4297913_17242063454898_500.jpg,False
2024-09,M,003005,레깅스,003,바지,25,3758421,ninez,나인제트,하이퍼™서포트 컴프레션 5부 타이즈 24CLG02,https://image.msscdn.net/images/goods_img/20231215/3758421/3758421_17055609654953_500.jpg,False
2024-09,M,003005,레깅스,003,바지,26,2380270,sumnfit,썸앤핏,5부 컴프레션 레깅스 스포츠 이너웨어,https://image.msscdn.net/images/goods_img/20220223/2380270/2380270_1_500.jpg,False
2024-09,M,003005,레깅스,003,바지,27,3509110,spyder,스파이더,남성 러닝 프로웹 타이즈 SPHPCNFL231MBLK,https://image.msscdn.net/images/goods_img/20230829/3509110/3509110_17703513283522_500.jpg,False
2024-09,M,003005,레깅스,003,바지,28,2950005,physicalgarments,피지컬가먼츠,P1142 아이스 슬림 조깅스팬츠[블랙],https://image.msscdn.net/images/goods_img/20221118/2950005/2950005_1_500.jpg,False
2024-09,M,003005,레깅스,003,바지,29,4297912,volante,볼란테,Hybrid Jogger Leggings Pants [Navy],https://image.msscdn.net/images/goods_img/20240805/4297912/4297912_17242062635600_500.jpg,False
2024-09,M,003005,레깅스,003,바지,30,4288720,drskin,닥터스킨,베이스레이어 3부 타이즈 모음,https://image.msscdn.net/images/goods_img/20240801/4288720/4288720_17775234737002_500.jpg,False
2024-09,M,003010,점프 슈트/오버올,003,바지,1,3928305,avan,어반드레스,Painter Jumpsuit BLACK,https://image.msscdn.net/images/goods_img/20240306/3928305/3928305_17171286086255_500.jpg,False
2024-09,M,003010,점프 슈트/오버올,003,바지,2,2063625,philogram,필로그램,PLG 데님 점프수트(Blue),https://image.msscdn.net/images/goods_img/20210813/2063625/2063625_16945900853647_500.jpg,False
2024-09,M,003010,점프 슈트/오버올,003,바지,3,3498067,thisisneverthat,디스이즈네버댓,GORE-TEX 3L Overall Black,https://image.msscdn.net/images/goods_img/20230825/3498067/3498067_16932995808397_500.jpg,False
2024-09,M,003010,점프 슈트/오버올,003,바지,4,944501,thestori,더스토리,논페이드 데님 오버롤 멜빵 팬츠 [블루],https://image.msscdn.net/images/goods_img/20190130/944501/944501_17617811599957_500.jpg,False
2024-09,M,003010,점프 슈트/오버올,003,바지,5,3882593,dickies,디키즈,BIB 오버롤 데님팬츠 Indigo,https://image.msscdn.net/images/goods_img/20240220/3882593/3882593_17083946750395_500.jpg,False
2024-09,M,003010,점프 슈트/오버올,003,바지,6,3940871,dickies,디키즈,BIB 덕 캔버스 오버롤 팬츠 Brown,https://image.msscdn.net/images/goods_img/20240312/3940871/3940871_17102073745483_500.jpg,False
2024-09,M,003010,점프 슈트/오버올,003,바지,7,3242186,bendavis,벤 데이비스,오리지널 오버롤 데님,https://image.msscdn.net/images/goods_img/20230418/3242186/3242186_16825751527307_500.jpg,False
2024-09,M,003010,점프 슈트/오버올,003,바지,8,3153728,helement,힐리먼트,티거 점프수트 V2 (Navy),https://image.msscdn.net/images/goods_img/20230316/3153728/3153728_16789455342526_500.jpg,False
2024-09,M,003010,점프 슈트/오버올,003,바지,9,3103337,magoodgan,맥우드건,파번 5804 카펜터 오버핏 네이비 점프수트,https://image.msscdn.net/images/goods_img/20230223/3103337/3103337_16771181661839_500.jpg,False
2024-09,M,003010,점프 슈트/오버올,003,바지,10,3417339,offroad,오프로드,나일론 스판 에센셜점프수트_5I52901,https://image.msscdn.net/images/goods_img/20230720/3417339/3417339_16898287867438_500.jpg,False
2024-09,M,003010,점프 슈트/오버올,003,바지,11,4300008,lee,리,유니 오버롤 팬츠 인디고 다크,https://image.msscdn.net/images/goods_img/20240806/4300008/4300008_17270796940952_500.jpg,False
2024-09,M,003010,점프 슈트/오버올,003,바지,12,3242184,bendavis,벤 데이비스,오리지널 오버롤 블랙,https://image.msscdn.net/images/goods_img/20230418/3242184/3242184_16825750601905_500.jpg,False
2024-09,M,003010,점프 슈트/오버올,003,바지,13,4042630,laugher,라퍼,[논페이드] 멜빵 데님 오버롤 팬츠 - 딥블루,https://image.msscdn.net/images/goods_img/20240411/4042630/4042630_17128652112790_500.jpg,False
2024-09,M,003010,점프 슈트/오버올,003,바지,14,1359378,thestori,더스토리,데님 오버롤 멜빵 팬츠 [중청],https://image.msscdn.net/images/goods_img/20200319/1359378/1359378_17617810274653_500.jpg,False
2024-09,M,003010,점프 슈트/오버올,003,바지,15,3149726,helement,힐리먼트,티거 점프수트 V2 (Khaki),https://image.msscdn.net/images/goods_img/20230315/3149726/3149726_16789392330304_500.jpg,False
2024-09,M,003010,점프 슈트/오버올,003,바지,16,1291268,bendavis,벤 데이비스,화이트라벨 오버롤 카멜,https://image.msscdn.net/images/goods_img/20200205/1291268/1291268_1_500.jpg,False
2024-09,M,003010,점프 슈트/오버올,003,바지,17,4042628,laugher,라퍼,[논페이드] 멜빵 데님 오버롤 팬츠 - 블랙,https://image.msscdn.net/images/goods_img/20240411/4042628/4042628_17128647133178_500.jpg,False
2024-09,M,003010,점프 슈트/오버올,003,바지,18,3460941,offroad,오프로드,멀티포켓 세미와이드 점프슈트_5JE2902,https://image.msscdn.net/images/goods_img/20230811/3460941/3460941_17199027737766_500.jpg,False
2024-09,M,003010,점프 슈트/오버올,003,바지,19,913825,smitharmor,스미스아머,SA 코만도 테크 점프수트,https://image.msscdn.net/images/goods_img/20181128/913825/913825_17061002539468_500.jpg,False
2024-09,M,003010,점프 슈트/오버올,003,바지,20,4007038,penfield,펜필드,LINEN DENIM ARTISAN OVERALL INDIGO_FQ2WP97U,https://image.msscdn.net/images/goods_img/20240329/4007038/4007038_17127446325668_500.jpg,False
2024-09,M,003010,점프 슈트/오버올,003,바지,21,3704715,blent,블렌트,Camper Jumpsuit Black,https://image.msscdn.net/images/goods_img/20231112/3704715/3704715_17000237639702_500.jpg,False
2024-09,M,003010,점프 슈트/오버올,003,바지,22,3730782,gripswany,그립스와니,파이어프루프 오버롤 올리브,https://image.msscdn.net/images/goods_img/20231123/3730782/3730782_17007295543964_500.jpg,False
2024-09,M,003010,점프 슈트/오버올,003,바지,23,3751056,dollouterwear,돌아우터웨어,2324 브이라인 스노우보드복  점프슈트  남녀공용 보드복자켓 보드복팬츠,https://image.msscdn.net/images/goods_img/20231211/3751056/3751056_17022428430516_500.jpg,False
2024-09,M,003010,점프 슈트/오버올,003,바지,24,2096437,philogram,필로그램,PLG 네프 생지 점프수트,https://image.msscdn.net/images/goods_img/20210829/2096437/2096437_16945907798336_500.jpg,False
2024-09,M,003010,점프 슈트/오버올,003,바지,25,2063626,philogram,필로그램,PLG 데님 점프수트(Black),https://image.msscdn.net/images/goods_img/20210813/2063626/2063626_16945902032755_500.jpg,False
2024-09,M,003010,점프 슈트/오버올,003,바지,26,1507675,thestori,더스토리,데님 오버롤 멜빵 팬츠 [연청],https://image.msscdn.net/images/goods_img/20200707/1507675/1507675_17617809551989_500.jpg,False
2024-09,M,003010,점프 슈트/오버올,003,바지,27,3928317,avan,어반드레스,Rupy Overall Wide Pants BLACK,https://image.msscdn.net/images/goods_img/20240306/3928317/3928317_17171287111229_500.jpg,False
2024-09,M,003010,점프 슈트/오버올,003,바지,28,4268086,doublejd,더블제이디,레터링 점프슈트(블랙),https://image.msscdn.net/images/goods_img/20240723/4268086/4268086_17425196982821_500.jpg,False
2024-09,M,003010,점프 슈트/오버올,003,바지,29,1415523,saintcrew,세인트크루,오버라운드 퍼티그 점프슈트 OF-501 블랙,https://image.msscdn.net/images/goods_img/20200422/1415523/1415523_17896994351504_500.jpg,False
2024-09,M,003010,점프 슈트/오버올,003,바지,30,4105489,magoodgan,맥우드건,파번 5808 오버핏 미디움인디고 오버롤 데님팬츠,https://image.msscdn.net/images/goods_img/20240503/4105489/4105489_17147136501349_500.jpg,False
2024-09,M,003006,기타 하의,003,바지,1,3404705,musinsastandard,무신사 스탠다드,시티 레저 CN 와이드 벨티드 파라슈트 팬츠 [블랙],https://image.msscdn.net/images/goods_img/20230712/3404705/3404705_17134029927665_500.jpg,False
2024-09,M,003006,기타 하의,003,바지,2,3939830,urbandtype,어반디타입,코튼 와이드 카고 팬츠_카키,https://image.msscdn.net/images/goods_img/20240311/3939830/3939830_17449522802823_500.jpg,False
2024-09,M,003006,기타 하의,003,바지,3,3838364,begin202,비긴202,나이코마 투턱 팬츠 [차콜 브라운],https://image.msscdn.net/images/goods_img/20240201/3838364/3838364_17447031810788_500.jpg,False
2024-09,M,003006,기타 하의,003,바지,4,3404706,musinsastandard,무신사 스탠다드,시티 레저 CN 와이드 벨티드 파라슈트 팬츠 [그레이쉬 베이지],https://image.msscdn.net/images/goods_img/20230712/3404706/3404706_17134029698179_500.jpg,False
2024-09,M,003006,기타 하의,003,바지,5,3411538,musinsastandard,무신사 스탠다드,나일론 파라슈트 팬츠 [블랙],https://image.msscdn.net/images/goods_img/20230717/3411538/3411538_16938694187008_500.jpg,False
2024-09,M,003006,기타 하의,003,바지,6,3758251,musinsastandard,무신사 스탠다드,립스탑 파라슈트 카고 팬츠 [블랙],https://image.msscdn.net/images/goods_img/20231215/3758251/3758251_17115991982126_500.jpg,False
2024-09,M,003006,기타 하의,003,바지,7,3146999,goyowear,고요웨어,라이트 이지 팬츠(블랙),https://image.msscdn.net/images/goods_img/20230314/3146999/3146999_17416854037625_500.jpg,False
2024-09,M,003006,기타 하의,003,바지,8,4210133,musinsastandard,무신사 스탠다드,시티 레저 CN 벨티드 유틸리티 팬츠 [그레이],https://image.msscdn.net/images/goods_img/20240620/4210133/4210133_17294814021978_500.jpg,False
2024-09,M,003006,기타 하의,003,바지,9,4014151,iey,이에이,ANGLE CARGO PANTS Black,https://image.msscdn.net/images/goods_img/20240402/4014151/4014151_17120294862451_500.jpg,False
2024-09,M,003006,기타 하의,003,바지,10,3757178,musinsastandard,무신사 스탠다드,시티 레저 CN 와이드 벨티드 파라슈트 팬츠 [카키],https://image.msscdn.net/images/goods_img/20231215/3757178/3757178_17101163541344_500.jpg,False
2024-09,M,003006,기타 하의,003,바지,11,4014150,iey,이에이,ANGLE CARGO PANTS Beige,https://image.msscdn.net/images/goods_img/20240402/4014150/4014150_17120295157189_500.jpg,False
2024-09,M,003006,기타 하의,003,바지,12,3757184,musinsastandard,무신사 스탠다드,시티 레저 와이드 벨티드 카고 팬츠 [그레이],https://image.msscdn.net/images/goods_img/20231215/3757184/3757184_17101180921509_500.jpg,False
2024-09,M,003006,기타 하의,003,바지,13,3757183,musinsastandard,무신사 스탠다드,시티 레저 와이드 벨티드 카고 팬츠 [그레이쉬 베이지],https://image.msscdn.net/images/goods_img/20231215/3757183/3757183_17101182376959_500.jpg,False
2024-09,M,003006,기타 하의,003,바지,14,4081490,noun,노운,wide multi pants v2 (charcoal),https://image.msscdn.net/images/goods_img/20240424/4081490/4081490_17168048010460_500.jpg,False
2024-09,M,003006,기타 하의,003,바지,15,3939834,urbandtype,어반디타입,코튼 와이드 카고 팬츠_베이지,https://image.msscdn.net/images/goods_img/20240311/3939834/3939834_17449523513032_500.jpg,False
2024-09,M,003006,기타 하의,003,바지,16,4210131,musinsastandard,무신사 스탠다드,시티 레저 CN 벨티드 유틸리티 팬츠 [블랙],https://image.msscdn.net/images/goods_img/20240620/4210131/4210131_17294816036943_500.jpg,False
2024-09,M,003006,기타 하의,003,바지,17,4304163,aakam,아캄,Knee Pin-tuck Camouflage Twill Pants (Black),https://image.msscdn.net/images/goods_img/20240807/4304163/4304163_17243269019342_500.jpg,False
2024-09,M,003006,기타 하의,003,바지,18,3757179,musinsastandard,무신사 스탠다드,시티 레저 CN 와이드 벨티드 파라슈트 팬츠 [그레이],https://image.msscdn.net/images/goods_img/20231215/3757179/3757179_17101165402246_500.jpg,False
2024-09,M,003006,기타 하의,003,바지,19,4025216,toffee,토피,시어서커 밴딩 팬츠 (BLACK),https://image.msscdn.net/images/goods_img/20240404/4025216/4025216_17122171813161_500.jpg,False
2024-09,M,003006,기타 하의,003,바지,20,2534798,slowrecordhouse,슬로우 레코드 하우스,나일론 원턱 팬츠_블랙,https://image.msscdn.net/images/goods_img/20220502/2534798/2534798_17158292380538_500.jpg,False
2024-09,M,003006,기타 하의,003,바지,21,3758243,musinsastandard,무신사 스탠다드,나일론 와이드 셔링 카고 팬츠 [블랙],https://image.msscdn.net/images/goods_img/20231215/3758243/3758243_17115319117030_500.jpg,False
2024-09,M,003006,기타 하의,003,바지,22,3758355,musinsastandard,무신사 스탠다드,시티 레저 NP 와이드 벨티드 카고 팬츠 [라이트 그레이],https://image.msscdn.net/images/goods_img/20231215/3758355/3758355_17101199380063_500.jpg,False
2024-09,M,003006,기타 하의,003,바지,23,2341898,sperone,스페로네,플로우 라인 레더 팬츠 맨 (블랙),https://image.msscdn.net/images/goods_img/20220204/2341898/2341898_1_500.jpg,False
2024-09,M,003006,기타 하의,003,바지,24,3757180,musinsastandard,무신사 스탠다드,시티 레저 CN 와이드 벨티드 파라슈트 팬츠 [더스티 크림],https://image.msscdn.net/images/goods_img/20231215/3757180/3757180_17168794783949_500.jpg,False
2024-09,M,003006,기타 하의,003,바지,25,3514433,travel,트래블,유틸리티 멀티 포켓 팬츠 블랙,https://image.msscdn.net/images/goods_img/20230830/3514433/3514433_16940488853055_500.jpg,False
2024-09,M,003006,기타 하의,003,바지,26,3438991,travel,트래블,워크샵 나일론 벌룬 팬츠,https://image.msscdn.net/images/goods_img/20230801/3438991/3438991_17346545143515_500.jpg,False
2024-09,M,003006,기타 하의,003,바지,27,2534829,slowrecordhouse,슬로우 레코드 하우스,나일론 원턱 팬츠_네이비,https://image.msscdn.net/images/goods_img/20220502/2534829/2534829_3_500.jpg,False
2024-09,M,003006,기타 하의,003,바지,28,4399790,thenorthface,노스페이스,NP6NQ51J 화이트라벨 닐턴 팬츠,https://image.msscdn.net/images/goods_img/20240903/4399790/4399790_17253528015590_500.jpg,False
2024-09,M,003006,기타 하의,003,바지,29,3411541,musinsastandard,무신사 스탠다드,나일론 파라슈트 팬츠  [그레이],https://image.msscdn.net/images/goods_img/20230717/3411541/3411541_16939020628994_500.jpg,False
2024-09,M,003006,기타 하의,003,바지,30,3400509,1993studio,1993스튜디오,더블 스티치 와이드 팬츠_블랙,https://image.msscdn.net/images/goods_img/20230710/3400509/3400509_16965694053554_500.jpg,False
2024-09,F,001,상의,,,1,3791891,filluminate,필루미네이트,오버핏 포레스트 체크 셔츠-블랙,https://image.msscdn.net/images/goods_img/20240112/3791891/3791891_17901256505525_500.jpg,False
2024-09,F,001,상의,,,2,2913656,filluminate,필루미네이트,오버핏 그래피티 로고 후디-멜란지그레이,https://image.msscdn.net/images/goods_img/20221101/2913656/2913656_17593846033133_500.jpg,False
2024-09,F,001,상의,,,3,4302685,sorano,소라노,SORANO Basic Logo HOODIE [4Color],https://image.msscdn.net/images/goods_img/20240807/4302685/4302685_17229675684379_500.jpg,False
2024-09,F,001,상의,,,4,2313388,1993studio,1993스튜디오,90S 트랙 스웨트셔츠_그레이,https://image.msscdn.net/images/goods_img/20220118/2313388/2313388_17592092127579_500.jpg,False
2024-09,F,001,상의,,,5,2759813,saintpain,세인트페인,SP 팀 로고 후드-멜란지 그레이,https://image.msscdn.net/images/goods_img/20220831/2759813/2759813_1_500.jpg,False
2024-09,F,001,상의,,,6,2722805,brownbreath,브라운브레스,TAG OG HOODIE - BURGUNDY,https://image.msscdn.net/images/goods_img/20220817/2722805/2722805_17685233788556_500.jpg,False
2024-09,F,001,상의,,,7,3791889,filluminate,필루미네이트,오버핏 포레스트 체크 셔츠-핑크,https://image.msscdn.net/images/goods_img/20240112/3791889/3791889_17800394766247_500.jpg,False
2024-09,F,001,상의,,,8,3463298,yale,예일,투톤아치 후드_그레이,https://image.msscdn.net/images/goods_img/20230814/3463298/3463298_17362154315362_500.jpg,False
2024-09,F,001,상의,,,9,3026606,filluminate,필루미네이트,오버핏 그래피티 로고 후디-오트밀,https://image.msscdn.net/images/goods_img/20230116/3026606/3026606_16740279087820_500.jpg,False
2024-09,F,001,상의,,,10,4071966,oafish,오피쉬,"레터링 후디, 블랙",https://image.msscdn.net/images/goods_img/20240422/4071966/4071966_17137500206666_500.jpg,False
2024-09,F,001,상의,,,11,3634049,saintpain,세인트페인,SP 팀 리그 후드-오트밀,https://image.msscdn.net/images/goods_img/20231017/3634049/3634049_16977070839597_500.jpg,False
2024-09,F,001,상의,,,12,3005822,brownbreath,브라운브레스,TAG OG LONGSLEEVE - WHITE,https://image.msscdn.net/images/goods_img/20230104/3005822/3005822_17392559844752_500.jpg,False
2024-09,F,001,상의,,,13,3907164,ruddycheeks,아이필블루씨에스엠,Ifeelbluecsm Hoodie Oatmeal,https://image.msscdn.net/images/goods_img/20240227/3907164/3907164_17090361274276_500.jpg,False
2024-09,F,001,상의,,,14,3549188,havism,해비즘,OVERSIZE VELOUR V-NECK L/S TEE(GREY),https://image.msscdn.net/images/goods_img/20230911/3549188/3549188_16944107720806_500.jpg,False
2024-09,F,001,상의,,,15,4437566,partimentowomen,파르티멘토 우먼,더블 페이스드 핀턱 드레이프 탑 2PACK_차콜,https://image.msscdn.net/images/goods_img/20240912/4437566/4437566_17270758803872_500.jpg,False
2024-09,F,001,상의,,,16,2990516,1989standard,1989스탠다드,RV_OUR 1989 후드 (STHSTD-0004),https://image.msscdn.net/images/goods_img/20221220/2990516/2990516_17865211299718_500.jpg,False
2024-09,F,001,상의,,,17,2058188,brownbreath,브라운브레스,TAG OG HOODIE - BLACK,https://image.msscdn.net/images/goods_img/20210811/2058188/2058188_17685234537443_500.jpg,False
2024-09,F,001,상의,,,18,3286918,marithefrancoisgirbaud,마리떼 프랑소와 저버,3PACK SMALL REGULAR LOGO TEE mix,https://image.msscdn.net/images/goods_img/20230510/3286918/3286918_17424357770496_500.jpg,False
2024-09,F,001,상의,,,19,3773867,covernat,커버낫,[2PACK] 쿨 코튼 티셔츠 Black+White,https://image.msscdn.net/images/goods_img/20240103/3773867/3773867_17818426320462_500.jpg,False
2024-09,F,001,상의,,,20,4269861,apr8,에이프릴에잇,APR8 ACADEMY HOODIE [4Color],https://image.msscdn.net/images/goods_img/20240724/4269861/4269861_17247388506198_500.jpg,False
2024-09,F,001,상의,,,21,3791890,filluminate,필루미네이트,오버핏 포레스트 체크 셔츠-그린,https://image.msscdn.net/images/goods_img/20240112/3791890/3791890_17477882252512_500.jpg,False
2024-09,F,001,상의,,,22,3625615,rockcake,락케이크,Funk Mesh Top - Black,https://image.msscdn.net/images/goods_img/20231013/3625615/3625615_17168719123899_500.jpg,False
2024-09,F,001,상의,,,23,2995119,trillion,트릴리온,컬러 배색 1992 그래픽 후드 (NAVY),https://image.msscdn.net/images/goods_img/20221223/2995119/2995119_1_500.jpg,False
2024-09,F,001,상의,,,24,3156318,oddstudio,오드스튜디오,베리클로즈 래글런 오버핏 롱 슬리브 - OATMEAL /GREEN,https://image.msscdn.net/images/goods_img/20230317/3156318/3156318_17707851128504_500.jpg,False
2024-09,F,001,상의,,,25,3464998,venhit,벤힛,MRT 후드티,https://image.msscdn.net/images/goods_img/20230814/3464998/3464998_16964023450202_500.jpg,False
2024-09,F,001,상의,,,26,2302738,brownbreath,브라운브레스,TAG OG HOODIE - NAVY,https://image.msscdn.net/images/goods_img/20220112/2302738/2302738_17685234128085_500.jpg,False
2024-09,F,001,상의,,,27,3907161,ruddycheeks,아이필블루씨에스엠,Ifeelbluecsm Hoodie [4Color],https://image.msscdn.net/images/goods_img/20240227/3907161/3907161_17591081389486_500.jpg,False
2024-09,F,001,상의,,,28,4243024,urbandtype,어반디타입,오버사이즈 체크 포켓 셔츠_핑크,https://image.msscdn.net/images/goods_img/20240710/4243024/4243024_17786500795344_500.jpg,False
2024-09,F,001,상의,,,29,2697813,prendafromplant,프렌다,PRDA DENIM PATCH CREWNECK SHIRT BLACK,https://image.msscdn.net/images/goods_img/20220804/2697813/2697813_16759892051756_500.jpg,False
2024-09,F,001,상의,,,30,3445872,apr8,에이프릴에잇,APR8 STAR LOGO HOODIE [6Color],https://image.msscdn.net/images/goods_img/20230804/3445872/3445872_16944857555770_500.jpg,False
2024-09,F,001005,맨투맨/스웨트,001,상의,1,2313388,1993studio,1993스튜디오,90S 트랙 스웨트셔츠_그레이,https://image.msscdn.net/images/goods_img/20220118/2313388/2313388_17592092127579_500.jpg,False
2024-09,F,001005,맨투맨/스웨트,001,상의,2,2697813,prendafromplant,프렌다,PRDA DENIM PATCH CREWNECK SHIRT BLACK,https://image.msscdn.net/images/goods_img/20220804/2697813/2697813_16759892051756_500.jpg,False
2024-09,F,001005,맨투맨/스웨트,001,상의,3,2338457,bittercells,비터셀즈,하트 벌룬 스웻 셔츠-3 Colors,https://image.msscdn.net/images/goods_img/20220203/2338457/2338457_17254400814620_500.jpg,False
2024-09,F,001005,맨투맨/스웨트,001,상의,4,2313445,1993studio,1993스튜디오,90S 트랙 스웨트셔츠_블랙,https://image.msscdn.net/images/goods_img/20220118/2313445/2313445_17592100281982_500.jpg,False
2024-09,F,001005,맨투맨/스웨트,001,상의,5,3400338,1993studio,1993스튜디오,스피드레이서 레글런 스웨트셔츠_블랙,https://image.msscdn.net/images/goods_img/20230710/3400338/3400338_17725194236157_500.jpg,False
2024-09,F,001005,맨투맨/스웨트,001,상의,6,2062553,fallett,팔렛,부클 플라워 맨투맨 네이비,https://image.msscdn.net/images/goods_img/20210813/2062553/2062553_17615293207269_500.jpg,False
2024-09,F,001005,맨투맨/스웨트,001,상의,7,3056893,compagno,꼼파뇨,슈팅 로고 레글런 스웨트셔츠 베이지브라운,https://image.msscdn.net/images/goods_img/20230202/3056893/3056893_16759355110509_500.jpg,False
2024-09,F,001005,맨투맨/스웨트,001,상의,8,3682659,compagno,꼼파뇨,Cheesy Bunny 레글런 피그먼트 맨투맨 더스티핑크,https://image.msscdn.net/images/goods_img/20231103/3682659/3682659_17725894503596_500.jpg,False
2024-09,F,001005,맨투맨/스웨트,001,상의,9,4258150,venhit,벤힛,MRT 레글런 스웨트셔츠 크림,https://image.msscdn.net/images/goods_img/20240718/4258150/4258150_17218996981291_500.jpg,False
2024-09,F,001005,맨투맨/스웨트,001,상의,10,3948632,mucent,무센트,빅 로고 루즈핏 롱슬리브 맨투맨 (3컬러),https://image.msscdn.net/images/goods_img/20240313/3948632/3948632_17300845807043_500.jpg,False
2024-09,F,001005,맨투맨/스웨트,001,상의,11,3432211,somewherebutter,썸웨어버터,new wave logo sweatshirt - navy,https://image.msscdn.net/images/goods_img/20230728/3432211/3432211_16963833352007_500.jpg,False
2024-09,F,001005,맨투맨/스웨트,001,상의,12,4375639,compagno,꼼파뇨,happy day 피그먼트 스웨트셔츠 스모크블랙,https://image.msscdn.net/images/goods_img/20240827/4375639/4375639_17727551128659_500.jpg,False
2024-09,F,001005,맨투맨/스웨트,001,상의,13,3479969,gakka2,가까이 유니언즈,루바토 브이넥 맨투맨 네이비,https://image.msscdn.net/images/goods_img/20230821/3479969/3479969_16927521237552_500.png,False
2024-09,F,001005,맨투맨/스웨트,001,상의,14,3043045,1993studio,1993스튜디오,90S 트랙 스웨트셔츠_오트베이지,https://image.msscdn.net/images/goods_img/20230127/3043045/3043045_16758467474405_500.jpg,False
2024-09,F,001005,맨투맨/스웨트,001,상의,15,3864742,youhee,유희,OFF SHOULDER SWEATSHIRTS MELANGE GREY,https://image.msscdn.net/images/goods_img/20240213/3864742/3864742_17322580029156_500.jpg,False
2024-09,F,001005,맨투맨/스웨트,001,상의,16,4307540,marithefrancoisgirbaud,마리떼 프랑소와 저버,W CLASSIC LOGO CROP SWEATSHIRT light heather gray,https://image.msscdn.net/images/goods_img/20240808/4307540/4307540_17255336495462_500.jpg,False
2024-09,F,001005,맨투맨/스웨트,001,상의,17,2107298,aecawhite,에이카화이트,BIG LOGO SWEATSHIRT-NAVY/WHITE,https://image.msscdn.net/images/goods_img/20210903/2107298/2107298_17240622808280_500.jpg,False
2024-09,F,001005,맨투맨/스웨트,001,상의,18,4336266,somewherebutter,썸웨어버터,Check wave logo sweatshirt - Navy,https://image.msscdn.net/images/goods_img/20240816/4336266/4336266_17243133394899_500.jpg,False
2024-09,F,001005,맨투맨/스웨트,001,상의,19,3443817,grooverhyme,그루브라임,ADRENALINE MOTIVE VELVET SWEATSHIRT (BLACK) [LRSFCTM756M],https://image.msscdn.net/images/goods_img/20230803/3443817/3443817_17101188718704_500.jpg,False
2024-09,F,001005,맨투맨/스웨트,001,상의,20,1817394,travel,트래블,[3-PACK]베이직 트래블러 피그먼트 스웨트셔츠,https://image.msscdn.net/images/goods_img/20210226/1817394/1817394_17152436181527_500.jpg,False
2024-09,F,001005,맨투맨/스웨트,001,상의,21,4401516,raive,레이브,Love Bites Graphic Sweatshirt VW4AE107_2color,https://image.msscdn.net/images/goods_img/20240904/4401516/4401516_17392485913132_500.jpg,False
2024-09,F,001005,맨투맨/스웨트,001,상의,22,4265258,teket,테켓,H Zip-Up Sweatshirt Beige,https://image.msscdn.net/images/goods_img/20240722/4265258/4265258_17258480466671_500.jpg,False
2024-09,F,001005,맨투맨/스웨트,001,상의,23,3043051,1993studio,1993스튜디오,90S 트랙 스웨트셔츠_네이비,https://image.msscdn.net/images/goods_img/20230127/3043051/3043051_16758467320267_500.jpg,False
2024-09,F,001005,맨투맨/스웨트,001,상의,24,1643160,grooverhyme,그루브라임,[2PACK]유니)C100 3단쭈리 - LOCATION 맨투맨(세미오버핏)(14 COLOR)[LRARCTM701M],https://image.msscdn.net/images/goods_img/20201012/1643160/1643160_17170443726485_500.jpg,False
2024-09,F,001005,맨투맨/스웨트,001,상의,25,2091693,poloralphlauren,폴로 랄프 로렌,W 플리스 풀오버 - 네이비,https://image.msscdn.net/images/goods_img/20210826/2091693/2091693_2_500.jpg,False
2024-09,F,001005,맨투맨/스웨트,001,상의,26,2848081,rosefrantz,로제프란츠,Classic Flower MTM [Black],https://image.msscdn.net/images/goods_img/20221007/2848081/2848081_1_500.jpg,False
2024-09,F,001005,맨투맨/스웨트,001,상의,27,3679129,yale,예일,(23FW) EMBROIDERY UNIVERSITY DAN CREWNECK NAVY,https://image.msscdn.net/images/goods_img/20231102/3679129/3679129_16989048904341_500.jpg,False
2024-09,F,001005,맨투맨/스웨트,001,상의,28,2052957,fallett,팔렛,네로 맨투맨 아이보리,https://image.msscdn.net/images/goods_img/20210809/2052957/2052957_17542944985098_500.jpg,False
2024-09,F,001005,맨투맨/스웨트,001,상의,29,4374068,mucent,무센트,하트 레터링 나그랑 배색 맨투맨 남녀공용 (4컬러),https://image.msscdn.net/images/goods_img/20240827/4374068/4374068_17248271856749_500.jpg,False
2024-09,F,001005,맨투맨/스웨트,001,상의,30,3400341,1993studio,1993스튜디오,스피드레이서 레글런 스웨트셔츠_화이트,https://image.msscdn.net/images/goods_img/20230710/3400341/3400341_16953492242524_500.jpg,False
2024-09,F,001004,후드 티셔츠,001,상의,1,2913656,filluminate,필루미네이트,오버핏 그래피티 로고 후디-멜란지그레이,https://image.msscdn.net/images/goods_img/20221101/2913656/2913656_17593846033133_500.jpg,False
2024-09,F,001004,후드 티셔츠,001,상의,2,4302685,sorano,소라노,SORANO Basic Logo HOODIE [4Color],https://image.msscdn.net/images/goods_img/20240807/4302685/4302685_17229675684379_500.jpg,False
2024-09,F,001004,후드 티셔츠,001,상의,3,2759813,saintpain,세인트페인,SP 팀 로고 후드-멜란지 그레이,https://image.msscdn.net/images/goods_img/20220831/2759813/2759813_1_500.jpg,False
2024-09,F,001004,후드 티셔츠,001,상의,4,2722805,brownbreath,브라운브레스,TAG OG HOODIE - BURGUNDY,https://image.msscdn.net/images/goods_img/20220817/2722805/2722805_17685233788556_500.jpg,False
2024-09,F,001004,후드 티셔츠,001,상의,5,3463298,yale,예일,투톤아치 후드_그레이,https://image.msscdn.net/images/goods_img/20230814/3463298/3463298_17362154315362_500.jpg,False
2024-09,F,001004,후드 티셔츠,001,상의,6,3026606,filluminate,필루미네이트,오버핏 그래피티 로고 후디-오트밀,https://image.msscdn.net/images/goods_img/20230116/3026606/3026606_16740279087820_500.jpg,False
2024-09,F,001004,후드 티셔츠,001,상의,7,4071966,oafish,오피쉬,"레터링 후디, 블랙",https://image.msscdn.net/images/goods_img/20240422/4071966/4071966_17137500206666_500.jpg,False
2024-09,F,001004,후드 티셔츠,001,상의,8,3634049,saintpain,세인트페인,SP 팀 리그 후드-오트밀,https://image.msscdn.net/images/goods_img/20231017/3634049/3634049_16977070839597_500.jpg,False
2024-09,F,001004,후드 티셔츠,001,상의,9,3907164,ruddycheeks,아이필블루씨에스엠,Ifeelbluecsm Hoodie Oatmeal,https://image.msscdn.net/images/goods_img/20240227/3907164/3907164_17090361274276_500.jpg,False
2024-09,F,001004,후드 티셔츠,001,상의,10,2990516,1989standard,1989스탠다드,RV_OUR 1989 후드 (STHSTD-0004),https://image.msscdn.net/images/goods_img/20221220/2990516/2990516_17865211299718_500.jpg,False
2024-09,F,001004,후드 티셔츠,001,상의,11,2058188,brownbreath,브라운브레스,TAG OG HOODIE - BLACK,https://image.msscdn.net/images/goods_img/20210811/2058188/2058188_17685234537443_500.jpg,False
2024-09,F,001004,후드 티셔츠,001,상의,12,4269861,apr8,에이프릴에잇,APR8 ACADEMY HOODIE [4Color],https://image.msscdn.net/images/goods_img/20240724/4269861/4269861_17247388506198_500.jpg,False
2024-09,F,001004,후드 티셔츠,001,상의,13,2995119,trillion,트릴리온,컬러 배색 1992 그래픽 후드 (NAVY),https://image.msscdn.net/images/goods_img/20221223/2995119/2995119_1_500.jpg,False
2024-09,F,001004,후드 티셔츠,001,상의,14,3464998,venhit,벤힛,MRT 후드티,https://image.msscdn.net/images/goods_img/20230814/3464998/3464998_16964023450202_500.jpg,False
2024-09,F,001004,후드 티셔츠,001,상의,15,2302738,brownbreath,브라운브레스,TAG OG HOODIE - NAVY,https://image.msscdn.net/images/goods_img/20220112/2302738/2302738_17685234128085_500.jpg,False
2024-09,F,001004,후드 티셔츠,001,상의,16,3907161,ruddycheeks,아이필블루씨에스엠,Ifeelbluecsm Hoodie [4Color],https://image.msscdn.net/images/goods_img/20240227/3907161/3907161_17591081389486_500.jpg,False
2024-09,F,001004,후드 티셔츠,001,상의,17,3445872,apr8,에이프릴에잇,APR8 STAR LOGO HOODIE [6Color],https://image.msscdn.net/images/goods_img/20230804/3445872/3445872_16944857555770_500.jpg,False
2024-09,F,001004,후드 티셔츠,001,상의,18,3907158,ruddycheeks,아이필블루씨에스엠,Ifeelbluecsm Hoodie Light Grey,https://image.msscdn.net/images/goods_img/20240227/3907158/3907158_17090353346524_500.jpg,False
2024-09,F,001004,후드 티셔츠,001,상의,19,2913659,filluminate,필루미네이트,오버핏 그래피티 로고 후디-블랙,https://image.msscdn.net/images/prd_img/20221101/2913659/detail_2913659_7_500.jpg,False
2024-09,F,001004,후드 티셔츠,001,상의,20,4394773,brownbreath,브라운브레스,TAG HOODIE - ASH,https://image.msscdn.net/images/goods_img/20240902/4394773/4394773_17259503021564_500.jpg,False
2024-09,F,001004,후드 티셔츠,001,상의,21,3026609,filluminate,필루미네이트,오버핏 그래피티 로고 후디-네이비,https://image.msscdn.net/images/goods_img/20230116/3026609/3026609_16740279294962_500.jpg,False
2024-09,F,001004,후드 티셔츠,001,상의,22,3772834,lee,리,빅 트위치 로고 후드 오트밀,https://image.msscdn.net/images/goods_img/20240103/3772834/3772834_17044288704516_500.jpg,False
2024-09,F,001004,후드 티셔츠,001,상의,23,2759814,saintpain,세인트페인,SP 팀 로고 후드-네이비,https://image.msscdn.net/images/goods_img/20220831/2759814/2759814_1_500.jpg,False
2024-09,F,001004,후드 티셔츠,001,상의,24,3441526,physicaleducation,피지컬 에듀케이션 디파트먼트,아플리케 스타테일 후드_오트밀,https://image.msscdn.net/images/goods_img/20230802/3441526/3441526_17231826219223_500.jpg,False
2024-09,F,001004,후드 티셔츠,001,상의,25,2043588,nomanual,노매뉴얼,DOODLE LOGO HOODIE - BLACK,https://image.msscdn.net/images/goods_img/20210729/2043588/2043588_1_500.jpg,False
2024-09,F,001004,후드 티셔츠,001,상의,26,1574201,brownbreath,브라운브레스,TAG HOODIE - ASH,https://image.msscdn.net/images/goods_img/20200901/1574201/1574201_17049547956668_500.jpg,False
2024-09,F,001004,후드 티셔츠,001,상의,27,2958006,brownbreath,브라운브레스,W TAG CROP HOODIE - CHARCOAL,https://image.msscdn.net/images/goods_img/20221123/2958006/2958006_17321683044856_500.jpg,False
2024-09,F,001004,후드 티셔츠,001,상의,28,4285383,thecoldestmoment,더콜디스트모먼트,TCM rag hoodie (sky blue),https://image.msscdn.net/images/goods_img/20240731/4285383/4285383_17233460844856_500.jpg,False
2024-09,F,001004,후드 티셔츠,001,상의,29,3542756,oddstudio,오드스튜디오,ODSD 피그먼트 데미지 오버핏 후드 - DUSTY PINK,https://image.msscdn.net/images/goods_img/20230907/3542756/3542756_17315546855136_500.jpg,False
2024-09,F,001004,후드 티셔츠,001,상의,30,3424281,urbanstoff,어반스터프,디스트레스드 후디 (크림),https://image.msscdn.net/images/goods_img/20230725/3424281/3424281_16927701934831_500.jpg,False
2024-09,F,001002,셔츠/블라우스,001,상의,1,3791891,filluminate,필루미네이트,오버핏 포레스트 체크 셔츠-블랙,https://image.msscdn.net/images/goods_img/20240112/3791891/3791891_17901256505525_500.jpg,False
2024-09,F,001002,셔츠/블라우스,001,상의,2,3791889,filluminate,필루미네이트,오버핏 포레스트 체크 셔츠-핑크,https://image.msscdn.net/images/goods_img/20240112/3791889/3791889_17800394766247_500.jpg,False
2024-09,F,001002,셔츠/블라우스,001,상의,3,3791890,filluminate,필루미네이트,오버핏 포레스트 체크 셔츠-그린,https://image.msscdn.net/images/goods_img/20240112/3791890/3791890_17477882252512_500.jpg,False
2024-09,F,001002,셔츠/블라우스,001,상의,4,4243024,urbandtype,어반디타입,오버사이즈 체크 포켓 셔츠_핑크,https://image.msscdn.net/images/goods_img/20240710/4243024/4243024_17786500795344_500.jpg,False
2024-09,F,001002,셔츠/블라우스,001,상의,5,4306872,codegraphy,코드그라피,90S VTG THE NERD 오버핏 체크셔츠_멀티컬러VER,https://image.msscdn.net/images/goods_img/20240807/4306872/4306872_17718107079304_500.jpg,False
2024-09,F,001002,셔츠/블라우스,001,상의,6,4227441,standarderror,스탠다드에러,87-STAN083 레트로 플레이드 오버핏 포켓 긴팔 체크 셔츠 딥블루,https://image.msscdn.net/images/goods_img/20240702/4227441/4227441_17738156721895_500.jpg,False
2024-09,F,001002,셔츠/블라우스,001,상의,7,3477442,dimitriblack,디미트리블랙,ASI 포시즌 옴브레 체크 셔츠_블루,https://image.msscdn.net/images/goods_img/20230818/3477442/3477442_17446842787056_500.jpg,False
2024-09,F,001002,셔츠/블라우스,001,상의,8,4068166,huke,후크,빈티지 워싱 네이비 체크셔츠,https://image.msscdn.net/images/goods_img/20240419/4068166/4068166_17150610004370_500.jpg,False
2024-09,F,001002,셔츠/블라우스,001,상의,9,4227440,standarderror,스탠다드에러,87-STAN082 빈티지 플레이드 오버핏 포켓 긴팔 체크 셔츠 핑크,https://image.msscdn.net/images/goods_img/20240702/4227440/4227440_17738155838719_500.jpg,False
2024-09,F,001002,셔츠/블라우스,001,상의,10,4288935,dimitriblack,디미트리블랙,ASI 에센셜 바이오워싱 데님 셔츠_더스트 인디고,https://image.msscdn.net/images/goods_img/20240801/4288935/4288935_17234533281193_500.jpg,False
2024-09,F,001002,셔츠/블라우스,001,상의,11,4227448,standarderror,스탠다드에러,87-STAN086 레거시 빈티지 오버핏 포켓 긴팔 체크 셔츠 네이비,https://image.msscdn.net/images/goods_img/20240702/4227448/4227448_17738157770217_500.jpg,False
2024-09,F,001002,셔츠/블라우스,001,상의,12,3046646,bittercells,비터셀즈,내츄럴 오버핏 셔츠-6 Colors,https://image.msscdn.net/images/goods_img/20230130/3046646/3046646_17254399811191_500.jpg,False
2024-09,F,001002,셔츠/블라우스,001,상의,13,3792422,filluminate,필루미네이트,오버핏 마드라스 체크 셔츠-핑크,https://image.msscdn.net/images/goods_img/20240112/3792422/3792422_17067742603091_500.jpg,False
2024-09,F,001002,셔츠/블라우스,001,상의,14,3477441,dimitriblack,디미트리블랙,ASI 포시즌 옴브레 체크 셔츠_에메랄드 그린,https://image.msscdn.net/images/goods_img/20230818/3477441/3477441_17446844440705_500.jpg,False
2024-09,F,001002,셔츠/블라우스,001,상의,15,3323598,musinsastandardwoman,무신사 스탠다드 우먼,우먼즈 슬림 핏 셔츠 [화이트],https://image.msscdn.net/images/goods_img/20230525/3323598/3323598_16969793437240_500.jpg,False
2024-09,F,001002,셔츠/블라우스,001,상의,16,3931127,poloralphlauren,폴로 랄프 로렌,W 데님 셔츠 - 블루,https://image.msscdn.net/images/goods_img/20240307/3931127/3931127_17107562581659_500.jpg,False
2024-09,F,001002,셔츠/블라우스,001,상의,17,4227437,standarderror,스탠다드에러,87-STAN081 원포켓 빈티지 오버핏 긴팔 체크 셔츠 네이비,https://image.msscdn.net/images/goods_img/20240702/4227437/4227437_17738154996351_500.jpg,False
2024-09,F,001002,셔츠/블라우스,001,상의,18,3860260,setupexe,셋업이엑스이,OVER CHECK SHIRT / PINK,https://image.msscdn.net/images/goods_img/20240210/3860260/3860260_17075747020901_500.jpg,False
2024-09,F,001002,셔츠/블라우스,001,상의,19,4313634,avan,어반드레스,Peter Check Shirt PINK,https://image.msscdn.net/images/goods_img/20240809/4313634/4313634_17241418821727_500.jpg,False
2024-09,F,001002,셔츠/블라우스,001,상의,20,1793993,poloralphlauren,폴로 랄프 로렌,W 클래식핏 옥스포드 셔츠 - 화이트,https://image.msscdn.net/images/goods_img/20210215/1793993/1793993_2_500.jpg,False
2024-09,F,001002,셔츠/블라우스,001,상의,21,3070944,citybreeze,시티브리즈,링클프리 오버핏 셔츠_5COLOR,https://image.msscdn.net/images/goods_img/20230209/3070944/3070944_17098825739074_500.jpg,False
2024-09,F,001002,셔츠/블라우스,001,상의,22,2085005,citybreeze,시티브리즈,링클 프리 베이직 셔츠_19COLORS,https://image.msscdn.net/images/prd_img/20210824/2085005/detail_2085005_17524690165032_500.jpg,False
2024-09,F,001002,셔츠/블라우스,001,상의,23,1798977,acover,어커버,타탄 포켓 체크 셔츠 오버핏 블랙,https://image.msscdn.net/images/goods_img/20210217/1798977/1798977_17875524076087_500.jpg,False
2024-09,F,001002,셔츠/블라우스,001,상의,24,3593332,asifcalie,에즈이프 캘리,DIRTYWASHING OVERFIT CHECK SHIRT PINK,https://image.msscdn.net/images/goods_img/20230925/3593332/3593332_17310323100324_500.jpg,False
2024-09,F,001002,셔츠/블라우스,001,상의,25,3771912,suare,수아레,스튜피드 체크 셔츠 시리즈 - 8 COLOR,https://image.msscdn.net/images/goods_img/20240102/3771912/3771912_17096042993927_500.jpg,False
2024-09,F,001002,셔츠/블라우스,001,상의,26,3773940,bittercells,비터셀즈,머피 오버핏 셔츠-블루,https://image.msscdn.net/images/goods_img/20240103/3773940/3773940_17084974938776_500.jpg,False
2024-09,F,001002,셔츠/블라우스,001,상의,27,4320397,someplace,썸플레이스,유니섹스 타탄 체크 패턴 박시 오버핏 코튼 셔츠 시리즈 [그린],https://image.msscdn.net/images/goods_img/20240812/4320397/4320397_17525383301347_500.jpg,False
2024-09,F,001002,셔츠/블라우스,001,상의,28,3640782,trillion,트릴리온,투 포켓 옴브레 체크 셔츠 (BLUE),https://image.msscdn.net/images/goods_img/20231019/3640782/3640782_16976999794158_500.jpg,False
2024-09,F,001002,셔츠/블라우스,001,상의,29,4263784,filluminate,필루미네이트,긱 데미지 체크 셔츠-핑크,https://image.msscdn.net/images/goods_img/20240721/4263784/4263784_17367321951014_500.jpg,False
2024-09,F,001002,셔츠/블라우스,001,상의,30,3097185,poloralphlauren,폴로 랄프 로렌,W 포플린 스트레치 셔츠 - 화이트,https://image.msscdn.net/images/goods_img/20230221/3097185/3097185_16808334829966_500.jpg,False
2024-09,F,001010,긴소매 티셔츠,001,상의,1,3005822,brownbreath,브라운브레스,TAG OG LONGSLEEVE - WHITE,https://image.msscdn.net/images/goods_img/20230104/3005822/3005822_17392559844752_500.jpg,False
2024-09,F,001010,긴소매 티셔츠,001,상의,2,4437566,partimentowomen,파르티멘토 우먼,더블 페이스드 핀턱 드레이프 탑 2PACK_차콜,https://image.msscdn.net/images/goods_img/20240912/4437566/4437566_17270758803872_500.jpg,False
2024-09,F,001010,긴소매 티셔츠,001,상의,3,3625615,rockcake,락케이크,Funk Mesh Top - Black,https://image.msscdn.net/images/goods_img/20231013/3625615/3625615_17168719123899_500.jpg,False
2024-09,F,001010,긴소매 티셔츠,001,상의,4,3156318,oddstudio,오드스튜디오,베리클로즈 래글런 오버핏 롱 슬리브 - OATMEAL /GREEN,https://image.msscdn.net/images/goods_img/20230317/3156318/3156318_17707851128504_500.jpg,False
2024-09,F,001010,긴소매 티셔츠,001,상의,5,3066189,lmc,엘엠씨,AEROCOOL LONG SLV TEE 2PACK none,https://image.msscdn.net/images/goods_img/20230207/3066189/3066189_17797561475320_500.jpg,False
2024-09,F,001010,긴소매 티셔츠,001,상의,6,4318523,prendafromplant,프렌다,PRDA BIG PATCH RAGLAN LONG SLEEVE GRAY,https://image.msscdn.net/images/goods_img/20240812/4318523/4318523_17242865831378_500.jpg,False
2024-09,F,001010,긴소매 티셔츠,001,상의,7,3417709,musinsastandardwoman,무신사 스탠다드 우먼,우먼즈 슬림 크루 넥 긴소매 티셔츠 [화이트],https://image.msscdn.net/images/goods_img/20230720/3417709/3417709_16964869253825_500.jpg,False
2024-09,F,001010,긴소매 티셔츠,001,상의,8,3626384,thecoldestmoment,더콜디스트모먼트,TCM restaurant long sleeve (white/ivory),https://image.msscdn.net/images/goods_img/20231013/3626384/3626384_16977767616539_500.png,False
2024-09,F,001010,긴소매 티셔츠,001,상의,9,4265140,teket,테켓,Doorbell L/S Tee Melange Gray,https://image.msscdn.net/images/goods_img/20240722/4265140/4265140_17237780907130_500.jpg,False
2024-09,F,001010,긴소매 티셔츠,001,상의,10,4437565,partimentowomen,파르티멘토 우먼,더블 페이스드 핀턱 드레이프 탑 2PACK_플럼,https://image.msscdn.net/images/goods_img/20240912/4437565/4437565_17270758193366_500.jpg,False
2024-09,F,001010,긴소매 티셔츠,001,상의,11,3821766,partimentowomen,파르티멘토 우먼,PW 더블 레이어드 롱 슬리브 티_블랙,https://image.msscdn.net/images/goods_img/20240125/3821766/3821766_17270599902335_500.jpg,False
2024-09,F,001010,긴소매 티셔츠,001,상의,12,2058133,brownbreath,브라운브레스,TAG OG LONGSLEEVE - BLACK,https://image.msscdn.net/images/goods_img/20210811/2058133/2058133_17385429891236_500.jpg,False
2024-09,F,001010,긴소매 티셔츠,001,상의,13,4058618,gottergallery,가터갤러리,HUMAN NATURE SHEER MESH TOP_BK,https://image.msscdn.net/images/goods_img/20240416/4058618/4058618_17557610318536_500.jpg,False
2024-09,F,001010,긴소매 티셔츠,001,상의,14,3921829,brownbreath,브라운브레스,PAISLEY TAG LONGSLEEVE - WHITE,https://image.msscdn.net/images/goods_img/20240305/3921829/3921829_17605793893397_500.jpg,False
2024-09,F,001010,긴소매 티셔츠,001,상의,15,3518783,oddstudio,오드스튜디오,베리클로즈 래글런 오버핏 롱 슬리브 - OATMEAL/WINE,https://image.msscdn.net/images/goods_img/20230831/3518783/3518783_17315689724559_500.jpg,False
2024-09,F,001010,긴소매 티셔츠,001,상의,16,4302686,sorano,소라노,SORANO Double-Logo L/S Tee [2Color],https://image.msscdn.net/images/goods_img/20240807/4302686/4302686_17229680675441_500.jpg,False
2024-09,F,001010,긴소매 티셔츠,001,상의,17,3542981,millowomen,밀로 우먼,원 숄더 스트라이프 티셔츠 [차콜 그레이],https://image.msscdn.net/images/goods_img/20230907/3542981/3542981_17702630914471_500.jpg,False
2024-09,F,001010,긴소매 티셔츠,001,상의,18,4265181,teket,테켓,Plan L/S Tee White,https://image.msscdn.net/images/goods_img/20240722/4265181/4265181_17871239896515_500.jpg,False
2024-09,F,001010,긴소매 티셔츠,001,상의,19,3471730,compagno,꼼파뇨,HANABI RACING 피그먼트 롱슬리브 스모크블랙,https://image.msscdn.net/images/goods_img/20230817/3471730/3471730_16922577190707_500.jpg,False
2024-09,F,001010,긴소매 티셔츠,001,상의,20,3813685,venhit,벤힛,MRT 레글런 롱슬리브,https://image.msscdn.net/images/goods_img/20240122/3813685/3813685_17072150372042_500.jpg,False
2024-09,F,001010,긴소매 티셔츠,001,상의,21,3851073,robbers,디파이클럽로버스,That Is Where It Started (Raglan),https://image.msscdn.net/images/goods_img/20240206/3851073/3851073_17072076587737_500.jpg,False
2024-09,F,001010,긴소매 티셔츠,001,상의,22,4294063,ruddycheeks,아이필블루씨에스엠,Vintage Soccer Raglan L/S Tee [2Color],https://image.msscdn.net/images/goods_img/20240804/4294063/4294063_17227570585986_500.jpg,False
2024-09,F,001010,긴소매 티셔츠,001,상의,23,4437562,partimentowomen,파르티멘토 우먼,더블 페이스드 핀턱 드레이프 탑 2PACK_라이트 그레이,https://image.msscdn.net/images/goods_img/20240912/4437562/4437562_17270754401729_500.jpg,False
2024-09,F,001010,긴소매 티셔츠,001,상의,24,4437564,partimentowomen,파르티멘토 우먼,더블 페이스드 핀턱 드레이프 탑 2PACK_더스티 블루,https://image.msscdn.net/images/goods_img/20240912/4437564/4437564_17270757419873_500.jpg,False
2024-09,F,001010,긴소매 티셔츠,001,상의,25,4318516,prendafromplant,프렌다,VINTAGE LOGO RAGLAN LONG SLEEVE GLOOMY PINK,https://image.msscdn.net/images/goods_img/20240812/4318516/4318516_17242865103782_500.jpg,False
2024-09,F,001010,긴소매 티셔츠,001,상의,26,3813718,venhit,벤힛,milky way 레글런 롱슬리브,https://image.msscdn.net/images/goods_img/20240122/3813718/3813718_17072149321174_500.jpg,False
2024-09,F,001010,긴소매 티셔츠,001,상의,27,4296973,havism,해비즘,W LLF UNIFORM L/S TEE(NAVY),https://image.msscdn.net/images/goods_img/20240805/4296973/4296973_17238080220978_500.jpg,False
2024-09,F,001010,긴소매 티셔츠,001,상의,28,4338885,nastyfancyclub,팬시클럽,3-WAY 도트 레이어드 롱슬리브 (BEIGE)_F24ZB071,https://image.msscdn.net/images/goods_img/20240816/4338885/4338885_17326020075388_500.jpg,False
2024-09,F,001010,긴소매 티셔츠,001,상의,29,3964309,rockcake,락케이크,Cursive Mesh Top - Black,https://image.msscdn.net/images/goods_img/20240318/3964309/3964309_17134033667629_500.jpg,False
2024-09,F,001010,긴소매 티셔츠,001,상의,30,3626387,thecoldestmoment,더콜디스트모먼트,TCM restaurant long sleeve (black),https://image.msscdn.net/images/goods_img/20231013/3626387/3626387_16977766724713_500.png,False
2024-09,F,001001,반소매 티셔츠,001,상의,1,3286918,marithefrancoisgirbaud,마리떼 프랑소와 저버,3PACK SMALL REGULAR LOGO TEE mix,https://image.msscdn.net/images/goods_img/20230510/3286918/3286918_17424357770496_500.jpg,False
2024-09,F,001001,반소매 티셔츠,001,상의,2,3773867,covernat,커버낫,[2PACK] 쿨 코튼 티셔츠 Black+White,https://image.msscdn.net/images/goods_img/20240103/3773867/3773867_17818426320462_500.jpg,False
2024-09,F,001001,반소매 티셔츠,001,상의,3,3753637,musinsastandardwoman,무신사 스탠다드 우먼,우먼즈 슬림 크루 넥 반팔 티셔츠 [화이트],https://image.msscdn.net/images/goods_img/20231212/3753637/3753637_17852906274308_500.jpg,False
2024-09,F,001001,반소매 티셔츠,001,상의,4,3879418,brownbreath,브라운브레스,TAG OG TEE - WHITE,https://image.msscdn.net/images/goods_img/20240219/3879418/3879418_17792374470558_500.jpg,False
2024-09,F,001001,반소매 티셔츠,001,상의,5,2462040,prendafromplant,프렌다,PRDA DENIM PATCH CREWNECK TEE WHITE,https://image.msscdn.net/images/goods_img/20220401/2462040/2462040_17501470976915_500.jpg,False
2024-09,F,001001,반소매 티셔츠,001,상의,6,2442409,yale,예일,[16수 코마사] 2PACK SMALL ARCH T-SHIRT WHITE / BLACK,https://image.msscdn.net/images/goods_img/20220324/2442409/2442409_17424359787816_500.jpg,False
2024-09,F,001001,반소매 티셔츠,001,상의,7,1417691,musinsastandardwoman,무신사 스탠다드 우먼,우먼즈 베이식 크루 넥 반팔 티셔츠 [화이트],https://image.msscdn.net/images/goods_img/20200423/1417691/1417691_17828975022011_500.jpg,False
2024-09,F,001001,반소매 티셔츠,001,상의,8,3821970,partimentowomen,파르티멘토 우먼,PW 90s 숏 슬리브 티_10컬러,https://image.msscdn.net/images/goods_img/20240125/3821970/3821970_17434733443091_500.jpg,False
2024-09,F,001001,반소매 티셔츠,001,상의,9,3884752,menasoo,미나수,SMALL HEARTTRACK OVER FIT TEE_WHITE,https://image.msscdn.net/images/goods_img/20240220/3884752/3884752_17132283124679_500.jpg,False
2024-09,F,001001,반소매 티셔츠,001,상의,10,4071994,acover,어커버,드리밍 레글런 오버핏 반팔 티셔츠 오트밀,https://image.msscdn.net/images/goods_img/20240422/4071994/4071994_17152408487465_500.jpg,False
2024-09,F,001001,반소매 티셔츠,001,상의,11,1779737,luvistrue,러브이즈트루,IN LOVE TEE(WHITE),https://image.msscdn.net/images/goods_img/20210205/1779737/1779737_17603180276126_500.jpg,False
2024-09,F,001001,반소매 티셔츠,001,상의,12,3879416,brownbreath,브라운브레스,TAG OG TEE - BLACK,https://image.msscdn.net/images/goods_img/20240219/3879416/3879416_17792376083177_500.jpg,False
2024-09,F,001001,반소매 티셔츠,001,상의,13,3187524,fallett,팔렛,스포츠 클럽 풋볼 져지 블랙,https://image.msscdn.net/images/goods_img/20230328/3187524/3187524_17497121618499_500.jpg,False
2024-09,F,001001,반소매 티셔츠,001,상의,14,2377269,marithefrancoisgirbaud,마리떼 프랑소와 저버,W CLASSIC LOGO TEE white,https://image.msscdn.net/images/goods_img/20220222/2377269/2377269_17725118252376_500.jpg,False
2024-09,F,001001,반소매 티셔츠,001,상의,15,4438421,ygplus,YG PLUS,[WELCOMEBACK] 2NE1 TOUR UNIFORM,https://image.msscdn.net/images/goods_img/20240912/4438421/4438421_17261412208979_500.jpg,False
2024-09,F,001001,반소매 티셔츠,001,상의,16,3103129,marithefrancoisgirbaud,마리떼 프랑소와 저버,W CLASSIC LOGO RINGER TEE white,https://image.msscdn.net/images/goods_img/20230223/3103129/3103129_17733941702184_500.jpg,False
2024-09,F,001001,반소매 티셔츠,001,상의,17,4055683,amesworldwide,아메스 월드와이드,ROUND HEM CROP TEE CHARCOAL,https://image.msscdn.net/images/goods_img/20240415/4055683/4055683_17847811013615_500.jpg,False
2024-09,F,001001,반소매 티셔츠,001,상의,18,3814559,nicknicole,닉앤니콜,BIG BUTTERFLY SLEEVE TOP_16 COLOR,https://image.msscdn.net/images/goods_img/20240123/3814559/3814559_17406438923101_500.jpg,False
2024-09,F,001001,반소매 티셔츠,001,상의,19,2376233,brownbreath,브라운브레스,TAG TEE - WHITE,https://image.msscdn.net/images/goods_img/20220222/2376233/2376233_17090810653565_500.jpg,False
2024-09,F,001001,반소매 티셔츠,001,상의,20,3753636,musinsastandardwoman,무신사 스탠다드 우먼,우먼즈 슬림 크루 넥 반팔 티셔츠 [블랙],https://image.msscdn.net/images/goods_img/20231212/3753636/3753636_17490155652673_500.jpg,False
2024-09,F,001001,반소매 티셔츠,001,상의,21,3052658,musinsastandardwoman,무신사 스탠다드 우먼,우먼즈 슬림 스퀘어 넥 반팔 티셔츠 [화이트],https://image.msscdn.net/images/goods_img/20230201/3052658/3052658_17490159469555_500.jpg,False
2024-09,F,001001,반소매 티셔츠,001,상의,22,4264561,ami,아미,레드 하트 로고 반소매 티셔츠 - 블랙 / BFUTS001724001,https://image.msscdn.net/images/goods_img/20240722/4264561/4264561_17224816098614_500.jpg,False
2024-09,F,001001,반소매 티셔츠,001,상의,23,903340,lee,리,빅 트위치 로고 티셔츠 화이트,https://image.msscdn.net/images/goods_img/20181112/903340/903340_17863468995318_500.jpg,False
2024-09,F,001001,반소매 티셔츠,001,상의,24,3155032,avan,어반드레스,Sopy Collar Short-Sleeve BLACK,https://image.msscdn.net/images/goods_img/20230316/3155032/3155032_17198196720060_500.jpg,False
2024-09,F,001001,반소매 티셔츠,001,상의,25,3052657,musinsastandardwoman,무신사 스탠다드 우먼,우먼즈 슬림 스퀘어 넥 반팔 티셔츠 [블랙],https://image.msscdn.net/images/goods_img/20230201/3052657/3052657_17485005158714_500.jpg,False
2024-09,F,001001,반소매 티셔츠,001,상의,26,3325145,avan,어반드레스,hero loosefit T-shirt - 2COL,https://image.msscdn.net/images/goods_img/20230525/3325145/3325145_17496039356625_500.jpg,False
2024-09,F,001001,반소매 티셔츠,001,상의,27,2376229,brownbreath,브라운브레스,TAG TEE - BLACK,https://image.msscdn.net/images/goods_img/20220222/2376229/2376229_17090810267757_500.jpg,False
2024-09,F,001001,반소매 티셔츠,001,상의,28,4098244,nothingisbetterthanme,낫띵이즈베럴댄미,GEOMETRY LETTERING TEE_burgundy,https://image.msscdn.net/images/goods_img/20240430/4098244/4098244_17800191666102_500.jpg,False
2024-09,F,001001,반소매 티셔츠,001,상의,29,4002344,rolarola,로라로라,MAISON DE ROLA EMBROIDERY T-SHIRT WHITE,https://image.msscdn.net/images/goods_img/20240328/4002344/4002344_17863206145486_500.jpg,False
2024-09,F,001001,반소매 티셔츠,001,상의,30,3129723,amesworldwide,아메스 월드와이드,CHAMPIONSHIP TEE WHITE (AM2DMUT506A),https://image.msscdn.net/images/goods_img/20230307/3129723/3129723_16950975252499_500.jpg,False
2024-09,F,001003,피케/카라 티셔츠,001,상의,1,3549188,havism,해비즘,OVERSIZE VELOUR V-NECK L/S TEE(GREY),https://image.msscdn.net/images/goods_img/20230911/3549188/3549188_16944107720806_500.jpg,False
2024-09,F,001003,피케/카라 티셔츠,001,상의,2,4417329,partimentowomen,파르티멘토 우먼,스트라이프 롱슬리브 폴로 티_버건디,https://image.msscdn.net/images/goods_img/20240906/4417329/4417329_17257779571271_500.jpg,False
2024-09,F,001003,피케/카라 티셔츠,001,상의,3,4323064,unknownplanet,언노운 플라넷,스트라이프 럭비 카라 셔츠 핑크,https://image.msscdn.net/images/goods_img/20240813/4323064/4323064_17239511225486_500.jpg,False
2024-09,F,001003,피케/카라 티셔츠,001,상의,4,4406512,sculptor,스컬프터,Shirring Tennis Shirt Navy/Green Stripe,https://image.msscdn.net/images/goods_img/20240904/4406512/4406512_17581619966456_500.jpg,False
2024-09,F,001003,피케/카라 티셔츠,001,상의,5,4406513,sculptor,스컬프터,Shirring Tennis Shirt White/Navy Stripe,https://image.msscdn.net/images/goods_img/20240904/4406513/4406513_17581619887170_500.jpg,False
2024-09,F,001003,피케/카라 티셔츠,001,상의,6,3467494,havism,해비즘,UNIFORM V-NECK JERSEY L/S TEE(BROWN),https://image.msscdn.net/images/goods_img/20230816/3467494/3467494_16928703601079_500.jpg,False
2024-09,F,001003,피케/카라 티셔츠,001,상의,7,4417332,partimentowomen,파르티멘토 우먼,스트라이프 롱슬리브 폴로 티_네이비,https://image.msscdn.net/images/goods_img/20240906/4417332/4417332_17257780227793_500.jpg,False
2024-09,F,001003,피케/카라 티셔츠,001,상의,8,4291459,ami,아미,레드 하트 로고 반소매 폴로 셔츠 - 블랙 / BFUPL001760001,https://image.msscdn.net/images/goods_img/20240802/4291459/4291459_17240538483516_500.jpg,False
2024-09,F,001003,피케/카라 티셔츠,001,상의,9,2389198,dimitriblack,디미트리블랙,ASI 스트라이프 럭비 맨투맨 티셔츠 그린/네이비,https://image.msscdn.net/images/goods_img/20220228/2389198/2389198_17522135025091_500.jpg,False
2024-09,F,001003,피케/카라 티셔츠,001,상의,10,4442100,glowny,글로니,TERRY PK LONG SLEEVE (CHARCOAL),https://image.msscdn.net/images/goods_img/20240919/4442100/4442100_17266721487140_500.jpg,False
2024-09,F,001003,피케/카라 티셔츠,001,상의,11,4308538,crank,크랭크,멀티 스트라이프 폴로 셔츠_아이보리,https://image.msscdn.net/images/goods_img/20240808/4308538/4308538_17233054472302_500.jpg,False
2024-09,F,001003,피케/카라 티셔츠,001,상의,12,4417328,partimentowomen,파르티멘토 우먼,스트라이프 롱슬리브 폴로 티_베이지,https://image.msscdn.net/images/goods_img/20240906/4417328/4417328_17257778826858_500.jpg,False
2024-09,F,001003,피케/카라 티셔츠,001,상의,13,4299096,openingproject,오프닝프로젝트,Identity Stripe Collar T Shirt - Grey,https://image.msscdn.net/images/goods_img/20240806/4299096/4299096_17561758366102_500.jpg,False
2024-09,F,001003,피케/카라 티셔츠,001,상의,14,4417333,partimentowomen,파르티멘토 우먼,스트라이프 롱슬리브 폴로 티_블랙,https://image.msscdn.net/images/goods_img/20240906/4417333/4417333_17257781026885_500.jpg,False
2024-09,F,001003,피케/카라 티셔츠,001,상의,15,4318587,prendafromplant,프렌다,STRIPE RUGBY L/S SHIRT BEIGE,https://image.msscdn.net/images/goods_img/20240812/4318587/4318587_17242866808011_500.jpg,False
2024-09,F,001003,피케/카라 티셔츠,001,상의,16,4396346,glowny,글로니,TERRY PK LONG SLEEVE (BLACK),https://image.msscdn.net/images/goods_img/20240903/4396346/4396346_17266717204370_500.jpg,False
2024-09,F,001003,피케/카라 티셔츠,001,상의,17,4340569,menasoo,미나수,Menasoo Stripe Rugby T Shirt_Skyblue,https://image.msscdn.net/images/goods_img/20240819/4340569/4340569_17289565691156_500.jpg,False
2024-09,F,001003,피케/카라 티셔츠,001,상의,18,4308601,crank,크랭크,멀티 스트라이프 폴로 셔츠_브라운,https://image.msscdn.net/images/goods_img/20240808/4308601/4308601_17669727242846_500.jpg,False
2024-09,F,001003,피케/카라 티셔츠,001,상의,19,3467485,havism,해비즘,UNIFORM V-NECK JERSEY L/S TEE(BLACK CHARCOAL),https://image.msscdn.net/images/goods_img/20230816/3467485/3467485_16928701644234_500.jpg,False
2024-09,F,001003,피케/카라 티셔츠,001,상의,20,2683892,poloralphlauren,폴로 랄프 로렌,W 투톤 스트라이프 오버사이즈 럭비 셔츠 - 블루,https://image.msscdn.net/images/goods_img/20220727/2683892/2683892_1_500.jpg,False
2024-09,F,001003,피케/카라 티셔츠,001,상의,21,4317132,setupexe,셋업이엑스이,33 STAR STRIPE POLO TOP / PINK,https://image.msscdn.net/images/goods_img/20240810/4317132/4317132_17240452549636_500.jpg,False
2024-09,F,001003,피케/카라 티셔츠,001,상의,22,4296563,havism,해비즘,OVERSIZE VELOUR V-NECK L/S TEE(BROWN),https://image.msscdn.net/images/goods_img/20240805/4296563/4296563_17238072157203_500.jpg,False
2024-09,F,001003,피케/카라 티셔츠,001,상의,23,4318977,dunstforwomen,던스트,UNISEX MULTI STRIPE COLLARED T-SHIRT_UDTS5A109_BURGUNDY STRIPE,https://image.msscdn.net/images/goods_img/20240812/4318977/4318977_17385447201690_500.jpg,False
2024-09,F,001003,피케/카라 티셔츠,001,상의,24,4345011,thisisneverthat,디스이즈네버댓,Soccer Jersey Navy,https://image.msscdn.net/images/goods_img/20240820/4345011/4345011_17248232416495_500.jpg,False
2024-09,F,001003,피케/카라 티셔츠,001,상의,25,4318975,dunstforwomen,던스트,UNISEX MULTI STRIPE COLLARED T-SHIRT_UDTS5A109_GREEN STRIPE,https://image.msscdn.net/images/goods_img/20240812/4318975/4318975_17385447327890_500.jpg,False
2024-09,F,001003,피케/카라 티셔츠,001,상의,26,3845016,sculptor,스컬프터,So Classy Tennis Shirt Melange Gray,https://image.msscdn.net/images/goods_img/20240204/3845016/3845016_17092380747364_500.jpg,False
2024-09,F,001003,피케/카라 티셔츠,001,상의,27,4396354,glowny,글로니,TERRY PK LONG SLEEVE (BLUE),https://image.msscdn.net/images/goods_img/20240903/4396354/4396354_17268110478593_500.jpg,False
2024-09,F,001003,피케/카라 티셔츠,001,상의,28,4338860,nastyfancyclub,팬시클럽,넘버링 풋볼 져지 (PINK)_F24ZB064,https://image.msscdn.net/images/goods_img/20240816/4338860/4338860_17258648653873_500.jpg,False
2024-09,F,001003,피케/카라 티셔츠,001,상의,29,4323067,unknownplanet,언노운 플라넷,스트라이프 럭비 카라 셔츠 블랙,https://image.msscdn.net/images/goods_img/20240813/4323067/4323067_17238659743606_500.jpg,False
2024-09,F,001003,피케/카라 티셔츠,001,상의,30,3781693,romanticcrown,로맨틱크라운,스웨트 니트 믹스 럭비 셔츠_라이트 그레이,https://image.msscdn.net/images/goods_img/20240108/3781693/3781693_17413367588075_500.jpg,False
2024-09,F,001006,니트/스웨터,001,상의,1,1793971,poloralphlauren,폴로 랄프 로렌,W 케이블니트 V넥 스웨터 - 네이비,https://image.msscdn.net/images/goods_img/20210215/1793971/1793971_2_500.jpg,False
2024-09,F,001006,니트/스웨터,001,상의,2,1586586,luvistrue,러브이즈트루,PO HEART KNIT(SKY BLUE),https://image.msscdn.net/images/goods_img/20200907/1586586/1586586_17382966549636_500.jpg,False
2024-09,F,001006,니트/스웨터,001,상의,3,2227529,luvistrue,러브이즈트루,OW LOVE KNIT(BLACK),https://image.msscdn.net/images/goods_img/20211111/2227529/2227529_17603181820369_500.jpg,False
2024-09,F,001006,니트/스웨터,001,상의,4,3097193,poloralphlauren,폴로 랄프 로렌,W 케이블 니트 코튼 크루넥 스웨터 - 아이보리,https://image.msscdn.net/images/goods_img/20230221/3097193/3097193_16808335747127_500.jpg,False
2024-09,F,001006,니트/스웨터,001,상의,5,1794081,poloralphlauren,폴로 랄프 로렌,W 슬림 핏 케이블니트 스웨터 - 크림,https://image.msscdn.net/images/goods_img/20210215/1794081/1794081_1_500.jpg,False
2024-09,F,001006,니트/스웨터,001,상의,6,4314531,ason,애즈온,PONY STRIPE KNIT / BLACK,https://image.msscdn.net/images/goods_img/20240809/4314531/4314531_17708623905003_500.jpg,False
2024-09,F,001006,니트/스웨터,001,상의,7,3698508,chicks,칙스,HOFE 니트 후드 후드집업 티,https://image.msscdn.net/images/goods_img/20231108/3698508/3698508_17035603971546_500.jpg,False
2024-09,F,001006,니트/스웨터,001,상의,8,4401124,suarewomen,수아레 우먼,[SET] 우먼 캐시미어 홀가먼트 니트 세트,https://image.msscdn.net/images/goods_img/20240904/4401124/4401124_17585227609519_500.jpg,False
2024-09,F,001006,니트/스웨터,001,상의,9,1793969,poloralphlauren,폴로 랄프 로렌,W 케이블니트 V넥 스웨터 - 화이트,https://image.msscdn.net/images/goods_img/20210215/1793969/1793969_3_500.jpg,False
2024-09,F,001006,니트/스웨터,001,상의,10,3451265,nomanual,노매뉴얼,CROPPED HAIRY KNIT - MARINA,https://image.msscdn.net/images/goods_img/20230808/3451265/3451265_17237901730960_500.jpg,False
2024-09,F,001006,니트/스웨터,001,상의,11,3442679,supersub,슈퍼서브,THUNDER  브러쉬드 니트 - 핑크,https://image.msscdn.net/images/goods_img/20230803/3442679/3442679_16923249991299_500.jpg,False
2024-09,F,001006,니트/스웨터,001,상의,12,3097200,poloralphlauren,폴로 랄프 로렌,W 케이블 니트 코튼 V넥 스웨터 - 아이보리,https://image.msscdn.net/images/goods_img/20230221/3097200/3097200_16780734470921_500.jpg,False
2024-09,F,001006,니트/스웨터,001,상의,13,3511387,niceghostclub,나이스고스트클럽,3STARS LOGO KNIT HOODIE_IVORY(NG2DFUK610A),https://image.msscdn.net/images/goods_img/20230829/3511387/3511387_17586734242171_500.jpg,False
2024-09,F,001006,니트/스웨터,001,상의,14,4319449,marithefrancoisgirbaud,마리떼 프랑소와 저버,BOUCLE CLASSIC LOGO SWEATER dark pink,https://image.msscdn.net/images/goods_img/20240812/4319449/4319449_17255042570512_500.jpg,False
2024-09,F,001006,니트/스웨터,001,상의,15,4372715,tommyjeans,타미진스,플래그 크루넥 스웨터 (T32E7KTO40TWT1TVS),https://image.msscdn.net/images/goods_img/20240827/4372715/4372715_17252383551270_500.jpg,False
2024-09,F,001006,니트/스웨터,001,상의,16,1794080,poloralphlauren,폴로 랄프 로렌,W 케이블니트 V넥 스웨터 - 크림,https://image.msscdn.net/images/goods_img/20210215/1794080/1794080_1_500.jpg,False
2024-09,F,001006,니트/스웨터,001,상의,17,3097196,poloralphlauren,폴로 랄프 로렌,W 케이블 니트 코튼 크루넥 스웨터 - 블랙,https://image.msscdn.net/images/goods_img/20230221/3097196/3097196_16808337775424_500.jpg,False
2024-09,F,001006,니트/스웨터,001,상의,18,4020792,poloralphlauren,폴로 랄프 로렌,W 케이블 니트 코튼 크루넥 스웨터 - 그레이,https://image.msscdn.net/images/goods_img/20240403/4020792/4020792_17135055207222_500.jpg,False
2024-09,F,001006,니트/스웨터,001,상의,19,4313869,rolarola,로라로라,CUT OUT RIBBON BOARDER KNIT BLACK,https://image.msscdn.net/images/goods_img/20240809/4313869/4313869_17242951846600_500.jpg,False
2024-09,F,001006,니트/스웨터,001,상의,20,3640949,trillion,트릴리온,워셔블 아란 케이블 후드 집업 니트 (CHARCOAL),https://image.msscdn.net/images/goods_img/20231019/3640949/3640949_17170490257806_500.jpg,False
2024-09,F,001006,니트/스웨터,001,상의,21,3443552,urbandtype,어반디타입,컬러 블록 래글런 니트_버건디_KN124,https://image.msscdn.net/images/goods_img/20230803/3443552/3443552_16922373173526_500.jpg,False
2024-09,F,001006,니트/스웨터,001,상의,22,4274164,lemainsecond,리메인세컨드,오버핏 볼륨 워셔블 하프집업 케이블 니트 [네이비],https://image.msscdn.net/images/goods_img/20240725/4274164/4274164_17229341280493_500.jpg,False
2024-09,F,001006,니트/스웨터,001,상의,23,4385991,suarewomen,수아레 우먼,(우먼)캐시미어 100 홀가먼트 니트 - 11 COLOR,https://image.msscdn.net/images/goods_img/20240829/4385991/4385991_17582601007705_500.jpg,False
2024-09,F,001006,니트/스웨터,001,상의,24,2837412,placestudio,플레이스 스튜디오,소프트 울 오버핏 풀오버 라운드 니트 7컬러,https://image.msscdn.net/images/goods_img/20221004/2837412/2837412_17685250347220_500.jpg,False
2024-09,F,001006,니트/스웨터,001,상의,25,2733940,rolarola,로라로라,COLLAR STRIPE BOARDER KNIT WH+BK,https://image.msscdn.net/images/goods_img/20220823/2733940/2733940_17090961569618_500.jpg,False
2024-09,F,001006,니트/스웨터,001,상의,26,4020863,poloralphlauren,폴로 랄프 로렌,W 케이블 니트 코튼 크루넥 스웨터 - 미디엄 베이지,https://image.msscdn.net/images/goods_img/20240403/4020863/4020863_17135065678086_500.jpg,False
2024-09,F,001006,니트/스웨터,001,상의,27,4341025,lee,리,스트라이프 카라 니트 네이비,https://image.msscdn.net/images/goods_img/20240819/4341025/4341025_17890213349252_500.jpg,False
2024-09,F,001006,니트/스웨터,001,상의,28,4328686,trillion,트릴리온,헤어리 그래픽 로고 오버핏 자카드 니트 (BLUE),https://image.msscdn.net/images/goods_img/20240814/4328686/4328686_17249552459456_500.jpg,False
2024-09,F,001006,니트/스웨터,001,상의,29,3442674,supersub,슈퍼서브,THUNDER  브러쉬드 니트 - 네이비,https://image.msscdn.net/images/goods_img/20230803/3442674/3442674_16916730486572_500.jpg,False
2024-09,F,001006,니트/스웨터,001,상의,30,3176118,frei,프라이,코튼 블렌디드 슬로건 니트(LIGHT GREY),https://image.msscdn.net/images/goods_img/20230323/3176118/3176118_17073564966165_500.jpg,False
2024-09,F,001011,민소매 티셔츠,001,상의,1,3135346,musinsastandardwoman,무신사 스탠다드 우먼,우먼즈 에센셜 탱크 탑 [화이트],https://image.msscdn.net/images/goods_img/20230309/3135346/3135346_17775390513402_500.jpg,False
2024-09,F,001011,민소매 티셔츠,001,상의,2,3863280,musinsastandardwoman,무신사 스탠다드 우먼,우먼즈 스퀘어 넥 탱크 탑 [화이트],https://image.msscdn.net/images/goods_img/20240213/3863280/3863280_17479556029250_500.jpg,False
2024-09,F,001011,민소매 티셔츠,001,상의,3,3135345,musinsastandardwoman,무신사 스탠다드 우먼,우먼즈 에센셜 탱크 탑 [블랙],https://image.msscdn.net/images/goods_img/20230309/3135345/3135345_17775390922598_500.jpg,False
2024-09,F,001011,민소매 티셔츠,001,상의,4,4137468,avan,어반드레스,Vintage Lace Sleeveless BLACK,https://image.msscdn.net/images/goods_img/20240517/4137468/4137468_17175615911232_500.jpg,False
2024-09,F,001011,민소매 티셔츠,001,상의,5,1452270,musinsastandardwoman,무신사 스탠다드 우먼,우먼즈 베이식 슬리브리스 탑 [화이트],https://image.msscdn.net/images/goods_img/20200519/1452270/1452270_17484949895657_500.jpg,False
2024-09,F,001011,민소매 티셔츠,001,상의,6,3046709,kiimuir,키뮤어,이레귤러 스트라이프 니트 베스트_5 COLOR,https://image.msscdn.net/images/goods_img/20230130/3046709/3046709_17156531855077_500.jpg,False
2024-09,F,001011,민소매 티셔츠,001,상의,7,3662683,ods,오디에스,로제 니트 뷔스티에 (블랙),https://image.msscdn.net/images/goods_img/20231026/3662683/3662683_17109866220205_500.jpg,False
2024-09,F,001011,민소매 티셔츠,001,상의,8,2724649,musinsastandardwoman,무신사 스탠다드 우먼,우먼즈 스트링 슬리브리스 탑 2팩,https://image.msscdn.net/images/goods_img/20220818/2724649/2724649_17490161912803_500.jpg,False
2024-09,F,001011,민소매 티셔츠,001,상의,9,3948982,mucent,무센트,백 디테일 시그니처 슬리브리스 골지 나시 (6컬러),https://image.msscdn.net/images/goods_img/20240313/3948982/3948982_17833188228385_500.jpeg,False
2024-09,F,001011,민소매 티셔츠,001,상의,10,3903285,matinkim,마뗑킴,PINTUCK SLEEVELESS TOP IN BLACK,https://image.msscdn.net/images/goods_img/20240227/3903285/3903285_17090097129290_500.jpg,False
2024-09,F,001011,민소매 티셔츠,001,상의,11,3903284,matinkim,마뗑킴,PINTUCK SLEEVELESS TOP IN WHITE,https://image.msscdn.net/images/goods_img/20240227/3903284/3903284_17090097081138_500.jpg,False
2024-09,F,001011,민소매 티셔츠,001,상의,12,4120242,michikolondon,미치코런던,홀터넥 PK 탑 크림,https://image.msscdn.net/images/goods_img/20240510/4120242/4120242_17156660598082_500.jpg,False
2024-09,F,001011,민소매 티셔츠,001,상의,13,3033322,glowny,글로니,G CLASSIC TANK (WHITE),https://image.msscdn.net/images/goods_img/20230119/3033322/3033322_16750565836016_500.jpg,False
2024-09,F,001011,민소매 티셔츠,001,상의,14,3863276,musinsastandardwoman,무신사 스탠다드 우먼,우먼즈 셔링 튜브 탑 [블랙],https://image.msscdn.net/images/goods_img/20240213/3863276/3863276_17509931982210_500.jpg,False
2024-09,F,001011,민소매 티셔츠,001,상의,15,3315333,acover,어커버,스냅 헨리넥 골지 슬리브리스 블랙,https://image.msscdn.net/images/prd_img/20230522/3315333/detail_3315333_17526271670765_500.jpg,False
2024-09,F,001011,민소매 티셔츠,001,상의,16,2392515,musinsastandardwoman,무신사 스탠다드 우먼,우먼즈 크롭 탱크 탑 [화이트],https://image.msscdn.net/images/goods_img/20220302/2392515/2392515_17437457237966_500.jpg,False
2024-09,F,001011,민소매 티셔츠,001,상의,17,4318932,marithefrancoisgirbaud,마리떼 프랑소와 저버,W LAYERED SIMPLE LOGO PENDANT SLEEVELESS navy,https://image.msscdn.net/images/goods_img/20240812/4318932/4318932_17255043211409_500.jpg,False
2024-09,F,001011,민소매 티셔츠,001,상의,18,3907186,youhee,유희,EYELET SLEEVELESS RED,https://image.msscdn.net/images/goods_img/20240227/3907186/3907186_17139259204287_500.jpg,False
2024-09,F,001011,민소매 티셔츠,001,상의,19,4295591,courreges,꾸레쥬,리에디션 니트 민소매 티셔츠 - 헤리티지화이트 / PERMDE012FI00010001,https://image.msscdn.net/images/goods_img/20240805/4295591/4295591_17240557993185_500.jpg,False
2024-09,F,001011,민소매 티셔츠,001,상의,20,4044972,ronron,론론,HEART BUTTON GOLGI SLEEVELESS EYELET BROWN,https://image.msscdn.net/images/goods_img/20240411/4044972/4044972_17129113167870_500.jpg,False
2024-09,F,001011,민소매 티셔츠,001,상의,21,4173078,fottsfotts,포츠포츠,24SS 컷어웨이 탱크 - 네이비/CUTAWAY TANK / NAVY,https://image.msscdn.net/images/goods_img/20240603/4173078/4173078_17174818128159_500.jpg,False
2024-09,F,001011,민소매 티셔츠,001,상의,22,4190168,adidas,아디다스,립 탱크탑 - 블랙 / IW5736,https://image.msscdn.net/images/goods_img/20240611/4190168/4190168_17182429052439_500.jpg,False
2024-09,F,001011,민소매 티셔츠,001,상의,23,4088079,menasoo,미나수,DOUBLE COLOR COVER COTTON SLEEVE_GRAY,https://image.msscdn.net/images/goods_img/20240425/4088079/4088079_17144625240879_500.jpg,False
2024-09,F,001011,민소매 티셔츠,001,상의,24,3856035,asifcalie,에즈이프 캘리,CALIE GURLS SLEEVELESS WHITE,https://image.msscdn.net/images/goods_img/20240207/3856035/3856035_17310326447259_500.jpg,False
2024-09,F,001011,민소매 티셔츠,001,상의,25,3920748,mongdol,몽돌,[4color] 골지 코튼 스트링 슬리브리스 MDTS057,https://image.msscdn.net/images/goods_img/20240304/3920748/3920748_17461594509702_500.jpg,False
2024-09,F,001011,민소매 티셔츠,001,상의,26,4157909,roughneck,러프넥,니트 홀터넥 탑 블랙,https://image.msscdn.net/images/goods_img/20240527/4157909/4157909_17167957453195_500.jpg,False
2024-09,F,001011,민소매 티셔츠,001,상의,27,4322905,sculptor,스컬프터,Beaded Mesh Halter Top Pale Purple,https://image.msscdn.net/images/goods_img/20240812/4322905/4322905_17428025271280_500.jpg,False
2024-09,F,001011,민소매 티셔츠,001,상의,28,4137487,avan,어반드레스,Vintage Lace Sleeveless PINK,https://image.msscdn.net/images/goods_img/20240517/4137487/4137487_17175620050319_500.jpg,False
2024-09,F,001011,민소매 티셔츠,001,상의,29,4012726,sculptor,스컬프터,My Go To Tank Top Black,https://image.msscdn.net/images/goods_img/20240401/4012726/4012726_17173945834172_500.jpg,False
2024-09,F,001011,민소매 티셔츠,001,상의,30,3859996,dxoh,디쏘에이치,썬더 로고 여자 나시 블랙,https://image.msscdn.net/images/goods_img/20240209/3859996/3859996_17166139750091_500.jpg,False
2024-09,F,001008,기타 상의,001,상의,1,2992082,bluegrain,블루그레인,잘만브라 3 PACK,https://image.msscdn.net/images/goods_img/20221221/2992082/2992082_17471249108793_500.jpg,False
2024-09,F,001008,기타 상의,001,상의,2,3976042,nike,나이키,스우시 미디엄 서포트 패드 스포츠 브라 W - 블랙:화이트 / DX6822-010,https://image.msscdn.net/images/goods_img/20240321/3976042/3976042_17116938003546_500.jpg,False
2024-09,F,001008,기타 상의,001,상의,3,4179753,nike,나이키,스우시 프런트 지퍼 미디엄 서포트 패드 스포츠 브라 W - 블랙:화이트 / FN2732-010,https://image.msscdn.net/images/goods_img/20240605/4179753/4179753_17186020249382_500.jpg,False
2024-09,F,001008,기타 상의,001,상의,4,2660719,1993studio,1993스튜디오,빈티지 반 집업_블랙,https://image.msscdn.net/images/goods_img/20220712/2660719/2660719_1_500.jpg,False
2024-09,F,001008,기타 상의,001,상의,5,1560932,1993studio,1993스튜디오,빈티지 반 집업_그레이,https://image.msscdn.net/images/goods_img/20200824/1560932/1560932_17050197827178_500.jpg,False
2024-09,F,001008,기타 상의,001,상의,6,3976043,nike,나이키,스우시 미디엄 서포트 패드 스포츠 브라 W - 화이트:스톤 모브:블랙 / DX6822-100,https://image.msscdn.net/images/goods_img/20240321/3976043/3976043_17116935810242_500.jpg,False
2024-09,F,001008,기타 상의,001,상의,7,2054385,1993studio,1993스튜디오,빈티지 반 집업_네이비,https://image.msscdn.net/images/goods_img/20210809/2054385/2054385_4_500.jpg,False
2024-09,F,001008,기타 상의,001,상의,8,4373968,verish,베리시,모달 브라탑 2PACK,https://image.msscdn.net/images/goods_img/20240827/4373968/4373968_17247529563130_500.jpg,False
2024-09,F,001008,기타 상의,001,상의,9,2945362,bluegrain,블루그레인,잘만브라 [블랙],https://image.msscdn.net/images/goods_img/20221116/2945362/2945362_17490197684846_500.jpg,False
2024-09,F,001008,기타 상의,001,상의,10,4300152,volante,볼란테,Woman OG Bra Top Compression [Black],https://image.msscdn.net/images/goods_img/20240806/4300152/4300152_17254123717028_500.jpg,False
2024-09,F,001008,기타 상의,001,상의,11,3206164,spyder,스파이더,여성 골지 트레이닝 브라탑 SPFFCNBR252WBLK,https://image.msscdn.net/images/goods_img/20230404/3206164/3206164_16805997246567_500.jpg,False
2024-09,F,001008,기타 상의,001,상의,12,3600493,coquetstudio,코케트,[ WOMAN ] KNIT STRIPE HALF ZIP-UP,https://image.msscdn.net/images/goods_img/20231003/3600493/3600493_16965720425846_500.jpg,False
2024-09,F,001008,기타 상의,001,상의,13,4172805,nike,나이키,인디 라이트 서포트 패드 어저스터블 스포츠 브라 W - 블랙:화이트 / FD1063-011,https://image.msscdn.net/images/goods_img/20240603/4172805/4172805_17183401735253_500.jpg,False
2024-09,F,001008,기타 상의,001,상의,14,4179754,nike,나이키,스우시 프런트 지퍼 미디엄 서포트 패드 스포츠 브라 W - 화이트:스톤 모브:화이트 / FN2732-100,https://image.msscdn.net/images/goods_img/20240605/4179754/4179754_17186021696922_500.jpg,False
2024-09,F,001008,기타 상의,001,상의,15,3403206,nieeh,니히,1996_NAVY,https://image.msscdn.net/images/goods_img/20230711/3403206/3403206_16890590385811_500.jpg,False
2024-09,F,001008,기타 상의,001,상의,16,2759070,pivvee,피브비,레글런 하프 스웻집업,https://image.msscdn.net/images/goods_img/20220831/2759070/2759070_1_500.jpg,False
2024-09,F,001008,기타 상의,001,상의,17,3927876,dorosiwa,도로시와,[2PACK] 풀샷브라 볼륨업 서포트_12colors,https://image.msscdn.net/images/goods_img/20240306/3927876/3927876_17860013590160_500.png,False
2024-09,F,001008,기타 상의,001,상의,18,3017251,covernat,커버낫,클로버 카라 하프 집업 맨투맨 헤더그레이,https://image.msscdn.net/images/goods_img/20230110/3017251/3017251_16794478152021_500.jpg,False
2024-09,F,001008,기타 상의,001,상의,19,4355223,dunstforwomen,던스트,UNISEX STRIPED HALF ZIP-UP SWEATER CHARCOAL GREY / CREAM_UDSW4C103CG,https://image.msscdn.net/images/goods_img/20240821/4355223/4355223_17252535183808_500.jpg,False
2024-09,F,001008,기타 상의,001,상의,20,3783941,comfortlab,컴포트랩,하이서포트 쿨러닝 스포츠브라(후크형),https://image.msscdn.net/images/goods_img/20240109/3783941/3783941_17618906226061_500.jpg,False
2024-09,F,001008,기타 상의,001,상의,21,3984338,hadex,에이치덱스,우먼스 서포트 브이 라이닝 브라탑 (Black),https://image.msscdn.net/images/goods_img/20240322/3984338/3984338_17119372551260_500.jpg,False
2024-09,F,001008,기타 상의,001,상의,22,3403195,nieeh,니히,1996 OVERSIZE FIT_GRAY,https://image.msscdn.net/images/goods_img/20230711/3403195/3403195_16890588911896_500.jpg,False
2024-09,F,001008,기타 상의,001,상의,23,4251386,borntowin,본투윈,STROKE B TANK TOP [GREY],https://image.msscdn.net/images/goods_img/20240716/4251386/4251386_17585261487888_500.jpg,False
2024-09,F,001008,기타 상의,001,상의,24,2054397,1993studio,1993스튜디오,빈티지 반 집업_차콜,https://image.msscdn.net/images/goods_img/20210809/2054397/2054397_17050199103603_500.jpg,False
2024-09,F,001008,기타 상의,001,상의,25,2725344,ebbetsfield,이벳필드,베츠 하프집업 맨투맨 그레이,https://image.msscdn.net/images/goods_img/20220818/2725344/2725344_17031201334226_500.jpg,False
2024-09,F,001008,기타 상의,001,상의,26,3351097,andar,안다르,[2 PACK] 비 프리 올데이 크롭탑,https://image.msscdn.net/images/goods_img/20230607/3351097/3351097_17636939400912_500.jpg,False
2024-09,F,001008,기타 상의,001,상의,27,2584535,mmlg,엠엠엘지,[Mmlg] MELGE RUGBY SWEAT (EVERY BLACK),https://image.msscdn.net/images/goods_img/20220526/2584535/2584535_16923371693772_500.jpg,False
2024-09,F,001008,기타 상의,001,상의,28,2584924,mmlg,엠엠엘지,[Mmlg] 19MG HALF-ZIP SWEAT (EVERY GREY),https://image.msscdn.net/images/goods_img/20220526/2584924/2584924_16923379115029_500.jpg,False
2024-09,F,001008,기타 상의,001,상의,29,3518838,oddstudio,오드스튜디오,스트라이크 스포티 풋볼 롱 슬리브 - BLACK,https://image.msscdn.net/images/goods_img/20230831/3518838/3518838_17453828053225_500.jpg,False
2024-09,F,001008,기타 상의,001,상의,30,3206186,spyder,스파이더,여성 트레이닝 백 레터 프린트 브라탑 SPGFCNBR251WBLK,https://image.msscdn.net/images/goods_img/20230404/3206186/3206186_17701829771645_500.jpg,False
2024-09,F,002,아우터,,,1,3783092,dimitriblack,디미트리블랙,ASI 포시즌 에센셜 피그먼트 후드집업_차콜 그레이,https://image.msscdn.net/images/goods_img/20240109/3783092/3783092_17708794030062_500.jpg,False
2024-09,F,002,아우터,,,2,1778404,toffee,토피,2WAY 스웻 후드 집업 (MELANGE GREY),https://image.msscdn.net/images/goods_img/20210204/1778404/1778404_1_500.jpg,False
2024-09,F,002,아우터,,,3,3783094,dimitriblack,디미트리블랙,ASI 포시즌 에센셜 스웻 후드집업_멜란지,https://image.msscdn.net/images/goods_img/20240109/3783094/3783094_17752015012983_500.jpg,False
2024-09,F,002,아우터,,,4,2837405,matinkim,마뗑킴,MATIN KIM LOGO COATING JUMPER,https://image.msscdn.net/images/goods_img/20221004/2837405/2837405_1_500.jpg,False
2024-09,F,002,아우터,,,5,4437501,partimentowomen,파르티멘토 우먼,리버시블 후디드 윈드브레이커_블랙,https://image.msscdn.net/images/goods_img/20240912/4437501/4437501_17268242967118_500.jpg,False
2024-09,F,002,아우터,,,6,4403731,frenchchic,프렌치시크,코스에그 자수 투웨이 니트집업 가디건,https://image.msscdn.net/images/prd_img/20240904/4403731/detail_4403731_17388925781886_500.jpg,False
2024-09,F,002,아우터,,,7,1618312,musinsastandardwoman,무신사 스탠다드 우먼,우먼즈 오버사이즈 블레이저 [블랙],https://image.msscdn.net/images/goods_img/20200923/1618312/1618312_17840158746923_500.jpg,False
2024-09,F,002,아우터,,,8,4289728,thecoldestmoment,더콜디스트모먼트,TCM stripe hooded zip-up (charcoal/black),https://image.msscdn.net/images/goods_img/20240801/4289728/4289728_17231062832659_500.jpg,False
2024-09,F,002,아우터,,,9,3422706,adidas,아디다스,파이어버드 트랙탑  - 블랙 / IL8764,https://image.msscdn.net/images/goods_img/20230724/3422706/3422706_16904232602323_500.jpg,False
2024-09,F,002,아우터,,,10,3651031,illigo,일리고,129 로고 패치 후드 집업 블랙,https://image.msscdn.net/images/goods_img/20231023/3651031/3651031_17706941887137_500.jpg,False
2024-09,F,002,아우터,,,11,3390508,standarderror,스탠다드에러,87-STAN009  스탠다드 블루종 스웨이드 자켓 블랙,https://image.msscdn.net/images/goods_img/20230630/3390508/3390508_17551524634252_500.jpg,False
2024-09,F,002,아우터,,,12,3010396,poloralphlauren,폴로 랄프 로렌,W 코튼 블렌드 카디건 - 블랙,https://image.msscdn.net/images/goods_img/20230109/3010396/3010396_16752406784468_500.jpg,False
2024-09,F,002,아우터,,,13,3850080,adidas,아디다스,파이어버드 루즈 트랙탑 - 블랙 / IT7405,https://image.msscdn.net/images/goods_img/20240206/3850080/3850080_17072770370493_500.jpg,False
2024-09,F,002,아우터,,,14,2139011,ladyvolume,레이디 볼륨,465-1 비건 레더 오버핏 자켓,https://image.msscdn.net/images/goods_img/20210917/2139011/2139011_3_500.jpg,False
2024-09,F,002,아우터,,,15,4355659,generalideastandard,제너럴아이디어,GNRL 에센셜 가디건 [SET],https://image.msscdn.net/images/goods_img/20240821/4355659/4355659_17570612059713_500.jpg,False
2024-09,F,002,아우터,,,16,3010404,poloralphlauren,폴로 랄프 로렌,W 케이블 니트 코튼 크루넥 카디건 - 네이비,https://image.msscdn.net/images/goods_img/20230109/3010404/3010404_16772074069968_500.jpg,False
2024-09,F,002,아우터,,,17,2283932,codegraphy,코드그라피,CGP 아치 로고 후드 집업_다크그레이,https://image.msscdn.net/images/goods_img/20211227/2283932/2283932_17864990175877_500.jpg,False
2024-09,F,002,아우터,,,18,3864550,youhee,유희,YOUHEE RIBBON HOOD ZIP-UP CHARCOAL,https://image.msscdn.net/images/goods_img/20240213/3864550/3864550_17376963233241_500.jpg,False
2024-09,F,002,아우터,,,19,4437500,partimentowomen,파르티멘토 우먼,리버시블 후디드 윈드브레이커_민트 그레이,https://image.msscdn.net/images/goods_img/20240912/4437500/4437500_17268203705352_500.jpg,False
2024-09,F,002,아우터,,,20,3650861,matinkim,마뗑킴,SPELL POINT STRIPE KNIT CARDIGAN IN BLACK,https://image.msscdn.net/images/goods_img/20231023/3650861/3650861_17582530640437_500.jpg,False
2024-09,F,002,아우터,,,21,4234917,adidas,아디다스,베켄바우어 트랙탑 - 블랙 / IW3174,https://image.msscdn.net/images/goods_img/20240705/4234917/4234917_17205041502880_500.jpg,False
2024-09,F,002,아우터,,,22,3466424,havism,해비즘,FLOWER ZIP UP HOOD(WINE),https://image.msscdn.net/images/goods_img/20230816/3466424/3466424_16927694120869_500.jpg,False
2024-09,F,002,아우터,,,23,3788815,amesworldwide,아메스 월드와이드,BASIC LOGO HOODIE ZIP UP NAVY,https://image.msscdn.net/images/goods_img/20240111/3788815/3788815_17893582036516_500.jpg,False
2024-09,F,002,아우터,,,24,2353497,urbandtype,어반디타입,OL209_러닝클럽 트랙 자켓_네이비,https://image.msscdn.net/images/goods_img/20220210/2353497/2353497_17875332753234_500.jpg,False
2024-09,F,002,아우터,,,25,4009102,venhit,벤힛,[벤힛x크로스드레슬리]VC스타 로고 레글런 후드집업,https://image.msscdn.net/images/goods_img/20240401/4009102/4009102_17872983889950_500.jpg,False
2024-09,F,002,아우터,,,26,3573116,matinkim,마뗑킴,MATIN CROP HOODY COATING JUMPER,https://image.msscdn.net/images/goods_img/20230919/3573116/3573116_17006410793001_500.jpg,False
2024-09,F,002,아우터,,,27,3037664,thecoldestmoment,더콜디스트모먼트,TCM starfish hooded zip-up (black),https://image.msscdn.net/images/goods_img/20230125/3037664/3037664_16750667880838_500.jpg,False
2024-09,F,002,아우터,,,28,2471405,slowrecordhouse,슬로우 레코드 하우스,파이핑 라인 나일론 자켓_네이비,https://image.msscdn.net/images/goods_img/20220406/2471405/2471405_17013952125581_500.jpg,False
2024-09,F,002,아우터,,,29,1593755,partimento,파르티멘토,[비건 레더] 필드 자켓 블랙,https://image.msscdn.net/images/goods_img/20200909/1593755/1593755_1_500.jpg,False
2024-09,F,002,아우터,,,30,3821705,rolarola,로라로라,V NECK BASIC CARDIGAN GRAY,https://image.msscdn.net/images/goods_img/20240125/3821705/3821705_17086551793917_500.jpg,False
2024-09,F,002022,후드 집업,002,아우터,1,3783092,dimitriblack,디미트리블랙,ASI 포시즌 에센셜 피그먼트 후드집업_차콜 그레이,https://image.msscdn.net/images/goods_img/20240109/3783092/3783092_17708794030062_500.jpg,False
2024-09,F,002022,후드 집업,002,아우터,2,1778404,toffee,토피,2WAY 스웻 후드 집업 (MELANGE GREY),https://image.msscdn.net/images/goods_img/20210204/1778404/1778404_1_500.jpg,False
2024-09,F,002022,후드 집업,002,아우터,3,3783094,dimitriblack,디미트리블랙,ASI 포시즌 에센셜 스웻 후드집업_멜란지,https://image.msscdn.net/images/goods_img/20240109/3783094/3783094_17752015012983_500.jpg,False
2024-09,F,002022,후드 집업,002,아우터,4,4289728,thecoldestmoment,더콜디스트모먼트,TCM stripe hooded zip-up (charcoal/black),https://image.msscdn.net/images/goods_img/20240801/4289728/4289728_17231062832659_500.jpg,False
2024-09,F,002022,후드 집업,002,아우터,5,3651031,illigo,일리고,129 로고 패치 후드 집업 블랙,https://image.msscdn.net/images/goods_img/20231023/3651031/3651031_17706941887137_500.jpg,False
2024-09,F,002022,후드 집업,002,아우터,6,2283932,codegraphy,코드그라피,CGP 아치 로고 후드 집업_다크그레이,https://image.msscdn.net/images/goods_img/20211227/2283932/2283932_17864990175877_500.jpg,False
2024-09,F,002022,후드 집업,002,아우터,7,3864550,youhee,유희,YOUHEE RIBBON HOOD ZIP-UP CHARCOAL,https://image.msscdn.net/images/goods_img/20240213/3864550/3864550_17376963233241_500.jpg,False
2024-09,F,002022,후드 집업,002,아우터,8,3466424,havism,해비즘,FLOWER ZIP UP HOOD(WINE),https://image.msscdn.net/images/goods_img/20230816/3466424/3466424_16927694120869_500.jpg,False
2024-09,F,002022,후드 집업,002,아우터,9,3788815,amesworldwide,아메스 월드와이드,BASIC LOGO HOODIE ZIP UP NAVY,https://image.msscdn.net/images/goods_img/20240111/3788815/3788815_17893582036516_500.jpg,False
2024-09,F,002022,후드 집업,002,아우터,10,4009102,venhit,벤힛,[벤힛x크로스드레슬리]VC스타 로고 레글런 후드집업,https://image.msscdn.net/images/goods_img/20240401/4009102/4009102_17872983889950_500.jpg,False
2024-09,F,002022,후드 집업,002,아우터,11,3037664,thecoldestmoment,더콜디스트모먼트,TCM starfish hooded zip-up (black),https://image.msscdn.net/images/goods_img/20230125/3037664/3037664_16750667880838_500.jpg,False
2024-09,F,002022,후드 집업,002,아우터,12,3862623,famacollection,더파코,FAVICON LOGO HOOD ZIPUP [3 COLORS],https://image.msscdn.net/images/goods_img/20240213/3862623/3862623_17324934753410_500.jpg,False
2024-09,F,002022,후드 집업,002,아우터,13,4252257,urbandtype,어반디타입,홈보이 로고 래글런 배색 후드집업_올리브,https://image.msscdn.net/images/goods_img/20240716/4252257/4252257_17555880653785_500.jpg,False
2024-09,F,002022,후드 집업,002,아우터,14,3783086,dimitriblack,디미트리블랙,VLAD TYPE-B 아트웍 자수 후드 집업_네이비,https://image.msscdn.net/images/goods_img/20240109/3783086/3783086_17522139189695_500.jpg,False
2024-09,F,002022,후드 집업,002,아우터,15,3800636,gainsboro,게인스보로,아플리케 스타로고 후드집업_오트밀,https://image.msscdn.net/images/goods_img/20240117/3800636/3800636_17425227643808_500.jpg,False
2024-09,F,002022,후드 집업,002,아우터,16,3807577,dimitriblack,디미트리블랙,페이드워싱 OG 데님 후드 집업_그레이,https://image.msscdn.net/images/goods_img/20240118/3807577/3807577_17496946652621_500.jpg,False
2024-09,F,002022,후드 집업,002,아우터,17,2712417,filluminate,필루미네이트,투웨이 에센셜 후드 집업-그레이,https://image.msscdn.net/images/goods_img/20220811/2712417/2712417_16963910031844_500.jpg,False
2024-09,F,002022,후드 집업,002,아우터,18,3766219,bittercells,비터셀즈,스타 니트 후드-블랙,https://image.msscdn.net/images/goods_img/20231222/3766219/3766219_17065806628117_500.jpg,False
2024-09,F,002022,후드 집업,002,아우터,19,3995657,filluminate,필루미네이트,스프레드 펀칭 니트 후드 집 업-2Color,https://image.msscdn.net/images/goods_img/20240327/3995657/3995657_17267199954700_500.jpg,False
2024-09,F,002022,후드 집업,002,아우터,20,4081480,trillion,트릴리온,도밍고 피그먼트 2WAY 스웨트 후드 집업 (BLUE),https://image.msscdn.net/images/goods_img/20240424/4081480/4081480_17170470258842_500.jpg,False
2024-09,F,002022,후드 집업,002,아우터,21,1778408,toffee,토피,2WAY 스웻 후드 집업 (BLACK),https://image.msscdn.net/images/goods_img/20210204/1778408/1778408_17168650383792_500.jpg,False
2024-09,F,002022,후드 집업,002,아우터,22,4081482,trillion,트릴리온,도밍고 피그먼트 2WAY 스웨트 후드 집업 (CHARCOAL),https://image.msscdn.net/images/goods_img/20240424/4081482/4081482_17170469900309_500.jpg,False
2024-09,F,002022,후드 집업,002,아우터,23,2283929,codegraphy,코드그라피,CGP 아치 로고 후드 집업_라이트그레이,https://image.msscdn.net/images/goods_img/20211227/2283929/2283929_17376100633922_500.jpg,False
2024-09,F,002022,후드 집업,002,아우터,24,4304187,aakam,아캄,98 Patch Velour Zip-Up Hoodie (Black),https://image.msscdn.net/images/goods_img/20240807/4304187/4304187_17242074968603_500.jpg,False
2024-09,F,002022,후드 집업,002,아우터,25,3426543,sorano,소라노,SORANO 11-SPORTY HOODIE ZIP-UP [3Color],https://image.msscdn.net/images/goods_img/20230725/3426543/3426543_16902720171167_500.jpg,False
2024-09,F,002022,후드 집업,002,아우터,26,3848818,slowacid,슬로우애시드,스트라이프 니트 후드집업 [카키],https://image.msscdn.net/images/goods_img/20240206/3848818/3848818_17431273616367_500.jpg,False
2024-09,F,002022,후드 집업,002,아우터,27,3792352,physicaleducation,피지컬 에듀케이션 디파트먼트,스타테일 후드집업_레드,https://image.msscdn.net/images/goods_img/20240112/3792352/3792352_17567940849580_500.jpg,False
2024-09,F,002022,후드 집업,002,아우터,28,2712419,filluminate,필루미네이트,투웨이 에센셜 후드 집업-블랙,https://image.msscdn.net/images/goods_img/20220811/2712419/2712419_16963910286065_500.jpg,False
2024-09,F,002022,후드 집업,002,아우터,29,3457784,marithefrancoisgirbaud,마리떼 프랑소와 저버,W CLASSIC LOGO CROP HOODIE ZIPUP charcoal,https://image.msscdn.net/images/goods_img/20230810/3457784/3457784_17300928331809_500.jpg,False
2024-09,F,002022,후드 집업,002,아우터,30,3853481,partimento,파르티멘토,VTG 워시드 워크 후드 집업 브라운,https://image.msscdn.net/images/goods_img/20240207/3853481/3853481_17072797603892_500.jpg,False
2024-09,F,002001,블루종/MA-1,002,아우터,1,3390508,standarderror,스탠다드에러,87-STAN009  스탠다드 블루종 스웨이드 자켓 블랙,https://image.msscdn.net/images/goods_img/20230630/3390508/3390508_17551524634252_500.jpg,False
2024-09,F,002001,블루종/MA-1,002,아우터,2,3390511,standarderror,스탠다드에러,87-STAN009 스탠다드 블루종 스웨이드 자켓 카키,https://image.msscdn.net/images/goods_img/20230630/3390511/3390511_17551525806450_500.jpg,False
2024-09,F,002001,블루종/MA-1,002,아우터,3,4358144,adidas,아디다스,플레더 루즈 패디드 재킷 - 블랙 / IY7243,https://image.msscdn.net/images/goods_img/20240822/4358144/4358144_17246495816588_500.jpg,False
2024-09,F,002001,블루종/MA-1,002,아우터,4,2701875,placestudio,플레이스 스튜디오,투웨이 블루종 스웨이드 밴딩 점퍼 자켓 [브라운],https://image.msscdn.net/images/goods_img/20220805/2701875/2701875_17592162151190_500.jpg,False
2024-09,F,002001,블루종/MA-1,002,아우터,5,4344273,someplace,썸플레이스,스트라이프 데님 카라 집업 블루종 워크 자켓 점퍼 [연청],https://image.msscdn.net/images/goods_img/20240819/4344273/4344273_17241641774533_500.jpg,False
2024-09,F,002001,블루종/MA-1,002,아우터,6,3512497,yale,예일,LIGHT RELAX FIT BLOUSON IVORY,https://image.msscdn.net/images/goods_img/20230830/3512497/3512497_16933658428437_500.jpg,False
2024-09,F,002001,블루종/MA-1,002,아우터,7,4346625,leathery,레더리,워시드 레더 오버핏 블루종 자켓 [WASHED BROWN],https://image.msscdn.net/images/goods_img/20240820/4346625/4346625_17730423781246_500.jpg,False
2024-09,F,002001,블루종/MA-1,002,아우터,8,4332003,oheshio,오헤시오,"BUCKLE BOMBER JACKET, NAVY",https://image.msscdn.net/images/goods_img/20240814/4332003/4332003_17252633003971_500.jpg,False
2024-09,F,002001,블루종/MA-1,002,아우터,9,3390509,standarderror,스탠다드에러,87-STAN009 스탠다드 블루종 스웨이드 자켓 아이보리,https://image.msscdn.net/images/goods_img/20230630/3390509/3390509_17551524978006_500.jpg,False
2024-09,F,002001,블루종/MA-1,002,아우터,10,3574277,vivabrown,비바브라운,85-VIVA007 커브드 숏  스웨이드 자켓 카멜,https://image.msscdn.net/images/goods_img/20230919/3574277/3574277_17561920787901_500.jpg,False
2024-09,F,002001,블루종/MA-1,002,아우터,11,3551114,blackmoment,블랙모먼트,비건 스웨이드 오버핏 미니멀 인시전 스트레이트 집업 자켓 [블랙],https://image.msscdn.net/images/goods_img/20230912/3551114/3551114_17567882505384_500.jpg,False
2024-09,F,002001,블루종/MA-1,002,아우터,12,3783560,drawfitwomen,드로우핏 우먼,울 레글런 크롭 블루종 [BLACK],https://image.msscdn.net/images/goods_img/20240109/3783560/3783560_17872855552562_500.jpg,False
2024-09,F,002001,블루종/MA-1,002,아우터,13,2701889,placestudio,플레이스 스튜디오,투웨이 블루종 스웨이드 밴딩 점퍼 자켓 [아이보리],https://image.msscdn.net/images/goods_img/20220805/2701889/2701889_11_500.jpg,False
2024-09,F,002001,블루종/MA-1,002,아우터,14,4313936,rolarola,로라로라,VINTAGE LEATHER BLOUSON JACKET BROWN,https://image.msscdn.net/images/goods_img/20240809/4313936/4313936_17503931026585_500.jpg,False
2024-09,F,002001,블루종/MA-1,002,아우터,15,3503945,espionage,에스피오나지,Washed Canvas Blouson Jacket Charcoal Navy,https://image.msscdn.net/images/goods_img/20230828/3503945/3503945_16934498398540_500.jpg,False
2024-09,F,002001,블루종/MA-1,002,아우터,16,3581781,placestudio,플레이스 스튜디오,투웨이 블루종 스웨이드 밴딩 점퍼 자켓,https://image.msscdn.net/images/goods_img/20230921/3581781/3581781_16952811778793_500.jpg,False
2024-09,F,002001,블루종/MA-1,002,아우터,17,2702015,placestudio,플레이스 스튜디오,오버사이즈 유틸리티 코튼 블루종 집업 자켓 [블랙],https://image.msscdn.net/images/goods_img/20220805/2702015/2702015_1_500.jpg,False
2024-09,F,002001,블루종/MA-1,002,아우터,18,3873780,adidas,아디다스,슈퍼스타 루즈 블루종 - 블랙 / IU2533,https://image.msscdn.net/images/goods_img/20240215/3873780/3873780_17080545854649_500.jpg,False
2024-09,F,002001,블루종/MA-1,002,아우터,19,3823877,dimitriblack,디미트리블랙,2WAY 비건 스웨이드 자켓_브라운,https://image.msscdn.net/images/goods_img/20240125/3823877/3823877_17628359671163_500.jpg,False
2024-09,F,002001,블루종/MA-1,002,아우터,20,3051707,musinsastandardwoman,무신사 스탠다드 우먼,우먼즈 코튼 블루종 재킷 [블랙],https://image.msscdn.net/images/goods_img/20230201/3051707/3051707_17782233887343_500.jpg,False
2024-09,F,002001,블루종/MA-1,002,아우터,21,2085156,ironypornowhiteline,아이러니포르노 화이트라인,IRO097 크루얼티프리 알파 스웨이드 자켓 블랙,https://image.msscdn.net/images/goods_img/20210825/2085156/2085156_17579141539142_500.jpg,False
2024-09,F,002001,블루종/MA-1,002,아우터,22,4346627,leathery,레더리,워시드 레더 오버핏 블루종 자켓 [WASHED BLACK],https://image.msscdn.net/images/goods_img/20240820/4346627/4346627_17730423469556_500.jpg,False
2024-09,F,002001,블루종/MA-1,002,아우터,23,3574274,vivabrown,비바브라운,85-VIVA007 커브드 숏  스웨이드 자켓 아이보리,https://image.msscdn.net/images/goods_img/20230919/3574274/3574274_17561920454477_500.jpg,False
2024-09,F,002001,블루종/MA-1,002,아우터,24,3010527,satur,세터,샌티 나일론 오버사이즈 블루종 MA-1 자켓 파이럿 블랙,https://image.msscdn.net/images/goods_img/20230109/3010527/3010527_16748113106777_500.jpg,False
2024-09,F,002001,블루종/MA-1,002,아우터,25,4361583,coorwomen,쿠어 우먼,24FW 페이크 스웨이드 봄버 자켓 (다크브라운),https://image.msscdn.net/images/goods_img/20240822/4361583/4361583_17622200121354_500.png,False
2024-09,F,002001,블루종/MA-1,002,아우터,26,4335753,somewherebutter,썸웨어버터,Devon leather blouson - Brown,https://image.msscdn.net/images/goods_img/20240816/4335753/4335753_17243138633815_500.jpg,False
2024-09,F,002001,블루종/MA-1,002,아우터,27,3812664,thisisneverthat,디스이즈네버댓,(SS24) INTL. Team Jacket - Black,https://image.msscdn.net/images/goods_img/20240122/3812664/3812664_17072912909940_500.jpg,False
2024-09,F,002001,블루종/MA-1,002,아우터,28,3097224,nicknicole,닉앤니콜,NICOLE VOLUME BOMBER BLOUSON_2 COLOR,https://image.msscdn.net/images/goods_img/20230221/3097224/3097224_16769601423044_500.jpg,False
2024-09,F,002001,블루종/MA-1,002,아우터,29,3797787,partimento,파르티멘토,워시드 레더 보머 자켓 브라운,https://image.msscdn.net/images/goods_img/20240116/3797787/3797787_17062323194351_500.jpg,False
2024-09,F,002001,블루종/MA-1,002,아우터,30,4346637,leathery,레더리,스플릿 나일론 자켓 [WARM GREY],https://image.msscdn.net/images/goods_img/20240820/4346637/4346637_17253384295033_500.jpg,False
2024-09,F,002002,레더/라이더스 재킷,002,아우터,1,2139011,ladyvolume,레이디 볼륨,465-1 비건 레더 오버핏 자켓,https://image.msscdn.net/images/goods_img/20210917/2139011/2139011_3_500.jpg,False
2024-09,F,002002,레더/라이더스 재킷,002,아우터,2,1593755,partimento,파르티멘토,[비건 레더] 필드 자켓 블랙,https://image.msscdn.net/images/goods_img/20200909/1593755/1593755_1_500.jpg,False
2024-09,F,002002,레더/라이더스 재킷,002,아우터,3,2140335,placestudio,플레이스 스튜디오,비건 레더 오버핏 블루종 [블랙],https://image.msscdn.net/images/goods_img/20210917/2140335/2140335_9_500.jpg,False
2024-09,F,002002,레더/라이더스 재킷,002,아우터,4,3551101,blackmoment,블랙모먼트,비건 스웨이드 오버핏 미니멀 인시전 스트레이트 집업 자켓 [브라운],https://image.msscdn.net/images/goods_img/20230912/3551101/3551101_16970790961650_500.jpg,False
2024-09,F,002002,레더/라이더스 재킷,002,아우터,5,4397095,doffsept,도프셉,Vegan Leather Overfit Blouson Jacket in Black,https://image.msscdn.net/images/goods_img/20240903/4397095/4397095_17694762840718_500.jpg,False
2024-09,F,002002,레더/라이더스 재킷,002,아우터,6,2029419,ironypornowhiteline,아이러니포르노 화이트라인,IRO086 크루얼티프리 싱글 카라넥 레더 자켓 블랙,https://image.msscdn.net/images/goods_img/20210714/2029419/2029419_17569493312057_500.jpg,False
2024-09,F,002002,레더/라이더스 재킷,002,아우터,7,4388185,treemingbird,트리밍버드,2-way Collar Knit Sleeve Crack Leather Jacket [ Black ],https://image.msscdn.net/images/goods_img/20240830/4388185/4388185_17268272541539_500.jpg,False
2024-09,F,002002,레더/라이더스 재킷,002,아우터,8,2140314,placestudio,플레이스 스튜디오,비건 레더 오버핏 블루종 [브라운],https://image.msscdn.net/images/goods_img/20210917/2140314/2140314_11_500.jpg,False
2024-09,F,002002,레더/라이더스 재킷,002,아우터,9,3434596,musinsastandardwoman,무신사 스탠다드 우먼,우먼즈 신세틱 레더 블루종 재킷 [블랙],https://image.msscdn.net/images/goods_img/20230731/3434596/3434596_17661143550258_500.jpg,False
2024-09,F,002002,레더/라이더스 재킷,002,아우터,10,3821162,ellioti,엘리오티,Suede Zip-up Jacket_Beige,https://image.msscdn.net/images/goods_img/20240125/3821162/3821162_17549105266836_500.jpg,False
2024-09,F,002002,레더/라이더스 재킷,002,아우터,11,3922203,lingseoul,링서울,leather blouson jacket-black,https://image.msscdn.net/images/goods_img/20240305/3922203/3922203_17096073391557_500.jpg,False
2024-09,F,002002,레더/라이더스 재킷,002,아우터,12,2429664,ironypornowhiteline,아이러니포르노 화이트라인,IRO086 크루얼티프리 싱글 카라넥 레더 자켓 브라운,https://image.msscdn.net/images/goods_img/20220318/2429664/2429664_17557570759631_500.jpg,False
2024-09,F,002002,레더/라이더스 재킷,002,아우터,13,4268250,overdueflair,오버듀플레어,LEATHER VINTAGE OVER JACKET,https://image.msscdn.net/images/goods_img/20240723/4268250/4268250_17242213627360_500.jpg,False
2024-09,F,002002,레더/라이더스 재킷,002,아우터,14,4335074,placestudio,플레이스 스튜디오,빈티지 커브 라인 워싱 스탠다드 싱글 카라 레더 봄버 자켓 점퍼 [블랙],https://image.msscdn.net/images/goods_img/20240816/4335074/4335074_17297287539823_500.jpg,False
2024-09,F,002002,레더/라이더스 재킷,002,아우터,15,3820854,someplace,썸플레이스,넥 버튼 투웨이 슬림 라인 레이싱 레더 자켓 점퍼,https://image.msscdn.net/images/goods_img/20240124/3820854/3820854_17683735204110_500.jpg,False
2024-09,F,002002,레더/라이더스 재킷,002,아우터,16,3783494,drawfitwomen,드로우핏 우먼,버튼 레더 하프 자켓 [BLACK],https://image.msscdn.net/images/goods_img/20240109/3783494/3783494_17628454085551_500.jpg,False
2024-09,F,002002,레더/라이더스 재킷,002,아우터,17,3846409,vivabrown,비바브라운,85-VIVAJ005 [비건레더] 빈티지 셰입 크롭 블루종 레더 자켓 다크브라운,https://image.msscdn.net/images/goods_img/20240205/3846409/3846409_17561861393216_500.jpg,False
2024-09,F,002002,레더/라이더스 재킷,002,아우터,18,3818784,partimento,파르티멘토,워시드 레더 프렌치 워크 자켓 브라운,https://image.msscdn.net/images/goods_img/20240124/3818784/3818784_17062331935931_500.jpg,False
2024-09,F,002002,레더/라이더스 재킷,002,아우터,19,4343992,treemingbird,트리밍버드,2-way Collar Knit Sleeve Vintage Leather Jacket [ Black ],https://image.msscdn.net/images/goods_img/20240819/4343992/4343992_17268271582220_500.jpg,False
2024-09,F,002002,레더/라이더스 재킷,002,아우터,20,3577504,placestudio,플레이스 스튜디오,웨이브 빈티지 심플 카라 레더 자켓 점퍼 [브라운],https://image.msscdn.net/images/goods_img/20230920/3577504/3577504_17503836070793_500.jpg,False
2024-09,F,002002,레더/라이더스 재킷,002,아우터,21,3879263,koleat,콜릿,WOMEN 오버핏 소프트 가죽 레더 블레이저[BLACK] 가죽자켓 ver.,https://image.msscdn.net/images/goods_img/20240219/3879263/3879263_17170450621163_500.jpg,False
2024-09,F,002002,레더/라이더스 재킷,002,아우터,22,3783476,drawfitwomen,드로우핏 우먼,레더 오버핏 싱글 블레이저 [BLACK],https://image.msscdn.net/images/goods_img/20240109/3783476/3783476_17695802622766_500.jpg,False
2024-09,F,002002,레더/라이더스 재킷,002,아우터,23,4397162,doffsept,도프셉,Vegan Leather Classic Single Blazer in Black,https://image.msscdn.net/images/goods_img/20240903/4397162/4397162_17260317526713_500.jpg,False
2024-09,F,002002,레더/라이더스 재킷,002,아우터,24,4335031,placestudio,플레이스 스튜디오,빈티지 커브 라인 워싱 스탠다드 싱글 카라 레더 봄버 자켓 점퍼 [브라운],https://image.msscdn.net/images/goods_img/20240816/4335031/4335031_17297287841292_500.jpg,False
2024-09,F,002002,레더/라이더스 재킷,002,아우터,25,3818785,partimento,파르티멘토,워시드 레더 프렌치 워크 자켓 블랙,https://image.msscdn.net/images/goods_img/20240124/3818785/3818785_17062331909364_500.jpg,False
2024-09,F,002002,레더/라이더스 재킷,002,아우터,26,4397130,doffsept,도프셉,Vegan Leather Vintage Bomber Jacket in Brown,https://image.msscdn.net/images/goods_img/20240903/4397130/4397130_17557409177928_500.jpg,False
2024-09,F,002002,레더/라이더스 재킷,002,아우터,27,3783477,drawfitwomen,드로우핏 우먼,레더 오버핏 싱글 블레이저 [D.BROWN],https://image.msscdn.net/images/goods_img/20240109/3783477/3783477_17695801366859_500.jpg,False
2024-09,F,002002,레더/라이더스 재킷,002,아우터,28,4115689,deinet,다이닛,ECO-LEATHER BOMBER BANDED JUMPER FOR MEN IN BLACK,https://image.msscdn.net/images/goods_img/20240508/4115689/4115689_17304281354798_500.png,False
2024-09,F,002002,레더/라이더스 재킷,002,아우터,29,1576682,doffjason,도프제이슨,오버핏 램스킨 싱글 자켓,https://image.msscdn.net/images/goods_img/20200901/1576682/1576682_6_500.jpg,False
2024-09,F,002002,레더/라이더스 재킷,002,아우터,30,4356020,lowclassic,로우클래식,LAMBSKIN LEATHER ZIP-UP BLOUSON_BLACK_LC243JP01BK,https://image.msscdn.net/images/goods_img/20240822/4356020/4356020_17256219363600_500.jpg,False
2024-09,F,002020,카디건,002,아우터,1,4403731,frenchchic,프렌치시크,코스에그 자수 투웨이 니트집업 가디건,https://image.msscdn.net/images/prd_img/20240904/4403731/detail_4403731_17388925781886_500.jpg,False
2024-09,F,002020,카디건,002,아우터,2,3010396,poloralphlauren,폴로 랄프 로렌,W 코튼 블렌드 카디건 - 블랙,https://image.msscdn.net/images/goods_img/20230109/3010396/3010396_16752406784468_500.jpg,False
2024-09,F,002020,카디건,002,아우터,3,4355659,generalideastandard,제너럴아이디어,GNRL 에센셜 가디건 [SET],https://image.msscdn.net/images/goods_img/20240821/4355659/4355659_17570612059713_500.jpg,False
2024-09,F,002020,카디건,002,아우터,4,3010404,poloralphlauren,폴로 랄프 로렌,W 케이블 니트 코튼 크루넥 카디건 - 네이비,https://image.msscdn.net/images/goods_img/20230109/3010404/3010404_16772074069968_500.jpg,False
2024-09,F,002020,카디건,002,아우터,5,3650861,matinkim,마뗑킴,SPELL POINT STRIPE KNIT CARDIGAN IN BLACK,https://image.msscdn.net/images/goods_img/20231023/3650861/3650861_17582530640437_500.jpg,False
2024-09,F,002020,카디건,002,아우터,6,3821705,rolarola,로라로라,V NECK BASIC CARDIGAN GRAY,https://image.msscdn.net/images/goods_img/20240125/3821705/3821705_17086551793917_500.jpg,False
2024-09,F,002020,카디건,002,아우터,7,4397034,generalideastandard,제너럴아이디어,GNRL 에센셜 가디건 [2PACK],https://image.msscdn.net/images/goods_img/20240903/4397034/4397034_17570614065379_500.jpg,False
2024-09,F,002020,카디건,002,아우터,8,3010394,poloralphlauren,폴로 랄프 로렌,W 코튼 블렌드 카디건 - 아이보리,https://image.msscdn.net/images/goods_img/20230109/3010394/3010394_16752407017252_500.jpg,False
2024-09,F,002020,카디건,002,아우터,9,4338876,nastyfancyclub,팬시클럽,체크 셔츠 레이어드 가디건 (BLACK)_F24ZB066,https://image.msscdn.net/images/goods_img/20240816/4338876/4338876_17591947543379_500.jpg,False
2024-09,F,002020,카디건,002,아우터,10,4346438,leathery,레더리,레글런 트랙 니트 집업 [BLACK],https://image.msscdn.net/images/goods_img/20240820/4346438/4346438_17633573397137_500.jpg,False
2024-09,F,002020,카디건,002,아우터,11,3010395,poloralphlauren,폴로 랄프 로렌,W 코튼 블렌드 카디건 - 네이비,https://image.msscdn.net/images/goods_img/20230109/3010395/3010395_16752406898682_500.jpg,False
2024-09,F,002020,카디건,002,아우터,12,4237608,viviennewestwood,비비안 웨스트우드,베아 가디건 - 블랙 / 1803002PY001VN401,https://image.msscdn.net/images/goods_img/20240708/4237608/4237608_17229063202486_500.jpg,False
2024-09,F,002020,카디건,002,아우터,13,4346435,leathery,레더리,레글런 트랙 니트 집업 [LIGHT GREY],https://image.msscdn.net/images/goods_img/20240820/4346435/4346435_17303579602608_500.jpg,False
2024-09,F,002020,카디건,002,아우터,14,2683549,satur,세터,파로 오버 사이즈 부클 가디건 클래식 블랙,https://image.msscdn.net/images/prd_img/20220726/2683549/detail_2683549_17582476224564_500.jpg,False
2024-09,F,002020,카디건,002,아우터,15,4240787,viviennewestwood,비비안 웨스트우드,베아 크롭 가디건 - 오프 화이트 / 1803002UY001VA408,https://image.msscdn.net/images/goods_img/20240709/4240787/4240787_17229064453595_500.jpg,False
2024-09,F,002020,카디건,002,아우터,16,3877561,poloralphlauren,폴로 랄프 로렌,W [New Pink Capsule] W 코튼 블렌드 가디건 - 핑크,https://image.msscdn.net/images/goods_img/20240216/3877561/3877561_17097143235344_500.jpg,False
2024-09,F,002020,카디건,002,아우터,17,3010402,poloralphlauren,폴로 랄프 로렌,W 케이블 니트 코튼 크루넥 카디건 - 화이트,https://image.msscdn.net/images/goods_img/20230109/3010402/3010402_16772072249633_500.jpg,False
2024-09,F,002020,카디건,002,아우터,18,3440410,critic,크리틱,RACING ZIP-UP KNIT NAVY,https://image.msscdn.net/images/goods_img/20230801/3440410/3440410_17345736573154_500.jpg,False
2024-09,F,002020,카디건,002,아우터,19,4327404,rosefrantz,로제프란츠,Eyelet Round Cardigan [Rose Red],https://image.msscdn.net/images/goods_img/20240813/4327404/4327404_17235398398150_500.jpg,False
2024-09,F,002020,카디건,002,아우터,20,4237609,viviennewestwood,비비안 웨스트우드,베아 가디건 - 오프 화이트 / 1803002PY001VA408,https://image.msscdn.net/images/goods_img/20240708/4237609/4237609_17229059848370_500.jpg,False
2024-09,F,002020,카디건,002,아우터,21,3101623,musinsastandardwoman,무신사 스탠다드 우먼,우먼즈 리브드 슬림 가디건 [블랙],https://image.msscdn.net/images/goods_img/20230222/3101623/3101623_17661119894900_500.jpg,False
2024-09,F,002020,카디건,002,아우터,22,3697580,compagno,꼼파뇨,[2-WAY] 커브드 블록 니트 집업 블랙,https://image.msscdn.net/images/goods_img/20231108/3697580/3697580_17047815740073_500.jpg,False
2024-09,F,002020,카디건,002,아우터,23,4264558,ami,아미,레드 하트 로고 가디건 - 블랙 / BFUKC002018009,https://image.msscdn.net/images/goods_img/20240722/4264558/4264558_17224818037404_500.jpg,False
2024-09,F,002020,카디건,002,아우터,24,3010405,poloralphlauren,폴로 랄프 로렌,W 케이블 니트 코튼 크루넥 카디건 - 블루,https://image.msscdn.net/images/goods_img/20230109/3010405/3010405_16772074501312_500.jpg,False
2024-09,F,002020,카디건,002,아우터,25,4305234,typeservice,타입서비스,Glittered Knit Cardigan [Gray],https://image.msscdn.net/images/goods_img/20240807/4305234/4305234_17249171489604_500.jpg,False
2024-09,F,002020,카디건,002,아우터,26,3440440,costumeoclock,커스텀어클락,[2PACK] 소프트 베이직 가디건 COOSCD001CD020,https://image.msscdn.net/images/goods_img/20230801/3440440/3440440_17585191785388_500.jpg,False
2024-09,F,002020,카디건,002,아우터,27,4240786,viviennewestwood,비비안 웨스트우드,베아 크롭 가디건 - 블랙 / 1803002UY001VN401,https://image.msscdn.net/images/goods_img/20240709/4240786/4240786_17229065644697_500.jpg,False
2024-09,F,002020,카디건,002,아우터,28,3434621,generalideastandard,제너럴아이디어,GNRL 에센셜 가디건 [6COL] / WBC3L04503,https://image.msscdn.net/images/goods_img/20230731/3434621/3434621_17682051685983_500.jpg,False
2024-09,F,002020,카디건,002,아우터,29,4392750,critic,크리틱,WORMHOLE KNIT HOOD ZIP UP CHARCOAL,https://image.msscdn.net/images/goods_img/20240902/4392750/4392750_17345734535527_500.jpg,False
2024-09,F,002020,카디건,002,아우터,30,4288071,michikolondon,미치코런던,베이직 울니트 가디건 멜란지 그레이,https://image.msscdn.net/images/goods_img/20240801/4288071/4288071_17238012466563_500.jpg,False
2024-09,F,002017,트러커 재킷,002,아우터,1,4344259,someplace,썸플레이스,배색 골덴 카라 바버 헌팅 트러커 자켓 점퍼 [아이보리],https://image.msscdn.net/images/goods_img/20240819/4344259/4344259_17592930927058_500.jpg,False
2024-09,F,002017,트러커 재킷,002,아우터,2,4344269,someplace,썸플레이스,배색 골덴 카라 바버 헌팅 트러커 자켓 점퍼 [차콜],https://image.msscdn.net/images/goods_img/20240819/4344269/4344269_17683713684775_500.jpg,False
2024-09,F,002017,트러커 재킷,002,아우터,3,3622977,trillion,트릴리온,페이드 워싱 바이커 데님 자켓 (BLACK),https://image.msscdn.net/images/goods_img/20231012/3622977/3622977_16977691200340_500.jpg,False
2024-09,F,002017,트러커 재킷,002,아우터,4,1790383,trillion,트릴리온,워싱 스티치 데님자켓 (BLACK),https://image.msscdn.net/images/goods_img/20210210/1790383/1790383_2_500.jpg,False
2024-09,F,002017,트러커 재킷,002,아우터,5,4270816,placestudio,플레이스 스튜디오,샌드 워싱 데님 빈티지 바이커 크롭 자켓 점퍼 [진청],https://image.msscdn.net/images/goods_img/20240724/4270816/4270816_17223874595329_500.jpg,False
2024-09,F,002017,트러커 재킷,002,아우터,6,4287413,trillion,트릴리온,코듀로이 카라 데님 집업 워크 자켓 (BLACK),https://image.msscdn.net/images/goods_img/20240731/4287413/4287413_17228544866344_500.jpg,False
2024-09,F,002017,트러커 재킷,002,아우터,7,3518763,oddstudio,오드스튜디오,샌드 워싱 바이커 데님 크롭 자켓 - BLUE,https://image.msscdn.net/images/goods_img/20230831/3518763/3518763_17315535641246_500.jpg,False
2024-09,F,002017,트러커 재킷,002,아우터,8,4270885,placestudio,플레이스 스튜디오,샌드 워싱 데님 빈티지 바이커 크롭 자켓 점퍼 [흑청],https://image.msscdn.net/images/goods_img/20240724/4270885/4270885_17223875020469_500.jpg,False
2024-09,F,002017,트러커 재킷,002,아우터,9,4319576,placestudio,플레이스 스튜디오,골덴카라 바버 코튼 코듀로이 트러커 자켓 [베이지],https://image.msscdn.net/images/goods_img/20240812/4319576/4319576_17307712090213_500.jpg,False
2024-09,F,002017,트러커 재킷,002,아우터,10,4308733,adidas,아디다스,데님 트랙탑 - 라이트데님 / IW5762,https://image.msscdn.net/images/goods_img/20240808/4308733/4308733_17236097611457_500.jpg,False
2024-09,F,002017,트러커 재킷,002,아우터,11,4319579,placestudio,플레이스 스튜디오,골덴카라 바버 코튼 코듀로이 트러커 자켓 [핑크],https://image.msscdn.net/images/goods_img/20240812/4319579/4319579_17307711977262_500.jpg,False
2024-09,F,002017,트러커 재킷,002,아우터,12,3801342,supersub,슈퍼서브,워싱 크롭 데님 재킷 - 워시드 브라운,https://image.msscdn.net/images/goods_img/20240117/3801342/3801342_17065954658593_500.jpg,False
2024-09,F,002017,트러커 재킷,002,아우터,13,3518760,oddstudio,오드스튜디오,샌드 워싱 바이커 데님 크롭 자켓 - BLACK,https://image.msscdn.net/images/goods_img/20230831/3518760/3518760_17315535804206_500.jpg,False
2024-09,F,002017,트러커 재킷,002,아우터,14,4287406,trillion,트릴리온,코듀로이 카라 데님 집업 워크 자켓 (LIGHT GRAY),https://image.msscdn.net/images/goods_img/20240731/4287406/4287406_17229066613849_500.jpg,False
2024-09,F,002017,트러커 재킷,002,아우터,15,3832967,1993studio,1993스튜디오,스몰 로고 빈티지 워싱 데님 자켓_블랙,https://image.msscdn.net/images/goods_img/20240130/3832967/3832967_17083855734590_500.jpg,False
2024-09,F,002017,트러커 재킷,002,아우터,16,4326992,supersub,슈퍼서브,빈티지 워싱 크롭 데님 재킷 2종,https://image.msscdn.net/images/goods_img/20240813/4326992/4326992_17253695746280_500.png,False
2024-09,F,002017,트러커 재킷,002,아우터,17,3779652,musinsastandardwoman,무신사 스탠다드 우먼,우먼즈 릴렉스드 크롭 데님 집업 재킷 [워시드 블랙],https://image.msscdn.net/images/goods_img/20240108/3779652/3779652_17116681742337_500.jpg,False
2024-09,F,002017,트러커 재킷,002,아우터,18,4372476,placestudio,플레이스 스튜디오,피그먼트 데님 다잉 워시드 오버사이즈 코튼 블루종 트러커 카라 자켓  [그레이],https://image.msscdn.net/images/goods_img/20240826/4372476/4372476_17246804855353_500.jpg,False
2024-09,F,002017,트러커 재킷,002,아우터,19,1633664,lee,리,코듀라 RAW데님 1ST 트러커 자켓 인디고 로우,https://image.msscdn.net/images/goods_img/20201005/1633664/1633664_17424353361589_500.jpg,False
2024-09,F,002017,트러커 재킷,002,아우터,20,3046279,outstanding,아웃스탠딩,SELVEDGE DENIM 2ND JACKET_INDIGO,https://image.msscdn.net/images/goods_img/20230130/3046279/3046279_17684404870062_500.jpg,False
2024-09,F,002017,트러커 재킷,002,아우터,21,3779655,musinsastandardwoman,무신사 스탠다드 우먼,우먼즈 릴렉스드 크롭 데님 집업 재킷 [라이트 인디고],https://image.msscdn.net/images/goods_img/20240108/3779655/3779655_17116680808317_500.jpg,False
2024-09,F,002017,트러커 재킷,002,아우터,22,4287892,supersub,슈퍼서브,워싱 크롭 데님 재킷 - 워시드 블루,https://image.msscdn.net/images/goods_img/20240801/4287892/4287892_17224927839087_500.jpg,False
2024-09,F,002017,트러커 재킷,002,아우터,23,3832994,1993studio,1993스튜디오,스몰 로고 빈티지 워싱 데님 자켓_라이트블루,https://image.msscdn.net/images/goods_img/20240130/3832994/3832994_17122752212886_500.jpg,False
2024-09,F,002017,트러커 재킷,002,아우터,24,3542977,millowomen,밀로 우먼,워시드 데님 레이싱 자켓 [스톤 블랙],https://image.msscdn.net/images/goods_img/20230907/3542977/3542977_17875510975508_500.jpg,False
2024-09,F,002017,트러커 재킷,002,아우터,25,3779654,musinsastandardwoman,무신사 스탠다드 우먼,우먼즈 릴렉스드 크롭 데님 집업 재킷 [딥 인디고],https://image.msscdn.net/images/goods_img/20240108/3779654/3779654_17231641972697_500.jpg,False
2024-09,F,002017,트러커 재킷,002,아우터,26,3794811,ourdayz,아워데이즈,페이디드 바이커 크롭 데님 자켓 [WASHED BLUE],https://image.msscdn.net/images/goods_img/20240115/3794811/3794811_17055529992296_500.jpg,False
2024-09,F,002017,트러커 재킷,002,아우터,27,3466541,kiimuir,키뮤어,빈티지 워싱 데님 바이커 자켓_4 color,https://image.msscdn.net/images/goods_img/20230816/3466541/3466541_17247783493373_500.jpg,False
2024-09,F,002017,트러커 재킷,002,아우터,28,4375130,adidas,아디다스,데님 라인스톤 재킷 - 라이트데님 / JN3021,https://image.msscdn.net/images/goods_img/20240827/4375130/4375130_17248306589333_500.jpg,False
2024-09,F,002017,트러커 재킷,002,아우터,29,4307602,marithefrancoisgirbaud,마리떼 프랑소와 저버,W DENIM TRUCKER JACKET black,https://image.msscdn.net/images/goods_img/20240808/4307602/4307602_17550633623868_500.jpg,False
2024-09,F,002017,트러커 재킷,002,아우터,30,3845897,trillion,트릴리온,스웨트 후드 믹스 데님 바시티 자켓 (BLUE GRAY),https://image.msscdn.net/images/goods_img/20240205/3845897/3845897_17080500855342_500.jpg,False
2024-09,F,002003,슈트/블레이저 재킷,002,아우터,1,1618312,musinsastandardwoman,무신사 스탠다드 우먼,우먼즈 오버사이즈 블레이저 [블랙],https://image.msscdn.net/images/goods_img/20200923/1618312/1618312_17840158746923_500.jpg,False
2024-09,F,002003,슈트/블레이저 재킷,002,아우터,2,1803462,musinsastandardwoman,무신사 스탠다드 우먼,우먼즈 베이식 블레이저 [블랙],https://image.msscdn.net/images/goods_img/20210219/1803462/1803462_17834925402814_500.jpg,False
2024-09,F,002003,슈트/블레이저 재킷,002,아우터,3,3845890,citybreeze,시티브리즈,루즈핏 사선 절개 싱글 자켓_GREY,https://image.msscdn.net/images/goods_img/20240205/3845890/3845890_17800354662108_500.jpg,False
2024-09,F,002003,슈트/블레이저 재킷,002,아우터,4,2149536,musinsastandardwoman,무신사 스탠다드 우먼,우먼즈 오버사이즈 블레이저 [미디엄 그레이],https://image.msscdn.net/images/goods_img/20210928/2149536/2149536_17536890796842_500.jpg,False
2024-09,F,002003,슈트/블레이저 재킷,002,아우터,5,3445828,dunstforwomen,던스트,ESSENTIAL 2 BUTTON WOOL BLAZER_UDJA5A202_BLACK,https://image.msscdn.net/images/goods_img/20230804/3445828/3445828_17883291824945_500.jpg,False
2024-09,F,002003,슈트/블레이저 재킷,002,아우터,6,4330504,oheshio,오헤시오,"ROUND FRILL JACKET, BLACK",https://image.msscdn.net/images/goods_img/20240814/4330504/4330504_17253334375808_500.jpg,False
2024-09,F,002003,슈트/블레이저 재킷,002,아우터,7,3485946,drawfitwomen,드로우핏 우먼,버튼 트위드 자켓 [BLACK],https://image.msscdn.net/images/goods_img/20230822/3485946/3485946_17750173227927_500.jpg,False
2024-09,F,002003,슈트/블레이저 재킷,002,아우터,8,3845882,citybreeze,시티브리즈,루즈핏 사선 절개 싱글 자켓_BLACK,https://image.msscdn.net/images/goods_img/20240205/3845882/3845882_17800355468865_500.jpg,False
2024-09,F,002003,슈트/블레이저 재킷,002,아우터,9,2398615,musinsastandardwoman,무신사 스탠다드 우먼,우먼즈 오버 숄더 오버사이즈 블레이저 [블랙],https://image.msscdn.net/images/goods_img/20220304/2398615/2398615_17836680638976_500.jpg,False
2024-09,F,002003,슈트/블레이저 재킷,002,아우터,10,3790874,musinsastandardwoman,무신사 스탠다드 우먼,우먼즈 라운드 넥 트위드 재킷 [블랙],https://image.msscdn.net/images/goods_img/20240112/3790874/3790874_17155599574003_500.jpg,False
2024-09,F,002003,슈트/블레이저 재킷,002,아우터,11,4369302,citybreeze,시티브리즈,사선 절개 싱글 자켓 3종,https://image.msscdn.net/images/goods_img/20240826/4369302/4369302_17821797246465_500.jpg,False
2024-09,F,002003,슈트/블레이저 재킷,002,아우터,12,1797622,musinsastandardwoman,무신사 스탠다드 우먼,우먼즈 오버사이즈 블레이저 [더스티 베이지],https://image.msscdn.net/images/goods_img/20210217/1797622/1797622_17536902767703_500.jpg,False
2024-09,F,002003,슈트/블레이저 재킷,002,아우터,13,3815665,placestudio,플레이스 스튜디오,트위드 라운드 넥 크롭 블레이저  숏 자켓 [블랙],https://image.msscdn.net/images/goods_img/20240123/3815665/3815665_17073591817813_500.jpg,False
2024-09,F,002003,슈트/블레이저 재킷,002,아우터,14,2117246,musinsastandardwoman,무신사 스탠다드 우먼,우먼즈 크롭 블레이저 [블랙],https://image.msscdn.net/images/goods_img/20210908/2117246/2117246_17834867753859_500.jpg,False
2024-09,F,002003,슈트/블레이저 재킷,002,아우터,15,1618309,musinsastandardwoman,무신사 스탠다드 우먼,우먼즈 오버사이즈 블레이저 [그레이],https://image.msscdn.net/images/goods_img/20200923/1618309/1618309_17673379872616_500.jpg,False
2024-09,F,002003,슈트/블레이저 재킷,002,아우터,16,1797621,musinsastandardwoman,무신사 스탠다드 우먼,우먼즈 오버사이즈 블레이저 [차콜 그레이],https://image.msscdn.net/images/goods_img/20210217/1797621/1797621_17537685852943_500.jpg,False
2024-09,F,002003,슈트/블레이저 재킷,002,아우터,17,2701795,placestudio,플레이스 스튜디오,비건 크랙 오버핏 싱글 버튼 블레이저 레더 자켓 [블랙],https://image.msscdn.net/images/goods_img/20220805/2701795/2701795_1_500.jpg,False
2024-09,F,002003,슈트/블레이저 재킷,002,아우터,18,3783330,drawfitwomen,드로우핏 우먼,2버튼 오버핏 싱글 블레이저 [BLACK],https://image.msscdn.net/images/goods_img/20240109/3783330/3783330_17054662080087_500.jpg,False
2024-09,F,002003,슈트/블레이저 재킷,002,아우터,19,2304440,avan,어반드레스,Boyfriend Single Blazer BROWN,https://image.msscdn.net/images/goods_img/20220112/2304440/2304440_2_500.jpg,False
2024-09,F,002003,슈트/블레이저 재킷,002,아우터,20,4319070,dunstforwomen,던스트,UNISEX CLASSIC 2 BUTTON WOOL BLAZER CHARCOAL GREY_UDJA4C107CG,https://image.msscdn.net/images/goods_img/20240812/4319070/4319070_17563480887186_500.jpg,False
2024-09,F,002003,슈트/블레이저 재킷,002,아우터,21,1803463,musinsastandardwoman,무신사 스탠다드 우먼,우먼즈 베이식 블레이저 [차콜 그레이],https://image.msscdn.net/images/goods_img/20210219/1803463/1803463_17835520881216_500.jpg,False
2024-09,F,002003,슈트/블레이저 재킷,002,아우터,22,3445830,dunstforwomen,던스트,ESSENTIAL 2 BUTTON WOOL BLAZER_UDJA5A202_SAND BEIGE,https://image.msscdn.net/images/goods_img/20230804/3445830/3445830_17883291875583_500.jpg,False
2024-09,F,002003,슈트/블레이저 재킷,002,아우터,23,4346668,leathery,레더리,워시드 레더 블레이저 [WASHED BROWN],https://image.msscdn.net/images/goods_img/20240820/4346668/4346668_17253383238418_500.jpg,False
2024-09,F,002003,슈트/블레이저 재킷,002,아우터,24,3825716,urago,유라고,Miller single button jacket,https://image.msscdn.net/images/goods_img/20240126/3825716/3825716_17697341839999_500.jpg,False
2024-09,F,002003,슈트/블레이저 재킷,002,아우터,25,2117247,musinsastandardwoman,무신사 스탠다드 우먼,우먼즈 크롭 블레이저 [그레이],https://image.msscdn.net/images/goods_img/20210908/2117247/2117247_17834864364830_500.jpg,False
2024-09,F,002003,슈트/블레이저 재킷,002,아우터,26,3902137,insilencewomen,인사일런스 우먼,스트랩 블레이저 CHARCOAL,https://image.msscdn.net/images/goods_img/20240226/3902137/3902137_17242163525114_500.jpg,False
2024-09,F,002003,슈트/블레이저 재킷,002,아우터,27,4346664,leathery,레더리,워시드 레더 블레이저 [WASHED BLACK],https://image.msscdn.net/images/goods_img/20240820/4346664/4346664_17253384044648_500.jpg,False
2024-09,F,002003,슈트/블레이저 재킷,002,아우터,28,4295651,citybreeze,시티브리즈,울 루즈핏 사선 절개 싱글 자켓_BLACK,https://image.msscdn.net/images/goods_img/20240805/4295651/4295651_17821798085133_500.jpg,False
2024-09,F,002003,슈트/블레이저 재킷,002,아우터,29,2398616,musinsastandardwoman,무신사 스탠다드 우먼,우먼즈 오버 숄더 오버사이즈 블레이저 [그레이],https://image.msscdn.net/images/goods_img/20220304/2398616/2398616_17836677714166_500.jpg,False
2024-09,F,002003,슈트/블레이저 재킷,002,아우터,30,2149537,musinsastandardwoman,무신사 스탠다드 우먼,우먼즈 오버사이즈 블레이저 [라이트 베이지],https://image.msscdn.net/images/goods_img/20210928/2149537/2149537_17536900759632_500.jpg,False
2024-09,F,002004,스타디움 재킷,002,아우터,1,3049469,prendafromplant,프렌다,SWEAT VARSITY JACKET NAVY,https://image.msscdn.net/images/goods_img/20230131/3049469/3049469_16751367130837_500.png,False
2024-09,F,002004,스타디움 재킷,002,아우터,2,2782958,1993studio,1993스튜디오,빈티지 바시티 자켓_네이비,https://image.msscdn.net/images/goods_img/20220908/2782958/2782958_1_500.jpg,False
2024-09,F,002004,스타디움 재킷,002,아우터,3,3439979,urbandtype,어반디타입,(패딩or논패딩 선택) 코듀로이 래글런 자켓_네이비,https://image.msscdn.net/images/goods_img/20230801/3439979/3439979_17346618324739_500.jpg,False
2024-09,F,002004,스타디움 재킷,002,아우터,4,4252239,urbandtype,어반디타입,(패딩or논패딩 선택) 코듀로이 래글런 자켓_아이보리,https://image.msscdn.net/images/goods_img/20240716/4252239/4252239_17556561101022_500.jpg,False
2024-09,F,002004,스타디움 재킷,002,아우터,5,3439975,urbandtype,어반디타입,(패딩or논패딩 선택) 코듀로이 래글런 자켓_핑크,https://image.msscdn.net/images/goods_img/20230801/3439975/3439975_17346618498463_500.jpg,False
2024-09,F,002004,스타디움 재킷,002,아우터,6,3448522,amesworldwide,아메스 월드와이드,NYLON STADIUM JACKET NAVY (AM2DFUJ240A),https://image.msscdn.net/images/goods_img/20230807/3448522/3448522_16926029585018_500.jpg,False
2024-09,F,002004,스타디움 재킷,002,아우터,7,4252321,urbandtype,어반디타입,홈보이 울 바시티 자켓_오렌지,https://image.msscdn.net/images/goods_img/20240716/4252321/4252321_17618040364916_500.jpg,False
2024-09,F,002004,스타디움 재킷,002,아우터,8,2752332,lettercomo,레테르코모,빅 어워드 스타디움 울 바시티자켓 블랙,https://image.msscdn.net/images/goods_img/20220829/2752332/2752332_17600737132519_500.jpg,False
2024-09,F,002004,스타디움 재킷,002,아우터,9,2857983,timcomix,팀코믹스,8 BALL VARSITY JACKET BLACK,https://image.msscdn.net/images/goods_img/20221013/2857983/2857983_16988208342409_500.jpg,False
2024-09,F,002004,스타디움 재킷,002,아우터,10,3466617,thisisneverthat,디스이즈네버댓,Satin Varsity Jacket Black,https://image.msscdn.net/images/goods_img/20230816/3466617/3466617_16921759979902_500.jpg,False
2024-09,F,002004,스타디움 재킷,002,아우터,11,2352895,partimento,파르티멘토,코듀로이 바시티 자켓 네이비,https://image.msscdn.net/images/goods_img/20220210/2352895/2352895_1_500.jpg,False
2024-09,F,002004,스타디움 재킷,002,아우터,12,2804237,5252byoioi,오아이오아이 컬렉션,COLOR BLOCK WOOL BASEBALL JACKET [BROWN],https://image.msscdn.net/images/goods_img/20220920/2804237/2804237_3_500.jpg,False
2024-09,F,002004,스타디움 재킷,002,아우터,13,3435323,leathery,레더리,코듀로이 바시티 테디 자켓 [BLACK],https://image.msscdn.net/images/goods_img/20230731/3435323/3435323_16919764406002_500.jpg,False
2024-09,F,002004,스타디움 재킷,002,아우터,14,4321437,marithefrancoisgirbaud,마리떼 프랑소와 저버,LETTERMAN JACKET black,https://image.msscdn.net/images/goods_img/20240812/4321437/4321437_17255042117614_500.jpg,False
2024-09,F,002004,스타디움 재킷,002,아우터,15,3469579,luvistrue,러브이즈트루,CH DEVIL VARSITY JACKET(BLUE),https://image.msscdn.net/images/goods_img/20230816/3469579/3469579_16921907988786_500.jpg,False
2024-09,F,002004,스타디움 재킷,002,아우터,16,4321439,marithefrancoisgirbaud,마리떼 프랑소와 저버,JE NE LA VARSITY JACKET dark navy,https://image.msscdn.net/images/goods_img/20240812/4321439/4321439_17253421258017_500.jpg,False
2024-09,F,002004,스타디움 재킷,002,아우터,17,3049468,prendafromplant,프렌다,SWEAT VARSITY JACKET GRAY,https://image.msscdn.net/images/goods_img/20230131/3049468/3049468_16751366628130_500.png,False
2024-09,F,002004,스타디움 재킷,002,아우터,18,3132559,1993studio,1993스튜디오,[LG트윈스] V3 챔피언 바시티 자켓_블랙,https://image.msscdn.net/images/goods_img/20230308/3132559/3132559_17098771599537_500.jpg,False
2024-09,F,002004,스타디움 재킷,002,아우터,19,3473941,timcomix,팀코믹스,BROKEN DICE VARSITY JACKET BLACK,https://image.msscdn.net/images/goods_img/20230817/3473941/3473941_17084041516700_500.jpg,False
2024-09,F,002004,스타디움 재킷,002,아우터,20,2093817,takeasy,테이크이지,라쿠 베이스볼 오버자켓(네이비),https://image.msscdn.net/images/goods_img/20210827/2093817/2093817_4_500.jpg,False
2024-09,F,002004,스타디움 재킷,002,아우터,21,3778226,lee,리,캔자스 시티 바시티 자켓 네이비,https://image.msscdn.net/images/goods_img/20240105/3778226/3778226_17073568406566_500.jpg,False
2024-09,F,002004,스타디움 재킷,002,아우터,22,3423364,retrieverclub,리트리버클럽,BIG R SOCCER VARSITY JACKET [BLUE],https://image.msscdn.net/images/goods_img/20230724/3423364/3423364_16901928542113_500.jpg,False
2024-09,F,002004,스타디움 재킷,002,아우터,23,3631018,satur,세터,퍼시 칼라리스 바시티 자켓 클래식 블랙,https://image.msscdn.net/images/goods_img/20231016/3631018/3631018_17580999197135_500.jpg,False
2024-09,F,002004,스타디움 재킷,002,아우터,24,3481342,lee,리,로고 와펜 바시티 자켓 네이비,https://image.msscdn.net/images/goods_img/20230821/3481342/3481342_16993257341759_500.jpg,False
2024-09,F,002004,스타디움 재킷,002,아우터,25,4280331,nomanual,노매뉴얼,W.S VARSITY JACKET - BLACK,https://image.msscdn.net/images/goods_img/20240729/4280331/4280331_17231681884095_500.jpg,False
2024-09,F,002004,스타디움 재킷,002,아우터,26,2752336,lettercomo,레테르코모,빅 어워드 스타디움 울 바시티자켓 다크네이비,https://image.msscdn.net/images/goods_img/20220829/2752336/2752336_17600739216352_500.jpg,False
2024-09,F,002004,스타디움 재킷,002,아우터,27,4061707,poloralphlauren,폴로 랄프 로렌,W 로고 플래그 보머 재킷 - 블루,https://image.msscdn.net/images/goods_img/20240417/4061707/4061707_17151585369602_500.jpg,False
2024-09,F,002004,스타디움 재킷,002,아우터,28,3390496,standarderror,스탠다드에러,87-STAN008 파이핑 카라 바시티 레더 자켓 블랙,https://image.msscdn.net/images/goods_img/20230630/3390496/3390496_17551512881281_500.jpg,False
2024-09,F,002004,스타디움 재킷,002,아우터,29,3481345,lee,리,바시티 자켓 블랙,https://image.msscdn.net/images/goods_img/20230821/3481345/3481345_16927559990415_500.jpg,False
2024-09,F,002004,스타디움 재킷,002,아우터,30,4387755,tommyjeans,타미진스,크롭 바시티 재킷 (T32E7WJC45TWT1XIT),https://image.msscdn.net/images/goods_img/20240830/4387755/4387755_17254289796431_500.jpg,False
2024-09,F,002006,나일론/코치 재킷,002,아우터,1,4437501,partimentowomen,파르티멘토 우먼,리버시블 후디드 윈드브레이커_블랙,https://image.msscdn.net/images/goods_img/20240912/4437501/4437501_17268242967118_500.jpg,False
2024-09,F,002006,나일론/코치 재킷,002,아우터,2,4437500,partimentowomen,파르티멘토 우먼,리버시블 후디드 윈드브레이커_민트 그레이,https://image.msscdn.net/images/goods_img/20240912/4437500/4437500_17268203705352_500.jpg,False
2024-09,F,002006,나일론/코치 재킷,002,아우터,3,2471405,slowrecordhouse,슬로우 레코드 하우스,파이핑 라인 나일론 자켓_네이비,https://image.msscdn.net/images/goods_img/20220406/2471405/2471405_17013952125581_500.jpg,False
2024-09,F,002006,나일론/코치 재킷,002,아우터,4,2723218,dimitriblack,디미트리블랙,ASI 2WAY 어센틱 후드 윈드브레이커 자켓_블랙,https://image.msscdn.net/images/goods_img/20220817/2723218/2723218_17603312716294_500.jpg,False
2024-09,F,002006,나일론/코치 재킷,002,아우터,5,3455882,filluminate,필루미네이트,타슬란 윈드 테이커 자켓-라이트그레이,https://image.msscdn.net/images/goods_img/20230809/3455882/3455882_17827964138309_500.jpg,False
2024-09,F,002006,나일론/코치 재킷,002,아우터,6,4243253,urbandtype,어반디타입,커브드 래글런 윈드브레이커_핑크,https://image.msscdn.net/images/goods_img/20240710/4243253/4243253_17349372715106_500.jpg,False
2024-09,F,002006,나일론/코치 재킷,002,아우터,7,4243263,urbandtype,어반디타입,커브드 래글런 윈드브레이커_블랙,https://image.msscdn.net/images/goods_img/20240710/4243263/4243263_17417413720743_500.jpg,False
2024-09,F,002006,나일론/코치 재킷,002,아우터,8,3455892,filluminate,필루미네이트,타슬란 윈드 테이커 자켓-블랙,https://image.msscdn.net/images/goods_img/20230809/3455892/3455892_17827964402390_500.jpg,False
2024-09,F,002006,나일론/코치 재킷,002,아우터,9,3835864,oheshio,오헤시오,dot frill hooded windbreaker jumper (black),https://image.msscdn.net/images/goods_img/20240131/3835864/3835864_17091228036119_500.jpg,False
2024-09,F,002006,나일론/코치 재킷,002,아우터,10,3212915,compagno,꼼파뇨,크래킹 후드 윈드브레이커 그레이,https://image.msscdn.net/images/goods_img/20230406/3212915/3212915_16902464685664_500.jpg,False
2024-09,F,002006,나일론/코치 재킷,002,아우터,11,4437499,partimentowomen,파르티멘토 우먼,리버시블 후디드 윈드브레이커_차콜,https://image.msscdn.net/images/goods_img/20240912/4437499/4437499_17268190064980_500.jpg,False
2024-09,F,002006,나일론/코치 재킷,002,아우터,12,1530516,codegraphy,코드그라피,2-WAY 테크 숏 자켓_블랙,https://image.msscdn.net/images/goods_img/20200729/1530516/1530516_17773571044222_500.jpg,False
2024-09,F,002006,나일론/코치 재킷,002,아우터,13,2329532,nomanual,노매뉴얼,PENON WIND SHELL - BLACK,https://image.msscdn.net/images/goods_img/20220126/2329532/2329532_16762491689303_500.jpg,False
2024-09,F,002006,나일론/코치 재킷,002,아우터,14,1571878,codegraphy,코드그라피,[SET] 2-WAY 테크 숏 자켓 셋업_블랙,https://image.msscdn.net/images/goods_img/20200831/1571878/1571878_17730339892071_500.jpg,False
2024-09,F,002006,나일론/코치 재킷,002,아우터,15,3791038,codegraphy,코드그라피,[SET] [배색ver.] 2-WAY 배색 테크 숏 자켓 셋업_블랙,https://image.msscdn.net/images/goods_img/20240112/3791038/3791038_17718150719568_500.jpg,False
2024-09,F,002006,나일론/코치 재킷,002,아우터,16,3209864,not4nerd,낫포너드,Tribal Logo Nylon Racing Jacket - Black,https://image.msscdn.net/images/goods_img/20230405/3209864/3209864_16810674167028_500.jpg,False
2024-09,F,002006,나일론/코치 재킷,002,아우터,17,2534895,slowrecordhouse,슬로우 레코드 하우스,파이핑 라인 나일론 자켓_블랙&베이지,https://image.msscdn.net/images/goods_img/20220502/2534895/2534895_17014068157715_500.jpg,False
2024-09,F,002006,나일론/코치 재킷,002,아우터,18,4296687,newbalance,뉴발란스,NBNAF21013 / UNI ESS 헤리티지 웜업 자켓 (BLACK),https://image.msscdn.net/images/goods_img/20240805/4296687/4296687_17846852180585_500.jpg,False
2024-09,F,002006,나일론/코치 재킷,002,아우터,19,3400585,1993studio,1993스튜디오,2WAY 더블 스티치 윈드브레이커_크림,https://image.msscdn.net/images/goods_img/20230710/3400585/3400585_17267096815279_500.jpg,False
2024-09,F,002006,나일론/코치 재킷,002,아우터,20,3209862,not4nerd,낫포너드,Tribal Logo Nylon Racing Jacket - Navy,https://image.msscdn.net/images/goods_img/20230405/3209862/3209862_16810699900063_500.jpg,False
2024-09,F,002006,나일론/코치 재킷,002,아우터,21,3816559,nomanual,노매뉴얼,AETHER NYLON JACKET - MARINA,https://image.msscdn.net/images/goods_img/20240123/3816559/3816559_17108131913892_500.jpg,False
2024-09,F,002006,나일론/코치 재킷,002,아우터,22,3758450,musinsastandardwoman,무신사 스탠다드 우먼,우먼즈 샤이니 윈드브레이커 재킷 [블랙],https://image.msscdn.net/images/goods_img/20231215/3758450/3758450_17443343424155_500.jpg,False
2024-09,F,002006,나일론/코치 재킷,002,아우터,23,3791014,codegraphy,코드그라피,[기본 OR 후디 선택] [배색Ver.] 2-WAY 테크 숏 자켓_블랙,https://image.msscdn.net/images/prd_img/20240112/3791014/detail_3791014_17429730762331_500.jpg,False
2024-09,F,002006,나일론/코치 재킷,002,아우터,24,3037477,dimitriblack,디미트리블랙,ASI 2WAY 어센틱 후드 윈드브레이커 자켓_차콜그레이,https://image.msscdn.net/images/goods_img/20230125/3037477/3037477_17164427030684_500.png,False
2024-09,F,002006,나일론/코치 재킷,002,아우터,25,3812661,thisisneverthat,디스이즈네버댓,(SS24) T-Light Jacket - Black,https://image.msscdn.net/images/goods_img/20240122/3812661/3812661_17065164256257_500.jpg,False
2024-09,F,002006,나일론/코치 재킷,002,아우터,26,2723216,dimitriblack,디미트리블랙,ASI 2WAY 어센틱 후드 윈드브레이커 자켓_올리브,https://image.msscdn.net/images/goods_img/20220817/2723216/2723216_17217096418459_500.jpg,False
2024-09,F,002006,나일론/코치 재킷,002,아우터,27,4278695,someplace,썸플레이스,리버시블 인시전 나일론 윈드 브레이커 후드 집업 자켓 [베이지],https://image.msscdn.net/images/goods_img/20240729/4278695/4278695_17222207131457_500.jpg,False
2024-09,F,002006,나일론/코치 재킷,002,아우터,28,1571879,codegraphy,코드그라피,[SET] 2-WAY 테크 숏 자켓 셋업_그레이,https://image.msscdn.net/images/goods_img/20200831/1571879/1571879_17738851373592_500.jpg,False
2024-09,F,002006,나일론/코치 재킷,002,아우터,29,3461538,trillion,트릴리온,디비전 나일론 후드 집업 윈드브레이커 자켓 (BLACK),https://image.msscdn.net/images/goods_img/20230811/3461538/3461538_17720845137190_500.jpg,False
2024-09,F,002006,나일론/코치 재킷,002,아우터,30,4243262,urbandtype,어반디타입,커브드 래글런 윈드브레이커_그레이,https://image.msscdn.net/images/goods_img/20240710/4243262/4243262_17326853954562_500.jpg,False
2024-09,F,002019,아노락 재킷,002,아우터,1,850405,search410,써치410,[UNISEX] TRIPLE COMBINATION WINDBREAKER_VIOLET,https://image.msscdn.net/images/goods_img/20180906/850405/850405_5_500.jpg,False
2024-09,F,002019,아노락 재킷,002,아우터,2,3884995,menasoo,미나수,HEARTTRACK VNECK NYLON ANORAK JACKET_WHITE,https://image.msscdn.net/images/goods_img/20240220/3884995/3884995_17090972830585_500.jpg,False
2024-09,F,002019,아노락 재킷,002,아우터,3,3434841,xtonz,엑스톤즈,XJ98 플리츠 배색 바람막이 (GRAY),https://image.msscdn.net/images/goods_img/20230731/3434841/3434841_16993169540228_500.jpg,False
2024-09,F,002019,아노락 재킷,002,아우터,4,3809707,lee,리,아노락 자켓 블랙,https://image.msscdn.net/images/goods_img/20240119/3809707/3809707_17060615063699_500.jpg,False
2024-09,F,002019,아노락 재킷,002,아우터,5,4335880,oheshio,오헤시오,"HOODED ANORAK, NAVY",https://image.msscdn.net/images/goods_img/20240816/4335880/4335880_17252644479482_500.jpg,False
2024-09,F,002019,아노락 재킷,002,아우터,6,4332110,oheshio,오헤시오,"STRIPE HOODED WINDBREAKER JUMPER, SKYBLUE",https://image.msscdn.net/images/goods_img/20240814/4332110/4332110_17253341053144_500.jpg,False
2024-09,F,002019,아노락 재킷,002,아우터,7,4328387,lecoq,르꼬끄,네오 선데이 듀스 자켓 블랙(QP323TJK91),https://image.msscdn.net/images/goods_img/20240814/4328387/4328387_17718952127475_500.jpg,False
2024-09,F,002019,아노락 재킷,002,아우터,8,3191935,not4nerd,낫포너드,Nylon Color Block Anorak Pullover - Black,https://image.msscdn.net/images/goods_img/20230329/3191935/3191935_16810686023014_500.jpg,False
2024-09,F,002019,아노락 재킷,002,아우터,9,4335877,oheshio,오헤시오,"HOODED ANORAK, BROWN",https://image.msscdn.net/images/goods_img/20240816/4335877/4335877_17252645191109_500.jpg,False
2024-09,F,002019,아노락 재킷,002,아우터,10,1776549,urbandtype,어반디타입,[ 리뉴얼 ] 아노락 쓰리피스 풀 셋업_민트 그레이,https://image.msscdn.net/images/goods_img/20210204/1776549/1776549_17152450598833_500.jpg,False
2024-09,F,002019,아노락 재킷,002,아우터,11,3884993,menasoo,미나수,HEARTTRACK VNECK NYLON ANORAK JACKET_NAVY,https://image.msscdn.net/images/goods_img/20240220/3884993/3884993_17090974688421_500.jpg,False
2024-09,F,002019,아노락 재킷,002,아우터,12,4243126,urbandtype,어반디타입,나일론 스포츠 디타입 윈드브레이커_핑크,https://image.msscdn.net/images/goods_img/20240710/4243126/4243126_17235296819207_500.jpg,False
2024-09,F,002019,아노락 재킷,002,아우터,13,3812094,secondmonolgue,세컨모놀로그,스냅 체크 후드 셔츠 자켓 [BEIGE]_SEJK011BEIGE,https://image.msscdn.net/images/goods_img/20240122/3812094/3812094_17769925682415_500.jpg,False
2024-09,F,002019,아노락 재킷,002,아우터,14,3923954,thenorthface,노스페이스,NA3BQ35A 여성 하이 마운틴 아노락,https://image.msscdn.net/images/goods_img/20240305/3923954/3923954_17096199701101_500.jpg,False
2024-09,F,002019,아노락 재킷,002,아우터,15,3791888,umbro,엄브로,컬러블럭 스탠넥 아노락 블랙(UP121CWT24),https://image.msscdn.net/images/goods_img/20240112/3791888/3791888_17310339853908_500.jpg,False
2024-09,F,002019,아노락 재킷,002,아우터,16,3100545,umbro,엄브로,클래식 스탠넥 아노락 블랙(UP321CWT96),https://image.msscdn.net/images/goods_img/20230222/3100545/3100545_17548990274331_500.jpg,False
2024-09,F,002019,아노락 재킷,002,아우터,17,4328392,lecoq,르꼬끄,네오 선데이 듀스 자켓 레드(QP323TJK91),https://image.msscdn.net/images/goods_img/20240814/4328392/4328392_17580892022665_500.jpg,False
2024-09,F,002019,아노락 재킷,002,아우터,18,3376223,theidentityproject,더 아이덴티티 프로젝트,Curve line anorak jumper [Black],https://image.msscdn.net/images/goods_img/20230621/3376223/3376223_16889062009660_500.jpg,False
2024-09,F,002019,아노락 재킷,002,아우터,19,3191934,not4nerd,낫포너드,Nylon Color Block Anorak Pullover - Ivory,https://image.msscdn.net/images/goods_img/20230329/3191934/3191934_16810686616319_500.jpg,False
2024-09,F,002019,아노락 재킷,002,아우터,20,2753692,kenzo,겐조,윈드치터 후드 재킷 - 블랙 / FC62BL1579NB99J,https://image.msscdn.net/images/goods_img/20220830/2753692/2753692_1_500.jpg,False
2024-09,F,002019,아노락 재킷,002,아우터,21,3461513,trillion,트릴리온,디비전 나일론 후드 집업 윈드브레이커 자켓 (LIGHT GRAY),https://image.msscdn.net/images/goods_img/20230811/3461513/3461513_17170542339453_500.jpg,False
2024-09,F,002019,아노락 재킷,002,아우터,22,3875947,prendafromplant,프렌다,PRDA NYLON ANORAK BURGANDY,https://image.msscdn.net/images/goods_img/20240216/3875947/3875947_17091143455009_500.jpg,False
2024-09,F,002019,아노락 재킷,002,아우터,23,3809706,lee,리,아노락 자켓 라이트 블루,https://image.msscdn.net/images/goods_img/20240119/3809706/3809706_17060615164578_500.jpg,False
2024-09,F,002019,아노락 재킷,002,아우터,24,3837512,codegraphy,코드그라피,(우먼) 옥스포드 아노락 후드_스카이블루,https://image.msscdn.net/images/goods_img/20240131/3837512/3837512_17067654034927_500.jpg,False
2024-09,F,002019,아노락 재킷,002,아우터,25,3884994,menasoo,미나수,HEARTTRACK VNECK NYLON ANORAK JACKET_RED,https://image.msscdn.net/images/goods_img/20240220/3884994/3884994_17090973473792_500.jpg,False
2024-09,F,002019,아노락 재킷,002,아우터,26,3809568,umbro,엄브로,HBL CELEB 후드 웜업 아노락 블랙(UP123CWT22),https://image.msscdn.net/images/goods_img/20240119/3809568/3809568_17310346914171_500.jpg,False
2024-09,F,002019,아노락 재킷,002,아우터,27,2000085,superlit,에스릿 스튜디오,[SET] 스테디 라이트 아노락 3P 셋업 블랙,https://image.msscdn.net/images/prd_img/20210617/2000085/detail_2000085_1_500.jpg,False
2024-09,F,002019,아노락 재킷,002,아우터,28,4086989,travel,트래블,나일론 플랩 아노락 더스티 핑크,https://image.msscdn.net/images/goods_img/20240425/4086989/4086989_17146479447429_500.jpg,False
2024-09,F,002019,아노락 재킷,002,아우터,29,3461531,trillion,트릴리온,디비전 나일론 후드 집업 윈드브레이커 자켓 (GREEN),https://image.msscdn.net/images/goods_img/20230811/3461531/3461531_17170541973327_500.jpg,False
2024-09,F,002019,아노락 재킷,002,아우터,30,3702196,thenorthface,노스페이스,NT7LP12A MA 트레이닝 아노락,https://image.msscdn.net/images/goods_img/20231110/3702196/3702196_16995737019237_500.jpg,False
2024-09,F,002018,트레이닝 재킷,002,아우터,1,3422706,adidas,아디다스,파이어버드 트랙탑  - 블랙 / IL8764,https://image.msscdn.net/images/goods_img/20230724/3422706/3422706_16904232602323_500.jpg,False
2024-09,F,002018,트레이닝 재킷,002,아우터,2,3850080,adidas,아디다스,파이어버드 루즈 트랙탑 - 블랙 / IT7405,https://image.msscdn.net/images/goods_img/20240206/3850080/3850080_17072770370493_500.jpg,False
2024-09,F,002018,트레이닝 재킷,002,아우터,3,4234917,adidas,아디다스,베켄바우어 트랙탑 - 블랙 / IW3174,https://image.msscdn.net/images/goods_img/20240705/4234917/4234917_17205041502880_500.jpg,False
2024-09,F,002018,트레이닝 재킷,002,아우터,4,2353497,urbandtype,어반디타입,OL209_러닝클럽 트랙 자켓_네이비,https://image.msscdn.net/images/goods_img/20220210/2353497/2353497_17875332753234_500.jpg,False
2024-09,F,002018,트레이닝 재킷,002,아우터,5,4319020,prendafromplant,프렌다,RAGLAN TRACK JERSEY JACKET LIGHT GRAY NAVY,https://image.msscdn.net/images/goods_img/20240812/4319020/4319020_17242869098676_500.jpg,False
2024-09,F,002018,트레이닝 재킷,002,아우터,6,4336062,adidas,아디다스,파이어버드 니트 탑 - 블랙 / IY7278,https://image.msscdn.net/images/goods_img/20240816/4336062/4336062_17242236131024_500.jpg,False
2024-09,F,002018,트레이닝 재킷,002,아우터,7,4352972,adidas,아디다스,파이어버드 트랙탑 - 올리브 / IY4742,https://image.msscdn.net/images/goods_img/20240821/4352972/4352972_17243029171029_500.jpg,False
2024-09,F,002018,트레이닝 재킷,002,아우터,8,4258389,adidas,아디다스,ADILENIUM 2 메가브레이크 자켓 - 블랙 / JN0810,https://image.msscdn.net/images/goods_img/20240718/4258389/4258389_17229289413303_500.jpg,False
2024-09,F,002018,트레이닝 재킷,002,아우터,9,4308735,adidas,아디다스,파이어버드 피티드 트랙탑 - 샌디핑크 / IY9521,https://image.msscdn.net/images/goods_img/20240808/4308735/4308735_17236099666861_500.jpg,False
2024-09,F,002018,트레이닝 재킷,002,아우터,10,3555937,rockcake,락케이크,Sports 96 Track Top - Navy,https://image.msscdn.net/images/goods_img/20230913/3555937/3555937_17128000098668_500.jpg,False
2024-09,F,002018,트레이닝 재킷,002,아우터,11,4066024,thenorthface,노스페이스,NJ3BQ11J 화이트라벨 아이스 런 EX 자켓,https://image.msscdn.net/images/goods_img/20240418/4066024/4066024_17134150418889_500.jpg,False
2024-09,F,002018,트레이닝 재킷,002,아우터,12,4308736,adidas,아디다스,파이어버드 피티드 트랙탑 - 블랙 / IW5516,https://image.msscdn.net/images/goods_img/20240808/4308736/4308736_17236095176559_500.jpg,False
2024-09,F,002018,트레이닝 재킷,002,아우터,13,3010431,satur,세터,로턴 올 데이 트랙 집업 자켓 캐비어 블랙,https://image.msscdn.net/images/goods_img/20230109/3010431/3010431_17255123428915_500.jpg,False
2024-09,F,002018,트레이닝 재킷,002,아우터,14,4299260,adidas,아디다스,ADILENIUM  2 오버사이즈 트랙탑 - 그레이 / JM9253,https://image.msscdn.net/images/goods_img/20240806/4299260/4299260_17231905646451_500.jpg,False
2024-09,F,002018,트레이닝 재킷,002,아우터,15,4308761,adidas,아디다스,루쉬드 트랙탑 재킷 - 화이트 / JD6386,https://image.msscdn.net/images/goods_img/20240808/4308761/4308761_17236102302769_500.jpg,False
2024-09,F,002018,트레이닝 재킷,002,아우터,16,4258416,adidas,아디다스,우븐 트랙탑 - 블랙 / JD5331,https://image.msscdn.net/images/goods_img/20240718/4258416/4258416_17217093285427_500.jpg,False
2024-09,F,002018,트레이닝 재킷,002,아우터,17,4299259,adidas,아디다스,ADILENIUM  2 오버사이즈 트랙탑 - 블랙 / JM9251,https://image.msscdn.net/images/goods_img/20240806/4299259/4299259_17231905137986_500.jpg,False
2024-09,F,002018,트레이닝 재킷,002,아우터,18,4179766,nike,나이키,윈드러너 루즈 UV 우븐 풀집 자켓 W - 블랙:화이트 / FV6305-010,https://image.msscdn.net/images/goods_img/20240605/4179766/4179766_17207602872686_500.jpg,False
2024-09,F,002018,트레이닝 재킷,002,아우터,19,4138163,nike,나이키,스포츠웨어 우븐 재킷 W - 블랙:라이트 퓨미스:화이트 / FN1941-010,https://image.msscdn.net/images/goods_img/20240517/4138163/4138163_17162564649028_500.jpg,False
2024-09,F,002018,트레이닝 재킷,002,아우터,20,4258390,adidas,아디다스,ADILENIUM 2 메가브레이크 자켓 - 그레이 / JM9660,https://image.msscdn.net/images/goods_img/20240718/4258390/4258390_17229289935672_500.jpg,False
2024-09,F,002018,트레이닝 재킷,002,아우터,21,4308760,adidas,아디다스,루쉬드 트랙탑 재킷 - 블랙 / JD6385,https://image.msscdn.net/images/goods_img/20240808/4308760/4308760_17236101861425_500.jpg,False
2024-09,F,002018,트레이닝 재킷,002,아우터,22,4260536,adidas,아디다스,애틀랜타 커트라인 트랙탑 - 블랙 / IW5511,https://image.msscdn.net/images/goods_img/20240719/4260536/4260536_17216323856366_500.jpg,False
2024-09,F,002018,트레이닝 재킷,002,아우터,23,3801542,sculptor,스컬프터,Stripe Track Zip-Up Beige,https://image.msscdn.net/images/goods_img/20240117/3801542/3801542_17303567564858_500.jpg,False
2024-09,F,002018,트레이닝 재킷,002,아우터,24,4319022,prendafromplant,프렌다,RAGLAN TRACK JERSEY JACKET BEIGE BRICK RED,https://image.msscdn.net/images/goods_img/20240812/4319022/4319022_17242869969697_500.jpg,False
2024-09,F,002018,트레이닝 재킷,002,아우터,25,4358145,adidas,아디다스,코듀로이 타탄 하프집업 탑 - 그린:네이비 / IX1054,https://image.msscdn.net/images/goods_img/20240822/4358145/4358145_17246494630859_500.jpg,False
2024-09,F,002018,트레이닝 재킷,002,아우터,26,2730682,partimentowomen,파르티멘토 우먼,라인 저지 트랙 탑_차콜 그레이,https://image.msscdn.net/images/goods_img/20220819/2730682/2730682_16950061956204_500.jpg,False
2024-09,F,002018,트레이닝 재킷,002,아우터,27,3807545,physicaleducation,피지컬 에듀케이션 디파트먼트,파이핑 스타테일 후드 트랙자켓_그레이지,https://image.msscdn.net/images/goods_img/20240118/3807545/3807545_17062312306341_500.jpg,False
2024-09,F,002018,트레이닝 재킷,002,아우터,28,3816294,filluminate,필루미네이트,심볼 로고 트레이닝 풀 집 업-버건디,https://image.msscdn.net/images/goods_img/20240123/3816294/3816294_17072909516703_500.jpg,False
2024-09,F,002018,트레이닝 재킷,002,아우터,29,3816321,filluminate,필루미네이트,심볼 로고 트레이닝 풀 집 업-블랙,https://image.msscdn.net/images/goods_img/20240123/3816321/3816321_17072910139959_500.jpg,False
2024-09,F,002018,트레이닝 재킷,002,아우터,30,4414699,adidas,아디다스,베켄바우어 트랙탑 - 다크블루 / JX2802,https://image.msscdn.net/images/goods_img/20240906/4414699/4414699_17258665913327_500.jpg,False
2024-09,F,002008,환절기 코트,002,아우터,1,4268575,overdueflair,오버듀플레어,CLASSIC SUEDE JACKET_CAMEL,https://image.msscdn.net/images/goods_img/20240723/4268575/4268575_17242222531735_500.jpg,False
2024-09,F,002008,환절기 코트,002,아우터,2,2360891,urago,유라고,Mac half trench coat,https://image.msscdn.net/images/goods_img/20220215/2360891/2360891_17901400385390_500.jpg,False
2024-09,F,002008,환절기 코트,002,아우터,3,2489374,lemaire,르메르,더블 브레스티드 소프트 트렌치 코트 - 아몬드 밀크 / CO172LF700222,https://image.msscdn.net/images/goods_img/20220414/2489374/2489374_1_500.jpg,False
2024-09,F,002008,환절기 코트,002,아우터,4,4359508,lenina,르니나,BAYLIN cape trench coat_BEIGE,https://image.msscdn.net/images/goods_img/20240822/4359508/4359508_17721808064655_500.jpg,False
2024-09,F,002008,환절기 코트,002,아우터,5,2110658,nicknicole,닉앤니콜,OVERSIZED DOUBLE TRENCH COAT_8COLOR,https://image.msscdn.net/images/goods_img/20210906/2110658/2110658_17289677830789_500.jpg,False
2024-09,F,002008,환절기 코트,002,아우터,6,680961,flareup,플레어업,오버사이즈 트렌치코트 (FL-012),https://image.msscdn.net/images/prd_img/20171130/680961/detail_680961_37_500.jpg,False
2024-09,F,002008,환절기 코트,002,아우터,7,4355179,dunstforwomen,던스트,UNISEX HALF MAC COAT CLASSIC BEIGE_UDTR4C101I2,https://image.msscdn.net/images/goods_img/20240821/4355179/4355179_17252537388021_500.jpg,False
2024-09,F,002008,환절기 코트,002,아우터,8,4355181,dunstforwomen,던스트,UNISEX HALF MAC COAT BLACK_UDTR4C101BK,https://image.msscdn.net/images/goods_img/20240821/4355181/4355181_17252537326660_500.jpg,False
2024-09,F,002008,환절기 코트,002,아우터,9,4388100,somewherebutter,썸웨어버터,Margaret Half Trench Coat - Beige,https://image.msscdn.net/images/goods_img/20240830/4388100/4388100_17260346657386_500.jpg,False
2024-09,F,002008,환절기 코트,002,아우터,10,4268580,overdueflair,오버듀플레어,CLASSIC SUEDE JACKET_BLACK,https://image.msscdn.net/images/goods_img/20240723/4268580/4268580_17242223563637_500.jpg,False
2024-09,F,002008,환절기 코트,002,아우터,11,2774414,insilencewomen,인사일런스 우먼,미니멀 싱글 트렌치 코트 ASH BEIGE,https://image.msscdn.net/images/goods_img/20220906/2774414/2774414_16764244749556_500.jpg,False
2024-09,F,002008,환절기 코트,002,아우터,12,4202563,burberry,버버리,롱 켄싱턴 헤리티지 트렌치 코트 - 블랙 / 8079412,https://image.msscdn.net/images/goods_img/20240618/4202563/4202563_17212901997168_500.jpg,False
2024-09,F,002008,환절기 코트,002,아우터,13,3182686,isabelmarant,이자벨마랑,가브리엘 코트 - 오렌지 / MA0019FAA1D24E11OR,https://image.msscdn.net/images/goods_img/20230327/3182686/3182686_16830816783894_500.jpg,False
2024-09,F,002008,환절기 코트,002,아우터,14,4356021,lowclassic,로우클래식,NYLON TWILL OVERSIZED JACKET_BLACK_LC243JP05BK,https://image.msscdn.net/images/goods_img/20240822/4356021/4356021_17256218467379_500.jpg,False
2024-09,F,002008,환절기 코트,002,아우터,15,3931120,poloralphlauren,폴로 랄프 로렌,W 더블 브레스트 트윌 트렌치 코트 - 미디엄 베이지,https://image.msscdn.net/images/goods_img/20240307/3931120/3931120_17107553598384_500.jpg,False
2024-09,F,002008,환절기 코트,002,아우터,16,2764536,tillidie,틸아이다이,Mac half trench coat_Deep beige,https://image.msscdn.net/images/goods_img/20220902/2764536/2764536_17696566710930_500.jpg,False
2024-09,F,002008,환절기 코트,002,아우터,17,2318658,lowclassic,로우클래식,DOUBLE COLLAR TRENCH COAT,https://image.msscdn.net/images/goods_img/20220121/2318658/2318658_2_500.jpg,False
2024-09,F,002008,환절기 코트,002,아우터,18,4268518,overdueflair,오버듀플레어,COTTON OVERSIZED TRENCH COAT,https://image.msscdn.net/images/goods_img/20240723/4268518/4268518_17242220826846_500.jpg,False
2024-09,F,002008,환절기 코트,002,아우터,19,2774413,insilencewomen,인사일런스 우먼,미니멀 싱글 트렌치 코트 BLACK,https://image.msscdn.net/images/goods_img/20220906/2774413/2774413_16764245194555_500.jpg,False
2024-09,F,002008,환절기 코트,002,아우터,20,4327066,kijun,기준,Faux-Leather Stitched Coat Dark Brown,https://image.msscdn.net/images/goods_img/20240813/4327066/4327066_17235373729083_500.jpg,False
2024-09,F,002008,환절기 코트,002,아우터,21,2110770,nicknicole,닉앤니콜,OVERSIZED DOUBLE TRENCH COAT_BEIGE,https://image.msscdn.net/images/goods_img/20210906/2110770/2110770_2_500.jpg,False
2024-09,F,002008,환절기 코트,002,아우터,22,3397990,moncler,몽클레어,빌레스트 트렌치 코트 - 베이지 / I10931A00140539AY239,https://image.msscdn.net/images/goods_img/20230706/3397990/3397990_16911243046593_500.jpg,False
2024-09,F,002008,환절기 코트,002,아우터,23,3866058,burberry,버버리,켄싱턴 헤리티지 트렌치 코트 - 베이지 / 8045774,https://image.msscdn.net/images/goods_img/20240214/3866058/3866058_17091854112302_500.jpg,False
2024-09,F,002008,환절기 코트,002,아우터,24,3482983,lookast,룩캐스트,애쉬 베이지 니키 하프 트렌치 코트 / ASH BEIGE NICKY HALF TRENCH COAT,https://image.msscdn.net/images/goods_img/20230821/3482983/3482983_16927811315669_500.jpg,False
2024-09,F,002008,환절기 코트,002,아우터,25,4329853,bluebrick,블루브릭,Half trench coat (charcoal brown),https://image.msscdn.net/images/goods_img/20240814/4329853/4329853_17240543107872_500.jpg,False
2024-09,F,002008,환절기 코트,002,아우터,26,4402740,urago,유라고,French single breasted coat,https://image.msscdn.net/images/goods_img/20240904/4402740/4402740_17258705672811_500.jpg,False
2024-09,F,002008,환절기 코트,002,아우터,27,4278577,tommyhilfiger,타미힐피거,리버시블 퀼팅 코트 (T22E6PCT033WT1RBL),https://image.msscdn.net/images/goods_img/20240729/4278577/4278577_17236144330319_500.jpg,False
2024-09,F,002008,환절기 코트,002,아우터,28,2774411,insilencewomen,인사일런스 우먼,오버사이즈 더블 트렌치 코트 KHAKI BROWN,https://image.msscdn.net/images/goods_img/20220906/2774411/2774411_16764247203420_500.jpg,False
2024-09,F,002008,환절기 코트,002,아우터,29,3462335,notyourrose,낫 유어 로즈,제이드 롱 레더 코트 (블랙),https://image.msscdn.net/images/goods_img/20230811/3462335/3462335_16970061746426_500.jpg,False
2024-09,F,002008,환절기 코트,002,아우터,30,3913655,siyazu,시야쥬,SIOT4102 노블 맥코트_Beige,https://image.msscdn.net/images/goods_img/20240229/3913655/3913655_17091793061711_500.jpg,False
2024-09,F,002014,사파리/헌팅 재킷,002,아우터,1,3094153,espionage,에스피오나지,Hunting Blouson Jacket Olive,https://image.msscdn.net/images/goods_img/20230220/3094153/3094153_16771294572861_500.jpg,False
2024-09,F,002014,사파리/헌팅 재킷,002,아우터,2,3094151,espionage,에스피오나지,Hunting Blouson Jacket Black,https://image.msscdn.net/images/goods_img/20230220/3094151/3094151_16771293582073_500.jpg,False
2024-09,F,002014,사파리/헌팅 재킷,002,아우터,3,4274286,drawfitwomen,드로우핏 우먼,코튼 하프 워크 자켓 [BEIGE],https://image.msscdn.net/images/goods_img/20240725/4274286/4274286_17744922936909_500.jpg,False
2024-09,F,002014,사파리/헌팅 재킷,002,아우터,4,3818778,partimento,파르티멘토,VTG 워시드 M-65 피시테일 코트 카키,https://image.msscdn.net/images/goods_img/20240124/3818778/3818778_17062333175475_500.jpg,False
2024-09,F,002014,사파리/헌팅 재킷,002,아우터,5,4344278,someplace,썸플레이스,어깨라인 디테일 오버핏 코튼 프렌치 워크 로브 야상 후드 자켓 점퍼 [베이지],https://image.msscdn.net/images/goods_img/20240819/4344278/4344278_17241643715282_500.jpg,False
2024-09,F,002014,사파리/헌팅 재킷,002,아우터,6,4319046,dunstforwomen,던스트,UNISEX VINTAGE WORK HALF JACKET KHAKI BEIGE_UDJU4C110I3,https://image.msscdn.net/images/goods_img/20240812/4319046/4319046_17235415011838_500.jpg,False
2024-09,F,002014,사파리/헌팅 재킷,002,아우터,7,2139487,placestudio,플레이스 스튜디오,코튼 스티치 점퍼 [베이지],https://image.msscdn.net/images/goods_img/20210917/2139487/2139487_17592155861872_500.jpg,False
2024-09,F,002014,사파리/헌팅 재킷,002,아우터,8,3484627,frizmworks,프리즘웍스,HERITAGE HUNTING JACKET 002 _ NAVY,https://image.msscdn.net/images/goods_img/20230822/3484627/3484627_17562765410117_500.jpg,False
2024-09,F,002014,사파리/헌팅 재킷,002,아우터,9,4382617,codegraphy,코드그라피,코듀로이 카라 코튼 워크자켓_차콜,https://image.msscdn.net/images/goods_img/20240829/4382617/4382617_17253228730560_500.jpg,False
2024-09,F,002014,사파리/헌팅 재킷,002,아우터,10,3797804,partimento,파르티멘토,VTG 워시드 필드 자켓 카키,https://image.msscdn.net/images/goods_img/20240116/3797804/3797804_17062326877184_500.jpg,False
2024-09,F,002014,사파리/헌팅 재킷,002,아우터,11,2349901,outstanding,아웃스탠딩,CORDUROY COLLAR SHORT JACKET_OLIVE GREEN,https://image.msscdn.net/images/goods_img/20220209/2349901/2349901_17687996624748_500.jpg,False
2024-09,F,002014,사파리/헌팅 재킷,002,아우터,12,2139479,placestudio,플레이스 스튜디오,코튼 스티치 점퍼 [블랙],https://image.msscdn.net/images/goods_img/20210917/2139479/2139479_17592157824346_500.jpg,False
2024-09,F,002014,사파리/헌팅 재킷,002,아우터,13,2256215,blackmoment,블랙모먼트,리버시블 피쉬테일 사파리 파카 야상_KHAKI,https://image.msscdn.net/images/goods_img/20211203/2256215/2256215_17171295015117_500.jpg,False
2024-09,F,002014,사파리/헌팅 재킷,002,아우터,14,3799443,yale,예일,헌팅 블루종 자켓_블랙,https://image.msscdn.net/images/goods_img/20240117/3799443/3799443_17095168408551_500.jpg,False
2024-09,F,002014,사파리/헌팅 재킷,002,아우터,15,3818780,partimento,파르티멘토,VTG 워시드 와이드 워크 자켓 베이지,https://image.msscdn.net/images/goods_img/20240124/3818780/3818780_17062332050844_500.jpg,False
2024-09,F,002014,사파리/헌팅 재킷,002,아우터,16,1338804,graver,그레이버,[UNISEX]하트스마일 자수 자켓_블랙,https://image.msscdn.net/images/goods_img/20200306/1338804/1338804_1_500.jpg,False
2024-09,F,002014,사파리/헌팅 재킷,002,아우터,17,4319043,dunstforwomen,던스트,UNISEX VINTAGE WORK HALF JACKET DEEP NAVY_UDJU4C110N3,https://image.msscdn.net/images/goods_img/20240812/4319043/4319043_17234301620335_500.jpg,False
2024-09,F,002014,사파리/헌팅 재킷,002,아우터,18,3818777,partimento,파르티멘토,VTG 워시드 M-65 피시테일 코트 네이비,https://image.msscdn.net/images/goods_img/20240124/3818777/3818777_17062333148932_500.jpg,False
2024-09,F,002014,사파리/헌팅 재킷,002,아우터,19,3797798,partimento,파르티멘토,VTG 워시드 필드 자켓 브라운,https://image.msscdn.net/images/goods_img/20240116/3797798/3797798_17062326908024_500.jpg,False
2024-09,F,002014,사파리/헌팅 재킷,002,아우터,20,3818792,partimento,파르티멘토,VTG 워시드 프렌치 워크 자켓 블루,https://image.msscdn.net/images/goods_img/20240124/3818792/3818792_17062329353152_500.jpg,False
2024-09,F,002014,사파리/헌팅 재킷,002,아우터,21,3484626,frizmworks,프리즘웍스,HERITAGE HUNTING JACKET 002 _ BLACK,https://image.msscdn.net/images/goods_img/20230822/3484626/3484626_17562765622420_500.jpg,False
2024-09,F,002014,사파리/헌팅 재킷,002,아우터,22,3797803,partimento,파르티멘토,VTG 워시드 필드 자켓 블랙,https://image.msscdn.net/images/goods_img/20240116/3797803/3797803_17062327016469_500.jpg,False
2024-09,F,002014,사파리/헌팅 재킷,002,아우터,23,3797799,partimento,파르티멘토,VTG 워시드 필드 자켓 퍼플,https://image.msscdn.net/images/goods_img/20240116/3797799/3797799_17062326964684_500.jpg,False
2024-09,F,002014,사파리/헌팅 재킷,002,아우터,24,4252179,urbandtype,어반디타입,배색 카라 코튼 워크 자켓_블랙,https://image.msscdn.net/images/goods_img/20240716/4252179/4252179_17248245899455_500.jpg,False
2024-09,F,002014,사파리/헌팅 재킷,002,아우터,25,4382619,codegraphy,코드그라피,코듀로이 카라 코튼 워크자켓_베이지,https://image.msscdn.net/images/goods_img/20240829/4382619/4382619_17253401403540_500.jpg,False
2024-09,F,002014,사파리/헌팅 재킷,002,아우터,26,2097947,romanticcrown,로맨틱크라운,트위드 피쉬테일 파카_오트밀,https://image.msscdn.net/images/goods_img/20210830/2097947/2097947_2_500.jpg,False
2024-09,F,002014,사파리/헌팅 재킷,002,아우터,27,3818782,partimento,파르티멘토,VTG 워시드 와이드 워크 자켓 핑크,https://image.msscdn.net/images/goods_img/20240124/3818782/3818782_17062332020622_500.jpg,False
2024-09,F,002014,사파리/헌팅 재킷,002,아우터,28,4393713,frenchchic,프렌치시크,벤리드 오버핏 투웨이 야상점퍼,https://image.msscdn.net/images/goods_img/20240902/4393713/4393713_17358697131383_500.jpg,False
2024-09,F,002014,사파리/헌팅 재킷,002,아우터,29,3390526,standarderror,스탠다드에러,87-STAN011 하이넥 포켓 스웨이드 자켓 카키,https://image.msscdn.net/images/goods_img/20230630/3390526/3390526_17551533309929_500.jpg,False
2024-09,F,002014,사파리/헌팅 재킷,002,아우터,30,3799444,yale,예일,헌팅 블루종 자켓_카키,https://image.msscdn.net/images/goods_img/20240117/3799444/3799444_17095168307871_500.jpg,False
2024-09,F,002021,베스트,002,아우터,1,3125671,matinkim,마뗑킴,SPELL POINT STRIPE KNIT VEST,https://image.msscdn.net/images/goods_img/20230306/3125671/3125671_16782581740082_500.jpg,False
2024-09,F,002021,베스트,002,아우터,2,3148952,poloralphlauren,폴로 랄프 로렌,W 케이블 니트 코튼 V넥 스웨터 베스트 - 화이트,https://image.msscdn.net/images/goods_img/20230315/3148952/3148952_16801438767727_500.jpg,False
2024-09,F,002021,베스트,002,아우터,3,2457470,poloralphlauren,폴로 랄프 로렌,W 케이블 니트 슬리브리스 스웨터 - 네이비,https://image.msscdn.net/images/goods_img/20220330/2457470/2457470_2_500.jpg,False
2024-09,F,002021,베스트,002,아우터,4,3349832,partimento,파르티멘토,시어 후드 베스트 블랙,https://image.msscdn.net/images/goods_img/20230607/3349832/3349832_16862761419940_500.jpg,False
2024-09,F,002021,베스트,002,아우터,5,4260079,ganni,가니,그래픽 소프트 울 믹스 베스트 - 스카이 캡틴 / K2219683,https://image.msscdn.net/images/goods_img/20240719/4260079/4260079_17231649138265_500.jpg,False
2024-09,F,002021,베스트,002,아우터,6,3945947,poloralphlauren,폴로 랄프 로렌,케이블 니트 코튼 스웨터 베스트 - 블루,https://image.msscdn.net/images/goods_img/20240313/3945947/3945947_17114444994054_500.jpg,False
2024-09,F,002021,베스트,002,아우터,7,3948581,mucent,무센트,"테크 나일론 후드 베스트 민소매 아노락 바람막이 조끼 (블랙, 차콜)",https://image.msscdn.net/images/goods_img/20240313/3948581/3948581_17141126477129_500.jpg,False
2024-09,F,002021,베스트,002,아우터,8,4318984,dunstforwomen,던스트,UNISEX CRAFTED V-NECK KNIT VEST NAVY_UDSW4C112N2,https://image.msscdn.net/images/goods_img/20240812/4318984/4318984_17234299399796_500.jpg,False
2024-09,F,002021,베스트,002,아우터,9,3296752,trillion,트릴리온,디비전 나일론 후드 집업 베스트 (BLACK),https://image.msscdn.net/images/goods_img/20230515/3296752/3296752_17171445475065_500.jpg,False
2024-09,F,002021,베스트,002,아우터,10,4042500,filluminate,필루미네이트,유틸리티 나일론 후디 베스트-3Color,https://image.msscdn.net/images/goods_img/20240410/4042500/4042500_17156581396451_500.jpg,False
2024-09,F,002021,베스트,002,아우터,11,2352328,nicknicole,닉앤니콜,CREW NECK VEST_3 COLOR,https://image.msscdn.net/images/goods_img/20220210/2352328/2352328_2_500.jpg,False
2024-09,F,002021,베스트,002,아우터,12,3973895,yale,예일,[100% COTTON] WOMENS CABLE V NECK KNIT VEST NAVY,https://image.msscdn.net/images/goods_img/20240320/3973895/3973895_17180917766896_500.jpg,False
2024-09,F,002021,베스트,002,아우터,13,3742712,ganni,가니,오버 로고 브이넥 울 블랜드 니트 베스트 - 멀티컬러 / K1972861,https://image.msscdn.net/images/goods_img/20231204/3742712/3742712_17052823516946_500.jpg,False
2024-09,F,002021,베스트,002,아우터,14,3125670,matinkim,마뗑킴,SPELL POINT STRIPE KNIT VEST IN IVORY,https://image.msscdn.net/images/goods_img/20230306/3125670/3125670_16782582117207_500.jpg,False
2024-09,F,002021,베스트,002,아우터,15,3078393,musinsastandardwoman,무신사 스탠다드 우먼,우먼즈 라이트웨이트 테일러드 베스트 [블랙],https://image.msscdn.net/images/goods_img/20230213/3078393/3078393_17467822386615_500.jpg,False
2024-09,F,002021,베스트,002,아우터,16,4355863,clove,클로브,[24FW clove] Argyle Button Knit Vest (Black),https://image.msscdn.net/images/goods_img/20240821/4355863/4355863_17247257452958_500.jpg,False
2024-09,F,002021,베스트,002,아우터,17,3094834,signature,시그니처,유틸리티 후드 베스트[블랙],https://image.msscdn.net/images/goods_img/20230220/3094834/3094834_16772291665626_500.jpg,False
2024-09,F,002021,베스트,002,아우터,18,4318986,dunstforwomen,던스트,UNISEX CRAFTED V-NECK KNIT VEST MELANGE GREY_UDSW4C112G2,https://image.msscdn.net/images/goods_img/20240812/4318986/4318986_17234299460916_500.jpg,False
2024-09,F,002021,베스트,002,아우터,19,4027963,physicaleducation,피지컬 에듀케이션 디파트먼트,윈드 후드집업 베스트_블루,https://image.msscdn.net/images/goods_img/20240404/4027963/4027963_17122357094393_500.jpg,False
2024-09,F,002021,베스트,002,아우터,20,4073978,alyss,알리스,데님 스웻 내츄럴 후드 집업 베스트 [빈티지 블랙],https://image.msscdn.net/images/goods_img/20240422/4073978/4073978_17140315693392_500.jpg,False
2024-09,F,002021,베스트,002,아우터,21,4367844,lowclassic,로우클래식,MERINO CASHMERE SLEEVELESS SWEATER_MELANGE GREY_LC243KN03MG,https://image.msscdn.net/images/goods_img/20240823/4367844/4367844_17254982970628_500.jpg,False
2024-09,F,002021,베스트,002,아우터,22,3883052,dimitriblack,디미트리블랙,2WAY 워시드 유틸리티 베스트_블랙,https://image.msscdn.net/images/goods_img/20240220/3883052/3883052_17171373789111_500.png,False
2024-09,F,002021,베스트,002,아우터,23,4119468,sk8errock,스케이터락,Doodle Star Pigment Hood Zip-up (Charcoal),https://image.msscdn.net/images/goods_img/20240509/4119468/4119468_17152465933512_500.jpg,False
2024-09,F,002021,베스트,002,아우터,24,3481341,lee,리,리버서블 플리스 베스트 블랙,https://image.msscdn.net/images/goods_img/20230821/3481341/3481341_16927560382241_500.jpg,False
2024-09,F,002021,베스트,002,아우터,25,2925488,pivvee,피브비,피브비 크롭 퀼티드 베스트,https://image.msscdn.net/images/goods_img/20221107/2925488/2925488_1_500.jpg,False
2024-09,F,002021,베스트,002,아우터,26,2537153,slowrecordhouse,슬로우 레코드 하우스,나일론 후드 베스트_블랙,https://image.msscdn.net/images/goods_img/20220503/2537153/2537153_17113496918448_500.jpg,False
2024-09,F,002021,베스트,002,아우터,27,4282760,arcteryx,아크테릭스,아톰 베스트 남성 - BLACK / AJOFMX7475,https://image.msscdn.net/images/goods_img/20240730/4282760/4282760_17240339410546_500.jpg,False
2024-09,F,002021,베스트,002,아우터,28,3037468,dimitriblack,디미트리블랙,ASI 2WAY 나일론 메탈 후드 베스트_블랙,https://image.msscdn.net/images/goods_img/20230125/3037468/3037468_17171371228077_500.png,False
2024-09,F,002021,베스트,002,아우터,29,1293166,lettercomo,레테르코모,미니멀 브이넥 니트 베스트 블랙,https://image.msscdn.net/images/goods_img/20200205/1293166/1293166_17218818865419_500.jpg,False
2024-09,F,002021,베스트,002,아우터,30,2404062,rainmaker,레인메이커,W V-NECK KNIT VEST(BEIGE) _ R21WCS81BEF,https://image.msscdn.net/images/goods_img/20220308/2404062/2404062_1_500.jpg,False
2024-09,F,002012,숏패딩/헤비 아우터,002,아우터,1,4241901,thenorthface,노스페이스,NJ1DQ80K 화이트라벨 여성 노벨티 눕시 RDS 다운 자켓_REAL BLACK,https://image.msscdn.net/images/goods_img/20240710/4241901/4241901_17205860654350_500.jpg,False
2024-09,F,002012,숏패딩/헤비 아우터,002,아우터,2,4287139,thenorthface,노스페이스,NJ3NQ83A 여성 눕시 온볼 자켓_BLACK,https://image.msscdn.net/images/goods_img/20240731/4287139/4287139_17224169870735_500.jpg,False
2024-09,F,002012,숏패딩/헤비 아우터,002,아우터,3,2704962,yale,예일,웜업 퀼팅자켓_블랙,https://image.msscdn.net/images/goods_img/20220808/2704962/2704962_17592064508547_500.jpg,False
2024-09,F,002012,숏패딩/헤비 아우터,002,아우터,4,4241892,thenorthface,노스페이스,NJ1DQ80L 화이트라벨 여성 노벨티 눕시 RDS 다운 자켓_COCOA BROWN,https://image.msscdn.net/images/goods_img/20240710/4241892/4241892_17205859578016_500.jpg,False
2024-09,F,002012,숏패딩/헤비 아우터,002,아우터,5,2991548,jacquemus,자크뮈스,르 두두느 브리씨올라 퍼프드 재킷 - 블랙 / 223CO0111320990,https://image.msscdn.net/images/goods_img/20221221/2991548/2991548_16741015471560_500.jpg,False
2024-09,F,002012,숏패딩/헤비 아우터,002,아우터,6,2835399,jilsander,질 샌더,오버사이즈 퀼트 다운 패딩 - 네이비 / J40AF0006JTN014402,https://image.msscdn.net/images/goods_img/20221004/2835399/2835399_1_500.jpg,False
2024-09,F,002012,숏패딩/헤비 아우터,002,아우터,7,3562444,5252byoioi,오아이오아이 컬렉션,볼드 로고 경량 다운 자켓_아이보리,https://image.msscdn.net/images/goods_img/20230914/3562444/3562444_16946901698317_500.jpg,False
2024-09,F,002012,숏패딩/헤비 아우터,002,아우터,8,3484720,thenorthface,노스페이스,NJ1DQ80M 화이트라벨 여성 노벨티 눕시 RDS 다운 자켓_CREAM BEIGE,https://image.msscdn.net/images/goods_img/20230822/3484720/3484720_17121246767444_500.jpg,False
2024-09,F,002012,숏패딩/헤비 아우터,002,아우터,9,4366036,moncler,몽클레어,란스 쇼트 패딩 - 블랙 / J20931A1010053048999,https://image.msscdn.net/images/goods_img/20240823/4366036/4366036_17255903280582_500.jpg,False
2024-09,F,002012,숏패딩/헤비 아우터,002,아우터,10,4287136,thenorthface,노스페이스,NJ1DQ80A 여성 1996 레트로 눕시 자켓_BEIGE BROWN,https://image.msscdn.net/images/goods_img/20240731/4287136/4287136_17224169464478_500.jpg,False
2024-09,F,002012,숏패딩/헤비 아우터,002,아우터,11,2683529,yale,예일,웜업 퀼팅자켓_아이보리,https://image.msscdn.net/images/goods_img/20220726/2683529/2683529_17683611386906_500.png,False
2024-09,F,002012,숏패딩/헤비 아우터,002,아우터,12,3562446,5252byoioi,오아이오아이 컬렉션,볼드 로고 경량 다운 자켓_블랙,https://image.msscdn.net/images/goods_img/20230914/3562446/3562446_16946900185261_500.jpg,False
2024-09,F,002012,숏패딩/헤비 아우터,002,아우터,13,2728611,nationalgeographic,내셔널지오그래픽,N234WDW920 여성 헤론 U넥 경량 덕 다운 점퍼 IVORY,https://image.msscdn.net/images/goods_img/20220819/2728611/2728611_17254167763595_500.jpg,False
2024-09,F,002012,숏패딩/헤비 아우터,002,아우터,14,2835510,yale,예일,리버시블 웜업 퀄팅 자켓 블랙/아이보리,https://image.msscdn.net/images/goods_img/20221004/2835510/2835510_17484885537592_500.jpg,False
2024-09,F,002012,숏패딩/헤비 아우터,002,아우터,15,4241903,thenorthface,노스페이스,NJ1DR80J 화이트라벨 여성 노벨티 눕시 RDS 다운 자켓_BLACK,https://image.msscdn.net/images/goods_img/20240710/4241903/4241903_17828662716555_500.jpg,False
2024-09,F,002012,숏패딩/헤비 아우터,002,아우터,16,3490942,thenorthface,노스페이스,NJ1DR81A 여성 1996 눕시 자켓_BLACK,https://image.msscdn.net/images/goods_img/20230823/3490942/3490942_17718290742024_500.jpg,False
2024-09,F,002012,숏패딩/헤비 아우터,002,아우터,17,2689357,nationalgeographic,내셔널지오그래픽,N234UDW920 헤론 U넥 경량 다운 점퍼 CARBON BLACK,https://image.msscdn.net/images/goods_img/20220729/2689357/2689357_16889809897979_500.jpg,False
2024-09,F,002012,숏패딩/헤비 아우터,002,아우터,18,3496278,thenorthface,노스페이스,NJ1DP81B 여성 1996 에코 눕시 자켓_CREAM,https://image.msscdn.net/images/goods_img/20230824/3496278/3496278_16928687467767_500.jpg,False
2024-09,F,002012,숏패딩/헤비 아우터,002,아우터,19,3621628,lee,리,페이크퍼 숏 다운 블랙,https://image.msscdn.net/images/goods_img/20231012/3621628/3621628_16982102549131_500.jpg,False
2024-09,F,002012,숏패딩/헤비 아우터,002,아우터,20,4241894,thenorthface,노스페이스,NJ1DQ80N 화이트라벨 여성 노벨티 눕시 RDS 다운 자켓_ICE GRAY,https://image.msscdn.net/images/goods_img/20240710/4241894/4241894_17205860107394_500.jpg,False
2024-09,F,002012,숏패딩/헤비 아우터,002,아우터,21,4287143,thenorthface,노스페이스,NJ3NQ83C 여성 눕시 온볼 자켓_CREAM,https://image.msscdn.net/images/goods_img/20240731/4287143/4287143_17224170286036_500.jpg,False
2024-09,F,002012,숏패딩/헤비 아우터,002,아우터,22,2689354,nationalgeographic,내셔널지오그래픽,N234UDW920 헤론 U넥 경량 다운 점퍼 IVORY,https://image.msscdn.net/images/goods_img/20220729/2689354/2689354_16993256942714_500.jpg,False
2024-09,F,002012,숏패딩/헤비 아우터,002,아우터,23,3621532,discoveryexpedition,디스커버리 익스페디션,여성 올리브 RDS 숏패딩 (CREAM),https://image.msscdn.net/images/goods_img/20231012/3621532/3621532_16998507459065_500.jpg,False
2024-09,F,002012,숏패딩/헤비 아우터,002,아우터,24,2728612,nationalgeographic,내셔널지오그래픽,N234WDW920 여성 헤론 U넥 경량 덕 다운 점퍼 CARBON BLACK,https://image.msscdn.net/images/goods_img/20220819/2728612/2728612_16993256469673_500.jpg,False
2024-09,F,002012,숏패딩/헤비 아우터,002,아우터,25,4435789,coyseio,코이세이오 038,00 PADDED JACKET DARK BROWN,https://image.msscdn.net/images/goods_img/20240912/4435789/4435789_17261168452506_500.png,False
2024-09,F,002012,숏패딩/헤비 아우터,002,아우터,26,4291544,courreges,꾸레쥬,AC 나일론 푸퍼 패딩 - 블랙 / 323CMA106PL01129999,https://image.msscdn.net/images/goods_img/20240802/4291544/4291544_17242851286235_500.jpg,False
2024-09,F,002012,숏패딩/헤비 아우터,002,아우터,27,3036201,nobis,노비스,모건 파카 - 블랙 / MORGANBLACK,https://image.msscdn.net/images/goods_img/20230120/3036201/3036201_16787512528943_500.jpg,False
2024-09,F,002012,숏패딩/헤비 아우터,002,아우터,28,3562369,5252byoioi,오아이오아이 컬렉션,레이어드 로고 퀼팅 자켓_블랙,https://image.msscdn.net/images/goods_img/20230914/3562369/3562369_16947388573042_500.jpg,False
2024-09,F,002012,숏패딩/헤비 아우터,002,아우터,29,3595869,matinkim,마뗑킴,HIGH NECK CLASSIC CROP PUFFER DOWN JUMPER IN NAVY,https://image.msscdn.net/images/goods_img/20230926/3595869/3595869_16957107553638_500.jpg,False
2024-09,F,002012,숏패딩/헤비 아우터,002,아우터,30,2686486,lee,리,카라리스 미들 다운 자켓,https://image.msscdn.net/images/goods_img/20220728/2686486/2686486_16970898344897_500.jpg,False
2024-09,F,002025,무스탕/퍼,002,아우터,1,3661835,etmon,에트몽,"High-Neck Suede Mustang Coat, Brown",https://image.msscdn.net/images/goods_img/20231026/3661835/3661835_16983045835575_500.jpg,False
2024-09,F,002025,무스탕/퍼,002,아우터,2,1582142,left,레프트서울,에비에이터 B-3 무스탕 자켓 [블랙],https://image.msscdn.net/images/goods_img/20200903/1582142/1582142_17888321003811_500.jpg,False
2024-09,F,002025,무스탕/퍼,002,아우터,3,2985378,left,레프트서울,에비에이터 B-3 무스탕 자켓 [블랙/화이트],https://image.msscdn.net/images/goods_img/20221216/2985378/2985378_17888316910045_500.jpg,False
2024-09,F,002025,무스탕/퍼,002,아우터,4,3435483,musinsastandardwoman,무신사 스탠다드 우먼,우먼즈 리버서블 신세틱 레더 시어링 하프 코트 [블랙],https://image.msscdn.net/images/goods_img/20230731/3435483/3435483_17610122417764_500.jpg,False
2024-09,F,002025,무스탕/퍼,002,아우터,5,3640577,leathery,레더리,오블리크 오버핏 레더 무스탕 자켓 [BLACK],https://image.msscdn.net/images/goods_img/20231019/3640577/3640577_17645621888296_500.jpg,False
2024-09,F,002025,무스탕/퍼,002,아우터,6,3661328,lingseoul,링서울,suede mustang coat-beige,https://image.msscdn.net/images/goods_img/20231026/3661328/3661328_16995757835262_500.jpg,False
2024-09,F,002025,무스탕/퍼,002,아우터,7,2934226,isabelmarant,이자벨마랑,아베닐라 시어링 코트 - 베이지 / MA127722A002E90BE,https://image.msscdn.net/images/goods_img/20221110/2934226/2934226_1_500.jpg,False
2024-09,F,002025,무스탕/퍼,002,아우터,8,3441876,left,레프트서울,에비에이터 B-3 무스탕 자켓 [말보로],https://image.msscdn.net/images/goods_img/20230802/3441876/3441876_17888337150641_500.jpg,False
2024-09,F,002025,무스탕/퍼,002,아우터,9,1197873,koleat,콜릿,WOMEN 오버핏 무스탕 플리스 자켓 Black_Beige,https://image.msscdn.net/images/goods_img/20191022/1197873/1197873_2_500.jpg,False
2024-09,F,002025,무스탕/퍼,002,아우터,10,3743235,notyourrose,낫 유어 로즈,리버시블 세일러 무스탕 (아이보리),https://image.msscdn.net/images/goods_img/20231204/3743235/3743235_17652616586893_500.jpg,False
2024-09,F,002025,무스탕/퍼,002,아우터,11,4435846,coyseio,코이세이오 038,HAIRY FUR JACKET BLACK,https://image.msscdn.net/images/goods_img/20240912/4435846/4435846_17261173780981_500.png,False
2024-09,F,002025,무스탕/퍼,002,아우터,12,3610005,koleat,콜릿,블러드 셔링 양털 플리스 레더 무스탕 자켓 [Black_Beige],https://image.msscdn.net/images/goods_img/20231006/3610005/3610005_16970033169206_500.jpg,False
2024-09,F,002025,무스탕/퍼,002,아우터,13,3610411,koleat,콜릿,[벨트탈부착] 크롭 밍크 스웨이드 무스탕 플리스 자켓 All_Black [라이더 양털 ver.],https://image.msscdn.net/images/goods_img/20231006/3610411/3610411_16969019013386_500.jpg,False
2024-09,F,002025,무스탕/퍼,002,아우터,14,3736445,nache,나체,JACQUARD FAUX FUR JACKET CREAM,https://image.msscdn.net/images/goods_img/20231128/3736445/3736445_17297790298152_500.jpg,False
2024-09,F,002025,무스탕/퍼,002,아우터,15,3743239,notyourrose,낫 유어 로즈,리버시블 세일러 무스탕 (차콜),https://image.msscdn.net/images/goods_img/20231204/3743239/3743239_17652616840512_500.jpg,False
2024-09,F,002025,무스탕/퍼,002,아우터,16,2992130,isabelmarant,이자벨마랑,아베닐라 시어링 코트 - 페이디드 블랙 / MA127722A002E02FK,https://image.msscdn.net/images/goods_img/20221221/2992130/2992130_16747843295560_500.jpg,False
2024-09,F,002025,무스탕/퍼,002,아우터,17,3640578,leathery,레더리,오블리크 오버핏 레더 무스탕 자켓 [BROWN],https://image.msscdn.net/images/goods_img/20231019/3640578/3640578_17639511733049_500.jpg,False
2024-09,F,002025,무스탕/퍼,002,아우터,18,3696539,ladyvolume,레이디 볼륨,60118 VINTAGE COATED MUSTANG_BROWN,https://image.msscdn.net/images/goods_img/20231108/3696539/3696539_17012227788046_500.jpg,False
2024-09,F,002025,무스탕/퍼,002,아우터,19,3696538,ladyvolume,레이디 볼륨,60118 VINTAGE COATED MUSTANG_CREAM,https://image.msscdn.net/images/goods_img/20231108/3696538/3696538_17012227927612_500.jpg,False
2024-09,F,002025,무스탕/퍼,002,아우터,20,2831187,kirsh,키르시,컬렉션 퍼 무스탕 [스카이],https://image.msscdn.net/images/goods_img/20220929/2831187/2831187_1_500.jpg,False
2024-09,F,002025,무스탕/퍼,002,아우터,21,2765587,kirsh,키르시,빅 체리 보아 퍼 점퍼 [스카이],https://image.msscdn.net/images/goods_img/20220902/2765587/2765587_1_500.jpg,False
2024-09,F,002025,무스탕/퍼,002,아우터,22,3676631,thegreenlab,더그린랩,FAUX 퍼 하이넥 무스탕 쟈켓 [블랙/아이보리],https://image.msscdn.net/images/goods_img/20231101/3676631/3676631_17652382927889_500.jpg,False
2024-09,F,002025,무스탕/퍼,002,아우터,23,2871475,ladyvolume,레이디 볼륨,622 비건레더무스탕_크림,https://image.msscdn.net/images/goods_img/20221018/2871475/2871475_17624804415628_500.jpg,False
2024-09,F,002025,무스탕/퍼,002,아우터,24,3552592,drawfitwomen,드로우핏 우먼,시어링 크롭 무스탕 자켓 [BROWN SUEDE],https://image.msscdn.net/images/goods_img/20230912/3552592/3552592_16982970900721_500.jpg,False
2024-09,F,002025,무스탕/퍼,002,아우터,25,3632249,adhoc1,애드호크,여성 소프트 무스탕 재킷 (BROWN) (HZBMU50-55),https://image.msscdn.net/images/goods_img/20231017/3632249/3632249_16975091105356_500.jpg,False
2024-09,F,002025,무스탕/퍼,002,아우터,26,3710644,dared,데어드,[UNISEX]CLOUD LEATHER B-3 MUSTANG,https://image.msscdn.net/images/goods_img/20231114/3710644/3710644_17000424122265_500.jpg,False
2024-09,F,002025,무스탕/퍼,002,아우터,27,3696544,ladyvolume,레이디 볼륨,60126 VINTAGE COATED MUSTANG_BLACK,https://image.msscdn.net/images/goods_img/20231108/3696544/3696544_17018467618191_500.jpg,False
2024-09,F,002025,무스탕/퍼,002,아우터,28,1197955,koleat,콜릿,WOMEN 오버핏 무스탕 플리스 자켓 All_Black,https://image.msscdn.net/images/goods_img/20191022/1197955/1197955_2_500.jpg,False
2024-09,F,002025,무스탕/퍼,002,아우터,29,3576772,lee,리,레더 무스탕 브라운,https://image.msscdn.net/images/goods_img/20230920/3576772/3576772_16951814805176_500.jpg,False
2024-09,F,002025,무스탕/퍼,002,아우터,30,3609747,koleat,콜릿,크롭 떡볶이 퍼 무스탕 플리스 자켓 [Beige] 더플 양털 ver.,https://image.msscdn.net/images/goods_img/20231006/3609747/3609747_16969024529954_500.jpg,False
2024-09,F,002023,플리스/뽀글이,002,아우터,1,3540642,codegraphy,코드그라피,(우먼) 코듀로이 리버시블 플리스 크롭 후드집업_4color,https://image.msscdn.net/images/goods_img/20230907/3540642/3540642_17173910936688_500.jpg,False
2024-09,F,002023,플리스/뽀글이,002,아우터,2,1699799,lee,리,폴라플리스 집업 자켓 블랙,https://image.msscdn.net/images/goods_img/20201124/1699799/1699799_16921893441804_500.jpg,False
2024-09,F,002023,플리스/뽀글이,002,아우터,3,1670498,jeep,지프,M-Logo 레인보우 라벨 하프넥 플리스 집업 (JQ5TZU191IV),https://image.msscdn.net/images/goods_img/20201030/1670498/1670498_17615290574286_500.jpg,False
2024-09,F,002023,플리스/뽀글이,002,아우터,4,2850102,yale,예일,엠브로이더리 댄 카라리스 보아 플리스 자켓_아이보리,https://image.msscdn.net/images/goods_img/20221011/2850102/2850102_17653340845444_500.jpg,False
2024-09,F,002023,플리스/뽀글이,002,아우터,5,1699807,lee,리,폴라플리스 집업 자켓 아이보리,https://image.msscdn.net/images/goods_img/20201124/1699807/1699807_16921893715939_500.jpg,False
2024-09,F,002023,플리스/뽀글이,002,아우터,6,2786366,thisisneverthat,디스이즈네버댓,INTL. Fleece Jacket Leopard Blue,https://image.msscdn.net/images/goods_img/20220913/2786366/2786366_1_500.jpg,False
2024-09,F,002023,플리스/뽀글이,002,아우터,7,1567317,jeep,지프,M-Logo 레인보우 라벨 하프넥 플리스 집업 (JQ5TZU191BK),https://image.msscdn.net/images/goods_img/20200827/1567317/1567317_17871103144956_500.jpg,False
2024-09,F,002023,플리스/뽀글이,002,아우터,8,4339341,coyseio,코이세이오 038,ROUND COLLAR FLEECE JACKET LIGHT GREY,https://image.msscdn.net/images/goods_img/20240817/4339341/4339341_17238792459265_500.png,False
2024-09,F,002023,플리스/뽀글이,002,아우터,9,4252229,urbandtype,어반디타입,패디드 플리스 바시티 자켓_네이비,https://image.msscdn.net/images/goods_img/20240716/4252229/4252229_17556561498035_500.jpg,False
2024-09,F,002023,플리스/뽀글이,002,아우터,10,3469953,covernat,커버낫,플리스 집업 자켓 블랙,https://image.msscdn.net/images/goods_img/20230817/3469953/3469953_16923520760377_500.png,False
2024-09,F,002023,플리스/뽀글이,002,아우터,11,3487615,covernat,커버낫,리버시블 컴피보아 카라리스 자켓 아이보리,https://image.msscdn.net/images/goods_img/20230822/3487615/3487615_16928622402818_500.png,False
2024-09,F,002023,플리스/뽀글이,002,아우터,12,3192051,isabelmarant,이자벨마랑,말티 집업 재킷 - 네이비:블루 / MA0010FAA1C19E30IN,https://image.msscdn.net/images/goods_img/20230330/3192051/3192051_17012402386459_500.jpg,False
2024-09,F,002023,플리스/뽀글이,002,아우터,13,4252219,urbandtype,어반디타입,패디드 플리스 바시티 자켓_브라운,https://image.msscdn.net/images/goods_img/20240716/4252219/4252219_17556562701807_500.jpg,False
2024-09,F,002023,플리스/뽀글이,002,아우터,14,4339340,coyseio,코이세이오 038,ROUND COLLAR FLEECE JACKET BLACK,https://image.msscdn.net/images/goods_img/20240817/4339340/4339340_17238792389868_500.png,False
2024-09,F,002023,플리스/뽀글이,002,아우터,15,3580386,kirsh,키르시,토글 포인트 크롭 퍼 자켓 [그레이],https://image.msscdn.net/images/goods_img/20230920/3580386/3580386_16952165346310_500.jpg,False
2024-09,F,002023,플리스/뽀글이,002,아우터,16,1699805,lee,리,폴라플리스 집업 자켓 네이비,https://image.msscdn.net/images/goods_img/20201124/1699805/1699805_16921893576930_500.jpg,False
2024-09,F,002023,플리스/뽀글이,002,아우터,17,2835405,yale,예일,HEAVY BOA FLEECE POCKET ZIP UP BLACK,https://image.msscdn.net/images/goods_img/20221004/2835405/2835405_1_500.jpg,False
2024-09,F,002023,플리스/뽀글이,002,아우터,18,2765588,kirsh,키르시,빅 체리 보아 퍼 점퍼 [아이보리],https://image.msscdn.net/images/goods_img/20220902/2765588/2765588_1_500.jpg,False
2024-09,F,002023,플리스/뽀글이,002,아우터,19,3664994,chasecult,체이스컬트,여성 보아 더플 반코트-CFRG4377D05,https://image.msscdn.net/images/goods_img/20231027/3664994/3664994_16983870051966_500.jpg,False
2024-09,F,002023,플리스/뽀글이,002,아우터,20,4346766,nakedsurfclub,네이키드서프클럽,페트 리사이클 드라이코트(6colors),https://image.msscdn.net/images/goods_img/20240820/4346766/4346766_17386368222871_500.jpg,False
2024-09,F,002023,플리스/뽀글이,002,아우터,21,3660939,thenorthface,노스페이스,NJ4FP57C 플레이 그린 리버시블 플리스 후디,https://image.msscdn.net/images/goods_img/20231026/3660939/3660939_16982936694175_500.jpg,False
2024-09,F,002023,플리스/뽀글이,002,아우터,22,4287178,thenorthface,노스페이스,NJ4FQ85B 여성 캠퍼 플리스 가디건_BLACK,https://image.msscdn.net/images/goods_img/20240731/4287178/4287178_17224176590356_500.jpg,False
2024-09,F,002023,플리스/뽀글이,002,아우터,23,4302690,sorano,소라노,SORANO Basic Logo FLEECE JACKET [2Color],https://image.msscdn.net/images/goods_img/20240807/4302690/4302690_17229692410197_500.jpg,False
2024-09,F,002023,플리스/뽀글이,002,아우터,24,4287174,thenorthface,노스페이스,NJ4FQ80L 화이트라벨 여성 뉴 퍼피 플리스 자켓_IVORY,https://image.msscdn.net/images/goods_img/20240731/4287174/4287174_17224175755082_500.jpg,False
2024-09,F,002023,플리스/뽀글이,002,아우터,25,4286964,thenorthface,노스페이스,NJ4FQ50J 화이트라벨 컴피 알파 플리스 집업_BLACK,https://image.msscdn.net/images/goods_img/20240731/4286964/4286964_17224152904342_500.jpg,False
2024-09,F,002023,플리스/뽀글이,002,아우터,26,4372353,yale,예일,엠브로이더리 댄 카라리스 퀼팅 플리스 자켓_아이보리,https://image.msscdn.net/images/goods_img/20240826/4372353/4372353_17683610513675_500.png,False
2024-09,F,002023,플리스/뽀글이,002,아우터,27,4295929,citybreeze,시티브리즈,디테쳐블 플리스 점퍼_IVORY,https://image.msscdn.net/images/goods_img/20240805/4295929/4295929_17654180492345_500.jpg,False
2024-09,F,002023,플리스/뽀글이,002,아우터,28,2755493,yale,예일,엠브로이더리 댄 플리스 트랙자켓_블랙,https://image.msscdn.net/images/goods_img/20220830/2755493/2755493_17316472306441_500.jpg,False
2024-09,F,002023,플리스/뽀글이,002,아우터,29,3487611,covernat,커버낫,리버시블 컴피보아 카라리스 자켓 화이트,https://image.msscdn.net/images/goods_img/20230822/3487611/3487611_16928622503374_500.png,False
2024-09,F,002023,플리스/뽀글이,002,아우터,30,3575216,clutstudio,클럿 스튜디오,0 2  펑크 베어 플리스 자켓 - 블랙,https://image.msscdn.net/images/goods_img/20230919/3575216/3575216_16951222704171_500.jpg,False
2024-09,F,002007,겨울 싱글 코트,002,아우터,1,4290697,typeservice,타입서비스,Hooded Half Coat [Gray],https://image.msscdn.net/images/goods_img/20240801/4290697/4290697_17883979451202_500.jpg,False
2024-09,F,002007,겨울 싱글 코트,002,아우터,2,2700048,musinsastandardwoman,무신사 스탠다드 우먼,우먼즈 캐시미어 블렌드 발마칸 로브 코트 [블랙],https://image.msscdn.net/images/goods_img/20220805/2700048/2700048_17661148134527_500.jpg,False
2024-09,F,002007,겨울 싱글 코트,002,아우터,3,3552585,drawfitwomen,드로우핏 우먼,소프트 캐시미어 싱글 발마칸 코트 [BLACK],https://image.msscdn.net/images/goods_img/20230912/3552585/3552585_17718219960441_500.jpg,False
2024-09,F,002007,겨울 싱글 코트,002,아우터,4,4290690,typeservice,타입서비스,Hooded Half Coat [Navy],https://image.msscdn.net/images/goods_img/20240801/4290690/4290690_17237762792765_500.jpg,False
2024-09,F,002007,겨울 싱글 코트,002,아우터,5,1628418,musinsastandardwoman,무신사 스탠다드 우먼,우먼즈 캐시미어 블렌드 체스터 롱 코트 [블랙],https://image.msscdn.net/images/goods_img/20200928/1628418/1628418_17358857062794_500.jpg,False
2024-09,F,002007,겨울 싱글 코트,002,아우터,6,3552584,drawfitwomen,드로우핏 우먼,소프트 캐시미어 싱글 발마칸 코트 [M.GREY],https://image.msscdn.net/images/goods_img/20230912/3552584/3552584_16945756598426_500.jpg,False
2024-09,F,002007,겨울 싱글 코트,002,아우터,7,4290695,typeservice,타입서비스,Hooded Half Coat [Sky Blue],https://image.msscdn.net/images/goods_img/20240801/4290695/4290695_17883979103131_500.jpg,False
2024-09,F,002007,겨울 싱글 코트,002,아우터,8,2978668,toteme,토템,벨티드 코트 - 카멜 / 2241005720835,https://image.msscdn.net/images/goods_img/20221212/2978668/2978668_16735774119957_500.jpg,False
2024-09,F,002007,겨울 싱글 코트,002,아우터,9,3612113,avan,어반드레스,Amelia Classic Single Coat BLACK,https://image.msscdn.net/images/goods_img/20231008/3612113/3612113_16976040620564_500.jpg,False
2024-09,F,002007,겨울 싱글 코트,002,아우터,10,2739310,lookast,룩캐스트,소이 울 싱글 코트 / SOY WOOL SINGLE COAT_5colors,https://image.msscdn.net/images/goods_img/20220824/2739310/2739310_17660399251518_500.jpg,False
2024-09,F,002007,겨울 싱글 코트,002,아우터,11,2978667,toteme,토템,벨티드 코트 - 블랙 / 2241005720200,https://image.msscdn.net/images/goods_img/20221212/2978667/2978667_16735774505842_500.jpg,False
2024-09,F,002007,겨울 싱글 코트,002,아우터,12,2159721,lingseoul,링서울,handmade wool trench coat-camel,https://image.msscdn.net/images/goods_img/20211001/2159721/2159721_17871055344035_500.jpg,False
2024-09,F,002007,겨울 싱글 코트,002,아우터,13,2978625,acnestudio,아크네 스튜디오,싱글 버튼 코트 - 베이지 / A90470AE5,https://image.msscdn.net/images/goods_img/20221212/2978625/2978625_16735849215879_500.jpg,False
2024-09,F,002007,겨울 싱글 코트,002,아우터,14,2700050,musinsastandardwoman,무신사 스탠다드 우먼,우먼즈 캐시미어 블렌드 발마칸 로브 코트 [다크 브라운],https://image.msscdn.net/images/goods_img/20220805/2700050/2700050_17358858075058_500.jpg,False
2024-09,F,002007,겨울 싱글 코트,002,아우터,15,2700056,musinsastandardwoman,무신사 스탠다드 우먼,우먼즈 캐시미어 블렌드 쇼트 맥 코트 [블랙],https://image.msscdn.net/images/goods_img/20220805/2700056/2700056_17358854245695_500.jpg,False
2024-09,F,002007,겨울 싱글 코트,002,아우터,16,2700057,musinsastandardwoman,무신사 스탠다드 우먼,우먼즈 캐시미어 블렌드 쇼트 맥 코트 [미디엄 그레이],https://image.msscdn.net/images/goods_img/20220805/2700057/2700057_17624994125071_500.jpg,False
2024-09,F,002007,겨울 싱글 코트,002,아우터,17,2633479,mm6maisonmartinmargiela,엠엠식스,싱글 브레스티드 코트 - 블랙 / S52AA0139S54882900,https://image.msscdn.net/images/goods_img/20220627/2633479/2633479_1_500.jpg,False
2024-09,F,002007,겨울 싱글 코트,002,아우터,18,3678335,oel,오오엠엘,울 발마칸 오버핏 코트 (블랙),https://image.msscdn.net/images/goods_img/20231102/3678335/3678335_16995105232805_500.jpg,False
2024-09,F,002007,겨울 싱글 코트,002,아우터,19,3612115,avan,어반드레스,Amelia Classic Single Coat LIGHT BEIGE,https://image.msscdn.net/images/goods_img/20231008/3612115/3612115_17194691538889_500.jpg,False
2024-09,F,002007,겨울 싱글 코트,002,아우터,20,2845695,kirsh,키르시,체리 세일러 크롭 코트 [레드 브라운],https://image.msscdn.net/images/goods_img/20221006/2845695/2845695_1_500.jpg,False
2024-09,F,002007,겨울 싱글 코트,002,아우터,21,3810060,lingseoul,링서울,handmade wool trench coat-black,https://image.msscdn.net/images/goods_img/20240119/3810060/3810060_17337247076702_500.jpg,False
2024-09,F,002007,겨울 싱글 코트,002,아우터,22,4354050,studiotomboy,스튜디오 톰보이,싱글 테일러드 롱코트 9103411915,https://image.msscdn.net/images/goods_img/20240821/4354050/4354050_17242254250086_500.jpg,False
2024-09,F,002007,겨울 싱글 코트,002,아우터,23,4354218,studiotomboy,스튜디오 톰보이,히든 A라인 핸드메이드 코트 9173411982,https://image.msscdn.net/images/goods_img/20240821/4354218/4354218_17242264171122_500.jpg,False
2024-09,F,002007,겨울 싱글 코트,002,아우터,24,2211829,laminez,라미네즈,레글런 울 발마칸 코트 - 블랙,https://image.msscdn.net/images/goods_img/20211102/2211829/2211829_17636199435412_500.jpg,False
2024-09,F,002007,겨울 싱글 코트,002,아우터,25,4143123,covernatwoman,커버낫 우먼,우먼 헤링본 울 싱글 코트 Black,https://image.msscdn.net/images/goods_img/20240520/4143123/4143123_17161963841080_500.jpg,False
2024-09,F,002007,겨울 싱글 코트,002,아우터,26,3753204,rosefrantz,로제프란츠,Wool Rich Half Coat [Black],https://image.msscdn.net/images/goods_img/20231212/3753204/3753204_17023593511373_500.jpg,False
2024-09,F,002007,겨울 싱글 코트,002,아우터,27,2811499,noirerforwoman,노이어 포 우먼,핸드메이드 캐시미어 레이어드 트렌치 코트 (블랙),https://image.msscdn.net/images/goods_img/20220922/2811499/2811499_2_500.jpg,False
2024-09,F,002007,겨울 싱글 코트,002,아우터,28,1676905,letterfrommoon,레터프롬문,파리지앵 울 트렌치 코트 ( 아이보리 ),https://image.msscdn.net/images/goods_img/20201103/1676905/1676905_17321537326961_500.jpg,False
2024-09,F,002007,겨울 싱글 코트,002,아우터,29,2052036,lowclassic,로우클래식,SINGLE MAC COAT - DARK BROWN,https://image.msscdn.net/images/goods_img/20210806/2052036/2052036_1_500.jpg,False
2024-09,F,002007,겨울 싱글 코트,002,아우터,30,3703265,oel,오오엠엘,울 발마칸 오버핏 코트 (차콜),https://image.msscdn.net/images/goods_img/20231110/3703265/3703265_16995939284479_500.jpg,False
2024-09,F,002024,겨울 더블 코트,002,아우터,1,4295595,maxmara,막스마라,마담 코트 - 블랙 / 21018011600003,https://image.msscdn.net/images/goods_img/20240805/4295595/4295595_17248048616309_500.jpg,False
2024-09,F,002024,겨울 더블 코트,002,아우터,2,4295594,maxmara,막스마라,마담 코트 - 카멜 / 21018011600001,https://image.msscdn.net/images/goods_img/20240805/4295594/4295594_17247228905595_500.jpg,False
2024-09,F,002024,겨울 더블 코트,002,아우터,3,1611799,musinsastandardwoman,무신사 스탠다드 우먼,우먼즈 캐시미어 블렌드 더블 체스터 롱 코트 [블랙],https://image.msscdn.net/images/goods_img/20200918/1611799/1611799_16998418525655_500.jpg,False
2024-09,F,002024,겨울 더블 코트,002,아우터,4,2875334,grove,그로브,메이코트(3 colors),https://image.msscdn.net/images/goods_img/20221019/2875334/2875334_1_500.jpg,False
2024-09,F,002024,겨울 더블 코트,002,아우터,5,4305371,typeservice,타입서비스,Double Breasted Half Coat [Gray],https://image.msscdn.net/images/goods_img/20240807/4305371/4305371_17249173933692_500.jpg,False
2024-09,F,002024,겨울 더블 코트,002,아우터,6,2821697,urbandtype,어반디타입,히티드울 멜턴 더플코트(Wool 60)_네이비,https://image.msscdn.net/images/goods_img/20220927/2821697/2821697_17268010763691_500.jpg,False
2024-09,F,002024,겨울 더블 코트,002,아우터,7,3564169,lee,리,울 더플 코트 네이비,https://image.msscdn.net/images/goods_img/20230915/3564169/3564169_16993256616037_500.jpg,False
2024-09,F,002024,겨울 더블 코트,002,아우터,8,2217531,avan,어반드레스,125CM 슈퍼 롱 오버핏 더블 코트,https://image.msscdn.net/images/goods_img/20211104/2217531/2217531_16722043899054_500.jpg,False
2024-09,F,002024,겨울 더블 코트,002,아우터,9,3405564,musinsastandardwoman,무신사 스탠다드 우먼,우먼즈 울 블렌드 오버 숄더 더블 코트 [블랙],https://image.msscdn.net/images/goods_img/20230712/3405564/3405564_17252366745960_500.jpg,False
2024-09,F,002024,겨울 더블 코트,002,아우터,10,4354328,studiotomboy,스튜디오 톰보이,더블 벨티드 코트 9173411984,https://image.msscdn.net/images/goods_img/20240821/4354328/4354328_17242272777007_500.jpg,False
2024-09,F,002024,겨울 더블 코트,002,아우터,11,4305009,typeservice,타입서비스,Layered Half Coat [Charcoal],https://image.msscdn.net/images/goods_img/20240807/4305009/4305009_17249164837221_500.jpg,False
2024-09,F,002024,겨울 더블 코트,002,아우터,12,3739475,maxmaras,에스 막스 마라,런던 코트 - 카멜 / 90160639600045,https://image.msscdn.net/images/goods_img/20231130/3739475/3739475_17052858172463_500.jpg,False
2024-09,F,002024,겨울 더블 코트,002,아우터,13,2862908,trillion,트릴리온,유니섹스 발마칸 더플 숏 코트 (BEIGE),https://image.msscdn.net/images/goods_img/20221014/2862908/2862908_1_500.jpg,False
2024-09,F,002024,겨울 더블 코트,002,아우터,14,3405565,musinsastandardwoman,무신사 스탠다드 우먼,우먼즈 울 블렌드 오버 숄더 더블 코트  [토프],https://image.msscdn.net/images/goods_img/20230712/3405565/3405565_17358859030169_500.jpg,False
2024-09,F,002024,겨울 더블 코트,002,아우터,15,4305366,typeservice,타입서비스,Double Breasted Half Coat [Navy],https://image.msscdn.net/images/goods_img/20240807/4305366/4305366_17249173405452_500.jpg,False
2024-09,F,002024,겨울 더블 코트,002,아우터,16,2518475,musinsastandardwoman,무신사 스탠다드 우먼,우먼즈 캐시미어 블렌드 더블 체스터 롱 코트 [차콜 그레이],https://image.msscdn.net/images/goods_img/20220427/2518475/2518475_16998417058060_500.jpg,False
2024-09,F,002024,겨울 더블 코트,002,아우터,17,3480183,maloupe,마롭,6507 핸드메이드 트렌치 코트 (블랙),https://image.msscdn.net/images/goods_img/20230821/3480183/3480183_16925962173272_500.jpg,False
2024-09,F,002024,겨울 더블 코트,002,아우터,18,2124218,musinsastandardwoman,무신사 스탠다드 우먼,우먼즈 캐시미어 블렌드 핸드메이드 더블 코트 [블랙],https://image.msscdn.net/images/goods_img/20210910/2124218/2124218_17821830930854_500.jpg,False
2024-09,F,002024,겨울 더블 코트,002,아우터,19,2124217,musinsastandardwoman,무신사 스탠다드 우먼,우먼즈 캐시미어 블렌드 핸드메이드 더블 코트 [베이지],https://image.msscdn.net/images/goods_img/20210910/2124217/2124217_17821828665467_500.jpg,False
2024-09,F,002024,겨울 더블 코트,002,아우터,20,4295604,maxmara,막스마라,BCOLLAG 코트 - 블루 / 26016101600010,https://image.msscdn.net/images/goods_img/20240805/4295604/4295604_17248053115786_500.jpg,False
2024-09,F,002024,겨울 더블 코트,002,아우터,21,3405568,musinsastandardwoman,무신사 스탠다드 우먼,우먼즈 캐시미어 블렌드 트렌치 코트 [블랙],https://image.msscdn.net/images/goods_img/20230712/3405568/3405568_17358860312105_500.jpg,False
2024-09,F,002024,겨울 더블 코트,002,아우터,22,4295603,maxmara,막스마라,BCOLLAG 코트 - 블랙 / 26016101600013,https://image.msscdn.net/images/goods_img/20240805/4295603/4295603_17248053642276_500.jpg,False
2024-09,F,002024,겨울 더블 코트,002,아우터,23,4211917,musinsastandardwoman,무신사 스탠다드 우먼,우먼즈 캐시미어 블렌드 더블 체스터 롱 코트 [헤더 올리브],https://image.msscdn.net/images/goods_img/20240621/4211917/4211917_17241313716355_500.jpg,False
2024-09,F,002024,겨울 더블 코트,002,아우터,24,4268495,overdueflair,오버듀플레어,ALPACA BELTED DOUBLE COAT_NAVY,https://image.msscdn.net/images/goods_img/20240723/4268495/4268495_17242219784005_500.jpg,False
2024-09,F,002024,겨울 더블 코트,002,아우터,25,4268491,overdueflair,오버듀플레어,ALPACA BELTED DOUBLE COAT_BROWN,https://image.msscdn.net/images/goods_img/20240723/4268491/4268491_17242219499310_500.jpg,False
2024-09,F,002024,겨울 더블 코트,002,아우터,26,3035987,nanushka,나누쉬카,밀마 코트 - 그레이:차콜 / NW22FWOW01495,https://image.msscdn.net/images/goods_img/20230120/3035987/3035987_16768505208020_500.jpg,False
2024-09,F,002024,겨울 더블 코트,002,아우터,27,1611800,musinsastandardwoman,무신사 스탠다드 우먼,우먼즈 캐시미어 블렌드 더블 체스터 롱 코트 [네이비],https://image.msscdn.net/images/goods_img/20200918/1611800/1611800_17104043866826_500.jpg,False
2024-09,F,002024,겨울 더블 코트,002,아우터,28,3935090,luckychouette,럭키슈에뜨,Hem Pleated Double Tweed Coat_LFCAS24100BKX,https://image.msscdn.net/images/goods_img/20240308/3935090/3935090_17098843594609_500.jpg,False
2024-09,F,002024,겨울 더블 코트,002,아우터,29,3520048,untoldlabel,언톨드레이블,클래식 더플코트_그레이  [U3W0H80516],https://image.msscdn.net/images/goods_img/20230831/3520048/3520048_16934762677548_500.jpg,False
2024-09,F,002024,겨울 더블 코트,002,아우터,30,3164732,isabelmarant,이자벨마랑,에페고지 더블 브레스티드 코트 - 체스트넛 / MA100722A008I50CT,https://image.msscdn.net/images/goods_img/20230321/3164732/3164732_16808564788063_500.jpg,False
2024-09,F,002009,겨울 기타 코트,002,아우터,1,3195251,maxmara,막스마라,라브로 캐시미어 코트 - 카멜 / 10110121600020,https://image.msscdn.net/images/goods_img/20230330/3195251/3195251_16895723825233_500.jpg,False
2024-09,F,002009,겨울 기타 코트,002,아우터,2,2926376,maxmara,막스마라,마누엘라 롱 코트 - 블랙 / 10160323600002,https://image.msscdn.net/images/goods_img/20221108/2926376/2926376_16721863778946_500.jpg,False
2024-09,F,002009,겨울 기타 코트,002,아우터,3,2863075,trillion,트릴리온,유니섹스 발마칸 더플 숏 코트 (BLACK),https://image.msscdn.net/images/goods_img/20221014/2863075/2863075_1_500.jpg,False
2024-09,F,002009,겨울 기타 코트,002,아우터,4,2866837,goodlifeworks,굿라이프웍스,오버핏 더플 코트 네이비,https://image.msscdn.net/images/goods_img/20221017/2866837/2866837_2_500.jpg,False
2024-09,F,002009,겨울 기타 코트,002,아우터,5,2846044,lowclassic,로우클래식,WIDE COLLAR COAT - NAVY,https://image.msscdn.net/images/goods_img/20221007/2846044/2846044_1_500.jpg,False
2024-09,F,002009,겨울 기타 코트,002,아우터,6,4397769,maxmara,막스마라,테드걸 코트 - 사비아 / 21016042600002,https://image.msscdn.net/images/goods_img/20240903/4397769/4397769_17261871730893_500.jpg,False
2024-09,F,002009,겨울 기타 코트,002,아우터,7,4397767,maxmara,막스마라,마뉴엘라 코트 - 카멜 / 21016012600001,https://image.msscdn.net/images/goods_img/20240903/4397767/4397767_17261028067999_500.jpg,False
2024-09,F,002009,겨울 기타 코트,002,아우터,8,3554737,lee,리,우먼 플리스 숏 더플 점퍼 아이보리,https://image.msscdn.net/images/goods_img/20230913/3554737/3554737_16983020483366_500.jpg,False
2024-09,F,002009,겨울 기타 코트,002,아우터,9,4247836,maxmara,막스마라,루드밀라 코트 - 쿠치오 / 21016051600003,https://image.msscdn.net/images/goods_img/20240712/4247836/4247836_17229081187009_500.jpg,False
2024-09,F,002009,겨울 기타 코트,002,아우터,10,2238440,partimento,파르티멘토,오버사이즈 멜톤 더플 롱 코트 네이비,https://image.msscdn.net/images/goods_img/20211117/2238440/2238440_1_500.jpg,False
2024-09,F,002009,겨울 기타 코트,002,아우터,11,4295600,maxmara,막스마라,TIGRE 코트 - 블랙 / 26016091600013,https://image.msscdn.net/images/goods_img/20240805/4295600/4295600_17248051853462_500.jpg,False
2024-09,F,002009,겨울 기타 코트,002,아우터,12,4351348,misekiseoul,미세키서울,Hoodie long duffle Coat CHARCOAL,https://image.msscdn.net/images/goods_img/20240821/4351348/4351348_17621492767638_500.jpg,False
2024-09,F,002009,겨울 기타 코트,002,아우터,13,3208275,bottegaveneta,보테가베네타,커브드 펠트 더블 코트 - 네이비 / 711299V00X04140,https://image.msscdn.net/images/goods_img/20230405/3208275/3208275_16878471849738_500.jpg,False
2024-09,F,002009,겨울 기타 코트,002,아우터,14,4295599,maxmara,막스마라,TIGRE 코트 - 카멜 / 26016091600006,https://image.msscdn.net/images/goods_img/20240805/4295599/4295599_17248207039747_500.jpg,False
2024-09,F,002009,겨울 기타 코트,002,아우터,15,3741334,londontradition,런던트레디션,Melina Ladies Duffle Coat - Navy BW A06,https://image.msscdn.net/images/goods_img/20231201/3741334/3741334_17014114752007_500.jpg,False
2024-09,F,002009,겨울 기타 코트,002,아우터,16,3552511,drawfitwomen,드로우핏 우먼,소프트 캐시미어 레글런 숏 코트 [CREAM],https://image.msscdn.net/images/goods_img/20230912/3552511/3552511_17276837931964_500.jpg,False
2024-09,F,002009,겨울 기타 코트,002,아우터,17,3778797,maxmara,막스마라,마누엘라 캐시미어 벨티드 코트 - 베이지 / 10160639600032,https://image.msscdn.net/images/goods_img/20240105/3778797/3778797_17058995861273_500.jpg,False
2024-09,F,002009,겨울 기타 코트,002,아우터,18,2172957,mainbooth,메인부스,[울90%]Oversized Duffle Coat(IVORY),https://image.msscdn.net/images/goods_img/20211012/2172957/2172957_17191966075289_500.jpg,False
2024-09,F,002009,겨울 기타 코트,002,아우터,19,4408462,lemaire,르메르,어시메트릭 배스로브 코트 - 블랙 / CO1064LF504BK999,https://image.msscdn.net/images/goods_img/20240905/4408462/4408462_17268226958425_500.jpg,False
2024-09,F,002009,겨울 기타 코트,002,아우터,20,2845692,kirsh,키르시,체리 하프 울 더플 코트 [아이보리],https://image.msscdn.net/images/goods_img/20221006/2845692/2845692_1_500.jpg,False
2024-09,F,002009,겨울 기타 코트,002,아우터,21,2845698,kirsh,키르시,체리 플리스 더플 코트 [크림],https://image.msscdn.net/images/goods_img/20221006/2845698/2845698_1_500.jpg,False
2024-09,F,002009,겨울 기타 코트,002,아우터,22,2845699,kirsh,키르시,체리 플리스 더플 코트 [멜란지 그레이],https://image.msscdn.net/images/goods_img/20221006/2845699/2845699_1_500.jpg,False
2024-09,F,002009,겨울 기타 코트,002,아우터,23,3661611,lingseoul,링서울,duffle half coat-gray,https://image.msscdn.net/images/goods_img/20231026/3661611/3661611_16995762017378_500.jpg,False
2024-09,F,002009,겨울 기타 코트,002,아우터,24,4142483,covernatwoman,커버낫 우먼,우먼 라운드 카라 하프 코트 Brown,https://image.msscdn.net/images/goods_img/20240520/4142483/4142483_17171219139387_500.jpg,False
2024-09,F,002009,겨울 기타 코트,002,아우터,25,4143141,covernatwoman,커버낫 우먼,우먼 숏 더플 코트 Navy,https://image.msscdn.net/images/goods_img/20240520/4143141/4143141_17171205863730_500.jpg,False
2024-09,F,002009,겨울 기타 코트,002,아우터,26,3650722,burmula,버뮬라,MOHAIR HALF COAT (BLACK),https://image.msscdn.net/images/goods_img/20231023/3650722/3650722_16983028162005_500.jpg,False
2024-09,F,002009,겨울 기타 코트,002,아우터,27,2896031,chasecult,체이스컬트,여성 보아 더플 반코트-BFRG4354D0A,https://image.msscdn.net/images/goods_img/20221026/2896031/2896031_1_500.jpg,False
2024-09,F,002009,겨울 기타 코트,002,아우터,28,2172953,mainbooth,메인부스,[울90%]Oversized Duffle Coat(ASH BLUE),https://image.msscdn.net/images/goods_img/20211012/2172953/2172953_17191966288270_500.jpg,False
2024-09,F,002009,겨울 기타 코트,002,아우터,29,2813360,kirsh,키르시,유니 더플 코트 [네이비],https://image.msscdn.net/images/goods_img/20220922/2813360/2813360_1_500.jpg,False
2024-09,F,002009,겨울 기타 코트,002,아우터,30,3552516,drawfitwomen,드로우핏 우먼,알파카 부클 더플 후드 코트 [D.NAVY],https://image.msscdn.net/images/goods_img/20230912/3552516/3552516_17276830466603_500.jpg,False
2024-09,F,002013,롱패딩/헤비 아우터,002,아우터,1,3479997,discoveryexpedition,디스커버리 익스페디션,여성 레스터G RDS 구스다운 롱패딩 (BLACK),https://image.msscdn.net/images/goods_img/20230821/3479997/3479997_16977835225792_500.jpg,False
2024-09,F,002013,롱패딩/헤비 아우터,002,아우터,2,3036200,nobis,노비스,쉬라 파카 - 네이비 / SHERANAVY,https://image.msscdn.net/images/goods_img/20230120/3036200/3036200_16793824711059_500.jpg,False
2024-09,F,002013,롱패딩/헤비 아우터,002,아우터,3,2680364,codegraphy,코드그라피,[23년 패딩 Ver.] 피쉬테일 레이어드 후드 롱파카_카키,https://image.msscdn.net/images/goods_img/20220725/2680364/2680364_17893549555200_500.jpg,False
2024-09,F,002013,롱패딩/헤비 아우터,002,아우터,4,3574911,nationalgeographic,내셔널지오그래픽,N234WDW860 여성 카이만 프로 롱기장 구스 다운 점퍼 SMALL LOGO BLACK,https://image.msscdn.net/images/goods_img/20230919/3574911/3574911_16998516079118_500.jpg,False
2024-09,F,002013,롱패딩/헤비 아우터,002,아우터,5,3115569,nobis,노비스,쉬라 파카 - 블랙 / SHERABLACK,https://image.msscdn.net/images/goods_img/20230302/3115569/3115569_16810860922361_500.jpg,False
2024-09,F,002013,롱패딩/헤비 아우터,002,아우터,6,4327173,thenorthface,노스페이스,NC1DQ50J 화이트라벨 액션 프리 RDS 다운 코트_BLACK,https://image.msscdn.net/images/goods_img/20240813/4327173/4327173_17235381048878_500.jpg,False
2024-09,F,002013,롱패딩/헤비 아우터,002,아우터,7,2148659,umbro,엄브로,액티브 플라이트 구스 롱 다운 자켓 블랙(UO423SDJN1),https://image.msscdn.net/images/goods_img/20210927/2148659/2148659_17255187389055_500.jpg,False
2024-09,F,002013,롱패딩/헤비 아우터,002,아우터,8,3652529,lee,리,다운 몬스터 파카 블랙,https://image.msscdn.net/images/goods_img/20231024/3652529/3652529_16993254394370_500.jpg,False
2024-09,F,002013,롱패딩/헤비 아우터,002,아우터,9,920520,fcmm,에프씨엠엠,클럽 팀 풋볼 벤치 롱 패딩 2color,https://image.msscdn.net/images/goods_img/20181212/920520/920520_17588685279951_500.jpg,False
2024-09,F,002013,롱패딩/헤비 아우터,002,아우터,10,3595334,discoveryexpedition,디스커버리 익스페디션,여성 레스터G RDS 구스다운 롱패딩 (D/IVORY),https://image.msscdn.net/images/goods_img/20230926/3595334/3595334_16977834559255_500.jpg,False
2024-09,F,002013,롱패딩/헤비 아우터,002,아우터,11,3555034,covernat,커버낫,RDS 씨빅 롱 다운 파카,https://image.msscdn.net/images/goods_img/20230913/3555034/3555034_17617995117198_500.jpg,False
2024-09,F,002013,롱패딩/헤비 아우터,002,아우터,12,3599168,discoveryexpedition,디스커버리 익스페디션,여성 레스터G RDS 구스다운 롱패딩 (L/BLACK),https://image.msscdn.net/images/goods_img/20230927/3599168/3599168_16977833688038_500.jpg,False
2024-09,F,002013,롱패딩/헤비 아우터,002,아우터,13,3633411,discoveryexpedition,디스커버리 익스페디션,여성 루이크 고어 윈드스토퍼 코트형 롱패딩 (BLACK),https://image.msscdn.net/images/goods_img/20231017/3633411/3633411_17019237737771_500.png,False
2024-09,F,002013,롱패딩/헤비 아우터,002,아우터,14,3574910,nationalgeographic,내셔널지오그래픽,N234WDW860 여성 카이만 프로 롱기장 구스 다운 점퍼 BIG LOGO BLACK,https://image.msscdn.net/images/goods_img/20230919/3574910/3574910_16951145971740_500.jpg,False
2024-09,F,002013,롱패딩/헤비 아우터,002,아우터,15,3601733,codegraphy,코드그라피,[DIVO] RDS 에센셜 롱다운 파카_블랙,https://image.msscdn.net/images/goods_img/20231004/3601733/3601733_17218066954926_500.jpg,False
2024-09,F,002013,롱패딩/헤비 아우터,002,아우터,16,4354759,moncler,몽클레어,벨뷰 롱 패딩 - 블랙 / J20931C000385963V999,https://image.msscdn.net/images/goods_img/20240821/4354759/4354759_17254323438493_500.jpg,False
2024-09,F,002013,롱패딩/헤비 아우터,002,아우터,17,3669718,theatg,더엣지,폭스퍼 후드 야상 롱 구스다운,https://image.msscdn.net/images/goods_img/20231030/3669718/3669718_17091821724128_500.jpg,False
2024-09,F,002013,롱패딩/헤비 아우터,002,아우터,18,3704284,topten,탑텐,여성) 슈퍼 에어 롱다운 점퍼_MSD4JP2901,https://image.msscdn.net/images/goods_img/20231110/3704284/3704284_17286321680523_500.jpg,False
2024-09,F,002013,롱패딩/헤비 아우터,002,아우터,19,3724928,sistina,시스티나,폭스퍼 벨티드 퀼팅 덕다운 점퍼_ASDJPN41100,https://image.msscdn.net/images/goods_img/20231120/3724928/3724928_17005586618164_500.jpg,False
2024-09,F,002013,롱패딩/헤비 아우터,002,아우터,20,3494440,k2,케이투,시그니처 씬에어(THINAIR) 앱솔루트 LONG W_Black,https://image.msscdn.net/images/goods_img/20230824/3494440/3494440_16928532895801_500.jpg,False
2024-09,F,002013,롱패딩/헤비 아우터,002,아우터,21,3713813,duvetica,듀베티카,리피나(아이보리)(여성 아우터),https://image.msscdn.net/images/goods_img/20231115/3713813/3713813_17120443964047_500.jpg,False
2024-09,F,002013,롱패딩/헤비 아우터,002,아우터,22,4359397,discoveryexpedition,디스커버리 익스페디션,여성 슬로니 구스다운 경량 롱패딩,https://image.msscdn.net/images/goods_img/20240822/4359397/4359397_17249160782998_500.jpg,False
2024-09,F,002013,롱패딩/헤비 아우터,002,아우터,23,3861012,canadagoose,캐나다구스,앨리스톤 패딩 - 루센트 로즈 / 5077W856,https://image.msscdn.net/images/goods_img/20240213/3861012/3861012_17102917331035_500.jpg,False
2024-09,F,002013,롱패딩/헤비 아우터,002,아우터,24,3632930,ebbetsfield,이벳필드,베츠 신슐레이트 3M 롱퀼팅자켓 블랙,https://image.msscdn.net/images/goods_img/20231017/3632930/3632930_17188689659487_500.jpg,False
2024-09,F,002013,롱패딩/헤비 아우터,002,아우터,25,3701521,duvetica,듀베티카,리피나(블랙)(여성 점퍼),https://image.msscdn.net/images/goods_img/20231109/3701521/3701521_17006430962200_500.jpg,False
2024-09,F,002013,롱패딩/헤비 아우터,002,아우터,26,3494437,k2,케이투,씬에어(THINAIR) VIBE UP FOX W_Black,https://image.msscdn.net/images/goods_img/20230824/3494437/3494437_16928532571254_500.jpg,False
2024-09,F,002013,롱패딩/헤비 아우터,002,아우터,27,3738427,avantg,아방,Safari Fur Long Padding Jumper - BEIGE,https://image.msscdn.net/images/goods_img/20231130/3738427/3738427_17013079823914_500.jpg,False
2024-09,F,002013,롱패딩/헤비 아우터,002,아우터,28,3713811,duvetica,듀베티카,알바르다(베이지)(여성 아우터),https://image.msscdn.net/images/goods_img/20231115/3713811/3713811_17120443646476_500.jpg,False
2024-09,F,002013,롱패딩/헤비 아우터,002,아우터,29,3595327,discoveryexpedition,디스커버리 익스페디션,여성 레스터G RDS 구스다운 롱패딩 (WHITE),https://image.msscdn.net/images/goods_img/20230926/3595327/3595327_16977835085300_500.jpg,False
2024-09,F,002013,롱패딩/헤비 아우터,002,아우터,30,3155585,jilsander,질 샌더,퀼팅 후디 롱 패딩 - 네이비 / J40AF0013J70008402,https://image.msscdn.net/images/goods_img/20230317/3155585/3155585_16810859402211_500.jpg,False
2024-09,F,002016,패딩 베스트,002,아우터,1,4033561,thenorthface,노스페이스,NV3NQ53A 남성 눕시 온볼 베스트_BLACK,https://image.msscdn.net/images/goods_img/20240408/4033561/4033561_17125371568041_500.jpg,False
2024-09,F,002016,패딩 베스트,002,아우터,2,3604607,thenorthface,노스페이스,NV1DQ51J 화이트라벨 노벨티 눕시 다운 베스트_BLACK,https://image.msscdn.net/images/goods_img/20231005/3604607/3604607_16964804005315_500.jpg,False
2024-09,F,002016,패딩 베스트,002,아우터,3,3602480,thenorthface,노스페이스,NV1DQ80J 화이트라벨 여성 노벨티 눕시 RDS 다운 베스트_BLACK,https://image.msscdn.net/images/goods_img/20231004/3602480/3602480_16964023863989_500.jpg,False
2024-09,F,002016,패딩 베스트,002,아우터,4,3796656,thenorthface,노스페이스,NV1DQ51K 화이트라벨 노벨티 눕시 다운 베스트_CREAM,https://image.msscdn.net/images/goods_img/20240116/3796656/3796656_17053699433918_500.jpg,False
2024-09,F,002016,패딩 베스트,002,아우터,5,3967564,thenorthface,노스페이스,NV1DQ85A 여성 1996 에코 눕시 베스트_BLACK,https://image.msscdn.net/images/goods_img/20240319/3967564/3967564_17108297625306_500.jpg,False
2024-09,F,002016,패딩 베스트,002,아우터,6,3796660,thenorthface,노스페이스,NV1DQ80K 화이트라벨 여성 노벨티 눕시 RDS 다운 베스트_BROWN,https://image.msscdn.net/images/goods_img/20240116/3796660/3796660_17053700011784_500.jpg,False
2024-09,F,002016,패딩 베스트,002,아우터,7,2780704,kirsh,키르시,두들 체리 써클 로고 패딩 베스트 [네이비],https://image.msscdn.net/images/goods_img/20220907/2780704/2780704_1_500.jpg,False
2024-09,F,002016,패딩 베스트,002,아우터,8,2820356,lettercomo,레테르코모,아워 인피니엄 패딩베스트 블랙,https://image.msscdn.net/images/goods_img/20220926/2820356/2820356_1_500.jpg,False
2024-09,F,002016,패딩 베스트,002,아우터,9,2807867,lmc,엘엠씨,OG PUFFER DUCK DOWN VEST black,https://image.msscdn.net/images/goods_img/20220921/2807867/2807867_17604354806792_500.jpg,False
2024-09,F,002016,패딩 베스트,002,아우터,10,3451293,nomanual,노매뉴얼,TRACK DUCK DOWN VEST - GLOSSY BLACK,https://image.msscdn.net/images/goods_img/20230808/3451293/3451293_17260538086539_500.jpg,False
2024-09,F,002016,패딩 베스트,002,아우터,11,3585198,kiimuir,키뮤어,(덕 다운) 미니멀 다운 베스트_클라우드 크림,https://image.msscdn.net/images/goods_img/20230921/3585198/3585198_17168734857561_500.jpg,False
2024-09,F,002016,패딩 베스트,002,아우터,12,3591178,thisisneverthat,디스이즈네버댓,PERTEX® T Down Vest Bone,https://image.msscdn.net/images/goods_img/20230925/3591178/3591178_16957125910618_500.jpg,False
2024-09,F,002016,패딩 베스트,002,아우터,13,4341030,lee,리,우먼 크롭 다운 베스트 화이트,https://image.msscdn.net/images/goods_img/20240819/4341030/4341030_17890213249075_500.jpg,False
2024-09,F,002016,패딩 베스트,002,아우터,14,4264596,moncler,몽클레어,바디아 베스트 패딩 - 블랙 / J20931A000085963V999,https://image.msscdn.net/images/goods_img/20240722/4264596/4264596_17231964363926_500.jpg,False
2024-09,F,002016,패딩 베스트,002,아우터,15,3773381,duvetica,듀베티카,에우리피데(블랙)(여성 다운),https://image.msscdn.net/images/goods_img/20240103/3773381/3773381_17042610029259_500.jpg,False
2024-09,F,002016,패딩 베스트,002,아우터,16,3868420,duvetica,듀베티카,에우리피데 L(블랙)(여성 다운),https://image.msscdn.net/images/goods_img/20240214/3868420/3868420_17089990471219_500.jpg,False
2024-09,F,002016,패딩 베스트,002,아우터,17,4341860,moncler,몽클레어,구이 베스트 패딩 - 다크 그레이 / J20931A1070053029946,https://image.msscdn.net/images/goods_img/20240819/4341860/4341860_17254318358308_500.jpg,False
2024-09,F,002016,패딩 베스트,002,아우터,18,3641976,matinkim,마뗑킴,FOLDED POCKET DOWN VEST FOR MEN IN BLACK,https://image.msscdn.net/images/goods_img/20231019/3641976/3641976_16977005766231_500.jpg,False
2024-09,F,002016,패딩 베스트,002,아우터,19,2897128,jeep,지프,체크 니트 다운베스트  (GK4JPU604NA),https://image.msscdn.net/images/goods_img/20221027/2897128/2897128_2_500.jpg,False
2024-09,F,002016,패딩 베스트,002,아우터,20,3562270,5252byoioi,오아이오아이 컬렉션,시그니처 유광 다운 베스트_블랙,https://image.msscdn.net/images/goods_img/20230914/3562270/3562270_16947526071628_500.jpg,False
2024-09,F,002016,패딩 베스트,002,아우터,21,3701348,duvetica,듀베티카,에우리피데(블랙)(여성 다운),https://image.msscdn.net/images/goods_img/20231109/3701348/3701348_17000932267483_500.jpg,False
2024-09,F,002016,패딩 베스트,002,아우터,22,2780705,kirsh,키르시,두들 체리 써클 로고 패딩 베스트 [베이지],https://image.msscdn.net/images/goods_img/20220907/2780705/2780705_1_500.jpg,False
2024-09,F,002016,패딩 베스트,002,아우터,23,2744533,codegraphy,코드그라피,[DIVO] RDS 유틸리티 덕다운 베스트_블랙,https://image.msscdn.net/images/goods_img/20220825/2744533/2744533_17173915574028_500.jpg,False
2024-09,F,002016,패딩 베스트,002,아우터,24,3602084,umbro,엄브로,브리티쉬 POP 스탠넥 리버시블 덕다운 패딩 베스트 블랙/딥그린(UO421CDVO4),https://image.msscdn.net/images/goods_img/20231004/3602084/3602084_17292250849454_500.jpg,False
2024-09,F,002016,패딩 베스트,002,아우터,25,3444029,nationalgeographic,내셔널지오그래픽,내셔널지오그래픽 N234WDV910 여성 헤론 U넥 경량 다운 베스트 CARBON BLACK,https://image.msscdn.net/images/goods_img/20230803/3444029/3444029_16910487012040_500.jpg,False
2024-09,F,002016,패딩 베스트,002,아우터,26,2225709,nicknicole,닉앤니콜,PUFFER PADDING VEST_2 COLOR,https://image.msscdn.net/images/goods_img/20211110/2225709/2225709_1_500.jpg,False
2024-09,F,002016,패딩 베스트,002,아우터,27,4441870,thisisneverthat,디스이즈네버댓,GD Native Reversible Down Vest Multi,https://image.msscdn.net/images/goods_img/20240918/4441870/4441870_17270676168587_500.jpg,False
2024-09,F,002016,패딩 베스트,002,아우터,28,3641980,matinkim,마뗑킴,FOLDED POCKET DOWN VEST FOR WOMEN IN BLACK,https://image.msscdn.net/images/goods_img/20231019/3641980/3641980_16977036023414_500.jpg,False
2024-09,F,002016,패딩 베스트,002,아우터,29,3619070,puma,푸마,울트라2 아이콘 팝 다운 베스트 - 블랙:그레이 / 940196-01,https://image.msscdn.net/images/goods_img/20231011/3619070/3619070_16976162504430_500.jpg,False
2024-09,F,002016,패딩 베스트,002,아우터,30,2933693,malbongolf,말본 골프,MALBON 드라이버 다운 베스트 IVORY (WOMAN),https://image.msscdn.net/images/goods_img/20221110/2933693/2933693_1_500.jpg,False
2024-09,F,002015,기타 아우터,002,아우터,1,2837405,matinkim,마뗑킴,MATIN KIM LOGO COATING JUMPER,https://image.msscdn.net/images/goods_img/20221004/2837405/2837405_1_500.jpg,False
2024-09,F,002015,기타 아우터,002,아우터,2,3573116,matinkim,마뗑킴,MATIN CROP HOODY COATING JUMPER,https://image.msscdn.net/images/goods_img/20230919/3573116/3573116_17006410793001_500.jpg,False
2024-09,F,002015,기타 아우터,002,아우터,3,4355292,dunstforwomen,던스트,CLASSIC TWEED JACKET MELANGE GREY_UDJA4C203G2,https://image.msscdn.net/images/goods_img/20240821/4355292/4355292_17883291932293_500.jpg,False
2024-09,F,002015,기타 아우터,002,아우터,4,4282754,arcteryx,아크테릭스,아톰 후디 남성 - BLACK / AJOFMX7487,https://image.msscdn.net/images/goods_img/20240730/4282754/4282754_17240339699235_500.jpg,False
2024-09,F,002015,기타 아우터,002,아우터,5,3812093,secondmonolgue,세컨모놀로그,스냅 체크 후드 셔츠 자켓 [BLUE]_SEJK011BLUE,https://image.msscdn.net/images/goods_img/20240122/3812093/3812093_17769926177592_500.jpg,False
2024-09,F,002015,기타 아우터,002,아우터,6,3400393,1993studio,1993스튜디오,빈티지 코튼 트윌 바이커 자켓_카키,https://image.msscdn.net/images/goods_img/20230710/3400393/3400393_16965511573491_500.jpg,False
2024-09,F,002015,기타 아우터,002,아우터,7,4260535,adidas,아디다스,ADILENIUM 2 워시드 봄버 자켓 - 차콜 / JM9264,https://image.msscdn.net/images/goods_img/20240719/4260535/4260535_17216338676322_500.jpg,False
2024-09,F,002015,기타 아우터,002,아우터,8,3790873,musinsastandardwoman,무신사 스탠다드 우먼,우먼즈 코티드 코튼 레이서 재킷 [블랙],https://image.msscdn.net/images/goods_img/20240112/3790873/3790873_17113258512807_500.jpg,False
2024-09,F,002015,기타 아우터,002,아우터,9,3397893,musinsastandardwoman,무신사 스탠다드 우먼,우먼즈 트윌 크롭 재킷 [블랙],https://image.msscdn.net/images/goods_img/20230706/3397893/3397893_17104056983684_500.jpg,False
2024-09,F,002015,기타 아우터,002,아우터,10,3805947,matinkim,마뗑킴,MATIN KIM LOGO COATING JUMPER IN BLACK,https://image.msscdn.net/images/goods_img/20240118/3805947/3805947_17055624728285_500.jpg,False
2024-09,F,002015,기타 아우터,002,아우터,11,4449623,matinkim,마뗑킴,MATIN COATING CROP BLOUSON IN SKY,https://image.msscdn.net/images/goods_img/20240920/4449623/4449623_17268255577799_500.jpg,False
2024-09,F,002015,기타 아우터,002,아우터,12,4316937,insilencewomen,인사일런스 우먼,스터드 트위드 자켓 MULTI,https://image.msscdn.net/images/goods_img/20240809/4316937/4316937_17242152034233_500.jpg,False
2024-09,F,002015,기타 아우터,002,아우터,13,4282762,arcteryx,아크테릭스,세륨 후디 남성 - BLACK / AJOFMX7313,https://image.msscdn.net/images/goods_img/20240730/4282762/4282762_17240335281477_500.jpg,False
2024-09,F,002015,기타 아우터,002,아우터,14,4287649,heleneparis,헬레네파리스,셔링 윈드브레이커 [블랙],https://image.msscdn.net/images/goods_img/20240801/4287649/4287649_17234607582304_500.jpg,False
2024-09,F,002015,기타 아우터,002,아우터,15,4318922,dunstforwomen,던스트,CLASSIC BOUCLE TWEED JACKET BLACK_UDJA4C204BK,https://image.msscdn.net/images/goods_img/20240812/4318922/4318922_17234298154010_500.jpg,False
2024-09,F,002015,기타 아우터,002,아우터,16,3815483,placestudio,플레이스 스튜디오,데미지 빈티지 워싱 스트링 라인 코튼 집업 자켓  [블랙],https://image.msscdn.net/images/goods_img/20240123/3815483/3815483_17682812468786_500.jpg,False
2024-09,F,002015,기타 아우터,002,아우터,17,4282755,arcteryx,아크테릭스,아톰 후디 남성 - BLACK SAPPHIRE / AJOFMX7487,https://image.msscdn.net/images/goods_img/20240730/4282755/4282755_17240340046156_500.jpg,False
2024-09,F,002015,기타 아우터,002,아우터,18,4346849,leathery,레더리,데미지 라인 워크 자켓 [BEIGE],https://image.msscdn.net/images/goods_img/20240820/4346849/4346849_17421901152884_500.jpg,False
2024-09,F,002015,기타 아우터,002,아우터,19,4332033,oheshio,오헤시오,"STRIPE HOODED WINDBREAKER JUMPER, NAVY",https://image.msscdn.net/images/goods_img/20240814/4332033/4332033_17259326969224_500.jpg,False
2024-09,F,002015,기타 아우터,002,아우터,20,4316933,insilencewomen,인사일런스 우먼,빈티지 피그먼트 점퍼 BROWN,https://image.msscdn.net/images/goods_img/20240809/4316933/4316933_17720732446276_500.jpg,False
2024-09,F,002015,기타 아우터,002,아우터,21,4364009,mucent,무센트,패럴 윈드브레이커 바람막이(남녀공용),https://image.msscdn.net/images/goods_img/20240823/4364009/4364009_17243811932573_500.jpg,False
2024-09,F,002015,기타 아우터,002,아우터,22,4202614,toteme,토템,엠브로이더드 스카프 재킷 - 다크 그레이 멜란지 / 221117709359,https://image.msscdn.net/images/goods_img/20240618/4202614/4202614_17212846879205_500.jpg,False
2024-09,F,002015,기타 아우터,002,아우터,23,4383473,thenorthface,노스페이스,NJ3BQ51K 화이트라벨 닐턴 자켓_DARK BROWN,https://image.msscdn.net/images/goods_img/20240829/4383473/4383473_17249067953403_500.jpg,False
2024-09,F,002015,기타 아우터,002,아우터,24,4319065,dunstforwomen,던스트,UNISEX VEGAN SUEDE HALF JACKET_UDJA5A108_CAMEL,https://image.msscdn.net/images/goods_img/20240812/4319065/4319065_17591128445794_500.jpg,False
2024-09,F,002015,기타 아우터,002,아우터,25,3823881,dimitriblack,디미트리블랙,2WAY 밀리터리 윈드브레이커 자켓_블랙,https://image.msscdn.net/images/goods_img/20240125/3823881/3823881_17171333268063_500.jpg,False
2024-09,F,002015,기타 아우터,002,아우터,26,3560666,bohemseo,보헤미안 서울,ROUGH ROUND NECK TWEED JACKET,https://image.msscdn.net/images/goods_img/20230914/3560666/3560666_16946796640743_500.jpg,False
2024-09,F,002015,기타 아우터,002,아우터,27,4355606,sculptor,스컬프터,Light Weight Striped Jersey Black,https://image.msscdn.net/images/goods_img/20240821/4355606/4355606_17253276834656_500.jpg,False
2024-09,F,002015,기타 아우터,002,아우터,28,4355607,sculptor,스컬프터,Light Weight Striped Jersey Gray,https://image.msscdn.net/images/goods_img/20240821/4355607/4355607_17326014513112_500.jpg,False
2024-09,F,002015,기타 아우터,002,아우터,29,4388158,somewherebutter,썸웨어버터,Robin Double Knit Wool Jacket - Light Grey,https://image.msscdn.net/images/goods_img/20240830/4388158/4388158_17255192597235_500.jpg,False
2024-09,F,002015,기타 아우터,002,아우터,30,4449636,matinkim,마뗑킴,MATIN COATING CROP BLOUSON IN IVORY,https://image.msscdn.net/images/goods_img/20240920/4449636/4449636_17268254492113_500.jpg,False
2024-09,F,003,바지,,,1,3791988,filluminate,필루미네이트,데미지 워시드 데님 팬츠-미디엄 블루,https://image.msscdn.net/images/goods_img/20240112/3791988/3791988_17894491801613_500.jpg,False
2024-09,F,003,바지,,,2,1551840,xero,제로,Deep One Tuck Sweat Pants [Grey],https://image.msscdn.net/images/goods_img/20200818/1551840/1551840_1_500.jpg,False
2024-09,F,003,바지,,,3,2112059,gakka2,가까이 유니언즈,[여름 or 기모 or 사계절 원단 선택] 원턱 와이드 스웨트팬츠 그레이,https://image.msscdn.net/images/goods_img/20210906/2112059/2112059_17473624399256_500.jpg,False
2024-09,F,003,바지,,,4,2112061,gakka2,가까이 유니언즈,[여름 or 기모 or 사계절 원단 선택] 원턱 와이드 스웨트팬츠 블랙,https://image.msscdn.net/images/goods_img/20210906/2112061/2112061_17459952841713_500.jpg,False
2024-09,F,003,바지,,,5,2820940,musinsastandardwoman,무신사 스탠다드 우먼,우먼즈 더블 니트 투 턱 와이드 라운지 스웨트 팬츠 [미디엄 그레이],https://image.msscdn.net/images/goods_img/20220927/2820940/2820940_17625017266952_500.jpg,False
2024-09,F,003,바지,,,6,4274045,lemainsecond,리메인세컨드,빈티지 캣워싱 와이드 데님 팬츠 [샌드 블루],https://image.msscdn.net/images/goods_img/20240725/4274045/4274045_17888435557697_500.jpg,False
2024-09,F,003,바지,,,7,4293047,thecoldestmoment,더콜디스트모먼트,TCM starfish chino pants (brown),https://image.msscdn.net/images/goods_img/20240802/4293047/4293047_17231900499261_500.jpg,False
2024-09,F,003,바지,,,8,1551839,xero,제로,Deep One Tuck Sweat Pants [Black],https://image.msscdn.net/images/goods_img/20200818/1551839/1551839_1_500.jpg,False
2024-09,F,003,바지,,,9,2092852,goodlifeworks,굿라이프웍스,[여름옵션 or 4계절] 이지 와이드 데님 팬츠 그레이,https://image.msscdn.net/images/goods_img/20210826/2092852/2092852_17086532214128_500.jpg,False
2024-09,F,003,바지,,,10,4057624,lemainsecond,리메인세컨드,버뮤다 와이드 원턱 스웨트 쇼츠 [그레이],https://image.msscdn.net/images/goods_img/20240416/4057624/4057624_17818375437486_500.jpg,False
2024-09,F,003,바지,,,11,2818150,musinsastandardwoman,무신사 스탠다드 우먼,우먼즈 와이드 카고 팬츠 [블랙],https://image.msscdn.net/images/goods_img/20220926/2818150/2818150_17489933476409_500.jpg,False
2024-09,F,003,바지,,,12,3328615,avan,어반드레스,Wide Cargo Half Denim Pants - 4COL,https://image.msscdn.net/images/goods_img/20230526/3328615/3328615_17169645408063_500.jpg,False
2024-09,F,003,바지,,,13,2820939,musinsastandardwoman,무신사 스탠다드 우먼,우먼즈 더블 니트 투 턱 와이드 라운지 스웨트 팬츠 [블랙],https://image.msscdn.net/images/goods_img/20220927/2820939/2820939_17625014945098_500.jpg,False
2024-09,F,003,바지,,,14,3449637,xexymix,젝시믹스,블랙라벨 시그니처 360N 더블플러피 기모 레깅스 블랙,https://image.msscdn.net/images/goods_img/20230808/3449637/3449637_17026088164053_500.jpg,False
2024-09,F,003,바지,,,15,4250210,urbandtype,어반디타입,홈보이 벌룬 워크 팬츠_베이지,https://image.msscdn.net/images/goods_img/20240715/4250210/4250210_17877232200000_500.jpg,False
2024-09,F,003,바지,,,16,3223947,againstallodds,에이지오디,원턱 와이드 스웨트 팬츠 [그레이],https://image.msscdn.net/images/goods_img/20230411/3223947/3223947_17689822034188_500.jpg,False
2024-09,F,003,바지,,,17,1357768,musinsastandardwoman,무신사 스탠다드 우먼,우먼즈 와이드 데님 팬츠 [워시드 블랙],https://image.msscdn.net/images/goods_img/20200318/1357768/1357768_17673383440289_500.jpg,False
2024-09,F,003,바지,,,18,2562527,takeasy,테이크이지,우먼스 월계수 와이드 팬츠(블랙),https://image.msscdn.net/images/goods_img/20220516/2562527/2562527_1_500.jpg,False
2024-09,F,003,바지,,,19,4293032,thecoldestmoment,더콜디스트모먼트,TCM starfish chino pants (black),https://image.msscdn.net/images/goods_img/20240802/4293032/4293032_17231900851488_500.jpg,False
2024-09,F,003,바지,,,20,2712149,avan,어반드레스,UNISEX AV WIDE PANTS - 3COL,https://image.msscdn.net/images/goods_img/20220811/2712149/2712149_17206936654637_500.jpg,False
2024-09,F,003,바지,,,21,4358136,adidas,아디다스,3S 와이드 레그 팬츠 - 블랙 / IY7255,https://image.msscdn.net/images/goods_img/20240822/4358136/4358136_17246496180520_500.jpg,False
2024-09,F,003,바지,,,22,750908,wholovesart,후러브스아트,유니섹스 세미 와이드 밴딩 슬랙스 블랙,https://image.msscdn.net/images/goods_img/20180406/750908/750908_17736379434172_500.jpg,False
2024-09,F,003,바지,,,23,3792018,filluminate,필루미네이트,나일론 투 턱 테이핑 팬츠-블랙,https://image.msscdn.net/images/goods_img/20240112/3792018/3792018_17894495787885_500.jpg,False
2024-09,F,003,바지,,,24,1596414,musinsastandardwoman,무신사 스탠다드 우먼,우먼즈 와이드 히든 밴딩 슬랙스 [블랙],https://image.msscdn.net/images/goods_img/20200911/1596414/1596414_17537745133548_500.jpg,False
2024-09,F,003,바지,,,25,4437639,partimentowomen,파르티멘토 우먼,2WAY 벨티드 레이어드 파라슈트 팬츠_블랙,https://image.msscdn.net/images/goods_img/20240912/4437639/4437639_17268280519545_500.jpg,False
2024-09,F,003,바지,,,26,3576618,wkndrs,위캔더스,DWARF DENIM PANTS (BLACK),https://image.msscdn.net/images/goods_img/20230920/3576618/3576618_17788142408278_500.png,False
2024-09,F,003,바지,,,27,4250214,urbandtype,어반디타입,홈보이 벌룬 워크 팬츠_블랙,https://image.msscdn.net/images/goods_img/20240715/4250214/4250214_17877227110999_500.jpg,False
2024-09,F,003,바지,,,28,3939830,urbandtype,어반디타입,코튼 와이드 카고 팬츠_카키,https://image.msscdn.net/images/goods_img/20240311/3939830/3939830_17449522802823_500.jpg,False
2024-09,F,003,바지,,,29,3555931,rockcake,락케이크,Sports 96 2way Jogger Pants - Navy,https://image.msscdn.net/images/goods_img/20230913/3555931/3555931_16946827098665_500.jpg,False
2024-09,F,003,바지,,,30,4274049,lemainsecond,리메인세컨드,빈티지 캣워싱 와이드 데님 팬츠 [옐로우 워싱],https://image.msscdn.net/images/prd_img/20240725/4274049/detail_4274049_17757836079460_500.jpg,False
2024-09,F,003002,데님 팬츠,003,바지,1,3791988,filluminate,필루미네이트,데미지 워시드 데님 팬츠-미디엄 블루,https://image.msscdn.net/images/goods_img/20240112/3791988/3791988_17894491801613_500.jpg,False
2024-09,F,003002,데님 팬츠,003,바지,2,4274045,lemainsecond,리메인세컨드,빈티지 캣워싱 와이드 데님 팬츠 [샌드 블루],https://image.msscdn.net/images/goods_img/20240725/4274045/4274045_17888435557697_500.jpg,False
2024-09,F,003002,데님 팬츠,003,바지,3,2092852,goodlifeworks,굿라이프웍스,[여름옵션 or 4계절] 이지 와이드 데님 팬츠 그레이,https://image.msscdn.net/images/goods_img/20210826/2092852/2092852_17086532214128_500.jpg,False
2024-09,F,003002,데님 팬츠,003,바지,4,1357768,musinsastandardwoman,무신사 스탠다드 우먼,우먼즈 와이드 데님 팬츠 [워시드 블랙],https://image.msscdn.net/images/goods_img/20200318/1357768/1357768_17673383440289_500.jpg,False
2024-09,F,003002,데님 팬츠,003,바지,5,3576618,wkndrs,위캔더스,DWARF DENIM PANTS (BLACK),https://image.msscdn.net/images/goods_img/20230920/3576618/3576618_17788142408278_500.png,False
2024-09,F,003002,데님 팬츠,003,바지,6,4274049,lemainsecond,리메인세컨드,빈티지 캣워싱 와이드 데님 팬츠 [옐로우 워싱],https://image.msscdn.net/images/prd_img/20240725/4274049/detail_4274049_17757836079460_500.jpg,False
2024-09,F,003002,데님 팬츠,003,바지,7,3816784,rockcake,락케이크,Faye Damage Jeans - Black,https://image.msscdn.net/images/goods_img/20240123/3816784/3816784_17308777052503_500.jpg,False
2024-09,F,003002,데님 팬츠,003,바지,8,4053834,aakam,아캄,98 Printed Knee Pin-tuck Denim Pants (Black),https://image.msscdn.net/images/goods_img/20240415/4053834/4053834_17326001783231_500.jpg,False
2024-09,F,003002,데님 팬츠,003,바지,9,3791990,filluminate,필루미네이트,데미지 워시드 데님 팬츠-블랙,https://image.msscdn.net/images/goods_img/20240112/3791990/3791990_17894492105263_500.jpg,False
2024-09,F,003002,데님 팬츠,003,바지,10,3575430,avan,어반드레스,Side Big Cargo Pants CAMO,https://image.msscdn.net/images/goods_img/20230919/3575430/3575430_17421696736376_500.jpg,False
2024-09,F,003002,데님 팬츠,003,바지,11,2303284,musinsastandardwoman,무신사 스탠다드 우먼,우먼즈 스트레이트 데님 팬츠 [미디엄 인디고],https://image.msscdn.net/images/goods_img/20220112/2303284/2303284_16903269603818_500.jpg,False
2024-09,F,003002,데님 팬츠,003,바지,12,3576613,wkndrs,위캔더스,DWARF DENIM PANTS (DENIM),https://image.msscdn.net/images/goods_img/20230920/3576613/3576613_17788133130974_500.png,False
2024-09,F,003002,데님 팬츠,003,바지,13,3440017,goodlifeworks,굿라이프웍스,이지 와이드 데님 팬츠 빈티지 워시드 블루,https://image.msscdn.net/images/goods_img/20230801/3440017/3440017_17080504346875_500.jpg,False
2024-09,F,003002,데님 팬츠,003,바지,14,4373422,placestudio,플레이스 스튜디오,자가드 스트라이프 핀턱 셔링 벨티드 와이드 데님 코튼 팬츠 [흑청],https://image.msscdn.net/images/goods_img/20240827/4373422/4373422_17247248700460_500.jpg,False
2024-09,F,003002,데님 팬츠,003,바지,15,4274021,lemainsecond,리메인세컨드,내추럴 워싱 와이드 데님 팬츠 [흑청],https://image.msscdn.net/images/goods_img/20240725/4274021/4274021_17818456033783_500.jpg,False
2024-09,F,003002,데님 팬츠,003,바지,16,3469199,dimitriblack,디미트리블랙,ASI 에센셜 원턱 와이드 데님 팬츠_그레이,https://image.msscdn.net/images/goods_img/20230816/3469199/3469199_16928612246762_500.jpg,False
2024-09,F,003002,데님 팬츠,003,바지,17,3902778,standarderror,스탠다드에러,87-STAN047 벌룬핏 워싱 와이드 데님팬츠 빈티지 블랙,https://image.msscdn.net/images/goods_img/20240227/3902778/3902778_17743239190107_500.jpg,False
2024-09,F,003002,데님 팬츠,003,바지,18,2092849,goodlifeworks,굿라이프웍스,이지 와이드 데님 팬츠 블랙,https://image.msscdn.net/images/goods_img/20210826/2092849/2092849_17872830577462_500.jpg,False
2024-09,F,003002,데님 팬츠,003,바지,19,4095002,filluminate,필루미네이트,데미지 워시드 데님 팬츠-블루,https://image.msscdn.net/images/goods_img/20240429/4095002/4095002_17894492554504_500.jpg,False
2024-09,F,003002,데님 팬츠,003,바지,20,4124532,mucent,무센트,마요르카 와이드 데님 반밴딩 워싱 청바지 남녀공용 (3컬러),https://image.msscdn.net/images/goods_img/20240513/4124532/4124532_17882440433108_500.jpg,False
2024-09,F,003002,데님 팬츠,003,바지,21,3599540,avan,어반드레스,Thin Bootscut Pants LIGHT BLUE,https://image.msscdn.net/images/goods_img/20230927/3599540/3599540_17421708056168_500.jpg,False
2024-09,F,003002,데님 팬츠,003,바지,22,3110518,aakam,아캄,Knee Pin-tuck Printed Denim Pants (Black),https://image.msscdn.net/images/goods_img/20230227/3110518/3110518_17326013796307_500.jpg,False
2024-09,F,003002,데님 팬츠,003,바지,23,3902776,standarderror,스탠다드에러,87-STAN047 벌룬핏 워싱 와이드 데님팬츠 빈티지 옐로우,https://image.msscdn.net/images/goods_img/20240227/3902776/3902776_17743239464595_500.jpg,False
2024-09,F,003002,데님 팬츠,003,바지,24,4322895,sculptor,스컬프터,Beaded Waist Denim Pants Indigo Blue,https://image.msscdn.net/images/goods_img/20240812/4322895/4322895_17803624806276_500.jpg,False
2024-09,F,003002,데님 팬츠,003,바지,25,4095000,filluminate,필루미네이트,데미지 워시드 데님 팬츠-스카이블루,https://image.msscdn.net/images/goods_img/20240429/4095000/4095000_17894492315274_500.jpg,False
2024-09,F,003002,데님 팬츠,003,바지,26,3467143,againstallodds,에이지오디,와이드 데님 팬츠 [미디엄 블루],https://image.msscdn.net/images/goods_img/20230816/3467143/3467143_17894571986409_500.jpg,False
2024-09,F,003002,데님 팬츠,003,바지,27,4111303,trillion,트릴리온,라운드 포켓 벌룬핏 워싱 데님 팬츠 (YELLOW BLACK),https://image.msscdn.net/images/goods_img/20240507/4111303/4111303_17156495980817_500.jpg,False
2024-09,F,003002,데님 팬츠,003,바지,28,3826875,retrieverclub,리트리버클럽,TOMBOY DOG RAW DENIM [RAW INDIGO],https://image.msscdn.net/images/goods_img/20240126/3826875/3826875_17403767189600_500.jpg,False
2024-09,F,003002,데님 팬츠,003,바지,29,4002590,chicks,칙스,[데일리 사계절] SDP 미니멀 스트레이트 데님 팬츠 4color,https://image.msscdn.net/images/goods_img/20240328/4002590/4002590_17459947213911_500.jpg,False
2024-09,F,003002,데님 팬츠,003,바지,30,3740876,odor,오도어,Logo drop denim in pink,https://image.msscdn.net/images/goods_img/20231201/3740876/3740876_17525683043934_500.jpeg,False
2024-09,F,003004,트레이닝/조거 팬츠,003,바지,1,1551840,xero,제로,Deep One Tuck Sweat Pants [Grey],https://image.msscdn.net/images/goods_img/20200818/1551840/1551840_1_500.jpg,False
2024-09,F,003004,트레이닝/조거 팬츠,003,바지,2,2112059,gakka2,가까이 유니언즈,[여름 or 기모 or 사계절 원단 선택] 원턱 와이드 스웨트팬츠 그레이,https://image.msscdn.net/images/goods_img/20210906/2112059/2112059_17473624399256_500.jpg,False
2024-09,F,003004,트레이닝/조거 팬츠,003,바지,3,2112061,gakka2,가까이 유니언즈,[여름 or 기모 or 사계절 원단 선택] 원턱 와이드 스웨트팬츠 블랙,https://image.msscdn.net/images/goods_img/20210906/2112061/2112061_17459952841713_500.jpg,False
2024-09,F,003004,트레이닝/조거 팬츠,003,바지,4,2820940,musinsastandardwoman,무신사 스탠다드 우먼,우먼즈 더블 니트 투 턱 와이드 라운지 스웨트 팬츠 [미디엄 그레이],https://image.msscdn.net/images/goods_img/20220927/2820940/2820940_17625017266952_500.jpg,False
2024-09,F,003004,트레이닝/조거 팬츠,003,바지,5,1551839,xero,제로,Deep One Tuck Sweat Pants [Black],https://image.msscdn.net/images/goods_img/20200818/1551839/1551839_1_500.jpg,False
2024-09,F,003004,트레이닝/조거 팬츠,003,바지,6,2818150,musinsastandardwoman,무신사 스탠다드 우먼,우먼즈 와이드 카고 팬츠 [블랙],https://image.msscdn.net/images/goods_img/20220926/2818150/2818150_17489933476409_500.jpg,False
2024-09,F,003004,트레이닝/조거 팬츠,003,바지,7,2820939,musinsastandardwoman,무신사 스탠다드 우먼,우먼즈 더블 니트 투 턱 와이드 라운지 스웨트 팬츠 [블랙],https://image.msscdn.net/images/goods_img/20220927/2820939/2820939_17625014945098_500.jpg,False
2024-09,F,003004,트레이닝/조거 팬츠,003,바지,8,3223947,againstallodds,에이지오디,원턱 와이드 스웨트 팬츠 [그레이],https://image.msscdn.net/images/goods_img/20230411/3223947/3223947_17689822034188_500.jpg,False
2024-09,F,003004,트레이닝/조거 팬츠,003,바지,9,2562527,takeasy,테이크이지,우먼스 월계수 와이드 팬츠(블랙),https://image.msscdn.net/images/goods_img/20220516/2562527/2562527_1_500.jpg,False
2024-09,F,003004,트레이닝/조거 팬츠,003,바지,10,2712149,avan,어반드레스,UNISEX AV WIDE PANTS - 3COL,https://image.msscdn.net/images/goods_img/20220811/2712149/2712149_17206936654637_500.jpg,False
2024-09,F,003004,트레이닝/조거 팬츠,003,바지,11,4358136,adidas,아디다스,3S 와이드 레그 팬츠 - 블랙 / IY7255,https://image.msscdn.net/images/goods_img/20240822/4358136/4358136_17246496180520_500.jpg,False
2024-09,F,003004,트레이닝/조거 팬츠,003,바지,12,3792018,filluminate,필루미네이트,나일론 투 턱 테이핑 팬츠-블랙,https://image.msscdn.net/images/goods_img/20240112/3792018/3792018_17894495787885_500.jpg,False
2024-09,F,003004,트레이닝/조거 팬츠,003,바지,13,3555931,rockcake,락케이크,Sports 96 2way Jogger Pants - Navy,https://image.msscdn.net/images/goods_img/20230913/3555931/3555931_16946827098665_500.jpg,False
2024-09,F,003004,트레이닝/조거 팬츠,003,바지,14,3154969,avan,어반드레스,Optical Side Wide Pants BLACK,https://image.msscdn.net/images/goods_img/20230316/3154969/3154969_17198074861947_500.jpg,False
2024-09,F,003004,트레이닝/조거 팬츠,003,바지,15,3753631,musinsastandardwoman,무신사 스탠다드 우먼,[쿨탠다드] 우먼즈 베리어블 라운지 스웨트 팬츠 [블랙],https://image.msscdn.net/images/goods_img/20231212/3753631/3753631_17128804541969_500.jpg,False
2024-09,F,003004,트레이닝/조거 팬츠,003,바지,16,1844582,brenson,브렌슨,(Renew Ver.) 원턱 와이드 스웨트 팬츠 ( 7Color ) ( 기모선택 ),https://image.msscdn.net/images/goods_img/20210315/1844582/1844582_17774456564921_500.jpg,False
2024-09,F,003004,트레이닝/조거 팬츠,003,바지,17,3850079,adidas,아디다스,파이어버드 루즈 트랙 팬츠 - 블랙 / IT7404,https://image.msscdn.net/images/goods_img/20240206/3850079/3850079_17072770729013_500.jpg,False
2024-09,F,003004,트레이닝/조거 팬츠,003,바지,18,2744549,anolorcode,어널러코드,사계절 쓰리턱 트레이닝팬츠 (2color),https://image.msscdn.net/images/goods_img/20220825/2744549/2744549_17848712083816_500.jpg,False
2024-09,F,003004,트레이닝/조거 팬츠,003,바지,19,3443300,likethemost,라이크더모스트,트레이닝 핀턱 와이드 팬츠 7colors,https://image.msscdn.net/images/goods_img/20230803/3443300/3443300_16913680049186_500.jpg,False
2024-09,F,003004,트레이닝/조거 팬츠,003,바지,20,3075469,takeasy,테이크이지,우먼스 스몰라쿠 와이드 팬츠(블랙),https://image.msscdn.net/images/goods_img/20230210/3075469/3075469_17017440240299_500.jpg,False
2024-09,F,003004,트레이닝/조거 팬츠,003,바지,21,3964378,rockcake,락케이크,Lace Line 2way Jogger - Black,https://image.msscdn.net/images/goods_img/20240318/3964378/3964378_17322375274866_500.jpg,False
2024-09,F,003004,트레이닝/조거 팬츠,003,바지,22,4414700,adidas,아디다스,베켄바우어 트랙 팬츠 - 브라운:핑크 / JX2806,https://image.msscdn.net/images/goods_img/20240906/4414700/4414700_17258666246131_500.jpg,False
2024-09,F,003004,트레이닝/조거 팬츠,003,바지,23,2818152,musinsastandardwoman,무신사 스탠다드 우먼,우먼즈 와이드 카고 팬츠 [베이지],https://image.msscdn.net/images/goods_img/20220926/2818152/2818152_17490021484704_500.jpg,False
2024-09,F,003004,트레이닝/조거 팬츠,003,바지,24,3568898,artistwear,아티스트웨어,[ATW x HOOLIGAN] 로고 와이드밴딩 팬츠,https://image.msscdn.net/images/goods_img/20230918/3568898/3568898_17738166658180_500.jpg,False
2024-09,F,003004,트레이닝/조거 팬츠,003,바지,25,1736562,xero,제로,Deep One Tuck Sweat Pants [White Grey],https://image.msscdn.net/images/goods_img/20210105/1736562/1736562_1_500.jpg,False
2024-09,F,003004,트레이닝/조거 팬츠,003,바지,26,1324127,musinsastandardwoman,무신사 스탠다드 우먼,우먼즈 플랫 테리 와이드 라운지 스웨트 팬츠 [블랙],https://image.msscdn.net/images/goods_img/20200226/1324127/1324127_17155613959754_500.jpg,False
2024-09,F,003004,트레이닝/조거 팬츠,003,바지,27,3075503,takeasy,테이크이지,우먼스 스몰라쿠 와이드 팬츠(네이비),https://image.msscdn.net/images/goods_img/20230210/3075503/3075503_17017438960268_500.jpg,False
2024-09,F,003004,트레이닝/조거 팬츠,003,바지,28,3223808,againstallodds,에이지오디,원턱 와이드 스웨트 팬츠 [블랙],https://image.msscdn.net/images/goods_img/20230411/3223808/3223808_17689822616365_500.jpg,False
2024-09,F,003004,트레이닝/조거 팬츠,003,바지,29,3060318,asifcalie,에즈이프 캘리,PARACHUTE CARGO PANTS KHAKI,https://image.msscdn.net/images/goods_img/20230204/3060318/3060318_17727644096629_500.jpg,False
2024-09,F,003004,트레이닝/조거 팬츠,003,바지,30,3926001,someplace,썸플레이스,[2PACK] 포켓 카고 나일론 투웨이 스트링 밴딩 팬츠,https://image.msscdn.net/images/goods_img/20240306/3926001/3926001_17198009734583_500.jpg,False
2024-09,F,003007,코튼 팬츠,003,바지,1,4293047,thecoldestmoment,더콜디스트모먼트,TCM starfish chino pants (brown),https://image.msscdn.net/images/goods_img/20240802/4293047/4293047_17231900499261_500.jpg,False
2024-09,F,003007,코튼 팬츠,003,바지,2,4250210,urbandtype,어반디타입,홈보이 벌룬 워크 팬츠_베이지,https://image.msscdn.net/images/goods_img/20240715/4250210/4250210_17877232200000_500.jpg,False
2024-09,F,003007,코튼 팬츠,003,바지,3,4293032,thecoldestmoment,더콜디스트모먼트,TCM starfish chino pants (black),https://image.msscdn.net/images/goods_img/20240802/4293032/4293032_17231900851488_500.jpg,False
2024-09,F,003007,코튼 팬츠,003,바지,4,4437639,partimentowomen,파르티멘토 우먼,2WAY 벨티드 레이어드 파라슈트 팬츠_블랙,https://image.msscdn.net/images/goods_img/20240912/4437639/4437639_17268280519545_500.jpg,False
2024-09,F,003007,코튼 팬츠,003,바지,5,4250214,urbandtype,어반디타입,홈보이 벌룬 워크 팬츠_블랙,https://image.msscdn.net/images/goods_img/20240715/4250214/4250214_17877227110999_500.jpg,False
2024-09,F,003007,코튼 팬츠,003,바지,6,4437638,partimentowomen,파르티멘토 우먼,2WAY 벨티드 레이어드 파라슈트 팬츠_브라운,https://image.msscdn.net/images/goods_img/20240912/4437638/4437638_17268279763007_500.jpg,False
2024-09,F,003007,코튼 팬츠,003,바지,7,4250212,urbandtype,어반디타입,홈보이 벌룬 워크 팬츠_카키,https://image.msscdn.net/images/goods_img/20240715/4250212/4250212_17677589796225_500.jpg,False
2024-09,F,003007,코튼 팬츠,003,바지,8,4293038,thecoldestmoment,더콜디스트모먼트,TCM starfish chino pants (charcoal),https://image.msscdn.net/images/goods_img/20240802/4293038/4293038_17231900687793_500.jpg,False
2024-09,F,003007,코튼 팬츠,003,바지,9,3378573,musinsastandardwoman,무신사 스탠다드 우먼,우먼즈 와이드 카펜터 팬츠 [블랙],https://image.msscdn.net/images/goods_img/20230622/3378573/3378573_16950909750100_500.jpg,False
2024-09,F,003007,코튼 팬츠,003,바지,10,2060759,goodlifeworks,굿라이프웍스,[여름옵션 or 4계절] 와이드 절개 벌룬팬츠 코튼 카키,https://image.msscdn.net/images/goods_img/20210812/2060759/2060759_17080505871544_500.jpg,False
2024-09,F,003007,코튼 팬츠,003,바지,11,4344099,someplace,썸플레이스,핀턱 절개 스티치 히든 스트링 백로고 코튼 와이드 팬츠 [브라운],https://image.msscdn.net/images/goods_img/20240819/4344099/4344099_17241639457714_500.jpg,False
2024-09,F,003007,코튼 팬츠,003,바지,12,2060760,goodlifeworks,굿라이프웍스,[여름옵션 or 4계절] 와이드 절개 벌룬팬츠 코튼 블랙,https://image.msscdn.net/images/goods_img/20210812/2060760/2060760_17086524586075_500.jpg,False
2024-09,F,003007,코튼 팬츠,003,바지,13,2602332,musinsastandardwoman,무신사 스탠다드 우먼,우먼즈 투 턱 와이드 치노 팬츠 [베이지],https://image.msscdn.net/images/goods_img/20220608/2602332/2602332_1_500.jpg,False
2024-09,F,003007,코튼 팬츠,003,바지,14,3285424,musinsastandardwoman,무신사 스탠다드 우먼,우먼즈 와이드 카고 팬츠 [다크 그레이],https://image.msscdn.net/images/goods_img/20230509/3285424/3285424_16964871233361_500.jpg,False
2024-09,F,003007,코튼 팬츠,003,바지,15,4298720,xtonz,엑스톤즈,XP234 리온 와이드 코튼 팬츠 (BLACK),https://image.msscdn.net/images/goods_img/20240806/4298720/4298720_17229086807474_500.jpg,False
2024-09,F,003007,코튼 팬츠,003,바지,16,4437636,partimentowomen,파르티멘토 우먼,2WAY 벨티드 레이어드 파라슈트 팬츠_카키 베이지,https://image.msscdn.net/images/goods_img/20240912/4437636/4437636_17268277986858_500.jpg,False
2024-09,F,003007,코튼 팬츠,003,바지,17,4437634,partimentowomen,파르티멘토 우먼,2WAY 벨티드 레이어드 파라슈트 팬츠_에크루,https://image.msscdn.net/images/goods_img/20240912/4437634/4437634_17268276390200_500.jpg,False
2024-09,F,003007,코튼 팬츠,003,바지,18,3378575,musinsastandardwoman,무신사 스탠다드 우먼,우먼즈 와이드 카펜터 팬츠 [크림],https://image.msscdn.net/images/goods_img/20230622/3378575/3378575_16950908614598_500.jpg,False
2024-09,F,003007,코튼 팬츠,003,바지,19,3378574,musinsastandardwoman,무신사 스탠다드 우먼,우먼즈 와이드 카펜터 팬츠 [베이지],https://image.msscdn.net/images/goods_img/20230622/3378574/3378574_16950909311453_500.jpg,False
2024-09,F,003007,코튼 팬츠,003,바지,20,3835109,oheshio,오헤시오,wide star cotton pants (black),https://image.msscdn.net/images/goods_img/20240131/3835109/3835109_17091246649998_500.jpg,False
2024-09,F,003007,코튼 팬츠,003,바지,21,3784391,glowny,글로니,G CLASSIC COTTON TWILL PANTS  (BLACK),https://image.msscdn.net/images/goods_img/20240109/3784391/3784391_17072177192864_500.jpg,False
2024-09,F,003007,코튼 팬츠,003,바지,22,2279194,compagno,꼼파뇨,벌룬 와이드 코듀로이 팬츠 다크브라운,https://image.msscdn.net/images/goods_img/20211222/2279194/2279194_17044272805911_500.jpg,False
2024-09,F,003007,코튼 팬츠,003,바지,23,2720343,xtonz,엑스톤즈,XP123 슬로건 밴딩 코튼 팬츠 (BEIGE),https://image.msscdn.net/images/goods_img/20220817/2720343/2720343_1_500.jpg,False
2024-09,F,003007,코튼 팬츠,003,바지,24,4210256,musinsastandardwoman,무신사 스탠다드 우먼,우먼즈 와이드 카펜터 팬츠 [바로크 브라운],https://image.msscdn.net/images/goods_img/20240620/4210256/4210256_17212895628011_500.jpg,False
2024-09,F,003007,코튼 팬츠,003,바지,25,4210255,musinsastandardwoman,무신사 스탠다드 우먼,우먼즈 와이드 카펜터 팬츠 [다크 그레이],https://image.msscdn.net/images/goods_img/20240620/4210255/4210255_17212896311386_500.jpg,False
2024-09,F,003007,코튼 팬츠,003,바지,26,4344100,someplace,썸플레이스,핀턱 절개 스티치 히든 스트링 백로고 코튼 와이드 팬츠 [블랙],https://image.msscdn.net/images/goods_img/20240819/4344100/4344100_17241639608296_500.jpg,False
2024-09,F,003007,코튼 팬츠,003,바지,27,2818151,musinsastandardwoman,무신사 스탠다드 우먼,우먼즈 와이드 카고 팬츠 [크림],https://image.msscdn.net/images/goods_img/20220926/2818151/2818151_17273159150473_500.jpg,False
2024-09,F,003007,코튼 팬츠,003,바지,28,2060778,goodlifeworks,굿라이프웍스,[여름옵션 or 4계절] 와이드 절개 벌룬팬츠 코튼 베이지,https://image.msscdn.net/images/goods_img/20210812/2060778/2060778_17080505281204_500.jpg,False
2024-09,F,003007,코튼 팬츠,003,바지,29,4295486,nike,나이키,스포츠웨어 미드라이즈 카고 팬츠 W - 블랙:세일 / FV7521-010,https://image.msscdn.net/images/goods_img/20240805/4295486/4295486_17240417165546_500.jpg,False
2024-09,F,003007,코튼 팬츠,003,바지,30,4339399,coyseio,코이세이오 038,BIG POCKET CARGO PANTS CHARCOAL,https://image.msscdn.net/images/goods_img/20240817/4339399/4339399_17238807762935_500.png,False
2024-09,F,003008,슈트 팬츠/슬랙스,003,바지,1,750908,wholovesart,후러브스아트,유니섹스 세미 와이드 밴딩 슬랙스 블랙,https://image.msscdn.net/images/goods_img/20180406/750908/750908_17736379434172_500.jpg,False
2024-09,F,003008,슈트 팬츠/슬랙스,003,바지,2,1596414,musinsastandardwoman,무신사 스탠다드 우먼,우먼즈 와이드 히든 밴딩 슬랙스 [블랙],https://image.msscdn.net/images/goods_img/20200911/1596414/1596414_17537745133548_500.jpg,False
2024-09,F,003008,슈트 팬츠/슬랙스,003,바지,3,2551390,musinsastandardwoman,무신사 스탠다드 우먼,우먼즈 하이 웨이스트 와이드 히든 밴딩 슬랙스 [블랙],https://image.msscdn.net/images/goods_img/20220511/2551390/2551390_17537691701922_500.jpg,False
2024-09,F,003008,슈트 팬츠/슬랙스,003,바지,4,1853715,musinsastandardwoman,무신사 스탠다드 우먼,우먼즈 웨이스트밴들리스 와이드 슬랙스 [블랙],https://image.msscdn.net/images/goods_img/20210319/1853715/1853715_17851447163608_500.jpg,False
2024-09,F,003008,슈트 팬츠/슬랙스,003,바지,5,2708877,goodlifeworks,굿라이프웍스,투턱 와이드 슬랙스 블랙,https://image.msscdn.net/images/goods_img/20220810/2708877/2708877_17871103692858_500.jpg,False
2024-09,F,003008,슈트 팬츠/슬랙스,003,바지,6,3304078,againstallodds,에이지오디,원턱 와이드 밴딩 슬랙스 [블랙],https://image.msscdn.net/images/goods_img/20230518/3304078/3304078_17612926185466_500.jpg,False
2024-09,F,003008,슈트 팬츠/슬랙스,003,바지,7,1945319,musinsastandardwoman,무신사 스탠다드 우먼,우먼즈 라이트웨이트 스트레이트 히든 밴딩 슬랙스 [블랙],https://image.msscdn.net/images/goods_img/20210511/1945319/1945319_2_500.jpg,False
2024-09,F,003008,슈트 팬츠/슬랙스,003,바지,8,1595815,musinsastandardwoman,무신사 스탠다드 우먼,우먼즈 슬림 스트레이트 히든 밴딩 슬랙스 [블랙],https://image.msscdn.net/images/goods_img/20200910/1595815/1595815_3_500.jpg,False
2024-09,F,003008,슈트 팬츠/슬랙스,003,바지,9,2371978,musinsastandardwoman,무신사 스탠다드 우먼,우먼즈 웨이스트밴들리스 와이드 슬랙스 [그레이],https://image.msscdn.net/images/goods_img/20220218/2371978/2371978_17851438066890_500.jpg,False
2024-09,F,003008,슈트 팬츠/슬랙스,003,바지,10,2240943,musinsastandardwoman,무신사 스탠다드 우먼,우먼즈 웨이스트밴들리스 와이드 슬랙스 [라이트 베이지],https://image.msscdn.net/images/goods_img/20211119/2240943/2240943_17851440825229_500.jpg,False
2024-09,F,003008,슈트 팬츠/슬랙스,003,바지,11,2551365,musinsastandardwoman,무신사 스탠다드 우먼,우먼즈 플레어 슬릿 히든 밴딩 슬랙스 [블랙],https://image.msscdn.net/images/goods_img/20220511/2551365/2551365_17139351695700_500.jpg,False
2024-09,F,003008,슈트 팬츠/슬랙스,003,바지,12,2240941,musinsastandardwoman,무신사 스탠다드 우먼,우먼즈 웨이스트밴들리스 와이드 슬랙스 [차콜 그레이],https://image.msscdn.net/images/goods_img/20211119/2240941/2240941_17851442446953_500.jpg,False
2024-09,F,003008,슈트 팬츠/슬랙스,003,바지,13,2093494,musinsastandardwoman,무신사 스탠다드 우먼,우먼즈 와이드 히든 밴딩 슬랙스 [미디엄 그레이],https://image.msscdn.net/images/goods_img/20210827/2093494/2093494_17851411192153_500.jpg,False
2024-09,F,003008,슈트 팬츠/슬랙스,003,바지,14,2551384,musinsastandardwoman,무신사 스탠다드 우먼,우먼즈 스트레이트 히든 밴딩 슬랙스 [블랙],https://image.msscdn.net/images/goods_img/20220511/2551384/2551384_17852055625618_500.jpg,False
2024-09,F,003008,슈트 팬츠/슬랙스,003,바지,15,2551372,musinsastandardwoman,무신사 스탠다드 우먼,우먼즈 리버스 투 턱 와이드 히든 밴딩 슬랙스 [블랙],https://image.msscdn.net/images/goods_img/20220511/2551372/2551372_1_500.jpg,False
2024-09,F,003008,슈트 팬츠/슬랙스,003,바지,16,3134728,musinsastandardwoman,무신사 스탠다드 우먼,[쿨탠다드] 우먼즈 세미 벌룬 히든 밴딩 슬랙스 [블랙],https://image.msscdn.net/images/goods_img/20230309/3134728/3134728_17454793986947_500.jpg,False
2024-09,F,003008,슈트 팬츠/슬랙스,003,바지,17,1945316,musinsastandardwoman,무신사 스탠다드 우먼,우먼즈 라이트웨이트 하이 웨이스트 와이드 히든 밴딩 슬랙스 [그레이],https://image.msscdn.net/images/goods_img/20210511/1945316/1945316_17484118087221_500.jpg,False
2024-09,F,003008,슈트 팬츠/슬랙스,003,바지,18,1600384,musinsastandardwoman,무신사 스탠다드 우먼,우먼즈 리얼 와이드 벨티드 슬랙스 [블랙],https://image.msscdn.net/images/goods_img/20200914/1600384/1600384_1_500.jpg,False
2024-09,F,003008,슈트 팬츠/슬랙스,003,바지,19,2792588,musinsastandardwoman,무신사 스탠다드 우먼,우먼즈 사이드 어드저스트 투 턱 와이드 슬랙스 [블랙],https://image.msscdn.net/images/goods_img/20220915/2792588/2792588_17273160659495_500.jpg,False
2024-09,F,003008,슈트 팬츠/슬랙스,003,바지,20,1945314,musinsastandardwoman,무신사 스탠다드 우먼,우먼즈 라이트웨이트 하이 웨이스트 와이드 히든 밴딩 슬랙스 [블랙],https://image.msscdn.net/images/goods_img/20210511/1945314/1945314_17179889989779_500.jpg,False
2024-09,F,003008,슈트 팬츠/슬랙스,003,바지,21,1853716,musinsastandardwoman,무신사 스탠다드 우먼,우먼즈 웨이스트밴들리스 와이드 슬랙스 [더스티 베이지],https://image.msscdn.net/images/goods_img/20210319/1853716/1853716_17851446655245_500.jpg,False
2024-09,F,003008,슈트 팬츠/슬랙스,003,바지,22,2792571,musinsastandardwoman,무신사 스탠다드 우먼,우먼즈 세미 부츠 컷 히든 밴딩 슬랙스 [블랙],https://image.msscdn.net/images/goods_img/20220915/2792571/2792571_17851425097064_500.jpg,False
2024-09,F,003008,슈트 팬츠/슬랙스,003,바지,23,2551392,musinsastandardwoman,무신사 스탠다드 우먼,우먼즈 하이 웨이스트 와이드 히든 밴딩 슬랙스 [더스티 베이지],https://image.msscdn.net/images/goods_img/20220511/2551392/2551392_17851429480633_500.jpg,False
2024-09,F,003008,슈트 팬츠/슬랙스,003,바지,24,1853717,musinsastandardwoman,무신사 스탠다드 우먼,우먼즈 웨이스트밴들리스 와이드 슬랙스 [네이비],https://image.msscdn.net/images/goods_img/20210319/1853717/1853717_17851445539912_500.jpg,False
2024-09,F,003008,슈트 팬츠/슬랙스,003,바지,25,2551391,musinsastandardwoman,무신사 스탠다드 우먼,우먼즈 하이 웨이스트 와이드 히든 밴딩 슬랙스 [그레이],https://image.msscdn.net/images/goods_img/20220511/2551391/2551391_17155660467685_500.jpg,False
2024-09,F,003008,슈트 팬츠/슬랙스,003,바지,26,1851966,musinsastandardwoman,무신사 스탠다드 우먼,우먼즈 와이드 히든 밴딩 슬랙스 [차콜 그레이],https://image.msscdn.net/images/goods_img/20210318/1851966/1851966_2_500.jpg,False
2024-09,F,003008,슈트 팬츠/슬랙스,003,바지,27,4146820,placestudio,플레이스 스튜디오,핀턱 밴딩 레이어드 로우라이즈 와이드 슬랙스 팬츠 [블랙],https://image.msscdn.net/images/goods_img/20240522/4146820/4146820_17525387727616_500.jpg,False
2024-09,F,003008,슈트 팬츠/슬랙스,003,바지,28,2371975,musinsastandardwoman,무신사 스탠다드 우먼,우먼즈 리얼 와이드 벨티드 슬랙스 [그레이],https://image.msscdn.net/images/goods_img/20220218/2371975/2371975_1_500.jpg,False
2024-09,F,003008,슈트 팬츠/슬랙스,003,바지,29,2240942,musinsastandardwoman,무신사 스탠다드 우먼,우먼즈 웨이스트밴들리스 와이드 슬랙스 [미디엄 그레이],https://image.msscdn.net/images/goods_img/20211119/2240942/2240942_17851442018439_500.jpg,False
2024-09,F,003008,슈트 팬츠/슬랙스,003,바지,30,2708879,goodlifeworks,굿라이프웍스,투턱 와이드 슬랙스 그레이,https://image.msscdn.net/images/goods_img/20220810/2708879/2708879_17864119204729_500.jpg,False
2024-09,F,003009,숏 팬츠,003,바지,1,4057624,lemainsecond,리메인세컨드,버뮤다 와이드 원턱 스웨트 쇼츠 [그레이],https://image.msscdn.net/images/goods_img/20240416/4057624/4057624_17818375437486_500.jpg,False
2024-09,F,003009,숏 팬츠,003,바지,2,3328615,avan,어반드레스,Wide Cargo Half Denim Pants - 4COL,https://image.msscdn.net/images/goods_img/20230526/3328615/3328615_17169645408063_500.jpg,False
2024-09,F,003009,숏 팬츠,003,바지,3,4111294,trillion,트릴리온,캣 브러쉬 워시드 버뮤다 데님 쇼츠 (SAND BLUE),https://image.msscdn.net/images/goods_img/20240507/4111294/4111294_17471253714702_500.jpg,False
2024-09,F,003009,숏 팬츠,003,바지,4,3228764,dimitriblack,디미트리블랙,바이오워싱 카펜터 버뮤다 데님 팬츠_라이트블루,https://image.msscdn.net/images/goods_img/20230412/3228764/3228764_17769946291978_500.jpg,False
2024-09,F,003009,숏 팬츠,003,바지,5,2574822,brenson,브렌슨,(Renew Ver.) 원턱 와이드 반바지 ( 6Color ),https://image.msscdn.net/images/goods_img/20220523/2574822/2574822_17774456124536_500.jpg,False
2024-09,F,003009,숏 팬츠,003,바지,6,3877779,easynoeasy,이지노이지,8부 데님 버뮤다팬츠 - 딥블루,https://image.msscdn.net/images/goods_img/20240216/3877779/3877779_17501497851354_500.jpg,False
2024-09,F,003009,숏 팬츠,003,바지,7,3231055,againstallodds,에이지오디,버뮤다 와이드 원턱 스웨트 쇼츠 [그레이],https://image.msscdn.net/images/goods_img/20230413/3231055/3231055_17108290911916_500.jpg,False
2024-09,F,003009,숏 팬츠,003,바지,8,4057927,lemainsecond,리메인세컨드,버뮤다 와이드 원턱 카고 스웨트 쇼츠 [그레이],https://image.msscdn.net/images/goods_img/20240416/4057927/4057927_17791537502858_500.jpg,False
2024-09,F,003009,숏 팬츠,003,바지,9,4111296,trillion,트릴리온,캣 브러쉬 워시드 버뮤다 데님 쇼츠 (NORMAL BLACK),https://image.msscdn.net/images/goods_img/20240507/4111296/4111296_17471253413933_500.jpg,False
2024-09,F,003009,숏 팬츠,003,바지,10,3281241,magoodgan,맥우드건,버나드 7907 카펜터 버뮤다 미디움인디고 쇼츠팬츠,https://image.msscdn.net/images/goods_img/20230508/3281241/3281241_16835314669311_500.jpg,False
2024-09,F,003009,숏 팬츠,003,바지,11,4242184,adidas,아디다스,레더 숏 팬츠 - 블랙 / IY7320,https://image.msscdn.net/images/goods_img/20240710/4242184/4242184_17210261096008_500.jpg,False
2024-09,F,003009,숏 팬츠,003,바지,12,4036307,dimitriblack,디미트리블랙,바이오워싱 카펜터 버뮤다 데님 팬츠_옐로우 워싱,https://image.msscdn.net/images/goods_img/20240408/4036307/4036307_17739929938780_500.jpg,False
2024-09,F,003009,숏 팬츠,003,바지,13,4057601,lemainsecond,리메인세컨드,버뮤다 와이드 원턱 스웨트 쇼츠 [블랙],https://image.msscdn.net/images/goods_img/20240416/4057601/4057601_17503866887256_500.jpg,False
2024-09,F,003009,숏 팬츠,003,바지,14,3868162,michikolondon,미치코런던,유니언잭 골지 쇼츠 블랙,https://image.msscdn.net/images/goods_img/20240214/3868162/3868162_17084924878082_500.jpg,False
2024-09,F,003009,숏 팬츠,003,바지,15,4116246,comieu,쏘비,피그먼트 버뮤다 볼디 팬츠_3 Color,https://image.msscdn.net/images/goods_img/20240509/4116246/4116246_17364060157045_500.png,False
2024-09,F,003009,숏 팬츠,003,바지,16,4024920,againstallodds,에이지오디,버뮤다 와이드 원턱 카고 스웨트 쇼츠 [블랙],https://image.msscdn.net/images/goods_img/20240404/4024920/4024920_17689895874943_500.jpg,False
2024-09,F,003009,숏 팬츠,003,바지,17,3281192,magoodgan,맥우드건,버나드 7907 카펜터 버뮤다 그레이 쇼츠팬츠,https://image.msscdn.net/images/goods_img/20230508/3281192/3281192_17419362683951_500.jpg,False
2024-09,F,003009,숏 팬츠,003,바지,18,3230964,againstallodds,에이지오디,버뮤다 와이드 원턱 스웨트 쇼츠 [블랙],https://image.msscdn.net/images/goods_img/20230413/3230964/3230964_17430340874885_500.png,False
2024-09,F,003009,숏 팬츠,003,바지,19,3074974,musinsastandardwoman,무신사 스탠다드 우먼,우먼즈 더블 니트 스웨트 쇼츠 [블랙],https://image.msscdn.net/images/goods_img/20230210/3074974/3074974_16818092685747_500.jpg,False
2024-09,F,003009,숏 팬츠,003,바지,20,4097271,dimitriblack,디미트리블랙,ASI 에센셜 버뮤다 스웻 팬츠_피그먼트 그레이,https://image.msscdn.net/images/goods_img/20240430/4097271/4097271_17167912046664_500.png,False
2024-09,F,003009,숏 팬츠,003,바지,21,3298190,thecoldestmoment,더콜디스트모먼트,TCM starfish half sweat pants (grey),https://image.msscdn.net/images/goods_img/20230516/3298190/3298190_16847391633393_500.jpg,False
2024-09,F,003009,숏 팬츠,003,바지,22,4036310,dimitriblack,디미트리블랙,바이오워싱 카펜터 버뮤다 데님 팬츠_그레이,https://image.msscdn.net/images/goods_img/20240408/4036310/4036310_17164417160485_500.jpg,False
2024-09,F,003009,숏 팬츠,003,바지,23,1446775,brenson,브렌슨,(Renew Ver.) 루즈핏  반바지 ( 4Color ),https://image.msscdn.net/images/goods_img/20200514/1446775/1446775_17561707502333_500.jpg,False
2024-09,F,003009,숏 팬츠,003,바지,24,3378570,musinsastandardwoman,무신사 스탠다드 우먼,우먼즈 원 턱 와이드 코듀로이 쇼츠 [블랙],https://image.msscdn.net/images/goods_img/20230622/3378570/3378570_17677815944713_500.jpg,False
2024-09,F,003009,숏 팬츠,003,바지,25,4169851,easynoeasy,이지노이지,8부 데님 버뮤다팬츠 - 흑청,https://image.msscdn.net/images/goods_img/20240531/4169851/4169851_17218670233120_500.jpg,False
2024-09,F,003009,숏 팬츠,003,바지,26,4036308,dimitriblack,디미트리블랙,바이오워싱 카펜터 버뮤다 데님 팬츠_블랙,https://image.msscdn.net/images/goods_img/20240408/4036308/4036308_17739928808765_500.jpg,False
2024-09,F,003009,숏 팬츠,003,바지,27,3877777,easynoeasy,이지노이지,8부 데님 버뮤다팬츠 - 라이트블루,https://image.msscdn.net/images/goods_img/20240216/3877777/3877777_17082513378864_500.jpg,False
2024-09,F,003009,숏 팬츠,003,바지,28,3703255,glowny,글로니,G CLASSIC RIB SHORTS (BLACK),https://image.msscdn.net/images/goods_img/20231110/3703255/3703255_17012603094566_500.jpg,False
2024-09,F,003009,숏 팬츠,003,바지,29,544003,grooverhyme,그루브라임,[2PACK] BASIC HALF PANTS (C100 30S트윌 풀밴딩 4부 쇼츠) (19COLOR) [LRAMCNH750P],https://image.msscdn.net/images/goods_img/20170424/544003/544003_17430626093637_500.jpg,False
2024-09,F,003009,숏 팬츠,003,바지,30,3877605,easynoeasy,이지노이지,스냅 8부 스웨트 버뮤다팬츠 - 블랙,https://image.msscdn.net/images/goods_img/20240216/3877605/3877605_17501487788086_500.jpg,False
2024-09,F,003005,레깅스,003,바지,1,3449637,xexymix,젝시믹스,블랙라벨 시그니처 360N 더블플러피 기모 레깅스 블랙,https://image.msscdn.net/images/goods_img/20230808/3449637/3449637_17026088164053_500.jpg,False
2024-09,F,003005,레깅스,003,바지,2,3750666,borntowin,본투윈,B LOGO 3.5 BIKER SHORTS [BLACK],https://image.msscdn.net/images/goods_img/20231208/3750666/3750666_17579026718469_500.jpg,False
2024-09,F,003005,레깅스,003,바지,3,4308738,adidas,아디다스,에센셜 립 플레어드 레깅스 - 블랙 / IW5727,https://image.msscdn.net/images/goods_img/20240808/4308738/4308738_17236097274948_500.jpg,False
2024-09,F,003005,레깅스,003,바지,4,2579768,cielcoco,씨엘코코,CLWP3013 텐션 업 바이커 쇼츠 블랙,https://image.msscdn.net/images/goods_img/20220524/2579768/2579768_17554927910484_500.jpg,False
2024-09,F,003005,레깅스,003,바지,5,3071546,andar,안다르,NEW 에어쿨링 샤론 부츠컷 레깅스 (롱)_블랙,https://image.msscdn.net/images/goods_img/20230209/3071546/3071546_16759136480068_500.jpg,False
2024-09,F,003005,레깅스,003,바지,6,3414542,andar,안다르,[2 PACK] 에어쿨링 지니 시그니처 레깅스 (9부),https://image.msscdn.net/images/goods_img/20230719/3414542/3414542_17236153921524_500.jpg,False
2024-09,F,003005,레깅스,003,바지,7,4251372,borntowin,본투윈,OUTBAND 3.5 BIKER SHORTS [BLACK],https://image.msscdn.net/images/goods_img/20240716/4251372/4251372_17591064413250_500.jpg,False
2024-09,F,003005,레깅스,003,바지,8,4216275,nike,나이키,프로 365 8인치 쇼츠 W - 블랙:화이트 / CZ9841-010,https://image.msscdn.net/images/goods_img/20240624/4216275/4216275_17199758081501_500.jpg,False
2024-09,F,003005,레깅스,003,바지,9,3940246,hadex,에이치덱스,우먼스 서포트 부츠컷 레깅스 (Black),https://image.msscdn.net/images/goods_img/20240311/3940246/3940246_17888258046932_500.jpg,False
2024-09,F,003005,레깅스,003,바지,10,3379413,andar,안다르,[2 PACK] 에어쿨링 지니 시그니처 레깅스 (8.2부),https://image.msscdn.net/images/goods_img/20230623/3379413/3379413_17236154118022_500.jpg,False
2024-09,F,003005,레깅스,003,바지,11,4300181,volante,볼란테,Woman OG High Waist Biker Shorts [Black],https://image.msscdn.net/images/goods_img/20240806/4300181/4300181_17254134435190_500.jpg,False
2024-09,F,003005,레깅스,003,바지,12,4300073,volante,볼란테,Woman OG Jaquard Banding Biker Shorts [Black],https://image.msscdn.net/images/goods_img/20240806/4300073/4300073_17479769774867_500.jpg,False
2024-09,F,003005,레깅스,003,바지,13,3572490,physicalgarments,피지컬가먼츠,P5016 우먼 라이트 부츠컷 레깅스 [블랙],https://image.msscdn.net/images/goods_img/20230919/3572490/3572490_16952716547042_500.jpg,False
2024-09,F,003005,레깅스,003,바지,14,2387085,conchwear,콘치웨어,[롱버전출시!] 와일드 부츠컷 레깅스,https://image.msscdn.net/images/goods_img/20220225/2387085/2387085_17866848481812_500.jpg,False
2024-09,F,003005,레깅스,003,바지,15,2481313,skullpig,스컬피그,[SWL22006-01] 익스트림 프로 4.5부 레깅스 젠틀블랙,https://image.msscdn.net/images/goods_img/20220412/2481313/2481313_17745093646417_500.jpg,False
2024-09,F,003005,레깅스,003,바지,16,4251056,borntowin,본투윈,STROKE B BOOTS CUT LEGGINGS [GREY],https://image.msscdn.net/images/goods_img/20240716/4251056/4251056_17213670444812_500.jpg,False
2024-09,F,003005,레깅스,003,바지,17,4044110,skullpig,스컬피그,[SWL24028-01] 익스트림 프로 3.5부 레깅스 젠틀블랙,https://image.msscdn.net/images/goods_img/20240411/4044110/4044110_17745098010809_500.jpg,False
2024-09,F,003005,레깅스,003,바지,18,4188227,adidas,아디다스,3S 1/2 레깅스 - 블랙 / IP2976,https://image.msscdn.net/images/goods_img/20240611/4188227/4188227_17181738065343_500.jpg,False
2024-09,F,003005,레깅스,003,바지,19,4291657,andar,안다르,[2 PACK] 에어쿨링 3부 레깅스,https://image.msscdn.net/images/goods_img/20240802/4291657/4291657_17253512863044_500.jpg,False
2024-09,F,003005,레깅스,003,바지,20,3071536,andar,안다르,NEW 에어쿨링 샤론 부츠컷 레깅스 (숏)_블랙,https://image.msscdn.net/images/goods_img/20230209/3071536/3071536_16759135846296_500.jpg,False
2024-09,F,003005,레깅스,003,바지,21,1010259,deviwear,데비웨어,여성 요가복 DEVI-B0013-블랙 필라테스 군살제로 바이커 5부,https://image.msscdn.net/images/goods_img/20190410/1010259/1010259_17738163741664_500.jpg,False
2024-09,F,003005,레깅스,003,바지,22,4256224,mulawear,뮬라웨어,텐션 업 부츠 커트 레깅스 AWNELG404_블랙,https://image.msscdn.net/images/goods_img/20240717/4256224/4256224_17383116764975_500.jpg,False
2024-09,F,003005,레깅스,003,바지,23,3449760,xexymix,젝시믹스,V업 3D 플러스 레깅스 블랙,https://image.msscdn.net/images/goods_img/20230808/3449760/3449760_16917104184611_500.jpg,False
2024-09,F,003005,레깅스,003,바지,24,4384182,andar,안다르,[2 PACK] 에어쿨링 지니 바이커 5부 레깅스,https://image.msscdn.net/images/goods_img/20240829/4384182/4384182_17609384013580_500.jpg,False
2024-09,F,003005,레깅스,003,바지,25,4187872,nike,나이키,프로 365 5인치 쇼츠 W - 블랙:화이트 / CZ9832-010,https://image.msscdn.net/images/goods_img/20240611/4187872/4187872_17199758408348_500.jpg,False
2024-09,F,003005,레깅스,003,바지,26,2753530,formative,포머티브,(FM10622)올데이 라인업 부츠컷 레깅스_뉴블랙,https://image.msscdn.net/images/goods_img/20220830/2753530/2753530_17322410338229_500.jpg,False
2024-09,F,003005,레깅스,003,바지,27,3984369,hadex,에이치덱스,우먼스 서포트 5.0 바이커 쇼츠 (Black),https://image.msscdn.net/images/goods_img/20240322/3984369/3984369_17119371615433_500.jpg,False
2024-09,F,003005,레깅스,003,바지,28,3450491,andar,안다르,에어엑스퍼트 8.2부 임부레깅스_블랙,https://image.msscdn.net/images/goods_img/20230808/3450491/3450491_16914644714696_500.jpg,False
2024-09,F,003005,레깅스,003,바지,29,3449705,xexymix,젝시믹스,블랙라벨 시그니처 360N 부츠컷 팬츠 블랙,https://image.msscdn.net/images/goods_img/20230808/3449705/3449705_16935550728781_500.jpg,False
2024-09,F,003005,레깅스,003,바지,30,4002543,borntowin,본투윈,BORNTOWIN LINE BOOTS CUT LEGGINGS [BLACK],https://image.msscdn.net/images/goods_img/20240328/4002543/4002543_17121975424754_500.jpg,False
2024-09,F,003010,점프 슈트/오버올,003,바지,1,3040868,nastyfancyclub,팬시클럽,[NF] 유쓰 데님 오버롤_F23QD844,https://image.msscdn.net/images/goods_img/20230126/3040868/3040868_17423452286743_500.jpg,False
2024-09,F,003010,점프 슈트/오버올,003,바지,2,4328109,unknownplanet,언노운 플라넷,오버롤 미디엄 샌드 블루,https://image.msscdn.net/images/goods_img/20240814/4328109/4328109_17829642557299_500.jpg,False
2024-09,F,003010,점프 슈트/오버올,003,바지,3,2775784,unknownplanet,언노운 플라넷,UP-305 오버롤 빈티지 데님 팬츠,https://image.msscdn.net/images/goods_img/20220907/2775784/2775784_17282857086683_500.jpg,False
2024-09,F,003010,점프 슈트/오버올,003,바지,4,4307437,marithefrancoisgirbaud,마리떼 프랑소와 저버,W CORDUROY OVERALL PANTS brown,https://image.msscdn.net/images/goods_img/20240808/4307437/4307437_17241312471435_500.jpg,False
2024-09,F,003010,점프 슈트/오버올,003,바지,5,4342635,withoutsummer,위드아웃썸머,넬리 오버롤_네이비,https://image.msscdn.net/images/goods_img/20240819/4342635/4342635_17242056856121_500.jpg,False
2024-09,F,003010,점프 슈트/오버올,003,바지,6,2876536,rainmaker,레인메이커,W CORDUROY JUMPSUIT (PINK) _ R23WCO03PK,https://image.msscdn.net/images/goods_img/20221019/2876536/2876536_1_500.jpg,False
2024-09,F,003010,점프 슈트/오버올,003,바지,7,4041725,greenbutter,그린버터,Zipper Overall pants (Navy),https://image.msscdn.net/images/goods_img/20240409/4041725/4041725_17126545683185_500.jpg,False
2024-09,F,003010,점프 슈트/오버올,003,바지,8,3928305,avan,어반드레스,Painter Jumpsuit BLACK,https://image.msscdn.net/images/goods_img/20240306/3928305/3928305_17171286086255_500.jpg,False
2024-09,F,003010,점프 슈트/오버올,003,바지,9,4248027,tommyjeans,타미진스,데이지 덩가리 데님 팬츠 (T32E6NED20TWT11A5),https://image.msscdn.net/images/goods_img/20240712/4248027/4248027_17261111460322_500.jpg,False
2024-09,F,003010,점프 슈트/오버올,003,바지,10,4142962,covernatwoman,커버낫 우먼,[COVERNAT X WRANGLER] 우먼 레직기 오버롤 Indigo Medium,https://image.msscdn.net/images/goods_img/20240520/4142962/4142962_17161950836065_500.jpg,False
2024-09,F,003010,점프 슈트/오버올,003,바지,11,3325992,unknownplanet,언노운 플라넷,오버롤 화이트,https://image.msscdn.net/images/goods_img/20230525/3325992/3325992_17159623906856_500.jpg,False
2024-09,F,003010,점프 슈트/오버올,003,바지,12,3040869,nastyfancyclub,팬시클럽,[NF] 유쓰 데님 오버롤 (DARK BLUE)_F23QD844,https://image.msscdn.net/images/goods_img/20230126/3040869/3040869_16854217673275_500.jpg,False
2024-09,F,003010,점프 슈트/오버올,003,바지,13,4388449,somewherebutter,썸웨어버터,Vintage Low Skirt Overall - Brown,https://image.msscdn.net/images/goods_img/20240830/4388449/4388449_17255188946379_500.jpg,False
2024-09,F,003010,점프 슈트/오버올,003,바지,14,4041719,greenbutter,그린버터,Zipper Overall pants (Khaki),https://image.msscdn.net/images/goods_img/20240409/4041719/4041719_17126545222268_500.jpg,False
2024-09,F,003010,점프 슈트/오버올,003,바지,15,4085436,unknownplanet,언노운 플라넷,오버롤 라이트 샌드 블루,https://image.msscdn.net/images/goods_img/20240425/4085436/4085436_17812463219331_500.jpg,False
2024-09,F,003010,점프 슈트/오버올,003,바지,16,3928319,avan,어반드레스,Rupy Overall Wide Pants BLUE,https://image.msscdn.net/images/goods_img/20240306/3928319/3928319_17171286670428_500.jpg,False
2024-09,F,003010,점프 슈트/오버올,003,바지,17,3805018,penfield,펜필드,RIPSTOP ARTISAN SKIRT OVERALL KHAKI_FQ1WS70F,https://image.msscdn.net/images/goods_img/20240118/3805018/3805018_17252757487929_500.jpg,False
2024-09,F,003010,점프 슈트/오버올,003,바지,18,4300009,lee,리,유니 오버롤 팬츠 블랙,https://image.msscdn.net/images/goods_img/20240806/4300009/4300009_17261035449396_500.jpg,False
2024-09,F,003010,점프 슈트/오버올,003,바지,19,3835472,oheshio,오헤시오,cotton overall pants (white),https://image.msscdn.net/images/goods_img/20240131/3835472/3835472_17091242394916_500.jpg,False
2024-09,F,003010,점프 슈트/오버올,003,바지,20,840830,thestori,더스토리,코튼 오버롤 멜빵 팬츠 [블랙],https://image.msscdn.net/images/goods_img/20180829/840830/840830_17617812478863_500.jpg,False
2024-09,F,003010,점프 슈트/오버올,003,바지,21,3152653,nocontent,노컨텐츠,데님 서스펜더스 팬츠,https://image.msscdn.net/images/goods_img/20230316/3152653/3152653_17061574273834_500.jpg,False
2024-09,F,003010,점프 슈트/오버올,003,바지,22,3928317,avan,어반드레스,Rupy Overall Wide Pants BLACK,https://image.msscdn.net/images/goods_img/20240306/3928317/3928317_17171287111229_500.jpg,False
2024-09,F,003010,점프 슈트/오버올,003,바지,23,4328108,unknownplanet,언노운 플라넷,오버롤 머드 샌드 블루,https://image.msscdn.net/images/goods_img/20240814/4328108/4328108_17239710401549_500.jpg,False
2024-09,F,003010,점프 슈트/오버올,003,바지,24,3944428,ronron,론론,OVERALLS DENIM PANTS MEDIUM BLUE,https://image.msscdn.net/images/goods_img/20240312/3944428/3944428_17198865714805_500.jpg,False
2024-09,F,003010,점프 슈트/오버올,003,바지,25,4301179,covernatwoman,커버낫 우먼,우먼 데님 오버롤 Blue,https://image.msscdn.net/images/goods_img/20240806/4301179/4301179_17236177884311_500.jpg,False
2024-09,F,003010,점프 슈트/오버올,003,바지,26,4328106,unknownplanet,언노운 플라넷,오버롤 샌드 블랙,https://image.msscdn.net/images/goods_img/20240814/4328106/4328106_17812444658634_500.jpg,False
2024-09,F,003010,점프 슈트/오버올,003,바지,27,2164847,avan,어반드레스,VINTAGE RETRO JUMPSUIT - 3COL,https://image.msscdn.net/images/goods_img/20211006/2164847/2164847_17186786013218_500.jpg,False
2024-09,F,003010,점프 슈트/오버올,003,바지,28,4218579,fairliar,페어라이어 골프,하트 심볼 점프 수트(블랙),https://image.msscdn.net/images/goods_img/20240625/4218579/4218579_17193121732929_500.jpg,False
2024-09,F,003010,점프 슈트/오버올,003,바지,29,3922025,lee,리,우먼 데님 오버롤 인디고 미듐,https://image.msscdn.net/images/goods_img/20240305/3922025/3922025_17096061496915_500.jpg,False
2024-09,F,003010,점프 슈트/오버올,003,바지,30,3815379,tommyjeans,타미진스,데이지 와이드핏 다크 블루 데님 덩가리 (T32E0NED23TWT11BK),https://image.msscdn.net/images/goods_img/20240123/3815379/3815379_17059899914112_500.jpg,False
2024-09,F,003006,기타 하의,003,바지,1,3939830,urbandtype,어반디타입,코튼 와이드 카고 팬츠_카키,https://image.msscdn.net/images/goods_img/20240311/3939830/3939830_17449522802823_500.jpg,False
2024-09,F,003006,기타 하의,003,바지,2,4324770,niceghostclub,나이스고스트클럽,LOGO SWEAT LAYERED PANTS_CHARCOAL(NG2DFUPA91A),https://image.msscdn.net/images/goods_img/20240813/4324770/4324770_17237784346824_500.jpg,False
2024-09,F,003006,기타 하의,003,바지,3,2701466,niceghostclub,나이스고스트클럽,LOGO SWEAT LAYERED PANTS_BLACK(NG2DFUPA91A),https://image.msscdn.net/images/goods_img/20220805/2701466/2701466_17683538441423_500.jpg,False
2024-09,F,003006,기타 하의,003,바지,4,4344010,treemingbird,트리밍버드,Layered Drape Wrap Trouser [ Black ],https://image.msscdn.net/images/goods_img/20240819/4344010/4344010_17267431482588_500.jpg,False
2024-09,F,003006,기타 하의,003,바지,5,3939834,urbandtype,어반디타입,코튼 와이드 카고 팬츠_베이지,https://image.msscdn.net/images/goods_img/20240311/3939834/3939834_17449523513032_500.jpg,False
2024-09,F,003006,기타 하의,003,바지,6,4344006,treemingbird,트리밍버드,Front Yoke Leather Pants [ Black ],https://image.msscdn.net/images/goods_img/20240819/4344006/4344006_17267438458733_500.jpg,False
2024-09,F,003006,기타 하의,003,바지,7,2978123,musinsastandardwoman,무신사 스탠다드 우먼,우먼즈 파라슈트 팬츠 [블랙],https://image.msscdn.net/images/goods_img/20221209/2978123/2978123_17677822252857_500.jpg,False
2024-09,F,003006,기타 하의,003,바지,8,3868565,misekiseoul,미세키서울,Pocket cargo bootscut pants BLACK,https://image.msscdn.net/images/goods_img/20240214/3868565/3868565_17816741879898_500.jpg,False
2024-09,F,003006,기타 하의,003,바지,9,4304163,aakam,아캄,Knee Pin-tuck Camouflage Twill Pants (Black),https://image.msscdn.net/images/goods_img/20240807/4304163/4304163_17243269019342_500.jpg,False
2024-09,F,003006,기타 하의,003,바지,10,4198781,nike,나이키,에어 미드라이즈 플리스 조거 팬츠 W - 블랙:화이트 / FN1903-010,https://image.msscdn.net/images/goods_img/20240614/4198781/4198781_17187594992031_500.jpg,False
2024-09,F,003006,기타 하의,003,바지,11,3758422,musinsastandardwoman,무신사 스탠다드 우먼,우먼즈 세미 부츠 컷 유틸리티 카고 팬츠 [블랙],https://image.msscdn.net/images/goods_img/20231215/3758422/3758422_17086597985894_500.jpg,False
2024-09,F,003006,기타 하의,003,바지,12,3851446,runninghigh,러닝하이,립스탑 밴딩 카고 팬츠 [블랙 카모],https://image.msscdn.net/images/goods_img/20240206/3851446/3851446_17073537796074_500.jpg,False
2024-09,F,003006,기타 하의,003,바지,13,4339389,coyseio,코이세이오 038,STRAP LINE PANTS BROWN,https://image.msscdn.net/images/goods_img/20240817/4339389/4339389_17238807127411_500.png,False
2024-09,F,003006,기타 하의,003,바지,14,4338871,nastyfancyclub,팬시클럽,코지 스트라이프 와이드 팬츠 (GRAY)_F24ZD881,https://image.msscdn.net/images/goods_img/20240816/4338871/4338871_17326021030581_500.jpg,False
2024-09,F,003006,기타 하의,003,바지,15,3555702,ojos,오호스,Jersey Pleats Skirt Pants / Black,https://image.msscdn.net/images/goods_img/20230913/3555702/3555702_16945748888390_500.png,False
2024-09,F,003006,기타 하의,003,바지,16,4339388,coyseio,코이세이오 038,STRAP LINE PANTS GREY,https://image.msscdn.net/images/goods_img/20240817/4339388/4339388_17238807067003_500.png,False
2024-09,F,003006,기타 하의,003,바지,17,3851445,runninghigh,러닝하이,립스탑 밴딩 카고 팬츠 [베이지],https://image.msscdn.net/images/goods_img/20240206/3851445/3851445_17073536323024_500.jpg,False
2024-09,F,003006,기타 하의,003,바지,18,4333319,ronron,론론,CANCAN RUFFLE LAYERED PANTSKIRT MELANGE GREY,https://image.msscdn.net/images/goods_img/20240815/4333319/4333319_17254414883596_500.jpg,False
2024-09,F,003006,기타 하의,003,바지,19,2817384,slowrecordhouse,슬로우 레코드 하우스,빅 포켓 카고 팬츠 - 3 COLOR,https://image.msscdn.net/images/goods_img/20220924/2817384/2817384_1_500.jpg,False
2024-09,F,003006,기타 하의,003,바지,20,3730397,musinsastandardwoman,무신사 스탠다드 우먼,우먼즈 쿨링 딥 턱 와이드 밴딩 팬츠 [블랙],https://image.msscdn.net/images/goods_img/20231123/3730397/3730397_17775354626740_500.jpg,False
2024-09,F,003006,기타 하의,003,바지,21,3758426,musinsastandardwoman,무신사 스탠다드 우먼,우먼즈 브라이트 파라슈트 카고 팬츠 [그레이],https://image.msscdn.net/images/goods_img/20231215/3758426/3758426_17068395021908_500.jpg,False
2024-09,F,003006,기타 하의,003,바지,22,4035251,flareup,플레어업,[SET] Handmade Twisted Skirt Pants (FL-237_Black),https://image.msscdn.net/images/goods_img/20240408/4035251/4035251_17128067196523_500.jpg,False
2024-09,F,003006,기타 하의,003,바지,23,4371078,fritur,프리터,The KYOTO Cargo Pants Navy_F243PT01,https://image.msscdn.net/images/goods_img/20240826/4371078/4371078_17246719380279_500.jpg,False
2024-09,F,003006,기타 하의,003,바지,24,2978124,musinsastandardwoman,무신사 스탠다드 우먼,우먼즈 파라슈트 팬츠 [라이트 베이지],https://image.msscdn.net/images/goods_img/20221209/2978124/2978124_17677827458327_500.jpg,False
2024-09,F,003006,기타 하의,003,바지,25,4137951,nike,나이키,스포츠웨어 피닉스 플러시 하이웨이스트 와이드레그 코지 플리스 팬츠 W - 블랙:세일 / FN3623-010,https://image.msscdn.net/images/goods_img/20240517/4137951/4137951_17162601958898_500.jpg,False
2024-09,F,003006,기타 하의,003,바지,26,3730408,musinsastandardwoman,무신사 스탠다드 우먼,우먼즈 나일론 와이드 스트링 팬츠 [블랙],https://image.msscdn.net/images/goods_img/20231123/3730408/3730408_17110052020513_500.jpg,False
2024-09,F,003006,기타 하의,003,바지,27,3758427,musinsastandardwoman,무신사 스탠다드 우먼,우먼즈 브라이트 파라슈트 카고 팬츠 [퍼플 그레이],https://image.msscdn.net/images/goods_img/20231215/3758427/3758427_17068394595079_500.jpg,False
2024-09,F,003006,기타 하의,003,바지,28,4344009,treemingbird,트리밍버드,Layered Drape Wrap Trouser [ Charcoal ],https://image.msscdn.net/images/goods_img/20240819/4344009/4344009_17267433288326_500.jpg,False
2024-09,F,003006,기타 하의,003,바지,29,4175652,fottsfotts,포츠포츠,24SS 오버래핑 팬츠 - 네이비/OVERLAPPING PANTS / NAVY,https://image.msscdn.net/images/goods_img/20240604/4175652/4175652_17174822621736_500.jpg,False
2024-09,F,003006,기타 하의,003,바지,30,3400509,1993studio,1993스튜디오,더블 스티치 와이드 팬츠_블랙,https://image.msscdn.net/images/goods_img/20230710/3400509/3400509_16965694053554_500.jpg,False
2024-09,F,100,원피스/스커트,,,1,4437600,partimentowomen,파르티멘토 우먼,컷 오프 게더링 플리츠 맥시 스커트_차콜,https://image.msscdn.net/images/goods_img/20240912/4437600/4437600_17268268747113_500.jpg,False
2024-09,F,100,원피스/스커트,,,2,4437601,partimentowomen,파르티멘토 우먼,컷 오프 게더링 플리츠 맥시 스커트_블랙,https://image.msscdn.net/images/goods_img/20240912/4437601/4437601_17268269484012_500.jpg,False
2024-09,F,100,원피스/스커트,,,3,4437597,partimentowomen,파르티멘토 우먼,컷 오프 게더링 플리츠 맥시 스커트_에크루,https://image.msscdn.net/images/goods_img/20240912/4437597/4437597_17268262238546_500.jpg,False
2024-09,F,100,원피스/스커트,,,4,2792603,musinsastandardwoman,무신사 스탠다드 우먼,우먼즈 맥시 스커트 [블랙],https://image.msscdn.net/images/goods_img/20220915/2792603/2792603_17536886431375_500.jpg,False
2024-09,F,100,원피스/스커트,,,5,2792604,musinsastandardwoman,무신사 스탠다드 우먼,우먼즈 맥시 스커트 [미디엄 그레이],https://image.msscdn.net/images/goods_img/20220915/2792604/2792604_16728975851407_500.jpg,False
2024-09,F,100,원피스/스커트,,,6,2448899,musinsastandardwoman,무신사 스탠다드 우먼,우먼즈 프론트 슬릿 데님 롱 스커트 [워시드 블랙],https://image.msscdn.net/images/goods_img/20220328/2448899/2448899_17661127529056_500.jpg,False
2024-09,F,100,원피스/스커트,,,7,4336061,adidas,아디다스,파이어버드 니트 스커트 - 블랙 / IY7279,https://image.msscdn.net/images/goods_img/20240816/4336061/4336061_17242236525944_500.jpg,False
2024-09,F,100,원피스/스커트,,,8,4336383,oheshio,오헤시오,"CHECK TWOWAY MINI SKIRT, PURPLE CHARCOAL",https://image.msscdn.net/images/goods_img/20240816/4336383/4336383_17252455189874_500.jpg,False
2024-09,F,100,원피스/스커트,,,9,1931894,musinsastandardwoman,무신사 스탠다드 우먼,우먼즈 하이 웨이스트 슬릿 롱 스커트 [블랙],https://image.msscdn.net/images/goods_img/20210430/1931894/1931894_3_500.jpg,False
2024-09,F,100,원피스/스커트,,,10,2117254,musinsastandardwoman,무신사 스탠다드 우먼,우먼즈 플리츠 미디 스커트 [차콜 그레이],https://image.msscdn.net/images/goods_img/20210908/2117254/2117254_17467755871427_500.jpg,False
2024-09,F,100,원피스/스커트,,,11,3758435,musinsastandardwoman,무신사 스탠다드 우먼,우먼즈 CP 맥시 스커트 [화이트],https://image.msscdn.net/images/goods_img/20231215/3758435/3758435_17259588422783_500.jpg,False
2024-09,F,100,원피스/스커트,,,12,4117026,musinsastandardwoman,무신사 스탠다드 우먼,우먼즈 데님 미디 스커트 [딥 인디고],https://image.msscdn.net/images/goods_img/20240509/4117026/4117026_17675315652240_500.jpg,False
2024-09,F,100,원피스/스커트,,,13,4324777,niceghostclub,나이스고스트클럽,BIG STAR LOGO SWEAT SKIRT_BLACK(NG2EFUPA90A),https://image.msscdn.net/images/goods_img/20240813/4324777/4324777_17708775629904_500.jpg,False
2024-09,F,100,원피스/스커트,,,14,4437599,partimentowomen,파르티멘토 우먼,컷 오프 게더링 플리츠 맥시 스커트_그레이,https://image.msscdn.net/images/goods_img/20240912/4437599/4437599_17268267130318_500.jpg,False
2024-09,F,100,원피스/스커트,,,15,3758437,musinsastandardwoman,무신사 스탠다드 우먼,우먼즈 CP 맥시 스커트 [블랙],https://image.msscdn.net/images/goods_img/20231215/3758437/3758437_17677813885414_500.jpg,False
2024-09,F,100,원피스/스커트,,,16,1944554,musinsastandardwoman,무신사 스탠다드 우먼,우먼즈 데님 미니 스커트 [워시드 블랙],https://image.msscdn.net/images/goods_img/20210511/1944554/1944554_2_500.jpg,False
2024-09,F,100,원피스/스커트,,,17,2117253,musinsastandardwoman,무신사 스탠다드 우먼,우먼즈 플리츠 미디 스커트 [블랙],https://image.msscdn.net/images/goods_img/20210908/2117253/2117253_17467823245909_500.jpg,False
2024-09,F,100,원피스/스커트,,,18,1645762,musinsastandardwoman,무신사 스탠다드 우먼,우먼즈 데님 미디 스커트 [크림],https://image.msscdn.net/images/goods_img/20201013/1645762/1645762_17675316388880_500.jpg,False
2024-09,F,100,원피스/스커트,,,19,4338874,nastyfancyclub,팬시클럽,도트 레이어드 원피스 (WHITE)_F24ZD880,https://image.msscdn.net/images/goods_img/20240816/4338874/4338874_17591943791305_500.jpg,False
2024-09,F,100,원피스/스커트,,,20,2551407,musinsastandardwoman,무신사 스탠다드 우먼,우먼즈 플리츠 미니 스커트 [그레이],https://image.msscdn.net/images/goods_img/20220511/2551407/2551407_17188462525168_500.jpg,False
2024-09,F,100,원피스/스커트,,,21,3917556,roughneck,러프넥,레이스 튜튜 팬츠 스커트 화이트,https://image.msscdn.net/images/goods_img/20240302/3917556/3917556_17093843688853_500.jpg,False
2024-09,F,100,원피스/스커트,,,22,2117256,musinsastandardwoman,무신사 스탠다드 우먼,우먼즈 하이 웨이스트 롱 스커트 [블랙],https://image.msscdn.net/images/goods_img/20210908/2117256/2117256_1_500.jpg,False
2024-09,F,100,원피스/스커트,,,23,2300718,musinsastandardwoman,무신사 스탠다드 우먼,우먼즈 데님 미디 스커트 [워시드 블랙],https://image.msscdn.net/images/goods_img/20220111/2300718/2300718_17675315035044_500.jpg,False
2024-09,F,100,원피스/스커트,,,24,4265733,placestudio,플레이스 스튜디오,레이스 셔링 리본 코튼 밴딩 롱 캉캉 스커트 [블랙],https://image.msscdn.net/images/goods_img/20240722/4265733/4265733_17216283891314_500.jpg,False
2024-09,F,100,원피스/스커트,,,25,1324169,musinsastandardwoman,무신사 스탠다드 우먼,우먼즈 플랫 테리 스웨트 롱 스커트 [블랙],https://image.msscdn.net/images/goods_img/20200226/1324169/1324169_2_500.jpg,False
2024-09,F,100,원피스/스커트,,,26,2551406,musinsastandardwoman,무신사 스탠다드 우먼,우먼즈 플리츠 미니 스커트 [블랙],https://image.msscdn.net/images/goods_img/20220511/2551406/2551406_17466940579553_500.jpg,False
2024-09,F,100,원피스/스커트,,,27,2117249,musinsastandardwoman,무신사 스탠다드 우먼,우먼즈 베이식 미니 스커트 [블랙],https://image.msscdn.net/images/goods_img/20210908/2117249/2117249_17625018594051_500.jpg,False
2024-09,F,100,원피스/스커트,,,28,2551401,musinsastandardwoman,무신사 스탠다드 우먼,우먼즈 슬릿 미니 스코츠 [블랙],https://image.msscdn.net/images/goods_img/20220511/2551401/2551401_17678593283428_500.jpg,False
2024-09,F,100,원피스/스커트,,,29,3977452,glowny,글로니,GIRLFRIEND SLEEVELESS MINI DRESS (BLACK),https://image.msscdn.net/images/goods_img/20240321/3977452/3977452_17110184017982_500.jpg,False
2024-09,F,100,원피스/스커트,,,30,4336415,oheshio,오헤시오,"BALLOON BANDING MIDI SKIRT, BLACK",https://image.msscdn.net/images/goods_img/20240816/4336415/4336415_17253339156879_500.jpg,False
2024-09,F,100001,미니원피스,100,원피스/스커트,1,4338874,nastyfancyclub,팬시클럽,도트 레이어드 원피스 (WHITE)_F24ZD880,https://image.msscdn.net/images/goods_img/20240816/4338874/4338874_17591943791305_500.jpg,False
2024-09,F,100001,미니원피스,100,원피스/스커트,2,3977452,glowny,글로니,GIRLFRIEND SLEEVELESS MINI DRESS (BLACK),https://image.msscdn.net/images/goods_img/20240321/3977452/3977452_17110184017982_500.jpg,False
2024-09,F,100001,미니원피스,100,원피스/스커트,3,3590873,cornell,얼킨 캔버스,베티붑 레이스 레이어드 프릴 미니 원피스_블랙,https://image.msscdn.net/images/goods_img/20230925/3590873/3590873_17788092542541_500.jpg,False
2024-09,F,100001,미니원피스,100,원피스/스커트,4,2714524,avan,어반드레스,Punching Knit Dress BLACK,https://image.msscdn.net/images/goods_img/20220812/2714524/2714524_17207610263763_500.jpg,False
2024-09,F,100001,미니원피스,100,원피스/스커트,5,4336456,oheshio,오헤시오,"SHEER LAYERED MINI DRESS, WHITE",https://image.msscdn.net/images/goods_img/20240816/4336456/4336456_17259328325895_500.jpg,False
2024-09,F,100001,미니원피스,100,원피스/스커트,6,3345170,rainmaker,레인메이커,아노락 하이브리드 드레스_R32WCO01BK,https://image.msscdn.net/images/goods_img/20230602/3345170/3345170_16859507817840_500.jpg,False
2024-09,F,100001,미니원피스,100,원피스/스커트,7,4289688,glowny,글로니,3/4 G COMFORT DRESS (BLACK),https://image.msscdn.net/images/goods_img/20240801/4289688/4289688_17242242803295_500.jpg,False
2024-09,F,100001,미니원피스,100,원피스/스커트,8,1875663,musinsastandardwoman,무신사 스탠다드 우먼,[쿨탠다드] 우먼즈 피케 폴로 원피스 [블랙],https://image.msscdn.net/images/goods_img/20210401/1875663/1875663_17769300441439_500.jpg,False
2024-09,F,100001,미니원피스,100,원피스/스커트,9,3977488,glowny,글로니,GIRLFRIEND SLEEVELESS MINI DRESS (WHITE),https://image.msscdn.net/images/goods_img/20240321/3977488/3977488_17110188424351_500.jpg,False
2024-09,F,100001,미니원피스,100,원피스/스커트,10,3906921,notyourrose,낫 유어 로즈,레이스 프릴 미니 드레스 (블랙),https://image.msscdn.net/images/goods_img/20240227/3906921/3906921_17652598997882_500.jpg,False
2024-09,F,100001,미니원피스,100,원피스/스커트,11,4337020,somewherebutter,썸웨어버터,Viola mini dress - Brown,https://image.msscdn.net/images/goods_img/20240816/4337020/4337020_17243117734652_500.jpg,False
2024-09,F,100001,미니원피스,100,원피스/스커트,12,3868138,tommyjeans,타미진스,미니 데님 셔츠 드레스 (T32E0WOP02TWL11A5),https://image.msscdn.net/images/goods_img/20240214/3868138/3868138_17078919862809_500.jpg,False
2024-09,F,100001,미니원피스,100,원피스/스커트,13,4321980,citybreeze,시티브리즈,레이스업 니트 원피스_CHARCOAL,https://image.msscdn.net/images/goods_img/20240812/4321980/4321980_17313852425805_500.jpg,False
2024-09,F,100001,미니원피스,100,원피스/스커트,14,2714533,avan,어반드레스,Punching Knit Dress IVORY,https://image.msscdn.net/images/goods_img/20220812/2714533/2714533_2_500.jpg,False
2024-09,F,100001,미니원피스,100,원피스/스커트,15,4336475,oheshio,오헤시오,"STRIPE A-LINE MINI DRESS, BLACK",https://image.msscdn.net/images/goods_img/20240816/4336475/4336475_17247438222160_500.jpg,False
2024-09,F,100001,미니원피스,100,원피스/스커트,16,4327388,tommyjeans,타미진스,롱 슬리브 데님 드레스 (T32E6WOP07TWL11AP),https://image.msscdn.net/images/goods_img/20240813/4327388/4327388_17249989424999_500.jpg,False
2024-09,F,100001,미니원피스,100,원피스/스커트,17,3345169,rainmaker,레인메이커,아노락 하이브리드 드레스_R32WCO01KH,https://image.msscdn.net/images/goods_img/20230602/3345169/3345169_16859424616221_500.jpg,False
2024-09,F,100001,미니원피스,100,원피스/스커트,18,3196948,painorpleasure,페인오어플레져,ORCHID DRESS black,https://image.msscdn.net/images/goods_img/20230331/3196948/3196948_16917337665568_500.jpg,False
2024-09,F,100001,미니원피스,100,원피스/스커트,19,3878484,tommyjeans,타미진스,미니 셔츠 드레스 (T32E0WOP01TWL11BZ),https://image.msscdn.net/images/goods_img/20240218/3878484/3878484_17098638131849_500.jpg,False
2024-09,F,100001,미니원피스,100,원피스/스커트,20,3906947,notyourrose,낫 유어 로즈,단델리온 드레스 (블랙),https://image.msscdn.net/images/goods_img/20240227/3906947/3906947_17652578577987_500.jpg,False
2024-09,F,100001,미니원피스,100,원피스/스커트,21,4308737,adidas,아디다스,에센셜 립 긴팔 드레스 - 블랙 / IY9657,https://image.msscdn.net/images/goods_img/20240808/4308737/4308737_17236099987053_500.jpg,False
2024-09,F,100001,미니원피스,100,원피스/스커트,22,3166832,isabelmarant,이자벨마랑,길리네시아 플로럴 프린트 드레스 - 퍼플:멀티컬러 / RO0026FAA1J50E23EC,https://image.msscdn.net/images/goods_img/20230321/3166832/3166832_16862791502411_500.jpg,False
2024-09,F,100001,미니원피스,100,원피스/스커트,23,3971357,mausoleum,마우솔레움,젠 하프슬리브 수트 자켓 드레스 - 그레이,https://image.msscdn.net/images/goods_img/20240320/3971357/3971357_17821924118140_500.jpg,False
2024-09,F,100001,미니원피스,100,원피스/스커트,24,4346134,hugyourskin,허그유어스킨,스트라이프 헨리넥 드레스 (블랙),https://image.msscdn.net/images/goods_img/20240820/4346134/4346134_17253472902906_500.jpg,False
2024-09,F,100001,미니원피스,100,원피스/스커트,25,4327557,rosefrantz,로제프란츠,Eyelet Hood Shirring Mini Dress [Black],https://image.msscdn.net/images/goods_img/20240813/4327557/4327557_17235410938452_500.jpg,False
2024-09,F,100001,미니원피스,100,원피스/스커트,26,3573895,roughneck,러프넥,티어드 셔츠 드레스 네이비,https://image.msscdn.net/images/goods_img/20230919/3573895/3573895_16951826660521_500.jpg,False
2024-09,F,100001,미니원피스,100,원피스/스커트,27,3403231,sincethen,신스덴,루시 블랙 미니원피스,https://image.msscdn.net/images/goods_img/20230711/3403231/3403231_16890595815431_500.jpg,False
2024-09,F,100001,미니원피스,100,원피스/스커트,28,3972973,anothera,어나더에이,플리츠 워싱 데님 드레스 [그레이],https://image.msscdn.net/images/goods_img/20240320/3972973/3972973_17109219075614_500.jpg,False
2024-09,F,100001,미니원피스,100,원피스/스커트,29,4336446,oheshio,오헤시오,"SHEER LAYERED MINI DRESS, BLUE",https://image.msscdn.net/images/goods_img/20240816/4336446/4336446_17259328087379_500.jpg,False
2024-09,F,100001,미니원피스,100,원피스/스커트,30,4410728,sinoon,시눈,Rose Lace Sheer Dress (White),https://image.msscdn.net/images/goods_img/20240905/4410728/4410728_17255908137107_500.jpg,False
2024-09,F,100002,미디원피스,100,원피스/스커트,1,2827957,lemaire,르메르,트위스티드 랩 원피스 - 미스티 모브,https://image.msscdn.net/images/goods_img/20220929/2827957/2827957_1_500.jpg,False
2024-09,F,100002,미디원피스,100,원피스/스커트,2,2457511,poloralphlauren,폴로 랄프 로렌,W 케이블 니트 드레스 - 블루,https://image.msscdn.net/images/goods_img/20220330/2457511/2457511_2_500.jpg,False
2024-09,F,100002,미디원피스,100,원피스/스커트,3,4037442,sculptor,스컬프터,Tube Top Low Waist Dress Black,https://image.msscdn.net/images/goods_img/20240409/4037442/4037442_17295828811615_500.jpg,False
2024-09,F,100002,미디원피스,100,원피스/스커트,4,4363011,snowpeakapparel,스노우피크 어패럴,여성 오버롤 원피스 (S24FWTOP37) Dark Charcoal,https://image.msscdn.net/images/goods_img/20240823/4363011/4363011_17249020675963_500.jpg,False
2024-09,F,100002,미디원피스,100,원피스/스커트,5,2753695,lemaire,르메르,트위스티드 랩 원피스 - 블랙,https://image.msscdn.net/images/goods_img/20220830/2753695/2753695_1_500.jpg,False
2024-09,F,100002,미디원피스,100,원피스/스커트,6,2753697,lemaire,르메르,트위스티드 랩 원피스 - 브라운,https://image.msscdn.net/images/goods_img/20220830/2753697/2753697_1_500.jpg,False
2024-09,F,100002,미디원피스,100,원피스/스커트,7,3303971,lemaire,르메르,파라슈트 원피스 - 프림로즈 핑크 / DR1003LF1016BR411,https://image.msscdn.net/images/goods_img/20230518/3303971/3303971_16867238461487_500.jpg,False
2024-09,F,100002,미디원피스,100,원피스/스커트,8,4339381,coyseio,코이세이오 038,DRAPING DRESS BLUE GREY,https://image.msscdn.net/images/goods_img/20240817/4339381/4339381_17238805007515_500.png,False
2024-09,F,100002,미디원피스,100,원피스/스커트,9,2744641,kirsh,키르시,스몰 체리 드레스 [블랙],https://image.msscdn.net/images/goods_img/20220825/2744641/2744641_1_500.jpg,False
2024-09,F,100002,미디원피스,100,원피스/스커트,10,3604930,lemaire,르메르,미디 트위스트 셔츠 드레스 - 카키 / DR1024LF1106GR641,https://image.msscdn.net/images/goods_img/20231005/3604930/3604930_17018425780115_500.jpg,False
2024-09,F,100002,미디원피스,100,원피스/스커트,11,3590126,lemaire,르메르,트위스티드 드레스 원피스 - 더스티 로즈 / DR1024LF1106RE303,https://image.msscdn.net/images/goods_img/20230925/3590126/3590126_16981231237916_500.jpg,False
2024-09,F,100002,미디원피스,100,원피스/스커트,12,4339383,coyseio,코이세이오 038,BOUCLE KNIT ONE PIECE BROWN,https://image.msscdn.net/images/goods_img/20240817/4339383/4339383_17238805730219_500.png,False
2024-09,F,100002,미디원피스,100,원피스/스커트,13,3241348,lemaire,르메르,스트레이트 카라 트위스티드 원피스 - 블랙,https://image.msscdn.net/images/goods_img/20230418/3241348/3241348_16877459169452_500.jpg,False
2024-09,F,100002,미디원피스,100,원피스/스커트,14,4212671,adidas,아디다스,3S 핀스트라이프 드레스 - 블랙 / IX5510,https://image.msscdn.net/images/goods_img/20240621/4212671/4212671_17192100145129_500.jpg,False
2024-09,F,100002,미디원피스,100,원피스/스커트,15,2775942,diesel,디젤,D 롤리 원피스 - 블랙 / A062460KFAZ9XXB,https://image.msscdn.net/images/goods_img/20220907/2775942/2775942_1_500.jpg,False
2024-09,F,100002,미디원피스,100,원피스/스커트,16,4365887,foryoureyesonly,포유어아이즈온리,Coy Denim Shirt Dress (Indigo Blue),https://image.msscdn.net/images/goods_img/20240823/4365887/4365887_17254178206212_500.jpg,False
2024-09,F,100002,미디원피스,100,원피스/스커트,17,2648197,poloralphlauren,폴로 랄프 로렌,W 스트라이프 스트레치 코튼 폴로 미디 드레스 - 네이비,https://image.msscdn.net/images/goods_img/20220705/2648197/2648197_2_500.jpg,False
2024-09,F,100002,미디원피스,100,원피스/스커트,18,4063908,sinkingdeeper,싱킹디퍼,더블 패브릭 원피스 (블랙),https://image.msscdn.net/images/goods_img/20240417/4063908/4063908_17133407913147_500.jpg,False
2024-09,F,100002,미디원피스,100,원피스/스커트,19,3421865,diesel,디젤,슬림 M 아가렛 D 로고 하이넥 반소매 드레스 - 블랙 / A126130KCAE9XX,https://image.msscdn.net/images/goods_img/20230724/3421865/3421865_16922614014259_500.jpg,False
2024-09,F,100002,미디원피스,100,원피스/스커트,20,3229764,thombrowne,톰브라운,피케 립 거싯 테니스 원피스 - 화이트 / FJD097A00050100,https://image.msscdn.net/images/goods_img/20230412/3229764/3229764_16878412394826_500.jpg,False
2024-09,F,100002,미디원피스,100,원피스/스커트,21,3199619,jacquemus,자크뮈스,라 로브 바리 원피스 - 블랙 / 221DR0161333990,https://image.msscdn.net/images/goods_img/20230331/3199619/3199619_16871637386694_500.jpg,False
2024-09,F,100002,미디원피스,100,원피스/스커트,22,2996368,calvinkleinjeans,캘빈클라인 진,여 블랙 로고 뱃지 폴로 카라 립 원피스 J220352 BEH,https://image.msscdn.net/images/goods_img/20221226/2996368/2996368_16741097135798_500.jpg,False
2024-09,F,100002,미디원피스,100,원피스/스커트,23,3158974,maisonmargiela,메종 마르지엘라,브이넥 니트 원피스 - 블루 / S51FB0075S18199511,https://image.msscdn.net/images/goods_img/20230317/3158974/3158974_16920001845352_500.jpg,False
2024-09,F,100002,미디원피스,100,원피스/스커트,24,4061685,poloralphlauren,폴로 랄프 로렌,W 코튼 샴브레이 셔츠 드레스 - 블루,https://image.msscdn.net/images/goods_img/20240417/4061685/4061685_17151581931130_500.jpg,False
2024-09,F,100002,미디원피스,100,원피스/스커트,25,4343761,lee,리,빅 트위치 후드 원피스 블랙,https://image.msscdn.net/images/goods_img/20240819/4343761/4343761_17241463894939_500.jpg,False
2024-09,F,100002,미디원피스,100,원피스/스커트,26,3775308,lemaire,르메르,트위스티드 블라우스 원피스 - 그린 / DR1028LF1130GR698,https://image.msscdn.net/images/goods_img/20240104/3775308/3775308_17068459200436_500.jpg,False
2024-09,F,100002,미디원피스,100,원피스/스커트,27,4132038,kolonsport,코오롱스포츠,[NOACH] 여성 슬리브리스 원피스 VKTCM24752CHA,https://image.msscdn.net/images/goods_img/20240516/4132038/4132038_17158218105649_500.jpg,False
2024-09,F,100002,미디원피스,100,원피스/스커트,28,3863873,sunlove,썬러브,Cargo Nylon Zip Dress Light Khaki,https://image.msscdn.net/images/goods_img/20240213/3863873/3863873_17078095758951_500.jpg,False
2024-09,F,100002,미디원피스,100,원피스/스커트,29,3368985,diesel,디젤,M ONERVA 원피스 - 레드 / A094630DLAX45C,https://image.msscdn.net/images/goods_img/20230616/3368985/3368985_16889522930598_500.jpg,False
2024-09,F,100002,미디원피스,100,원피스/스커트,30,4118529,thenorthface,노스페이스,NT7ZQ30K 화이트라벨 여성 브리지 원피스,https://image.msscdn.net/images/goods_img/20240509/4118529/4118529_17828658858607_500.jpg,False
2024-09,F,100003,맥시원피스,100,원피스/스커트,1,3194877,burberry,버버리,빈티지 체크 타이 웨이스트 셔츠 드레스 - 아카이브 베이지 / 8024585,https://image.msscdn.net/images/goods_img/20230330/3194877/3194877_16860606677217_500.jpg,False
2024-09,F,100003,맥시원피스,100,원피스/스커트,2,4102962,asifcalie,에즈이프 캘리,RIBBON SLIT MAXI DRESS WHITE,https://image.msscdn.net/images/goods_img/20240502/4102962/4102962_17314770717049_500.jpg,False
2024-09,F,100003,맥시원피스,100,원피스/스커트,3,2788583,lowclassic,로우클래식,SCARF DRESS - PRINT,https://image.msscdn.net/images/goods_img/20220914/2788583/2788583_1_500.jpg,False
2024-09,F,100003,맥시원피스,100,원피스/스커트,4,4154987,frenchchic,프렌치시크,블룸 오브 조이 아노락 원피스,https://image.msscdn.net/images/goods_img/20240524/4154987/4154987_17171521987302_500.jpg,False
2024-09,F,100003,맥시원피스,100,원피스/스커트,5,4102961,asifcalie,에즈이프 캘리,RIBBON SLIT MAXI DRESS BLACK,https://image.msscdn.net/images/goods_img/20240502/4102961/4102961_17314771032181_500.jpg,False
2024-09,F,100003,맥시원피스,100,원피스/스커트,6,4383363,insilencewomen,인사일런스 우먼,파라슈트 맥시 드레스 3 BLACK,https://image.msscdn.net/images/goods_img/20240829/4383363/4383363_17255086120358_500.jpg,False
2024-09,F,100003,맥시원피스,100,원피스/스커트,7,4144451,treemingbird,트리밍버드,Belted Shirring Wrap One-piece [ Black ],https://image.msscdn.net/images/goods_img/20240521/4144451/4144451_17174867349850_500.jpg,False
2024-09,F,100003,맥시원피스,100,원피스/스커트,8,4278580,tommyjeans,타미진스,유틸리티 원피스 (T32E6WOP13TWT11A5),https://image.msscdn.net/images/goods_img/20240729/4278580/4278580_17261112889952_500.jpg,False
2024-09,F,100003,맥시원피스,100,원피스/스커트,9,2457508,poloralphlauren,폴로 랄프 로렌,W 벨티드 코튼 셔츠드레스 - 블루,https://image.msscdn.net/images/goods_img/20220330/2457508/2457508_1_500.jpg,False
2024-09,F,100003,맥시원피스,100,원피스/스커트,10,4354741,lemaire,르메르,스트레이트 카라 트위스티드 원피스 - 캐비어 / DR1092LF839BK997,https://image.msscdn.net/images/goods_img/20240821/4354741/4354741_17254311407300_500.jpg,False
2024-09,F,100003,맥시원피스,100,원피스/스커트,11,4361523,nuakle,누아클레,플라워 자카드 슬리브리스 드레스_아이보리,https://image.msscdn.net/images/goods_img/20240822/4361523/4361523_17245902986277_500.jpg,False
2024-09,F,100003,맥시원피스,100,원피스/스커트,12,3673160,batticuore,루바티,시퀸 레이스 레이어드 드레스 _화이트,https://image.msscdn.net/images/goods_img/20231031/3673160/3673160_16987448601334_500.jpg,False
2024-09,F,100003,맥시원피스,100,원피스/스커트,13,3999796,tommyjeans,타미진스,벨티드 데님 셔츠 드레스 (T32E1WOP03TWL11A5),https://image.msscdn.net/images/goods_img/20240328/3999796/3999796_17115906171448_500.jpg,False
2024-09,F,100003,맥시원피스,100,원피스/스커트,14,4313819,rolarola,로라로라,LACE BUSTIER ONEPIECE BEIGE,https://image.msscdn.net/images/goods_img/20240809/4313819/4313819_17253434580032_500.jpg,False
2024-09,F,100003,맥시원피스,100,원피스/스커트,15,4394976,micane,미케네,클래식컬 트렌치 롱 드레스,https://image.msscdn.net/images/goods_img/20240902/4394976/4394976_17252693262926_500.jpg,False
2024-09,F,100003,맥시원피스,100,원피스/스커트,16,3322824,sincethen,신스덴,와인 플라워 롱원피스,https://image.msscdn.net/images/goods_img/20230524/3322824/3322824_16849160410234_500.jpg,False
2024-09,F,100003,맥시원피스,100,원피스/스커트,17,3322615,sincethen,신스덴,블랙 데이지 롱원피스,https://image.msscdn.net/images/goods_img/20230524/3322615/3322615_16849136234674_500.jpg,False
2024-09,F,100003,맥시원피스,100,원피스/스커트,18,3231222,lap,랩,[캐리오버]허리 스모킹 나일론 원피스 AR2WOS83,https://image.msscdn.net/images/goods_img/20230413/3231222/3231222_17448552377744_500.jpg,False
2024-09,F,100003,맥시원피스,100,원피스/스커트,19,4032881,sculptor,스컬프터,Victorian Hoodied Mesh Dress Ivory,https://image.msscdn.net/images/goods_img/20240407/4032881/4032881_17137724088524_500.jpg,False
2024-09,F,100003,맥시원피스,100,원피스/스커트,20,2846045,lowclassic,로우클래식,PLEATED DRESS - NAVY,https://image.msscdn.net/images/goods_img/20221007/2846045/2846045_1_500.jpg,False
2024-09,F,100003,맥시원피스,100,원피스/스커트,21,3977541,muahmuah,무아무아,베이직 오버핏 롱 원피스 [블랙],https://image.msscdn.net/images/goods_img/20240321/3977541/3977541_17110209513903_500.jpg,False
2024-09,F,100003,맥시원피스,100,원피스/스커트,22,3253160,burberry,버버리,슬리브리스 코튼 개버딘 트렌치 드레스 - 허니 / 8065019,https://image.msscdn.net/images/goods_img/20230421/3253160/3253160_16868079396601_500.jpg,False
2024-09,F,100003,맥시원피스,100,원피스/스커트,23,3604929,lemaire,르메르,미디 트위스트 셔츠 드레스 - 아스팔트 / DR1024LF1106BK991,https://image.msscdn.net/images/goods_img/20231005/3604929/3604929_16980438899766_500.jpg,False
2024-09,F,100003,맥시원피스,100,원피스/스커트,24,4383362,insilencewomen,인사일런스 우먼,파라슈트 맥시 드레스 3 CHARCOAL,https://image.msscdn.net/images/goods_img/20240829/4383362/4383362_17253232756216_500.jpg,False
2024-09,F,100003,맥시원피스,100,원피스/스커트,25,4314765,overdueflair,오버듀플레어,ROSE ORGANZA DRESS,https://image.msscdn.net/images/goods_img/20240809/4314765/4314765_17242226759084_500.jpg,False
2024-09,F,100003,맥시원피스,100,원피스/스커트,26,4268062,micane,미케네,메즈머라이즈 뷔스티에 셔링 레이스 드레스,https://image.msscdn.net/images/goods_img/20240723/4268062/4268062_17217097503247_500.jpg,False
2024-09,F,100003,맥시원피스,100,원피스/스커트,27,4410701,sinoon,시눈,Silky Lace Slip Dress (Mint),https://image.msscdn.net/images/goods_img/20240905/4410701/4410701_17255907022340_500.jpg,False
2024-09,F,100003,맥시원피스,100,원피스/스커트,28,4343976,lcdctm,엘씨디씨티엠,HOOK DETAIL CHIFFON DRESS_CHECKED,https://image.msscdn.net/images/goods_img/20240819/4343976/4343976_17240616309077_500.jpg,False
2024-09,F,100003,맥시원피스,100,원피스/스커트,29,3890196,greenbutter,그린버터,Silky Side Pocket dress (Black),https://image.msscdn.net/images/goods_img/20240222/3890196/3890196_17088317587683_500.jpg,False
2024-09,F,100003,맥시원피스,100,원피스/스커트,30,3963231,margarinfingers,마가린핑거스,LACE CHIFFON ONE PIECE (WHITE),https://image.msscdn.net/images/goods_img/20240318/3963231/3963231_17133380756797_500.jpg,False
2024-09,F,100004,미니스커트,100,원피스/스커트,1,4336383,oheshio,오헤시오,"CHECK TWOWAY MINI SKIRT, PURPLE CHARCOAL",https://image.msscdn.net/images/goods_img/20240816/4336383/4336383_17252455189874_500.jpg,False
2024-09,F,100004,미니스커트,100,원피스/스커트,2,1944554,musinsastandardwoman,무신사 스탠다드 우먼,우먼즈 데님 미니 스커트 [워시드 블랙],https://image.msscdn.net/images/goods_img/20210511/1944554/1944554_2_500.jpg,False
2024-09,F,100004,미니스커트,100,원피스/스커트,3,2551407,musinsastandardwoman,무신사 스탠다드 우먼,우먼즈 플리츠 미니 스커트 [그레이],https://image.msscdn.net/images/goods_img/20220511/2551407/2551407_17188462525168_500.jpg,False
2024-09,F,100004,미니스커트,100,원피스/스커트,4,3917556,roughneck,러프넥,레이스 튜튜 팬츠 스커트 화이트,https://image.msscdn.net/images/goods_img/20240302/3917556/3917556_17093843688853_500.jpg,False
2024-09,F,100004,미니스커트,100,원피스/스커트,5,2551406,musinsastandardwoman,무신사 스탠다드 우먼,우먼즈 플리츠 미니 스커트 [블랙],https://image.msscdn.net/images/goods_img/20220511/2551406/2551406_17466940579553_500.jpg,False
2024-09,F,100004,미니스커트,100,원피스/스커트,6,2117249,musinsastandardwoman,무신사 스탠다드 우먼,우먼즈 베이식 미니 스커트 [블랙],https://image.msscdn.net/images/goods_img/20210908/2117249/2117249_17625018594051_500.jpg,False
2024-09,F,100004,미니스커트,100,원피스/스커트,7,2551401,musinsastandardwoman,무신사 스탠다드 우먼,우먼즈 슬릿 미니 스코츠 [블랙],https://image.msscdn.net/images/goods_img/20220511/2551401/2551401_17678593283428_500.jpg,False
2024-09,F,100004,미니스커트,100,원피스/스커트,8,4170370,ronron,론론,CANCAN RUFFLE PANTSKIRT BLACK,https://image.msscdn.net/images/goods_img/20240531/4170370/4170370_17175556541226_500.jpg,False
2024-09,F,100004,미니스커트,100,원피스/스커트,9,4344013,treemingbird,트리밍버드,Belted Layered Leather Wrap [ Black ],https://image.msscdn.net/images/goods_img/20240819/4344013/4344013_17267429196534_500.jpg,False
2024-09,F,100004,미니스커트,100,원피스/스커트,10,3753558,roughneck,러프넥,튜튜 팬츠 스커트 크림,https://image.msscdn.net/images/goods_img/20231212/3753558/3753558_17023643675304_500.jpg,False
2024-09,F,100004,미니스커트,100,원피스/스커트,11,4193422,oheshio,오헤시오,"CANCAN COLORED SKIRT, BLACK CHECK",https://image.msscdn.net/images/goods_img/20240613/4193422/4193422_17182504633452_500.jpg,False
2024-09,F,100004,미니스커트,100,원피스/스커트,12,4336381,oheshio,오헤시오,"CHECK TWOWAY MINI SKIRT, RED BLACK",https://image.msscdn.net/images/goods_img/20240816/4336381/4336381_17259328943205_500.jpg,False
2024-09,F,100004,미니스커트,100,원피스/스커트,13,4289989,glowny,글로니,THE BELLA SKIRT (DEEP BLUE),https://image.msscdn.net/images/goods_img/20240801/4289989/4289989_17239894778892_500.jpg,False
2024-09,F,100004,미니스커트,100,원피스/스커트,14,2362073,musinsastandardwoman,무신사 스탠다드 우먼,우먼즈 데님 미니 스커트 [블랙],https://image.msscdn.net/images/goods_img/20220215/2362073/2362073_17824333056337_500.jpg,False
2024-09,F,100004,미니스커트,100,원피스/스커트,15,3783636,drawfitwomen,드로우핏 우먼,스티치 플리츠 미니 스커트 [BEIGE],https://image.msscdn.net/images/goods_img/20240109/3783636/3783636_17240598723371_500.jpg,False
2024-09,F,100004,미니스커트,100,원피스/스커트,16,4339403,coyseio,코이세이오 038,FOLDING UNBALANCED SKIRT CHARCOAL,https://image.msscdn.net/images/goods_img/20240817/4339403/4339403_17238808390203_500.png,False
2024-09,F,100004,미니스커트,100,원피스/스커트,17,4318789,marithefrancoisgirbaud,마리떼 프랑소와 저버,W PLEATED MINI SKIRT beige,https://image.msscdn.net/images/goods_img/20240812/4318789/4318789_17255043691196_500.jpg,False
2024-09,F,100004,미니스커트,100,원피스/스커트,18,3783637,drawfitwomen,드로우핏 우먼,스티치 플리츠 미니 스커트 [BLACK],https://image.msscdn.net/images/goods_img/20240109/3783637/3783637_17240598442455_500.jpg,False
2024-09,F,100004,미니스커트,100,원피스/스커트,19,3917557,roughneck,러프넥,레이스 튜튜 팬츠 스커트 블랙,https://image.msscdn.net/images/goods_img/20240302/3917557/3917557_17093844075409_500.jpg,False
2024-09,F,100004,미니스커트,100,원피스/스커트,20,2725422,musinsastandardwoman,무신사 스탠다드 우먼,우먼즈 데님 미니 스커트 [딥 인디고],https://image.msscdn.net/images/goods_img/20220818/2725422/2725422_17824330520279_500.jpg,False
2024-09,F,100004,미니스커트,100,원피스/스커트,21,4410517,sinoon,시눈,Tute Skirt (Wine),https://image.msscdn.net/images/goods_img/20240905/4410517/4410517_17355274888096_500.jpg,False
2024-09,F,100004,미니스커트,100,원피스/스커트,22,4358147,adidas,아디다스,코듀로이 타탄 스커트 - 그린:네이비 / IX1038,https://image.msscdn.net/images/goods_img/20240822/4358147/4358147_17246494250728_500.jpg,False
2024-09,F,100004,미니스커트,100,원피스/스커트,23,2551402,musinsastandardwoman,무신사 스탠다드 우먼,우먼즈 슬릿 미니 스코츠 [그레이],https://image.msscdn.net/images/goods_img/20220511/2551402/2551402_17678594127607_500.jpg,False
2024-09,F,100004,미니스커트,100,원피스/스커트,24,2117250,musinsastandardwoman,무신사 스탠다드 우먼,우먼즈 베이식 미니 스커트 [그레이],https://image.msscdn.net/images/goods_img/20210908/2117250/2117250_17680157609832_500.jpg,False
2024-09,F,100004,미니스커트,100,원피스/스커트,25,4374775,avam,아밤홈,Pleats Mini Skirt_Navy,https://image.msscdn.net/images/goods_img/20240827/4374775/4374775_17411451233956_500.jpg,False
2024-09,F,100004,미니스커트,100,원피스/스커트,26,2568778,musinsastandardwoman,무신사 스탠다드 우먼,우먼즈 코듀로이 플리츠 미니 스커트 [카키 브라운],https://image.msscdn.net/images/goods_img/20220518/2568778/2568778_16975308979440_500.jpg,False
2024-09,F,100004,미니스커트,100,원피스/스커트,27,4295868,citybreeze,시티브리즈,울 플리츠 미니 스커트_GREY,https://image.msscdn.net/images/goods_img/20240805/4295868/4295868_17826999635345_500.jpg,False
2024-09,F,100004,미니스커트,100,원피스/스커트,28,4018731,placestudio,플레이스 스튜디오,레이스 리본 마이크로 미니 쇼츠 팬츠 스커트 [화이트],https://image.msscdn.net/images/goods_img/20240402/4018731/4018731_17121902328208_500.jpg,False
2024-09,F,100004,미니스커트,100,원피스/스커트,29,3774996,musinsastandardwoman,무신사 스탠다드 우먼,우먼즈 로 라이즈 데님 미니 스코츠 [러스티 블루],https://image.msscdn.net/images/goods_img/20240104/3774996/3774996_17799596542712_500.jpg,False
2024-09,F,100004,미니스커트,100,원피스/스커트,30,3753562,roughneck,러프넥,튜튜 팬츠 스커트 블랙,https://image.msscdn.net/images/goods_img/20231212/3753562/3753562_17023643402079_500.jpg,False
2024-09,F,100005,미디스커트,100,원피스/스커트,1,2117254,musinsastandardwoman,무신사 스탠다드 우먼,우먼즈 플리츠 미디 스커트 [차콜 그레이],https://image.msscdn.net/images/goods_img/20210908/2117254/2117254_17467755871427_500.jpg,False
2024-09,F,100005,미디스커트,100,원피스/스커트,2,4117026,musinsastandardwoman,무신사 스탠다드 우먼,우먼즈 데님 미디 스커트 [딥 인디고],https://image.msscdn.net/images/goods_img/20240509/4117026/4117026_17675315652240_500.jpg,False
2024-09,F,100005,미디스커트,100,원피스/스커트,3,2117253,musinsastandardwoman,무신사 스탠다드 우먼,우먼즈 플리츠 미디 스커트 [블랙],https://image.msscdn.net/images/goods_img/20210908/2117253/2117253_17467823245909_500.jpg,False
2024-09,F,100005,미디스커트,100,원피스/스커트,4,1645762,musinsastandardwoman,무신사 스탠다드 우먼,우먼즈 데님 미디 스커트 [크림],https://image.msscdn.net/images/goods_img/20201013/1645762/1645762_17675316388880_500.jpg,False
2024-09,F,100005,미디스커트,100,원피스/스커트,5,2300718,musinsastandardwoman,무신사 스탠다드 우먼,우먼즈 데님 미디 스커트 [워시드 블랙],https://image.msscdn.net/images/goods_img/20220111/2300718/2300718_17675315035044_500.jpg,False
2024-09,F,100005,미디스커트,100,원피스/스커트,6,4265733,placestudio,플레이스 스튜디오,레이스 셔링 리본 코튼 밴딩 롱 캉캉 스커트 [블랙],https://image.msscdn.net/images/goods_img/20240722/4265733/4265733_17216283891314_500.jpg,False
2024-09,F,100005,미디스커트,100,원피스/스커트,7,4336415,oheshio,오헤시오,"BALLOON BANDING MIDI SKIRT, BLACK",https://image.msscdn.net/images/goods_img/20240816/4336415/4336415_17253339156879_500.jpg,False
2024-09,F,100005,미디스커트,100,원피스/스커트,8,3758432,musinsastandardwoman,무신사 스탠다드 우먼,우먼즈 카고 니 렝스 스커트 [블랙],https://image.msscdn.net/images/goods_img/20231215/3758432/3758432_17080589396790_500.jpg,False
2024-09,F,100005,미디스커트,100,원피스/스커트,9,3850173,nastyfancyclub,팬시클럽,[NF] 포멀 버튼 플리츠 미디 스커트 (GRAY)_F24QD871,https://image.msscdn.net/images/goods_img/20240206/3850173/3850173_17400317848206_500.jpg,False
2024-09,F,100005,미디스커트,100,원피스/스커트,10,4350936,misekiseoul,미세키서울,Unbalanced layered skirt BLACK,https://image.msscdn.net/images/goods_img/20240821/4350936/4350936_17816746257467_500.png,False
2024-09,F,100005,미디스커트,100,원피스/스커트,11,4254226,placestudio,플레이스 스튜디오,레이스 셔링 리본 코튼 밴딩 롱 캉캉 스커트 [화이트],https://image.msscdn.net/images/goods_img/20240717/4254226/4254226_17694921389750_500.jpg,False
2024-09,F,100005,미디스커트,100,원피스/스커트,12,4350948,misekiseoul,미세키서울,Layered skirt pants set BLACK,https://image.msscdn.net/images/goods_img/20240821/4350948/4350948_17260331837026_500.jpg,False
2024-09,F,100005,미디스커트,100,원피스/스커트,13,2257612,musinsastandardwoman,무신사 스탠다드 우먼,우먼즈 플리츠 미디 스커트 [미디엄 그레이],https://image.msscdn.net/images/goods_img/20211206/2257612/2257612_17155615478939_500.jpg,False
2024-09,F,100005,미디스커트,100,원피스/스커트,14,1645760,musinsastandardwoman,무신사 스탠다드 우먼,우먼즈 데님 미디 스커트 [라이트 인디고],https://image.msscdn.net/images/goods_img/20201013/1645760/1645760_17677818822457_500.jpg,False
2024-09,F,100005,미디스커트,100,원피스/스커트,15,4343434,lcdctm,엘씨디씨티엠,CHECKED PLEATS MIDI SKIRT,https://image.msscdn.net/images/goods_img/20240819/4343434/4343434_17240565268569_500.jpg,False
2024-09,F,100005,미디스커트,100,원피스/스커트,16,4336426,oheshio,오헤시오,"BALLOON BANDING MIDI SKIRT, CHARCOAL",https://image.msscdn.net/images/goods_img/20240816/4336426/4336426_17252457180415_500.jpg,False
2024-09,F,100005,미디스커트,100,원피스/스커트,17,3758433,musinsastandardwoman,무신사 스탠다드 우먼,우먼즈 카고 니 렝스 스커트 [베이지],https://image.msscdn.net/images/goods_img/20231215/3758433/3758433_17080710677257_500.jpg,False
2024-09,F,100005,미디스커트,100,원피스/스커트,18,4270504,placestudio,플레이스 스튜디오,리본 버튼 플리츠 미디 레이어드 랩 스커트 [블랙],https://image.msscdn.net/images/goods_img/20240724/4270504/4270504_17306845501933_500.jpg,False
2024-09,F,100005,미디스커트,100,원피스/스커트,19,3565960,misekiseoul,미세키서울,Midi wrap skirt BLACK,https://image.msscdn.net/images/goods_img/20230915/3565960/3565960_16951909447968_500.jpg,False
2024-09,F,100005,미디스커트,100,원피스/스커트,20,3474798,marithefrancoisgirbaud,마리떼 프랑소와 저버,W DENIM PLEATS SKIRT black,https://image.msscdn.net/images/goods_img/20230818/3474798/3474798_17256005543955_500.jpg,False
2024-09,F,100005,미디스커트,100,원피스/스커트,21,4336432,oheshio,오헤시오,"POCKET BANDING SKIRT, NAVY",https://image.msscdn.net/images/goods_img/20240816/4336432/4336432_17252457746748_500.jpg,False
2024-09,F,100005,미디스커트,100,원피스/스커트,22,3845243,crank,크랭크,체크 프릴 플리츠 미디 스커트_네이비,https://image.msscdn.net/images/goods_img/20240204/3845243/3845243_17070587718609_500.jpg,False
2024-09,F,100005,미디스커트,100,원피스/스커트,23,4289895,pesto,페스토,핀턱 미디 스커트 블랙,https://image.msscdn.net/images/goods_img/20240801/4289895/4289895_17237908697352_500.png,False
2024-09,F,100005,미디스커트,100,원피스/스커트,24,4350942,misekiseoul,미세키서울,Layered skirt pants set CHARCOAL,https://image.msscdn.net/images/goods_img/20240821/4350942/4350942_17260335029834_500.jpg,False
2024-09,F,100005,미디스커트,100,원피스/스커트,25,4139090,rense,렌세,Button Pleats Wrap Skirt Light Gray,https://image.msscdn.net/images/goods_img/20240517/4139090/4139090_17163679504386_500.jpg,False
2024-09,F,100005,미디스커트,100,원피스/스커트,26,3801000,istkunst,이스트쿤스트,CARGO MIDI SKIRT_CAMO(IK2ESFPA90A),https://image.msscdn.net/images/goods_img/20240117/3801000/3801000_17062328355781_500.jpg,False
2024-09,F,100005,미디스커트,100,원피스/스커트,27,2117255,musinsastandardwoman,무신사 스탠다드 우먼,우먼즈 플리츠 미디 스커트 [라이트 브라운],https://image.msscdn.net/images/goods_img/20210908/2117255/2117255_17676668118187_500.jpg,False
2024-09,F,100005,미디스커트,100,원피스/스커트,28,4313813,rolarola,로라로라,CHECK MIDI SKIRT BROWN,https://image.msscdn.net/images/goods_img/20240809/4313813/4313813_17242957847351_500.jpg,False
2024-09,F,100005,미디스커트,100,원피스/스커트,29,4342208,withoutsummer,위드아웃썸머,쉬폰 미디 스커트_크림,https://image.msscdn.net/images/goods_img/20240819/4342208/4342208_17246399487015_500.jpg,False
2024-09,F,100005,미디스커트,100,원피스/스커트,30,3249613,prada,프라다,미디 스커트 - 블랙 / P130V12I1F0002,https://image.msscdn.net/images/goods_img/20230420/3249613/3249613_16860915229149_500.jpg,False
2024-09,F,100006,롱스커트,100,원피스/스커트,1,4437600,partimentowomen,파르티멘토 우먼,컷 오프 게더링 플리츠 맥시 스커트_차콜,https://image.msscdn.net/images/goods_img/20240912/4437600/4437600_17268268747113_500.jpg,False
2024-09,F,100006,롱스커트,100,원피스/스커트,2,4437601,partimentowomen,파르티멘토 우먼,컷 오프 게더링 플리츠 맥시 스커트_블랙,https://image.msscdn.net/images/goods_img/20240912/4437601/4437601_17268269484012_500.jpg,False
2024-09,F,100006,롱스커트,100,원피스/스커트,3,4437597,partimentowomen,파르티멘토 우먼,컷 오프 게더링 플리츠 맥시 스커트_에크루,https://image.msscdn.net/images/goods_img/20240912/4437597/4437597_17268262238546_500.jpg,False
2024-09,F,100006,롱스커트,100,원피스/스커트,4,2792603,musinsastandardwoman,무신사 스탠다드 우먼,우먼즈 맥시 스커트 [블랙],https://image.msscdn.net/images/goods_img/20220915/2792603/2792603_17536886431375_500.jpg,False
2024-09,F,100006,롱스커트,100,원피스/스커트,5,2792604,musinsastandardwoman,무신사 스탠다드 우먼,우먼즈 맥시 스커트 [미디엄 그레이],https://image.msscdn.net/images/goods_img/20220915/2792604/2792604_16728975851407_500.jpg,False
2024-09,F,100006,롱스커트,100,원피스/스커트,6,2448899,musinsastandardwoman,무신사 스탠다드 우먼,우먼즈 프론트 슬릿 데님 롱 스커트 [워시드 블랙],https://image.msscdn.net/images/goods_img/20220328/2448899/2448899_17661127529056_500.jpg,False
2024-09,F,100006,롱스커트,100,원피스/스커트,7,4336061,adidas,아디다스,파이어버드 니트 스커트 - 블랙 / IY7279,https://image.msscdn.net/images/goods_img/20240816/4336061/4336061_17242236525944_500.jpg,False
2024-09,F,100006,롱스커트,100,원피스/스커트,8,1931894,musinsastandardwoman,무신사 스탠다드 우먼,우먼즈 하이 웨이스트 슬릿 롱 스커트 [블랙],https://image.msscdn.net/images/goods_img/20210430/1931894/1931894_3_500.jpg,False
2024-09,F,100006,롱스커트,100,원피스/스커트,9,3758435,musinsastandardwoman,무신사 스탠다드 우먼,우먼즈 CP 맥시 스커트 [화이트],https://image.msscdn.net/images/goods_img/20231215/3758435/3758435_17259588422783_500.jpg,False
2024-09,F,100006,롱스커트,100,원피스/스커트,10,4324777,niceghostclub,나이스고스트클럽,BIG STAR LOGO SWEAT SKIRT_BLACK(NG2EFUPA90A),https://image.msscdn.net/images/goods_img/20240813/4324777/4324777_17708775629904_500.jpg,False
2024-09,F,100006,롱스커트,100,원피스/스커트,11,4437599,partimentowomen,파르티멘토 우먼,컷 오프 게더링 플리츠 맥시 스커트_그레이,https://image.msscdn.net/images/goods_img/20240912/4437599/4437599_17268267130318_500.jpg,False
2024-09,F,100006,롱스커트,100,원피스/스커트,12,3758437,musinsastandardwoman,무신사 스탠다드 우먼,우먼즈 CP 맥시 스커트 [블랙],https://image.msscdn.net/images/goods_img/20231215/3758437/3758437_17677813885414_500.jpg,False
2024-09,F,100006,롱스커트,100,원피스/스커트,13,2117256,musinsastandardwoman,무신사 스탠다드 우먼,우먼즈 하이 웨이스트 롱 스커트 [블랙],https://image.msscdn.net/images/goods_img/20210908/2117256/2117256_1_500.jpg,False
2024-09,F,100006,롱스커트,100,원피스/스커트,14,1324169,musinsastandardwoman,무신사 스탠다드 우먼,우먼즈 플랫 테리 스웨트 롱 스커트 [블랙],https://image.msscdn.net/images/goods_img/20200226/1324169/1324169_2_500.jpg,False
2024-09,F,100006,롱스커트,100,원피스/스커트,15,3051712,musinsastandardwoman,무신사 스탠다드 우먼,우먼즈 데님 맥시 스커트 [워시드 블랙],https://image.msscdn.net/images/goods_img/20230201/3051712/3051712_16866977953331_500.jpg,False
2024-09,F,100006,롱스커트,100,원피스/스커트,16,4372499,placestudio,플레이스 스튜디오,스트링 벌룬 밴딩 나일론 롱 볼륨 캉캉 스커트,https://image.msscdn.net/images/goods_img/20240826/4372499/4372499_17289517898597_500.jpg,False
2024-09,F,100006,롱스커트,100,원피스/스커트,17,3758436,musinsastandardwoman,무신사 스탠다드 우먼,우먼즈 CP 맥시 스커트 [다크 그레이],https://image.msscdn.net/images/goods_img/20231215/3758436/3758436_17677813303074_500.jpg,False
2024-09,F,100006,롱스커트,100,원피스/스커트,18,3295890,glowny,글로니,RODEO TIERED RUFFLE SKIRT (WHITE),https://image.msscdn.net/images/goods_img/20230515/3295890/3295890_16843106387942_500.jpg,False
2024-09,F,100006,롱스커트,100,원피스/스커트,19,2117257,musinsastandardwoman,무신사 스탠다드 우먼,우먼즈 하이 웨이스트 롱 스커트 [그레이],https://image.msscdn.net/images/goods_img/20210908/2117257/2117257_1_500.jpg,False
2024-09,F,100006,롱스커트,100,원피스/스커트,20,2448900,musinsastandardwoman,무신사 스탠다드 우먼,우먼즈 프론트 슬릿 데님 롱 스커트 [라이트 인디고],https://image.msscdn.net/images/goods_img/20220328/2448900/2448900_17661126915651_500.jpg,False
2024-09,F,100006,롱스커트,100,원피스/스커트,21,3425498,musinsastandardwoman,무신사 스탠다드 우먼,우먼즈 데님 맥시 스커트 [딥 인디고],https://image.msscdn.net/images/goods_img/20230725/3425498/3425498_17189604379083_500.jpg,False
2024-09,F,100006,롱스커트,100,원피스/스커트,22,3051711,musinsastandardwoman,무신사 스탠다드 우먼,우먼즈 데님 맥시 스커트 [미디엄 인디고],https://image.msscdn.net/images/goods_img/20230201/3051711/3051711_16866978207309_500.jpg,False
2024-09,F,100006,롱스커트,100,원피스/스커트,23,4175670,fottsfotts,포츠포츠,24SS 저지 맥시스커트 - 블랙/JERSEY MAXI SKIRT / BLACK,https://image.msscdn.net/images/goods_img/20240604/4175670/4175670_17175458343096_500.jpg,False
2024-09,F,100006,롱스커트,100,원피스/스커트,24,3668712,lautredemin,로트르드민,Lautre de min  Anna Beige Flare skirt,https://image.msscdn.net/images/goods_img/20231030/3668712/3668712_16993390165282_500.jpg,False
2024-09,F,100006,롱스커트,100,원피스/스커트,25,2392478,musinsastandardwoman,무신사 스탠다드 우먼,우먼즈 스웨트 맥시 스커트 [블랙],https://image.msscdn.net/images/goods_img/20220302/2392478/2392478_17188496635285_500.jpg,False
2024-09,F,100006,롱스커트,100,원피스/스커트,26,3512402,unknownplanet,언노운 플라넷,프론트 슬릿 데님 롱 스커트 블랙,https://image.msscdn.net/images/goods_img/20230830/3512402/3512402_16933595850460_500.jpg,False
2024-09,F,100006,롱스커트,100,원피스/스커트,27,4336396,oheshio,오헤시오,"STRIPE SLIT LONG SKIRT, BLACK",https://image.msscdn.net/images/goods_img/20240816/4336396/4336396_17253339730437_500.jpg,False
2024-09,F,100006,롱스커트,100,원피스/스커트,28,4036171,flareup,플레어업,Drape Layered Maxi Skirt (FL-238_Black),https://image.msscdn.net/images/goods_img/20240408/4036171/4036171_17125631219546_500.jpg,False
2024-09,F,100006,롱스커트,100,원피스/스커트,29,4287474,flareup,플레어업,2.Drape Layered Maxi Skirt (FL-241_Black),https://image.msscdn.net/images/goods_img/20240801/4287474/4287474_17224700726568_500.jpg,False
2024-09,F,100006,롱스커트,100,원피스/스커트,30,4305503,marithefrancoisgirbaud,마리떼 프랑소와 저버,W CLASSIC LOGO SWEAT SKIRT charcoal,https://image.msscdn.net/images/goods_img/20240807/4305503/4305503_17300928160292_500.jpg,False
