year_month,gender,category_code,category_name,parent_code,parent_name,rank,product_id,brand,brand_name,product_name,image_url,discontinued
2024-01,A,001,상의,,,1,2086653,musinsastandard,무신사 스탠다드,레이어드 크루 넥 반팔 티셔츠_일반 기장 [화이트],https://image.msscdn.net/images/goods_img/20210825/2086653/2086653_17772494800708_500.jpg,False
2024-01,A,001,상의,,,2,3640949,trillion,트릴리온,워셔블 아란 케이블 후드 집업 니트 (CHARCOAL),https://image.msscdn.net/images/goods_img/20231019/3640949/3640949_17170490257806_500.jpg,False
2024-01,A,001,상의,,,3,3675284,likethemost,라이크더모스트,소프트 LTMT 오버 후디 (블루),https://image.msscdn.net/images/goods_img/20231101/3675284/3675284_16988076050754_500.jpg,False
2024-01,A,001,상의,,,4,3533480,ezkaton,에즈카톤,스페이스 헤비코튼 후드 버건디 KMHD6723,https://image.msscdn.net/images/goods_img/20230906/3533480/3533480_16939610292721_500.jpg,False
2024-01,A,001,상의,,,5,1582356,sovermentwithlomort,소버먼트,980G 피그먼트 맨투맨-챠콜-,https://image.msscdn.net/images/goods_img/20200903/1582356/1582356_1_500.jpg,False
2024-01,A,001,상의,,,6,2995119,trillion,트릴리온,컬러 배색 1992 그래픽 후드 (NAVY),https://image.msscdn.net/images/goods_img/20221223/2995119/2995119_1_500.jpg,False
2024-01,A,001,상의,,,7,2314616,toffee,토피,에센셜 후드 스웻 셔츠 (MELANGE GREY),https://image.msscdn.net/images/goods_img/20220119/2314616/2314616_1_500.jpg,False
2024-01,A,001,상의,,,8,2990516,1989standard,1989스탠다드,RV_OUR 1989 후드 (STHSTD-0004),https://image.msscdn.net/images/goods_img/20221220/2990516/2990516_17865211299718_500.jpg,False
2024-01,A,001,상의,,,9,3468498,againstallodds,에이지오디,하프 집업 카라넥 케이블 니트 [카키],https://image.msscdn.net/images/goods_img/20230816/3468498/3468498_17322323551417_500.png,False
2024-01,A,001,상의,,,10,2105452,sovermentwithlomort,소버먼트,980G 피그먼트 컷 후드-차콜-,https://image.msscdn.net/images/goods_img/20210902/2105452/2105452_17243903059688_500.jpg,False
2024-01,A,001,상의,,,11,3540248,thisisneverthat,디스이즈네버댓,(FW23) T-Logo Hoodie Heather Grey,https://image.msscdn.net/images/goods_img/20230907/3540248/3540248_16945804828166_500.jpg,False
2024-01,A,001,상의,,,12,876284,filluminate,필루미네이트,[블랙]SET B-스테디 하프 폴라넥,https://image.msscdn.net/images/goods_img/20181010/876284/876284_17156659533611_500.jpg,False
2024-01,A,001,상의,,,13,3496150,likethemost,라이크더모스트,1992 오버핏 스웨트셔츠 화이트멜란지,https://image.msscdn.net/images/goods_img/20230824/3496150/3496150_16928670930004_500.jpg,False
2024-01,A,001,상의,,,14,1615829,jemut,제멋,로그 오버핏 기모 후드 그레이 YHHD2302,https://image.msscdn.net/images/goods_img/20200922/1615829/1615829_1_500.jpg,False
2024-01,A,001,상의,,,15,2990274,1989standard,1989스탠다드,SMALL CENTER 맨투맨 (STMSTD-0015),https://image.msscdn.net/images/goods_img/20221220/2990274/2990274_17865180516439_500.jpg,False
2024-01,A,001,상의,,,16,2723767,suare,수아레,데일리 라운드 니트 - 12 COLOR,https://image.msscdn.net/images/goods_img/20220818/2723767/2723767_17292130151891_500.jpg,False
2024-01,A,001,상의,,,17,1558847,suare,수아레,하프 터틀넥 니트 세트,https://image.msscdn.net/images/goods_img/20200821/1558847/1558847_17303488335987_500.jpg,False
2024-01,A,001,상의,,,18,1710327,blond9,블론드나인,크루넥 리브 니트 스웨터_블랙,https://image.msscdn.net/images/goods_img/20201202/1710327/1710327_1_500.jpg,False
2024-01,A,001,상의,,,19,2139775,minimalcode,미니멀코드,소프트 필링 세미오버 라운드 니트 초코브라운,https://image.msscdn.net/images/goods_img/20210917/2139775/2139775_17204066649792_500.jpg,False
2024-01,A,001,상의,,,20,2149254,musinsastandard,무신사 스탠다드,베이식 긴팔 티셔츠 2팩,https://image.msscdn.net/images/goods_img/20210928/2149254/2149254_17138588137724_500.jpg,False
2024-01,A,001,상의,,,21,2970541,slowacid,슬로우애시드,피치스킨 러스티 로고 스웨트셔츠 [블랙],https://image.msscdn.net/images/goods_img/20221202/2970541/2970541_17253267722324_500.jpg,False
2024-01,A,001,상의,,,22,2970542,slowacid,슬로우애시드,피치스킨 러스티 로고 스웨트셔츠 [웜그레이],https://image.msscdn.net/images/goods_img/20221202/2970542/2970542_17670717045336_500.jpg,False
2024-01,A,001,상의,,,23,2775713,trillion,트릴리온,워셔블 하프 집업 카라넥 하찌 니트 (PURE BLACK),https://image.msscdn.net/images/goods_img/20220906/2775713/2775713_17587784648178_500.jpg,False
2024-01,A,001,상의,,,24,3539176,trillion,트릴리온,워셔블 투 톤 크루넥 그래픽 니트 (BLACK),https://image.msscdn.net/images/goods_img/20230907/3539176/3539176_17170508638569_500.jpg,False
2024-01,A,001,상의,,,25,2122566,musinsastandard,무신사 스탠다드,레이어드 크루 넥 반팔 티셔츠_일반 기장 2팩,https://image.msscdn.net/images/goods_img/20210910/2122566/2122566_17133406834875_500.jpg,False
2024-01,A,001,상의,,,26,843276,esn,이에스엔,퍼펙트 터틀넥 니트 티셔츠 블랙,https://image.msscdn.net/images/goods_img/20180830/843276/843276_1_500.jpg,False
2024-01,A,001,상의,,,27,3449015,suare,수아레,[SET] 이지 케어 워셔블 니트 세트,https://image.msscdn.net/images/goods_img/20230807/3449015/3449015_17169658443197_500.jpg,False
2024-01,A,001,상의,,,28,983339,musinsastandard,무신사 스탠다드,베이식 드레스 셔츠 [화이트],https://image.msscdn.net/images/goods_img/20190315/983339/983339_17833270978891_500.jpg,False
2024-01,A,001,상의,,,29,2757451,knitted,니티드,[니티드X깡스타일리스트] 코튼 미니멀 라운드 니트 BLACK,https://image.msscdn.net/images/goods_img/20220831/2757451/2757451_17887596768191_500.jpg,False
2024-01,A,001,상의,,,30,2106705,twn,티떠블유엔,슬레이크 후드 올리브 HHHD3397,https://image.msscdn.net/images/goods_img/20210902/2106705/2106705_1_500.jpg,False
2024-01,A,001005,맨투맨/스웨트,001,상의,1,1582356,sovermentwithlomort,소버먼트,980G 피그먼트 맨투맨-챠콜-,https://image.msscdn.net/images/goods_img/20200903/1582356/1582356_1_500.jpg,False
2024-01,A,001005,맨투맨/스웨트,001,상의,2,3496150,likethemost,라이크더모스트,1992 오버핏 스웨트셔츠 화이트멜란지,https://image.msscdn.net/images/goods_img/20230824/3496150/3496150_16928670930004_500.jpg,False
2024-01,A,001005,맨투맨/스웨트,001,상의,3,2990274,1989standard,1989스탠다드,SMALL CENTER 맨투맨 (STMSTD-0015),https://image.msscdn.net/images/goods_img/20221220/2990274/2990274_17865180516439_500.jpg,False
2024-01,A,001005,맨투맨/스웨트,001,상의,4,2970541,slowacid,슬로우애시드,피치스킨 러스티 로고 스웨트셔츠 [블랙],https://image.msscdn.net/images/goods_img/20221202/2970541/2970541_17253267722324_500.jpg,False
2024-01,A,001005,맨투맨/스웨트,001,상의,5,2970542,slowacid,슬로우애시드,피치스킨 러스티 로고 스웨트셔츠 [웜그레이],https://image.msscdn.net/images/goods_img/20221202/2970542/2970542_17670717045336_500.jpg,False
2024-01,A,001005,맨투맨/스웨트,001,상의,6,2970544,slowacid,슬로우애시드,피치스킨 러스티 로고 스웨트셔츠 [딥블루],https://image.msscdn.net/images/goods_img/20221202/2970544/2970544_2_500.jpg,False
2024-01,A,001005,맨투맨/스웨트,001,상의,7,947067,musinsastandard,무신사 스탠다드,스웨트셔츠 [블랙],https://image.msscdn.net/images/goods_img/20190201/947067/947067_17641181220326_500.jpg,False
2024-01,A,001005,맨투맨/스웨트,001,상의,8,2085363,jemut,제멋,헤이즈 오버핏 스웨트셔츠 [쭈리/기모] 블랙 KJMT2369 / KJMT2400,https://image.msscdn.net/images/goods_img/20210825/2085363/2085363_1_500.jpg,False
2024-01,A,001005,맨투맨/스웨트,001,상의,9,3679129,yale,예일,(23FW) EMBROIDERY UNIVERSITY DAN CREWNECK NAVY,https://image.msscdn.net/images/goods_img/20231102/3679129/3679129_16989048904341_500.jpg,False
2024-01,A,001005,맨투맨/스웨트,001,상의,10,3586427,likethemost,라이크더모스트,라이크모스트 링스타 오버핏 스웨트셔츠 블랙,https://image.msscdn.net/images/goods_img/20230922/3586427/3586427_16953508215678_500.jpg,False
2024-01,A,001005,맨투맨/스웨트,001,상의,11,1817394,travel,트래블,[3-PACK]베이직 트래블러 피그먼트 스웨트셔츠,https://image.msscdn.net/images/goods_img/20210226/1817394/1817394_17152436181527_500.jpg,False
2024-01,A,001005,맨투맨/스웨트,001,상의,12,3682659,compagno,꼼파뇨,Cheesy Bunny 레글런 피그먼트 맨투맨 더스티핑크,https://image.msscdn.net/images/goods_img/20231103/3682659/3682659_17725894503596_500.jpg,False
2024-01,A,001005,맨투맨/스웨트,001,상의,13,3603793,lee,리,[22FW] 빅 트위치 루즈핏 맨투맨 NAVY,https://image.msscdn.net/images/goods_img/20231005/3603793/3603793_16964696050571_500.jpg,False
2024-01,A,001005,맨투맨/스웨트,001,상의,14,3679136,yale,예일,(23FW) EMBROIDERY UNIVERSITY DAN CREWNECK GRAY,https://image.msscdn.net/images/goods_img/20231102/3679136/3679136_16989050113141_500.jpg,False
2024-01,A,001005,맨투맨/스웨트,001,상의,15,2321863,urbandtype,어반디타입,LT431_러닝클럽 럭비 맨투맨_네이비,https://image.msscdn.net/images/goods_img/20220124/2321863/2321863_17412290878675_500.jpg,False
2024-01,A,001005,맨투맨/스웨트,001,상의,16,2725585,slowacid,슬로우애시드,블러리 로고 스웨트셔츠 [블랙],https://image.msscdn.net/images/goods_img/20220818/2725585/2725585_17253271594882_500.jpg,False
2024-01,A,001005,맨투맨/스웨트,001,상의,17,2970543,slowacid,슬로우애시드,피치스킨 러스티 로고 스웨트셔츠 [옐로우그린],https://image.msscdn.net/images/goods_img/20221202/2970543/2970543_2_500.jpg,False
2024-01,A,001005,맨투맨/스웨트,001,상의,18,2131210,twn,티떠블유엔,시티크루 맨투맨 딥그린 EYMT3406,https://image.msscdn.net/images/goods_img/20210914/2131210/2131210_1_500.jpg,False
2024-01,A,001005,맨투맨/스웨트,001,상의,19,2171559,filluminate,필루미네이트,오버핏 아치 로고 스웨트 셔츠-그린,https://image.msscdn.net/images/goods_img/20211011/2171559/2171559_17610214898235_500.jpg,False
2024-01,A,001005,맨투맨/스웨트,001,상의,20,2697813,prendafromplant,프렌다,PRDA DENIM PATCH CREWNECK SHIRT BLACK,https://image.msscdn.net/images/goods_img/20220804/2697813/2697813_16759892051756_500.jpg,False
2024-01,A,001005,맨투맨/스웨트,001,상의,21,1557508,ebbetsfield,이벳필드,베츠 어센틱 맨투맨 그레이,https://image.msscdn.net/images/goods_img/20200820/1557508/1557508_17036407795824_500.jpg,False
2024-01,A,001005,맨투맨/스웨트,001,상의,22,2705740,musinsastandard,무신사 스탠다드,오버사이즈 스웨트셔츠 [블랙],https://image.msscdn.net/images/goods_img/20220809/2705740/2705740_17530785398802_500.jpg,False
2024-01,A,001005,맨투맨/스웨트,001,상의,23,2313388,1993studio,1993스튜디오,90S 트랙 스웨트셔츠_그레이,https://image.msscdn.net/images/goods_img/20220118/2313388/2313388_17592092127579_500.jpg,False
2024-01,A,001005,맨투맨/스웨트,001,상의,24,1679943,vivastudio,비바스튜디오,RETRIEVER CREWNECK [NAVY],https://image.msscdn.net/images/goods_img/20201105/1679943/1679943_17096910334702_500.jpg,False
2024-01,A,001005,맨투맨/스웨트,001,상의,25,1642887,musinsastandard,무신사 스탠다드,헤비웨이트 오버사이즈 스웨트셔츠 [블랙],https://image.msscdn.net/images/goods_img/20201012/1642887/1642887_16941344654704_500.jpg,False
2024-01,A,001005,맨투맨/스웨트,001,상의,26,2114307,prendafromplant,프렌다,MAIN LOGO CROP COLLARED SWEATSHIRT HEATHER GRAY,https://image.msscdn.net/images/goods_img/20210907/2114307/2114307_1_500.jpg,False
2024-01,A,001005,맨투맨/스웨트,001,상의,27,2085361,jemut,제멋,헤이즈 오버핏 스웨트셔츠 [쭈리/기모] 차콜 KJMT2369 / KJMT2400,https://image.msscdn.net/images/goods_img/20210825/2085361/2085361_1_500.jpg,False
2024-01,A,001005,맨투맨/스웨트,001,상의,28,2803824,twn,티떠블유엔,웰던 맨투맨 마운틴그린 STMT3466,https://image.msscdn.net/images/goods_img/20220920/2803824/2803824_1_500.jpg,False
2024-01,A,001005,맨투맨/스웨트,001,상의,29,3056893,compagno,꼼파뇨,슈팅 로고 레글런 스웨트셔츠 베이지브라운,https://image.msscdn.net/images/goods_img/20230202/3056893/3056893_16759355110509_500.jpg,False
2024-01,A,001005,맨투맨/스웨트,001,상의,30,2990325,1989standard,1989스탠다드,OUR 1989 맨투맨 (STMSTD-0004),https://image.msscdn.net/images/goods_img/20221220/2990325/2990325_17865163371504_500.jpg,False
2024-01,A,001004,후드 티셔츠,001,상의,1,3675284,likethemost,라이크더모스트,소프트 LTMT 오버 후디 (블루),https://image.msscdn.net/images/goods_img/20231101/3675284/3675284_16988076050754_500.jpg,False
2024-01,A,001004,후드 티셔츠,001,상의,2,3533480,ezkaton,에즈카톤,스페이스 헤비코튼 후드 버건디 KMHD6723,https://image.msscdn.net/images/goods_img/20230906/3533480/3533480_16939610292721_500.jpg,False
2024-01,A,001004,후드 티셔츠,001,상의,3,2995119,trillion,트릴리온,컬러 배색 1992 그래픽 후드 (NAVY),https://image.msscdn.net/images/goods_img/20221223/2995119/2995119_1_500.jpg,False
2024-01,A,001004,후드 티셔츠,001,상의,4,2314616,toffee,토피,에센셜 후드 스웻 셔츠 (MELANGE GREY),https://image.msscdn.net/images/goods_img/20220119/2314616/2314616_1_500.jpg,False
2024-01,A,001004,후드 티셔츠,001,상의,5,2990516,1989standard,1989스탠다드,RV_OUR 1989 후드 (STHSTD-0004),https://image.msscdn.net/images/goods_img/20221220/2990516/2990516_17865211299718_500.jpg,False
2024-01,A,001004,후드 티셔츠,001,상의,6,2105452,sovermentwithlomort,소버먼트,980G 피그먼트 컷 후드-차콜-,https://image.msscdn.net/images/goods_img/20210902/2105452/2105452_17243903059688_500.jpg,False
2024-01,A,001004,후드 티셔츠,001,상의,7,3540248,thisisneverthat,디스이즈네버댓,(FW23) T-Logo Hoodie Heather Grey,https://image.msscdn.net/images/goods_img/20230907/3540248/3540248_16945804828166_500.jpg,False
2024-01,A,001004,후드 티셔츠,001,상의,8,1615829,jemut,제멋,로그 오버핏 기모 후드 그레이 YHHD2302,https://image.msscdn.net/images/goods_img/20200922/1615829/1615829_1_500.jpg,False
2024-01,A,001004,후드 티셔츠,001,상의,9,2106705,twn,티떠블유엔,슬레이크 후드 올리브 HHHD3397,https://image.msscdn.net/images/goods_img/20210902/2106705/2106705_1_500.jpg,False
2024-01,A,001004,후드 티셔츠,001,상의,10,3540245,thisisneverthat,디스이즈네버댓,(FW23) T-Logo Hoodie Black,https://image.msscdn.net/images/goods_img/20230907/3540245/3540245_16945806386109_500.jpg,False
2024-01,A,001004,후드 티셔츠,001,상의,11,2722805,brownbreath,브라운브레스,TAG OG HOODIE - BURGUNDY,https://image.msscdn.net/images/goods_img/20220817/2722805/2722805_17685233788556_500.jpg,False
2024-01,A,001004,후드 티셔츠,001,상의,12,2990463,1989standard,1989스탠다드,SMALL CENTER 후드 (STHSTD-0015),https://image.msscdn.net/images/goods_img/20221220/2990463/2990463_17865217728190_500.jpg,False
2024-01,A,001004,후드 티셔츠,001,상의,13,2144379,gainsboro,게인스보로,[SET] 로럴골든 후드티 조거팬츠 셋업_(8color),https://image.msscdn.net/images/goods_img/20210924/2144379/2144379_17313722494957_500.jpg,False
2024-01,A,001004,후드 티셔츠,001,상의,14,3533479,ezkaton,에즈카톤,스페이스 헤비코튼 후드 딥그레이 KMHD6723,https://image.msscdn.net/images/goods_img/20230906/3533479/3533479_16939610237936_500.jpg,False
2024-01,A,001004,후드 티셔츠,001,상의,15,2877493,compagno,꼼파뇨,크래킹 스냅 레글런 후드티 블랙,https://image.msscdn.net/images/goods_img/20221019/2877493/2877493_1_500.jpg,False
2024-01,A,001004,후드 티셔츠,001,상의,16,3463299,yale,예일,투톤아치 후드_블랙,https://image.msscdn.net/images/goods_img/20230814/3463299/3463299_17558301091052_500.jpg,False
2024-01,A,001004,후드 티셔츠,001,상의,17,3012570,travel,트래블,워크샵 디비전 피그먼트 후드티 블랙 차콜,https://image.msscdn.net/images/goods_img/20230110/3012570/3012570_17297289543676_500.jpg,False
2024-01,A,001004,후드 티셔츠,001,상의,18,2913656,filluminate,필루미네이트,오버핏 그래피티 로고 후디-멜란지그레이,https://image.msscdn.net/images/goods_img/20221101/2913656/2913656_17593846033133_500.jpg,False
2024-01,A,001004,후드 티셔츠,001,상의,19,3540249,thisisneverthat,디스이즈네버댓,(FW23) T-Logo Hoodie Navy,https://image.msscdn.net/images/goods_img/20230907/3540249/3540249_16945806034710_500.jpg,False
2024-01,A,001004,후드 티셔츠,001,상의,20,2106707,twn,티떠블유엔,슬레이크 후드 네이비 HHHD3397,https://image.msscdn.net/images/goods_img/20210902/2106707/2106707_1_500.jpg,False
2024-01,A,001004,후드 티셔츠,001,상의,21,2058188,brownbreath,브라운브레스,TAG OG HOODIE - BLACK,https://image.msscdn.net/images/goods_img/20210811/2058188/2058188_17685234537443_500.jpg,False
2024-01,A,001004,후드 티셔츠,001,상의,22,3026606,filluminate,필루미네이트,오버핏 그래피티 로고 후디-오트밀,https://image.msscdn.net/images/goods_img/20230116/3026606/3026606_16740279087820_500.jpg,False
2024-01,A,001004,후드 티셔츠,001,상의,23,2109937,moo,엠오오,피치스킨 벌룬오버 후드 - 블랙,https://image.msscdn.net/images/goods_img/20210906/2109937/2109937_1_500.jpg,False
2024-01,A,001004,후드 티셔츠,001,상의,24,1211169,avan,어반드레스,UNISEX LAUREL OVERSIZED HOODIE,https://image.msscdn.net/images/goods_img/20191103/1211169/1211169_9_500.jpg,False
2024-01,A,001004,후드 티셔츠,001,상의,25,2374814,sovermentwithlomort,소버먼트,950G 솔리드 후드-딥 블랙-,https://image.msscdn.net/images/goods_img/20220221/2374814/2374814_2_500.jpg,False
2024-01,A,001004,후드 티셔츠,001,상의,26,3544148,elimeno,엘리메노,[2PACK] EL 스트리트 아트워크 오버핏 후드티 2종 패키지,https://image.msscdn.net/images/goods_img/20230908/3544148/3544148_17253423469237_500.jpg,False
2024-01,A,001004,후드 티셔츠,001,상의,27,3533482,ezkaton,에즈카톤,스페이스 헤비코튼 후드 카키 KMHD6723,https://image.msscdn.net/images/goods_img/20230906/3533482/3533482_16939610408178_500.jpg,False
2024-01,A,001004,후드 티셔츠,001,상의,28,1642904,musinsastandard,무신사 스탠다드,헤비웨이트 오버사이즈 후디드 스웨트셔츠 [미디엄 그레이],https://image.msscdn.net/images/goods_img/20201012/1642904/1642904_17503170317321_500.jpg,False
2024-01,A,001004,후드 티셔츠,001,상의,29,3083790,jemut,제멋,아크 롤링 오버핏 기모 후드 5종 네이비 SOHD2469,https://image.msscdn.net/images/goods_img/20230215/3083790/3083790_16764231368684_500.jpg,False
2024-01,A,001004,후드 티셔츠,001,상의,30,3463298,yale,예일,투톤아치 후드_그레이,https://image.msscdn.net/images/goods_img/20230814/3463298/3463298_17362154315362_500.jpg,False
2024-01,A,001002,셔츠/블라우스,001,상의,1,983339,musinsastandard,무신사 스탠다드,베이식 드레스 셔츠 [화이트],https://image.msscdn.net/images/goods_img/20190315/983339/983339_17833270978891_500.jpg,False
2024-01,A,001002,셔츠/블라우스,001,상의,2,994588,filluminate,필루미네이트,옵티멀 베이직 셔츠-화이트[린넨＆옥스포드 선택],https://image.msscdn.net/images/goods_img/20190326/994588/994588_17878791359967_500.jpg,False
2024-01,A,001002,셔츠/블라우스,001,상의,3,728000,musinsastandard,무신사 스탠다드,베이식 옥스포드 셔츠 [화이트],https://image.msscdn.net/images/goods_img/20180305/728000/728000_17286256542856_500.jpg,False
2024-01,A,001002,셔츠/블라우스,001,상의,4,2272830,spao,스파오,[링클프리] 오버핏 옥스포드 셔츠_SPYWE49C51,https://image.msscdn.net/images/goods_img/20211220/2272830/2272830_17367269722110_500.jpg,False
2024-01,A,001002,셔츠/블라우스,001,상의,5,2154603,wvproject,더블유브이프로젝트,프레첼 코듀로이 셔츠 카키브라운 JJLS7525,https://image.msscdn.net/images/goods_img/20210930/2154603/2154603_1_500.jpg,False
2024-01,A,001002,셔츠/블라우스,001,상의,6,2065703,unionblue,유니온블루,LAUNDRY SHIRT (WHITE),https://image.msscdn.net/images/goods_img/20210817/2065703/2065703_2_500.jpg,False
2024-01,A,001002,셔츠/블라우스,001,상의,7,2093486,musinsastandard,무신사 스탠다드,오버사이즈 옥스포드 셔츠 [화이트],https://image.msscdn.net/images/goods_img/20210827/2093486/2093486_17664777095332_500.jpg,False
2024-01,A,001002,셔츠/블라우스,001,상의,8,2375962,unionblue,유니온블루,LAUNDRY SHIRT (LAVENDER GRAY),https://image.msscdn.net/images/goods_img/20220222/2375962/2375962_1_500.jpg,False
2024-01,A,001002,셔츠/블라우스,001,상의,9,3726789,unionblue,유니온블루,LAUNDRY SHIRT (PURPLE GRAY),https://image.msscdn.net/images/goods_img/20231121/3726789/3726789_17787407940975_500.jpg,False
2024-01,A,001002,셔츠/블라우스,001,상의,10,1706633,poloralphlauren,폴로 랄프 로렌,커스텀핏 옥스포드 셔츠 - 화이트,https://image.msscdn.net/images/goods_img/20201130/1706633/1706633_16932921087582_500.jpg,False
2024-01,A,001002,셔츠/블라우스,001,상의,11,1875849,musinsastandard,무신사 스탠다드,링클프리 드레스 셔츠 [화이트],https://image.msscdn.net/images/goods_img/20210401/1875849/1875849_3_500.jpg,False
2024-01,A,001002,셔츠/블라우스,001,상의,12,2392759,partimento,파르티멘토,오버사이즈 스톤 워싱 데님 셔츠 블루,https://image.msscdn.net/images/goods_img/20220302/2392759/2392759_16800703603984_500.jpg,False
2024-01,A,001002,셔츠/블라우스,001,상의,13,3154713,drawfit,드로우핏,[드로우핏X깡스타일리스트] 페이퍼 코튼 오버핏 셔츠 [L.GREY],https://image.msscdn.net/images/goods_img/20230316/3154713/3154713_17567923672417_500.jpg,False
2024-01,A,001002,셔츠/블라우스,001,상의,14,3045995,asp,애습,올데이 컴피 60수 셔츠 올리브 카키,https://image.msscdn.net/images/goods_img/20230130/3045995/3045995_17889276638016_500.jpg,False
2024-01,A,001002,셔츠/블라우스,001,상의,15,1706634,poloralphlauren,폴로 랄프 로렌,커스텀핏 옥스포드 셔츠 - 블루,https://image.msscdn.net/images/goods_img/20201130/1706634/1706634_16829933327992_500.jpg,False
2024-01,A,001002,셔츠/블라우스,001,상의,16,2065712,unionblue,유니온블루,LAUNDRY SHIRT (SKY BLUE),https://image.msscdn.net/images/goods_img/20210817/2065712/2065712_2_500.jpg,False
2024-01,A,001002,셔츠/블라우스,001,상의,17,3154715,drawfit,드로우핏,[드로우핏X깡스타일리스트] 페이퍼 코튼 오버핏 셔츠 [SKY BLUE],https://image.msscdn.net/images/goods_img/20230316/3154715/3154715_17567923346983_500.jpg,False
2024-01,A,001002,셔츠/블라우스,001,상의,18,2364807,poloralphlauren,폴로 랄프 로렌,커스텀핏 포플린 셔츠 - 화이트,https://image.msscdn.net/images/goods_img/20220216/2364807/2364807_2_500.jpg,False
2024-01,A,001002,셔츠/블라우스,001,상의,19,2305840,thomasmore,토마스모어,TE5-SH08 프렌치 스트라이프 셔츠-네이비,https://image.msscdn.net/images/goods_img/20220113/2305840/2305840_2_500.jpg,False
2024-01,A,001002,셔츠/블라우스,001,상의,20,2683526,yale,예일,[ONEMILE WEAR] OXFORD SMALL ARCH BIG SHIRT BLUE,https://image.msscdn.net/images/goods_img/20220726/2683526/2683526_17188648316481_500.jpg,False
2024-01,A,001002,셔츠/블라우스,001,상의,21,983819,musinsastandard,무신사 스탠다드,릴렉스 핏 실키 셔츠 [블랙],https://image.msscdn.net/images/goods_img/20190315/983819/983819_17509060225875_500.jpg,False
2024-01,A,001002,셔츠/블라우스,001,상의,22,3154716,drawfit,드로우핏,[드로우핏X깡스타일리스트] 페이퍼 코튼 오버핏 셔츠 [WHITE],https://image.msscdn.net/images/goods_img/20230316/3154716/3154716_17567923147254_500.jpg,False
2024-01,A,001002,셔츠/블라우스,001,상의,23,3642552,goodlifeworks,굿라이프웍스,오버핏 헤비 투 포켓 체크 셔츠 자켓 블랙,https://image.msscdn.net/images/goods_img/20231019/3642552/3642552_16977708114775_500.jpg,False
2024-01,A,001002,셔츠/블라우스,001,상의,24,3531241,frizmworks,프리즘웍스,PIGMENT 8W CORDUROY SHIRT _ PINK,https://image.msscdn.net/images/goods_img/20230905/3531241/3531241_16946117878967_500.jpg,False
2024-01,A,001002,셔츠/블라우스,001,상의,25,983341,musinsastandard,무신사 스탠다드,베이식 드레스 셔츠 [블랙],https://image.msscdn.net/images/goods_img/20190315/983341/983341_1_500.jpg,False
2024-01,A,001002,셔츠/블라우스,001,상의,26,2305844,thomasmore,토마스모어,TE5-SH07 페이퍼셔츠-화이트,https://image.msscdn.net/images/goods_img/20220113/2305844/2305844_3_500.jpg,False
2024-01,A,001002,셔츠/블라우스,001,상의,27,3017681,tleyoung,틀영,올데이 스트라이프 셔츠_Gray,https://image.msscdn.net/images/goods_img/20230110/3017681/3017681_17206913946336_500.jpg,False
2024-01,A,001002,셔츠/블라우스,001,상의,28,1574264,takeasy,테이크이지,시티 스트라이프 오버 셔츠(시티블랙),https://image.msscdn.net/images/goods_img/20200901/1574264/1574264_1_500.jpg,False
2024-01,A,001002,셔츠/블라우스,001,상의,29,2847052,veryvain,베리베인,OVER RUSTLE SHIRTS (WHITE),https://image.msscdn.net/images/goods_img/20221007/2847052/2847052_1_500.jpg,False
2024-01,A,001002,셔츠/블라우스,001,상의,30,1498105,poloralphlauren,폴로 랄프 로렌,커스텀핏 데님 셔츠 - 블루,https://image.msscdn.net/images/goods_img/20200626/1498105/1498105_2_500.jpg,False
2024-01,A,001010,긴소매 티셔츠,001,상의,1,2149254,musinsastandard,무신사 스탠다드,베이식 긴팔 티셔츠 2팩,https://image.msscdn.net/images/goods_img/20210928/2149254/2149254_17138588137724_500.jpg,False
2024-01,A,001010,긴소매 티셔츠,001,상의,2,2705733,musinsastandard,무신사 스탠다드,레이어드 크루 넥 긴팔 티셔츠_일반 기장 [화이트],https://image.msscdn.net/images/goods_img/20220809/2705733/2705733_17834023116275_500.jpg,False
2024-01,A,001010,긴소매 티셔츠,001,상의,3,3414911,partimentowomen,파르티멘토 우먼,더블 레이어드 하이넥 티_5컬러,https://image.msscdn.net/images/goods_img/20230719/3414911/3414911_17609263119929_500.jpg,False
2024-01,A,001010,긴소매 티셔츠,001,상의,4,3050501,jeleve,제이엘브,[2PACK] 루즈핏 롱슬리브,https://image.msscdn.net/images/goods_img/20230131/3050501/3050501_17876305136732_500.jpg,False
2024-01,A,001010,긴소매 티셔츠,001,상의,5,1144989,musinsastandard,무신사 스탠다드,베이식 긴팔 티셔츠 [화이트],https://image.msscdn.net/images/goods_img/20190905/1144989/1144989_17509081256971_500.jpg,False
2024-01,A,001010,긴소매 티셔츠,001,상의,6,3417709,musinsastandardwoman,무신사 스탠다드 우먼,우먼즈 슬림 크루 넥 긴소매 티셔츠 [화이트],https://image.msscdn.net/images/goods_img/20230720/3417709/3417709_16964869253825_500.jpg,False
2024-01,A,001010,긴소매 티셔츠,001,상의,7,404474,brenson,브렌슨,(Renew Ver.) 베이직 긴팔티셔츠 4종 ( 5Color ),https://image.msscdn.net/images/goods_img/20160902/404474/404474_17896942545657_500.jpg,False
2024-01,A,001010,긴소매 티셔츠,001,상의,8,407067,drawfit,드로우핏,하이 벤트 레이어드 티셔츠 [WHITE],https://image.msscdn.net/images/goods_img/20160907/407067/407067_17706155614386_500.jpg,False
2024-01,A,001010,긴소매 티셔츠,001,상의,9,3817352,treemingbird,트리밍버드,Boat Neck Finger Hole Long Sleeve [ Black ],https://image.msscdn.net/images/goods_img/20240124/3817352/3817352_17066658948867_500.jpg,False
2024-01,A,001010,긴소매 티셔츠,001,상의,10,3481226,musinsastandard,무신사 스탠다드,[힛탠다드] 크루 넥 긴팔 티셔츠 [화이트],https://image.msscdn.net/images/goods_img/20230821/3481226/3481226_17530885489121_500.jpg,False
2024-01,A,001010,긴소매 티셔츠,001,상의,11,2731239,sculptor,스컬프터,Masterpiece Sheer Top Black,https://image.msscdn.net/images/goods_img/20220822/2731239/2731239_16916551017564_500.jpg,False
2024-01,A,001010,긴소매 티셔츠,001,상의,12,996233,musinsastandard,무신사 스탠다드,크루 넥 긴팔 티셔츠 [화이트],https://image.msscdn.net/images/goods_img/20190327/996233/996233_17049525996602_500.jpg,False
2024-01,A,001010,긴소매 티셔츠,001,상의,13,3581743,outstanding,아웃스탠딩,[2PACK]VINTAGE WASHING LONG SLEEVE TEE_VINTAGE OLIVE/VINTAGE CHARCOAL,https://image.msscdn.net/images/goods_img/20230921/3581743/3581743_17863310526444_500.jpg,False
2024-01,A,001010,긴소매 티셔츠,001,상의,14,2901340,jeleve,제이엘브,루즈핏 롱슬리브,https://image.msscdn.net/images/prd_img/20221028/2901340/detail_2901340_17872707889774_500.jpg,False
2024-01,A,001010,긴소매 티셔츠,001,상의,15,1841332,musinsastandard,무신사 스탠다드,헤비웨이트 릴렉스드 크루 넥 긴팔 티셔츠 [화이트],https://image.msscdn.net/images/goods_img/20210312/1841332/1841332_2_500.jpg,False
2024-01,A,001010,긴소매 티셔츠,001,상의,16,3066189,lmc,엘엠씨,AEROCOOL LONG SLV TEE 2PACK none,https://image.msscdn.net/images/goods_img/20230207/3066189/3066189_17797561475320_500.jpg,False
2024-01,A,001010,긴소매 티셔츠,001,상의,17,3524178,ronron,론론,DOUBLE RIBBON SLIM CROP LONG SLEEVE BLACK,https://image.msscdn.net/images/goods_img/20230904/3524178/3524178_16939815696674_500.jpg,False
2024-01,A,001010,긴소매 티셔츠,001,상의,18,996234,musinsastandard,무신사 스탠다드,크루 넥 긴팔 티셔츠 [블랙],https://image.msscdn.net/images/goods_img/20190327/996234/996234_16921677724998_500.jpg,False
2024-01,A,001010,긴소매 티셔츠,001,상의,19,394608,compagno,꼼파뇨,Longsleeve 무지 긴팔티 블랙,https://image.msscdn.net/images/goods_img/20160812/394608/394608_2_500.jpg,False
2024-01,A,001010,긴소매 티셔츠,001,상의,20,3789914,yale,예일,[시그니처] COMFORTABLE MOCKNECK LONG SLEEVE T-SHIRT,https://image.msscdn.net/images/goods_img/20240111/3789914/3789914_17065293359477_500.jpg,False
2024-01,A,001010,긴소매 티셔츠,001,상의,21,2966829,badblood,배드블러드,배드 걸스 루즈핏 탑 - 샌드,https://image.msscdn.net/images/goods_img/20221130/2966829/2966829_2_500.jpg,False
2024-01,A,001010,긴소매 티셔츠,001,상의,22,2058136,yale,예일,[2PACK] 스몰아치 롱슬리브_화이트/블랙,https://image.msscdn.net/images/goods_img/20210811/2058136/2058136_17153061338187_500.jpg,False
2024-01,A,001010,긴소매 티셔츠,001,상의,23,1639444,musinsastandardwoman,무신사 스탠다드 우먼,우먼즈 텐셀 슬림 터틀 넥 티셔츠 [크림],https://image.msscdn.net/images/goods_img/20201007/1639444/1639444_17140069693680_500.jpg,False
2024-01,A,001010,긴소매 티셔츠,001,상의,24,3031933,glowny,글로니,G CLASSIC LONG SLEEVE (WHITE),https://image.msscdn.net/images/goods_img/20230118/3031933/3031933_16751277528543_500.png,False
2024-01,A,001010,긴소매 티셔츠,001,상의,25,1190264,musinsastandard,무신사 스탠다드,폰테 크루 넥 긴팔 티셔츠 [오프 화이트],https://image.msscdn.net/images/goods_img/20191016/1190264/1190264_6_500.jpg,False
2024-01,A,001010,긴소매 티셔츠,001,상의,26,3718873,midnightmove,미드나잇 무브,terry strap t (ivory),https://image.msscdn.net/images/goods_img/20231117/3718873/3718873_17001530156969_500.jpg,False
2024-01,A,001010,긴소매 티셔츠,001,상의,27,3487501,volante,볼란테,Voltex Half zip Compression [Black],https://image.msscdn.net/images/goods_img/20230822/3487501/3487501_17484839945015_500.jpg,False
2024-01,A,001010,긴소매 티셔츠,001,상의,28,2724648,musinsastandardwoman,무신사 스탠다드 우먼,우먼즈 릴렉스드 크루 넥 긴팔 티셔츠 2팩,https://image.msscdn.net/images/goods_img/20220818/2724648/2724648_17133399681916_500.jpg,False
2024-01,A,001010,긴소매 티셔츠,001,상의,29,3031882,glowny,글로니,G CLASSIC LONG SLEEVE (BLACK),https://image.msscdn.net/images/goods_img/20230118/3031882/3031882_16750624202600_500.jpg,False
2024-01,A,001010,긴소매 티셔츠,001,상의,30,1265162,trillion,트릴리온,[2PACK] 에센셜 레이어드 롱 슬리브 티셔츠,https://image.msscdn.net/images/goods_img/20200108/1265162/1265162_17231063868802_500.jpg,False
2024-01,A,001001,반소매 티셔츠,001,상의,1,2086653,musinsastandard,무신사 스탠다드,레이어드 크루 넥 반팔 티셔츠_일반 기장 [화이트],https://image.msscdn.net/images/goods_img/20210825/2086653/2086653_17772494800708_500.jpg,False
2024-01,A,001001,반소매 티셔츠,001,상의,2,2122566,musinsastandard,무신사 스탠다드,레이어드 크루 넥 반팔 티셔츠_일반 기장 2팩,https://image.msscdn.net/images/goods_img/20210910/2122566/2122566_17133406834875_500.jpg,False
2024-01,A,001001,반소매 티셔츠,001,상의,3,1382658,musinsastandard,무신사 스탠다드,레이어드 크루 넥 반팔 티셔츠_긴 기장 [화이트],https://image.msscdn.net/images/goods_img/20200402/1382658/1382658_17048730367124_500.jpg,False
2024-01,A,001001,반소매 티셔츠,001,상의,4,2371238,marithefrancoisgirbaud,마리떼 프랑소와 저버,CLASSIC LOGO TEE white,https://image.msscdn.net/images/goods_img/20220218/2371238/2371238_17768214925023_500.jpg,False
2024-01,A,001001,반소매 티셔츠,001,상의,5,2186292,printstar,프린트스타,[2PACK]5.6oz 17수 기본 무지 반팔 티셔츠 남녀공용_화이트/블랙,https://image.msscdn.net/images/goods_img/20211019/2186292/2186292_17449428631026_500.jpg,False
2024-01,A,001001,반소매 티셔츠,001,상의,6,996177,musinsastandard,무신사 스탠다드,릴렉스 핏 크루 넥 반팔 티셔츠 [화이트],https://image.msscdn.net/images/goods_img/20190327/996177/996177_17845258066104_500.jpg,False
2024-01,A,001001,반소매 티셔츠,001,상의,7,345889,fp142muji,페플,[2PACK] 더블코튼 무지반팔  2PACK KHST1011,https://image.msscdn.net/images/goods_img/20160429/345889/345889_17156464525677_500.jpg,False
2024-01,A,001001,반소매 티셔츠,001,상의,8,2034137,musinsastandard,무신사 스탠다드,릴렉스 핏 크루 넥 반팔 티셔츠 2팩,https://image.msscdn.net/images/goods_img/20210719/2034137/2034137_17821170123912_500.jpg,False
2024-01,A,001001,반소매 티셔츠,001,상의,9,2690691,hugvone,허그본,무지 머슬핏 반팔 5컬러,https://image.msscdn.net/images/goods_img/20220801/2690691/2690691_17090175122341_500.jpg,False
2024-01,A,001001,반소매 티셔츠,001,상의,10,2029969,glimmer,글리머,[3PACK] 에어쿨링 드라이 기능성 무지 반팔티,https://image.msscdn.net/images/goods_img/20210715/2029969/2029969_17151440658556_500.jpg,False
2024-01,A,001001,반소매 티셔츠,001,상의,11,3158061,hadex,에이치덱스,[2pack] 메인 스몰 로고 에어 머슬핏 숏 슬리브,https://image.msscdn.net/images/goods_img/20230317/3158061/3158061_17581635208529_500.jpg,False
2024-01,A,001001,반소매 티셔츠,001,상의,12,1685307,mindbridge,마인드브릿지,[3팩]고밀도순면기본반팔티셔츠  MATS0101,https://image.msscdn.net/images/goods_img/20201110/1685307/1685307_17247259744795_500.jpg,False
2024-01,A,001001,반소매 티셔츠,001,상의,13,3341803,elimeno,엘리메노,[2PACK] EL 스트리트 아트워크 오버핏 반팔티 2종 2PACK,https://image.msscdn.net/images/goods_img/20230601/3341803/3341803_17152378354266_500.jpg,False
2024-01,A,001001,반소매 티셔츠,001,상의,14,1417691,musinsastandardwoman,무신사 스탠다드 우먼,우먼즈 베이식 크루 넥 반팔 티셔츠 [화이트],https://image.msscdn.net/images/goods_img/20200423/1417691/1417691_17828975022011_500.jpg,False
2024-01,A,001001,반소매 티셔츠,001,상의,15,1848166,covernat,커버낫,[2PACK] 쿨 코튼 티셔츠 Black+White,https://image.msscdn.net/images/goods_img/20210316/1848166/1848166_17731083991583_500.jpg,False
2024-01,A,001001,반소매 티셔츠,001,상의,16,2377269,marithefrancoisgirbaud,마리떼 프랑소와 저버,W CLASSIC LOGO TEE white,https://image.msscdn.net/images/goods_img/20220222/2377269/2377269_17725118252376_500.jpg,False
2024-01,A,001001,반소매 티셔츠,001,상의,17,1815503,giordano,지오다노,[2PACK] 레이어드 반팔 티셔츠 021541 [2color],https://image.msscdn.net/images/goods_img/20210225/1815503/1815503_16974346903486_500.jpg,False
2024-01,A,001001,반소매 티셔츠,001,상의,18,2448091,printstar,프린트스타,[2PACK] 7.4oz 헤비 웨이트 라운드 오버핏 무지 반팔티 화이트/블랙,https://image.msscdn.net/images/goods_img/20220328/2448091/2448091_17449355637382_500.jpg,False
2024-01,A,001001,반소매 티셔츠,001,상의,19,2442409,yale,예일,[16수 코마사] 2PACK SMALL ARCH T-SHIRT WHITE / BLACK,https://image.msscdn.net/images/goods_img/20220324/2442409/2442409_17424359787816_500.jpg,False
2024-01,A,001001,반소매 티셔츠,001,상의,20,3223007,brenson,브렌슨,( 2PACK ) 퓨어코튼 레이어드 체인 반팔티,https://image.msscdn.net/images/goods_img/20230411/3223007/3223007_17152355484963_500.jpg,False
2024-01,A,001001,반소매 티셔츠,001,상의,21,1944612,sovermentwithlomort,소버먼트,460G 컷 헤비 피그먼트 티셔츠-차콜-,https://image.msscdn.net/images/goods_img/20210511/1944612/1944612_17153307977903_500.jpg,False
2024-01,A,001001,반소매 티셔츠,001,상의,22,2376229,brownbreath,브라운브레스,TAG TEE - BLACK,https://image.msscdn.net/images/goods_img/20220222/2376229/2376229_17090810267757_500.jpg,False
2024-01,A,001001,반소매 티셔츠,001,상의,23,3086241,mozmoz,모즈모즈,[SET] 아치로고 오버핏 원턱 트레이닝쇼츠 셋업 백메란지,https://image.msscdn.net/images/goods_img/20230215/3086241/3086241_17150644966396_500.jpg,False
2024-01,A,001001,반소매 티셔츠,001,상의,24,2442418,yale,예일,[LOUNGE WEAR] SMALL ARCH TEE + SHORTS SET WHITE/GRAY,https://image.msscdn.net/images/goods_img/20220324/2442418/2442418_1_500.jpg,False
2024-01,A,001001,반소매 티셔츠,001,상의,25,3289339,ronron,론론,DOUBLE RIBBON SLIM CROP T SHIRT WHITE PINK,https://image.msscdn.net/images/goods_img/20230510/3289339/3289339_17120543724809_500.jpg,False
2024-01,A,001001,반소매 티셔츠,001,상의,26,2122565,musinsastandard,무신사 스탠다드,레이어드 크루 넥 반팔 티셔츠_긴 기장 2팩,https://image.msscdn.net/images/goods_img/20210910/2122565/2122565_17133413289986_500.jpg,False
2024-01,A,001001,반소매 티셔츠,001,상의,27,2050094,musinsastandard,무신사 스탠다드,베이식 크루 넥 반팔 티셔츠 2팩,https://image.msscdn.net/images/goods_img/20210805/2050094/2050094_17138592561124_500.jpg,False
2024-01,A,001001,반소매 티셔츠,001,상의,28,2086654,musinsastandard,무신사 스탠다드,레이어드 크루 넥 반팔 티셔츠_일반 기장 [블랙],https://image.msscdn.net/images/goods_img/20210825/2086654/2086654_17810573254045_500.jpg,False
2024-01,A,001001,반소매 티셔츠,001,상의,29,2371212,marithefrancoisgirbaud,마리떼 프랑소와 저버,CLASSIC LOGO TEE black,https://image.msscdn.net/images/goods_img/20220218/2371212/2371212_17768212844178_500.jpg,False
2024-01,A,001001,반소매 티셔츠,001,상의,30,996497,musinsastandard,무신사 스탠다드,베이식 크루 넥 반팔 티셔츠 [화이트],https://image.msscdn.net/images/goods_img/20190327/996497/996497_17507502602097_500.jpg,False
2024-01,A,001003,피케/카라 티셔츠,001,상의,1,3034895,sculptor,스컬프터,Velour Soccer Jersey Black,https://image.msscdn.net/images/goods_img/20230119/3034895/3034895_16752250753178_500.jpg,False
2024-01,A,001003,피케/카라 티셔츠,001,상의,2,2698836,prendafromplant,프렌다,RUGGER MAIN LOGO CROP SWEATSHIRT NAVY,https://image.msscdn.net/images/goods_img/20220804/2698836/2698836_16759073055100_500.jpg,False
2024-01,A,001003,피케/카라 티셔츠,001,상의,3,2698835,prendafromplant,프렌다,RUGGER MAIN LOGO CROP SWEATSHIRT GREEN,https://image.msscdn.net/images/goods_img/20220804/2698835/2698835_1_500.jpg,False
2024-01,A,001003,피케/카라 티셔츠,001,상의,4,3052053,drawfit,드로우핏,오버사이즈 벌룬 피케 스웨트 셔츠 [BLACK],https://image.msscdn.net/images/goods_img/20230201/3052053/3052053_16753905569091_500.jpg,False
2024-01,A,001003,피케/카라 티셔츠,001,상의,5,3454169,wkndrs,위캔더스,KELLOGGS FOOTBALL JERSEY (NAVY),https://image.msscdn.net/images/goods_img/20230809/3454169/3454169_16932079806315_500.jpg,False
2024-01,A,001003,피케/카라 티셔츠,001,상의,6,2364784,poloralphlauren,폴로 랄프 로렌,RL 플리스 럭비 - 네이비,https://image.msscdn.net/images/goods_img/20220216/2364784/2364784_1_500.jpg,False
2024-01,A,001003,피케/카라 티셔츠,001,상의,7,1387953,musinsastandard,무신사 스탠다드,롱 슬리브 피케 폴로 셔츠 [블랙],https://image.msscdn.net/images/goods_img/20200407/1387953/1387953_1_500.jpg,False
2024-01,A,001003,피케/카라 티셔츠,001,상의,8,1498092,poloralphlauren,폴로 랄프 로렌,커스텀 슬림핏 메시 폴로 셔츠 - 블랙,https://image.msscdn.net/images/goods_img/20200626/1498092/1498092_2_500.jpg,False
2024-01,A,001003,피케/카라 티셔츠,001,상의,9,3488980,romanticcrown,로맨틱크라운,RMTCRW 럭비 셔츠_라이트 그레이,https://image.msscdn.net/images/goods_img/20230823/3488980/3488980_17131474700299_500.jpg,False
2024-01,A,001003,피케/카라 티셔츠,001,상의,10,3549194,havism,해비즘,OVERSIZE VELOUR V-NECK L/S TEE(NAVY),https://image.msscdn.net/images/goods_img/20230911/3549194/3549194_16944108205981_500.jpg,False
2024-01,A,001003,피케/카라 티셔츠,001,상의,11,1031260,lab12,랩12,25S/S 오버핏 피케티셔츠 (블랙),https://image.msscdn.net/images/goods_img/20190430/1031260/1031260_17163582756217_500.jpg,False
2024-01,A,001003,피케/카라 티셔츠,001,상의,12,2389198,dimitriblack,디미트리블랙,ASI 스트라이프 럭비 맨투맨 티셔츠 그린/네이비,https://image.msscdn.net/images/goods_img/20220228/2389198/2389198_17522135025091_500.jpg,False
2024-01,A,001003,피케/카라 티셔츠,001,상의,13,3127048,romanticcrown,로맨틱크라운,[HP X RMTC] 07 럭비 셔츠_그린,https://image.msscdn.net/images/goods_img/20230307/3127048/3127048_16795533899772_500.jpg,False
2024-01,A,001003,피케/카라 티셔츠,001,상의,14,2765431,brenson,브렌슨,릴렉스드 더블코튼 카라 긴팔티 ( 8Color ),https://image.msscdn.net/images/goods_img/20220902/2765431/2765431_17152175223066_500.jpg,False
2024-01,A,001003,피케/카라 티셔츠,001,상의,15,1620273,poloralphlauren,폴로 랄프 로렌,커스텀 슬림핏 롱 슬리브 메시 폴로 - 블랙,https://image.msscdn.net/images/goods_img/20200923/1620273/1620273_2_500.jpg,False
2024-01,A,001003,피케/카라 티셔츠,001,상의,16,1848789,poloralphlauren,폴로 랄프 로렌,커스텀 슬림핏 메시 폴로 셔츠 - 화이트,https://image.msscdn.net/images/goods_img/20210317/1848789/1848789_2_500.jpg,False
2024-01,A,001003,피케/카라 티셔츠,001,상의,17,3022388,yale,예일,COLOR BLOCK PK CREWNECK GRAY / BLACK,https://image.msscdn.net/images/goods_img/20230112/3022388/3022388_16738310923707_500.jpg,False
2024-01,A,001003,피케/카라 티셔츠,001,상의,18,3123598,guernseywoollens,건지 울른스,코튼 긴팔 카라 니트 - 네이비,https://image.msscdn.net/images/goods_img/20230306/3123598/3123598_17091155816264_500.jpg,False
2024-01,A,001003,피케/카라 티셔츠,001,상의,19,3052057,drawfit,드로우핏,오버사이즈 벌룬 피케 스웨트 셔츠 [GREY],https://image.msscdn.net/images/goods_img/20230201/3052057/3052057_16753905760408_500.jpg,False
2024-01,A,001003,피케/카라 티셔츠,001,상의,20,3429416,lacoste,라코스테,남성 반집업 카라 티셔츠 SH997E-53N HDE,https://image.msscdn.net/images/goods_img/20230727/3429416/3429416_16940462975144_500.jpg,False
2024-01,A,001003,피케/카라 티셔츠,001,상의,21,2286564,compagno,꼼파뇨,TEDDY PIQUE SWEATER NAVY,https://image.msscdn.net/images/goods_img/20211230/2286564/2286564_1_500.jpg,False
2024-01,A,001003,피케/카라 티셔츠,001,상의,22,2500333,melangemaster,멜란지 마스터,오버 핏 스트라이프 럭비 셔츠 [네이비/옐로우],https://image.msscdn.net/images/goods_img/20220419/2500333/2500333_2_500.jpg,False
2024-01,A,001003,피케/카라 티셔츠,001,상의,23,3549200,havism,해비즘,OVERSIZE VELOUR V-NECK L/S TEE(RED),https://image.msscdn.net/images/goods_img/20230911/3549200/3549200_16944108771724_500.jpg,False
2024-01,A,001003,피케/카라 티셔츠,001,상의,24,2500332,melangemaster,멜란지 마스터,오버 핏 스트라이프 럭비 셔츠 [네이비/그린],https://image.msscdn.net/images/goods_img/20220419/2500332/2500332_2_500.jpg,False
2024-01,A,001003,피케/카라 티셔츠,001,상의,25,1387956,musinsastandard,무신사 스탠다드,롱 슬리브 피케 폴로 셔츠 [네이비],https://image.msscdn.net/images/goods_img/20200407/1387956/1387956_1_500.jpg,False
2024-01,A,001003,피케/카라 티셔츠,001,상의,26,3197479,moncler,몽클레어,남성 패치 로고 반소매 폴로셔츠 - 블랙 / I10918A0000684556999,https://image.msscdn.net/images/goods_img/20230331/3197479/3197479_17018538932026_500.jpg,False
2024-01,A,001003,피케/카라 티셔츠,001,상의,27,3452218,poloralphlauren,폴로 랄프 로렌,W 레이스 롱슬리브 럭비 셔츠 - 화이트,https://image.msscdn.net/images/goods_img/20230808/3452218/3452218_16926878158461_500.jpg,False
2024-01,A,001003,피케/카라 티셔츠,001,상의,28,1619255,oddoneout,오드원아웃,Pintuck pique T-shirts_BL,https://image.msscdn.net/images/goods_img/20200923/1619255/1619255_1_500.jpg,False
2024-01,A,001003,피케/카라 티셔츠,001,상의,29,2227429,diamondlayla,다이아몬드 레이라,Oversize Out Pocket Cotton Collar Knit K9 Navy,https://image.msscdn.net/images/goods_img/20211111/2227429/2227429_17241180588459_500.jpg,False
2024-01,A,001003,피케/카라 티셔츠,001,상의,30,2723908,whatitisnt,와키윌리,ANGEL PK COLLAR LONG SLEEVE BLACK,https://image.msscdn.net/images/goods_img/20220818/2723908/2723908_3_500.jpg,False
2024-01,A,001006,니트/스웨터,001,상의,1,3640949,trillion,트릴리온,워셔블 아란 케이블 후드 집업 니트 (CHARCOAL),https://image.msscdn.net/images/goods_img/20231019/3640949/3640949_17170490257806_500.jpg,False
2024-01,A,001006,니트/스웨터,001,상의,2,3468498,againstallodds,에이지오디,하프 집업 카라넥 케이블 니트 [카키],https://image.msscdn.net/images/goods_img/20230816/3468498/3468498_17322323551417_500.png,False
2024-01,A,001006,니트/스웨터,001,상의,3,876284,filluminate,필루미네이트,[블랙]SET B-스테디 하프 폴라넥,https://image.msscdn.net/images/goods_img/20181010/876284/876284_17156659533611_500.jpg,False
2024-01,A,001006,니트/스웨터,001,상의,4,2723767,suare,수아레,데일리 라운드 니트 - 12 COLOR,https://image.msscdn.net/images/goods_img/20220818/2723767/2723767_17292130151891_500.jpg,False
2024-01,A,001006,니트/스웨터,001,상의,5,1558847,suare,수아레,하프 터틀넥 니트 세트,https://image.msscdn.net/images/goods_img/20200821/1558847/1558847_17303488335987_500.jpg,False
2024-01,A,001006,니트/스웨터,001,상의,6,1710327,blond9,블론드나인,크루넥 리브 니트 스웨터_블랙,https://image.msscdn.net/images/goods_img/20201202/1710327/1710327_1_500.jpg,False
2024-01,A,001006,니트/스웨터,001,상의,7,2139775,minimalcode,미니멀코드,소프트 필링 세미오버 라운드 니트 초코브라운,https://image.msscdn.net/images/goods_img/20210917/2139775/2139775_17204066649792_500.jpg,False
2024-01,A,001006,니트/스웨터,001,상의,8,2775713,trillion,트릴리온,워셔블 하프 집업 카라넥 하찌 니트 (PURE BLACK),https://image.msscdn.net/images/goods_img/20220906/2775713/2775713_17587784648178_500.jpg,False
2024-01,A,001006,니트/스웨터,001,상의,9,3539176,trillion,트릴리온,워셔블 투 톤 크루넥 그래픽 니트 (BLACK),https://image.msscdn.net/images/goods_img/20230907/3539176/3539176_17170508638569_500.jpg,False
2024-01,A,001006,니트/스웨터,001,상의,10,843276,esn,이에스엔,퍼펙트 터틀넥 니트 티셔츠 블랙,https://image.msscdn.net/images/goods_img/20180830/843276/843276_1_500.jpg,False
2024-01,A,001006,니트/스웨터,001,상의,11,3449015,suare,수아레,[SET] 이지 케어 워셔블 니트 세트,https://image.msscdn.net/images/goods_img/20230807/3449015/3449015_17169658443197_500.jpg,False
2024-01,A,001006,니트/스웨터,001,상의,12,2757451,knitted,니티드,[니티드X깡스타일리스트] 코튼 미니멀 라운드 니트 BLACK,https://image.msscdn.net/images/goods_img/20220831/2757451/2757451_17887596768191_500.jpg,False
2024-01,A,001006,니트/스웨터,001,상의,13,2226767,drawfit,드로우핏,오버사이즈 집업 카라 터틀넥 니트 [5color],https://image.msscdn.net/images/goods_img/20211111/2226767/2226767_17567973647519_500.jpg,False
2024-01,A,001006,니트/스웨터,001,상의,14,2184395,goodlifeworks,굿라이프웍스,마일드 보카시 크루넥 스웨터 오버핏 니트 블루,https://image.msscdn.net/images/goods_img/20211018/2184395/2184395_17659407136697_500.jpg,False
2024-01,A,001006,니트/스웨터,001,상의,15,3495320,suare,수아레,[SET] 스테디 니트 세트,https://image.msscdn.net/images/goods_img/20230824/3495320/3495320_17169653059246_500.jpg,False
2024-01,A,001006,니트/스웨터,001,상의,16,1139175,lmood,엘무드,화란 세미오버 니트 블랙,https://image.msscdn.net/images/goods_img/20190902/1139175/1139175_17582630377296_500.png,False
2024-01,A,001006,니트/스웨터,001,상의,17,2684358,nomanual,노매뉴얼,CROPPED HAIRY KNIT - GRASS GREEN,https://image.msscdn.net/images/goods_img/20220727/2684358/2684358_17237907080769_500.jpg,False
2024-01,A,001006,니트/스웨터,001,상의,18,2760383,signature,시그니처,케이블 카라 니트[네이비],https://image.msscdn.net/images/goods_img/20220901/2760383/2760383_17424341371095_500.jpg,False
2024-01,A,001006,니트/스웨터,001,상의,19,1628939,musinsastandard,무신사 스탠다드,미니멀 크루 넥 니트 [블랙],https://image.msscdn.net/images/goods_img/20200928/1628939/1628939_17509083037775_500.jpg,False
2024-01,A,001006,니트/스웨터,001,상의,20,2419002,espionage,에스피오나지,Miller Knit Sweater Burnt Orange,https://image.msscdn.net/images/goods_img/20220315/2419002/2419002_17875589104198_500.jpg,False
2024-01,A,001006,니트/스웨터,001,상의,21,3539904,dimitriblack,디미트리블랙,에센셜 헤어리 라운드 니트_라이트 그레이,https://image.msscdn.net/images/goods_img/20230907/3539904/3539904_17621471094273_500.jpg,False
2024-01,A,001006,니트/스웨터,001,상의,22,2723764,suare,수아레,하찌 카라 투웨이 집업 니트 - 6 COLOR,https://image.msscdn.net/images/goods_img/20220818/2723764/2723764_17580745068789_500.jpg,False
2024-01,A,001006,니트/스웨터,001,상의,23,3481826,musinsastandard,무신사 스탠다드,리브드 니트 후디드 집업 [미디엄 그레이],https://image.msscdn.net/images/goods_img/20230821/3481826/3481826_17086552674504_500.jpg,False
2024-01,A,001006,니트/스웨터,001,상의,24,3539913,dimitriblack,디미트리블랙,2WAY 헤비웨이트 케이블 니트 후드 집업_오트밀,https://image.msscdn.net/images/goods_img/20230907/3539913/3539913_17313973147860_500.jpg,False
2024-01,A,001006,니트/스웨터,001,상의,25,3539905,dimitriblack,디미트리블랙,에센셜 헤어리 라운드 니트_라이트 그린,https://image.msscdn.net/images/goods_img/20230907/3539905/3539905_17621471286374_500.jpg,False
2024-01,A,001006,니트/스웨터,001,상의,26,2775710,trillion,트릴리온,워셔블 하프 집업 카라넥 하찌 니트 (CURRENT NAVY),https://image.msscdn.net/images/goods_img/20220906/2775710/2775710_17171478285497_500.jpg,False
2024-01,A,001006,니트/스웨터,001,상의,27,3515388,glowny,글로니,ISA ASYMMETRICAL KNIT TOP (OATMEAL),https://image.msscdn.net/images/goods_img/20230830/3515388/3515388_16970207235930_500.jpg,False
2024-01,A,001006,니트/스웨터,001,상의,28,3498319,againstallodds,에이지오디,크루넥 리브 오버핏 하찌 니트 - 8 COLOR [ONE OR TWO],https://image.msscdn.net/images/goods_img/20230825/3498319/3498319_17304420951267_500.png,False
2024-01,A,001006,니트/스웨터,001,상의,29,2226766,drawfit,드로우핏,오버사이즈 집업 카라 터틀넥 니트 [BLACK],https://image.msscdn.net/images/goods_img/20211111/2226766/2226766_16747012297761_500.jpg,False
2024-01,A,001006,니트/스웨터,001,상의,30,2139133,drawfit,드로우핏,[드로우핏X깡스타일리스트] 모크넥 니트 티셔츠 SET,https://image.msscdn.net/images/goods_img/20210917/2139133/2139133_17567927924799_500.jpg,False
2024-01,A,001011,민소매 티셔츠,001,상의,1,2445153,51percent,51퍼센트,Irregular Logo embroidery Logo Sleeveless - BLACK,https://image.msscdn.net/images/goods_img/20220325/2445153/2445153_17446121911849_500.jpg,False
2024-01,A,001011,민소매 티셔츠,001,상의,2,2122564,musinsastandard,무신사 스탠다드,레이어드 슬리브리스 탑_일반 기장 2팩,https://image.msscdn.net/images/goods_img/20210910/2122564/2122564_17133411609203_500.jpg,False
2024-01,A,001011,민소매 티셔츠,001,상의,3,1852718,pianer,피아네르,[2 PACK] 레이어드 트임 나시 (2color),https://image.msscdn.net/images/goods_img/20210318/1852718/1852718_17158436415816_500.jpg,False
2024-01,A,001011,민소매 티셔츠,001,상의,4,3817361,treemingbird,트리밍버드,Basic Ribbed Sleeveless [ Black ],https://image.msscdn.net/images/goods_img/20240124/3817361/3817361_17066645418265_500.jpg,False
2024-01,A,001011,민소매 티셔츠,001,상의,5,2976551,musinsastandard,무신사 스탠다드,[쿨탠다드] 릴렉스드 슬리브리스 탑 2팩,https://image.msscdn.net/images/goods_img/20221208/2976551/2976551_17133351213295_500.jpg,False
2024-01,A,001011,민소매 티셔츠,001,상의,6,3154364,savage,세비지,Logo Sleeveless Top - Black,https://image.msscdn.net/images/goods_img/20230316/3154364/3154364_16789504941943_500.jpg,False
2024-01,A,001011,민소매 티셔츠,001,상의,7,2445109,51percent,51퍼센트,Irregular Logo embroidery Logo Sleeveless - White,https://image.msscdn.net/images/goods_img/20220325/2445109/2445109_17573184842125_500.jpg,False
2024-01,A,001011,민소매 티셔츠,001,상의,8,3154407,savage,세비지,Logo Sleeveless Top - White,https://image.msscdn.net/images/goods_img/20230316/3154407/3154407_16789508605198_500.jpg,False
2024-01,A,001011,민소매 티셔츠,001,상의,9,2724649,musinsastandardwoman,무신사 스탠다드 우먼,우먼즈 스트링 슬리브리스 탑 2팩,https://image.msscdn.net/images/goods_img/20220818/2724649/2724649_17490161912803_500.jpg,False
2024-01,A,001011,민소매 티셔츠,001,상의,10,3135346,musinsastandardwoman,무신사 스탠다드 우먼,우먼즈 에센셜 탱크 탑 [화이트],https://image.msscdn.net/images/goods_img/20230309/3135346/3135346_17775390513402_500.jpg,False
2024-01,A,001011,민소매 티셔츠,001,상의,11,2086660,musinsastandard,무신사 스탠다드,레이어드 슬리브리스 탑_일반 기장 [화이트],https://image.msscdn.net/images/goods_img/20210825/2086660/2086660_17048492714259_500.jpg,False
2024-01,A,001011,민소매 티셔츠,001,상의,12,3492641,burmula,버뮬라,FRILL SLEEVELESS TOP (WHITE),https://image.msscdn.net/images/goods_img/20230823/3492641/3492641_16935598219827_500.jpg,False
2024-01,A,001011,민소매 티셔츠,001,상의,13,3817362,treemingbird,트리밍버드,Basic Ribbed Sleeveless [ White ],https://image.msscdn.net/images/goods_img/20240124/3817362/3817362_17066646630942_500.jpg,False
2024-01,A,001011,민소매 티셔츠,001,상의,14,2034964,fabulousarchive,패블러스아카이브,UNISEX 오버핏 싱글 MAISON프린팅 슬리브리스 탑 화이트(FCB2TS300M),https://image.msscdn.net/images/goods_img/20210720/2034964/2034964_16788417991808_500.jpg,False
2024-01,A,001011,민소매 티셔츠,001,상의,15,2225649,hadex,에이치덱스,아치 로고 나시,https://image.msscdn.net/images/goods_img/20211110/2225649/2225649_17790681680402_500.jpg,False
2024-01,A,001011,민소매 티셔츠,001,상의,16,2606164,fluke,플루크,서프 클럽 피그먼트 슬리브리스 화이트 FSL104,https://image.msscdn.net/images/goods_img/20220609/2606164/2606164_1_500.jpg,False
2024-01,A,001011,민소매 티셔츠,001,상의,17,3266028,bittercells,비터셀즈,발레 슬리브리스-블랙,https://image.msscdn.net/images/goods_img/20230427/3266028/3266028_16832899826752_500.jpg,False
2024-01,A,001011,민소매 티셔츠,001,상의,18,3400406,gainsboro,게인스보로,[SET]쿨모어 슬리브리스_컬렉션,https://image.msscdn.net/images/goods_img/20230710/3400406/3400406_17459802450805_500.jpg,False
2024-01,A,001011,민소매 티셔츠,001,상의,19,1382694,musinsastandard,무신사 스탠다드,레이어드 슬리브리스 탑_긴 기장 [화이트],https://image.msscdn.net/images/goods_img/20200402/1382694/1382694_17048654361116_500.jpg,False
2024-01,A,001011,민소매 티셔츠,001,상의,20,3756840,adidas,아디다스,3S 탱크탑 - 화이트 / IR6914,https://image.msscdn.net/images/goods_img/20231214/3756840/3756840_17028582214263_500.jpg,False
2024-01,A,001011,민소매 티셔츠,001,상의,21,3817357,treemingbird,트리밍버드,Basic Ribbed Crop Tank Top [ Black ],https://image.msscdn.net/images/goods_img/20240124/3817357/3817357_17066652248933_500.jpg,False
2024-01,A,001011,민소매 티셔츠,001,상의,22,1466673,gainsboro,게인스보로,[2PACK] 오버핏 쿨 마이크로아이스 슬리브리스 6COLOR,https://image.msscdn.net/images/goods_img/20200528/1466673/1466673_17477879236093_500.jpg,False
2024-01,A,001011,민소매 티셔츠,001,상의,23,3566976,sculptor,스컬프터,Cowl Sleeveless Hoodie Natural,https://image.msscdn.net/images/goods_img/20230917/3566976/3566976_17198987811802_500.jpg,False
2024-01,A,001011,민소매 티셔츠,001,상의,24,3135345,musinsastandardwoman,무신사 스탠다드 우먼,우먼즈 에센셜 탱크 탑 [블랙],https://image.msscdn.net/images/goods_img/20230309/3135345/3135345_17775390922598_500.jpg,False
2024-01,A,001011,민소매 티셔츠,001,상의,25,3704279,glowny,글로니,G CLASSIC RIB TANK (CHARCOAL),https://image.msscdn.net/images/goods_img/20231110/3704279/3704279_17012605636385_500.jpg,False
2024-01,A,001011,민소매 티셔츠,001,상의,26,780466,gainsboro,게인스보로,쿨모어 서프 슬리브리스 블랙,https://image.msscdn.net/images/goods_img/20180514/780466/780466_17191916741672_500.jpg,False
2024-01,A,001011,민소매 티셔츠,001,상의,27,2122563,musinsastandard,무신사 스탠다드,레이어드 슬리브리스 탑_긴 기장 2팩,https://image.msscdn.net/images/goods_img/20210910/2122563/2122563_17133412732011_500.jpg,False
2024-01,A,001011,민소매 티셔츠,001,상의,28,2034965,fabulousarchive,패블러스아카이브,UNISEX 오버핏 싱글 MAISON프린팅 슬리브리스 탑 블랙(FCB2TS300M),https://image.msscdn.net/images/goods_img/20210720/2034965/2034965_16788417912622_500.jpg,False
2024-01,A,001011,민소매 티셔츠,001,상의,29,3285956,jeleve,제이엘브,스탠다드 무지 나시,https://image.msscdn.net/images/goods_img/20230509/3285956/3285956_17410503759391_500.jpg,False
2024-01,A,001011,민소매 티셔츠,001,상의,30,2584837,notyourrose,낫 유어 로즈,드레이핑 홀터 탑 (네이비),https://image.msscdn.net/images/goods_img/20220526/2584837/2584837_17482383809237_500.jpg,False
2024-01,A,001008,기타 상의,001,상의,1,2660716,1993studio,1993스튜디오,빈티지 반 집업_라이트그레이,https://image.msscdn.net/images/goods_img/20220712/2660716/2660716_1_500.jpg,False
2024-01,A,001008,기타 상의,001,상의,2,2054385,1993studio,1993스튜디오,빈티지 반 집업_네이비,https://image.msscdn.net/images/goods_img/20210809/2054385/2054385_4_500.jpg,False
2024-01,A,001008,기타 상의,001,상의,3,2372710,sovermentwithlomort,소버먼트,860G 피그먼트 하프 짚업-챠콜-,https://image.msscdn.net/images/goods_img/20220221/2372710/2372710_17243908846193_500.jpg,False
2024-01,A,001008,기타 상의,001,상의,4,2660715,1993studio,1993스튜디오,빈티지 반 집업_다크그린,https://image.msscdn.net/images/goods_img/20220712/2660715/2660715_1_500.jpg,False
2024-01,A,001008,기타 상의,001,상의,5,2660728,1993studio,1993스튜디오,빈티지 반 집업_오트베이지,https://image.msscdn.net/images/goods_img/20220712/2660728/2660728_1_500.jpg,False
2024-01,A,001008,기타 상의,001,상의,6,1560932,1993studio,1993스튜디오,빈티지 반 집업_그레이,https://image.msscdn.net/images/goods_img/20200824/1560932/1560932_17050197827178_500.jpg,False
2024-01,A,001008,기타 상의,001,상의,7,2660719,1993studio,1993스튜디오,빈티지 반 집업_블랙,https://image.msscdn.net/images/goods_img/20220712/2660719/2660719_1_500.jpg,False
2024-01,A,001008,기타 상의,001,상의,8,2656436,spyder,스파이더,맨즈 트레이닝 베이스레이어 SPGPCNCL201MBLK,https://image.msscdn.net/images/goods_img/20220711/2656436/2656436_2_500.jpg,False
2024-01,A,001008,기타 상의,001,상의,9,2992082,bluegrain,블루그레인,잘만브라 3 PACK,https://image.msscdn.net/images/goods_img/20221221/2992082/2992082_17471249108793_500.jpg,False
2024-01,A,001008,기타 상의,001,상의,10,3600493,coquetstudio,코케트,[ WOMAN ] KNIT STRIPE HALF ZIP-UP,https://image.msscdn.net/images/goods_img/20231003/3600493/3600493_16965720425846_500.jpg,False
2024-01,A,001008,기타 상의,001,상의,11,3673018,ruggedhouse,러기드하우스,무브드 코듀로이 반집업 모카베이지,https://image.msscdn.net/images/goods_img/20231031/3673018/3673018_16987380873886_500.jpg,False
2024-01,A,001008,기타 상의,001,상의,12,2054397,1993studio,1993스튜디오,빈티지 반 집업_차콜,https://image.msscdn.net/images/goods_img/20210809/2054397/2054397_17050199103603_500.jpg,False
2024-01,A,001008,기타 상의,001,상의,13,3066589,crump,크럼프,마스 우븐 피스테 [네이비],https://image.msscdn.net/images/goods_img/20230208/3066589/3066589_16759031682405_500.jpg,False
2024-01,A,001008,기타 상의,001,상의,14,3018603,malbongolf,말본 골프,버킷 반집업 피스테 BEIGE (MAN),https://image.msscdn.net/images/goods_img/20230111/3018603/3018603_16734098548905_500.jpg,False
2024-01,A,001008,기타 상의,001,상의,15,2859239,lengagement,랑가주망,아치 로고 하프 집업 스트링 맨투맨 [네이비],https://image.msscdn.net/images/goods_img/20221013/2859239/2859239_17107481571746_500.jpg,False
2024-01,A,001008,기타 상의,001,상의,16,3760011,gainsboro,게인스보로,[패키지]로럴골든 하프집업_5COLOR,https://image.msscdn.net/images/goods_img/20231219/3760011/3760011_17192747575955_500.jpg,False
2024-01,A,001008,기타 상의,001,상의,17,3066555,crump,크럼프,크롬 우븐 피스테 [블랙],https://image.msscdn.net/images/goods_img/20230208/3066555/3066555_16759964271818_500.jpg,False
2024-01,A,001008,기타 상의,001,상의,18,3351097,andar,안다르,[2 PACK] 비 프리 올데이 크롭탑,https://image.msscdn.net/images/goods_img/20230607/3351097/3351097_17636939400912_500.jpg,False
2024-01,A,001008,기타 상의,001,상의,19,3584690,nautica,노티카,83플래그 폴라 하프집업(크림),https://image.msscdn.net/images/goods_img/20230921/3584690/3584690_17278565370934_500.jpg,False
2024-01,A,001008,기타 상의,001,상의,20,2889367,ninetyplus,나인티플러스,컴뱃 쿨링 트레이닝 하프집업 V2 - 블랙,https://image.msscdn.net/images/goods_img/20221025/2889367/2889367_16836181511776_500.jpg,False
2024-01,A,001008,기타 상의,001,상의,21,2373591,sovermentwithlomort,소버먼트,860G 피그먼트 하프 짚업-스톤 네이비-,https://image.msscdn.net/images/goods_img/20220221/2373591/2373591_17243909109411_500.jpg,False
2024-01,A,001008,기타 상의,001,상의,22,3481502,yeseyesee,예스아이씨,Y.E.S Stripe Half Zip Navy,https://image.msscdn.net/images/goods_img/20230821/3481502/3481502_16951084510844_500.jpg,False
2024-01,A,001008,기타 상의,001,상의,23,3687378,pottery,포터리,Comfort Half Zip-up Sweat Shirt - Melange Gray,https://image.msscdn.net/images/goods_img/20231106/3687378/3687378_16992499926625_500.jpg,False
2024-01,A,001008,기타 상의,001,상의,24,3584689,nautica,노티카,83플래그 폴라 하프집업(네이비),https://image.msscdn.net/images/goods_img/20230921/3584689/3584689_17891030125322_500.jpg,False
2024-01,A,001008,기타 상의,001,상의,25,3468304,againstallodds,에이지오디,하프 집업 오버핏 스웨트 셔츠 [그레이],https://image.msscdn.net/images/goods_img/20230816/3468304/3468304_17276823544747_500.jpg,False
2024-01,A,001008,기타 상의,001,상의,26,535475,gainsboro,게인스보로,로고 아노락 풀오버 하프집업 블랙,https://image.msscdn.net/images/goods_img/20170407/535475/535475_17431369086345_500.jpg,False
2024-01,A,001008,기타 상의,001,상의,27,2766960,anotherarchive,어나더 아카이브,에센셜 시그니쳐 반집업 맨투맨_그레이,https://image.msscdn.net/images/goods_img/20220902/2766960/2766960_1_500.jpg,False
2024-01,A,001008,기타 상의,001,상의,28,2754383,ebbetsfield,이벳필드,브루클린 이글스 피그먼트 하프집업 라이트그레이,https://image.msscdn.net/images/goods_img/20220830/2754383/2754383_1_500.jpg,False
2024-01,A,001008,기타 상의,001,상의,29,2945362,bluegrain,블루그레인,잘만브라 [블랙],https://image.msscdn.net/images/goods_img/20221116/2945362/2945362_17490197684846_500.jpg,False
2024-01,A,001008,기타 상의,001,상의,30,3584688,nautica,노티카,83플래그 폴라 하프집업(그린),https://image.msscdn.net/images/goods_img/20230921/3584688/3584688_16964941381158_500.jpg,False
2024-01,A,002,아우터,,,1,2037173,spao,스파오,베이직 푸퍼_SPJPE4TC11,https://image.msscdn.net/images/goods_img/20210722/2037173/2037173_17333558393121_500.jpg,False
2024-01,A,002,아우터,,,2,3551101,blackmoment,블랙모먼트,비건 스웨이드 오버핏 미니멀 인시전 스트레이트 집업 자켓 [브라운],https://image.msscdn.net/images/goods_img/20230912/3551101/3551101_16970790961650_500.jpg,False
2024-01,A,002,아우터,,,3,1778404,toffee,토피,2WAY 스웻 후드 집업 (MELANGE GREY),https://image.msscdn.net/images/goods_img/20210204/1778404/1778404_1_500.jpg,False
2024-01,A,002,아우터,,,4,3640947,trillion,트릴리온,워셔블 아란 케이블 후드 집업 니트 (IVORY),https://image.msscdn.net/images/goods_img/20231019/3640947/3640947_17170490498222_500.jpg,False
2024-01,A,002,아우터,,,5,2782764,beslow,비슬로우,OVERSIZED CASHMERE BALMACAAN COAT BLACK,https://image.msscdn.net/images/goods_img/20220908/2782764/2782764_17272251996978_500.jpg,False
2024-01,A,002,아우터,,,6,452483,doffjason,도프제이슨,솔리드 무톤 자켓,https://image.msscdn.net/images/goods_img/20161123/452483/452483_2_500.jpg,False
2024-01,A,002,아우터,,,7,865862,musinsastandard,무신사 스탠다드,캐시미어 블렌드 오버사이즈 싱글 코트 [블랙],https://image.msscdn.net/images/goods_img/20180921/865862/865862_17657673085739_500.jpg,False
2024-01,A,002,아우터,,,8,2116411,musinsastandard,무신사 스탠다드,캐시미어 블렌드 오버사이즈 발마칸 코트 [블랙],https://image.msscdn.net/images/goods_img/20210908/2116411/2116411_17616270483710_500.jpg,False
2024-01,A,002,아우터,,,9,2700048,musinsastandardwoman,무신사 스탠다드 우먼,우먼즈 캐시미어 블렌드 발마칸 로브 코트 [블랙],https://image.msscdn.net/images/goods_img/20220805/2700048/2700048_17661148134527_500.jpg,False
2024-01,A,002,아우터,,,10,2098325,drawfit,드로우핏,프리미어 퓨어 캐시미어 발마칸 코트 [BLACK],https://image.msscdn.net/images/goods_img/20210830/2098325/2098325_17621500792692_500.jpg,False
2024-01,A,002,아우터,,,11,2037167,spao,스파오,파스텔 푸퍼_SPJPE4TG01,https://image.msscdn.net/images/goods_img/20210722/2037167/2037167_17631352702771_500.jpg,False
2024-01,A,002,아우터,,,12,2835510,yale,예일,리버시블 웜업 퀄팅 자켓 블랙/아이보리,https://image.msscdn.net/images/goods_img/20221004/2835510/2835510_17484885537592_500.jpg,False
2024-01,A,002,아우터,,,13,3390511,standarderror,스탠다드에러,87-STAN009 스탠다드 블루종 스웨이드 자켓 카키,https://image.msscdn.net/images/goods_img/20230630/3390511/3390511_17551525806450_500.jpg,False
2024-01,A,002,아우터,,,14,1618313,musinsastandard,무신사 스탠다드,캐시미어 블렌드 대디 숄더 싱글 롱 코트 [블랙],https://image.msscdn.net/images/goods_img/20200923/1618313/1618313_17569514851734_500.jpg,False
2024-01,A,002,아우터,,,15,1558197,musinsastandard,무신사 스탠다드,릴렉스드 베이식 블레이저 [블랙],https://image.msscdn.net/images/goods_img/20200820/1558197/1558197_17791521338764_500.jpg,False
2024-01,A,002,아우터,,,16,655610,drawfit,드로우핏,프리미어 퓨어 캐시미어 히든 싱글 코트 [BLACK],https://image.msscdn.net/images/goods_img/20171019/655610/655610_17621505186202_500.jpg,False
2024-01,A,002,아우터,,,17,1291017,jemut,제멋,리치 오버 MA-1 자켓 블랙 YHJK2269,https://image.msscdn.net/images/goods_img/20200205/1291017/1291017_1_500.jpg,False
2024-01,A,002,아우터,,,18,3555045,covernat,커버낫,RDS 씨빅 숏 푸퍼 블랙,https://image.msscdn.net/images/goods_img/20230913/3555045/3555045_16947539245253_500.png,False
2024-01,A,002,아우터,,,19,2194649,goodlifeworks,굿라이프웍스,카라 케이블 니트 집업 블랙,https://image.msscdn.net/images/goods_img/20211022/2194649/2194649_17894588243169_500.jpg,False
2024-01,A,002,아우터,,,20,2238440,partimento,파르티멘토,오버사이즈 멜톤 더플 롱 코트 네이비,https://image.msscdn.net/images/goods_img/20211117/2238440/2238440_1_500.jpg,False
2024-01,A,002,아우터,,,21,2108160,spao,스파오,베이직 퍼플리스 집업_SPFZE4TC01,https://image.msscdn.net/images/goods_img/20210903/2108160/2108160_17605996485185_500.jpg,False
2024-01,A,002,아우터,,,22,3440439,costumeoclock,커스텀어클락,커브드 투웨이 항공 패딩 점퍼 블랙 5COLOR COOSJP045BLACK,https://image.msscdn.net/images/goods_img/20230801/3440439/3440439_17871947407904_500.jpg,False
2024-01,A,002,아우터,,,23,2482269,thenorthface,노스페이스,NJ1DQ75A 남성 1996 눕시 자켓_BLACK,https://image.msscdn.net/images/goods_img/20220412/2482269/2482269_17210922117662_500.jpg,False
2024-01,A,002,아우터,,,24,3551114,blackmoment,블랙모먼트,비건 스웨이드 오버핏 미니멀 인시전 스트레이트 집업 자켓 [블랙],https://image.msscdn.net/images/goods_img/20230912/3551114/3551114_17567882505384_500.jpg,False
2024-01,A,002,아우터,,,25,3481221,coor,쿠어,벨란디 캐시미어 블렌드 발마칸 코트 (신더그레이),https://image.msscdn.net/images/goods_img/20230821/3481221/3481221_17271922234943_500.jpg,False
2024-01,A,002,아우터,,,26,3440438,costumeoclock,커스텀어클락,커브드 투웨이 항공 패딩 점퍼 다크그레이 COOSJP045DGRAY,https://image.msscdn.net/images/goods_img/20230801/3440438/3440438_17871947679501_500.jpg,False
2024-01,A,002,아우터,,,27,2863075,trillion,트릴리온,유니섹스 발마칸 더플 숏 코트 (BLACK),https://image.msscdn.net/images/goods_img/20221014/2863075/2863075_1_500.jpg,False
2024-01,A,002,아우터,,,28,3563185,adidas,아디다스,파이어버드 트랙탑 - 블랙 / IJ7058,https://image.msscdn.net/images/goods_img/20230915/3563185/3563185_16950017775747_500.jpg,False
2024-01,A,002,아우터,,,29,3391616,spao,스파오,파스텔 푸퍼 (코듀로이)_SPJPD4TG02,https://image.msscdn.net/images/goods_img/20230703/3391616/3391616_16897518417977_500.jpg,False
2024-01,A,002,아우터,,,30,3477691,yale,예일,엠브로이더리 댄 카라리스 퀼팅 플리스 자켓_아이보리,https://image.msscdn.net/images/goods_img/20230818/3477691/3477691_17080656880557_500.jpg,False
2024-01,A,002022,후드 집업,002,아우터,1,1778404,toffee,토피,2WAY 스웻 후드 집업 (MELANGE GREY),https://image.msscdn.net/images/goods_img/20210204/1778404/1778404_1_500.jpg,False
2024-01,A,002022,후드 집업,002,아우터,2,3640947,trillion,트릴리온,워셔블 아란 케이블 후드 집업 니트 (IVORY),https://image.msscdn.net/images/goods_img/20231019/3640947/3640947_17170490498222_500.jpg,False
2024-01,A,002022,후드 집업,002,아우터,3,2122596,fp142muji,페플,유스풀 벌룬 후드집업 그레이 SJHD1327,https://image.msscdn.net/images/goods_img/20210910/2122596/2122596_17182428329624_500.jpg,False
2024-01,A,002022,후드 집업,002,아우터,4,1778408,toffee,토피,2WAY 스웻 후드 집업 (BLACK),https://image.msscdn.net/images/goods_img/20210204/1778408/1778408_17168650383792_500.jpg,False
2024-01,A,002022,후드 집업,002,아우터,5,947088,musinsastandard,무신사 스탠다드,후디드 스웨트 집업 [멜란지 그레이],https://image.msscdn.net/images/goods_img/20190201/947088/947088_17217964884017_500.jpg,False
2024-01,A,002022,후드 집업,002,아우터,6,2105470,sovermentwithlomort,소버먼트,980G 피그먼트 컷 후디 집업-차콜-,https://image.msscdn.net/images/goods_img/20210902/2105470/2105470_17631074294899_500.jpg,False
2024-01,A,002022,후드 집업,002,아우터,7,3023666,toffee,토피,2WAY 크롭 스웻 후드 집업 (MELANGE GREY),https://image.msscdn.net/images/goods_img/20230113/3023666/3023666_16750529666533_500.jpg,False
2024-01,A,002022,후드 집업,002,아우터,8,3471419,youhee,유희,YOUHEE RIBBON HOOD ZIP-UP MELANGE GREY,https://image.msscdn.net/images/goods_img/20230817/3471419/3471419_17095181148733_500.jpg,False
2024-01,A,002022,후드 집업,002,아우터,9,1642916,musinsastandard,무신사 스탠다드,헤비웨이트 오버사이즈 후디드 스웨트 집업 [미디엄 그레이],https://image.msscdn.net/images/goods_img/20201012/1642916/1642916_17526404082761_500.jpg,False
2024-01,A,002022,후드 집업,002,아우터,10,2705775,musinsastandard,무신사 스탠다드,엑스트라 오버사이즈 후디드 스웨트 집업 [미디엄 그레이],https://image.msscdn.net/images/goods_img/20220809/2705775/2705775_17026287166490_500.jpg,False
2024-01,A,002022,후드 집업,002,아우터,11,2712417,filluminate,필루미네이트,투웨이 에센셜 후드 집업-그레이,https://image.msscdn.net/images/goods_img/20220811/2712417/2712417_16963910031844_500.jpg,False
2024-01,A,002022,후드 집업,002,아우터,12,640839,melangemaster,멜란지 마스터,스탠다드 후드 스웨트 집업 - 멜란지 그레이,https://image.msscdn.net/images/goods_img/20170922/640839/640839_6_500.jpg,False
2024-01,A,002022,후드 집업,002,아우터,13,3767723,yale,예일,투톤아치 크롭 후드집업_오트밀,https://image.msscdn.net/images/goods_img/20231226/3767723/3767723_17044212641965_500.jpg,False
2024-01,A,002022,후드 집업,002,아우터,14,3590961,nastyfancyclub,팬시클럽,[PPG X FANCY] 스페이스 트레이닝 셋업 (CHARCOAL)_F23PG1035X1034,https://image.msscdn.net/images/goods_img/20230925/3590961/3590961_16965812848564_500.jpg,False
2024-01,A,002022,후드 집업,002,아우터,15,3466424,havism,해비즘,FLOWER ZIP UP HOOD(WINE),https://image.msscdn.net/images/goods_img/20230816/3466424/3466424_16927694120869_500.jpg,False
2024-01,A,002022,후드 집업,002,아우터,16,3767724,yale,예일,투톤아치 크롭 후드집업_블랙,https://image.msscdn.net/images/goods_img/20231226/3767724/3767724_17043656682583_500.jpg,False
2024-01,A,002022,후드 집업,002,아우터,17,3697526,compagno,꼼파뇨,[2-WAY] 슬리브 스타 피그먼트 후드 집업 스모크블랙,https://image.msscdn.net/images/goods_img/20231108/3697526/3697526_17002041370481_500.jpg,False
2024-01,A,002022,후드 집업,002,아우터,18,1642914,musinsastandard,무신사 스탠다드,헤비웨이트 오버사이즈 후디드 스웨트 집업 [블랙],https://image.msscdn.net/images/goods_img/20201012/1642914/1642914_17526403710213_500.jpg,False
2024-01,A,002022,후드 집업,002,아우터,19,2122590,fp142muji,페플,유스풀 벌룬 후드집업 블랙 SJHD1327,https://image.msscdn.net/images/goods_img/20210910/2122590/2122590_17165381555529_500.jpg,False
2024-01,A,002022,후드 집업,002,아우터,20,3817370,treemingbird,트리밍버드,TMB Square Logo Sweat Hoodie Zip-up [ Black ],https://image.msscdn.net/images/goods_img/20240124/3817370/3817370_17388142435862_500.jpg,False
2024-01,A,002022,후드 집업,002,아우터,21,2668986,spao,스파오,[프렌치테리] 루즈핏 2-WAY 후드집업_SPMZE49C01,https://image.msscdn.net/images/goods_img/20220718/2668986/2668986_17413294389364_500.jpg,False
2024-01,A,002022,후드 집업,002,아우터,22,2122594,fp142muji,페플,유스풀 벌룬 후드집업 네이비 SJHD1327,https://image.msscdn.net/images/goods_img/20210910/2122594/2122594_17165380553188_500.jpg,False
2024-01,A,002022,후드 집업,002,아우터,23,2954589,satur,세터,테오 코튼 올 데이 후드 집업 팔레트 블랙,https://image.msscdn.net/images/goods_img/20221122/2954589/2954589_17241610712825_500.jpg,False
2024-01,A,002022,후드 집업,002,아우터,24,1778406,toffee,토피,2WAY 스웻 후드 집업 (CHARCOAL),https://image.msscdn.net/images/goods_img/20210204/1778406/1778406_1_500.jpg,False
2024-01,A,002022,후드 집업,002,아우터,25,3777854,nohant,노앙,LONELY/LOVELY WASHED HOODIE ZIP-UP_CHARCOAL,https://image.msscdn.net/images/goods_img/20240105/3777854/3777854_17050515138585_500.jpg,False
2024-01,A,002022,후드 집업,002,아우터,26,2287431,wooalong,우알롱,Signature hood zip-up - BLACK,https://image.msscdn.net/images/goods_img/20211230/2287431/2287431_17586053750352_500.jpg,False
2024-01,A,002022,후드 집업,002,아우터,27,2385875,brenson,브렌슨,(Renew Ver.) 루즈핏 스웨트 셋업 ( 2Color ) ( 기모선택 ),https://image.msscdn.net/images/goods_img/20220225/2385875/2385875_17276646907303_500.jpg,False
2024-01,A,002022,후드 집업,002,아우터,28,3817372,treemingbird,트리밍버드,TMB Square Logo Sweat Hoodie Zip-up [ Gray ],https://image.msscdn.net/images/goods_img/20240124/3817372/3817372_17388147749575_500.jpg,False
2024-01,A,002022,후드 집업,002,아우터,29,2718414,satur,세터,테오 코튼 올 데이 후드 집업 멜란지 아이보리,https://image.msscdn.net/images/goods_img/20220816/2718414/2718414_17580019828614_500.jpg,False
2024-01,A,002022,후드 집업,002,아우터,30,2718413,satur,세터,테오 코튼 올 데이 후드 집업 멜란지 그레이,https://image.msscdn.net/images/goods_img/20220816/2718413/2718413_17241608813972_500.jpg,False
2024-01,A,002001,블루종/MA-1,002,아우터,1,3390511,standarderror,스탠다드에러,87-STAN009 스탠다드 블루종 스웨이드 자켓 카키,https://image.msscdn.net/images/goods_img/20230630/3390511/3390511_17551525806450_500.jpg,False
2024-01,A,002001,블루종/MA-1,002,아우터,2,1291017,jemut,제멋,리치 오버 MA-1 자켓 블랙 YHJK2269,https://image.msscdn.net/images/goods_img/20200205/1291017/1291017_1_500.jpg,False
2024-01,A,002001,블루종/MA-1,002,아우터,3,3440439,costumeoclock,커스텀어클락,커브드 투웨이 항공 패딩 점퍼 블랙 5COLOR COOSJP045BLACK,https://image.msscdn.net/images/goods_img/20230801/3440439/3440439_17871947407904_500.jpg,False
2024-01,A,002001,블루종/MA-1,002,아우터,4,3551114,blackmoment,블랙모먼트,비건 스웨이드 오버핏 미니멀 인시전 스트레이트 집업 자켓 [블랙],https://image.msscdn.net/images/goods_img/20230912/3551114/3551114_17567882505384_500.jpg,False
2024-01,A,002001,블루종/MA-1,002,아우터,5,3440438,costumeoclock,커스텀어클락,커브드 투웨이 항공 패딩 점퍼 다크그레이 COOSJP045DGRAY,https://image.msscdn.net/images/goods_img/20230801/3440438/3440438_17871947679501_500.jpg,False
2024-01,A,002001,블루종/MA-1,002,아우터,6,3650974,trillion,트릴리온,스웨이드 리벳 블루종 집업 자켓 (BROWN),https://image.msscdn.net/images/goods_img/20231023/3650974/3650974_17171419683595_500.jpg,False
2024-01,A,002001,블루종/MA-1,002,아우터,7,2754265,moo,엠오오,빅카라 울 2-WAY 블루종 - 다크그레이,https://image.msscdn.net/images/goods_img/20220830/2754265/2754265_1_500.png,False
2024-01,A,002001,블루종/MA-1,002,아우터,8,2996683,kiimuir,키뮤어,울(WOOL) 헤링턴 자켓_블랙,https://image.msscdn.net/images/goods_img/20221226/2996683/2996683_17901348850178_500.jpg,False
2024-01,A,002001,블루종/MA-1,002,아우터,9,3551105,blackmoment,블랙모먼트,비건 스웨이드 오버핏 미니멀 인시전 스트레이트 집업 자켓 [카키],https://image.msscdn.net/images/goods_img/20230912/3551105/3551105_17567871390420_500.jpg,False
2024-01,A,002001,블루종/MA-1,002,아우터,10,3390508,standarderror,스탠다드에러,87-STAN009  스탠다드 블루종 스웨이드 자켓 블랙,https://image.msscdn.net/images/goods_img/20230630/3390508/3390508_17551524634252_500.jpg,False
2024-01,A,002001,블루종/MA-1,002,아우터,11,3637243,trillion,트릴리온,울 엘보우 패치 2WAY 해링턴 자켓 (BLACK),https://image.msscdn.net/images/goods_img/20231018/3637243/3637243_17171437931541_500.jpg,False
2024-01,A,002001,블루종/MA-1,002,아우터,12,3465159,afterpray12,애프터프레이,리가즈 해링턴 블루종 네이비,https://image.msscdn.net/images/goods_img/20230814/3465159/3465159_17108244362759_500.jpg,False
2024-01,A,002001,블루종/MA-1,002,아우터,13,1601468,musinsastandard,무신사 스탠다드,오버사이즈 MA-1 보머 재킷 [블랙],https://image.msscdn.net/images/goods_img/20200914/1601468/1601468_16921691327920_500.jpg,False
2024-01,A,002001,블루종/MA-1,002,아우터,14,3650976,trillion,트릴리온,스웨이드 리벳 블루종 집업 자켓 (BLACK),https://image.msscdn.net/images/goods_img/20231023/3650976/3650976_17171418153038_500.jpg,False
2024-01,A,002001,블루종/MA-1,002,아우터,15,3465162,afterpray12,애프터프레이,리가즈 해링턴 블루종 차콜,https://image.msscdn.net/images/goods_img/20230814/3465162/3465162_17108243912394_500.jpg,False
2024-01,A,002001,블루종/MA-1,002,아우터,16,3486798,anderssonbell,앤더슨벨,르망 울 블루종 자켓  awa553m(BLACK),https://image.msscdn.net/images/goods_img/20230822/3486798/3486798_17244025160212_500.jpg,False
2024-01,A,002001,블루종/MA-1,002,아우터,17,3438287,drawfit,드로우핏,울 카라 집업 블루종 자켓 [BLACK],https://image.msscdn.net/images/goods_img/20230801/3438287/3438287_17896930025474_500.jpg,False
2024-01,A,002001,블루종/MA-1,002,아우터,18,3405557,musinsastandard,무신사 스탠다드,울 블렌드 해링턴 재킷 [블랙],https://image.msscdn.net/images/goods_img/20230712/3405557/3405557_16956207540933_500.jpg,False
2024-01,A,002001,블루종/MA-1,002,아우터,19,2787217,partimentowomen,파르티멘토 우먼,코듀로이 봄버 자켓_차콜 그레이,https://image.msscdn.net/images/goods_img/20220913/2787217/2787217_1_500.jpg,False
2024-01,A,002001,블루종/MA-1,002,아우터,20,2085156,ironypornowhiteline,아이러니포르노 화이트라인,IRO097 크루얼티프리 알파 스웨이드 자켓 블랙,https://image.msscdn.net/images/goods_img/20210825/2085156/2085156_17579141539142_500.jpg,False
2024-01,A,002001,블루종/MA-1,002,아우터,21,3019671,lmood,엘무드,더스티 웨스턴 블루종 자켓 카키,https://image.msscdn.net/images/goods_img/20230111/3019671/3019671_17083089992446_500.jpg,False
2024-01,A,002001,블루종/MA-1,002,아우터,22,2896388,intempomood,인템포무드,피그먼트 코듀로이 봄버 재킷_블랙,https://image.msscdn.net/images/goods_img/20221026/2896388/2896388_16981944660911_500.jpg,False
2024-01,A,002001,블루종/MA-1,002,아우터,23,2659985,musinsastandard,무신사 스탠다드,오버사이즈 하이넥 MA-1 보머 재킷 [블랙],https://image.msscdn.net/images/goods_img/20220712/2659985/2659985_16780895979040_500.jpg,False
2024-01,A,002001,블루종/MA-1,002,아우터,24,3440437,costumeoclock,커스텀어클락,커브드 투웨이 항공 패딩 점퍼 카키 COOSJP045KHAKI,https://image.msscdn.net/images/goods_img/20230801/3440437/3440437_17871947803190_500.jpg,False
2024-01,A,002001,블루종/MA-1,002,아우터,25,3465160,afterpray12,애프터프레이,리가즈 해링턴 블루종 모카,https://image.msscdn.net/images/goods_img/20230814/3465160/3465160_17108244154287_500.jpg,False
2024-01,A,002001,블루종/MA-1,002,아우터,26,1617883,jemut,제멋,카디 오버핏 MA-1 자켓 블랙 YHJK2319,https://image.msscdn.net/images/goods_img/20200923/1617883/1617883_2_500.jpg,False
2024-01,A,002001,블루종/MA-1,002,아우터,27,2108673,musinsastandard,무신사 스탠다드,오버사이즈 디태처블 후드 MA-1 보머 재킷 [블랙],https://image.msscdn.net/images/goods_img/20210903/2108673/2108673_17651809199028_500.jpg,False
2024-01,A,002001,블루종/MA-1,002,아우터,28,3637240,trillion,트릴리온,울 엘보우 패치 2WAY 해링턴 자켓 (CHARCOAL),https://image.msscdn.net/images/goods_img/20231018/3637240/3637240_17171438082362_500.jpg,False
2024-01,A,002001,블루종/MA-1,002,아우터,29,3783677,drawfit,드로우핏,헤리티지 헌팅 블루종 자켓 [KHAKI],https://image.msscdn.net/images/goods_img/20240109/3783677/3783677_17254157464100_500.jpg,False
2024-01,A,002001,블루종/MA-1,002,아우터,30,3031514,espionage,에스피오나지,Harrington Blouson Jacket Dark Navy,https://image.msscdn.net/images/goods_img/20230118/3031514/3031514_16947553272659_500.jpg,False
2024-01,A,002002,레더/라이더스 재킷,002,아우터,1,3551101,blackmoment,블랙모먼트,비건 스웨이드 오버핏 미니멀 인시전 스트레이트 집업 자켓 [브라운],https://image.msscdn.net/images/goods_img/20230912/3551101/3551101_16970790961650_500.jpg,False
2024-01,A,002002,레더/라이더스 재킷,002,아우터,2,1576700,doffjason,도프제이슨,오버핏 비건레더 싱글 자켓,https://image.msscdn.net/images/goods_img/20200901/1576700/1576700_17591199589640_500.jpg,False
2024-01,A,002002,레더/라이더스 재킷,002,아우터,3,1593755,partimento,파르티멘토,[비건 레더] 필드 자켓 블랙,https://image.msscdn.net/images/goods_img/20200909/1593755/1593755_1_500.jpg,False
2024-01,A,002002,레더/라이더스 재킷,002,아우터,4,2140335,placestudio,플레이스 스튜디오,비건 레더 오버핏 블루종 [블랙],https://image.msscdn.net/images/goods_img/20210917/2140335/2140335_9_500.jpg,False
2024-01,A,002002,레더/라이더스 재킷,002,아우터,5,1576682,doffjason,도프제이슨,오버핏 램스킨 싱글 자켓,https://image.msscdn.net/images/goods_img/20200901/1576682/1576682_6_500.jpg,False
2024-01,A,002002,레더/라이더스 재킷,002,아우터,6,2139011,ladyvolume,레이디 볼륨,465-1 비건 레더 오버핏 자켓,https://image.msscdn.net/images/goods_img/20210917/2139011/2139011_3_500.jpg,False
2024-01,A,002002,레더/라이더스 재킷,002,아우터,7,2086731,doffjason,도프제이슨,오버핏 비건레더 보머 자켓,https://image.msscdn.net/images/goods_img/20210825/2086731/2086731_1_500.jpg,False
2024-01,A,002002,레더/라이더스 재킷,002,아우터,8,3450932,nomanual,노매뉴얼,F.P LEATHER JACKET - BLACK,https://image.msscdn.net/images/goods_img/20230808/3450932/3450932_16921600533489_500.jpg,False
2024-01,A,002002,레더/라이더스 재킷,002,아우터,9,2093254,v2,브이투,465-3 VEGAN LEATHER OVERFIT JACKET_BLACK,https://image.msscdn.net/images/goods_img/20210827/2093254/2093254_1_500.jpg,False
2024-01,A,002002,레더/라이더스 재킷,002,아우터,10,2087767,doffjason,도프제이슨,오버핏 비건레더 보머 자켓 (브라운),https://image.msscdn.net/images/goods_img/20210825/2087767/2087767_2_500.jpg,False
2024-01,A,002002,레더/라이더스 재킷,002,아우터,11,3041960,doffjason,도프제이슨,워싱레더 커브드 보머 자켓,https://image.msscdn.net/images/goods_img/20230126/3041960/3041960_17171310846647_500.jpg,False
2024-01,A,002002,레더/라이더스 재킷,002,아우터,12,3477452,dimitriblack,디미트리블랙,어센틱 워시드 PU 레더 자켓_블랙,https://image.msscdn.net/images/goods_img/20230818/3477452/3477452_17171351692119_500.png,False
2024-01,A,002002,레더/라이더스 재킷,002,아우터,13,1744440,doffjason,도프제이슨,프리미엄 램스킨 베지터블 스탠드카라 자켓,https://image.msscdn.net/images/goods_img/20210112/1744440/1744440_17586902010292_500.jpg,False
2024-01,A,002002,레더/라이더스 재킷,002,아우터,14,3041946,doffjason,도프제이슨,비건레더 쉴드 자켓,https://image.msscdn.net/images/goods_img/20230126/3041946/3041946_17110721474938_500.jpg,False
2024-01,A,002002,레더/라이더스 재킷,002,아우터,15,3041963,doffjason,도프제이슨,프리미엄 램스킨 베지터블 컷오프 커브드 보머 자켓,https://image.msscdn.net/images/goods_img/20230126/3041963/3041963_17171355340700_500.jpg,False
2024-01,A,002002,레더/라이더스 재킷,002,아우터,16,2184668,blackmoment,블랙모먼트,[페이크 레더]오버핏 싱글 레더 라이더 자켓 _BLACK,https://image.msscdn.net/images/prd_img/20211018/2184668/detail_2184668_1_500.jpg,False
2024-01,A,002002,레더/라이더스 재킷,002,아우터,17,3608998,not4nerd,낫포너드,Leather ver. Tribal Logo Racing Jacket - Black,https://image.msscdn.net/images/goods_img/20231006/3608998/3608998_16971799016828_500.jpg,False
2024-01,A,002002,레더/라이더스 재킷,002,아우터,18,2140314,placestudio,플레이스 스튜디오,비건 레더 오버핏 블루종 [브라운],https://image.msscdn.net/images/goods_img/20210917/2140314/2140314_11_500.jpg,False
2024-01,A,002002,레더/라이더스 재킷,002,아우터,19,621582,doffjason,도프제이슨,램스킨 싱글 자켓,https://image.msscdn.net/images/goods_img/20170901/621582/621582_17256054833081_500.jpg,False
2024-01,A,002002,레더/라이더스 재킷,002,아우터,20,2670700,lmood,엘무드,서킷 레이서 자켓 블랙,https://image.msscdn.net/images/goods_img/20220719/2670700/2670700_1_500.jpg,False
2024-01,A,002002,레더/라이더스 재킷,002,아우터,21,621574,doffjason,도프제이슨,램스킨 100 라이더 자켓,https://image.msscdn.net/images/goods_img/20170901/621574/621574_16764437345788_500.jpg,False
2024-01,A,002002,레더/라이더스 재킷,002,아우터,22,2682044,musinsastandard,무신사 스탠다드,신세틱 레더 엑스트라 오버사이즈 싱글 재킷 [블랙],https://image.msscdn.net/images/goods_img/20220726/2682044/2682044_16734358353339_500.jpg,False
2024-01,A,002002,레더/라이더스 재킷,002,아우터,23,2697614,poloralphlauren,폴로 랄프 로렌,레더 플라이트 재킷 - 베이지,https://image.msscdn.net/images/goods_img/20220804/2697614/2697614_1_500.jpg,False
2024-01,A,002002,레더/라이더스 재킷,002,아우터,24,2087860,doffjason,도프제이슨,오버핏 램스킨 보머 자켓,https://image.msscdn.net/images/goods_img/20210825/2087860/2087860_3_500.jpg,False
2024-01,A,002002,레더/라이더스 재킷,002,아우터,25,3041959,doffjason,도프제이슨,오버핏 비건레더 래피드 투톤 자켓,https://image.msscdn.net/images/goods_img/20230126/3041959/3041959_16763796978832_500.jpg,False
2024-01,A,002002,레더/라이더스 재킷,002,아우터,26,2682041,musinsastandard,무신사 스탠다드,램스킨 엑스트라 오버사이즈 싱글 재킷 [블랙],https://image.msscdn.net/images/goods_img/20220726/2682041/2682041_17140090991111_500.jpg,False
2024-01,A,002002,레더/라이더스 재킷,002,아우터,27,3435463,musinsastandard,무신사 스탠다드,신세틱 레더 하이넥 블루종 재킷 [블랙],https://image.msscdn.net/images/goods_img/20230731/3435463/3435463_16982090210678_500.jpg,False
2024-01,A,002002,레더/라이더스 재킷,002,아우터,28,2699766,partimento,파르티멘토,[비건 레더] 래글런 바시티 자켓 블랙,https://image.msscdn.net/images/goods_img/20220804/2699766/2699766_1_500.jpg,False
2024-01,A,002002,레더/라이더스 재킷,002,아우터,29,1744433,doffjason,도프제이슨,프리미엄 램스킨 베지터블 싱글 자켓,https://image.msscdn.net/images/goods_img/20210112/1744433/1744433_17586901168692_500.jpg,False
2024-01,A,002002,레더/라이더스 재킷,002,아우터,30,3446539,diesel,디젤,L 프릿츠 텀블드 레더 패딩 재킷 - 블랙 / A106760HJAC9XX,https://image.msscdn.net/images/goods_img/20230807/3446539/3446539_16929269587970_500.jpg,False
2024-01,A,002020,카디건,002,아우터,1,2194649,goodlifeworks,굿라이프웍스,카라 케이블 니트 집업 블랙,https://image.msscdn.net/images/goods_img/20211022/2194649/2194649_17894588243169_500.jpg,False
2024-01,A,002020,카디건,002,아우터,2,3426602,espionage,에스피오나지,Miller Heavyweight Cardigan Black,https://image.msscdn.net/images/goods_img/20230725/3426602/3426602_16909461545960_500.jpg,False
2024-01,A,002020,카디건,002,아우터,3,3434619,generalideastandard,제너럴아이디어,GNRL 에센셜 가디건 [BLACK] / WBC3L04503,https://image.msscdn.net/images/goods_img/20230731/3434619/3434619_17676888596329_500.jpg,False
2024-01,A,002020,카디건,002,아우터,4,3440410,critic,크리틱,RACING ZIP-UP KNIT NAVY,https://image.msscdn.net/images/goods_img/20230801/3440410/3440410_17345736573154_500.jpg,False
2024-01,A,002020,카디건,002,아우터,5,3471030,leire,르아르,치트키 플리스 가디건 [블랙],https://image.msscdn.net/images/goods_img/20230817/3471030/3471030_17240736028099_500.jpg,False
2024-01,A,002020,카디건,002,아우터,6,3697580,compagno,꼼파뇨,[2-WAY] 커브드 블록 니트 집업 블랙,https://image.msscdn.net/images/goods_img/20231108/3697580/3697580_17047815740073_500.jpg,False
2024-01,A,002020,카디건,002,아우터,7,3565977,millowomen,밀로 우먼,버튼 후드 볼레로 가디건 [블랙],https://image.msscdn.net/images/goods_img/20230915/3565977/3565977_17875513782795_500.jpg,False
2024-01,A,002020,카디건,002,아우터,8,2288704,espionage,에스피오나지,Miller Heavyweight Cardigan Burnt Orange,https://image.msscdn.net/images/goods_img/20220103/2288704/2288704_17875617307364_500.jpg,False
2024-01,A,002020,카디건,002,아우터,9,3434621,generalideastandard,제너럴아이디어,GNRL 에센셜 가디건 [6COL] / WBC3L04503,https://image.msscdn.net/images/goods_img/20230731/3434621/3434621_17682051685983_500.jpg,False
2024-01,A,002020,카디건,002,아우터,10,2172006,espionage,에스피오나지,Miller Heavyweight Cardigan Navy,https://image.msscdn.net/images/goods_img/20211012/2172006/2172006_17875615016761_500.jpg,False
2024-01,A,002020,카디건,002,아우터,11,2683549,satur,세터,파로 오버 사이즈 부클 가디건 클래식 블랙,https://image.msscdn.net/images/prd_img/20220726/2683549/detail_2683549_17582476224564_500.jpg,False
2024-01,A,002020,카디건,002,아우터,12,1608372,espionage,에스피오나지,Miller Heavyweight Cardigan Dust,https://image.msscdn.net/images/goods_img/20200917/1608372/1608372_17875619588098_500.jpg,False
2024-01,A,002020,카디건,002,아우터,13,3440440,costumeoclock,커스텀어클락,[2PACK] 소프트 베이직 가디건 COOSCD001CD020,https://image.msscdn.net/images/goods_img/20230801/3440440/3440440_17585191785388_500.jpg,False
2024-01,A,002020,카디건,002,아우터,14,3448870,suare,수아레,에어울 아란 스타디움 네이비,https://image.msscdn.net/images/goods_img/20230807/3448870/3448870_16914003256868_500.jpg,False
2024-01,A,002020,카디건,002,아우터,15,2760166,vivastudio,비바스튜디오,KNIT ZIP UP CARDIGAN [BLACK],https://image.msscdn.net/images/goods_img/20220831/2760166/2760166_16925943311431_500.jpg,False
2024-01,A,002020,카디건,002,아우터,16,2702393,kiimuir,키뮤어,워셔블 하찌 2-WAY 집업니트 가디건_블랙,https://image.msscdn.net/images/goods_img/20220807/2702393/2702393_17328418985756_500.jpg,False
2024-01,A,002020,카디건,002,아우터,17,3684716,badblood,배드블러드,Pure 버튼업 후드 가디건 - 화이트,https://image.msscdn.net/images/goods_img/20231103/3684716/3684716_16993600434862_500.jpg,False
2024-01,A,002020,카디건,002,아우터,18,3538450,visionstreetwear,비전스트릿웨어,VSW Washable Two Tone 2way Zip Up Sand,https://image.msscdn.net/images/goods_img/20230907/3538450/3538450_17228274584854_500.jpg,False
2024-01,A,002020,카디건,002,아우터,19,3056018,hooves,후브스,코튼 투웨이 벌룬 니트 집업 [네이비],https://image.msscdn.net/images/goods_img/20230202/3056018/3056018_17585072370772_500.jpg,False
2024-01,A,002020,카디건,002,아우터,20,2173237,waikei,와이케이,돌핀 노르딕 집업 가디건 베이지,https://image.msscdn.net/images/goods_img/20211012/2173237/2173237_17334521743388_500.jpg,False
2024-01,A,002020,카디건,002,아우터,21,918039,compagno,꼼파뇨,헤비오버핏 램스울 가디건 챠콜,https://image.msscdn.net/images/goods_img/20181205/918039/918039_1_500.jpg,False
2024-01,A,002020,카디건,002,아우터,22,3554630,thenorthface,노스페이스,NJ3NP59A 브루니 EX 히트라인 가디건,https://image.msscdn.net/images/goods_img/20230913/3554630/3554630_16945636241355_500.jpg,False
2024-01,A,002020,카디건,002,아우터,23,2731635,xtonz,엑스톤즈,XTK037 보운 니트 집업 (BLACK),https://image.msscdn.net/images/goods_img/20220822/2731635/2731635_1_500.jpg,False
2024-01,A,002020,카디건,002,아우터,24,1139192,lmood,엘무드,화란 세미오버 가디건 블랙,https://image.msscdn.net/images/goods_img/20190902/1139192/1139192_17427991239095_500.jpg,False
2024-01,A,002020,카디건,002,아우터,25,3650861,matinkim,마뗑킴,SPELL POINT STRIPE KNIT CARDIGAN IN BLACK,https://image.msscdn.net/images/goods_img/20231023/3650861/3650861_17582530640437_500.jpg,False
2024-01,A,002020,카디건,002,아우터,26,2060613,matinkim,마뗑킴,SPELL POINT KNIT ZIP UP IN BLACK,https://image.msscdn.net/images/goods_img/20210812/2060613/2060613_16740094587868_500.jpg,False
2024-01,A,002020,카디건,002,아우터,27,2709273,niceghostclub,나이스고스트클럽,DANCING SKELETONS ZIP POLO KNIT_BLACK(NG2DFUK680A),https://image.msscdn.net/images/goods_img/20220810/2709273/2709273_17586735979688_500.jpg,False
2024-01,A,002020,카디건,002,아우터,28,2159724,veryvain,베리베인,GAFF TEX CARDIGAN (BLACK),https://image.msscdn.net/images/goods_img/20211001/2159724/2159724_1_500.jpg,False
2024-01,A,002020,카디건,002,아우터,29,3443238,blond9,블론드나인,그레이스 울 리브 니트 가디건_마호가니레드,https://image.msscdn.net/images/goods_img/20230803/3443238/3443238_16917259521306_500.jpg,False
2024-01,A,002020,카디건,002,아우터,30,3599325,avan,어반드레스,Block Raglan Knit Zip-up CHARCOAL,https://image.msscdn.net/images/goods_img/20230927/3599325/3599325_17206772649284_500.jpg,False
2024-01,A,002017,트러커 재킷,002,아우터,1,3622977,trillion,트릴리온,페이드 워싱 바이커 데님 자켓 (BLACK),https://image.msscdn.net/images/goods_img/20231012/3622977/3622977_16977691200340_500.jpg,False
2024-01,A,002017,트러커 재킷,002,아우터,2,1790383,trillion,트릴리온,워싱 스티치 데님자켓 (BLACK),https://image.msscdn.net/images/goods_img/20210210/1790383/1790383_2_500.jpg,False
2024-01,A,002017,트러커 재킷,002,아우터,3,2403367,espionage,에스피오나지,French Wide Work Jacket (Moleskin) French Blue,https://image.msscdn.net/images/goods_img/20220307/2403367/2403367_1_500.jpg,False
2024-01,A,002017,트러커 재킷,002,아우터,4,3596064,dimitriblack,디미트리블랙,2WAY 크롭 코듀로이 드리즐러 자켓_블랙,https://image.msscdn.net/images/goods_img/20230926/3596064/3596064_17618007872256_500.jpg,False
2024-01,A,002017,트러커 재킷,002,아우터,5,2788216,espionage,에스피오나지,Relaxed Denim Jacket Black,https://image.msscdn.net/images/goods_img/20220913/2788216/2788216_1_500.jpg,False
2024-01,A,002017,트러커 재킷,002,아우터,6,3466533,kiimuir,키뮤어,빈티지 워싱 코튼 코듀로이 바이커 자켓_네이비,https://image.msscdn.net/images/goods_img/20230816/3466533/3466533_17259268166710_500.jpg,False
2024-01,A,002017,트러커 재킷,002,아우터,7,3046279,outstanding,아웃스탠딩,SELVEDGE DENIM 2ND JACKET_INDIGO,https://image.msscdn.net/images/goods_img/20230130/3046279/3046279_17684404870062_500.jpg,False
2024-01,A,002017,트러커 재킷,002,아우터,8,1195307,branded,브랜디드,2001 SLOW WORKER DENIM WASH. JACKET [BLACK INDIGO],https://image.msscdn.net/images/goods_img/20191021/1195307/1195307_4_500.jpg,False
2024-01,A,002017,트러커 재킷,002,아우터,9,2359414,noirer,노이어,오버핏 크롭 데님 자켓 (블랙),https://image.msscdn.net/images/goods_img/20220214/2359414/2359414_17080536538331_500.jpg,False
2024-01,A,002017,트러커 재킷,002,아우터,10,3062884,noirer,노이어,오버핏 크롭 데님 자켓 (블루),https://image.msscdn.net/images/goods_img/20230206/3062884/3062884_17080536187945_500.jpg,False
2024-01,A,002017,트러커 재킷,002,아우터,11,1337094,musinsastandard,무신사 스탠다드,릴렉스드 데님 트러커 재킷 [워시드 블랙],https://image.msscdn.net/images/goods_img/20200305/1337094/1337094_17514465029686_500.jpg,False
2024-01,A,002017,트러커 재킷,002,아우터,12,3596063,dimitriblack,디미트리블랙,2WAY 크롭 코듀로이 드리즐러 자켓_브라운,https://image.msscdn.net/images/goods_img/20230926/3596063/3596063_17621457230668_500.jpg,False
2024-01,A,002017,트러커 재킷,002,아우터,13,2219543,otherfits,아더피츠,클래식 덱자켓 (카키),https://image.msscdn.net/images/goods_img/20211105/2219543/2219543_16971632298011_500.jpg,False
2024-01,A,002017,트러커 재킷,002,아우터,14,3469202,dimitriblack,디미트리블랙,2WAY 크롭 데님 블루종 자켓_블랙,https://image.msscdn.net/images/goods_img/20230816/3469202/3469202_16965762359516_500.jpg,False
2024-01,A,002017,트러커 재킷,002,아우터,15,3046112,maisonmined,메종미네드,PINCH WIND DENIM TRUCKER BLACK,https://image.msscdn.net/images/goods_img/20230130/3046112/3046112_17028773070999_500.jpg,False
2024-01,A,002017,트러커 재킷,002,아우터,16,2713778,yale,예일,ARCH LOGO REVERSIBLE CORDUROY TRUCKER JACKET NAVY,https://image.msscdn.net/images/goods_img/20220811/2713778/2713778_17013916429251_500.jpg,False
2024-01,A,002017,트러커 재킷,002,아우터,17,401149,partimento,파르티멘토,피치스킨 트윌 자켓 블랙,https://image.msscdn.net/images/goods_img/20160829/401149/401149_1_500.jpg,False
2024-01,A,002017,트러커 재킷,002,아우터,18,3660366,etce,이티씨이,NEW VISION WORK JACKET (BEIGE),https://image.msscdn.net/images/goods_img/20231026/3660366/3660366_16982871698886_500.jpg,False
2024-01,A,002017,트러커 재킷,002,아우터,19,3638682,noirer,노이어,펜시 트위드 트러커 자켓 (블랙),https://image.msscdn.net/images/goods_img/20231018/3638682/3638682_17271445354114_500.jpg,False
2024-01,A,002017,트러커 재킷,002,아우터,20,3583663,adidas,아디다스,데님 재킷 - 스카이블루 / IS5250,https://image.msscdn.net/images/goods_img/20230921/3583663/3583663_16953687051135_500.jpg,False
2024-01,A,002017,트러커 재킷,002,아우터,21,3135186,yeseyesee,예스아이씨,Soki Zip Jacket Charcoal,https://image.msscdn.net/images/goods_img/20230309/3135186/3135186_16789474537649_500.jpg,False
2024-01,A,002017,트러커 재킷,002,아우터,22,3046109,maisonmined,메종미네드,PINCH WIND DENIM TRUCKER BLUE,https://image.msscdn.net/images/goods_img/20230130/3046109/3046109_17261205472870_500.jpg,False
2024-01,A,002017,트러커 재킷,002,아우터,23,3461561,outstanding,아웃스탠딩,SELVEDGE DENIM 2ND JACKET_L.BLUE,https://image.msscdn.net/images/goods_img/20230811/3461561/3461561_17374203356997_500.jpg,False
2024-01,A,002017,트러커 재킷,002,아우터,24,3120791,martinplan,마틴플랜,Loose Out Denim Jacket - BROWN,https://image.msscdn.net/images/goods_img/20230303/3120791/3120791_17509142261625_500.jpg,False
2024-01,A,002017,트러커 재킷,002,아우터,25,3793187,outstanding,아웃스탠딩,VINTAGE DYING WORK ZIP JACKET_BEIGE,https://image.msscdn.net/images/goods_img/20240112/3793187/3793187_17059200116297_500.jpg,False
2024-01,A,002017,트러커 재킷,002,아우터,26,2056274,lmood,엘무드,쿼츠 울 트위드 블루종 자켓 블랙,https://image.msscdn.net/images/goods_img/20210810/2056274/2056274_17282724500062_500.jpg,False
2024-01,A,002017,트러커 재킷,002,아우터,27,3461559,outstanding,아웃스탠딩,SELVEDGE DENIM 2ND JACKET_BLACK,https://image.msscdn.net/images/goods_img/20230811/3461559/3461559_17374205350021_500.jpg,False
2024-01,A,002017,트러커 재킷,002,아우터,28,1633664,lee,리,코듀라 RAW데님 1ST 트러커 자켓 인디고 로우,https://image.msscdn.net/images/goods_img/20201005/1633664/1633664_17424353361589_500.jpg,False
2024-01,A,002017,트러커 재킷,002,아우터,29,3450858,nomanual,노매뉴얼,D.C DENIM TRUCKER JACKET - WHITE BLUE,https://image.msscdn.net/images/goods_img/20230808/3450858/3450858_16921606358597_500.jpg,False
2024-01,A,002017,트러커 재킷,002,아우터,30,3176333,maisonmargiela,메종 마르지엘라,남성 칼라리스 데님 재킷 - 블루 / SI1AM0006S30561966,https://image.msscdn.net/images/goods_img/20230324/3176333/3176333_16891244426724_500.jpg,False
2024-01,A,002003,슈트/블레이저 재킷,002,아우터,1,1558197,musinsastandard,무신사 스탠다드,릴렉스드 베이식 블레이저 [블랙],https://image.msscdn.net/images/goods_img/20200820/1558197/1558197_17791521338764_500.jpg,False
2024-01,A,002003,슈트/블레이저 재킷,002,아우터,2,1283757,musinsastandard,무신사 스탠다드,오버사이즈 블레이저 [블랙],https://image.msscdn.net/images/goods_img/20200130/1283757/1283757_17514309817123_500.jpg,False
2024-01,A,002003,슈트/블레이저 재킷,002,아우터,3,1108007,musinsastandard,무신사 스탠다드,베이식 블레이저 [블랙],https://image.msscdn.net/images/goods_img/20190802/1108007/1108007_17896970765683_500.jpg,False
2024-01,A,002003,슈트/블레이저 재킷,002,아우터,4,1618312,musinsastandardwoman,무신사 스탠다드 우먼,우먼즈 오버사이즈 블레이저 [블랙],https://image.msscdn.net/images/goods_img/20200923/1618312/1618312_17840158746923_500.jpg,False
2024-01,A,002003,슈트/블레이저 재킷,002,아우터,5,2626657,musinsastandardwoman,무신사 스탠다드 우먼,우먼즈 울 블렌드 멜톤 오버 숄더 블레이저 [미디엄 그레이],https://image.msscdn.net/images/goods_img/20220621/2626657/2626657_17231651209150_500.jpg,False
2024-01,A,002003,슈트/블레이저 재킷,002,아우터,6,2792419,hyojinoriko,효지,[사계절][세트상품] 커스터마이징 핏 셋업 수트 (블랙),https://image.msscdn.net/images/goods_img/20220914/2792419/2792419_17171237843031_500.jpg,False
2024-01,A,002003,슈트/블레이저 재킷,002,아우터,7,1558683,musinsastandard,무신사 스탠다드,릴렉스드 베이식 블레이저 [미디엄 그레이],https://image.msscdn.net/images/goods_img/20200821/1558683/1558683_17514474604010_500.jpg,False
2024-01,A,002003,슈트/블레이저 재킷,002,아우터,8,2626655,musinsastandardwoman,무신사 스탠다드 우먼,우먼즈 울 블렌드 멜톤 오버 숄더 블레이저 [블랙],https://image.msscdn.net/images/goods_img/20220621/2626655/2626655_17358862223273_500.jpg,False
2024-01,A,002003,슈트/블레이저 재킷,002,아우터,9,2572705,nonblank,넌블랭크,[SAINT YEAR] 세미 오버 핏 셋업 수트_GREY,https://image.msscdn.net/images/goods_img/20220520/2572705/2572705_17769899182977_500.jpg,False
2024-01,A,002003,슈트/블레이저 재킷,002,아우터,10,841230,insilence,인사일런스,오버사이즈 울 블레이저 BLACK,https://image.msscdn.net/images/goods_img/20180829/841230/841230_17875456744812_500.jpg,False
2024-01,A,002003,슈트/블레이저 재킷,002,아우터,11,1873073,musinsastandard,무신사 스탠다드,오버사이즈 블레이저 [미디엄 그레이],https://image.msscdn.net/images/goods_img/20210331/1873073/1873073_17775139886227_500.jpg,False
2024-01,A,002003,슈트/블레이저 재킷,002,아우터,12,2723772,suare,수아레,헤리티지 블레이저 시리즈,https://image.msscdn.net/images/goods_img/20220818/2723772/2723772_17152500620750_500.jpg,False
2024-01,A,002003,슈트/블레이저 재킷,002,아우터,13,2957126,asura,아수라,모헤어 울 자켓 (PINK),https://image.msscdn.net/images/goods_img/20221123/2957126/2957126_17637108295707_500.jpg,False
2024-01,A,002003,슈트/블레이저 재킷,002,아우터,14,1895225,musinsastandard,무신사 스탠다드,라이트웨이트 베이식 블레이저 [라이트 베이지],https://image.msscdn.net/images/goods_img/20210413/1895225/1895225_2_500.jpg,False
2024-01,A,002003,슈트/블레이저 재킷,002,아우터,15,1618310,musinsastandardwoman,무신사 스탠다드 우먼,우먼즈 오버사이즈 블레이저 [라이트 브라운],https://image.msscdn.net/images/goods_img/20200923/1618310/1618310_16868093064696_500.jpg,False
2024-01,A,002003,슈트/블레이저 재킷,002,아우터,16,3656886,with1,윗,울 오버 블레이저 자켓 - 브라운,https://image.msscdn.net/images/goods_img/20231025/3656886/3656886_16993408980388_500.jpg,False
2024-01,A,002003,슈트/블레이저 재킷,002,아우터,17,2080227,musinsastandardwoman,무신사 스탠다드 우먼,우먼즈 오버사이즈 블레이저 [웜 그레이],https://image.msscdn.net/images/goods_img/20210823/2080227/2080227_16868097644146_500.jpg,False
2024-01,A,002003,슈트/블레이저 재킷,002,아우터,18,1850100,musinsastandard,무신사 스탠다드,대디 숄더 오버사이즈 블레이저 [블랙],https://image.msscdn.net/images/goods_img/20210317/1850100/1850100_17780427002706_500.jpg,False
2024-01,A,002003,슈트/블레이저 재킷,002,아우터,19,1803462,musinsastandardwoman,무신사 스탠다드 우먼,우먼즈 베이식 블레이저 [블랙],https://image.msscdn.net/images/goods_img/20210219/1803462/1803462_17834925402814_500.jpg,False
2024-01,A,002003,슈트/블레이저 재킷,002,아우터,20,727847,signature,시그니처,세미오버핏 싱글 블레이저 자켓[검정],https://image.msscdn.net/images/goods_img/20180304/727847/727847_16928548898099_500.jpg,False
2024-01,A,002003,슈트/블레이저 재킷,002,아우터,21,2375909,musinsastandard,무신사 스탠다드,빅 대디 오버사이즈 블레이저 [블랙],https://image.msscdn.net/images/goods_img/20220222/2375909/2375909_17790837176470_500.jpg,False
2024-01,A,002003,슈트/블레이저 재킷,002,아우터,22,2877968,musinsastandard,무신사 스탠다드,울 블렌드 멜톤 대디 숄더 오버사이즈 블레이저 [미디엄 그레이],https://image.msscdn.net/images/goods_img/20221020/2877968/2877968_1_500.jpg,False
2024-01,A,002003,슈트/블레이저 재킷,002,아우터,23,2792420,hyojinoriko,효지,[사계절][세트상품] 커스터마이징 핏 셋업 수트 (카키브라운),https://image.msscdn.net/images/goods_img/20220914/2792420/2792420_17171237678996_500.jpg,False
2024-01,A,002003,슈트/블레이저 재킷,002,아우터,24,965917,musinsastandard,무신사 스탠다드,라이트웨이트 베이식 블레이저 [블랙],https://image.msscdn.net/images/goods_img/20190226/965917/965917_6_500.jpg,False
2024-01,A,002003,슈트/블레이저 재킷,002,아우터,25,3543033,hyojinoriko,효지,[사계절][세트상품] 커스터마이징 핏 셋업 수트 (차콜),https://image.msscdn.net/images/goods_img/20230908/3543033/3543033_17171237154598_500.jpg,False
2024-01,A,002003,슈트/블레이저 재킷,002,아우터,26,2572322,nonblank,넌블랭크,[SET UP] 세미 오버사이즈 핏 셋업 수트_CHARCOAL GREY,https://image.msscdn.net/images/goods_img/20220520/2572322/2572322_17140687589631_500.jpg,False
2024-01,A,002003,슈트/블레이저 재킷,002,아우터,27,1659196,prairie,프레리,(세트상품) 울 헤링본 체크 블레이저 셋업 (CHARCOAL),https://image.msscdn.net/images/goods_img/20201022/1659196/1659196_17889165652076_500.jpg,False
2024-01,A,002003,슈트/블레이저 재킷,002,아우터,28,2572700,nonblank,넌블랭크,[SAINT YEAR] 세미 오버 핏 셋업 수트_BLACK,https://image.msscdn.net/images/goods_img/20220520/2572700/2572700_17769897170778_500.jpg,False
2024-01,A,002003,슈트/블레이저 재킷,002,아우터,29,2117241,musinsastandardwoman,무신사 스탠다드 우먼,우먼즈 오버사이즈 3버튼 블레이저 [블랙],https://image.msscdn.net/images/goods_img/20210908/2117241/2117241_16889729949633_500.jpg,False
2024-01,A,002003,슈트/블레이저 재킷,002,아우터,30,1167429,musinsastandard,무신사 스탠다드,베이식 블레이저 [미디엄 그레이],https://image.msscdn.net/images/goods_img/20190926/1167429/1167429_17791539435074_500.jpg,False
2024-01,A,002004,스타디움 재킷,002,아우터,1,3439975,urbandtype,어반디타입,(패딩or논패딩 선택) 코듀로이 래글런 자켓_핑크,https://image.msscdn.net/images/goods_img/20230801/3439975/3439975_17346618498463_500.jpg,False
2024-01,A,002004,스타디움 재킷,002,아우터,2,2752332,lettercomo,레테르코모,빅 어워드 스타디움 울 바시티자켓 블랙,https://image.msscdn.net/images/goods_img/20220829/2752332/2752332_17600737132519_500.jpg,False
2024-01,A,002004,스타디움 재킷,002,아우터,3,2725874,thevinylhouse,더바이닐하우스,YIN YANG VARSITY JACKET BLACK (VH2DWUB902A),https://image.msscdn.net/images/goods_img/20220818/2725874/2725874_3_500.jpg,False
2024-01,A,002004,스타디움 재킷,002,아우터,4,3034369,jemut,제멋,레더 레글런 바시티 자켓 4종 다크그린 YHOT2461,https://image.msscdn.net/images/goods_img/20230119/3034369/3034369_16741120892037_500.jpg,False
2024-01,A,002004,스타디움 재킷,002,아우터,5,3439979,urbandtype,어반디타입,(패딩or논패딩 선택) 코듀로이 래글런 자켓_네이비,https://image.msscdn.net/images/goods_img/20230801/3439979/3439979_17346618324739_500.jpg,False
2024-01,A,002004,스타디움 재킷,002,아우터,6,2959465,rawlab,로우랩,R 시티 헤비 바시티자켓 (네이비),https://image.msscdn.net/images/goods_img/20221124/2959465/2959465_1_500.jpg,False
2024-01,A,002004,스타디움 재킷,002,아우터,7,3006733,fp142muji,페플,뉴시티 울블렌드 바시티 자켓 블랙 JDOT1379,https://image.msscdn.net/images/goods_img/20230105/3006733/3006733_16728782172156_500.jpg,False
2024-01,A,002004,스타디움 재킷,002,아우터,8,2352895,partimento,파르티멘토,코듀로이 바시티 자켓 네이비,https://image.msscdn.net/images/goods_img/20220210/2352895/2352895_1_500.jpg,False
2024-01,A,002004,스타디움 재킷,002,아우터,9,2752807,kiimuir,키뮤어,[25SS] 울(WOOL) 바시티 자켓_블랙,https://image.msscdn.net/images/goods_img/20220830/2752807/2752807_17664729093372_500.jpg,False
2024-01,A,002004,스타디움 재킷,002,아우터,10,3557760,newera,뉴에라,MLB 뉴욕양키스 스타디움 재킷 네이비,https://image.msscdn.net/images/goods_img/20230913/3557760/3557760_16946558019097_500.jpg,False
2024-01,A,002004,스타디움 재킷,002,아우터,11,3539168,thevinylhouse,더바이닐하우스,YIN YANG VARSITY JACKET NAVY (VH2DWUB902A),https://image.msscdn.net/images/goods_img/20230907/3539168/3539168_16944290690983_500.jpg,False
2024-01,A,002004,스타디움 재킷,002,아우터,12,2782958,1993studio,1993스튜디오,빈티지 바시티 자켓_네이비,https://image.msscdn.net/images/goods_img/20220908/2782958/2782958_1_500.jpg,False
2024-01,A,002004,스타디움 재킷,002,아우터,13,2093817,takeasy,테이크이지,라쿠 베이스볼 오버자켓(네이비),https://image.msscdn.net/images/goods_img/20210827/2093817/2093817_4_500.jpg,False
2024-01,A,002004,스타디움 재킷,002,아우터,14,2225492,outstanding,아웃스탠딩,VARSITY COWHIDE JACKET_BLACK,https://image.msscdn.net/images/goods_img/20211110/2225492/2225492_17282759829611_500.jpg,False
2024-01,A,002004,스타디움 재킷,002,아우터,15,3598519,secondmonolgue,세컨모놀로그,2-WAY 마이애미 베이스볼 트윌 점퍼 블랙_SEJP003BLACK,https://image.msscdn.net/images/goods_img/20230927/3598519/3598519_16976101767896_500.jpg,False
2024-01,A,002004,스타디움 재킷,002,아우터,16,2123924,espionage,에스피오나지,Standard Varsity Jacket Navy,https://image.msscdn.net/images/goods_img/20210910/2123924/2123924_1_500.jpg,False
2024-01,A,002004,스타디움 재킷,002,아우터,17,2857983,timcomix,팀코믹스,8 BALL VARSITY JACKET BLACK,https://image.msscdn.net/images/goods_img/20221013/2857983/2857983_16988208342409_500.jpg,False
2024-01,A,002004,스타디움 재킷,002,아우터,18,2749034,espionage,에스피오나지,Standard Varsity Jacket Moss Green,https://image.msscdn.net/images/goods_img/20220829/2749034/2749034_1_500.jpg,False
2024-01,A,002004,스타디움 재킷,002,아우터,19,3605336,wkndrs,위캔더스,SNOW WHITE SOUVENIR JK (BLACK),https://image.msscdn.net/images/goods_img/20231005/3605336/3605336_16980416394511_500.jpg,False
2024-01,A,002004,스타디움 재킷,002,아우터,20,3603770,espionage,에스피오나지,PBDT Varsity Jacket Charcoal,https://image.msscdn.net/images/goods_img/20231005/3603770/3603770_17169716538651_500.jpg,False
2024-01,A,002004,스타디움 재킷,002,아우터,21,2752336,lettercomo,레테르코모,빅 어워드 스타디움 울 바시티자켓 다크네이비,https://image.msscdn.net/images/goods_img/20220829/2752336/2752336_17600739216352_500.jpg,False
2024-01,A,002004,스타디움 재킷,002,아우터,22,3179906,jemut,제멋,레더 레글런 바시티 자켓 4종 네이비 YHOT2461,https://image.msscdn.net/images/goods_img/20230327/3179906/3179906_16798796914797_500.jpg,False
2024-01,A,002004,스타디움 재킷,002,아우터,23,3041829,timcomix,팀코믹스,TRUMP & DICE VARSITY JACKET KHAKI,https://image.msscdn.net/images/goods_img/20230126/3041829/3041829_17005283735586_500.jpg,False
2024-01,A,002004,스타디움 재킷,002,아우터,24,3730463,poloralphlauren,폴로 랄프 로렌,바시티 스타일 재킷 - 그린,https://image.msscdn.net/images/goods_img/20231123/3730463/3730463_17152312522806_500.jpg,False
2024-01,A,002004,스타디움 재킷,002,아우터,25,3041830,timcomix,팀코믹스,TRUMP & DICE VARSITY JACKET BLACK,https://image.msscdn.net/images/goods_img/20230126/3041830/3041830_16765991997356_500.jpg,False
2024-01,A,002004,스타디움 재킷,002,아우터,26,3614353,hoodhood,후드후드,에일리언 바시티 자켓 네이비,https://image.msscdn.net/images/goods_img/20231010/3614353/3614353_16970140043327_500.jpg,False
2024-01,A,002004,스타디움 재킷,002,아우터,27,3557765,newera,뉴에라,MLB 뉴욕양키스 아치로고 나일론 스타디움 재킷 블루,https://image.msscdn.net/images/goods_img/20230913/3557765/3557765_16946556623038_500.jpg,False
2024-01,A,002004,스타디움 재킷,002,아우터,28,2225487,outstanding,아웃스탠딩,VARSITY COWHIDE JACKET_NAVY,https://image.msscdn.net/images/goods_img/20211110/2225487/2225487_17282760569645_500.jpg,False
2024-01,A,002004,스타디움 재킷,002,아우터,29,3030682,drawfit,드로우핏,울 스타디움 라인 집업 자켓 [BLACK],https://image.msscdn.net/images/goods_img/20230118/3030682/3030682_17629152428707_500.jpg,False
2024-01,A,002004,스타디움 재킷,002,아우터,30,2724701,travel,트래블,스카우트 바시티 스웨트-자켓 블랙,https://image.msscdn.net/images/goods_img/20220818/2724701/2724701_3_500.jpg,False
2024-01,A,002006,나일론/코치 재킷,002,아우터,1,3772730,thenorthface,노스페이스,NJ2HQ05B 하이 마운틴 자켓,https://image.msscdn.net/images/goods_img/20240103/3772730/3772730_17042481769856_500.jpg,False
2024-01,A,002006,나일론/코치 재킷,002,아우터,2,3468754,iey,이에이,WIRE COLLAR OVERSIZED JUMPER Khaki,https://image.msscdn.net/images/goods_img/20230816/3468754/3468754_16922673462620_500.jpg,False
2024-01,A,002006,나일론/코치 재킷,002,아우터,3,3209864,not4nerd,낫포너드,Tribal Logo Nylon Racing Jacket - Black,https://image.msscdn.net/images/goods_img/20230405/3209864/3209864_16810674167028_500.jpg,False
2024-01,A,002006,나일론/코치 재킷,002,아우터,4,2723218,dimitriblack,디미트리블랙,ASI 2WAY 어센틱 후드 윈드브레이커 자켓_블랙,https://image.msscdn.net/images/goods_img/20220817/2723218/2723218_17603312716294_500.jpg,False
2024-01,A,002006,나일론/코치 재킷,002,아우터,5,2471405,slowrecordhouse,슬로우 레코드 하우스,파이핑 라인 나일론 자켓_네이비,https://image.msscdn.net/images/goods_img/20220406/2471405/2471405_17013952125581_500.jpg,False
2024-01,A,002006,나일론/코치 재킷,002,아우터,6,3209862,not4nerd,낫포너드,Tribal Logo Nylon Racing Jacket - Navy,https://image.msscdn.net/images/goods_img/20230405/3209862/3209862_16810699900063_500.jpg,False
2024-01,A,002006,나일론/코치 재킷,002,아우터,7,3455892,filluminate,필루미네이트,타슬란 윈드 테이커 자켓-블랙,https://image.msscdn.net/images/goods_img/20230809/3455892/3455892_17827964402390_500.jpg,False
2024-01,A,002006,나일론/코치 재킷,002,아우터,8,2703787,travel,트래블,3 레이어 써밋 후드 윈드 브레이커 사파이어 블루,https://image.msscdn.net/images/goods_img/20220808/2703787/2703787_17309652700751_500.jpg,False
2024-01,A,002006,나일론/코치 재킷,002,아우터,9,3536767,noirer,노이어,헤비 나일론 패디드 크롭 블루종 (버건디),https://image.msscdn.net/images/goods_img/20230906/3536767/3536767_17256033321714_500.jpg,False
2024-01,A,002006,나일론/코치 재킷,002,아우터,10,3455882,filluminate,필루미네이트,타슬란 윈드 테이커 자켓-라이트그레이,https://image.msscdn.net/images/goods_img/20230809/3455882/3455882_17827964138309_500.jpg,False
2024-01,A,002006,나일론/코치 재킷,002,아우터,11,3526687,ilcorso,일꼬르소,울 하이넥 쉘파카 브라운 IEJU3F104W2,https://image.msscdn.net/images/goods_img/20230904/3526687/3526687_16970052363651_500.jpg,False
2024-01,A,002006,나일론/코치 재킷,002,아우터,12,3400585,1993studio,1993스튜디오,2WAY 더블 스티치 윈드브레이커_크림,https://image.msscdn.net/images/goods_img/20230710/3400585/3400585_17267096815279_500.jpg,False
2024-01,A,002006,나일론/코치 재킷,002,아우터,13,2340574,travel,트래블,고프 후드 윈드 브레이커 블랙,https://image.msscdn.net/images/goods_img/20220204/2340574/2340574_17309499295505_500.jpg,False
2024-01,A,002006,나일론/코치 재킷,002,아우터,14,3434278,umbro,엄브로,UK 헤리티지 ver.2 스텐넥 자켓 딥네이비(UO321CJK92),https://image.msscdn.net/images/goods_img/20230731/3434278/3434278_16907679796867_500.jpg,False
2024-01,A,002006,나일론/코치 재킷,002,아우터,15,2723216,dimitriblack,디미트리블랙,ASI 2WAY 어센틱 후드 윈드브레이커 자켓_올리브,https://image.msscdn.net/images/goods_img/20220817/2723216/2723216_17217096418459_500.jpg,False
2024-01,A,002006,나일론/코치 재킷,002,아우터,16,3754969,thenorthface,노스페이스,NJ2GQ00B 에코 고어텍스 마운틴 자켓,https://image.msscdn.net/images/goods_img/20231213/3754969/3754969_17104730852751_500.jpg,False
2024-01,A,002006,나일론/코치 재킷,002,아우터,17,2329532,nomanual,노매뉴얼,PENON WIND SHELL - BLACK,https://image.msscdn.net/images/goods_img/20220126/2329532/2329532_16762491689303_500.jpg,False
2024-01,A,002006,나일론/코치 재킷,002,아우터,18,3435880,tngt,티엔지티,올리브 그레이 오버핏 후드 쉘파카  (TNJU3F101K2),https://image.msscdn.net/images/goods_img/20230731/3435880/3435880_16995068041812_500.jpg,False
2024-01,A,002006,나일론/코치 재킷,002,아우터,19,3522260,kolonsport,코오롱스포츠,여성 고어텍스 방수자켓 JKJGW23212NBE,https://image.msscdn.net/images/goods_img/20230901/3522260/3522260_17223931959966_500.jpg,False
2024-01,A,002006,나일론/코치 재킷,002,아우터,20,3212915,compagno,꼼파뇨,크래킹 후드 윈드브레이커 그레이,https://image.msscdn.net/images/goods_img/20230406/3212915/3212915_16902464685664_500.jpg,False
2024-01,A,002006,나일론/코치 재킷,002,아우터,21,3049030,travel,트래블,윙 오픈 윈드 브레이커 블랙,https://image.msscdn.net/images/goods_img/20230131/3049030/3049030_17309501590964_500.jpg,False
2024-01,A,002006,나일론/코치 재킷,002,아우터,22,3766897,lmc,엘엠씨,OG NYLON WINDBREAKER SET UP,https://image.msscdn.net/images/goods_img/20231226/3766897/3766897_17059857846874_500.jpg,False
2024-01,A,002006,나일론/코치 재킷,002,아우터,23,3525726,nautica,노티카,83플래그 요트 리버시블 파카(그린),https://image.msscdn.net/images/goods_img/20230904/3525726/3525726_16995997191959_500.jpg,False
2024-01,A,002006,나일론/코치 재킷,002,아우터,24,3037177,tonyhawk,토니호크,나일론 투톤 트랙 점퍼 브라운,https://image.msscdn.net/images/goods_img/20230125/3037177/3037177_16747968466299_500.jpg,False
2024-01,A,002006,나일론/코치 재킷,002,아우터,25,3400586,1993studio,1993스튜디오,2WAY 더블 스티치 윈드브레이커_블랙,https://image.msscdn.net/images/goods_img/20230710/3400586/3400586_17557618242828_500.jpg,False
2024-01,A,002006,나일론/코치 재킷,002,아우터,26,3092695,umbro,엄브로,UK 헤리티지 ver.2 스텐넥 자켓 블랙(UO321CJK92),https://image.msscdn.net/images/goods_img/20230220/3092695/3092695_16919756409771_500.jpg,False
2024-01,A,002006,나일론/코치 재킷,002,아우터,27,3525728,nautica,노티카,83플래그 리버시블 요트 파카(블루),https://image.msscdn.net/images/goods_img/20230904/3525728/3525728_17567934470771_500.jpg,False
2024-01,A,002006,나일론/코치 재킷,002,아우터,28,1571878,codegraphy,코드그라피,[SET] 2-WAY 테크 숏 자켓 셋업_블랙,https://image.msscdn.net/images/goods_img/20200831/1571878/1571878_17730339892071_500.jpg,False
2024-01,A,002006,나일론/코치 재킷,002,아우터,29,3426636,espionage,에스피오나지,Mountain Wind Parka Brick,https://image.msscdn.net/images/goods_img/20230725/3426636/3426636_16909514933489_500.jpg,False
2024-01,A,002006,나일론/코치 재킷,002,아우터,30,3034346,espionage,에스피오나지,Mountain Wind Parka Black,https://image.msscdn.net/images/goods_img/20230119/3034346/3034346_16756599638463_500.jpg,False
2024-01,A,002019,아노락 재킷,002,아우터,1,1776552,urbandtype,어반디타입,[ 리뉴얼 ]아노락 쓰리피스 풀 셋업_블랙,https://image.msscdn.net/images/goods_img/20210204/1776552/1776552_17152450344166_500.jpg,False
2024-01,A,002019,아노락 재킷,002,아우터,2,3434841,xtonz,엑스톤즈,XJ98 플리츠 배색 바람막이 (GRAY),https://image.msscdn.net/images/goods_img/20230731/3434841/3434841_16993169540228_500.jpg,False
2024-01,A,002019,아노락 재킷,002,아우터,3,2353520,urbandtype,어반디타입,러닝클럽 트랙 셋업_네이비,https://image.msscdn.net/images/goods_img/20220210/2353520/2353520_17152449763903_500.jpg,False
2024-01,A,002019,아노락 재킷,002,아우터,4,2288426,urbandtype,어반디타입,[ 리뉴얼 ] UB 바람막이 쓰리피스 셋업_블랙,https://image.msscdn.net/images/goods_img/20220103/2288426/2288426_17152450232442_500.jpg,False
2024-01,A,002019,아노락 재킷,002,아우터,5,3466549,kiimuir,키뮤어,2-WAY 릴렉스드 헤링턴 자켓_4 color,https://image.msscdn.net/images/goods_img/20230816/3466549/3466549_17732985666081_500.jpg,False
2024-01,A,002019,아노락 재킷,002,아우터,6,3750983,dollouterwear,돌아우터웨어,2324 아론 스노우보드복 자켓 다크 그레이 남녀공용,https://image.msscdn.net/images/goods_img/20231211/3750983/3750983_17022306919449_500.jpg,False
2024-01,A,002019,아노락 재킷,002,아우터,7,3434839,xtonz,엑스톤즈,XJ98 플리츠 배색 바람막이 (BLACK),https://image.msscdn.net/images/goods_img/20230731/3434839/3434839_16993169688488_500.jpg,False
2024-01,A,002019,아노락 재킷,002,아우터,8,3691444,maisonkitsune,메종 키츠네,남성 폭스 헤드 패치 점퍼 - 블랙 / LM02228WQ4019P199,https://image.msscdn.net/images/goods_img/20231107/3691444/3691444_17011432391858_500.jpg,False
2024-01,A,002019,아노락 재킷,002,아우터,9,3512732,lecoq,르꼬끄,듀스 리버시블 자켓 아이보리(QO323TJK91),https://image.msscdn.net/images/goods_img/20230830/3512732/3512732_17298975714021_500.jpg,False
2024-01,A,002019,아노락 재킷,002,아우터,10,3498220,thisisneverthat,디스이즈네버댓,Anorak Jacket Magenta,https://image.msscdn.net/images/goods_img/20230825/3498220/3498220_16932972925925_500.jpg,False
2024-01,A,002019,아노락 재킷,002,아우터,11,2705639,kodak,코닥,선샤인 트랙 아노락 자켓 BLACK,https://image.msscdn.net/images/goods_img/20220809/2705639/2705639_16783231814291_500.jpg,False
2024-01,A,002019,아노락 재킷,002,아우터,12,1776550,urbandtype,어반디타입,[ 리뉴얼 ]아노락 쓰리피스 풀 셋업_차콜,https://image.msscdn.net/images/goods_img/20210204/1776550/1776550_17152450481773_500.jpg,False
2024-01,A,002019,아노락 재킷,002,아우터,13,1776549,urbandtype,어반디타입,[ 리뉴얼 ] 아노락 쓰리피스 풀 셋업_민트 그레이,https://image.msscdn.net/images/goods_img/20210204/1776549/1776549_17152450598833_500.jpg,False
2024-01,A,002019,아노락 재킷,002,아우터,14,3000596,malbongolf,말본 골프,말본 아노락 자켓 BEIGE (WOMAN),https://image.msscdn.net/images/goods_img/20221229/3000596/3000596_16722744658119_500.jpg,False
2024-01,A,002019,아노락 재킷,002,아우터,15,3750965,dollouterwear,돌아우터웨어,2324 아론 스노우보드복 자켓 라이트 퍼플 남녀공용,https://image.msscdn.net/images/goods_img/20231211/3750965/3750965_17022305736858_500.jpg,False
2024-01,A,002019,아노락 재킷,002,아우터,16,3439043,travel,트래블,워크샵 모어 라이닝 아노락 포그 블루,https://image.msscdn.net/images/goods_img/20230801/3439043/3439043_16915814407025_500.jpg,False
2024-01,A,002019,아노락 재킷,002,아우터,17,3439040,travel,트래블,워크샵 모어 라이닝 아노락 블랙,https://image.msscdn.net/images/goods_img/20230801/3439040/3439040_16915688252199_500.jpg,False
2024-01,A,002019,아노락 재킷,002,아우터,18,3487878,kiimuir,키뮤어,서플러스 울(WOOL) 2-WAY 헤링턴 자켓_부클 블랙,https://image.msscdn.net/images/goods_img/20230822/3487878/3487878_16947442256700_500.jpg,False
2024-01,A,002019,아노락 재킷,002,아우터,19,3046662,kiimuir,키뮤어,후디드 M-51 자켓_3 COLOR,https://image.msscdn.net/images/goods_img/20230130/3046662/3046662_17283563138184_500.jpg,False
2024-01,A,002019,아노락 재킷,002,아우터,20,3191935,not4nerd,낫포너드,Nylon Color Block Anorak Pullover - Black,https://image.msscdn.net/images/goods_img/20230329/3191935/3191935_16810686023014_500.jpg,False
2024-01,A,002019,아노락 재킷,002,아우터,21,3039758,glack,글랙,GJ015 토비 나일론 자켓 (GRAY),https://image.msscdn.net/images/goods_img/20230126/3039758/3039758_16766154087049_500.jpg,False
2024-01,A,002019,아노락 재킷,002,아우터,22,2713026,champion,챔피온,[US] Champion 로고 스타디움 패커블 아노락 (BLUE) CKJA2F004B2,https://image.msscdn.net/images/goods_img/20220811/2713026/2713026_16762775841871_500.jpg,False
2024-01,A,002019,아노락 재킷,002,아우터,23,3046664,kiimuir,키뮤어,후디드 M-51 파카_블랙,https://image.msscdn.net/images/goods_img/20230130/3046664/3046664_16751810494765_500.jpg,False
2024-01,A,002019,아노락 재킷,002,아우터,24,2000085,superlit,에스릿 스튜디오,[SET] 스테디 라이트 아노락 3P 셋업 블랙,https://image.msscdn.net/images/prd_img/20210617/2000085/detail_2000085_1_500.jpg,False
2024-01,A,002019,아노락 재킷,002,아우터,25,3048204,travel,트래블,트래블러 버튼 아노락 바이올렛 핑크,https://image.msscdn.net/images/goods_img/20230130/3048204/3048204_16765891101181_500.jpg,False
2024-01,A,002019,아노락 재킷,002,아우터,26,3512731,lecoq,르꼬끄,듀스 리버시블 자켓 블랙(QO323TJK91),https://image.msscdn.net/images/goods_img/20230830/3512731/3512731_17298975640652_500.jpg,False
2024-01,A,002019,아노락 재킷,002,아우터,27,3129155,thisisneverthat,디스이즈네버댓,(SS23) Anorak Jacket Black,https://image.msscdn.net/images/goods_img/20230307/3129155/3129155_16789315803379_500.jpg,False
2024-01,A,002019,아노락 재킷,002,아우터,28,2525662,afresh,어프레쉬,[SET]에어스트레치 아노락 자켓 팬츠 셋업_블랙 바람막이,https://image.msscdn.net/images/goods_img/20220428/2525662/2525662_17174632290755_500.jpg,False
2024-01,A,002019,아노락 재킷,002,아우터,29,3000595,malbongolf,말본 골프,말본 아노락 자켓 BEIGE (MAN),https://image.msscdn.net/images/goods_img/20221229/3000595/3000595_16722743860882_500.jpg,False
2024-01,A,002019,아노락 재킷,002,아우터,30,3750989,dollouterwear,돌아우터웨어,2324 아론 스노우보드복 자켓 베이지 남녀공용,https://image.msscdn.net/images/goods_img/20231211/3750989/3750989_17022307356006_500.jpg,False
2024-01,A,002018,트레이닝 재킷,002,아우터,1,3563185,adidas,아디다스,파이어버드 트랙탑 - 블랙 / IJ7058,https://image.msscdn.net/images/goods_img/20230915/3563185/3563185_16950017775747_500.jpg,False
2024-01,A,002018,트레이닝 재킷,002,아우터,2,3042935,adidas,아디다스,베켄바우어 트랙탑 - 네이비 / IA4776,https://image.msscdn.net/images/goods_img/20230127/3042935/3042935_16750553995361_500.jpg,False
2024-01,A,002018,트레이닝 재킷,002,아우터,3,3662247,adidas,아디다스,ADILENIUM 오버사이즈 트랙탑 - 블랙 / IV9339,https://image.msscdn.net/images/goods_img/20231026/3662247/3662247_16983776905895_500.jpg,False
2024-01,A,002018,트레이닝 재킷,002,아우터,4,3578659,adidas,아디다스,BB 트랙탑 - 쉐도우그린 / IN1001,https://image.msscdn.net/images/goods_img/20230920/3578659/3578659_17453961138159_500.jpg,False
2024-01,A,002018,트레이닝 재킷,002,아우터,5,3422706,adidas,아디다스,파이어버드 트랙탑  - 블랙 / IL8764,https://image.msscdn.net/images/goods_img/20230724/3422706/3422706_16904232602323_500.jpg,False
2024-01,A,002018,트레이닝 재킷,002,아우터,6,3046899,adidas,아디다스,락업 트레포일 트랙탑 - 블랙 / IA6359,https://image.msscdn.net/images/goods_img/20230130/3046899/3046899_16751430242166_500.jpg,False
2024-01,A,002018,트레이닝 재킷,002,아우터,7,3578658,adidas,아디다스,BB 트랙탑 - 마룬 / IN1000,https://image.msscdn.net/images/goods_img/20230920/3578658/3578658_16953699537092_500.jpg,False
2024-01,A,002018,트레이닝 재킷,002,아우터,8,2730682,partimentowomen,파르티멘토 우먼,라인 저지 트랙 탑_차콜 그레이,https://image.msscdn.net/images/goods_img/20220819/2730682/2730682_16950061956204_500.jpg,False
2024-01,A,002018,트레이닝 재킷,002,아우터,9,3588413,adidas,아디다스,베켄바우어 트랙탑 - 블랙:화이트 / II5763,https://image.msscdn.net/images/goods_img/20230922/3588413/3588413_16957743454348_500.jpg,False
2024-01,A,002018,트레이닝 재킷,002,아우터,10,2353497,urbandtype,어반디타입,OL209_러닝클럽 트랙 자켓_네이비,https://image.msscdn.net/images/goods_img/20220210/2353497/2353497_17875332753234_500.jpg,False
2024-01,A,002018,트레이닝 재킷,002,아우터,11,3771089,adidas,아디다스,베켄바우어 트랙탑 - 블랙 / IY8077,https://image.msscdn.net/images/goods_img/20240102/3771089/3771089_17041852509353_500.jpg,False
2024-01,A,002018,트레이닝 재킷,002,아우터,12,3662246,adidas,아디다스,ADILENIUM 오버사이즈 트랙탑 - 그레이 / IV9338,https://image.msscdn.net/images/goods_img/20231026/3662246/3662246_16983777322868_500.jpg,False
2024-01,A,002018,트레이닝 재킷,002,아우터,13,3756825,adidas,아디다스,오버사이즈 파이어버드 트랙탑 - 그레이 / IT7450,https://image.msscdn.net/images/goods_img/20231214/3756825/3756825_17030316724259_500.jpg,False
2024-01,A,002018,트레이닝 재킷,002,아우터,14,3010431,satur,세터,로턴 올 데이 트랙 집업 자켓 캐비어 블랙,https://image.msscdn.net/images/goods_img/20230109/3010431/3010431_17255123428915_500.jpg,False
2024-01,A,002018,트레이닝 재킷,002,아우터,15,3816724,adidas,아디다스,파이어버드 트랙탑 - 블랙 / IL8764,https://image.msscdn.net/images/goods_img/20240123/3816724/3816724_17060017772777_500.jpg,False
2024-01,A,002018,트레이닝 재킷,002,아우터,16,3772303,adidas,아디다스,M FASH P FB TT IT7461,https://image.msscdn.net/images/goods_img/20240102/3772303/3772303_17042427468118_500.jpg,False
2024-01,A,002018,트레이닝 재킷,002,아우터,17,2061715,adidas,아디다스,락업 트랙탑 - 블랙 / H41391,https://image.msscdn.net/images/goods_img/20210812/2061715/2061715_1_500.jpg,False
2024-01,A,002018,트레이닝 재킷,002,아우터,18,3756824,adidas,아디다스,파이어버드 루즈 트랙탑 - 핑크 / IP0607,https://image.msscdn.net/images/goods_img/20231214/3756824/3756824_17028587519643_500.jpg,False
2024-01,A,002018,트레이닝 재킷,002,아우터,19,3704061,glowny,글로니,G CLASSIC RIB TRACK ZIP-UP (BLACK),https://image.msscdn.net/images/goods_img/20231110/3704061/3704061_17012610085173_500.jpg,False
2024-01,A,002018,트레이닝 재킷,002,아우터,20,2054619,fcmm,에프씨엠엠,클럽 팀 사이드라인 트랙 자켓 - 화이트,https://image.msscdn.net/images/goods_img/20210809/2054619/2054619_17261376177570_500.jpg,False
2024-01,A,002018,트레이닝 재킷,002,아우터,21,3033083,adidas,아디다스,3ST 후드 우븐 재킷 - 블랙 / IB0248,https://image.msscdn.net/images/goods_img/20230119/3033083/3033083_16781642294778_500.jpg,False
2024-01,A,002018,트레이닝 재킷,002,아우터,22,3260636,adidas,아디다스,BB 트랙탑 - 네이비 / IK9149,https://image.msscdn.net/images/goods_img/20230425/3260636/3260636_17453962292778_500.jpg,False
2024-01,A,002018,트레이닝 재킷,002,아우터,23,3563184,adidas,아디다스,파이어버드 트랙탑 - 다크블루 / IN4682,https://image.msscdn.net/images/goods_img/20230915/3563184/3563184_16950018085939_500.jpg,False
2024-01,A,002018,트레이닝 재킷,002,아우터,24,1240633,fcmm,에프씨엠엠,클럽 팀 사이드라인 트랙 자켓 - 블랙,https://image.msscdn.net/images/goods_img/20191202/1240633/1240633_17243069557898_500.jpg,False
2024-01,A,002018,트레이닝 재킷,002,아우터,25,3555937,rockcake,락케이크,Sports 96 Track Top - Navy,https://image.msscdn.net/images/goods_img/20230913/3555937/3555937_17128000098668_500.jpg,False
2024-01,A,002018,트레이닝 재킷,002,아우터,26,2730702,partimentowomen,파르티멘토 우먼,[SET] 라인 저지 트랙탑 셋업_차콜 그레이,https://image.msscdn.net/images/goods_img/20220819/2730702/2730702_1_500.jpg,False
2024-01,A,002018,트레이닝 재킷,002,아우터,27,3662244,adidas,아디다스,클래식 트랙탑 - 블랙 / IK0430,https://image.msscdn.net/images/goods_img/20231026/3662244/3662244_16983777746999_500.jpg,False
2024-01,A,002018,트레이닝 재킷,002,아우터,28,3663235,hadex,에이치덱스,버닝업 자켓 2 color,https://image.msscdn.net/images/goods_img/20231027/3663235/3663235_17298379437981_500.jpg,False
2024-01,A,002018,트레이닝 재킷,002,아우터,29,3704043,glowny,글로니,G CLASSIC RIB TRACK ZIP-UP (CHARCOAL),https://image.msscdn.net/images/goods_img/20231110/3704043/3704043_17012609662300_500.jpg,False
2024-01,A,002018,트레이닝 재킷,002,아우터,30,2756955,diadora,디아도라,그랜드 슬램 테니스 트레이닝 자켓 WHITE,https://image.msscdn.net/images/goods_img/20220831/2756955/2756955_1_500.jpg,False
2024-01,A,002008,환절기 코트,002,아우터,1,709188,drawfit,드로우핏,오버사이즈 울 트렌치 코트 [BLACK],https://image.msscdn.net/images/goods_img/20180205/709188/709188_16917313775663_500.jpg,False
2024-01,A,002008,환절기 코트,002,아우터,2,3516227,amomento,아모멘토,FUR MID COAT_CHARCOAL,https://image.msscdn.net/images/goods_img/20230831/3516227/3516227_16981310372778_500.jpg,False
2024-01,A,002008,환절기 코트,002,아우터,3,1760164,drawfit,드로우핏,울 블렌딩 발마칸 오버 코트 [BLACK],https://image.msscdn.net/images/goods_img/20210125/1760164/1760164_16735775758417_500.jpg,False
2024-01,A,002008,환절기 코트,002,아우터,4,709189,drawfit,드로우핏,오버사이즈 울 트렌치 코트 [BEIGE],https://image.msscdn.net/images/goods_img/20180205/709189/709189_16917313543519_500.jpg,False
2024-01,A,002008,환절기 코트,002,아우터,5,680961,flareup,플레어업,오버사이즈 트렌치코트 (FL-012),https://image.msscdn.net/images/prd_img/20171130/680961/detail_680961_37_500.jpg,False
2024-01,A,002008,환절기 코트,002,아우터,6,3174398,burberry,버버리,롱 켄싱턴 헤리티지 트렌치코트 - 허니 / 8045861,https://image.msscdn.net/images/goods_img/20230323/3174398/3174398_16868071165005_500.jpg,False
2024-01,A,002008,환절기 코트,002,아우터,7,2748992,espionage,에스피오나지,Wide Single Trench Coat Black,https://image.msscdn.net/images/goods_img/20220829/2748992/2748992_1_500.jpg,False
2024-01,A,002008,환절기 코트,002,아우터,8,3558440,partimentowomen,파르티멘토 우먼,코듀로이 카 코트_베이지,https://image.msscdn.net/images/goods_img/20230913/3558440/3558440_16953833281240_500.jpg,False
2024-01,A,002008,환절기 코트,002,아우터,9,2748994,espionage,에스피오나지,Wide Single Trench Coat Beige,https://image.msscdn.net/images/goods_img/20220829/2748994/2748994_1_500.jpg,False
2024-01,A,002008,환절기 코트,002,아우터,10,1758438,drawfit,드로우핏,오버사이즈 울 트렌치 코트 [GREYISH BEIGE],https://image.msscdn.net/images/goods_img/20210122/1758438/1758438_16917314292846_500.jpg,False
2024-01,A,002008,환절기 코트,002,아우터,11,2316244,marithefrancoisgirbaud,마리떼 프랑소와 저버,W MAC COAT camel,https://image.msscdn.net/images/goods_img/20220119/2316244/2316244_1_500.jpg,False
2024-01,A,002008,환절기 코트,002,아우터,12,1120476,drawfit,드로우핏,오버사이즈 울 트렌치 코트 [CHARCOAL],https://image.msscdn.net/images/goods_img/20190819/1120476/1120476_16917314036439_500.jpg,False
2024-01,A,002008,환절기 코트,002,아우터,13,1269066,insilence,인사일런스,오버사이즈 트렌치 코트 BLACK,https://image.msscdn.net/images/goods_img/20200113/1269066/1269066_16928568810552_500.jpg,False
2024-01,A,002008,환절기 코트,002,아우터,14,3253168,maxmara,막스마라,여성 마담 더블 브레스트 울 버튼 벨트 코트 - 레드 / 2310110131600011,https://image.msscdn.net/images/goods_img/20230421/3253168/3253168_16865580445755_500.jpg,False
2024-01,A,002008,환절기 코트,002,아우터,15,2820622,maisonmargiela,메종 마르지엘라,여성 피치드 트렌치 코트 - 샌드 / S51AH0184S60464115,https://image.msscdn.net/images/goods_img/20220927/2820622/2820622_1_500.jpg,False
2024-01,A,002008,환절기 코트,002,아우터,16,2770867,malen,말렌,유니섹스 트렌치 레더코트 블랙,https://image.msscdn.net/images/goods_img/20220905/2770867/2770867_1_500.jpg,False
2024-01,A,002008,환절기 코트,002,아우터,17,2683854,poloralphlauren,폴로 랄프 로렌,트윌 워킹 윈드브레이커 - 네이비,https://image.msscdn.net/images/goods_img/20220727/2683854/2683854_1_500.jpg,False
2024-01,A,002008,환절기 코트,002,아우터,18,3303817,thombrowne,톰브라운,4 BAR 블레이저 코트 - 네이비 / MOC567A06146415,https://image.msscdn.net/images/goods_img/20230518/3303817/3303817_16873151159397_500.jpg,False
2024-01,A,002008,환절기 코트,002,아우터,19,1760165,drawfit,드로우핏,울 블렌딩 발마칸 오버 코트 [DARK BROWN],https://image.msscdn.net/images/goods_img/20210125/1760165/1760165_16735775977324_500.jpg,False
2024-01,A,002008,환절기 코트,002,아우터,20,3600872,spao,스파오,후드 더플코트_SPJWD4VC01,https://image.msscdn.net/images/goods_img/20231004/3600872/3600872_17014077185647_500.jpg,False
2024-01,A,002008,환절기 코트,002,아우터,21,2683856,poloralphlauren,폴로 랄프 로렌,트윌 워킹 윈드브레이커 - 베이지,https://image.msscdn.net/images/goods_img/20220727/2683856/2683856_1_500.jpg,False
2024-01,A,002008,환절기 코트,002,아우터,22,3189057,burberry,버버리,켄싱턴 트렌치 코트 - 네이비 / 8028105,https://image.msscdn.net/images/goods_img/20230329/3189057/3189057_16860594566135_500.jpg,False
2024-01,A,002008,환절기 코트,002,아우터,23,3164990,burberry,버버리,워털루 트렌치 코트 - 허니 / 8058231,https://image.msscdn.net/images/goods_img/20230321/3164990/3164990_16817994327992_500.jpg,False
2024-01,A,002008,환절기 코트,002,아우터,24,3233877,burberry,버버리,헤리티지 트렌치 코트 - 베이지 / 8062642,https://image.msscdn.net/images/goods_img/20230414/3233877/3233877_16862031015007_500.jpg,False
2024-01,A,002008,환절기 코트,002,아우터,25,3030649,drawfit,드로우핏,울 트렌치 싱글 발마칸 코트 [BLACK],https://image.msscdn.net/images/goods_img/20230118/3030649/3030649_16740930226187_500.jpg,False
2024-01,A,002008,환절기 코트,002,아우터,26,3462335,notyourrose,낫 유어 로즈,제이드 롱 레더 코트 (블랙),https://image.msscdn.net/images/goods_img/20230811/3462335/3462335_16970061746426_500.jpg,False
2024-01,A,002008,환절기 코트,002,아우터,27,2345593,sevenfigures,세븐피겨스,센트럴 발마칸 트렌치코트 BR,https://image.msscdn.net/images/goods_img/20220208/2345593/2345593_2_500.jpg,False
2024-01,A,002008,환절기 코트,002,아우터,28,2387362,frizmworks,프리즘웍스,BALMACAAN HUNTING COAT _ BLACK WATCH,https://image.msscdn.net/images/goods_img/20220227/2387362/2387362_1_500.jpg,False
2024-01,A,002008,환절기 코트,002,아우터,29,1269068,insilence,인사일런스,오버사이즈 트렌치 코트 CREAM,https://image.msscdn.net/images/goods_img/20200113/1269068/1269068_16928569143731_500.jpg,False
2024-01,A,002008,환절기 코트,002,아우터,30,3558438,partimentowomen,파르티멘토 우먼,코듀로이 카 코트_차콜,https://image.msscdn.net/images/goods_img/20230913/3558438/3558438_16953833661207_500.jpg,False
2024-01,A,002014,사파리/헌팅 재킷,002,아우터,1,2737014,frizmworks,프리즘웍스,VINCENT M1965 FISHTAIL PARKA 004 _ OLIVE,https://image.msscdn.net/images/goods_img/20220823/2737014/2737014_1_500.jpg,False
2024-01,A,002014,사파리/헌팅 재킷,002,아우터,2,2737012,frizmworks,프리즘웍스,VINCENT M1965 FISHTAIL PARKA 004 _ BLACK,https://image.msscdn.net/images/goods_img/20220823/2737012/2737012_1_500.jpg,False
2024-01,A,002014,사파리/헌팅 재킷,002,아우터,3,2206096,corrs,인더스트,[ALL리뉴얼.Ver] 오리지널 M65 피시테일 파카_카키,https://image.msscdn.net/images/goods_img/20211028/2206096/2206096_17900456022813_500.jpg,False
2024-01,A,002014,사파리/헌팅 재킷,002,아우터,4,1204448,partimento,파르티멘토,3M 신슐레이트 M-65 피시테일 코트 패딩 카키,https://image.msscdn.net/images/goods_img/20191028/1204448/1204448_17296732076473_500.jpg,False
2024-01,A,002014,사파리/헌팅 재킷,002,아우터,5,2349901,outstanding,아웃스탠딩,CORDUROY COLLAR SHORT JACKET_OLIVE GREEN,https://image.msscdn.net/images/goods_img/20220209/2349901/2349901_17687996624748_500.jpg,False
2024-01,A,002014,사파리/헌팅 재킷,002,아우터,6,2206111,corrs,인더스트,[ALL리뉴얼.Ver] 오리지널 M65 피시테일 파카_블랙,https://image.msscdn.net/images/goods_img/20211028/2206111/2206111_17897117130826_500.jpg,False
2024-01,A,002014,사파리/헌팅 재킷,002,아우터,7,3466741,whoau,후아유,숏헌팅자켓 WHJJD4939M,https://image.msscdn.net/images/goods_img/20230816/3466741/3466741_16964719481828_500.jpg,False
2024-01,A,002014,사파리/헌팅 재킷,002,아우터,8,2349864,outstanding,아웃스탠딩,HUNTING HOOD JACKET_BLACK,https://image.msscdn.net/images/goods_img/20220209/2349864/2349864_16928439489851_500.jpg,False
2024-01,A,002014,사파리/헌팅 재킷,002,아우터,9,3406370,lmood,엘무드,체스터 헌팅 블루종 자켓 블랙,https://image.msscdn.net/images/goods_img/20230712/3406370/3406370_17255163244682_500.jpg,False
2024-01,A,002014,사파리/헌팅 재킷,002,아우터,10,2256215,blackmoment,블랙모먼트,리버시블 피쉬테일 사파리 파카 야상_KHAKI,https://image.msscdn.net/images/goods_img/20211203/2256215/2256215_17171295015117_500.jpg,False
2024-01,A,002014,사파리/헌팅 재킷,002,아우터,11,3692494,someplace,썸플레이스,덤블 카라 디테일 오버핏 롱 야상 점퍼 자켓 [블랙],https://image.msscdn.net/images/goods_img/20231107/3692494/3692494_17677487087605_500.jpg,False
2024-01,A,002014,사파리/헌팅 재킷,002,아우터,12,2737008,frizmworks,프리즘웍스,OSCAR FISHTAIL JACKET 003 _ OLIVE,https://image.msscdn.net/images/goods_img/20220823/2737008/2737008_1_500.jpg,False
2024-01,A,002014,사파리/헌팅 재킷,002,아우터,13,3531332,frizmworks,프리즘웍스,VINCENT M1965 FISHTAIL PARKA 004 _ GRAY,https://image.msscdn.net/images/goods_img/20230905/3531332/3531332_16946120523456_500.jpg,False
2024-01,A,002014,사파리/헌팅 재킷,002,아우터,14,2737007,frizmworks,프리즘웍스,OSCAR FISHTAIL JACKET 003 _ BLACK,https://image.msscdn.net/images/goods_img/20220823/2737007/2737007_1_500.jpg,False
2024-01,A,002014,사파리/헌팅 재킷,002,아우터,15,3406372,lmood,엘무드,체스터 헌팅 블루종 자켓 카키,https://image.msscdn.net/images/goods_img/20230712/3406372/3406372_17443376925419_500.jpg,False
2024-01,A,002014,사파리/헌팅 재킷,002,아우터,16,2859075,corrs,인더스트,오리지널 M65 피시테일 숏파카_블랙,https://image.msscdn.net/images/goods_img/20221013/2859075/2859075_17893705691365_500.jpg,False
2024-01,A,002014,사파리/헌팅 재킷,002,아우터,17,2349739,outstanding,아웃스탠딩,HUNTING HOOD JACKET_ORANGE,https://image.msscdn.net/images/goods_img/20220209/2349739/2349739_16928438962538_500.jpg,False
2024-01,A,002014,사파리/헌팅 재킷,002,아우터,18,2256434,blackmoment,블랙모먼트,리버시블 피쉬테일 사파리 파카 야상_ BLACK,https://image.msscdn.net/images/goods_img/20211203/2256434/2256434_17327569571657_500.jpg,False
2024-01,A,002014,사파리/헌팅 재킷,002,아우터,19,3594616,corrs,인더스트,[ALL리뉴얼.Ver] 오리지널 M65 피시테일 파카_차콜,https://image.msscdn.net/images/goods_img/20230926/3594616/3594616_17586936196993_500.jpg,False
2024-01,A,002014,사파리/헌팅 재킷,002,아우터,20,2206119,corrs,인더스트,[ALL리뉴얼.Ver] 오리지널 M65 피시테일 파카_그레이,https://image.msscdn.net/images/goods_img/20211028/2206119/2206119_17593697474046_500.jpg,False
2024-01,A,002014,사파리/헌팅 재킷,002,아우터,21,1624403,ymclky,와이엠씨엘케이와이,US M-65 Field Parka - Olive,https://image.msscdn.net/images/goods_img/20200925/1624403/1624403_1_500.jpg,False
2024-01,A,002014,사파리/헌팅 재킷,002,아우터,22,2859018,corrs,인더스트,오리지널 M65 피시테일 숏파카_카키,https://image.msscdn.net/images/goods_img/20221013/2859018/2859018_17893688403846_500.jpg,False
2024-01,A,002014,사파리/헌팅 재킷,002,아우터,23,3450087,discusathletic,디스커스 애슬레틱,로고 쉐르파 자켓 차콜,https://image.msscdn.net/images/goods_img/20230808/3450087/3450087_16947427239508_500.jpg,False
2024-01,A,002014,사파리/헌팅 재킷,002,아우터,24,1716012,massnoun,매스노운,M-65 피쉬테일 코튼 야상 코트 MWZCT002-KK,https://image.msscdn.net/images/goods_img/20201207/1716012/1716012_2_500.jpg,False
2024-01,A,002014,사파리/헌팅 재킷,002,아우터,25,3096455,frizmworks,프리즘웍스,HERITAGE HUNTING JACKET 002 _ TAN,https://image.msscdn.net/images/goods_img/20230221/3096455/3096455_17562765796201_500.jpg,False
2024-01,A,002014,사파리/헌팅 재킷,002,아우터,26,2745877,secondmonolgue,세컨모놀로그,[내피/외피 SET] 몬스터 롱 점퍼 세트 블랙_COOSJP033BLACK,https://image.msscdn.net/images/goods_img/20220826/2745877/2745877_7_500.jpg,False
2024-01,A,002014,사파리/헌팅 재킷,002,아우터,27,2850048,yale,예일,HERITAGE UNIVERSITY DAN QUILTED HUNTING JACKET BLACK,https://image.msscdn.net/images/goods_img/20221011/2850048/2850048_17189683279134_500.jpg,False
2024-01,A,002014,사파리/헌팅 재킷,002,아우터,28,2168836,fp142muji,페플,스테디 피시테일 자켓 블랙 JDOT1320,https://image.msscdn.net/images/goods_img/20211008/2168836/2168836_1_500.jpg,False
2024-01,A,002014,사파리/헌팅 재킷,002,아우터,29,2737011,frizmworks,프리즘웍스,OSCAR FISHTAIL JACKET 003 _ IVORY,https://image.msscdn.net/images/goods_img/20220823/2737011/2737011_1_500.jpg,False
2024-01,A,002014,사파리/헌팅 재킷,002,아우터,30,3035547,outstanding,아웃스탠딩,HUNTING HOOD JACKET_CHARCOAL,https://image.msscdn.net/images/goods_img/20230120/3035547/3035547_16928424234282_500.jpg,False
2024-01,A,002021,베스트,002,아우터,1,3125670,matinkim,마뗑킴,SPELL POINT STRIPE KNIT VEST IN IVORY,https://image.msscdn.net/images/goods_img/20230306/3125670/3125670_16782582117207_500.jpg,False
2024-01,A,002021,베스트,002,아우터,2,2818312,dimitriblack,디미트리블랙,코듀로이 퍼티그 베스트_브라운,https://image.msscdn.net/images/goods_img/20220926/2818312/2818312_1_500.jpg,False
2024-01,A,002021,베스트,002,아우터,3,3606996,kakaofriends0,카카오프렌즈,캐빈인더포레스트 양털조끼_춘식이,https://image.msscdn.net/images/goods_img/20231006/3606996/3606996_16965244704037_500.jpg,False
2024-01,A,002021,베스트,002,아우터,4,3349832,partimento,파르티멘토,시어 후드 베스트 블랙,https://image.msscdn.net/images/goods_img/20230607/3349832/3349832_16862761419940_500.jpg,False
2024-01,A,002021,베스트,002,아우터,5,1305385,drawfit,드로우핏,소프 울 오버핏 니트 베스트 [BLACK],https://image.msscdn.net/images/goods_img/20200214/1305385/1305385_16804992777098_500.jpg,False
2024-01,A,002021,베스트,002,아우터,6,3645409,poloralphlauren,폴로 랄프 로렌,페어 아일 울 스웨터 베스트 - 블루,https://image.msscdn.net/images/goods_img/20231020/3645409/3645409_16992323086575_500.jpg,False
2024-01,A,002021,베스트,002,아우터,7,2325610,takeasy,테이크이지,케이블 스몰라쿠 니트 베스트(네이비),https://image.msscdn.net/images/goods_img/20220125/2325610/2325610_2_500.jpg,False
2024-01,A,002021,베스트,002,아우터,8,3493799,poloralphlauren,폴로 랄프 로렌,케이블 니트 코튼 스웨터 베스트 - 네이비,https://image.msscdn.net/images/goods_img/20230824/3493799/3493799_16940628044656_500.jpg,False
2024-01,A,002021,베스트,002,아우터,9,2818311,dimitriblack,디미트리블랙,코듀로이 퍼티그 베스트_블랙,https://image.msscdn.net/images/goods_img/20220926/2818311/2818311_1_500.jpg,False
2024-01,A,002021,베스트,002,아우터,10,2061772,romanticcrown,로맨틱크라운,사이드 버튼 오버핏 베스트_오트밀,https://image.msscdn.net/images/goods_img/20210812/2061772/2061772_16940503916753_500.jpg,False
2024-01,A,002021,베스트,002,아우터,11,3125671,matinkim,마뗑킴,SPELL POINT STRIPE KNIT VEST,https://image.msscdn.net/images/goods_img/20230306/3125671/3125671_16782581740082_500.jpg,False
2024-01,A,002021,베스트,002,아우터,12,2897433,jeep,지프,리버시블 베스트  (GK3JPU650BK),https://image.msscdn.net/images/goods_img/20221027/2897433/2897433_2_500.jpg,False
2024-01,A,002021,베스트,002,아우터,13,1958404,lettercomo,레테르코모,시티보이 브이넥 니트베스트_블랙,https://image.msscdn.net/images/goods_img/20210520/1958404/1958404_17225627035904_500.jpg,False
2024-01,A,002021,베스트,002,아우터,14,3736873,thenorthface,노스페이스,NV1DP82J 화이트라벨 여성 노벨티 눕시 다운 베스트 SE,https://image.msscdn.net/images/goods_img/20231129/3736873/3736873_17012248410434_500.jpg,False
2024-01,A,002021,베스트,002,아우터,15,2818313,dimitriblack,디미트리블랙,코듀로이 퍼티그 베스트_올리브,https://image.msscdn.net/images/goods_img/20220926/2818313/2818313_1_500.jpg,False
2024-01,A,002021,베스트,002,아우터,16,2457470,poloralphlauren,폴로 랄프 로렌,W 케이블 니트 슬리브리스 스웨터 - 네이비,https://image.msscdn.net/images/goods_img/20220330/2457470/2457470_2_500.jpg,False
2024-01,A,002021,베스트,002,아우터,17,1293166,lettercomo,레테르코모,미니멀 브이넥 니트 베스트 블랙,https://image.msscdn.net/images/goods_img/20200205/1293166/1293166_17218818865419_500.jpg,False
2024-01,A,002021,베스트,002,아우터,18,2729754,snowpeakapparel,스노우피크 어패럴,랜드 경량 다운 베스트 (S24WMGDV60) Black,https://image.msscdn.net/images/goods_img/20220819/2729754/2729754_17870482701380_500.jpg,False
2024-01,A,002021,베스트,002,아우터,19,3297997,ganni,가니,울 믹스 조끼 - 페일카키 / K1867531,https://image.msscdn.net/images/goods_img/20230516/3297997/3297997_16867166235824_500.jpg,False
2024-01,A,002021,베스트,002,아우터,20,3542175,loeil,로에일,브이넥 크롭 울 니트 베스트 - 멜란지 그레이,https://image.msscdn.net/images/goods_img/20230907/3542175/3542175_16944839490329_500.jpg,False
2024-01,A,002021,베스트,002,아우터,21,2352328,nicknicole,닉앤니콜,CREW NECK VEST_3 COLOR,https://image.msscdn.net/images/goods_img/20220210/2352328/2352328_2_500.jpg,False
2024-01,A,002021,베스트,002,아우터,22,1305386,drawfit,드로우핏,소프 울 오버핏 니트 베스트 [L.BEIGE],https://image.msscdn.net/images/goods_img/20200214/1305386/1305386_16804992518493_500.jpg,False
2024-01,A,002021,베스트,002,아우터,23,3487469,sculptor,스컬프터,Color Block Vest Beige,https://image.msscdn.net/images/goods_img/20230822/3487469/3487469_16935521901348_500.jpg,False
2024-01,A,002021,베스트,002,아우터,24,2757381,thisisneverthat,디스이즈네버댓,Sherpa Fleece Vest Black,https://image.msscdn.net/images/goods_img/20220831/2757381/2757381_1_500.jpg,False
2024-01,A,002021,베스트,002,아우터,25,1669853,saladbowls,샐러드볼즈,OVERSIZED DUFFLE COAT [PINK],https://image.msscdn.net/images/goods_img/20201029/1669853/1669853_10_500.jpg,False
2024-01,A,002021,베스트,002,아우터,26,3652338,takeasy,테이크이지,오디너리 페어아일 베스트 가디건 - 2 COLOR,https://image.msscdn.net/images/goods_img/20231024/3652338/3652338_16999469117522_500.jpg,False
2024-01,A,002021,베스트,002,아우터,27,3766894,lmc,엘엠씨,OG NYLON HOODIE VEST SET UP,https://image.msscdn.net/images/goods_img/20231226/3766894/3766894_17059857764960_500.jpg,False
2024-01,A,002021,베스트,002,아우터,28,3148952,poloralphlauren,폴로 랄프 로렌,W 케이블 니트 코튼 V넥 스웨터 베스트 - 화이트,https://image.msscdn.net/images/goods_img/20230315/3148952/3148952_16801438767727_500.jpg,False
2024-01,A,002021,베스트,002,아우터,29,3461299,matinkim,마뗑킴,POCKET HOODY ZIP UP KNIT VEST IN NAVY,https://image.msscdn.net/images/goods_img/20230811/3461299/3461299_16917291939683_500.jpg,False
2024-01,A,002021,베스트,002,아우터,30,3066664,areuban,아르반,하이크 베스트 후드집업_블랙,https://image.msscdn.net/images/goods_img/20230208/3066664/3066664_16830072238908_500.jpg,False
2024-01,A,002012,숏패딩/헤비 아우터,002,아우터,1,2037173,spao,스파오,베이직 푸퍼_SPJPE4TC11,https://image.msscdn.net/images/goods_img/20210722/2037173/2037173_17333558393121_500.jpg,False
2024-01,A,002012,숏패딩/헤비 아우터,002,아우터,2,2037167,spao,스파오,파스텔 푸퍼_SPJPE4TG01,https://image.msscdn.net/images/goods_img/20210722/2037167/2037167_17631352702771_500.jpg,False
2024-01,A,002012,숏패딩/헤비 아우터,002,아우터,3,2835510,yale,예일,리버시블 웜업 퀄팅 자켓 블랙/아이보리,https://image.msscdn.net/images/goods_img/20221004/2835510/2835510_17484885537592_500.jpg,False
2024-01,A,002012,숏패딩/헤비 아우터,002,아우터,4,3555045,covernat,커버낫,RDS 씨빅 숏 푸퍼 블랙,https://image.msscdn.net/images/goods_img/20230913/3555045/3555045_16947539245253_500.png,False
2024-01,A,002012,숏패딩/헤비 아우터,002,아우터,5,2482269,thenorthface,노스페이스,NJ1DQ75A 남성 1996 눕시 자켓_BLACK,https://image.msscdn.net/images/goods_img/20220412/2482269/2482269_17210922117662_500.jpg,False
2024-01,A,002012,숏패딩/헤비 아우터,002,아우터,6,3391616,spao,스파오,파스텔 푸퍼 (코듀로이)_SPJPD4TG02,https://image.msscdn.net/images/goods_img/20230703/3391616/3391616_16897518417977_500.jpg,False
2024-01,A,002012,숏패딩/헤비 아우터,002,아우터,7,910127,jipsy,집시,마스터 구스다운 핑거글러브  숏패딩 -블랙-,https://image.msscdn.net/images/goods_img/20181121/910127/910127_17296148276581_500.jpg,False
2024-01,A,002012,숏패딩/헤비 아우터,002,아우터,8,2704962,yale,예일,웜업 퀼팅자켓_블랙,https://image.msscdn.net/images/goods_img/20220808/2704962/2704962_17592064508547_500.jpg,False
2024-01,A,002012,숏패딩/헤비 아우터,002,아우터,9,3378514,musinsastandard,무신사 스탠다드,데일리 푸퍼 숏 패딩 재킷 [블랙],https://image.msscdn.net/images/goods_img/20230622/3378514/3378514_17800303461768_500.jpg,False
2024-01,A,002012,숏패딩/헤비 아우터,002,아우터,10,3470403,musinsastandardsp,무신사 스탠다드 스포츠,코어 패딩 자켓 (5colors),https://image.msscdn.net/images/goods_img/20230817/3470403/3470403_17876366461439_500.jpg,False
2024-01,A,002012,숏패딩/헤비 아우터,002,아우터,11,2686494,lee,리,베이직 다운 점퍼 블랙,https://image.msscdn.net/images/goods_img/20220728/2686494/2686494_16994039679105_500.jpg,False
2024-01,A,002012,숏패딩/헤비 아우터,002,아우터,12,3002387,nicknicole,닉앤니콜,NICOLE VOLUME PUFFER SHORT PADDING_6 COLOR,https://image.msscdn.net/images/goods_img/20221230/3002387/3002387_17355263132141_500.jpg,False
2024-01,A,002012,숏패딩/헤비 아우터,002,아우터,13,1535333,codegraphy,코드그라피,[DIVO] RDS 유틸리티 덕다운 푸파 숏패딩_블랙,https://image.msscdn.net/images/goods_img/20200803/1535333/1535333_17696654666796_500.jpg,False
2024-01,A,002012,숏패딩/헤비 아우터,002,아우터,14,1535337,codegraphy,코드그라피,[DIVO] RDS 유틸리티 덕다운 푸파 숏패딩_쿨그레이,https://image.msscdn.net/images/goods_img/20200803/1535337/1535337_17222170264280_500.jpg,False
2024-01,A,002012,숏패딩/헤비 아우터,002,아우터,15,912314,musinsastandard,무신사 스탠다드,다운 푸퍼 숏 패딩 재킷 [블랙],https://image.msscdn.net/images/goods_img/20181123/912314/912314_17649023281294_500.jpg,False
2024-01,A,002012,숏패딩/헤비 아우터,002,아우터,16,2684073,nomanual,노매뉴얼,(23FW)SKADI DUCK DOWN - GLOSSY BLACK,https://image.msscdn.net/images/goods_img/20220727/2684073/2684073_17273418500742_500.jpg,False
2024-01,A,002012,숏패딩/헤비 아우터,002,아우터,17,3616460,filluminate,필루미네이트,글로시 레더 패딩-블랙,https://image.msscdn.net/images/goods_img/20231011/3616460/3616460_17404638910356_500.jpg,False
2024-01,A,002012,숏패딩/헤비 아우터,002,아우터,18,3417808,lee,리,우먼 크롭 숏 다운 블랙,https://image.msscdn.net/images/goods_img/20230720/3417808/3417808_16909628356837_500.jpg,False
2024-01,A,002012,숏패딩/헤비 아우터,002,아우터,19,2792169,bittercells,비터셀즈,글로시 크롭 푸퍼 자켓-블랙,https://image.msscdn.net/images/goods_img/20220914/2792169/2792169_17685260819246_500.png,False
2024-01,A,002012,숏패딩/헤비 아우터,002,아우터,20,3602386,danswer,디앤에스알,플라이트 크롭 패딩 점퍼,https://image.msscdn.net/images/goods_img/20231004/3602386/3602386_17592132939908_500.jpg,False
2024-01,A,002012,숏패딩/헤비 아우터,002,아우터,21,2792168,bittercells,비터셀즈,글로시 크롭 푸퍼 자켓-실버,https://image.msscdn.net/images/goods_img/20220914/2792168/2792168_17630957250861_500.jpg,False
2024-01,A,002012,숏패딩/헤비 아우터,002,아우터,22,2689357,nationalgeographic,내셔널지오그래픽,N234UDW920 헤론 U넥 경량 다운 점퍼 CARBON BLACK,https://image.msscdn.net/images/goods_img/20220729/2689357/2689357_16889809897979_500.jpg,False
2024-01,A,002012,숏패딩/헤비 아우터,002,아우터,23,3689254,nationalgeographic,내셔널지오그래픽,N224MDW710 레이만 남성 숏기장 다운 점퍼 MC GREY,https://image.msscdn.net/images/goods_img/20231107/3689254/3689254_17020155532395_500.jpg,False
2024-01,A,002012,숏패딩/헤비 아우터,002,아우터,24,2758806,nationalgeographic,내셔널지오그래픽,N234UDW810 레이만 숏기장 다운 점퍼 CARBON BLACK,https://image.msscdn.net/images/goods_img/20220831/2758806/2758806_16970794738869_500.jpg,False
2024-01,A,002012,숏패딩/헤비 아우터,002,아우터,25,3780728,maninstore,무드인사이드,남여공용 푸퍼 숏패딩_Black,https://image.msscdn.net/images/goods_img/20240108/3780728/3780728_17605828944256_500.jpg,False
2024-01,A,002012,숏패딩/헤비 아우터,002,아우터,26,3490942,thenorthface,노스페이스,NJ1DR81A 여성 1996 눕시 자켓_BLACK,https://image.msscdn.net/images/goods_img/20230823/3490942/3490942_17718290742024_500.jpg,False
2024-01,A,002012,숏패딩/헤비 아우터,002,아우터,27,3378528,musinsastandard,무신사 스탠다드,시티 레저 다운 숏 패딩 재킷 [블랙],https://image.msscdn.net/images/goods_img/20230622/3378528/3378528_17133380005284_500.jpg,False
2024-01,A,002012,숏패딩/헤비 아우터,002,아우터,28,3422193,musinsastandardwoman,무신사 스탠다드 우먼,우먼즈 데일리 푸퍼 숏 패딩 재킷 [아이보리],https://image.msscdn.net/images/goods_img/20230724/3422193/3422193_17616168157719_500.jpg,False
2024-01,A,002012,숏패딩/헤비 아우터,002,아우터,29,3391590,spao,스파오,라이트 재킷_SPJPE4TC01,https://image.msscdn.net/images/goods_img/20230703/3391590/3391590_17377002242925_500.jpg,False
2024-01,A,002012,숏패딩/헤비 아우터,002,아우터,30,3591214,thisisneverthat,디스이즈네버댓,PERTEX® T Down Jacket Olive,https://image.msscdn.net/images/goods_img/20230925/3591214/3591214_16957051839387_500.jpg,False
2024-01,A,002025,무스탕/퍼,002,아우터,1,452483,doffjason,도프제이슨,솔리드 무톤 자켓,https://image.msscdn.net/images/goods_img/20161123/452483/452483_2_500.jpg,False
2024-01,A,002025,무스탕/퍼,002,아우터,2,1582142,left,레프트서울,에비에이터 B-3 무스탕 자켓 [블랙],https://image.msscdn.net/images/goods_img/20200903/1582142/1582142_17888321003811_500.jpg,False
2024-01,A,002025,무스탕/퍼,002,아우터,3,1539383,doffjason,도프제이슨,솔리드 스웨이드 무톤 자켓 (블랙),https://image.msscdn.net/images/goods_img/20200806/1539383/1539383_2_500.jpg,False
2024-01,A,002025,무스탕/퍼,002,아우터,4,2087980,doffjason,도프제이슨,솔리드 무톤 자켓 (블랙화이트),https://image.msscdn.net/images/goods_img/20210825/2087980/2087980_17615410448251_500.jpg,False
2024-01,A,002025,무스탕/퍼,002,아우터,5,3676631,thegreenlab,더그린랩,FAUX 퍼 하이넥 무스탕 쟈켓 [블랙/아이보리],https://image.msscdn.net/images/goods_img/20231101/3676631/3676631_17652382927889_500.jpg,False
2024-01,A,002025,무스탕/퍼,002,아우터,6,3691512,placestudio,플레이스 스튜디오,리버시블 스웨이드 후드 크롭 더플 코트 집업 자켓 3COLOR,https://image.msscdn.net/images/goods_img/20231107/3691512/3691512_17013030948874_500.jpg,False
2024-01,A,002025,무스탕/퍼,002,아우터,7,2087965,doffjason,도프제이슨,심플 스웨이드 무톤 자켓,https://image.msscdn.net/images/goods_img/20210825/2087965/2087965_2_500.jpg,False
2024-01,A,002025,무스탕/퍼,002,아우터,8,3606873,doffjason,도프제이슨,하이넥 레더 무톤 자켓 NOIR,https://image.msscdn.net/images/goods_img/20231005/3606873/3606873_17006219179722_500.jpg,False
2024-01,A,002025,무스탕/퍼,002,아우터,9,2822486,doffjason,도프제이슨,하이넥 레더 무톤 자켓 BROWN,https://image.msscdn.net/images/goods_img/20220927/2822486/2822486_17333592828229_500.jpg,False
2024-01,A,002025,무스탕/퍼,002,아우터,10,3640577,leathery,레더리,오블리크 오버핏 레더 무스탕 자켓 [BLACK],https://image.msscdn.net/images/goods_img/20231019/3640577/3640577_17645621888296_500.jpg,False
2024-01,A,002025,무스탕/퍼,002,아우터,11,3635002,kinloch,커넥트킨록,하이넥 라인 무스탕 자켓 (4Color),https://image.msscdn.net/images/goods_img/20231017/3635002/3635002_17633603048478_500.jpg,False
2024-01,A,002025,무스탕/퍼,002,아우터,12,2985378,left,레프트서울,에비에이터 B-3 무스탕 자켓 [블랙/화이트],https://image.msscdn.net/images/goods_img/20221216/2985378/2985378_17888316910045_500.jpg,False
2024-01,A,002025,무스탕/퍼,002,아우터,13,3693535,doffjason,도프제이슨,럼버잭 시어링 무톤 보머 BLACK,https://image.msscdn.net/images/goods_img/20231108/3693535/3693535_16994114217845_500.jpg,False
2024-01,A,002025,무스탕/퍼,002,아우터,14,2871598,v2,브이투,70103 VEGAN LEATHER MUSTANG_BLACK,https://image.msscdn.net/images/goods_img/20221018/2871598/2871598_3_500.jpg,False
2024-01,A,002025,무스탕/퍼,002,아우터,15,1197873,koleat,콜릿,WOMEN 오버핏 무스탕 플리스 자켓 Black_Beige,https://image.msscdn.net/images/goods_img/20191022/1197873/1197873_2_500.jpg,False
2024-01,A,002025,무스탕/퍼,002,아우터,16,2822504,doffjason,도프제이슨,하이넥 레더 무톤 자켓 BLACK,https://image.msscdn.net/images/goods_img/20220927/2822504/2822504_17025147938810_500.jpg,False
2024-01,A,002025,무스탕/퍼,002,아우터,17,2818096,placestudio,플레이스 스튜디오,비건 레더 퍼 오버핏 울 무스탕 무톤 자켓 점퍼 [블랙],https://image.msscdn.net/images/goods_img/20220926/2818096/2818096_17592199790769_500.jpg,False
2024-01,A,002025,무스탕/퍼,002,아우터,18,1576749,doffjason,도프제이슨,오버핏 솔리드 무톤 자켓 (블랙),https://image.msscdn.net/images/goods_img/20200901/1576749/1576749_17297334484800_500.jpg,False
2024-01,A,002025,무스탕/퍼,002,아우터,19,2223261,placestudio,플레이스 스튜디오,솔리드 무톤 플리스 양털 레더 무스탕 자켓 [블랙],https://image.msscdn.net/images/goods_img/20211109/2223261/2223261_17307666918902_500.jpg,False
2024-01,A,002025,무스탕/퍼,002,아우터,20,3661328,lingseoul,링서울,suede mustang coat-beige,https://image.msscdn.net/images/goods_img/20231026/3661328/3661328_16995757835262_500.jpg,False
2024-01,A,002025,무스탕/퍼,002,아우터,21,2813149,doffsept,도프셉,Overfit Steady Mustang in Brown/Beige,https://image.msscdn.net/images/goods_img/20220922/2813149/2813149_17289774162327_500.jpg,False
2024-01,A,002025,무스탕/퍼,002,아우터,22,3661835,etmon,에트몽,"High-Neck Suede Mustang Coat, Brown",https://image.msscdn.net/images/goods_img/20231026/3661835/3661835_16983045835575_500.jpg,False
2024-01,A,002025,무스탕/퍼,002,아우터,23,1539381,doffjason,도프제이슨,솔리드 무톤 자켓 (블랙베이지),https://image.msscdn.net/images/goods_img/20200806/1539381/1539381_4_500.jpg,False
2024-01,A,002025,무스탕/퍼,002,아우터,24,1582120,left,레프트서울,에비에이터 B-3 무스탕 자켓 [브라운],https://image.msscdn.net/images/goods_img/20200903/1582120/1582120_17888321761223_500.jpg,False
2024-01,A,002025,무스탕/퍼,002,아우터,25,3729029,le,르,shearling collar mustang jacket (beige),https://image.msscdn.net/images/goods_img/20231122/3729029/3729029_17006401340701_500.jpg,False
2024-01,A,002025,무스탕/퍼,002,아우터,26,2813164,doffsept,도프셉,Overfit Steady Mustang in Black/Beige,https://image.msscdn.net/images/goods_img/20220922/2813164/2813164_17627390117439_500.jpg,False
2024-01,A,002025,무스탕/퍼,002,아우터,27,464191,doffjason,도프제이슨,우먼스 솔리드 무톤 자켓,https://image.msscdn.net/images/goods_img/20161216/464191/464191_2_500.jpg,False
2024-01,A,002025,무스탕/퍼,002,아우터,28,2087969,doffjason,도프제이슨,심플 스웨이드 무톤 자켓 (그레이),https://image.msscdn.net/images/goods_img/20210825/2087969/2087969_2_500.jpg,False
2024-01,A,002025,무스탕/퍼,002,아우터,29,2270236,officialgarment,덴아워,밍크 퍼 오버핏 후드집업 (블랙),https://image.msscdn.net/images/goods_img/20211215/2270236/2270236_17592521840217_500.jpg,False
2024-01,A,002025,무스탕/퍼,002,아우터,30,1676101,urbanstoff,어반스터프,그로스 에비에이터 재킷 (블랙),https://image.msscdn.net/images/goods_img/20201103/1676101/1676101_1_500.jpg,False
2024-01,A,002023,플리스/뽀글이,002,아우터,1,2108160,spao,스파오,베이직 퍼플리스 집업_SPFZE4TC01,https://image.msscdn.net/images/goods_img/20210903/2108160/2108160_17605996485185_500.jpg,False
2024-01,A,002023,플리스/뽀글이,002,아우터,2,3477691,yale,예일,엠브로이더리 댄 카라리스 퀼팅 플리스 자켓_아이보리,https://image.msscdn.net/images/goods_img/20230818/3477691/3477691_17080656880557_500.jpg,False
2024-01,A,002023,플리스/뽀글이,002,아우터,3,3477692,yale,예일,엠브로이더리 댄 카라리스 퀼팅 플리스 자켓_블랙,https://image.msscdn.net/images/goods_img/20230818/3477692/3477692_16944148192280_500.jpg,False
2024-01,A,002023,플리스/뽀글이,002,아우터,4,3596551,spao,스파오,(담곰이) 따듯하담곰 퍼플리스 집업(BLACK)_SPFZE11U20,https://image.msscdn.net/images/goods_img/20230926/3596551/3596551_16971551547699_500.jpg,False
2024-01,A,002023,플리스/뽀글이,002,아우터,5,3477693,yale,예일,엠브로이더리 댄 카라리스 퀼팅 플리스 자켓_네이비,https://image.msscdn.net/images/goods_img/20230818/3477693/3477693_16944147308215_500.jpg,False
2024-01,A,002023,플리스/뽀글이,002,아우터,6,3596538,spao,스파오,(담곰이) 따듯하담곰 퍼플리스 집업(WHITE)_SPFZE11U20,https://image.msscdn.net/images/goods_img/20230926/3596538/3596538_16971551827526_500.jpg,False
2024-01,A,002023,플리스/뽀글이,002,아우터,7,2137196,codegraphy,코드그라피,헤비보아 플리스 무톤 자켓_3color,https://image.msscdn.net/images/goods_img/20210916/2137196/2137196_17300797990698_500.jpg,False
2024-01,A,002023,플리스/뽀글이,002,아우터,8,2739130,codegraphy,코드그라피,헤비보아 CGP 더플 플리스 점퍼_블랙,https://image.msscdn.net/images/goods_img/20220824/2739130/2739130_16946707741360_500.jpg,False
2024-01,A,002023,플리스/뽀글이,002,아우터,9,3710717,yale,예일,2 TONE ARCH BOA TRACK JACKET IVORY,https://image.msscdn.net/images/goods_img/20231114/3710717/3710717_16999736477660_500.jpg,False
2024-01,A,002023,플리스/뽀글이,002,아우터,10,2744495,codegraphy,코드그라피,헤비보아 플리스 무톤자켓_블랙,https://image.msscdn.net/images/goods_img/20220825/2744495/2744495_17718113710588_500.jpg,False
2024-01,A,002023,플리스/뽀글이,002,아우터,11,2755493,yale,예일,엠브로이더리 댄 플리스 트랙자켓_블랙,https://image.msscdn.net/images/goods_img/20220830/2755493/2755493_17316472306441_500.jpg,False
2024-01,A,002023,플리스/뽀글이,002,아우터,12,2100470,musinsastandard,무신사 스탠다드,오버사이즈 폴라 플리스 하이넥 재킷 [블랙],https://image.msscdn.net/images/goods_img/20210831/2100470/2100470_1_500.jpg,False
2024-01,A,002023,플리스/뽀글이,002,아우터,13,2956391,codegraphy,코드그라피,헤비보아 CGP 더플 플리스 점퍼_아이보리,https://image.msscdn.net/images/goods_img/20221123/2956391/2956391_16946707896594_500.jpg,False
2024-01,A,002023,플리스/뽀글이,002,아우터,14,2753317,nationalgeographic,내셔널지오그래픽,N224UFJ903 세미 오버핏 플리스 풀집업 IVORY,https://image.msscdn.net/images/goods_img/20220830/2753317/2753317_8_500.jpg,False
2024-01,A,002023,플리스/뽀글이,002,아우터,15,2753311,nationalgeographic,내셔널지오그래픽,N224UFJ903 세미 오버핏 플리스 풀집업 CARBON BLACK,https://image.msscdn.net/images/goods_img/20220830/2753311/2753311_8_500.jpg,False
2024-01,A,002023,플리스/뽀글이,002,아우터,16,1567317,jeep,지프,M-Logo 레인보우 라벨 하프넥 플리스 집업 (JQ5TZU191BK),https://image.msscdn.net/images/goods_img/20200827/1567317/1567317_17871103144956_500.jpg,False
2024-01,A,002023,플리스/뽀글이,002,아우터,17,2757395,thisisneverthat,디스이즈네버댓,(FW23) SP Sherpa Fleece Jacket Charcoal,https://image.msscdn.net/images/goods_img/20220831/2757395/2757395_16964810167982_500.jpg,False
2024-01,A,002023,플리스/뽀글이,002,아우터,18,1699799,lee,리,폴라플리스 집업 자켓 블랙,https://image.msscdn.net/images/goods_img/20201124/1699799/1699799_16921893441804_500.jpg,False
2024-01,A,002023,플리스/뽀글이,002,아우터,19,2137197,codegraphy,코드그라피,헤비보아 플리스 무톤자켓_카키,https://image.msscdn.net/images/goods_img/20210916/2137197/2137197_17300797934103_500.jpg,False
2024-01,A,002023,플리스/뽀글이,002,아우터,20,3473341,nationalgeographic,내셔널지오그래픽,N234UFJ901 스탠다드 오르카 플리스 집업 CARBON BLACK,https://image.msscdn.net/images/goods_img/20230817/3473341/3473341_16929420117371_500.jpg,False
2024-01,A,002023,플리스/뽀글이,002,아우터,21,3469953,covernat,커버낫,플리스 집업 자켓 블랙,https://image.msscdn.net/images/goods_img/20230817/3469953/3469953_16923520760377_500.png,False
2024-01,A,002023,플리스/뽀글이,002,아우터,22,3434485,thenorthface,노스페이스,NJ4FP57K 화이트라벨 컴피 알파 플리스 집업,https://image.msscdn.net/images/goods_img/20230731/3434485/3434485_16907712336258_500.jpg,False
2024-01,A,002023,플리스/뽀글이,002,아우터,23,2670826,nationalgeographic,내셔널지오그래픽,N224MFJ910 남성 코스토니 풀집업 SUGARSWIZZLEIVORY,https://image.msscdn.net/images/goods_img/20220719/2670826/2670826_17017606671664_500.jpg,False
2024-01,A,002023,플리스/뽀글이,002,아우터,24,2850102,yale,예일,엠브로이더리 댄 카라리스 보아 플리스 자켓_아이보리,https://image.msscdn.net/images/goods_img/20221011/2850102/2850102_17653340845444_500.jpg,False
2024-01,A,002023,플리스/뽀글이,002,아우터,25,2757396,thisisneverthat,디스이즈네버댓,(FW22) SP Sherpa Fleece Jacket Olive,https://image.msscdn.net/images/goods_img/20220831/2757396/2757396_1_500.jpg,False
2024-01,A,002023,플리스/뽀글이,002,아우터,26,2956397,codegraphy,코드그라피,헤비보아 CGP 더플 플리스 점퍼_브라운,https://image.msscdn.net/images/goods_img/20221123/2956397/2956397_17291237929021_500.jpg,False
2024-01,A,002023,플리스/뽀글이,002,아우터,27,3729810,yale,예일,EMBROIDERY DAN FLEECE HOODIE ZIP UP IVORY,https://image.msscdn.net/images/goods_img/20231123/3729810/3729810_17007184175279_500.jpg,False
2024-01,A,002023,플리스/뽀글이,002,아우터,28,1563096,covernat,커버낫,플리스 카라리스 자켓 블랙,https://image.msscdn.net/images/goods_img/20200825/1563096/1563096_5_500.jpg,False
2024-01,A,002023,플리스/뽀글이,002,아우터,29,3487625,covernat,커버낫,리버시블 컴피보아 집업 자켓 아이보리,https://image.msscdn.net/images/goods_img/20230822/3487625/3487625_16928622088829_500.png,False
2024-01,A,002023,플리스/뽀글이,002,아우터,30,2757393,thisisneverthat,디스이즈네버댓,SP Sherpa Fleece Jacket Beige,https://image.msscdn.net/images/goods_img/20220831/2757393/2757393_1_500.jpg,False
2024-01,A,002007,겨울 싱글 코트,002,아우터,1,2782764,beslow,비슬로우,OVERSIZED CASHMERE BALMACAAN COAT BLACK,https://image.msscdn.net/images/goods_img/20220908/2782764/2782764_17272251996978_500.jpg,False
2024-01,A,002007,겨울 싱글 코트,002,아우터,2,865862,musinsastandard,무신사 스탠다드,캐시미어 블렌드 오버사이즈 싱글 코트 [블랙],https://image.msscdn.net/images/goods_img/20180921/865862/865862_17657673085739_500.jpg,False
2024-01,A,002007,겨울 싱글 코트,002,아우터,3,2116411,musinsastandard,무신사 스탠다드,캐시미어 블렌드 오버사이즈 발마칸 코트 [블랙],https://image.msscdn.net/images/goods_img/20210908/2116411/2116411_17616270483710_500.jpg,False
2024-01,A,002007,겨울 싱글 코트,002,아우터,4,2700048,musinsastandardwoman,무신사 스탠다드 우먼,우먼즈 캐시미어 블렌드 발마칸 로브 코트 [블랙],https://image.msscdn.net/images/goods_img/20220805/2700048/2700048_17661148134527_500.jpg,False
2024-01,A,002007,겨울 싱글 코트,002,아우터,5,2098325,drawfit,드로우핏,프리미어 퓨어 캐시미어 발마칸 코트 [BLACK],https://image.msscdn.net/images/goods_img/20210830/2098325/2098325_17621500792692_500.jpg,False
2024-01,A,002007,겨울 싱글 코트,002,아우터,6,1618313,musinsastandard,무신사 스탠다드,캐시미어 블렌드 대디 숄더 싱글 롱 코트 [블랙],https://image.msscdn.net/images/goods_img/20200923/1618313/1618313_17569514851734_500.jpg,False
2024-01,A,002007,겨울 싱글 코트,002,아우터,7,655610,drawfit,드로우핏,프리미어 퓨어 캐시미어 히든 싱글 코트 [BLACK],https://image.msscdn.net/images/goods_img/20171019/655610/655610_17621505186202_500.jpg,False
2024-01,A,002007,겨울 싱글 코트,002,아우터,8,3481221,coor,쿠어,벨란디 캐시미어 블렌드 발마칸 코트 (신더그레이),https://image.msscdn.net/images/goods_img/20230821/3481221/3481221_17271922234943_500.jpg,False
2024-01,A,002007,겨울 싱글 코트,002,아우터,9,1635197,musinsastandard,무신사 스탠다드,캐시미어 20 오버사이즈 싱글 코트 [블랙],https://image.msscdn.net/images/goods_img/20201006/1635197/1635197_17132495934373_500.jpg,False
2024-01,A,002007,겨울 싱글 코트,002,아우터,10,3405529,musinsastandard,무신사 스탠다드,캐시미어 블렌드 맥시 발마칸 코트 [블랙],https://image.msscdn.net/images/goods_img/20230712/3405529/3405529_17134081874839_500.jpg,False
2024-01,A,002007,겨울 싱글 코트,002,아우터,11,3563303,beslow,비슬로우,OVERSIZED CASHMERE BALMACAAN COAT NAVY,https://image.msscdn.net/images/goods_img/20230915/3563303/3563303_17272254920490_500.jpg,False
2024-01,A,002007,겨울 싱글 코트,002,아우터,12,2737279,insilence,인사일런스,마펠 캐시미어 발마칸 코트 BLACK,https://image.msscdn.net/images/goods_img/20220823/2737279/2737279_17586918448704_500.jpg,False
2024-01,A,002007,겨울 싱글 코트,002,아우터,13,1684196,avan,어반드레스,유니섹스 프렌치 롱 가운 오버핏 코트 7 COLOR,https://image.msscdn.net/images/goods_img/20201110/1684196/1684196_16771165785098_500.jpg,False
2024-01,A,002007,겨울 싱글 코트,002,아우터,14,3405531,musinsastandard,무신사 스탠다드,캐시미어 블렌드 맥시 발마칸 코트 [다크 브라운],https://image.msscdn.net/images/goods_img/20230712/3405531/3405531_17134081333234_500.jpg,False
2024-01,A,002007,겨울 싱글 코트,002,아우터,15,2682035,musinsastandard,무신사 스탠다드,MTR 오버사이즈 발마칸 코트 [블랙],https://image.msscdn.net/images/goods_img/20220726/2682035/2682035_17138686503539_500.jpg,False
2024-01,A,002007,겨울 싱글 코트,002,아우터,16,2700056,musinsastandardwoman,무신사 스탠다드 우먼,우먼즈 캐시미어 블렌드 쇼트 맥 코트 [블랙],https://image.msscdn.net/images/goods_img/20220805/2700056/2700056_17358854245695_500.jpg,False
2024-01,A,002007,겨울 싱글 코트,002,아우터,17,3405539,musinsastandard,무신사 스탠다드,울 블렌드 맥시 발마칸 로브 코트 [블랙],https://image.msscdn.net/images/goods_img/20230712/3405539/3405539_16969291300799_500.jpg,False
2024-01,A,002007,겨울 싱글 코트,002,아우터,18,1651994,uniformbridge,유니폼브릿지,wool balmacaan coat black,https://image.msscdn.net/images/goods_img/20201016/1651994/1651994_16977049899719_500.jpg,False
2024-01,A,002007,겨울 싱글 코트,002,아우터,19,2818896,drawfit,드로우핏,프리미어 퓨어 캐시미어 발마칸 코트 [D.NAVY],https://image.msscdn.net/images/goods_img/20220926/2818896/2818896_17588715810171_500.jpg,False
2024-01,A,002007,겨울 싱글 코트,002,아우터,20,3405530,musinsastandard,무신사 스탠다드,캐시미어 블렌드 맥시 발마칸 코트 [네이비],https://image.msscdn.net/images/goods_img/20230712/3405530/3405530_17134081120028_500.jpg,False
2024-01,A,002007,겨울 싱글 코트,002,아우터,21,3405566,musinsastandardwoman,무신사 스탠다드 우먼,우먼즈 울 블렌드 부클 발마칸 로브 코트 [블랙],https://image.msscdn.net/images/goods_img/20230712/3405566/3405566_17821793375149_500.jpg,False
2024-01,A,002007,겨울 싱글 코트,002,아우터,22,3656540,anotheroffice,어나더 오피스,Voyager Balmacaan Coat (Dark Navy),https://image.msscdn.net/images/goods_img/20231025/3656540/3656540_17605830627331_500.jpg,False
2024-01,A,002007,겨울 싱글 코트,002,아우터,23,2116413,musinsastandard,무신사 스탠다드,MTR 대디 숄더 싱글 롱 코트 [블랙],https://image.msscdn.net/images/goods_img/20210908/2116413/2116413_17137719115327_500.jpg,False
2024-01,A,002007,겨울 싱글 코트,002,아우터,24,2737278,insilence,인사일런스,마펠 캐시미어 발마칸 코트 GREY BROWN,https://image.msscdn.net/images/goods_img/20220823/2737278/2737278_17276774011121_500.jpg,False
2024-01,A,002007,겨울 싱글 코트,002,아우터,25,260755,insilence,인사일런스,솔리스트 캐시미어 코트 BLACK,https://image.msscdn.net/images/goods_img/20151008/260755/260755_17586914382818_500.jpg,False
2024-01,A,002007,겨울 싱글 코트,002,아우터,26,3405540,musinsastandard,무신사 스탠다드,울 블렌드 맥시 발마칸 로브 코트 [미디엄 그레이],https://image.msscdn.net/images/goods_img/20230712/3405540/3405540_17649135135160_500.jpg,False
2024-01,A,002007,겨울 싱글 코트,002,아우터,27,3614287,drawfit,드로우핏,프리미어 울 싱글 체스터 코트 [BLACK],https://image.msscdn.net/images/goods_img/20231010/3614287/3614287_17588628233620_500.jpg,False
2024-01,A,002007,겨울 싱글 코트,002,아우터,28,2780254,insilence,인사일런스,오버사이즈 발마칸 코트 BLACK,https://image.msscdn.net/images/goods_img/20220907/2780254/2780254_17274207384193_500.jpg,False
2024-01,A,002007,겨울 싱글 코트,002,아우터,29,1637177,blankroom,블랭크룸,스탠다드 발마칸 울 코트_BLACK,https://image.msscdn.net/images/goods_img/20201007/1637177/1637177_17618014994266_500.jpg,False
2024-01,A,002007,겨울 싱글 코트,002,아우터,30,1649144,drawfit,드로우핏,프리미어 퓨어 캐시미어 히든 싱글 코트 [DARK BROWN],https://image.msscdn.net/images/goods_img/20201015/1649144/1649144_17588738516820_500.jpg,False
2024-01,A,002024,겨울 더블 코트,002,아우터,1,885715,drawfit,드로우핏,프리미어 퓨어 캐시미어 로브 더블 코트 [BLACK],https://image.msscdn.net/images/goods_img/20181019/885715/885715_17588736968691_500.jpg,False
2024-01,A,002024,겨울 더블 코트,002,아우터,2,1115974,insilence,인사일런스,캐시미어 더블 롱 코트 BLACK,https://image.msscdn.net/images/goods_img/20190812/1115974/1115974_17586915131267_500.jpg,False
2024-01,A,002024,겨울 더블 코트,002,아우터,3,3397890,musinsastandard,무신사 스탠다드,캐시미어 블렌드 맥시 폴로 코트 [블랙],https://image.msscdn.net/images/goods_img/20230706/3397890/3397890_17134040318055_500.jpg,False
2024-01,A,002024,겨울 더블 코트,002,아우터,4,3397889,musinsastandard,무신사 스탠다드,캐시미어 블렌드 맥시 더블 로브 코트 [블랙],https://image.msscdn.net/images/goods_img/20230706/3397889/3397889_17134042556076_500.jpg,False
2024-01,A,002024,겨울 더블 코트,002,아우터,5,2124218,musinsastandardwoman,무신사 스탠다드 우먼,우먼즈 캐시미어 블렌드 핸드메이드 더블 코트 [블랙],https://image.msscdn.net/images/goods_img/20210910/2124218/2124218_17821830930854_500.jpg,False
2024-01,A,002024,겨울 더블 코트,002,아우터,6,668822,coor,쿠어,MTR 오버핏 더블 롱 코트 (블랙),https://image.msscdn.net/images/goods_img/20171110/668822/668822_17271832549450_500.jpg,False
2024-01,A,002024,겨울 더블 코트,002,아우터,7,879625,musinsastandard,무신사 스탠다드,캐시미어 블렌드 오버사이즈 더블 코트 [블랙],https://image.msscdn.net/images/goods_img/20181012/879625/879625_16941406333404_500.jpg,False
2024-01,A,002024,겨울 더블 코트,002,아우터,8,2217531,avan,어반드레스,125CM 슈퍼 롱 오버핏 더블 코트,https://image.msscdn.net/images/goods_img/20211104/2217531/2217531_16722043899054_500.jpg,False
2024-01,A,002024,겨울 더블 코트,002,아우터,9,2818894,drawfit,드로우핏,프리미어 퓨어 캐시미어 로브 더블 코트 [BEIGEISH GREY],https://image.msscdn.net/images/goods_img/20220926/2818894/2818894_17588737392222_500.jpg,False
2024-01,A,002024,겨울 더블 코트,002,아우터,10,2124219,musinsastandardwoman,무신사 스탠다드 우먼,우먼즈 캐시미어 블렌드 핸드메이드 더블 코트 [오트밀],https://image.msscdn.net/images/goods_img/20210910/2124219/2124219_17821831845906_500.jpg,False
2024-01,A,002024,겨울 더블 코트,002,아우터,11,3405568,musinsastandardwoman,무신사 스탠다드 우먼,우먼즈 캐시미어 블렌드 트렌치 코트 [블랙],https://image.msscdn.net/images/goods_img/20230712/3405568/3405568_17358860312105_500.jpg,False
2024-01,A,002024,겨울 더블 코트,002,아우터,12,3612117,avan,어반드레스,Anna Double Long Coat BLACK,https://image.msscdn.net/images/goods_img/20231008/3612117/3612117_16976041397349_500.jpg,False
2024-01,A,002024,겨울 더블 코트,002,아우터,13,3650781,burmula,버뮬라,[REORDER] WOOL PEA COAT (IVORY),https://image.msscdn.net/images/goods_img/20231023/3650781/3650781_17288933802574_500.jpg,False
2024-01,A,002024,겨울 더블 코트,002,아우터,14,2862908,trillion,트릴리온,유니섹스 발마칸 더플 숏 코트 (BEIGE),https://image.msscdn.net/images/goods_img/20221014/2862908/2862908_1_500.jpg,False
2024-01,A,002024,겨울 더블 코트,002,아우터,15,2116421,musinsastandard,무신사 스탠다드,MANTECO 헤링본 대디 숄더 더블 롱 코트 [다크 그레이],https://image.msscdn.net/images/goods_img/20210908/2116421/2116421_17138672163311_500.jpg,False
2024-01,A,002024,겨울 더블 코트,002,아우터,16,3585059,kiimuir,키뮤어,서플러스 울(WOOL) 대디핏 더블 맥시 코트_블랙,https://image.msscdn.net/images/goods_img/20230921/3585059/3585059_16952897064192_500.jpg,False
2024-01,A,002024,겨울 더블 코트,002,아우터,17,3563284,beslow,비슬로우,[24FW Ver.]OVERSIZED CASHMERE DOUBLE BREASTED COAT BLACK,https://image.msscdn.net/images/goods_img/20230915/3563284/3563284_17282608161391_500.jpg,False
2024-01,A,002024,겨울 더블 코트,002,아우터,18,3563279,beslow,비슬로우,[24FW Ver.]OVERSIZED CASHMERE DOUBLE BREASTED COAT MELANGE BROWN,https://image.msscdn.net/images/goods_img/20230915/3563279/3563279_17282613435325_500.jpg,False
2024-01,A,002024,겨울 더블 코트,002,아우터,19,3005484,rosefrantz,로제프란츠,Wool Maxi Coat [Black],https://image.msscdn.net/images/goods_img/20230104/3005484/3005484_16728054297615_500.jpg,False
2024-01,A,002024,겨울 더블 코트,002,아우터,20,3650788,burmula,버뮬라,WOOL PEA COAT (NAVY),https://image.msscdn.net/images/goods_img/20231023/3650788/3650788_16983029058219_500.jpg,False
2024-01,A,002024,겨울 더블 코트,002,아우터,21,3614220,drawfit,드로우핏,프리미어 울 더블 체스터 코트 [BLACK],https://image.msscdn.net/images/goods_img/20231010/3614220/3614220_17588650023777_500.jpg,False
2024-01,A,002024,겨울 더블 코트,002,아우터,22,3601765,codegraphy,코드그라피,WOOL 더플 숏 코트_네이비,https://image.msscdn.net/images/goods_img/20231004/3601765/3601765_16965588068976_500.jpg,False
2024-01,A,002024,겨울 더블 코트,002,아우터,23,2518480,musinsastandardwoman,무신사 스탠다드 우먼,우먼즈 캐시미어 블렌드 핸드메이드 더블 코트 [차콜 그레이],https://image.msscdn.net/images/goods_img/20220427/2518480/2518480_17821832254333_500.jpg,False
2024-01,A,002024,겨울 더블 코트,002,아우터,24,2542833,musinsastandard,무신사 스탠다드,캐시미어 블렌드 오버사이즈 더블 코트 [토프],https://image.msscdn.net/images/goods_img/20220504/2542833/2542833_16941416611164_500.jpg,False
2024-01,A,002024,겨울 더블 코트,002,아우터,25,3436621,ilcorso,일꼬르소,[캐시미어 블렌드] 더블 브레스티드 맥시 코트 블랙 IECO3F002BK,https://image.msscdn.net/images/goods_img/20230801/3436621/3436621_16927514942288_500.jpg,False
2024-01,A,002024,겨울 더블 코트,002,아우터,26,3585126,kiimuir,키뮤어,서플러스 울(WOOL) 세미오버 발마칸 코트_라이트 브라운,https://image.msscdn.net/images/goods_img/20230921/3585126/3585126_16952904780563_500.jpg,False
2024-01,A,002024,겨울 더블 코트,002,아우터,27,2825479,drawfit,드로우핏,프리미어 퓨어 울 로브 더블 코트 [MELANGE BROWN],https://image.msscdn.net/images/goods_img/20220928/2825479/2825479_17682772992047_500.jpg,False
2024-01,A,002024,겨울 더블 코트,002,아우터,28,1635199,musinsastandard,무신사 스탠다드,캐시미어 20 오버사이즈 더블 코트 [블랙],https://image.msscdn.net/images/goods_img/20201006/1635199/1635199_17137722539173_500.jpg,False
2024-01,A,002024,겨울 더블 코트,002,아우터,29,1649205,drawfit,드로우핏,체크 로브 더블 코트 [HERRINGBONE CHECK],https://image.msscdn.net/images/goods_img/20201015/1649205/1649205_16970092693035_500.jpg,False
2024-01,A,002024,겨울 더블 코트,002,아우터,30,1191550,drawfit,드로우핏,프리미어 퓨어 캐시미어 로브 더블 코트 [CAMEL],https://image.msscdn.net/images/goods_img/20191017/1191550/1191550_6_500.jpg,False
2024-01,A,002009,겨울 기타 코트,002,아우터,1,2238440,partimento,파르티멘토,오버사이즈 멜톤 더플 롱 코트 네이비,https://image.msscdn.net/images/goods_img/20211117/2238440/2238440_1_500.jpg,False
2024-01,A,002009,겨울 기타 코트,002,아우터,2,2863075,trillion,트릴리온,유니섹스 발마칸 더플 숏 코트 (BLACK),https://image.msscdn.net/images/goods_img/20221014/2863075/2863075_1_500.jpg,False
2024-01,A,002009,겨울 기타 코트,002,아우터,3,3405552,musinsastandard,무신사 스탠다드,울 블렌드 오버사이즈 더플 코트 [네이비],https://image.msscdn.net/images/goods_img/20230712/3405552/3405552_17364971561413_500.jpg,False
2024-01,A,002009,겨울 기타 코트,002,아우터,4,2866837,goodlifeworks,굿라이프웍스,오버핏 더플 코트 네이비,https://image.msscdn.net/images/goods_img/20221017/2866837/2866837_2_500.jpg,False
2024-01,A,002009,겨울 기타 코트,002,아우터,5,2238412,partimento,파르티멘토,오버사이즈 멜톤 콘보이 더플 코트 네이비,https://image.msscdn.net/images/goods_img/20211117/2238412/2238412_2_500.jpg,False
2024-01,A,002009,겨울 기타 코트,002,아우터,6,420779,lofi,로파이,오버핏 스테디 더플 코트 (네이비),https://image.msscdn.net/images/goods_img/20160929/420779/420779_17292266904127_500.jpg,False
2024-01,A,002009,겨울 기타 코트,002,아우터,7,2594255,decoroso,데꼬로소,마엘 로브 롱 코트 [블랙],https://image.msscdn.net/images/goods_img/20220531/2594255/2594255_17593717886496_500.jpg,False
2024-01,A,002009,겨울 기타 코트,002,아우터,8,1641129,musinsastandardwoman,무신사 스탠다드 우먼,우먼즈 캐시미어 블렌드 핸드메이드 로브 코트 [블랙],https://image.msscdn.net/images/goods_img/20201008/1641129/1641129_17821067025442_500.jpg,False
2024-01,A,002009,겨울 기타 코트,002,아우터,9,2238433,partimento,파르티멘토,오버사이즈 멜톤 더플 롱 코트 블랙,https://image.msscdn.net/images/goods_img/20211117/2238433/2238433_1_500.jpg,False
2024-01,A,002009,겨울 기타 코트,002,아우터,10,3397886,musinsastandardwoman,무신사 스탠다드 우먼,우먼즈 울 블렌드 더플 쇼트 코트 [블랙],https://image.msscdn.net/images/goods_img/20230706/3397886/3397886_17799446298899_500.jpg,False
2024-01,A,002009,겨울 기타 코트,002,아우터,11,3571502,covernat,커버낫,우먼 숏 더플 코트 네이비,https://image.msscdn.net/images/goods_img/20230919/3571502/3571502_16952729960040_500.png,False
2024-01,A,002009,겨울 기타 코트,002,아우터,12,3397887,musinsastandardwoman,무신사 스탠다드 우먼,우먼즈 울 블렌드 더플 쇼트 코트 [네이비],https://image.msscdn.net/images/goods_img/20230706/3397887/3397887_17799445231605_500.jpg,False
2024-01,A,002009,겨울 기타 코트,002,아우터,13,3603817,covernat,커버낫,울 더플 코트 네이비,https://image.msscdn.net/images/goods_img/20231005/3603817/3603817_16964733971272_500.png,False
2024-01,A,002009,겨울 기타 코트,002,아우터,14,3486580,nonblank,넌블랭크,디테처블 후드 더플 코트_DARK NAVY,https://image.msscdn.net/images/goods_img/20230822/3486580/3486580_17320902608417_500.png,False
2024-01,A,002009,겨울 기타 코트,002,아우터,15,3460302,spao,스파오,[울블렌드]발마칸 코트_ SPJWD4VM02,https://image.msscdn.net/images/goods_img/20230811/3460302/3460302_16929273784403_500.jpg,False
2024-01,A,002009,겨울 기타 코트,002,아우터,16,3621752,roccirocci,로씨로씨,Crop Hood Wool Duffle Coat [MELANGE GREY],https://image.msscdn.net/images/goods_img/20231012/3621752/3621752_17295277902513_500.jpg,False
2024-01,A,002009,겨울 기타 코트,002,아우터,17,3405542,musinsastandard,무신사 스탠다드,울 블렌드 엑스트라 오버사이즈 더플 코트 [네이비],https://image.msscdn.net/images/goods_img/20230712/3405542/3405542_16957076000600_500.jpg,False
2024-01,A,002009,겨울 기타 코트,002,아우터,18,3585098,kiimuir,키뮤어,[WOOL 80] 울 세미오버핏 더플 코트_네이비,https://image.msscdn.net/images/goods_img/20230921/3585098/3585098_17611010184143_500.jpg,False
2024-01,A,002009,겨울 기타 코트,002,아우터,19,2594256,decoroso,데꼬로소,마엘 로브 롱 코트 [그레이],https://image.msscdn.net/images/goods_img/20220531/2594256/2594256_17593717642896_500.jpg,False
2024-01,A,002009,겨울 기타 코트,002,아우터,20,3747777,maxmara,막스마라,올레아 카멜 헤어 벨티드 코트 - 카멜 / 2310160733600001,https://image.msscdn.net/images/goods_img/20231207/3747777/3747777_17050502759592_500.jpg,False
2024-01,A,002009,겨울 기타 코트,002,아우터,21,3405562,musinsastandardwoman,무신사 스탠다드 우먼,우먼즈 울 블렌드 발마칸 하프 코트 [블랙],https://image.msscdn.net/images/goods_img/20230712/3405562/3405562_16952728496370_500.jpg,False
2024-01,A,002009,겨울 기타 코트,002,아우터,22,405798,lofi,로파이,오버핏 스테디 숏 더플 코트 (네이비),https://image.msscdn.net/images/goods_img/20160905/405798/405798_17292268773448_500.jpg,False
2024-01,A,002009,겨울 기타 코트,002,아우터,23,2172957,mainbooth,메인부스,[울90%]Oversized Duffle Coat(IVORY),https://image.msscdn.net/images/goods_img/20211012/2172957/2172957_17191966075289_500.jpg,False
2024-01,A,002009,겨울 기타 코트,002,아우터,24,2157780,partimento,파르티멘토,오버사이즈 멜톤 콘보이 더플 코트 블랙,https://image.msscdn.net/images/goods_img/20211001/2157780/2157780_3_500.jpg,False
2024-01,A,002009,겨울 기타 코트,002,아우터,25,2829432,mainbooth,메인부스,[울90%]Oversized Half Duffle Coat(IVORY),https://image.msscdn.net/images/goods_img/20220929/2829432/2829432_17282700798141_500.jpg,False
2024-01,A,002009,겨울 기타 코트,002,아우터,26,3405544,musinsastandard,무신사 스탠다드,울 블렌드 오버사이즈 숏 더플 코트 [네이비],https://image.msscdn.net/images/goods_img/20230712/3405544/3405544_16971527815834_500.jpg,False
2024-01,A,002009,겨울 기타 코트,002,아우터,27,3648681,misekiseoul,미세키서울,Hoodie long duffle Coat,https://image.msscdn.net/images/goods_img/20231023/3648681/3648681_16980421937926_500.jpg,False
2024-01,A,002009,겨울 기타 코트,002,아우터,28,3712901,treemingbird,트리밍버드,HANDMADE) High-Neck Half Pea Coat [ Gray ],https://image.msscdn.net/images/goods_img/20231115/3712901/3712901_17005342392776_500.jpg,False
2024-01,A,002009,겨울 기타 코트,002,아우터,29,3739714,dunstforwomen,던스트,HANDMADE CASHMERE ROBE COAT CAMEL_UDCO4D231CM,https://image.msscdn.net/images/goods_img/20231130/3739714/3739714_17278749363035_500.jpg,False
2024-01,A,002009,겨울 기타 코트,002,아우터,30,2863073,trillion,트릴리온,유니섹스 발마칸 더플 숏 코트 (BROWN),https://image.msscdn.net/images/goods_img/20221014/2863073/2863073_1_500.jpg,False
2024-01,A,002013,롱패딩/헤비 아우터,002,아우터,1,3574916,nationalgeographic,내셔널지오그래픽,N234UDW860 카이만 프로 롱기장 구스 다운 점퍼 SMALL LOGO BLACK,https://image.msscdn.net/images/goods_img/20230919/3574916/3574916_16998525149640_500.jpg,False
2024-01,A,002013,롱패딩/헤비 아우터,002,아우터,2,3555034,covernat,커버낫,RDS 씨빅 롱 다운 파카,https://image.msscdn.net/images/goods_img/20230913/3555034/3555034_17617995117198_500.jpg,False
2024-01,A,002013,롱패딩/헤비 아우터,002,아우터,3,2680364,codegraphy,코드그라피,[23년 패딩 Ver.] 피쉬테일 레이어드 후드 롱파카_카키,https://image.msscdn.net/images/goods_img/20220725/2680364/2680364_17893549555200_500.jpg,False
2024-01,A,002013,롱패딩/헤비 아우터,002,아우터,4,3598288,thenorthface,노스페이스,NC1DP51J 화이트라벨 고 프리 화이트라벨 다운 코트,https://image.msscdn.net/images/goods_img/20230927/3598288/3598288_16957825931569_500.jpg,False
2024-01,A,002013,롱패딩/헤비 아우터,002,아우터,5,3625730,adidas,아디다스,3S 롱 다운 재킷 - 블랙 / IT8714,https://image.msscdn.net/images/goods_img/20231013/3625730/3625730_16971858860372_500.jpg,False
2024-01,A,002013,롱패딩/헤비 아우터,002,아우터,6,2116427,musinsastandard,무신사 스탠다드,미니멀 롱 다운 파카 [블랙],https://image.msscdn.net/images/goods_img/20210908/2116427/2116427_17139420960063_500.jpg,False
2024-01,A,002013,롱패딩/헤비 아우터,002,아우터,7,3649281,thenorthface,노스페이스,NC1DP79A 액트 프리 EX 하이브리드 다운 코트,https://image.msscdn.net/images/goods_img/20231023/3649281/3649281_16980453503676_500.jpg,False
2024-01,A,002013,롱패딩/헤비 아우터,002,아우터,8,2721258,codegraphy,코드그라피,[23년 패딩 Ver.] 피쉬테일 레이어드 후드 롱파카_블랙,https://image.msscdn.net/images/goods_img/20220817/2721258/2721258_17893546168476_500.jpg,False
2024-01,A,002013,롱패딩/헤비 아우터,002,아우터,9,1647181,maisonmined,메종미네드,BLACK DOUBLE LONG GOOSE DOWN,https://image.msscdn.net/images/goods_img/20201014/1647181/1647181_2_500.jpg,False
2024-01,A,002013,롱패딩/헤비 아우터,002,아우터,10,2801731,blackyak,블랙야크,아이스제로 레이디 다운자켓 블랙,https://image.msscdn.net/images/goods_img/20220919/2801731/2801731_17718286527817_500.jpg,False
2024-01,A,002013,롱패딩/헤비 아우터,002,아우터,11,3574915,nationalgeographic,내셔널지오그래픽,N234UDW860 카이만 프로 롱기장 구스 다운 점퍼 BIG LOGO BLACK,https://image.msscdn.net/images/goods_img/20230919/3574915/3574915_16998525363371_500.jpg,False
2024-01,A,002013,롱패딩/헤비 아우터,002,아우터,12,2801733,blackyak,블랙야크,아이스제로 레이디 다운자켓_2G,https://image.msscdn.net/images/goods_img/20220919/2801733/2801733_4_500.jpg,False
2024-01,A,002013,롱패딩/헤비 아우터,002,아우터,13,920520,fcmm,에프씨엠엠,클럽 팀 풋볼 벤치 롱 패딩 2color,https://image.msscdn.net/images/goods_img/20181212/920520/920520_17588685279951_500.jpg,False
2024-01,A,002013,롱패딩/헤비 아우터,002,아우터,14,2180904,akiiiclassic,아키클래식,왈라비 구스다운 롱패딩 점퍼 VER.3 블랙 (남녀공용),https://image.msscdn.net/images/goods_img/20211015/2180904/2180904_16975916956851_500.jpg,False
2024-01,A,002013,롱패딩/헤비 아우터,002,아우터,15,3574911,nationalgeographic,내셔널지오그래픽,N234WDW860 여성 카이만 프로 롱기장 구스 다운 점퍼 SMALL LOGO BLACK,https://image.msscdn.net/images/goods_img/20230919/3574911/3574911_16998516079118_500.jpg,False
2024-01,A,002013,롱패딩/헤비 아우터,002,아우터,16,3422201,musinsastandardwoman,무신사 스탠다드 우먼,우먼즈 패딩 로브 코트 [블랙],https://image.msscdn.net/images/goods_img/20230724/3422201/3422201_17104062250407_500.jpg,False
2024-01,A,002013,롱패딩/헤비 아우터,002,아우터,17,3391608,spao,스파오,베이직 롱패딩_SPJPE11C31,https://image.msscdn.net/images/goods_img/20230703/3391608/3391608_17090833586301_500.jpg,False
2024-01,A,002013,롱패딩/헤비 아우터,002,아우터,18,1643839,secondmonolgue,세컨모놀로그,[DUCK DOWN] 몬스터 롱 헤비 다운 파카 3 color_SEJP008,https://image.msscdn.net/images/goods_img/20201012/1643839/1643839_17325012353028_500.jpg,False
2024-01,A,002013,롱패딩/헤비 아우터,002,아우터,19,3775213,nepa,네파,네파/본사직영 7I82083 여성 롱 다운 자켓,https://image.msscdn.net/images/goods_img/20240104/3775213/3775213_17043351567895_500.jpg,False
2024-01,A,002013,롱패딩/헤비 아우터,002,아우터,20,2755396,discoveryexpedition,디스커버리 익스페디션,남성 레스터G RDS 구스다운 롱패딩 (D/NAVY),https://image.msscdn.net/images/goods_img/20220830/2755396/2755396_17290596314158_500.jpg,False
2024-01,A,002013,롱패딩/헤비 아우터,002,아우터,21,3600897,discoveryexpedition,디스커버리 익스페디션,여성 켈리 구스다운 롱패딩 (BLACK),https://image.msscdn.net/images/goods_img/20231004/3600897/3600897_17623273685195_500.jpg,False
2024-01,A,002013,롱패딩/헤비 아우터,002,아우터,22,3740206,fcmm,에프씨엠엠,[2PACK] 클럽 팀 풋볼 벤치 롱 패딩,https://image.msscdn.net/images/goods_img/20231130/3740206/3740206_17018461734091_500.jpg,False
2024-01,A,002013,롱패딩/헤비 아우터,002,아우터,23,3660948,thenorthface,노스페이스,NC2DP65A 남성 아스펜 테크 다운 코트,https://image.msscdn.net/images/goods_img/20231026/3660948/3660948_16982938359073_500.jpg,False
2024-01,A,002013,롱패딩/헤비 아우터,002,아우터,24,2396235,musinsastandard,무신사 스탠다드,미니멀 롱 다운 파카 [다크 그레이],https://image.msscdn.net/images/goods_img/20220303/2396235/2396235_17139420489875_500.jpg,False
2024-01,A,002013,롱패딩/헤비 아우터,002,아우터,25,2877964,musinsastandard,무신사 스탠다드,후디드 다운 필드 파카 [블랙],https://image.msscdn.net/images/goods_img/20221020/2877964/2877964_17139346561453_500.jpg,False
2024-01,A,002013,롱패딩/헤비 아우터,002,아우터,26,3601733,codegraphy,코드그라피,[DIVO] RDS 에센셜 롱다운 파카_블랙,https://image.msscdn.net/images/goods_img/20231004/3601733/3601733_17218066954926_500.jpg,False
2024-01,A,002013,롱패딩/헤비 아우터,002,아우터,27,3583316,discoveryexpedition,디스커버리 익스페디션,여성 반슬리 다운 롱패딩 (BLACK),https://image.msscdn.net/images/goods_img/20230921/3583316/3583316_17684438118219_500.jpg,False
2024-01,A,002013,롱패딩/헤비 아우터,002,아우터,28,2685525,nationalgeographic,내셔널지오그래픽,여성 카이만 프로 롱기장 구스 다운 점퍼 L BLUE,https://image.msscdn.net/images/goods_img/20220727/2685525/2685525_10_500.jpg,False
2024-01,A,002013,롱패딩/헤비 아우터,002,아우터,29,3716632,wednesdayoasis,웬즈데이오아시스,W/M-65 피쉬테일 야상 패딩 코트(3col),https://image.msscdn.net/images/goods_img/20231116/3716632/3716632_17591147104039_500.jpg,False
2024-01,A,002013,롱패딩/헤비 아우터,002,아우터,30,3479989,discoveryexpedition,디스커버리 익스페디션,남성 레스터G RDS 구스다운 롱패딩 (BLACK),https://image.msscdn.net/images/goods_img/20230821/3479989/3479989_16977835359356_500.jpg,False
2024-01,A,002016,패딩 베스트,002,아우터,1,3451293,nomanual,노매뉴얼,TRACK DUCK DOWN VEST - GLOSSY BLACK,https://image.msscdn.net/images/goods_img/20230808/3451293/3451293_17260538086539_500.jpg,False
2024-01,A,002016,패딩 베스트,002,아우터,2,3378526,musinsastandard,무신사 스탠다드,시티 레저 다운 패딩 베스트 [블랙],https://image.msscdn.net/images/goods_img/20230622/3378526/3378526_17133382296821_500.jpg,False
2024-01,A,002016,패딩 베스트,002,아우터,3,3604607,thenorthface,노스페이스,NV1DQ51J 화이트라벨 노벨티 눕시 다운 베스트_BLACK,https://image.msscdn.net/images/goods_img/20231005/3604607/3604607_16964804005315_500.jpg,False
2024-01,A,002016,패딩 베스트,002,아우터,4,3556987,spao,스파오,베이직 패쪼_SPJVE12C01,https://image.msscdn.net/images/goods_img/20230913/3556987/3556987_17043506822162_500.jpg,False
2024-01,A,002016,패딩 베스트,002,아우터,5,606312,musinsastandard,무신사 스탠다드,브이넥 라이트 다운 베스트 [블랙],https://image.msscdn.net/images/goods_img/20170822/606312/606312_4_500.jpg,False
2024-01,A,002016,패딩 베스트,002,아우터,6,1635329,musinsastandard,무신사 스탠다드,다운 푸퍼 패딩 베스트 [블랙],https://image.msscdn.net/images/goods_img/20201006/1635329/1635329_17799287530514_500.jpg,False
2024-01,A,002016,패딩 베스트,002,아우터,7,1645209,saintpain,세인트페인,[리뉴얼 ver.] SP 베이직 패딩 베스트-블랙,https://image.msscdn.net/images/goods_img/20201013/1645209/1645209_2_500.jpg,False
2024-01,A,002016,패딩 베스트,002,아우터,8,3436248,ilcorso,일꼬르소,[oam.factory X ILCORSO] 플로우 구스 다운 베스트 블랙 IEJU3F702BK,https://image.msscdn.net/images/goods_img/20230801/3436248/3436248_16970037015385_500.jpg,False
2024-01,A,002016,패딩 베스트,002,아우터,9,3641976,matinkim,마뗑킴,FOLDED POCKET DOWN VEST FOR MEN IN BLACK,https://image.msscdn.net/images/goods_img/20231019/3641976/3641976_16977005766231_500.jpg,False
2024-01,A,002016,패딩 베스트,002,아우터,10,3378527,musinsastandard,무신사 스탠다드,시티 레저 다운 패딩 베스트 [그레이쉬 베이지],https://image.msscdn.net/images/goods_img/20230622/3378527/3378527_17133382041972_500.jpg,False
2024-01,A,002016,패딩 베스트,002,아우터,11,3459590,outstanding,아웃스탠딩,PACKABLE DOUBLE-SIDED DOWN VEST_OLIVE/BROWN,https://image.msscdn.net/images/goods_img/20230810/3459590/3459590_16925952953421_500.jpg,False
2024-01,A,002016,패딩 베스트,002,아우터,12,3621960,marithefrancoisgirbaud,마리떼 프랑소와 저버,CLASSIC LOGO DUCK DOWN VEST black,https://image.msscdn.net/images/goods_img/20231012/3621960/3621960_17285194730966_500.jpg,False
2024-01,A,002016,패딩 베스트,002,아우터,13,3451292,nomanual,노매뉴얼,TRACK DUCK DOWN VEST - BLACK,https://image.msscdn.net/images/goods_img/20230808/3451292/3451292_17260539003394_500.jpg,False
2024-01,A,002016,패딩 베스트,002,아우터,14,3621962,marithefrancoisgirbaud,마리떼 프랑소와 저버,CLASSIC LOGO DUCK DOWN VEST brown,https://image.msscdn.net/images/goods_img/20231012/3621962/3621962_17292316806446_500.jpg,False
2024-01,A,002016,패딩 베스트,002,아우터,15,2744533,codegraphy,코드그라피,[DIVO] RDS 유틸리티 덕다운 베스트_블랙,https://image.msscdn.net/images/goods_img/20220825/2744533/2744533_17173915574028_500.jpg,False
2024-01,A,002016,패딩 베스트,002,아우터,16,3667963,minimalproject,미니멀프로젝트,MNMP 하이넥 패딩 베스트 MVT102 [BLACK],https://image.msscdn.net/images/goods_img/20231030/3667963/3667963_17606004212693_500.jpg,False
2024-01,A,002016,패딩 베스트,002,아우터,17,1114785,musinsastandard,무신사 스탠다드,트랜스폼 라운드 넥 라이트 다운 베스트 [블랙],https://image.msscdn.net/images/goods_img/20190809/1114785/1114785_17139441650013_500.jpg,False
2024-01,A,002016,패딩 베스트,002,아우터,18,3395768,musinsastandard,무신사 스탠다드,립스탑 다운 푸퍼 패딩 베스트 [블랙],https://image.msscdn.net/images/goods_img/20230705/3395768/3395768_17139273360565_500.jpg,False
2024-01,A,002016,패딩 베스트,002,아우터,19,3625501,theidentityproject,더 아이덴티티 프로젝트,Hoody duck down vest [black],https://image.msscdn.net/images/goods_img/20231013/3625501/3625501_16984942594191_500.jpg,False
2024-01,A,002016,패딩 베스트,002,아우터,20,3602480,thenorthface,노스페이스,NV1DQ80J 화이트라벨 여성 노벨티 눕시 RDS 다운 베스트_BLACK,https://image.msscdn.net/images/goods_img/20231004/3602480/3602480_16964023863989_500.jpg,False
2024-01,A,002016,패딩 베스트,002,아우터,21,3517327,kolonsport,코오롱스포츠,남성 경량 퀼팅 다운베스트 TLVAW23635GKH,https://image.msscdn.net/images/goods_img/20230831/3517327/3517327_17223928643586_500.jpg,False
2024-01,A,002016,패딩 베스트,002,아우터,22,3652917,intercrew,인터크루,중경량 푸퍼 베스트 블랙(유광) ITX4VO01ABB,https://image.msscdn.net/images/goods_img/20231024/3652917/3652917_17283460712083_500.jpg,False
2024-01,A,002016,패딩 베스트,002,아우터,23,3641980,matinkim,마뗑킴,FOLDED POCKET DOWN VEST FOR WOMEN IN BLACK,https://image.msscdn.net/images/goods_img/20231019/3641980/3641980_16977036023414_500.jpg,False
2024-01,A,002016,패딩 베스트,002,아우터,24,2820356,lettercomo,레테르코모,아워 인피니엄 패딩베스트 블랙,https://image.msscdn.net/images/goods_img/20220926/2820356/2820356_1_500.jpg,False
2024-01,A,002016,패딩 베스트,002,아우터,25,2682102,musinsastandard,무신사 스탠다드,미니멀 다운 패딩 베스트 [블랙],https://image.msscdn.net/images/goods_img/20220726/2682102/2682102_17139364717782_500.jpg,False
2024-01,A,002016,패딩 베스트,002,아우터,26,3604373,noiago,노이아고,NOI1074 리버시블 다운 패딩 베스트 (브라운),https://image.msscdn.net/images/goods_img/20231005/3604373/3604373_16965744799187_500.jpg,False
2024-01,A,002016,패딩 베스트,002,아우터,27,2741278,penfield,펜필드,ROCKWOOL DOWN VEST BLACK_FP4WD01U,https://image.msscdn.net/images/goods_img/20220825/2741278/2741278_16945905420021_500.jpg,False
2024-01,A,002016,패딩 베스트,002,아우터,28,3600867,anolorcode,어널러코드,웨이브 조끼패딩 (블랙),https://image.msscdn.net/images/goods_img/20231004/3600867/3600867_16974225521544_500.jpg,False
2024-01,A,002016,패딩 베스트,002,아우터,29,2237524,jeep,지프,글로시 숏 다운 베스트 (JM4JPU692BK),https://image.msscdn.net/images/goods_img/20211117/2237524/2237524_17018460868293_500.jpg,False
2024-01,A,002016,패딩 베스트,002,아우터,30,3686044,thenorthface,노스페이스,NV3NP55D 눕시 온볼 베스트,https://image.msscdn.net/images/goods_img/20231106/3686044/3686044_16992344026308_500.jpg,False
2024-01,A,002015,기타 아우터,002,아우터,1,3481679,salomon,살로몬,UNI 모디세이 자켓_LC2573500,https://image.msscdn.net/images/goods_img/20230821/3481679/3481679_17569757995405_500.png,False
2024-01,A,002015,기타 아우터,002,아우터,2,3645436,poloralphlauren,폴로 랄프 로렌,코듀로이 재킷 - 베이지,https://image.msscdn.net/images/goods_img/20231020/3645436/3645436_16992305344371_500.jpg,False
2024-01,A,002015,기타 아우터,002,아우터,3,3542948,frizmworks,프리즘웍스,SMOCK HOODED PARKA 002 _ OLIVE,https://image.msscdn.net/images/goods_img/20230907/3542948/3542948_16947080035174_500.jpg,False
2024-01,A,002015,기타 아우터,002,아우터,4,1114716,musinsastandard,무신사 스탠다드,트랜스폼 라운드 넥 라이트 다운 재킷 [블랙],https://image.msscdn.net/images/goods_img/20190809/1114716/1114716_17139449466220_500.jpg,False
2024-01,A,002015,기타 아우터,002,아우터,5,3450481,satur,세터,테오 코튼 올 데이 풀 집업 오가닉 블랙,https://image.msscdn.net/images/goods_img/20230808/3450481/3450481_16922811889884_500.jpg,False
2024-01,A,002015,기타 아우터,002,아우터,6,2732576,oddstudio,오드스튜디오,[세트] OS 로고 벨루어 세미 크롭 셋업 - 6COLOR,https://image.msscdn.net/images/goods_img/20220822/2732576/2732576_16774653176211_500.jpg,False
2024-01,A,002015,기타 아우터,002,아우터,7,3637405,thomasmore,토마스모어,TD3-JK02 울 해링턴 자켓,https://image.msscdn.net/images/goods_img/20231018/3637405/3637405_16976110353849_500.jpg,False
2024-01,A,002015,기타 아우터,002,아우터,8,3199281,burberry,버버리,여성 퀼팅 카라 재킷 - 베이지 / 8056575,https://image.msscdn.net/images/goods_img/20230331/3199281/3199281_16849826109316_500.jpg,False
2024-01,A,002015,기타 아우터,002,아우터,9,3542949,frizmworks,프리즘웍스,SMOCK HOODED PARKA 002 _ TAN,https://image.msscdn.net/images/goods_img/20230907/3542949/3542949_16947080370490_500.jpg,False
2024-01,A,002015,기타 아우터,002,아우터,10,3286133,burberry,버버리,여성 다이아몬드 퀼티드 써모레귤레이티드 반 재킷 - 허니 / 8021468,https://image.msscdn.net/images/goods_img/20230510/3286133/3286133_16860596521957_500.jpg,False
2024-01,A,002015,기타 아우터,002,아우터,11,3542947,frizmworks,프리즘웍스,SMOCK HOODED PARKA 002 _ BURGUNDY,https://image.msscdn.net/images/goods_img/20230907/3542947/3542947_16947079385466_500.jpg,False
2024-01,A,002015,기타 아우터,002,아우터,12,3542946,frizmworks,프리즘웍스,SMOCK HOODED PARKA 002 _ BLACK,https://image.msscdn.net/images/goods_img/20230907/3542946/3542946_16947079117991_500.jpg,False
2024-01,A,002015,기타 아우터,002,아우터,13,2110493,poloralphlauren,폴로 랄프 로렌,코튼 트윌 치노 재킷 - 네이비,https://image.msscdn.net/images/goods_img/20210906/2110493/2110493_2_500.jpg,False
2024-01,A,002015,기타 아우터,002,아우터,14,3400393,1993studio,1993스튜디오,빈티지 코튼 트윌 바이커 자켓_카키,https://image.msscdn.net/images/goods_img/20230710/3400393/3400393_16965511573491_500.jpg,False
2024-01,A,002015,기타 아우터,002,아우터,15,3794324,intempomood,인템포무드,루프 포켓 워크 재킷_그라파이트,https://image.msscdn.net/images/goods_img/20240115/3794324/3794324_17564273883264_500.jpg,False
2024-01,A,002015,기타 아우터,002,아우터,16,3158972,maisonmargiela,메종 마르지엘라,남성 두피온 실크 봄버 재킷 - 블랙 / S50AM0593S60451900,https://image.msscdn.net/images/goods_img/20230317/3158972/3158972_16916438430869_500.jpg,False
2024-01,A,002015,기타 아우터,002,아우터,17,3564202,moo,엠오오,나일론 자수 배색 레이싱 자켓 - 베이지,https://image.msscdn.net/images/goods_img/20230915/3564202/3564202_16969910007974_500.jpg,False
2024-01,A,002015,기타 아우터,002,아우터,18,3805947,matinkim,마뗑킴,MATIN KIM LOGO COATING JUMPER IN BLACK,https://image.msscdn.net/images/goods_img/20240118/3805947/3805947_17055624728285_500.jpg,False
2024-01,A,002015,기타 아우터,002,아우터,19,424331,frizmworks,프리즘웍스,EDGAR N-1 DECK JACKET _ NAVY,https://image.msscdn.net/images/goods_img/20161007/424331/424331_1_500.jpg,False
2024-01,A,002015,기타 아우터,002,아우터,20,3511911,frizmworks,프리즘웍스,JUNGLE CLOTH DESTROYED JACKET _ BLACK,https://image.msscdn.net/images/goods_img/20230830/3511911/3511911_16940679225209_500.jpg,False
2024-01,A,002015,기타 아우터,002,아우터,21,1182834,frizmworks,프리즘웍스,EDGAR N-1 DECK JACKET _ BLACK,https://image.msscdn.net/images/goods_img/20191010/1182834/1182834_1_500.jpg,False
2024-01,A,002015,기타 아우터,002,아우터,22,3560800,bohemseo,보헤미안 서울,001 BOMBER JACKET,https://image.msscdn.net/images/goods_img/20230914/3560800/3560800_16946730591003_500.jpg,False
2024-01,A,002015,기타 아우터,002,아우터,23,3563802,moo,엠오오,나일론 자수 배색 레이싱 자켓 - 블랙,https://image.msscdn.net/images/goods_img/20230915/3563802/3563802_16969912540338_500.jpg,False
2024-01,A,002015,기타 아우터,002,아우터,24,3471496,frizmworks,프리즘웍스,CORDUROY BUDDY HARRINGTON JACKET _ DARK GREEN,https://image.msscdn.net/images/goods_img/20230817/3471496/3471496_16927567085287_500.jpg,False
2024-01,A,002015,기타 아우터,002,아우터,25,2216381,poloralphlauren,폴로 랄프 로렌,베이포트 코튼 재킷 - 네이비,https://image.msscdn.net/images/goods_img/20211104/2216381/2216381_2_500.jpg,False
2024-01,A,002015,기타 아우터,002,아우터,26,3550755,prendafromplant,프렌다,ASTRONAUT TERRY JACKET OATMEAL,https://image.msscdn.net/images/goods_img/20230911/3550755/3550755_16952820331905_500.jpg,False
2024-01,A,002015,기타 아우터,002,아우터,27,2184463,poloralphlauren,폴로 랄프 로렌,코튼 트윌 치노재킷 - 베이지,https://image.msscdn.net/images/goods_img/20211018/2184463/2184463_2_500.jpg,False
2024-01,A,002015,기타 아우터,002,아우터,28,2837405,matinkim,마뗑킴,MATIN KIM LOGO COATING JUMPER,https://image.msscdn.net/images/goods_img/20221004/2837405/2837405_1_500.jpg,False
2024-01,A,002015,기타 아우터,002,아우터,29,3602137,umbro,엄브로,블랭킷 후드 덕다운 자켓 블랙(UO421CDJN1),https://image.msscdn.net/images/goods_img/20231004/3602137/3602137_16963994277721_500.jpg,False
2024-01,A,002015,기타 아우터,002,아우터,30,3456915,adidas,아디다스,3S 우븐 윈드 브레이커 - 화이트 / IC0560,https://image.msscdn.net/images/goods_img/20230810/3456915/3456915_16923189165032_500.jpg,False
2024-01,A,003,바지,,,1,1551840,xero,제로,Deep One Tuck Sweat Pants [Grey],https://image.msscdn.net/images/goods_img/20200818/1551840/1551840_1_500.jpg,False
2024-01,A,003,바지,,,2,2112059,gakka2,가까이 유니언즈,[여름 or 기모 or 사계절 원단 선택] 원턱 와이드 스웨트팬츠 그레이,https://image.msscdn.net/images/goods_img/20210906/2112059/2112059_17473624399256_500.jpg,False
2024-01,A,003,바지,,,3,2092852,goodlifeworks,굿라이프웍스,[여름옵션 or 4계절] 이지 와이드 데님 팬츠 그레이,https://image.msscdn.net/images/goods_img/20210826/2092852/2092852_17086532214128_500.jpg,False
2024-01,A,003,바지,,,4,2112061,gakka2,가까이 유니언즈,[여름 or 기모 or 사계절 원단 선택] 원턱 와이드 스웨트팬츠 블랙,https://image.msscdn.net/images/goods_img/20210906/2112061/2112061_17459952841713_500.jpg,False
2024-01,A,003,바지,,,5,1551839,xero,제로,Deep One Tuck Sweat Pants [Black],https://image.msscdn.net/images/goods_img/20200818/1551839/1551839_1_500.jpg,False
2024-01,A,003,바지,,,6,3467190,againstallodds,에이지오디,와이드 데님 팬츠 [그레이],https://image.msscdn.net/images/goods_img/20230816/3467190/3467190_17894572589834_500.jpg,False
2024-01,A,003,바지,,,7,750908,wholovesart,후러브스아트,유니섹스 세미 와이드 밴딩 슬랙스 블랙,https://image.msscdn.net/images/goods_img/20180406/750908/750908_17736379434172_500.jpg,False
2024-01,A,003,바지,,,8,1149329,musinsastandard,무신사 스탠다드,세미 와이드 히든 밴딩 슬랙스 [블랙],https://image.msscdn.net/images/goods_img/20190910/1149329/1149329_17775152531848_500.jpg,False
2024-01,A,003,바지,,,9,1168906,musinsastandard,무신사 스탠다드,와이드 히든 밴딩 슬랙스 [블랙],https://image.msscdn.net/images/goods_img/20190927/1168906/1168906_17224121763738_500.jpg,False
2024-01,A,003,바지,,,10,3438764,toffee,토피,헤이즈 워시드 와이드 데님 팬츠 (VINTAGE INDIGO),https://image.msscdn.net/images/goods_img/20230801/3438764/3438764_17751910082304_500.jpg,False
2024-01,A,003,바지,,,11,3467143,againstallodds,에이지오디,와이드 데님 팬츠 [미디엄 블루],https://image.msscdn.net/images/goods_img/20230816/3467143/3467143_17894571986409_500.jpg,False
2024-01,A,003,바지,,,12,3171863,ezkaton,에즈카톤,스크레치 데님팬츠 그레이 KMLP6686,https://image.msscdn.net/images/goods_img/20230323/3171863/3171863_16795309547872_500.jpg,False
2024-01,A,003,바지,,,13,1735427,selfesteem,에스이에스티,[2PACK] 와이드핏 트레이닝 스웨트 팬츠 - 6Color,https://image.msscdn.net/images/goods_img/20210104/1735427/1735427_17646558259203_500.jpg,False
2024-01,A,003,바지,,,14,3124490,trillion,트릴리온,프론트 워싱 와이드 데님 팬츠 (YELLOW BLACK),https://image.msscdn.net/images/goods_img/20230306/3124490/3124490_16784156237192_500.jpg,False
2024-01,A,003,바지,,,15,3711009,likethemost,라이크더모스트,트레이닝 핀턱 배색 와이드 팬츠 블랙,https://image.msscdn.net/images/goods_img/20231115/3711009/3711009_17134876012706_500.jpg,False
2024-01,A,003,바지,,,16,3223947,againstallodds,에이지오디,원턱 와이드 스웨트 팬츠 [그레이],https://image.msscdn.net/images/goods_img/20230411/3223947/3223947_17689822034188_500.jpg,False
2024-01,A,003,바지,,,17,3596906,decet,데케트,[2PACK]Mid Rise Wide Jeans DCPT027,https://image.msscdn.net/images/goods_img/20230926/3596906/3596906_17301806689514_500.jpg,False
2024-01,A,003,바지,,,18,1149328,musinsastandard,무신사 스탠다드,테이퍼드 히든 밴딩 크롭 슬랙스 [블랙],https://image.msscdn.net/images/goods_img/20190910/1149328/1149328_17222375113367_500.jpg,False
2024-01,A,003,바지,,,19,2711163,trillion,트릴리온,옐로우 워싱 리버스 턱 데님 팬츠 (BLACK),https://image.msscdn.net/images/goods_img/20220810/2711163/2711163_1_500.jpg,False
2024-01,A,003,바지,,,20,3095384,gakka2,가까이 유니언즈,원턱 와이드 스웨트 카고팬츠 카키,https://image.msscdn.net/images/goods_img/20230220/3095384/3095384_17490881371864_500.jpg,False
2024-01,A,003,바지,,,21,3223808,againstallodds,에이지오디,원턱 와이드 스웨트 팬츠 [블랙],https://image.msscdn.net/images/goods_img/20230411/3223808/3223808_17689822616365_500.jpg,False
2024-01,A,003,바지,,,22,2578996,signature,시그니처,썸머 더블턱 와이드 슬랙스[블랙],https://image.msscdn.net/images/goods_img/20220524/2578996/2578996_17870331293023_500.jpg,False
2024-01,A,003,바지,,,23,3642581,trillion,트릴리온,파라슈트 카고 리벳 데님 팬츠 (BLACK),https://image.msscdn.net/images/goods_img/20231019/3642581/3642581_16977772857947_500.jpg,False
2024-01,A,003,바지,,,24,3469210,dimitriblack,디미트리블랙,원턱 에센셜 PARACHUTE 팬츠_그레이,https://image.msscdn.net/images/goods_img/20230816/3469210/3469210_17564443272666_500.jpg,False
2024-01,A,003,바지,,,25,3461111,trillion,트릴리온,사이드 턱 스냅 버튼 와이드 데님 팬츠 (BLUE GRAY),https://image.msscdn.net/images/goods_img/20230811/3461111/3461111_17665381033898_500.jpg,False
2024-01,A,003,바지,,,26,3095387,gakka2,가까이 유니언즈,원턱 와이드 스웨트 카고팬츠 블랙,https://image.msscdn.net/images/goods_img/20230220/3095387/3095387_17490881140029_500.png,False
2024-01,A,003,바지,,,27,2706287,trillion,트릴리온,바이오스톤 워싱 와이드 데님 팬츠 (BEIGE BLUE),https://image.msscdn.net/images/goods_img/20220809/2706287/2706287_1_500.jpg,False
2024-01,A,003,바지,,,28,3124492,trillion,트릴리온,프론트 워싱 와이드 데님 팬츠 (NORMAL BLACK),https://image.msscdn.net/images/goods_img/20230306/3124492/3124492_16784156533908_500.jpg,False
2024-01,A,003,바지,,,29,1370101,not4nerd,낫포너드,[여름원단] Wide String Cargo Slacks Pants - Black,https://image.msscdn.net/images/goods_img/20200326/1370101/1370101_17502941583404_500.jpg,False
2024-01,A,003,바지,,,30,3467226,againstallodds,에이지오디,와이드 데님 팬츠 [블랙],https://image.msscdn.net/images/goods_img/20230816/3467226/3467226_17895227373218_500.jpg,False
2024-01,A,003002,데님 팬츠,003,바지,1,2092852,goodlifeworks,굿라이프웍스,[여름옵션 or 4계절] 이지 와이드 데님 팬츠 그레이,https://image.msscdn.net/images/goods_img/20210826/2092852/2092852_17086532214128_500.jpg,False
2024-01,A,003002,데님 팬츠,003,바지,2,3467190,againstallodds,에이지오디,와이드 데님 팬츠 [그레이],https://image.msscdn.net/images/goods_img/20230816/3467190/3467190_17894572589834_500.jpg,False
2024-01,A,003002,데님 팬츠,003,바지,3,3438764,toffee,토피,헤이즈 워시드 와이드 데님 팬츠 (VINTAGE INDIGO),https://image.msscdn.net/images/goods_img/20230801/3438764/3438764_17751910082304_500.jpg,False
2024-01,A,003002,데님 팬츠,003,바지,4,3467143,againstallodds,에이지오디,와이드 데님 팬츠 [미디엄 블루],https://image.msscdn.net/images/goods_img/20230816/3467143/3467143_17894571986409_500.jpg,False
2024-01,A,003002,데님 팬츠,003,바지,5,3171863,ezkaton,에즈카톤,스크레치 데님팬츠 그레이 KMLP6686,https://image.msscdn.net/images/goods_img/20230323/3171863/3171863_16795309547872_500.jpg,False
2024-01,A,003002,데님 팬츠,003,바지,6,3124490,trillion,트릴리온,프론트 워싱 와이드 데님 팬츠 (YELLOW BLACK),https://image.msscdn.net/images/goods_img/20230306/3124490/3124490_16784156237192_500.jpg,False
2024-01,A,003002,데님 팬츠,003,바지,7,3596906,decet,데케트,[2PACK]Mid Rise Wide Jeans DCPT027,https://image.msscdn.net/images/goods_img/20230926/3596906/3596906_17301806689514_500.jpg,False
2024-01,A,003002,데님 팬츠,003,바지,8,2711163,trillion,트릴리온,옐로우 워싱 리버스 턱 데님 팬츠 (BLACK),https://image.msscdn.net/images/goods_img/20220810/2711163/2711163_1_500.jpg,False
2024-01,A,003002,데님 팬츠,003,바지,9,3642581,trillion,트릴리온,파라슈트 카고 리벳 데님 팬츠 (BLACK),https://image.msscdn.net/images/goods_img/20231019/3642581/3642581_16977772857947_500.jpg,False
2024-01,A,003002,데님 팬츠,003,바지,10,3469210,dimitriblack,디미트리블랙,원턱 에센셜 PARACHUTE 팬츠_그레이,https://image.msscdn.net/images/goods_img/20230816/3469210/3469210_17564443272666_500.jpg,False
2024-01,A,003002,데님 팬츠,003,바지,11,3461111,trillion,트릴리온,사이드 턱 스냅 버튼 와이드 데님 팬츠 (BLUE GRAY),https://image.msscdn.net/images/goods_img/20230811/3461111/3461111_17665381033898_500.jpg,False
2024-01,A,003002,데님 팬츠,003,바지,12,2706287,trillion,트릴리온,바이오스톤 워싱 와이드 데님 팬츠 (BEIGE BLUE),https://image.msscdn.net/images/goods_img/20220809/2706287/2706287_1_500.jpg,False
2024-01,A,003002,데님 팬츠,003,바지,13,3124492,trillion,트릴리온,프론트 워싱 와이드 데님 팬츠 (NORMAL BLACK),https://image.msscdn.net/images/goods_img/20230306/3124492/3124492_16784156533908_500.jpg,False
2024-01,A,003002,데님 팬츠,003,바지,14,3467226,againstallodds,에이지오디,와이드 데님 팬츠 [블랙],https://image.msscdn.net/images/goods_img/20230816/3467226/3467226_17895227373218_500.jpg,False
2024-01,A,003002,데님 팬츠,003,바지,15,3539080,trillion,트릴리온,프론트 워싱 와이드 데님 팬츠 (DEEP GREEN),https://image.msscdn.net/images/goods_img/20230907/3539080/3539080_16941492039660_500.jpg,False
2024-01,A,003002,데님 팬츠,003,바지,16,3440017,goodlifeworks,굿라이프웍스,이지 와이드 데님 팬츠 빈티지 워시드 블루,https://image.msscdn.net/images/goods_img/20230801/3440017/3440017_17080504346875_500.jpg,False
2024-01,A,003002,데님 팬츠,003,바지,17,2028326,musinsastandard,무신사 스탠다드,스트레이트 데님 팬츠 [크림],https://image.msscdn.net/images/goods_img/20210714/2028326/2028326_17623221248971_500.jpg,False
2024-01,A,003002,데님 팬츠,003,바지,18,2028327,musinsastandard,무신사 스탠다드,스트레이트 데님 팬츠 [라이트 인디고],https://image.msscdn.net/images/goods_img/20210714/2028327/2028327_17446168089947_500.jpg,False
2024-01,A,003002,데님 팬츠,003,바지,19,2092849,goodlifeworks,굿라이프웍스,이지 와이드 데님 팬츠 블랙,https://image.msscdn.net/images/goods_img/20210826/2092849/2092849_17872830577462_500.jpg,False
2024-01,A,003002,데님 팬츠,003,바지,20,3316989,toffee,토피,[2PACK] 와이드 데님 팬츠,https://image.msscdn.net/images/goods_img/20230523/3316989/3316989_17153142051663_500.jpg,False
2024-01,A,003002,데님 팬츠,003,바지,21,2028329,musinsastandard,무신사 스탠다드,스트레이트 데님 팬츠 [워시드 블랙],https://image.msscdn.net/images/goods_img/20210714/2028329/2028329_17623219721844_500.jpg,False
2024-01,A,003002,데님 팬츠,003,바지,22,3469199,dimitriblack,디미트리블랙,ASI 에센셜 원턱 와이드 데님 팬츠_그레이,https://image.msscdn.net/images/goods_img/20230816/3469199/3469199_16928612246762_500.jpg,False
2024-01,A,003002,데님 팬츠,003,바지,23,3054701,intempomood,인템포무드,레이지보이 벌룬 핏 데님_딥블루,https://image.msscdn.net/images/goods_img/20230202/3054701/3054701_16949983126730_500.jpg,False
2024-01,A,003002,데님 팬츠,003,바지,24,1552753,branded,브랜디드,1967 JET BLACK JEANS [WIDE STRAIGHT],https://image.msscdn.net/images/goods_img/20200818/1552753/1552753_17817658780276_500.jpg,False
2024-01,A,003002,데님 팬츠,003,바지,25,2711142,trillion,트릴리온,바이오스톤 워싱 와이드 데님 팬츠 (CREAM),https://image.msscdn.net/images/goods_img/20220810/2711142/2711142_1_500.jpg,False
2024-01,A,003002,데님 팬츠,003,바지,26,2351467,trillion,트릴리온,바이오스톤 워싱 와이드 데님 팬츠 (BLUE GRAY),https://image.msscdn.net/images/goods_img/20220210/2351467/2351467_2_500.jpg,False
2024-01,A,003002,데님 팬츠,003,바지,27,3663072,toffee,토피,모어 와이드 데님 팬츠 (WASHED RAW BLACK),https://image.msscdn.net/images/goods_img/20231027/3663072/3663072_16988871011427_500.jpg,False
2024-01,A,003002,데님 팬츠,003,바지,28,1666442,musinsastandard,무신사 스탠다드,와이드 데님 팬츠 [라이트 인디고],https://image.msscdn.net/images/goods_img/20201028/1666442/1666442_17623267921234_500.jpg,False
2024-01,A,003002,데님 팬츠,003,바지,29,3263933,avan,어반드레스,Snow cargo Denim BLACK,https://image.msscdn.net/images/goods_img/20230426/3263933/3263933_17816849030164_500.jpg,False
2024-01,A,003002,데님 팬츠,003,바지,30,2391746,musinsastandard,무신사 스탠다드,스트레이트 데님 팬츠 [블랙],https://image.msscdn.net/images/goods_img/20220302/2391746/2391746_17623218812866_500.jpg,False
2024-01,A,003004,트레이닝/조거 팬츠,003,바지,1,1551840,xero,제로,Deep One Tuck Sweat Pants [Grey],https://image.msscdn.net/images/goods_img/20200818/1551840/1551840_1_500.jpg,False
2024-01,A,003004,트레이닝/조거 팬츠,003,바지,2,2112059,gakka2,가까이 유니언즈,[여름 or 기모 or 사계절 원단 선택] 원턱 와이드 스웨트팬츠 그레이,https://image.msscdn.net/images/goods_img/20210906/2112059/2112059_17473624399256_500.jpg,False
2024-01,A,003004,트레이닝/조거 팬츠,003,바지,3,2112061,gakka2,가까이 유니언즈,[여름 or 기모 or 사계절 원단 선택] 원턱 와이드 스웨트팬츠 블랙,https://image.msscdn.net/images/goods_img/20210906/2112061/2112061_17459952841713_500.jpg,False
2024-01,A,003004,트레이닝/조거 팬츠,003,바지,4,1551839,xero,제로,Deep One Tuck Sweat Pants [Black],https://image.msscdn.net/images/goods_img/20200818/1551839/1551839_1_500.jpg,False
2024-01,A,003004,트레이닝/조거 팬츠,003,바지,5,1735427,selfesteem,에스이에스티,[2PACK] 와이드핏 트레이닝 스웨트 팬츠 - 6Color,https://image.msscdn.net/images/goods_img/20210104/1735427/1735427_17646558259203_500.jpg,False
2024-01,A,003004,트레이닝/조거 팬츠,003,바지,6,3711009,likethemost,라이크더모스트,트레이닝 핀턱 배색 와이드 팬츠 블랙,https://image.msscdn.net/images/goods_img/20231115/3711009/3711009_17134876012706_500.jpg,False
2024-01,A,003004,트레이닝/조거 팬츠,003,바지,7,3223947,againstallodds,에이지오디,원턱 와이드 스웨트 팬츠 [그레이],https://image.msscdn.net/images/goods_img/20230411/3223947/3223947_17689822034188_500.jpg,False
2024-01,A,003004,트레이닝/조거 팬츠,003,바지,8,3095384,gakka2,가까이 유니언즈,원턱 와이드 스웨트 카고팬츠 카키,https://image.msscdn.net/images/goods_img/20230220/3095384/3095384_17490881371864_500.jpg,False
2024-01,A,003004,트레이닝/조거 팬츠,003,바지,9,3223808,againstallodds,에이지오디,원턱 와이드 스웨트 팬츠 [블랙],https://image.msscdn.net/images/goods_img/20230411/3223808/3223808_17689822616365_500.jpg,False
2024-01,A,003004,트레이닝/조거 팬츠,003,바지,10,3095387,gakka2,가까이 유니언즈,원턱 와이드 스웨트 카고팬츠 블랙,https://image.msscdn.net/images/goods_img/20230220/3095387/3095387_17490881140029_500.png,False
2024-01,A,003004,트레이닝/조거 팬츠,003,바지,11,1370101,not4nerd,낫포너드,[여름원단] Wide String Cargo Slacks Pants - Black,https://image.msscdn.net/images/goods_img/20200326/1370101/1370101_17502941583404_500.jpg,False
2024-01,A,003004,트레이닝/조거 팬츠,003,바지,12,2744549,anolorcode,어널러코드,사계절 쓰리턱 트레이닝팬츠 (2color),https://image.msscdn.net/images/goods_img/20220825/2744549/2744549_17848712083816_500.jpg,False
2024-01,A,003004,트레이닝/조거 팬츠,003,바지,13,3467738,againstallodds,에이지오디,원턱 카고 스웨트 팬츠 [그레이],https://image.msscdn.net/images/goods_img/20230816/3467738/3467738_17663655663261_500.jpg,False
2024-01,A,003004,트레이닝/조거 팬츠,003,바지,14,1736562,xero,제로,Deep One Tuck Sweat Pants [White Grey],https://image.msscdn.net/images/goods_img/20210105/1736562/1736562_1_500.jpg,False
2024-01,A,003004,트레이닝/조거 팬츠,003,바지,15,3046898,adidas,아디다스,아디브레이크 트랙 팬츠 W - 블랙 / IB5924,https://image.msscdn.net/images/goods_img/20230130/3046898/3046898_16751430584717_500.jpg,False
2024-01,A,003004,트레이닝/조거 팬츠,003,바지,16,1212776,musinsastandard,무신사 스탠다드,라운지 스웨트 팬츠 [블랙],https://image.msscdn.net/images/goods_img/20191105/1212776/1212776_17811631850479_500.jpg,False
2024-01,A,003004,트레이닝/조거 팬츠,003,바지,17,3467384,againstallodds,에이지오디,와이드 빅포켓 코튼 카고 밴딩 팬츠 [카키],https://image.msscdn.net/images/goods_img/20230816/3467384/3467384_17895319440164_500.jpg,False
2024-01,A,003004,트레이닝/조거 팬츠,003,바지,18,2307746,musinsastandard,무신사 스탠다드,원 턱 와이드 라운지 스웨트 팬츠 [미디엄 그레이],https://image.msscdn.net/images/goods_img/20220114/2307746/2307746_17028630311189_500.jpg,False
2024-01,A,003004,트레이닝/조거 팬츠,003,바지,19,883004,adidas,아디다스,아디브레이크 팬츠 - 블랙 / GN2807,https://image.msscdn.net/images/goods_img/20181016/883004/883004_6_500.jpg,False
2024-01,A,003004,트레이닝/조거 팬츠,003,바지,20,1568057,anolorcode,어널러코드,사계절 스트링 트레이닝팬츠 (그레이),https://image.msscdn.net/images/goods_img/20200828/1568057/1568057_17652617640484_500.png,False
2024-01,A,003004,트레이닝/조거 팬츠,003,바지,21,1736085,brenson,브렌슨,(Renew Ver.) 와이드 스웨트 팬츠 ( 5Color ) ( 기모선택 ),https://image.msscdn.net/images/goods_img/20210105/1736085/1736085_17292148923657_500.jpg,False
2024-01,A,003004,트레이닝/조거 팬츠,003,바지,22,3467621,againstallodds,에이지오디,원턱 카고 스웨트 팬츠 [블랙],https://image.msscdn.net/images/goods_img/20230816/3467621/3467621_17663656155181_500.jpg,False
2024-01,A,003004,트레이닝/조거 팬츠,003,바지,23,2569078,wooalong,우알롱,Signature relax wide pants - BLACK,https://image.msscdn.net/images/goods_img/20220519/2569078/2569078_17603342870601_500.jpg,False
2024-01,A,003004,트레이닝/조거 팬츠,003,바지,24,1595607,sevenselah,세븐셀라,세미 플레어 세미와이드 카고조거 스토퍼 Black,https://image.msscdn.net/images/goods_img/20200910/1595607/1595607_17905779012223_500.jpg,False
2024-01,A,003004,트레이닝/조거 팬츠,003,바지,25,2562527,takeasy,테이크이지,우먼스 월계수 와이드 팬츠(블랙),https://image.msscdn.net/images/goods_img/20220516/2562527/2562527_1_500.jpg,False
2024-01,A,003004,트레이닝/조거 팬츠,003,바지,26,3224169,againstallodds,에이지오디,원턱 와이드 스웨트 팬츠 [화이트 멜란지],https://image.msscdn.net/images/goods_img/20230411/3224169/3224169_17689823016014_500.jpg,False
2024-01,A,003004,트레이닝/조거 팬츠,003,바지,27,1769063,xero,제로,Deep One Tuck Sweat Pants [Khaki],https://image.msscdn.net/images/goods_img/20210129/1769063/1769063_1_500.jpg,False
2024-01,A,003004,트레이닝/조거 팬츠,003,바지,28,3475618,crump,크럼프,스티치 와이드 스웨트 팬츠 [블랙],https://image.msscdn.net/images/goods_img/20230818/3475618/3475618_17187591884761_500.jpg,False
2024-01,A,003004,트레이닝/조거 팬츠,003,바지,29,2060719,goodlifeworks,굿라이프웍스,와이드 빅포켓 밴딩 카고 팬츠 카키,https://image.msscdn.net/images/goods_img/20210812/2060719/2060719_17086522564434_500.jpg,False
2024-01,A,003004,트레이닝/조거 팬츠,003,바지,30,3443507,urbandtype,어반디타입,코튼 와이드 카고 팬츠_블랙_PL179,https://image.msscdn.net/images/goods_img/20230803/3443507/3443507_17558261612815_500.jpg,False
2024-01,A,003007,코튼 팬츠,003,바지,1,2060759,goodlifeworks,굿라이프웍스,[여름옵션 or 4계절] 와이드 절개 벌룬팬츠 코튼 카키,https://image.msscdn.net/images/goods_img/20210812/2060759/2060759_17080505871544_500.jpg,False
2024-01,A,003007,코튼 팬츠,003,바지,2,1627892,musinsastandard,무신사 스탠다드,레플리카 퍼티그 팬츠 [카키],https://image.msscdn.net/images/goods_img/20200928/1627892/1627892_17827088773028_500.jpg,False
2024-01,A,003007,코튼 팬츠,003,바지,3,3684419,dickies,디키즈,더블니 85283 루즈핏 워크팬츠 Black,https://image.msscdn.net/images/goods_img/20231103/3684419/3684419_17751985153031_500.jpg,False
2024-01,A,003007,코튼 팬츠,003,바지,4,2060760,goodlifeworks,굿라이프웍스,[여름옵션 or 4계절] 와이드 절개 벌룬팬츠 코튼 블랙,https://image.msscdn.net/images/goods_img/20210812/2060760/2060760_17086524586075_500.jpg,False
2024-01,A,003007,코튼 팬츠,003,바지,5,3304654,musinsastandard,무신사 스탠다드,백 사틴 오피서 팬츠 [베이지],https://image.msscdn.net/images/goods_img/20230518/3304654/3304654_16914689090198_500.jpg,False
2024-01,A,003007,코튼 팬츠,003,바지,6,2861160,suare,수아레,데일리 코듀로이 밴딩 팬츠 - 4 COLOR,https://image.msscdn.net/images/goods_img/20221013/2861160/2861160_17313009402780_500.jpg,False
2024-01,A,003007,코튼 팬츠,003,바지,7,2119984,drawfit,드로우핏,와이드 밴딩 치노 팬츠 [BEIGE],https://image.msscdn.net/images/goods_img/20210909/2119984/2119984_17697407812830_500.jpg,False
2024-01,A,003007,코튼 팬츠,003,바지,8,2789055,toffee,토피,투턱 코듀로이 벌룬 백 밴딩 팬츠 (BROWN),https://image.msscdn.net/images/goods_img/20220914/2789055/2789055_17643130901535_500.jpg,False
2024-01,A,003007,코튼 팬츠,003,바지,9,2069525,musinsastandard,무신사 스탠다드,원 턱 레귤러 핏 치노 팬츠 [베이지],https://image.msscdn.net/images/goods_img/20210818/2069525/2069525_17217961236716_500.jpg,False
2024-01,A,003007,코튼 팬츠,003,바지,10,2720343,xtonz,엑스톤즈,XP123 슬로건 밴딩 코튼 팬츠 (BEIGE),https://image.msscdn.net/images/goods_img/20220817/2720343/2720343_1_500.jpg,False
2024-01,A,003007,코튼 팬츠,003,바지,11,3699169,againstallodds,에이지오디,원턱 와이드 코듀로이 밴딩 팬츠 [아이보리],https://image.msscdn.net/images/goods_img/20231109/3699169/3699169_17600610761299_500.jpg,False
2024-01,A,003007,코튼 팬츠,003,바지,12,2611226,musinsastandard,무신사 스탠다드,레플리카 퍼티그 팬츠 [세이지 그린],https://image.msscdn.net/images/goods_img/20220613/2611226/2611226_17827086766776_500.jpg,False
2024-01,A,003007,코튼 팬츠,003,바지,13,890521,jemut,제멋,유스 와이드 카고팬츠 4종 블랙 YHLP2159,https://image.msscdn.net/images/goods_img/20181025/890521/890521_1_500.jpg,False
2024-01,A,003007,코튼 팬츠,003,바지,14,2069531,musinsastandard,무신사 스탠다드,코튼 와이드 벌룬 팬츠 [베이지],https://image.msscdn.net/images/goods_img/20210818/2069531/2069531_2_500.jpg,False
2024-01,A,003007,코튼 팬츠,003,바지,15,3452119,toffee,토피,코듀로이 와이드 밴딩 팬츠 (BLACK),https://image.msscdn.net/images/goods_img/20230808/3452119/3452119_16932985144143_500.jpg,False
2024-01,A,003007,코튼 팬츠,003,바지,16,241111,uniformbridge,유니폼브릿지,cotton fatigue pants regular fit beige,https://image.msscdn.net/images/goods_img/20150826/241111/241111_17772739092913_500.jpg,False
2024-01,A,003007,코튼 팬츠,003,바지,17,2383020,uniformbridge,유니폼브릿지,cotton fatigue pants regular fit forest,https://image.msscdn.net/images/goods_img/20220224/2383020/2383020_17772738797555_500.jpg,False
2024-01,A,003007,코튼 팬츠,003,바지,18,1176329,musinsastandard,무신사 스탠다드,와이드 코듀로이 팬츠 [크림],https://image.msscdn.net/images/goods_img/20191004/1176329/1176329_17533215983583_500.jpg,False
2024-01,A,003007,코튼 팬츠,003,바지,19,2699732,partimento,파르티멘토,커브드 절개 와이드 치노 팬츠 브라운,https://image.msscdn.net/images/goods_img/20220804/2699732/2699732_1_500.jpg,False
2024-01,A,003007,코튼 팬츠,003,바지,20,3722416,dickies,디키즈,오리지널 874 워크팬츠 Desert Sand,https://image.msscdn.net/images/goods_img/20231120/3722416/3722416_17751983911002_500.jpg,False
2024-01,A,003007,코튼 팬츠,003,바지,21,957401,publicicon,퍼블릭아이콘,P[1003]롱 와이드 코튼팬츠(베이지),https://image.msscdn.net/images/goods_img/20190218/957401/957401_1_500.jpg,False
2024-01,A,003007,코튼 팬츠,003,바지,22,3684422,dickies,디키즈,더블니 85283 루즈핏 워크팬츠 Khaki,https://image.msscdn.net/images/goods_img/20231103/3684422/3684422_17751986010397_500.jpg,False
2024-01,A,003007,코튼 팬츠,003,바지,23,2069524,musinsastandard,무신사 스탠다드,원 턱 레귤러 핏 치노 팬츠 [블랙],https://image.msscdn.net/images/goods_img/20210818/2069524/2069524_2_500.jpg,False
2024-01,A,003007,코튼 팬츠,003,바지,24,3539289,trillion,트릴리온,빈티지 워싱 코듀로이 와이드 카고 팬츠 (BLACK),https://image.msscdn.net/images/goods_img/20230907/3539289/3539289_16945843926108_500.jpg,False
2024-01,A,003007,코튼 팬츠,003,바지,25,3304653,musinsastandard,무신사 스탠다드,백 사틴 오피서 팬츠 [블랙],https://image.msscdn.net/images/goods_img/20230518/3304653/3304653_16914691045461_500.jpg,False
2024-01,A,003007,코튼 팬츠,003,바지,26,3684421,dickies,디키즈,더블니 85283 루즈핏 워크팬츠 Dark Navy,https://image.msscdn.net/images/goods_img/20231103/3684421/3684421_17751985566532_500.jpg,False
2024-01,A,003007,코튼 팬츠,003,바지,27,1176317,musinsastandard,무신사 스탠다드,레귤러 핏 코듀로이 팬츠 [크림],https://image.msscdn.net/images/goods_img/20191004/1176317/1176317_3_500.jpg,False
2024-01,A,003007,코튼 팬츠,003,바지,28,2602299,musinsastandard,무신사 스탠다드,투 턱 와이드 치노 팬츠 [베이지],https://image.msscdn.net/images/goods_img/20220608/2602299/2602299_17554729616063_500.jpg,False
2024-01,A,003007,코튼 팬츠,003,바지,29,2268307,beardedkid,비얼디드키드,코튼 실루엣 팬츠 베이지,https://image.msscdn.net/images/goods_img/20211214/2268307/2268307_17083065304824_500.jpg,False
2024-01,A,003007,코튼 팬츠,003,바지,30,2060778,goodlifeworks,굿라이프웍스,[여름옵션 or 4계절] 와이드 절개 벌룬팬츠 코튼 베이지,https://image.msscdn.net/images/goods_img/20210812/2060778/2060778_17080505281204_500.jpg,False
2024-01,A,003008,슈트 팬츠/슬랙스,003,바지,1,750908,wholovesart,후러브스아트,유니섹스 세미 와이드 밴딩 슬랙스 블랙,https://image.msscdn.net/images/goods_img/20180406/750908/750908_17736379434172_500.jpg,False
2024-01,A,003008,슈트 팬츠/슬랙스,003,바지,2,1149329,musinsastandard,무신사 스탠다드,세미 와이드 히든 밴딩 슬랙스 [블랙],https://image.msscdn.net/images/goods_img/20190910/1149329/1149329_17775152531848_500.jpg,False
2024-01,A,003008,슈트 팬츠/슬랙스,003,바지,3,1168906,musinsastandard,무신사 스탠다드,와이드 히든 밴딩 슬랙스 [블랙],https://image.msscdn.net/images/goods_img/20190927/1168906/1168906_17224121763738_500.jpg,False
2024-01,A,003008,슈트 팬츠/슬랙스,003,바지,4,1149328,musinsastandard,무신사 스탠다드,테이퍼드 히든 밴딩 크롭 슬랙스 [블랙],https://image.msscdn.net/images/goods_img/20190910/1149328/1149328_17222375113367_500.jpg,False
2024-01,A,003008,슈트 팬츠/슬랙스,003,바지,5,2578996,signature,시그니처,썸머 더블턱 와이드 슬랙스[블랙],https://image.msscdn.net/images/goods_img/20220524/2578996/2578996_17870331293023_500.jpg,False
2024-01,A,003008,슈트 팬츠/슬랙스,003,바지,6,1222184,musinsastandard,무신사 스탠다드,와이드 히든 밴딩 슬랙스 [미디엄 그레이],https://image.msscdn.net/images/goods_img/20191113/1222184/1222184_17222997169530_500.jpg,False
2024-01,A,003008,슈트 팬츠/슬랙스,003,바지,7,1168922,musinsastandard,무신사 스탠다드,리얼 와이드 히든 밴딩 슬랙스 [블랙],https://image.msscdn.net/images/goods_img/20190927/1168922/1168922_17784624760417_500.jpg,False
2024-01,A,003008,슈트 팬츠/슬랙스,003,바지,8,1670229,musinsastandard,무신사 스탠다드,헤비웨이트 속기모 테이퍼드 히든 밴딩 10부 슬랙스 [블랙],https://image.msscdn.net/images/goods_img/20201030/1670229/1670229_16722978856545_500.jpg,False
2024-01,A,003008,슈트 팬츠/슬랙스,003,바지,9,2708877,goodlifeworks,굿라이프웍스,투턱 와이드 슬랙스 블랙,https://image.msscdn.net/images/goods_img/20220810/2708877/2708877_17871103692858_500.jpg,False
2024-01,A,003008,슈트 팬츠/슬랙스,003,바지,10,1224095,musinsastandard,무신사 스탠다드,세미 와이드 히든 밴딩 슬랙스 [미디엄 그레이],https://image.msscdn.net/images/goods_img/20191113/1224095/1224095_17518463307099_500.jpg,False
2024-01,A,003008,슈트 팬츠/슬랙스,003,바지,11,2032901,musinsastandard,무신사 스탠다드,릴렉스드 테이퍼드 히든 밴딩 크롭 슬랙스 [블랙],https://image.msscdn.net/images/goods_img/20210719/2032901/2032901_17518455282793_500.jpg,False
2024-01,A,003008,슈트 팬츠/슬랙스,003,바지,12,1168907,musinsastandard,무신사 스탠다드,테이퍼드 히든 밴딩 10부 슬랙스 [블랙],https://image.msscdn.net/images/goods_img/20190927/1168907/1168907_5_500.jpg,False
2024-01,A,003008,슈트 팬츠/슬랙스,003,바지,13,2116441,musinsastandard,무신사 스탠다드,쓰리 턱 세미 벌룬 슬랙스 [블랙],https://image.msscdn.net/images/goods_img/20210908/2116441/2116441_17222426570636_500.jpg,False
2024-01,A,003008,슈트 팬츠/슬랙스,003,바지,14,1596414,musinsastandardwoman,무신사 스탠다드 우먼,우먼즈 와이드 히든 밴딩 슬랙스 [블랙],https://image.msscdn.net/images/goods_img/20200911/1596414/1596414_17537745133548_500.jpg,False
2024-01,A,003008,슈트 팬츠/슬랙스,003,바지,15,1851966,musinsastandardwoman,무신사 스탠다드 우먼,우먼즈 와이드 히든 밴딩 슬랙스 [차콜 그레이],https://image.msscdn.net/images/goods_img/20210318/1851966/1851966_2_500.jpg,False
2024-01,A,003008,슈트 팬츠/슬랙스,003,바지,16,1221497,musinsastandard,무신사 스탠다드,세미 와이드 슬릿 히든 밴딩 슬랙스 [블랙],https://image.msscdn.net/images/goods_img/20191112/1221497/1221497_17139358489224_500.jpg,False
2024-01,A,003008,슈트 팬츠/슬랙스,003,바지,17,3304078,againstallodds,에이지오디,원턱 와이드 밴딩 슬랙스 [블랙],https://image.msscdn.net/images/goods_img/20230518/3304078/3304078_17612926185466_500.jpg,False
2024-01,A,003008,슈트 팬츠/슬랙스,003,바지,18,1672471,wholovesart,후러브스아트,(기모) 유니섹스 세미 와이드 밴딩 슬랙스 겨울 2PACK,https://image.msscdn.net/images/goods_img/20201102/1672471/1672471_17169528862269_500.jpg,False
2024-01,A,003008,슈트 팬츠/슬랙스,003,바지,19,2477843,musinsastandard,무신사 스탠다드,리사이클 원 턱 릴렉스드 테이퍼드 히든 밴딩 크롭 슬랙스 [블랙],https://image.msscdn.net/images/goods_img/20220408/2477843/2477843_17137361962270_500.jpg,False
2024-01,A,003008,슈트 팬츠/슬랙스,003,바지,20,2060743,goodlifeworks,굿라이프웍스,이지 와이드 밴딩 슬랙스 블랙,https://image.msscdn.net/images/goods_img/20210812/2060743/2060743_17086551586279_500.jpg,False
2024-01,A,003008,슈트 팬츠/슬랙스,003,바지,21,3304039,againstallodds,에이지오디,와이드 밴딩 슬랙스 [블랙],https://image.msscdn.net/images/goods_img/20230518/3304039/3304039_17669867166983_500.jpg,False
2024-01,A,003008,슈트 팬츠/슬랙스,003,바지,22,1551150,pepperseasoning,페퍼시즈닝,유니섹스 와이드 밴딩 슬랙스 스탠다드 black,https://image.msscdn.net/images/goods_img/20200817/1551150/1551150_1_500.jpg,False
2024-01,A,003008,슈트 팬츠/슬랙스,003,바지,23,1717388,wholovesart,후러브스아트,(기모) 유니섹스 세미 와이드 밴딩 슬랙스 겨울 그레이 / 블랙,https://image.msscdn.net/images/goods_img/20201209/1717388/1717388_17169528219905_500.jpg,False
2024-01,A,003008,슈트 팬츠/슬랙스,003,바지,24,1595815,musinsastandardwoman,무신사 스탠다드 우먼,우먼즈 슬림 스트레이트 히든 밴딩 슬랙스 [블랙],https://image.msscdn.net/images/goods_img/20200910/1595815/1595815_3_500.jpg,False
2024-01,A,003008,슈트 팬츠/슬랙스,003,바지,25,1575838,musinsastandard,무신사 스탠다드,슈퍼 와이드 히든 밴딩 슬랙스[블랙],https://image.msscdn.net/images/goods_img/20200901/1575838/1575838_17720071457722_500.jpg,False
2024-01,A,003008,슈트 팬츠/슬랙스,003,바지,26,1216295,musinsastandard,무신사 스탠다드,테이퍼드 히든 밴딩 크롭 슬랙스 [미디엄 그레이],https://image.msscdn.net/images/goods_img/20191107/1216295/1216295_17222372451209_500.jpg,False
2024-01,A,003008,슈트 팬츠/슬랙스,003,바지,27,3154648,drawfit,드로우핏,[드로우핏X깡스타일리스트] 투턱 밴딩 와이드 슬랙스 [GREY],https://image.msscdn.net/images/goods_img/20230316/3154648/3154648_17567925995120_500.jpg,False
2024-01,A,003008,슈트 팬츠/슬랙스,003,바지,28,1249102,musinsastandard,무신사 스탠다드,와이드 히든 밴딩 슬랙스 [더스티 베이지],https://image.msscdn.net/images/goods_img/20191211/1249102/1249102_17798579044346_500.jpg,False
2024-01,A,003008,슈트 팬츠/슬랙스,003,바지,29,946853,wholovesart,후러브스아트,유니섹스 세미 와이드 밴딩 슬랙스 그레이,https://image.msscdn.net/images/goods_img/20190201/946853/946853_17067609016000_500.jpg,False
2024-01,A,003008,슈트 팬츠/슬랙스,003,바지,30,1669797,musinsastandard,무신사 스탠다드,세미 와이드 히든 밴딩 슬랙스 [라이트 베이지],https://image.msscdn.net/images/goods_img/20201029/1669797/1669797_17518462210154_500.jpg,False
2024-01,A,003009,숏 팬츠,003,바지,1,3231055,againstallodds,에이지오디,버뮤다 와이드 원턱 스웨트 쇼츠 [그레이],https://image.msscdn.net/images/goods_img/20230413/3231055/3231055_17108290911916_500.jpg,False
2024-01,A,003009,숏 팬츠,003,바지,2,1926048,xero,제로,Deep One Tuck Sweat Shorts [Grey],https://image.msscdn.net/images/goods_img/20210428/1926048/1926048_1_500.jpg,False
2024-01,A,003009,숏 팬츠,003,바지,3,3703255,glowny,글로니,G CLASSIC RIB SHORTS (BLACK),https://image.msscdn.net/images/goods_img/20231110/3703255/3703255_17012603094566_500.jpg,False
2024-01,A,003009,숏 팬츠,003,바지,4,3328615,avan,어반드레스,Wide Cargo Half Denim Pants - 4COL,https://image.msscdn.net/images/goods_img/20230526/3328615/3328615_17169645408063_500.jpg,False
2024-01,A,003009,숏 팬츠,003,바지,5,1446775,brenson,브렌슨,(Renew Ver.) 루즈핏  반바지 ( 4Color ),https://image.msscdn.net/images/goods_img/20200514/1446775/1446775_17561707502333_500.jpg,False
2024-01,A,003009,숏 팬츠,003,바지,6,3230964,againstallodds,에이지오디,버뮤다 와이드 원턱 스웨트 쇼츠 [블랙],https://image.msscdn.net/images/goods_img/20230413/3230964/3230964_17430340874885_500.png,False
2024-01,A,003009,숏 팬츠,003,바지,7,1926034,xero,제로,Deep One Tuck Sweat Shorts [Black],https://image.msscdn.net/images/goods_img/20210428/1926034/1926034_1_500.jpg,False
2024-01,A,003009,숏 팬츠,003,바지,8,3302681,hadex,에이치덱스,베이스 이지 쇼츠,https://image.msscdn.net/images/goods_img/20230517/3302681/3302681_16861105656234_500.jpg,False
2024-01,A,003009,숏 팬츠,003,바지,9,2439242,hadex,에이치덱스,액티브 쇼츠 8 color,https://image.msscdn.net/images/goods_img/20220323/2439242/2439242_17905565501800_500.jpg,False
2024-01,A,003009,숏 팬츠,003,바지,10,1436218,codegraphy,코드그라피,[2PACK] [기본핏 OR +5CM 선택] 크리스피 나일론 쇼츠_11COLOR,https://image.msscdn.net/images/goods_img/20200508/1436218/1436218_17435538557459_500.jpg,False
2024-01,A,003009,숏 팬츠,003,바지,11,3048936,uniapparel,유니어패럴,UA 트윌 밴딩 반바지 오프화이트,https://image.msscdn.net/images/goods_img/20230131/3048936/3048936_16751296972156_500.jpg,False
2024-01,A,003009,숏 팬츠,003,바지,12,3364460,jeleve,제이엘브,버뮤다 와이드 팬츠,https://image.msscdn.net/images/goods_img/20230614/3364460/3364460_17246519760265_500.jpg,False
2024-01,A,003009,숏 팬츠,003,바지,13,2508821,afresh,어프레쉬,에어스트레치 쇼츠_블랙 트레이닝,https://image.msscdn.net/images/goods_img/20220422/2508821/2508821_17858059555654_500.jpg,False
2024-01,A,003009,숏 팬츠,003,바지,14,3703246,glowny,글로니,G CLASSIC RIB SHORTS (CHARCOAL),https://image.msscdn.net/images/goods_img/20231110/3703246/3703246_17012602692864_500.jpg,False
2024-01,A,003009,숏 팬츠,003,바지,15,2574822,brenson,브렌슨,(Renew Ver.) 원턱 와이드 반바지 ( 6Color ),https://image.msscdn.net/images/goods_img/20220523/2574822/2574822_17774456124536_500.jpg,False
2024-01,A,003009,숏 팬츠,003,바지,16,808954,sevenselah,세븐셀라,프리미엄 세미와이드 카고 쇼트,https://image.msscdn.net/images/goods_img/20180628/808954/808954_7_500.jpg,False
2024-01,A,003009,숏 팬츠,003,바지,17,3244829,jemut,제멋,[2PACK] 플레시 썸머 원턱 하프팬츠 8종 2PACK SOSP2483,https://image.msscdn.net/images/goods_img/20230419/3244829/3244829_17156472741722_500.jpg,False
2024-01,A,003009,숏 팬츠,003,바지,18,1888197,poloralphlauren,폴로 랄프 로렌,클래식 핏 폴로 프렙스터 - 베이지,https://image.msscdn.net/images/goods_img/20210408/1888197/1888197_3_500.jpg,False
2024-01,A,003009,숏 팬츠,003,바지,19,2532425,anolorcode,어널러코드,슬랍워싱 버뮤다 데님팬츠 (블랙),https://image.msscdn.net/images/goods_img/20220429/2532425/2532425_17853107826031_500.jpg,False
2024-01,A,003009,숏 팬츠,003,바지,20,3487259,volante,볼란테,Daily Banding Squat Pants [Black],https://image.msscdn.net/images/goods_img/20230822/3487259/3487259_17484842017412_500.jpg,False
2024-01,A,003009,숏 팬츠,003,바지,21,3314355,toffee,토피,[2PACK] 원턱 하프 스웻 팬츠,https://image.msscdn.net/images/goods_img/20230522/3314355/3314355_17818589719758_500.jpg,False
2024-01,A,003009,숏 팬츠,003,바지,22,3245228,trillion,트릴리온,레인 슬럽 투턱 버뮤다 데님 쇼츠 (INDIGO),https://image.msscdn.net/images/goods_img/20230419/3245228/3245228_16835272427086_500.jpg,False
2024-01,A,003009,숏 팬츠,003,바지,23,371617,dyclez,다이클레즈,[2PACK] Ver.2 클래식밴딩반바지 9종 2PACK KHSP0427,https://image.msscdn.net/images/goods_img/20160616/371617/371617_4_500.jpg,False
2024-01,A,003009,숏 팬츠,003,바지,24,2753735,hadex,에이치덱스,액티브 서포트 쇼츠,https://image.msscdn.net/images/goods_img/20220830/2753735/2753735_16868139522096_500.jpg,False
2024-01,A,003009,숏 팬츠,003,바지,25,1926032,xero,제로,Deep One Tuck Sweat Shorts [White Grey],https://image.msscdn.net/images/goods_img/20210428/1926032/1926032_1_500.jpg,False
2024-01,A,003009,숏 팬츠,003,바지,26,3283617,waydn,웨이든,[2PACK]부스트 5인치 숏 팬츠,https://image.msscdn.net/images/goods_img/20230509/3283617/3283617_17222211341397_500.png,False
2024-01,A,003009,숏 팬츠,003,바지,27,2467287,hadex,에이치덱스,메인로고 웨일 쇼츠,https://image.msscdn.net/images/goods_img/20220405/2467287/2467287_17522115112632_500.jpg,False
2024-01,A,003009,숏 팬츠,003,바지,28,2581379,selfesteem,에스이에스티,[2PACK] 트레이닝 스웨트 숏 팬츠 - 6Color,https://image.msscdn.net/images/goods_img/20220525/2581379/2581379_17412467457726_500.jpg,False
2024-01,A,003009,숏 팬츠,003,바지,29,1344489,poloralphlauren,폴로 랄프 로렌,클래식 핏 폴로 프렙스터 - 화이트,https://image.msscdn.net/images/goods_img/20200311/1344489/1344489_4_500.jpg,False
2024-01,A,003009,숏 팬츠,003,바지,30,3685528,fortheweather,포더웨더,wool ribbed shorts (black),https://image.msscdn.net/images/goods_img/20231105/3685528/3685528_16991735895286_500.jpg,False
2024-01,A,003005,레깅스,003,바지,1,3449637,xexymix,젝시믹스,블랙라벨 시그니처 360N 더블플러피 기모 레깅스 블랙,https://image.msscdn.net/images/goods_img/20230808/3449637/3449637_17026088164053_500.jpg,False
2024-01,A,003005,레깅스,003,바지,2,3487482,volante,볼란테,Daily Leggings Pants [Black],https://image.msscdn.net/images/goods_img/20230822/3487482/3487482_17484841422034_500.jpg,False
2024-01,A,003005,레깅스,003,바지,3,3414542,andar,안다르,[2 PACK] 에어쿨링 지니 시그니처 레깅스 (9부),https://image.msscdn.net/images/goods_img/20230719/3414542/3414542_17236153921524_500.jpg,False
2024-01,A,003005,레깅스,003,바지,4,3379413,andar,안다르,[2 PACK] 에어쿨링 지니 시그니처 레깅스 (8.2부),https://image.msscdn.net/images/goods_img/20230623/3379413/3379413_17236154118022_500.jpg,False
2024-01,A,003005,레깅스,003,바지,5,3449419,xexymix,젝시믹스,젤라 인텐션 바이커 쇼츠 5부 블랙,https://image.msscdn.net/images/goods_img/20230808/3449419/3449419_16917205851836_500.jpg,False
2024-01,A,003005,레깅스,003,바지,6,2387085,conchwear,콘치웨어,[롱버전출시!] 와일드 부츠컷 레깅스,https://image.msscdn.net/images/goods_img/20220225/2387085/2387085_17866848481812_500.jpg,False
2024-01,A,003005,레깅스,003,바지,7,1772551,underarmour,언더아머,히트기어 아머 레깅스 1361586-001,https://image.msscdn.net/images/goods_img/20210202/1772551/1772551_1_500.jpg,False
2024-01,A,003005,레깅스,003,바지,8,3123897,hadex,에이치덱스,밸런스 쇼츠 4 color,https://image.msscdn.net/images/goods_img/20230306/3123897/3123897_16780732955195_500.jpg,False
2024-01,A,003005,레깅스,003,바지,9,3720910,bysec,바이젝,우븐스판 머슬 브레이커 팬츠,https://image.msscdn.net/images/goods_img/20231117/3720910/3720910_17653319647389_500.jpg,False
2024-01,A,003005,레깅스,003,바지,10,3572490,physicalgarments,피지컬가먼츠,P5016 우먼 라이트 부츠컷 레깅스 [블랙],https://image.msscdn.net/images/goods_img/20230919/3572490/3572490_16952716547042_500.jpg,False
2024-01,A,003005,레깅스,003,바지,11,3584338,xexymix,젝시믹스,젤라 인텐션 부츠컷 팬츠 블랙,https://image.msscdn.net/images/goods_img/20230921/3584338/3584338_17004392596644_500.jpg,False
2024-01,A,003005,레깅스,003,바지,12,3487631,volante,볼란테,Hybrid Jogger Leggings Pants [Black],https://image.msscdn.net/images/goods_img/20230822/3487631/3487631_16933728598166_500.jpg,False
2024-01,A,003005,레깅스,003,바지,13,2753530,formative,포머티브,(FM10622)올데이 라인업 부츠컷 레깅스_뉴블랙,https://image.msscdn.net/images/goods_img/20220830/2753530/2753530_17322410338229_500.jpg,False
2024-01,A,003005,레깅스,003,바지,14,3556917,spao,스파오,[웜테크] 남성 타이즈_SPXVDAVU04,https://image.msscdn.net/images/goods_img/20230913/3556917/3556917_16957700156686_500.jpg,False
2024-01,A,003005,레깅스,003,바지,15,3449773,xexymix,젝시믹스,업텐션 레깅스 블랙,https://image.msscdn.net/images/goods_img/20230808/3449773/3449773_16950026964154_500.jpg,False
2024-01,A,003005,레깅스,003,바지,16,3750666,borntowin,본투윈,B LOGO 3.5 BIKER SHORTS [BLACK],https://image.msscdn.net/images/goods_img/20231208/3750666/3750666_17579026718469_500.jpg,False
2024-01,A,003005,레깅스,003,바지,17,3449669,xexymix,젝시믹스,젤라 인텐션 바이커 쇼츠 3부 오션네이비,https://image.msscdn.net/images/goods_img/20230808/3449669/3449669_16917193964945_500.jpg,False
2024-01,A,003005,레깅스,003,바지,18,2382888,sumnfit,썸앤핏,로고 9부 컴프레션 레깅스,https://image.msscdn.net/images/goods_img/20220224/2382888/2382888_1_500.jpg,False
2024-01,A,003005,레깅스,003,바지,19,3487577,volante,볼란테,Hybrid Jogger Leggings Pants [Dark Gray],https://image.msscdn.net/images/goods_img/20230822/3487577/3487577_16933727215381_500.jpg,False
2024-01,A,003005,레깅스,003,바지,20,3071546,andar,안다르,NEW 에어쿨링 샤론 부츠컷 레깅스 (롱)_블랙,https://image.msscdn.net/images/goods_img/20230209/3071546/3071546_16759136480068_500.jpg,False
2024-01,A,003005,레깅스,003,바지,21,3487444,volante,볼란테,Daily Leggings Pants [Navy],https://image.msscdn.net/images/goods_img/20230822/3487444/3487444_16933704647744_500.jpg,False
2024-01,A,003005,레깅스,003,바지,22,3322553,adidas,아디다스,플레어드 레깅스 - 블랙 / IC5508,https://image.msscdn.net/images/goods_img/20230524/3322553/3322553_16855746211477_500.jpg,False
2024-01,A,003005,레깅스,003,바지,23,1094829,deviwear,데비웨어,여성 요가복 DEVI-B0023-블랙 필라테스 레깅스 9부 팬츠,https://image.msscdn.net/images/goods_img/20190712/1094829/1094829_17744926633854_500.jpg,False
2024-01,A,003005,레깅스,003,바지,24,3487480,volante,볼란테,Daily Leggings Pants [Dark Gray],https://image.msscdn.net/images/goods_img/20230822/3487480/3487480_16933710177897_500.jpg,False
2024-01,A,003005,레깅스,003,바지,25,3449413,xexymix,젝시믹스,블랙라벨 시그니처 360N 레깅스 3.5부 블랙,https://image.msscdn.net/images/goods_img/20230808/3449413/3449413_16917206271123_500.jpg,False
2024-01,A,003005,레깅스,003,바지,26,3449628,xexymix,젝시믹스,블랙라벨 시그니처 330N 레깅스 블랙,https://image.msscdn.net/images/goods_img/20230808/3449628/3449628_16935537947684_500.jpg,False
2024-01,A,003005,레깅스,003,바지,27,1874075,zetes,제테스,공기같이 편한 에어 플레어 레깅스,https://image.msscdn.net/images/goods_img/20210331/1874075/1874075_6_500.jpg,False
2024-01,A,003005,레깅스,003,바지,28,2873265,andar,안다르,NEW 에어웜 기모 샤론 부츠컷 레깅스 (롱)_블랙,https://image.msscdn.net/images/goods_img/20221018/2873265/2873265_1_500.jpg,False
2024-01,A,003005,레깅스,003,바지,29,3449768,xexymix,젝시믹스,업텐션 레깅스 이브닝네이비,https://image.msscdn.net/images/goods_img/20230808/3449768/3449768_16917190935436_500.jpg,False
2024-01,A,003005,레깅스,003,바지,30,2579768,cielcoco,씨엘코코,CLWP3013 텐션 업 바이커 쇼츠 블랙,https://image.msscdn.net/images/goods_img/20220524/2579768/2579768_17554927910484_500.jpg,False
2024-01,A,003010,점프 슈트/오버올,003,바지,1,3751063,dollouterwear,돌아우터웨어,[DOLL X FOGUS]2324 워크 스노우보드복 점프슈트 스카이 남녀공용 보드복자켓 보드복팬츠,https://image.msscdn.net/images/goods_img/20231211/3751063/3751063_17022432117273_500.jpg,False
2024-01,A,003010,점프 슈트/오버올,003,바지,2,3040868,nastyfancyclub,팬시클럽,[NF] 유쓰 데님 오버롤_F23QD844,https://image.msscdn.net/images/goods_img/20230126/3040868/3040868_17423452286743_500.jpg,False
2024-01,A,003010,점프 슈트/오버올,003,바지,3,3751062,dollouterwear,돌아우터웨어,[DOLL X FOGUS]2324 워크 스노우보드복 점프슈트 아이보리 남녀공용 보드복자켓 보드복팬츠,https://image.msscdn.net/images/goods_img/20231211/3751062/3751062_17022431850736_500.jpg,False
2024-01,A,003010,점프 슈트/오버올,003,바지,4,3751064,dollouterwear,돌아우터웨어,[DOLL X FOGUS]2324 워크 스노우보드복 점프슈트 베이지 남녀공용 보드복자켓 보드복팬츠,https://image.msscdn.net/images/goods_img/20231211/3751064/3751064_17022432575865_500.jpg,False
2024-01,A,003010,점프 슈트/오버올,003,바지,5,3572688,dimito,디미토,BLOCK ES JUMPSUIT BLACK,https://image.msscdn.net/images/goods_img/20230919/3572688/3572688_16970895955600_500.jpg,False
2024-01,A,003010,점프 슈트/오버올,003,바지,6,1755339,instay,인스테이,빕 멜빵 보드복 팬츠,https://image.msscdn.net/images/goods_img/20210120/1755339/1755339_1_500.jpg,False
2024-01,A,003010,점프 슈트/오버올,003,바지,7,3751059,dollouterwear,돌아우터웨어,2324 브이라인 스노우보드복  점프슈트 다크 그린 남녀공용 보드복자켓 보드복팬츠,https://image.msscdn.net/images/goods_img/20231211/3751059/3751059_17022429788559_500.jpg,False
2024-01,A,003010,점프 슈트/오버올,003,바지,8,3751066,dollouterwear,돌아우터웨어,[DOLL X FOGUS]2324 워크 스노우보드복 점프슈트 블랙 남녀공용 보드복자켓 보드복팬츠,https://image.msscdn.net/images/goods_img/20231211/3751066/3751066_17022433861310_500.jpg,False
2024-01,A,003010,점프 슈트/오버올,003,바지,9,2063625,philogram,필로그램,PLG 데님 점프수트(Blue),https://image.msscdn.net/images/goods_img/20210813/2063625/2063625_16945900853647_500.jpg,False
2024-01,A,003010,점프 슈트/오버올,003,바지,10,3040869,nastyfancyclub,팬시클럽,[NF] 유쓰 데님 오버롤 (DARK BLUE)_F23QD844,https://image.msscdn.net/images/goods_img/20230126/3040869/3040869_16854217673275_500.jpg,False
2024-01,A,003010,점프 슈트/오버올,003,바지,11,840830,thestori,더스토리,코튼 오버롤 멜빵 팬츠 [블랙],https://image.msscdn.net/images/goods_img/20180829/840830/840830_17617812478863_500.jpg,False
2024-01,A,003010,점프 슈트/오버올,003,바지,12,3751056,dollouterwear,돌아우터웨어,2324 브이라인 스노우보드복  점프슈트  남녀공용 보드복자켓 보드복팬츠,https://image.msscdn.net/images/goods_img/20231211/3751056/3751056_17022428430516_500.jpg,False
2024-01,A,003010,점프 슈트/오버올,003,바지,13,3572684,dimito,디미토,BLOCK ES JUMPSUIT DEEP IVORY,https://image.msscdn.net/images/goods_img/20230919/3572684/3572684_16970891374570_500.jpg,False
2024-01,A,003010,점프 슈트/오버올,003,바지,14,3751065,dollouterwear,돌아우터웨어,[DOLL X FOGUS]2324 워크 스노우보드복 점프슈트 카키 남녀공용 보드복자켓 보드복팬츠,https://image.msscdn.net/images/goods_img/20231211/3751065/3751065_17022432926526_500.jpg,False
2024-01,A,003010,점프 슈트/오버올,003,바지,15,2940598,yobeat,요비트,버논 빕 팬츠 그레이,https://image.msscdn.net/images/goods_img/20221114/2940598/2940598_1_500.jpg,False
2024-01,A,003010,점프 슈트/오버올,003,바지,16,2940620,yobeat,요비트,버논 빕 팬츠 크림,https://image.msscdn.net/images/goods_img/20221114/2940620/2940620_1_500.jpg,False
2024-01,A,003010,점프 슈트/오버올,003,바지,17,3067907,current,커렌트,VINTAGE DISTRESSED DENIM OVERALLS [BLACK],https://image.msscdn.net/images/goods_img/20230208/3067907/3067907_16759431741413_500.jpg,False
2024-01,A,003010,점프 슈트/오버올,003,바지,18,3632065,dimito,디미토,OWN HIDE (VTX X IX9) RECCO BIB PANTS BLACK,https://image.msscdn.net/images/goods_img/20231017/3632065/3632065_16976888914418_500.jpg,False
2024-01,A,003010,점프 슈트/오버올,003,바지,19,2739904,overdueflair,오버듀플레어,Lace trim jumpsuite,https://image.msscdn.net/images/goods_img/20220824/2739904/2739904_1_500.jpg,False
2024-01,A,003010,점프 슈트/오버올,003,바지,20,3489172,tommyjeans,타미진스,데님 덩가리 로고 스트랩 팬츠 (T32D6NED20TMT11A5),https://image.msscdn.net/images/goods_img/20230823/3489172/3489172_16937889420761_500.jpg,False
2024-01,A,003010,점프 슈트/오버올,003,바지,21,3751060,dollouterwear,돌아우터웨어,2324 브이라인 스노우보드복 점프슈트 베이지 남녀공용 보드복자켓 보드복팬츠,https://image.msscdn.net/images/goods_img/20231211/3751060/3751060_17022430278032_500.jpg,False
2024-01,A,003010,점프 슈트/오버올,003,바지,22,1595079,coworkers,코워커스,ROVA-001 레귤러 오버롤 에크루,https://image.msscdn.net/images/goods_img/20200910/1595079/1595079_17174031017041_500.jpg,False
2024-01,A,003010,점프 슈트/오버올,003,바지,23,3681810,hellow2013,헬로우,23 포그 빕팬츠  GRAY,https://image.msscdn.net/images/goods_img/20231102/3681810/3681810_16989264818564_500.jpg,False
2024-01,A,003010,점프 슈트/오버올,003,바지,24,944501,thestori,더스토리,논페이드 데님 오버롤 멜빵 팬츠 [블루],https://image.msscdn.net/images/goods_img/20190130/944501/944501_17617811599957_500.jpg,False
2024-01,A,003010,점프 슈트/오버올,003,바지,25,3498067,thisisneverthat,디스이즈네버댓,GORE-TEX 3L Overall Black,https://image.msscdn.net/images/goods_img/20230825/3498067/3498067_16932995808397_500.jpg,False
2024-01,A,003010,점프 슈트/오버올,003,바지,26,3696577,instay,인스테이,인스테이 OZ 점프슈트 보드복,https://image.msscdn.net/images/goods_img/20231108/3696577/3696577_17326886784315_500.jpg,False
2024-01,A,003010,점프 슈트/오버올,003,바지,27,2069938,saintcrew,세인트크루,펜타곤 핀턱 오버롤 PP-604 화이트,https://image.msscdn.net/images/goods_img/20210819/2069938/2069938_17109069508663_500.jpg,False
2024-01,A,003010,점프 슈트/오버올,003,바지,28,3751058,dollouterwear,돌아우터웨어,2324 브이라인 스노우보드복 점프슈트 라임 남녀공용 보드복자켓 보드복팬츠,https://image.msscdn.net/images/goods_img/20231211/3751058/3751058_17022429095663_500.jpg,False
2024-01,A,003010,점프 슈트/오버올,003,바지,29,3572687,dimito,디미토,BLOCK ES JUMPSUIT PALE MINT,https://image.msscdn.net/images/goods_img/20230919/3572687/3572687_16970893087821_500.jpg,False
2024-01,A,003010,점프 슈트/오버올,003,바지,30,3722482,piretti,피레티,엘리트 패딩 점프수트 W_Black,https://image.msscdn.net/images/goods_img/20231120/3722482/3722482_17004423538765_500.jpg,False
2024-01,A,003006,기타 하의,003,바지,1,3404705,musinsastandard,무신사 스탠다드,시티 레저 CN 와이드 벨티드 파라슈트 팬츠 [블랙],https://image.msscdn.net/images/goods_img/20230712/3404705/3404705_17134029927665_500.jpg,False
2024-01,A,003006,기타 하의,003,바지,2,3704215,glowny,글로니,G CLASSIC RIB FLARE PANTS (BLACK),https://image.msscdn.net/images/goods_img/20231110/3704215/3704215_17421766528725_500.jpg,False
2024-01,A,003006,기타 하의,003,바지,3,2998236,fp142muji,페플,미드웨일 코듀로이 와이드 팬츠 8종 브라운 SJLP1382,https://image.msscdn.net/images/goods_img/20221227/2998236/2998236_1_500.jpg,False
2024-01,A,003006,기타 하의,003,바지,4,3378547,musinsastandard,무신사 스탠다드,원 턱 와이드 코듀로이 밴딩 팬츠 [크림],https://image.msscdn.net/images/goods_img/20230622/3378547/3378547_16964956376203_500.jpg,False
2024-01,A,003006,기타 하의,003,바지,5,3378548,musinsastandard,무신사 스탠다드,원 턱 와이드 코듀로이 밴딩 팬츠 [블랙],https://image.msscdn.net/images/goods_img/20230622/3378548/3378548_16964957452358_500.jpg,False
2024-01,A,003006,기타 하의,003,바지,6,3666391,adidas,아디다스,카고 팬츠 M - 블랙 / IY9495,https://image.msscdn.net/images/goods_img/20231029/3666391/3666391_16987392929166_500.jpg,False
2024-01,A,003006,기타 하의,003,바지,7,3404706,musinsastandard,무신사 스탠다드,시티 레저 CN 와이드 벨티드 파라슈트 팬츠 [그레이쉬 베이지],https://image.msscdn.net/images/goods_img/20230712/3404706/3404706_17134029698179_500.jpg,False
2024-01,A,003006,기타 하의,003,바지,8,3411543,musinsastandard,무신사 스탠다드,속기모 나일론 와이드 스트링 팬츠 [블랙],https://image.msscdn.net/images/goods_img/20230717/3411543/3411543_16952621327918_500.jpg,False
2024-01,A,003006,기타 하의,003,바지,9,3459853,outstanding,아웃스탠딩,HIKING BELTED PANTS_GREEN,https://image.msscdn.net/images/goods_img/20230810/3459853/3459853_17393217030944_500.jpg,False
2024-01,A,003006,기타 하의,003,바지,10,2116511,ojos,오호스,Wrap Over Tuck Pants / Black,https://image.msscdn.net/images/goods_img/20210908/2116511/2116511_2_500.jpg,False
2024-01,A,003006,기타 하의,003,바지,11,3411538,musinsastandard,무신사 스탠다드,나일론 파라슈트 팬츠 [블랙],https://image.msscdn.net/images/goods_img/20230717/3411538/3411538_16938694187008_500.jpg,False
2024-01,A,003006,기타 하의,003,바지,12,3459852,outstanding,아웃스탠딩,HIKING BELTED PANTS_BLACK,https://image.msscdn.net/images/goods_img/20230810/3459852/3459852_17393216198870_500.jpg,False
2024-01,A,003006,기타 하의,003,바지,13,3191907,not4nerd,낫포너드,Ripstop Utility Cargo Pants - Khaki,https://image.msscdn.net/images/goods_img/20230329/3191907/3191907_16823006787773_500.jpg,False
2024-01,A,003006,기타 하의,003,바지,14,3400509,1993studio,1993스튜디오,더블 스티치 와이드 팬츠_블랙,https://image.msscdn.net/images/goods_img/20230710/3400509/3400509_16965694053554_500.jpg,False
2024-01,A,003006,기타 하의,003,바지,15,3400456,1993studio,1993스튜디오,와이드 카고 파라슈트 팬츠_블랙,https://image.msscdn.net/images/goods_img/20230710/3400456/3400456_16965694962796_500.jpg,False
2024-01,A,003006,기타 하의,003,바지,16,3378549,musinsastandard,무신사 스탠다드,원 턱 와이드 코듀로이 밴딩 팬츠 [브라운],https://image.msscdn.net/images/goods_img/20230622/3378549/3378549_16964958322532_500.jpg,False
2024-01,A,003006,기타 하의,003,바지,17,3459855,outstanding,아웃스탠딩,HIKING BELTED PANTS_KHAKI,https://image.msscdn.net/images/goods_img/20230810/3459855/3459855_17393217681503_500.jpg,False
2024-01,A,003006,기타 하의,003,바지,18,3146999,goyowear,고요웨어,라이트 이지 팬츠(블랙),https://image.msscdn.net/images/goods_img/20230314/3146999/3146999_17416854037625_500.jpg,False
2024-01,A,003006,기타 하의,003,바지,19,3609710,xtonz,엑스톤즈,XP180 워싱 코듀로이 카고 파라슈트 팬츠 (BROWN),https://image.msscdn.net/images/goods_img/20231006/3609710/3609710_16969256053916_500.jpg,False
2024-01,A,003006,기타 하의,003,바지,20,2308347,nationalgeographic,내셔널지오그래픽,내셔널지오그래픽 N221MPT906 시티 캐주얼 오버 배기핏 팬츠 CARBON BLACK,https://image.msscdn.net/images/goods_img/20220114/2308347/2308347_1_500.jpg,False
2024-01,A,003006,기타 하의,003,바지,21,2701466,niceghostclub,나이스고스트클럽,LOGO SWEAT LAYERED PANTS_BLACK(NG2DFUPA91A),https://image.msscdn.net/images/goods_img/20220805/2701466/2701466_17683538441423_500.jpg,False
2024-01,A,003006,기타 하의,003,바지,22,3672750,ruggedhouse,러기드하우스,컴포트 코듀로이 밴딩 와이드팬츠 브라운,https://image.msscdn.net/images/goods_img/20231031/3672750/3672750_16987333663296_500.jpg,False
2024-01,A,003006,기타 하의,003,바지,23,3480195,coor,쿠어,유틸리티 지퍼 플랩 팬츠 (블랙),https://image.msscdn.net/images/goods_img/20230821/3480195/3480195_16929424544736_500.jpg,False
2024-01,A,003006,기타 하의,003,바지,24,3438991,travel,트래블,워크샵 나일론 벌룬 팬츠,https://image.msscdn.net/images/goods_img/20230801/3438991/3438991_17346545143515_500.jpg,False
2024-01,A,003006,기타 하의,003,바지,25,3666390,adidas,아디다스,카고 팬츠 M - 카키 / IY9496,https://image.msscdn.net/images/goods_img/20231029/3666390/3666390_16987393278932_500.jpg,False
2024-01,A,003006,기타 하의,003,바지,26,3646657,treemingbird,트리밍버드,Wrap Double-layered Pants [ Black ],https://image.msscdn.net/images/goods_img/20231022/3646657/3646657_17001014308619_500.jpg,False
2024-01,A,003006,기타 하의,003,바지,27,3411996,lundhags,룬닥스,마케 팬츠 Short 남성,https://image.msscdn.net/images/goods_img/20230717/3411996/3411996_17497939151972_500.jpg,False
2024-01,A,003006,기타 하의,003,바지,28,3600658,nache,나체,SLAY WASHING PANTS (UNISEX) BLACK,https://image.msscdn.net/images/goods_img/20231003/3600658/3600658_16965723168337_500.jpg,False
2024-01,A,003006,기타 하의,003,바지,29,3514433,travel,트래블,유틸리티 멀티 포켓 팬츠 블랙,https://image.msscdn.net/images/goods_img/20230830/3514433/3514433_16940488853055_500.jpg,False
2024-01,A,003006,기타 하의,003,바지,30,3526284,goyowear,고요웨어,브러쉬드 릴렉스 팬츠 (애쉬 브라운),https://image.msscdn.net/images/goods_img/20230904/3526284/3526284_17290590793145_500.jpg,False
2024-01,A,100,원피스/스커트,,,1,2069547,musinsastandardwoman,무신사 스탠다드 우먼,우먼즈 코듀로이 미니 스커트 [블랙],https://image.msscdn.net/images/goods_img/20210818/2069547/2069547_1_500.jpg,False
2024-01,A,100,원피스/스커트,,,2,3753558,roughneck,러프넥,튜튜 팬츠 스커트 크림,https://image.msscdn.net/images/goods_img/20231212/3753558/3753558_17023643675304_500.jpg,False
2024-01,A,100,원피스/스커트,,,3,2714524,avan,어반드레스,Punching Knit Dress BLACK,https://image.msscdn.net/images/goods_img/20220812/2714524/2714524_17207610263763_500.jpg,False
2024-01,A,100,원피스/스커트,,,4,2836351,avan,어반드레스,Quilting Long Denim Skirt BLACK,https://image.msscdn.net/images/goods_img/20221004/2836351/2836351_17211921687233_500.jpg,False
2024-01,A,100,원피스/스커트,,,5,3753562,roughneck,러프넥,튜튜 팬츠 스커트 블랙,https://image.msscdn.net/images/goods_img/20231212/3753562/3753562_17023643402079_500.jpg,False
2024-01,A,100,원피스/스커트,,,6,3704233,glowny,글로니,G CLASSIC RIB MINI DRESS (BLACK),https://image.msscdn.net/images/goods_img/20231110/3704233/3704233_17012599777193_500.jpg,False
2024-01,A,100,원피스/스커트,,,7,3512849,glowny,글로니,RUSSELL PLAID MINI SKIRT (BROWN PLAID),https://image.msscdn.net/images/goods_img/20230830/3512849/3512849_16956191029228_500.jpg,False
2024-01,A,100,원피스/스커트,,,8,1944554,musinsastandardwoman,무신사 스탠다드 우먼,우먼즈 데님 미니 스커트 [워시드 블랙],https://image.msscdn.net/images/goods_img/20210511/1944554/1944554_2_500.jpg,False
2024-01,A,100,원피스/스커트,,,9,2830762,painorpleasure,페인오어플레져,NIX MINI SKIRT black,https://image.msscdn.net/images/goods_img/20220929/2830762/2830762_17883362863775_500.jpg,False
2024-01,A,100,원피스/스커트,,,10,3604811,philocaly,필로컬리,프릴 미니 셔츠드레스 (블루),https://image.msscdn.net/images/goods_img/20231005/3604811/3604811_16964839091044_500.jpg,False
2024-01,A,100,원피스/스커트,,,11,3565960,misekiseoul,미세키서울,Midi wrap skirt BLACK,https://image.msscdn.net/images/goods_img/20230915/3565960/3565960_16951909447968_500.jpg,False
2024-01,A,100,원피스/스커트,,,12,3295891,glowny,글로니,RODEO TIERED RUFFLE SKIRT (BABY BLUE),https://image.msscdn.net/images/goods_img/20230515/3295891/3295891_16843104589654_500.jpg,False
2024-01,A,100,원피스/스커트,,,13,2714533,avan,어반드레스,Punching Knit Dress IVORY,https://image.msscdn.net/images/goods_img/20220812/2714533/2714533_2_500.jpg,False
2024-01,A,100,원피스/스커트,,,14,3196948,painorpleasure,페인오어플레져,ORCHID DRESS black,https://image.msscdn.net/images/goods_img/20230331/3196948/3196948_16917337665568_500.jpg,False
2024-01,A,100,원피스/스커트,,,15,3565367,millowomen,밀로 우먼,컷오프 플리츠 스커트 [블랙],https://image.msscdn.net/images/goods_img/20230915/3565367/3565367_17397631370060_500.jpg,False
2024-01,A,100,원피스/스커트,,,16,2792603,musinsastandardwoman,무신사 스탠다드 우먼,우먼즈 맥시 스커트 [블랙],https://image.msscdn.net/images/goods_img/20220915/2792603/2792603_17536886431375_500.jpg,False
2024-01,A,100,원피스/스커트,,,17,3579817,mausoleum,마우솔레움,[12/26일 3차 예약배송] 젠 롱 슬리브 수트 자켓 드레스,https://image.msscdn.net/images/goods_img/20230920/3579817/3579817_16952069812395_500.jpg,False
2024-01,A,100,원피스/스커트,,,18,2836289,avan,어반드레스,PLEATS DENIM SKIRT GREY,https://image.msscdn.net/images/goods_img/20221004/2836289/2836289_17211079732672_500.jpg,False
2024-01,A,100,원피스/스커트,,,19,2551407,musinsastandardwoman,무신사 스탠다드 우먼,우먼즈 플리츠 미니 스커트 [그레이],https://image.msscdn.net/images/goods_img/20220511/2551407/2551407_17188462525168_500.jpg,False
2024-01,A,100,원피스/스커트,,,20,3764370,sculptor,스컬프터,Kats Slip Dress Ghost Sheer,https://image.msscdn.net/images/goods_img/20231221/3764370/3764370_17035807159200_500.jpg,False
2024-01,A,100,원피스/스커트,,,21,1581259,musinsastandardwoman,무신사 스탠다드 우먼,우먼즈 코듀로이 미디 스커트 [크림],https://image.msscdn.net/images/goods_img/20200903/1581259/1581259_2_500.jpg,False
2024-01,A,100,원피스/스커트,,,22,2551406,musinsastandardwoman,무신사 스탠다드 우먼,우먼즈 플리츠 미니 스커트 [블랙],https://image.msscdn.net/images/goods_img/20220511/2551406/2551406_17466940579553_500.jpg,False
2024-01,A,100,원피스/스커트,,,23,3704229,glowny,글로니,G CLASSIC RIB MINI DRESS (CHARCOAL),https://image.msscdn.net/images/goods_img/20231110/3704229/3704229_17012599427628_500.jpg,False
2024-01,A,100,원피스/스커트,,,24,3263886,avan,어반드레스,side-line long denim skirt BLACK,https://image.msscdn.net/images/goods_img/20230426/3263886/3263886_17204196177896_500.jpg,False
2024-01,A,100,원피스/스커트,,,25,2111542,musinsastandardwoman,무신사 스탠다드 우먼,우먼즈 신세틱 레더 미니 스커트 [블랙],https://image.msscdn.net/images/goods_img/20210906/2111542/2111542_17231647921871_500.jpg,False
2024-01,A,100,원피스/스커트,,,26,2792604,musinsastandardwoman,무신사 스탠다드 우먼,우먼즈 맥시 스커트 [미디엄 그레이],https://image.msscdn.net/images/goods_img/20220915/2792604/2792604_16728975851407_500.jpg,False
2024-01,A,100,원피스/스커트,,,27,3481498,musinsastandardwoman,무신사 스탠다드 우먼,우먼즈 울 블렌드 트위드 미니 스커트 [브라운],https://image.msscdn.net/images/goods_img/20230821/3481498/3481498_17358854982119_500.jpg,False
2024-01,A,100,원피스/스커트,,,28,2117249,musinsastandardwoman,무신사 스탠다드 우먼,우먼즈 베이식 미니 스커트 [블랙],https://image.msscdn.net/images/goods_img/20210908/2117249/2117249_17625018594051_500.jpg,False
2024-01,A,100,원피스/스커트,,,29,2069546,musinsastandardwoman,무신사 스탠다드 우먼,우먼즈 코듀로이 미니 스커트 [크림],https://image.msscdn.net/images/goods_img/20210818/2069546/2069546_1_500.jpg,False
2024-01,A,100,원피스/스커트,,,30,2864414,nicknicole,닉앤니콜,NICOLE PINTUCK LAYERED LONG SKIRT_BLACK,https://image.msscdn.net/images/goods_img/20221014/2864414/2864414_1_500.jpg,False
2024-01,A,100001,미니원피스,100,원피스/스커트,1,2714524,avan,어반드레스,Punching Knit Dress BLACK,https://image.msscdn.net/images/goods_img/20220812/2714524/2714524_17207610263763_500.jpg,False
2024-01,A,100001,미니원피스,100,원피스/스커트,2,3704233,glowny,글로니,G CLASSIC RIB MINI DRESS (BLACK),https://image.msscdn.net/images/goods_img/20231110/3704233/3704233_17012599777193_500.jpg,False
2024-01,A,100001,미니원피스,100,원피스/스커트,3,3604811,philocaly,필로컬리,프릴 미니 셔츠드레스 (블루),https://image.msscdn.net/images/goods_img/20231005/3604811/3604811_16964839091044_500.jpg,False
2024-01,A,100001,미니원피스,100,원피스/스커트,4,2714533,avan,어반드레스,Punching Knit Dress IVORY,https://image.msscdn.net/images/goods_img/20220812/2714533/2714533_2_500.jpg,False
2024-01,A,100001,미니원피스,100,원피스/스커트,5,3196948,painorpleasure,페인오어플레져,ORCHID DRESS black,https://image.msscdn.net/images/goods_img/20230331/3196948/3196948_16917337665568_500.jpg,False
2024-01,A,100001,미니원피스,100,원피스/스커트,6,3579817,mausoleum,마우솔레움,[12/26일 3차 예약배송] 젠 롱 슬리브 수트 자켓 드레스,https://image.msscdn.net/images/goods_img/20230920/3579817/3579817_16952069812395_500.jpg,False
2024-01,A,100001,미니원피스,100,원피스/스커트,7,3704229,glowny,글로니,G CLASSIC RIB MINI DRESS (CHARCOAL),https://image.msscdn.net/images/goods_img/20231110/3704229/3704229_17012599427628_500.jpg,False
2024-01,A,100001,미니원피스,100,원피스/스커트,8,3727696,pandorafit,판도라핏,Sophia Cable Knit One-Piece,https://image.msscdn.net/images/goods_img/20231122/3727696/3727696_17006140028133_500.jpg,False
2024-01,A,100001,미니원피스,100,원피스/스커트,9,3590873,cornell,얼킨 캔버스,베티붑 레이스 레이어드 프릴 미니 원피스_블랙,https://image.msscdn.net/images/goods_img/20230925/3590873/3590873_17788092542541_500.jpg,False
2024-01,A,100001,미니원피스,100,원피스/스커트,10,2836338,avan,어반드레스,Puff Sleeve Pleated Dress BLACK,https://image.msscdn.net/images/goods_img/20221004/2836338/2836338_17211078683494_500.jpg,False
2024-01,A,100001,미니원피스,100,원피스/스커트,11,3196981,painorpleasure,페인오어플레져,ORCHID DRESS white,https://image.msscdn.net/images/goods_img/20230331/3196981/3196981_16903483777490_500.jpg,False
2024-01,A,100001,미니원피스,100,원피스/스커트,12,3445876,raam,람,RC601 셔츠형 릴랙스 데님 원피스,https://image.msscdn.net/images/goods_img/20230804/3445876/3445876_16911318431781_500.jpg,False
2024-01,A,100001,미니원피스,100,원피스/스커트,13,3728609,treemingbird,트리밍버드,One-shoulder Open Texture knit One-piece [ Black ],https://image.msscdn.net/images/goods_img/20231122/3728609/3728609_17018398164819_500.jpg,False
2024-01,A,100001,미니원피스,100,원피스/스커트,14,3632454,youhee,유희,YOUHEE HALF SLEEVE KNIT DRESS MELANGE GREY,https://image.msscdn.net/images/goods_img/20231017/3632454/3632454_16977672265544_500.jpg,False
2024-01,A,100001,미니원피스,100,원피스/스커트,15,3573895,roughneck,러프넥,티어드 셔츠 드레스 네이비,https://image.msscdn.net/images/goods_img/20230919/3573895/3573895_16951826660521_500.jpg,False
2024-01,A,100001,미니원피스,100,원피스/스커트,16,1341924,wuzustudio,우주스튜디오,미니 랩 플레어 원피스 베이직 블랙,https://image.msscdn.net/images/goods_img/20200310/1341924/1341924_3_500.jpg,False
2024-01,A,100001,미니원피스,100,원피스/스커트,17,3550682,philogram,필로그램,올인 데님 미니 원피스,https://image.msscdn.net/images/goods_img/20230911/3550682/3550682_16950888305234_500.jpg,False
2024-01,A,100001,미니원피스,100,원피스/스커트,18,3726758,bohemseo,보헤미안 서울,"HOODED MINI DRESS, BLACK",https://image.msscdn.net/images/goods_img/20231121/3726758/3726758_17005509405534_500.jpg,False
2024-01,A,100001,미니원피스,100,원피스/스커트,19,3520839,painorpleasure,페인오어플레져,DEW COWL  DRESS grey,https://image.msscdn.net/images/goods_img/20230901/3520839/3520839_16935333169904_500.jpg,False
2024-01,A,100001,미니원피스,100,원피스/스커트,20,2830893,painorpleasure,페인오어플레져,FAIRY DRESS cream,https://image.msscdn.net/images/goods_img/20220929/2830893/2830893_16903545713221_500.jpg,False
2024-01,A,100001,미니원피스,100,원피스/스커트,21,2830892,painorpleasure,페인오어플레져,FAIRY DRESS black,https://image.msscdn.net/images/goods_img/20220929/2830892/2830892_16903548071441_500.jpg,False
2024-01,A,100001,미니원피스,100,원피스/스커트,22,3710065,bohemseo,보헤미안 서울,V - NECK BUTTON DRESS,https://image.msscdn.net/images/goods_img/20231114/3710065/3710065_16999493037867_500.jpg,False
2024-01,A,100001,미니원피스,100,원피스/스커트,23,3599025,avan,어반드레스,Eila Ribbed Dress BLACK,https://image.msscdn.net/images/goods_img/20230927/3599025/3599025_16969116894694_500.jpg,False
2024-01,A,100001,미니원피스,100,원피스/스커트,24,2088486,wuzustudio,우주스튜디오,테일러드 카라 벨트 미니 원피스 베이직 블랙,https://image.msscdn.net/images/goods_img/20210825/2088486/2088486_1_500.jpg,False
2024-01,A,100001,미니원피스,100,원피스/스커트,25,3740825,sincethen,신스덴,아델라 트위드 미니원피스,https://image.msscdn.net/images/goods_img/20231201/3740825/3740825_17013977044377_500.jpg,False
2024-01,A,100001,미니원피스,100,원피스/스커트,26,2587763,saladbowls,샐러드볼즈,SATIN MINI ONE PIECE [BLACK],https://image.msscdn.net/images/goods_img/20220527/2587763/2587763_3_500.jpg,False
2024-01,A,100001,미니원피스,100,원피스/스커트,27,3130633,notyourrose,낫 유어 로즈,루비 드레스 (베이지),https://image.msscdn.net/images/goods_img/20230307/3130633/3130633_17652626029255_500.jpg,False
2024-01,A,100001,미니원피스,100,원피스/스커트,28,3733053,uglyshadow,어글리쉐도우,ANGORA BACK RIBBONED DRESS(BLACK),https://image.msscdn.net/images/goods_img/20231124/3733053/3733053_17009071108209_500.jpg,False
2024-01,A,100001,미니원피스,100,원피스/스커트,29,2605850,notyourrose,낫 유어 로즈,프릴 미니 드레스 (핑크),https://image.msscdn.net/images/goods_img/20220609/2605850/2605850_17652591506997_500.jpg,False
2024-01,A,100001,미니원피스,100,원피스/스커트,30,3405479,painorpleasure,페인오어플레져,FAIRY DRESS white,https://image.msscdn.net/images/goods_img/20230712/3405479/3405479_16903328341640_500.jpg,False
2024-01,A,100002,미디원피스,100,원피스/스커트,1,3764370,sculptor,스컬프터,Kats Slip Dress Ghost Sheer,https://image.msscdn.net/images/goods_img/20231221/3764370/3764370_17035807159200_500.jpg,False
2024-01,A,100002,미디원피스,100,원피스/스커트,2,3522853,amomento,아모멘토,VOLUME SLEEVELESS DRESS_BROWN,https://image.msscdn.net/images/goods_img/20230901/3522853/3522853_16935691568208_500.jpg,False
2024-01,A,100002,미디원피스,100,원피스/스커트,3,3599042,avan,어반드레스,Lucy Necklace Dress BLACK,https://image.msscdn.net/images/goods_img/20230927/3599042/3599042_17206762595195_500.jpg,False
2024-01,A,100002,미디원피스,100,원피스/스커트,4,2457511,poloralphlauren,폴로 랄프 로렌,W 케이블 니트 드레스 - 블루,https://image.msscdn.net/images/goods_img/20220330/2457511/2457511_2_500.jpg,False
2024-01,A,100002,미디원피스,100,원피스/스커트,5,3479889,macky,맥키,샤인 집업 원피스 블랙,https://image.msscdn.net/images/goods_img/20230821/3479889/3479889_16934010497889_500.jpg,False
2024-01,A,100002,미디원피스,100,원피스/스커트,6,2457512,poloralphlauren,폴로 랄프 로렌,W 케이블 니트 드레스 - 핑크,https://image.msscdn.net/images/goods_img/20220330/2457512/2457512_2_500.jpg,False
2024-01,A,100002,미디원피스,100,원피스/스커트,7,3516221,amomento,아모멘토,VOLUME SLEEVELESS DRESS_BLACK,https://image.msscdn.net/images/goods_img/20230831/3516221/3516221_16937870594729_500.jpg,False
2024-01,A,100002,미디원피스,100,원피스/스커트,8,3565440,millowomen,밀로 우먼,어시메트릭 플리츠 드레스 [에크루],https://image.msscdn.net/images/goods_img/20230915/3565440/3565440_16988056291284_500.jpg,False
2024-01,A,100002,미디원피스,100,원피스/스커트,9,2901690,saintlaurent,생로랑,더블 사브레 원피스 - 블랙 / 582689Y024K1000,https://image.msscdn.net/images/goods_img/20221028/2901690/2901690_16735885380290_500.jpg,False
2024-01,A,100002,미디원피스,100,원피스/스커트,10,3522852,amomento,아모멘토,SHIRRING LONG DRESS_IVORY,https://image.msscdn.net/images/goods_img/20230901/3522852/3522852_16937867674710_500.jpg,False
2024-01,A,100002,미디원피스,100,원피스/스커트,11,1610334,etmon,에트몽,Slip Button Point Dress  Black,https://image.msscdn.net/images/goods_img/20200918/1610334/1610334_1_500.jpg,False
2024-01,A,100002,미디원피스,100,원피스/스커트,12,2996368,calvinkleinjeans,캘빈클라인 진,여 블랙 로고 뱃지 폴로 카라 립 원피스 J220352 BEH,https://image.msscdn.net/images/goods_img/20221226/2996368/2996368_16741097135798_500.jpg,False
2024-01,A,100002,미디원피스,100,원피스/스커트,13,1254411,betweenaandb,비트윈에이앤비,후드 롱저지 기모 원피스 [블랙],https://image.msscdn.net/images/goods_img/20191219/1254411/1254411_17024436914378_500.jpg,False
2024-01,A,100002,미디원피스,100,원피스/스커트,14,2168577,juliycalla,쥴리앤칼라,21FW칼라 39 프리미엄 퀸 원피스 네이비,https://image.msscdn.net/images/goods_img/20211007/2168577/2168577_1_500.jpg,False
2024-01,A,100002,미디원피스,100,원피스/스커트,15,3159326,nache,나체,2-PIECE PULLED DRESS WHITE,https://image.msscdn.net/images/goods_img/20230317/3159326/3159326_16792746730033_500.jpg,False
2024-01,A,100002,미디원피스,100,원피스/스커트,16,2374001,lemaire,르메르,트위스트 셔츠 원피스 - 에스프레소 / DR254LF588495,https://image.msscdn.net/images/goods_img/20220221/2374001/2374001_1_500.jpg,False
2024-01,A,100002,미디원피스,100,원피스/스커트,17,2451516,lemaire,르메르,트위스트 원피스 - 라일락 아이스 / DR254LF588817,https://image.msscdn.net/images/goods_img/20220329/2451516/2451516_1_500.jpg,False
2024-01,A,100002,미디원피스,100,원피스/스커트,18,3566973,sculptor,스컬프터,Mesh Sleeveless Midi Dress Ice,https://image.msscdn.net/images/goods_img/20230917/3566973/3566973_17199030173864_500.jpg,False
2024-01,A,100002,미디원피스,100,원피스/스커트,19,3675311,zerostreet,제로스트릿,V-NECK PINTUCK TWEED ONEPIECE / BLACK,https://image.msscdn.net/images/goods_img/20231101/3675311/3675311_16988082460127_500.jpg,False
2024-01,A,100002,미디원피스,100,원피스/스커트,20,3159327,nache,나체,2-PIECE PULLED DRESS BLACK,https://image.msscdn.net/images/goods_img/20230317/3159327/3159327_16790511109956_500.jpg,False
2024-01,A,100002,미디원피스,100,원피스/스커트,21,3447571,lee,리,스웻 반집업 카라 원피스 네이비,https://image.msscdn.net/images/goods_img/20230807/3447571/3447571_16940585477928_500.jpg,False
2024-01,A,100002,미디원피스,100,원피스/스커트,22,3404141,nache,나체,ASYMMETRIC DRAPING DRESS BLACK,https://image.msscdn.net/images/goods_img/20230711/3404141/3404141_16891513621643_500.jpg,False
2024-01,A,100002,미디원피스,100,원피스/스커트,23,2374003,lemaire,르메르,트위스트 원피스 - 베이지 / DR450LF445605,https://image.msscdn.net/images/goods_img/20220221/2374003/2374003_1_500.jpg,False
2024-01,A,100002,미디원피스,100,원피스/스커트,24,3477378,reorg,리올그,FEL PINTUCK BUSTIER FLARE OPS BLACK,https://image.msscdn.net/images/goods_img/20230818/3477378/3477378_17089096315620_500.jpg,False
2024-01,A,100002,미디원피스,100,원피스/스커트,25,2648197,poloralphlauren,폴로 랄프 로렌,W 스트라이프 스트레치 코튼 폴로 미디 드레스 - 네이비,https://image.msscdn.net/images/goods_img/20220705/2648197/2648197_2_500.jpg,False
2024-01,A,100002,미디원피스,100,원피스/스커트,26,3669384,lowclassic,로우클래식,SHEER LAYERED DRESS - BLACK,https://image.msscdn.net/images/goods_img/20231030/3669384/3669384_16986519316808_500.jpg,False
2024-01,A,100002,미디원피스,100,원피스/스커트,27,3399137,mm6maisonmartinmargiela,엠엠식스,미디 드레스 - 브랙 / S52DD0017STJ383900,https://image.msscdn.net/images/goods_img/20230707/3399137/3399137_16909361832076_500.jpg,False
2024-01,A,100002,미디원피스,100,원피스/스커트,28,3512288,outdoorproducts,아웃도어 프로덕츠,여성 코듀로이 원피스 W CORDUROY ONE-PIECE,https://image.msscdn.net/images/goods_img/20230830/3512288/3512288_16933573274296_500.jpg,False
2024-01,A,100002,미디원피스,100,원피스/스커트,29,3196505,thombrowne,톰브라운,피케 립 거싯 테니스 원피스 - 네이비 / FJD097A00050415,https://image.msscdn.net/images/goods_img/20230331/3196505/3196505_16860903547413_500.jpg,False
2024-01,A,100002,미디원피스,100,원피스/스커트,30,3566972,sculptor,스컬프터,Mesh Sleeveless Midi Dress Black,https://image.msscdn.net/images/goods_img/20230917/3566972/3566972_17199030245158_500.jpg,False
2024-01,A,100003,맥시원피스,100,원피스/스커트,1,3526973,tommyjeans,타미진스,빅 플래그 후디 원피스 (T32D7WOP32TWT1BDS),https://image.msscdn.net/images/goods_img/20230904/3526973/3526973_16938132133537_500.jpg,False
2024-01,A,100003,맥시원피스,100,원피스/스커트,2,1209169,wuzustudio,우주스튜디오,하이넥 롱 원피스 베이직 블랙,https://image.msscdn.net/images/goods_img/20191101/1209169/1209169_3_500.jpg,False
2024-01,A,100003,맥시원피스,100,원피스/스커트,3,3659683,metapher,메타퍼,리본 디테일 원피스,https://image.msscdn.net/images/goods_img/20231026/3659683/3659683_16992111038512_500.jpg,False
2024-01,A,100003,맥시원피스,100,원피스/스커트,4,2069390,blacrush,블랙크러쉬,Reverse Logo Long OPS,https://image.msscdn.net/images/goods_img/20210818/2069390/2069390_1_500.jpg,False
2024-01,A,100003,맥시원피스,100,원피스/스커트,5,3119265,unlikelook,언라이크룩,테리 슬리브리스 맥시 롱 원피스 black[블랙],https://image.msscdn.net/images/goods_img/20230303/3119265/3119265_16778231253436_500.jpg,False
2024-01,A,100003,맥시원피스,100,원피스/스커트,6,3497291,whatitisnt,와키윌리,우먼스 와펜 하프 집업 카라 원피스 블랙,https://image.msscdn.net/images/goods_img/20230825/3497291/3497291_16935324504128_500.jpg,False
2024-01,A,100003,맥시원피스,100,원피스/스커트,7,3639427,treemingbird,트리밍버드,Overfit Denim Shirts One-piece [ Dark Blue ],https://image.msscdn.net/images/goods_img/20231019/3639427/3639427_16977779954804_500.jpg,False
2024-01,A,100003,맥시원피스,100,원피스/스커트,8,3709760,treemingbird,트리밍버드,Half-And-Half Collar Shirt One-Piece [ Black ],https://image.msscdn.net/images/goods_img/20231114/3709760/3709760_17000164235970_500.jpg,False
2024-01,A,100003,맥시원피스,100,원피스/스커트,9,2457508,poloralphlauren,폴로 랄프 로렌,W 벨티드 코튼 셔츠드레스 - 블루,https://image.msscdn.net/images/goods_img/20220330/2457508/2457508_1_500.jpg,False
2024-01,A,100003,맥시원피스,100,원피스/스커트,10,1579103,pa,폴앤앨리스,COLOR COMBI DRESS / 2COLORS,https://image.msscdn.net/images/goods_img/20200902/1579103/1579103_16950902827909_500.jpg,False
2024-01,A,100003,맥시원피스,100,원피스/스커트,11,3325011,someplace,썸플레이스,나일론 스토퍼 벌룬 슬리브리스 롱 원피스[차콜],https://image.msscdn.net/images/goods_img/20230525/3325011/3325011_17134859845075_500.jpg,False
2024-01,A,100003,맥시원피스,100,원피스/스커트,12,3492674,burmula,버뮬라,FRILL MAXI DRESS (WHITE),https://image.msscdn.net/images/goods_img/20230823/3492674/3492674_16944197824271_500.jpg,False
2024-01,A,100003,맥시원피스,100,원피스/스커트,13,3353326,vallodenera,벨로디네라,Dahlia Halter Dress Green,https://image.msscdn.net/images/goods_img/20230608/3353326/3353326_16913928274912_500.jpg,False
2024-01,A,100003,맥시원피스,100,원피스/스커트,14,3768155,tommyjeans,타미진스,롱 슬리브 셔츠 드레스 (T32E0WOP11TWT21A6),https://image.msscdn.net/images/goods_img/20231227/3768155/3768155_17056418144522_500.jpg,False
2024-01,A,100003,맥시원피스,100,원피스/스커트,15,3764567,sincethen,신스덴,뮤트 베쥬 롱원피스,https://image.msscdn.net/images/goods_img/20231221/3764567/3764567_17031548709788_500.jpg,False
2024-01,A,100003,맥시원피스,100,원피스/스커트,16,3041848,vallodenera,벨로디네라,Daphne flower dress Ivory,https://image.msscdn.net/images/goods_img/20230126/3041848/3041848_16747225582386_500.jpg,False
2024-01,A,100003,맥시원피스,100,원피스/스커트,17,3432290,citybreeze,시티브리즈,홀터넥 플레어 데님 원피스_LIGHT INDIGO,https://image.msscdn.net/images/goods_img/20230728/3432290/3432290_17121079414067_500.jpg,False
2024-01,A,100003,맥시원피스,100,원피스/스커트,18,3725795,generalideastandard,제너럴아이디어,부클 리브드 원피스 세트 [BLACK] / WBC4L43543SET,https://image.msscdn.net/images/goods_img/20231121/3725795/3725795_17005684805971_500.jpg,False
2024-01,A,100003,맥시원피스,100,원피스/스커트,19,3275742,overdueflair,오버듀플레어,[slip dress set]oganza layer dress_peach,https://image.msscdn.net/images/goods_img/20230503/3275742/3275742_16831112891124_500.jpg,False
2024-01,A,100003,맥시원피스,100,원피스/스커트,20,3250317,tillidie,틸아이다이,Roll up shirt ops_Navy,https://image.msscdn.net/images/goods_img/20230420/3250317/3250317_17772663720399_500.jpg,False
2024-01,A,100003,맥시원피스,100,원피스/스커트,21,3604929,lemaire,르메르,미디 트위스트 셔츠 드레스 - 아스팔트 / DR1024LF1106BK991,https://image.msscdn.net/images/goods_img/20231005/3604929/3604929_16980438899766_500.jpg,False
2024-01,A,100003,맥시원피스,100,원피스/스커트,22,3646665,treemingbird,트리밍버드,Scarf Shirring Long One-Piece [ Black ],https://image.msscdn.net/images/goods_img/20231022/3646665/3646665_17000994966785_500.jpg,False
2024-01,A,100003,맥시원피스,100,원피스/스커트,23,2756408,etmon,에트몽,Bolero Layered Dress  Black,https://image.msscdn.net/images/goods_img/20220830/2756408/2756408_1_500.jpg,False
2024-01,A,100003,맥시원피스,100,원피스/스커트,24,3155026,avan,어반드레스,shell wrinkle long onepiece - 3COL,https://image.msscdn.net/images/goods_img/20230316/3155026/3155026_17198077330391_500.jpg,False
2024-01,A,100003,맥시원피스,100,원피스/스커트,25,2487085,bonidee,보니데,V&A 랩 원피스 옐로우,https://image.msscdn.net/images/goods_img/20220413/2487085/2487085_1_500.jpg,False
2024-01,A,100003,맥시원피스,100,원피스/스커트,26,2500573,awesomestudio,어썸스튜디오,세미 오버핏 롱 원피스 블랙,https://image.msscdn.net/images/goods_img/20220419/2500573/2500573_1_500.jpg,False
2024-01,A,100003,맥시원피스,100,원피스/스커트,27,3322824,sincethen,신스덴,와인 플라워 롱원피스,https://image.msscdn.net/images/goods_img/20230524/3322824/3322824_16849160410234_500.jpg,False
2024-01,A,100003,맥시원피스,100,원피스/스커트,28,3575492,avan,어반드레스,Unbalance Maxi Dress CHARCOAL,https://image.msscdn.net/images/goods_img/20230919/3575492/3575492_16956198814724_500.jpg,False
2024-01,A,100003,맥시원피스,100,원피스/스커트,29,1537416,bibyseob,바이바이섭,스트링 슬립 원피스 블랙 [T42],https://image.msscdn.net/images/goods_img/20200805/1537416/1537416_17532600239407_500.jpg,False
2024-01,A,100003,맥시원피스,100,원피스/스커트,30,3511681,millioncor,밀리언코르,[5428] 카라 롱 데님 원피스 (흑청),https://image.msscdn.net/images/goods_img/20230829/3511681/3511681_16933058754914_500.jpg,False
2024-01,A,100004,미니스커트,100,원피스/스커트,1,2069547,musinsastandardwoman,무신사 스탠다드 우먼,우먼즈 코듀로이 미니 스커트 [블랙],https://image.msscdn.net/images/goods_img/20210818/2069547/2069547_1_500.jpg,False
2024-01,A,100004,미니스커트,100,원피스/스커트,2,3753558,roughneck,러프넥,튜튜 팬츠 스커트 크림,https://image.msscdn.net/images/goods_img/20231212/3753558/3753558_17023643675304_500.jpg,False
2024-01,A,100004,미니스커트,100,원피스/스커트,3,3753562,roughneck,러프넥,튜튜 팬츠 스커트 블랙,https://image.msscdn.net/images/goods_img/20231212/3753562/3753562_17023643402079_500.jpg,False
2024-01,A,100004,미니스커트,100,원피스/스커트,4,3512849,glowny,글로니,RUSSELL PLAID MINI SKIRT (BROWN PLAID),https://image.msscdn.net/images/goods_img/20230830/3512849/3512849_16956191029228_500.jpg,False
2024-01,A,100004,미니스커트,100,원피스/스커트,5,1944554,musinsastandardwoman,무신사 스탠다드 우먼,우먼즈 데님 미니 스커트 [워시드 블랙],https://image.msscdn.net/images/goods_img/20210511/1944554/1944554_2_500.jpg,False
2024-01,A,100004,미니스커트,100,원피스/스커트,6,2830762,painorpleasure,페인오어플레져,NIX MINI SKIRT black,https://image.msscdn.net/images/goods_img/20220929/2830762/2830762_17883362863775_500.jpg,False
2024-01,A,100004,미니스커트,100,원피스/스커트,7,2836289,avan,어반드레스,PLEATS DENIM SKIRT GREY,https://image.msscdn.net/images/goods_img/20221004/2836289/2836289_17211079732672_500.jpg,False
2024-01,A,100004,미니스커트,100,원피스/스커트,8,2551407,musinsastandardwoman,무신사 스탠다드 우먼,우먼즈 플리츠 미니 스커트 [그레이],https://image.msscdn.net/images/goods_img/20220511/2551407/2551407_17188462525168_500.jpg,False
2024-01,A,100004,미니스커트,100,원피스/스커트,9,2551406,musinsastandardwoman,무신사 스탠다드 우먼,우먼즈 플리츠 미니 스커트 [블랙],https://image.msscdn.net/images/goods_img/20220511/2551406/2551406_17466940579553_500.jpg,False
2024-01,A,100004,미니스커트,100,원피스/스커트,10,2111542,musinsastandardwoman,무신사 스탠다드 우먼,우먼즈 신세틱 레더 미니 스커트 [블랙],https://image.msscdn.net/images/goods_img/20210906/2111542/2111542_17231647921871_500.jpg,False
2024-01,A,100004,미니스커트,100,원피스/스커트,11,3481498,musinsastandardwoman,무신사 스탠다드 우먼,우먼즈 울 블렌드 트위드 미니 스커트 [브라운],https://image.msscdn.net/images/goods_img/20230821/3481498/3481498_17358854982119_500.jpg,False
2024-01,A,100004,미니스커트,100,원피스/스커트,12,2117249,musinsastandardwoman,무신사 스탠다드 우먼,우먼즈 베이식 미니 스커트 [블랙],https://image.msscdn.net/images/goods_img/20210908/2117249/2117249_17625018594051_500.jpg,False
2024-01,A,100004,미니스커트,100,원피스/스커트,13,2069546,musinsastandardwoman,무신사 스탠다드 우먼,우먼즈 코듀로이 미니 스커트 [크림],https://image.msscdn.net/images/goods_img/20210818/2069546/2069546_1_500.jpg,False
2024-01,A,100004,미니스커트,100,원피스/스커트,14,2069545,musinsastandardwoman,무신사 스탠다드 우먼,우먼즈 코듀로이 미니 스커트 [카키 브라운],https://image.msscdn.net/images/goods_img/20210818/2069545/2069545_17625019498801_500.jpg,False
2024-01,A,100004,미니스커트,100,원피스/스커트,15,3285422,musinsastandardwoman,무신사 스탠다드 우먼,우먼즈 코듀로이 미니 스커트 [브라운],https://image.msscdn.net/images/goods_img/20230509/3285422/3285422_16925740209468_500.jpg,False
2024-01,A,100004,미니스커트,100,원피스/스커트,16,3523881,aeae,에이이에이이,Cargo Ribbon Mini Skirts -[CAMO],https://image.msscdn.net/images/goods_img/20230903/3523881/3523881_16957136649303_500.jpg,False
2024-01,A,100004,미니스커트,100,원피스/스커트,17,1788995,nastyfancyclub,팬시클럽,[NF] 데님 플리츠 벨트 스커트 (BLK)_FQC023,https://image.msscdn.net/images/goods_img/20210209/1788995/1788995_16854211456442_500.jpg,False
2024-01,A,100004,미니스커트,100,원피스/스커트,18,3524288,expiredgirl,익스파이어드걸,클로이 레이스 스커트 크림,https://image.msscdn.net/images/goods_img/20230904/3524288/3524288_16937902788018_500.jpg,False
2024-01,A,100004,미니스커트,100,원피스/스커트,19,2362073,musinsastandardwoman,무신사 스탠다드 우먼,우먼즈 데님 미니 스커트 [블랙],https://image.msscdn.net/images/goods_img/20220215/2362073/2362073_17824333056337_500.jpg,False
2024-01,A,100004,미니스커트,100,원피스/스커트,20,3624204,badblood,배드블러드,보니 카고 미니 스커트 - 워시드블랙,https://image.msscdn.net/images/goods_img/20231012/3624204/3624204_17078126417326_500.jpg,False
2024-01,A,100004,미니스커트,100,원피스/스커트,21,3341899,lalafox,라라폭스,CARGO DENIM MINI SKIRT BLUE BQ2DS001,https://image.msscdn.net/images/goods_img/20230601/3341899/3341899_17497172705571_500.jpg,False
2024-01,A,100004,미니스커트,100,원피스/스커트,22,2568804,musinsastandardwoman,무신사 스탠다드 우먼,우먼즈 코듀로이 미니 스커트 [핑크],https://image.msscdn.net/images/goods_img/20220518/2568804/2568804_1_500.jpg,False
2024-01,A,100004,미니스커트,100,원피스/스커트,23,3109155,avan,어반드레스,Stacey pleats Skirt BLACK,https://image.msscdn.net/images/goods_img/20230227/3109155/3109155_17195596893163_500.jpg,False
2024-01,A,100004,미니스커트,100,원피스/스커트,24,2745025,mardimercrediactif,마르디 메크르디 악티프,신세틱 레더 아코디언 플리츠 스커트 블랙,https://image.msscdn.net/images/goods_img/20220826/2745025/2745025_1_500.jpg,False
2024-01,A,100004,미니스커트,100,원피스/스커트,25,3555207,placestudio,플레이스 스튜디오,[멜로우 X PLACE] 미니멀 슬릿 플리츠 테니스 스커트 [그레이],https://image.msscdn.net/images/goods_img/20230913/3555207/3555207_17170425611786_500.jpg,False
2024-01,A,100004,미니스커트,100,원피스/스커트,26,2830808,painorpleasure,페인오어플레져,NIX MINI SKIRT khaki,https://image.msscdn.net/images/goods_img/20220929/2830808/2830808_17237704104605_500.jpg,False
2024-01,A,100004,미니스커트,100,원피스/스커트,27,2504390,mardimercrediactif,마르디 메크르디 악티프,스트라이프 플리츠 니트 스커트 아이보리,https://image.msscdn.net/images/goods_img/20220420/2504390/2504390_2_500.jpg,False
2024-01,A,100004,미니스커트,100,원피스/스커트,28,2568803,musinsastandardwoman,무신사 스탠다드 우먼,우먼즈 코듀로이 미니 스커트 [다크 그레이],https://image.msscdn.net/images/goods_img/20220518/2568803/2568803_17600809572303_500.jpg,False
2024-01,A,100004,미니스커트,100,원피스/스커트,29,1216362,reorg,리올그,RE-MINI SKIRT BLACK,https://image.msscdn.net/images/goods_img/20191107/1216362/1216362_17628217057388_500.jpg,False
2024-01,A,100004,미니스커트,100,원피스/스커트,30,2568779,musinsastandardwoman,무신사 스탠다드 우먼,우먼즈 코듀로이 플리츠 미니 스커트 [핑크],https://image.msscdn.net/images/goods_img/20220518/2568779/2568779_16975306781727_500.jpg,False
2024-01,A,100005,미디스커트,100,원피스/스커트,1,3565960,misekiseoul,미세키서울,Midi wrap skirt BLACK,https://image.msscdn.net/images/goods_img/20230915/3565960/3565960_16951909447968_500.jpg,False
2024-01,A,100005,미디스커트,100,원피스/스커트,2,3565367,millowomen,밀로 우먼,컷오프 플리츠 스커트 [블랙],https://image.msscdn.net/images/goods_img/20230915/3565367/3565367_17397631370060_500.jpg,False
2024-01,A,100005,미디스커트,100,원피스/스커트,3,1581259,musinsastandardwoman,무신사 스탠다드 우먼,우먼즈 코듀로이 미디 스커트 [크림],https://image.msscdn.net/images/goods_img/20200903/1581259/1581259_2_500.jpg,False
2024-01,A,100005,미디스커트,100,원피스/스커트,4,2353343,nicknicole,닉앤니콜,CLASSIC FLARE SKIRT_NAVY,https://image.msscdn.net/images/goods_img/20220210/2353343/2353343_2_500.jpg,False
2024-01,A,100005,미디스커트,100,원피스/스커트,5,3572827,misekiseoul,미세키서울,Midi wrap skirt CHARCOAL,https://image.msscdn.net/images/goods_img/20230919/3572827/3572827_16951910756223_500.jpg,False
2024-01,A,100005,미디스커트,100,원피스/스커트,6,2117253,musinsastandardwoman,무신사 스탠다드 우먼,우먼즈 플리츠 미디 스커트 [블랙],https://image.msscdn.net/images/goods_img/20210908/2117253/2117253_17467823245909_500.jpg,False
2024-01,A,100005,미디스커트,100,원피스/스커트,7,1595556,musinsastandardwoman,무신사 스탠다드 우먼,우먼즈 사이드 슬릿 니트 스커트 [블랙],https://image.msscdn.net/images/goods_img/20200910/1595556/1595556_1_500.jpg,False
2024-01,A,100005,미디스커트,100,원피스/스커트,8,2300718,musinsastandardwoman,무신사 스탠다드 우먼,우먼즈 데님 미디 스커트 [워시드 블랙],https://image.msscdn.net/images/goods_img/20220111/2300718/2300718_17675315035044_500.jpg,False
2024-01,A,100005,미디스커트,100,원피스/스커트,9,3116602,maisonmargiela,메종 마르지엘라,미디 스커트 - 블랙 / S51ME0006S60532900,https://image.msscdn.net/images/goods_img/20230302/3116602/3116602_16800539824710_500.jpg,False
2024-01,A,100005,미디스커트,100,원피스/스커트,10,3666227,ready4next,레디포넥스트,[기모] 우먼즈 카고스트링 롱스커트 BLACK,https://image.msscdn.net/images/goods_img/20231027/3666227/3666227_16984086655380_500.jpg,False
2024-01,A,100005,미디스커트,100,원피스/스커트,11,2942764,ojos,오호스,Leg Warmer Midi Skirt / Black,https://image.msscdn.net/images/goods_img/20221115/2942764/2942764_1_500.jpg,False
2024-01,A,100005,미디스커트,100,원피스/스커트,12,1581258,musinsastandardwoman,무신사 스탠다드 우먼,우먼즈 코듀로이 미디 스커트 [블랙],https://image.msscdn.net/images/goods_img/20200903/1581258/1581258_2_500.jpg,False
2024-01,A,100005,미디스커트,100,원피스/스커트,13,3515573,glowny,글로니,TIA DOUBLE LAYERED RUFFLE SKIRT (BROWN),https://image.msscdn.net/images/goods_img/20230830/3515573/3515573_16947569598467_500.jpg,False
2024-01,A,100005,미디스커트,100,원피스/스커트,14,3444983,rockfish,락피쉬웨더웨어,RFH CLASSIC CHECK PLEATS SKIRT - 3color,https://image.msscdn.net/images/goods_img/20230804/3444983/3444983_17304384364090_500.jpg,False
2024-01,A,100005,미디스커트,100,원피스/스커트,15,2714797,avan,어반드레스,Art Leather Slit Skirt - 2COL,https://image.msscdn.net/images/goods_img/20220812/2714797/2714797_17483064296861_500.jpg,False
2024-01,A,100005,미디스커트,100,원피스/스커트,16,3536850,partimentowomen,파르티멘토 우먼,2 사이드 벨티드 컷 오프 플리츠 스커트_블랙,https://image.msscdn.net/images/goods_img/20230906/3536850/3536850_16943506365288_500.jpg,False
2024-01,A,100005,미디스커트,100,원피스/스커트,17,3650388,roughneck,러프넥,빈티지 워싱 레더 스커트,https://image.msscdn.net/images/goods_img/20231023/3650388/3650388_16980500995722_500.jpg,False
2024-01,A,100005,미디스커트,100,원피스/스커트,18,3709736,tensedance,탠스댄스,코지 플레어 스커트_더스티 블랙,https://image.msscdn.net/images/goods_img/20231114/3709736/3709736_16999552137638_500.jpg,False
2024-01,A,100005,미디스커트,100,원피스/스커트,19,1977234,avan,어반드레스,POCKET LONG BANDING SKIRT BLACK,https://image.msscdn.net/images/goods_img/20210601/1977234/1977234_1_500.jpg,False
2024-01,A,100005,미디스커트,100,원피스/스커트,20,3709742,tensedance,탠스댄스,코지 플레어 스커트_더스티 그레이,https://image.msscdn.net/images/goods_img/20231114/3709742/3709742_16999563046975_500.jpg,False
2024-01,A,100005,미디스커트,100,원피스/스커트,21,1645760,musinsastandardwoman,무신사 스탠다드 우먼,우먼즈 데님 미디 스커트 [라이트 인디고],https://image.msscdn.net/images/goods_img/20201013/1645760/1645760_17677818822457_500.jpg,False
2024-01,A,100005,미디스커트,100,원피스/스커트,22,3528434,cerric,세릭,STRAP FLARED CARGO SKIRT / KHAKI,https://image.msscdn.net/images/goods_img/20230904/3528434/3528434_16939192900488_500.jpg,False
2024-01,A,100005,미디스커트,100,원피스/스커트,23,1581260,musinsastandardwoman,무신사 스탠다드 우먼,우먼즈 코듀로이 미디 스커트 [라이트 브라운],https://image.msscdn.net/images/goods_img/20200903/1581260/1581260_16975318671788_500.jpg,False
2024-01,A,100005,미디스커트,100,원피스/스커트,24,2063237,millioncor,밀리언코르,[8149] 논이염 뒷트임 생지 데님 롱 스커트 (블랙),https://image.msscdn.net/images/goods_img/20210813/2063237/2063237_6_500.jpg,False
2024-01,A,100005,미디스커트,100,원피스/스커트,25,3399599,adidas,아디다스,3선 스커트 - 그린 / IR9805,https://image.msscdn.net/images/goods_img/20230707/3399599/3399599_16887209579376_500.jpg,False
2024-01,A,100005,미디스커트,100,원피스/스커트,26,3491127,dunstforwomen,던스트,CLASSIC TWEED MIDI SKIRT BLACK_UDSK3C207BK,https://image.msscdn.net/images/goods_img/20230823/3491127/3491127_16927753157305_500.jpg,False
2024-01,A,100005,미디스커트,100,원피스/스커트,27,2117255,musinsastandardwoman,무신사 스탠다드 우먼,우먼즈 플리츠 미디 스커트 [라이트 브라운],https://image.msscdn.net/images/goods_img/20210908/2117255/2117255_17676668118187_500.jpg,False
2024-01,A,100005,미디스커트,100,원피스/스커트,28,1980169,avan,어반드레스,DEEP SLIT LONG SKIRT BLACK,https://image.msscdn.net/images/goods_img/20210602/1980169/1980169_1_500.jpg,False
2024-01,A,100005,미디스커트,100,원피스/스커트,29,2969650,ready4next,레디포넥스트,우먼즈 패딩 포켓 롱스커트 IVORY,https://image.msscdn.net/images/goods_img/20221202/2969650/2969650_1_500.jpg,False
2024-01,A,100005,미디스커트,100,원피스/스커트,30,3404128,nache,나체,PUCKERING TIE SKIRT BLACK,https://image.msscdn.net/images/goods_img/20230711/3404128/3404128_16891531116527_500.jpg,False
2024-01,A,100006,롱스커트,100,원피스/스커트,1,2836351,avan,어반드레스,Quilting Long Denim Skirt BLACK,https://image.msscdn.net/images/goods_img/20221004/2836351/2836351_17211921687233_500.jpg,False
2024-01,A,100006,롱스커트,100,원피스/스커트,2,3295891,glowny,글로니,RODEO TIERED RUFFLE SKIRT (BABY BLUE),https://image.msscdn.net/images/goods_img/20230515/3295891/3295891_16843104589654_500.jpg,False
2024-01,A,100006,롱스커트,100,원피스/스커트,3,2792603,musinsastandardwoman,무신사 스탠다드 우먼,우먼즈 맥시 스커트 [블랙],https://image.msscdn.net/images/goods_img/20220915/2792603/2792603_17536886431375_500.jpg,False
2024-01,A,100006,롱스커트,100,원피스/스커트,4,3263886,avan,어반드레스,side-line long denim skirt BLACK,https://image.msscdn.net/images/goods_img/20230426/3263886/3263886_17204196177896_500.jpg,False
2024-01,A,100006,롱스커트,100,원피스/스커트,5,2792604,musinsastandardwoman,무신사 스탠다드 우먼,우먼즈 맥시 스커트 [미디엄 그레이],https://image.msscdn.net/images/goods_img/20220915/2792604/2792604_16728975851407_500.jpg,False
2024-01,A,100006,롱스커트,100,원피스/스커트,6,2864414,nicknicole,닉앤니콜,NICOLE PINTUCK LAYERED LONG SKIRT_BLACK,https://image.msscdn.net/images/goods_img/20221014/2864414/2864414_1_500.jpg,False
2024-01,A,100006,롱스커트,100,원피스/스커트,7,1931894,musinsastandardwoman,무신사 스탠다드 우먼,우먼즈 하이 웨이스트 슬릿 롱 스커트 [블랙],https://image.msscdn.net/images/goods_img/20210430/1931894/1931894_3_500.jpg,False
2024-01,A,100006,롱스커트,100,원피스/스커트,8,2890782,loeil,로에일,마일드 코듀로이 핀턱 스커트 - 블랙,https://image.msscdn.net/images/goods_img/20221025/2890782/2890782_1_500.jpg,False
2024-01,A,100006,롱스커트,100,원피스/스커트,9,2925522,piecemaker,피스메이커,STITCH SWEAT MAXI SKIRT (BLACK),https://image.msscdn.net/images/goods_img/20221107/2925522/2925522_2_500.jpg,False
2024-01,A,100006,롱스커트,100,원피스/스커트,10,2117256,musinsastandardwoman,무신사 스탠다드 우먼,우먼즈 하이 웨이스트 롱 스커트 [블랙],https://image.msscdn.net/images/goods_img/20210908/2117256/2117256_1_500.jpg,False
2024-01,A,100006,롱스커트,100,원피스/스커트,11,3051711,musinsastandardwoman,무신사 스탠다드 우먼,우먼즈 데님 맥시 스커트 [미디엄 인디고],https://image.msscdn.net/images/goods_img/20230201/3051711/3051711_16866978207309_500.jpg,False
2024-01,A,100006,롱스커트,100,원피스/스커트,12,3646653,treemingbird,트리밍버드,V Low-Waist Long Skirt [ Black ],https://image.msscdn.net/images/goods_img/20231022/3646653/3646653_17001019479125_500.jpg,False
2024-01,A,100006,롱스커트,100,원피스/스커트,13,3425498,musinsastandardwoman,무신사 스탠다드 우먼,우먼즈 데님 맥시 스커트 [딥 인디고],https://image.msscdn.net/images/goods_img/20230725/3425498/3425498_17189604379083_500.jpg,False
2024-01,A,100006,롱스커트,100,원피스/스커트,14,2551400,musinsastandardwoman,무신사 스탠다드 우먼,우먼즈 세미 머메이드 스커트 [블랙],https://image.msscdn.net/images/goods_img/20220511/2551400/2551400_2_500.jpg,False
2024-01,A,100006,롱스커트,100,원피스/스커트,15,3666393,adidas,아디다스,카고 스커트 W - 블랙 / IY9493,https://image.msscdn.net/images/goods_img/20231029/3666393/3666393_16987392479444_500.jpg,False
2024-01,A,100006,롱스커트,100,원피스/스커트,16,2448899,musinsastandardwoman,무신사 스탠다드 우먼,우먼즈 프론트 슬릿 데님 롱 스커트 [워시드 블랙],https://image.msscdn.net/images/goods_img/20220328/2448899/2448899_17661127529056_500.jpg,False
2024-01,A,100006,롱스커트,100,원피스/스커트,17,3512402,unknownplanet,언노운 플라넷,프론트 슬릿 데님 롱 스커트 블랙,https://image.msscdn.net/images/goods_img/20230830/3512402/3512402_16933595850460_500.jpg,False
2024-01,A,100006,롱스커트,100,원피스/스커트,18,3727181,moaa,모아,빈티지 맥시 데님 스커트 (WASHED JEAN),https://image.msscdn.net/images/goods_img/20231121/3727181/3727181_17008185310005_500.jpg,False
2024-01,A,100006,롱스커트,100,원피스/스커트,19,1324169,musinsastandardwoman,무신사 스탠다드 우먼,우먼즈 플랫 테리 스웨트 롱 스커트 [블랙],https://image.msscdn.net/images/goods_img/20200226/1324169/1324169_2_500.jpg,False
2024-01,A,100006,롱스커트,100,원피스/스커트,20,3460334,sculptor,스컬프터,Parachute Cargo Maxi Skirt Pale Gray,https://image.msscdn.net/images/goods_img/20230811/3460334/3460334_16952760843922_500.jpg,False
2024-01,A,100006,롱스커트,100,원피스/스커트,21,3743448,avan,어반드레스,Evelyn Long Denim Skirt VINTAGE BLUE,https://image.msscdn.net/images/goods_img/20231204/3743448/3743448_17194672075317_500.jpg,False
2024-01,A,100006,롱스커트,100,원피스/스커트,22,2392478,musinsastandardwoman,무신사 스탠다드 우먼,우먼즈 스웨트 맥시 스커트 [블랙],https://image.msscdn.net/images/goods_img/20220302/2392478/2392478_17188496635285_500.jpg,False
2024-01,A,100006,롱스커트,100,원피스/스커트,23,3511194,avan,어반드레스,Greta Pocket Wrap Skirt CHARCOAL,https://image.msscdn.net/images/goods_img/20230829/3511194/3511194_17193017027527_500.jpg,False
2024-01,A,100006,롱스커트,100,원피스/스커트,24,3743449,avan,어반드레스,Evelyn Long Denim Skirt BLACK,https://image.msscdn.net/images/goods_img/20231204/3743449/3743449_17194649794834_500.jpg,False
2024-01,A,100006,롱스커트,100,원피스/스커트,25,3639633,treemingbird,트리밍버드,Incision Denim Set-up Skirt [ Dark Blue ],https://image.msscdn.net/images/goods_img/20231019/3639633/3639633_16976757593211_500.jpg,False
2024-01,A,100006,롱스커트,100,원피스/스커트,26,3768247,avan,어반드레스,Harper Tassel Pocket Denim Long Skirt BLUE,https://image.msscdn.net/images/goods_img/20231227/3768247/3768247_17194674781671_500.jpg,False
2024-01,A,100006,롱스커트,100,원피스/스커트,27,3159165,nache,나체,STRAP CARGO MAXI SKIRT VINTAGE BEIGE,https://image.msscdn.net/images/goods_img/20230317/3159165/3159165_17248158366455_500.jpg,False
2024-01,A,100006,롱스커트,100,원피스/스커트,28,1661322,zerostreet,제로스트릿,[3컬러] 롱 플레어 샤 스커트,https://image.msscdn.net/images/goods_img/20201023/1661322/1661322_17720890309483_500.jpg,False
2024-01,A,100006,롱스커트,100,원피스/스커트,29,2809883,haint,헤인트,DAZE MIDI DENIM SKIRT,https://image.msscdn.net/images/goods_img/20220921/2809883/2809883_16905276196213_500.jpg,False
2024-01,A,100006,롱스커트,100,원피스/스커트,30,1819994,koleat,콜릿,WOMEN 세미 플레어 미디 롱치마 [블랙],https://image.msscdn.net/images/goods_img/20210302/1819994/1819994_17878854594789_500.jpg,False
2024-01,M,001,상의,,,1,2086653,musinsastandard,무신사 스탠다드,레이어드 크루 넥 반팔 티셔츠_일반 기장 [화이트],https://image.msscdn.net/images/goods_img/20210825/2086653/2086653_17772494800708_500.jpg,False
2024-01,M,001,상의,,,2,3640949,trillion,트릴리온,워셔블 아란 케이블 후드 집업 니트 (CHARCOAL),https://image.msscdn.net/images/goods_img/20231019/3640949/3640949_17170490257806_500.jpg,False
2024-01,M,001,상의,,,3,1582356,sovermentwithlomort,소버먼트,980G 피그먼트 맨투맨-챠콜-,https://image.msscdn.net/images/goods_img/20200903/1582356/1582356_1_500.jpg,False
2024-01,M,001,상의,,,4,3533480,ezkaton,에즈카톤,스페이스 헤비코튼 후드 버건디 KMHD6723,https://image.msscdn.net/images/goods_img/20230906/3533480/3533480_16939610292721_500.jpg,False
2024-01,M,001,상의,,,5,2314616,toffee,토피,에센셜 후드 스웻 셔츠 (MELANGE GREY),https://image.msscdn.net/images/goods_img/20220119/2314616/2314616_1_500.jpg,False
2024-01,M,001,상의,,,6,3468498,againstallodds,에이지오디,하프 집업 카라넥 케이블 니트 [카키],https://image.msscdn.net/images/goods_img/20230816/3468498/3468498_17322323551417_500.png,False
2024-01,M,001,상의,,,7,2105452,sovermentwithlomort,소버먼트,980G 피그먼트 컷 후드-차콜-,https://image.msscdn.net/images/goods_img/20210902/2105452/2105452_17243903059688_500.jpg,False
2024-01,M,001,상의,,,8,1558847,suare,수아레,하프 터틀넥 니트 세트,https://image.msscdn.net/images/goods_img/20200821/1558847/1558847_17303488335987_500.jpg,False
2024-01,M,001,상의,,,9,2139775,minimalcode,미니멀코드,소프트 필링 세미오버 라운드 니트 초코브라운,https://image.msscdn.net/images/goods_img/20210917/2139775/2139775_17204066649792_500.jpg,False
2024-01,M,001,상의,,,10,2723767,suare,수아레,데일리 라운드 니트 - 12 COLOR,https://image.msscdn.net/images/goods_img/20220818/2723767/2723767_17292130151891_500.jpg,False
2024-01,M,001,상의,,,11,1710327,blond9,블론드나인,크루넥 리브 니트 스웨터_블랙,https://image.msscdn.net/images/goods_img/20201202/1710327/1710327_1_500.jpg,False
2024-01,M,001,상의,,,12,876284,filluminate,필루미네이트,[블랙]SET B-스테디 하프 폴라넥,https://image.msscdn.net/images/goods_img/20181010/876284/876284_17156659533611_500.jpg,False
2024-01,M,001,상의,,,13,1615829,jemut,제멋,로그 오버핏 기모 후드 그레이 YHHD2302,https://image.msscdn.net/images/goods_img/20200922/1615829/1615829_1_500.jpg,False
2024-01,M,001,상의,,,14,843276,esn,이에스엔,퍼펙트 터틀넥 니트 티셔츠 블랙,https://image.msscdn.net/images/goods_img/20180830/843276/843276_1_500.jpg,False
2024-01,M,001,상의,,,15,2149254,musinsastandard,무신사 스탠다드,베이식 긴팔 티셔츠 2팩,https://image.msscdn.net/images/goods_img/20210928/2149254/2149254_17138588137724_500.jpg,False
2024-01,M,001,상의,,,16,983339,musinsastandard,무신사 스탠다드,베이식 드레스 셔츠 [화이트],https://image.msscdn.net/images/goods_img/20190315/983339/983339_17833270978891_500.jpg,False
2024-01,M,001,상의,,,17,3449015,suare,수아레,[SET] 이지 케어 워셔블 니트 세트,https://image.msscdn.net/images/goods_img/20230807/3449015/3449015_17169658443197_500.jpg,False
2024-01,M,001,상의,,,18,2990516,1989standard,1989스탠다드,RV_OUR 1989 후드 (STHSTD-0004),https://image.msscdn.net/images/goods_img/20221220/2990516/2990516_17865211299718_500.jpg,False
2024-01,M,001,상의,,,19,2757451,knitted,니티드,[니티드X깡스타일리스트] 코튼 미니멀 라운드 니트 BLACK,https://image.msscdn.net/images/goods_img/20220831/2757451/2757451_17887596768191_500.jpg,False
2024-01,M,001,상의,,,20,2990274,1989standard,1989스탠다드,SMALL CENTER 맨투맨 (STMSTD-0015),https://image.msscdn.net/images/goods_img/20221220/2990274/2990274_17865180516439_500.jpg,False
2024-01,M,001,상의,,,21,2775713,trillion,트릴리온,워셔블 하프 집업 카라넥 하찌 니트 (PURE BLACK),https://image.msscdn.net/images/goods_img/20220906/2775713/2775713_17587784648178_500.jpg,False
2024-01,M,001,상의,,,22,2995119,trillion,트릴리온,컬러 배색 1992 그래픽 후드 (NAVY),https://image.msscdn.net/images/goods_img/20221223/2995119/2995119_1_500.jpg,False
2024-01,M,001,상의,,,23,2122566,musinsastandard,무신사 스탠다드,레이어드 크루 넥 반팔 티셔츠_일반 기장 2팩,https://image.msscdn.net/images/goods_img/20210910/2122566/2122566_17133406834875_500.jpg,False
2024-01,M,001,상의,,,24,2226767,drawfit,드로우핏,오버사이즈 집업 카라 터틀넥 니트 [5color],https://image.msscdn.net/images/goods_img/20211111/2226767/2226767_17567973647519_500.jpg,False
2024-01,M,001,상의,,,25,3539176,trillion,트릴리온,워셔블 투 톤 크루넥 그래픽 니트 (BLACK),https://image.msscdn.net/images/goods_img/20230907/3539176/3539176_17170508638569_500.jpg,False
2024-01,M,001,상의,,,26,2970541,slowacid,슬로우애시드,피치스킨 러스티 로고 스웨트셔츠 [블랙],https://image.msscdn.net/images/goods_img/20221202/2970541/2970541_17253267722324_500.jpg,False
2024-01,M,001,상의,,,27,2085363,jemut,제멋,헤이즈 오버핏 스웨트셔츠 [쭈리/기모] 블랙 KJMT2369 / KJMT2400,https://image.msscdn.net/images/goods_img/20210825/2085363/2085363_1_500.jpg,False
2024-01,M,001,상의,,,28,947067,musinsastandard,무신사 스탠다드,스웨트셔츠 [블랙],https://image.msscdn.net/images/goods_img/20190201/947067/947067_17641181220326_500.jpg,False
2024-01,M,001,상의,,,29,2970542,slowacid,슬로우애시드,피치스킨 러스티 로고 스웨트셔츠 [웜그레이],https://image.msscdn.net/images/goods_img/20221202/2970542/2970542_17670717045336_500.jpg,False
2024-01,M,001,상의,,,30,1139175,lmood,엘무드,화란 세미오버 니트 블랙,https://image.msscdn.net/images/goods_img/20190902/1139175/1139175_17582630377296_500.png,False
2024-01,M,001005,맨투맨/스웨트,001,상의,1,1582356,sovermentwithlomort,소버먼트,980G 피그먼트 맨투맨-챠콜-,https://image.msscdn.net/images/goods_img/20200903/1582356/1582356_1_500.jpg,False
2024-01,M,001005,맨투맨/스웨트,001,상의,2,2990274,1989standard,1989스탠다드,SMALL CENTER 맨투맨 (STMSTD-0015),https://image.msscdn.net/images/goods_img/20221220/2990274/2990274_17865180516439_500.jpg,False
2024-01,M,001005,맨투맨/스웨트,001,상의,3,2970541,slowacid,슬로우애시드,피치스킨 러스티 로고 스웨트셔츠 [블랙],https://image.msscdn.net/images/goods_img/20221202/2970541/2970541_17253267722324_500.jpg,False
2024-01,M,001005,맨투맨/스웨트,001,상의,4,2085363,jemut,제멋,헤이즈 오버핏 스웨트셔츠 [쭈리/기모] 블랙 KJMT2369 / KJMT2400,https://image.msscdn.net/images/goods_img/20210825/2085363/2085363_1_500.jpg,False
2024-01,M,001005,맨투맨/스웨트,001,상의,5,947067,musinsastandard,무신사 스탠다드,스웨트셔츠 [블랙],https://image.msscdn.net/images/goods_img/20190201/947067/947067_17641181220326_500.jpg,False
2024-01,M,001005,맨투맨/스웨트,001,상의,6,2970542,slowacid,슬로우애시드,피치스킨 러스티 로고 스웨트셔츠 [웜그레이],https://image.msscdn.net/images/goods_img/20221202/2970542/2970542_17670717045336_500.jpg,False
2024-01,M,001005,맨투맨/스웨트,001,상의,7,3496150,likethemost,라이크더모스트,1992 오버핏 스웨트셔츠 화이트멜란지,https://image.msscdn.net/images/goods_img/20230824/3496150/3496150_16928670930004_500.jpg,False
2024-01,M,001005,맨투맨/스웨트,001,상의,8,1817394,travel,트래블,[3-PACK]베이직 트래블러 피그먼트 스웨트셔츠,https://image.msscdn.net/images/goods_img/20210226/1817394/1817394_17152436181527_500.jpg,False
2024-01,M,001005,맨투맨/스웨트,001,상의,9,2970544,slowacid,슬로우애시드,피치스킨 러스티 로고 스웨트셔츠 [딥블루],https://image.msscdn.net/images/goods_img/20221202/2970544/2970544_2_500.jpg,False
2024-01,M,001005,맨투맨/스웨트,001,상의,10,3679129,yale,예일,(23FW) EMBROIDERY UNIVERSITY DAN CREWNECK NAVY,https://image.msscdn.net/images/goods_img/20231102/3679129/3679129_16989048904341_500.jpg,False
2024-01,M,001005,맨투맨/스웨트,001,상의,11,3586427,likethemost,라이크더모스트,라이크모스트 링스타 오버핏 스웨트셔츠 블랙,https://image.msscdn.net/images/goods_img/20230922/3586427/3586427_16953508215678_500.jpg,False
2024-01,M,001005,맨투맨/스웨트,001,상의,12,2321863,urbandtype,어반디타입,LT431_러닝클럽 럭비 맨투맨_네이비,https://image.msscdn.net/images/goods_img/20220124/2321863/2321863_17412290878675_500.jpg,False
2024-01,M,001005,맨투맨/스웨트,001,상의,13,1642887,musinsastandard,무신사 스탠다드,헤비웨이트 오버사이즈 스웨트셔츠 [블랙],https://image.msscdn.net/images/goods_img/20201012/1642887/1642887_16941344654704_500.jpg,False
2024-01,M,001005,맨투맨/스웨트,001,상의,14,2131210,twn,티떠블유엔,시티크루 맨투맨 딥그린 EYMT3406,https://image.msscdn.net/images/goods_img/20210914/2131210/2131210_1_500.jpg,False
2024-01,M,001005,맨투맨/스웨트,001,상의,15,2085361,jemut,제멋,헤이즈 오버핏 스웨트셔츠 [쭈리/기모] 차콜 KJMT2369 / KJMT2400,https://image.msscdn.net/images/goods_img/20210825/2085361/2085361_1_500.jpg,False
2024-01,M,001005,맨투맨/스웨트,001,상의,16,2171559,filluminate,필루미네이트,오버핏 아치 로고 스웨트 셔츠-그린,https://image.msscdn.net/images/goods_img/20211011/2171559/2171559_17610214898235_500.jpg,False
2024-01,M,001005,맨투맨/스웨트,001,상의,17,2970543,slowacid,슬로우애시드,피치스킨 러스티 로고 스웨트셔츠 [옐로우그린],https://image.msscdn.net/images/goods_img/20221202/2970543/2970543_2_500.jpg,False
2024-01,M,001005,맨투맨/스웨트,001,상의,18,3603793,lee,리,[22FW] 빅 트위치 루즈핏 맨투맨 NAVY,https://image.msscdn.net/images/goods_img/20231005/3603793/3603793_16964696050571_500.jpg,False
2024-01,M,001005,맨투맨/스웨트,001,상의,19,2705740,musinsastandard,무신사 스탠다드,오버사이즈 스웨트셔츠 [블랙],https://image.msscdn.net/images/goods_img/20220809/2705740/2705740_17530785398802_500.jpg,False
2024-01,M,001005,맨투맨/스웨트,001,상의,20,1155974,sovermentwithlomort,소버먼트,950G 솔리드 맨투맨-딥 블랙-[오버핏],https://image.msscdn.net/images/goods_img/20190917/1155974/1155974_17243899051062_500.jpg,False
2024-01,M,001005,맨투맨/스웨트,001,상의,21,2725585,slowacid,슬로우애시드,블러리 로고 스웨트셔츠 [블랙],https://image.msscdn.net/images/goods_img/20220818/2725585/2725585_17253271594882_500.jpg,False
2024-01,M,001005,맨투맨/스웨트,001,상의,22,1679943,vivastudio,비바스튜디오,RETRIEVER CREWNECK [NAVY],https://image.msscdn.net/images/goods_img/20201105/1679943/1679943_17096910334702_500.jpg,False
2024-01,M,001005,맨투맨/스웨트,001,상의,23,3679136,yale,예일,(23FW) EMBROIDERY UNIVERSITY DAN CREWNECK GRAY,https://image.msscdn.net/images/goods_img/20231102/3679136/3679136_16989050113141_500.jpg,False
2024-01,M,001005,맨투맨/스웨트,001,상의,24,2305875,thomasmore,토마스모어,TE5-TS0110 사커스웨트-미구엘,https://image.msscdn.net/images/goods_img/20220113/2305875/2305875_2_500.jpg,False
2024-01,M,001005,맨투맨/스웨트,001,상의,25,1557508,ebbetsfield,이벳필드,베츠 어센틱 맨투맨 그레이,https://image.msscdn.net/images/goods_img/20200820/1557508/1557508_17036407795824_500.jpg,False
2024-01,M,001005,맨투맨/스웨트,001,상의,26,2096929,filluminate,필루미네이트,오버핏 아치 로고 스웨트 셔츠-와인,https://image.msscdn.net/images/goods_img/20210830/2096929/2096929_17694893963080_500.jpg,False
2024-01,M,001005,맨투맨/스웨트,001,상의,27,1590000,sovermentwithlomort,소버먼트,950G 솔리드 맨투맨-딥 블랙-[세미 오버핏],https://image.msscdn.net/images/goods_img/20200908/1590000/1590000_17243901202394_500.jpg,False
2024-01,M,001005,맨투맨/스웨트,001,상의,28,3459868,outstanding,아웃스탠딩,V.S.C SWEAT(VERMONT)_WINE,https://image.msscdn.net/images/goods_img/20230810/3459868/3459868_17703631001748_500.jpg,False
2024-01,M,001005,맨투맨/스웨트,001,상의,29,1582366,sovermentwithlomort,소버먼트,980G 피그먼트 맨투맨-스톤 네이비-,https://image.msscdn.net/images/goods_img/20200903/1582366/1582366_1_500.jpg,False
2024-01,M,001005,맨투맨/스웨트,001,상의,30,3475395,wednesdayoasis,웬즈데이오아시스,[기모버전추가]시그니처 오버핏 맨투맨 6COLOR,https://image.msscdn.net/images/goods_img/20230818/3475395/3475395_17726028146723_500.jpg,False
2024-01,M,001004,후드 티셔츠,001,상의,1,3533480,ezkaton,에즈카톤,스페이스 헤비코튼 후드 버건디 KMHD6723,https://image.msscdn.net/images/goods_img/20230906/3533480/3533480_16939610292721_500.jpg,False
2024-01,M,001004,후드 티셔츠,001,상의,2,2314616,toffee,토피,에센셜 후드 스웻 셔츠 (MELANGE GREY),https://image.msscdn.net/images/goods_img/20220119/2314616/2314616_1_500.jpg,False
2024-01,M,001004,후드 티셔츠,001,상의,3,2105452,sovermentwithlomort,소버먼트,980G 피그먼트 컷 후드-차콜-,https://image.msscdn.net/images/goods_img/20210902/2105452/2105452_17243903059688_500.jpg,False
2024-01,M,001004,후드 티셔츠,001,상의,4,1615829,jemut,제멋,로그 오버핏 기모 후드 그레이 YHHD2302,https://image.msscdn.net/images/goods_img/20200922/1615829/1615829_1_500.jpg,False
2024-01,M,001004,후드 티셔츠,001,상의,5,2990516,1989standard,1989스탠다드,RV_OUR 1989 후드 (STHSTD-0004),https://image.msscdn.net/images/goods_img/20221220/2990516/2990516_17865211299718_500.jpg,False
2024-01,M,001004,후드 티셔츠,001,상의,6,2995119,trillion,트릴리온,컬러 배색 1992 그래픽 후드 (NAVY),https://image.msscdn.net/images/goods_img/20221223/2995119/2995119_1_500.jpg,False
2024-01,M,001004,후드 티셔츠,001,상의,7,3540248,thisisneverthat,디스이즈네버댓,(FW23) T-Logo Hoodie Heather Grey,https://image.msscdn.net/images/goods_img/20230907/3540248/3540248_16945804828166_500.jpg,False
2024-01,M,001004,후드 티셔츠,001,상의,8,2106705,twn,티떠블유엔,슬레이크 후드 올리브 HHHD3397,https://image.msscdn.net/images/goods_img/20210902/2106705/2106705_1_500.jpg,False
2024-01,M,001004,후드 티셔츠,001,상의,9,2990463,1989standard,1989스탠다드,SMALL CENTER 후드 (STHSTD-0015),https://image.msscdn.net/images/goods_img/20221220/2990463/2990463_17865217728190_500.jpg,False
2024-01,M,001004,후드 티셔츠,001,상의,10,3533479,ezkaton,에즈카톤,스페이스 헤비코튼 후드 딥그레이 KMHD6723,https://image.msscdn.net/images/goods_img/20230906/3533479/3533479_16939610237936_500.jpg,False
2024-01,M,001004,후드 티셔츠,001,상의,11,2374814,sovermentwithlomort,소버먼트,950G 솔리드 후드-딥 블랙-,https://image.msscdn.net/images/goods_img/20220221/2374814/2374814_2_500.jpg,False
2024-01,M,001004,후드 티셔츠,001,상의,12,2109937,moo,엠오오,피치스킨 벌룬오버 후드 - 블랙,https://image.msscdn.net/images/goods_img/20210906/2109937/2109937_1_500.jpg,False
2024-01,M,001004,후드 티셔츠,001,상의,13,3540245,thisisneverthat,디스이즈네버댓,(FW23) T-Logo Hoodie Black,https://image.msscdn.net/images/goods_img/20230907/3540245/3540245_16945806386109_500.jpg,False
2024-01,M,001004,후드 티셔츠,001,상의,14,1642904,musinsastandard,무신사 스탠다드,헤비웨이트 오버사이즈 후디드 스웨트셔츠 [미디엄 그레이],https://image.msscdn.net/images/goods_img/20201012/1642904/1642904_17503170317321_500.jpg,False
2024-01,M,001004,후드 티셔츠,001,상의,15,3012570,travel,트래블,워크샵 디비전 피그먼트 후드티 블랙 차콜,https://image.msscdn.net/images/goods_img/20230110/3012570/3012570_17297289543676_500.jpg,False
2024-01,M,001004,후드 티셔츠,001,상의,16,2374788,sovermentwithlomort,소버먼트,950G 솔리드 후드-8% 멜란지 그레이-,https://image.msscdn.net/images/goods_img/20220221/2374788/2374788_2_500.jpg,False
2024-01,M,001004,후드 티셔츠,001,상의,17,3533482,ezkaton,에즈카톤,스페이스 헤비코튼 후드 카키 KMHD6723,https://image.msscdn.net/images/goods_img/20230906/3533482/3533482_16939610408178_500.jpg,False
2024-01,M,001004,후드 티셔츠,001,상의,18,1861935,frizmworks,프리즘웍스,OG PIGMENT DYEING HOODY 002 _ CHARCOAL,https://image.msscdn.net/images/goods_img/20210324/1861935/1861935_16771339991877_500.jpg,False
2024-01,M,001004,후드 티셔츠,001,상의,19,3544148,elimeno,엘리메노,[2PACK] EL 스트리트 아트워크 오버핏 후드티 2종 패키지,https://image.msscdn.net/images/goods_img/20230908/3544148/3544148_17253423469237_500.jpg,False
2024-01,M,001004,후드 티셔츠,001,상의,20,1642903,musinsastandard,무신사 스탠다드,헤비웨이트 오버사이즈 후디드 스웨트셔츠 [블랙],https://image.msscdn.net/images/goods_img/20201012/1642903/1642903_17503170650419_500.jpg,False
2024-01,M,001004,후드 티셔츠,001,상의,21,1211169,avan,어반드레스,UNISEX LAUREL OVERSIZED HOODIE,https://image.msscdn.net/images/goods_img/20191103/1211169/1211169_9_500.jpg,False
2024-01,M,001004,후드 티셔츠,001,상의,22,3540249,thisisneverthat,디스이즈네버댓,(FW23) T-Logo Hoodie Navy,https://image.msscdn.net/images/goods_img/20230907/3540249/3540249_16945806034710_500.jpg,False
2024-01,M,001004,후드 티셔츠,001,상의,23,2722805,brownbreath,브라운브레스,TAG OG HOODIE - BURGUNDY,https://image.msscdn.net/images/goods_img/20220817/2722805/2722805_17685233788556_500.jpg,False
2024-01,M,001004,후드 티셔츠,001,상의,24,3048820,twn,티떠블유엔,왓이브 후드 그레이 HHHD3472,https://image.msscdn.net/images/goods_img/20230131/3048820/3048820_16751280763239_500.jpg,False
2024-01,M,001004,후드 티셔츠,001,상의,25,3773791,mahagrid,마하그리드,BLESS HOODIE KHAKI(MG2ESMM408A),https://image.msscdn.net/images/goods_img/20240103/3773791/3773791_17052988889087_500.jpg,False
2024-01,M,001004,후드 티셔츠,001,상의,26,1615822,jemut,제멋,로그 오버핏 기모 후드 블랙 YHHD2302,https://image.msscdn.net/images/goods_img/20200922/1615822/1615822_2_500.jpg,False
2024-01,M,001004,후드 티셔츠,001,상의,27,2106707,twn,티떠블유엔,슬레이크 후드 네이비 HHHD3397,https://image.msscdn.net/images/goods_img/20210902/2106707/2106707_1_500.jpg,False
2024-01,M,001004,후드 티셔츠,001,상의,28,3463299,yale,예일,투톤아치 후드_블랙,https://image.msscdn.net/images/goods_img/20230814/3463299/3463299_17558301091052_500.jpg,False
2024-01,M,001004,후드 티셔츠,001,상의,29,3083790,jemut,제멋,아크 롤링 오버핏 기모 후드 5종 네이비 SOHD2469,https://image.msscdn.net/images/goods_img/20230215/3083790/3083790_16764231368684_500.jpg,False
2024-01,M,001004,후드 티셔츠,001,상의,30,2329895,vivastudio,비바스튜디오,RESEARCH HOODIE [KHAKI],https://image.msscdn.net/images/goods_img/20220126/2329895/2329895_17399479264998_500.jpg,False
2024-01,M,001002,셔츠/블라우스,001,상의,1,983339,musinsastandard,무신사 스탠다드,베이식 드레스 셔츠 [화이트],https://image.msscdn.net/images/goods_img/20190315/983339/983339_17833270978891_500.jpg,False
2024-01,M,001002,셔츠/블라우스,001,상의,2,994588,filluminate,필루미네이트,옵티멀 베이직 셔츠-화이트[린넨＆옥스포드 선택],https://image.msscdn.net/images/goods_img/20190326/994588/994588_17878791359967_500.jpg,False
2024-01,M,001002,셔츠/블라우스,001,상의,3,728000,musinsastandard,무신사 스탠다드,베이식 옥스포드 셔츠 [화이트],https://image.msscdn.net/images/goods_img/20180305/728000/728000_17286256542856_500.jpg,False
2024-01,M,001002,셔츠/블라우스,001,상의,4,2154603,wvproject,더블유브이프로젝트,프레첼 코듀로이 셔츠 카키브라운 JJLS7525,https://image.msscdn.net/images/goods_img/20210930/2154603/2154603_1_500.jpg,False
2024-01,M,001002,셔츠/블라우스,001,상의,5,2272830,spao,스파오,[링클프리] 오버핏 옥스포드 셔츠_SPYWE49C51,https://image.msscdn.net/images/goods_img/20211220/2272830/2272830_17367269722110_500.jpg,False
2024-01,M,001002,셔츠/블라우스,001,상의,6,2065703,unionblue,유니온블루,LAUNDRY SHIRT (WHITE),https://image.msscdn.net/images/goods_img/20210817/2065703/2065703_2_500.jpg,False
2024-01,M,001002,셔츠/블라우스,001,상의,7,2375962,unionblue,유니온블루,LAUNDRY SHIRT (LAVENDER GRAY),https://image.msscdn.net/images/goods_img/20220222/2375962/2375962_1_500.jpg,False
2024-01,M,001002,셔츠/블라우스,001,상의,8,2093486,musinsastandard,무신사 스탠다드,오버사이즈 옥스포드 셔츠 [화이트],https://image.msscdn.net/images/goods_img/20210827/2093486/2093486_17664777095332_500.jpg,False
2024-01,M,001002,셔츠/블라우스,001,상의,9,3726789,unionblue,유니온블루,LAUNDRY SHIRT (PURPLE GRAY),https://image.msscdn.net/images/goods_img/20231121/3726789/3726789_17787407940975_500.jpg,False
2024-01,M,001002,셔츠/블라우스,001,상의,10,3154713,drawfit,드로우핏,[드로우핏X깡스타일리스트] 페이퍼 코튼 오버핏 셔츠 [L.GREY],https://image.msscdn.net/images/goods_img/20230316/3154713/3154713_17567923672417_500.jpg,False
2024-01,M,001002,셔츠/블라우스,001,상의,11,1875849,musinsastandard,무신사 스탠다드,링클프리 드레스 셔츠 [화이트],https://image.msscdn.net/images/goods_img/20210401/1875849/1875849_3_500.jpg,False
2024-01,M,001002,셔츠/블라우스,001,상의,12,3045995,asp,애습,올데이 컴피 60수 셔츠 올리브 카키,https://image.msscdn.net/images/goods_img/20230130/3045995/3045995_17889276638016_500.jpg,False
2024-01,M,001002,셔츠/블라우스,001,상의,13,1706633,poloralphlauren,폴로 랄프 로렌,커스텀핏 옥스포드 셔츠 - 화이트,https://image.msscdn.net/images/goods_img/20201130/1706633/1706633_16932921087582_500.jpg,False
2024-01,M,001002,셔츠/블라우스,001,상의,14,2065712,unionblue,유니온블루,LAUNDRY SHIRT (SKY BLUE),https://image.msscdn.net/images/goods_img/20210817/2065712/2065712_2_500.jpg,False
2024-01,M,001002,셔츠/블라우스,001,상의,15,3154715,drawfit,드로우핏,[드로우핏X깡스타일리스트] 페이퍼 코튼 오버핏 셔츠 [SKY BLUE],https://image.msscdn.net/images/goods_img/20230316/3154715/3154715_17567923346983_500.jpg,False
2024-01,M,001002,셔츠/블라우스,001,상의,16,2305840,thomasmore,토마스모어,TE5-SH08 프렌치 스트라이프 셔츠-네이비,https://image.msscdn.net/images/goods_img/20220113/2305840/2305840_2_500.jpg,False
2024-01,M,001002,셔츠/블라우스,001,상의,17,3154716,drawfit,드로우핏,[드로우핏X깡스타일리스트] 페이퍼 코튼 오버핏 셔츠 [WHITE],https://image.msscdn.net/images/goods_img/20230316/3154716/3154716_17567923147254_500.jpg,False
2024-01,M,001002,셔츠/블라우스,001,상의,18,3017681,tleyoung,틀영,올데이 스트라이프 셔츠_Gray,https://image.msscdn.net/images/goods_img/20230110/3017681/3017681_17206913946336_500.jpg,False
2024-01,M,001002,셔츠/블라우스,001,상의,19,1574264,takeasy,테이크이지,시티 스트라이프 오버 셔츠(시티블랙),https://image.msscdn.net/images/goods_img/20200901/1574264/1574264_1_500.jpg,False
2024-01,M,001002,셔츠/블라우스,001,상의,20,983341,musinsastandard,무신사 스탠다드,베이식 드레스 셔츠 [블랙],https://image.msscdn.net/images/goods_img/20190315/983341/983341_1_500.jpg,False
2024-01,M,001002,셔츠/블라우스,001,상의,21,2847052,veryvain,베리베인,OVER RUSTLE SHIRTS (WHITE),https://image.msscdn.net/images/goods_img/20221007/2847052/2847052_1_500.jpg,False
2024-01,M,001002,셔츠/블라우스,001,상의,22,1973463,asp,애습,올데이 컴피 60수 셔츠 딥 차콜,https://image.msscdn.net/images/prd_img/20210528/1973463/detail_1973463_17889248030668_500.jpg,False
2024-01,M,001002,셔츠/블라우스,001,상의,23,983819,musinsastandard,무신사 스탠다드,릴렉스 핏 실키 셔츠 [블랙],https://image.msscdn.net/images/goods_img/20190315/983819/983819_17509060225875_500.jpg,False
2024-01,M,001002,셔츠/블라우스,001,상의,24,3531241,frizmworks,프리즘웍스,PIGMENT 8W CORDUROY SHIRT _ PINK,https://image.msscdn.net/images/goods_img/20230905/3531241/3531241_16946117878967_500.jpg,False
2024-01,M,001002,셔츠/블라우스,001,상의,25,3154711,drawfit,드로우핏,[드로우핏X깡스타일리스트] 코지드 스트라이프 셔츠 [BLACK],https://image.msscdn.net/images/goods_img/20230316/3154711/3154711_17567924107848_500.jpg,False
2024-01,M,001002,셔츠/블라우스,001,상의,26,2305844,thomasmore,토마스모어,TE5-SH07 페이퍼셔츠-화이트,https://image.msscdn.net/images/goods_img/20220113/2305844/2305844_3_500.jpg,False
2024-01,M,001002,셔츠/블라우스,001,상의,27,3642552,goodlifeworks,굿라이프웍스,오버핏 헤비 투 포켓 체크 셔츠 자켓 블랙,https://image.msscdn.net/images/goods_img/20231019/3642552/3642552_16977708114775_500.jpg,False
2024-01,M,001002,셔츠/블라우스,001,상의,28,1706634,poloralphlauren,폴로 랄프 로렌,커스텀핏 옥스포드 셔츠 - 블루,https://image.msscdn.net/images/goods_img/20201130/1706634/1706634_16829933327992_500.jpg,False
2024-01,M,001002,셔츠/블라우스,001,상의,29,1009551,filluminate,필루미네이트,[3 Color]오버핏 글림 스트라이프 셔츠,https://image.msscdn.net/images/goods_img/20190410/1009551/1009551_17424338066194_500.jpg,False
2024-01,M,001002,셔츠/블라우스,001,상의,30,2445583,thomasmore,토마스모어,TE5-SH08 프렌치 스트라이프 셔츠-그레이 그린,https://image.msscdn.net/images/goods_img/20220325/2445583/2445583_1_500.jpg,False
2024-01,M,001010,긴소매 티셔츠,001,상의,1,2149254,musinsastandard,무신사 스탠다드,베이식 긴팔 티셔츠 2팩,https://image.msscdn.net/images/goods_img/20210928/2149254/2149254_17138588137724_500.jpg,False
2024-01,M,001010,긴소매 티셔츠,001,상의,2,2705733,musinsastandard,무신사 스탠다드,레이어드 크루 넥 긴팔 티셔츠_일반 기장 [화이트],https://image.msscdn.net/images/goods_img/20220809/2705733/2705733_17834023116275_500.jpg,False
2024-01,M,001010,긴소매 티셔츠,001,상의,3,3050501,jeleve,제이엘브,[2PACK] 루즈핏 롱슬리브,https://image.msscdn.net/images/goods_img/20230131/3050501/3050501_17876305136732_500.jpg,False
2024-01,M,001010,긴소매 티셔츠,001,상의,4,1144989,musinsastandard,무신사 스탠다드,베이식 긴팔 티셔츠 [화이트],https://image.msscdn.net/images/goods_img/20190905/1144989/1144989_17509081256971_500.jpg,False
2024-01,M,001010,긴소매 티셔츠,001,상의,5,407067,drawfit,드로우핏,하이 벤트 레이어드 티셔츠 [WHITE],https://image.msscdn.net/images/goods_img/20160907/407067/407067_17706155614386_500.jpg,False
2024-01,M,001010,긴소매 티셔츠,001,상의,6,404474,brenson,브렌슨,(Renew Ver.) 베이직 긴팔티셔츠 4종 ( 5Color ),https://image.msscdn.net/images/goods_img/20160902/404474/404474_17896942545657_500.jpg,False
2024-01,M,001010,긴소매 티셔츠,001,상의,7,3581743,outstanding,아웃스탠딩,[2PACK]VINTAGE WASHING LONG SLEEVE TEE_VINTAGE OLIVE/VINTAGE CHARCOAL,https://image.msscdn.net/images/goods_img/20230921/3581743/3581743_17863310526444_500.jpg,False
2024-01,M,001010,긴소매 티셔츠,001,상의,8,2901340,jeleve,제이엘브,루즈핏 롱슬리브,https://image.msscdn.net/images/prd_img/20221028/2901340/detail_2901340_17872707889774_500.jpg,False
2024-01,M,001010,긴소매 티셔츠,001,상의,9,3481226,musinsastandard,무신사 스탠다드,[힛탠다드] 크루 넥 긴팔 티셔츠 [화이트],https://image.msscdn.net/images/goods_img/20230821/3481226/3481226_17530885489121_500.jpg,False
2024-01,M,001010,긴소매 티셔츠,001,상의,10,1841332,musinsastandard,무신사 스탠다드,헤비웨이트 릴렉스드 크루 넥 긴팔 티셔츠 [화이트],https://image.msscdn.net/images/goods_img/20210312/1841332/1841332_2_500.jpg,False
2024-01,M,001010,긴소매 티셔츠,001,상의,11,996233,musinsastandard,무신사 스탠다드,크루 넥 긴팔 티셔츠 [화이트],https://image.msscdn.net/images/goods_img/20190327/996233/996233_17049525996602_500.jpg,False
2024-01,M,001010,긴소매 티셔츠,001,상의,12,394608,compagno,꼼파뇨,Longsleeve 무지 긴팔티 블랙,https://image.msscdn.net/images/goods_img/20160812/394608/394608_2_500.jpg,False
2024-01,M,001010,긴소매 티셔츠,001,상의,13,996234,musinsastandard,무신사 스탠다드,크루 넥 긴팔 티셔츠 [블랙],https://image.msscdn.net/images/goods_img/20190327/996234/996234_16921677724998_500.jpg,False
2024-01,M,001010,긴소매 티셔츠,001,상의,14,1190264,musinsastandard,무신사 스탠다드,폰테 크루 넥 긴팔 티셔츠 [오프 화이트],https://image.msscdn.net/images/goods_img/20191016/1190264/1190264_6_500.jpg,False
2024-01,M,001010,긴소매 티셔츠,001,상의,15,3487501,volante,볼란테,Voltex Half zip Compression [Black],https://image.msscdn.net/images/goods_img/20230822/3487501/3487501_17484839945015_500.jpg,False
2024-01,M,001010,긴소매 티셔츠,001,상의,16,1265162,trillion,트릴리온,[2PACK] 에센셜 레이어드 롱 슬리브 티셔츠,https://image.msscdn.net/images/goods_img/20200108/1265162/1265162_17231063868802_500.jpg,False
2024-01,M,001010,긴소매 티셔츠,001,상의,17,1190282,musinsastandard,무신사 스탠다드,폰테 터틀 넥 긴팔 티셔츠 [블랙],https://image.msscdn.net/images/goods_img/20191016/1190282/1190282_3_500.jpg,False
2024-01,M,001010,긴소매 티셔츠,001,상의,18,3789914,yale,예일,[시그니처] COMFORTABLE MOCKNECK LONG SLEEVE T-SHIRT,https://image.msscdn.net/images/goods_img/20240111/3789914/3789914_17065293359477_500.jpg,False
2024-01,M,001010,긴소매 티셔츠,001,상의,19,1129745,musinsastandard,무신사 스탠다드,베이식 긴팔 티셔츠 [블랙],https://image.msscdn.net/images/goods_img/20190826/1129745/1129745_17509079382483_500.jpg,False
2024-01,M,001010,긴소매 티셔츠,001,상의,20,1272823,esn,이에스엔,[SET] 퓨어 헤비 티셔츠,https://image.msscdn.net/images/goods_img/20200116/1272823/1272823_17242049001893_500.jpg,False
2024-01,M,001010,긴소매 티셔츠,001,상의,21,3066189,lmc,엘엠씨,AEROCOOL LONG SLV TEE 2PACK none,https://image.msscdn.net/images/goods_img/20230207/3066189/3066189_17797561475320_500.jpg,False
2024-01,M,001010,긴소매 티셔츠,001,상의,22,2818019,musinsastandard,무신사 스탠다드,[쿨탠다드] 크루 넥 긴팔 티셔츠 2팩,https://image.msscdn.net/images/goods_img/20220926/2818019/2818019_17133380703948_500.jpg,False
2024-01,M,001010,긴소매 티셔츠,001,상의,23,1173551,xero,제로,Oversize Water Washed L/S T-Shirts [Charcoal],https://image.msscdn.net/images/goods_img/20191001/1173551/1173551_1_500.jpg,False
2024-01,M,001010,긴소매 티셔츠,001,상의,24,3468359,iey,이에이,OVER MOTION LOGO LONG SLEEVE T-SHIRT Red,https://image.msscdn.net/images/goods_img/20230816/3468359/3468359_16922678640491_500.jpg,False
2024-01,M,001010,긴소매 티셔츠,001,상의,25,2768838,sovermentwithlomort,소버먼트,460G 컷 헤비 피그먼트 롱 슬리브-차콜-,https://image.msscdn.net/images/goods_img/20220905/2768838/2768838_17182794877659_500.jpg,False
2024-01,M,001010,긴소매 티셔츠,001,상의,26,1190268,musinsastandard,무신사 스탠다드,폰테 크루 넥 긴팔 티셔츠 [블랙],https://image.msscdn.net/images/goods_img/20191016/1190268/1190268_4_500.jpg,False
2024-01,M,001010,긴소매 티셔츠,001,상의,27,394585,compagno,꼼파뇨,Longsleeve 무지 긴팔티 화이트,https://image.msscdn.net/images/goods_img/20160812/394585/394585_2_500.jpg,False
2024-01,M,001010,긴소매 티셔츠,001,상의,28,2777064,oxstudios,오엑스 스튜디오,코지 터틀넥 티셔츠 (블랙),https://image.msscdn.net/images/goods_img/20220907/2777064/2777064_17729855736864_500.jpg,False
2024-01,M,001010,긴소매 티셔츠,001,상의,29,3238682,hugvone,허그본,드라이 오버핏 롱슬리브 3컬러,https://image.msscdn.net/images/goods_img/20230417/3238682/3238682_17457962571813_500.jpg,False
2024-01,M,001010,긴소매 티셔츠,001,상의,30,2785341,shakawear,샤카웨어,[2PACK] 7.5oz 맥스 헤비웨이트 무지 오버핏 긴팔티,https://image.msscdn.net/images/goods_img/20220913/2785341/2785341_1_500.jpg,False
2024-01,M,001001,반소매 티셔츠,001,상의,1,2086653,musinsastandard,무신사 스탠다드,레이어드 크루 넥 반팔 티셔츠_일반 기장 [화이트],https://image.msscdn.net/images/goods_img/20210825/2086653/2086653_17772494800708_500.jpg,False
2024-01,M,001001,반소매 티셔츠,001,상의,2,2122566,musinsastandard,무신사 스탠다드,레이어드 크루 넥 반팔 티셔츠_일반 기장 2팩,https://image.msscdn.net/images/goods_img/20210910/2122566/2122566_17133406834875_500.jpg,False
2024-01,M,001001,반소매 티셔츠,001,상의,3,1382658,musinsastandard,무신사 스탠다드,레이어드 크루 넥 반팔 티셔츠_긴 기장 [화이트],https://image.msscdn.net/images/goods_img/20200402/1382658/1382658_17048730367124_500.jpg,False
2024-01,M,001001,반소매 티셔츠,001,상의,4,2186292,printstar,프린트스타,[2PACK]5.6oz 17수 기본 무지 반팔 티셔츠 남녀공용_화이트/블랙,https://image.msscdn.net/images/goods_img/20211019/2186292/2186292_17449428631026_500.jpg,False
2024-01,M,001001,반소매 티셔츠,001,상의,5,996177,musinsastandard,무신사 스탠다드,릴렉스 핏 크루 넥 반팔 티셔츠 [화이트],https://image.msscdn.net/images/goods_img/20190327/996177/996177_17845258066104_500.jpg,False
2024-01,M,001001,반소매 티셔츠,001,상의,6,345889,fp142muji,페플,[2PACK] 더블코튼 무지반팔  2PACK KHST1011,https://image.msscdn.net/images/goods_img/20160429/345889/345889_17156464525677_500.jpg,False
2024-01,M,001001,반소매 티셔츠,001,상의,7,2690691,hugvone,허그본,무지 머슬핏 반팔 5컬러,https://image.msscdn.net/images/goods_img/20220801/2690691/2690691_17090175122341_500.jpg,False
2024-01,M,001001,반소매 티셔츠,001,상의,8,2034137,musinsastandard,무신사 스탠다드,릴렉스 핏 크루 넥 반팔 티셔츠 2팩,https://image.msscdn.net/images/goods_img/20210719/2034137/2034137_17821170123912_500.jpg,False
2024-01,M,001001,반소매 티셔츠,001,상의,9,3158061,hadex,에이치덱스,[2pack] 메인 스몰 로고 에어 머슬핏 숏 슬리브,https://image.msscdn.net/images/goods_img/20230317/3158061/3158061_17581635208529_500.jpg,False
2024-01,M,001001,반소매 티셔츠,001,상의,10,2029969,glimmer,글리머,[3PACK] 에어쿨링 드라이 기능성 무지 반팔티,https://image.msscdn.net/images/goods_img/20210715/2029969/2029969_17151440658556_500.jpg,False
2024-01,M,001001,반소매 티셔츠,001,상의,11,1685307,mindbridge,마인드브릿지,[3팩]고밀도순면기본반팔티셔츠  MATS0101,https://image.msscdn.net/images/goods_img/20201110/1685307/1685307_17247259744795_500.jpg,False
2024-01,M,001001,반소매 티셔츠,001,상의,12,2448091,printstar,프린트스타,[2PACK] 7.4oz 헤비 웨이트 라운드 오버핏 무지 반팔티 화이트/블랙,https://image.msscdn.net/images/goods_img/20220328/2448091/2448091_17449355637382_500.jpg,False
2024-01,M,001001,반소매 티셔츠,001,상의,13,3341803,elimeno,엘리메노,[2PACK] EL 스트리트 아트워크 오버핏 반팔티 2종 2PACK,https://image.msscdn.net/images/goods_img/20230601/3341803/3341803_17152378354266_500.jpg,False
2024-01,M,001001,반소매 티셔츠,001,상의,14,1815503,giordano,지오다노,[2PACK] 레이어드 반팔 티셔츠 021541 [2color],https://image.msscdn.net/images/goods_img/20210225/1815503/1815503_16974346903486_500.jpg,False
2024-01,M,001001,반소매 티셔츠,001,상의,15,1944612,sovermentwithlomort,소버먼트,460G 컷 헤비 피그먼트 티셔츠-차콜-,https://image.msscdn.net/images/goods_img/20210511/1944612/1944612_17153307977903_500.jpg,False
2024-01,M,001001,반소매 티셔츠,001,상의,16,3223007,brenson,브렌슨,( 2PACK ) 퓨어코튼 레이어드 체인 반팔티,https://image.msscdn.net/images/goods_img/20230411/3223007/3223007_17152355484963_500.jpg,False
2024-01,M,001001,반소매 티셔츠,001,상의,17,2122565,musinsastandard,무신사 스탠다드,레이어드 크루 넥 반팔 티셔츠_긴 기장 2팩,https://image.msscdn.net/images/goods_img/20210910/2122565/2122565_17133413289986_500.jpg,False
2024-01,M,001001,반소매 티셔츠,001,상의,18,1848166,covernat,커버낫,[2PACK] 쿨 코튼 티셔츠 Black+White,https://image.msscdn.net/images/goods_img/20210316/1848166/1848166_17731083991583_500.jpg,False
2024-01,M,001001,반소매 티셔츠,001,상의,19,2086654,musinsastandard,무신사 스탠다드,레이어드 크루 넥 반팔 티셔츠_일반 기장 [블랙],https://image.msscdn.net/images/goods_img/20210825/2086654/2086654_17810573254045_500.jpg,False
2024-01,M,001001,반소매 티셔츠,001,상의,20,2035287,musinsastandard,무신사 스탠다드,[쿨탠다드] 릴렉스 핏 크루 넥 반팔 티셔츠 2팩,https://image.msscdn.net/images/goods_img/20210720/2035287/2035287_17805429050970_500.jpg,False
2024-01,M,001001,반소매 티셔츠,001,상의,21,2274644,shakawear,샤카웨어,[2PACK] 7.5oz 헤비웨이트 무지 오버핏 레이어드 반팔티,https://image.msscdn.net/images/goods_img/20211221/2274644/2274644_17484067635391_500.jpg,False
2024-01,M,001001,반소매 티셔츠,001,상의,22,2301177,printstar,프린트스타,[2PACK] 4.0oz 32수 라이트 웨이트 무지 반팔 티셔츠 남녀공용_화이트/블랙,https://image.msscdn.net/images/goods_img/20220111/2301177/2301177_17449446981146_500.jpg,False
2024-01,M,001001,반소매 티셔츠,001,상의,23,3086241,mozmoz,모즈모즈,[SET] 아치로고 오버핏 원턱 트레이닝쇼츠 셋업 백메란지,https://image.msscdn.net/images/goods_img/20230215/3086241/3086241_17150644966396_500.jpg,False
2024-01,M,001001,반소매 티셔츠,001,상의,24,3075254,musinsastandard,무신사 스탠다드,[쿨탠다드] 레이어드 크루 넥 반팔 티셔츠_일반기장 2팩,https://image.msscdn.net/images/goods_img/20230210/3075254/3075254_17133345260388_500.jpg,False
2024-01,M,001001,반소매 티셔츠,001,상의,25,2050094,musinsastandard,무신사 스탠다드,베이식 크루 넥 반팔 티셔츠 2팩,https://image.msscdn.net/images/goods_img/20210805/2050094/2050094_17138592561124_500.jpg,False
2024-01,M,001001,반소매 티셔츠,001,상의,26,996497,musinsastandard,무신사 스탠다드,베이식 크루 넥 반팔 티셔츠 [화이트],https://image.msscdn.net/images/goods_img/20190327/996497/996497_17507502602097_500.jpg,False
2024-01,M,001001,반소매 티셔츠,001,상의,27,996178,musinsastandard,무신사 스탠다드,릴렉스 핏 크루 넥 반팔 티셔츠 [블랙],https://image.msscdn.net/images/goods_img/20190327/996178/996178_17845256844062_500.jpg,False
2024-01,M,001001,반소매 티셔츠,001,상의,28,3079261,hadex,에이치덱스,메인 스몰 로고 에어 머슬핏 숏 슬리브,https://image.msscdn.net/images/goods_img/20230213/3079261/3079261_17790681858046_500.jpg,False
2024-01,M,001001,반소매 티셔츠,001,상의,29,2442409,yale,예일,[16수 코마사] 2PACK SMALL ARCH T-SHIRT WHITE / BLACK,https://image.msscdn.net/images/goods_img/20220324/2442409/2442409_17424359787816_500.jpg,False
2024-01,M,001001,반소매 티셔츠,001,상의,30,1838937,underarmour,언더아머,히트기어 아머 컴프레션 반팔 1361518-001,https://image.msscdn.net/images/goods_img/20210311/1838937/1838937_17225570434682_500.jpg,False
2024-01,M,001003,피케/카라 티셔츠,001,상의,1,3052053,drawfit,드로우핏,오버사이즈 벌룬 피케 스웨트 셔츠 [BLACK],https://image.msscdn.net/images/goods_img/20230201/3052053/3052053_16753905569091_500.jpg,False
2024-01,M,001003,피케/카라 티셔츠,001,상의,2,3454169,wkndrs,위캔더스,KELLOGGS FOOTBALL JERSEY (NAVY),https://image.msscdn.net/images/goods_img/20230809/3454169/3454169_16932079806315_500.jpg,False
2024-01,M,001003,피케/카라 티셔츠,001,상의,3,2364784,poloralphlauren,폴로 랄프 로렌,RL 플리스 럭비 - 네이비,https://image.msscdn.net/images/goods_img/20220216/2364784/2364784_1_500.jpg,False
2024-01,M,001003,피케/카라 티셔츠,001,상의,4,1387953,musinsastandard,무신사 스탠다드,롱 슬리브 피케 폴로 셔츠 [블랙],https://image.msscdn.net/images/goods_img/20200407/1387953/1387953_1_500.jpg,False
2024-01,M,001003,피케/카라 티셔츠,001,상의,5,1498092,poloralphlauren,폴로 랄프 로렌,커스텀 슬림핏 메시 폴로 셔츠 - 블랙,https://image.msscdn.net/images/goods_img/20200626/1498092/1498092_2_500.jpg,False
2024-01,M,001003,피케/카라 티셔츠,001,상의,6,1031260,lab12,랩12,25S/S 오버핏 피케티셔츠 (블랙),https://image.msscdn.net/images/goods_img/20190430/1031260/1031260_17163582756217_500.jpg,False
2024-01,M,001003,피케/카라 티셔츠,001,상의,7,2765431,brenson,브렌슨,릴렉스드 더블코튼 카라 긴팔티 ( 8Color ),https://image.msscdn.net/images/goods_img/20220902/2765431/2765431_17152175223066_500.jpg,False
2024-01,M,001003,피케/카라 티셔츠,001,상의,8,3052057,drawfit,드로우핏,오버사이즈 벌룬 피케 스웨트 셔츠 [GREY],https://image.msscdn.net/images/goods_img/20230201/3052057/3052057_16753905760408_500.jpg,False
2024-01,M,001003,피케/카라 티셔츠,001,상의,9,1848789,poloralphlauren,폴로 랄프 로렌,커스텀 슬림핏 메시 폴로 셔츠 - 화이트,https://image.msscdn.net/images/goods_img/20210317/1848789/1848789_2_500.jpg,False
2024-01,M,001003,피케/카라 티셔츠,001,상의,10,3123598,guernseywoollens,건지 울른스,코튼 긴팔 카라 니트 - 네이비,https://image.msscdn.net/images/goods_img/20230306/3123598/3123598_17091155816264_500.jpg,False
2024-01,M,001003,피케/카라 티셔츠,001,상의,11,3127048,romanticcrown,로맨틱크라운,[HP X RMTC] 07 럭비 셔츠_그린,https://image.msscdn.net/images/goods_img/20230307/3127048/3127048_16795533899772_500.jpg,False
2024-01,M,001003,피케/카라 티셔츠,001,상의,12,1387956,musinsastandard,무신사 스탠다드,롱 슬리브 피케 폴로 셔츠 [네이비],https://image.msscdn.net/images/goods_img/20200407/1387956/1387956_1_500.jpg,False
2024-01,M,001003,피케/카라 티셔츠,001,상의,13,3273391,jeleve,제이엘브,스탠다드 머슬핏 카라티,https://image.msscdn.net/images/goods_img/20230503/3273391/3273391_17102125662096_500.jpg,False
2024-01,M,001003,피케/카라 티셔츠,001,상의,14,3429416,lacoste,라코스테,남성 반집업 카라 티셔츠 SH997E-53N HDE,https://image.msscdn.net/images/goods_img/20230727/3429416/3429416_16940462975144_500.jpg,False
2024-01,M,001003,피케/카라 티셔츠,001,상의,15,2389198,dimitriblack,디미트리블랙,ASI 스트라이프 럭비 맨투맨 티셔츠 그린/네이비,https://image.msscdn.net/images/goods_img/20220228/2389198/2389198_17522135025091_500.jpg,False
2024-01,M,001003,피케/카라 티셔츠,001,상의,16,2500332,melangemaster,멜란지 마스터,오버 핏 스트라이프 럭비 셔츠 [네이비/그린],https://image.msscdn.net/images/goods_img/20220419/2500332/2500332_2_500.jpg,False
2024-01,M,001003,피케/카라 티셔츠,001,상의,17,2798627,thombrowne,톰브라운,코튼 시어서커 자카드 4 바 반소매 폴로 셔츠 - 라이트 그레이 / MKP073AY3007055,https://image.msscdn.net/images/goods_img/20220916/2798627/2798627_1_500.jpg,False
2024-01,M,001003,피케/카라 티셔츠,001,상의,18,1620273,poloralphlauren,폴로 랄프 로렌,커스텀 슬림핏 롱 슬리브 메시 폴로 - 블랙,https://image.msscdn.net/images/goods_img/20200923/1620273/1620273_2_500.jpg,False
2024-01,M,001003,피케/카라 티셔츠,001,상의,19,2227429,diamondlayla,다이아몬드 레이라,Oversize Out Pocket Cotton Collar Knit K9 Navy,https://image.msscdn.net/images/goods_img/20211111/2227429/2227429_17241180588459_500.jpg,False
2024-01,M,001003,피케/카라 티셔츠,001,상의,20,2765459,brenson,브렌슨,릴렉스드 더블코튼 카라 긴팔티 (블랙),https://image.msscdn.net/images/goods_img/20220902/2765459/2765459_1_500.jpg,False
2024-01,M,001003,피케/카라 티셔츠,001,상의,21,2500333,melangemaster,멜란지 마스터,오버 핏 스트라이프 럭비 셔츠 [네이비/옐로우],https://image.msscdn.net/images/goods_img/20220419/2500333/2500333_2_500.jpg,False
2024-01,M,001003,피케/카라 티셔츠,001,상의,22,2978582,musinsastandard,무신사 스탠다드,[쿨탠다드] 피케 폴로 셔츠 [스카이 블루],https://image.msscdn.net/images/goods_img/20221212/2978582/2978582_17135183220778_500.jpg,False
2024-01,M,001003,피케/카라 티셔츠,001,상의,23,1387957,musinsastandard,무신사 스탠다드,롱 슬리브 피케 폴로 셔츠 [머쉬룸],https://image.msscdn.net/images/goods_img/20200407/1387957/1387957_1_500.jpg,False
2024-01,M,001003,피케/카라 티셔츠,001,상의,24,3683527,malbongolf,말본 골프,[Health Seekers&Golfers] 컬러 블록 플로넥 스웨트 셔츠 BLACK,https://image.msscdn.net/images/goods_img/20231103/3683527/3683527_16989894064853_500.jpg,False
2024-01,M,001003,피케/카라 티셔츠,001,상의,25,2623789,guernseywoollens,건지 울른스,코튼 반팔 카라 니트 - 오렌지,https://image.msscdn.net/images/goods_img/20220620/2623789/2623789_17449410883209_500.jpg,False
2024-01,M,001003,피케/카라 티셔츠,001,상의,26,3022388,yale,예일,COLOR BLOCK PK CREWNECK GRAY / BLACK,https://image.msscdn.net/images/goods_img/20230112/3022388/3022388_16738310923707_500.jpg,False
2024-01,M,001003,피케/카라 티셔츠,001,상의,27,3094383,lacoste,라코스테,남성 클래식핏 L1212 폴로 셔츠 [블랙],https://image.msscdn.net/images/goods_img/20230220/3094383/3094383_16768799713710_500.jpg,False
2024-01,M,001003,피케/카라 티셔츠,001,상의,28,1894600,rvd,알브이디,무지 모달머슬핏 폴로셔츠 (블랙),https://image.msscdn.net/images/goods_img/20210412/1894600/1894600_16944837513148_500.jpg,False
2024-01,M,001003,피케/카라 티셔츠,001,상의,29,2723908,whatitisnt,와키윌리,ANGEL PK COLLAR LONG SLEEVE BLACK,https://image.msscdn.net/images/goods_img/20220818/2723908/2723908_3_500.jpg,False
2024-01,M,001003,피케/카라 티셔츠,001,상의,30,2507275,thombrowne,톰브라운,마이크로 RWB 써멀 반소매 폴로 셔츠 - 라이트 그레이 / MJP138A07999055,https://image.msscdn.net/images/goods_img/20220421/2507275/2507275_1_500.jpg,False
2024-01,M,001006,니트/스웨터,001,상의,1,3640949,trillion,트릴리온,워셔블 아란 케이블 후드 집업 니트 (CHARCOAL),https://image.msscdn.net/images/goods_img/20231019/3640949/3640949_17170490257806_500.jpg,False
2024-01,M,001006,니트/스웨터,001,상의,2,3468498,againstallodds,에이지오디,하프 집업 카라넥 케이블 니트 [카키],https://image.msscdn.net/images/goods_img/20230816/3468498/3468498_17322323551417_500.png,False
2024-01,M,001006,니트/스웨터,001,상의,3,1558847,suare,수아레,하프 터틀넥 니트 세트,https://image.msscdn.net/images/goods_img/20200821/1558847/1558847_17303488335987_500.jpg,False
2024-01,M,001006,니트/스웨터,001,상의,4,2139775,minimalcode,미니멀코드,소프트 필링 세미오버 라운드 니트 초코브라운,https://image.msscdn.net/images/goods_img/20210917/2139775/2139775_17204066649792_500.jpg,False
2024-01,M,001006,니트/스웨터,001,상의,5,2723767,suare,수아레,데일리 라운드 니트 - 12 COLOR,https://image.msscdn.net/images/goods_img/20220818/2723767/2723767_17292130151891_500.jpg,False
2024-01,M,001006,니트/스웨터,001,상의,6,1710327,blond9,블론드나인,크루넥 리브 니트 스웨터_블랙,https://image.msscdn.net/images/goods_img/20201202/1710327/1710327_1_500.jpg,False
2024-01,M,001006,니트/스웨터,001,상의,7,876284,filluminate,필루미네이트,[블랙]SET B-스테디 하프 폴라넥,https://image.msscdn.net/images/goods_img/20181010/876284/876284_17156659533611_500.jpg,False
2024-01,M,001006,니트/스웨터,001,상의,8,843276,esn,이에스엔,퍼펙트 터틀넥 니트 티셔츠 블랙,https://image.msscdn.net/images/goods_img/20180830/843276/843276_1_500.jpg,False
2024-01,M,001006,니트/스웨터,001,상의,9,3449015,suare,수아레,[SET] 이지 케어 워셔블 니트 세트,https://image.msscdn.net/images/goods_img/20230807/3449015/3449015_17169658443197_500.jpg,False
2024-01,M,001006,니트/스웨터,001,상의,10,2757451,knitted,니티드,[니티드X깡스타일리스트] 코튼 미니멀 라운드 니트 BLACK,https://image.msscdn.net/images/goods_img/20220831/2757451/2757451_17887596768191_500.jpg,False
2024-01,M,001006,니트/스웨터,001,상의,11,2775713,trillion,트릴리온,워셔블 하프 집업 카라넥 하찌 니트 (PURE BLACK),https://image.msscdn.net/images/goods_img/20220906/2775713/2775713_17587784648178_500.jpg,False
2024-01,M,001006,니트/스웨터,001,상의,12,2226767,drawfit,드로우핏,오버사이즈 집업 카라 터틀넥 니트 [5color],https://image.msscdn.net/images/goods_img/20211111/2226767/2226767_17567973647519_500.jpg,False
2024-01,M,001006,니트/스웨터,001,상의,13,3539176,trillion,트릴리온,워셔블 투 톤 크루넥 그래픽 니트 (BLACK),https://image.msscdn.net/images/goods_img/20230907/3539176/3539176_17170508638569_500.jpg,False
2024-01,M,001006,니트/스웨터,001,상의,14,1139175,lmood,엘무드,화란 세미오버 니트 블랙,https://image.msscdn.net/images/goods_img/20190902/1139175/1139175_17582630377296_500.png,False
2024-01,M,001006,니트/스웨터,001,상의,15,2184395,goodlifeworks,굿라이프웍스,마일드 보카시 크루넥 스웨터 오버핏 니트 블루,https://image.msscdn.net/images/goods_img/20211018/2184395/2184395_17659407136697_500.jpg,False
2024-01,M,001006,니트/스웨터,001,상의,16,3495320,suare,수아레,[SET] 스테디 니트 세트,https://image.msscdn.net/images/goods_img/20230824/3495320/3495320_17169653059246_500.jpg,False
2024-01,M,001006,니트/스웨터,001,상의,17,2684358,nomanual,노매뉴얼,CROPPED HAIRY KNIT - GRASS GREEN,https://image.msscdn.net/images/goods_img/20220727/2684358/2684358_17237907080769_500.jpg,False
2024-01,M,001006,니트/스웨터,001,상의,18,2760383,signature,시그니처,케이블 카라 니트[네이비],https://image.msscdn.net/images/goods_img/20220901/2760383/2760383_17424341371095_500.jpg,False
2024-01,M,001006,니트/스웨터,001,상의,19,2419002,espionage,에스피오나지,Miller Knit Sweater Burnt Orange,https://image.msscdn.net/images/goods_img/20220315/2419002/2419002_17875589104198_500.jpg,False
2024-01,M,001006,니트/스웨터,001,상의,20,1628939,musinsastandard,무신사 스탠다드,미니멀 크루 넥 니트 [블랙],https://image.msscdn.net/images/goods_img/20200928/1628939/1628939_17509083037775_500.jpg,False
2024-01,M,001006,니트/스웨터,001,상의,21,3481826,musinsastandard,무신사 스탠다드,리브드 니트 후디드 집업 [미디엄 그레이],https://image.msscdn.net/images/goods_img/20230821/3481826/3481826_17086552674504_500.jpg,False
2024-01,M,001006,니트/스웨터,001,상의,22,2723764,suare,수아레,하찌 카라 투웨이 집업 니트 - 6 COLOR,https://image.msscdn.net/images/goods_img/20220818/2723764/2723764_17580745068789_500.jpg,False
2024-01,M,001006,니트/스웨터,001,상의,23,3539904,dimitriblack,디미트리블랙,에센셜 헤어리 라운드 니트_라이트 그레이,https://image.msscdn.net/images/goods_img/20230907/3539904/3539904_17621471094273_500.jpg,False
2024-01,M,001006,니트/스웨터,001,상의,24,2139133,drawfit,드로우핏,[드로우핏X깡스타일리스트] 모크넥 니트 티셔츠 SET,https://image.msscdn.net/images/goods_img/20210917/2139133/2139133_17567927924799_500.jpg,False
2024-01,M,001006,니트/스웨터,001,상의,25,3539905,dimitriblack,디미트리블랙,에센셜 헤어리 라운드 니트_라이트 그린,https://image.msscdn.net/images/goods_img/20230907/3539905/3539905_17621471286374_500.jpg,False
2024-01,M,001006,니트/스웨터,001,상의,26,2226766,drawfit,드로우핏,오버사이즈 집업 카라 터틀넥 니트 [BLACK],https://image.msscdn.net/images/goods_img/20211111/2226766/2226766_16747012297761_500.jpg,False
2024-01,M,001006,니트/스웨터,001,상의,27,659554,esn,이에스엔,[세트]  하프 폴라 니트 티셔츠,https://image.msscdn.net/images/goods_img/20171025/659554/659554_17253315273762_500.jpg,False
2024-01,M,001006,니트/스웨터,001,상의,28,2775710,trillion,트릴리온,워셔블 하프 집업 카라넥 하찌 니트 (CURRENT NAVY),https://image.msscdn.net/images/goods_img/20220906/2775710/2775710_17171478285497_500.jpg,False
2024-01,M,001006,니트/스웨터,001,상의,29,3498319,againstallodds,에이지오디,크루넥 리브 오버핏 하찌 니트 - 8 COLOR [ONE OR TWO],https://image.msscdn.net/images/goods_img/20230825/3498319/3498319_17304420951267_500.png,False
2024-01,M,001006,니트/스웨터,001,상의,30,2396645,suare,수아레,워셔블 하찌 니트 - 12 COLOR,https://image.msscdn.net/images/goods_img/20220303/2396645/2396645_17248908183790_500.jpg,False
2024-01,M,001011,민소매 티셔츠,001,상의,1,2445153,51percent,51퍼센트,Irregular Logo embroidery Logo Sleeveless - BLACK,https://image.msscdn.net/images/goods_img/20220325/2445153/2445153_17446121911849_500.jpg,False
2024-01,M,001011,민소매 티셔츠,001,상의,2,2122564,musinsastandard,무신사 스탠다드,레이어드 슬리브리스 탑_일반 기장 2팩,https://image.msscdn.net/images/goods_img/20210910/2122564/2122564_17133411609203_500.jpg,False
2024-01,M,001011,민소매 티셔츠,001,상의,3,1852718,pianer,피아네르,[2 PACK] 레이어드 트임 나시 (2color),https://image.msscdn.net/images/goods_img/20210318/1852718/1852718_17158436415816_500.jpg,False
2024-01,M,001011,민소매 티셔츠,001,상의,4,3154364,savage,세비지,Logo Sleeveless Top - Black,https://image.msscdn.net/images/goods_img/20230316/3154364/3154364_16789504941943_500.jpg,False
2024-01,M,001011,민소매 티셔츠,001,상의,5,2445109,51percent,51퍼센트,Irregular Logo embroidery Logo Sleeveless - White,https://image.msscdn.net/images/goods_img/20220325/2445109/2445109_17573184842125_500.jpg,False
2024-01,M,001011,민소매 티셔츠,001,상의,6,2976551,musinsastandard,무신사 스탠다드,[쿨탠다드] 릴렉스드 슬리브리스 탑 2팩,https://image.msscdn.net/images/goods_img/20221208/2976551/2976551_17133351213295_500.jpg,False
2024-01,M,001011,민소매 티셔츠,001,상의,7,3154407,savage,세비지,Logo Sleeveless Top - White,https://image.msscdn.net/images/goods_img/20230316/3154407/3154407_16789508605198_500.jpg,False
2024-01,M,001011,민소매 티셔츠,001,상의,8,2086660,musinsastandard,무신사 스탠다드,레이어드 슬리브리스 탑_일반 기장 [화이트],https://image.msscdn.net/images/goods_img/20210825/2086660/2086660_17048492714259_500.jpg,False
2024-01,M,001011,민소매 티셔츠,001,상의,9,2034964,fabulousarchive,패블러스아카이브,UNISEX 오버핏 싱글 MAISON프린팅 슬리브리스 탑 화이트(FCB2TS300M),https://image.msscdn.net/images/goods_img/20210720/2034964/2034964_16788417991808_500.jpg,False
2024-01,M,001011,민소매 티셔츠,001,상의,10,2225649,hadex,에이치덱스,아치 로고 나시,https://image.msscdn.net/images/goods_img/20211110/2225649/2225649_17790681680402_500.jpg,False
2024-01,M,001011,민소매 티셔츠,001,상의,11,2606164,fluke,플루크,서프 클럽 피그먼트 슬리브리스 화이트 FSL104,https://image.msscdn.net/images/goods_img/20220609/2606164/2606164_1_500.jpg,False
2024-01,M,001011,민소매 티셔츠,001,상의,12,1382694,musinsastandard,무신사 스탠다드,레이어드 슬리브리스 탑_긴 기장 [화이트],https://image.msscdn.net/images/goods_img/20200402/1382694/1382694_17048654361116_500.jpg,False
2024-01,M,001011,민소매 티셔츠,001,상의,13,3400406,gainsboro,게인스보로,[SET]쿨모어 슬리브리스_컬렉션,https://image.msscdn.net/images/goods_img/20230710/3400406/3400406_17459802450805_500.jpg,False
2024-01,M,001011,민소매 티셔츠,001,상의,14,1466673,gainsboro,게인스보로,[2PACK] 오버핏 쿨 마이크로아이스 슬리브리스 6COLOR,https://image.msscdn.net/images/goods_img/20200528/1466673/1466673_17477879236093_500.jpg,False
2024-01,M,001011,민소매 티셔츠,001,상의,15,3285956,jeleve,제이엘브,스탠다드 무지 나시,https://image.msscdn.net/images/goods_img/20230509/3285956/3285956_17410503759391_500.jpg,False
2024-01,M,001011,민소매 티셔츠,001,상의,16,780466,gainsboro,게인스보로,쿨모어 서프 슬리브리스 블랙,https://image.msscdn.net/images/goods_img/20180514/780466/780466_17191916741672_500.jpg,False
2024-01,M,001011,민소매 티셔츠,001,상의,17,2122563,musinsastandard,무신사 스탠다드,레이어드 슬리브리스 탑_긴 기장 2팩,https://image.msscdn.net/images/goods_img/20210910/2122563/2122563_17133412732011_500.jpg,False
2024-01,M,001011,민소매 티셔츠,001,상의,18,2034965,fabulousarchive,패블러스아카이브,UNISEX 오버핏 싱글 MAISON프린팅 슬리브리스 탑 블랙(FCB2TS300M),https://image.msscdn.net/images/goods_img/20210720/2034965/2034965_16788417912622_500.jpg,False
2024-01,M,001011,민소매 티셔츠,001,상의,19,2231713,hadex,에이치덱스,메인로고 밸런스 나시,https://image.msscdn.net/images/goods_img/20211115/2231713/2231713_17790681739737_500.jpg,False
2024-01,M,001011,민소매 티셔츠,001,상의,20,3753846,borntowin,본투윈,BIG CHROME B LOGO LINE SLEEVELESS [IVORY],https://image.msscdn.net/images/goods_img/20231212/3753846/3753846_17023710236471_500.png,False
2024-01,M,001011,민소매 티셔츠,001,상의,21,1402327,brenson,브렌슨,[2PACK] 레이어드 롱 슬리브리스,https://image.msscdn.net/images/goods_img/20200413/1402327/1402327_17495405930713_500.jpg,False
2024-01,M,001011,민소매 티셔츠,001,상의,22,2018997,hadex,에이치덱스,클래식 로고 배색 나시 6 color,https://image.msscdn.net/images/goods_img/20210704/2018997/2018997_17790681608779_500.jpg,False
2024-01,M,001011,민소매 티셔츠,001,상의,23,1920859,musinsastandard,무신사 스탠다드,릴렉스드 슬리브리스 탑 [화이트],https://image.msscdn.net/images/goods_img/20210426/1920859/1920859_17048497898901_500.jpg,False
2024-01,M,001011,민소매 티셔츠,001,상의,24,3608656,musclearmed,머슬암드,ARMED 터프 TANK TOP [블랙],https://image.msscdn.net/images/goods_img/20231006/3608656/3608656_17042664403463_500.jpg,False
2024-01,M,001011,민소매 티셔츠,001,상의,25,2341472,musinsastandard,무신사 스탠다드,[쿨탠다드] 릴렉스드 슬리브리스 탑 [블랙],https://image.msscdn.net/images/goods_img/20220204/2341472/2341472_17137516806787_500.jpg,False
2024-01,M,001011,민소매 티셔츠,001,상의,26,2968980,byc,비와이씨,B-맨즈 스포츠 머슬 런닝 블랙 1p,https://image.msscdn.net/images/goods_img/20221202/2968980/2968980_17834902926320_500.jpg,False
2024-01,M,001011,민소매 티셔츠,001,상의,27,3075253,musinsastandard,무신사 스탠다드,[쿨탠다드] 레이어드 슬리브리스 탑_일반기장 2팩,https://image.msscdn.net/images/goods_img/20230210/3075253/3075253_17138588522656_500.jpg,False
2024-01,M,001011,민소매 티셔츠,001,상의,28,3543836,musclearmed,머슬암드,[TECH PRO] 머슬 TANK TOP [스톤],https://image.msscdn.net/images/goods_img/20230908/3543836/3543836_17042667649535_500.jpg,False
2024-01,M,001011,민소매 티셔츠,001,상의,29,3031028,runninghigh,러닝하이,글리터 RH 로고 레이서 백 탑 [블랙],https://image.msscdn.net/images/goods_img/20230118/3031028/3031028_16751423942522_500.jpg,False
2024-01,M,001011,민소매 티셔츠,001,상의,30,3294212,lazybee,레이지비,에어라이트 루즈핏 남녀 나시 (4컬러) M 슬리브리스,https://image.msscdn.net/images/goods_img/20230512/3294212/3294212_17793495367854_500.jpg,False
2024-01,M,001008,기타 상의,001,상의,1,2372710,sovermentwithlomort,소버먼트,860G 피그먼트 하프 짚업-챠콜-,https://image.msscdn.net/images/goods_img/20220221/2372710/2372710_17243908846193_500.jpg,False
2024-01,M,001008,기타 상의,001,상의,2,2054385,1993studio,1993스튜디오,빈티지 반 집업_네이비,https://image.msscdn.net/images/goods_img/20210809/2054385/2054385_4_500.jpg,False
2024-01,M,001008,기타 상의,001,상의,3,2660715,1993studio,1993스튜디오,빈티지 반 집업_다크그린,https://image.msscdn.net/images/goods_img/20220712/2660715/2660715_1_500.jpg,False
2024-01,M,001008,기타 상의,001,상의,4,2660716,1993studio,1993스튜디오,빈티지 반 집업_라이트그레이,https://image.msscdn.net/images/goods_img/20220712/2660716/2660716_1_500.jpg,False
2024-01,M,001008,기타 상의,001,상의,5,2656436,spyder,스파이더,맨즈 트레이닝 베이스레이어 SPGPCNCL201MBLK,https://image.msscdn.net/images/goods_img/20220711/2656436/2656436_2_500.jpg,False
2024-01,M,001008,기타 상의,001,상의,6,2660728,1993studio,1993스튜디오,빈티지 반 집업_오트베이지,https://image.msscdn.net/images/goods_img/20220712/2660728/2660728_1_500.jpg,False
2024-01,M,001008,기타 상의,001,상의,7,2660719,1993studio,1993스튜디오,빈티지 반 집업_블랙,https://image.msscdn.net/images/goods_img/20220712/2660719/2660719_1_500.jpg,False
2024-01,M,001008,기타 상의,001,상의,8,3673018,ruggedhouse,러기드하우스,무브드 코듀로이 반집업 모카베이지,https://image.msscdn.net/images/goods_img/20231031/3673018/3673018_16987380873886_500.jpg,False
2024-01,M,001008,기타 상의,001,상의,9,1560932,1993studio,1993스튜디오,빈티지 반 집업_그레이,https://image.msscdn.net/images/goods_img/20200824/1560932/1560932_17050197827178_500.jpg,False
2024-01,M,001008,기타 상의,001,상의,10,2859239,lengagement,랑가주망,아치 로고 하프 집업 스트링 맨투맨 [네이비],https://image.msscdn.net/images/goods_img/20221013/2859239/2859239_17107481571746_500.jpg,False
2024-01,M,001008,기타 상의,001,상의,11,2054397,1993studio,1993스튜디오,빈티지 반 집업_차콜,https://image.msscdn.net/images/goods_img/20210809/2054397/2054397_17050199103603_500.jpg,False
2024-01,M,001008,기타 상의,001,상의,12,3018603,malbongolf,말본 골프,버킷 반집업 피스테 BEIGE (MAN),https://image.msscdn.net/images/goods_img/20230111/3018603/3018603_16734098548905_500.jpg,False
2024-01,M,001008,기타 상의,001,상의,13,2889367,ninetyplus,나인티플러스,컴뱃 쿨링 트레이닝 하프집업 V2 - 블랙,https://image.msscdn.net/images/goods_img/20221025/2889367/2889367_16836181511776_500.jpg,False
2024-01,M,001008,기타 상의,001,상의,14,3687378,pottery,포터리,Comfort Half Zip-up Sweat Shirt - Melange Gray,https://image.msscdn.net/images/goods_img/20231106/3687378/3687378_16992499926625_500.jpg,False
2024-01,M,001008,기타 상의,001,상의,15,3584690,nautica,노티카,83플래그 폴라 하프집업(크림),https://image.msscdn.net/images/goods_img/20230921/3584690/3584690_17278565370934_500.jpg,False
2024-01,M,001008,기타 상의,001,상의,16,2373591,sovermentwithlomort,소버먼트,860G 피그먼트 하프 짚업-스톤 네이비-,https://image.msscdn.net/images/goods_img/20220221/2373591/2373591_17243909109411_500.jpg,False
2024-01,M,001008,기타 상의,001,상의,17,3066555,crump,크럼프,크롬 우븐 피스테 [블랙],https://image.msscdn.net/images/goods_img/20230208/3066555/3066555_16759964271818_500.jpg,False
2024-01,M,001008,기타 상의,001,상의,18,3584689,nautica,노티카,83플래그 폴라 하프집업(네이비),https://image.msscdn.net/images/goods_img/20230921/3584689/3584689_17891030125322_500.jpg,False
2024-01,M,001008,기타 상의,001,상의,19,3468304,againstallodds,에이지오디,하프 집업 오버핏 스웨트 셔츠 [그레이],https://image.msscdn.net/images/goods_img/20230816/3468304/3468304_17276823544747_500.jpg,False
2024-01,M,001008,기타 상의,001,상의,20,3584688,nautica,노티카,83플래그 폴라 하프집업(그린),https://image.msscdn.net/images/goods_img/20230921/3584688/3584688_16964941381158_500.jpg,False
2024-01,M,001008,기타 상의,001,상의,21,3035502,romanticcrown,로맨틱크라운,와플 엠보 터틀넥_네이비,https://image.msscdn.net/images/goods_img/20230120/3035502/3035502_16746335930895_500.jpg,False
2024-01,M,001008,기타 상의,001,상의,22,2333402,thomasmore,토마스모어,TD5-TS2104 하프집업 스웨트-라이트 그레이,https://image.msscdn.net/images/goods_img/20220127/2333402/2333402_1_500.jpg,False
2024-01,M,001008,기타 상의,001,상의,23,535475,gainsboro,게인스보로,로고 아노락 풀오버 하프집업 블랙,https://image.msscdn.net/images/goods_img/20170407/535475/535475_17431369086345_500.jpg,False
2024-01,M,001008,기타 상의,001,상의,24,2766960,anotherarchive,어나더 아카이브,에센셜 시그니쳐 반집업 맨투맨_그레이,https://image.msscdn.net/images/goods_img/20220902/2766960/2766960_1_500.jpg,False
2024-01,M,001008,기타 상의,001,상의,25,2983298,goyowear,고요웨어,미드웨이트 하프 집업 (네이비),https://image.msscdn.net/images/goods_img/20221215/2983298/2983298_1_500.jpg,False
2024-01,M,001008,기타 상의,001,상의,26,2333354,thomasmore,토마스모어,TD5-TS2104 하프집업 스웨트-네이비,https://image.msscdn.net/images/goods_img/20220127/2333354/2333354_1_500.jpg,False
2024-01,M,001008,기타 상의,001,상의,27,2748189,huke,후크,로고 블랙 반집업 맨투맨,https://image.msscdn.net/images/goods_img/20220829/2748189/2748189_1_500.jpg,False
2024-01,M,001008,기타 상의,001,상의,28,2996697,musclearmed,머슬암드,액티브 스탠다드 하프집업 2color,https://image.msscdn.net/images/goods_img/20221226/2996697/2996697_17011552680192_500.jpg,False
2024-01,M,001008,기타 상의,001,상의,29,2863867,kodak,코닥,브라우니 라이트웜 플리스 반집업 맨투맨 S.BLUE,https://image.msscdn.net/images/goods_img/20221014/2863867/2863867_2_500.jpg,False
2024-01,M,001008,기타 상의,001,상의,30,3702927,klattermusen,클라터뮤젠,유지 하프 집 스웨터 맨,https://image.msscdn.net/images/goods_img/20231110/3702927/3702927_17424328989342_500.jpg,False
2024-01,M,002,아우터,,,1,2037173,spao,스파오,베이직 푸퍼_SPJPE4TC11,https://image.msscdn.net/images/goods_img/20210722/2037173/2037173_17333558393121_500.jpg,False
2024-01,M,002,아우터,,,2,3551101,blackmoment,블랙모먼트,비건 스웨이드 오버핏 미니멀 인시전 스트레이트 집업 자켓 [브라운],https://image.msscdn.net/images/goods_img/20230912/3551101/3551101_16970790961650_500.jpg,False
2024-01,M,002,아우터,,,3,2782764,beslow,비슬로우,OVERSIZED CASHMERE BALMACAAN COAT BLACK,https://image.msscdn.net/images/goods_img/20220908/2782764/2782764_17272251996978_500.jpg,False
2024-01,M,002,아우터,,,4,1778404,toffee,토피,2WAY 스웻 후드 집업 (MELANGE GREY),https://image.msscdn.net/images/goods_img/20210204/1778404/1778404_1_500.jpg,False
2024-01,M,002,아우터,,,5,3640947,trillion,트릴리온,워셔블 아란 케이블 후드 집업 니트 (IVORY),https://image.msscdn.net/images/goods_img/20231019/3640947/3640947_17170490498222_500.jpg,False
2024-01,M,002,아우터,,,6,865862,musinsastandard,무신사 스탠다드,캐시미어 블렌드 오버사이즈 싱글 코트 [블랙],https://image.msscdn.net/images/goods_img/20180921/865862/865862_17657673085739_500.jpg,False
2024-01,M,002,아우터,,,7,2116411,musinsastandard,무신사 스탠다드,캐시미어 블렌드 오버사이즈 발마칸 코트 [블랙],https://image.msscdn.net/images/goods_img/20210908/2116411/2116411_17616270483710_500.jpg,False
2024-01,M,002,아우터,,,8,452483,doffjason,도프제이슨,솔리드 무톤 자켓,https://image.msscdn.net/images/goods_img/20161123/452483/452483_2_500.jpg,False
2024-01,M,002,아우터,,,9,2098325,drawfit,드로우핏,프리미어 퓨어 캐시미어 발마칸 코트 [BLACK],https://image.msscdn.net/images/goods_img/20210830/2098325/2098325_17621500792692_500.jpg,False
2024-01,M,002,아우터,,,10,3390511,standarderror,스탠다드에러,87-STAN009 스탠다드 블루종 스웨이드 자켓 카키,https://image.msscdn.net/images/goods_img/20230630/3390511/3390511_17551525806450_500.jpg,False
2024-01,M,002,아우터,,,11,1558197,musinsastandard,무신사 스탠다드,릴렉스드 베이식 블레이저 [블랙],https://image.msscdn.net/images/goods_img/20200820/1558197/1558197_17791521338764_500.jpg,False
2024-01,M,002,아우터,,,12,655610,drawfit,드로우핏,프리미어 퓨어 캐시미어 히든 싱글 코트 [BLACK],https://image.msscdn.net/images/goods_img/20171019/655610/655610_17621505186202_500.jpg,False
2024-01,M,002,아우터,,,13,1618313,musinsastandard,무신사 스탠다드,캐시미어 블렌드 대디 숄더 싱글 롱 코트 [블랙],https://image.msscdn.net/images/goods_img/20200923/1618313/1618313_17569514851734_500.jpg,False
2024-01,M,002,아우터,,,14,1291017,jemut,제멋,리치 오버 MA-1 자켓 블랙 YHJK2269,https://image.msscdn.net/images/goods_img/20200205/1291017/1291017_1_500.jpg,False
2024-01,M,002,아우터,,,15,3440439,costumeoclock,커스텀어클락,커브드 투웨이 항공 패딩 점퍼 블랙 5COLOR COOSJP045BLACK,https://image.msscdn.net/images/goods_img/20230801/3440439/3440439_17871947407904_500.jpg,False
2024-01,M,002,아우터,,,16,2194649,goodlifeworks,굿라이프웍스,카라 케이블 니트 집업 블랙,https://image.msscdn.net/images/goods_img/20211022/2194649/2194649_17894588243169_500.jpg,False
2024-01,M,002,아우터,,,17,3481221,coor,쿠어,벨란디 캐시미어 블렌드 발마칸 코트 (신더그레이),https://image.msscdn.net/images/goods_img/20230821/3481221/3481221_17271922234943_500.jpg,False
2024-01,M,002,아우터,,,18,3440438,costumeoclock,커스텀어클락,커브드 투웨이 항공 패딩 점퍼 다크그레이 COOSJP045DGRAY,https://image.msscdn.net/images/goods_img/20230801/3440438/3440438_17871947679501_500.jpg,False
2024-01,M,002,아우터,,,19,3426602,espionage,에스피오나지,Miller Heavyweight Cardigan Black,https://image.msscdn.net/images/goods_img/20230725/3426602/3426602_16909461545960_500.jpg,False
2024-01,M,002,아우터,,,20,3551114,blackmoment,블랙모먼트,비건 스웨이드 오버핏 미니멀 인시전 스트레이트 집업 자켓 [블랙],https://image.msscdn.net/images/goods_img/20230912/3551114/3551114_17567882505384_500.jpg,False
2024-01,M,002,아우터,,,21,910127,jipsy,집시,마스터 구스다운 핑거글러브  숏패딩 -블랙-,https://image.msscdn.net/images/goods_img/20181121/910127/910127_17296148276581_500.jpg,False
2024-01,M,002,아우터,,,22,2108160,spao,스파오,베이직 퍼플리스 집업_SPFZE4TC01,https://image.msscdn.net/images/goods_img/20210903/2108160/2108160_17605996485185_500.jpg,False
2024-01,M,002,아우터,,,23,2835510,yale,예일,리버시블 웜업 퀄팅 자켓 블랙/아이보리,https://image.msscdn.net/images/goods_img/20221004/2835510/2835510_17484885537592_500.jpg,False
2024-01,M,002,아우터,,,24,2737014,frizmworks,프리즘웍스,VINCENT M1965 FISHTAIL PARKA 004 _ OLIVE,https://image.msscdn.net/images/goods_img/20220823/2737014/2737014_1_500.jpg,False
2024-01,M,002,아우터,,,25,2754265,moo,엠오오,빅카라 울 2-WAY 블루종 - 다크그레이,https://image.msscdn.net/images/goods_img/20220830/2754265/2754265_1_500.png,False
2024-01,M,002,아우터,,,26,3650974,trillion,트릴리온,스웨이드 리벳 블루종 집업 자켓 (BROWN),https://image.msscdn.net/images/goods_img/20231023/3650974/3650974_17171419683595_500.jpg,False
2024-01,M,002,아우터,,,27,3563303,beslow,비슬로우,OVERSIZED CASHMERE BALMACAAN COAT NAVY,https://image.msscdn.net/images/goods_img/20230915/3563303/3563303_17272254920490_500.jpg,False
2024-01,M,002,아우터,,,28,3405529,musinsastandard,무신사 스탠다드,캐시미어 블렌드 맥시 발마칸 코트 [블랙],https://image.msscdn.net/images/goods_img/20230712/3405529/3405529_17134081874839_500.jpg,False
2024-01,M,002,아우터,,,29,885715,drawfit,드로우핏,프리미어 퓨어 캐시미어 로브 더블 코트 [BLACK],https://image.msscdn.net/images/goods_img/20181019/885715/885715_17588736968691_500.jpg,False
2024-01,M,002,아우터,,,30,2238440,partimento,파르티멘토,오버사이즈 멜톤 더플 롱 코트 네이비,https://image.msscdn.net/images/goods_img/20211117/2238440/2238440_1_500.jpg,False
2024-01,M,002022,후드 집업,002,아우터,1,1778404,toffee,토피,2WAY 스웻 후드 집업 (MELANGE GREY),https://image.msscdn.net/images/goods_img/20210204/1778404/1778404_1_500.jpg,False
2024-01,M,002022,후드 집업,002,아우터,2,3640947,trillion,트릴리온,워셔블 아란 케이블 후드 집업 니트 (IVORY),https://image.msscdn.net/images/goods_img/20231019/3640947/3640947_17170490498222_500.jpg,False
2024-01,M,002022,후드 집업,002,아우터,3,2122596,fp142muji,페플,유스풀 벌룬 후드집업 그레이 SJHD1327,https://image.msscdn.net/images/goods_img/20210910/2122596/2122596_17182428329624_500.jpg,False
2024-01,M,002022,후드 집업,002,아우터,4,2105470,sovermentwithlomort,소버먼트,980G 피그먼트 컷 후디 집업-차콜-,https://image.msscdn.net/images/goods_img/20210902/2105470/2105470_17631074294899_500.jpg,False
2024-01,M,002022,후드 집업,002,아우터,5,1778408,toffee,토피,2WAY 스웻 후드 집업 (BLACK),https://image.msscdn.net/images/goods_img/20210204/1778408/1778408_17168650383792_500.jpg,False
2024-01,M,002022,후드 집업,002,아우터,6,1642916,musinsastandard,무신사 스탠다드,헤비웨이트 오버사이즈 후디드 스웨트 집업 [미디엄 그레이],https://image.msscdn.net/images/goods_img/20201012/1642916/1642916_17526404082761_500.jpg,False
2024-01,M,002022,후드 집업,002,아우터,7,2705775,musinsastandard,무신사 스탠다드,엑스트라 오버사이즈 후디드 스웨트 집업 [미디엄 그레이],https://image.msscdn.net/images/goods_img/20220809/2705775/2705775_17026287166490_500.jpg,False
2024-01,M,002022,후드 집업,002,아우터,8,640839,melangemaster,멜란지 마스터,스탠다드 후드 스웨트 집업 - 멜란지 그레이,https://image.msscdn.net/images/goods_img/20170922/640839/640839_6_500.jpg,False
2024-01,M,002022,후드 집업,002,아우터,9,947088,musinsastandard,무신사 스탠다드,후디드 스웨트 집업 [멜란지 그레이],https://image.msscdn.net/images/goods_img/20190201/947088/947088_17217964884017_500.jpg,False
2024-01,M,002022,후드 집업,002,아우터,10,2712417,filluminate,필루미네이트,투웨이 에센셜 후드 집업-그레이,https://image.msscdn.net/images/goods_img/20220811/2712417/2712417_16963910031844_500.jpg,False
2024-01,M,002022,후드 집업,002,아우터,11,1642914,musinsastandard,무신사 스탠다드,헤비웨이트 오버사이즈 후디드 스웨트 집업 [블랙],https://image.msscdn.net/images/goods_img/20201012/1642914/1642914_17526403710213_500.jpg,False
2024-01,M,002022,후드 집업,002,아우터,12,2122590,fp142muji,페플,유스풀 벌룬 후드집업 블랙 SJHD1327,https://image.msscdn.net/images/goods_img/20210910/2122590/2122590_17165381555529_500.jpg,False
2024-01,M,002022,후드 집업,002,아우터,13,2385875,brenson,브렌슨,(Renew Ver.) 루즈핏 스웨트 셋업 ( 2Color ) ( 기모선택 ),https://image.msscdn.net/images/goods_img/20220225/2385875/2385875_17276646907303_500.jpg,False
2024-01,M,002022,후드 집업,002,아우터,14,1778406,toffee,토피,2WAY 스웻 후드 집업 (CHARCOAL),https://image.msscdn.net/images/goods_img/20210204/1778406/1778406_1_500.jpg,False
2024-01,M,002022,후드 집업,002,아우터,15,2705827,musinsastandard,무신사 스탠다드,플랫 테리 오버사이즈 후디드 스웨트 집업 [미디엄 그레이],https://image.msscdn.net/images/goods_img/20220809/2705827/2705827_17217974226386_500.jpg,False
2024-01,M,002022,후드 집업,002,아우터,16,2122594,fp142muji,페플,유스풀 벌룬 후드집업 네이비 SJHD1327,https://image.msscdn.net/images/goods_img/20210910/2122594/2122594_17165380553188_500.jpg,False
2024-01,M,002022,후드 집업,002,아우터,17,3697526,compagno,꼼파뇨,[2-WAY] 슬리브 스타 피그먼트 후드 집업 스모크블랙,https://image.msscdn.net/images/goods_img/20231108/3697526/3697526_17002041370481_500.jpg,False
2024-01,M,002022,후드 집업,002,아우터,18,3469896,againstallodds,에이지오디,2_WAY 스웨트 후디드 집업 [블랙],https://image.msscdn.net/images/goods_img/20230817/3469896/3469896_17669913181992_500.jpg,False
2024-01,M,002022,후드 집업,002,아우터,19,2668986,spao,스파오,[프렌치테리] 루즈핏 2-WAY 후드집업_SPMZE49C01,https://image.msscdn.net/images/goods_img/20220718/2668986/2668986_17413294389364_500.jpg,False
2024-01,M,002022,후드 집업,002,아우터,20,2954589,satur,세터,테오 코튼 올 데이 후드 집업 팔레트 블랙,https://image.msscdn.net/images/goods_img/20221122/2954589/2954589_17241610712825_500.jpg,False
2024-01,M,002022,후드 집업,002,아우터,21,2718413,satur,세터,테오 코튼 올 데이 후드 집업 멜란지 그레이,https://image.msscdn.net/images/goods_img/20220816/2718413/2718413_17241608813972_500.jpg,False
2024-01,M,002022,후드 집업,002,아우터,22,2372450,sovermentwithlomort,소버먼트,980G 피그먼트 컷 후디 집업-문그레이-,https://image.msscdn.net/images/goods_img/20220219/2372450/2372450_17243904180847_500.jpg,False
2024-01,M,002022,후드 집업,002,아우터,23,3469978,againstallodds,에이지오디,2_WAY 스웨트 후디드 집업 [그레이],https://image.msscdn.net/images/goods_img/20230817/3469978/3469978_17669913476701_500.jpg,False
2024-01,M,002022,후드 집업,002,아우터,24,2718414,satur,세터,테오 코튼 올 데이 후드 집업 멜란지 아이보리,https://image.msscdn.net/images/goods_img/20220816/2718414/2718414_17580019828614_500.jpg,False
2024-01,M,002022,후드 집업,002,아우터,25,3777854,nohant,노앙,LONELY/LOVELY WASHED HOODIE ZIP-UP_CHARCOAL,https://image.msscdn.net/images/goods_img/20240105/3777854/3777854_17050515138585_500.jpg,False
2024-01,M,002022,후드 집업,002,아우터,26,3191885,afterpray12,애프터프레이,컴포트 후디 집업 니트(네이비/그레이),https://image.msscdn.net/images/goods_img/20230329/3191885/3191885_16800914909993_500.jpg,False
2024-01,M,002022,후드 집업,002,아우터,27,3572326,espionage,에스피오나지,Overdyed Hooded Work Jacket Pigment Black,https://image.msscdn.net/images/goods_img/20230919/3572326/3572326_16963989409966_500.jpg,False
2024-01,M,002022,후드 집업,002,아우터,28,3080141,nohant,노앙,LONELY/LOVELY FLUFF HOODIE ZIP-UP GRAY NAVY,https://image.msscdn.net/images/goods_img/20230213/3080141/3080141_17665427382744_500.jpg,False
2024-01,M,002022,후드 집업,002,아우터,29,3584717,maisonmined,메종미네드,PINCH WASHED HOOD ZIP-UP (3COLOR),https://image.msscdn.net/images/goods_img/20230921/3584717/3584717_17086517753093_500.jpg,False
2024-01,M,002022,후드 집업,002,아우터,30,2287430,wooalong,우알롱,Signature hood zip-up - GREY,https://image.msscdn.net/images/goods_img/20211230/2287430/2287430_17586054146422_500.jpg,False
2024-01,M,002001,블루종/MA-1,002,아우터,1,3390511,standarderror,스탠다드에러,87-STAN009 스탠다드 블루종 스웨이드 자켓 카키,https://image.msscdn.net/images/goods_img/20230630/3390511/3390511_17551525806450_500.jpg,False
2024-01,M,002001,블루종/MA-1,002,아우터,2,1291017,jemut,제멋,리치 오버 MA-1 자켓 블랙 YHJK2269,https://image.msscdn.net/images/goods_img/20200205/1291017/1291017_1_500.jpg,False
2024-01,M,002001,블루종/MA-1,002,아우터,3,3440439,costumeoclock,커스텀어클락,커브드 투웨이 항공 패딩 점퍼 블랙 5COLOR COOSJP045BLACK,https://image.msscdn.net/images/goods_img/20230801/3440439/3440439_17871947407904_500.jpg,False
2024-01,M,002001,블루종/MA-1,002,아우터,4,3440438,costumeoclock,커스텀어클락,커브드 투웨이 항공 패딩 점퍼 다크그레이 COOSJP045DGRAY,https://image.msscdn.net/images/goods_img/20230801/3440438/3440438_17871947679501_500.jpg,False
2024-01,M,002001,블루종/MA-1,002,아우터,5,3551114,blackmoment,블랙모먼트,비건 스웨이드 오버핏 미니멀 인시전 스트레이트 집업 자켓 [블랙],https://image.msscdn.net/images/goods_img/20230912/3551114/3551114_17567882505384_500.jpg,False
2024-01,M,002001,블루종/MA-1,002,아우터,6,2754265,moo,엠오오,빅카라 울 2-WAY 블루종 - 다크그레이,https://image.msscdn.net/images/goods_img/20220830/2754265/2754265_1_500.png,False
2024-01,M,002001,블루종/MA-1,002,아우터,7,3650974,trillion,트릴리온,스웨이드 리벳 블루종 집업 자켓 (BROWN),https://image.msscdn.net/images/goods_img/20231023/3650974/3650974_17171419683595_500.jpg,False
2024-01,M,002001,블루종/MA-1,002,아우터,8,2996683,kiimuir,키뮤어,울(WOOL) 헤링턴 자켓_블랙,https://image.msscdn.net/images/goods_img/20221226/2996683/2996683_17901348850178_500.jpg,False
2024-01,M,002001,블루종/MA-1,002,아우터,9,3551105,blackmoment,블랙모먼트,비건 스웨이드 오버핏 미니멀 인시전 스트레이트 집업 자켓 [카키],https://image.msscdn.net/images/goods_img/20230912/3551105/3551105_17567871390420_500.jpg,False
2024-01,M,002001,블루종/MA-1,002,아우터,10,3390508,standarderror,스탠다드에러,87-STAN009  스탠다드 블루종 스웨이드 자켓 블랙,https://image.msscdn.net/images/goods_img/20230630/3390508/3390508_17551524634252_500.jpg,False
2024-01,M,002001,블루종/MA-1,002,아우터,11,3465159,afterpray12,애프터프레이,리가즈 해링턴 블루종 네이비,https://image.msscdn.net/images/goods_img/20230814/3465159/3465159_17108244362759_500.jpg,False
2024-01,M,002001,블루종/MA-1,002,아우터,12,3637243,trillion,트릴리온,울 엘보우 패치 2WAY 해링턴 자켓 (BLACK),https://image.msscdn.net/images/goods_img/20231018/3637243/3637243_17171437931541_500.jpg,False
2024-01,M,002001,블루종/MA-1,002,아우터,13,1601468,musinsastandard,무신사 스탠다드,오버사이즈 MA-1 보머 재킷 [블랙],https://image.msscdn.net/images/goods_img/20200914/1601468/1601468_16921691327920_500.jpg,False
2024-01,M,002001,블루종/MA-1,002,아우터,14,3465162,afterpray12,애프터프레이,리가즈 해링턴 블루종 차콜,https://image.msscdn.net/images/goods_img/20230814/3465162/3465162_17108243912394_500.jpg,False
2024-01,M,002001,블루종/MA-1,002,아우터,15,3650976,trillion,트릴리온,스웨이드 리벳 블루종 집업 자켓 (BLACK),https://image.msscdn.net/images/goods_img/20231023/3650976/3650976_17171418153038_500.jpg,False
2024-01,M,002001,블루종/MA-1,002,아우터,16,3438287,drawfit,드로우핏,울 카라 집업 블루종 자켓 [BLACK],https://image.msscdn.net/images/goods_img/20230801/3438287/3438287_17896930025474_500.jpg,False
2024-01,M,002001,블루종/MA-1,002,아우터,17,3486798,anderssonbell,앤더슨벨,르망 울 블루종 자켓  awa553m(BLACK),https://image.msscdn.net/images/goods_img/20230822/3486798/3486798_17244025160212_500.jpg,False
2024-01,M,002001,블루종/MA-1,002,아우터,18,3405557,musinsastandard,무신사 스탠다드,울 블렌드 해링턴 재킷 [블랙],https://image.msscdn.net/images/goods_img/20230712/3405557/3405557_16956207540933_500.jpg,False
2024-01,M,002001,블루종/MA-1,002,아우터,19,2896388,intempomood,인템포무드,피그먼트 코듀로이 봄버 재킷_블랙,https://image.msscdn.net/images/goods_img/20221026/2896388/2896388_16981944660911_500.jpg,False
2024-01,M,002001,블루종/MA-1,002,아우터,20,3019671,lmood,엘무드,더스티 웨스턴 블루종 자켓 카키,https://image.msscdn.net/images/goods_img/20230111/3019671/3019671_17083089992446_500.jpg,False
2024-01,M,002001,블루종/MA-1,002,아우터,21,2085156,ironypornowhiteline,아이러니포르노 화이트라인,IRO097 크루얼티프리 알파 스웨이드 자켓 블랙,https://image.msscdn.net/images/goods_img/20210825/2085156/2085156_17579141539142_500.jpg,False
2024-01,M,002001,블루종/MA-1,002,아우터,22,2659985,musinsastandard,무신사 스탠다드,오버사이즈 하이넥 MA-1 보머 재킷 [블랙],https://image.msscdn.net/images/goods_img/20220712/2659985/2659985_16780895979040_500.jpg,False
2024-01,M,002001,블루종/MA-1,002,아우터,23,3440437,costumeoclock,커스텀어클락,커브드 투웨이 항공 패딩 점퍼 카키 COOSJP045KHAKI,https://image.msscdn.net/images/goods_img/20230801/3440437/3440437_17871947803190_500.jpg,False
2024-01,M,002001,블루종/MA-1,002,아우터,24,3465160,afterpray12,애프터프레이,리가즈 해링턴 블루종 모카,https://image.msscdn.net/images/goods_img/20230814/3465160/3465160_17108244154287_500.jpg,False
2024-01,M,002001,블루종/MA-1,002,아우터,25,3637240,trillion,트릴리온,울 엘보우 패치 2WAY 해링턴 자켓 (CHARCOAL),https://image.msscdn.net/images/goods_img/20231018/3637240/3637240_17171438082362_500.jpg,False
2024-01,M,002001,블루종/MA-1,002,아우터,26,1617883,jemut,제멋,카디 오버핏 MA-1 자켓 블랙 YHJK2319,https://image.msscdn.net/images/goods_img/20200923/1617883/1617883_2_500.jpg,False
2024-01,M,002001,블루종/MA-1,002,아우터,27,3031514,espionage,에스피오나지,Harrington Blouson Jacket Dark Navy,https://image.msscdn.net/images/goods_img/20230118/3031514/3031514_16947553272659_500.jpg,False
2024-01,M,002001,블루종/MA-1,002,아우터,28,3783677,drawfit,드로우핏,헤리티지 헌팅 블루종 자켓 [KHAKI],https://image.msscdn.net/images/goods_img/20240109/3783677/3783677_17254157464100_500.jpg,False
2024-01,M,002001,블루종/MA-1,002,아우터,29,2108673,musinsastandard,무신사 스탠다드,오버사이즈 디태처블 후드 MA-1 보머 재킷 [블랙],https://image.msscdn.net/images/goods_img/20210903/2108673/2108673_17651809199028_500.jpg,False
2024-01,M,002001,블루종/MA-1,002,아우터,30,3480986,coor,쿠어,인터널 바인딩 숄 카라 점퍼 (멜란지차콜),https://image.msscdn.net/images/goods_img/20230821/3480986/3480986_16929384733269_500.jpg,False
2024-01,M,002002,레더/라이더스 재킷,002,아우터,1,3551101,blackmoment,블랙모먼트,비건 스웨이드 오버핏 미니멀 인시전 스트레이트 집업 자켓 [브라운],https://image.msscdn.net/images/goods_img/20230912/3551101/3551101_16970790961650_500.jpg,False
2024-01,M,002002,레더/라이더스 재킷,002,아우터,2,1576700,doffjason,도프제이슨,오버핏 비건레더 싱글 자켓,https://image.msscdn.net/images/goods_img/20200901/1576700/1576700_17591199589640_500.jpg,False
2024-01,M,002002,레더/라이더스 재킷,002,아우터,3,1593755,partimento,파르티멘토,[비건 레더] 필드 자켓 블랙,https://image.msscdn.net/images/goods_img/20200909/1593755/1593755_1_500.jpg,False
2024-01,M,002002,레더/라이더스 재킷,002,아우터,4,1576682,doffjason,도프제이슨,오버핏 램스킨 싱글 자켓,https://image.msscdn.net/images/goods_img/20200901/1576682/1576682_6_500.jpg,False
2024-01,M,002002,레더/라이더스 재킷,002,아우터,5,3450932,nomanual,노매뉴얼,F.P LEATHER JACKET - BLACK,https://image.msscdn.net/images/goods_img/20230808/3450932/3450932_16921600533489_500.jpg,False
2024-01,M,002002,레더/라이더스 재킷,002,아우터,6,2086731,doffjason,도프제이슨,오버핏 비건레더 보머 자켓,https://image.msscdn.net/images/goods_img/20210825/2086731/2086731_1_500.jpg,False
2024-01,M,002002,레더/라이더스 재킷,002,아우터,7,2140335,placestudio,플레이스 스튜디오,비건 레더 오버핏 블루종 [블랙],https://image.msscdn.net/images/goods_img/20210917/2140335/2140335_9_500.jpg,False
2024-01,M,002002,레더/라이더스 재킷,002,아우터,8,1744440,doffjason,도프제이슨,프리미엄 램스킨 베지터블 스탠드카라 자켓,https://image.msscdn.net/images/goods_img/20210112/1744440/1744440_17586902010292_500.jpg,False
2024-01,M,002002,레더/라이더스 재킷,002,아우터,9,2087767,doffjason,도프제이슨,오버핏 비건레더 보머 자켓 (브라운),https://image.msscdn.net/images/goods_img/20210825/2087767/2087767_2_500.jpg,False
2024-01,M,002002,레더/라이더스 재킷,002,아우터,10,3041960,doffjason,도프제이슨,워싱레더 커브드 보머 자켓,https://image.msscdn.net/images/goods_img/20230126/3041960/3041960_17171310846647_500.jpg,False
2024-01,M,002002,레더/라이더스 재킷,002,아우터,11,3041963,doffjason,도프제이슨,프리미엄 램스킨 베지터블 컷오프 커브드 보머 자켓,https://image.msscdn.net/images/goods_img/20230126/3041963/3041963_17171355340700_500.jpg,False
2024-01,M,002002,레더/라이더스 재킷,002,아우터,12,3041946,doffjason,도프제이슨,비건레더 쉴드 자켓,https://image.msscdn.net/images/goods_img/20230126/3041946/3041946_17110721474938_500.jpg,False
2024-01,M,002002,레더/라이더스 재킷,002,아우터,13,2093254,v2,브이투,465-3 VEGAN LEATHER OVERFIT JACKET_BLACK,https://image.msscdn.net/images/goods_img/20210827/2093254/2093254_1_500.jpg,False
2024-01,M,002002,레더/라이더스 재킷,002,아우터,14,3477452,dimitriblack,디미트리블랙,어센틱 워시드 PU 레더 자켓_블랙,https://image.msscdn.net/images/goods_img/20230818/3477452/3477452_17171351692119_500.png,False
2024-01,M,002002,레더/라이더스 재킷,002,아우터,15,2184668,blackmoment,블랙모먼트,[페이크 레더]오버핏 싱글 레더 라이더 자켓 _BLACK,https://image.msscdn.net/images/prd_img/20211018/2184668/detail_2184668_1_500.jpg,False
2024-01,M,002002,레더/라이더스 재킷,002,아우터,16,621582,doffjason,도프제이슨,램스킨 싱글 자켓,https://image.msscdn.net/images/goods_img/20170901/621582/621582_17256054833081_500.jpg,False
2024-01,M,002002,레더/라이더스 재킷,002,아우터,17,2697614,poloralphlauren,폴로 랄프 로렌,레더 플라이트 재킷 - 베이지,https://image.msscdn.net/images/goods_img/20220804/2697614/2697614_1_500.jpg,False
2024-01,M,002002,레더/라이더스 재킷,002,아우터,18,2670700,lmood,엘무드,서킷 레이서 자켓 블랙,https://image.msscdn.net/images/goods_img/20220719/2670700/2670700_1_500.jpg,False
2024-01,M,002002,레더/라이더스 재킷,002,아우터,19,3608998,not4nerd,낫포너드,Leather ver. Tribal Logo Racing Jacket - Black,https://image.msscdn.net/images/goods_img/20231006/3608998/3608998_16971799016828_500.jpg,False
2024-01,M,002002,레더/라이더스 재킷,002,아우터,20,621574,doffjason,도프제이슨,램스킨 100 라이더 자켓,https://image.msscdn.net/images/goods_img/20170901/621574/621574_16764437345788_500.jpg,False
2024-01,M,002002,레더/라이더스 재킷,002,아우터,21,2087860,doffjason,도프제이슨,오버핏 램스킨 보머 자켓,https://image.msscdn.net/images/goods_img/20210825/2087860/2087860_3_500.jpg,False
2024-01,M,002002,레더/라이더스 재킷,002,아우터,22,3041959,doffjason,도프제이슨,오버핏 비건레더 래피드 투톤 자켓,https://image.msscdn.net/images/goods_img/20230126/3041959/3041959_16763796978832_500.jpg,False
2024-01,M,002002,레더/라이더스 재킷,002,아우터,23,3446539,diesel,디젤,L 프릿츠 텀블드 레더 패딩 재킷 - 블랙 / A106760HJAC9XX,https://image.msscdn.net/images/goods_img/20230807/3446539/3446539_16929269587970_500.jpg,False
2024-01,M,002002,레더/라이더스 재킷,002,아우터,24,2682044,musinsastandard,무신사 스탠다드,신세틱 레더 엑스트라 오버사이즈 싱글 재킷 [블랙],https://image.msscdn.net/images/goods_img/20220726/2682044/2682044_16734358353339_500.jpg,False
2024-01,M,002002,레더/라이더스 재킷,002,아우터,25,2682041,musinsastandard,무신사 스탠다드,램스킨 엑스트라 오버사이즈 싱글 재킷 [블랙],https://image.msscdn.net/images/goods_img/20220726/2682041/2682041_17140090991111_500.jpg,False
2024-01,M,002002,레더/라이더스 재킷,002,아우터,26,1744433,doffjason,도프제이슨,프리미엄 램스킨 베지터블 싱글 자켓,https://image.msscdn.net/images/goods_img/20210112/1744433/1744433_17586901168692_500.jpg,False
2024-01,M,002002,레더/라이더스 재킷,002,아우터,27,1576679,doffjason,도프제이슨,오버핏 램스킨 봄버 점퍼,https://image.msscdn.net/images/goods_img/20200901/1576679/1576679_4_500.jpg,False
2024-01,M,002002,레더/라이더스 재킷,002,아우터,28,3783686,drawfit,드로우핏,커버렉 스웨이드 블루종 자켓 [BLACK],https://image.msscdn.net/images/goods_img/20240109/3783686/3783686_17231925067849_500.jpg,False
2024-01,M,002002,레더/라이더스 재킷,002,아우터,29,2707520,zplish,지플리시,스태틱 스웨이드 자켓 브라운,https://image.msscdn.net/images/goods_img/20220809/2707520/2707520_17261219011012_500.jpg,False
2024-01,M,002002,레더/라이더스 재킷,002,아우터,30,3450934,nomanual,노매뉴얼,F.P LEATHER JACKET - OFF WHITE,https://image.msscdn.net/images/goods_img/20230808/3450934/3450934_16921600185666_500.jpg,False
2024-01,M,002020,카디건,002,아우터,1,2194649,goodlifeworks,굿라이프웍스,카라 케이블 니트 집업 블랙,https://image.msscdn.net/images/goods_img/20211022/2194649/2194649_17894588243169_500.jpg,False
2024-01,M,002020,카디건,002,아우터,2,3426602,espionage,에스피오나지,Miller Heavyweight Cardigan Black,https://image.msscdn.net/images/goods_img/20230725/3426602/3426602_16909461545960_500.jpg,False
2024-01,M,002020,카디건,002,아우터,3,3471030,leire,르아르,치트키 플리스 가디건 [블랙],https://image.msscdn.net/images/goods_img/20230817/3471030/3471030_17240736028099_500.jpg,False
2024-01,M,002020,카디건,002,아우터,4,2288704,espionage,에스피오나지,Miller Heavyweight Cardigan Burnt Orange,https://image.msscdn.net/images/goods_img/20220103/2288704/2288704_17875617307364_500.jpg,False
2024-01,M,002020,카디건,002,아우터,5,2172006,espionage,에스피오나지,Miller Heavyweight Cardigan Navy,https://image.msscdn.net/images/goods_img/20211012/2172006/2172006_17875615016761_500.jpg,False
2024-01,M,002020,카디건,002,아우터,6,1608372,espionage,에스피오나지,Miller Heavyweight Cardigan Dust,https://image.msscdn.net/images/goods_img/20200917/1608372/1608372_17875619588098_500.jpg,False
2024-01,M,002020,카디건,002,아우터,7,3440410,critic,크리틱,RACING ZIP-UP KNIT NAVY,https://image.msscdn.net/images/goods_img/20230801/3440410/3440410_17345736573154_500.jpg,False
2024-01,M,002020,카디건,002,아우터,8,3440440,costumeoclock,커스텀어클락,[2PACK] 소프트 베이직 가디건 COOSCD001CD020,https://image.msscdn.net/images/goods_img/20230801/3440440/3440440_17585191785388_500.jpg,False
2024-01,M,002020,카디건,002,아우터,9,2760166,vivastudio,비바스튜디오,KNIT ZIP UP CARDIGAN [BLACK],https://image.msscdn.net/images/goods_img/20220831/2760166/2760166_16925943311431_500.jpg,False
2024-01,M,002020,카디건,002,아우터,10,3056018,hooves,후브스,코튼 투웨이 벌룬 니트 집업 [네이비],https://image.msscdn.net/images/goods_img/20230202/3056018/3056018_17585072370772_500.jpg,False
2024-01,M,002020,카디건,002,아우터,11,2683549,satur,세터,파로 오버 사이즈 부클 가디건 클래식 블랙,https://image.msscdn.net/images/prd_img/20220726/2683549/detail_2683549_17582476224564_500.jpg,False
2024-01,M,002020,카디건,002,아우터,12,2702393,kiimuir,키뮤어,워셔블 하찌 2-WAY 집업니트 가디건_블랙,https://image.msscdn.net/images/goods_img/20220807/2702393/2702393_17328418985756_500.jpg,False
2024-01,M,002020,카디건,002,아우터,13,3538450,visionstreetwear,비전스트릿웨어,VSW Washable Two Tone 2way Zip Up Sand,https://image.msscdn.net/images/goods_img/20230907/3538450/3538450_17228274584854_500.jpg,False
2024-01,M,002020,카디건,002,아우터,14,918039,compagno,꼼파뇨,헤비오버핏 램스울 가디건 챠콜,https://image.msscdn.net/images/goods_img/20181205/918039/918039_1_500.jpg,False
2024-01,M,002020,카디건,002,아우터,15,1139192,lmood,엘무드,화란 세미오버 가디건 블랙,https://image.msscdn.net/images/goods_img/20190902/1139192/1139192_17427991239095_500.jpg,False
2024-01,M,002020,카디건,002,아우터,16,3448870,suare,수아레,에어울 아란 스타디움 네이비,https://image.msscdn.net/images/goods_img/20230807/3448870/3448870_16914003256868_500.jpg,False
2024-01,M,002020,카디건,002,아우터,17,3773719,outstanding,아웃스탠딩,LAMBSWOOL ROUND NECK CARDIGAN_KHAKI MELANGE,https://image.msscdn.net/images/goods_img/20240103/3773719/3773719_17875535738888_500.jpg,False
2024-01,M,002020,카디건,002,아우터,18,2159724,veryvain,베리베인,GAFF TEX CARDIGAN (BLACK),https://image.msscdn.net/images/goods_img/20211001/2159724/2159724_1_500.jpg,False
2024-01,M,002020,카디건,002,아우터,19,3443238,blond9,블론드나인,그레이스 울 리브 니트 가디건_마호가니레드,https://image.msscdn.net/images/goods_img/20230803/3443238/3443238_16917259521306_500.jpg,False
2024-01,M,002020,카디건,002,아우터,20,1567183,lmood,엘무드,오디너리 크롭 가디건 블랙,https://image.msscdn.net/images/goods_img/20200827/1567183/1567183_17083141972194_500.jpg,False
2024-01,M,002020,카디건,002,아우터,21,3554630,thenorthface,노스페이스,NJ3NP59A 브루니 EX 히트라인 가디건,https://image.msscdn.net/images/goods_img/20230913/3554630/3554630_16945636241355_500.jpg,False
2024-01,M,002020,카디건,002,아우터,22,3619473,intheraw,인더로우,ROY FULL ZIP KNIT PARKA - DEEP GREY,https://image.msscdn.net/images/goods_img/20231011/3619473/3619473_17574894678326_500.jpg,False
2024-01,M,002020,카디건,002,아우터,23,2731635,xtonz,엑스톤즈,XTK037 보운 니트 집업 (BLACK),https://image.msscdn.net/images/goods_img/20220822/2731635/2731635_1_500.jpg,False
2024-01,M,002020,카디건,002,아우터,24,3625772,suare,수아레,워셔블 코위찬 니트 울프,https://image.msscdn.net/images/goods_img/20231013/3625772/3625772_16974345953311_500.jpg,False
2024-01,M,002020,카디건,002,아우터,25,3697580,compagno,꼼파뇨,[2-WAY] 커브드 블록 니트 집업 블랙,https://image.msscdn.net/images/goods_img/20231108/3697580/3697580_17047815740073_500.jpg,False
2024-01,M,002020,카디건,002,아우터,26,3426603,espionage,에스피오나지,Miller Heavyweight Cardigan Forest Green,https://image.msscdn.net/images/goods_img/20230725/3426603/3426603_16909461022017_500.jpg,False
2024-01,M,002020,카디건,002,아우터,27,2100438,musinsastandard,무신사 스탠다드,미니멀 가디건 [블랙],https://image.msscdn.net/images/goods_img/20210831/2100438/2100438_17513583754983_500.jpg,False
2024-01,M,002020,카디건,002,아우터,28,2691620,outstanding,아웃스탠딩,LAMBSWOOL FISHERMAN CARDIGAN_BRICK,https://image.msscdn.net/images/goods_img/20220801/2691620/2691620_17688044562803_500.jpg,False
2024-01,M,002020,카디건,002,아우터,29,3443237,blond9,블론드나인,그레이스 울 리브 니트 가디건_그레이,https://image.msscdn.net/images/goods_img/20230803/3443237/3443237_16917258891024_500.jpg,False
2024-01,M,002020,카디건,002,아우터,30,3680739,guernseywoollens,건지 울른스,셔틀랜드 울 집업 가디건 - 브라운,https://image.msscdn.net/images/goods_img/20231102/3680739/3680739_17865053417092_500.jpg,False
2024-01,M,002017,트러커 재킷,002,아우터,1,3622977,trillion,트릴리온,페이드 워싱 바이커 데님 자켓 (BLACK),https://image.msscdn.net/images/goods_img/20231012/3622977/3622977_16977691200340_500.jpg,False
2024-01,M,002017,트러커 재킷,002,아우터,2,2403367,espionage,에스피오나지,French Wide Work Jacket (Moleskin) French Blue,https://image.msscdn.net/images/goods_img/20220307/2403367/2403367_1_500.jpg,False
2024-01,M,002017,트러커 재킷,002,아우터,3,1790383,trillion,트릴리온,워싱 스티치 데님자켓 (BLACK),https://image.msscdn.net/images/goods_img/20210210/1790383/1790383_2_500.jpg,False
2024-01,M,002017,트러커 재킷,002,아우터,4,2788216,espionage,에스피오나지,Relaxed Denim Jacket Black,https://image.msscdn.net/images/goods_img/20220913/2788216/2788216_1_500.jpg,False
2024-01,M,002017,트러커 재킷,002,아우터,5,3596064,dimitriblack,디미트리블랙,2WAY 크롭 코듀로이 드리즐러 자켓_블랙,https://image.msscdn.net/images/goods_img/20230926/3596064/3596064_17618007872256_500.jpg,False
2024-01,M,002017,트러커 재킷,002,아우터,6,3466533,kiimuir,키뮤어,빈티지 워싱 코튼 코듀로이 바이커 자켓_네이비,https://image.msscdn.net/images/goods_img/20230816/3466533/3466533_17259268166710_500.jpg,False
2024-01,M,002017,트러커 재킷,002,아우터,7,3046279,outstanding,아웃스탠딩,SELVEDGE DENIM 2ND JACKET_INDIGO,https://image.msscdn.net/images/goods_img/20230130/3046279/3046279_17684404870062_500.jpg,False
2024-01,M,002017,트러커 재킷,002,아우터,8,1195307,branded,브랜디드,2001 SLOW WORKER DENIM WASH. JACKET [BLACK INDIGO],https://image.msscdn.net/images/goods_img/20191021/1195307/1195307_4_500.jpg,False
2024-01,M,002017,트러커 재킷,002,아우터,9,2359414,noirer,노이어,오버핏 크롭 데님 자켓 (블랙),https://image.msscdn.net/images/goods_img/20220214/2359414/2359414_17080536538331_500.jpg,False
2024-01,M,002017,트러커 재킷,002,아우터,10,3062884,noirer,노이어,오버핏 크롭 데님 자켓 (블루),https://image.msscdn.net/images/goods_img/20230206/3062884/3062884_17080536187945_500.jpg,False
2024-01,M,002017,트러커 재킷,002,아우터,11,1337094,musinsastandard,무신사 스탠다드,릴렉스드 데님 트러커 재킷 [워시드 블랙],https://image.msscdn.net/images/goods_img/20200305/1337094/1337094_17514465029686_500.jpg,False
2024-01,M,002017,트러커 재킷,002,아우터,12,3596063,dimitriblack,디미트리블랙,2WAY 크롭 코듀로이 드리즐러 자켓_브라운,https://image.msscdn.net/images/goods_img/20230926/3596063/3596063_17621457230668_500.jpg,False
2024-01,M,002017,트러커 재킷,002,아우터,13,2219543,otherfits,아더피츠,클래식 덱자켓 (카키),https://image.msscdn.net/images/goods_img/20211105/2219543/2219543_16971632298011_500.jpg,False
2024-01,M,002017,트러커 재킷,002,아우터,14,3046112,maisonmined,메종미네드,PINCH WIND DENIM TRUCKER BLACK,https://image.msscdn.net/images/goods_img/20230130/3046112/3046112_17028773070999_500.jpg,False
2024-01,M,002017,트러커 재킷,002,아우터,15,3469202,dimitriblack,디미트리블랙,2WAY 크롭 데님 블루종 자켓_블랙,https://image.msscdn.net/images/goods_img/20230816/3469202/3469202_16965762359516_500.jpg,False
2024-01,M,002017,트러커 재킷,002,아우터,16,401149,partimento,파르티멘토,피치스킨 트윌 자켓 블랙,https://image.msscdn.net/images/goods_img/20160829/401149/401149_1_500.jpg,False
2024-01,M,002017,트러커 재킷,002,아우터,17,3638682,noirer,노이어,펜시 트위드 트러커 자켓 (블랙),https://image.msscdn.net/images/goods_img/20231018/3638682/3638682_17271445354114_500.jpg,False
2024-01,M,002017,트러커 재킷,002,아우터,18,3046109,maisonmined,메종미네드,PINCH WIND DENIM TRUCKER BLUE,https://image.msscdn.net/images/goods_img/20230130/3046109/3046109_17261205472870_500.jpg,False
2024-01,M,002017,트러커 재킷,002,아우터,19,3660366,etce,이티씨이,NEW VISION WORK JACKET (BEIGE),https://image.msscdn.net/images/goods_img/20231026/3660366/3660366_16982871698886_500.jpg,False
2024-01,M,002017,트러커 재킷,002,아우터,20,3461561,outstanding,아웃스탠딩,SELVEDGE DENIM 2ND JACKET_L.BLUE,https://image.msscdn.net/images/goods_img/20230811/3461561/3461561_17374203356997_500.jpg,False
2024-01,M,002017,트러커 재킷,002,아우터,21,3793187,outstanding,아웃스탠딩,VINTAGE DYING WORK ZIP JACKET_BEIGE,https://image.msscdn.net/images/goods_img/20240112/3793187/3793187_17059200116297_500.jpg,False
2024-01,M,002017,트러커 재킷,002,아우터,22,2713778,yale,예일,ARCH LOGO REVERSIBLE CORDUROY TRUCKER JACKET NAVY,https://image.msscdn.net/images/goods_img/20220811/2713778/2713778_17013916429251_500.jpg,False
2024-01,M,002017,트러커 재킷,002,아우터,23,3461559,outstanding,아웃스탠딩,SELVEDGE DENIM 2ND JACKET_BLACK,https://image.msscdn.net/images/goods_img/20230811/3461559/3461559_17374205350021_500.jpg,False
2024-01,M,002017,트러커 재킷,002,아우터,24,3120791,martinplan,마틴플랜,Loose Out Denim Jacket - BROWN,https://image.msscdn.net/images/goods_img/20230303/3120791/3120791_17509142261625_500.jpg,False
2024-01,M,002017,트러커 재킷,002,아우터,25,2056274,lmood,엘무드,쿼츠 울 트위드 블루종 자켓 블랙,https://image.msscdn.net/images/goods_img/20210810/2056274/2056274_17282724500062_500.jpg,False
2024-01,M,002017,트러커 재킷,002,아우터,26,3449359,espionage,에스피오나지,Relaxed Denim Jacket Washed Indigo,https://image.msscdn.net/images/goods_img/20230808/3449359/3449359_16921619750335_500.jpg,False
2024-01,M,002017,트러커 재킷,002,아우터,27,2138581,ourscope,아워스코프,High Density Corduroy Jacket (Orange Brown),https://image.msscdn.net/images/goods_img/20210916/2138581/2138581_16934615296142_500.jpg,False
2024-01,M,002017,트러커 재킷,002,아우터,28,3176333,maisonmargiela,메종 마르지엘라,남성 칼라리스 데님 재킷 - 블루 / SI1AM0006S30561966,https://image.msscdn.net/images/goods_img/20230324/3176333/3176333_16891244426724_500.jpg,False
2024-01,M,002017,트러커 재킷,002,아우터,29,2446974,laugher,라퍼,[SET][논페이드] 카우보이 데님 셋업 - 딥블루,https://image.msscdn.net/images/goods_img/20220325/2446974/2446974_16909544232601_500.jpg,False
2024-01,M,002017,트러커 재킷,002,아우터,30,1633664,lee,리,코듀라 RAW데님 1ST 트러커 자켓 인디고 로우,https://image.msscdn.net/images/goods_img/20201005/1633664/1633664_17424353361589_500.jpg,False
2024-01,M,002003,슈트/블레이저 재킷,002,아우터,1,1558197,musinsastandard,무신사 스탠다드,릴렉스드 베이식 블레이저 [블랙],https://image.msscdn.net/images/goods_img/20200820/1558197/1558197_17791521338764_500.jpg,False
2024-01,M,002003,슈트/블레이저 재킷,002,아우터,2,1283757,musinsastandard,무신사 스탠다드,오버사이즈 블레이저 [블랙],https://image.msscdn.net/images/goods_img/20200130/1283757/1283757_17514309817123_500.jpg,False
2024-01,M,002003,슈트/블레이저 재킷,002,아우터,3,1108007,musinsastandard,무신사 스탠다드,베이식 블레이저 [블랙],https://image.msscdn.net/images/goods_img/20190802/1108007/1108007_17896970765683_500.jpg,False
2024-01,M,002003,슈트/블레이저 재킷,002,아우터,4,1558683,musinsastandard,무신사 스탠다드,릴렉스드 베이식 블레이저 [미디엄 그레이],https://image.msscdn.net/images/goods_img/20200821/1558683/1558683_17514474604010_500.jpg,False
2024-01,M,002003,슈트/블레이저 재킷,002,아우터,5,2572705,nonblank,넌블랭크,[SAINT YEAR] 세미 오버 핏 셋업 수트_GREY,https://image.msscdn.net/images/goods_img/20220520/2572705/2572705_17769899182977_500.jpg,False
2024-01,M,002003,슈트/블레이저 재킷,002,아우터,6,2792419,hyojinoriko,효지,[사계절][세트상품] 커스터마이징 핏 셋업 수트 (블랙),https://image.msscdn.net/images/goods_img/20220914/2792419/2792419_17171237843031_500.jpg,False
2024-01,M,002003,슈트/블레이저 재킷,002,아우터,7,841230,insilence,인사일런스,오버사이즈 울 블레이저 BLACK,https://image.msscdn.net/images/goods_img/20180829/841230/841230_17875456744812_500.jpg,False
2024-01,M,002003,슈트/블레이저 재킷,002,아우터,8,1873073,musinsastandard,무신사 스탠다드,오버사이즈 블레이저 [미디엄 그레이],https://image.msscdn.net/images/goods_img/20210331/1873073/1873073_17775139886227_500.jpg,False
2024-01,M,002003,슈트/블레이저 재킷,002,아우터,9,2723772,suare,수아레,헤리티지 블레이저 시리즈,https://image.msscdn.net/images/goods_img/20220818/2723772/2723772_17152500620750_500.jpg,False
2024-01,M,002003,슈트/블레이저 재킷,002,아우터,10,1895225,musinsastandard,무신사 스탠다드,라이트웨이트 베이식 블레이저 [라이트 베이지],https://image.msscdn.net/images/goods_img/20210413/1895225/1895225_2_500.jpg,False
2024-01,M,002003,슈트/블레이저 재킷,002,아우터,11,3656886,with1,윗,울 오버 블레이저 자켓 - 브라운,https://image.msscdn.net/images/goods_img/20231025/3656886/3656886_16993408980388_500.jpg,False
2024-01,M,002003,슈트/블레이저 재킷,002,아우터,12,2792420,hyojinoriko,효지,[사계절][세트상품] 커스터마이징 핏 셋업 수트 (카키브라운),https://image.msscdn.net/images/goods_img/20220914/2792420/2792420_17171237678996_500.jpg,False
2024-01,M,002003,슈트/블레이저 재킷,002,아우터,13,727847,signature,시그니처,세미오버핏 싱글 블레이저 자켓[검정],https://image.msscdn.net/images/goods_img/20180304/727847/727847_16928548898099_500.jpg,False
2024-01,M,002003,슈트/블레이저 재킷,002,아우터,14,2375909,musinsastandard,무신사 스탠다드,빅 대디 오버사이즈 블레이저 [블랙],https://image.msscdn.net/images/goods_img/20220222/2375909/2375909_17790837176470_500.jpg,False
2024-01,M,002003,슈트/블레이저 재킷,002,아우터,15,1850100,musinsastandard,무신사 스탠다드,대디 숄더 오버사이즈 블레이저 [블랙],https://image.msscdn.net/images/goods_img/20210317/1850100/1850100_17780427002706_500.jpg,False
2024-01,M,002003,슈트/블레이저 재킷,002,아우터,16,2877968,musinsastandard,무신사 스탠다드,울 블렌드 멜톤 대디 숄더 오버사이즈 블레이저 [미디엄 그레이],https://image.msscdn.net/images/goods_img/20221020/2877968/2877968_1_500.jpg,False
2024-01,M,002003,슈트/블레이저 재킷,002,아우터,17,1659196,prairie,프레리,(세트상품) 울 헤링본 체크 블레이저 셋업 (CHARCOAL),https://image.msscdn.net/images/goods_img/20201022/1659196/1659196_17889165652076_500.jpg,False
2024-01,M,002003,슈트/블레이저 재킷,002,아우터,18,3543033,hyojinoriko,효지,[사계절][세트상품] 커스터마이징 핏 셋업 수트 (차콜),https://image.msscdn.net/images/goods_img/20230908/3543033/3543033_17171237154598_500.jpg,False
2024-01,M,002003,슈트/블레이저 재킷,002,아우터,19,965917,musinsastandard,무신사 스탠다드,라이트웨이트 베이식 블레이저 [블랙],https://image.msscdn.net/images/goods_img/20190226/965917/965917_6_500.jpg,False
2024-01,M,002003,슈트/블레이저 재킷,002,아우터,20,2572322,nonblank,넌블랭크,[SET UP] 세미 오버사이즈 핏 셋업 수트_CHARCOAL GREY,https://image.msscdn.net/images/goods_img/20220520/2572322/2572322_17140687589631_500.jpg,False
2024-01,M,002003,슈트/블레이저 재킷,002,아우터,21,946995,modified,모디파이드,M1709 오버핏 블레이저 (블랙),https://image.msscdn.net/images/goods_img/20190201/946995/946995_4_500.jpg,False
2024-01,M,002003,슈트/블레이저 재킷,002,아우터,22,2572700,nonblank,넌블랭크,[SAINT YEAR] 세미 오버 핏 셋업 수트_BLACK,https://image.msscdn.net/images/goods_img/20220520/2572700/2572700_17769897170778_500.jpg,False
2024-01,M,002003,슈트/블레이저 재킷,002,아우터,23,1558677,musinsastandard,무신사 스탠다드,릴렉스드 베이식 블레이저 [네이비],https://image.msscdn.net/images/goods_img/20200821/1558677/1558677_17514471253820_500.jpg,False
2024-01,M,002003,슈트/블레이저 재킷,002,아우터,24,1167429,musinsastandard,무신사 스탠다드,베이식 블레이저 [미디엄 그레이],https://image.msscdn.net/images/goods_img/20190926/1167429/1167429_17791539435074_500.jpg,False
2024-01,M,002003,슈트/블레이저 재킷,002,아우터,25,1558671,musinsastandard,무신사 스탠다드,릴렉스드 베이식 블레이저 [차콜 그레이],https://image.msscdn.net/images/goods_img/20200821/1558671/1558671_17514475628467_500.jpg,False
2024-01,M,002003,슈트/블레이저 재킷,002,아우터,26,2818323,dimitriblack,디미트리블랙,코듀로이 퍼티그 수트 셋업_올리브,https://image.msscdn.net/images/goods_img/20220926/2818323/2818323_17278374516431_500.jpg,False
2024-01,M,002003,슈트/블레이저 재킷,002,아우터,27,2572335,nonblank,넌블랭크,[SET UP] 세미 오버사이즈 핏 셋업 수트_DARK BROWN,https://image.msscdn.net/images/goods_img/20220520/2572335/2572335_17769913072590_500.jpg,False
2024-01,M,002003,슈트/블레이저 재킷,002,아우터,28,1558688,musinsastandard,무신사 스탠다드,릴렉스드 베이식 블레이저 [더스티 베이지],https://image.msscdn.net/images/goods_img/20200821/1558688/1558688_17514471787511_500.jpg,False
2024-01,M,002003,슈트/블레이저 재킷,002,아우터,29,3726067,bants,반츠,CRT 헤링본 트위드 울 3B 싱글 자켓 - 브라운,https://image.msscdn.net/images/goods_img/20231121/3726067/3726067_17008132925910_500.jpg,False
2024-01,M,002003,슈트/블레이저 재킷,002,아우터,30,2572704,nonblank,넌블랭크,[SAINT YEAR] 세미 오버 핏 셋업 수트_NAVY,https://image.msscdn.net/images/goods_img/20220520/2572704/2572704_17140655141366_500.jpg,False
2024-01,M,002004,스타디움 재킷,002,아우터,1,3034369,jemut,제멋,레더 레글런 바시티 자켓 4종 다크그린 YHOT2461,https://image.msscdn.net/images/goods_img/20230119/3034369/3034369_16741120892037_500.jpg,False
2024-01,M,002004,스타디움 재킷,002,아우터,2,2752332,lettercomo,레테르코모,빅 어워드 스타디움 울 바시티자켓 블랙,https://image.msscdn.net/images/goods_img/20220829/2752332/2752332_17600737132519_500.jpg,False
2024-01,M,002004,스타디움 재킷,002,아우터,3,2752807,kiimuir,키뮤어,[25SS] 울(WOOL) 바시티 자켓_블랙,https://image.msscdn.net/images/goods_img/20220830/2752807/2752807_17664729093372_500.jpg,False
2024-01,M,002004,스타디움 재킷,002,아우터,4,3439979,urbandtype,어반디타입,(패딩or논패딩 선택) 코듀로이 래글런 자켓_네이비,https://image.msscdn.net/images/goods_img/20230801/3439979/3439979_17346618324739_500.jpg,False
2024-01,M,002004,스타디움 재킷,002,아우터,5,3006733,fp142muji,페플,뉴시티 울블렌드 바시티 자켓 블랙 JDOT1379,https://image.msscdn.net/images/goods_img/20230105/3006733/3006733_16728782172156_500.jpg,False
2024-01,M,002004,스타디움 재킷,002,아우터,6,2225492,outstanding,아웃스탠딩,VARSITY COWHIDE JACKET_BLACK,https://image.msscdn.net/images/goods_img/20211110/2225492/2225492_17282759829611_500.jpg,False
2024-01,M,002004,스타디움 재킷,002,아우터,7,3557760,newera,뉴에라,MLB 뉴욕양키스 스타디움 재킷 네이비,https://image.msscdn.net/images/goods_img/20230913/3557760/3557760_16946558019097_500.jpg,False
2024-01,M,002004,스타디움 재킷,002,아우터,8,2123924,espionage,에스피오나지,Standard Varsity Jacket Navy,https://image.msscdn.net/images/goods_img/20210910/2123924/2123924_1_500.jpg,False
2024-01,M,002004,스타디움 재킷,002,아우터,9,2959465,rawlab,로우랩,R 시티 헤비 바시티자켓 (네이비),https://image.msscdn.net/images/goods_img/20221124/2959465/2959465_1_500.jpg,False
2024-01,M,002004,스타디움 재킷,002,아우터,10,3598519,secondmonolgue,세컨모놀로그,2-WAY 마이애미 베이스볼 트윌 점퍼 블랙_SEJP003BLACK,https://image.msscdn.net/images/goods_img/20230927/3598519/3598519_16976101767896_500.jpg,False
2024-01,M,002004,스타디움 재킷,002,아우터,11,2093817,takeasy,테이크이지,라쿠 베이스볼 오버자켓(네이비),https://image.msscdn.net/images/goods_img/20210827/2093817/2093817_4_500.jpg,False
2024-01,M,002004,스타디움 재킷,002,아우터,12,2725874,thevinylhouse,더바이닐하우스,YIN YANG VARSITY JACKET BLACK (VH2DWUB902A),https://image.msscdn.net/images/goods_img/20220818/2725874/2725874_3_500.jpg,False
2024-01,M,002004,스타디움 재킷,002,아우터,13,2782958,1993studio,1993스튜디오,빈티지 바시티 자켓_네이비,https://image.msscdn.net/images/goods_img/20220908/2782958/2782958_1_500.jpg,False
2024-01,M,002004,스타디움 재킷,002,아우터,14,2749034,espionage,에스피오나지,Standard Varsity Jacket Moss Green,https://image.msscdn.net/images/goods_img/20220829/2749034/2749034_1_500.jpg,False
2024-01,M,002004,스타디움 재킷,002,아우터,15,3539168,thevinylhouse,더바이닐하우스,YIN YANG VARSITY JACKET NAVY (VH2DWUB902A),https://image.msscdn.net/images/goods_img/20230907/3539168/3539168_16944290690983_500.jpg,False
2024-01,M,002004,스타디움 재킷,002,아우터,16,3605336,wkndrs,위캔더스,SNOW WHITE SOUVENIR JK (BLACK),https://image.msscdn.net/images/goods_img/20231005/3605336/3605336_16980416394511_500.jpg,False
2024-01,M,002004,스타디움 재킷,002,아우터,17,3603770,espionage,에스피오나지,PBDT Varsity Jacket Charcoal,https://image.msscdn.net/images/goods_img/20231005/3603770/3603770_17169716538651_500.jpg,False
2024-01,M,002004,스타디움 재킷,002,아우터,18,3730463,poloralphlauren,폴로 랄프 로렌,바시티 스타일 재킷 - 그린,https://image.msscdn.net/images/goods_img/20231123/3730463/3730463_17152312522806_500.jpg,False
2024-01,M,002004,스타디움 재킷,002,아우터,19,3439975,urbandtype,어반디타입,(패딩or논패딩 선택) 코듀로이 래글런 자켓_핑크,https://image.msscdn.net/images/goods_img/20230801/3439975/3439975_17346618498463_500.jpg,False
2024-01,M,002004,스타디움 재킷,002,아우터,20,2225487,outstanding,아웃스탠딩,VARSITY COWHIDE JACKET_NAVY,https://image.msscdn.net/images/goods_img/20211110/2225487/2225487_17282760569645_500.jpg,False
2024-01,M,002004,스타디움 재킷,002,아우터,21,3030682,drawfit,드로우핏,울 스타디움 라인 집업 자켓 [BLACK],https://image.msscdn.net/images/goods_img/20230118/3030682/3030682_17629152428707_500.jpg,False
2024-01,M,002004,스타디움 재킷,002,아우터,22,3515282,outstanding,아웃스탠딩,WAPPEN VARSITY COWHIDE JACKET_GREEN/MUSTARD,https://image.msscdn.net/images/goods_img/20230830/3515282/3515282_16952870285721_500.jpg,False
2024-01,M,002004,스타디움 재킷,002,아우터,23,3790496,kiimuir,키뮤어,[24 스프링] 울(WOOL) 2-WAY 헤링턴 자켓_민트,https://image.msscdn.net/images/goods_img/20240111/3790496/3790496_17049651581902_500.jpg,False
2024-01,M,002004,스타디움 재킷,002,아우터,24,2977715,ezkaton,에즈카톤,울른 바시티 자켓 블랙 SHOT6672,https://image.msscdn.net/images/goods_img/20221209/2977715/2977715_1_500.jpg,False
2024-01,M,002004,스타디움 재킷,002,아우터,25,3179906,jemut,제멋,레더 레글런 바시티 자켓 4종 네이비 YHOT2461,https://image.msscdn.net/images/goods_img/20230327/3179906/3179906_16798796914797_500.jpg,False
2024-01,M,002004,스타디움 재킷,002,아우터,26,3557765,newera,뉴에라,MLB 뉴욕양키스 아치로고 나일론 스타디움 재킷 블루,https://image.msscdn.net/images/goods_img/20230913/3557765/3557765_16946556623038_500.jpg,False
2024-01,M,002004,스타디움 재킷,002,아우터,27,2043568,nomanual,노매뉴얼,TAYLOR VARSITY JACKET - BLACK,https://image.msscdn.net/images/goods_img/20210729/2043568/2043568_1_500.jpg,False
2024-01,M,002004,스타디움 재킷,002,아우터,28,2857983,timcomix,팀코믹스,8 BALL VARSITY JACKET BLACK,https://image.msscdn.net/images/goods_img/20221013/2857983/2857983_16988208342409_500.jpg,False
2024-01,M,002004,스타디움 재킷,002,아우터,29,2724701,travel,트래블,스카우트 바시티 스웨트-자켓 블랙,https://image.msscdn.net/images/goods_img/20220818/2724701/2724701_3_500.jpg,False
2024-01,M,002004,스타디움 재킷,002,아우터,30,3466744,whoau,후아유,유니 바시티 자켓 WHJJD4T12U,https://image.msscdn.net/images/goods_img/20230816/3466744/3466744_17068553647792_500.jpg,False
2024-01,M,002006,나일론/코치 재킷,002,아우터,1,3468754,iey,이에이,WIRE COLLAR OVERSIZED JUMPER Khaki,https://image.msscdn.net/images/goods_img/20230816/3468754/3468754_16922673462620_500.jpg,False
2024-01,M,002006,나일론/코치 재킷,002,아우터,2,3772730,thenorthface,노스페이스,NJ2HQ05B 하이 마운틴 자켓,https://image.msscdn.net/images/goods_img/20240103/3772730/3772730_17042481769856_500.jpg,False
2024-01,M,002006,나일론/코치 재킷,002,아우터,3,2723218,dimitriblack,디미트리블랙,ASI 2WAY 어센틱 후드 윈드브레이커 자켓_블랙,https://image.msscdn.net/images/goods_img/20220817/2723218/2723218_17603312716294_500.jpg,False
2024-01,M,002006,나일론/코치 재킷,002,아우터,4,3209864,not4nerd,낫포너드,Tribal Logo Nylon Racing Jacket - Black,https://image.msscdn.net/images/goods_img/20230405/3209864/3209864_16810674167028_500.jpg,False
2024-01,M,002006,나일론/코치 재킷,002,아우터,5,2471405,slowrecordhouse,슬로우 레코드 하우스,파이핑 라인 나일론 자켓_네이비,https://image.msscdn.net/images/goods_img/20220406/2471405/2471405_17013952125581_500.jpg,False
2024-01,M,002006,나일론/코치 재킷,002,아우터,6,3536767,noirer,노이어,헤비 나일론 패디드 크롭 블루종 (버건디),https://image.msscdn.net/images/goods_img/20230906/3536767/3536767_17256033321714_500.jpg,False
2024-01,M,002006,나일론/코치 재킷,002,아우터,7,3526687,ilcorso,일꼬르소,울 하이넥 쉘파카 브라운 IEJU3F104W2,https://image.msscdn.net/images/goods_img/20230904/3526687/3526687_16970052363651_500.jpg,False
2024-01,M,002006,나일론/코치 재킷,002,아우터,8,2703787,travel,트래블,3 레이어 써밋 후드 윈드 브레이커 사파이어 블루,https://image.msscdn.net/images/goods_img/20220808/2703787/2703787_17309652700751_500.jpg,False
2024-01,M,002006,나일론/코치 재킷,002,아우터,9,3435880,tngt,티엔지티,올리브 그레이 오버핏 후드 쉘파카  (TNJU3F101K2),https://image.msscdn.net/images/goods_img/20230731/3435880/3435880_16995068041812_500.jpg,False
2024-01,M,002006,나일론/코치 재킷,002,아우터,10,3434278,umbro,엄브로,UK 헤리티지 ver.2 스텐넥 자켓 딥네이비(UO321CJK92),https://image.msscdn.net/images/goods_img/20230731/3434278/3434278_16907679796867_500.jpg,False
2024-01,M,002006,나일론/코치 재킷,002,아우터,11,3455892,filluminate,필루미네이트,타슬란 윈드 테이커 자켓-블랙,https://image.msscdn.net/images/goods_img/20230809/3455892/3455892_17827964402390_500.jpg,False
2024-01,M,002006,나일론/코치 재킷,002,아우터,12,2723216,dimitriblack,디미트리블랙,ASI 2WAY 어센틱 후드 윈드브레이커 자켓_올리브,https://image.msscdn.net/images/goods_img/20220817/2723216/2723216_17217096418459_500.jpg,False
2024-01,M,002006,나일론/코치 재킷,002,아우터,13,3426636,espionage,에스피오나지,Mountain Wind Parka Brick,https://image.msscdn.net/images/goods_img/20230725/3426636/3426636_16909514933489_500.jpg,False
2024-01,M,002006,나일론/코치 재킷,002,아우터,14,3754969,thenorthface,노스페이스,NJ2GQ00B 에코 고어텍스 마운틴 자켓,https://image.msscdn.net/images/goods_img/20231213/3754969/3754969_17104730852751_500.jpg,False
2024-01,M,002006,나일론/코치 재킷,002,아우터,15,3209862,not4nerd,낫포너드,Tribal Logo Nylon Racing Jacket - Navy,https://image.msscdn.net/images/goods_img/20230405/3209862/3209862_16810699900063_500.jpg,False
2024-01,M,002006,나일론/코치 재킷,002,아우터,16,3426615,espionage,에스피오나지,Ray Yacht Parka Peanut,https://image.msscdn.net/images/goods_img/20230725/3426615/3426615_16909509779326_500.jpg,False
2024-01,M,002006,나일론/코치 재킷,002,아우터,17,3681728,bysec,바이젝,우븐 라인 머슬 브레이커 자켓,https://image.msscdn.net/images/goods_img/20231102/3681728/3681728_17434759893978_500.jpg,False
2024-01,M,002006,나일론/코치 재킷,002,아우터,18,3034346,espionage,에스피오나지,Mountain Wind Parka Black,https://image.msscdn.net/images/goods_img/20230119/3034346/3034346_16756599638463_500.jpg,False
2024-01,M,002006,나일론/코치 재킷,002,아우터,19,3766897,lmc,엘엠씨,OG NYLON WINDBREAKER SET UP,https://image.msscdn.net/images/goods_img/20231226/3766897/3766897_17059857846874_500.jpg,False
2024-01,M,002006,나일론/코치 재킷,002,아우터,20,2329532,nomanual,노매뉴얼,PENON WIND SHELL - BLACK,https://image.msscdn.net/images/goods_img/20220126/2329532/2329532_16762491689303_500.jpg,False
2024-01,M,002006,나일론/코치 재킷,002,아우터,21,3525726,nautica,노티카,83플래그 요트 리버시블 파카(그린),https://image.msscdn.net/images/goods_img/20230904/3525726/3525726_16995997191959_500.jpg,False
2024-01,M,002006,나일론/코치 재킷,002,아우터,22,3405532,musinsastandard,무신사 스탠다드,시티 레저 CN 후디드 윈드브레이커 재킷 [블랙],https://image.msscdn.net/images/goods_img/20230712/3405532/3405532_17133389210469_500.jpg,False
2024-01,M,002006,나일론/코치 재킷,002,아우터,23,2340574,travel,트래블,고프 후드 윈드 브레이커 블랙,https://image.msscdn.net/images/goods_img/20220204/2340574/2340574_17309499295505_500.jpg,False
2024-01,M,002006,나일론/코치 재킷,002,아우터,24,3450899,nomanual,노매뉴얼,N.S NYLON JUMPER - BLACK,https://image.msscdn.net/images/goods_img/20230808/3450899/3450899_16921601837724_500.jpg,False
2024-01,M,002006,나일론/코치 재킷,002,아우터,25,3455882,filluminate,필루미네이트,타슬란 윈드 테이커 자켓-라이트그레이,https://image.msscdn.net/images/goods_img/20230809/3455882/3455882_17827964138309_500.jpg,False
2024-01,M,002006,나일론/코치 재킷,002,아우터,26,3092695,umbro,엄브로,UK 헤리티지 ver.2 스텐넥 자켓 블랙(UO321CJK92),https://image.msscdn.net/images/goods_img/20230220/3092695/3092695_16919756409771_500.jpg,False
2024-01,M,002006,나일론/코치 재킷,002,아우터,27,3522212,kolonsport,코오롱스포츠,남성 고어텍스 방수자켓 JWJGW23211MUD,https://image.msscdn.net/images/goods_img/20230901/3522212/3522212_17223930734282_500.jpg,False
2024-01,M,002006,나일론/코치 재킷,002,아우터,28,3525728,nautica,노티카,83플래그 리버시블 요트 파카(블루),https://image.msscdn.net/images/goods_img/20230904/3525728/3525728_17567934470771_500.jpg,False
2024-01,M,002006,나일론/코치 재킷,002,아우터,29,3219897,hadex,에이치덱스,[SET] 메탈 나일론 디바이딩 트랙자켓 셋업,https://image.msscdn.net/images/goods_img/20230410/3219897/3219897_16986374933585_500.jpg,False
2024-01,M,002006,나일론/코치 재킷,002,아우터,30,3468755,iey,이에이,WIRE COLLAR OVERSIZED JUMPER Black,https://image.msscdn.net/images/goods_img/20230816/3468755/3468755_16922673225700_500.jpg,False
2024-01,M,002019,아노락 재킷,002,아우터,1,1776552,urbandtype,어반디타입,[ 리뉴얼 ]아노락 쓰리피스 풀 셋업_블랙,https://image.msscdn.net/images/goods_img/20210204/1776552/1776552_17152450344166_500.jpg,False
2024-01,M,002019,아노락 재킷,002,아우터,2,3434841,xtonz,엑스톤즈,XJ98 플리츠 배색 바람막이 (GRAY),https://image.msscdn.net/images/goods_img/20230731/3434841/3434841_16993169540228_500.jpg,False
2024-01,M,002019,아노락 재킷,002,아우터,3,2353520,urbandtype,어반디타입,러닝클럽 트랙 셋업_네이비,https://image.msscdn.net/images/goods_img/20220210/2353520/2353520_17152449763903_500.jpg,False
2024-01,M,002019,아노락 재킷,002,아우터,4,3466549,kiimuir,키뮤어,2-WAY 릴렉스드 헤링턴 자켓_4 color,https://image.msscdn.net/images/goods_img/20230816/3466549/3466549_17732985666081_500.jpg,False
2024-01,M,002019,아노락 재킷,002,아우터,5,2288426,urbandtype,어반디타입,[ 리뉴얼 ] UB 바람막이 쓰리피스 셋업_블랙,https://image.msscdn.net/images/goods_img/20220103/2288426/2288426_17152450232442_500.jpg,False
2024-01,M,002019,아노락 재킷,002,아우터,6,3434839,xtonz,엑스톤즈,XJ98 플리츠 배색 바람막이 (BLACK),https://image.msscdn.net/images/goods_img/20230731/3434839/3434839_16993169688488_500.jpg,False
2024-01,M,002019,아노락 재킷,002,아우터,7,3487878,kiimuir,키뮤어,서플러스 울(WOOL) 2-WAY 헤링턴 자켓_부클 블랙,https://image.msscdn.net/images/goods_img/20230822/3487878/3487878_16947442256700_500.jpg,False
2024-01,M,002019,아노락 재킷,002,아우터,8,3691444,maisonkitsune,메종 키츠네,남성 폭스 헤드 패치 점퍼 - 블랙 / LM02228WQ4019P199,https://image.msscdn.net/images/goods_img/20231107/3691444/3691444_17011432391858_500.jpg,False
2024-01,M,002019,아노락 재킷,002,아우터,9,3750983,dollouterwear,돌아우터웨어,2324 아론 스노우보드복 자켓 다크 그레이 남녀공용,https://image.msscdn.net/images/goods_img/20231211/3750983/3750983_17022306919449_500.jpg,False
2024-01,M,002019,아노락 재킷,002,아우터,10,2713026,champion,챔피온,[US] Champion 로고 스타디움 패커블 아노락 (BLUE) CKJA2F004B2,https://image.msscdn.net/images/goods_img/20220811/2713026/2713026_16762775841871_500.jpg,False
2024-01,M,002019,아노락 재킷,002,아우터,11,2705639,kodak,코닥,선샤인 트랙 아노락 자켓 BLACK,https://image.msscdn.net/images/goods_img/20220809/2705639/2705639_16783231814291_500.jpg,False
2024-01,M,002019,아노락 재킷,002,아우터,12,3512732,lecoq,르꼬끄,듀스 리버시블 자켓 아이보리(QO323TJK91),https://image.msscdn.net/images/goods_img/20230830/3512732/3512732_17298975714021_500.jpg,False
2024-01,M,002019,아노락 재킷,002,아우터,13,3046664,kiimuir,키뮤어,후디드 M-51 파카_블랙,https://image.msscdn.net/images/goods_img/20230130/3046664/3046664_16751810494765_500.jpg,False
2024-01,M,002019,아노락 재킷,002,아우터,14,2741830,mozmoz,모즈모즈,심플 아노락 쓰리피스 풀 셋업 블랙,https://image.msscdn.net/images/goods_img/20220825/2741830/2741830_17223955909655_500.jpg,False
2024-01,M,002019,아노락 재킷,002,아우터,15,3000595,malbongolf,말본 골프,말본 아노락 자켓 BEIGE (MAN),https://image.msscdn.net/images/goods_img/20221229/3000595/3000595_16722743860882_500.jpg,False
2024-01,M,002019,아노락 재킷,002,아우터,16,1776550,urbandtype,어반디타입,[ 리뉴얼 ]아노락 쓰리피스 풀 셋업_차콜,https://image.msscdn.net/images/goods_img/20210204/1776550/1776550_17152450481773_500.jpg,False
2024-01,M,002019,아노락 재킷,002,아우터,17,3046662,kiimuir,키뮤어,후디드 M-51 자켓_3 COLOR,https://image.msscdn.net/images/goods_img/20230130/3046662/3046662_17283563138184_500.jpg,False
2024-01,M,002019,아노락 재킷,002,아우터,18,3039758,glack,글랙,GJ015 토비 나일론 자켓 (GRAY),https://image.msscdn.net/images/goods_img/20230126/3039758/3039758_16766154087049_500.jpg,False
2024-01,M,002019,아노락 재킷,002,아우터,19,3498220,thisisneverthat,디스이즈네버댓,Anorak Jacket Magenta,https://image.msscdn.net/images/goods_img/20230825/3498220/3498220_16932972925925_500.jpg,False
2024-01,M,002019,아노락 재킷,002,아우터,20,1776549,urbandtype,어반디타입,[ 리뉴얼 ] 아노락 쓰리피스 풀 셋업_민트 그레이,https://image.msscdn.net/images/goods_img/20210204/1776549/1776549_17152450598833_500.jpg,False
2024-01,M,002019,아노락 재킷,002,아우터,21,2525662,afresh,어프레쉬,[SET]에어스트레치 아노락 자켓 팬츠 셋업_블랙 바람막이,https://image.msscdn.net/images/goods_img/20220428/2525662/2525662_17174632290755_500.jpg,False
2024-01,M,002019,아노락 재킷,002,아우터,22,2000085,superlit,에스릿 스튜디오,[SET] 스테디 라이트 아노락 3P 셋업 블랙,https://image.msscdn.net/images/prd_img/20210617/2000085/detail_2000085_1_500.jpg,False
2024-01,M,002019,아노락 재킷,002,아우터,23,2508644,afresh,어프레쉬,에어스트레치 아노락 자켓_블랙 바람막이,https://image.msscdn.net/images/goods_img/20220422/2508644/2508644_17745030971239_500.jpg,False
2024-01,M,002019,아노락 재킷,002,아우터,24,3616798,dimito,디미토,VTX 3L ANORAK JACKET NIGHT TREE,https://image.msscdn.net/images/goods_img/20231011/3616798/3616798_16970993345024_500.jpg,False
2024-01,M,002019,아노락 재킷,002,아우터,25,3616869,dimito,디미토,VTX 3L ANORAK JACKET BLACK,https://image.msscdn.net/images/goods_img/20231011/3616869/3616869_16971150397118_500.jpg,False
2024-01,M,002019,아노락 재킷,002,아우터,26,3550448,snowpeakapparel,스노우피크 어패럴,프로 경량 다운 아노락 Black (S23WUTDJ34),https://image.msscdn.net/images/goods_img/20230911/3550448/3550448_17519615681928_500.jpg,False
2024-01,M,002019,아노락 재킷,002,아우터,27,3228925,rolandgarros,롤랑가로스,[SET] 맨즈 바람막이 반바지 네이비,https://image.msscdn.net/images/goods_img/20230412/3228925/3228925_16814358452940_500.jpg,False
2024-01,M,002019,아노락 재킷,002,아우터,28,3191935,not4nerd,낫포너드,Nylon Color Block Anorak Pullover - Black,https://image.msscdn.net/images/goods_img/20230329/3191935/3191935_16810686023014_500.jpg,False
2024-01,M,002019,아노락 재킷,002,아우터,29,3512731,lecoq,르꼬끄,듀스 리버시블 자켓 블랙(QO323TJK91),https://image.msscdn.net/images/goods_img/20230830/3512731/3512731_17298975640652_500.jpg,False
2024-01,M,002019,아노락 재킷,002,아우터,30,3268736,malbongolf,말본 골프,포켓 포인트 아노락 GREEN (MAN),https://image.msscdn.net/images/goods_img/20230428/3268736/3268736_16826605830208_500.jpg,False
2024-01,M,002018,트레이닝 재킷,002,아우터,1,3563185,adidas,아디다스,파이어버드 트랙탑 - 블랙 / IJ7058,https://image.msscdn.net/images/goods_img/20230915/3563185/3563185_16950017775747_500.jpg,False
2024-01,M,002018,트레이닝 재킷,002,아우터,2,3578659,adidas,아디다스,BB 트랙탑 - 쉐도우그린 / IN1001,https://image.msscdn.net/images/goods_img/20230920/3578659/3578659_17453961138159_500.jpg,False
2024-01,M,002018,트레이닝 재킷,002,아우터,3,3042935,adidas,아디다스,베켄바우어 트랙탑 - 네이비 / IA4776,https://image.msscdn.net/images/goods_img/20230127/3042935/3042935_16750553995361_500.jpg,False
2024-01,M,002018,트레이닝 재킷,002,아우터,4,3046899,adidas,아디다스,락업 트레포일 트랙탑 - 블랙 / IA6359,https://image.msscdn.net/images/goods_img/20230130/3046899/3046899_16751430242166_500.jpg,False
2024-01,M,002018,트레이닝 재킷,002,아우터,5,3578658,adidas,아디다스,BB 트랙탑 - 마룬 / IN1000,https://image.msscdn.net/images/goods_img/20230920/3578658/3578658_16953699537092_500.jpg,False
2024-01,M,002018,트레이닝 재킷,002,아우터,6,2353497,urbandtype,어반디타입,OL209_러닝클럽 트랙 자켓_네이비,https://image.msscdn.net/images/goods_img/20220210/2353497/2353497_17875332753234_500.jpg,False
2024-01,M,002018,트레이닝 재킷,002,아우터,7,3010431,satur,세터,로턴 올 데이 트랙 집업 자켓 캐비어 블랙,https://image.msscdn.net/images/goods_img/20230109/3010431/3010431_17255123428915_500.jpg,False
2024-01,M,002018,트레이닝 재킷,002,아우터,8,3756825,adidas,아디다스,오버사이즈 파이어버드 트랙탑 - 그레이 / IT7450,https://image.msscdn.net/images/goods_img/20231214/3756825/3756825_17030316724259_500.jpg,False
2024-01,M,002018,트레이닝 재킷,002,아우터,9,3588413,adidas,아디다스,베켄바우어 트랙탑 - 블랙:화이트 / II5763,https://image.msscdn.net/images/goods_img/20230922/3588413/3588413_16957743454348_500.jpg,False
2024-01,M,002018,트레이닝 재킷,002,아우터,10,3771089,adidas,아디다스,베켄바우어 트랙탑 - 블랙 / IY8077,https://image.msscdn.net/images/goods_img/20240102/3771089/3771089_17041852509353_500.jpg,False
2024-01,M,002018,트레이닝 재킷,002,아우터,11,3772303,adidas,아디다스,M FASH P FB TT IT7461,https://image.msscdn.net/images/goods_img/20240102/3772303/3772303_17042427468118_500.jpg,False
2024-01,M,002018,트레이닝 재킷,002,아우터,12,3563184,adidas,아디다스,파이어버드 트랙탑 - 다크블루 / IN4682,https://image.msscdn.net/images/goods_img/20230915/3563184/3563184_16950018085939_500.jpg,False
2024-01,M,002018,트레이닝 재킷,002,아우터,13,3663235,hadex,에이치덱스,버닝업 자켓 2 color,https://image.msscdn.net/images/goods_img/20231027/3663235/3663235_17298379437981_500.jpg,False
2024-01,M,002018,트레이닝 재킷,002,아우터,14,2756955,diadora,디아도라,그랜드 슬램 테니스 트레이닝 자켓 WHITE,https://image.msscdn.net/images/goods_img/20220831/2756955/2756955_1_500.jpg,False
2024-01,M,002018,트레이닝 재킷,002,아우터,15,3260636,adidas,아디다스,BB 트랙탑 - 네이비 / IK9149,https://image.msscdn.net/images/goods_img/20230425/3260636/3260636_17453962292778_500.jpg,False
2024-01,M,002018,트레이닝 재킷,002,아우터,16,3033083,adidas,아디다스,3ST 후드 우븐 재킷 - 블랙 / IB0248,https://image.msscdn.net/images/goods_img/20230119/3033083/3033083_16781642294778_500.jpg,False
2024-01,M,002018,트레이닝 재킷,002,아우터,17,2061715,adidas,아디다스,락업 트랙탑 - 블랙 / H41391,https://image.msscdn.net/images/goods_img/20210812/2061715/2061715_1_500.jpg,False
2024-01,M,002018,트레이닝 재킷,002,아우터,18,1642822,musinsastandard,무신사 스탠다드,벨루어 트랙 탑 [블랙],https://image.msscdn.net/images/goods_img/20201012/1642822/1642822_2_500.jpg,False
2024-01,M,002018,트레이닝 재킷,002,아우터,19,1240633,fcmm,에프씨엠엠,클럽 팀 사이드라인 트랙 자켓 - 블랙,https://image.msscdn.net/images/goods_img/20191202/1240633/1240633_17243069557898_500.jpg,False
2024-01,M,002018,트레이닝 재킷,002,아우터,20,3010433,satur,세터,로턴 올 데이 트랙 집업 자켓 리조트 블루,https://image.msscdn.net/images/goods_img/20230109/3010433/3010433_17005703019684_500.jpg,False
2024-01,M,002018,트레이닝 재킷,002,아우터,21,3200850,musinsastandardsp,무신사 스탠다드 스포츠,웜엄 집업 자켓 (2color),https://image.msscdn.net/images/goods_img/20230403/3200850/3200850_17531470658749_500.jpg,False
2024-01,M,002018,트레이닝 재킷,002,아우터,22,2054619,fcmm,에프씨엠엠,클럽 팀 사이드라인 트랙 자켓 - 화이트,https://image.msscdn.net/images/goods_img/20210809/2054619/2054619_17261376177570_500.jpg,False
2024-01,M,002018,트레이닝 재킷,002,아우터,23,3436320,brownbreath,브라운브레스,TAG TRACK JACKET - BURGUNDY,https://image.msscdn.net/images/goods_img/20230801/3436320/3436320_17064907077076_500.jpg,False
2024-01,M,002018,트레이닝 재킷,002,아우터,24,3567410,balenciaga,발렌시아가,남성 로고 트랙 재킷 - 화이트 / 746483TOO489000,https://image.msscdn.net/images/goods_img/20230918/3567410/3567410_16987137572814_500.jpg,False
2024-01,M,002018,트레이닝 재킷,002,아우터,25,3464386,balenciaga,발렌시아가,트랙재킷 - 블랙 / 751726TOO481000,https://image.msscdn.net/images/goods_img/20230814/3464386/3464386_16927522122818_500.jpg,False
2024-01,M,002018,트레이닝 재킷,002,아우터,26,3740910,needles,니들스,남성 버터플라이 로고 자수 폴리 스무스 트랙 재킷 - 네이비 / NS244NAVY,https://image.msscdn.net/images/goods_img/20231201/3740910/3740910_17056227708230_500.jpg,False
2024-01,M,002018,트레이닝 재킷,002,아우터,27,3454001,whatitisnt,와키윌리,와펜 파이핑 저지 트랙탑 블랙,https://image.msscdn.net/images/goods_img/20230809/3454001/3454001_16926882152250_500.jpg,False
2024-01,M,002018,트레이닝 재킷,002,아우터,28,3771149,adidas,아디다스,우븐 파이어버드 트랙탑 - 블랙 / IT2491,https://image.msscdn.net/images/goods_img/20240102/3771149/3771149_17042416430428_500.jpg,False
2024-01,M,002018,트레이닝 재킷,002,아우터,29,2719713,thisisneverthat,디스이즈네버댓,Reversible Team Jacket Grey,https://image.msscdn.net/images/goods_img/20220816/2719713/2719713_1_500.jpg,False
2024-01,M,002018,트레이닝 재킷,002,아우터,30,2835447,thombrowne,톰브라운,셰틀랜드 울 싱글 벤트 스포츠 재킷 - 네이비 / MJC328A03793415,https://image.msscdn.net/images/goods_img/20221004/2835447/2835447_1_500.jpg,False
2024-01,M,002008,환절기 코트,002,아우터,1,709188,drawfit,드로우핏,오버사이즈 울 트렌치 코트 [BLACK],https://image.msscdn.net/images/goods_img/20180205/709188/709188_16917313775663_500.jpg,False
2024-01,M,002008,환절기 코트,002,아우터,2,1760164,drawfit,드로우핏,울 블렌딩 발마칸 오버 코트 [BLACK],https://image.msscdn.net/images/goods_img/20210125/1760164/1760164_16735775758417_500.jpg,False
2024-01,M,002008,환절기 코트,002,아우터,3,709189,drawfit,드로우핏,오버사이즈 울 트렌치 코트 [BEIGE],https://image.msscdn.net/images/goods_img/20180205/709189/709189_16917313543519_500.jpg,False
2024-01,M,002008,환절기 코트,002,아우터,4,3174398,burberry,버버리,롱 켄싱턴 헤리티지 트렌치코트 - 허니 / 8045861,https://image.msscdn.net/images/goods_img/20230323/3174398/3174398_16868071165005_500.jpg,False
2024-01,M,002008,환절기 코트,002,아우터,5,2748992,espionage,에스피오나지,Wide Single Trench Coat Black,https://image.msscdn.net/images/goods_img/20220829/2748992/2748992_1_500.jpg,False
2024-01,M,002008,환절기 코트,002,아우터,6,2748994,espionage,에스피오나지,Wide Single Trench Coat Beige,https://image.msscdn.net/images/goods_img/20220829/2748994/2748994_1_500.jpg,False
2024-01,M,002008,환절기 코트,002,아우터,7,1758438,drawfit,드로우핏,오버사이즈 울 트렌치 코트 [GREYISH BEIGE],https://image.msscdn.net/images/goods_img/20210122/1758438/1758438_16917314292846_500.jpg,False
2024-01,M,002008,환절기 코트,002,아우터,8,1120476,drawfit,드로우핏,오버사이즈 울 트렌치 코트 [CHARCOAL],https://image.msscdn.net/images/goods_img/20190819/1120476/1120476_16917314036439_500.jpg,False
2024-01,M,002008,환절기 코트,002,아우터,9,1269066,insilence,인사일런스,오버사이즈 트렌치 코트 BLACK,https://image.msscdn.net/images/goods_img/20200113/1269066/1269066_16928568810552_500.jpg,False
2024-01,M,002008,환절기 코트,002,아우터,10,680961,flareup,플레어업,오버사이즈 트렌치코트 (FL-012),https://image.msscdn.net/images/prd_img/20171130/680961/detail_680961_37_500.jpg,False
2024-01,M,002008,환절기 코트,002,아우터,11,2683854,poloralphlauren,폴로 랄프 로렌,트윌 워킹 윈드브레이커 - 네이비,https://image.msscdn.net/images/goods_img/20220727/2683854/2683854_1_500.jpg,False
2024-01,M,002008,환절기 코트,002,아우터,12,3303817,thombrowne,톰브라운,4 BAR 블레이저 코트 - 네이비 / MOC567A06146415,https://image.msscdn.net/images/goods_img/20230518/3303817/3303817_16873151159397_500.jpg,False
2024-01,M,002008,환절기 코트,002,아우터,13,1760165,drawfit,드로우핏,울 블렌딩 발마칸 오버 코트 [DARK BROWN],https://image.msscdn.net/images/goods_img/20210125/1760165/1760165_16735775977324_500.jpg,False
2024-01,M,002008,환절기 코트,002,아우터,14,3189057,burberry,버버리,켄싱턴 트렌치 코트 - 네이비 / 8028105,https://image.msscdn.net/images/goods_img/20230329/3189057/3189057_16860594566135_500.jpg,False
2024-01,M,002008,환절기 코트,002,아우터,15,1269068,insilence,인사일런스,오버사이즈 트렌치 코트 CREAM,https://image.msscdn.net/images/goods_img/20200113/1269068/1269068_16928569143731_500.jpg,False
2024-01,M,002008,환절기 코트,002,아우터,16,3030649,drawfit,드로우핏,울 트렌치 싱글 발마칸 코트 [BLACK],https://image.msscdn.net/images/goods_img/20230118/3030649/3030649_16740930226187_500.jpg,False
2024-01,M,002008,환절기 코트,002,아우터,17,2387362,frizmworks,프리즘웍스,BALMACAAN HUNTING COAT _ BLACK WATCH,https://image.msscdn.net/images/goods_img/20220227/2387362/2387362_1_500.jpg,False
2024-01,M,002008,환절기 코트,002,아우터,18,3369850,auralee,오라리,워시드 샴브레이 트렌치 코트 - 그레이 샴브레이 / A23SC01SBGRCM,https://image.msscdn.net/images/goods_img/20230616/3369850/3369850_16898375299578_500.jpg,False
2024-01,M,002008,환절기 코트,002,아우터,19,2941707,diesel,디젤,남성 D 델리리어스 더블 브레스티드 트렌치 코트 - 블랙:다크 그레이 / A0387309B8802,https://image.msscdn.net/images/goods_img/20221115/2941707/2941707_1_500.jpg,False
2024-01,M,002008,환절기 코트,002,아우터,20,2748159,coor,쿠어,발마칸 트렌치 로브 코트 (베이지),https://image.msscdn.net/images/goods_img/20220828/2748159/2748159_1_500.jpg,False
2024-01,M,002008,환절기 코트,002,아우터,21,2662658,lemaire,르메르,라이트 수트 코트 - 라이트 그레이 / CO171LF414168,https://image.msscdn.net/images/goods_img/20220713/2662658/2662658_1_500.jpg,False
2024-01,M,002008,환절기 코트,002,아우터,22,3506441,lemard,르마드,투톤 트렌치 코트 - 브라운,https://image.msscdn.net/images/goods_img/20230828/3506441/3506441_16946754412275_500.jpg,False
2024-01,M,002008,환절기 코트,002,아우터,23,3539718,stoneisland,스톤아일랜드,남성 와펜 패치 데이비드 TC 숏 트렌치 코트 - 블랙 / 791542149A0029,https://image.msscdn.net/images/goods_img/20230907/3539718/3539718_16957184621689_500.jpg,False
2024-01,M,002008,환절기 코트,002,아우터,24,2683856,poloralphlauren,폴로 랄프 로렌,트윌 워킹 윈드브레이커 - 베이지,https://image.msscdn.net/images/goods_img/20220727/2683856/2683856_1_500.jpg,False
2024-01,M,002008,환절기 코트,002,아우터,25,2041548,drawfit,드로우핏,오버사이즈 울 트렌치 코트 [GREIGE],https://image.msscdn.net/images/goods_img/20210727/2041548/2041548_16768612745518_500.jpg,False
2024-01,M,002008,환절기 코트,002,아우터,26,3182701,isabelmarant,이자벨마랑,버튼 프론트 코트 - 블랙 / VE0057HAA1G24H02FK,https://image.msscdn.net/images/goods_img/20230327/3182701/3182701_16830814962259_500.jpg,False
2024-01,M,002008,환절기 코트,002,아우터,27,2703908,insilence,인사일런스,SASAKI 트렌치 코트 BROWN,https://image.msscdn.net/images/goods_img/20220808/2703908/2703908_2_500.jpg,False
2024-01,M,002008,환절기 코트,002,아우터,28,2387363,frizmworks,프리즘웍스,BALMACAAN HUNTING COAT _ BLACK,https://image.msscdn.net/images/goods_img/20220227/2387363/2387363_1_500.jpg,False
2024-01,M,002008,환절기 코트,002,아우터,29,2122450,graphplatform,그래프플랫폼,분또 오버핏 롱 코트 블랙,https://image.msscdn.net/images/goods_img/20210910/2122450/2122450_1_500.jpg,False
2024-01,M,002008,환절기 코트,002,아우터,30,3600872,spao,스파오,후드 더플코트_SPJWD4VC01,https://image.msscdn.net/images/goods_img/20231004/3600872/3600872_17014077185647_500.jpg,False
2024-01,M,002014,사파리/헌팅 재킷,002,아우터,1,2737014,frizmworks,프리즘웍스,VINCENT M1965 FISHTAIL PARKA 004 _ OLIVE,https://image.msscdn.net/images/goods_img/20220823/2737014/2737014_1_500.jpg,False
2024-01,M,002014,사파리/헌팅 재킷,002,아우터,2,2737012,frizmworks,프리즘웍스,VINCENT M1965 FISHTAIL PARKA 004 _ BLACK,https://image.msscdn.net/images/goods_img/20220823/2737012/2737012_1_500.jpg,False
2024-01,M,002014,사파리/헌팅 재킷,002,아우터,3,2206096,corrs,인더스트,[ALL리뉴얼.Ver] 오리지널 M65 피시테일 파카_카키,https://image.msscdn.net/images/goods_img/20211028/2206096/2206096_17900456022813_500.jpg,False
2024-01,M,002014,사파리/헌팅 재킷,002,아우터,4,1204448,partimento,파르티멘토,3M 신슐레이트 M-65 피시테일 코트 패딩 카키,https://image.msscdn.net/images/goods_img/20191028/1204448/1204448_17296732076473_500.jpg,False
2024-01,M,002014,사파리/헌팅 재킷,002,아우터,5,2349901,outstanding,아웃스탠딩,CORDUROY COLLAR SHORT JACKET_OLIVE GREEN,https://image.msscdn.net/images/goods_img/20220209/2349901/2349901_17687996624748_500.jpg,False
2024-01,M,002014,사파리/헌팅 재킷,002,아우터,6,2206111,corrs,인더스트,[ALL리뉴얼.Ver] 오리지널 M65 피시테일 파카_블랙,https://image.msscdn.net/images/goods_img/20211028/2206111/2206111_17897117130826_500.jpg,False
2024-01,M,002014,사파리/헌팅 재킷,002,아우터,7,3466741,whoau,후아유,숏헌팅자켓 WHJJD4939M,https://image.msscdn.net/images/goods_img/20230816/3466741/3466741_16964719481828_500.jpg,False
2024-01,M,002014,사파리/헌팅 재킷,002,아우터,8,2349864,outstanding,아웃스탠딩,HUNTING HOOD JACKET_BLACK,https://image.msscdn.net/images/goods_img/20220209/2349864/2349864_16928439489851_500.jpg,False
2024-01,M,002014,사파리/헌팅 재킷,002,아우터,9,3406370,lmood,엘무드,체스터 헌팅 블루종 자켓 블랙,https://image.msscdn.net/images/goods_img/20230712/3406370/3406370_17255163244682_500.jpg,False
2024-01,M,002014,사파리/헌팅 재킷,002,아우터,10,2737008,frizmworks,프리즘웍스,OSCAR FISHTAIL JACKET 003 _ OLIVE,https://image.msscdn.net/images/goods_img/20220823/2737008/2737008_1_500.jpg,False
2024-01,M,002014,사파리/헌팅 재킷,002,아우터,11,3531332,frizmworks,프리즘웍스,VINCENT M1965 FISHTAIL PARKA 004 _ GRAY,https://image.msscdn.net/images/goods_img/20230905/3531332/3531332_16946120523456_500.jpg,False
2024-01,M,002014,사파리/헌팅 재킷,002,아우터,12,2737007,frizmworks,프리즘웍스,OSCAR FISHTAIL JACKET 003 _ BLACK,https://image.msscdn.net/images/goods_img/20220823/2737007/2737007_1_500.jpg,False
2024-01,M,002014,사파리/헌팅 재킷,002,아우터,13,3406372,lmood,엘무드,체스터 헌팅 블루종 자켓 카키,https://image.msscdn.net/images/goods_img/20230712/3406372/3406372_17443376925419_500.jpg,False
2024-01,M,002014,사파리/헌팅 재킷,002,아우터,14,2349739,outstanding,아웃스탠딩,HUNTING HOOD JACKET_ORANGE,https://image.msscdn.net/images/goods_img/20220209/2349739/2349739_16928438962538_500.jpg,False
2024-01,M,002014,사파리/헌팅 재킷,002,아우터,15,2859075,corrs,인더스트,오리지널 M65 피시테일 숏파카_블랙,https://image.msscdn.net/images/goods_img/20221013/2859075/2859075_17893705691365_500.jpg,False
2024-01,M,002014,사파리/헌팅 재킷,002,아우터,16,2256215,blackmoment,블랙모먼트,리버시블 피쉬테일 사파리 파카 야상_KHAKI,https://image.msscdn.net/images/goods_img/20211203/2256215/2256215_17171295015117_500.jpg,False
2024-01,M,002014,사파리/헌팅 재킷,002,아우터,17,1624403,ymclky,와이엠씨엘케이와이,US M-65 Field Parka - Olive,https://image.msscdn.net/images/goods_img/20200925/1624403/1624403_1_500.jpg,False
2024-01,M,002014,사파리/헌팅 재킷,002,아우터,18,3096455,frizmworks,프리즘웍스,HERITAGE HUNTING JACKET 002 _ TAN,https://image.msscdn.net/images/goods_img/20230221/3096455/3096455_17562765796201_500.jpg,False
2024-01,M,002014,사파리/헌팅 재킷,002,아우터,19,2859018,corrs,인더스트,오리지널 M65 피시테일 숏파카_카키,https://image.msscdn.net/images/goods_img/20221013/2859018/2859018_17893688403846_500.jpg,False
2024-01,M,002014,사파리/헌팅 재킷,002,아우터,20,2745877,secondmonolgue,세컨모놀로그,[내피/외피 SET] 몬스터 롱 점퍼 세트 블랙_COOSJP033BLACK,https://image.msscdn.net/images/goods_img/20220826/2745877/2745877_7_500.jpg,False
2024-01,M,002014,사파리/헌팅 재킷,002,아우터,21,3594616,corrs,인더스트,[ALL리뉴얼.Ver] 오리지널 M65 피시테일 파카_차콜,https://image.msscdn.net/images/goods_img/20230926/3594616/3594616_17586936196993_500.jpg,False
2024-01,M,002014,사파리/헌팅 재킷,002,아우터,22,1716012,massnoun,매스노운,M-65 피쉬테일 코튼 야상 코트 MWZCT002-KK,https://image.msscdn.net/images/goods_img/20201207/1716012/1716012_2_500.jpg,False
2024-01,M,002014,사파리/헌팅 재킷,002,아우터,23,2850048,yale,예일,HERITAGE UNIVERSITY DAN QUILTED HUNTING JACKET BLACK,https://image.msscdn.net/images/goods_img/20221011/2850048/2850048_17189683279134_500.jpg,False
2024-01,M,002014,사파리/헌팅 재킷,002,아우터,24,2737011,frizmworks,프리즘웍스,OSCAR FISHTAIL JACKET 003 _ IVORY,https://image.msscdn.net/images/goods_img/20220823/2737011/2737011_1_500.jpg,False
2024-01,M,002014,사파리/헌팅 재킷,002,아우터,25,3096454,frizmworks,프리즘웍스,HERITAGE HUNTING JACKET 002 _ OLIVE,https://image.msscdn.net/images/goods_img/20230221/3096454/3096454_17562766009565_500.jpg,False
2024-01,M,002014,사파리/헌팅 재킷,002,아우터,26,3450087,discusathletic,디스커스 애슬레틱,로고 쉐르파 자켓 차콜,https://image.msscdn.net/images/goods_img/20230808/3450087/3450087_16947427239508_500.jpg,False
2024-01,M,002014,사파리/헌팅 재킷,002,아우터,27,1253197,bronson,브론슨,US Army M-1943 Field Jacket Olive,https://image.msscdn.net/images/goods_img/20191217/1253197/1253197_17307676435602_500.jpg,False
2024-01,M,002014,사파리/헌팅 재킷,002,아우터,28,2206119,corrs,인더스트,[ALL리뉴얼.Ver] 오리지널 M65 피시테일 파카_그레이,https://image.msscdn.net/images/goods_img/20211028/2206119/2206119_17593697474046_500.jpg,False
2024-01,M,002014,사파리/헌팅 재킷,002,아우터,29,3035547,outstanding,아웃스탠딩,HUNTING HOOD JACKET_CHARCOAL,https://image.msscdn.net/images/goods_img/20230120/3035547/3035547_16928424234282_500.jpg,False
2024-01,M,002014,사파리/헌팅 재킷,002,아우터,30,3750624,gubin,구빈,롱 피쉬테일 자켓 - 카키,https://image.msscdn.net/images/goods_img/20231208/3750624/3750624_17056414556569_500.jpg,False
2024-01,M,002021,베스트,002,아우터,1,2818312,dimitriblack,디미트리블랙,코듀로이 퍼티그 베스트_브라운,https://image.msscdn.net/images/goods_img/20220926/2818312/2818312_1_500.jpg,False
2024-01,M,002021,베스트,002,아우터,2,1305385,drawfit,드로우핏,소프 울 오버핏 니트 베스트 [BLACK],https://image.msscdn.net/images/goods_img/20200214/1305385/1305385_16804992777098_500.jpg,False
2024-01,M,002021,베스트,002,아우터,3,3645409,poloralphlauren,폴로 랄프 로렌,페어 아일 울 스웨터 베스트 - 블루,https://image.msscdn.net/images/goods_img/20231020/3645409/3645409_16992323086575_500.jpg,False
2024-01,M,002021,베스트,002,아우터,4,2325610,takeasy,테이크이지,케이블 스몰라쿠 니트 베스트(네이비),https://image.msscdn.net/images/goods_img/20220125/2325610/2325610_2_500.jpg,False
2024-01,M,002021,베스트,002,아우터,5,3349832,partimento,파르티멘토,시어 후드 베스트 블랙,https://image.msscdn.net/images/goods_img/20230607/3349832/3349832_16862761419940_500.jpg,False
2024-01,M,002021,베스트,002,아우터,6,2818311,dimitriblack,디미트리블랙,코듀로이 퍼티그 베스트_블랙,https://image.msscdn.net/images/goods_img/20220926/2818311/2818311_1_500.jpg,False
2024-01,M,002021,베스트,002,아우터,7,2061772,romanticcrown,로맨틱크라운,사이드 버튼 오버핏 베스트_오트밀,https://image.msscdn.net/images/goods_img/20210812/2061772/2061772_16940503916753_500.jpg,False
2024-01,M,002021,베스트,002,아우터,8,3493799,poloralphlauren,폴로 랄프 로렌,케이블 니트 코튼 스웨터 베스트 - 네이비,https://image.msscdn.net/images/goods_img/20230824/3493799/3493799_16940628044656_500.jpg,False
2024-01,M,002021,베스트,002,아우터,9,3606996,kakaofriends0,카카오프렌즈,캐빈인더포레스트 양털조끼_춘식이,https://image.msscdn.net/images/goods_img/20231006/3606996/3606996_16965244704037_500.jpg,False
2024-01,M,002021,베스트,002,아우터,10,2818313,dimitriblack,디미트리블랙,코듀로이 퍼티그 베스트_올리브,https://image.msscdn.net/images/goods_img/20220926/2818313/2818313_1_500.jpg,False
2024-01,M,002021,베스트,002,아우터,11,2897433,jeep,지프,리버시블 베스트  (GK3JPU650BK),https://image.msscdn.net/images/goods_img/20221027/2897433/2897433_2_500.jpg,False
2024-01,M,002021,베스트,002,아우터,12,1958404,lettercomo,레테르코모,시티보이 브이넥 니트베스트_블랙,https://image.msscdn.net/images/goods_img/20210520/1958404/1958404_17225627035904_500.jpg,False
2024-01,M,002021,베스트,002,아우터,13,1293166,lettercomo,레테르코모,미니멀 브이넥 니트 베스트 블랙,https://image.msscdn.net/images/goods_img/20200205/1293166/1293166_17218818865419_500.jpg,False
2024-01,M,002021,베스트,002,아우터,14,1305386,drawfit,드로우핏,소프 울 오버핏 니트 베스트 [L.BEIGE],https://image.msscdn.net/images/goods_img/20200214/1305386/1305386_16804992518493_500.jpg,False
2024-01,M,002021,베스트,002,아우터,15,3125670,matinkim,마뗑킴,SPELL POINT STRIPE KNIT VEST IN IVORY,https://image.msscdn.net/images/goods_img/20230306/3125670/3125670_16782582117207_500.jpg,False
2024-01,M,002021,베스트,002,아우터,16,2729754,snowpeakapparel,스노우피크 어패럴,랜드 경량 다운 베스트 (S24WMGDV60) Black,https://image.msscdn.net/images/goods_img/20220819/2729754/2729754_17870482701380_500.jpg,False
2024-01,M,002021,베스트,002,아우터,17,3652338,takeasy,테이크이지,오디너리 페어아일 베스트 가디건 - 2 COLOR,https://image.msscdn.net/images/goods_img/20231024/3652338/3652338_16999469117522_500.jpg,False
2024-01,M,002021,베스트,002,아우터,18,3485078,espionage,에스피오나지,Fisherman Utility Vest Charcoal,https://image.msscdn.net/images/goods_img/20230822/3485078/3485078_16928526209229_500.jpg,False
2024-01,M,002021,베스트,002,아우터,19,2060622,blond9,블론드나인,램스울 브이넥 니트 베스트_브라운,https://image.msscdn.net/images/goods_img/20210812/2060622/2060622_1_500.jpg,False
2024-01,M,002021,베스트,002,아우터,20,2757381,thisisneverthat,디스이즈네버댓,Sherpa Fleece Vest Black,https://image.msscdn.net/images/goods_img/20220831/2757381/2757381_1_500.jpg,False
2024-01,M,002021,베스트,002,아우터,21,3066664,areuban,아르반,하이크 베스트 후드집업_블랙,https://image.msscdn.net/images/goods_img/20230208/3066664/3066664_16830072238908_500.jpg,False
2024-01,M,002021,베스트,002,아우터,22,2325611,takeasy,테이크이지,케이블 스몰라쿠 니트 베스트(그린),https://image.msscdn.net/images/goods_img/20220125/2325611/2325611_2_500.jpg,False
2024-01,M,002021,베스트,002,아우터,23,2477199,jhonnywest,쟈니웨스트,Dumpy Knit Vest (Black),https://image.msscdn.net/images/goods_img/20220408/2477199/2477199_1_500.jpg,False
2024-01,M,002021,베스트,002,아우터,24,3125671,matinkim,마뗑킴,SPELL POINT STRIPE KNIT VEST,https://image.msscdn.net/images/goods_img/20230306/3125671/3125671_16782581740082_500.jpg,False
2024-01,M,002021,베스트,002,아우터,25,3766894,lmc,엘엠씨,OG NYLON HOODIE VEST SET UP,https://image.msscdn.net/images/goods_img/20231226/3766894/3766894_17059857764960_500.jpg,False
2024-01,M,002021,베스트,002,아우터,26,3605401,dynafit,다이나핏,PDG (피디지) 2.0 미들 다운 베스트_Black,https://image.msscdn.net/images/goods_img/20231005/3605401/3605401_16964870127113_500.jpg,False
2024-01,M,002021,베스트,002,아우터,27,2832893,malbongolf,말본 골프,Malbon 테크 플레이어 베스트 BLACK (MAN),https://image.msscdn.net/images/goods_img/20220930/2832893/2832893_1_500.jpg,False
2024-01,M,002021,베스트,002,아우터,28,2778842,snowpeakapparel,스노우피크 어패럴,플리스 베스트 Charcoal (S22WMRVE60),https://image.msscdn.net/images/goods_img/20220907/2778842/2778842_6_500.jpg,False
2024-01,M,002021,베스트,002,아우터,29,2871868,champion,챔피온,[US] Cozy High 플리스 조끼 (NORMAL GREEN) CKJA2F401E2,https://image.msscdn.net/images/goods_img/20221018/2871868/2871868_2_500.jpg,False
2024-01,M,002021,베스트,002,아우터,30,3158825,toffee,토피,하이넥 나일론 후드 집업 베스트 (BLACK),https://image.msscdn.net/images/goods_img/20230317/3158825/3158825_16794732798145_500.jpg,False
2024-01,M,002012,숏패딩/헤비 아우터,002,아우터,1,2037173,spao,스파오,베이직 푸퍼_SPJPE4TC11,https://image.msscdn.net/images/goods_img/20210722/2037173/2037173_17333558393121_500.jpg,False
2024-01,M,002012,숏패딩/헤비 아우터,002,아우터,2,910127,jipsy,집시,마스터 구스다운 핑거글러브  숏패딩 -블랙-,https://image.msscdn.net/images/goods_img/20181121/910127/910127_17296148276581_500.jpg,False
2024-01,M,002012,숏패딩/헤비 아우터,002,아우터,3,2835510,yale,예일,리버시블 웜업 퀄팅 자켓 블랙/아이보리,https://image.msscdn.net/images/goods_img/20221004/2835510/2835510_17484885537592_500.jpg,False
2024-01,M,002012,숏패딩/헤비 아우터,002,아우터,4,2482269,thenorthface,노스페이스,NJ1DQ75A 남성 1996 눕시 자켓_BLACK,https://image.msscdn.net/images/goods_img/20220412/2482269/2482269_17210922117662_500.jpg,False
2024-01,M,002012,숏패딩/헤비 아우터,002,아우터,5,3470403,musinsastandardsp,무신사 스탠다드 스포츠,코어 패딩 자켓 (5colors),https://image.msscdn.net/images/goods_img/20230817/3470403/3470403_17876366461439_500.jpg,False
2024-01,M,002012,숏패딩/헤비 아우터,002,아우터,6,3378514,musinsastandard,무신사 스탠다드,데일리 푸퍼 숏 패딩 재킷 [블랙],https://image.msscdn.net/images/goods_img/20230622/3378514/3378514_17800303461768_500.jpg,False
2024-01,M,002012,숏패딩/헤비 아우터,002,아우터,7,3555045,covernat,커버낫,RDS 씨빅 숏 푸퍼 블랙,https://image.msscdn.net/images/goods_img/20230913/3555045/3555045_16947539245253_500.png,False
2024-01,M,002012,숏패딩/헤비 아우터,002,아우터,8,3602386,danswer,디앤에스알,플라이트 크롭 패딩 점퍼,https://image.msscdn.net/images/goods_img/20231004/3602386/3602386_17592132939908_500.jpg,False
2024-01,M,002012,숏패딩/헤비 아우터,002,아우터,9,912314,musinsastandard,무신사 스탠다드,다운 푸퍼 숏 패딩 재킷 [블랙],https://image.msscdn.net/images/goods_img/20181123/912314/912314_17649023281294_500.jpg,False
2024-01,M,002012,숏패딩/헤비 아우터,002,아우터,10,1535337,codegraphy,코드그라피,[DIVO] RDS 유틸리티 덕다운 푸파 숏패딩_쿨그레이,https://image.msscdn.net/images/goods_img/20200803/1535337/1535337_17222170264280_500.jpg,False
2024-01,M,002012,숏패딩/헤비 아우터,002,아우터,11,2704962,yale,예일,웜업 퀼팅자켓_블랙,https://image.msscdn.net/images/goods_img/20220808/2704962/2704962_17592064508547_500.jpg,False
2024-01,M,002012,숏패딩/헤비 아우터,002,아우터,12,3616460,filluminate,필루미네이트,글로시 레더 패딩-블랙,https://image.msscdn.net/images/goods_img/20231011/3616460/3616460_17404638910356_500.jpg,False
2024-01,M,002012,숏패딩/헤비 아우터,002,아우터,13,1535333,codegraphy,코드그라피,[DIVO] RDS 유틸리티 덕다운 푸파 숏패딩_블랙,https://image.msscdn.net/images/goods_img/20200803/1535333/1535333_17696654666796_500.jpg,False
2024-01,M,002012,숏패딩/헤비 아우터,002,아우터,14,3378528,musinsastandard,무신사 스탠다드,시티 레저 다운 숏 패딩 재킷 [블랙],https://image.msscdn.net/images/goods_img/20230622/3378528/3378528_17133380005284_500.jpg,False
2024-01,M,002012,숏패딩/헤비 아우터,002,아우터,15,2684073,nomanual,노매뉴얼,(23FW)SKADI DUCK DOWN - GLOSSY BLACK,https://image.msscdn.net/images/goods_img/20220727/2684073/2684073_17273418500742_500.jpg,False
2024-01,M,002012,숏패딩/헤비 아우터,002,아우터,16,3633380,uniformbridge,유니폼브릿지,karakoram down parka sage green,https://image.msscdn.net/images/goods_img/20231017/3633380/3633380_17097810491393_500.jpg,False
2024-01,M,002012,숏패딩/헤비 아우터,002,아우터,17,3780728,maninstore,무드인사이드,남여공용 푸퍼 숏패딩_Black,https://image.msscdn.net/images/goods_img/20240108/3780728/3780728_17605828944256_500.jpg,False
2024-01,M,002012,숏패딩/헤비 아우터,002,아우터,18,3689254,nationalgeographic,내셔널지오그래픽,N224MDW710 레이만 남성 숏기장 다운 점퍼 MC GREY,https://image.msscdn.net/images/goods_img/20231107/3689254/3689254_17020155532395_500.jpg,False
2024-01,M,002012,숏패딩/헤비 아우터,002,아우터,19,3378515,musinsastandard,무신사 스탠다드,데일리 푸퍼 숏 패딩 재킷 [라이트 그레이],https://image.msscdn.net/images/goods_img/20230622/3378515/3378515_17800298820503_500.jpg,False
2024-01,M,002012,숏패딩/헤비 아우터,002,아우터,20,2145689,fluke,플루크,3M신슐레이트 트래블러 퀼팅자켓 FPJ201 / 6color,https://image.msscdn.net/images/goods_img/20210924/2145689/2145689_17328422507917_500.jpg,False
2024-01,M,002012,숏패딩/헤비 아우터,002,아우터,21,3637432,trillion,트릴리온,바이커 비건 레더 숏 패딩 (BLACK),https://image.msscdn.net/images/goods_img/20231018/3637432/3637432_17170507090108_500.jpg,False
2024-01,M,002012,숏패딩/헤비 아우터,002,아우터,22,3634631,espionage,에스피오나지,Insulated Hiking Jacket Grey Olive,https://image.msscdn.net/images/goods_img/20231017/3634631/3634631_17169735886636_500.jpg,False
2024-01,M,002012,숏패딩/헤비 아우터,002,아우터,23,2873966,jipsy,집시,리더 구스다운 패딩,https://image.msscdn.net/images/goods_img/20221018/2873966/2873966_1_500.jpg,False
2024-01,M,002012,숏패딩/헤비 아우터,002,아우터,24,3391590,spao,스파오,라이트 재킷_SPJPE4TC01,https://image.msscdn.net/images/goods_img/20230703/3391590/3391590_17377002242925_500.jpg,False
2024-01,M,002012,숏패딩/헤비 아우터,002,아우터,25,2659982,musinsastandard,무신사 스탠다드,신세틱 레더 푸퍼 숏 패딩 재킷 [블랙],https://image.msscdn.net/images/goods_img/20220712/2659982/2659982_1_500.jpg,False
2024-01,M,002012,숏패딩/헤비 아우터,002,아우터,26,2758806,nationalgeographic,내셔널지오그래픽,N234UDW810 레이만 숏기장 다운 점퍼 CARBON BLACK,https://image.msscdn.net/images/goods_img/20220831/2758806/2758806_16970794738869_500.jpg,False
2024-01,M,002012,숏패딩/헤비 아우터,002,아우터,27,3642908,urbandtype,어반디타입,오버핏 퀄팅 자켓_블랙_OL261,https://image.msscdn.net/images/goods_img/20231020/3642908/3642908_16981270472857_500.jpg,False
2024-01,M,002012,숏패딩/헤비 아우터,002,아우터,28,2857065,outstanding,아웃스탠딩,MOUNTAIN DOWN PARKA_OLIVE GREEN,https://image.msscdn.net/images/goods_img/20221013/2857065/2857065_17900538184379_500.jpg,False
2024-01,M,002012,숏패딩/헤비 아우터,002,아우터,29,912315,musinsastandard,무신사 스탠다드,다운 푸퍼 숏 패딩 재킷 [라이트 그레이],https://image.msscdn.net/images/goods_img/20181123/912315/912315_17649024027345_500.jpg,False
2024-01,M,002012,숏패딩/헤비 아우터,002,아우터,30,3633379,uniformbridge,유니폼브릿지,karakoram down parka black,https://image.msscdn.net/images/goods_img/20231017/3633379/3633379_16982877983654_500.jpg,False
2024-01,M,002025,무스탕/퍼,002,아우터,1,452483,doffjason,도프제이슨,솔리드 무톤 자켓,https://image.msscdn.net/images/goods_img/20161123/452483/452483_2_500.jpg,False
2024-01,M,002025,무스탕/퍼,002,아우터,2,2087980,doffjason,도프제이슨,솔리드 무톤 자켓 (블랙화이트),https://image.msscdn.net/images/goods_img/20210825/2087980/2087980_17615410448251_500.jpg,False
2024-01,M,002025,무스탕/퍼,002,아우터,3,1539383,doffjason,도프제이슨,솔리드 스웨이드 무톤 자켓 (블랙),https://image.msscdn.net/images/goods_img/20200806/1539383/1539383_2_500.jpg,False
2024-01,M,002025,무스탕/퍼,002,아우터,4,2087965,doffjason,도프제이슨,심플 스웨이드 무톤 자켓,https://image.msscdn.net/images/goods_img/20210825/2087965/2087965_2_500.jpg,False
2024-01,M,002025,무스탕/퍼,002,아우터,5,2822486,doffjason,도프제이슨,하이넥 레더 무톤 자켓 BROWN,https://image.msscdn.net/images/goods_img/20220927/2822486/2822486_17333592828229_500.jpg,False
2024-01,M,002025,무스탕/퍼,002,아우터,6,1582142,left,레프트서울,에비에이터 B-3 무스탕 자켓 [블랙],https://image.msscdn.net/images/goods_img/20200903/1582142/1582142_17888321003811_500.jpg,False
2024-01,M,002025,무스탕/퍼,002,아우터,7,3606873,doffjason,도프제이슨,하이넥 레더 무톤 자켓 NOIR,https://image.msscdn.net/images/goods_img/20231005/3606873/3606873_17006219179722_500.jpg,False
2024-01,M,002025,무스탕/퍼,002,아우터,8,3635002,kinloch,커넥트킨록,하이넥 라인 무스탕 자켓 (4Color),https://image.msscdn.net/images/goods_img/20231017/3635002/3635002_17633603048478_500.jpg,False
2024-01,M,002025,무스탕/퍼,002,아우터,9,3693535,doffjason,도프제이슨,럼버잭 시어링 무톤 보머 BLACK,https://image.msscdn.net/images/goods_img/20231108/3693535/3693535_16994114217845_500.jpg,False
2024-01,M,002025,무스탕/퍼,002,아우터,10,2871598,v2,브이투,70103 VEGAN LEATHER MUSTANG_BLACK,https://image.msscdn.net/images/goods_img/20221018/2871598/2871598_3_500.jpg,False
2024-01,M,002025,무스탕/퍼,002,아우터,11,2822504,doffjason,도프제이슨,하이넥 레더 무톤 자켓 BLACK,https://image.msscdn.net/images/goods_img/20220927/2822504/2822504_17025147938810_500.jpg,False
2024-01,M,002025,무스탕/퍼,002,아우터,12,1576749,doffjason,도프제이슨,오버핏 솔리드 무톤 자켓 (블랙),https://image.msscdn.net/images/goods_img/20200901/1576749/1576749_17297334484800_500.jpg,False
2024-01,M,002025,무스탕/퍼,002,아우터,13,2985378,left,레프트서울,에비에이터 B-3 무스탕 자켓 [블랙/화이트],https://image.msscdn.net/images/goods_img/20221216/2985378/2985378_17888316910045_500.jpg,False
2024-01,M,002025,무스탕/퍼,002,아우터,14,1539381,doffjason,도프제이슨,솔리드 무톤 자켓 (블랙베이지),https://image.msscdn.net/images/goods_img/20200806/1539381/1539381_4_500.jpg,False
2024-01,M,002025,무스탕/퍼,002,아우터,15,2087969,doffjason,도프제이슨,심플 스웨이드 무톤 자켓 (그레이),https://image.msscdn.net/images/goods_img/20210825/2087969/2087969_2_500.jpg,False
2024-01,M,002025,무스탕/퍼,002,아우터,16,2818096,placestudio,플레이스 스튜디오,비건 레더 퍼 오버핏 울 무스탕 무톤 자켓 점퍼 [블랙],https://image.msscdn.net/images/goods_img/20220926/2818096/2818096_17592199790769_500.jpg,False
2024-01,M,002025,무스탕/퍼,002,아우터,17,2270236,officialgarment,덴아워,밍크 퍼 오버핏 후드집업 (블랙),https://image.msscdn.net/images/goods_img/20211215/2270236/2270236_17592521840217_500.jpg,False
2024-01,M,002025,무스탕/퍼,002,아우터,18,3710882,doffjason,도프제이슨,솔리드 스웨이드 무톤 자켓 BROWN,https://image.msscdn.net/images/goods_img/20231115/3710882/3710882_17000349703864_500.jpg,False
2024-01,M,002025,무스탕/퍼,002,아우터,19,2854309,drawfit,드로우핏,OVERSIZE SUEDE LINE MUSTANG JACKET [BLACK],https://image.msscdn.net/images/goods_img/20221012/2854309/2854309_16957084762700_500.jpg,False
2024-01,M,002025,무스탕/퍼,002,아우터,20,2087990,doffjason,도프제이슨,솔리드 스웨이드 무톤 자켓 (그레이),https://image.msscdn.net/images/goods_img/20210825/2087990/2087990_3_500.jpg,False
2024-01,M,002025,무스탕/퍼,002,아우터,21,1582120,left,레프트서울,에비에이터 B-3 무스탕 자켓 [브라운],https://image.msscdn.net/images/goods_img/20200903/1582120/1582120_17888321761223_500.jpg,False
2024-01,M,002025,무스탕/퍼,002,아우터,22,3672991,v2,브이투,70238 크롭 코팅 무스탕_브라운,https://image.msscdn.net/images/goods_img/20231031/3672991/3672991_17010541708289_500.jpg,False
2024-01,M,002025,무스탕/퍼,002,아우터,23,1676101,urbanstoff,어반스터프,그로스 에비에이터 재킷 (블랙),https://image.msscdn.net/images/goods_img/20201103/1676101/1676101_1_500.jpg,False
2024-01,M,002025,무스탕/퍼,002,아우터,24,1665204,musinsastandard,무신사 스탠다드,리얼 무톤 재킷 [블랙],https://image.msscdn.net/images/goods_img/20201027/1665204/1665204_3_500.jpg,False
2024-01,M,002025,무스탕/퍼,002,아우터,25,2871687,v2,브이투,7097-1 비건레더 무스탕_블랙,https://image.msscdn.net/images/goods_img/20221018/2871687/2871687_4_500.jpg,False
2024-01,M,002025,무스탕/퍼,002,아우터,26,914739,sperone,스페로네,페이크 B3 무스탕 자켓 맨 (블랙),https://image.msscdn.net/images/goods_img/20181128/914739/914739_17617930765592_500.jpg,False
2024-01,M,002025,무스탕/퍼,002,아우터,27,3693532,doffjason,도프제이슨,럼버잭 시어링 무톤 보머 BROWN,https://image.msscdn.net/images/goods_img/20231108/3693532/3693532_16994113148984_500.jpg,False
2024-01,M,002025,무스탕/퍼,002,아우터,28,1576767,doffjason,도프제이슨,오버사이즈 리얼 무스탕 (브라운),https://image.msscdn.net/images/goods_img/20200901/1576767/1576767_3_500.jpg,False
2024-01,M,002025,무스탕/퍼,002,아우터,29,2779833,dreamworld,드림월드,B-3 리얼 무스탕 자켓 (브라운),https://image.msscdn.net/images/goods_img/20220907/2779833/2779833_1_500.jpg,False
2024-01,M,002025,무스탕/퍼,002,아우터,30,3466444,dthirtyone,디써티원,Padded Shearing Mustang Denim Jacket_Medium Blue,https://image.msscdn.net/images/goods_img/20230816/3466444/3466444_16951045070527_500.jpg,False
2024-01,M,002023,플리스/뽀글이,002,아우터,1,2108160,spao,스파오,베이직 퍼플리스 집업_SPFZE4TC01,https://image.msscdn.net/images/goods_img/20210903/2108160/2108160_17605996485185_500.jpg,False
2024-01,M,002023,플리스/뽀글이,002,아우터,2,3477692,yale,예일,엠브로이더리 댄 카라리스 퀼팅 플리스 자켓_블랙,https://image.msscdn.net/images/goods_img/20230818/3477692/3477692_16944148192280_500.jpg,False
2024-01,M,002023,플리스/뽀글이,002,아우터,3,3477691,yale,예일,엠브로이더리 댄 카라리스 퀼팅 플리스 자켓_아이보리,https://image.msscdn.net/images/goods_img/20230818/3477691/3477691_17080656880557_500.jpg,False
2024-01,M,002023,플리스/뽀글이,002,아우터,4,2137196,codegraphy,코드그라피,헤비보아 플리스 무톤 자켓_3color,https://image.msscdn.net/images/goods_img/20210916/2137196/2137196_17300797990698_500.jpg,False
2024-01,M,002023,플리스/뽀글이,002,아우터,5,3477693,yale,예일,엠브로이더리 댄 카라리스 퀼팅 플리스 자켓_네이비,https://image.msscdn.net/images/goods_img/20230818/3477693/3477693_16944147308215_500.jpg,False
2024-01,M,002023,플리스/뽀글이,002,아우터,6,2744495,codegraphy,코드그라피,헤비보아 플리스 무톤자켓_블랙,https://image.msscdn.net/images/goods_img/20220825/2744495/2744495_17718113710588_500.jpg,False
2024-01,M,002023,플리스/뽀글이,002,아우터,7,2100470,musinsastandard,무신사 스탠다드,오버사이즈 폴라 플리스 하이넥 재킷 [블랙],https://image.msscdn.net/images/goods_img/20210831/2100470/2100470_1_500.jpg,False
2024-01,M,002023,플리스/뽀글이,002,아우터,8,2753317,nationalgeographic,내셔널지오그래픽,N224UFJ903 세미 오버핏 플리스 풀집업 IVORY,https://image.msscdn.net/images/goods_img/20220830/2753317/2753317_8_500.jpg,False
2024-01,M,002023,플리스/뽀글이,002,아우터,9,2137197,codegraphy,코드그라피,헤비보아 플리스 무톤자켓_카키,https://image.msscdn.net/images/goods_img/20210916/2137197/2137197_17300797934103_500.jpg,False
2024-01,M,002023,플리스/뽀글이,002,아우터,10,2757395,thisisneverthat,디스이즈네버댓,(FW23) SP Sherpa Fleece Jacket Charcoal,https://image.msscdn.net/images/goods_img/20220831/2757395/2757395_16964810167982_500.jpg,False
2024-01,M,002023,플리스/뽀글이,002,아우터,11,3434485,thenorthface,노스페이스,NJ4FP57K 화이트라벨 컴피 알파 플리스 집업,https://image.msscdn.net/images/goods_img/20230731/3434485/3434485_16907712336258_500.jpg,False
2024-01,M,002023,플리스/뽀글이,002,아우터,12,2755493,yale,예일,엠브로이더리 댄 플리스 트랙자켓_블랙,https://image.msscdn.net/images/goods_img/20220830/2755493/2755493_17316472306441_500.jpg,False
2024-01,M,002023,플리스/뽀글이,002,아우터,13,2753311,nationalgeographic,내셔널지오그래픽,N224UFJ903 세미 오버핏 플리스 풀집업 CARBON BLACK,https://image.msscdn.net/images/goods_img/20220830/2753311/2753311_8_500.jpg,False
2024-01,M,002023,플리스/뽀글이,002,아우터,14,3620698,espionage,에스피오나지,Sherpa Fleece Jacket Navy,https://image.msscdn.net/images/goods_img/20231012/3620698/3620698_16977003578345_500.jpg,False
2024-01,M,002023,플리스/뽀글이,002,아우터,15,3591748,physicalgarments,피지컬가먼츠,P9023 PCGS 후리스 집업 [블랙],https://image.msscdn.net/images/goods_img/20230925/3591748/3591748_16965739803425_500.jpg,False
2024-01,M,002023,플리스/뽀글이,002,아우터,16,3473341,nationalgeographic,내셔널지오그래픽,N234UFJ901 스탠다드 오르카 플리스 집업 CARBON BLACK,https://image.msscdn.net/images/goods_img/20230817/3473341/3473341_16929420117371_500.jpg,False
2024-01,M,002023,플리스/뽀글이,002,아우터,17,3469953,covernat,커버낫,플리스 집업 자켓 블랙,https://image.msscdn.net/images/goods_img/20230817/3469953/3469953_16923520760377_500.png,False
2024-01,M,002023,플리스/뽀글이,002,아우터,18,3710717,yale,예일,2 TONE ARCH BOA TRACK JACKET IVORY,https://image.msscdn.net/images/goods_img/20231114/3710717/3710717_16999736477660_500.jpg,False
2024-01,M,002023,플리스/뽀글이,002,아우터,19,3620700,espionage,에스피오나지,Sherpa Fleece Jacket Beige,https://image.msscdn.net/images/goods_img/20231012/3620700/3620700_16977003936386_500.jpg,False
2024-01,M,002023,플리스/뽀글이,002,아우터,20,3487625,covernat,커버낫,리버시블 컴피보아 집업 자켓 아이보리,https://image.msscdn.net/images/goods_img/20230822/3487625/3487625_16928622088829_500.png,False
2024-01,M,002023,플리스/뽀글이,002,아우터,21,3678706,noun,노운,wide silhouette fleece (beige),https://image.msscdn.net/images/goods_img/20231102/3678706/3678706_16992635200236_500.jpg,False
2024-01,M,002023,플리스/뽀글이,002,아우터,22,2757393,thisisneverthat,디스이즈네버댓,SP Sherpa Fleece Jacket Beige,https://image.msscdn.net/images/goods_img/20220831/2757393/2757393_1_500.jpg,False
2024-01,M,002023,플리스/뽀글이,002,아우터,23,3487628,covernat,커버낫,리버시블 컴피보아 집업 자켓 블랙,https://image.msscdn.net/images/goods_img/20230822/3487628/3487628_16928621888086_500.png,False
2024-01,M,002023,플리스/뽀글이,002,아우터,24,2757396,thisisneverthat,디스이즈네버댓,(FW22) SP Sherpa Fleece Jacket Olive,https://image.msscdn.net/images/goods_img/20220831/2757396/2757396_1_500.jpg,False
2024-01,M,002023,플리스/뽀글이,002,아우터,25,2739130,codegraphy,코드그라피,헤비보아 CGP 더플 플리스 점퍼_블랙,https://image.msscdn.net/images/goods_img/20220824/2739130/2739130_16946707741360_500.jpg,False
2024-01,M,002023,플리스/뽀글이,002,아우터,26,2670826,nationalgeographic,내셔널지오그래픽,N224MFJ910 남성 코스토니 풀집업 SUGARSWIZZLEIVORY,https://image.msscdn.net/images/goods_img/20220719/2670826/2670826_17017606671664_500.jpg,False
2024-01,M,002023,플리스/뽀글이,002,아우터,27,1563096,covernat,커버낫,플리스 카라리스 자켓 블랙,https://image.msscdn.net/images/goods_img/20200825/1563096/1563096_5_500.jpg,False
2024-01,M,002023,플리스/뽀글이,002,아우터,28,1267142,covernat,커버낫,리버시블 쉐르파 집업 자켓 아이보리,https://image.msscdn.net/images/goods_img/20200109/1267142/1267142_11_500.jpg,False
2024-01,M,002023,플리스/뽀글이,002,아우터,29,1699799,lee,리,폴라플리스 집업 자켓 블랙,https://image.msscdn.net/images/goods_img/20201124/1699799/1699799_16921893441804_500.jpg,False
2024-01,M,002023,플리스/뽀글이,002,아우터,30,2843560,nationalgeographic,내셔널지오그래픽,N224UFJ950 프리미엄 Z 하이넥 플리스 집업 CARBON BLACK,https://image.msscdn.net/images/goods_img/20221006/2843560/2843560_1_500.jpg,False
2024-01,M,002007,겨울 싱글 코트,002,아우터,1,2782764,beslow,비슬로우,OVERSIZED CASHMERE BALMACAAN COAT BLACK,https://image.msscdn.net/images/goods_img/20220908/2782764/2782764_17272251996978_500.jpg,False
2024-01,M,002007,겨울 싱글 코트,002,아우터,2,865862,musinsastandard,무신사 스탠다드,캐시미어 블렌드 오버사이즈 싱글 코트 [블랙],https://image.msscdn.net/images/goods_img/20180921/865862/865862_17657673085739_500.jpg,False
2024-01,M,002007,겨울 싱글 코트,002,아우터,3,2116411,musinsastandard,무신사 스탠다드,캐시미어 블렌드 오버사이즈 발마칸 코트 [블랙],https://image.msscdn.net/images/goods_img/20210908/2116411/2116411_17616270483710_500.jpg,False
2024-01,M,002007,겨울 싱글 코트,002,아우터,4,2098325,drawfit,드로우핏,프리미어 퓨어 캐시미어 발마칸 코트 [BLACK],https://image.msscdn.net/images/goods_img/20210830/2098325/2098325_17621500792692_500.jpg,False
2024-01,M,002007,겨울 싱글 코트,002,아우터,5,655610,drawfit,드로우핏,프리미어 퓨어 캐시미어 히든 싱글 코트 [BLACK],https://image.msscdn.net/images/goods_img/20171019/655610/655610_17621505186202_500.jpg,False
2024-01,M,002007,겨울 싱글 코트,002,아우터,6,1618313,musinsastandard,무신사 스탠다드,캐시미어 블렌드 대디 숄더 싱글 롱 코트 [블랙],https://image.msscdn.net/images/goods_img/20200923/1618313/1618313_17569514851734_500.jpg,False
2024-01,M,002007,겨울 싱글 코트,002,아우터,7,3481221,coor,쿠어,벨란디 캐시미어 블렌드 발마칸 코트 (신더그레이),https://image.msscdn.net/images/goods_img/20230821/3481221/3481221_17271922234943_500.jpg,False
2024-01,M,002007,겨울 싱글 코트,002,아우터,8,3563303,beslow,비슬로우,OVERSIZED CASHMERE BALMACAAN COAT NAVY,https://image.msscdn.net/images/goods_img/20230915/3563303/3563303_17272254920490_500.jpg,False
2024-01,M,002007,겨울 싱글 코트,002,아우터,9,3405529,musinsastandard,무신사 스탠다드,캐시미어 블렌드 맥시 발마칸 코트 [블랙],https://image.msscdn.net/images/goods_img/20230712/3405529/3405529_17134081874839_500.jpg,False
2024-01,M,002007,겨울 싱글 코트,002,아우터,10,1635197,musinsastandard,무신사 스탠다드,캐시미어 20 오버사이즈 싱글 코트 [블랙],https://image.msscdn.net/images/goods_img/20201006/1635197/1635197_17132495934373_500.jpg,False
2024-01,M,002007,겨울 싱글 코트,002,아우터,11,2737279,insilence,인사일런스,마펠 캐시미어 발마칸 코트 BLACK,https://image.msscdn.net/images/goods_img/20220823/2737279/2737279_17586918448704_500.jpg,False
2024-01,M,002007,겨울 싱글 코트,002,아우터,12,1684196,avan,어반드레스,유니섹스 프렌치 롱 가운 오버핏 코트 7 COLOR,https://image.msscdn.net/images/goods_img/20201110/1684196/1684196_16771165785098_500.jpg,False
2024-01,M,002007,겨울 싱글 코트,002,아우터,13,3405531,musinsastandard,무신사 스탠다드,캐시미어 블렌드 맥시 발마칸 코트 [다크 브라운],https://image.msscdn.net/images/goods_img/20230712/3405531/3405531_17134081333234_500.jpg,False
2024-01,M,002007,겨울 싱글 코트,002,아우터,14,2682035,musinsastandard,무신사 스탠다드,MTR 오버사이즈 발마칸 코트 [블랙],https://image.msscdn.net/images/goods_img/20220726/2682035/2682035_17138686503539_500.jpg,False
2024-01,M,002007,겨울 싱글 코트,002,아우터,15,1651994,uniformbridge,유니폼브릿지,wool balmacaan coat black,https://image.msscdn.net/images/goods_img/20201016/1651994/1651994_16977049899719_500.jpg,False
2024-01,M,002007,겨울 싱글 코트,002,아우터,16,3405539,musinsastandard,무신사 스탠다드,울 블렌드 맥시 발마칸 로브 코트 [블랙],https://image.msscdn.net/images/goods_img/20230712/3405539/3405539_16969291300799_500.jpg,False
2024-01,M,002007,겨울 싱글 코트,002,아우터,17,2818896,drawfit,드로우핏,프리미어 퓨어 캐시미어 발마칸 코트 [D.NAVY],https://image.msscdn.net/images/goods_img/20220926/2818896/2818896_17588715810171_500.jpg,False
2024-01,M,002007,겨울 싱글 코트,002,아우터,18,3405530,musinsastandard,무신사 스탠다드,캐시미어 블렌드 맥시 발마칸 코트 [네이비],https://image.msscdn.net/images/goods_img/20230712/3405530/3405530_17134081120028_500.jpg,False
2024-01,M,002007,겨울 싱글 코트,002,아우터,19,3656540,anotheroffice,어나더 오피스,Voyager Balmacaan Coat (Dark Navy),https://image.msscdn.net/images/goods_img/20231025/3656540/3656540_17605830627331_500.jpg,False
2024-01,M,002007,겨울 싱글 코트,002,아우터,20,2737278,insilence,인사일런스,마펠 캐시미어 발마칸 코트 GREY BROWN,https://image.msscdn.net/images/goods_img/20220823/2737278/2737278_17276774011121_500.jpg,False
2024-01,M,002007,겨울 싱글 코트,002,아우터,21,2116413,musinsastandard,무신사 스탠다드,MTR 대디 숄더 싱글 롱 코트 [블랙],https://image.msscdn.net/images/goods_img/20210908/2116413/2116413_17137719115327_500.jpg,False
2024-01,M,002007,겨울 싱글 코트,002,아우터,22,260755,insilence,인사일런스,솔리스트 캐시미어 코트 BLACK,https://image.msscdn.net/images/goods_img/20151008/260755/260755_17586914382818_500.jpg,False
2024-01,M,002007,겨울 싱글 코트,002,아우터,23,1649144,drawfit,드로우핏,프리미어 퓨어 캐시미어 히든 싱글 코트 [DARK BROWN],https://image.msscdn.net/images/goods_img/20201015/1649144/1649144_17588738516820_500.jpg,False
2024-01,M,002007,겨울 싱글 코트,002,아우터,24,1637177,blankroom,블랭크룸,스탠다드 발마칸 울 코트_BLACK,https://image.msscdn.net/images/goods_img/20201007/1637177/1637177_17618014994266_500.jpg,False
2024-01,M,002007,겨울 싱글 코트,002,아우터,25,3614287,drawfit,드로우핏,프리미어 울 싱글 체스터 코트 [BLACK],https://image.msscdn.net/images/goods_img/20231010/3614287/3614287_17588628233620_500.jpg,False
2024-01,M,002007,겨울 싱글 코트,002,아우터,26,2780254,insilence,인사일런스,오버사이즈 발마칸 코트 BLACK,https://image.msscdn.net/images/goods_img/20220907/2780254/2780254_17274207384193_500.jpg,False
2024-01,M,002007,겨울 싱글 코트,002,아우터,27,3405540,musinsastandard,무신사 스탠다드,울 블렌드 맥시 발마칸 로브 코트 [미디엄 그레이],https://image.msscdn.net/images/goods_img/20230712/3405540/3405540_17649135135160_500.jpg,False
2024-01,M,002007,겨울 싱글 코트,002,아우터,28,3632791,nonblank,넌블랭크,캐시미어 블렌드 3버튼 체스터필드 코트_MEDIUM GREY,https://image.msscdn.net/images/goods_img/20231017/3632791/3632791_17611884031711_500.png,False
2024-01,M,002007,겨울 싱글 코트,002,아우터,29,2826071,nonblank,넌블랭크,캐시미어 블렌드 3버튼 체스터필드 코트_BLACK,https://image.msscdn.net/images/goods_img/20220928/2826071/2826071_17611941848066_500.png,False
2024-01,M,002007,겨울 싱글 코트,002,아우터,30,2156295,kiimuir,키뮤어,[WOOL 80] 울 세미오버핏 발마칸 코트_블랙,https://image.msscdn.net/images/goods_img/20210930/2156295/2156295_17899664304676_500.jpg,False
2024-01,M,002024,겨울 더블 코트,002,아우터,1,885715,drawfit,드로우핏,프리미어 퓨어 캐시미어 로브 더블 코트 [BLACK],https://image.msscdn.net/images/goods_img/20181019/885715/885715_17588736968691_500.jpg,False
2024-01,M,002024,겨울 더블 코트,002,아우터,2,1115974,insilence,인사일런스,캐시미어 더블 롱 코트 BLACK,https://image.msscdn.net/images/goods_img/20190812/1115974/1115974_17586915131267_500.jpg,False
2024-01,M,002024,겨울 더블 코트,002,아우터,3,3397889,musinsastandard,무신사 스탠다드,캐시미어 블렌드 맥시 더블 로브 코트 [블랙],https://image.msscdn.net/images/goods_img/20230706/3397889/3397889_17134042556076_500.jpg,False
2024-01,M,002024,겨울 더블 코트,002,아우터,4,3397890,musinsastandard,무신사 스탠다드,캐시미어 블렌드 맥시 폴로 코트 [블랙],https://image.msscdn.net/images/goods_img/20230706/3397890/3397890_17134040318055_500.jpg,False
2024-01,M,002024,겨울 더블 코트,002,아우터,5,668822,coor,쿠어,MTR 오버핏 더블 롱 코트 (블랙),https://image.msscdn.net/images/goods_img/20171110/668822/668822_17271832549450_500.jpg,False
2024-01,M,002024,겨울 더블 코트,002,아우터,6,879625,musinsastandard,무신사 스탠다드,캐시미어 블렌드 오버사이즈 더블 코트 [블랙],https://image.msscdn.net/images/goods_img/20181012/879625/879625_16941406333404_500.jpg,False
2024-01,M,002024,겨울 더블 코트,002,아우터,7,2217531,avan,어반드레스,125CM 슈퍼 롱 오버핏 더블 코트,https://image.msscdn.net/images/goods_img/20211104/2217531/2217531_16722043899054_500.jpg,False
2024-01,M,002024,겨울 더블 코트,002,아우터,8,2818894,drawfit,드로우핏,프리미어 퓨어 캐시미어 로브 더블 코트 [BEIGEISH GREY],https://image.msscdn.net/images/goods_img/20220926/2818894/2818894_17588737392222_500.jpg,False
2024-01,M,002024,겨울 더블 코트,002,아우터,9,2116421,musinsastandard,무신사 스탠다드,MANTECO 헤링본 대디 숄더 더블 롱 코트 [다크 그레이],https://image.msscdn.net/images/goods_img/20210908/2116421/2116421_17138672163311_500.jpg,False
2024-01,M,002024,겨울 더블 코트,002,아우터,10,3585059,kiimuir,키뮤어,서플러스 울(WOOL) 대디핏 더블 맥시 코트_블랙,https://image.msscdn.net/images/goods_img/20230921/3585059/3585059_16952897064192_500.jpg,False
2024-01,M,002024,겨울 더블 코트,002,아우터,11,3563279,beslow,비슬로우,[24FW Ver.]OVERSIZED CASHMERE DOUBLE BREASTED COAT MELANGE BROWN,https://image.msscdn.net/images/goods_img/20230915/3563279/3563279_17282613435325_500.jpg,False
2024-01,M,002024,겨울 더블 코트,002,아우터,12,3563284,beslow,비슬로우,[24FW Ver.]OVERSIZED CASHMERE DOUBLE BREASTED COAT BLACK,https://image.msscdn.net/images/goods_img/20230915/3563284/3563284_17282608161391_500.jpg,False
2024-01,M,002024,겨울 더블 코트,002,아우터,13,3614220,drawfit,드로우핏,프리미어 울 더블 체스터 코트 [BLACK],https://image.msscdn.net/images/goods_img/20231010/3614220/3614220_17588650023777_500.jpg,False
2024-01,M,002024,겨울 더블 코트,002,아우터,14,2862908,trillion,트릴리온,유니섹스 발마칸 더플 숏 코트 (BEIGE),https://image.msscdn.net/images/goods_img/20221014/2862908/2862908_1_500.jpg,False
2024-01,M,002024,겨울 더블 코트,002,아우터,15,2542833,musinsastandard,무신사 스탠다드,캐시미어 블렌드 오버사이즈 더블 코트 [토프],https://image.msscdn.net/images/goods_img/20220504/2542833/2542833_16941416611164_500.jpg,False
2024-01,M,002024,겨울 더블 코트,002,아우터,16,3585126,kiimuir,키뮤어,서플러스 울(WOOL) 세미오버 발마칸 코트_라이트 브라운,https://image.msscdn.net/images/goods_img/20230921/3585126/3585126_16952904780563_500.jpg,False
2024-01,M,002024,겨울 더블 코트,002,아우터,17,3436620,ilcorso,일꼬르소,[셔틀랜드] 더블 브레스티드 맥시 코트 멜란지브라운 IECO3F002CG,https://image.msscdn.net/images/goods_img/20230801/3436620/3436620_16950152274232_500.jpg,False
2024-01,M,002024,겨울 더블 코트,002,아우터,18,3436621,ilcorso,일꼬르소,[캐시미어 블렌드] 더블 브레스티드 맥시 코트 블랙 IECO3F002BK,https://image.msscdn.net/images/goods_img/20230801/3436621/3436621_16927514942288_500.jpg,False
2024-01,M,002024,겨울 더블 코트,002,아우터,19,1649205,drawfit,드로우핏,체크 로브 더블 코트 [HERRINGBONE CHECK],https://image.msscdn.net/images/goods_img/20201015/1649205/1649205_16970092693035_500.jpg,False
2024-01,M,002024,겨울 더블 코트,002,아우터,20,1191550,drawfit,드로우핏,프리미어 퓨어 캐시미어 로브 더블 코트 [CAMEL],https://image.msscdn.net/images/goods_img/20191017/1191550/1191550_6_500.jpg,False
2024-01,M,002024,겨울 더블 코트,002,아우터,21,2825479,drawfit,드로우핏,프리미어 퓨어 울 로브 더블 코트 [MELANGE BROWN],https://image.msscdn.net/images/goods_img/20220928/2825479/2825479_17682772992047_500.jpg,False
2024-01,M,002024,겨울 더블 코트,002,아우터,22,1635199,musinsastandard,무신사 스탠다드,캐시미어 20 오버사이즈 더블 코트 [블랙],https://image.msscdn.net/images/goods_img/20201006/1635199/1635199_17137722539173_500.jpg,False
2024-01,M,002024,겨울 더블 코트,002,아우터,23,3578896,insilence,인사일런스,FAISA 알파카 더블 코트 GREY,https://image.msscdn.net/images/goods_img/20230920/3578896/3578896_16958054649234_500.jpg,False
2024-01,M,002024,겨울 더블 코트,002,아우터,24,2198318,drawfit,드로우핏,MTR 마를린 더블 코트 [BLACK],https://image.msscdn.net/images/goods_img/20211026/2198318/2198318_1_500.jpg,False
2024-01,M,002024,겨울 더블 코트,002,아우터,25,3657631,shirter,셔터,FINE MASTER NAVY PEA COAT (NAVY),https://image.msscdn.net/images/goods_img/20231025/3657631/3657631_16989092189102_500.jpg,False
2024-01,M,002024,겨울 더블 코트,002,아우터,26,2116417,musinsastandard,무신사 스탠다드,MTR 대디 숄더 더블 롱 코트 [블랙],https://image.msscdn.net/images/goods_img/20210908/2116417/2116417_17137715949909_500.jpg,False
2024-01,M,002024,겨울 더블 코트,002,아우터,27,3406388,lmood,엘무드,엘르 하우스 더블 코트 블랙,https://image.msscdn.net/images/goods_img/20230712/3406388/3406388_16947635604524_500.jpg,False
2024-01,M,002024,겨울 더블 코트,002,아우터,28,3591832,drawfit,드로우핏,프리미어 퓨어 캐시미어 로브 더블 코트 [BEIGE],https://image.msscdn.net/images/goods_img/20230925/3591832/3591832_16970092796318_500.jpg,False
2024-01,M,002024,겨울 더블 코트,002,아우터,29,2518442,musinsastandard,무신사 스탠다드,캐시미어 블렌드 오버사이즈 더블 코트 [차콜 그레이],https://image.msscdn.net/images/goods_img/20220427/2518442/2518442_1_500.jpg,False
2024-01,M,002024,겨울 더블 코트,002,아우터,30,885716,drawfit,드로우핏,체크 로브 더블 코트 [GLEN CHECK],https://image.msscdn.net/images/goods_img/20181019/885716/885716_16970092667487_500.jpg,False
2024-01,M,002009,겨울 기타 코트,002,아우터,1,2238440,partimento,파르티멘토,오버사이즈 멜톤 더플 롱 코트 네이비,https://image.msscdn.net/images/goods_img/20211117/2238440/2238440_1_500.jpg,False
2024-01,M,002009,겨울 기타 코트,002,아우터,2,2863075,trillion,트릴리온,유니섹스 발마칸 더플 숏 코트 (BLACK),https://image.msscdn.net/images/goods_img/20221014/2863075/2863075_1_500.jpg,False
2024-01,M,002009,겨울 기타 코트,002,아우터,3,3405552,musinsastandard,무신사 스탠다드,울 블렌드 오버사이즈 더플 코트 [네이비],https://image.msscdn.net/images/goods_img/20230712/3405552/3405552_17364971561413_500.jpg,False
2024-01,M,002009,겨울 기타 코트,002,아우터,4,2594255,decoroso,데꼬로소,마엘 로브 롱 코트 [블랙],https://image.msscdn.net/images/goods_img/20220531/2594255/2594255_17593717886496_500.jpg,False
2024-01,M,002009,겨울 기타 코트,002,아우터,5,420779,lofi,로파이,오버핏 스테디 더플 코트 (네이비),https://image.msscdn.net/images/goods_img/20160929/420779/420779_17292266904127_500.jpg,False
2024-01,M,002009,겨울 기타 코트,002,아우터,6,2238412,partimento,파르티멘토,오버사이즈 멜톤 콘보이 더플 코트 네이비,https://image.msscdn.net/images/goods_img/20211117/2238412/2238412_2_500.jpg,False
2024-01,M,002009,겨울 기타 코트,002,아우터,7,2866837,goodlifeworks,굿라이프웍스,오버핏 더플 코트 네이비,https://image.msscdn.net/images/goods_img/20221017/2866837/2866837_2_500.jpg,False
2024-01,M,002009,겨울 기타 코트,002,아우터,8,3486580,nonblank,넌블랭크,디테처블 후드 더플 코트_DARK NAVY,https://image.msscdn.net/images/goods_img/20230822/3486580/3486580_17320902608417_500.png,False
2024-01,M,002009,겨울 기타 코트,002,아우터,9,2238433,partimento,파르티멘토,오버사이즈 멜톤 더플 롱 코트 블랙,https://image.msscdn.net/images/goods_img/20211117/2238433/2238433_1_500.jpg,False
2024-01,M,002009,겨울 기타 코트,002,아우터,10,3460302,spao,스파오,[울블렌드]발마칸 코트_ SPJWD4VM02,https://image.msscdn.net/images/goods_img/20230811/3460302/3460302_16929273784403_500.jpg,False
2024-01,M,002009,겨울 기타 코트,002,아우터,11,2594256,decoroso,데꼬로소,마엘 로브 롱 코트 [그레이],https://image.msscdn.net/images/goods_img/20220531/2594256/2594256_17593717642896_500.jpg,False
2024-01,M,002009,겨울 기타 코트,002,아우터,12,3405542,musinsastandard,무신사 스탠다드,울 블렌드 엑스트라 오버사이즈 더플 코트 [네이비],https://image.msscdn.net/images/goods_img/20230712/3405542/3405542_16957076000600_500.jpg,False
2024-01,M,002009,겨울 기타 코트,002,아우터,13,3585098,kiimuir,키뮤어,[WOOL 80] 울 세미오버핏 더플 코트_네이비,https://image.msscdn.net/images/goods_img/20230921/3585098/3585098_17611010184143_500.jpg,False
2024-01,M,002009,겨울 기타 코트,002,아우터,14,1676170,malen,말렌,유니섹스 더플코트 네이비,https://image.msscdn.net/images/goods_img/20201103/1676170/1676170_1_500.jpg,False
2024-01,M,002009,겨울 기타 코트,002,아우터,15,3486582,nonblank,넌블랭크,디테처블 후드 더플 코트_KHAKI,https://image.msscdn.net/images/goods_img/20230822/3486582/3486582_17320900107055_500.png,False
2024-01,M,002009,겨울 기타 코트,002,아우터,16,405798,lofi,로파이,오버핏 스테디 숏 더플 코트 (네이비),https://image.msscdn.net/images/goods_img/20160905/405798/405798_17292268773448_500.jpg,False
2024-01,M,002009,겨울 기타 코트,002,아우터,17,3603817,covernat,커버낫,울 더플 코트 네이비,https://image.msscdn.net/images/goods_img/20231005/3603817/3603817_16964733971272_500.png,False
2024-01,M,002009,겨울 기타 코트,002,아우터,18,3405544,musinsastandard,무신사 스탠다드,울 블렌드 오버사이즈 숏 더플 코트 [네이비],https://image.msscdn.net/images/goods_img/20230712/3405544/3405544_16971527815834_500.jpg,False
2024-01,M,002009,겨울 기타 코트,002,아우터,19,3405541,musinsastandard,무신사 스탠다드,울 블렌드 엑스트라 오버사이즈 더플 코트 [블랙],https://image.msscdn.net/images/goods_img/20230712/3405541/3405541_16982105322619_500.jpg,False
2024-01,M,002009,겨울 기타 코트,002,아우터,20,2159989,sevenfigures,세븐피겨스,후드 더플 코트 DN,https://image.msscdn.net/images/goods_img/20211001/2159989/2159989_1_500.jpg,False
2024-01,M,002009,겨울 기타 코트,002,아우터,21,2169102,londontradition,런던트레디션,Mens Erica Duffle Coat - Navy SBB 130,https://image.msscdn.net/images/goods_img/20211008/2169102/2169102_1_500.jpg,False
2024-01,M,002009,겨울 기타 코트,002,아우터,22,3406392,lmood,엘무드,고스트 더플 숏 코트 콘크리트 그레이,https://image.msscdn.net/images/goods_img/20230712/3406392/3406392_16947623658193_500.jpg,False
2024-01,M,002009,겨울 기타 코트,002,아우터,23,2157780,partimento,파르티멘토,오버사이즈 멜톤 콘보이 더플 코트 블랙,https://image.msscdn.net/images/goods_img/20211001/2157780/2157780_3_500.jpg,False
2024-01,M,002009,겨울 기타 코트,002,아우터,24,3405545,musinsastandard,무신사 스탠다드,울 블렌드 오버사이즈 발마칸 더플 코트 [블랙],https://image.msscdn.net/images/goods_img/20230712/3405545/3405545_16971655657940_500.jpg,False
2024-01,M,002009,겨울 기타 코트,002,아우터,25,2863073,trillion,트릴리온,유니섹스 발마칸 더플 숏 코트 (BROWN),https://image.msscdn.net/images/goods_img/20221014/2863073/2863073_1_500.jpg,False
2024-01,M,002009,겨울 기타 코트,002,아우터,26,3554253,insilence,인사일런스,오버사이즈 더플 코트 BEIGE,https://image.msscdn.net/images/goods_img/20230912/3554253/3554253_16950255887173_500.jpg,False
2024-01,M,002009,겨울 기타 코트,002,아우터,27,3405543,musinsastandard,무신사 스탠다드,울 블렌드 오버사이즈 숏 더플 코트 [블랙],https://image.msscdn.net/images/goods_img/20230712/3405543/3405543_16971528526305_500.jpg,False
2024-01,M,002009,겨울 기타 코트,002,아우터,28,3738569,pottery,포터리,Melton Wool Mac Coat - Black,https://image.msscdn.net/images/goods_img/20231130/3738569/3738569_17013110825224_500.jpg,False
2024-01,M,002009,겨울 기타 코트,002,아우터,29,1191588,drawfit,드로우핏,세인트 오버핏 프리미엄 울 더플코트 [NAVY],https://image.msscdn.net/images/goods_img/20191017/1191588/1191588_16957080537602_500.jpg,False
2024-01,M,002009,겨울 기타 코트,002,아우터,30,3405546,musinsastandard,무신사 스탠다드,울 블렌드 오버사이즈 발마칸 더플 코트 [네이비],https://image.msscdn.net/images/goods_img/20230712/3405546/3405546_16971656291211_500.jpg,False
2024-01,M,002013,롱패딩/헤비 아우터,002,아우터,1,2680364,codegraphy,코드그라피,[23년 패딩 Ver.] 피쉬테일 레이어드 후드 롱파카_카키,https://image.msscdn.net/images/goods_img/20220725/2680364/2680364_17893549555200_500.jpg,False
2024-01,M,002013,롱패딩/헤비 아우터,002,아우터,2,3574916,nationalgeographic,내셔널지오그래픽,N234UDW860 카이만 프로 롱기장 구스 다운 점퍼 SMALL LOGO BLACK,https://image.msscdn.net/images/goods_img/20230919/3574916/3574916_16998525149640_500.jpg,False
2024-01,M,002013,롱패딩/헤비 아우터,002,아우터,3,2116427,musinsastandard,무신사 스탠다드,미니멀 롱 다운 파카 [블랙],https://image.msscdn.net/images/goods_img/20210908/2116427/2116427_17139420960063_500.jpg,False
2024-01,M,002013,롱패딩/헤비 아우터,002,아우터,4,3625730,adidas,아디다스,3S 롱 다운 재킷 - 블랙 / IT8714,https://image.msscdn.net/images/goods_img/20231013/3625730/3625730_16971858860372_500.jpg,False
2024-01,M,002013,롱패딩/헤비 아우터,002,아우터,5,1647181,maisonmined,메종미네드,BLACK DOUBLE LONG GOOSE DOWN,https://image.msscdn.net/images/goods_img/20201014/1647181/1647181_2_500.jpg,False
2024-01,M,002013,롱패딩/헤비 아우터,002,아우터,6,3555034,covernat,커버낫,RDS 씨빅 롱 다운 파카,https://image.msscdn.net/images/goods_img/20230913/3555034/3555034_17617995117198_500.jpg,False
2024-01,M,002013,롱패딩/헤비 아우터,002,아우터,7,3598288,thenorthface,노스페이스,NC1DP51J 화이트라벨 고 프리 화이트라벨 다운 코트,https://image.msscdn.net/images/goods_img/20230927/3598288/3598288_16957825931569_500.jpg,False
2024-01,M,002013,롱패딩/헤비 아우터,002,아우터,8,3649281,thenorthface,노스페이스,NC1DP79A 액트 프리 EX 하이브리드 다운 코트,https://image.msscdn.net/images/goods_img/20231023/3649281/3649281_16980453503676_500.jpg,False
2024-01,M,002013,롱패딩/헤비 아우터,002,아우터,9,2721258,codegraphy,코드그라피,[23년 패딩 Ver.] 피쉬테일 레이어드 후드 롱파카_블랙,https://image.msscdn.net/images/goods_img/20220817/2721258/2721258_17893546168476_500.jpg,False
2024-01,M,002013,롱패딩/헤비 아우터,002,아우터,10,3574915,nationalgeographic,내셔널지오그래픽,N234UDW860 카이만 프로 롱기장 구스 다운 점퍼 BIG LOGO BLACK,https://image.msscdn.net/images/goods_img/20230919/3574915/3574915_16998525363371_500.jpg,False
2024-01,M,002013,롱패딩/헤비 아우터,002,아우터,11,1643839,secondmonolgue,세컨모놀로그,[DUCK DOWN] 몬스터 롱 헤비 다운 파카 3 color_SEJP008,https://image.msscdn.net/images/goods_img/20201012/1643839/1643839_17325012353028_500.jpg,False
2024-01,M,002013,롱패딩/헤비 아우터,002,아우터,12,920520,fcmm,에프씨엠엠,클럽 팀 풋볼 벤치 롱 패딩 2color,https://image.msscdn.net/images/goods_img/20181212/920520/920520_17588685279951_500.jpg,False
2024-01,M,002013,롱패딩/헤비 아우터,002,아우터,13,2396235,musinsastandard,무신사 스탠다드,미니멀 롱 다운 파카 [다크 그레이],https://image.msscdn.net/images/goods_img/20220303/2396235/2396235_17139420489875_500.jpg,False
2024-01,M,002013,롱패딩/헤비 아우터,002,아우터,14,3660948,thenorthface,노스페이스,NC2DP65A 남성 아스펜 테크 다운 코트,https://image.msscdn.net/images/goods_img/20231026/3660948/3660948_16982938359073_500.jpg,False
2024-01,M,002013,롱패딩/헤비 아우터,002,아우터,15,3391608,spao,스파오,베이직 롱패딩_SPJPE11C31,https://image.msscdn.net/images/goods_img/20230703/3391608/3391608_17090833586301_500.jpg,False
2024-01,M,002013,롱패딩/헤비 아우터,002,아우터,16,2180904,akiiiclassic,아키클래식,왈라비 구스다운 롱패딩 점퍼 VER.3 블랙 (남녀공용),https://image.msscdn.net/images/goods_img/20211015/2180904/2180904_16975916956851_500.jpg,False
2024-01,M,002013,롱패딩/헤비 아우터,002,아우터,17,2877964,musinsastandard,무신사 스탠다드,후디드 다운 필드 파카 [블랙],https://image.msscdn.net/images/goods_img/20221020/2877964/2877964_17139346561453_500.jpg,False
2024-01,M,002013,롱패딩/헤비 아우터,002,아우터,18,2755396,discoveryexpedition,디스커버리 익스페디션,남성 레스터G RDS 구스다운 롱패딩 (D/NAVY),https://image.msscdn.net/images/goods_img/20220830/2755396/2755396_17290596314158_500.jpg,False
2024-01,M,002013,롱패딩/헤비 아우터,002,아우터,19,3740206,fcmm,에프씨엠엠,[2PACK] 클럽 팀 풋볼 벤치 롱 패딩,https://image.msscdn.net/images/goods_img/20231130/3740206/3740206_17018461734091_500.jpg,False
2024-01,M,002013,롱패딩/헤비 아우터,002,아우터,20,3637142,thomasmore,토마스모어,TD4-JP03 라이카 신슐 패딩코트-블랙,https://image.msscdn.net/images/goods_img/20231018/3637142/3637142_16976093567320_500.jpg,False
2024-01,M,002013,롱패딩/헤비 아우터,002,아우터,21,3479989,discoveryexpedition,디스커버리 익스페디션,남성 레스터G RDS 구스다운 롱패딩 (BLACK),https://image.msscdn.net/images/goods_img/20230821/3479989/3479989_16977835359356_500.jpg,False
2024-01,M,002013,롱패딩/헤비 아우터,002,아우터,22,3661123,discoveryexpedition,디스커버리 익스페디션,남성 베르겐 고어 윈드스토퍼 구스다운 롱패딩 (BLACK),https://image.msscdn.net/images/goods_img/20231026/3661123/3661123_17338206923729_500.jpg,False
2024-01,M,002013,롱패딩/헤비 아우터,002,아우터,23,2158902,codegraphy,코드그라피,[PRIMALOFT] 몬스터 롱파카_블랙,https://image.msscdn.net/images/goods_img/20211001/2158902/2158902_17334618900545_500.jpg,False
2024-01,M,002013,롱패딩/헤비 아우터,002,아우터,24,3633030,projectm,프로젝트엠,공용) 메가히트 덕다운 롱 패딩점퍼_EPD4JD3977,https://image.msscdn.net/images/goods_img/20231017/3633030/3633030_16975203333564_500.jpg,False
2024-01,M,002013,롱패딩/헤비 아우터,002,아우터,25,3612729,frizmworks,프리즘웍스,METALLIC LEVEL 7 MONSTER PARKA _ BLACK,https://image.msscdn.net/images/goods_img/20231009/3612729/3612729_16975562702683_500.jpg,False
2024-01,M,002013,롱패딩/헤비 아우터,002,아우터,26,3601364,ilcorso,일꼬르소,볼륨 후드 롱 구스 다운 야상 점퍼  그레이 IEJU3F008G2,https://image.msscdn.net/images/goods_img/20231004/3601364/3601364_16968979330817_500.jpg,False
2024-01,M,002013,롱패딩/헤비 아우터,002,아우터,27,3775212,nepa,네파,네파/본사직영 7IF2084 공용 롱 다운 자켓,https://image.msscdn.net/images/goods_img/20240104/3775212/3775212_17043351489975_500.jpg,False
2024-01,M,002013,롱패딩/헤비 아우터,002,아우터,28,2702883,dthirtyone,디써티원,피쉬테일 RDS 덕다운 파카 카키,https://image.msscdn.net/images/goods_img/20220808/2702883/2702883_2_500.jpg,False
2024-01,M,002013,롱패딩/헤비 아우터,002,아우터,29,3671673,giordano,지오다노,후드 롱패딩 073958 [black],https://image.msscdn.net/images/goods_img/20231031/3671673/3671673_16987394420356_500.jpg,False
2024-01,M,002013,롱패딩/헤비 아우터,002,아우터,30,1195438,musinsastandard,무신사 스탠다드,실버 폭스 롱 다운 파카 [블랙],https://image.msscdn.net/images/goods_img/20191021/1195438/1195438_17139446238982_500.jpg,False
2024-01,M,002016,패딩 베스트,002,아우터,1,3378526,musinsastandard,무신사 스탠다드,시티 레저 다운 패딩 베스트 [블랙],https://image.msscdn.net/images/goods_img/20230622/3378526/3378526_17133382296821_500.jpg,False
2024-01,M,002016,패딩 베스트,002,아우터,2,3451293,nomanual,노매뉴얼,TRACK DUCK DOWN VEST - GLOSSY BLACK,https://image.msscdn.net/images/goods_img/20230808/3451293/3451293_17260538086539_500.jpg,False
2024-01,M,002016,패딩 베스트,002,아우터,3,3604607,thenorthface,노스페이스,NV1DQ51J 화이트라벨 노벨티 눕시 다운 베스트_BLACK,https://image.msscdn.net/images/goods_img/20231005/3604607/3604607_16964804005315_500.jpg,False
2024-01,M,002016,패딩 베스트,002,아우터,4,606312,musinsastandard,무신사 스탠다드,브이넥 라이트 다운 베스트 [블랙],https://image.msscdn.net/images/goods_img/20170822/606312/606312_4_500.jpg,False
2024-01,M,002016,패딩 베스트,002,아우터,5,3556987,spao,스파오,베이직 패쪼_SPJVE12C01,https://image.msscdn.net/images/goods_img/20230913/3556987/3556987_17043506822162_500.jpg,False
2024-01,M,002016,패딩 베스트,002,아우터,6,1635329,musinsastandard,무신사 스탠다드,다운 푸퍼 패딩 베스트 [블랙],https://image.msscdn.net/images/goods_img/20201006/1635329/1635329_17799287530514_500.jpg,False
2024-01,M,002016,패딩 베스트,002,아우터,7,3436248,ilcorso,일꼬르소,[oam.factory X ILCORSO] 플로우 구스 다운 베스트 블랙 IEJU3F702BK,https://image.msscdn.net/images/goods_img/20230801/3436248/3436248_16970037015385_500.jpg,False
2024-01,M,002016,패딩 베스트,002,아우터,8,1645209,saintpain,세인트페인,[리뉴얼 ver.] SP 베이직 패딩 베스트-블랙,https://image.msscdn.net/images/goods_img/20201013/1645209/1645209_2_500.jpg,False
2024-01,M,002016,패딩 베스트,002,아우터,9,3378527,musinsastandard,무신사 스탠다드,시티 레저 다운 패딩 베스트 [그레이쉬 베이지],https://image.msscdn.net/images/goods_img/20230622/3378527/3378527_17133382041972_500.jpg,False
2024-01,M,002016,패딩 베스트,002,아우터,10,3459590,outstanding,아웃스탠딩,PACKABLE DOUBLE-SIDED DOWN VEST_OLIVE/BROWN,https://image.msscdn.net/images/goods_img/20230810/3459590/3459590_16925952953421_500.jpg,False
2024-01,M,002016,패딩 베스트,002,아우터,11,3451292,nomanual,노매뉴얼,TRACK DUCK DOWN VEST - BLACK,https://image.msscdn.net/images/goods_img/20230808/3451292/3451292_17260539003394_500.jpg,False
2024-01,M,002016,패딩 베스트,002,아우터,12,3641976,matinkim,마뗑킴,FOLDED POCKET DOWN VEST FOR MEN IN BLACK,https://image.msscdn.net/images/goods_img/20231019/3641976/3641976_16977005766231_500.jpg,False
2024-01,M,002016,패딩 베스트,002,아우터,13,3625501,theidentityproject,더 아이덴티티 프로젝트,Hoody duck down vest [black],https://image.msscdn.net/images/goods_img/20231013/3625501/3625501_16984942594191_500.jpg,False
2024-01,M,002016,패딩 베스트,002,아우터,14,3517327,kolonsport,코오롱스포츠,남성 경량 퀼팅 다운베스트 TLVAW23635GKH,https://image.msscdn.net/images/goods_img/20230831/3517327/3517327_17223928643586_500.jpg,False
2024-01,M,002016,패딩 베스트,002,아우터,15,1114785,musinsastandard,무신사 스탠다드,트랜스폼 라운드 넥 라이트 다운 베스트 [블랙],https://image.msscdn.net/images/goods_img/20190809/1114785/1114785_17139441650013_500.jpg,False
2024-01,M,002016,패딩 베스트,002,아우터,16,3395768,musinsastandard,무신사 스탠다드,립스탑 다운 푸퍼 패딩 베스트 [블랙],https://image.msscdn.net/images/goods_img/20230705/3395768/3395768_17139273360565_500.jpg,False
2024-01,M,002016,패딩 베스트,002,아우터,17,2744533,codegraphy,코드그라피,[DIVO] RDS 유틸리티 덕다운 베스트_블랙,https://image.msscdn.net/images/goods_img/20220825/2744533/2744533_17173915574028_500.jpg,False
2024-01,M,002016,패딩 베스트,002,아우터,18,3667963,minimalproject,미니멀프로젝트,MNMP 하이넥 패딩 베스트 MVT102 [BLACK],https://image.msscdn.net/images/goods_img/20231030/3667963/3667963_17606004212693_500.jpg,False
2024-01,M,002016,패딩 베스트,002,아우터,19,3652917,intercrew,인터크루,중경량 푸퍼 베스트 블랙(유광) ITX4VO01ABB,https://image.msscdn.net/images/goods_img/20231024/3652917/3652917_17283460712083_500.jpg,False
2024-01,M,002016,패딩 베스트,002,아우터,20,2682102,musinsastandard,무신사 스탠다드,미니멀 다운 패딩 베스트 [블랙],https://image.msscdn.net/images/goods_img/20220726/2682102/2682102_17139364717782_500.jpg,False
2024-01,M,002016,패딩 베스트,002,아우터,21,3641153,juanhomme,주앙옴므,GARMENT DYED PADDING VEST (BLACK),https://image.msscdn.net/images/goods_img/20231019/3641153/3641153_16976964528090_500.jpg,False
2024-01,M,002016,패딩 베스트,002,아우터,22,3633143,dimitriblack,디미트리블랙,(VLAD) 2WAY 어센틱 패딩 베스트_베이지,https://image.msscdn.net/images/goods_img/20231017/3633143/3633143_16980383861093_500.jpg,False
2024-01,M,002016,패딩 베스트,002,아우터,23,3600867,anolorcode,어널러코드,웨이브 조끼패딩 (블랙),https://image.msscdn.net/images/goods_img/20231004/3600867/3600867_16974225521544_500.jpg,False
2024-01,M,002016,패딩 베스트,002,아우터,24,3600487,beheavyer,비헤비어,FATTY VEST deep green,https://image.msscdn.net/images/goods_img/20231003/3600487/3600487_16963261634505_500.jpg,False
2024-01,M,002016,패딩 베스트,002,아우터,25,3620734,espionage,에스피오나지,Utility Down Vest Vintage Orange,https://image.msscdn.net/images/goods_img/20231012/3620734/3620734_16977005986162_500.jpg,False
2024-01,M,002016,패딩 베스트,002,아우터,26,3598405,areuban,아르반,풀업 7온스 패딩 베스트_블랙,https://image.msscdn.net/images/goods_img/20230927/3598405/3598405_16969104011695_500.jpg,False
2024-01,M,002016,패딩 베스트,002,아우터,27,2741278,penfield,펜필드,ROCKWOOL DOWN VEST BLACK_FP4WD01U,https://image.msscdn.net/images/goods_img/20220825/2741278/2741278_16945905420021_500.jpg,False
2024-01,M,002016,패딩 베스트,002,아우터,28,2820356,lettercomo,레테르코모,아워 인피니엄 패딩베스트 블랙,https://image.msscdn.net/images/goods_img/20220926/2820356/2820356_1_500.jpg,False
2024-01,M,002016,패딩 베스트,002,아우터,29,3542921,frizmworks,프리즘웍스,MOUNTAIN DOWN VEST _ OLIVE,https://image.msscdn.net/images/goods_img/20230907/3542921/3542921_16947076773442_500.jpg,False
2024-01,M,002016,패딩 베스트,002,아우터,30,3459589,outstanding,아웃스탠딩,PACKABLE DOUBLE-SIDED DOWN VEST_GREEN/BEIGE,https://image.msscdn.net/images/goods_img/20230810/3459589/3459589_16925954282310_500.jpg,False
2024-01,M,002015,기타 아우터,002,아우터,1,3645436,poloralphlauren,폴로 랄프 로렌,코듀로이 재킷 - 베이지,https://image.msscdn.net/images/goods_img/20231020/3645436/3645436_16992305344371_500.jpg,False
2024-01,M,002015,기타 아우터,002,아우터,2,3481679,salomon,살로몬,UNI 모디세이 자켓_LC2573500,https://image.msscdn.net/images/goods_img/20230821/3481679/3481679_17569757995405_500.png,False
2024-01,M,002015,기타 아우터,002,아우터,3,3542948,frizmworks,프리즘웍스,SMOCK HOODED PARKA 002 _ OLIVE,https://image.msscdn.net/images/goods_img/20230907/3542948/3542948_16947080035174_500.jpg,False
2024-01,M,002015,기타 아우터,002,아우터,4,1114716,musinsastandard,무신사 스탠다드,트랜스폼 라운드 넥 라이트 다운 재킷 [블랙],https://image.msscdn.net/images/goods_img/20190809/1114716/1114716_17139449466220_500.jpg,False
2024-01,M,002015,기타 아우터,002,아우터,5,3637405,thomasmore,토마스모어,TD3-JK02 울 해링턴 자켓,https://image.msscdn.net/images/goods_img/20231018/3637405/3637405_16976110353849_500.jpg,False
2024-01,M,002015,기타 아우터,002,아우터,6,3450481,satur,세터,테오 코튼 올 데이 풀 집업 오가닉 블랙,https://image.msscdn.net/images/goods_img/20230808/3450481/3450481_16922811889884_500.jpg,False
2024-01,M,002015,기타 아우터,002,아우터,7,3542949,frizmworks,프리즘웍스,SMOCK HOODED PARKA 002 _ TAN,https://image.msscdn.net/images/goods_img/20230907/3542949/3542949_16947080370490_500.jpg,False
2024-01,M,002015,기타 아우터,002,아우터,8,3542947,frizmworks,프리즘웍스,SMOCK HOODED PARKA 002 _ BURGUNDY,https://image.msscdn.net/images/goods_img/20230907/3542947/3542947_16947079385466_500.jpg,False
2024-01,M,002015,기타 아우터,002,아우터,9,3158972,maisonmargiela,메종 마르지엘라,남성 두피온 실크 봄버 재킷 - 블랙 / S50AM0593S60451900,https://image.msscdn.net/images/goods_img/20230317/3158972/3158972_16916438430869_500.jpg,False
2024-01,M,002015,기타 아우터,002,아우터,10,3794324,intempomood,인템포무드,루프 포켓 워크 재킷_그라파이트,https://image.msscdn.net/images/goods_img/20240115/3794324/3794324_17564273883264_500.jpg,False
2024-01,M,002015,기타 아우터,002,아우터,11,2110493,poloralphlauren,폴로 랄프 로렌,코튼 트윌 치노 재킷 - 네이비,https://image.msscdn.net/images/goods_img/20210906/2110493/2110493_2_500.jpg,False
2024-01,M,002015,기타 아우터,002,아우터,12,3542946,frizmworks,프리즘웍스,SMOCK HOODED PARKA 002 _ BLACK,https://image.msscdn.net/images/goods_img/20230907/3542946/3542946_16947079117991_500.jpg,False
2024-01,M,002015,기타 아우터,002,아우터,13,424331,frizmworks,프리즘웍스,EDGAR N-1 DECK JACKET _ NAVY,https://image.msscdn.net/images/goods_img/20161007/424331/424331_1_500.jpg,False
2024-01,M,002015,기타 아우터,002,아우터,14,1182834,frizmworks,프리즘웍스,EDGAR N-1 DECK JACKET _ BLACK,https://image.msscdn.net/images/goods_img/20191010/1182834/1182834_1_500.jpg,False
2024-01,M,002015,기타 아우터,002,아우터,15,3511911,frizmworks,프리즘웍스,JUNGLE CLOTH DESTROYED JACKET _ BLACK,https://image.msscdn.net/images/goods_img/20230830/3511911/3511911_16940679225209_500.jpg,False
2024-01,M,002015,기타 아우터,002,아우터,16,3471496,frizmworks,프리즘웍스,CORDUROY BUDDY HARRINGTON JACKET _ DARK GREEN,https://image.msscdn.net/images/goods_img/20230817/3471496/3471496_16927567085287_500.jpg,False
2024-01,M,002015,기타 아우터,002,아우터,17,3400393,1993studio,1993스튜디오,빈티지 코튼 트윌 바이커 자켓_카키,https://image.msscdn.net/images/goods_img/20230710/3400393/3400393_16965511573491_500.jpg,False
2024-01,M,002015,기타 아우터,002,아우터,18,424336,frizmworks,프리즘웍스,EDGAR N-1 DECK JACKET _ BEIGE,https://image.msscdn.net/images/goods_img/20161007/424336/424336_1_500.jpg,False
2024-01,M,002015,기타 아우터,002,아우터,19,3564202,moo,엠오오,나일론 자수 배색 레이싱 자켓 - 베이지,https://image.msscdn.net/images/goods_img/20230915/3564202/3564202_16969910007974_500.jpg,False
2024-01,M,002015,기타 아우터,002,아우터,20,2184463,poloralphlauren,폴로 랄프 로렌,코튼 트윌 치노재킷 - 베이지,https://image.msscdn.net/images/goods_img/20211018/2184463/2184463_2_500.jpg,False
2024-01,M,002015,기타 아우터,002,아우터,21,3659280,thomasmore,토마스모어,TD3-JK01 오픈카라 자켓-카키,https://image.msscdn.net/images/goods_img/20231025/3659280/3659280_16982271432341_500.jpg,False
2024-01,M,002015,기타 아우터,002,아우터,22,2216381,poloralphlauren,폴로 랄프 로렌,베이포트 코튼 재킷 - 네이비,https://image.msscdn.net/images/goods_img/20211104/2216381/2216381_2_500.jpg,False
2024-01,M,002015,기타 아우터,002,아우터,23,3659283,thomasmore,토마스모어,TD3-JK01 오픈카라 자켓-네이비,https://image.msscdn.net/images/goods_img/20231025/3659283/3659283_16982272602663_500.jpg,False
2024-01,M,002015,기타 아우터,002,아우터,24,2400013,frizmworks,프리즘웍스,NYCO HOODED M51 FISHTAIL PARKA _ OLIVE,https://image.msscdn.net/images/goods_img/20220305/2400013/2400013_1_500.jpg,False
2024-01,M,002015,기타 아우터,002,아우터,25,2883656,londontradition,런던트레디션,Jackson Mens Short Jacket - Navy BW A06,https://image.msscdn.net/images/goods_img/20221021/2883656/2883656_16977652581121_500.jpg,False
2024-01,M,002015,기타 아우터,002,아우터,26,3579087,insilence,인사일런스,시메트리 폴딩 자켓 BLACK,https://image.msscdn.net/images/goods_img/20230920/3579087/3579087_16958082543101_500.jpg,False
2024-01,M,002015,기타 아우터,002,아우터,27,3636717,they,데이,메리노 울 카라 자켓,https://image.msscdn.net/images/goods_img/20231018/3636717/3636717_17115859759763_500.jpg,False
2024-01,M,002015,기타 아우터,002,아우터,28,3579140,insilence,인사일런스,울 블렌드 모터사이클 자켓 BLACK,https://image.msscdn.net/images/goods_img/20230920/3579140/3579140_16958091085788_500.jpg,False
2024-01,M,002015,기타 아우터,002,아우터,29,3406344,lmood,엘무드,스텔스 에어 봄버 자켓 밀리터리 그레이,https://image.msscdn.net/images/goods_img/20230712/3406344/3406344_16934447829154_500.jpg,False
2024-01,M,002015,기타 아우터,002,아우터,30,3710587,deutero,듀테로,하드 캔버스 워크 자켓 올드 네이비,https://image.msscdn.net/images/goods_img/20231114/3710587/3710587_16999586640182_500.jpg,False
2024-01,M,003,바지,,,1,1551840,xero,제로,Deep One Tuck Sweat Pants [Grey],https://image.msscdn.net/images/goods_img/20200818/1551840/1551840_1_500.jpg,False
2024-01,M,003,바지,,,2,2112059,gakka2,가까이 유니언즈,[여름 or 기모 or 사계절 원단 선택] 원턱 와이드 스웨트팬츠 그레이,https://image.msscdn.net/images/goods_img/20210906/2112059/2112059_17473624399256_500.jpg,False
2024-01,M,003,바지,,,3,2092852,goodlifeworks,굿라이프웍스,[여름옵션 or 4계절] 이지 와이드 데님 팬츠 그레이,https://image.msscdn.net/images/goods_img/20210826/2092852/2092852_17086532214128_500.jpg,False
2024-01,M,003,바지,,,4,1149329,musinsastandard,무신사 스탠다드,세미 와이드 히든 밴딩 슬랙스 [블랙],https://image.msscdn.net/images/goods_img/20190910/1149329/1149329_17775152531848_500.jpg,False
2024-01,M,003,바지,,,5,3467190,againstallodds,에이지오디,와이드 데님 팬츠 [그레이],https://image.msscdn.net/images/goods_img/20230816/3467190/3467190_17894572589834_500.jpg,False
2024-01,M,003,바지,,,6,1168906,musinsastandard,무신사 스탠다드,와이드 히든 밴딩 슬랙스 [블랙],https://image.msscdn.net/images/goods_img/20190927/1168906/1168906_17224121763738_500.jpg,False
2024-01,M,003,바지,,,7,1551839,xero,제로,Deep One Tuck Sweat Pants [Black],https://image.msscdn.net/images/goods_img/20200818/1551839/1551839_1_500.jpg,False
2024-01,M,003,바지,,,8,2112061,gakka2,가까이 유니언즈,[여름 or 기모 or 사계절 원단 선택] 원턱 와이드 스웨트팬츠 블랙,https://image.msscdn.net/images/goods_img/20210906/2112061/2112061_17459952841713_500.jpg,False
2024-01,M,003,바지,,,9,3438764,toffee,토피,헤이즈 워시드 와이드 데님 팬츠 (VINTAGE INDIGO),https://image.msscdn.net/images/goods_img/20230801/3438764/3438764_17751910082304_500.jpg,False
2024-01,M,003,바지,,,10,750908,wholovesart,후러브스아트,유니섹스 세미 와이드 밴딩 슬랙스 블랙,https://image.msscdn.net/images/goods_img/20180406/750908/750908_17736379434172_500.jpg,False
2024-01,M,003,바지,,,11,3171863,ezkaton,에즈카톤,스크레치 데님팬츠 그레이 KMLP6686,https://image.msscdn.net/images/goods_img/20230323/3171863/3171863_16795309547872_500.jpg,False
2024-01,M,003,바지,,,12,3467143,againstallodds,에이지오디,와이드 데님 팬츠 [미디엄 블루],https://image.msscdn.net/images/goods_img/20230816/3467143/3467143_17894571986409_500.jpg,False
2024-01,M,003,바지,,,13,3124490,trillion,트릴리온,프론트 워싱 와이드 데님 팬츠 (YELLOW BLACK),https://image.msscdn.net/images/goods_img/20230306/3124490/3124490_16784156237192_500.jpg,False
2024-01,M,003,바지,,,14,1149328,musinsastandard,무신사 스탠다드,테이퍼드 히든 밴딩 크롭 슬랙스 [블랙],https://image.msscdn.net/images/goods_img/20190910/1149328/1149328_17222375113367_500.jpg,False
2024-01,M,003,바지,,,15,3596906,decet,데케트,[2PACK]Mid Rise Wide Jeans DCPT027,https://image.msscdn.net/images/goods_img/20230926/3596906/3596906_17301806689514_500.jpg,False
2024-01,M,003,바지,,,16,2711163,trillion,트릴리온,옐로우 워싱 리버스 턱 데님 팬츠 (BLACK),https://image.msscdn.net/images/goods_img/20220810/2711163/2711163_1_500.jpg,False
2024-01,M,003,바지,,,17,3223947,againstallodds,에이지오디,원턱 와이드 스웨트 팬츠 [그레이],https://image.msscdn.net/images/goods_img/20230411/3223947/3223947_17689822034188_500.jpg,False
2024-01,M,003,바지,,,18,2578996,signature,시그니처,썸머 더블턱 와이드 슬랙스[블랙],https://image.msscdn.net/images/goods_img/20220524/2578996/2578996_17870331293023_500.jpg,False
2024-01,M,003,바지,,,19,1735427,selfesteem,에스이에스티,[2PACK] 와이드핏 트레이닝 스웨트 팬츠 - 6Color,https://image.msscdn.net/images/goods_img/20210104/1735427/1735427_17646558259203_500.jpg,False
2024-01,M,003,바지,,,20,3642581,trillion,트릴리온,파라슈트 카고 리벳 데님 팬츠 (BLACK),https://image.msscdn.net/images/goods_img/20231019/3642581/3642581_16977772857947_500.jpg,False
2024-01,M,003,바지,,,21,3095384,gakka2,가까이 유니언즈,원턱 와이드 스웨트 카고팬츠 카키,https://image.msscdn.net/images/goods_img/20230220/3095384/3095384_17490881371864_500.jpg,False
2024-01,M,003,바지,,,22,3469210,dimitriblack,디미트리블랙,원턱 에센셜 PARACHUTE 팬츠_그레이,https://image.msscdn.net/images/goods_img/20230816/3469210/3469210_17564443272666_500.jpg,False
2024-01,M,003,바지,,,23,3711009,likethemost,라이크더모스트,트레이닝 핀턱 배색 와이드 팬츠 블랙,https://image.msscdn.net/images/goods_img/20231115/3711009/3711009_17134876012706_500.jpg,False
2024-01,M,003,바지,,,24,1222184,musinsastandard,무신사 스탠다드,와이드 히든 밴딩 슬랙스 [미디엄 그레이],https://image.msscdn.net/images/goods_img/20191113/1222184/1222184_17222997169530_500.jpg,False
2024-01,M,003,바지,,,25,2028326,musinsastandard,무신사 스탠다드,스트레이트 데님 팬츠 [크림],https://image.msscdn.net/images/goods_img/20210714/2028326/2028326_17623221248971_500.jpg,False
2024-01,M,003,바지,,,26,3124492,trillion,트릴리온,프론트 워싱 와이드 데님 팬츠 (NORMAL BLACK),https://image.msscdn.net/images/goods_img/20230306/3124492/3124492_16784156533908_500.jpg,False
2024-01,M,003,바지,,,27,1370101,not4nerd,낫포너드,[여름원단] Wide String Cargo Slacks Pants - Black,https://image.msscdn.net/images/goods_img/20200326/1370101/1370101_17502941583404_500.jpg,False
2024-01,M,003,바지,,,28,2028327,musinsastandard,무신사 스탠다드,스트레이트 데님 팬츠 [라이트 인디고],https://image.msscdn.net/images/goods_img/20210714/2028327/2028327_17446168089947_500.jpg,False
2024-01,M,003,바지,,,29,3223808,againstallodds,에이지오디,원턱 와이드 스웨트 팬츠 [블랙],https://image.msscdn.net/images/goods_img/20230411/3223808/3223808_17689822616365_500.jpg,False
2024-01,M,003,바지,,,30,3539080,trillion,트릴리온,프론트 워싱 와이드 데님 팬츠 (DEEP GREEN),https://image.msscdn.net/images/goods_img/20230907/3539080/3539080_16941492039660_500.jpg,False
2024-01,M,003002,데님 팬츠,003,바지,1,2092852,goodlifeworks,굿라이프웍스,[여름옵션 or 4계절] 이지 와이드 데님 팬츠 그레이,https://image.msscdn.net/images/goods_img/20210826/2092852/2092852_17086532214128_500.jpg,False
2024-01,M,003002,데님 팬츠,003,바지,2,3467190,againstallodds,에이지오디,와이드 데님 팬츠 [그레이],https://image.msscdn.net/images/goods_img/20230816/3467190/3467190_17894572589834_500.jpg,False
2024-01,M,003002,데님 팬츠,003,바지,3,3438764,toffee,토피,헤이즈 워시드 와이드 데님 팬츠 (VINTAGE INDIGO),https://image.msscdn.net/images/goods_img/20230801/3438764/3438764_17751910082304_500.jpg,False
2024-01,M,003002,데님 팬츠,003,바지,4,3171863,ezkaton,에즈카톤,스크레치 데님팬츠 그레이 KMLP6686,https://image.msscdn.net/images/goods_img/20230323/3171863/3171863_16795309547872_500.jpg,False
2024-01,M,003002,데님 팬츠,003,바지,5,3467143,againstallodds,에이지오디,와이드 데님 팬츠 [미디엄 블루],https://image.msscdn.net/images/goods_img/20230816/3467143/3467143_17894571986409_500.jpg,False
2024-01,M,003002,데님 팬츠,003,바지,6,3124490,trillion,트릴리온,프론트 워싱 와이드 데님 팬츠 (YELLOW BLACK),https://image.msscdn.net/images/goods_img/20230306/3124490/3124490_16784156237192_500.jpg,False
2024-01,M,003002,데님 팬츠,003,바지,7,3596906,decet,데케트,[2PACK]Mid Rise Wide Jeans DCPT027,https://image.msscdn.net/images/goods_img/20230926/3596906/3596906_17301806689514_500.jpg,False
2024-01,M,003002,데님 팬츠,003,바지,8,2711163,trillion,트릴리온,옐로우 워싱 리버스 턱 데님 팬츠 (BLACK),https://image.msscdn.net/images/goods_img/20220810/2711163/2711163_1_500.jpg,False
2024-01,M,003002,데님 팬츠,003,바지,9,3642581,trillion,트릴리온,파라슈트 카고 리벳 데님 팬츠 (BLACK),https://image.msscdn.net/images/goods_img/20231019/3642581/3642581_16977772857947_500.jpg,False
2024-01,M,003002,데님 팬츠,003,바지,10,3469210,dimitriblack,디미트리블랙,원턱 에센셜 PARACHUTE 팬츠_그레이,https://image.msscdn.net/images/goods_img/20230816/3469210/3469210_17564443272666_500.jpg,False
2024-01,M,003002,데님 팬츠,003,바지,11,2028326,musinsastandard,무신사 스탠다드,스트레이트 데님 팬츠 [크림],https://image.msscdn.net/images/goods_img/20210714/2028326/2028326_17623221248971_500.jpg,False
2024-01,M,003002,데님 팬츠,003,바지,12,3124492,trillion,트릴리온,프론트 워싱 와이드 데님 팬츠 (NORMAL BLACK),https://image.msscdn.net/images/goods_img/20230306/3124492/3124492_16784156533908_500.jpg,False
2024-01,M,003002,데님 팬츠,003,바지,13,2028327,musinsastandard,무신사 스탠다드,스트레이트 데님 팬츠 [라이트 인디고],https://image.msscdn.net/images/goods_img/20210714/2028327/2028327_17446168089947_500.jpg,False
2024-01,M,003002,데님 팬츠,003,바지,14,3539080,trillion,트릴리온,프론트 워싱 와이드 데님 팬츠 (DEEP GREEN),https://image.msscdn.net/images/goods_img/20230907/3539080/3539080_16941492039660_500.jpg,False
2024-01,M,003002,데님 팬츠,003,바지,15,2028329,musinsastandard,무신사 스탠다드,스트레이트 데님 팬츠 [워시드 블랙],https://image.msscdn.net/images/goods_img/20210714/2028329/2028329_17623219721844_500.jpg,False
2024-01,M,003002,데님 팬츠,003,바지,16,3316989,toffee,토피,[2PACK] 와이드 데님 팬츠,https://image.msscdn.net/images/goods_img/20230523/3316989/3316989_17153142051663_500.jpg,False
2024-01,M,003002,데님 팬츠,003,바지,17,1552753,branded,브랜디드,1967 JET BLACK JEANS [WIDE STRAIGHT],https://image.msscdn.net/images/goods_img/20200818/1552753/1552753_17817658780276_500.jpg,False
2024-01,M,003002,데님 팬츠,003,바지,18,3467226,againstallodds,에이지오디,와이드 데님 팬츠 [블랙],https://image.msscdn.net/images/goods_img/20230816/3467226/3467226_17895227373218_500.jpg,False
2024-01,M,003002,데님 팬츠,003,바지,19,3054701,intempomood,인템포무드,레이지보이 벌룬 핏 데님_딥블루,https://image.msscdn.net/images/goods_img/20230202/3054701/3054701_16949983126730_500.jpg,False
2024-01,M,003002,데님 팬츠,003,바지,20,2706287,trillion,트릴리온,바이오스톤 워싱 와이드 데님 팬츠 (BEIGE BLUE),https://image.msscdn.net/images/goods_img/20220809/2706287/2706287_1_500.jpg,False
2024-01,M,003002,데님 팬츠,003,바지,21,3461111,trillion,트릴리온,사이드 턱 스냅 버튼 와이드 데님 팬츠 (BLUE GRAY),https://image.msscdn.net/images/goods_img/20230811/3461111/3461111_17665381033898_500.jpg,False
2024-01,M,003002,데님 팬츠,003,바지,22,3469199,dimitriblack,디미트리블랙,ASI 에센셜 원턱 와이드 데님 팬츠_그레이,https://image.msscdn.net/images/goods_img/20230816/3469199/3469199_16928612246762_500.jpg,False
2024-01,M,003002,데님 팬츠,003,바지,23,2711142,trillion,트릴리온,바이오스톤 워싱 와이드 데님 팬츠 (CREAM),https://image.msscdn.net/images/goods_img/20220810/2711142/2711142_1_500.jpg,False
2024-01,M,003002,데님 팬츠,003,바지,24,2092849,goodlifeworks,굿라이프웍스,이지 와이드 데님 팬츠 블랙,https://image.msscdn.net/images/goods_img/20210826/2092849/2092849_17872830577462_500.jpg,False
2024-01,M,003002,데님 팬츠,003,바지,25,1666442,musinsastandard,무신사 스탠다드,와이드 데님 팬츠 [라이트 인디고],https://image.msscdn.net/images/goods_img/20201028/1666442/1666442_17623267921234_500.jpg,False
2024-01,M,003002,데님 팬츠,003,바지,26,2391746,musinsastandard,무신사 스탠다드,스트레이트 데님 팬츠 [블랙],https://image.msscdn.net/images/goods_img/20220302/2391746/2391746_17623218812866_500.jpg,False
2024-01,M,003002,데님 팬츠,003,바지,27,3663072,toffee,토피,모어 와이드 데님 팬츠 (WASHED RAW BLACK),https://image.msscdn.net/images/goods_img/20231027/3663072/3663072_16988871011427_500.jpg,False
2024-01,M,003002,데님 팬츠,003,바지,28,3440017,goodlifeworks,굿라이프웍스,이지 와이드 데님 팬츠 빈티지 워시드 블루,https://image.msscdn.net/images/goods_img/20230801/3440017/3440017_17080504346875_500.jpg,False
2024-01,M,003002,데님 팬츠,003,바지,29,3070218,costumeoclock,커스텀어클락,데님 원턱 와이드 팬츠 16 COLOR COOSPT201,https://image.msscdn.net/images/goods_img/20230208/3070218/3070218_17847883628803_500.jpg,False
2024-01,M,003002,데님 팬츠,003,바지,30,1573215,modnine,모드나인,Turn me On - MOD7w,https://image.msscdn.net/images/goods_img/20200901/1573215/1573215_1_500.jpg,False
2024-01,M,003004,트레이닝/조거 팬츠,003,바지,1,1551840,xero,제로,Deep One Tuck Sweat Pants [Grey],https://image.msscdn.net/images/goods_img/20200818/1551840/1551840_1_500.jpg,False
2024-01,M,003004,트레이닝/조거 팬츠,003,바지,2,2112059,gakka2,가까이 유니언즈,[여름 or 기모 or 사계절 원단 선택] 원턱 와이드 스웨트팬츠 그레이,https://image.msscdn.net/images/goods_img/20210906/2112059/2112059_17473624399256_500.jpg,False
2024-01,M,003004,트레이닝/조거 팬츠,003,바지,3,1551839,xero,제로,Deep One Tuck Sweat Pants [Black],https://image.msscdn.net/images/goods_img/20200818/1551839/1551839_1_500.jpg,False
2024-01,M,003004,트레이닝/조거 팬츠,003,바지,4,2112061,gakka2,가까이 유니언즈,[여름 or 기모 or 사계절 원단 선택] 원턱 와이드 스웨트팬츠 블랙,https://image.msscdn.net/images/goods_img/20210906/2112061/2112061_17459952841713_500.jpg,False
2024-01,M,003004,트레이닝/조거 팬츠,003,바지,5,3223947,againstallodds,에이지오디,원턱 와이드 스웨트 팬츠 [그레이],https://image.msscdn.net/images/goods_img/20230411/3223947/3223947_17689822034188_500.jpg,False
2024-01,M,003004,트레이닝/조거 팬츠,003,바지,6,1735427,selfesteem,에스이에스티,[2PACK] 와이드핏 트레이닝 스웨트 팬츠 - 6Color,https://image.msscdn.net/images/goods_img/20210104/1735427/1735427_17646558259203_500.jpg,False
2024-01,M,003004,트레이닝/조거 팬츠,003,바지,7,3095384,gakka2,가까이 유니언즈,원턱 와이드 스웨트 카고팬츠 카키,https://image.msscdn.net/images/goods_img/20230220/3095384/3095384_17490881371864_500.jpg,False
2024-01,M,003004,트레이닝/조거 팬츠,003,바지,8,3711009,likethemost,라이크더모스트,트레이닝 핀턱 배색 와이드 팬츠 블랙,https://image.msscdn.net/images/goods_img/20231115/3711009/3711009_17134876012706_500.jpg,False
2024-01,M,003004,트레이닝/조거 팬츠,003,바지,9,1370101,not4nerd,낫포너드,[여름원단] Wide String Cargo Slacks Pants - Black,https://image.msscdn.net/images/goods_img/20200326/1370101/1370101_17502941583404_500.jpg,False
2024-01,M,003004,트레이닝/조거 팬츠,003,바지,10,3223808,againstallodds,에이지오디,원턱 와이드 스웨트 팬츠 [블랙],https://image.msscdn.net/images/goods_img/20230411/3223808/3223808_17689822616365_500.jpg,False
2024-01,M,003004,트레이닝/조거 팬츠,003,바지,11,3095387,gakka2,가까이 유니언즈,원턱 와이드 스웨트 카고팬츠 블랙,https://image.msscdn.net/images/goods_img/20230220/3095387/3095387_17490881140029_500.png,False
2024-01,M,003004,트레이닝/조거 팬츠,003,바지,12,2744549,anolorcode,어널러코드,사계절 쓰리턱 트레이닝팬츠 (2color),https://image.msscdn.net/images/goods_img/20220825/2744549/2744549_17848712083816_500.jpg,False
2024-01,M,003004,트레이닝/조거 팬츠,003,바지,13,3467738,againstallodds,에이지오디,원턱 카고 스웨트 팬츠 [그레이],https://image.msscdn.net/images/goods_img/20230816/3467738/3467738_17663655663261_500.jpg,False
2024-01,M,003004,트레이닝/조거 팬츠,003,바지,14,1736562,xero,제로,Deep One Tuck Sweat Pants [White Grey],https://image.msscdn.net/images/goods_img/20210105/1736562/1736562_1_500.jpg,False
2024-01,M,003004,트레이닝/조거 팬츠,003,바지,15,2307746,musinsastandard,무신사 스탠다드,원 턱 와이드 라운지 스웨트 팬츠 [미디엄 그레이],https://image.msscdn.net/images/goods_img/20220114/2307746/2307746_17028630311189_500.jpg,False
2024-01,M,003004,트레이닝/조거 팬츠,003,바지,16,1212776,musinsastandard,무신사 스탠다드,라운지 스웨트 팬츠 [블랙],https://image.msscdn.net/images/goods_img/20191105/1212776/1212776_17811631850479_500.jpg,False
2024-01,M,003004,트레이닝/조거 팬츠,003,바지,17,3467384,againstallodds,에이지오디,와이드 빅포켓 코튼 카고 밴딩 팬츠 [카키],https://image.msscdn.net/images/goods_img/20230816/3467384/3467384_17895319440164_500.jpg,False
2024-01,M,003004,트레이닝/조거 팬츠,003,바지,18,1595607,sevenselah,세븐셀라,세미 플레어 세미와이드 카고조거 스토퍼 Black,https://image.msscdn.net/images/goods_img/20200910/1595607/1595607_17905779012223_500.jpg,False
2024-01,M,003004,트레이닝/조거 팬츠,003,바지,19,1736085,brenson,브렌슨,(Renew Ver.) 와이드 스웨트 팬츠 ( 5Color ) ( 기모선택 ),https://image.msscdn.net/images/goods_img/20210105/1736085/1736085_17292148923657_500.jpg,False
2024-01,M,003004,트레이닝/조거 팬츠,003,바지,20,2105502,sovermentwithlomort,소버먼트,980G 피그먼트 스웨트 팬츠-챠콜-,https://image.msscdn.net/images/goods_img/20210902/2105502/2105502_17243903359564_500.jpg,False
2024-01,M,003004,트레이닝/조거 팬츠,003,바지,21,1769063,xero,제로,Deep One Tuck Sweat Pants [Khaki],https://image.msscdn.net/images/goods_img/20210129/1769063/1769063_1_500.jpg,False
2024-01,M,003004,트레이닝/조거 팬츠,003,바지,22,1317598,ninetyplus,나인티플러스,우븐 조거 팬츠(블랙),https://image.msscdn.net/images/goods_img/20200221/1317598/1317598_1_500.jpg,False
2024-01,M,003004,트레이닝/조거 팬츠,003,바지,23,3404707,musinsastandard,무신사 스탠다드,시티 레저 와이드 벨티드 카고 팬츠 [블랙],https://image.msscdn.net/images/goods_img/20230712/3404707/3404707_17134032325426_500.jpg,False
2024-01,M,003004,트레이닝/조거 팬츠,003,바지,24,2060719,goodlifeworks,굿라이프웍스,와이드 빅포켓 밴딩 카고 팬츠 카키,https://image.msscdn.net/images/goods_img/20210812/2060719/2060719_17086522564434_500.jpg,False
2024-01,M,003004,트레이닝/조거 팬츠,003,바지,25,1582583,partimento,파르티멘토,와이드 스웨트 조거 팬츠 그레이,https://image.msscdn.net/images/goods_img/20200903/1582583/1582583_1_500.jpg,False
2024-01,M,003004,트레이닝/조거 팬츠,003,바지,26,1568057,anolorcode,어널러코드,사계절 스트링 트레이닝팬츠 (그레이),https://image.msscdn.net/images/goods_img/20200828/1568057/1568057_17652617640484_500.png,False
2024-01,M,003004,트레이닝/조거 팬츠,003,바지,27,2307747,musinsastandard,무신사 스탠다드,원 턱 와이드 라운지 스웨트 팬츠 [블랙],https://image.msscdn.net/images/goods_img/20220114/2307747/2307747_17515267961733_500.jpg,False
2024-01,M,003004,트레이닝/조거 팬츠,003,바지,28,3467621,againstallodds,에이지오디,원턱 카고 스웨트 팬츠 [블랙],https://image.msscdn.net/images/goods_img/20230816/3467621/3467621_17663656155181_500.jpg,False
2024-01,M,003004,트레이닝/조거 팬츠,003,바지,29,3690591,signature,시그니처,[최종우X시그니처]소프트 헤비 코듀로이 원턱 밴딩 팬츠[모카브라운],https://image.msscdn.net/images/goods_img/20231107/3690591/3690591_17694078611375_500.jpg,False
2024-01,M,003004,트레이닝/조거 팬츠,003,바지,30,3609660,jeleve,제이엘브,원턱 와이드 팬츠,https://image.msscdn.net/images/goods_img/20231006/3609660/3609660_16981085474355_500.jpg,False
2024-01,M,003007,코튼 팬츠,003,바지,1,1627892,musinsastandard,무신사 스탠다드,레플리카 퍼티그 팬츠 [카키],https://image.msscdn.net/images/goods_img/20200928/1627892/1627892_17827088773028_500.jpg,False
2024-01,M,003007,코튼 팬츠,003,바지,2,2060759,goodlifeworks,굿라이프웍스,[여름옵션 or 4계절] 와이드 절개 벌룬팬츠 코튼 카키,https://image.msscdn.net/images/goods_img/20210812/2060759/2060759_17080505871544_500.jpg,False
2024-01,M,003007,코튼 팬츠,003,바지,3,3684419,dickies,디키즈,더블니 85283 루즈핏 워크팬츠 Black,https://image.msscdn.net/images/goods_img/20231103/3684419/3684419_17751985153031_500.jpg,False
2024-01,M,003007,코튼 팬츠,003,바지,4,3304654,musinsastandard,무신사 스탠다드,백 사틴 오피서 팬츠 [베이지],https://image.msscdn.net/images/goods_img/20230518/3304654/3304654_16914689090198_500.jpg,False
2024-01,M,003007,코튼 팬츠,003,바지,5,2119984,drawfit,드로우핏,와이드 밴딩 치노 팬츠 [BEIGE],https://image.msscdn.net/images/goods_img/20210909/2119984/2119984_17697407812830_500.jpg,False
2024-01,M,003007,코튼 팬츠,003,바지,6,2861160,suare,수아레,데일리 코듀로이 밴딩 팬츠 - 4 COLOR,https://image.msscdn.net/images/goods_img/20221013/2861160/2861160_17313009402780_500.jpg,False
2024-01,M,003007,코튼 팬츠,003,바지,7,2789055,toffee,토피,투턱 코듀로이 벌룬 백 밴딩 팬츠 (BROWN),https://image.msscdn.net/images/goods_img/20220914/2789055/2789055_17643130901535_500.jpg,False
2024-01,M,003007,코튼 팬츠,003,바지,8,2060760,goodlifeworks,굿라이프웍스,[여름옵션 or 4계절] 와이드 절개 벌룬팬츠 코튼 블랙,https://image.msscdn.net/images/goods_img/20210812/2060760/2060760_17086524586075_500.jpg,False
2024-01,M,003007,코튼 팬츠,003,바지,9,2069525,musinsastandard,무신사 스탠다드,원 턱 레귤러 핏 치노 팬츠 [베이지],https://image.msscdn.net/images/goods_img/20210818/2069525/2069525_17217961236716_500.jpg,False
2024-01,M,003007,코튼 팬츠,003,바지,10,2611226,musinsastandard,무신사 스탠다드,레플리카 퍼티그 팬츠 [세이지 그린],https://image.msscdn.net/images/goods_img/20220613/2611226/2611226_17827086766776_500.jpg,False
2024-01,M,003007,코튼 팬츠,003,바지,11,241111,uniformbridge,유니폼브릿지,cotton fatigue pants regular fit beige,https://image.msscdn.net/images/goods_img/20150826/241111/241111_17772739092913_500.jpg,False
2024-01,M,003007,코튼 팬츠,003,바지,12,2383020,uniformbridge,유니폼브릿지,cotton fatigue pants regular fit forest,https://image.msscdn.net/images/goods_img/20220224/2383020/2383020_17772738797555_500.jpg,False
2024-01,M,003007,코튼 팬츠,003,바지,13,2069531,musinsastandard,무신사 스탠다드,코튼 와이드 벌룬 팬츠 [베이지],https://image.msscdn.net/images/goods_img/20210818/2069531/2069531_2_500.jpg,False
2024-01,M,003007,코튼 팬츠,003,바지,14,890521,jemut,제멋,유스 와이드 카고팬츠 4종 블랙 YHLP2159,https://image.msscdn.net/images/goods_img/20181025/890521/890521_1_500.jpg,False
2024-01,M,003007,코튼 팬츠,003,바지,15,3699169,againstallodds,에이지오디,원턱 와이드 코듀로이 밴딩 팬츠 [아이보리],https://image.msscdn.net/images/goods_img/20231109/3699169/3699169_17600610761299_500.jpg,False
2024-01,M,003007,코튼 팬츠,003,바지,16,3452119,toffee,토피,코듀로이 와이드 밴딩 팬츠 (BLACK),https://image.msscdn.net/images/goods_img/20230808/3452119/3452119_16932985144143_500.jpg,False
2024-01,M,003007,코튼 팬츠,003,바지,17,3722416,dickies,디키즈,오리지널 874 워크팬츠 Desert Sand,https://image.msscdn.net/images/goods_img/20231120/3722416/3722416_17751983911002_500.jpg,False
2024-01,M,003007,코튼 팬츠,003,바지,18,1176329,musinsastandard,무신사 스탠다드,와이드 코듀로이 팬츠 [크림],https://image.msscdn.net/images/goods_img/20191004/1176329/1176329_17533215983583_500.jpg,False
2024-01,M,003007,코튼 팬츠,003,바지,19,2699732,partimento,파르티멘토,커브드 절개 와이드 치노 팬츠 브라운,https://image.msscdn.net/images/goods_img/20220804/2699732/2699732_1_500.jpg,False
2024-01,M,003007,코튼 팬츠,003,바지,20,3684422,dickies,디키즈,더블니 85283 루즈핏 워크팬츠 Khaki,https://image.msscdn.net/images/goods_img/20231103/3684422/3684422_17751986010397_500.jpg,False
2024-01,M,003007,코튼 팬츠,003,바지,21,957401,publicicon,퍼블릭아이콘,P[1003]롱 와이드 코튼팬츠(베이지),https://image.msscdn.net/images/goods_img/20190218/957401/957401_1_500.jpg,False
2024-01,M,003007,코튼 팬츠,003,바지,22,2720343,xtonz,엑스톤즈,XP123 슬로건 밴딩 코튼 팬츠 (BEIGE),https://image.msscdn.net/images/goods_img/20220817/2720343/2720343_1_500.jpg,False
2024-01,M,003007,코튼 팬츠,003,바지,23,3304653,musinsastandard,무신사 스탠다드,백 사틴 오피서 팬츠 [블랙],https://image.msscdn.net/images/goods_img/20230518/3304653/3304653_16914691045461_500.jpg,False
2024-01,M,003007,코튼 팬츠,003,바지,24,2069524,musinsastandard,무신사 스탠다드,원 턱 레귤러 핏 치노 팬츠 [블랙],https://image.msscdn.net/images/goods_img/20210818/2069524/2069524_2_500.jpg,False
2024-01,M,003007,코튼 팬츠,003,바지,25,3684421,dickies,디키즈,더블니 85283 루즈핏 워크팬츠 Dark Navy,https://image.msscdn.net/images/goods_img/20231103/3684421/3684421_17751985566532_500.jpg,False
2024-01,M,003007,코튼 팬츠,003,바지,26,2268307,beardedkid,비얼디드키드,코튼 실루엣 팬츠 베이지,https://image.msscdn.net/images/goods_img/20211214/2268307/2268307_17083065304824_500.jpg,False
2024-01,M,003007,코튼 팬츠,003,바지,27,2602299,musinsastandard,무신사 스탠다드,투 턱 와이드 치노 팬츠 [베이지],https://image.msscdn.net/images/goods_img/20220608/2602299/2602299_17554729616063_500.jpg,False
2024-01,M,003007,코튼 팬츠,003,바지,28,3539289,trillion,트릴리온,빈티지 워싱 코듀로이 와이드 카고 팬츠 (BLACK),https://image.msscdn.net/images/goods_img/20230907/3539289/3539289_16945843926108_500.jpg,False
2024-01,M,003007,코튼 팬츠,003,바지,29,1176317,musinsastandard,무신사 스탠다드,레귤러 핏 코듀로이 팬츠 [크림],https://image.msscdn.net/images/goods_img/20191004/1176317/1176317_3_500.jpg,False
2024-01,M,003007,코튼 팬츠,003,바지,30,1622534,ymclky,와이엠씨엘케이와이,US M-65 Field Pants - Olive,https://image.msscdn.net/images/goods_img/20200924/1622534/1622534_1_500.jpg,False
2024-01,M,003008,슈트 팬츠/슬랙스,003,바지,1,1149329,musinsastandard,무신사 스탠다드,세미 와이드 히든 밴딩 슬랙스 [블랙],https://image.msscdn.net/images/goods_img/20190910/1149329/1149329_17775152531848_500.jpg,False
2024-01,M,003008,슈트 팬츠/슬랙스,003,바지,2,1168906,musinsastandard,무신사 스탠다드,와이드 히든 밴딩 슬랙스 [블랙],https://image.msscdn.net/images/goods_img/20190927/1168906/1168906_17224121763738_500.jpg,False
2024-01,M,003008,슈트 팬츠/슬랙스,003,바지,3,750908,wholovesart,후러브스아트,유니섹스 세미 와이드 밴딩 슬랙스 블랙,https://image.msscdn.net/images/goods_img/20180406/750908/750908_17736379434172_500.jpg,False
2024-01,M,003008,슈트 팬츠/슬랙스,003,바지,4,1149328,musinsastandard,무신사 스탠다드,테이퍼드 히든 밴딩 크롭 슬랙스 [블랙],https://image.msscdn.net/images/goods_img/20190910/1149328/1149328_17222375113367_500.jpg,False
2024-01,M,003008,슈트 팬츠/슬랙스,003,바지,5,2578996,signature,시그니처,썸머 더블턱 와이드 슬랙스[블랙],https://image.msscdn.net/images/goods_img/20220524/2578996/2578996_17870331293023_500.jpg,False
2024-01,M,003008,슈트 팬츠/슬랙스,003,바지,6,1222184,musinsastandard,무신사 스탠다드,와이드 히든 밴딩 슬랙스 [미디엄 그레이],https://image.msscdn.net/images/goods_img/20191113/1222184/1222184_17222997169530_500.jpg,False
2024-01,M,003008,슈트 팬츠/슬랙스,003,바지,7,1168922,musinsastandard,무신사 스탠다드,리얼 와이드 히든 밴딩 슬랙스 [블랙],https://image.msscdn.net/images/goods_img/20190927/1168922/1168922_17784624760417_500.jpg,False
2024-01,M,003008,슈트 팬츠/슬랙스,003,바지,8,1224095,musinsastandard,무신사 스탠다드,세미 와이드 히든 밴딩 슬랙스 [미디엄 그레이],https://image.msscdn.net/images/goods_img/20191113/1224095/1224095_17518463307099_500.jpg,False
2024-01,M,003008,슈트 팬츠/슬랙스,003,바지,9,2032901,musinsastandard,무신사 스탠다드,릴렉스드 테이퍼드 히든 밴딩 크롭 슬랙스 [블랙],https://image.msscdn.net/images/goods_img/20210719/2032901/2032901_17518455282793_500.jpg,False
2024-01,M,003008,슈트 팬츠/슬랙스,003,바지,10,1670229,musinsastandard,무신사 스탠다드,헤비웨이트 속기모 테이퍼드 히든 밴딩 10부 슬랙스 [블랙],https://image.msscdn.net/images/goods_img/20201030/1670229/1670229_16722978856545_500.jpg,False
2024-01,M,003008,슈트 팬츠/슬랙스,003,바지,11,1168907,musinsastandard,무신사 스탠다드,테이퍼드 히든 밴딩 10부 슬랙스 [블랙],https://image.msscdn.net/images/goods_img/20190927/1168907/1168907_5_500.jpg,False
2024-01,M,003008,슈트 팬츠/슬랙스,003,바지,12,2708877,goodlifeworks,굿라이프웍스,투턱 와이드 슬랙스 블랙,https://image.msscdn.net/images/goods_img/20220810/2708877/2708877_17871103692858_500.jpg,False
2024-01,M,003008,슈트 팬츠/슬랙스,003,바지,13,2116441,musinsastandard,무신사 스탠다드,쓰리 턱 세미 벌룬 슬랙스 [블랙],https://image.msscdn.net/images/goods_img/20210908/2116441/2116441_17222426570636_500.jpg,False
2024-01,M,003008,슈트 팬츠/슬랙스,003,바지,14,1221497,musinsastandard,무신사 스탠다드,세미 와이드 슬릿 히든 밴딩 슬랙스 [블랙],https://image.msscdn.net/images/goods_img/20191112/1221497/1221497_17139358489224_500.jpg,False
2024-01,M,003008,슈트 팬츠/슬랙스,003,바지,15,2477843,musinsastandard,무신사 스탠다드,리사이클 원 턱 릴렉스드 테이퍼드 히든 밴딩 크롭 슬랙스 [블랙],https://image.msscdn.net/images/goods_img/20220408/2477843/2477843_17137361962270_500.jpg,False
2024-01,M,003008,슈트 팬츠/슬랙스,003,바지,16,3304078,againstallodds,에이지오디,원턱 와이드 밴딩 슬랙스 [블랙],https://image.msscdn.net/images/goods_img/20230518/3304078/3304078_17612926185466_500.jpg,False
2024-01,M,003008,슈트 팬츠/슬랙스,003,바지,17,1672471,wholovesart,후러브스아트,(기모) 유니섹스 세미 와이드 밴딩 슬랙스 겨울 2PACK,https://image.msscdn.net/images/goods_img/20201102/1672471/1672471_17169528862269_500.jpg,False
2024-01,M,003008,슈트 팬츠/슬랙스,003,바지,18,1216295,musinsastandard,무신사 스탠다드,테이퍼드 히든 밴딩 크롭 슬랙스 [미디엄 그레이],https://image.msscdn.net/images/goods_img/20191107/1216295/1216295_17222372451209_500.jpg,False
2024-01,M,003008,슈트 팬츠/슬랙스,003,바지,19,3154648,drawfit,드로우핏,[드로우핏X깡스타일리스트] 투턱 밴딩 와이드 슬랙스 [GREY],https://image.msscdn.net/images/goods_img/20230316/3154648/3154648_17567925995120_500.jpg,False
2024-01,M,003008,슈트 팬츠/슬랙스,003,바지,20,2060743,goodlifeworks,굿라이프웍스,이지 와이드 밴딩 슬랙스 블랙,https://image.msscdn.net/images/goods_img/20210812/2060743/2060743_17086551586279_500.jpg,False
2024-01,M,003008,슈트 팬츠/슬랙스,003,바지,21,3304039,againstallodds,에이지오디,와이드 밴딩 슬랙스 [블랙],https://image.msscdn.net/images/goods_img/20230518/3304039/3304039_17669867166983_500.jpg,False
2024-01,M,003008,슈트 팬츠/슬랙스,003,바지,22,1551150,pepperseasoning,페퍼시즈닝,유니섹스 와이드 밴딩 슬랙스 스탠다드 black,https://image.msscdn.net/images/goods_img/20200817/1551150/1551150_1_500.jpg,False
2024-01,M,003008,슈트 팬츠/슬랙스,003,바지,23,1575838,musinsastandard,무신사 스탠다드,슈퍼 와이드 히든 밴딩 슬랙스[블랙],https://image.msscdn.net/images/goods_img/20200901/1575838/1575838_17720071457722_500.jpg,False
2024-01,M,003008,슈트 팬츠/슬랙스,003,바지,24,1669797,musinsastandard,무신사 스탠다드,세미 와이드 히든 밴딩 슬랙스 [라이트 베이지],https://image.msscdn.net/images/goods_img/20201029/1669797/1669797_17518462210154_500.jpg,False
2024-01,M,003008,슈트 팬츠/슬랙스,003,바지,25,1249102,musinsastandard,무신사 스탠다드,와이드 히든 밴딩 슬랙스 [더스티 베이지],https://image.msscdn.net/images/goods_img/20191211/1249102/1249102_17798579044346_500.jpg,False
2024-01,M,003008,슈트 팬츠/슬랙스,003,바지,26,3154647,drawfit,드로우핏,[드로우핏X깡스타일리스트] 투턱 밴딩 와이드 슬랙스 [BLACK],https://image.msscdn.net/images/goods_img/20230316/3154647/3154647_17567928528932_500.jpg,False
2024-01,M,003008,슈트 팬츠/슬랙스,003,바지,27,2568748,musinsastandard,무신사 스탠다드,스트레이트 히든 밴딩 슬랙스 [블랙],https://image.msscdn.net/images/goods_img/20220518/2568748/2568748_17518450114735_500.jpg,False
2024-01,M,003008,슈트 팬츠/슬랙스,003,바지,28,2116434,musinsastandard,무신사 스탠다드,리얼 와이드 벨티드 슬랙스 [블랙],https://image.msscdn.net/images/goods_img/20210908/2116434/2116434_2_500.jpg,False
2024-01,M,003008,슈트 팬츠/슬랙스,003,바지,29,2422235,drawfit,드로우핏,[드로우핏X깡스타일리스트] 밴딩 테이퍼드 슬랙스 [BLACK],https://image.msscdn.net/images/goods_img/20220316/2422235/2422235_17697404650862_500.jpg,False
2024-01,M,003008,슈트 팬츠/슬랙스,003,바지,30,1458942,signature,시그니처,세미 부츠컷 슬랙스 [블랙],https://image.msscdn.net/images/goods_img/20200522/1458942/1458942_17870329488948_500.jpg,False
2024-01,M,003009,숏 팬츠,003,바지,1,3231055,againstallodds,에이지오디,버뮤다 와이드 원턱 스웨트 쇼츠 [그레이],https://image.msscdn.net/images/goods_img/20230413/3231055/3231055_17108290911916_500.jpg,False
2024-01,M,003009,숏 팬츠,003,바지,2,1926048,xero,제로,Deep One Tuck Sweat Shorts [Grey],https://image.msscdn.net/images/goods_img/20210428/1926048/1926048_1_500.jpg,False
2024-01,M,003009,숏 팬츠,003,바지,3,3302681,hadex,에이치덱스,베이스 이지 쇼츠,https://image.msscdn.net/images/goods_img/20230517/3302681/3302681_16861105656234_500.jpg,False
2024-01,M,003009,숏 팬츠,003,바지,4,1926034,xero,제로,Deep One Tuck Sweat Shorts [Black],https://image.msscdn.net/images/goods_img/20210428/1926034/1926034_1_500.jpg,False
2024-01,M,003009,숏 팬츠,003,바지,5,1446775,brenson,브렌슨,(Renew Ver.) 루즈핏  반바지 ( 4Color ),https://image.msscdn.net/images/goods_img/20200514/1446775/1446775_17561707502333_500.jpg,False
2024-01,M,003009,숏 팬츠,003,바지,6,2439242,hadex,에이치덱스,액티브 쇼츠 8 color,https://image.msscdn.net/images/goods_img/20220323/2439242/2439242_17905565501800_500.jpg,False
2024-01,M,003009,숏 팬츠,003,바지,7,3230964,againstallodds,에이지오디,버뮤다 와이드 원턱 스웨트 쇼츠 [블랙],https://image.msscdn.net/images/goods_img/20230413/3230964/3230964_17430340874885_500.png,False
2024-01,M,003009,숏 팬츠,003,바지,8,3328615,avan,어반드레스,Wide Cargo Half Denim Pants - 4COL,https://image.msscdn.net/images/goods_img/20230526/3328615/3328615_17169645408063_500.jpg,False
2024-01,M,003009,숏 팬츠,003,바지,9,3364460,jeleve,제이엘브,버뮤다 와이드 팬츠,https://image.msscdn.net/images/goods_img/20230614/3364460/3364460_17246519760265_500.jpg,False
2024-01,M,003009,숏 팬츠,003,바지,10,1436218,codegraphy,코드그라피,[2PACK] [기본핏 OR +5CM 선택] 크리스피 나일론 쇼츠_11COLOR,https://image.msscdn.net/images/goods_img/20200508/1436218/1436218_17435538557459_500.jpg,False
2024-01,M,003009,숏 팬츠,003,바지,11,3048936,uniapparel,유니어패럴,UA 트윌 밴딩 반바지 오프화이트,https://image.msscdn.net/images/goods_img/20230131/3048936/3048936_16751296972156_500.jpg,False
2024-01,M,003009,숏 팬츠,003,바지,12,2508821,afresh,어프레쉬,에어스트레치 쇼츠_블랙 트레이닝,https://image.msscdn.net/images/goods_img/20220422/2508821/2508821_17858059555654_500.jpg,False
2024-01,M,003009,숏 팬츠,003,바지,13,1888197,poloralphlauren,폴로 랄프 로렌,클래식 핏 폴로 프렙스터 - 베이지,https://image.msscdn.net/images/goods_img/20210408/1888197/1888197_3_500.jpg,False
2024-01,M,003009,숏 팬츠,003,바지,14,808954,sevenselah,세븐셀라,프리미엄 세미와이드 카고 쇼트,https://image.msscdn.net/images/goods_img/20180628/808954/808954_7_500.jpg,False
2024-01,M,003009,숏 팬츠,003,바지,15,3244829,jemut,제멋,[2PACK] 플레시 썸머 원턱 하프팬츠 8종 2PACK SOSP2483,https://image.msscdn.net/images/goods_img/20230419/3244829/3244829_17156472741722_500.jpg,False
2024-01,M,003009,숏 팬츠,003,바지,16,3487259,volante,볼란테,Daily Banding Squat Pants [Black],https://image.msscdn.net/images/goods_img/20230822/3487259/3487259_17484842017412_500.jpg,False
2024-01,M,003009,숏 팬츠,003,바지,17,2574822,brenson,브렌슨,(Renew Ver.) 원턱 와이드 반바지 ( 6Color ),https://image.msscdn.net/images/goods_img/20220523/2574822/2574822_17774456124536_500.jpg,False
2024-01,M,003009,숏 팬츠,003,바지,18,2532425,anolorcode,어널러코드,슬랍워싱 버뮤다 데님팬츠 (블랙),https://image.msscdn.net/images/goods_img/20220429/2532425/2532425_17853107826031_500.jpg,False
2024-01,M,003009,숏 팬츠,003,바지,19,3314355,toffee,토피,[2PACK] 원턱 하프 스웻 팬츠,https://image.msscdn.net/images/goods_img/20230522/3314355/3314355_17818589719758_500.jpg,False
2024-01,M,003009,숏 팬츠,003,바지,20,3245228,trillion,트릴리온,레인 슬럽 투턱 버뮤다 데님 쇼츠 (INDIGO),https://image.msscdn.net/images/goods_img/20230419/3245228/3245228_16835272427086_500.jpg,False
2024-01,M,003009,숏 팬츠,003,바지,21,371617,dyclez,다이클레즈,[2PACK] Ver.2 클래식밴딩반바지 9종 2PACK KHSP0427,https://image.msscdn.net/images/goods_img/20160616/371617/371617_4_500.jpg,False
2024-01,M,003009,숏 팬츠,003,바지,22,3283617,waydn,웨이든,[2PACK]부스트 5인치 숏 팬츠,https://image.msscdn.net/images/goods_img/20230509/3283617/3283617_17222211341397_500.png,False
2024-01,M,003009,숏 팬츠,003,바지,23,2753735,hadex,에이치덱스,액티브 서포트 쇼츠,https://image.msscdn.net/images/goods_img/20220830/2753735/2753735_16868139522096_500.jpg,False
2024-01,M,003009,숏 팬츠,003,바지,24,1926032,xero,제로,Deep One Tuck Sweat Shorts [White Grey],https://image.msscdn.net/images/goods_img/20210428/1926032/1926032_1_500.jpg,False
2024-01,M,003009,숏 팬츠,003,바지,25,2467287,hadex,에이치덱스,메인로고 웨일 쇼츠,https://image.msscdn.net/images/goods_img/20220405/2467287/2467287_17522115112632_500.jpg,False
2024-01,M,003009,숏 팬츠,003,바지,26,2734431,hugvone,허그본,드라이 숏팬츠 3컬러,https://image.msscdn.net/images/goods_img/20220823/2734431/2734431_17787411286055_500.jpg,False
2024-01,M,003009,숏 팬츠,003,바지,27,1344489,poloralphlauren,폴로 랄프 로렌,클래식 핏 폴로 프렙스터 - 화이트,https://image.msscdn.net/images/goods_img/20200311/1344489/1344489_4_500.jpg,False
2024-01,M,003009,숏 팬츠,003,바지,28,3140181,fluke,플루크,버뮤다 데님 하프팬츠 라이트블루 FSP110,https://image.msscdn.net/images/goods_img/20230310/3140181/3140181_16784285692993_500.jpg,False
2024-01,M,003009,숏 팬츠,003,바지,29,3395016,hugvone,허그본,플로우 데일리 8부 버뮤다 팬츠 2컬러,https://image.msscdn.net/images/goods_img/20230705/3395016/3395016_17150439570183_500.jpg,False
2024-01,M,003009,숏 팬츠,003,바지,30,3487221,volante,볼란테,Daily Banding Squat Pants [White],https://image.msscdn.net/images/goods_img/20230822/3487221/3487221_17230144393292_500.jpg,False
2024-01,M,003005,레깅스,003,바지,1,3487482,volante,볼란테,Daily Leggings Pants [Black],https://image.msscdn.net/images/goods_img/20230822/3487482/3487482_17484841422034_500.jpg,False
2024-01,M,003005,레깅스,003,바지,2,1772551,underarmour,언더아머,히트기어 아머 레깅스 1361586-001,https://image.msscdn.net/images/goods_img/20210202/1772551/1772551_1_500.jpg,False
2024-01,M,003005,레깅스,003,바지,3,3123897,hadex,에이치덱스,밸런스 쇼츠 4 color,https://image.msscdn.net/images/goods_img/20230306/3123897/3123897_16780732955195_500.jpg,False
2024-01,M,003005,레깅스,003,바지,4,3720910,bysec,바이젝,우븐스판 머슬 브레이커 팬츠,https://image.msscdn.net/images/goods_img/20231117/3720910/3720910_17653319647389_500.jpg,False
2024-01,M,003005,레깅스,003,바지,5,3487631,volante,볼란테,Hybrid Jogger Leggings Pants [Black],https://image.msscdn.net/images/goods_img/20230822/3487631/3487631_16933728598166_500.jpg,False
2024-01,M,003005,레깅스,003,바지,6,3556917,spao,스파오,[웜테크] 남성 타이즈_SPXVDAVU04,https://image.msscdn.net/images/goods_img/20230913/3556917/3556917_16957700156686_500.jpg,False
2024-01,M,003005,레깅스,003,바지,7,2382888,sumnfit,썸앤핏,로고 9부 컴프레션 레깅스,https://image.msscdn.net/images/goods_img/20220224/2382888/2382888_1_500.jpg,False
2024-01,M,003005,레깅스,003,바지,8,3487577,volante,볼란테,Hybrid Jogger Leggings Pants [Dark Gray],https://image.msscdn.net/images/goods_img/20230822/3487577/3487577_16933727215381_500.jpg,False
2024-01,M,003005,레깅스,003,바지,9,3487480,volante,볼란테,Daily Leggings Pants [Dark Gray],https://image.msscdn.net/images/goods_img/20230822/3487480/3487480_16933710177897_500.jpg,False
2024-01,M,003005,레깅스,003,바지,10,3487444,volante,볼란테,Daily Leggings Pants [Navy],https://image.msscdn.net/images/goods_img/20230822/3487444/3487444_16933704647744_500.jpg,False
2024-01,M,003005,레깅스,003,바지,11,3621821,physicalgarments,피지컬가먼츠,P9027 윈터 데일리 기모 조깅스 [블랙],https://image.msscdn.net/images/goods_img/20231012/3621821/3621821_16970892419588_500.jpg,False
2024-01,M,003005,레깅스,003,바지,12,3056186,musinsastandardsp,무신사 스탠다드 스포츠,짐 컴프레션 레깅스 [다크그레이],https://image.msscdn.net/images/goods_img/20230202/3056186/3056186_17415899942688_500.jpg,False
2024-01,M,003005,레깅스,003,바지,13,3327737,fcmmsport,에프씨엠엠 스포츠,프로 워밍업 타이즈 - 블랙,https://image.msscdn.net/images/goods_img/20230526/3327737/3327737_16850674459387_500.jpg,False
2024-01,M,003005,레깅스,003,바지,14,2885814,giordano,지오다노,지워머 타이즈 219910 [black],https://image.msscdn.net/images/goods_img/20221024/2885814/2885814_3_500.jpg,False
2024-01,M,003005,레깅스,003,바지,15,1519455,lazybee,레이지비,컴팩트 멀티 스포츠 하의 (짐웨어 러닝 워터) 남녀 M 투인원 레깅스 팬츠(3컬러),https://image.msscdn.net/images/goods_img/20200717/1519455/1519455_17781356542106_500.jpg,False
2024-01,M,003005,레깅스,003,바지,16,2383509,sumnfit,썸앤핏,올인원 쇼츠 레깅스 9부,https://image.msscdn.net/images/goods_img/20220224/2383509/2383509_1_500.jpg,False
2024-01,M,003005,레깅스,003,바지,17,1586602,skullpig,스컬피그,SAM6001 디펜스 바디 레깅스 블랙,https://image.msscdn.net/images/goods_img/20200907/1586602/1586602_2_500.jpg,False
2024-01,M,003005,레깅스,003,바지,18,2922344,physicalgarments,피지컬가먼츠,P7018 데일리 조깅스[블랙],https://image.msscdn.net/images/goods_img/20221104/2922344/2922344_1_500.jpg,False
2024-01,M,003005,레깅스,003,바지,19,3487574,volante,볼란테,Hybrid Jogger Leggings Pants [Navy],https://image.msscdn.net/images/goods_img/20230822/3487574/3487574_16933725822944_500.jpg,False
2024-01,M,003005,레깅스,003,바지,20,3528015,gbro,짐브로,[2PACK] 짐브로 액티브 스포츠 레깅스,https://image.msscdn.net/images/goods_img/20230904/3528015/3528015_17140945643864_500.png,False
2024-01,M,003005,레깅스,003,바지,21,2281071,andar,안다르,에어웜 맨즈 기모 퍼포먼스 레깅스,https://image.msscdn.net/images/goods_img/20211223/2281071/2281071_3_500.jpg,False
2024-01,M,003005,레깅스,003,바지,22,3127245,skullpig,스컬피그,[SML23019-01] 올데이 맨즈 투인원 레깅스 블랙,https://image.msscdn.net/images/goods_img/20230307/3127245/3127245_16781570576726_500.jpg,False
2024-01,M,003005,레깅스,003,바지,23,2710137,underarmour,언더아머,히트기어 아머 레깅스 반바지 1361602-001,https://image.msscdn.net/images/goods_img/20220810/2710137/2710137_1_500.jpg,False
2024-01,M,003005,레깅스,003,바지,24,3275810,waydn,웨이든,베이직 이너 타이즈 블랙,https://image.msscdn.net/images/goods_img/20230503/3275810/3275810_17089282121720_500.png,False
2024-01,M,003005,레깅스,003,바지,25,3491725,underarmour,언더아머,프로젝트 락 ArmourPrint 레깅스 1378581-558,https://image.msscdn.net/images/goods_img/20230823/3491725/3491725_16927757516221_500.jpg,False
2024-01,M,003005,레깅스,003,바지,26,3610484,airit,에어릿,래딜런 컴프레션 4부 타이즈 AM3036 BK,https://image.msscdn.net/images/goods_img/20231006/3610484/3610484_17165198155647_500.jpg,False
2024-01,M,003005,레깅스,003,바지,27,3111102,gbro,짐브로,액티브 스포츠 레깅스,https://image.msscdn.net/images/goods_img/20230227/3111102/3111102_17156487150823_500.jpg,False
2024-01,M,003005,레깅스,003,바지,28,3058620,gbro,짐브로,짐브로 올데이 에어리 조거팬츠,https://image.msscdn.net/images/goods_img/20230203/3058620/3058620_17156494832168_500.jpg,False
2024-01,M,003005,레깅스,003,바지,29,3324624,ufcsport,유에프씨 스포츠,UFC 프로 맨즈 레깅스 (M) 블랙 U4TGU1101BK,https://image.msscdn.net/images/goods_img/20230525/3324624/3324624_16849904490002_500.jpg,False
2024-01,M,003005,레깅스,003,바지,30,3056212,musinsastandardsp,무신사 스탠다드 스포츠,[쿨탠스] 짐 하이브리드 레깅스 팬츠 (2color),https://image.msscdn.net/images/goods_img/20230202/3056212/3056212_17434000375192_500.jpg,False
2024-01,M,003010,점프 슈트/오버올,003,바지,1,3572688,dimito,디미토,BLOCK ES JUMPSUIT BLACK,https://image.msscdn.net/images/goods_img/20230919/3572688/3572688_16970895955600_500.jpg,False
2024-01,M,003010,점프 슈트/오버올,003,바지,2,3751062,dollouterwear,돌아우터웨어,[DOLL X FOGUS]2324 워크 스노우보드복 점프슈트 아이보리 남녀공용 보드복자켓 보드복팬츠,https://image.msscdn.net/images/goods_img/20231211/3751062/3751062_17022431850736_500.jpg,False
2024-01,M,003010,점프 슈트/오버올,003,바지,3,2063625,philogram,필로그램,PLG 데님 점프수트(Blue),https://image.msscdn.net/images/goods_img/20210813/2063625/2063625_16945900853647_500.jpg,False
2024-01,M,003010,점프 슈트/오버올,003,바지,4,3751066,dollouterwear,돌아우터웨어,[DOLL X FOGUS]2324 워크 스노우보드복 점프슈트 블랙 남녀공용 보드복자켓 보드복팬츠,https://image.msscdn.net/images/goods_img/20231211/3751066/3751066_17022433861310_500.jpg,False
2024-01,M,003010,점프 슈트/오버올,003,바지,5,3572684,dimito,디미토,BLOCK ES JUMPSUIT DEEP IVORY,https://image.msscdn.net/images/goods_img/20230919/3572684/3572684_16970891374570_500.jpg,False
2024-01,M,003010,점프 슈트/오버올,003,바지,6,3751059,dollouterwear,돌아우터웨어,2324 브이라인 스노우보드복  점프슈트 다크 그린 남녀공용 보드복자켓 보드복팬츠,https://image.msscdn.net/images/goods_img/20231211/3751059/3751059_17022429788559_500.jpg,False
2024-01,M,003010,점프 슈트/오버올,003,바지,7,3751056,dollouterwear,돌아우터웨어,2324 브이라인 스노우보드복  점프슈트  남녀공용 보드복자켓 보드복팬츠,https://image.msscdn.net/images/goods_img/20231211/3751056/3751056_17022428430516_500.jpg,False
2024-01,M,003010,점프 슈트/오버올,003,바지,8,1755339,instay,인스테이,빕 멜빵 보드복 팬츠,https://image.msscdn.net/images/goods_img/20210120/1755339/1755339_1_500.jpg,False
2024-01,M,003010,점프 슈트/오버올,003,바지,9,3751065,dollouterwear,돌아우터웨어,[DOLL X FOGUS]2324 워크 스노우보드복 점프슈트 카키 남녀공용 보드복자켓 보드복팬츠,https://image.msscdn.net/images/goods_img/20231211/3751065/3751065_17022432926526_500.jpg,False
2024-01,M,003010,점프 슈트/오버올,003,바지,10,3632065,dimito,디미토,OWN HIDE (VTX X IX9) RECCO BIB PANTS BLACK,https://image.msscdn.net/images/goods_img/20231017/3632065/3632065_16976888914418_500.jpg,False
2024-01,M,003010,점프 슈트/오버올,003,바지,11,3498066,thisisneverthat,디스이즈네버댓,GORE-TEX 3L Overall Grey,https://image.msscdn.net/images/goods_img/20230825/3498066/3498066_16932995849761_500.jpg,False
2024-01,M,003010,점프 슈트/오버올,003,바지,12,3498067,thisisneverthat,디스이즈네버댓,GORE-TEX 3L Overall Black,https://image.msscdn.net/images/goods_img/20230825/3498067/3498067_16932995808397_500.jpg,False
2024-01,M,003010,점프 슈트/오버올,003,바지,13,3751060,dollouterwear,돌아우터웨어,2324 브이라인 스노우보드복 점프슈트 베이지 남녀공용 보드복자켓 보드복팬츠,https://image.msscdn.net/images/goods_img/20231211/3751060/3751060_17022430278032_500.jpg,False
2024-01,M,003010,점프 슈트/오버올,003,바지,14,3732463,kareta,카레타,루나 빕 팬츠,https://image.msscdn.net/images/goods_img/20231124/3732463/3732463_17008929867099_500.jpg,False
2024-01,M,003010,점프 슈트/오버올,003,바지,15,2940620,yobeat,요비트,버논 빕 팬츠 크림,https://image.msscdn.net/images/goods_img/20221114/2940620/2940620_1_500.jpg,False
2024-01,M,003010,점프 슈트/오버올,003,바지,16,2940598,yobeat,요비트,버논 빕 팬츠 그레이,https://image.msscdn.net/images/goods_img/20221114/2940598/2940598_1_500.jpg,False
2024-01,M,003010,점프 슈트/오버올,003,바지,17,3704717,blent,블렌트,Camper Jumpsuit Khaki,https://image.msscdn.net/images/goods_img/20231112/3704717/3704717_17000230254014_500.jpg,False
2024-01,M,003010,점프 슈트/오버올,003,바지,18,944501,thestori,더스토리,논페이드 데님 오버롤 멜빵 팬츠 [블루],https://image.msscdn.net/images/goods_img/20190130/944501/944501_17617811599957_500.jpg,False
2024-01,M,003010,점프 슈트/오버올,003,바지,19,3242186,bendavis,벤 데이비스,오리지널 오버롤 데님,https://image.msscdn.net/images/goods_img/20230418/3242186/3242186_16825751527307_500.jpg,False
2024-01,M,003010,점프 슈트/오버올,003,바지,20,2160836,smitharmor,스미스아머,SA 데님 벨티드 점프수트_미디엄인디고,https://image.msscdn.net/images/goods_img/20211004/2160836/2160836_1_500.jpg,False
2024-01,M,003010,점프 슈트/오버올,003,바지,21,3696577,instay,인스테이,인스테이 OZ 점프슈트 보드복,https://image.msscdn.net/images/goods_img/20231108/3696577/3696577_17326886784315_500.jpg,False
2024-01,M,003010,점프 슈트/오버올,003,바지,22,2831049,smitharmor,스미스아머,SA 엑티브 조거핏 점프수트_딥카키,https://image.msscdn.net/images/goods_img/20220929/2831049/2831049_1_500.jpg,False
2024-01,M,003010,점프 슈트/오버올,003,바지,23,3775254,levis,리바이스,워크웨어 빕 오버롤_A5757-0000,https://image.msscdn.net/images/goods_img/20240104/3775254/3775254_17043384541845_500.jpg,False
2024-01,M,003010,점프 슈트/오버올,003,바지,24,1359378,thestori,더스토리,데님 오버롤 멜빵 팬츠 [중청],https://image.msscdn.net/images/goods_img/20200319/1359378/1359378_17617810274653_500.jpg,False
2024-01,M,003010,점프 슈트/오버올,003,바지,25,3744980,boldest,볼디스트,[O2] 워크 데님 커버올 2APAX23073IND,https://image.msscdn.net/images/goods_img/20231205/3744980/3744980_17017590872173_500.jpg,False
2024-01,M,003010,점프 슈트/오버올,003,바지,26,3242184,bendavis,벤 데이비스,오리지널 오버롤 블랙,https://image.msscdn.net/images/goods_img/20230418/3242184/3242184_16825750601905_500.jpg,False
2024-01,M,003010,점프 슈트/오버올,003,바지,27,2786874,dickies,디키즈,피셔 스트라이프 커버롤,https://image.msscdn.net/images/goods_img/20220913/2786874/2786874_1_500.jpg,False
2024-01,M,003010,점프 슈트/오버올,003,바지,28,3055501,celsius1,셀시우스,히든 점프슈트 Y베이지,https://image.msscdn.net/images/goods_img/20230202/3055501/3055501_16945974064755_500.jpg,False
2024-01,M,003010,점프 슈트/오버올,003,바지,29,3572687,dimito,디미토,BLOCK ES JUMPSUIT PALE MINT,https://image.msscdn.net/images/goods_img/20230919/3572687/3572687_16970893087821_500.jpg,False
2024-01,M,003010,점프 슈트/오버올,003,바지,30,3417339,offroad,오프로드,나일론 스판 에센셜점프수트_5I52901,https://image.msscdn.net/images/goods_img/20230720/3417339/3417339_16898287867438_500.jpg,False
2024-01,M,003006,기타 하의,003,바지,1,3404705,musinsastandard,무신사 스탠다드,시티 레저 CN 와이드 벨티드 파라슈트 팬츠 [블랙],https://image.msscdn.net/images/goods_img/20230712/3404705/3404705_17134029927665_500.jpg,False
2024-01,M,003006,기타 하의,003,바지,2,2998236,fp142muji,페플,미드웨일 코듀로이 와이드 팬츠 8종 브라운 SJLP1382,https://image.msscdn.net/images/goods_img/20221227/2998236/2998236_1_500.jpg,False
2024-01,M,003006,기타 하의,003,바지,3,3378547,musinsastandard,무신사 스탠다드,원 턱 와이드 코듀로이 밴딩 팬츠 [크림],https://image.msscdn.net/images/goods_img/20230622/3378547/3378547_16964956376203_500.jpg,False
2024-01,M,003006,기타 하의,003,바지,4,3378548,musinsastandard,무신사 스탠다드,원 턱 와이드 코듀로이 밴딩 팬츠 [블랙],https://image.msscdn.net/images/goods_img/20230622/3378548/3378548_16964957452358_500.jpg,False
2024-01,M,003006,기타 하의,003,바지,5,3404706,musinsastandard,무신사 스탠다드,시티 레저 CN 와이드 벨티드 파라슈트 팬츠 [그레이쉬 베이지],https://image.msscdn.net/images/goods_img/20230712/3404706/3404706_17134029698179_500.jpg,False
2024-01,M,003006,기타 하의,003,바지,6,3411543,musinsastandard,무신사 스탠다드,속기모 나일론 와이드 스트링 팬츠 [블랙],https://image.msscdn.net/images/goods_img/20230717/3411543/3411543_16952621327918_500.jpg,False
2024-01,M,003006,기타 하의,003,바지,7,3666391,adidas,아디다스,카고 팬츠 M - 블랙 / IY9495,https://image.msscdn.net/images/goods_img/20231029/3666391/3666391_16987392929166_500.jpg,False
2024-01,M,003006,기타 하의,003,바지,8,3459853,outstanding,아웃스탠딩,HIKING BELTED PANTS_GREEN,https://image.msscdn.net/images/goods_img/20230810/3459853/3459853_17393217030944_500.jpg,False
2024-01,M,003006,기타 하의,003,바지,9,3459852,outstanding,아웃스탠딩,HIKING BELTED PANTS_BLACK,https://image.msscdn.net/images/goods_img/20230810/3459852/3459852_17393216198870_500.jpg,False
2024-01,M,003006,기타 하의,003,바지,10,3411538,musinsastandard,무신사 스탠다드,나일론 파라슈트 팬츠 [블랙],https://image.msscdn.net/images/goods_img/20230717/3411538/3411538_16938694187008_500.jpg,False
2024-01,M,003006,기타 하의,003,바지,11,3459855,outstanding,아웃스탠딩,HIKING BELTED PANTS_KHAKI,https://image.msscdn.net/images/goods_img/20230810/3459855/3459855_17393217681503_500.jpg,False
2024-01,M,003006,기타 하의,003,바지,12,3378549,musinsastandard,무신사 스탠다드,원 턱 와이드 코듀로이 밴딩 팬츠 [브라운],https://image.msscdn.net/images/goods_img/20230622/3378549/3378549_16964958322532_500.jpg,False
2024-01,M,003006,기타 하의,003,바지,13,3191907,not4nerd,낫포너드,Ripstop Utility Cargo Pants - Khaki,https://image.msscdn.net/images/goods_img/20230329/3191907/3191907_16823006787773_500.jpg,False
2024-01,M,003006,기타 하의,003,바지,14,3411996,lundhags,룬닥스,마케 팬츠 Short 남성,https://image.msscdn.net/images/goods_img/20230717/3411996/3411996_17497939151972_500.jpg,False
2024-01,M,003006,기타 하의,003,바지,15,3480195,coor,쿠어,유틸리티 지퍼 플랩 팬츠 (블랙),https://image.msscdn.net/images/goods_img/20230821/3480195/3480195_16929424544736_500.jpg,False
2024-01,M,003006,기타 하의,003,바지,16,3672750,ruggedhouse,러기드하우스,컴포트 코듀로이 밴딩 와이드팬츠 브라운,https://image.msscdn.net/images/goods_img/20231031/3672750/3672750_16987333663296_500.jpg,False
2024-01,M,003006,기타 하의,003,바지,17,3146999,goyowear,고요웨어,라이트 이지 팬츠(블랙),https://image.msscdn.net/images/goods_img/20230314/3146999/3146999_17416854037625_500.jpg,False
2024-01,M,003006,기타 하의,003,바지,18,3609710,xtonz,엑스톤즈,XP180 워싱 코듀로이 카고 파라슈트 팬츠 (BROWN),https://image.msscdn.net/images/goods_img/20231006/3609710/3609710_16969256053916_500.jpg,False
2024-01,M,003006,기타 하의,003,바지,19,3400456,1993studio,1993스튜디오,와이드 카고 파라슈트 팬츠_블랙,https://image.msscdn.net/images/goods_img/20230710/3400456/3400456_16965694962796_500.jpg,False
2024-01,M,003006,기타 하의,003,바지,20,3673180,signature,시그니처,코듀로이 원턱 와이드 팬츠[브라운],https://image.msscdn.net/images/goods_img/20231031/3673180/3673180_17001363630776_500.jpg,False
2024-01,M,003006,기타 하의,003,바지,21,3428496,arcteryx,아크테릭스,[SS23] 람파트 팬츠 남성,https://image.msscdn.net/images/goods_img/20230726/3428496/3428496_16910198885360_500.jpg,False
2024-01,M,003006,기타 하의,003,바지,22,2341898,sperone,스페로네,플로우 라인 레더 팬츠 맨 (블랙),https://image.msscdn.net/images/goods_img/20220204/2341898/2341898_1_500.jpg,False
2024-01,M,003006,기타 하의,003,바지,23,2353275,anglan,앵글런,Field Vijo Balloon Pants - Khaki,https://image.msscdn.net/images/goods_img/20220210/2353275/2353275_17654208118177_500.jpg,False
2024-01,M,003006,기타 하의,003,바지,24,2869021,signature,시그니처,코듀로이 투웨이 밴딩 팬츠[블랙],https://image.msscdn.net/images/goods_img/20221017/2869021/2869021_1_500.jpg,False
2024-01,M,003006,기타 하의,003,바지,25,2308347,nationalgeographic,내셔널지오그래픽,내셔널지오그래픽 N221MPT906 시티 캐주얼 오버 배기핏 팬츠 CARBON BLACK,https://image.msscdn.net/images/goods_img/20220114/2308347/2308347_1_500.jpg,False
2024-01,M,003006,기타 하의,003,바지,26,3438991,travel,트래블,워크샵 나일론 벌룬 팬츠,https://image.msscdn.net/images/goods_img/20230801/3438991/3438991_17346545143515_500.jpg,False
2024-01,M,003006,기타 하의,003,바지,27,3621108,signature,시그니처,폴라폴리스 밴딩 이지 팬츠[블랙],https://image.msscdn.net/images/goods_img/20231012/3621108/3621108_16981214178241_500.jpg,False
2024-01,M,003006,기타 하의,003,바지,28,3666390,adidas,아디다스,카고 팬츠 M - 카키 / IY9496,https://image.msscdn.net/images/goods_img/20231029/3666390/3666390_16987393278932_500.jpg,False
2024-01,M,003006,기타 하의,003,바지,29,3400509,1993studio,1993스튜디오,더블 스티치 와이드 팬츠_블랙,https://image.msscdn.net/images/goods_img/20230710/3400509/3400509_16965694053554_500.jpg,False
2024-01,M,003006,기타 하의,003,바지,30,3613920,xtonz,엑스톤즈,XP180 워싱 코듀로이 카고 파라슈트 팬츠 (DARK NAVY),https://image.msscdn.net/images/goods_img/20231010/3613920/3613920_16969255662227_500.jpg,False
2024-01,F,001,상의,,,1,3675284,likethemost,라이크더모스트,소프트 LTMT 오버 후디 (블루),https://image.msscdn.net/images/goods_img/20231101/3675284/3675284_16988076050754_500.jpg,False
2024-01,F,001,상의,,,2,3540248,thisisneverthat,디스이즈네버댓,(FW23) T-Logo Hoodie Heather Grey,https://image.msscdn.net/images/goods_img/20230907/3540248/3540248_16945804828166_500.jpg,False
2024-01,F,001,상의,,,3,2995119,trillion,트릴리온,컬러 배색 1992 그래픽 후드 (NAVY),https://image.msscdn.net/images/goods_img/20221223/2995119/2995119_1_500.jpg,False
2024-01,F,001,상의,,,4,3640949,trillion,트릴리온,워셔블 아란 케이블 후드 집업 니트 (CHARCOAL),https://image.msscdn.net/images/goods_img/20231019/3640949/3640949_17170490257806_500.jpg,False
2024-01,F,001,상의,,,5,3682659,compagno,꼼파뇨,Cheesy Bunny 레글런 피그먼트 맨투맨 더스티핑크,https://image.msscdn.net/images/goods_img/20231103/3682659/3682659_17725894503596_500.jpg,False
2024-01,F,001,상의,,,6,3414911,partimentowomen,파르티멘토 우먼,더블 레이어드 하이넥 티_5컬러,https://image.msscdn.net/images/goods_img/20230719/3414911/3414911_17609263119929_500.jpg,False
2024-01,F,001,상의,,,7,2990516,1989standard,1989스탠다드,RV_OUR 1989 후드 (STHSTD-0004),https://image.msscdn.net/images/goods_img/20221220/2990516/2990516_17865211299718_500.jpg,False
2024-01,F,001,상의,,,8,3515388,glowny,글로니,ISA ASYMMETRICAL KNIT TOP (OATMEAL),https://image.msscdn.net/images/goods_img/20230830/3515388/3515388_16970207235930_500.jpg,False
2024-01,F,001,상의,,,9,2144379,gainsboro,게인스보로,[SET] 로럴골든 후드티 조거팬츠 셋업_(8color),https://image.msscdn.net/images/goods_img/20210924/2144379/2144379_17313722494957_500.jpg,False
2024-01,F,001,상의,,,10,2722805,brownbreath,브라운브레스,TAG OG HOODIE - BURGUNDY,https://image.msscdn.net/images/goods_img/20220817/2722805/2722805_17685233788556_500.jpg,False
2024-01,F,001,상의,,,11,2970542,slowacid,슬로우애시드,피치스킨 러스티 로고 스웨트셔츠 [웜그레이],https://image.msscdn.net/images/goods_img/20221202/2970542/2970542_17670717045336_500.jpg,False
2024-01,F,001,상의,,,12,2970541,slowacid,슬로우애시드,피치스킨 러스티 로고 스웨트셔츠 [블랙],https://image.msscdn.net/images/goods_img/20221202/2970541/2970541_17253267722324_500.jpg,False
2024-01,F,001,상의,,,13,2877493,compagno,꼼파뇨,크래킹 스냅 레글런 후드티 블랙,https://image.msscdn.net/images/goods_img/20221019/2877493/2877493_1_500.jpg,False
2024-01,F,001,상의,,,14,3540245,thisisneverthat,디스이즈네버댓,(FW23) T-Logo Hoodie Black,https://image.msscdn.net/images/goods_img/20230907/3540245/3540245_16945806386109_500.jpg,False
2024-01,F,001,상의,,,15,2970544,slowacid,슬로우애시드,피치스킨 러스티 로고 스웨트셔츠 [딥블루],https://image.msscdn.net/images/goods_img/20221202/2970544/2970544_2_500.jpg,False
2024-01,F,001,상의,,,16,2990274,1989standard,1989스탠다드,SMALL CENTER 맨투맨 (STMSTD-0015),https://image.msscdn.net/images/goods_img/20221220/2990274/2990274_17865180516439_500.jpg,False
2024-01,F,001,상의,,,17,2913656,filluminate,필루미네이트,오버핏 그래피티 로고 후디-멜란지그레이,https://image.msscdn.net/images/goods_img/20221101/2913656/2913656_17593846033133_500.jpg,False
2024-01,F,001,상의,,,18,3650001,partimentowomen,파르티멘토 우먼,릴리 부클 니트 스웨터_차콜,https://image.msscdn.net/images/goods_img/20231023/3650001/3650001_16983851203615_500.jpg,False
2024-01,F,001,상의,,,19,2697813,prendafromplant,프렌다,PRDA DENIM PATCH CREWNECK SHIRT BLACK,https://image.msscdn.net/images/goods_img/20220804/2697813/2697813_16759892051756_500.jpg,False
2024-01,F,001,상의,,,20,3026606,filluminate,필루미네이트,오버핏 그래피티 로고 후디-오트밀,https://image.msscdn.net/images/goods_img/20230116/3026606/3026606_16740279087820_500.jpg,False
2024-01,F,001,상의,,,21,3679129,yale,예일,(23FW) EMBROIDERY UNIVERSITY DAN CREWNECK NAVY,https://image.msscdn.net/images/goods_img/20231102/3679129/3679129_16989048904341_500.jpg,False
2024-01,F,001,상의,,,22,3463299,yale,예일,투톤아치 후드_블랙,https://image.msscdn.net/images/goods_img/20230814/3463299/3463299_17558301091052_500.jpg,False
2024-01,F,001,상의,,,23,2114307,prendafromplant,프렌다,MAIN LOGO CROP COLLARED SWEATSHIRT HEATHER GRAY,https://image.msscdn.net/images/goods_img/20210907/2114307/2114307_1_500.jpg,False
2024-01,F,001,상의,,,24,3463298,yale,예일,투톤아치 후드_그레이,https://image.msscdn.net/images/goods_img/20230814/3463298/3463298_17362154315362_500.jpg,False
2024-01,F,001,상의,,,25,2058188,brownbreath,브라운브레스,TAG OG HOODIE - BLACK,https://image.msscdn.net/images/goods_img/20210811/2058188/2058188_17685234537443_500.jpg,False
2024-01,F,001,상의,,,26,876284,filluminate,필루미네이트,[블랙]SET B-스테디 하프 폴라넥,https://image.msscdn.net/images/goods_img/20181010/876284/876284_17156659533611_500.jpg,False
2024-01,F,001,상의,,,27,3603793,lee,리,[22FW] 빅 트위치 루즈핏 맨투맨 NAVY,https://image.msscdn.net/images/goods_img/20231005/3603793/3603793_16964696050571_500.jpg,False
2024-01,F,001,상의,,,28,3641838,likethemost,라이크더모스트,어웨이엘티엠 오버핏 후디 오트밀,https://image.msscdn.net/images/goods_img/20231019/3641838/3641838_16976994683590_500.jpg,False
2024-01,F,001,상의,,,29,3515420,glowny,글로니,ISA ASYMMETRICAL KNIT TOP (GRAY),https://image.msscdn.net/images/goods_img/20230830/3515420/3515420_16970202006972_500.jpg,False
2024-01,F,001,상의,,,30,3539913,dimitriblack,디미트리블랙,2WAY 헤비웨이트 케이블 니트 후드 집업_오트밀,https://image.msscdn.net/images/goods_img/20230907/3539913/3539913_17313973147860_500.jpg,False
2024-01,F,001005,맨투맨/스웨트,001,상의,1,3682659,compagno,꼼파뇨,Cheesy Bunny 레글런 피그먼트 맨투맨 더스티핑크,https://image.msscdn.net/images/goods_img/20231103/3682659/3682659_17725894503596_500.jpg,False
2024-01,F,001005,맨투맨/스웨트,001,상의,2,2970542,slowacid,슬로우애시드,피치스킨 러스티 로고 스웨트셔츠 [웜그레이],https://image.msscdn.net/images/goods_img/20221202/2970542/2970542_17670717045336_500.jpg,False
2024-01,F,001005,맨투맨/스웨트,001,상의,3,2970541,slowacid,슬로우애시드,피치스킨 러스티 로고 스웨트셔츠 [블랙],https://image.msscdn.net/images/goods_img/20221202/2970541/2970541_17253267722324_500.jpg,False
2024-01,F,001005,맨투맨/스웨트,001,상의,4,2970544,slowacid,슬로우애시드,피치스킨 러스티 로고 스웨트셔츠 [딥블루],https://image.msscdn.net/images/goods_img/20221202/2970544/2970544_2_500.jpg,False
2024-01,F,001005,맨투맨/스웨트,001,상의,5,2990274,1989standard,1989스탠다드,SMALL CENTER 맨투맨 (STMSTD-0015),https://image.msscdn.net/images/goods_img/20221220/2990274/2990274_17865180516439_500.jpg,False
2024-01,F,001005,맨투맨/스웨트,001,상의,6,2697813,prendafromplant,프렌다,PRDA DENIM PATCH CREWNECK SHIRT BLACK,https://image.msscdn.net/images/goods_img/20220804/2697813/2697813_16759892051756_500.jpg,False
2024-01,F,001005,맨투맨/스웨트,001,상의,7,3679129,yale,예일,(23FW) EMBROIDERY UNIVERSITY DAN CREWNECK NAVY,https://image.msscdn.net/images/goods_img/20231102/3679129/3679129_16989048904341_500.jpg,False
2024-01,F,001005,맨투맨/스웨트,001,상의,8,2114307,prendafromplant,프렌다,MAIN LOGO CROP COLLARED SWEATSHIRT HEATHER GRAY,https://image.msscdn.net/images/goods_img/20210907/2114307/2114307_1_500.jpg,False
2024-01,F,001005,맨투맨/스웨트,001,상의,9,3603793,lee,리,[22FW] 빅 트위치 루즈핏 맨투맨 NAVY,https://image.msscdn.net/images/goods_img/20231005/3603793/3603793_16964696050571_500.jpg,False
2024-01,F,001005,맨투맨/스웨트,001,상의,10,3586427,likethemost,라이크더모스트,라이크모스트 링스타 오버핏 스웨트셔츠 블랙,https://image.msscdn.net/images/goods_img/20230922/3586427/3586427_16953508215678_500.jpg,False
2024-01,F,001005,맨투맨/스웨트,001,상의,11,3679136,yale,예일,(23FW) EMBROIDERY UNIVERSITY DAN CREWNECK GRAY,https://image.msscdn.net/images/goods_img/20231102/3679136/3679136_16989050113141_500.jpg,False
2024-01,F,001005,맨투맨/스웨트,001,상의,12,2338457,bittercells,비터셀즈,하트 벌룬 스웻 셔츠-3 Colors,https://image.msscdn.net/images/goods_img/20220203/2338457/2338457_17254400814620_500.jpg,False
2024-01,F,001005,맨투맨/스웨트,001,상의,13,2313388,1993studio,1993스튜디오,90S 트랙 스웨트셔츠_그레이,https://image.msscdn.net/images/goods_img/20220118/2313388/2313388_17592092127579_500.jpg,False
2024-01,F,001005,맨투맨/스웨트,001,상의,14,2803824,twn,티떠블유엔,웰던 맨투맨 마운틴그린 STMT3466,https://image.msscdn.net/images/goods_img/20220920/2803824/2803824_1_500.jpg,False
2024-01,F,001005,맨투맨/스웨트,001,상의,15,3056893,compagno,꼼파뇨,슈팅 로고 레글런 스웨트셔츠 베이지브라운,https://image.msscdn.net/images/goods_img/20230202/3056893/3056893_16759355110509_500.jpg,False
2024-01,F,001005,맨투맨/스웨트,001,상의,16,2725585,slowacid,슬로우애시드,블러리 로고 스웨트셔츠 [블랙],https://image.msscdn.net/images/goods_img/20220818/2725585/2725585_17253271594882_500.jpg,False
2024-01,F,001005,맨투맨/스웨트,001,상의,17,2338460,bittercells,비터셀즈,하트 벌룬 스웻 셔츠-네이비,https://image.msscdn.net/images/goods_img/20220203/2338460/2338460_1_500.jpg,False
2024-01,F,001005,맨투맨/스웨트,001,상의,18,1557508,ebbetsfield,이벳필드,베츠 어센틱 맨투맨 그레이,https://image.msscdn.net/images/goods_img/20200820/1557508/1557508_17036407795824_500.jpg,False
2024-01,F,001005,맨투맨/스웨트,001,상의,19,2848081,rosefrantz,로제프란츠,Classic Flower MTM [Black],https://image.msscdn.net/images/goods_img/20221007/2848081/2848081_1_500.jpg,False
2024-01,F,001005,맨투맨/스웨트,001,상의,20,3471299,mardimercredi,마르디 메크르디,SWEATSHIRT FLOWERMARDI_BLACK PINK,https://image.msscdn.net/images/goods_img/20230817/3471299/3471299_16922479398161_500.jpg,False
2024-01,F,001005,맨투맨/스웨트,001,상의,21,3522982,aeae,에이이에이이,Flashed Cats Eye Boucle Sweatshirts -[BLACK],https://image.msscdn.net/images/goods_img/20230901/3522982/3522982_16989940614154_500.jpg,False
2024-01,F,001005,맨투맨/스웨트,001,상의,22,1549281,mardimercredi,마르디 메크르디,SWEATSHIRT FLOWERMARDI_OATMEAL BLACK,https://image.msscdn.net/images/goods_img/20200814/1549281/1549281_1_500.jpg,False
2024-01,F,001005,맨투맨/스웨트,001,상의,23,1759350,fcmm,에프씨엠엠,[SET] 클럽 팀 에센셜 컴포트 세트,https://image.msscdn.net/images/goods_img/20210122/1759350/1759350_17588739895921_500.jpg,False
2024-01,F,001005,맨투맨/스웨트,001,상의,24,3522990,aeae,에이이에이이,Flashed Cats Eye Boucle Sweatshirts -[WHITE],https://image.msscdn.net/images/goods_img/20230901/3522990/3522990_16989942742048_500.jpg,False
2024-01,F,001005,맨투맨/스웨트,001,상의,25,3758173,yale,예일,[ONEMILE WEAR] SMALL ARCH CREWNECK BLACK,https://image.msscdn.net/images/goods_img/20231215/3758173/3758173_17026305787752_500.jpg,False
2024-01,F,001005,맨투맨/스웨트,001,상의,26,2851485,supersub,슈퍼서브,테니스 하프 집업 조거 세트-오트밀,https://image.msscdn.net/images/goods_img/20221011/2851485/2851485_16782543381367_500.jpg,False
2024-01,F,001005,맨투맨/스웨트,001,상의,27,3047847,bittercells,비터셀즈,래빗 스웻 셔츠-블랙,https://image.msscdn.net/images/goods_img/20230130/3047847/3047847_16766120830569_500.jpg,False
2024-01,F,001005,맨투맨/스웨트,001,상의,28,2970543,slowacid,슬로우애시드,피치스킨 러스티 로고 스웨트셔츠 [옐로우그린],https://image.msscdn.net/images/goods_img/20221202/2970543/2970543_2_500.jpg,False
2024-01,F,001005,맨투맨/스웨트,001,상의,29,3400338,1993studio,1993스튜디오,스피드레이서 레글런 스웨트셔츠_블랙,https://image.msscdn.net/images/goods_img/20230710/3400338/3400338_17725194236157_500.jpg,False
2024-01,F,001005,맨투맨/스웨트,001,상의,30,1679943,vivastudio,비바스튜디오,RETRIEVER CREWNECK [NAVY],https://image.msscdn.net/images/goods_img/20201105/1679943/1679943_17096910334702_500.jpg,False
2024-01,F,001004,후드 티셔츠,001,상의,1,3675284,likethemost,라이크더모스트,소프트 LTMT 오버 후디 (블루),https://image.msscdn.net/images/goods_img/20231101/3675284/3675284_16988076050754_500.jpg,False
2024-01,F,001004,후드 티셔츠,001,상의,2,3540248,thisisneverthat,디스이즈네버댓,(FW23) T-Logo Hoodie Heather Grey,https://image.msscdn.net/images/goods_img/20230907/3540248/3540248_16945804828166_500.jpg,False
2024-01,F,001004,후드 티셔츠,001,상의,3,2995119,trillion,트릴리온,컬러 배색 1992 그래픽 후드 (NAVY),https://image.msscdn.net/images/goods_img/20221223/2995119/2995119_1_500.jpg,False
2024-01,F,001004,후드 티셔츠,001,상의,4,2990516,1989standard,1989스탠다드,RV_OUR 1989 후드 (STHSTD-0004),https://image.msscdn.net/images/goods_img/20221220/2990516/2990516_17865211299718_500.jpg,False
2024-01,F,001004,후드 티셔츠,001,상의,5,2144379,gainsboro,게인스보로,[SET] 로럴골든 후드티 조거팬츠 셋업_(8color),https://image.msscdn.net/images/goods_img/20210924/2144379/2144379_17313722494957_500.jpg,False
2024-01,F,001004,후드 티셔츠,001,상의,6,2722805,brownbreath,브라운브레스,TAG OG HOODIE - BURGUNDY,https://image.msscdn.net/images/goods_img/20220817/2722805/2722805_17685233788556_500.jpg,False
2024-01,F,001004,후드 티셔츠,001,상의,7,2877493,compagno,꼼파뇨,크래킹 스냅 레글런 후드티 블랙,https://image.msscdn.net/images/goods_img/20221019/2877493/2877493_1_500.jpg,False
2024-01,F,001004,후드 티셔츠,001,상의,8,3540245,thisisneverthat,디스이즈네버댓,(FW23) T-Logo Hoodie Black,https://image.msscdn.net/images/goods_img/20230907/3540245/3540245_16945806386109_500.jpg,False
2024-01,F,001004,후드 티셔츠,001,상의,9,2913656,filluminate,필루미네이트,오버핏 그래피티 로고 후디-멜란지그레이,https://image.msscdn.net/images/goods_img/20221101/2913656/2913656_17593846033133_500.jpg,False
2024-01,F,001004,후드 티셔츠,001,상의,10,3026606,filluminate,필루미네이트,오버핏 그래피티 로고 후디-오트밀,https://image.msscdn.net/images/goods_img/20230116/3026606/3026606_16740279087820_500.jpg,False
2024-01,F,001004,후드 티셔츠,001,상의,11,3463299,yale,예일,투톤아치 후드_블랙,https://image.msscdn.net/images/goods_img/20230814/3463299/3463299_17558301091052_500.jpg,False
2024-01,F,001004,후드 티셔츠,001,상의,12,3463298,yale,예일,투톤아치 후드_그레이,https://image.msscdn.net/images/goods_img/20230814/3463298/3463298_17362154315362_500.jpg,False
2024-01,F,001004,후드 티셔츠,001,상의,13,2058188,brownbreath,브라운브레스,TAG OG HOODIE - BLACK,https://image.msscdn.net/images/goods_img/20210811/2058188/2058188_17685234537443_500.jpg,False
2024-01,F,001004,후드 티셔츠,001,상의,14,3641838,likethemost,라이크더모스트,어웨이엘티엠 오버핏 후디 오트밀,https://image.msscdn.net/images/goods_img/20231019/3641838/3641838_16976994683590_500.jpg,False
2024-01,F,001004,후드 티셔츠,001,상의,15,1717771,yale,예일,(23FW) (YALE HEAVYWEIGHT) MIXED HOODIE NAVY,https://image.msscdn.net/images/goods_img/20201209/1717771/1717771_2_500.jpg,False
2024-01,F,001004,후드 티셔츠,001,상의,16,3460538,sculptor,스컬프터,Bow Bow Hoodie Charcoal,https://image.msscdn.net/images/goods_img/20230811/3460538/3460538_17307909641503_500.jpg,False
2024-01,F,001004,후드 티셔츠,001,상의,17,3540249,thisisneverthat,디스이즈네버댓,(FW23) T-Logo Hoodie Navy,https://image.msscdn.net/images/goods_img/20230907/3540249/3540249_16945806034710_500.jpg,False
2024-01,F,001004,후드 티셔츠,001,상의,18,1628385,yale,예일,(23FW) 2 TONE ARCH HOODIE GRAY,https://image.msscdn.net/images/goods_img/20200928/1628385/1628385_5_500.jpg,False
2024-01,F,001004,후드 티셔츠,001,상의,19,3679172,yale,예일,EMBROIDERY UNIVERSITY DAN HOODIE GRAY,https://image.msscdn.net/images/goods_img/20231102/3679172/3679172_16989064194823_500.jpg,False
2024-01,F,001004,후드 티셔츠,001,상의,20,2990463,1989standard,1989스탠다드,SMALL CENTER 후드 (STHSTD-0015),https://image.msscdn.net/images/goods_img/20221220/2990463/2990463_17865217728190_500.jpg,False
2024-01,F,001004,후드 티셔츠,001,상의,21,2913659,filluminate,필루미네이트,오버핏 그래피티 로고 후디-블랙,https://image.msscdn.net/images/prd_img/20221101/2913659/detail_2913659_7_500.jpg,False
2024-01,F,001004,후드 티셔츠,001,상의,22,1574201,brownbreath,브라운브레스,TAG HOODIE - ASH,https://image.msscdn.net/images/goods_img/20200901/1574201/1574201_17049547956668_500.jpg,False
2024-01,F,001004,후드 티셔츠,001,상의,23,2099882,travel,트래블,미시간 울버린 피그먼트 후드티 블랙 차콜,https://image.msscdn.net/images/goods_img/20210831/2099882/2099882_17310466273448_500.jpg,False
2024-01,F,001004,후드 티셔츠,001,상의,24,3498167,thisisneverthat,디스이즈네버댓,(FW23) Arch-Logo Hoodie Heather Grey,https://image.msscdn.net/images/goods_img/20230825/3498167/3498167_16932980182401_500.jpg,False
2024-01,F,001004,후드 티셔츠,001,상의,25,3489420,compagno,꼼파뇨,CP 피그먼트 스냅 후드티 스모크블랙,https://image.msscdn.net/images/goods_img/20230823/3489420/3489420_16938991213756_500.jpg,False
2024-01,F,001004,후드 티셔츠,001,상의,26,2870838,satur,세터,리벳 아플리케 포켓 로고 후드 오가닉 블랙,https://image.msscdn.net/images/goods_img/20221017/2870838/2870838_17338957959074_500.jpg,False
2024-01,F,001004,후드 티셔츠,001,상의,27,3498165,thisisneverthat,디스이즈네버댓,(FW23) Arch-Logo Hoodie Black,https://image.msscdn.net/images/goods_img/20230825/3498165/3498165_16932980529302_500.jpg,False
2024-01,F,001004,후드 티셔츠,001,상의,28,2104878,tailorstudio,테일러 스튜디오,엔비엘 로고 후드 (버건디),https://image.msscdn.net/images/goods_img/20210902/2104878/2104878_16885242076314_500.jpg,False
2024-01,F,001004,후드 티셔츠,001,상의,29,3441526,physicaleducation,피지컬 에듀케이션 디파트먼트,아플리케 스타테일 후드_오트밀,https://image.msscdn.net/images/goods_img/20230802/3441526/3441526_17231826219223_500.jpg,False
2024-01,F,001004,후드 티셔츠,001,상의,30,2759813,saintpain,세인트페인,SP 팀 로고 후드-멜란지 그레이,https://image.msscdn.net/images/goods_img/20220831/2759813/2759813_1_500.jpg,False
2024-01,F,001002,셔츠/블라우스,001,상의,1,2392759,partimento,파르티멘토,오버사이즈 스톤 워싱 데님 셔츠 블루,https://image.msscdn.net/images/goods_img/20220302/2392759/2392759_16800703603984_500.jpg,False
2024-01,F,001002,셔츠/블라우스,001,상의,2,2085005,citybreeze,시티브리즈,링클 프리 베이직 셔츠_19COLORS,https://image.msscdn.net/images/goods_img/20210824/2085005/2085005_17821894932888_500.jpg,False
2024-01,F,001002,셔츠/블라우스,001,상의,3,3056564,musinsastandardwoman,무신사 스탠다드 우먼,우먼즈 링클프리 셔츠 [화이트],https://image.msscdn.net/images/goods_img/20230202/3056564/3056564_17466830192731_500.jpg,False
2024-01,F,001002,셔츠/블라우스,001,상의,4,3617048,millowomen,밀로 우먼,리본 타이 셔츠 [빈티지 퍼플],https://image.msscdn.net/images/goods_img/20231011/3617048/3617048_17673371834072_500.jpg,False
2024-01,F,001002,셔츠/블라우스,001,상의,5,3565568,millowomen,밀로 우먼,리본 타이 셔츠 [네이비],https://image.msscdn.net/images/goods_img/20230915/3565568/3565568_17673372111781_500.jpg,False
2024-01,F,001002,셔츠/블라우스,001,상의,6,2846685,generalideastandard,제너럴아이디어,링클프리 GNRL 클래식 셔츠 [WHITE] / WBC1L03509,https://image.msscdn.net/images/goods_img/20221007/2846685/2846685_17134238848215_500.jpg,False
2024-01,F,001002,셔츠/블라우스,001,상의,7,2846683,generalideastandard,제너럴아이디어,링클프리 GNRL 클래식 셔츠 [BLUE] / WBC1L03509,https://image.msscdn.net/images/goods_img/20221007/2846683/2846683_17134238284133_500.jpg,False
2024-01,F,001002,셔츠/블라우스,001,상의,8,994588,filluminate,필루미네이트,옵티멀 베이직 셔츠-화이트[린넨＆옥스포드 선택],https://image.msscdn.net/images/goods_img/20190326/994588/994588_17878791359967_500.jpg,False
2024-01,F,001002,셔츠/블라우스,001,상의,9,2126183,musinsastandardwoman,무신사 스탠다드 우먼,우먼즈 오버사이즈 실키 셔츠 [화이트],https://image.msscdn.net/images/goods_img/20210913/2126183/2126183_16909344872371_500.jpg,False
2024-01,F,001002,셔츠/블라우스,001,상의,10,3456900,generalideastandard,제너럴아이디어,링클 프리 클래식 스트라이프 셔츠 [WHITE] / WBC3L03504,https://image.msscdn.net/images/goods_img/20230810/3456900/3456900_16916432504978_500.jpg,False
2024-01,F,001002,셔츠/블라우스,001,상의,11,1793989,poloralphlauren,폴로 랄프 로렌,W 클래식핏 스트레치 셔츠 - 화이트,https://image.msscdn.net/images/goods_img/20210215/1793989/1793989_2_500.jpg,False
2024-01,F,001002,셔츠/블라우스,001,상의,12,2683526,yale,예일,[ONEMILE WEAR] OXFORD SMALL ARCH BIG SHIRT BLUE,https://image.msscdn.net/images/goods_img/20220726/2683526/2683526_17188648316481_500.jpg,False
2024-01,F,001002,셔츠/블라우스,001,상의,13,1798977,acover,어커버,타탄 포켓 체크 셔츠 오버핏 블랙,https://image.msscdn.net/images/goods_img/20210217/1798977/1798977_17875524076087_500.jpg,False
2024-01,F,001002,셔츠/블라우스,001,상의,14,3420086,bittercells,비터셀즈,윈드 스트라이프 셔츠-블루,https://image.msscdn.net/images/goods_img/20230721/3420086/3420086_17542681411765_500.jpg,False
2024-01,F,001002,셔츠/블라우스,001,상의,15,3444193,yale,예일,레귤러 핏 옥스포드 롱슬리브 셔츠_네이비,https://image.msscdn.net/images/goods_img/20230803/3444193/3444193_16951072969694_500.jpg,False
2024-01,F,001002,셔츠/블라우스,001,상의,16,2996536,suare,수아레,데일리 바이오 셔츠 - 10 COLOR,https://image.msscdn.net/images/goods_img/20221226/2996536/2996536_17152499753602_500.jpg,False
2024-01,F,001002,셔츠/블라우스,001,상의,17,3444190,yale,예일,REGULAR FIT HERITAGE DAN OXFORD SHIRT WHITE,https://image.msscdn.net/images/goods_img/20230803/3444190/3444190_16951073068985_500.jpg,False
2024-01,F,001002,셔츠/블라우스,001,상의,18,3498367,nastyfancyclub,팬시클럽,[NF] 웨스턴 아일렛 셔츠  (CHARCOAL)_F23ZB258,https://image.msscdn.net/images/goods_img/20230825/3498367/3498367_16939025425488_500.jpg,False
2024-01,F,001002,셔츠/블라우스,001,상의,19,3737739,painorpleasure,페인오어플레져,VIVIAN SCARF SHIRT pink,https://image.msscdn.net/images/goods_img/20231129/3737739/3737739_17013144645271_500.jpg,False
2024-01,F,001002,셔츠/블라우스,001,상의,20,3225541,avan,어반드레스,Solid Slim Line Shirt - 4COL,https://image.msscdn.net/images/goods_img/20230411/3225541/3225541_17204136381995_500.jpg,False
2024-01,F,001002,셔츠/블라우스,001,상의,21,1647895,avan,어반드레스,마르스 오버핏 울 체크 셔츠-네이비,https://image.msscdn.net/images/goods_img/20201014/1647895/1647895_17306765714622_500.jpg,False
2024-01,F,001002,셔츠/블라우스,001,상의,22,1793993,poloralphlauren,폴로 랄프 로렌,W 클래식핏 옥스포드 셔츠 - 화이트,https://image.msscdn.net/images/goods_img/20210215/1793993/1793993_2_500.jpg,False
2024-01,F,001002,셔츠/블라우스,001,상의,23,3458200,becollector,비콜렉터,City Stripe Shirts - Blue Grey,https://image.msscdn.net/images/goods_img/20230810/3458200/3458200_16922338074673_500.jpg,False
2024-01,F,001002,셔츠/블라우스,001,상의,24,1103797,ladyvolume,레이디 볼륨,[ 남/여] Overfit vintage check shirt_green,https://image.msscdn.net/images/goods_img/20190726/1103797/1103797_2_500.jpg,False
2024-01,F,001002,셔츠/블라우스,001,상의,25,3531241,frizmworks,프리즘웍스,PIGMENT 8W CORDUROY SHIRT _ PINK,https://image.msscdn.net/images/goods_img/20230905/3531241/3531241_16946117878967_500.jpg,False
2024-01,F,001002,셔츠/블라우스,001,상의,26,3642552,goodlifeworks,굿라이프웍스,오버핏 헤비 투 포켓 체크 셔츠 자켓 블랙,https://image.msscdn.net/images/goods_img/20231019/3642552/3642552_16977708114775_500.jpg,False
2024-01,F,001002,셔츠/블라우스,001,상의,27,2704910,yale,예일,[ONEMILE WEAR] OXFORD SMALL ARCH BIG SHIRT IVORY,https://image.msscdn.net/images/goods_img/20220808/2704910/2704910_16910474981269_500.jpg,False
2024-01,F,001002,셔츠/블라우스,001,상의,28,3603390,sinoon,시눈,RIBBON SHIRRING BLOUSE (WHITE),https://image.msscdn.net/images/goods_img/20231004/3603390/3603390_16965066191798_500.jpg,False
2024-01,F,001002,셔츠/블라우스,001,상의,29,3154802,avan,어반드레스,어스틴 체크 셔츠 네이비,https://image.msscdn.net/images/goods_img/20230316/3154802/3154802_17279989255961_500.jpg,False
2024-01,F,001002,셔츠/블라우스,001,상의,30,3675888,pigment,피그먼트,자수골덴카라 남방2(PBCF-WNBW028),https://image.msscdn.net/images/goods_img/20231101/3675888/3675888_16988201901461_500.jpg,False
2024-01,F,001010,긴소매 티셔츠,001,상의,1,3414911,partimentowomen,파르티멘토 우먼,더블 레이어드 하이넥 티_5컬러,https://image.msscdn.net/images/goods_img/20230719/3414911/3414911_17609263119929_500.jpg,False
2024-01,F,001010,긴소매 티셔츠,001,상의,2,3417709,musinsastandardwoman,무신사 스탠다드 우먼,우먼즈 슬림 크루 넥 긴소매 티셔츠 [화이트],https://image.msscdn.net/images/goods_img/20230720/3417709/3417709_16964869253825_500.jpg,False
2024-01,F,001010,긴소매 티셔츠,001,상의,3,3817352,treemingbird,트리밍버드,Boat Neck Finger Hole Long Sleeve [ Black ],https://image.msscdn.net/images/goods_img/20240124/3817352/3817352_17066658948867_500.jpg,False
2024-01,F,001010,긴소매 티셔츠,001,상의,4,2731239,sculptor,스컬프터,Masterpiece Sheer Top Black,https://image.msscdn.net/images/goods_img/20220822/2731239/2731239_16916551017564_500.jpg,False
2024-01,F,001010,긴소매 티셔츠,001,상의,5,1639444,musinsastandardwoman,무신사 스탠다드 우먼,우먼즈 텐셀 슬림 터틀 넥 티셔츠 [크림],https://image.msscdn.net/images/goods_img/20201007/1639444/1639444_17140069693680_500.jpg,False
2024-01,F,001010,긴소매 티셔츠,001,상의,6,3031933,glowny,글로니,G CLASSIC LONG SLEEVE (WHITE),https://image.msscdn.net/images/goods_img/20230118/3031933/3031933_16751277528543_500.png,False
2024-01,F,001010,긴소매 티셔츠,001,상의,7,3718873,midnightmove,미드나잇 무브,terry strap t (ivory),https://image.msscdn.net/images/goods_img/20231117/3718873/3718873_17001530156969_500.jpg,False
2024-01,F,001010,긴소매 티셔츠,001,상의,8,2966829,badblood,배드블러드,배드 걸스 루즈핏 탑 - 샌드,https://image.msscdn.net/images/goods_img/20221130/2966829/2966829_2_500.jpg,False
2024-01,F,001010,긴소매 티셔츠,001,상의,9,3031882,glowny,글로니,G CLASSIC LONG SLEEVE (BLACK),https://image.msscdn.net/images/goods_img/20230118/3031882/3031882_16750624202600_500.jpg,False
2024-01,F,001010,긴소매 티셔츠,001,상의,10,2724648,musinsastandardwoman,무신사 스탠다드 우먼,우먼즈 릴렉스드 크루 넥 긴팔 티셔츠 2팩,https://image.msscdn.net/images/goods_img/20220818/2724648/2724648_17133399681916_500.jpg,False
2024-01,F,001010,긴소매 티셔츠,001,상의,11,3615861,partimentowomen,파르티멘토 우먼,[3PACK] 언발란스 레이어드 탑_퍼플,https://image.msscdn.net/images/goods_img/20231010/3615861/3615861_16975367957210_500.jpg,False
2024-01,F,001010,긴소매 티셔츠,001,상의,12,3417707,musinsastandardwoman,무신사 스탠다드 우먼,우먼즈 슬림 크루 넥 긴소매 티셔츠 [블랙],https://image.msscdn.net/images/goods_img/20230720/3417707/3417707_17678587648003_500.jpg,False
2024-01,F,001010,긴소매 티셔츠,001,상의,13,3524178,ronron,론론,DOUBLE RIBBON SLIM CROP LONG SLEEVE BLACK,https://image.msscdn.net/images/goods_img/20230904/3524178/3524178_16939815696674_500.jpg,False
2024-01,F,001010,긴소매 티셔츠,001,상의,14,1639445,musinsastandardwoman,무신사 스탠다드 우먼,우먼즈 텐셀 슬림 터틀 넥 티셔츠 [블랙],https://image.msscdn.net/images/goods_img/20201007/1639445/1639445_17140118749464_500.jpg,False
2024-01,F,001010,긴소매 티셔츠,001,상의,15,3414913,partimentowomen,파르티멘토 우먼,더블 레이어드 하이넥 티_그레이,https://image.msscdn.net/images/goods_img/20230719/3414913/3414913_16943968601408_500.jpg,False
2024-01,F,001010,긴소매 티셔츠,001,상의,16,2966823,badblood,배드블러드,배드 걸스 루즈핏 탑 - 블랙,https://image.msscdn.net/images/goods_img/20221130/2966823/2966823_1_500.jpg,False
2024-01,F,001010,긴소매 티셔츠,001,상의,17,3488131,sculptor,스컬프터,Sports Lettering L/S Tee D.Gray,https://image.msscdn.net/images/goods_img/20230822/3488131/3488131_16952760173388_500.jpg,False
2024-01,F,001010,긴소매 티셔츠,001,상의,18,3487845,partimentowomen,파르티멘토 우먼,언발란스 레이어드 드레이프 탑_멜란지,https://image.msscdn.net/images/goods_img/20230822/3487845/3487845_16944107859657_500.jpg,False
2024-01,F,001010,긴소매 티셔츠,001,상의,19,2058136,yale,예일,[2PACK] 스몰아치 롱슬리브_화이트/블랙,https://image.msscdn.net/images/goods_img/20210811/2058136/2058136_17153061338187_500.jpg,False
2024-01,F,001010,긴소매 티셔츠,001,상의,20,3817353,treemingbird,트리밍버드,Boat Neck Finger Hole Long Sleeve [ White ],https://image.msscdn.net/images/goods_img/20240124/3817353/3817353_17066648097024_500.jpg,False
2024-01,F,001010,긴소매 티셔츠,001,상의,21,3487449,sculptor,스컬프터,Triple Layered L/S Tee Pale Blue,https://image.msscdn.net/images/goods_img/20230822/3487449/3487449_17199087510861_500.jpg,False
2024-01,F,001010,긴소매 티셔츠,001,상의,22,3066189,lmc,엘엠씨,AEROCOOL LONG SLV TEE 2PACK none,https://image.msscdn.net/images/goods_img/20230207/3066189/3066189_17797561475320_500.jpg,False
2024-01,F,001010,긴소매 티셔츠,001,상의,23,3460518,sculptor,스컬프터,Bow Tie L/S Tee Ivory,https://image.msscdn.net/images/goods_img/20230811/3460518/3460518_17303584517496_500.jpg,False
2024-01,F,001010,긴소매 티셔츠,001,상의,24,3523174,aeae,에이이에이이,ATHLETE STRIPE L/S - [IVORY],https://image.msscdn.net/images/goods_img/20230901/3523174/3523174_16998587804596_500.jpg,False
2024-01,F,001010,긴소매 티셔츠,001,상의,25,3522063,moaa,모아,홀터넥 스트링 레이어드 롱 슬리브 (BLACK),https://image.msscdn.net/images/goods_img/20230901/3522063/3522063_16938109816288_500.jpg,False
2024-01,F,001010,긴소매 티셔츠,001,상의,26,2932110,loeuvre,루에브르,See-through Jersey top SW2SE524_6color,https://image.msscdn.net/images/prd_img/20221110/2932110/detail_2932110_17575822243391_500.jpg,False
2024-01,F,001010,긴소매 티셔츠,001,상의,27,2365684,yeseyesee,예스아이씨,C-Logo L/S White,https://image.msscdn.net/images/goods_img/20220216/2365684/2365684_17561010319705_500.jpg,False
2024-01,F,001010,긴소매 티셔츠,001,상의,28,3417700,musinsastandardwoman,무신사 스탠다드 우먼,[힛탠다드] 우먼즈 속기모 슬림 터틀 넥 긴팔 티셔츠 [블랙],https://image.msscdn.net/images/goods_img/20230720/3417700/3417700_16929299047009_500.jpg,False
2024-01,F,001010,긴소매 티셔츠,001,상의,29,3417708,musinsastandardwoman,무신사 스탠다드 우먼,우먼즈 슬림 크루 넥 긴소매 티셔츠 [크림],https://image.msscdn.net/images/goods_img/20230720/3417708/3417708_16975309529153_500.jpg,False
2024-01,F,001010,긴소매 티셔츠,001,상의,30,2346261,avan,어반드레스,Beauty shoulder t-shirt - 5COL,https://image.msscdn.net/images/goods_img/20220208/2346261/2346261_16915397429705_500.jpg,False
2024-01,F,001001,반소매 티셔츠,001,상의,1,2371238,marithefrancoisgirbaud,마리떼 프랑소와 저버,CLASSIC LOGO TEE white,https://image.msscdn.net/images/goods_img/20220218/2371238/2371238_17768214925023_500.jpg,False
2024-01,F,001001,반소매 티셔츠,001,상의,2,1417691,musinsastandardwoman,무신사 스탠다드 우먼,우먼즈 베이식 크루 넥 반팔 티셔츠 [화이트],https://image.msscdn.net/images/goods_img/20200423/1417691/1417691_17828975022011_500.jpg,False
2024-01,F,001001,반소매 티셔츠,001,상의,3,2377269,marithefrancoisgirbaud,마리떼 프랑소와 저버,W CLASSIC LOGO TEE white,https://image.msscdn.net/images/goods_img/20220222/2377269/2377269_17725118252376_500.jpg,False
2024-01,F,001001,반소매 티셔츠,001,상의,4,3265079,glowny,글로니,G BABY TEE (WHITE),https://image.msscdn.net/images/goods_img/20230427/3265079/3265079_16825620052966_500.jpg,False
2024-01,F,001001,반소매 티셔츠,001,상의,5,2376229,brownbreath,브라운브레스,TAG TEE - BLACK,https://image.msscdn.net/images/goods_img/20220222/2376229/2376229_17090810267757_500.jpg,False
2024-01,F,001001,반소매 티셔츠,001,상의,6,3289339,ronron,론론,DOUBLE RIBBON SLIM CROP T SHIRT WHITE PINK,https://image.msscdn.net/images/goods_img/20230510/3289339/3289339_17120543724809_500.jpg,False
2024-01,F,001001,반소매 티셔츠,001,상의,7,1848166,covernat,커버낫,[2PACK] 쿨 코튼 티셔츠 Black+White,https://image.msscdn.net/images/goods_img/20210316/1848166/1848166_17731083991583_500.jpg,False
2024-01,F,001001,반소매 티셔츠,001,상의,8,2724650,musinsastandardwoman,무신사 스탠다드 우먼,우먼즈 베이식 크루 넥 반팔 티셔츠 2팩,https://image.msscdn.net/images/goods_img/20220818/2724650/2724650_17828109022105_500.jpg,False
2024-01,F,001001,반소매 티셔츠,001,상의,9,2442409,yale,예일,[16수 코마사] 2PACK SMALL ARCH T-SHIRT WHITE / BLACK,https://image.msscdn.net/images/goods_img/20220324/2442409/2442409_17424359787816_500.jpg,False
2024-01,F,001001,반소매 티셔츠,001,상의,10,3817349,treemingbird,트리밍버드,Metal Cut Point Crop T-shirts [ White ],https://image.msscdn.net/images/goods_img/20240124/3817349/3817349_17066657737098_500.jpg,False
2024-01,F,001001,반소매 티셔츠,001,상의,11,1779737,luvistrue,러브이즈트루,IN LOVE TEE(WHITE),https://image.msscdn.net/images/goods_img/20210205/1779737/1779737_17603180276126_500.jpg,False
2024-01,F,001001,반소매 티셔츠,001,상의,12,3341803,elimeno,엘리메노,[2PACK] EL 스트리트 아트워크 오버핏 반팔티 2종 2PACK,https://image.msscdn.net/images/goods_img/20230601/3341803/3341803_17152378354266_500.jpg,False
2024-01,F,001001,반소매 티셔츠,001,상의,13,3817346,treemingbird,트리밍버드,Metal Cut Point Crop T-shirts [ Black ],https://image.msscdn.net/images/goods_img/20240124/3817346/3817346_17066656490191_500.jpg,False
2024-01,F,001001,반소매 티셔츠,001,상의,14,1503352,mardimercredi,마르디 메크르디,TSHIRT FLOWERMARDI_WHITE GREEN,https://image.msscdn.net/images/goods_img/20200701/1503352/1503352_2_500.jpg,False
2024-01,F,001001,반소매 티셔츠,001,상의,15,3265122,glowny,글로니,G BABY TEE (BLACK),https://image.msscdn.net/images/goods_img/20230427/3265122/3265122_16825624781983_500.jpg,False
2024-01,F,001001,반소매 티셔츠,001,상의,16,1779743,luvistrue,러브이즈트루,IN LOVE TEE(CREAM),https://image.msscdn.net/images/goods_img/20210205/1779743/1779743_2_500.jpg,False
2024-01,F,001001,반소매 티셔츠,001,상의,17,2442418,yale,예일,[LOUNGE WEAR] SMALL ARCH TEE + SHORTS SET WHITE/GRAY,https://image.msscdn.net/images/goods_img/20220324/2442418/2442418_1_500.jpg,False
2024-01,F,001001,반소매 티셔츠,001,상의,18,903340,lee,리,빅 트위치 로고 티셔츠 화이트,https://image.msscdn.net/images/goods_img/20181112/903340/903340_17863468995318_500.jpg,False
2024-01,F,001001,반소매 티셔츠,001,상의,19,2708908,basichouse,베이직하우스,[UNI] BCI순면 라운드넥 반팔3팩 LATS0110,https://image.msscdn.net/images/goods_img/20220810/2708908/2708908_17859082264270_500.png,False
2024-01,F,001001,반소매 티셔츠,001,상의,20,3704245,glowny,글로니,G CLASSIC RIB TEE (WHITE),https://image.msscdn.net/images/goods_img/20231110/3704245/3704245_17012606833585_500.jpg,False
2024-01,F,001001,반소매 티셔츠,001,상의,21,3032013,glowny,글로니,3/4 G CLASSIC TEE (WHITE),https://image.msscdn.net/images/goods_img/20230118/3032013/3032013_16750651259997_500.png,False
2024-01,F,001001,반소매 티셔츠,001,상의,22,2371212,marithefrancoisgirbaud,마리떼 프랑소와 저버,CLASSIC LOGO TEE black,https://image.msscdn.net/images/goods_img/20220218/2371212/2371212_17768212844178_500.jpg,False
2024-01,F,001001,반소매 티셔츠,001,상의,23,3265097,glowny,글로니,G BABY TEE (GRAY),https://image.msscdn.net/images/goods_img/20230427/3265097/3265097_16825621865901_500.jpg,False
2024-01,F,001001,반소매 티셔츠,001,상의,24,3265163,glowny,글로니,G CLASSIC FITTED TEE (WHITE),https://image.msscdn.net/images/goods_img/20230427/3265163/3265163_16825629281524_500.jpg,False
2024-01,F,001001,반소매 티셔츠,001,상의,25,1841764,yale,예일,2 TONE ARCH T-SHIRT WHITE,https://image.msscdn.net/images/goods_img/20210312/1841764/1841764_17424346858948_500.jpg,False
2024-01,F,001001,반소매 티셔츠,001,상의,26,3095912,thisisneverthat,디스이즈네버댓,T-Logo Tee White,https://image.msscdn.net/images/goods_img/20230221/3095912/3095912_16770415116842_500.jpg,False
2024-01,F,001001,반소매 티셔츠,001,상의,27,2029969,glimmer,글리머,[3PACK] 에어쿨링 드라이 기능성 무지 반팔티,https://image.msscdn.net/images/goods_img/20210715/2029969/2029969_17151440658556_500.jpg,False
2024-01,F,001001,반소매 티셔츠,001,상의,28,3262743,bajoobijoo,바쥬비쥬,UNLIMITED CAT PIGMENT OVER FIT TEE [INDIGO PINK],https://image.msscdn.net/images/goods_img/20230426/3262743/3262743_16830117437957_500.jpg,False
2024-01,F,001001,반소매 티셔츠,001,상의,29,2453552,mardimercredi,마르디 메크르디,TSHIRT FLOWERMARDI_BLACK CREAM,https://image.msscdn.net/images/goods_img/20220329/2453552/2453552_1_500.jpg,False
2024-01,F,001001,반소매 티셔츠,001,상의,30,2453556,mardimercredi,마르디 메크르디,TSHIRT FLOWERMARDI_IVORY NAVY,https://image.msscdn.net/images/goods_img/20220329/2453556/2453556_1_500.jpg,False
2024-01,F,001003,피케/카라 티셔츠,001,상의,1,3034895,sculptor,스컬프터,Velour Soccer Jersey Black,https://image.msscdn.net/images/goods_img/20230119/3034895/3034895_16752250753178_500.jpg,False
2024-01,F,001003,피케/카라 티셔츠,001,상의,2,2698836,prendafromplant,프렌다,RUGGER MAIN LOGO CROP SWEATSHIRT NAVY,https://image.msscdn.net/images/goods_img/20220804/2698836/2698836_16759073055100_500.jpg,False
2024-01,F,001003,피케/카라 티셔츠,001,상의,3,2698835,prendafromplant,프렌다,RUGGER MAIN LOGO CROP SWEATSHIRT GREEN,https://image.msscdn.net/images/goods_img/20220804/2698835/2698835_1_500.jpg,False
2024-01,F,001003,피케/카라 티셔츠,001,상의,4,3454169,wkndrs,위캔더스,KELLOGGS FOOTBALL JERSEY (NAVY),https://image.msscdn.net/images/goods_img/20230809/3454169/3454169_16932079806315_500.jpg,False
2024-01,F,001003,피케/카라 티셔츠,001,상의,5,3549194,havism,해비즘,OVERSIZE VELOUR V-NECK L/S TEE(NAVY),https://image.msscdn.net/images/goods_img/20230911/3549194/3549194_16944108205981_500.jpg,False
2024-01,F,001003,피케/카라 티셔츠,001,상의,6,3549200,havism,해비즘,OVERSIZE VELOUR V-NECK L/S TEE(RED),https://image.msscdn.net/images/goods_img/20230911/3549200/3549200_16944108771724_500.jpg,False
2024-01,F,001003,피케/카라 티셔츠,001,상의,7,3488980,romanticcrown,로맨틱크라운,RMTCRW 럭비 셔츠_라이트 그레이,https://image.msscdn.net/images/goods_img/20230823/3488980/3488980_17131474700299_500.jpg,False
2024-01,F,001003,피케/카라 티셔츠,001,상의,8,2286564,compagno,꼼파뇨,TEDDY PIQUE SWEATER NAVY,https://image.msscdn.net/images/goods_img/20211230/2286564/2286564_1_500.jpg,False
2024-01,F,001003,피케/카라 티셔츠,001,상의,9,3452218,poloralphlauren,폴로 랄프 로렌,W 레이스 롱슬리브 럭비 셔츠 - 화이트,https://image.msscdn.net/images/goods_img/20230808/3452218/3452218_16926878158461_500.jpg,False
2024-01,F,001003,피케/카라 티셔츠,001,상의,10,2389198,dimitriblack,디미트리블랙,ASI 스트라이프 럭비 맨투맨 티셔츠 그린/네이비,https://image.msscdn.net/images/goods_img/20220228/2389198/2389198_17522135025091_500.jpg,False
2024-01,F,001003,피케/카라 티셔츠,001,상의,11,1619255,oddoneout,오드원아웃,Pintuck pique T-shirts_BL,https://image.msscdn.net/images/goods_img/20200923/1619255/1619255_1_500.jpg,False
2024-01,F,001003,피케/카라 티셔츠,001,상의,12,3022388,yale,예일,COLOR BLOCK PK CREWNECK GRAY / BLACK,https://image.msscdn.net/images/goods_img/20230112/3022388/3022388_16738310923707_500.jpg,False
2024-01,F,001003,피케/카라 티셔츠,001,상의,13,3127048,romanticcrown,로맨틱크라운,[HP X RMTC] 07 럭비 셔츠_그린,https://image.msscdn.net/images/goods_img/20230307/3127048/3127048_16795533899772_500.jpg,False
2024-01,F,001003,피케/카라 티셔츠,001,상의,14,3467508,havism,해비즘,UNIFORM V-NECK JERSEY L/S TEE(IVORY),https://image.msscdn.net/images/goods_img/20230816/3467508/3467508_16928704440793_500.jpg,False
2024-01,F,001003,피케/카라 티셔츠,001,상의,15,3488981,romanticcrown,로맨틱크라운,RMTCRW 럭비 셔츠_네이비,https://image.msscdn.net/images/goods_img/20230823/3488981/3488981_16940488668237_500.jpg,False
2024-01,F,001003,피케/카라 티셔츠,001,상의,16,3046657,mongdol,몽돌,카라 로고 스웻셔츠 블랙 MDTS044BLACK,https://image.msscdn.net/images/goods_img/20230130/3046657/3046657_16753147615861_500.jpg,False
2024-01,F,001003,피케/카라 티셔츠,001,상의,17,3728041,bohemseo,보헤미안 서울,"SOFT HALF COLLAR SHIRT, OATMEAL",https://image.msscdn.net/images/goods_img/20231122/3728041/3728041_17006218598923_500.jpg,False
2024-01,F,001003,피케/카라 티셔츠,001,상의,18,1619256,oddoneout,오드원아웃,Pintuck pique T-shirts_BK,https://image.msscdn.net/images/goods_img/20200923/1619256/1619256_1_500.jpg,False
2024-01,F,001003,피케/카라 티셔츠,001,상의,19,2286563,compagno,꼼파뇨,TEDDY PIQUE SWEATER CREAM,https://image.msscdn.net/images/goods_img/20211230/2286563/2286563_1_500.jpg,False
2024-01,F,001003,피케/카라 티셔츠,001,상의,20,2247583,awesomestudio,어썸스튜디오,우먼스 카라 크롭 스웻셔츠 빈티지네이비,https://image.msscdn.net/images/goods_img/20211125/2247583/2247583_1_500.jpg,False
2024-01,F,001003,피케/카라 티셔츠,001,상의,21,3728010,bohemseo,보헤미안 서울,"SOFT HALF COLLAR SHIRT, IVORY",https://image.msscdn.net/images/goods_img/20231122/3728010/3728010_17006216436110_500.jpg,False
2024-01,F,001003,피케/카라 티셔츠,001,상의,22,2541328,thombrowne,톰브라운,여성 클래식 피케 센터 백 스트라이프 릴렉스 핏 반소매 폴로 셔츠 - 네이비 / FJP014A00050415,https://image.msscdn.net/images/goods_img/20220504/2541328/2541328_1_500.jpg,False
2024-01,F,001003,피케/카라 티셔츠,001,상의,23,3778590,malbongolf,말본 골프,트래블 피케 폴로 티셔츠 WHITE (WOMAN),https://image.msscdn.net/images/goods_img/20240105/3778590/3778590_17044372186659_500.jpg,False
2024-01,F,001003,피케/카라 티셔츠,001,상의,24,2750281,awesomestudio,어썸스튜디오,우먼스 카라 크롭 스웻셔츠 멜란지그레이,https://image.msscdn.net/images/goods_img/20220829/2750281/2750281_1_500.jpg,False
2024-01,F,001003,피케/카라 티셔츠,001,상의,25,3374171,awesomestudio,어썸스튜디오,[SET] 배색 카라 크롭 반팔 + 원턱 쇼츠 셋업 블랙,https://image.msscdn.net/images/goods_img/20230620/3374171/3374171_17182649460986_500.jpg,False
2024-01,F,001003,피케/카라 티셔츠,001,상의,26,3467494,havism,해비즘,UNIFORM V-NECK JERSEY L/S TEE(BROWN),https://image.msscdn.net/images/goods_img/20230816/3467494/3467494_16928703601079_500.jpg,False
2024-01,F,001003,피케/카라 티셔츠,001,상의,27,3106897,wkndrs,위캔더스,KING SOCCER JERSEY (IVORY),https://image.msscdn.net/images/goods_img/20230224/3106897/3106897_16795516495050_500.jpg,False
2024-01,F,001003,피케/카라 티셔츠,001,상의,28,2788667,wvproject,더블유브이프로젝트,컵스카우트 카라 맨투맨 페일핑크 JIMT7619,https://image.msscdn.net/images/goods_img/20220914/2788667/2788667_1_500.jpg,False
2024-01,F,001003,피케/카라 티셔츠,001,상의,29,2370309,awesomestudio,어썸스튜디오,우먼스 카라 크롭 스웻셔츠 블랙,https://image.msscdn.net/images/goods_img/20220218/2370309/2370309_2_500.jpg,False
2024-01,F,001003,피케/카라 티셔츠,001,상의,30,3074853,covernat,커버낫,웨일 로고 카라 맨투맨 멜란지 그레이,https://image.msscdn.net/images/goods_img/20230210/3074853/3074853_16788450363177_500.jpg,False
2024-01,F,001006,니트/스웨터,001,상의,1,3640949,trillion,트릴리온,워셔블 아란 케이블 후드 집업 니트 (CHARCOAL),https://image.msscdn.net/images/goods_img/20231019/3640949/3640949_17170490257806_500.jpg,False
2024-01,F,001006,니트/스웨터,001,상의,2,3515388,glowny,글로니,ISA ASYMMETRICAL KNIT TOP (OATMEAL),https://image.msscdn.net/images/goods_img/20230830/3515388/3515388_16970207235930_500.jpg,False
2024-01,F,001006,니트/스웨터,001,상의,3,3650001,partimentowomen,파르티멘토 우먼,릴리 부클 니트 스웨터_차콜,https://image.msscdn.net/images/goods_img/20231023/3650001/3650001_16983851203615_500.jpg,False
2024-01,F,001006,니트/스웨터,001,상의,4,876284,filluminate,필루미네이트,[블랙]SET B-스테디 하프 폴라넥,https://image.msscdn.net/images/goods_img/20181010/876284/876284_17156659533611_500.jpg,False
2024-01,F,001006,니트/스웨터,001,상의,5,3515420,glowny,글로니,ISA ASYMMETRICAL KNIT TOP (GRAY),https://image.msscdn.net/images/goods_img/20230830/3515420/3515420_16970202006972_500.jpg,False
2024-01,F,001006,니트/스웨터,001,상의,6,3539913,dimitriblack,디미트리블랙,2WAY 헤비웨이트 케이블 니트 후드 집업_오트밀,https://image.msscdn.net/images/goods_img/20230907/3539913/3539913_17313973147860_500.jpg,False
2024-01,F,001006,니트/스웨터,001,상의,7,3464265,millioncor,밀리언코르,[5404] 로고 자수 니트 집업 (아이보리),https://image.msscdn.net/images/goods_img/20230814/3464265/3464265_17237905785323_500.jpg,False
2024-01,F,001006,니트/스웨터,001,상의,8,3515409,glowny,글로니,ISA ASYMMETRICAL KNIT TOP (BLACK),https://image.msscdn.net/images/goods_img/20230830/3515409/3515409_16970206679493_500.jpg,False
2024-01,F,001006,니트/스웨터,001,상의,9,3539176,trillion,트릴리온,워셔블 투 톤 크루넥 그래픽 니트 (BLACK),https://image.msscdn.net/images/goods_img/20230907/3539176/3539176_17170508638569_500.jpg,False
2024-01,F,001006,니트/스웨터,001,상의,10,3539902,dimitriblack,디미트리블랙,에센셜 헤어리 라운드 니트_핑크,https://image.msscdn.net/images/goods_img/20230907/3539902/3539902_17621472072879_500.jpg,False
2024-01,F,001006,니트/스웨터,001,상의,11,3698508,chicks,칙스,HOFE 니트 후드 후드집업 티,https://image.msscdn.net/images/goods_img/20231108/3698508/3698508_17035603971546_500.jpg,False
2024-01,F,001006,니트/스웨터,001,상의,12,3646662,treemingbird,트리밍버드,Sleeve Slit Boat Neck Knit [ Ivory ],https://image.msscdn.net/images/goods_img/20231022/3646662/3646662_17000998807351_500.jpg,False
2024-01,F,001006,니트/스웨터,001,상의,13,3468498,againstallodds,에이지오디,하프 집업 카라넥 케이블 니트 [카키],https://image.msscdn.net/images/goods_img/20230816/3468498/3468498_17322323551417_500.png,False
2024-01,F,001006,니트/스웨터,001,상의,14,2775713,trillion,트릴리온,워셔블 하프 집업 카라넥 하찌 니트 (PURE BLACK),https://image.msscdn.net/images/goods_img/20220906/2775713/2775713_17587784648178_500.jpg,False
2024-01,F,001006,니트/스웨터,001,상의,15,2733940,rolarola,로라로라,COLLAR STRIPE BOARDER KNIT WH+BK,https://image.msscdn.net/images/goods_img/20220823/2733940/2733940_17090961569618_500.jpg,False
2024-01,F,001006,니트/스웨터,001,상의,16,3481416,bornchamps,본챔스,하트 트라이벌 로고 니트 B23FT16BK,https://image.msscdn.net/images/goods_img/20230821/3481416/3481416_17272306960218_500.jpeg,False
2024-01,F,001006,니트/스웨터,001,상의,17,3558723,lartigent,라티젠,L6 RIBBON MIX KNIT(BLACK),https://image.msscdn.net/images/goods_img/20230913/3558723/3558723_16946083478023_500.jpg,False
2024-01,F,001006,니트/스웨터,001,상의,18,3697579,compagno,꼼파뇨,CP 엠블럼 자수 풀오버 블랙,https://image.msscdn.net/images/goods_img/20231108/3697579/3697579_17001914193979_500.jpg,False
2024-01,F,001006,니트/스웨터,001,상의,19,1586586,luvistrue,러브이즈트루,PO HEART KNIT(SKY BLUE),https://image.msscdn.net/images/goods_img/20200907/1586586/1586586_17382966549636_500.jpg,False
2024-01,F,001006,니트/스웨터,001,상의,20,3727680,supersub,슈퍼서브,[SET] THUNDER 브러쉬드 니트 2PACK,https://image.msscdn.net/images/goods_img/20231122/3727680/3727680_17006136483021_500.jpg,False
2024-01,F,001006,니트/스웨터,001,상의,21,2752031,roccirocci,로씨로씨,RCC Knit Half Zipup [STRIPE],https://image.msscdn.net/images/goods_img/20220829/2752031/2752031_17114208423013_500.jpg,False
2024-01,F,001006,니트/스웨터,001,상의,22,3511387,niceghostclub,나이스고스트클럽,3STARS LOGO KNIT HOODIE_IVORY(NG2DFUK610A),https://image.msscdn.net/images/goods_img/20230829/3511387/3511387_17586734242171_500.jpg,False
2024-01,F,001006,니트/스웨터,001,상의,23,3609280,leathery,레더리,인사이드 더 클로젯 니트 [IVORY],https://image.msscdn.net/images/goods_img/20231006/3609280/3609280_17128167449218_500.jpg,False
2024-01,F,001006,니트/스웨터,001,상의,24,3465118,venhit,벤힛,BLACK PLANET 자카드 니트[IVORY],https://image.msscdn.net/images/goods_img/20230814/3465118/3465118_16976761380031_500.jpg,False
2024-01,F,001006,니트/스웨터,001,상의,25,3495320,suare,수아레,[SET] 스테디 니트 세트,https://image.msscdn.net/images/goods_img/20230824/3495320/3495320_17169653059246_500.jpg,False
2024-01,F,001006,니트/스웨터,001,상의,26,2184395,goodlifeworks,굿라이프웍스,마일드 보카시 크루넥 스웨터 오버핏 니트 블루,https://image.msscdn.net/images/goods_img/20211018/2184395/2184395_17659407136697_500.jpg,False
2024-01,F,001006,니트/스웨터,001,상의,27,3646661,treemingbird,트리밍버드,Sleeve Slit Boat Neck Knit [ Black ],https://image.msscdn.net/images/goods_img/20231022/3646661/3646661_17000999823046_500.jpg,False
2024-01,F,001006,니트/스웨터,001,상의,28,3442679,supersub,슈퍼서브,THUNDER  브러쉬드 니트 - 핑크,https://image.msscdn.net/images/goods_img/20230803/3442679/3442679_16923249991299_500.jpg,False
2024-01,F,001006,니트/스웨터,001,상의,29,2684358,nomanual,노매뉴얼,CROPPED HAIRY KNIT - GRASS GREEN,https://image.msscdn.net/images/goods_img/20220727/2684358/2684358_17237907080769_500.jpg,False
2024-01,F,001006,니트/스웨터,001,상의,30,2723767,suare,수아레,데일리 라운드 니트 - 12 COLOR,https://image.msscdn.net/images/goods_img/20220818/2723767/2723767_17292130151891_500.jpg,False
2024-01,F,001011,민소매 티셔츠,001,상의,1,3817361,treemingbird,트리밍버드,Basic Ribbed Sleeveless [ Black ],https://image.msscdn.net/images/goods_img/20240124/3817361/3817361_17066645418265_500.jpg,False
2024-01,F,001011,민소매 티셔츠,001,상의,2,2724649,musinsastandardwoman,무신사 스탠다드 우먼,우먼즈 스트링 슬리브리스 탑 2팩,https://image.msscdn.net/images/goods_img/20220818/2724649/2724649_17490161912803_500.jpg,False
2024-01,F,001011,민소매 티셔츠,001,상의,3,3135346,musinsastandardwoman,무신사 스탠다드 우먼,우먼즈 에센셜 탱크 탑 [화이트],https://image.msscdn.net/images/goods_img/20230309/3135346/3135346_17775390513402_500.jpg,False
2024-01,F,001011,민소매 티셔츠,001,상의,4,3492641,burmula,버뮬라,FRILL SLEEVELESS TOP (WHITE),https://image.msscdn.net/images/goods_img/20230823/3492641/3492641_16935598219827_500.jpg,False
2024-01,F,001011,민소매 티셔츠,001,상의,5,3817362,treemingbird,트리밍버드,Basic Ribbed Sleeveless [ White ],https://image.msscdn.net/images/goods_img/20240124/3817362/3817362_17066646630942_500.jpg,False
2024-01,F,001011,민소매 티셔츠,001,상의,6,3266028,bittercells,비터셀즈,발레 슬리브리스-블랙,https://image.msscdn.net/images/goods_img/20230427/3266028/3266028_16832899826752_500.jpg,False
2024-01,F,001011,민소매 티셔츠,001,상의,7,3817357,treemingbird,트리밍버드,Basic Ribbed Crop Tank Top [ Black ],https://image.msscdn.net/images/goods_img/20240124/3817357/3817357_17066652248933_500.jpg,False
2024-01,F,001011,민소매 티셔츠,001,상의,8,3135345,musinsastandardwoman,무신사 스탠다드 우먼,우먼즈 에센셜 탱크 탑 [블랙],https://image.msscdn.net/images/goods_img/20230309/3135345/3135345_17775390922598_500.jpg,False
2024-01,F,001011,민소매 티셔츠,001,상의,9,3704279,glowny,글로니,G CLASSIC RIB TANK (CHARCOAL),https://image.msscdn.net/images/goods_img/20231110/3704279/3704279_17012605636385_500.jpg,False
2024-01,F,001011,민소매 티셔츠,001,상의,10,3566976,sculptor,스컬프터,Cowl Sleeveless Hoodie Natural,https://image.msscdn.net/images/goods_img/20230917/3566976/3566976_17198987811802_500.jpg,False
2024-01,F,001011,민소매 티셔츠,001,상의,11,2584837,notyourrose,낫 유어 로즈,드레이핑 홀터 탑 (네이비),https://image.msscdn.net/images/goods_img/20220526/2584837/2584837_17482383809237_500.jpg,False
2024-01,F,001011,민소매 티셔츠,001,상의,12,3535788,restandrecreation,레스트앤레크레이션,RR HAIRY KNIT TANK TOP_BLUE,https://image.msscdn.net/images/goods_img/20230906/3535788/3535788_16939977125419_500.jpg,False
2024-01,F,001011,민소매 티셔츠,001,상의,13,3817358,treemingbird,트리밍버드,Basic Ribbed Crop Tank Top [ White ],https://image.msscdn.net/images/goods_img/20240124/3817358/3817358_17066654588950_500.jpg,False
2024-01,F,001011,민소매 티셔츠,001,상의,14,3749142,hadex,에이치덱스,[2pack] 에어 비앙코 홀터넥 크롭탑 / 에어 비앙코 바이커 쇼츠 3.5,https://image.msscdn.net/images/goods_img/20231208/3749142/3749142_17022798848554_500.jpg,False
2024-01,F,001011,민소매 티셔츠,001,상의,15,3709052,bohemseo,보헤미안 서울,"BASIC SLEEVELESS CROP TOP, BLACK",https://image.msscdn.net/images/goods_img/20231114/3709052/3709052_16999402659724_500.jpg,False
2024-01,F,001011,민소매 티셔츠,001,상의,16,3135341,highschooldisco,하이스쿨디스코,CRUMPLED SLIP TOP_IVORY,https://image.msscdn.net/images/goods_img/20230309/3135341/3135341_16783336495655_500.jpg,False
2024-01,F,001011,민소매 티셔츠,001,상의,17,3195232,painorpleasure,페인오어플레져,ALLEGRO TOP light purple,https://image.msscdn.net/images/goods_img/20230330/3195232/3195232_16903514887353_500.jpg,False
2024-01,F,001011,민소매 티셔츠,001,상의,18,3393131,glowny,글로니,G CLASSIC SHORT TANK (WHITE),https://image.msscdn.net/images/goods_img/20230704/3393131/3393131_16884321324428_500.jpg,False
2024-01,F,001011,민소매 티셔츠,001,상의,19,3135348,musinsastandardwoman,무신사 스탠다드 우먼,우먼즈 레이서 백 크롭 탱크 탑 [블랙],https://image.msscdn.net/images/goods_img/20230309/3135348/3135348_16964861254676_500.jpg,False
2024-01,F,001011,민소매 티셔츠,001,상의,20,3195302,painorpleasure,페인오어플레져,ALLEGRO TOP beige,https://image.msscdn.net/images/goods_img/20230330/3195302/3195302_16903513971224_500.jpg,False
2024-01,F,001011,민소매 티셔츠,001,상의,21,2441386,musinsastandardwoman,무신사 스탠다드 우먼,우먼즈 스트링 크롭 슬리브리스 탑 2팩,https://image.msscdn.net/images/goods_img/20220324/2441386/2441386_17133404652844_500.jpg,False
2024-01,F,001011,민소매 티셔츠,001,상의,22,3393135,glowny,글로니,G CLASSIC SHORT TANK (BLACK),https://image.msscdn.net/images/goods_img/20230704/3393135/3393135_16884326427612_500.jpg,False
2024-01,F,001011,민소매 티셔츠,001,상의,23,3305967,luvistrue,러브이즈트루,PY HALTER NECK(BLUE),https://image.msscdn.net/images/goods_img/20230518/3305967/3305967_16843897874527_500.jpg,False
2024-01,F,001011,민소매 티셔츠,001,상의,24,3266002,bittercells,비터셀즈,발레 슬리브리스-핑크,https://image.msscdn.net/images/goods_img/20230427/3266002/3266002_16831886751081_500.jpg,False
2024-01,F,001011,민소매 티셔츠,001,상의,25,3662708,ods,오디에스,로제 니트 뷔스티에 (그레이),https://image.msscdn.net/images/goods_img/20231026/3662708/3662708_16983137682647_500.jpg,False
2024-01,F,001011,민소매 티셔츠,001,상의,26,3535791,restandrecreation,레스트앤레크레이션,RR HAIRY TANK TOP_BLACK,https://image.msscdn.net/images/goods_img/20230906/3535791/3535791_16939976645034_500.jpg,False
2024-01,F,001011,민소매 티셔츠,001,상의,27,3170484,courreges,꾸레쥬,여성 니티드 탱크 탑 리에디션 - 블랙 / PERMDE012FI00019999,https://image.msscdn.net/images/goods_img/20230322/3170484/3170484_16842220219729_500.jpg,False
2024-01,F,001011,민소매 티셔츠,001,상의,28,3135349,musinsastandardwoman,무신사 스탠다드 우먼,우먼즈 레이서 백 크롭 탱크 탑 [화이트],https://image.msscdn.net/images/goods_img/20230309/3135349/3135349_16866628450185_500.jpg,False
2024-01,F,001011,민소매 티셔츠,001,상의,29,3704268,glowny,글로니,G CLASSIC RIB TANK (WHITE),https://image.msscdn.net/images/goods_img/20231110/3704268/3704268_17012605090599_500.jpg,False
2024-01,F,001011,민소매 티셔츠,001,상의,30,2478773,nastyfancyclub,팬시클럽,[NF] 큐티-파이 슬리브리스 (BLACK)_F22QB419,https://image.msscdn.net/images/goods_img/20220411/2478773/2478773_16854214775610_500.jpg,False
2024-01,F,001008,기타 상의,001,상의,1,2660716,1993studio,1993스튜디오,빈티지 반 집업_라이트그레이,https://image.msscdn.net/images/goods_img/20220712/2660716/2660716_1_500.jpg,False
2024-01,F,001008,기타 상의,001,상의,2,2992082,bluegrain,블루그레인,잘만브라 3 PACK,https://image.msscdn.net/images/goods_img/20221221/2992082/2992082_17471249108793_500.jpg,False
2024-01,F,001008,기타 상의,001,상의,3,2054385,1993studio,1993스튜디오,빈티지 반 집업_네이비,https://image.msscdn.net/images/goods_img/20210809/2054385/2054385_4_500.jpg,False
2024-01,F,001008,기타 상의,001,상의,4,3600493,coquetstudio,코케트,[ WOMAN ] KNIT STRIPE HALF ZIP-UP,https://image.msscdn.net/images/goods_img/20231003/3600493/3600493_16965720425846_500.jpg,False
2024-01,F,001008,기타 상의,001,상의,5,2660715,1993studio,1993스튜디오,빈티지 반 집업_다크그린,https://image.msscdn.net/images/goods_img/20220712/2660715/2660715_1_500.jpg,False
2024-01,F,001008,기타 상의,001,상의,6,1560932,1993studio,1993스튜디오,빈티지 반 집업_그레이,https://image.msscdn.net/images/goods_img/20200824/1560932/1560932_17050197827178_500.jpg,False
2024-01,F,001008,기타 상의,001,상의,7,2660728,1993studio,1993스튜디오,빈티지 반 집업_오트베이지,https://image.msscdn.net/images/goods_img/20220712/2660728/2660728_1_500.jpg,False
2024-01,F,001008,기타 상의,001,상의,8,2660719,1993studio,1993스튜디오,빈티지 반 집업_블랙,https://image.msscdn.net/images/goods_img/20220712/2660719/2660719_1_500.jpg,False
2024-01,F,001008,기타 상의,001,상의,9,3351097,andar,안다르,[2 PACK] 비 프리 올데이 크롭탑,https://image.msscdn.net/images/goods_img/20230607/3351097/3351097_17636939400912_500.jpg,False
2024-01,F,001008,기타 상의,001,상의,10,3760011,gainsboro,게인스보로,[패키지]로럴골든 하프집업_5COLOR,https://image.msscdn.net/images/goods_img/20231219/3760011/3760011_17192747575955_500.jpg,False
2024-01,F,001008,기타 상의,001,상의,11,2945362,bluegrain,블루그레인,잘만브라 [블랙],https://image.msscdn.net/images/goods_img/20221116/2945362/2945362_17490197684846_500.jpg,False
2024-01,F,001008,기타 상의,001,상의,12,3298988,comfortlab,컴포트랩,에르고핏 코튼 크롭 나시탑,https://image.msscdn.net/images/goods_img/20230516/3298988/3298988_17806361749838_500.jpg,False
2024-01,F,001008,기타 상의,001,상의,13,3622811,citybreeze,시티브리즈,아치 로고 플리스 하프 집업_BLACK,https://image.msscdn.net/images/goods_img/20231012/3622811/3622811_17014033488658_500.jpg,False
2024-01,F,001008,기타 상의,001,상의,14,2054397,1993studio,1993스튜디오,빈티지 반 집업_차콜,https://image.msscdn.net/images/goods_img/20210809/2054397/2054397_17050199103603_500.jpg,False
2024-01,F,001008,기타 상의,001,상의,15,3679721,runninghigh,러닝하이,리버시블 크롭 봄버 자켓 [블랙],https://image.msscdn.net/images/goods_img/20231102/3679721/3679721_17004904829932_500.jpg,False
2024-01,F,001008,기타 상의,001,상의,16,3041804,timcomix,팀코믹스,COLOR BLOCK RAGLAN HAIF ZIP UP GREEN,https://image.msscdn.net/images/goods_img/20230126/3041804/3041804_16765986453054_500.jpg,False
2024-01,F,001008,기타 상의,001,상의,17,3618821,moonfairy,문페어리,MF 페어리 유니폼 하프 집업-핑크,https://image.msscdn.net/images/goods_img/20231011/3618821/3618821_16971079463472_500.jpg,False
2024-01,F,001008,기타 상의,001,상의,18,3439145,travel,트래블,브이라인 립 피그먼트 집업 자켓 허니콤 베이지,https://image.msscdn.net/images/goods_img/20230801/3439145/3439145_16928484843116_500.jpg,False
2024-01,F,001008,기타 상의,001,상의,19,3592234,debbyupper,데비어퍼,DALYN SHOULDER HOLE TOP_LIGHT PURPLE,https://image.msscdn.net/images/goods_img/20230925/3592234/3592234_16956296324429_500.jpg,False
2024-01,F,001008,기타 상의,001,상의,20,2730670,partimentowomen,파르티멘토 우먼,클래식 로고 하프 집업 스웻셔츠_블랙,https://image.msscdn.net/images/goods_img/20220819/2730670/2730670_16950103951320_500.jpg,False
2024-01,F,001008,기타 상의,001,상의,21,1925587,underarmour,언더아머,인피니티 하이 스포츠 브라 1351994-001,https://image.msscdn.net/images/goods_img/20210428/1925587/1925587_1_500.jpg,False
2024-01,F,001008,기타 상의,001,상의,22,2754383,ebbetsfield,이벳필드,브루클린 이글스 피그먼트 하프집업 라이트그레이,https://image.msscdn.net/images/goods_img/20220830/2754383/2754383_1_500.jpg,False
2024-01,F,001008,기타 상의,001,상의,23,2754382,ebbetsfield,이벳필드,브루클린 이글스 피그먼트 하프집업 블루,https://image.msscdn.net/images/goods_img/20220830/2754382/2754382_1_500.jpg,False
2024-01,F,001008,기타 상의,001,상의,24,3041803,timcomix,팀코믹스,COLOR BLOCK RAGLAN HAIF ZIP UP GRAY,https://image.msscdn.net/images/goods_img/20230126/3041803/3041803_16766106640025_500.jpg,False
2024-01,F,001008,기타 상의,001,상의,25,3415511,bluegrain,블루그레인,잘만브라 PROZIP 플렉서블 [블랙],https://image.msscdn.net/images/goods_img/20230719/3415511/3415511_16897477093061_500.jpg,False
2024-01,F,001008,기타 상의,001,상의,26,3584690,nautica,노티카,83플래그 폴라 하프집업(크림),https://image.msscdn.net/images/goods_img/20230921/3584690/3584690_17278565370934_500.jpg,False
2024-01,F,001008,기타 상의,001,상의,27,3764374,sculptor,스컬프터,Casper Lace Zip-up Tee Ghost Sheer,https://image.msscdn.net/images/goods_img/20231221/3764374/3764374_17035806830281_500.jpg,False
2024-01,F,001008,기타 상의,001,상의,28,3479521,macky,맥키,샤인 집업 스웻셔츠 아이보리,https://image.msscdn.net/images/goods_img/20230821/3479521/3479521_16934527398893_500.jpg,False
2024-01,F,001008,기타 상의,001,상의,29,2708448,oel,오오엠엘,하프 집업 맨투맨 + 조거 팬츠 셋업,https://image.msscdn.net/images/goods_img/20220810/2708448/2708448_1_500.jpg,False
2024-01,F,001008,기타 상의,001,상의,30,2227485,luvistrue,러브이즈트루,OW VELVET ZIP UP(BLACK),https://image.msscdn.net/images/goods_img/20211111/2227485/2227485_2_500.jpg,False
2024-01,F,002,아우터,,,1,3640947,trillion,트릴리온,워셔블 아란 케이블 후드 집업 니트 (IVORY),https://image.msscdn.net/images/goods_img/20231019/3640947/3640947_17170490498222_500.jpg,False
2024-01,F,002,아우터,,,2,2700048,musinsastandardwoman,무신사 스탠다드 우먼,우먼즈 캐시미어 블렌드 발마칸 로브 코트 [블랙],https://image.msscdn.net/images/goods_img/20220805/2700048/2700048_17661148134527_500.jpg,False
2024-01,F,002,아우터,,,3,2037167,spao,스파오,파스텔 푸퍼_SPJPE4TG01,https://image.msscdn.net/images/goods_img/20210722/2037167/2037167_17631352702771_500.jpg,False
2024-01,F,002,아우터,,,4,3551101,blackmoment,블랙모먼트,비건 스웨이드 오버핏 미니멀 인시전 스트레이트 집업 자켓 [브라운],https://image.msscdn.net/images/goods_img/20230912/3551101/3551101_16970790961650_500.jpg,False
2024-01,F,002,아우터,,,5,1778404,toffee,토피,2WAY 스웻 후드 집업 (MELANGE GREY),https://image.msscdn.net/images/goods_img/20210204/1778404/1778404_1_500.jpg,False
2024-01,F,002,아우터,,,6,3555045,covernat,커버낫,RDS 씨빅 숏 푸퍼 블랙,https://image.msscdn.net/images/goods_img/20230913/3555045/3555045_16947539245253_500.png,False
2024-01,F,002,아우터,,,7,3391616,spao,스파오,파스텔 푸퍼 (코듀로이)_SPJPD4TG02,https://image.msscdn.net/images/goods_img/20230703/3391616/3391616_16897518417977_500.jpg,False
2024-01,F,002,아우터,,,8,2835510,yale,예일,리버시블 웜업 퀄팅 자켓 블랙/아이보리,https://image.msscdn.net/images/goods_img/20221004/2835510/2835510_17484885537592_500.jpg,False
2024-01,F,002,아우터,,,9,3434619,generalideastandard,제너럴아이디어,GNRL 에센셜 가디건 [BLACK] / WBC3L04503,https://image.msscdn.net/images/goods_img/20230731/3434619/3434619_17676888596329_500.jpg,False
2024-01,F,002,아우터,,,10,3477691,yale,예일,엠브로이더리 댄 카라리스 퀼팅 플리스 자켓_아이보리,https://image.msscdn.net/images/goods_img/20230818/3477691/3477691_17080656880557_500.jpg,False
2024-01,F,002,아우터,,,11,3002387,nicknicole,닉앤니콜,NICOLE VOLUME PUFFER SHORT PADDING_6 COLOR,https://image.msscdn.net/images/goods_img/20221230/3002387/3002387_17355263132141_500.jpg,False
2024-01,F,002,아우터,,,12,3676631,thegreenlab,더그린랩,FAUX 퍼 하이넥 무스탕 쟈켓 [블랙/아이보리],https://image.msscdn.net/images/goods_img/20231101/3676631/3676631_17652382927889_500.jpg,False
2024-01,F,002,아우터,,,13,2238440,partimento,파르티멘토,오버사이즈 멜톤 더플 롱 코트 네이비,https://image.msscdn.net/images/goods_img/20211117/2238440/2238440_1_500.jpg,False
2024-01,F,002,아우터,,,14,3662247,adidas,아디다스,ADILENIUM 오버사이즈 트랙탑 - 블랙 / IV9339,https://image.msscdn.net/images/goods_img/20231026/3662247/3662247_16983776905895_500.jpg,False
2024-01,F,002,아우터,,,15,3565977,millowomen,밀로 우먼,버튼 후드 볼레로 가디건 [블랙],https://image.msscdn.net/images/goods_img/20230915/3565977/3565977_17875513782795_500.jpg,False
2024-01,F,002,아우터,,,16,2686494,lee,리,베이직 다운 점퍼 블랙,https://image.msscdn.net/images/goods_img/20220728/2686494/2686494_16994039679105_500.jpg,False
2024-01,F,002,아우터,,,17,3422706,adidas,아디다스,파이어버드 트랙탑  - 블랙 / IL8764,https://image.msscdn.net/images/goods_img/20230724/3422706/3422706_16904232602323_500.jpg,False
2024-01,F,002,아우터,,,18,452483,doffjason,도프제이슨,솔리드 무톤 자켓,https://image.msscdn.net/images/goods_img/20161123/452483/452483_2_500.jpg,False
2024-01,F,002,아우터,,,19,3691512,placestudio,플레이스 스튜디오,리버시블 스웨이드 후드 크롭 더플 코트 집업 자켓 3COLOR,https://image.msscdn.net/images/goods_img/20231107/3691512/3691512_17013030948874_500.jpg,False
2024-01,F,002,아우터,,,20,3023666,toffee,토피,2WAY 크롭 스웻 후드 집업 (MELANGE GREY),https://image.msscdn.net/images/goods_img/20230113/3023666/3023666_16750529666533_500.jpg,False
2024-01,F,002,아우터,,,21,3417808,lee,리,우먼 크롭 숏 다운 블랙,https://image.msscdn.net/images/goods_img/20230720/3417808/3417808_16909628356837_500.jpg,False
2024-01,F,002,아우터,,,22,2792169,bittercells,비터셀즈,글로시 크롭 푸퍼 자켓-블랙,https://image.msscdn.net/images/goods_img/20220914/2792169/2792169_17685260819246_500.png,False
2024-01,F,002,아우터,,,23,3434621,generalideastandard,제너럴아이디어,GNRL 에센셜 가디건 [6COL] / WBC3L04503,https://image.msscdn.net/images/goods_img/20230731/3434621/3434621_17682051685983_500.jpg,False
2024-01,F,002,아우터,,,24,3697580,compagno,꼼파뇨,[2-WAY] 커브드 블록 니트 집업 블랙,https://image.msscdn.net/images/goods_img/20231108/3697580/3697580_17047815740073_500.jpg,False
2024-01,F,002,아우터,,,25,2792168,bittercells,비터셀즈,글로시 크롭 푸퍼 자켓-실버,https://image.msscdn.net/images/goods_img/20220914/2792168/2792168_17630957250861_500.jpg,False
2024-01,F,002,아우터,,,26,2863075,trillion,트릴리온,유니섹스 발마칸 더플 숏 코트 (BLACK),https://image.msscdn.net/images/goods_img/20221014/2863075/2863075_1_500.jpg,False
2024-01,F,002,아우터,,,27,2124218,musinsastandardwoman,무신사 스탠다드 우먼,우먼즈 캐시미어 블렌드 핸드메이드 더블 코트 [블랙],https://image.msscdn.net/images/goods_img/20210910/2124218/2124218_17821830930854_500.jpg,False
2024-01,F,002,아우터,,,28,3422193,musinsastandardwoman,무신사 스탠다드 우먼,우먼즈 데일리 푸퍼 숏 패딩 재킷 [아이보리],https://image.msscdn.net/images/goods_img/20230724/3422193/3422193_17616168157719_500.jpg,False
2024-01,F,002,아우터,,,29,2700056,musinsastandardwoman,무신사 스탠다드 우먼,우먼즈 캐시미어 블렌드 쇼트 맥 코트 [블랙],https://image.msscdn.net/images/goods_img/20220805/2700056/2700056_17358854245695_500.jpg,False
2024-01,F,002,아우터,,,30,3640577,leathery,레더리,오블리크 오버핏 레더 무스탕 자켓 [BLACK],https://image.msscdn.net/images/goods_img/20231019/3640577/3640577_17645621888296_500.jpg,False
2024-01,F,002022,후드 집업,002,아우터,1,3640947,trillion,트릴리온,워셔블 아란 케이블 후드 집업 니트 (IVORY),https://image.msscdn.net/images/goods_img/20231019/3640947/3640947_17170490498222_500.jpg,False
2024-01,F,002022,후드 집업,002,아우터,2,1778404,toffee,토피,2WAY 스웻 후드 집업 (MELANGE GREY),https://image.msscdn.net/images/goods_img/20210204/1778404/1778404_1_500.jpg,False
2024-01,F,002022,후드 집업,002,아우터,3,3023666,toffee,토피,2WAY 크롭 스웻 후드 집업 (MELANGE GREY),https://image.msscdn.net/images/goods_img/20230113/3023666/3023666_16750529666533_500.jpg,False
2024-01,F,002022,후드 집업,002,아우터,4,3471419,youhee,유희,YOUHEE RIBBON HOOD ZIP-UP MELANGE GREY,https://image.msscdn.net/images/goods_img/20230817/3471419/3471419_17095181148733_500.jpg,False
2024-01,F,002022,후드 집업,002,아우터,5,3767723,yale,예일,투톤아치 크롭 후드집업_오트밀,https://image.msscdn.net/images/goods_img/20231226/3767723/3767723_17044212641965_500.jpg,False
2024-01,F,002022,후드 집업,002,아우터,6,3590961,nastyfancyclub,팬시클럽,[PPG X FANCY] 스페이스 트레이닝 셋업 (CHARCOAL)_F23PG1035X1034,https://image.msscdn.net/images/goods_img/20230925/3590961/3590961_16965812848564_500.jpg,False
2024-01,F,002022,후드 집업,002,아우터,7,3767724,yale,예일,투톤아치 크롭 후드집업_블랙,https://image.msscdn.net/images/goods_img/20231226/3767724/3767724_17043656682583_500.jpg,False
2024-01,F,002022,후드 집업,002,아우터,8,3817370,treemingbird,트리밍버드,TMB Square Logo Sweat Hoodie Zip-up [ Black ],https://image.msscdn.net/images/goods_img/20240124/3817370/3817370_17388142435862_500.jpg,False
2024-01,F,002022,후드 집업,002,아우터,9,3466424,havism,해비즘,FLOWER ZIP UP HOOD(WINE),https://image.msscdn.net/images/goods_img/20230816/3466424/3466424_16927694120869_500.jpg,False
2024-01,F,002022,후드 집업,002,아우터,10,3817372,treemingbird,트리밍버드,TMB Square Logo Sweat Hoodie Zip-up [ Gray ],https://image.msscdn.net/images/goods_img/20240124/3817372/3817372_17388147749575_500.jpg,False
2024-01,F,002022,후드 집업,002,아우터,11,1778408,toffee,토피,2WAY 스웻 후드 집업 (BLACK),https://image.msscdn.net/images/goods_img/20210204/1778408/1778408_17168650383792_500.jpg,False
2024-01,F,002022,후드 집업,002,아우터,12,3701642,glowny,글로니,G CLASSIC WASHED CROP ZIP UP (GRAY),https://image.msscdn.net/images/goods_img/20231109/3701642/3701642_17012621265805_500.jpg,False
2024-01,F,002022,후드 집업,002,아우터,13,2287431,wooalong,우알롱,Signature hood zip-up - BLACK,https://image.msscdn.net/images/goods_img/20211230/2287431/2287431_17586053750352_500.jpg,False
2024-01,F,002022,후드 집업,002,아우터,14,2378454,prendafromplant,프렌다,MAIN LOGO CROPPED HOOD ZIP-UP HEATHER GRAY,https://image.msscdn.net/images/goods_img/20220222/2378454/2378454_2_500.jpg,False
2024-01,F,002022,후드 집업,002,아우터,15,3701682,glowny,글로니,G CLASSIC WASHED CROP ZIP UP (CHARCOAL),https://image.msscdn.net/images/goods_img/20231109/3701682/3701682_17012621581243_500.jpg,False
2024-01,F,002022,후드 집업,002,아우터,16,2712417,filluminate,필루미네이트,투웨이 에센셜 후드 집업-그레이,https://image.msscdn.net/images/goods_img/20220811/2712417/2712417_16963910031844_500.jpg,False
2024-01,F,002022,후드 집업,002,아우터,17,2954589,satur,세터,테오 코튼 올 데이 후드 집업 팔레트 블랙,https://image.msscdn.net/images/goods_img/20221122/2954589/2954589_17241610712825_500.jpg,False
2024-01,F,002022,후드 집업,002,아우터,18,3701772,glowny,글로니,G CLASSIC WASHED BOXY ZIP UP (CHARCOAL),https://image.msscdn.net/images/goods_img/20231109/3701772/3701772_17012619483513_500.jpg,False
2024-01,F,002022,후드 집업,002,아우터,19,2718414,satur,세터,테오 코튼 올 데이 후드 집업 멜란지 아이보리,https://image.msscdn.net/images/goods_img/20220816/2718414/2718414_17580019828614_500.jpg,False
2024-01,F,002022,후드 집업,002,아우터,20,2287430,wooalong,우알롱,Signature hood zip-up - GREY,https://image.msscdn.net/images/goods_img/20211230/2287430/2287430_17586054146422_500.jpg,False
2024-01,F,002022,후드 집업,002,아우터,21,3777826,nohant,노앙,LONELY/LOVELY WASHED HOODIE ZIP-UP_GRAY,https://image.msscdn.net/images/goods_img/20240105/3777826/3777826_17050513899907_500.jpg,False
2024-01,F,002022,후드 집업,002,아우터,22,3701615,glowny,글로니,G CLASSIC WASHED CROP ZIP UP (WHITE),https://image.msscdn.net/images/goods_img/20231109/3701615/3701615_17012620934802_500.jpg,False
2024-01,F,002022,후드 집업,002,아우터,23,2699050,prendafromplant,프렌다,MAIN LOGO TWISTED KNIT HOOD ZIP-UP GREEN,https://image.msscdn.net/images/goods_img/20220804/2699050/2699050_1_500.jpg,False
2024-01,F,002022,후드 집업,002,아우터,24,3417419,whatitisnt,와키윌리,[23FW] 와펜 후드집업 멜란지 그레이,https://image.msscdn.net/images/goods_img/20230720/3417419/3417419_16904261567633_500.jpg,False
2024-01,F,002022,후드 집업,002,아우터,25,3603508,avan,어반드레스,[SET] AV LOGO CROP HOOD ZIP-UP & PANTS BLACK STITCH,https://image.msscdn.net/images/goods_img/20231004/3603508/3603508_17193829622000_500.jpg,False
2024-01,F,002022,후드 집업,002,아우터,26,3426543,sorano,소라노,SORANO 11-SPORTY HOODIE ZIP-UP [3Color],https://image.msscdn.net/images/goods_img/20230725/3426543/3426543_16902720171167_500.jpg,False
2024-01,F,002022,후드 집업,002,아우터,27,3777829,nohant,노앙,LONELY/LOVELY WASHED HOODIE ZIP-UP_SOFT RED,https://image.msscdn.net/images/goods_img/20240105/3777829/3777829_17050514662685_500.jpg,False
2024-01,F,002022,후드 집업,002,아우터,28,2718413,satur,세터,테오 코튼 올 데이 후드 집업 멜란지 그레이,https://image.msscdn.net/images/goods_img/20220816/2718413/2718413_17241608813972_500.jpg,False
2024-01,F,002022,후드 집업,002,아우터,29,3682673,compagno,꼼파뇨,[2-WAY] 스타 앤 썬 레글런 후드 집업 챠콜,https://image.msscdn.net/images/goods_img/20231103/3682673/3682673_17004453317015_500.jpg,False
2024-01,F,002022,후드 집업,002,아우터,30,3547503,physicaleducation,피지컬 에듀케이션 디파트먼트,스타테일 컬러블럭 후드집업_그린 베이지,https://image.msscdn.net/images/goods_img/20230910/3547503/3547503_16988200046160_500.jpg,False
2024-01,F,002001,블루종/MA-1,002,아우터,1,3551114,blackmoment,블랙모먼트,비건 스웨이드 오버핏 미니멀 인시전 스트레이트 집업 자켓 [블랙],https://image.msscdn.net/images/goods_img/20230912/3551114/3551114_17567882505384_500.jpg,False
2024-01,F,002001,블루종/MA-1,002,아우터,2,2787217,partimentowomen,파르티멘토 우먼,코듀로이 봄버 자켓_차콜 그레이,https://image.msscdn.net/images/goods_img/20220913/2787217/2787217_1_500.jpg,False
2024-01,F,002001,블루종/MA-1,002,아우터,3,3390511,standarderror,스탠다드에러,87-STAN009 스탠다드 블루종 스웨이드 자켓 카키,https://image.msscdn.net/images/goods_img/20230630/3390511/3390511_17551525806450_500.jpg,False
2024-01,F,002001,블루종/MA-1,002,아우터,4,3440439,costumeoclock,커스텀어클락,커브드 투웨이 항공 패딩 점퍼 블랙 5COLOR COOSJP045BLACK,https://image.msscdn.net/images/goods_img/20230801/3440439/3440439_17871947407904_500.jpg,False
2024-01,F,002001,블루종/MA-1,002,아우터,5,3650974,trillion,트릴리온,스웨이드 리벳 블루종 집업 자켓 (BROWN),https://image.msscdn.net/images/goods_img/20231023/3650974/3650974_17171419683595_500.jpg,False
2024-01,F,002001,블루종/MA-1,002,아우터,6,3551105,blackmoment,블랙모먼트,비건 스웨이드 오버핏 미니멀 인시전 스트레이트 집업 자켓 [카키],https://image.msscdn.net/images/goods_img/20230912/3551105/3551105_17567871390420_500.jpg,False
2024-01,F,002001,블루종/MA-1,002,아우터,7,2996683,kiimuir,키뮤어,울(WOOL) 헤링턴 자켓_블랙,https://image.msscdn.net/images/goods_img/20221226/2996683/2996683_17901348850178_500.jpg,False
2024-01,F,002001,블루종/MA-1,002,아우터,8,3613942,xtonz,엑스톤즈,XJ107 인시전 셔링 MA-1 자켓 (KHAKI),https://image.msscdn.net/images/goods_img/20231010/3613942/3613942_17575594978802_500.jpg,False
2024-01,F,002001,블루종/MA-1,002,아우터,9,3440438,costumeoclock,커스텀어클락,커브드 투웨이 항공 패딩 점퍼 다크그레이 COOSJP045DGRAY,https://image.msscdn.net/images/goods_img/20230801/3440438/3440438_17871947679501_500.jpg,False
2024-01,F,002001,블루종/MA-1,002,아우터,10,2701875,placestudio,플레이스 스튜디오,투웨이 블루종 스웨이드 밴딩 점퍼 자켓 [브라운],https://image.msscdn.net/images/goods_img/20220805/2701875/2701875_17592162151190_500.jpg,False
2024-01,F,002001,블루종/MA-1,002,아우터,11,3439811,urbandtype,어반디타입,유틸리티 MA1 자켓 _ 블랙_OL243,https://image.msscdn.net/images/goods_img/20230801/3439811/3439811_17268008973571_500.jpg,False
2024-01,F,002001,블루종/MA-1,002,아우터,12,3439805,urbandtype,어반디타입,유틸리티 MA1 자켓 _ 민트_OL241,https://image.msscdn.net/images/goods_img/20230801/3439805/3439805_17556637385964_500.jpg,False
2024-01,F,002001,블루종/MA-1,002,아우터,13,3405560,musinsastandardwoman,무신사 스탠다드 우먼,우먼즈 울 블렌드 블루종 재킷 [그레이],https://image.msscdn.net/images/goods_img/20230712/3405560/3405560_17231646445936_500.jpg,False
2024-01,F,002001,블루종/MA-1,002,아우터,14,3637243,trillion,트릴리온,울 엘보우 패치 2WAY 해링턴 자켓 (BLACK),https://image.msscdn.net/images/goods_img/20231018/3637243/3637243_17171437931541_500.jpg,False
2024-01,F,002001,블루종/MA-1,002,아우터,15,2701889,placestudio,플레이스 스튜디오,투웨이 블루종 스웨이드 밴딩 점퍼 자켓 [아이보리],https://image.msscdn.net/images/goods_img/20220805/2701889/2701889_11_500.jpg,False
2024-01,F,002001,블루종/MA-1,002,아우터,16,3650976,trillion,트릴리온,스웨이드 리벳 블루종 집업 자켓 (BLACK),https://image.msscdn.net/images/goods_img/20231023/3650976/3650976_17171418153038_500.jpg,False
2024-01,F,002001,블루종/MA-1,002,아우터,17,3487837,kiimuir,키뮤어,(4 COLOR) 2-WAY 릴렉스드 패디드 바이커 점퍼,https://image.msscdn.net/images/goods_img/20230822/3487837/3487837_17168739005162_500.jpg,False
2024-01,F,002001,블루종/MA-1,002,아우터,18,3511508,niceghostclub,나이스고스트클럽,DANCE OF NICEGHOST SOUVENIR JACKET_BLACK(NG2DFUB934A),https://image.msscdn.net/images/goods_img/20230829/3511508/3511508_16988854749493_500.jpg,False
2024-01,F,002001,블루종/MA-1,002,아우터,19,3390508,standarderror,스탠다드에러,87-STAN009  스탠다드 블루종 스웨이드 자켓 블랙,https://image.msscdn.net/images/goods_img/20230630/3390508/3390508_17551524634252_500.jpg,False
2024-01,F,002001,블루종/MA-1,002,아우터,20,3131837,trillion,트릴리온,트윌 리벳 블루종 집업 자켓 (CREAM),https://image.msscdn.net/images/goods_img/20230308/3131837/3131837_16783456349510_500.jpg,False
2024-01,F,002001,블루종/MA-1,002,아우터,21,3561548,insilencewomen,인사일런스 우먼,셔링 MA-1 점퍼 LIGHT BEIGE,https://image.msscdn.net/images/goods_img/20230914/3561548/3561548_16952880941494_500.jpg,False
2024-01,F,002001,블루종/MA-1,002,아우터,22,3487683,kiimuir,키뮤어,카라리스 퀼팅 자켓_블랙,https://image.msscdn.net/images/goods_img/20230822/3487683/3487683_16933554995832_500.jpg,False
2024-01,F,002001,블루종/MA-1,002,아우터,23,2653656,musinsastandardwoman,무신사 스탠다드 우먼,우먼즈 크롭 MA-1 보머 재킷 [블랙],https://image.msscdn.net/images/goods_img/20220708/2653656/2653656_16909401420865_500.jpg,False
2024-01,F,002001,블루종/MA-1,002,아우터,24,3405561,musinsastandardwoman,무신사 스탠다드 우먼,우먼즈 울 블렌드 블루종 재킷 [블랙],https://image.msscdn.net/images/goods_img/20230712/3405561/3405561_17358865002101_500.jpg,False
2024-01,F,002001,블루종/MA-1,002,아우터,25,3139168,trillion,트릴리온,트윌 리벳 블루종 집업 자켓 (BLACK),https://image.msscdn.net/images/goods_img/20230310/3139168/3139168_16784164342080_500.jpg,False
2024-01,F,002001,블루종/MA-1,002,아우터,26,2085156,ironypornowhiteline,아이러니포르노 화이트라인,IRO097 크루얼티프리 알파 스웨이드 자켓 블랙,https://image.msscdn.net/images/goods_img/20210825/2085156/2085156_17579141539142_500.jpg,False
2024-01,F,002001,블루종/MA-1,002,아우터,27,3551090,blackmoment,블랙모먼트,비건 스웨이드 오버핏 미니멀 인시전 스트레이트 집업 자켓 [아이보리],https://image.msscdn.net/images/goods_img/20230912/3551090/3551090_17567897291248_500.jpg,False
2024-01,F,002001,블루종/MA-1,002,아우터,28,3440437,costumeoclock,커스텀어클락,커브드 투웨이 항공 패딩 점퍼 카키 COOSJP045KHAKI,https://image.msscdn.net/images/goods_img/20230801/3440437/3440437_17871947803190_500.jpg,False
2024-01,F,002001,블루종/MA-1,002,아우터,29,3487809,kiimuir,키뮤어,패디드 후드 2-WAY 점퍼_블랙,https://image.msscdn.net/images/goods_img/20230822/3487809/3487809_16933554546511_500.jpg,False
2024-01,F,002001,블루종/MA-1,002,아우터,30,3019671,lmood,엘무드,더스티 웨스턴 블루종 자켓 카키,https://image.msscdn.net/images/goods_img/20230111/3019671/3019671_17083089992446_500.jpg,False
2024-01,F,002002,레더/라이더스 재킷,002,아우터,1,3551101,blackmoment,블랙모먼트,비건 스웨이드 오버핏 미니멀 인시전 스트레이트 집업 자켓 [브라운],https://image.msscdn.net/images/goods_img/20230912/3551101/3551101_16970790961650_500.jpg,False
2024-01,F,002002,레더/라이더스 재킷,002,아우터,2,2139011,ladyvolume,레이디 볼륨,465-1 비건 레더 오버핏 자켓,https://image.msscdn.net/images/goods_img/20210917/2139011/2139011_3_500.jpg,False
2024-01,F,002002,레더/라이더스 재킷,002,아우터,3,2140335,placestudio,플레이스 스튜디오,비건 레더 오버핏 블루종 [블랙],https://image.msscdn.net/images/goods_img/20210917/2140335/2140335_9_500.jpg,False
2024-01,F,002002,레더/라이더스 재킷,002,아우터,4,1593755,partimento,파르티멘토,[비건 레더] 필드 자켓 블랙,https://image.msscdn.net/images/goods_img/20200909/1593755/1593755_1_500.jpg,False
2024-01,F,002002,레더/라이더스 재킷,002,아우터,5,3558422,partimentowomen,파르티멘토 우먼,워시드 레더 바이커 자켓_블랙,https://image.msscdn.net/images/goods_img/20230913/3558422/3558422_16953835483704_500.jpg,False
2024-01,F,002002,레더/라이더스 재킷,002,아우터,6,3736293,placestudio,플레이스 스튜디오,비건 레더 오버핏 카라 밴딩 자켓 [블랙],https://image.msscdn.net/images/goods_img/20231128/3736293/3736293_17306798249169_500.jpg,False
2024-01,F,002002,레더/라이더스 재킷,002,아우터,7,3477452,dimitriblack,디미트리블랙,어센틱 워시드 PU 레더 자켓_블랙,https://image.msscdn.net/images/goods_img/20230818/3477452/3477452_17171351692119_500.png,False
2024-01,F,002002,레더/라이더스 재킷,002,아우터,8,2140314,placestudio,플레이스 스튜디오,비건 레더 오버핏 블루종 [브라운],https://image.msscdn.net/images/goods_img/20210917/2140314/2140314_11_500.jpg,False
2024-01,F,002002,레더/라이더스 재킷,002,아우터,9,1576682,doffjason,도프제이슨,오버핏 램스킨 싱글 자켓,https://image.msscdn.net/images/goods_img/20200901/1576682/1576682_6_500.jpg,False
2024-01,F,002002,레더/라이더스 재킷,002,아우터,10,3558423,partimentowomen,파르티멘토 우먼,워시드 레더 바이커 자켓_카키 브라운,https://image.msscdn.net/images/goods_img/20230913/3558423/3558423_16953835290778_500.jpg,False
2024-01,F,002002,레더/라이더스 재킷,002,아우터,11,3577504,placestudio,플레이스 스튜디오,웨이브 빈티지 심플 카라 레더 자켓 점퍼 [브라운],https://image.msscdn.net/images/goods_img/20230920/3577504/3577504_17503836070793_500.jpg,False
2024-01,F,002002,레더/라이더스 재킷,002,아우터,12,3420576,bittercells,비터셀즈,스타 레더 자켓(워시드)(오버핏)-브라운,https://image.msscdn.net/images/goods_img/20230721/3420576/3420576_17095980425574_500.jpg,False
2024-01,F,002002,레더/라이더스 재킷,002,아우터,13,3189550,saintlaurent,생로랑,클래식 모터사이클 재킷 - 블랙 / 481862YC2NI1000,https://image.msscdn.net/images/goods_img/20230329/3189550/3189550_16841157000173_500.jpg,False
2024-01,F,002002,레더/라이더스 재킷,002,아우터,14,2699766,partimento,파르티멘토,[비건 레더] 래글런 바시티 자켓 블랙,https://image.msscdn.net/images/goods_img/20220804/2699766/2699766_1_500.jpg,False
2024-01,F,002002,레더/라이더스 재킷,002,아우터,15,2734141,nastyfancyclub,팬시클럽,[NF] 바이크 크롭 레더 자켓 (BLACK)_F22ZA931,https://image.msscdn.net/images/goods_img/20220823/2734141/2734141_1_500.jpg,False
2024-01,F,002002,레더/라이더스 재킷,002,아우터,16,3730195,bohemseo,보헤미안 서울,"CRINKLED LEATHER FUR BLOUSON JUMPER , BLACK",https://image.msscdn.net/images/goods_img/20231123/3730195/3730195_17007165460902_500.jpg,False
2024-01,F,002002,레더/라이더스 재킷,002,아우터,17,3488774,nastyfancyclub,팬시클럽,[NF] 글로시 스티치 자켓 (LEATHER)_F23ZA943,https://image.msscdn.net/images/goods_img/20230823/3488774/3488774_16970024032551_500.jpg,False
2024-01,F,002002,레더/라이더스 재킷,002,아우터,18,3730159,bohemseo,보헤미안 서울,"HIGH NECK MOTO JACKET, OVER FIT",https://image.msscdn.net/images/goods_img/20231123/3730159/3730159_17007160915770_500.jpg,False
2024-01,F,002002,레더/라이더스 재킷,002,아우터,19,3593388,asifcalie,에즈이프 캘리,TASSEL LEATHER JACKET BROWN,https://image.msscdn.net/images/goods_img/20230925/3593388/3593388_16970139881083_500.jpg,False
2024-01,F,002002,레더/라이더스 재킷,002,아우터,20,3434596,musinsastandardwoman,무신사 스탠다드 우먼,우먼즈 신세틱 레더 블루종 재킷 [블랙],https://image.msscdn.net/images/goods_img/20230731/3434596/3434596_17661143550258_500.jpg,False
2024-01,F,002002,레더/라이더스 재킷,002,아우터,21,3465818,insilencewomen,인사일런스 우먼,패널드 비건 레더 점퍼 BLACK,https://image.msscdn.net/images/goods_img/20230816/3465818/3465818_16931866310703_500.jpg,False
2024-01,F,002002,레더/라이더스 재킷,002,아우터,22,3406383,lmood,엘무드,스모커 카우하이드 바이커 레더 자켓 번트 블랙,https://image.msscdn.net/images/goods_img/20230712/3406383/3406383_17255879370070_500.jpg,False
2024-01,F,002002,레더/라이더스 재킷,002,아우터,23,3498375,nastyfancyclub,팬시클럽,[NF] 바이크 크롭 레더 자켓 (BROWN)_F23ZA931,https://image.msscdn.net/images/goods_img/20230825/3498375/3498375_17025138553078_500.jpg,False
2024-01,F,002002,레더/라이더스 재킷,002,아우터,24,3608998,not4nerd,낫포너드,Leather ver. Tribal Logo Racing Jacket - Black,https://image.msscdn.net/images/goods_img/20231006/3608998/3608998_16971799016828_500.jpg,False
2024-01,F,002002,레더/라이더스 재킷,002,아우터,25,2091200,ladyvolume,레이디 볼륨,549 비건 레더 미니멀 자켓_블랙,https://image.msscdn.net/images/goods_img/20210826/2091200/2091200_2_500.jpg,False
2024-01,F,002002,레더/라이더스 재킷,002,아우터,26,3639623,treemingbird,트리밍버드,Suede Coloring Crop Biker Jacket [ Black ],https://image.msscdn.net/images/goods_img/20231019/3639623/3639623_16976760271976_500.jpg,False
2024-01,F,002002,레더/라이더스 재킷,002,아우터,27,3420584,bittercells,비터셀즈,스타 레더 자켓(워시드)(오버핏)-블랙,https://image.msscdn.net/images/goods_img/20230721/3420584/3420584_16925953298437_500.jpg,False
2024-01,F,002002,레더/라이더스 재킷,002,아우터,28,3498379,nastyfancyclub,팬시클럽,[NF] 맬로우 바시티 레더 자켓 (BLACK)_F23ZA939,https://image.msscdn.net/images/goods_img/20230825/3498379/3498379_17025139438814_500.jpg,False
2024-01,F,002002,레더/라이더스 재킷,002,아우터,29,2184668,blackmoment,블랙모먼트,[페이크 레더]오버핏 싱글 레더 라이더 자켓 _BLACK,https://image.msscdn.net/images/prd_img/20211018/2184668/detail_2184668_1_500.jpg,False
2024-01,F,002002,레더/라이더스 재킷,002,아우터,30,3601691,codegraphy,코드그라피,(우먼) 크롭 레더 무스탕_블랙,https://image.msscdn.net/images/goods_img/20231004/3601691/3601691_16974315675298_500.jpg,False
2024-01,F,002020,카디건,002,아우터,1,3434619,generalideastandard,제너럴아이디어,GNRL 에센셜 가디건 [BLACK] / WBC3L04503,https://image.msscdn.net/images/goods_img/20230731/3434619/3434619_17676888596329_500.jpg,False
2024-01,F,002020,카디건,002,아우터,2,3565977,millowomen,밀로 우먼,버튼 후드 볼레로 가디건 [블랙],https://image.msscdn.net/images/goods_img/20230915/3565977/3565977_17875513782795_500.jpg,False
2024-01,F,002020,카디건,002,아우터,3,3434621,generalideastandard,제너럴아이디어,GNRL 에센셜 가디건 [6COL] / WBC3L04503,https://image.msscdn.net/images/goods_img/20230731/3434621/3434621_17682051685983_500.jpg,False
2024-01,F,002020,카디건,002,아우터,4,3697580,compagno,꼼파뇨,[2-WAY] 커브드 블록 니트 집업 블랙,https://image.msscdn.net/images/goods_img/20231108/3697580/3697580_17047815740073_500.jpg,False
2024-01,F,002020,카디건,002,아우터,5,3684716,badblood,배드블러드,Pure 버튼업 후드 가디건 - 화이트,https://image.msscdn.net/images/goods_img/20231103/3684716/3684716_16993600434862_500.jpg,False
2024-01,F,002020,카디건,002,아우터,6,3440410,critic,크리틱,RACING ZIP-UP KNIT NAVY,https://image.msscdn.net/images/goods_img/20230801/3440410/3440410_17345736573154_500.jpg,False
2024-01,F,002020,카디건,002,아우터,7,2194649,goodlifeworks,굿라이프웍스,카라 케이블 니트 집업 블랙,https://image.msscdn.net/images/goods_img/20211022/2194649/2194649_17894588243169_500.jpg,False
2024-01,F,002020,카디건,002,아우터,8,2683549,satur,세터,파로 오버 사이즈 부클 가디건 클래식 블랙,https://image.msscdn.net/images/prd_img/20220726/2683549/detail_2683549_17582476224564_500.jpg,False
2024-01,F,002020,카디건,002,아우터,9,3535128,sinkingdeeper,싱킹디퍼,이모지 자가드 U넥 가디건 (레드),https://image.msscdn.net/images/goods_img/20230906/3535128/3535128_16946562364492_500.jpg,False
2024-01,F,002020,카디건,002,아우터,10,3599325,avan,어반드레스,Block Raglan Knit Zip-up CHARCOAL,https://image.msscdn.net/images/goods_img/20230927/3599325/3599325_17206772649284_500.jpg,False
2024-01,F,002020,카디건,002,아우터,11,3768947,generalideastandard,제너럴아이디어,GNRL 에센셜 가디건 [NAVY] / WBC3L04503,https://image.msscdn.net/images/goods_img/20231227/3768947/3768947_17872321522596_500.jpg,False
2024-01,F,002020,카디건,002,아우터,12,3729331,generalideastandard,제너럴아이디어,GNRL 베이직 가디건 [2COL] / W22F06004,https://image.msscdn.net/images/goods_img/20231122/3729331/3729331_17071087783537_500.jpg,False
2024-01,F,002020,카디건,002,아우터,13,2739842,ronron,론론,TWEED SWEAT CARDIGAN ECRU NAVY STRIPE,https://image.msscdn.net/images/goods_img/20220824/2739842/2739842_1_500.jpg,False
2024-01,F,002020,카디건,002,아우터,14,3448870,suare,수아레,에어울 아란 스타디움 네이비,https://image.msscdn.net/images/goods_img/20230807/3448870/3448870_16914003256868_500.jpg,False
2024-01,F,002020,카디건,002,아우터,15,3461309,matinkim,마뗑킴,TYPO PATCH ROUND CARDIGAN IN BLACK,https://image.msscdn.net/images/goods_img/20230811/3461309/3461309_16917292730925_500.jpg,False
2024-01,F,002020,카디건,002,아우터,16,2060613,matinkim,마뗑킴,SPELL POINT KNIT ZIP UP IN BLACK,https://image.msscdn.net/images/goods_img/20210812/2060613/2060613_16740094587868_500.jpg,False
2024-01,F,002020,카디건,002,아우터,17,3650861,matinkim,마뗑킴,SPELL POINT STRIPE KNIT CARDIGAN IN BLACK,https://image.msscdn.net/images/goods_img/20231023/3650861/3650861_17582530640437_500.jpg,False
2024-01,F,002020,카디건,002,아우터,18,3440409,critic,크리틱,RACING ZIP-UP KNIT SKY BLUE,https://image.msscdn.net/images/goods_img/20230801/3440409/3440409_16910329861349_500.jpg,False
2024-01,F,002020,카디건,002,아우터,19,3473516,fallett,팔렛,드로잉 가든 코위찬 니트 집업 아이보리,https://image.msscdn.net/images/goods_img/20230817/3473516/3473516_17744193920574_500.jpg,False
2024-01,F,002020,카디건,002,아우터,20,3708379,aeae,에이이에이이,Daisy Knit Hoodie - [BLACK],https://image.msscdn.net/images/goods_img/20231114/3708379/3708379_17000376280340_500.jpg,False
2024-01,F,002020,카디건,002,아우터,21,3590933,nastyfancyclub,팬시클럽,[PPG X FANCY] 버터컵 그래픽 니트 집업 (BEIGE)_F23PG1033,https://image.msscdn.net/images/goods_img/20230925/3590933/3590933_16969903895014_500.jpg,False
2024-01,F,002020,카디건,002,아우터,22,3645481,generalideastandard,제너럴아이디어,GNRL 울 브이넥 케이블 가디건 [CHARCOAL] / WBC4L04526,https://image.msscdn.net/images/goods_img/20231020/3645481/3645481_16982409517591_500.jpg,False
2024-01,F,002020,카디건,002,아우터,23,2130789,mardimercredi,마르디 메크르디,RACCOON BLENDED CARDIGAN V NECK_PINK BLUE,https://image.msscdn.net/images/goods_img/20210914/2130789/2130789_1_500.jpg,False
2024-01,F,002020,카디건,002,아우터,24,3599343,avan,어반드레스,Block Raglan Knit Zip-up NAVY,https://image.msscdn.net/images/goods_img/20230927/3599343/3599343_17206771798755_500.jpg,False
2024-01,F,002020,카디건,002,아우터,25,3624443,urago,유라고,Jacquard hoodie cardigan,https://image.msscdn.net/images/goods_img/20231012/3624443/3624443_17655191126659_500.jpg,False
2024-01,F,002020,카디건,002,아우터,26,2709273,niceghostclub,나이스고스트클럽,DANCING SKELETONS ZIP POLO KNIT_BLACK(NG2DFUK680A),https://image.msscdn.net/images/goods_img/20220810/2709273/2709273_17586735979688_500.jpg,False
2024-01,F,002020,카디건,002,아우터,27,3401253,poloralphlauren,폴로 랄프 로렌,W 코튼 블렌드 카디건 - 오렌지,https://image.msscdn.net/images/goods_img/20230710/3401253/3401253_16899243056232_500.jpg,False
2024-01,F,002020,카디건,002,아우터,28,3535115,sinkingdeeper,싱킹디퍼,이모지 자가드 U넥 가디건 (그레이),https://image.msscdn.net/images/goods_img/20230906/3535115/3535115_16946560738177_500.jpg,False
2024-01,F,002020,카디건,002,아우터,29,1774005,aqostudiospace,아코스튜디오스페이스,아코 베어 가디건 블랙,https://image.msscdn.net/images/goods_img/20210202/1774005/1774005_16981982319109_500.jpg,False
2024-01,F,002020,카디건,002,아우터,30,2833918,partimentowomen,파르티멘토 우먼,코위찬 니트 집업 가디건_스카이 블루,https://image.msscdn.net/images/goods_img/20220930/2833918/2833918_1_500.jpg,False
2024-01,F,002017,트러커 재킷,002,아우터,1,3622977,trillion,트릴리온,페이드 워싱 바이커 데님 자켓 (BLACK),https://image.msscdn.net/images/goods_img/20231012/3622977/3622977_16977691200340_500.jpg,False
2024-01,F,002017,트러커 재킷,002,아우터,2,1790383,trillion,트릴리온,워싱 스티치 데님자켓 (BLACK),https://image.msscdn.net/images/goods_img/20210210/1790383/1790383_2_500.jpg,False
2024-01,F,002017,트러커 재킷,002,아우터,3,3596064,dimitriblack,디미트리블랙,2WAY 크롭 코듀로이 드리즐러 자켓_블랙,https://image.msscdn.net/images/goods_img/20230926/3596064/3596064_17618007872256_500.jpg,False
2024-01,F,002017,트러커 재킷,002,아우터,4,3583663,adidas,아디다스,데님 재킷 - 스카이블루 / IS5250,https://image.msscdn.net/images/goods_img/20230921/3583663/3583663_16953687051135_500.jpg,False
2024-01,F,002017,트러커 재킷,002,아우터,5,3542977,millowomen,밀로 우먼,워시드 데님 레이싱 자켓 [스톤 블랙],https://image.msscdn.net/images/goods_img/20230907/3542977/3542977_17875510975508_500.jpg,False
2024-01,F,002017,트러커 재킷,002,아우터,6,2713778,yale,예일,ARCH LOGO REVERSIBLE CORDUROY TRUCKER JACKET NAVY,https://image.msscdn.net/images/goods_img/20220811/2713778/2713778_17013916429251_500.jpg,False
2024-01,F,002017,트러커 재킷,002,아우터,7,3518763,oddstudio,오드스튜디오,샌드 워싱 바이커 데님 크롭 자켓 - BLUE,https://image.msscdn.net/images/goods_img/20230831/3518763/3518763_17315535641246_500.jpg,False
2024-01,F,002017,트러커 재킷,002,아우터,8,3466533,kiimuir,키뮤어,빈티지 워싱 코튼 코듀로이 바이커 자켓_네이비,https://image.msscdn.net/images/goods_img/20230816/3466533/3466533_17259268166710_500.jpg,False
2024-01,F,002017,트러커 재킷,002,아우터,9,3439649,codegraphy,코드그라피,(크롭핏 or 기본핏 선택) (우먼) 데님 바이커 자켓,https://image.msscdn.net/images/goods_img/20230801/3439649/3439649_17173823726214_500.jpg,False
2024-01,F,002017,트러커 재킷,002,아우터,10,3469202,dimitriblack,디미트리블랙,2WAY 크롭 데님 블루종 자켓_블랙,https://image.msscdn.net/images/goods_img/20230816/3469202/3469202_16965762359516_500.jpg,False
2024-01,F,002017,트러커 재킷,002,아우터,11,3660366,etce,이티씨이,NEW VISION WORK JACKET (BEIGE),https://image.msscdn.net/images/goods_img/20231026/3660366/3660366_16982871698886_500.jpg,False
2024-01,F,002017,트러커 재킷,002,아우터,12,3163912,diesel,디젤,여성 DE 슬리미 P 재킷 - 블루 / A096430EMAG01,https://image.msscdn.net/images/goods_img/20230321/3163912/3163912_16812650131546_500.jpg,False
2024-01,F,002017,트러커 재킷,002,아우터,13,2328476,marithefrancoisgirbaud,마리떼 프랑소와 저버,W ROUND JACKET beige,https://image.msscdn.net/images/goods_img/20220125/2328476/2328476_1_500.jpg,False
2024-01,F,002017,트러커 재킷,002,아우터,14,2996384,placestudio,플레이스 스튜디오,오버사이즈 벨티드 스웨이드 트러커 집업 자켓 점퍼,https://image.msscdn.net/images/goods_img/20221226/2996384/2996384_16735136493163_500.jpg,False
2024-01,F,002017,트러커 재킷,002,아우터,15,3756097,calvinkleinjeans,캘빈클라인 진,여 라이트블루 크롭 90S 데님 자켓 J223683 1AA,https://image.msscdn.net/images/goods_img/20231214/3756097/3756097_17270550260768_500.jpeg,False
2024-01,F,002017,트러커 재킷,002,아우터,16,401149,partimento,파르티멘토,피치스킨 트윌 자켓 블랙,https://image.msscdn.net/images/goods_img/20160829/401149/401149_1_500.jpg,False
2024-01,F,002017,트러커 재킷,002,아우터,17,3639637,treemingbird,트리밍버드,Incision Denim Set-up Jacket [ Dark Blue ],https://image.msscdn.net/images/goods_img/20231019/3639637/3639637_16976756126488_500.jpg,False
2024-01,F,002017,트러커 재킷,002,아우터,18,2713777,yale,예일,ARCH LOGO REVERSIBLE CORDUROY TRUCKER JACKET BROWN,https://image.msscdn.net/images/goods_img/20220811/2713777/2713777_11_500.jpg,False
2024-01,F,002017,트러커 재킷,002,아우터,19,3238559,mucent,무센트,크롭 데미지 흑청 데님 자켓 청자켓,https://image.msscdn.net/images/goods_img/20230417/3238559/3238559_16817086487706_500.jpg,False
2024-01,F,002017,트러커 재킷,002,아우터,20,3521255,doffjason,도프제이슨,워시드 데님 바이커 자켓,https://image.msscdn.net/images/goods_img/20230901/3521255/3521255_16946128218032_500.jpg,False
2024-01,F,002017,트러커 재킷,002,아우터,21,3046279,outstanding,아웃스탠딩,SELVEDGE DENIM 2ND JACKET_INDIGO,https://image.msscdn.net/images/goods_img/20230130/3046279/3046279_17684404870062_500.jpg,False
2024-01,F,002017,트러커 재킷,002,아우터,22,3450860,nomanual,노매뉴얼,T.I.D RIDER JACKET - WHITE BLUE,https://image.msscdn.net/images/goods_img/20230808/3450860/3450860_16921604771054_500.jpg,False
2024-01,F,002017,트러커 재킷,002,아우터,23,3539165,toffee,토피,빈티지 워시드 데님 크롭 자켓 (VINTAGE INDIGO),https://image.msscdn.net/images/goods_img/20230907/3539165/3539165_16946738758983_500.jpg,False
2024-01,F,002017,트러커 재킷,002,아우터,24,3450858,nomanual,노매뉴얼,D.C DENIM TRUCKER JACKET - WHITE BLUE,https://image.msscdn.net/images/goods_img/20230808/3450858/3450858_16921606358597_500.jpg,False
2024-01,F,002017,트러커 재킷,002,아우터,25,3518760,oddstudio,오드스튜디오,샌드 워싱 바이커 데님 크롭 자켓 - BLACK,https://image.msscdn.net/images/goods_img/20230831/3518760/3518760_17315535804206_500.jpg,False
2024-01,F,002017,트러커 재킷,002,아우터,26,2403367,espionage,에스피오나지,French Wide Work Jacket (Moleskin) French Blue,https://image.msscdn.net/images/goods_img/20220307/2403367/2403367_1_500.jpg,False
2024-01,F,002017,트러커 재킷,002,아우터,27,3467469,wkndrs,위캔더스,BRUSH DENIM HOODIE ZIPUP (YELLOW.D),https://image.msscdn.net/images/goods_img/20230816/3467469/3467469_16939030488223_500.jpg,False
2024-01,F,002017,트러커 재킷,002,아우터,28,3238696,diesel,디젤,여성 DE 슬리미 데님 재킷 - 블루 / A049060079Z01,https://image.msscdn.net/images/goods_img/20230417/3238696/3238696_16867259630042_500.jpg,False
2024-01,F,002017,트러커 재킷,002,아우터,29,3467249,wkndrs,위캔더스,MONA JK (BURGUNDY),https://image.msscdn.net/images/goods_img/20230816/3467249/3467249_16939697542719_500.jpg,False
2024-01,F,002017,트러커 재킷,002,아우터,30,3482071,partimento,파르티멘토,빈티지  패치 데님 트러커 자켓 인디고 블루,https://image.msscdn.net/images/goods_img/20230821/3482071/3482071_16931970407697_500.jpg,False
2024-01,F,002003,슈트/블레이저 재킷,002,아우터,1,1618312,musinsastandardwoman,무신사 스탠다드 우먼,우먼즈 오버사이즈 블레이저 [블랙],https://image.msscdn.net/images/goods_img/20200923/1618312/1618312_17840158746923_500.jpg,False
2024-01,F,002003,슈트/블레이저 재킷,002,아우터,2,2626657,musinsastandardwoman,무신사 스탠다드 우먼,우먼즈 울 블렌드 멜톤 오버 숄더 블레이저 [미디엄 그레이],https://image.msscdn.net/images/goods_img/20220621/2626657/2626657_17231651209150_500.jpg,False
2024-01,F,002003,슈트/블레이저 재킷,002,아우터,3,2626655,musinsastandardwoman,무신사 스탠다드 우먼,우먼즈 울 블렌드 멜톤 오버 숄더 블레이저 [블랙],https://image.msscdn.net/images/goods_img/20220621/2626655/2626655_17358862223273_500.jpg,False
2024-01,F,002003,슈트/블레이저 재킷,002,아우터,4,2957126,asura,아수라,모헤어 울 자켓 (PINK),https://image.msscdn.net/images/goods_img/20221123/2957126/2957126_17637108295707_500.jpg,False
2024-01,F,002003,슈트/블레이저 재킷,002,아우터,5,1618310,musinsastandardwoman,무신사 스탠다드 우먼,우먼즈 오버사이즈 블레이저 [라이트 브라운],https://image.msscdn.net/images/goods_img/20200923/1618310/1618310_16868093064696_500.jpg,False
2024-01,F,002003,슈트/블레이저 재킷,002,아우터,6,1803462,musinsastandardwoman,무신사 스탠다드 우먼,우먼즈 베이식 블레이저 [블랙],https://image.msscdn.net/images/goods_img/20210219/1803462/1803462_17834925402814_500.jpg,False
2024-01,F,002003,슈트/블레이저 재킷,002,아우터,7,2080227,musinsastandardwoman,무신사 스탠다드 우먼,우먼즈 오버사이즈 블레이저 [웜 그레이],https://image.msscdn.net/images/goods_img/20210823/2080227/2080227_16868097644146_500.jpg,False
2024-01,F,002003,슈트/블레이저 재킷,002,아우터,8,2117241,musinsastandardwoman,무신사 스탠다드 우먼,우먼즈 오버사이즈 3버튼 블레이저 [블랙],https://image.msscdn.net/images/goods_img/20210908/2117241/2117241_16889729949633_500.jpg,False
2024-01,F,002003,슈트/블레이저 재킷,002,아우터,9,2626656,musinsastandardwoman,무신사 스탠다드 우먼,우먼즈 울 블렌드 멜톤 오버 숄더 블레이저 [오트밀],https://image.msscdn.net/images/goods_img/20220621/2626656/2626656_17358857369792_500.jpg,False
2024-01,F,002003,슈트/블레이저 재킷,002,아우터,10,2807021,zerostreet,제로스트릿,[2컬러] [세트] 브이넥 트위드 자켓 & 스커트,https://image.msscdn.net/images/goods_img/20220921/2807021/2807021_17346556539959_500.jpg,False
2024-01,F,002003,슈트/블레이저 재킷,002,아우터,11,1629214,musinsastandardwoman,무신사 스탠다드 우먼,우먼즈 글렌 체크 오버사이즈 블레이저 [다크 베이지],https://image.msscdn.net/images/goods_img/20200928/1629214/1629214_1_500.jpg,False
2024-01,F,002003,슈트/블레이저 재킷,002,아우터,12,1618309,musinsastandardwoman,무신사 스탠다드 우먼,우먼즈 오버사이즈 블레이저 [그레이],https://image.msscdn.net/images/goods_img/20200923/1618309/1618309_17673379872616_500.jpg,False
2024-01,F,002003,슈트/블레이저 재킷,002,아우터,13,2398619,musinsastandardwoman,무신사 스탠다드 우먼,우먼즈 라이트웨이트 오버사이즈 블레이저 [블랙],https://image.msscdn.net/images/goods_img/20220304/2398619/2398619_1_500.jpg,False
2024-01,F,002003,슈트/블레이저 재킷,002,아우터,14,1797621,musinsastandardwoman,무신사 스탠다드 우먼,우먼즈 오버사이즈 블레이저 [차콜 그레이],https://image.msscdn.net/images/goods_img/20210217/1797621/1797621_17537685852943_500.jpg,False
2024-01,F,002003,슈트/블레이저 재킷,002,아우터,15,3506042,le,르,wool multi-color blazer (charcoal),https://image.msscdn.net/images/goods_img/20230828/3506042/3506042_16946627549951_500.jpg,False
2024-01,F,002003,슈트/블레이저 재킷,002,아우터,16,2117245,musinsastandardwoman,무신사 스탠다드 우먼,우먼즈 오버사이즈 3버튼 블레이저 [더스티 베이지],https://image.msscdn.net/images/goods_img/20210908/2117245/2117245_16889727310613_500.jpg,False
2024-01,F,002003,슈트/블레이저 재킷,002,아우터,17,3405559,musinsastandardwoman,무신사 스탠다드 우먼,우먼즈 울 블렌드 트위드 오버사이즈 블레이저 [브라운],https://image.msscdn.net/images/goods_img/20230712/3405559/3405559_17358854561407_500.jpg,False
2024-01,F,002003,슈트/블레이저 재킷,002,아우터,18,2117246,musinsastandardwoman,무신사 스탠다드 우먼,우먼즈 크롭 블레이저 [블랙],https://image.msscdn.net/images/goods_img/20210908/2117246/2117246_17834867753859_500.jpg,False
2024-01,F,002003,슈트/블레이저 재킷,002,아우터,19,2631020,musinsastandardwoman,무신사 스탠다드 우먼,우먼즈 울 플란넬 오버사이즈 블레이저 [차콜 그레이],https://image.msscdn.net/images/goods_img/20220623/2631020/2631020_17140248645342_500.jpg,False
2024-01,F,002003,슈트/블레이저 재킷,002,아우터,20,3759303,asura,아수라,모헤어 울 자켓 (BEIGE),https://image.msscdn.net/images/goods_img/20231218/3759303/3759303_17028803989841_500.jpg,False
2024-01,F,002003,슈트/블레이저 재킷,002,아우터,21,1343223,musinsastandardwoman,무신사 스탠다드 우먼,우먼즈 플루이드 블레이저 [블랙],https://image.msscdn.net/images/goods_img/20200310/1343223/1343223_17537697886149_500.jpg,False
2024-01,F,002003,슈트/블레이저 재킷,002,아우터,22,1797622,musinsastandardwoman,무신사 스탠다드 우먼,우먼즈 오버사이즈 블레이저 [더스티 베이지],https://image.msscdn.net/images/goods_img/20210217/1797622/1797622_17536902767703_500.jpg,False
2024-01,F,002003,슈트/블레이저 재킷,002,아우터,23,2149536,musinsastandardwoman,무신사 스탠다드 우먼,우먼즈 오버사이즈 블레이저 [미디엄 그레이],https://image.msscdn.net/images/goods_img/20210928/2149536/2149536_17536890796842_500.jpg,False
2024-01,F,002003,슈트/블레이저 재킷,002,아우터,24,1803463,musinsastandardwoman,무신사 스탠다드 우먼,우먼즈 베이식 블레이저 [차콜 그레이],https://image.msscdn.net/images/goods_img/20210219/1803463/1803463_17835520881216_500.jpg,False
2024-01,F,002003,슈트/블레이저 재킷,002,아우터,25,2723772,suare,수아레,헤리티지 블레이저 시리즈,https://image.msscdn.net/images/goods_img/20220818/2723772/2723772_17152500620750_500.jpg,False
2024-01,F,002003,슈트/블레이저 재킷,002,아우터,26,2977829,deheve,드헤베,시그니처 자켓 [Charcoal],https://image.msscdn.net/images/goods_img/20221209/2977829/2977829_17579859296955_500.jpg,False
2024-01,F,002003,슈트/블레이저 재킷,002,아우터,27,3485946,drawfitwomen,드로우핏 우먼,버튼 트위드 자켓 [BLACK],https://image.msscdn.net/images/goods_img/20230822/3485946/3485946_17750173227927_500.jpg,False
2024-01,F,002003,슈트/블레이저 재킷,002,아우터,28,3639551,treemingbird,트리밍버드,Over Fit Wool Jacket [ Black ],https://image.msscdn.net/images/goods_img/20231019/3639551/3639551_16977747762137_500.jpg,False
2024-01,F,002003,슈트/블레이저 재킷,002,아우터,29,2080226,musinsastandardwoman,무신사 스탠다드 우먼,우먼즈 오버사이즈 블레이저 [베이지],https://image.msscdn.net/images/goods_img/20210823/2080226/2080226_16868095982612_500.jpg,False
2024-01,F,002003,슈트/블레이저 재킷,002,아우터,30,2149534,musinsastandardwoman,무신사 스탠다드 우먼,우먼즈 베이식 블레이저 [더스티 베이지],https://image.msscdn.net/images/goods_img/20210928/2149534/2149534_17676665154705_500.jpg,False
2024-01,F,002004,스타디움 재킷,002,아우터,1,3439975,urbandtype,어반디타입,(패딩or논패딩 선택) 코듀로이 래글런 자켓_핑크,https://image.msscdn.net/images/goods_img/20230801/3439975/3439975_17346618498463_500.jpg,False
2024-01,F,002004,스타디움 재킷,002,아우터,2,2725874,thevinylhouse,더바이닐하우스,YIN YANG VARSITY JACKET BLACK (VH2DWUB902A),https://image.msscdn.net/images/goods_img/20220818/2725874/2725874_3_500.jpg,False
2024-01,F,002004,스타디움 재킷,002,아우터,3,2352895,partimento,파르티멘토,코듀로이 바시티 자켓 네이비,https://image.msscdn.net/images/goods_img/20220210/2352895/2352895_1_500.jpg,False
2024-01,F,002004,스타디움 재킷,002,아우터,4,2752332,lettercomo,레테르코모,빅 어워드 스타디움 울 바시티자켓 블랙,https://image.msscdn.net/images/goods_img/20220829/2752332/2752332_17600737132519_500.jpg,False
2024-01,F,002004,스타디움 재킷,002,아우터,5,3439979,urbandtype,어반디타입,(패딩or논패딩 선택) 코듀로이 래글런 자켓_네이비,https://image.msscdn.net/images/goods_img/20230801/3439979/3439979_17346618324739_500.jpg,False
2024-01,F,002004,스타디움 재킷,002,아우터,6,2857983,timcomix,팀코믹스,8 BALL VARSITY JACKET BLACK,https://image.msscdn.net/images/goods_img/20221013/2857983/2857983_16988208342409_500.jpg,False
2024-01,F,002004,스타디움 재킷,002,아우터,7,2782958,1993studio,1993스튜디오,빈티지 바시티 자켓_네이비,https://image.msscdn.net/images/goods_img/20220908/2782958/2782958_1_500.jpg,False
2024-01,F,002004,스타디움 재킷,002,아우터,8,3498412,nastyfancyclub,팬시클럽,[NF] 스키퍼 토글 자켓 (BLACK)_F23ZA937,https://image.msscdn.net/images/goods_img/20230825/3498412/3498412_17025189957433_500.jpg,False
2024-01,F,002004,스타디움 재킷,002,아우터,9,3590965,nastyfancyclub,팬시클럽,[PPG X FANCY] 레더 포인트 바시티 자켓 (BLACK)_F23PG1038,https://image.msscdn.net/images/goods_img/20230925/3590965/3590965_16965815231712_500.jpg,False
2024-01,F,002004,스타디움 재킷,002,아우터,10,2093817,takeasy,테이크이지,라쿠 베이스볼 오버자켓(네이비),https://image.msscdn.net/images/goods_img/20210827/2093817/2093817_4_500.jpg,False
2024-01,F,002004,스타디움 재킷,002,아우터,11,3041830,timcomix,팀코믹스,TRUMP & DICE VARSITY JACKET BLACK,https://image.msscdn.net/images/goods_img/20230126/3041830/3041830_16765991997356_500.jpg,False
2024-01,F,002004,스타디움 재킷,002,아우터,12,3498411,nastyfancyclub,팬시클럽,[NF] 스키퍼 토글 자켓 (GRAY)_F23ZA937,https://image.msscdn.net/images/goods_img/20230825/3498411/3498411_17025189779981_500.jpg,False
2024-01,F,002004,스타디움 재킷,002,아우터,13,2752336,lettercomo,레테르코모,빅 어워드 스타디움 울 바시티자켓 다크네이비,https://image.msscdn.net/images/goods_img/20220829/2752336/2752336_17600739216352_500.jpg,False
2024-01,F,002004,스타디움 재킷,002,아우터,14,3435323,leathery,레더리,코듀로이 바시티 테디 자켓 [BLACK],https://image.msscdn.net/images/goods_img/20230731/3435323/3435323_16919764406002_500.jpg,False
2024-01,F,002004,스타디움 재킷,002,아우터,15,3557760,newera,뉴에라,MLB 뉴욕양키스 스타디움 재킷 네이비,https://image.msscdn.net/images/goods_img/20230913/3557760/3557760_16946558019097_500.jpg,False
2024-01,F,002004,스타디움 재킷,002,아우터,16,3043090,1993studio,1993스튜디오,오리지널 90S 바시티 자켓_블랙,https://image.msscdn.net/images/goods_img/20230127/3043090/3043090_16758466597375_500.jpg,False
2024-01,F,002004,스타디움 재킷,002,아우터,17,2754474,ebbetsfield,이벳필드,베츠 울혼방 바시티 자켓 블랙,https://image.msscdn.net/images/goods_img/20220830/2754474/2754474_3_500.jpg,False
2024-01,F,002004,스타디움 재킷,002,아우터,18,3041829,timcomix,팀코믹스,TRUMP & DICE VARSITY JACKET KHAKI,https://image.msscdn.net/images/goods_img/20230126/3041829/3041829_17005283735586_500.jpg,False
2024-01,F,002004,스타디움 재킷,002,아우터,19,3598519,secondmonolgue,세컨모놀로그,2-WAY 마이애미 베이스볼 트윌 점퍼 블랙_SEJP003BLACK,https://image.msscdn.net/images/goods_img/20230927/3598519/3598519_16976101767896_500.jpg,False
2024-01,F,002004,스타디움 재킷,002,아우터,20,3471399,citybreeze,시티브리즈,(UNI) 라인 포인트 바시티 점퍼_BLACK,https://image.msscdn.net/images/goods_img/20230817/3471399/3471399_17126288341340_500.jpg,False
2024-01,F,002004,스타디움 재킷,002,아우터,21,2848231,adidas,아디다스,MC 봄버 재킷 - 블랙:베이지 / HS9513,https://image.msscdn.net/images/goods_img/20221007/2848231/2848231_1_500.jpg,False
2024-01,F,002004,스타디움 재킷,002,아우터,22,2752807,kiimuir,키뮤어,[25SS] 울(WOOL) 바시티 자켓_블랙,https://image.msscdn.net/images/goods_img/20220830/2752807/2752807_17664729093372_500.jpg,False
2024-01,F,002004,스타디움 재킷,002,아우터,23,3459420,larryclark,래리클락,BASEBALL LOGO VARSITY JACKET BLACK,https://image.msscdn.net/images/goods_img/20230810/3459420/3459420_16940638095531_500.jpg,False
2024-01,F,002004,스타디움 재킷,002,아우터,24,3049469,prendafromplant,프렌다,SWEAT VARSITY JACKET NAVY,https://image.msscdn.net/images/goods_img/20230131/3049469/3049469_16751367130837_500.png,False
2024-01,F,002004,스타디움 재킷,002,아우터,25,2725875,thevinylhouse,더바이닐하우스,YIN YANG VARSITY JACKET GREEN (VH2DWUB902A),https://image.msscdn.net/images/goods_img/20220818/2725875/2725875_3_500.jpg,False
2024-01,F,002004,스타디움 재킷,002,아우터,26,3454198,wkndrs,위캔더스,KELLOGGS H.O.F JK (BLUE),https://image.msscdn.net/images/goods_img/20230809/3454198/3454198_16921683494765_500.jpg,False
2024-01,F,002004,스타디움 재킷,002,아우터,27,3557765,newera,뉴에라,MLB 뉴욕양키스 아치로고 나일론 스타디움 재킷 블루,https://image.msscdn.net/images/goods_img/20230913/3557765/3557765_16946556623038_500.jpg,False
2024-01,F,002004,스타디움 재킷,002,아우터,28,3614353,hoodhood,후드후드,에일리언 바시티 자켓 네이비,https://image.msscdn.net/images/goods_img/20231010/3614353/3614353_16970140043327_500.jpg,False
2024-01,F,002004,스타디움 재킷,002,아우터,29,3591186,thisisneverthat,디스이즈네버댓,Fortuna Corduroy Varsity Jacket Green,https://image.msscdn.net/images/goods_img/20230925/3591186/3591186_16957132081656_500.jpg,False
2024-01,F,002004,스타디움 재킷,002,아우터,30,3598521,secondmonolgue,세컨모놀로그,2-WAY 마이애미 베이스볼 트윌 점퍼 그레이_SEJP003GRAY,https://image.msscdn.net/images/goods_img/20230927/3598521/3598521_16976099705811_500.jpg,False
2024-01,F,002006,나일론/코치 재킷,002,아우터,1,3209862,not4nerd,낫포너드,Tribal Logo Nylon Racing Jacket - Navy,https://image.msscdn.net/images/goods_img/20230405/3209862/3209862_16810699900063_500.jpg,False
2024-01,F,002006,나일론/코치 재킷,002,아우터,2,3400585,1993studio,1993스튜디오,2WAY 더블 스티치 윈드브레이커_크림,https://image.msscdn.net/images/goods_img/20230710/3400585/3400585_17267096815279_500.jpg,False
2024-01,F,002006,나일론/코치 재킷,002,아우터,3,3209864,not4nerd,낫포너드,Tribal Logo Nylon Racing Jacket - Black,https://image.msscdn.net/images/goods_img/20230405/3209864/3209864_16810674167028_500.jpg,False
2024-01,F,002006,나일론/코치 재킷,002,아우터,4,3455892,filluminate,필루미네이트,타슬란 윈드 테이커 자켓-블랙,https://image.msscdn.net/images/goods_img/20230809/3455892/3455892_17827964402390_500.jpg,False
2024-01,F,002006,나일론/코치 재킷,002,아우터,5,3522260,kolonsport,코오롱스포츠,여성 고어텍스 방수자켓 JKJGW23212NBE,https://image.msscdn.net/images/goods_img/20230901/3522260/3522260_17223931959966_500.jpg,False
2024-01,F,002006,나일론/코치 재킷,002,아우터,6,3455882,filluminate,필루미네이트,타슬란 윈드 테이커 자켓-라이트그레이,https://image.msscdn.net/images/goods_img/20230809/3455882/3455882_17827964138309_500.jpg,False
2024-01,F,002006,나일론/코치 재킷,002,아우터,7,2723218,dimitriblack,디미트리블랙,ASI 2WAY 어센틱 후드 윈드브레이커 자켓_블랙,https://image.msscdn.net/images/goods_img/20220817/2723218/2723218_17603312716294_500.jpg,False
2024-01,F,002006,나일론/코치 재킷,002,아우터,8,2471405,slowrecordhouse,슬로우 레코드 하우스,파이핑 라인 나일론 자켓_네이비,https://image.msscdn.net/images/goods_img/20220406/2471405/2471405_17013952125581_500.jpg,False
2024-01,F,002006,나일론/코치 재킷,002,아우터,9,3212915,compagno,꼼파뇨,크래킹 후드 윈드브레이커 그레이,https://image.msscdn.net/images/goods_img/20230406/3212915/3212915_16902464685664_500.jpg,False
2024-01,F,002006,나일론/코치 재킷,002,아우터,10,3400586,1993studio,1993스튜디오,2WAY 더블 스티치 윈드브레이커_블랙,https://image.msscdn.net/images/goods_img/20230710/3400586/3400586_17557618242828_500.jpg,False
2024-01,F,002006,나일론/코치 재킷,002,아우터,11,2340574,travel,트래블,고프 후드 윈드 브레이커 블랙,https://image.msscdn.net/images/goods_img/20220204/2340574/2340574_17309499295505_500.jpg,False
2024-01,F,002006,나일론/코치 재킷,002,아우터,12,3668500,arcteryx,아크테릭스,[FW23] 스쿼미시 후디 여성,https://image.msscdn.net/images/goods_img/20231030/3668500/3668500_17248195176152_500.jpg,False
2024-01,F,002006,나일론/코치 재킷,002,아우터,13,3791037,codegraphy,코드그라피,[SET] [배색ver.] 2-WAY 배색 테크 숏 자켓 셋업_크림,https://image.msscdn.net/images/goods_img/20240112/3791037/3791037_17593650526189_500.jpg,False
2024-01,F,002006,나일론/코치 재킷,002,아우터,14,2329532,nomanual,노매뉴얼,PENON WIND SHELL - BLACK,https://image.msscdn.net/images/goods_img/20220126/2329532/2329532_16762491689303_500.jpg,False
2024-01,F,002006,나일론/코치 재킷,002,아우터,15,3631440,umbro,엄브로,나일론 메탈 스탠넥 구스다운 점퍼 블랙(UO421CDJN7),https://image.msscdn.net/images/goods_img/20231017/3631440/3631440_17267350597525_500.jpg,False
2024-01,F,002006,나일론/코치 재킷,002,아우터,16,3048969,travel,트래블,테크 집업 후드 자켓 옐로우 그린,https://image.msscdn.net/images/goods_img/20230131/3048969/3048969_16765885751238_500.jpg,False
2024-01,F,002006,나일론/코치 재킷,002,아우터,17,3209863,not4nerd,낫포너드,Tribal Logo Nylon Racing Jacket - White,https://image.msscdn.net/images/goods_img/20230405/3209863/3209863_16810699304498_500.jpg,False
2024-01,F,002006,나일론/코치 재킷,002,아우터,18,3460549,sculptor,스컬프터,Lace Nylon Jacket Pink,https://image.msscdn.net/images/goods_img/20230811/3460549/3460549_17303579334723_500.jpg,False
2024-01,F,002006,나일론/코치 재킷,002,아우터,19,1571878,codegraphy,코드그라피,[SET] 2-WAY 테크 숏 자켓 셋업_블랙,https://image.msscdn.net/images/goods_img/20200831/1571878/1571878_17730339892071_500.jpg,False
2024-01,F,002006,나일론/코치 재킷,002,아우터,20,3092695,umbro,엄브로,UK 헤리티지 ver.2 스텐넥 자켓 블랙(UO321CJK92),https://image.msscdn.net/images/goods_img/20230220/3092695/3092695_16919756409771_500.jpg,False
2024-01,F,002006,나일론/코치 재킷,002,아우터,21,3610881,umbro,엄브로,나일론 메탈 스탠넥 덕다운 패딩 베스트 블랙(UO421CDVN7),https://image.msscdn.net/images/goods_img/20231006/3610881/3610881_17267350064975_500.jpg,False
2024-01,F,002006,나일론/코치 재킷,002,아우터,22,3525728,nautica,노티카,83플래그 리버시블 요트 파카(블루),https://image.msscdn.net/images/goods_img/20230904/3525728/3525728_17567934470771_500.jpg,False
2024-01,F,002006,나일론/코치 재킷,002,아우터,23,3037177,tonyhawk,토니호크,나일론 투톤 트랙 점퍼 브라운,https://image.msscdn.net/images/goods_img/20230125/3037177/3037177_16747968466299_500.jpg,False
2024-01,F,002006,나일론/코치 재킷,002,아우터,24,2731295,sculptor,스컬프터,Retro Combi Windbreaker Black,https://image.msscdn.net/images/goods_img/20220822/2731295/2731295_2_500.jpg,False
2024-01,F,002006,나일론/코치 재킷,002,아우터,25,3595220,columbia,컬럼비아,여성 드롭 릿지 인터체인지 자켓 - 스톤 그린,https://image.msscdn.net/images/goods_img/20230926/3595220/3595220_16963967470260_500.jpg,False
2024-01,F,002006,나일론/코치 재킷,002,아우터,26,3766897,lmc,엘엠씨,OG NYLON WINDBREAKER SET UP,https://image.msscdn.net/images/goods_img/20231226/3766897/3766897_17059857846874_500.jpg,False
2024-01,F,002006,나일론/코치 재킷,002,아우터,27,2704823,yeseyesee,예스아이씨,Y.E.S Windbreaker Check,https://image.msscdn.net/images/goods_img/20220808/2704823/2704823_2_500.jpg,False
2024-01,F,002006,나일론/코치 재킷,002,아우터,28,3750997,dollouterwear,돌아우터웨어,2324 트리커 스노우보드복 자켓 핑크 남녀공용,https://image.msscdn.net/images/goods_img/20231211/3750997/3750997_17022309548425_500.jpg,False
2024-01,F,002006,나일론/코치 재킷,002,아우터,29,2723216,dimitriblack,디미트리블랙,ASI 2WAY 어센틱 후드 윈드브레이커 자켓_올리브,https://image.msscdn.net/images/goods_img/20220817/2723216/2723216_17217096418459_500.jpg,False
2024-01,F,002006,나일론/코치 재킷,002,아우터,30,3047188,nomanual,노매뉴얼,TRANSLUCENT HOODED JACKET - SAND YELLOW,https://image.msscdn.net/images/goods_img/20230130/3047188/3047188_16758144403095_500.jpg,False
2024-01,F,002019,아노락 재킷,002,아우터,1,1776552,urbandtype,어반디타입,[ 리뉴얼 ]아노락 쓰리피스 풀 셋업_블랙,https://image.msscdn.net/images/goods_img/20210204/1776552/1776552_17152450344166_500.jpg,False
2024-01,F,002019,아노락 재킷,002,아우터,2,3000596,malbongolf,말본 골프,말본 아노락 자켓 BEIGE (WOMAN),https://image.msscdn.net/images/goods_img/20221229/3000596/3000596_16722744658119_500.jpg,False
2024-01,F,002019,아노락 재킷,002,아우터,3,3512732,lecoq,르꼬끄,듀스 리버시블 자켓 아이보리(QO323TJK91),https://image.msscdn.net/images/goods_img/20230830/3512732/3512732_17298975714021_500.jpg,False
2024-01,F,002019,아노락 재킷,002,아우터,4,2288426,urbandtype,어반디타입,[ 리뉴얼 ] UB 바람막이 쓰리피스 셋업_블랙,https://image.msscdn.net/images/goods_img/20220103/2288426/2288426_17152450232442_500.jpg,False
2024-01,F,002019,아노락 재킷,002,아우터,5,3498220,thisisneverthat,디스이즈네버댓,Anorak Jacket Magenta,https://image.msscdn.net/images/goods_img/20230825/3498220/3498220_16932972925925_500.jpg,False
2024-01,F,002019,아노락 재킷,002,아우터,6,3434841,xtonz,엑스톤즈,XJ98 플리츠 배색 바람막이 (GRAY),https://image.msscdn.net/images/goods_img/20230731/3434841/3434841_16993169540228_500.jpg,False
2024-01,F,002019,아노락 재킷,002,아우터,7,2353520,urbandtype,어반디타입,러닝클럽 트랙 셋업_네이비,https://image.msscdn.net/images/goods_img/20220210/2353520/2353520_17152449763903_500.jpg,False
2024-01,F,002019,아노락 재킷,002,아우터,8,3434839,xtonz,엑스톤즈,XJ98 플리츠 배색 바람막이 (BLACK),https://image.msscdn.net/images/goods_img/20230731/3434839/3434839_16993169688488_500.jpg,False
2024-01,F,002019,아노락 재킷,002,아우터,9,1776549,urbandtype,어반디타입,[ 리뉴얼 ] 아노락 쓰리피스 풀 셋업_민트 그레이,https://image.msscdn.net/images/goods_img/20210204/1776549/1776549_17152450598833_500.jpg,False
2024-01,F,002019,아노락 재킷,002,아우터,10,1776550,urbandtype,어반디타입,[ 리뉴얼 ]아노락 쓰리피스 풀 셋업_차콜,https://image.msscdn.net/images/goods_img/20210204/1776550/1776550_17152450481773_500.jpg,False
2024-01,F,002019,아노락 재킷,002,아우터,11,3590955,nastyfancyclub,팬시클럽,[PPG X FANCY] P.P.G 프레임 나일론 셋업 (BLACK)_F23PG1036X1037,https://image.msscdn.net/images/goods_img/20230925/3590955/3590955_16965817143146_500.jpg,False
2024-01,F,002019,아노락 재킷,002,아우터,12,3191935,not4nerd,낫포너드,Nylon Color Block Anorak Pullover - Black,https://image.msscdn.net/images/goods_img/20230329/3191935/3191935_16810686023014_500.jpg,False
2024-01,F,002019,아노락 재킷,002,아우터,13,3569481,fila,휠라,모터코어 컬러블럭  패딩자켓(FS2JKF4S01FDRD),https://image.msscdn.net/images/goods_img/20230918/3569481/3569481_16970165115550_500.jpg,False
2024-01,F,002019,아노락 재킷,002,아우터,14,2705639,kodak,코닥,선샤인 트랙 아노락 자켓 BLACK,https://image.msscdn.net/images/goods_img/20220809/2705639/2705639_16783231814291_500.jpg,False
2024-01,F,002019,아노락 재킷,002,아우터,15,3750971,dollouterwear,돌아우터웨어,2324 아론 스노우보드복 자켓 라이트 카키 남녀공용,https://image.msscdn.net/images/goods_img/20231211/3750971/3750971_17022306501714_500.jpg,False
2024-01,F,002019,아노락 재킷,002,아우터,16,3129155,thisisneverthat,디스이즈네버댓,(SS23) Anorak Jacket Black,https://image.msscdn.net/images/goods_img/20230307/3129155/3129155_16789315803379_500.jpg,False
2024-01,F,002019,아노락 재킷,002,아우터,17,3461531,trillion,트릴리온,디비전 나일론 후드 집업 윈드브레이커 자켓 (GREEN),https://image.msscdn.net/images/goods_img/20230811/3461531/3461531_17170541973327_500.jpg,False
2024-01,F,002019,아노락 재킷,002,아우터,18,3738426,lecoq,르꼬끄,리버시블 듀스 자켓 크림(QP123LJK11),https://image.msscdn.net/images/goods_img/20231130/3738426/3738426_17155839046918_500.jpg,False
2024-01,F,002019,아노락 재킷,002,아우터,19,3046662,kiimuir,키뮤어,후디드 M-51 자켓_3 COLOR,https://image.msscdn.net/images/goods_img/20230130/3046662/3046662_17283563138184_500.jpg,False
2024-01,F,002019,아노락 재킷,002,아우터,20,2722505,brownbreath,브라운브레스,DO NOT LOSE ANORAK - YELLOW,https://image.msscdn.net/images/goods_img/20220817/2722505/2722505_17030337484322_500.jpg,False
2024-01,F,002019,아노락 재킷,002,아우터,21,3100545,umbro,엄브로,클래식 스탠넥 아노락 블랙(UP321CWT96),https://image.msscdn.net/images/goods_img/20230222/3100545/3100545_17548990274331_500.jpg,False
2024-01,F,002019,아노락 재킷,002,아우터,22,3039758,glack,글랙,GJ015 토비 나일론 자켓 (GRAY),https://image.msscdn.net/images/goods_img/20230126/3039758/3039758_16766154087049_500.jpg,False
2024-01,F,002019,아노락 재킷,002,아우터,23,3442678,mainbooth,메인부스,Run-up Nylon Anorak(LIGHT GRAY),https://image.msscdn.net/images/goods_img/20230803/3442678/3442678_16917196681580_500.jpg,False
2024-01,F,002019,아노락 재킷,002,아우터,24,3630696,bsrabbit,비에스래빗,빅 패치 포켓 후디드 아노락 자켓 라이트 블루,https://image.msscdn.net/images/goods_img/20231016/3630696/3630696_16974488565927_500.jpg,False
2024-01,F,002019,아노락 재킷,002,아우터,25,3512731,lecoq,르꼬끄,듀스 리버시블 자켓 블랙(QO323TJK91),https://image.msscdn.net/images/goods_img/20230830/3512731/3512731_17298975640652_500.jpg,False
2024-01,F,002019,아노락 재킷,002,아우터,26,2705640,kodak,코닥,선샤인 트랙 아노락 자켓 BEIGE,https://image.msscdn.net/images/goods_img/20220809/2705640/2705640_16783231356336_500.jpg,False
2024-01,F,002019,아노락 재킷,002,아우터,27,2753692,kenzo,겐조,윈드치터 후드 재킷 - 블랙 / FC62BL1579NB99J,https://image.msscdn.net/images/goods_img/20220830/2753692/2753692_1_500.jpg,False
2024-01,F,002019,아노락 재킷,002,아우터,28,3129156,thisisneverthat,디스이즈네버댓,Anorak Jacket Teal Green,https://image.msscdn.net/images/goods_img/20230307/3129156/3129156_16789309999836_500.jpg,False
2024-01,F,002019,아노락 재킷,002,아우터,29,3498218,thisisneverthat,디스이즈네버댓,(FW23) Anorak Jacket Washed Blue,https://image.msscdn.net/images/goods_img/20230825/3498218/3498218_16932973445318_500.jpg,False
2024-01,F,002019,아노락 재킷,002,아우터,30,3110837,waikei,와이케이,3레이어 윈드브레이커 자켓 그린,https://image.msscdn.net/images/goods_img/20230227/3110837/3110837_16777484927329_500.jpg,False
2024-01,F,002018,트레이닝 재킷,002,아우터,1,3662247,adidas,아디다스,ADILENIUM 오버사이즈 트랙탑 - 블랙 / IV9339,https://image.msscdn.net/images/goods_img/20231026/3662247/3662247_16983776905895_500.jpg,False
2024-01,F,002018,트레이닝 재킷,002,아우터,2,3422706,adidas,아디다스,파이어버드 트랙탑  - 블랙 / IL8764,https://image.msscdn.net/images/goods_img/20230724/3422706/3422706_16904232602323_500.jpg,False
2024-01,F,002018,트레이닝 재킷,002,아우터,3,2730682,partimentowomen,파르티멘토 우먼,라인 저지 트랙 탑_차콜 그레이,https://image.msscdn.net/images/goods_img/20220819/2730682/2730682_16950061956204_500.jpg,False
2024-01,F,002018,트레이닝 재킷,002,아우터,4,3662246,adidas,아디다스,ADILENIUM 오버사이즈 트랙탑 - 그레이 / IV9338,https://image.msscdn.net/images/goods_img/20231026/3662246/3662246_16983777322868_500.jpg,False
2024-01,F,002018,트레이닝 재킷,002,아우터,5,2353497,urbandtype,어반디타입,OL209_러닝클럽 트랙 자켓_네이비,https://image.msscdn.net/images/goods_img/20220210/2353497/2353497_17875332753234_500.jpg,False
2024-01,F,002018,트레이닝 재킷,002,아우터,6,3816724,adidas,아디다스,파이어버드 트랙탑 - 블랙 / IL8764,https://image.msscdn.net/images/goods_img/20240123/3816724/3816724_17060017772777_500.jpg,False
2024-01,F,002018,트레이닝 재킷,002,아우터,7,3756824,adidas,아디다스,파이어버드 루즈 트랙탑 - 핑크 / IP0607,https://image.msscdn.net/images/goods_img/20231214/3756824/3756824_17028587519643_500.jpg,False
2024-01,F,002018,트레이닝 재킷,002,아우터,8,3704061,glowny,글로니,G CLASSIC RIB TRACK ZIP-UP (BLACK),https://image.msscdn.net/images/goods_img/20231110/3704061/3704061_17012610085173_500.jpg,False
2024-01,F,002018,트레이닝 재킷,002,아우터,9,3010431,satur,세터,로턴 올 데이 트랙 집업 자켓 캐비어 블랙,https://image.msscdn.net/images/goods_img/20230109/3010431/3010431_17255123428915_500.jpg,False
2024-01,F,002018,트레이닝 재킷,002,아우터,10,3555937,rockcake,락케이크,Sports 96 Track Top - Navy,https://image.msscdn.net/images/goods_img/20230913/3555937/3555937_17128000098668_500.jpg,False
2024-01,F,002018,트레이닝 재킷,002,아우터,11,2730702,partimentowomen,파르티멘토 우먼,[SET] 라인 저지 트랙탑 셋업_차콜 그레이,https://image.msscdn.net/images/goods_img/20220819/2730702/2730702_1_500.jpg,False
2024-01,F,002018,트레이닝 재킷,002,아우터,12,2054619,fcmm,에프씨엠엠,클럽 팀 사이드라인 트랙 자켓 - 화이트,https://image.msscdn.net/images/goods_img/20210809/2054619/2054619_17261376177570_500.jpg,False
2024-01,F,002018,트레이닝 재킷,002,아우터,13,3662244,adidas,아디다스,클래식 트랙탑 - 블랙 / IK0430,https://image.msscdn.net/images/goods_img/20231026/3662244/3662244_16983777746999_500.jpg,False
2024-01,F,002018,트레이닝 재킷,002,아우터,14,3704043,glowny,글로니,G CLASSIC RIB TRACK ZIP-UP (CHARCOAL),https://image.msscdn.net/images/goods_img/20231110/3704043/3704043_17012609662300_500.jpg,False
2024-01,F,002018,트레이닝 재킷,002,아우터,15,2730685,partimentowomen,파르티멘토 우먼,라인 저지 트랙 탑_아이보리,https://image.msscdn.net/images/goods_img/20220819/2730685/2730685_16950060772440_500.jpg,False
2024-01,F,002018,트레이닝 재킷,002,아우터,16,3581866,nastyfancyclub,팬시클럽,[NF] 벨루어 트랙 트레이닝 셋업_F23ZA945XC862,https://image.msscdn.net/images/goods_img/20230921/3581866/3581866_16952631961077_500.jpg,False
2024-01,F,002018,트레이닝 재킷,002,아우터,17,1240633,fcmm,에프씨엠엠,클럽 팀 사이드라인 트랙 자켓 - 블랙,https://image.msscdn.net/images/goods_img/20191202/1240633/1240633_17243069557898_500.jpg,False
2024-01,F,002018,트레이닝 재킷,002,아우터,18,3384916,lazybee,레이지비,쿨터치 크롭 (러닝 운동복 워터) 여성 집업 자켓 (6컬러),https://image.msscdn.net/images/goods_img/20230627/3384916/3384916_17781415632280_500.jpg,False
2024-01,F,002018,트레이닝 재킷,002,아우터,19,2893549,skullpig,스컬피그,제로 액티브 라인 자켓 블랙,https://image.msscdn.net/images/goods_img/20221026/2893549/2893549_16971796772688_500.jpg,False
2024-01,F,002018,트레이닝 재킷,002,아우터,20,3704025,glowny,글로니,G CLASSIC RIB TRACK ZIP-UP (WHITE),https://image.msscdn.net/images/goods_img/20231110/3704025/3704025_17012608876386_500.jpg,False
2024-01,F,002018,트레이닝 재킷,002,아우터,21,3488553,adidas,아디다스,SST 트랙탑 - 블랙 / IK4034,https://image.msscdn.net/images/goods_img/20230823/3488553/3488553_16927743251891_500.jpg,False
2024-01,F,002018,트레이닝 재킷,002,아우터,22,3615803,awesomestudio,어썸스튜디오,[SET] 하이넥 배색 크롭 집업 + 와이드 스웻 팬츠 블랙,https://image.msscdn.net/images/goods_img/20231010/3615803/3615803_17182652432750_500.jpg,False
2024-01,F,002018,트레이닝 재킷,002,아우터,23,2730705,partimentowomen,파르티멘토 우먼,[SET] 라인 저지 트랙탑 셋업_아이보리,https://image.msscdn.net/images/goods_img/20220819/2730705/2730705_16758251347654_500.jpg,False
2024-01,F,002018,트레이닝 재킷,002,아우터,24,3770832,skullpig,스컬피그,[SWJ23040-01] 제로 액티브 크롭 자켓 블랙,https://image.msscdn.net/images/goods_img/20231229/3770832/3770832_17038364223492_500.jpg,False
2024-01,F,002018,트레이닝 재킷,002,아우터,25,3010433,satur,세터,로턴 올 데이 트랙 집업 자켓 리조트 블루,https://image.msscdn.net/images/goods_img/20230109/3010433/3010433_17005703019684_500.jpg,False
2024-01,F,002018,트레이닝 재킷,002,아우터,26,3458510,prendafromplant,프렌다,CROPPED VELOUR ZIP-UP DEEP BLUE,https://image.msscdn.net/images/goods_img/20230810/3458510/3458510_16926822184376_500.jpg,False
2024-01,F,002018,트레이닝 재킷,002,아우터,27,3634331,generalideastandard,제너럴아이디어,스몰 로고 코듀로이 세트 [IVORY] / SBC3U51040SET,https://image.msscdn.net/images/goods_img/20231017/3634331/3634331_16975433538568_500.jpg,False
2024-01,F,002018,트레이닝 재킷,002,아우터,28,3641288,adidas,아디다스,파이어버드 트랙탑 - 퍼플핑크 / IK6615,https://image.msscdn.net/images/goods_img/20231019/3641288/3641288_16977865731280_500.jpg,False
2024-01,F,002018,트레이닝 재킷,002,아우터,29,2835807,betterthanlife,베러댄라이프,시그니처 땀복 플렉스 오버 자켓(BDBSJK01),https://image.msscdn.net/images/goods_img/20221004/2835807/2835807_1_500.jpg,False
2024-01,F,002018,트레이닝 재킷,002,아우터,30,2730683,partimentowomen,파르티멘토 우먼,라인 저지 트랙 탑_파스텔 블루,https://image.msscdn.net/images/goods_img/20220819/2730683/2730683_16950059703658_500.jpg,False
2024-01,F,002008,환절기 코트,002,아우터,1,3516227,amomento,아모멘토,FUR MID COAT_CHARCOAL,https://image.msscdn.net/images/goods_img/20230831/3516227/3516227_16981310372778_500.jpg,False
2024-01,F,002008,환절기 코트,002,아우터,2,3558440,partimentowomen,파르티멘토 우먼,코듀로이 카 코트_베이지,https://image.msscdn.net/images/goods_img/20230913/3558440/3558440_16953833281240_500.jpg,False
2024-01,F,002008,환절기 코트,002,아우터,3,2316244,marithefrancoisgirbaud,마리떼 프랑소와 저버,W MAC COAT camel,https://image.msscdn.net/images/goods_img/20220119/2316244/2316244_1_500.jpg,False
2024-01,F,002008,환절기 코트,002,아우터,4,3253168,maxmara,막스마라,여성 마담 더블 브레스트 울 버튼 벨트 코트 - 레드 / 2310110131600011,https://image.msscdn.net/images/goods_img/20230421/3253168/3253168_16865580445755_500.jpg,False
2024-01,F,002008,환절기 코트,002,아우터,5,2820622,maisonmargiela,메종 마르지엘라,여성 피치드 트렌치 코트 - 샌드 / S51AH0184S60464115,https://image.msscdn.net/images/goods_img/20220927/2820622/2820622_1_500.jpg,False
2024-01,F,002008,환절기 코트,002,아우터,6,3164990,burberry,버버리,워털루 트렌치 코트 - 허니 / 8058231,https://image.msscdn.net/images/goods_img/20230321/3164990/3164990_16817994327992_500.jpg,False
2024-01,F,002008,환절기 코트,002,아우터,7,3233877,burberry,버버리,헤리티지 트렌치 코트 - 베이지 / 8062642,https://image.msscdn.net/images/goods_img/20230414/3233877/3233877_16862031015007_500.jpg,False
2024-01,F,002008,환절기 코트,002,아우터,8,680961,flareup,플레어업,오버사이즈 트렌치코트 (FL-012),https://image.msscdn.net/images/prd_img/20171130/680961/detail_680961_37_500.jpg,False
2024-01,F,002008,환절기 코트,002,아우터,9,3558438,partimentowomen,파르티멘토 우먼,코듀로이 카 코트_차콜,https://image.msscdn.net/images/goods_img/20230913/3558438/3558438_16953833661207_500.jpg,False
2024-01,F,002008,환절기 코트,002,아우터,10,3462335,notyourrose,낫 유어 로즈,제이드 롱 레더 코트 (블랙),https://image.msscdn.net/images/goods_img/20230811/3462335/3462335_16970061746426_500.jpg,False
2024-01,F,002008,환절기 코트,002,아우터,11,2345593,sevenfigures,세븐피겨스,센트럴 발마칸 트렌치코트 BR,https://image.msscdn.net/images/goods_img/20220208/2345593/2345593_2_500.jpg,False
2024-01,F,002008,환절기 코트,002,아우터,12,2795318,matinkim,마뗑킴,TAILORED SINGLE COAT JACKET IN BLACK,https://image.msscdn.net/images/goods_img/20220915/2795318/2795318_1_500.jpg,False
2024-01,F,002008,환절기 코트,002,아우터,13,3397991,moncler,몽클레어,솔로뉴 파카 코트 - 베이지 / I10931C00046596OU20X,https://image.msscdn.net/images/goods_img/20230706/3397991/3397991_16911241659218_500.jpg,False
2024-01,F,002008,환절기 코트,002,아우터,14,2814960,insilencewomen,인사일런스 우먼,에나멜 디태처블 트렌치 코트 BLACK,https://image.msscdn.net/images/goods_img/20220923/2814960/2814960_16764245694349_500.jpg,False
2024-01,F,002008,환절기 코트,002,아우터,15,3161511,toteme,토템,개버딘 카 코트 - 캐슈 / 2311029221815,https://image.msscdn.net/images/goods_img/20230320/3161511/3161511_16926707141033_500.jpg,False
2024-01,F,002008,환절기 코트,002,아우터,16,2770867,malen,말렌,유니섹스 트렌치 레더코트 블랙,https://image.msscdn.net/images/goods_img/20220905/2770867/2770867_1_500.jpg,False
2024-01,F,002008,환절기 코트,002,아우터,17,2110658,nicknicole,닉앤니콜,OVERSIZED DOUBLE TRENCH COAT_8COLOR,https://image.msscdn.net/images/goods_img/20210906/2110658/2110658_17289677830789_500.jpg,False
2024-01,F,002008,환절기 코트,002,아우터,18,3125721,matinkim,마뗑킴,CITY BREEZE MAXI WINDBREAKER IN BLACK,https://image.msscdn.net/images/goods_img/20230306/3125721/3125721_16780958313128_500.jpg,False
2024-01,F,002008,환절기 코트,002,아우터,19,3061568,insilencewomen,인사일런스 우먼,글리터 싱글 트렌치 코트 BLACK,https://image.msscdn.net/images/goods_img/20230206/3061568/3061568_16762553239380_500.jpg,False
2024-01,F,002008,환절기 코트,002,아우터,20,2763882,sculptor,스컬프터,Maxi Sleeveless Denim Coat Indigo Blue,https://image.msscdn.net/images/goods_img/20220902/2763882/2763882_17308010519283_500.jpg,False
2024-01,F,002008,환절기 코트,002,아우터,21,2360891,urago,유라고,Mac half trench coat,https://image.msscdn.net/images/goods_img/20220215/2360891/2360891_17901400385390_500.jpg,False
2024-01,F,002008,환절기 코트,002,아우터,22,2110734,nicknicole,닉앤니콜,OVERSIZED DOUBLE TRENCH COAT_GRAY,https://image.msscdn.net/images/goods_img/20210906/2110734/2110734_16813695513077_500.jpg,False
2024-01,F,002008,환절기 코트,002,아우터,23,2748992,espionage,에스피오나지,Wide Single Trench Coat Black,https://image.msscdn.net/images/goods_img/20220829/2748992/2748992_1_500.jpg,False
2024-01,F,002008,환절기 코트,002,아우터,24,3606522,tillidie,틸아이다이,Colin wool blended collar half coat_Navy,https://image.msscdn.net/images/goods_img/20231005/3606522/3606522_16970157186018_500.jpg,False
2024-01,F,002008,환절기 코트,002,아우터,25,3034851,lmc,엘엠씨,CLASSIC VEGAN LEATHER CAR COAT black,https://image.msscdn.net/images/goods_img/20230119/3034851/3034851_16807439580306_500.jpg,False
2024-01,F,002008,환절기 코트,002,아우터,26,2783107,partimento,파르티멘토,발마칸 오버핏 코트 아이보리,https://image.msscdn.net/images/goods_img/20220908/2783107/2783107_1_500.jpg,False
2024-01,F,002008,환절기 코트,002,아우터,27,3639169,treemingbird,트리밍버드,Peaked Lapel Maxi Coat [ Black ],https://image.msscdn.net/images/goods_img/20231019/3639169/3639169_16977805697515_500.jpg,False
2024-01,F,002008,환절기 코트,002,아우터,28,2770709,malen,말렌,유니섹스 트렌치 후드코트 베이지,https://image.msscdn.net/images/goods_img/20220905/2770709/2770709_1_500.jpg,False
2024-01,F,002008,환절기 코트,002,아우터,29,3182686,isabelmarant,이자벨마랑,가브리엘 코트 - 오렌지 / MA0019FAA1D24E11OR,https://image.msscdn.net/images/goods_img/20230327/3182686/3182686_16830816783894_500.jpg,False
2024-01,F,002008,환절기 코트,002,아우터,30,2795317,matinkim,마뗑킴,TAILORED SINGLE COAT JACKET IN CHARCOAL,https://image.msscdn.net/images/goods_img/20220915/2795317/2795317_1_500.jpg,False
2024-01,F,002014,사파리/헌팅 재킷,002,아우터,1,3692494,someplace,썸플레이스,덤블 카라 디테일 오버핏 롱 야상 점퍼 자켓 [블랙],https://image.msscdn.net/images/goods_img/20231107/3692494/3692494_17677487087605_500.jpg,False
2024-01,F,002014,사파리/헌팅 재킷,002,아우터,2,2256215,blackmoment,블랙모먼트,리버시블 피쉬테일 사파리 파카 야상_KHAKI,https://image.msscdn.net/images/goods_img/20211203/2256215/2256215_17171295015117_500.jpg,False
2024-01,F,002014,사파리/헌팅 재킷,002,아우터,3,3692461,someplace,썸플레이스,덤블 카라 디테일 오버핏 롱 야상 점퍼 자켓 [그레이],https://image.msscdn.net/images/goods_img/20231107/3692461/3692461_17664675287395_500.jpg,False
2024-01,F,002014,사파리/헌팅 재킷,002,아우터,4,3038360,covernat,커버낫,디태쳐블 후디 롱 M-51 자켓 카키,https://image.msscdn.net/images/goods_img/20230125/3038360/3038360_16944084817777_500.jpg,False
2024-01,F,002014,사파리/헌팅 재킷,002,아우터,5,3460553,sculptor,스컬프터,Low Edge Cotton Jacket Gray,https://image.msscdn.net/images/goods_img/20230811/3460553/3460553_17303578163328_500.jpg,False
2024-01,F,002014,사파리/헌팅 재킷,002,아우터,6,2850030,yale,예일,M65 FISHTAIL PARKA GRAY,https://image.msscdn.net/images/goods_img/20221011/2850030/2850030_7_500.jpg,False
2024-01,F,002014,사파리/헌팅 재킷,002,아우터,7,3450087,discusathletic,디스커스 애슬레틱,로고 쉐르파 자켓 차콜,https://image.msscdn.net/images/goods_img/20230808/3450087/3450087_16947427239508_500.jpg,False
2024-01,F,002014,사파리/헌팅 재킷,002,아우터,8,3044140,codegraphy,코드그라피,레더 피쉬테일 자켓_블랙,https://image.msscdn.net/images/goods_img/20230127/3044140/3044140_16756488638456_500.jpg,False
2024-01,F,002014,사파리/헌팅 재킷,002,아우터,9,3452212,poloralphlauren,폴로 랄프 로렌,W 유틸리티 필드 재킷 - 그린,https://image.msscdn.net/images/goods_img/20230808/3452212/3452212_16926881234956_500.jpg,False
2024-01,F,002014,사파리/헌팅 재킷,002,아우터,10,2889461,blackmoment,블랙모먼트,오버핏 리버시블 숏 밀리터리 피쉬테일 후드 파카 점퍼_2COLOR,https://image.msscdn.net/images/goods_img/20221025/2889461/2889461_17171294444946_500.jpg,False
2024-01,F,002014,사파리/헌팅 재킷,002,아우터,11,2349864,outstanding,아웃스탠딩,HUNTING HOOD JACKET_BLACK,https://image.msscdn.net/images/goods_img/20220209/2349864/2349864_16928439489851_500.jpg,False
2024-01,F,002014,사파리/헌팅 재킷,002,아우터,12,2139479,placestudio,플레이스 스튜디오,코튼 스티치 점퍼 [블랙],https://image.msscdn.net/images/goods_img/20210917/2139479/2139479_17592157824346_500.jpg,False
2024-01,F,002014,사파리/헌팅 재킷,002,아우터,13,2349901,outstanding,아웃스탠딩,CORDUROY COLLAR SHORT JACKET_OLIVE GREEN,https://image.msscdn.net/images/goods_img/20220209/2349901/2349901_17687996624748_500.jpg,False
2024-01,F,002014,사파리/헌팅 재킷,002,아우터,14,3406370,lmood,엘무드,체스터 헌팅 블루종 자켓 블랙,https://image.msscdn.net/images/goods_img/20230712/3406370/3406370_17255163244682_500.jpg,False
2024-01,F,002014,사파리/헌팅 재킷,002,아우터,15,2850048,yale,예일,HERITAGE UNIVERSITY DAN QUILTED HUNTING JACKET BLACK,https://image.msscdn.net/images/goods_img/20221011/2850048/2850048_17189683279134_500.jpg,False
2024-01,F,002014,사파리/헌팅 재킷,002,아우터,16,3531332,frizmworks,프리즘웍스,VINCENT M1965 FISHTAIL PARKA 004 _ GRAY,https://image.msscdn.net/images/goods_img/20230905/3531332/3531332_16946120523456_500.jpg,False
2024-01,F,002014,사파리/헌팅 재킷,002,아우터,17,3406372,lmood,엘무드,체스터 헌팅 블루종 자켓 카키,https://image.msscdn.net/images/goods_img/20230712/3406372/3406372_17443376925419_500.jpg,False
2024-01,F,002014,사파리/헌팅 재킷,002,아우터,18,3566153,millowomen,밀로 우먼,스트링 포켓 후디 자켓 [그레이],https://image.msscdn.net/images/goods_img/20230915/3566153/3566153_16988058236646_500.jpg,False
2024-01,F,002014,사파리/헌팅 재킷,002,아우터,19,3035547,outstanding,아웃스탠딩,HUNTING HOOD JACKET_CHARCOAL,https://image.msscdn.net/images/goods_img/20230120/3035547/3035547_16928424234282_500.jpg,False
2024-01,F,002014,사파리/헌팅 재킷,002,아우터,20,3419480,bittercells,비터셀즈,코튼 자켓(워시드)-블랙,https://image.msscdn.net/images/goods_img/20230721/3419480/3419480_16920076005425_500.jpg,False
2024-01,F,002014,사파리/헌팅 재킷,002,아우터,21,2139487,placestudio,플레이스 스튜디오,코튼 스티치 점퍼 [베이지],https://image.msscdn.net/images/goods_img/20210917/2139487/2139487_17592155861872_500.jpg,False
2024-01,F,002014,사파리/헌팅 재킷,002,아우터,22,3566156,millowomen,밀로 우먼,스트링 포켓 후디 자켓 [딥 카키],https://image.msscdn.net/images/goods_img/20230915/3566156/3566156_16988058513684_500.jpg,False
2024-01,F,002014,사파리/헌팅 재킷,002,아우터,23,2349739,outstanding,아웃스탠딩,HUNTING HOOD JACKET_ORANGE,https://image.msscdn.net/images/goods_img/20220209/2349739/2349739_16928438962538_500.jpg,False
2024-01,F,002014,사파리/헌팅 재킷,002,아우터,24,3750624,gubin,구빈,롱 피쉬테일 자켓 - 카키,https://image.msscdn.net/images/goods_img/20231208/3750624/3750624_17056414556569_500.jpg,False
2024-01,F,002014,사파리/헌팅 재킷,002,아우터,25,3818782,partimento,파르티멘토,VTG 워시드 와이드 워크 자켓 핑크,https://image.msscdn.net/images/goods_img/20240124/3818782/3818782_17062332020622_500.jpg,False
2024-01,F,002014,사파리/헌팅 재킷,002,아우터,26,3450088,discusathletic,디스커스 애슬레틱,로고 쉐르파 자켓 샌드 베이지,https://image.msscdn.net/images/goods_img/20230808/3450088/3450088_17260560799230_500.jpg,False
2024-01,F,002014,사파리/헌팅 재킷,002,아우터,27,3797804,partimento,파르티멘토,VTG 워시드 필드 자켓 카키,https://image.msscdn.net/images/goods_img/20240116/3797804/3797804_17062326877184_500.jpg,False
2024-01,F,002014,사파리/헌팅 재킷,002,아우터,28,3797803,partimento,파르티멘토,VTG 워시드 필드 자켓 블랙,https://image.msscdn.net/images/goods_img/20240116/3797803/3797803_17062327016469_500.jpg,False
2024-01,F,002014,사파리/헌팅 재킷,002,아우터,29,3707410,londonunderground,런던 언더그라운드,Shearling collar long jacket_Khaki,https://image.msscdn.net/images/goods_img/20231113/3707410/3707410_17334648138148_500.png,False
2024-01,F,002014,사파리/헌팅 재킷,002,아우터,30,2854372,minimalproject,미니멀프로젝트,오리지널 M65 퀄티자켓 MJK113 [BLACK],https://image.msscdn.net/images/goods_img/20221012/2854372/2854372_4_500.jpg,False
2024-01,F,002021,베스트,002,아우터,1,3125670,matinkim,마뗑킴,SPELL POINT STRIPE KNIT VEST IN IVORY,https://image.msscdn.net/images/goods_img/20230306/3125670/3125670_16782582117207_500.jpg,False
2024-01,F,002021,베스트,002,아우터,2,3606996,kakaofriends0,카카오프렌즈,캐빈인더포레스트 양털조끼_춘식이,https://image.msscdn.net/images/goods_img/20231006/3606996/3606996_16965244704037_500.jpg,False
2024-01,F,002021,베스트,002,아우터,3,2457470,poloralphlauren,폴로 랄프 로렌,W 케이블 니트 슬리브리스 스웨터 - 네이비,https://image.msscdn.net/images/goods_img/20220330/2457470/2457470_2_500.jpg,False
2024-01,F,002021,베스트,002,아우터,4,3125671,matinkim,마뗑킴,SPELL POINT STRIPE KNIT VEST,https://image.msscdn.net/images/goods_img/20230306/3125671/3125671_16782581740082_500.jpg,False
2024-01,F,002021,베스트,002,아우터,5,3736873,thenorthface,노스페이스,NV1DP82J 화이트라벨 여성 노벨티 눕시 다운 베스트 SE,https://image.msscdn.net/images/goods_img/20231129/3736873/3736873_17012248410434_500.jpg,False
2024-01,F,002021,베스트,002,아우터,6,3542175,loeil,로에일,브이넥 크롭 울 니트 베스트 - 멜란지 그레이,https://image.msscdn.net/images/goods_img/20230907/3542175/3542175_16944839490329_500.jpg,False
2024-01,F,002021,베스트,002,아우터,7,2352328,nicknicole,닉앤니콜,CREW NECK VEST_3 COLOR,https://image.msscdn.net/images/goods_img/20220210/2352328/2352328_2_500.jpg,False
2024-01,F,002021,베스트,002,아우터,8,3297997,ganni,가니,울 믹스 조끼 - 페일카키 / K1867531,https://image.msscdn.net/images/goods_img/20230516/3297997/3297997_16867166235824_500.jpg,False
2024-01,F,002021,베스트,002,아우터,9,3349832,partimento,파르티멘토,시어 후드 베스트 블랙,https://image.msscdn.net/images/goods_img/20230607/3349832/3349832_16862761419940_500.jpg,False
2024-01,F,002021,베스트,002,아우터,10,3487469,sculptor,스컬프터,Color Block Vest Beige,https://image.msscdn.net/images/goods_img/20230822/3487469/3487469_16935521901348_500.jpg,False
2024-01,F,002021,베스트,002,아우터,11,1669853,saladbowls,샐러드볼즈,OVERSIZED DUFFLE COAT [PINK],https://image.msscdn.net/images/goods_img/20201029/1669853/1669853_10_500.jpg,False
2024-01,F,002021,베스트,002,아우터,12,3461299,matinkim,마뗑킴,POCKET HOODY ZIP UP KNIT VEST IN NAVY,https://image.msscdn.net/images/goods_img/20230811/3461299/3461299_16917291939683_500.jpg,False
2024-01,F,002021,베스트,002,아우터,13,3148952,poloralphlauren,폴로 랄프 로렌,W 케이블 니트 코튼 V넥 스웨터 베스트 - 화이트,https://image.msscdn.net/images/goods_img/20230315/3148952/3148952_16801438767727_500.jpg,False
2024-01,F,002021,베스트,002,아우터,14,2874468,pivvee,피브비,자이언트 피브비 라운드 베스트,https://image.msscdn.net/images/goods_img/20221019/2874468/2874468_2_500.jpg,False
2024-01,F,002021,베스트,002,아우터,15,2897433,jeep,지프,리버시블 베스트  (GK3JPU650BK),https://image.msscdn.net/images/goods_img/20221027/2897433/2897433_2_500.jpg,False
2024-01,F,002021,베스트,002,아우터,16,2384642,ojos,오호스,Muffler Boxer Hoodie Zip-up / Black,https://image.msscdn.net/images/goods_img/20220224/2384642/2384642_1_500.jpg,False
2024-01,F,002021,베스트,002,아우터,17,2818312,dimitriblack,디미트리블랙,코듀로이 퍼티그 베스트_브라운,https://image.msscdn.net/images/goods_img/20220926/2818312/2818312_1_500.jpg,False
2024-01,F,002021,베스트,002,아우터,18,3538886,tuomio,뚜오미오,HOODED GEAR FLEECE VEST [DUSTY BLUE],https://image.msscdn.net/images/goods_img/20230907/3538886/3538886_16940564386981_500.jpg,False
2024-01,F,002021,베스트,002,아우터,19,3032896,sandsound,샌드 사운드,Sherpa Fleece Vest - Ivory,https://image.msscdn.net/images/goods_img/20230119/3032896/3032896_16782367887451_500.jpg,False
2024-01,F,002021,베스트,002,아우터,20,1958404,lettercomo,레테르코모,시티보이 브이넥 니트베스트_블랙,https://image.msscdn.net/images/goods_img/20210520/1958404/1958404_17225627035904_500.jpg,False
2024-01,F,002021,베스트,002,아우터,21,2818311,dimitriblack,디미트리블랙,코듀로이 퍼티그 베스트_블랙,https://image.msscdn.net/images/goods_img/20220926/2818311/2818311_1_500.jpg,False
2024-01,F,002021,베스트,002,아우터,22,1293166,lettercomo,레테르코모,미니멀 브이넥 니트 베스트 블랙,https://image.msscdn.net/images/goods_img/20200205/1293166/1293166_17218818865419_500.jpg,False
2024-01,F,002021,베스트,002,아우터,23,2061772,romanticcrown,로맨틱크라운,사이드 버튼 오버핏 베스트_오트밀,https://image.msscdn.net/images/goods_img/20210812/2061772/2061772_16940503916753_500.jpg,False
2024-01,F,002021,베스트,002,아우터,24,1627006,noiago,노이아고,NOI170 로고 니트 베스트 (블랙),https://image.msscdn.net/images/goods_img/20200928/1627006/1627006_1_500.jpg,False
2024-01,F,002021,베스트,002,아우터,25,3037469,dimitriblack,디미트리블랙,ASI 2WAY 나일론 메탈 후드 베스트_그레이,https://image.msscdn.net/images/goods_img/20230125/3037469/3037469_17171370942465_500.png,False
2024-01,F,002021,베스트,002,아우터,26,3683601,andneeds,앤니즈,Ted reversible shearling vest (beige),https://image.msscdn.net/images/goods_img/20231103/3683601/3683601_16995202272709_500.jpg,False
2024-01,F,002021,베스트,002,아우터,27,2739719,snowpeakapparel,스노우피크 어패럴,랜드 여성 경량 다운베스트 (S24WWGDV61) Light Beige,https://image.msscdn.net/images/goods_img/20220824/2739719/2739719_17893544538922_500.jpg,False
2024-01,F,002021,베스트,002,아우터,28,3687892,fairliar,페어라이어 골프,퍼카라 방풍 집업 베스트(블랙),https://image.msscdn.net/images/goods_img/20231106/3687892/3687892_17658486012422_500.jpg,False
2024-01,F,002021,베스트,002,아우터,29,3769437,generalideastandard,제너럴아이디어,GNRL 에센셜 베스트 [BLACK] / WBD1L06505,https://image.msscdn.net/images/goods_img/20231228/3769437/3769437_17037314550092_500.jpg,False
2024-01,F,002021,베스트,002,아우터,30,3769438,generalideastandard,제너럴아이디어,GNRL 에센셜 베스트 [NAVY] / WBD1L06505,https://image.msscdn.net/images/goods_img/20231228/3769438/3769438_17037314648572_500.jpg,False
2024-01,F,002012,숏패딩/헤비 아우터,002,아우터,1,2037167,spao,스파오,파스텔 푸퍼_SPJPE4TG01,https://image.msscdn.net/images/goods_img/20210722/2037167/2037167_17631352702771_500.jpg,False
2024-01,F,002012,숏패딩/헤비 아우터,002,아우터,2,3555045,covernat,커버낫,RDS 씨빅 숏 푸퍼 블랙,https://image.msscdn.net/images/goods_img/20230913/3555045/3555045_16947539245253_500.png,False
2024-01,F,002012,숏패딩/헤비 아우터,002,아우터,3,3391616,spao,스파오,파스텔 푸퍼 (코듀로이)_SPJPD4TG02,https://image.msscdn.net/images/goods_img/20230703/3391616/3391616_16897518417977_500.jpg,False
2024-01,F,002012,숏패딩/헤비 아우터,002,아우터,4,2835510,yale,예일,리버시블 웜업 퀄팅 자켓 블랙/아이보리,https://image.msscdn.net/images/goods_img/20221004/2835510/2835510_17484885537592_500.jpg,False
2024-01,F,002012,숏패딩/헤비 아우터,002,아우터,5,3002387,nicknicole,닉앤니콜,NICOLE VOLUME PUFFER SHORT PADDING_6 COLOR,https://image.msscdn.net/images/goods_img/20221230/3002387/3002387_17355263132141_500.jpg,False
2024-01,F,002012,숏패딩/헤비 아우터,002,아우터,6,2686494,lee,리,베이직 다운 점퍼 블랙,https://image.msscdn.net/images/goods_img/20220728/2686494/2686494_16994039679105_500.jpg,False
2024-01,F,002012,숏패딩/헤비 아우터,002,아우터,7,3417808,lee,리,우먼 크롭 숏 다운 블랙,https://image.msscdn.net/images/goods_img/20230720/3417808/3417808_16909628356837_500.jpg,False
2024-01,F,002012,숏패딩/헤비 아우터,002,아우터,8,2792169,bittercells,비터셀즈,글로시 크롭 푸퍼 자켓-블랙,https://image.msscdn.net/images/goods_img/20220914/2792169/2792169_17685260819246_500.png,False
2024-01,F,002012,숏패딩/헤비 아우터,002,아우터,9,2792168,bittercells,비터셀즈,글로시 크롭 푸퍼 자켓-실버,https://image.msscdn.net/images/goods_img/20220914/2792168/2792168_17630957250861_500.jpg,False
2024-01,F,002012,숏패딩/헤비 아우터,002,아우터,10,3422193,musinsastandardwoman,무신사 스탠다드 우먼,우먼즈 데일리 푸퍼 숏 패딩 재킷 [아이보리],https://image.msscdn.net/images/goods_img/20230724/3422193/3422193_17616168157719_500.jpg,False
2024-01,F,002012,숏패딩/헤비 아우터,002,아우터,11,2704962,yale,예일,웜업 퀼팅자켓_블랙,https://image.msscdn.net/images/goods_img/20220808/2704962/2704962_17592064508547_500.jpg,False
2024-01,F,002012,숏패딩/헤비 아우터,002,아우터,12,3490942,thenorthface,노스페이스,NJ1DR81A 여성 1996 눕시 자켓_BLACK,https://image.msscdn.net/images/goods_img/20230823/3490942/3490942_17718290742024_500.jpg,False
2024-01,F,002012,숏패딩/헤비 아우터,002,아우터,13,3422194,musinsastandardwoman,무신사 스탠다드 우먼,우먼즈 데일리 푸퍼 숏 패딩 재킷 [블랙],https://image.msscdn.net/images/goods_img/20230724/3422194/3422194_17631114230155_500.jpg,False
2024-01,F,002012,숏패딩/헤비 아우터,002,아우터,14,3645958,partimento,파르티멘토,3M 신슐레이트 페더리스 커브드 푸퍼 숏패딩 네이비,https://image.msscdn.net/images/goods_img/20231020/3645958/3645958_16980372997191_500.jpg,False
2024-01,F,002012,숏패딩/헤비 아우터,002,아우터,15,2684073,nomanual,노매뉴얼,(23FW)SKADI DUCK DOWN - GLOSSY BLACK,https://image.msscdn.net/images/goods_img/20220727/2684073/2684073_17273418500742_500.jpg,False
2024-01,F,002012,숏패딩/헤비 아우터,002,아우터,16,3595879,matinkim,마뗑킴,MATIN LOGO COATING DOWN JUMPER IN BLACK,https://image.msscdn.net/images/goods_img/20230926/3595879/3595879_16957107811475_500.jpg,False
2024-01,F,002012,숏패딩/헤비 아우터,002,아우터,17,2689357,nationalgeographic,내셔널지오그래픽,N234UDW920 헤론 U넥 경량 다운 점퍼 CARBON BLACK,https://image.msscdn.net/images/goods_img/20220729/2689357/2689357_16889809897979_500.jpg,False
2024-01,F,002012,숏패딩/헤비 아우터,002,아우터,18,3484720,thenorthface,노스페이스,NJ1DQ80M 화이트라벨 여성 노벨티 눕시 RDS 다운 자켓_CREAM BEIGE,https://image.msscdn.net/images/goods_img/20230822/3484720/3484720_17121246767444_500.jpg,False
2024-01,F,002012,숏패딩/헤비 아우터,002,아우터,19,3591214,thisisneverthat,디스이즈네버댓,PERTEX® T Down Jacket Olive,https://image.msscdn.net/images/goods_img/20230925/3591214/3591214_16957051839387_500.jpg,False
2024-01,F,002012,숏패딩/헤비 아우터,002,아우터,20,2758806,nationalgeographic,내셔널지오그래픽,N234UDW810 레이만 숏기장 다운 점퍼 CARBON BLACK,https://image.msscdn.net/images/goods_img/20220831/2758806/2758806_16970794738869_500.jpg,False
2024-01,F,002012,숏패딩/헤비 아우터,002,아우터,21,3619422,bittercells,비터셀즈,글로시 크롭 푸퍼 자켓-펄,https://image.msscdn.net/images/goods_img/20231011/3619422/3619422_17307709937915_500.jpg,False
2024-01,F,002012,숏패딩/헤비 아우터,002,아우터,22,3417807,lee,리,우먼 크롭 숏 다운 브라운,https://image.msscdn.net/images/goods_img/20230720/3417807/3417807_16982103018945_500.jpg,False
2024-01,F,002012,숏패딩/헤비 아우터,002,아우터,23,2153567,newbalance,뉴발란스,NBNPE41113 / 남여공용 액티브 숏 다운 자켓 (4컬러),https://image.msscdn.net/images/goods_img/20210929/2153567/2153567_17307641136303_500.jpg,False
2024-01,F,002012,숏패딩/헤비 아우터,002,아우터,24,2683529,yale,예일,웜업 퀼팅자켓_아이보리,https://image.msscdn.net/images/goods_img/20220726/2683529/2683529_17683611386906_500.png,False
2024-01,F,002012,숏패딩/헤비 아우터,002,아우터,25,3687490,thenorthface,노스페이스,NJ1DP96A 여성 눕시 숏 자켓,https://image.msscdn.net/images/goods_img/20231106/3687490/3687490_17708759470319_500.jpg,False
2024-01,F,002012,숏패딩/헤비 아우터,002,아우터,26,2686490,lee,리,베이직 다운 점퍼 아이보리,https://image.msscdn.net/images/goods_img/20220728/2686490/2686490_16982103154367_500.jpg,False
2024-01,F,002012,숏패딩/헤비 아우터,002,아우터,27,2685576,nationalgeographic,내셔널지오그래픽,N234UDW901 듀공 후드 숏기장 가슴포켓 덕 다운 점퍼 CARBON BLACK,https://image.msscdn.net/images/goods_img/20220727/2685576/2685576_16998522107785_500.jpg,False
2024-01,F,002012,숏패딩/헤비 아우터,002,아우터,28,3575358,codegraphy,코드그라피,(우먼) WAVE 로고 Hype 글로시 컬러링 크롭 푸퍼_글로시블랙,https://image.msscdn.net/images/goods_img/20230919/3575358/3575358_17223314545209_500.jpg,False
2024-01,F,002012,숏패딩/헤비 아우터,002,아우터,29,3678518,thenorthface,노스페이스,NJ1DP87J 화이트라벨 여성 노벨티 눕시 다운 자켓 SE,https://image.msscdn.net/images/goods_img/20231102/3678518/3678518_16988930098342_500.jpg,False
2024-01,F,002012,숏패딩/헤비 아우터,002,아우터,30,3599167,discoveryexpedition,디스커버리 익스페디션,여성 올리브 글로우 다운(BLACK),https://image.msscdn.net/images/goods_img/20230927/3599167/3599167_17313016217208_500.jpg,False
2024-01,F,002025,무스탕/퍼,002,아우터,1,3676631,thegreenlab,더그린랩,FAUX 퍼 하이넥 무스탕 쟈켓 [블랙/아이보리],https://image.msscdn.net/images/goods_img/20231101/3676631/3676631_17652382927889_500.jpg,False
2024-01,F,002025,무스탕/퍼,002,아우터,2,452483,doffjason,도프제이슨,솔리드 무톤 자켓,https://image.msscdn.net/images/goods_img/20161123/452483/452483_2_500.jpg,False
2024-01,F,002025,무스탕/퍼,002,아우터,3,3691512,placestudio,플레이스 스튜디오,리버시블 스웨이드 후드 크롭 더플 코트 집업 자켓 3COLOR,https://image.msscdn.net/images/goods_img/20231107/3691512/3691512_17013030948874_500.jpg,False
2024-01,F,002025,무스탕/퍼,002,아우터,4,3640577,leathery,레더리,오블리크 오버핏 레더 무스탕 자켓 [BLACK],https://image.msscdn.net/images/goods_img/20231019/3640577/3640577_17645621888296_500.jpg,False
2024-01,F,002025,무스탕/퍼,002,아우터,5,1582142,left,레프트서울,에비에이터 B-3 무스탕 자켓 [블랙],https://image.msscdn.net/images/goods_img/20200903/1582142/1582142_17888321003811_500.jpg,False
2024-01,F,002025,무스탕/퍼,002,아우터,6,1197873,koleat,콜릿,WOMEN 오버핏 무스탕 플리스 자켓 Black_Beige,https://image.msscdn.net/images/goods_img/20191022/1197873/1197873_2_500.jpg,False
2024-01,F,002025,무스탕/퍼,002,아우터,7,2223261,placestudio,플레이스 스튜디오,솔리드 무톤 플리스 양털 레더 무스탕 자켓 [블랙],https://image.msscdn.net/images/goods_img/20211109/2223261/2223261_17307666918902_500.jpg,False
2024-01,F,002025,무스탕/퍼,002,아우터,8,3661328,lingseoul,링서울,suede mustang coat-beige,https://image.msscdn.net/images/goods_img/20231026/3661328/3661328_16995757835262_500.jpg,False
2024-01,F,002025,무스탕/퍼,002,아우터,9,2813149,doffsept,도프셉,Overfit Steady Mustang in Brown/Beige,https://image.msscdn.net/images/goods_img/20220922/2813149/2813149_17289774162327_500.jpg,False
2024-01,F,002025,무스탕/퍼,002,아우터,10,3661835,etmon,에트몽,"High-Neck Suede Mustang Coat, Brown",https://image.msscdn.net/images/goods_img/20231026/3661835/3661835_16983045835575_500.jpg,False
2024-01,F,002025,무스탕/퍼,002,아우터,11,1539383,doffjason,도프제이슨,솔리드 스웨이드 무톤 자켓 (블랙),https://image.msscdn.net/images/goods_img/20200806/1539383/1539383_2_500.jpg,False
2024-01,F,002025,무스탕/퍼,002,아우터,12,2813164,doffsept,도프셉,Overfit Steady Mustang in Black/Beige,https://image.msscdn.net/images/goods_img/20220922/2813164/2813164_17627390117439_500.jpg,False
2024-01,F,002025,무스탕/퍼,002,아우터,13,3729029,le,르,shearling collar mustang jacket (beige),https://image.msscdn.net/images/goods_img/20231122/3729029/3729029_17006401340701_500.jpg,False
2024-01,F,002025,무스탕/퍼,002,아우터,14,2818096,placestudio,플레이스 스튜디오,비건 레더 퍼 오버핏 울 무스탕 무톤 자켓 점퍼 [블랙],https://image.msscdn.net/images/goods_img/20220926/2818096/2818096_17592199790769_500.jpg,False
2024-01,F,002025,무스탕/퍼,002,아우터,15,464191,doffjason,도프제이슨,우먼스 솔리드 무톤 자켓,https://image.msscdn.net/images/goods_img/20161216/464191/464191_2_500.jpg,False
2024-01,F,002025,무스탕/퍼,002,아우터,16,3640578,leathery,레더리,오블리크 오버핏 레더 무스탕 자켓 [BROWN],https://image.msscdn.net/images/goods_img/20231019/3640578/3640578_17639511733049_500.jpg,False
2024-01,F,002025,무스탕/퍼,002,아우터,17,2985378,left,레프트서울,에비에이터 B-3 무스탕 자켓 [블랙/화이트],https://image.msscdn.net/images/goods_img/20221216/2985378/2985378_17888316910045_500.jpg,False
2024-01,F,002025,무스탕/퍼,002,아우터,18,3624607,someplace,썸플레이스,에코 퍼 플리스 숏 무스탕 자켓 점퍼 [베이지],https://image.msscdn.net/images/goods_img/20231013/3624607/3624607_16995803707581_500.jpg,False
2024-01,F,002025,무스탕/퍼,002,아우터,19,3610411,koleat,콜릿,[벨트탈부착] 크롭 밍크 스웨이드 무스탕 플리스 자켓 All_Black [라이더 양털 ver.],https://image.msscdn.net/images/goods_img/20231006/3610411/3610411_16969019013386_500.jpg,False
2024-01,F,002025,무스탕/퍼,002,아우터,20,2728878,left,레프트서울,리얼 양털 데일리 자켓 [아이보리],https://image.msscdn.net/images/goods_img/20220819/2728878/2728878_17641251036507_500.jpg,False
2024-01,F,002025,무스탕/퍼,002,아우터,21,3610005,koleat,콜릿,블러드 셔링 양털 플리스 레더 무스탕 자켓 [Black_Beige],https://image.msscdn.net/images/goods_img/20231006/3610005/3610005_16970033169206_500.jpg,False
2024-01,F,002025,무스탕/퍼,002,아우터,22,3585948,doffsept,도프셉,Overfit Steady Mustang in Beige/Beige,https://image.msscdn.net/images/goods_img/20230922/3585948/3585948_17606882423260_500.jpg,False
2024-01,F,002025,무스탕/퍼,002,아우터,23,3435483,musinsastandardwoman,무신사 스탠다드 우먼,우먼즈 리버서블 신세틱 레더 시어링 하프 코트 [블랙],https://image.msscdn.net/images/goods_img/20230731/3435483/3435483_17610122417764_500.jpg,False
2024-01,F,002025,무스탕/퍼,002,아우터,24,3585949,doffsept,도프셉,Overfit Steady Mustang in Black/Black,https://image.msscdn.net/images/goods_img/20230922/3585949/3585949_17606879860257_500.jpg,False
2024-01,F,002025,무스탕/퍼,002,아우터,25,3624608,someplace,썸플레이스,퍼 플리스 숏 무스탕 자켓 점퍼 [브라운],https://image.msscdn.net/images/goods_img/20231013/3624608/3624608_16995803967529_500.jpg,False
2024-01,F,002025,무스탕/퍼,002,아우터,26,3743239,notyourrose,낫 유어 로즈,리버시블 세일러 무스탕 (차콜),https://image.msscdn.net/images/goods_img/20231204/3743239/3743239_17652616840512_500.jpg,False
2024-01,F,002025,무스탕/퍼,002,아우터,27,3551198,musinsastandardwoman,무신사 스탠다드 우먼,우먼즈 신세틱 레더 시어링 재킷 [블랙],https://image.msscdn.net/images/goods_img/20230912/3551198/3551198_17652664561529_500.jpg,False
2024-01,F,002025,무스탕/퍼,002,아우터,28,2932943,sinoon,시눈,HEAVY MIX FUR JACKET (IVORY),https://image.msscdn.net/images/goods_img/20221110/2932943/2932943_16965691102728_500.jpg,False
2024-01,F,002025,무스탕/퍼,002,아우터,29,3743235,notyourrose,낫 유어 로즈,리버시블 세일러 무스탕 (아이보리),https://image.msscdn.net/images/goods_img/20231204/3743235/3743235_17652616586893_500.jpg,False
2024-01,F,002025,무스탕/퍼,002,아우터,30,3599204,millowomen,밀로 우먼,버튼 리버시블 퍼 자켓 [카키],https://image.msscdn.net/images/goods_img/20230927/3599204/3599204_16989079040481_500.jpg,False
2024-01,F,002023,플리스/뽀글이,002,아우터,1,3477691,yale,예일,엠브로이더리 댄 카라리스 퀼팅 플리스 자켓_아이보리,https://image.msscdn.net/images/goods_img/20230818/3477691/3477691_17080656880557_500.jpg,False
2024-01,F,002023,플리스/뽀글이,002,아우터,2,3477692,yale,예일,엠브로이더리 댄 카라리스 퀼팅 플리스 자켓_블랙,https://image.msscdn.net/images/goods_img/20230818/3477692/3477692_16944148192280_500.jpg,False
2024-01,F,002023,플리스/뽀글이,002,아우터,3,3596551,spao,스파오,(담곰이) 따듯하담곰 퍼플리스 집업(BLACK)_SPFZE11U20,https://image.msscdn.net/images/goods_img/20230926/3596551/3596551_16971551547699_500.jpg,False
2024-01,F,002023,플리스/뽀글이,002,아우터,4,3596538,spao,스파오,(담곰이) 따듯하담곰 퍼플리스 집업(WHITE)_SPFZE11U20,https://image.msscdn.net/images/goods_img/20230926/3596538/3596538_16971551827526_500.jpg,False
2024-01,F,002023,플리스/뽀글이,002,아우터,5,3477693,yale,예일,엠브로이더리 댄 카라리스 퀼팅 플리스 자켓_네이비,https://image.msscdn.net/images/goods_img/20230818/3477693/3477693_16944147308215_500.jpg,False
2024-01,F,002023,플리스/뽀글이,002,아우터,6,3710717,yale,예일,2 TONE ARCH BOA TRACK JACKET IVORY,https://image.msscdn.net/images/goods_img/20231114/3710717/3710717_16999736477660_500.jpg,False
2024-01,F,002023,플리스/뽀글이,002,아우터,7,1567317,jeep,지프,M-Logo 레인보우 라벨 하프넥 플리스 집업 (JQ5TZU191BK),https://image.msscdn.net/images/goods_img/20200827/1567317/1567317_17871103144956_500.jpg,False
2024-01,F,002023,플리스/뽀글이,002,아우터,8,2137196,codegraphy,코드그라피,헤비보아 플리스 무톤 자켓_3color,https://image.msscdn.net/images/goods_img/20210916/2137196/2137196_17300797990698_500.jpg,False
2024-01,F,002023,플리스/뽀글이,002,아우터,9,1699799,lee,리,폴라플리스 집업 자켓 블랙,https://image.msscdn.net/images/goods_img/20201124/1699799/1699799_16921893441804_500.jpg,False
2024-01,F,002023,플리스/뽀글이,002,아우터,10,2753311,nationalgeographic,내셔널지오그래픽,N224UFJ903 세미 오버핏 플리스 풀집업 CARBON BLACK,https://image.msscdn.net/images/goods_img/20220830/2753311/2753311_8_500.jpg,False
2024-01,F,002023,플리스/뽀글이,002,아우터,11,2755493,yale,예일,엠브로이더리 댄 플리스 트랙자켓_블랙,https://image.msscdn.net/images/goods_img/20220830/2755493/2755493_17316472306441_500.jpg,False
2024-01,F,002023,플리스/뽀글이,002,아우터,12,3580386,kirsh,키르시,토글 포인트 크롭 퍼 자켓 [그레이],https://image.msscdn.net/images/goods_img/20230920/3580386/3580386_16952165346310_500.jpg,False
2024-01,F,002023,플리스/뽀글이,002,아우터,13,3729810,yale,예일,EMBROIDERY DAN FLEECE HOODIE ZIP UP IVORY,https://image.msscdn.net/images/goods_img/20231123/3729810/3729810_17007184175279_500.jpg,False
2024-01,F,002023,플리스/뽀글이,002,아우터,14,3621647,placestudio,플레이스 스튜디오,오버핏 하이넥 더플 플리스 퀼팅 자켓 점퍼 [아이보리],https://image.msscdn.net/images/goods_img/20231012/3621647/3621647_16982086346533_500.jpg,False
2024-01,F,002023,플리스/뽀글이,002,아우터,15,2850102,yale,예일,엠브로이더리 댄 카라리스 보아 플리스 자켓_아이보리,https://image.msscdn.net/images/goods_img/20221011/2850102/2850102_17653340845444_500.jpg,False
2024-01,F,002023,플리스/뽀글이,002,아우터,16,3540642,codegraphy,코드그라피,(우먼) 코듀로이 리버시블 플리스 크롭 후드집업_4color,https://image.msscdn.net/images/goods_img/20230907/3540642/3540642_17173910936688_500.jpg,False
2024-01,F,002023,플리스/뽀글이,002,아우터,17,2753317,nationalgeographic,내셔널지오그래픽,N224UFJ903 세미 오버핏 플리스 풀집업 IVORY,https://image.msscdn.net/images/goods_img/20220830/2753317/2753317_8_500.jpg,False
2024-01,F,002023,플리스/뽀글이,002,아우터,18,2757395,thisisneverthat,디스이즈네버댓,(FW23) SP Sherpa Fleece Jacket Charcoal,https://image.msscdn.net/images/goods_img/20220831/2757395/2757395_16964810167982_500.jpg,False
2024-01,F,002023,플리스/뽀글이,002,아우터,19,3729811,yale,예일,EMBROIDERY DAN FLEECE HOODIE ZIP UP BLACK,https://image.msscdn.net/images/goods_img/20231123/3729811/3729811_17007184268866_500.jpg,False
2024-01,F,002023,플리스/뽀글이,002,아우터,20,2744495,codegraphy,코드그라피,헤비보아 플리스 무톤자켓_블랙,https://image.msscdn.net/images/goods_img/20220825/2744495/2744495_17718113710588_500.jpg,False
2024-01,F,002023,플리스/뽀글이,002,아우터,21,3657148,placestudio,플레이스 스튜디오,오버핏 하이넥 더플 플리스 퀼팅 자켓 점퍼 [아이보리],https://image.msscdn.net/images/goods_img/20231025/3657148/3657148_17694970982825_500.jpg,False
2024-01,F,002023,플리스/뽀글이,002,아우터,22,2843560,nationalgeographic,내셔널지오그래픽,N224UFJ950 프리미엄 Z 하이넥 플리스 집업 CARBON BLACK,https://image.msscdn.net/images/goods_img/20221006/2843560/2843560_1_500.jpg,False
2024-01,F,002023,플리스/뽀글이,002,아우터,23,2757396,thisisneverthat,디스이즈네버댓,(FW22) SP Sherpa Fleece Jacket Olive,https://image.msscdn.net/images/goods_img/20220831/2757396/2757396_1_500.jpg,False
2024-01,F,002023,플리스/뽀글이,002,아우터,24,3469953,covernat,커버낫,플리스 집업 자켓 블랙,https://image.msscdn.net/images/goods_img/20230817/3469953/3469953_16923520760377_500.png,False
2024-01,F,002023,플리스/뽀글이,002,아우터,25,1563096,covernat,커버낫,플리스 카라리스 자켓 블랙,https://image.msscdn.net/images/goods_img/20200825/1563096/1563096_5_500.jpg,False
2024-01,F,002023,플리스/뽀글이,002,아우터,26,3616827,thenorthface,노스페이스,NJ4FP54C 플레이 그린 리버시블 플리스 자켓,https://image.msscdn.net/images/goods_img/20231011/3616827/3616827_16969906962660_500.jpg,False
2024-01,F,002023,플리스/뽀글이,002,아우터,27,3498227,thisisneverthat,디스이즈네버댓,SP Sherpa Fleece Jacket Blue,https://image.msscdn.net/images/goods_img/20230825/3498227/3498227_16932968741652_500.jpg,False
2024-01,F,002023,플리스/뽀글이,002,아우터,28,2807554,whatitisnt,와키윌리,컴피 집업 아이보리,https://image.msscdn.net/images/goods_img/20220921/2807554/2807554_3_500.jpg,False
2024-01,F,002023,플리스/뽀글이,002,아우터,29,1608853,vans,반스,66-II 셰르파 리버시블 자켓1 - 블랙 / VN0A4UT3BLK1,https://image.msscdn.net/images/goods_img/20200917/1608853/1608853_17143829122286_500.jpg,False
2024-01,F,002023,플리스/뽀글이,002,아우터,30,2137197,codegraphy,코드그라피,헤비보아 플리스 무톤자켓_카키,https://image.msscdn.net/images/goods_img/20210916/2137197/2137197_17300797934103_500.jpg,False
2024-01,F,002007,겨울 싱글 코트,002,아우터,1,2700048,musinsastandardwoman,무신사 스탠다드 우먼,우먼즈 캐시미어 블렌드 발마칸 로브 코트 [블랙],https://image.msscdn.net/images/goods_img/20220805/2700048/2700048_17661148134527_500.jpg,False
2024-01,F,002007,겨울 싱글 코트,002,아우터,2,2700056,musinsastandardwoman,무신사 스탠다드 우먼,우먼즈 캐시미어 블렌드 쇼트 맥 코트 [블랙],https://image.msscdn.net/images/goods_img/20220805/2700056/2700056_17358854245695_500.jpg,False
2024-01,F,002007,겨울 싱글 코트,002,아우터,3,3405566,musinsastandardwoman,무신사 스탠다드 우먼,우먼즈 울 블렌드 부클 발마칸 로브 코트 [블랙],https://image.msscdn.net/images/goods_img/20230712/3405566/3405566_17821793375149_500.jpg,False
2024-01,F,002007,겨울 싱글 코트,002,아우터,4,3405573,musinsastandardwoman,무신사 스탠다드 우먼,우먼즈 울 블렌드 부클 쇼트 맥 코트 [블랙],https://image.msscdn.net/images/goods_img/20230712/3405573/3405573_17126534455042_500.jpg,False
2024-01,F,002007,겨울 싱글 코트,002,아우터,5,3511152,mongdol,몽돌,캐시미어 울 핸드메이드 하이넥 크롭 코트 오트밀 MDCT011OATMEAL,https://image.msscdn.net/images/goods_img/20230829/3511152/3511152_17471130272587_500.jpg,False
2024-01,F,002007,겨울 싱글 코트,002,아우터,6,2211829,laminez,라미네즈,레글런 울 발마칸 코트 - 블랙,https://image.msscdn.net/images/goods_img/20211102/2211829/2211829_17636199435412_500.jpg,False
2024-01,F,002007,겨울 싱글 코트,002,아우터,7,1684196,avan,어반드레스,유니섹스 프렌치 롱 가운 오버핏 코트 7 COLOR,https://image.msscdn.net/images/goods_img/20201110/1684196/1684196_16771165785098_500.jpg,False
2024-01,F,002007,겨울 싱글 코트,002,아우터,8,3405567,musinsastandardwoman,무신사 스탠다드 우먼,우먼즈 울 블렌드 부클 발마칸 로브 코트 [라이트 베이지],https://image.msscdn.net/images/goods_img/20230712/3405567/3405567_17821794314513_500.jpg,False
2024-01,F,002007,겨울 싱글 코트,002,아우터,9,3678335,oel,오오엠엘,울 발마칸 오버핏 코트 (블랙),https://image.msscdn.net/images/goods_img/20231102/3678335/3678335_16995105232805_500.jpg,False
2024-01,F,002007,겨울 싱글 코트,002,아우터,10,3753204,rosefrantz,로제프란츠,Wool Rich Half Coat [Black],https://image.msscdn.net/images/goods_img/20231212/3753204/3753204_17023593511373_500.jpg,False
2024-01,F,002007,겨울 싱글 코트,002,아우터,11,1676905,letterfrommoon,레터프롬문,파리지앵 울 트렌치 코트 ( 아이보리 ),https://image.msscdn.net/images/goods_img/20201103/1676905/1676905_17321537326961_500.jpg,False
2024-01,F,002007,겨울 싱글 코트,002,아우터,12,2700049,musinsastandardwoman,무신사 스탠다드 우먼,우먼즈 캐시미어 블렌드 발마칸 로브 코트 [미디엄 그레이],https://image.msscdn.net/images/goods_img/20220805/2700049/2700049_17358857683569_500.jpg,False
2024-01,F,002007,겨울 싱글 코트,002,아우터,13,3405572,musinsastandardwoman,무신사 스탠다드 우먼,우먼즈 울 블렌드 페이크 시어링 칼라 쇼트 코트 [네이비],https://image.msscdn.net/images/goods_img/20230712/3405572/3405572_16956248371752_500.jpg,False
2024-01,F,002007,겨울 싱글 코트,002,아우터,14,680486,flareup,플레어업,오버사이즈 발마칸 롱코트 - 블랙  (FL-010),https://image.msscdn.net/images/goods_img/20171129/680486/680486_11_500.jpg,False
2024-01,F,002007,겨울 싱글 코트,002,아우터,15,2159721,lingseoul,링서울,handmade wool trench coat-camel,https://image.msscdn.net/images/goods_img/20211001/2159721/2159721_17871055344035_500.jpg,False
2024-01,F,002007,겨울 싱글 코트,002,아우터,16,3634845,citybreeze,시티브리즈,울 더플 숏 코트_BEIGE,https://image.msscdn.net/images/goods_img/20231017/3634845/3634845_17120443250653_500.jpg,False
2024-01,F,002007,겨울 싱글 코트,002,아우터,17,3634844,citybreeze,시티브리즈,울 더플 숏 코트_DARK NAVY,https://image.msscdn.net/images/goods_img/20231017/3634844/3634844_17086569733708_500.jpg,False
2024-01,F,002007,겨울 싱글 코트,002,아우터,18,3460303,spao,스파오,[울블렌드] 벨티드 발마칸 코트_SPJWD4VW01,https://image.msscdn.net/images/goods_img/20230811/3460303/3460303_16929271566789_500.jpg,False
2024-01,F,002007,겨울 싱글 코트,002,아우터,19,3552513,drawfitwomen,드로우핏 우먼,소프트 캐시미어 오버사이즈 하프 코트 [BUTTER],https://image.msscdn.net/images/goods_img/20230912/3552513/3552513_17276848899638_500.jpg,False
2024-01,F,002007,겨울 싱글 코트,002,아우터,20,3511246,mongdol,몽돌,오버핏 울 발마칸 벨티드 롱코트 블랙 MDCT009BLACK,https://image.msscdn.net/images/goods_img/20230829/3511246/3511246_17036666356554_500.jpg,False
2024-01,F,002007,겨울 싱글 코트,002,아우터,21,2739310,lookast,룩캐스트,소이 울 싱글 코트 / SOY WOOL SINGLE COAT_5colors,https://image.msscdn.net/images/goods_img/20220824/2739310/2739310_17660399251518_500.jpg,False
2024-01,F,002007,겨울 싱글 코트,002,아우터,22,3405574,musinsastandardwoman,무신사 스탠다드 우먼,우먼즈 울 블렌드 헤더 부클 쇼트 맥 코트[브라운],https://image.msscdn.net/images/goods_img/20230712/3405574/3405574_17104058886759_500.jpg,False
2024-01,F,002007,겨울 싱글 코트,002,아우터,23,3606968,cloet,클로엣,"미니멀 발마칸 하프 코트 - 바닐라베이지 , 블랙",https://image.msscdn.net/images/goods_img/20231005/3606968/3606968_17314762405422_500.jpg,False
2024-01,F,002007,겨울 싱글 코트,002,아우터,24,1628418,musinsastandardwoman,무신사 스탠다드 우먼,우먼즈 캐시미어 블렌드 체스터 롱 코트 [블랙],https://image.msscdn.net/images/goods_img/20200928/1628418/1628418_17358857062794_500.jpg,False
2024-01,F,002007,겨울 싱글 코트,002,아우터,25,3612115,avan,어반드레스,Amelia Classic Single Coat LIGHT BEIGE,https://image.msscdn.net/images/goods_img/20231008/3612115/3612115_17194691538889_500.jpg,False
2024-01,F,002007,겨울 싱글 코트,002,아우터,26,3753418,rosefrantz,로제프란츠,Classic Wool balmacaan Coat [Gray],https://image.msscdn.net/images/goods_img/20231212/3753418/3753418_17023613100468_500.jpg,False
2024-01,F,002007,겨울 싱글 코트,002,아우터,27,3552582,drawfitwomen,드로우핏 우먼,소프트 캐시미어 싱글 발마칸 코트 [BUTTER],https://image.msscdn.net/images/goods_img/20230912/3552582/3552582_17276847442899_500.jpg,False
2024-01,F,002007,겨울 싱글 코트,002,아우터,28,3634847,citybreeze,시티브리즈,더블 브레스티드 울 미디 코트_DARK NAVY,https://image.msscdn.net/images/goods_img/20231017/3634847/3634847_17120443140729_500.jpg,False
2024-01,F,002007,겨울 싱글 코트,002,아우터,29,2700050,musinsastandardwoman,무신사 스탠다드 우먼,우먼즈 캐시미어 블렌드 발마칸 로브 코트 [다크 브라운],https://image.msscdn.net/images/goods_img/20220805/2700050/2700050_17358858075058_500.jpg,False
2024-01,F,002007,겨울 싱글 코트,002,아우터,30,3753151,rosefrantz,로제프란츠,Wool Rich Half Coat [Gray],https://image.msscdn.net/images/goods_img/20231212/3753151/3753151_17023581086235_500.jpg,False
2024-01,F,002024,겨울 더블 코트,002,아우터,1,2124218,musinsastandardwoman,무신사 스탠다드 우먼,우먼즈 캐시미어 블렌드 핸드메이드 더블 코트 [블랙],https://image.msscdn.net/images/goods_img/20210910/2124218/2124218_17821830930854_500.jpg,False
2024-01,F,002024,겨울 더블 코트,002,아우터,2,3405568,musinsastandardwoman,무신사 스탠다드 우먼,우먼즈 캐시미어 블렌드 트렌치 코트 [블랙],https://image.msscdn.net/images/goods_img/20230712/3405568/3405568_17358860312105_500.jpg,False
2024-01,F,002024,겨울 더블 코트,002,아우터,3,3612117,avan,어반드레스,Anna Double Long Coat BLACK,https://image.msscdn.net/images/goods_img/20231008/3612117/3612117_16976041397349_500.jpg,False
2024-01,F,002024,겨울 더블 코트,002,아우터,4,2124219,musinsastandardwoman,무신사 스탠다드 우먼,우먼즈 캐시미어 블렌드 핸드메이드 더블 코트 [오트밀],https://image.msscdn.net/images/goods_img/20210910/2124219/2124219_17821831845906_500.jpg,False
2024-01,F,002024,겨울 더블 코트,002,아우터,5,3650781,burmula,버뮬라,[REORDER] WOOL PEA COAT (IVORY),https://image.msscdn.net/images/goods_img/20231023/3650781/3650781_17288933802574_500.jpg,False
2024-01,F,002024,겨울 더블 코트,002,아우터,6,3005484,rosefrantz,로제프란츠,Wool Maxi Coat [Black],https://image.msscdn.net/images/goods_img/20230104/3005484/3005484_16728054297615_500.jpg,False
2024-01,F,002024,겨울 더블 코트,002,아우터,7,2217531,avan,어반드레스,125CM 슈퍼 롱 오버핏 더블 코트,https://image.msscdn.net/images/goods_img/20211104/2217531/2217531_16722043899054_500.jpg,False
2024-01,F,002024,겨울 더블 코트,002,아우터,8,3650788,burmula,버뮬라,WOOL PEA COAT (NAVY),https://image.msscdn.net/images/goods_img/20231023/3650788/3650788_16983029058219_500.jpg,False
2024-01,F,002024,겨울 더블 코트,002,아우터,9,2518480,musinsastandardwoman,무신사 스탠다드 우먼,우먼즈 캐시미어 블렌드 핸드메이드 더블 코트 [차콜 그레이],https://image.msscdn.net/images/goods_img/20220427/2518480/2518480_17821832254333_500.jpg,False
2024-01,F,002024,겨울 더블 코트,002,아우터,10,2862908,trillion,트릴리온,유니섹스 발마칸 더플 숏 코트 (BEIGE),https://image.msscdn.net/images/goods_img/20221014/2862908/2862908_1_500.jpg,False
2024-01,F,002024,겨울 더블 코트,002,아우터,11,3601765,codegraphy,코드그라피,WOOL 더플 숏 코트_네이비,https://image.msscdn.net/images/goods_img/20231004/3601765/3601765_16965588068976_500.jpg,False
2024-01,F,002024,겨울 더블 코트,002,아우터,12,2124217,musinsastandardwoman,무신사 스탠다드 우먼,우먼즈 캐시미어 블렌드 핸드메이드 더블 코트 [베이지],https://image.msscdn.net/images/goods_img/20210910/2124217/2124217_17821828665467_500.jpg,False
2024-01,F,002024,겨울 더블 코트,002,아우터,13,668822,coor,쿠어,MTR 오버핏 더블 롱 코트 (블랙),https://image.msscdn.net/images/goods_img/20171110/668822/668822_17271832549450_500.jpg,False
2024-01,F,002024,겨울 더블 코트,002,아우터,14,3616646,anderssonbellforwomen,앤더슨벨 포 우먼,엔야 헤링본 어시매트릭 코트 awa541w(GREY),https://image.msscdn.net/images/goods_img/20231011/3616646/3616646_17309630111915_500.jpg,False
2024-01,F,002024,겨울 더블 코트,002,아우터,15,1611799,musinsastandardwoman,무신사 스탠다드 우먼,우먼즈 캐시미어 블렌드 더블 체스터 롱 코트 [블랙],https://image.msscdn.net/images/goods_img/20200918/1611799/1611799_16998418525655_500.jpg,False
2024-01,F,002024,겨울 더블 코트,002,아우터,16,3601741,codegraphy,코드그라피,WOOL 더플 롱 코트_네이비,https://image.msscdn.net/images/goods_img/20231004/3601741/3601741_17684607839426_500.jpg,False
2024-01,F,002024,겨울 더블 코트,002,아우터,17,3480183,maloupe,마롭,6507 핸드메이드 트렌치 코트 (블랙),https://image.msscdn.net/images/goods_img/20230821/3480183/3480183_16925962173272_500.jpg,False
2024-01,F,002024,겨울 더블 코트,002,아우터,18,3405565,musinsastandardwoman,무신사 스탠다드 우먼,우먼즈 울 블렌드 오버 숄더 더블 코트  [토프],https://image.msscdn.net/images/goods_img/20230712/3405565/3405565_17358859030169_500.jpg,False
2024-01,F,002024,겨울 더블 코트,002,아우터,19,1611800,musinsastandardwoman,무신사 스탠다드 우먼,우먼즈 캐시미어 블렌드 더블 체스터 롱 코트 [네이비],https://image.msscdn.net/images/goods_img/20200918/1611800/1611800_17104043866826_500.jpg,False
2024-01,F,002024,겨울 더블 코트,002,아우터,20,3650783,burmula,버뮬라,WOOL PEA COAT (KHAKI),https://image.msscdn.net/images/goods_img/20231023/3650783/3650783_16983028965721_500.jpg,False
2024-01,F,002024,겨울 더블 코트,002,아우터,21,3612119,avan,어반드레스,Anna Double Long Coat LIGHT BEIGE,https://image.msscdn.net/images/goods_img/20231008/3612119/3612119_16976041818762_500.jpg,False
2024-01,F,002024,겨울 더블 코트,002,아우터,22,2978672,maxmara,막스마라,여성 3 마담 코트 - 브라운 / 10180123600010,https://image.msscdn.net/images/goods_img/20221212/2978672/2978672_16735772107971_500.jpg,False
2024-01,F,002024,겨울 더블 코트,002,아우터,23,3616642,anderssonbellforwomen,앤더슨벨 포 우먼,캐린 체크 래글런 코트 awa543w(GREEN/BLUE),https://image.msscdn.net/images/goods_img/20231011/3616642/3616642_17309632340698_500.jpg,False
2024-01,F,002024,겨울 더블 코트,002,아우터,24,454584,flareup,플레어업,Oversized Double Long Coat (FL-009_Black),https://image.msscdn.net/images/goods_img/20161129/454584/454584_17342871432250_500.jpg,False
2024-01,F,002024,겨울 더블 코트,002,아우터,25,3564169,lee,리,울 더플 코트 네이비,https://image.msscdn.net/images/goods_img/20230915/3564169/3564169_16993256616037_500.jpg,False
2024-01,F,002024,겨울 더블 코트,002,아우터,26,3005505,rosefrantz,로제프란츠,Wool Maxi Coat [Beige],https://image.msscdn.net/images/goods_img/20230104/3005505/3005505_16728058236968_500.jpg,False
2024-01,F,002024,겨울 더블 코트,002,아우터,27,2859532,avan,어반드레스,125CM 슈퍼 롱 오버핏 더블 코트 네이비,https://image.msscdn.net/images/goods_img/20221013/2859532/2859532_16722048892900_500.jpg,False
2024-01,F,002024,겨울 더블 코트,002,아우터,28,3585059,kiimuir,키뮤어,서플러스 울(WOOL) 대디핏 더블 맥시 코트_블랙,https://image.msscdn.net/images/goods_img/20230921/3585059/3585059_16952897064192_500.jpg,False
2024-01,F,002024,겨울 더블 코트,002,아우터,29,2658418,musinsastandardwoman,무신사 스탠다드 우먼,우먼즈 캐시미어 블렌드 쇼트 피 코트 [블랙],https://image.msscdn.net/images/goods_img/20220712/2658418/2658418_2_500.jpg,False
2024-01,F,002024,겨울 더블 코트,002,아우터,30,3739470,maxmara,막스마라,달리다 코트 - 아이보리 / 13160239600002,https://image.msscdn.net/images/goods_img/20231130/3739470/3739470_17052840733763_500.jpg,False
2024-01,F,002009,겨울 기타 코트,002,아우터,1,2238440,partimento,파르티멘토,오버사이즈 멜톤 더플 롱 코트 네이비,https://image.msscdn.net/images/goods_img/20211117/2238440/2238440_1_500.jpg,False
2024-01,F,002009,겨울 기타 코트,002,아우터,2,2863075,trillion,트릴리온,유니섹스 발마칸 더플 숏 코트 (BLACK),https://image.msscdn.net/images/goods_img/20221014/2863075/2863075_1_500.jpg,False
2024-01,F,002009,겨울 기타 코트,002,아우터,3,1641129,musinsastandardwoman,무신사 스탠다드 우먼,우먼즈 캐시미어 블렌드 핸드메이드 로브 코트 [블랙],https://image.msscdn.net/images/goods_img/20201008/1641129/1641129_17821067025442_500.jpg,False
2024-01,F,002009,겨울 기타 코트,002,아우터,4,2866837,goodlifeworks,굿라이프웍스,오버핏 더플 코트 네이비,https://image.msscdn.net/images/goods_img/20221017/2866837/2866837_2_500.jpg,False
2024-01,F,002009,겨울 기타 코트,002,아우터,5,3397886,musinsastandardwoman,무신사 스탠다드 우먼,우먼즈 울 블렌드 더플 쇼트 코트 [블랙],https://image.msscdn.net/images/goods_img/20230706/3397886/3397886_17799446298899_500.jpg,False
2024-01,F,002009,겨울 기타 코트,002,아우터,6,3397887,musinsastandardwoman,무신사 스탠다드 우먼,우먼즈 울 블렌드 더플 쇼트 코트 [네이비],https://image.msscdn.net/images/goods_img/20230706/3397887/3397887_17799445231605_500.jpg,False
2024-01,F,002009,겨울 기타 코트,002,아우터,7,3571502,covernat,커버낫,우먼 숏 더플 코트 네이비,https://image.msscdn.net/images/goods_img/20230919/3571502/3571502_16952729960040_500.png,False
2024-01,F,002009,겨울 기타 코트,002,아우터,8,2238412,partimento,파르티멘토,오버사이즈 멜톤 콘보이 더플 코트 네이비,https://image.msscdn.net/images/goods_img/20211117/2238412/2238412_2_500.jpg,False
2024-01,F,002009,겨울 기타 코트,002,아우터,9,3621752,roccirocci,로씨로씨,Crop Hood Wool Duffle Coat [MELANGE GREY],https://image.msscdn.net/images/goods_img/20231012/3621752/3621752_17295277902513_500.jpg,False
2024-01,F,002009,겨울 기타 코트,002,아우터,10,2238433,partimento,파르티멘토,오버사이즈 멜톤 더플 롱 코트 블랙,https://image.msscdn.net/images/goods_img/20211117/2238433/2238433_1_500.jpg,False
2024-01,F,002009,겨울 기타 코트,002,아우터,11,3603817,covernat,커버낫,울 더플 코트 네이비,https://image.msscdn.net/images/goods_img/20231005/3603817/3603817_16964733971272_500.png,False
2024-01,F,002009,겨울 기타 코트,002,아우터,12,3747777,maxmara,막스마라,올레아 카멜 헤어 벨티드 코트 - 카멜 / 2310160733600001,https://image.msscdn.net/images/goods_img/20231207/3747777/3747777_17050502759592_500.jpg,False
2024-01,F,002009,겨울 기타 코트,002,아우터,13,3405562,musinsastandardwoman,무신사 스탠다드 우먼,우먼즈 울 블렌드 발마칸 하프 코트 [블랙],https://image.msscdn.net/images/goods_img/20230712/3405562/3405562_16952728496370_500.jpg,False
2024-01,F,002009,겨울 기타 코트,002,아우터,14,2172957,mainbooth,메인부스,[울90%]Oversized Duffle Coat(IVORY),https://image.msscdn.net/images/goods_img/20211012/2172957/2172957_17191966075289_500.jpg,False
2024-01,F,002009,겨울 기타 코트,002,아우터,15,3648681,misekiseoul,미세키서울,Hoodie long duffle Coat,https://image.msscdn.net/images/goods_img/20231023/3648681/3648681_16980421937926_500.jpg,False
2024-01,F,002009,겨울 기타 코트,002,아우터,16,2829432,mainbooth,메인부스,[울90%]Oversized Half Duffle Coat(IVORY),https://image.msscdn.net/images/goods_img/20220929/2829432/2829432_17282700798141_500.jpg,False
2024-01,F,002009,겨울 기타 코트,002,아우터,17,3712901,treemingbird,트리밍버드,HANDMADE) High-Neck Half Pea Coat [ Gray ],https://image.msscdn.net/images/goods_img/20231115/3712901/3712901_17005342392776_500.jpg,False
2024-01,F,002009,겨울 기타 코트,002,아우터,18,3739714,dunstforwomen,던스트,HANDMADE CASHMERE ROBE COAT CAMEL_UDCO4D231CM,https://image.msscdn.net/images/goods_img/20231130/3739714/3739714_17278749363035_500.jpg,False
2024-01,F,002009,겨울 기타 코트,002,아우터,19,3593181,awesomestudio,어썸스튜디오,크롭 후드 더플 코트 아이보리,https://image.msscdn.net/images/goods_img/20230925/3593181/3593181_16956328927132_500.jpg,False
2024-01,F,002009,겨울 기타 코트,002,아우터,20,3778806,maxmaras,에스 막스 마라,제니스 버진 울 벨티드 롱 코트 - 다크 그레이 / 90161533600008,https://image.msscdn.net/images/goods_img/20240105/3778806/3778806_17059026966931_500.jpg,False
2024-01,F,002009,겨울 기타 코트,002,아우터,21,2157780,partimento,파르티멘토,오버사이즈 멜톤 콘보이 더플 코트 블랙,https://image.msscdn.net/images/goods_img/20211001/2157780/2157780_3_500.jpg,False
2024-01,F,002009,겨울 기타 코트,002,아우터,22,3552511,drawfitwomen,드로우핏 우먼,소프트 캐시미어 레글런 숏 코트 [CREAM],https://image.msscdn.net/images/goods_img/20230912/3552511/3552511_17276837931964_500.jpg,False
2024-01,F,002009,겨울 기타 코트,002,아우터,23,3778803,maxmaras,에스 막스 마라,폴도 버진 울 벨티드 롱 코트 - 블랙 / 90161033600013,https://image.msscdn.net/images/goods_img/20240105/3778803/3778803_17059028186913_500.jpg,False
2024-01,F,002009,겨울 기타 코트,002,아우터,24,3552512,drawfitwomen,드로우핏 우먼,소프트 캐시미어 레글런 숏 코트 [BLACK],https://image.msscdn.net/images/goods_img/20230912/3552512/3552512_17276837626749_500.jpg,False
2024-01,F,002009,겨울 기타 코트,002,아우터,25,3585098,kiimuir,키뮤어,[WOOL 80] 울 세미오버핏 더플 코트_네이비,https://image.msscdn.net/images/goods_img/20230921/3585098/3585098_17611010184143_500.jpg,False
2024-01,F,002009,겨울 기타 코트,002,아우터,26,3747776,maxmara,막스마라,테드걸 더블 브레스티드 울 실크 블렌드 코트 - 로사 / 2310160133600003,https://image.msscdn.net/images/goods_img/20231207/3747776/3747776_17050503351871_500.jpg,False
2024-01,F,002009,겨울 기타 코트,002,아우터,27,3599595,kirsh,키르시,유니 모노 체리 후드 롱 더플 코트 [블랙],https://image.msscdn.net/images/goods_img/20230927/3599595/3599595_16958186357799_500.jpg,False
2024-01,F,002009,겨울 기타 코트,002,아우터,28,2863193,trillion,트릴리온,유니섹스 발마칸 더플 롱 코트 (BLACK),https://image.msscdn.net/images/goods_img/20221014/2863193/2863193_1_500.jpg,False
2024-01,F,002009,겨울 기타 코트,002,아우터,29,3571504,covernat,커버낫,우먼 숏 더플 코트 라이트 그레이,https://image.msscdn.net/images/goods_img/20230919/3571504/3571504_16964906881967_500.jpg,False
2024-01,F,002009,겨울 기타 코트,002,아우터,30,3764086,maxmaras,에스 막스 마라,폴도 코트 - 브라운 / 90161033600045,https://image.msscdn.net/images/goods_img/20231221/3764086/3764086_17052852413255_500.jpg,False
2024-01,F,002013,롱패딩/헤비 아우터,002,아우터,1,3555034,covernat,커버낫,RDS 씨빅 롱 다운 파카,https://image.msscdn.net/images/goods_img/20230913/3555034/3555034_17617995117198_500.jpg,False
2024-01,F,002013,롱패딩/헤비 아우터,002,아우터,2,2801731,blackyak,블랙야크,아이스제로 레이디 다운자켓 블랙,https://image.msscdn.net/images/goods_img/20220919/2801731/2801731_17718286527817_500.jpg,False
2024-01,F,002013,롱패딩/헤비 아우터,002,아우터,3,2801733,blackyak,블랙야크,아이스제로 레이디 다운자켓_2G,https://image.msscdn.net/images/goods_img/20220919/2801733/2801733_4_500.jpg,False
2024-01,F,002013,롱패딩/헤비 아우터,002,아우터,4,3574911,nationalgeographic,내셔널지오그래픽,N234WDW860 여성 카이만 프로 롱기장 구스 다운 점퍼 SMALL LOGO BLACK,https://image.msscdn.net/images/goods_img/20230919/3574911/3574911_16998516079118_500.jpg,False
2024-01,F,002013,롱패딩/헤비 아우터,002,아우터,5,3422201,musinsastandardwoman,무신사 스탠다드 우먼,우먼즈 패딩 로브 코트 [블랙],https://image.msscdn.net/images/goods_img/20230724/3422201/3422201_17104062250407_500.jpg,False
2024-01,F,002013,롱패딩/헤비 아우터,002,아우터,6,2680364,codegraphy,코드그라피,[23년 패딩 Ver.] 피쉬테일 레이어드 후드 롱파카_카키,https://image.msscdn.net/images/goods_img/20220725/2680364/2680364_17893549555200_500.jpg,False
2024-01,F,002013,롱패딩/헤비 아우터,002,아우터,7,2180904,akiiiclassic,아키클래식,왈라비 구스다운 롱패딩 점퍼 VER.3 블랙 (남녀공용),https://image.msscdn.net/images/goods_img/20211015/2180904/2180904_16975916956851_500.jpg,False
2024-01,F,002013,롱패딩/헤비 아우터,002,아우터,8,2721258,codegraphy,코드그라피,[23년 패딩 Ver.] 피쉬테일 레이어드 후드 롱파카_블랙,https://image.msscdn.net/images/goods_img/20220817/2721258/2721258_17893546168476_500.jpg,False
2024-01,F,002013,롱패딩/헤비 아우터,002,아우터,9,3775213,nepa,네파,네파/본사직영 7I82083 여성 롱 다운 자켓,https://image.msscdn.net/images/goods_img/20240104/3775213/3775213_17043351567895_500.jpg,False
2024-01,F,002013,롱패딩/헤비 아우터,002,아우터,10,3600897,discoveryexpedition,디스커버리 익스페디션,여성 켈리 구스다운 롱패딩 (BLACK),https://image.msscdn.net/images/goods_img/20231004/3600897/3600897_17623273685195_500.jpg,False
2024-01,F,002013,롱패딩/헤비 아우터,002,아우터,11,920520,fcmm,에프씨엠엠,클럽 팀 풋볼 벤치 롱 패딩 2color,https://image.msscdn.net/images/goods_img/20181212/920520/920520_17588685279951_500.jpg,False
2024-01,F,002013,롱패딩/헤비 아우터,002,아우터,12,3583316,discoveryexpedition,디스커버리 익스페디션,여성 반슬리 다운 롱패딩 (BLACK),https://image.msscdn.net/images/goods_img/20230921/3583316/3583316_17684438118219_500.jpg,False
2024-01,F,002013,롱패딩/헤비 아우터,002,아우터,13,3479997,discoveryexpedition,디스커버리 익스페디션,여성 레스터G RDS 구스다운 롱패딩 (BLACK),https://image.msscdn.net/images/goods_img/20230821/3479997/3479997_16977835225792_500.jpg,False
2024-01,F,002013,롱패딩/헤비 아우터,002,아우터,14,3716632,wednesdayoasis,웬즈데이오아시스,W/M-65 피쉬테일 야상 패딩 코트(3col),https://image.msscdn.net/images/goods_img/20231116/3716632/3716632_17591147104039_500.jpg,False
2024-01,F,002013,롱패딩/헤비 아우터,002,아우터,15,2148661,5252byoioi,오아이오아이 컬렉션,시그니처 롱 다운 자켓_블랙,https://image.msscdn.net/images/goods_img/20210927/2148661/2148661_17198282612158_500.png,False
2024-01,F,002013,롱패딩/헤비 아우터,002,아우터,16,3601733,codegraphy,코드그라피,[DIVO] RDS 에센셜 롱다운 파카_블랙,https://image.msscdn.net/images/goods_img/20231004/3601733/3601733_17218066954926_500.jpg,False
2024-01,F,002013,롱패딩/헤비 아우터,002,아우터,17,2685525,nationalgeographic,내셔널지오그래픽,여성 카이만 프로 롱기장 구스 다운 점퍼 L BLUE,https://image.msscdn.net/images/goods_img/20220727/2685525/2685525_10_500.jpg,False
2024-01,F,002013,롱패딩/헤비 아우터,002,아우터,18,3056855,offthedoor,오프더도어,벨티드 구스다운 롱 코트(6 color),https://image.msscdn.net/images/goods_img/20230202/3056855/3056855_16753292409056_500.jpg,False
2024-01,F,002013,롱패딩/헤비 아우터,002,아우터,19,3574910,nationalgeographic,내셔널지오그래픽,N234WDW860 여성 카이만 프로 롱기장 구스 다운 점퍼 BIG LOGO BLACK,https://image.msscdn.net/images/goods_img/20230919/3574910/3574910_16951145971740_500.jpg,False
2024-01,F,002013,롱패딩/헤비 아우터,002,아우터,20,3668664,kolonsport,코오롱스포츠,여성 다운 코트 TVJDW23612LBE,https://image.msscdn.net/images/goods_img/20231030/3668664/3668664_17223982852908_500.jpg,False
2024-01,F,002013,롱패딩/헤비 아우터,002,아우터,21,3668647,kolonsport,코오롱스포츠,여성 프리미엄 울 다운 코트 TVJDW23616DML,https://image.msscdn.net/images/goods_img/20231030/3668647/3668647_17223982443822_500.jpg,False
2024-01,F,002013,롱패딩/헤비 아우터,002,아우터,22,3682371,thenorthface,노스페이스,NC1DP80A 여성 마라나 다운 코트_BLACK,https://image.msscdn.net/images/goods_img/20231103/3682371/3682371_17572976868410_500.jpg,False
2024-01,F,002013,롱패딩/헤비 아우터,002,아우터,23,2185778,levar,르바,Stitch Duck Down Coat - Black,https://image.msscdn.net/images/goods_img/20211019/2185778/2185778_17278354806182_500.jpg,False
2024-01,F,002013,롱패딩/헤비 아우터,002,아우터,24,3155585,jilsander,질 샌더,퀼팅 후디 롱 패딩 - 네이비 / J40AF0013J70008402,https://image.msscdn.net/images/goods_img/20230317/3155585/3155585_16810859402211_500.jpg,False
2024-01,F,002013,롱패딩/헤비 아우터,002,아우터,25,3595327,discoveryexpedition,디스커버리 익스페디션,여성 레스터G RDS 구스다운 롱패딩 (WHITE),https://image.msscdn.net/images/goods_img/20230926/3595327/3595327_16977835085300_500.jpg,False
2024-01,F,002013,롱패딩/헤비 아우터,002,아우터,26,3631552,guess,게스,페더라이트 마릴린 후드 롱 구스,https://image.msscdn.net/images/goods_img/20231017/3631552/3631552_16975151670407_500.jpg,False
2024-01,F,002013,롱패딩/헤비 아우터,002,아우터,27,1643839,secondmonolgue,세컨모놀로그,[DUCK DOWN] 몬스터 롱 헤비 다운 파카 3 color_SEJP008,https://image.msscdn.net/images/goods_img/20201012/1643839/1643839_17325012353028_500.jpg,False
2024-01,F,002013,롱패딩/헤비 아우터,002,아우터,28,3583318,discoveryexpedition,디스커버리 익스페디션,여성 반슬리 다운 롱패딩 (L/BEIGE),https://image.msscdn.net/images/goods_img/20230921/3583318/3583318_17313016167779_500.jpg,False
2024-01,F,002013,롱패딩/헤비 아우터,002,아우터,29,3636825,nepa,네파,7J82084 여성 롱 다운 자켓,https://image.msscdn.net/images/goods_img/20231018/3636825/3636825_16976048882781_500.jpg,False
2024-01,F,002013,롱패딩/헤비 아우터,002,아우터,30,3599168,discoveryexpedition,디스커버리 익스페디션,여성 레스터G RDS 구스다운 롱패딩 (L/BLACK),https://image.msscdn.net/images/goods_img/20230927/3599168/3599168_16977833688038_500.jpg,False
2024-01,F,002016,패딩 베스트,002,아우터,1,3451293,nomanual,노매뉴얼,TRACK DUCK DOWN VEST - GLOSSY BLACK,https://image.msscdn.net/images/goods_img/20230808/3451293/3451293_17260538086539_500.jpg,False
2024-01,F,002016,패딩 베스트,002,아우터,2,3604607,thenorthface,노스페이스,NV1DQ51J 화이트라벨 노벨티 눕시 다운 베스트_BLACK,https://image.msscdn.net/images/goods_img/20231005/3604607/3604607_16964804005315_500.jpg,False
2024-01,F,002016,패딩 베스트,002,아우터,3,3621962,marithefrancoisgirbaud,마리떼 프랑소와 저버,CLASSIC LOGO DUCK DOWN VEST brown,https://image.msscdn.net/images/goods_img/20231012/3621962/3621962_17292316806446_500.jpg,False
2024-01,F,002016,패딩 베스트,002,아우터,4,3602480,thenorthface,노스페이스,NV1DQ80J 화이트라벨 여성 노벨티 눕시 RDS 다운 베스트_BLACK,https://image.msscdn.net/images/goods_img/20231004/3602480/3602480_16964023863989_500.jpg,False
2024-01,F,002016,패딩 베스트,002,아우터,5,3641980,matinkim,마뗑킴,FOLDED POCKET DOWN VEST FOR WOMEN IN BLACK,https://image.msscdn.net/images/goods_img/20231019/3641980/3641980_16977036023414_500.jpg,False
2024-01,F,002016,패딩 베스트,002,아우터,6,3604373,noiago,노이아고,NOI1074 리버시블 다운 패딩 베스트 (브라운),https://image.msscdn.net/images/goods_img/20231005/3604373/3604373_16965744799187_500.jpg,False
2024-01,F,002016,패딩 베스트,002,아우터,7,3750378,noiago,노이아고,NOI1136 리버시블 다운 패딩 베스트 (블랙),https://image.msscdn.net/images/goods_img/20231208/3750378/3750378_17297488549647_500.jpg,False
2024-01,F,002016,패딩 베스트,002,아우터,8,3641976,matinkim,마뗑킴,FOLDED POCKET DOWN VEST FOR MEN IN BLACK,https://image.msscdn.net/images/goods_img/20231019/3641976/3641976_16977005766231_500.jpg,False
2024-01,F,002016,패딩 베스트,002,아우터,9,3642700,nicknicole,닉앤니콜,NN SHORT PADDING VEST_BLACK,https://image.msscdn.net/images/goods_img/20231019/3642700/3642700_17012248509521_500.jpg,False
2024-01,F,002016,패딩 베스트,002,아우터,10,3641964,matinkim,마뗑킴,GLOSSY CROP DOWN VEST IN BLACK,https://image.msscdn.net/images/goods_img/20231019/3641964/3641964_16977032968135_500.jpg,False
2024-01,F,002016,패딩 베스트,002,아우터,11,2744533,codegraphy,코드그라피,[DIVO] RDS 유틸리티 덕다운 베스트_블랙,https://image.msscdn.net/images/goods_img/20220825/2744533/2744533_17173915574028_500.jpg,False
2024-01,F,002016,패딩 베스트,002,아우터,12,3667963,minimalproject,미니멀프로젝트,MNMP 하이넥 패딩 베스트 MVT102 [BLACK],https://image.msscdn.net/images/goods_img/20231030/3667963/3667963_17606004212693_500.jpg,False
2024-01,F,002016,패딩 베스트,002,아우터,13,3602098,umbro,엄브로,여성 블랭킷 덕다운 패딩 베스트 블랙(UO422CDVN1),https://image.msscdn.net/images/goods_img/20231004/3602098/3602098_17302524041935_500.jpg,False
2024-01,F,002016,패딩 베스트,002,아우터,14,3740062,ienkiienki,옌키옌키,(W) 코지 패딩 베스트 마이크로 그린 COZY VEST MICRO GREEN,https://image.msscdn.net/images/goods_img/20231130/3740062/3740062_17013318154176_500.jpg,False
2024-01,F,002016,패딩 베스트,002,아우터,15,1114855,musinsastandardwoman,무신사 스탠다드 우먼,우먼즈 트랜스폼 라운드 넥 라이트 다운 베스트 [블랙],https://image.msscdn.net/images/goods_img/20190809/1114855/1114855_17625009396289_500.jpg,False
2024-01,F,002016,패딩 베스트,002,아우터,16,2807867,lmc,엘엠씨,OG PUFFER DUCK DOWN VEST black,https://image.msscdn.net/images/goods_img/20220921/2807867/2807867_17604354806792_500.jpg,False
2024-01,F,002016,패딩 베스트,002,아우터,17,3509441,thenorthface,노스페이스,NV1DP80B 여성 1996 에코 눕시 베스트,https://image.msscdn.net/images/goods_img/20230829/3509441/3509441_17508291456807_500.jpg,False
2024-01,F,002016,패딩 베스트,002,아우터,18,3602082,umbro,엄브로,남성 블랭킷 덕다운 패딩 베스트 블랙(UO421CDVN1),https://image.msscdn.net/images/goods_img/20231004/3602082/3602082_16963991463502_500.jpg,False
2024-01,F,002016,패딩 베스트,002,아우터,19,3796660,thenorthface,노스페이스,NV1DQ80K 화이트라벨 여성 노벨티 눕시 RDS 다운 베스트_BROWN,https://image.msscdn.net/images/goods_img/20240116/3796660/3796660_17053700011784_500.jpg,False
2024-01,F,002016,패딩 베스트,002,아우터,20,3451292,nomanual,노매뉴얼,TRACK DUCK DOWN VEST - BLACK,https://image.msscdn.net/images/goods_img/20230808/3451292/3451292_17260539003394_500.jpg,False
2024-01,F,002016,패딩 베스트,002,아우터,21,3585198,kiimuir,키뮤어,(덕 다운) 미니멀 다운 베스트_클라우드 크림,https://image.msscdn.net/images/goods_img/20230921/3585198/3585198_17168734857561_500.jpg,False
2024-01,F,002016,패딩 베스트,002,아우터,22,3459590,outstanding,아웃스탠딩,PACKABLE DOUBLE-SIDED DOWN VEST_OLIVE/BROWN,https://image.msscdn.net/images/goods_img/20230810/3459590/3459590_16925952953421_500.jpg,False
2024-01,F,002016,패딩 베스트,002,아우터,23,3703145,thenorthface,노스페이스,NV3NP55E 눕시 온볼 베스트,https://image.msscdn.net/images/goods_img/20231110/3703145/3703145_16995918259306_500.jpg,False
2024-01,F,002016,패딩 베스트,002,아우터,24,2820356,lettercomo,레테르코모,아워 인피니엄 패딩베스트 블랙,https://image.msscdn.net/images/goods_img/20220926/2820356/2820356_1_500.jpg,False
2024-01,F,002016,패딩 베스트,002,아우터,25,2237524,jeep,지프,글로시 숏 다운 베스트 (JM4JPU692BK),https://image.msscdn.net/images/goods_img/20211117/2237524/2237524_17018460868293_500.jpg,False
2024-01,F,002016,패딩 베스트,002,아우터,26,3750374,noiago,노이아고,NOI1135 리버시블 다운 패딩 베스트 (그레이),https://image.msscdn.net/images/goods_img/20231208/3750374/3750374_17022667657903_500.jpg,False
2024-01,F,002016,패딩 베스트,002,아우터,27,3623714,yale,예일,PRIMALOFT WESTERN FLEECE VEST BLACK,https://image.msscdn.net/images/goods_img/20231012/3623714/3623714_17228373649983_500.jpg,False
2024-01,F,002016,패딩 베스트,002,아우터,28,3623716,yale,예일,PRIMALOFT WESTERN FLEECE VEST SAGE GREEN,https://image.msscdn.net/images/goods_img/20231012/3623716/3623716_17228373102225_500.jpg,False
2024-01,F,002016,패딩 베스트,002,아우터,29,2741278,penfield,펜필드,ROCKWOOL DOWN VEST BLACK_FP4WD01U,https://image.msscdn.net/images/goods_img/20220825/2741278/2741278_16945905420021_500.jpg,False
2024-01,F,002016,패딩 베스트,002,아우터,30,2967857,polham,폴햄,여성) 리얼 구스 브이넥 경량 베스트_PHB5VP2011,https://image.msscdn.net/images/goods_img/20221201/2967857/2967857_16908779550215_500.jpg,False
2024-01,F,002015,기타 아우터,002,아우터,1,2732576,oddstudio,오드스튜디오,[세트] OS 로고 벨루어 세미 크롭 셋업 - 6COLOR,https://image.msscdn.net/images/goods_img/20220822/2732576/2732576_16774653176211_500.jpg,False
2024-01,F,002015,기타 아우터,002,아우터,2,3199281,burberry,버버리,여성 퀼팅 카라 재킷 - 베이지 / 8056575,https://image.msscdn.net/images/goods_img/20230331/3199281/3199281_16849826109316_500.jpg,False
2024-01,F,002015,기타 아우터,002,아우터,3,3286133,burberry,버버리,여성 다이아몬드 퀼티드 써모레귤레이티드 반 재킷 - 허니 / 8021468,https://image.msscdn.net/images/goods_img/20230510/3286133/3286133_16860596521957_500.jpg,False
2024-01,F,002015,기타 아우터,002,아우터,4,3450481,satur,세터,테오 코튼 올 데이 풀 집업 오가닉 블랙,https://image.msscdn.net/images/goods_img/20230808/3450481/3450481_16922811889884_500.jpg,False
2024-01,F,002015,기타 아우터,002,아우터,5,3560800,bohemseo,보헤미안 서울,001 BOMBER JACKET,https://image.msscdn.net/images/goods_img/20230914/3560800/3560800_16946730591003_500.jpg,False
2024-01,F,002015,기타 아우터,002,아우터,6,3550755,prendafromplant,프렌다,ASTRONAUT TERRY JACKET OATMEAL,https://image.msscdn.net/images/goods_img/20230911/3550755/3550755_16952820331905_500.jpg,False
2024-01,F,002015,기타 아우터,002,아우터,7,3456915,adidas,아디다스,3S 우븐 윈드 브레이커 - 화이트 / IC0560,https://image.msscdn.net/images/goods_img/20230810/3456915/3456915_16923189165032_500.jpg,False
2024-01,F,002015,기타 아우터,002,아우터,8,3542948,frizmworks,프리즘웍스,SMOCK HOODED PARKA 002 _ OLIVE,https://image.msscdn.net/images/goods_img/20230907/3542948/3542948_16947080035174_500.jpg,False
2024-01,F,002015,기타 아우터,002,아우터,9,3646667,treemingbird,트리밍버드,Knit Sleeve Cropped Jacket [ Black ],https://image.msscdn.net/images/goods_img/20231022/3646667/3646667_17000992615002_500.jpg,False
2024-01,F,002015,기타 아우터,002,아우터,10,3805947,matinkim,마뗑킴,MATIN KIM LOGO COATING JUMPER IN BLACK,https://image.msscdn.net/images/goods_img/20240118/3805947/3805947_17055624728285_500.jpg,False
2024-01,F,002015,기타 아우터,002,아우터,11,3639582,treemingbird,트리밍버드,Crop Tweed Set-up Jacket [ Black ],https://image.msscdn.net/images/goods_img/20231019/3639582/3639582_16977705160582_500.jpg,False
2024-01,F,002015,기타 아우터,002,아우터,12,3542946,frizmworks,프리즘웍스,SMOCK HOODED PARKA 002 _ BLACK,https://image.msscdn.net/images/goods_img/20230907/3542946/3542946_16947079117991_500.jpg,False
2024-01,F,002015,기타 아우터,002,아우터,13,3462439,amomento,아모멘토,ROUNDED SHOULDER JACKET,https://image.msscdn.net/images/goods_img/20230811/3462439/3462439_16935698027978_500.jpg,False
2024-01,F,002015,기타 아우터,002,아우터,14,3400393,1993studio,1993스튜디오,빈티지 코튼 트윌 바이커 자켓_카키,https://image.msscdn.net/images/goods_img/20230710/3400393/3400393_16965511573491_500.jpg,False
2024-01,F,002015,기타 아우터,002,아우터,15,3542947,frizmworks,프리즘웍스,SMOCK HOODED PARKA 002 _ BURGUNDY,https://image.msscdn.net/images/goods_img/20230907/3542947/3542947_16947079385466_500.jpg,False
2024-01,F,002015,기타 아우터,002,아우터,16,1114845,musinsastandardwoman,무신사 스탠다드 우먼,우먼즈 트랜스폼 라운드 넥 라이트 다운 재킷 [블랙],https://image.msscdn.net/images/goods_img/20190809/1114845/1114845_17625006973499_500.jpg,False
2024-01,F,002015,기타 아우터,002,아우터,17,3564202,moo,엠오오,나일론 자수 배색 레이싱 자켓 - 베이지,https://image.msscdn.net/images/goods_img/20230915/3564202/3564202_16969910007974_500.jpg,False
2024-01,F,002015,기타 아우터,002,아우터,18,3560666,bohemseo,보헤미안 서울,ROUGH ROUND NECK TWEED JACKET,https://image.msscdn.net/images/goods_img/20230914/3560666/3560666_16946796640743_500.jpg,False
2024-01,F,002015,기타 아우터,002,아우터,19,3743865,debbyupper,데비어퍼,DONA CURVED PLACKET PUFFER JACKET_IVORY,https://image.msscdn.net/images/goods_img/20231205/3743865/3743865_17017432447887_500.jpg,False
2024-01,F,002015,기타 아우터,002,아우터,20,3542949,frizmworks,프리즘웍스,SMOCK HOODED PARKA 002 _ TAN,https://image.msscdn.net/images/goods_img/20230907/3542949/3542949_16947080370490_500.jpg,False
2024-01,F,002015,기타 아우터,002,아우터,21,3461318,matinkim,마뗑킴,TWEED RACING JUMPER IN WHITE,https://image.msscdn.net/images/goods_img/20230811/3461318/3461318_16917293599363_500.jpg,False
2024-01,F,002015,기타 아우터,002,아우터,22,3702721,raive,레이브,High Neck Short Coat in Ecru Beige VW3WJ032-9F,https://image.msscdn.net/images/goods_img/20231110/3702721/3702721_16995845649900_500.jpg,False
2024-01,F,002015,기타 아우터,002,아우터,23,2870307,etmon,에트몽,Tweed Fur Jacket  Black,https://image.msscdn.net/images/goods_img/20221017/2870307/2870307_1_500.jpg,False
2024-01,F,002015,기타 아우터,002,아우터,24,2870291,etmon,에트몽,Tweed Fur Jacket  Lavender Pink,https://image.msscdn.net/images/goods_img/20221017/2870291/2870291_1_500.jpg,False
2024-01,F,002015,기타 아우터,002,아우터,25,3563802,moo,엠오오,나일론 자수 배색 레이싱 자켓 - 블랙,https://image.msscdn.net/images/goods_img/20230915/3563802/3563802_16969912540338_500.jpg,False
2024-01,F,002015,기타 아우터,002,아우터,26,3671724,matinkim,마뗑킴,COLLARLESS QUILTING ZIP UP JUMPER IN BLACK,https://image.msscdn.net/images/goods_img/20231031/3671724/3671724_16987391310239_500.jpg,False
2024-01,F,002015,기타 아우터,002,아우터,27,3639584,treemingbird,트리밍버드,Crop Tweed Set-up Jacket [ Charcoal ],https://image.msscdn.net/images/goods_img/20231019/3639584/3639584_16977704817415_500.jpg,False
2024-01,F,002015,기타 아우터,002,아우터,28,2836491,avan,어반드레스,WHITE TWEED CROPPED JACKET,https://image.msscdn.net/images/goods_img/20221004/2836491/2836491_17211083015826_500.jpg,False
2024-01,F,002015,기타 아우터,002,아우터,29,2164950,avan,어반드레스,BLACK TWEED CROPPED JACKET,https://image.msscdn.net/images/goods_img/20211006/2164950/2164950_1_500.jpg,False
2024-01,F,002015,기타 아우터,002,아우터,30,3602137,umbro,엄브로,블랭킷 후드 덕다운 자켓 블랙(UO421CDJN1),https://image.msscdn.net/images/goods_img/20231004/3602137/3602137_16963994277721_500.jpg,False
2024-01,F,003,바지,,,1,2112059,gakka2,가까이 유니언즈,[여름 or 기모 or 사계절 원단 선택] 원턱 와이드 스웨트팬츠 그레이,https://image.msscdn.net/images/goods_img/20210906/2112059/2112059_17473624399256_500.jpg,False
2024-01,F,003,바지,,,2,1551840,xero,제로,Deep One Tuck Sweat Pants [Grey],https://image.msscdn.net/images/goods_img/20200818/1551840/1551840_1_500.jpg,False
2024-01,F,003,바지,,,3,2112061,gakka2,가까이 유니언즈,[여름 or 기모 or 사계절 원단 선택] 원턱 와이드 스웨트팬츠 블랙,https://image.msscdn.net/images/goods_img/20210906/2112061/2112061_17459952841713_500.jpg,False
2024-01,F,003,바지,,,4,1735427,selfesteem,에스이에스티,[2PACK] 와이드핏 트레이닝 스웨트 팬츠 - 6Color,https://image.msscdn.net/images/goods_img/20210104/1735427/1735427_17646558259203_500.jpg,False
2024-01,F,003,바지,,,5,3711009,likethemost,라이크더모스트,트레이닝 핀턱 배색 와이드 팬츠 블랙,https://image.msscdn.net/images/goods_img/20231115/3711009/3711009_17134876012706_500.jpg,False
2024-01,F,003,바지,,,6,2092852,goodlifeworks,굿라이프웍스,[여름옵션 or 4계절] 이지 와이드 데님 팬츠 그레이,https://image.msscdn.net/images/goods_img/20210826/2092852/2092852_17086532214128_500.jpg,False
2024-01,F,003,바지,,,7,750908,wholovesart,후러브스아트,유니섹스 세미 와이드 밴딩 슬랙스 블랙,https://image.msscdn.net/images/goods_img/20180406/750908/750908_17736379434172_500.jpg,False
2024-01,F,003,바지,,,8,1551839,xero,제로,Deep One Tuck Sweat Pants [Black],https://image.msscdn.net/images/goods_img/20200818/1551839/1551839_1_500.jpg,False
2024-01,F,003,바지,,,9,3467190,againstallodds,에이지오디,와이드 데님 팬츠 [그레이],https://image.msscdn.net/images/goods_img/20230816/3467190/3467190_17894572589834_500.jpg,False
2024-01,F,003,바지,,,10,3223947,againstallodds,에이지오디,원턱 와이드 스웨트 팬츠 [그레이],https://image.msscdn.net/images/goods_img/20230411/3223947/3223947_17689822034188_500.jpg,False
2024-01,F,003,바지,,,11,3467143,againstallodds,에이지오디,와이드 데님 팬츠 [미디엄 블루],https://image.msscdn.net/images/goods_img/20230816/3467143/3467143_17894571986409_500.jpg,False
2024-01,F,003,바지,,,12,3124490,trillion,트릴리온,프론트 워싱 와이드 데님 팬츠 (YELLOW BLACK),https://image.msscdn.net/images/goods_img/20230306/3124490/3124490_16784156237192_500.jpg,False
2024-01,F,003,바지,,,13,3223808,againstallodds,에이지오디,원턱 와이드 스웨트 팬츠 [블랙],https://image.msscdn.net/images/goods_img/20230411/3223808/3223808_17689822616365_500.jpg,False
2024-01,F,003,바지,,,14,3046898,adidas,아디다스,아디브레이크 트랙 팬츠 W - 블랙 / IB5924,https://image.msscdn.net/images/goods_img/20230130/3046898/3046898_16751430584717_500.jpg,False
2024-01,F,003,바지,,,15,2562527,takeasy,테이크이지,우먼스 월계수 와이드 팬츠(블랙),https://image.msscdn.net/images/goods_img/20220516/2562527/2562527_1_500.jpg,False
2024-01,F,003,바지,,,16,883004,adidas,아디다스,아디브레이크 팬츠 - 블랙 / GN2807,https://image.msscdn.net/images/goods_img/20181016/883004/883004_6_500.jpg,False
2024-01,F,003,바지,,,17,2569078,wooalong,우알롱,Signature relax wide pants - BLACK,https://image.msscdn.net/images/goods_img/20220519/2569078/2569078_17603342870601_500.jpg,False
2024-01,F,003,바지,,,18,3461111,trillion,트릴리온,사이드 턱 스냅 버튼 와이드 데님 팬츠 (BLUE GRAY),https://image.msscdn.net/images/goods_img/20230811/3461111/3461111_17665381033898_500.jpg,False
2024-01,F,003,바지,,,19,3109741,avan,어반드레스,BUCKLE WIDE DENIM PANTS WASHING GREY,https://image.msscdn.net/images/goods_img/20230227/3109741/3109741_17204183612753_500.jpg,False
2024-01,F,003,바지,,,20,3095387,gakka2,가까이 유니언즈,원턱 와이드 스웨트 카고팬츠 블랙,https://image.msscdn.net/images/goods_img/20230220/3095387/3095387_17490881140029_500.png,False
2024-01,F,003,바지,,,21,3095384,gakka2,가까이 유니언즈,원턱 와이드 스웨트 카고팬츠 카키,https://image.msscdn.net/images/goods_img/20230220/3095384/3095384_17490881371864_500.jpg,False
2024-01,F,003,바지,,,22,3440017,goodlifeworks,굿라이프웍스,이지 와이드 데님 팬츠 빈티지 워시드 블루,https://image.msscdn.net/images/goods_img/20230801/3440017/3440017_17080504346875_500.jpg,False
2024-01,F,003,바지,,,23,3154969,avan,어반드레스,Optical Side Wide Pants BLACK,https://image.msscdn.net/images/goods_img/20230316/3154969/3154969_17198074861947_500.jpg,False
2024-01,F,003,바지,,,24,1596414,musinsastandardwoman,무신사 스탠다드 우먼,우먼즈 와이드 히든 밴딩 슬랙스 [블랙],https://image.msscdn.net/images/goods_img/20200911/1596414/1596414_17537745133548_500.jpg,False
2024-01,F,003,바지,,,25,2706287,trillion,트릴리온,바이오스톤 워싱 와이드 데님 팬츠 (BEIGE BLUE),https://image.msscdn.net/images/goods_img/20220809/2706287/2706287_1_500.jpg,False
2024-01,F,003,바지,,,26,3443300,likethemost,라이크더모스트,트레이닝 핀턱 와이드 팬츠 7colors,https://image.msscdn.net/images/goods_img/20230803/3443300/3443300_16913680049186_500.jpg,False
2024-01,F,003,바지,,,27,1851966,musinsastandardwoman,무신사 스탠다드 우먼,우먼즈 와이드 히든 밴딩 슬랙스 [차콜 그레이],https://image.msscdn.net/images/goods_img/20210318/1851966/1851966_2_500.jpg,False
2024-01,F,003,바지,,,28,3599540,avan,어반드레스,Thin Bootscut Pants LIGHT BLUE,https://image.msscdn.net/images/goods_img/20230927/3599540/3599540_17421708056168_500.jpg,False
2024-01,F,003,바지,,,29,1324127,musinsastandardwoman,무신사 스탠다드 우먼,우먼즈 플랫 테리 와이드 라운지 스웨트 팬츠 [블랙],https://image.msscdn.net/images/goods_img/20200226/1324127/1324127_17155613959754_500.jpg,False
2024-01,F,003,바지,,,30,3467738,againstallodds,에이지오디,원턱 카고 스웨트 팬츠 [그레이],https://image.msscdn.net/images/goods_img/20230816/3467738/3467738_17663655663261_500.jpg,False
2024-01,F,003002,데님 팬츠,003,바지,1,2092852,goodlifeworks,굿라이프웍스,[여름옵션 or 4계절] 이지 와이드 데님 팬츠 그레이,https://image.msscdn.net/images/goods_img/20210826/2092852/2092852_17086532214128_500.jpg,False
2024-01,F,003002,데님 팬츠,003,바지,2,3467190,againstallodds,에이지오디,와이드 데님 팬츠 [그레이],https://image.msscdn.net/images/goods_img/20230816/3467190/3467190_17894572589834_500.jpg,False
2024-01,F,003002,데님 팬츠,003,바지,3,3467143,againstallodds,에이지오디,와이드 데님 팬츠 [미디엄 블루],https://image.msscdn.net/images/goods_img/20230816/3467143/3467143_17894571986409_500.jpg,False
2024-01,F,003002,데님 팬츠,003,바지,4,3124490,trillion,트릴리온,프론트 워싱 와이드 데님 팬츠 (YELLOW BLACK),https://image.msscdn.net/images/goods_img/20230306/3124490/3124490_16784156237192_500.jpg,False
2024-01,F,003002,데님 팬츠,003,바지,5,3461111,trillion,트릴리온,사이드 턱 스냅 버튼 와이드 데님 팬츠 (BLUE GRAY),https://image.msscdn.net/images/goods_img/20230811/3461111/3461111_17665381033898_500.jpg,False
2024-01,F,003002,데님 팬츠,003,바지,6,3109741,avan,어반드레스,BUCKLE WIDE DENIM PANTS WASHING GREY,https://image.msscdn.net/images/goods_img/20230227/3109741/3109741_17204183612753_500.jpg,False
2024-01,F,003002,데님 팬츠,003,바지,7,3440017,goodlifeworks,굿라이프웍스,이지 와이드 데님 팬츠 빈티지 워시드 블루,https://image.msscdn.net/images/goods_img/20230801/3440017/3440017_17080504346875_500.jpg,False
2024-01,F,003002,데님 팬츠,003,바지,8,2706287,trillion,트릴리온,바이오스톤 워싱 와이드 데님 팬츠 (BEIGE BLUE),https://image.msscdn.net/images/goods_img/20220809/2706287/2706287_1_500.jpg,False
2024-01,F,003002,데님 팬츠,003,바지,9,3599540,avan,어반드레스,Thin Bootscut Pants LIGHT BLUE,https://image.msscdn.net/images/goods_img/20230927/3599540/3599540_17421708056168_500.jpg,False
2024-01,F,003002,데님 팬츠,003,바지,10,3642581,trillion,트릴리온,파라슈트 카고 리벳 데님 팬츠 (BLACK),https://image.msscdn.net/images/goods_img/20231019/3642581/3642581_16977772857947_500.jpg,False
2024-01,F,003002,데님 팬츠,003,바지,11,2092849,goodlifeworks,굿라이프웍스,이지 와이드 데님 팬츠 블랙,https://image.msscdn.net/images/goods_img/20210826/2092849/2092849_17872830577462_500.jpg,False
2024-01,F,003002,데님 팬츠,003,바지,12,3469210,dimitriblack,디미트리블랙,원턱 에센셜 PARACHUTE 팬츠_그레이,https://image.msscdn.net/images/goods_img/20230816/3469210/3469210_17564443272666_500.jpg,False
2024-01,F,003002,데님 팬츠,003,바지,13,3596906,decet,데케트,[2PACK]Mid Rise Wide Jeans DCPT027,https://image.msscdn.net/images/goods_img/20230926/3596906/3596906_17301806689514_500.jpg,False
2024-01,F,003002,데님 팬츠,003,바지,14,3467226,againstallodds,에이지오디,와이드 데님 팬츠 [블랙],https://image.msscdn.net/images/goods_img/20230816/3467226/3467226_17895227373218_500.jpg,False
2024-01,F,003002,데님 팬츠,003,바지,15,3434923,xtonz,엑스톤즈,XP178 스타 데미지 빈티지 워싱 데님 팬츠 (BLACK),https://image.msscdn.net/images/goods_img/20230731/3434923/3434923_16907792295496_500.jpg,False
2024-01,F,003002,데님 팬츠,003,바지,16,2709015,goodlifeworks,굿라이프웍스,이지 와이드 데님 팬츠 딥블랙,https://image.msscdn.net/images/goods_img/20220810/2709015/2709015_17080506992042_500.jpg,False
2024-01,F,003002,데님 팬츠,003,바지,17,3575430,avan,어반드레스,Side Big Cargo Pants CAMO,https://image.msscdn.net/images/goods_img/20230919/3575430/3575430_17421696736376_500.jpg,False
2024-01,F,003002,데님 팬츠,003,바지,18,3641293,adidas,아디다스,ADILENIUM 데님 카고 팬츠 - 스카이블루 / IV9344,https://image.msscdn.net/images/goods_img/20231019/3641293/3641293_16977864402113_500.jpg,False
2024-01,F,003002,데님 팬츠,003,바지,19,3124492,trillion,트릴리온,프론트 워싱 와이드 데님 팬츠 (NORMAL BLACK),https://image.msscdn.net/images/goods_img/20230306/3124492/3124492_16784156533908_500.jpg,False
2024-01,F,003002,데님 팬츠,003,바지,20,3539080,trillion,트릴리온,프론트 워싱 와이드 데님 팬츠 (DEEP GREEN),https://image.msscdn.net/images/goods_img/20230907/3539080/3539080_16941492039660_500.jpg,False
2024-01,F,003002,데님 팬츠,003,바지,21,2711163,trillion,트릴리온,옐로우 워싱 리버스 턱 데님 팬츠 (BLACK),https://image.msscdn.net/images/goods_img/20220810/2711163/2711163_1_500.jpg,False
2024-01,F,003002,데님 팬츠,003,바지,22,2351467,trillion,트릴리온,바이오스톤 워싱 와이드 데님 팬츠 (BLUE GRAY),https://image.msscdn.net/images/goods_img/20220210/2351467/2351467_2_500.jpg,False
2024-01,F,003002,데님 팬츠,003,바지,23,1976079,avan,어반드레스,BUCKLE WIDE DENIM PANTS BLACK,https://image.msscdn.net/images/goods_img/20210531/1976079/1976079_1_500.jpg,False
2024-01,F,003002,데님 팬츠,003,바지,24,3043508,xtonz,엑스톤즈,XP138 파스텔 데님 카고 팬츠 (PINK),https://image.msscdn.net/images/goods_img/20230127/3043508/3043508_16756679025104_500.jpg,False
2024-01,F,003002,데님 팬츠,003,바지,25,2749153,urbanstoff,어반스터프,듀러블 롱 벌룬 팬츠 (인디고),https://image.msscdn.net/images/goods_img/20220829/2749153/2749153_17254278711115_500.jpg,False
2024-01,F,003002,데님 팬츠,003,바지,26,3599539,avan,어반드레스,Thin Bootscut Pants BLUE,https://image.msscdn.net/images/goods_img/20230927/3599539/3599539_17206632088413_500.jpg,False
2024-01,F,003002,데님 팬츠,003,바지,27,3740876,odor,오도어,Logo drop denim in pink,https://image.msscdn.net/images/goods_img/20231201/3740876/3740876_17525683043934_500.jpeg,False
2024-01,F,003002,데님 팬츠,003,바지,28,3469199,dimitriblack,디미트리블랙,ASI 에센셜 원턱 와이드 데님 팬츠_그레이,https://image.msscdn.net/images/goods_img/20230816/3469199/3469199_16928612246762_500.jpg,False
2024-01,F,003002,데님 팬츠,003,바지,29,3087198,pandorafit,판도라핏,[WIDE] Armad Jeans,https://image.msscdn.net/images/goods_img/20230216/3087198/3087198_17893594379676_500.jpg,False
2024-01,F,003002,데님 팬츠,003,바지,30,3576618,wkndrs,위캔더스,DWARF DENIM PANTS (BLACK),https://image.msscdn.net/images/goods_img/20230920/3576618/3576618_17788142408278_500.png,False
2024-01,F,003004,트레이닝/조거 팬츠,003,바지,1,2112059,gakka2,가까이 유니언즈,[여름 or 기모 or 사계절 원단 선택] 원턱 와이드 스웨트팬츠 그레이,https://image.msscdn.net/images/goods_img/20210906/2112059/2112059_17473624399256_500.jpg,False
2024-01,F,003004,트레이닝/조거 팬츠,003,바지,2,1551840,xero,제로,Deep One Tuck Sweat Pants [Grey],https://image.msscdn.net/images/goods_img/20200818/1551840/1551840_1_500.jpg,False
2024-01,F,003004,트레이닝/조거 팬츠,003,바지,3,2112061,gakka2,가까이 유니언즈,[여름 or 기모 or 사계절 원단 선택] 원턱 와이드 스웨트팬츠 블랙,https://image.msscdn.net/images/goods_img/20210906/2112061/2112061_17459952841713_500.jpg,False
2024-01,F,003004,트레이닝/조거 팬츠,003,바지,4,1735427,selfesteem,에스이에스티,[2PACK] 와이드핏 트레이닝 스웨트 팬츠 - 6Color,https://image.msscdn.net/images/goods_img/20210104/1735427/1735427_17646558259203_500.jpg,False
2024-01,F,003004,트레이닝/조거 팬츠,003,바지,5,3711009,likethemost,라이크더모스트,트레이닝 핀턱 배색 와이드 팬츠 블랙,https://image.msscdn.net/images/goods_img/20231115/3711009/3711009_17134876012706_500.jpg,False
2024-01,F,003004,트레이닝/조거 팬츠,003,바지,6,1551839,xero,제로,Deep One Tuck Sweat Pants [Black],https://image.msscdn.net/images/goods_img/20200818/1551839/1551839_1_500.jpg,False
2024-01,F,003004,트레이닝/조거 팬츠,003,바지,7,3223947,againstallodds,에이지오디,원턱 와이드 스웨트 팬츠 [그레이],https://image.msscdn.net/images/goods_img/20230411/3223947/3223947_17689822034188_500.jpg,False
2024-01,F,003004,트레이닝/조거 팬츠,003,바지,8,3223808,againstallodds,에이지오디,원턱 와이드 스웨트 팬츠 [블랙],https://image.msscdn.net/images/goods_img/20230411/3223808/3223808_17689822616365_500.jpg,False
2024-01,F,003004,트레이닝/조거 팬츠,003,바지,9,3046898,adidas,아디다스,아디브레이크 트랙 팬츠 W - 블랙 / IB5924,https://image.msscdn.net/images/goods_img/20230130/3046898/3046898_16751430584717_500.jpg,False
2024-01,F,003004,트레이닝/조거 팬츠,003,바지,10,2562527,takeasy,테이크이지,우먼스 월계수 와이드 팬츠(블랙),https://image.msscdn.net/images/goods_img/20220516/2562527/2562527_1_500.jpg,False
2024-01,F,003004,트레이닝/조거 팬츠,003,바지,11,883004,adidas,아디다스,아디브레이크 팬츠 - 블랙 / GN2807,https://image.msscdn.net/images/goods_img/20181016/883004/883004_6_500.jpg,False
2024-01,F,003004,트레이닝/조거 팬츠,003,바지,12,2569078,wooalong,우알롱,Signature relax wide pants - BLACK,https://image.msscdn.net/images/goods_img/20220519/2569078/2569078_17603342870601_500.jpg,False
2024-01,F,003004,트레이닝/조거 팬츠,003,바지,13,3095387,gakka2,가까이 유니언즈,원턱 와이드 스웨트 카고팬츠 블랙,https://image.msscdn.net/images/goods_img/20230220/3095387/3095387_17490881140029_500.png,False
2024-01,F,003004,트레이닝/조거 팬츠,003,바지,14,3095384,gakka2,가까이 유니언즈,원턱 와이드 스웨트 카고팬츠 카키,https://image.msscdn.net/images/goods_img/20230220/3095384/3095384_17490881371864_500.jpg,False
2024-01,F,003004,트레이닝/조거 팬츠,003,바지,15,3154969,avan,어반드레스,Optical Side Wide Pants BLACK,https://image.msscdn.net/images/goods_img/20230316/3154969/3154969_17198074861947_500.jpg,False
2024-01,F,003004,트레이닝/조거 팬츠,003,바지,16,3443300,likethemost,라이크더모스트,트레이닝 핀턱 와이드 팬츠 7colors,https://image.msscdn.net/images/goods_img/20230803/3443300/3443300_16913680049186_500.jpg,False
2024-01,F,003004,트레이닝/조거 팬츠,003,바지,17,1324127,musinsastandardwoman,무신사 스탠다드 우먼,우먼즈 플랫 테리 와이드 라운지 스웨트 팬츠 [블랙],https://image.msscdn.net/images/goods_img/20200226/1324127/1324127_17155613959754_500.jpg,False
2024-01,F,003004,트레이닝/조거 팬츠,003,바지,18,3467738,againstallodds,에이지오디,원턱 카고 스웨트 팬츠 [그레이],https://image.msscdn.net/images/goods_img/20230816/3467738/3467738_17663655663261_500.jpg,False
2024-01,F,003004,트레이닝/조거 팬츠,003,바지,19,1736562,xero,제로,Deep One Tuck Sweat Pants [White Grey],https://image.msscdn.net/images/goods_img/20210105/1736562/1736562_1_500.jpg,False
2024-01,F,003004,트레이닝/조거 팬츠,003,바지,20,2392464,musinsastandardwoman,무신사 스탠다드 우먼,우먼즈 릴렉스드 라운지 스웨트 팬츠 [블랙],https://image.msscdn.net/images/goods_img/20220302/2392464/2392464_17025395111179_500.jpg,False
2024-01,F,003004,트레이닝/조거 팬츠,003,바지,21,2172117,rockcake,락케이크,Crystal Cross 2way Jogger - Black,https://image.msscdn.net/images/goods_img/20211012/2172117/2172117_16899138283127_500.jpg,False
2024-01,F,003004,트레이닝/조거 팬츠,003,바지,22,3467621,againstallodds,에이지오디,원턱 카고 스웨트 팬츠 [블랙],https://image.msscdn.net/images/goods_img/20230816/3467621/3467621_17663656155181_500.jpg,False
2024-01,F,003004,트레이닝/조거 팬츠,003,바지,23,1568057,anolorcode,어널러코드,사계절 스트링 트레이닝팬츠 (그레이),https://image.msscdn.net/images/goods_img/20200828/1568057/1568057_17652617640484_500.png,False
2024-01,F,003004,트레이닝/조거 팬츠,003,바지,24,2744549,anolorcode,어널러코드,사계절 쓰리턱 트레이닝팬츠 (2color),https://image.msscdn.net/images/goods_img/20220825/2744549/2744549_17848712083816_500.jpg,False
2024-01,F,003004,트레이닝/조거 팬츠,003,바지,25,3224169,againstallodds,에이지오디,원턱 와이드 스웨트 팬츠 [화이트 멜란지],https://image.msscdn.net/images/goods_img/20230411/3224169/3224169_17689823016014_500.jpg,False
2024-01,F,003004,트레이닝/조거 팬츠,003,바지,26,2837340,prendafromplant,프렌다,COOL TO WORK JOGGER PANTS NAVY,https://image.msscdn.net/images/goods_img/20221004/2837340/2837340_1_500.jpg,False
2024-01,F,003004,트레이닝/조거 팬츠,003,바지,27,3075469,takeasy,테이크이지,우먼스 스몰라쿠 와이드 팬츠(블랙),https://image.msscdn.net/images/goods_img/20230210/3075469/3075469_17017440240299_500.jpg,False
2024-01,F,003004,트레이닝/조거 팬츠,003,바지,28,3568898,artistwear,아티스트웨어,[ATW x HOOLIGAN] 로고 와이드밴딩 팬츠,https://image.msscdn.net/images/goods_img/20230918/3568898/3568898_17738166658180_500.jpg,False
2024-01,F,003004,트레이닝/조거 팬츠,003,바지,29,1370101,not4nerd,낫포너드,[여름원단] Wide String Cargo Slacks Pants - Black,https://image.msscdn.net/images/goods_img/20200326/1370101/1370101_17502941583404_500.jpg,False
2024-01,F,003004,트레이닝/조거 팬츠,003,바지,30,3817367,treemingbird,트리밍버드,TMB Square Logo Sweat Pants [ Black ],https://image.msscdn.net/images/goods_img/20240124/3817367/3817367_17400365596400_500.jpg,False
2024-01,F,003007,코튼 팬츠,003,바지,1,2060760,goodlifeworks,굿라이프웍스,[여름옵션 or 4계절] 와이드 절개 벌룬팬츠 코튼 블랙,https://image.msscdn.net/images/goods_img/20210812/2060760/2060760_17086524586075_500.jpg,False
2024-01,F,003007,코튼 팬츠,003,바지,2,2060759,goodlifeworks,굿라이프웍스,[여름옵션 or 4계절] 와이드 절개 벌룬팬츠 코튼 카키,https://image.msscdn.net/images/goods_img/20210812/2060759/2060759_17080505871544_500.jpg,False
2024-01,F,003007,코튼 팬츠,003,바지,3,2720343,xtonz,엑스톤즈,XP123 슬로건 밴딩 코튼 팬츠 (BEIGE),https://image.msscdn.net/images/goods_img/20220817/2720343/2720343_1_500.jpg,False
2024-01,F,003007,코튼 팬츠,003,바지,4,3476219,illigo,일리고,스트링 카고 밴딩 팬츠 브라운,https://image.msscdn.net/images/goods_img/20230818/3476219/3476219_17254139066678_500.jpg,False
2024-01,F,003007,코튼 팬츠,003,바지,5,3378573,musinsastandardwoman,무신사 스탠다드 우먼,우먼즈 와이드 카펜터 팬츠 [블랙],https://image.msscdn.net/images/goods_img/20230622/3378573/3378573_16950909750100_500.jpg,False
2024-01,F,003007,코튼 팬츠,003,바지,6,2965598,sk8errock,스케이터락,Pigment cotton cargo string wide pants beige,https://image.msscdn.net/images/goods_img/20221130/2965598/2965598_1_500.jpg,False
2024-01,F,003007,코튼 팬츠,003,바지,7,2720428,xtonz,엑스톤즈,XP123 슬로건 밴딩 코튼 팬츠 (DARK NAVY),https://image.msscdn.net/images/goods_img/20220817/2720428/2720428_1_500.jpg,False
2024-01,F,003007,코튼 팬츠,003,바지,8,3476220,illigo,일리고,스트링 카고 밴딩 팬츠 블랙,https://image.msscdn.net/images/goods_img/20230818/3476220/3476220_17273326729943_500.jpg,False
2024-01,F,003007,코튼 팬츠,003,바지,9,3064467,avan,어반드레스,Herringbone wide pants BEIGE,https://image.msscdn.net/images/goods_img/20230207/3064467/3064467_17194795299575_500.jpg,False
2024-01,F,003007,코튼 팬츠,003,바지,10,2861160,suare,수아레,데일리 코듀로이 밴딩 팬츠 - 4 COLOR,https://image.msscdn.net/images/goods_img/20221013/2861160/2861160_17313009402780_500.jpg,False
2024-01,F,003007,코튼 팬츠,003,바지,11,2060778,goodlifeworks,굿라이프웍스,[여름옵션 or 4계절] 와이드 절개 벌룬팬츠 코튼 베이지,https://image.msscdn.net/images/goods_img/20210812/2060778/2060778_17080505281204_500.jpg,False
2024-01,F,003007,코튼 팬츠,003,바지,12,2279194,compagno,꼼파뇨,벌룬 와이드 코듀로이 팬츠 다크브라운,https://image.msscdn.net/images/goods_img/20211222/2279194/2279194_17044272805911_500.jpg,False
2024-01,F,003007,코튼 팬츠,003,바지,13,3699169,againstallodds,에이지오디,원턱 와이드 코듀로이 밴딩 팬츠 [아이보리],https://image.msscdn.net/images/goods_img/20231109/3699169/3699169_17600610761299_500.jpg,False
2024-01,F,003007,코튼 팬츠,003,바지,14,3469995,againstallodds,에이지오디,와이드 빅포켓 코튼 카고 밴딩 팬츠 [블랙],https://image.msscdn.net/images/goods_img/20230817/3469995/3469995_17895320561622_500.jpg,False
2024-01,F,003007,코튼 팬츠,003,바지,15,2850730,avan,어반드레스,Herringbone Straight Pants OATMEAL,https://image.msscdn.net/images/goods_img/20221011/2850730/2850730_17210283389240_500.jpg,False
2024-01,F,003007,코튼 팬츠,003,바지,16,2060842,goodlifeworks,굿라이프웍스,[여름옵션 or 4계절] 와이드 절개 벌룬팬츠 코튼 차콜,https://image.msscdn.net/images/goods_img/20210812/2060842/2060842_17086524936168_500.jpg,False
2024-01,F,003007,코튼 팬츠,003,바지,17,3285424,musinsastandardwoman,무신사 스탠다드 우먼,우먼즈 와이드 카고 팬츠 [다크 그레이],https://image.msscdn.net/images/goods_img/20230509/3285424/3285424_16964871233361_500.jpg,False
2024-01,F,003007,코튼 팬츠,003,바지,18,3487094,magoodgan,맥우드건,파번 4404 코튼 카펜터 브라운 팬츠,https://image.msscdn.net/images/goods_img/20230822/3487094/3487094_17419363680055_500.jpg,False
2024-01,F,003007,코튼 팬츠,003,바지,19,3539289,trillion,트릴리온,빈티지 워싱 코듀로이 와이드 카고 팬츠 (BLACK),https://image.msscdn.net/images/goods_img/20230907/3539289/3539289_16945843926108_500.jpg,False
2024-01,F,003007,코튼 팬츠,003,바지,20,3378568,musinsastandardwoman,무신사 스탠다드 우먼,우먼즈 원 턱 와이드 코듀로이 팬츠 [크림],https://image.msscdn.net/images/goods_img/20230622/3378568/3378568_16947443621285_500.jpg,False
2024-01,F,003007,코튼 팬츠,003,바지,21,3378574,musinsastandardwoman,무신사 스탠다드 우먼,우먼즈 와이드 카펜터 팬츠 [베이지],https://image.msscdn.net/images/goods_img/20230622/3378574/3378574_16950909311453_500.jpg,False
2024-01,F,003007,코튼 팬츠,003,바지,22,2850722,avan,어반드레스,Herringbone Straight Pants BLACK,https://image.msscdn.net/images/goods_img/20221011/2850722/2850722_17210283816848_500.jpg,False
2024-01,F,003007,코튼 팬츠,003,바지,23,3699220,againstallodds,에이지오디,원턱 와이드 코듀로이 밴딩 팬츠 [블랙],https://image.msscdn.net/images/goods_img/20231109/3699220/3699220_17665600458440_500.jpg,False
2024-01,F,003007,코튼 팬츠,003,바지,24,3542967,millowomen,밀로 우먼,코튼 카브 팬츠 [베이지],https://image.msscdn.net/images/goods_img/20230907/3542967/3542967_16988047385750_500.jpg,False
2024-01,F,003007,코튼 팬츠,003,바지,25,2069537,musinsastandardwoman,무신사 스탠다드 우먼,우먼즈 테이퍼드 코듀로이 팬츠 [크림],https://image.msscdn.net/images/goods_img/20210818/2069537/2069537_1_500.jpg,False
2024-01,F,003007,코튼 팬츠,003,바지,26,2749169,suare,수아레,코튼 세미 와이드 밴딩 팬츠 세트,https://image.msscdn.net/images/goods_img/20220829/2749169/2749169_17170567335806_500.jpg,False
2024-01,F,003007,코튼 팬츠,003,바지,27,3467426,againstallodds,에이지오디,와이드 빅포켓 코튼 카고 밴딩 팬츠 [베이지],https://image.msscdn.net/images/goods_img/20230816/3467426/3467426_17895319980998_500.jpg,False
2024-01,F,003007,코튼 팬츠,003,바지,28,1581261,musinsastandardwoman,무신사 스탠다드 우먼,우먼즈 와이드 코듀로이 팬츠 [블랙],https://image.msscdn.net/images/goods_img/20200903/1581261/1581261_17794130393883_500.jpg,False
2024-01,F,003007,코튼 팬츠,003,바지,29,2705650,marithefrancoisgirbaud,마리떼 프랑소와 저버,W COULEUR DENIM PANTS dark pink,https://image.msscdn.net/images/goods_img/20220809/2705650/2705650_1_500.jpg,False
2024-01,F,003007,코튼 팬츠,003,바지,30,3378567,musinsastandardwoman,무신사 스탠다드 우먼,우먼즈 원 턱 와이드 코듀로이 팬츠 [블랙],https://image.msscdn.net/images/goods_img/20230622/3378567/3378567_16947444889329_500.jpg,False
2024-01,F,003008,슈트 팬츠/슬랙스,003,바지,1,750908,wholovesart,후러브스아트,유니섹스 세미 와이드 밴딩 슬랙스 블랙,https://image.msscdn.net/images/goods_img/20180406/750908/750908_17736379434172_500.jpg,False
2024-01,F,003008,슈트 팬츠/슬랙스,003,바지,2,1596414,musinsastandardwoman,무신사 스탠다드 우먼,우먼즈 와이드 히든 밴딩 슬랙스 [블랙],https://image.msscdn.net/images/goods_img/20200911/1596414/1596414_17537745133548_500.jpg,False
2024-01,F,003008,슈트 팬츠/슬랙스,003,바지,3,1851966,musinsastandardwoman,무신사 스탠다드 우먼,우먼즈 와이드 히든 밴딩 슬랙스 [차콜 그레이],https://image.msscdn.net/images/goods_img/20210318/1851966/1851966_2_500.jpg,False
2024-01,F,003008,슈트 팬츠/슬랙스,003,바지,4,1595815,musinsastandardwoman,무신사 스탠다드 우먼,우먼즈 슬림 스트레이트 히든 밴딩 슬랙스 [블랙],https://image.msscdn.net/images/goods_img/20200910/1595815/1595815_3_500.jpg,False
2024-01,F,003008,슈트 팬츠/슬랙스,003,바지,5,1853715,musinsastandardwoman,무신사 스탠다드 우먼,우먼즈 웨이스트밴들리스 와이드 슬랙스 [블랙],https://image.msscdn.net/images/goods_img/20210319/1853715/1853715_17851447163608_500.jpg,False
2024-01,F,003008,슈트 팬츠/슬랙스,003,바지,6,2551390,musinsastandardwoman,무신사 스탠다드 우먼,우먼즈 하이 웨이스트 와이드 히든 밴딩 슬랙스 [블랙],https://image.msscdn.net/images/goods_img/20220511/2551390/2551390_17537691701922_500.jpg,False
2024-01,F,003008,슈트 팬츠/슬랙스,003,바지,7,1348107,musinsastandardwoman,무신사 스탠다드 우먼,우먼즈 플루이드 와이드 슬랙스 [블랙],https://image.msscdn.net/images/goods_img/20200312/1348107/1348107_17537699682299_500.jpg,False
2024-01,F,003008,슈트 팬츠/슬랙스,003,바지,8,2578996,signature,시그니처,썸머 더블턱 와이드 슬랙스[블랙],https://image.msscdn.net/images/goods_img/20220524/2578996/2578996_17870331293023_500.jpg,False
2024-01,F,003008,슈트 팬츠/슬랙스,003,바지,9,3704213,glowny,글로니,G CLASSIC RIB FLARE PANTS (CHARCOAL),https://image.msscdn.net/images/goods_img/20231110/3704213/3704213_17012634464497_500.jpg,False
2024-01,F,003008,슈트 팬츠/슬랙스,003,바지,10,2708877,goodlifeworks,굿라이프웍스,투턱 와이드 슬랙스 블랙,https://image.msscdn.net/images/goods_img/20220810/2708877/2708877_17871103692858_500.jpg,False
2024-01,F,003008,슈트 팬츠/슬랙스,003,바지,11,1672471,wholovesart,후러브스아트,(기모) 유니섹스 세미 와이드 밴딩 슬랙스 겨울 2PACK,https://image.msscdn.net/images/goods_img/20201102/1672471/1672471_17169528862269_500.jpg,False
2024-01,F,003008,슈트 팬츠/슬랙스,003,바지,12,1600384,musinsastandardwoman,무신사 스탠다드 우먼,우먼즈 리얼 와이드 벨티드 슬랙스 [블랙],https://image.msscdn.net/images/goods_img/20200914/1600384/1600384_1_500.jpg,False
2024-01,F,003008,슈트 팬츠/슬랙스,003,바지,13,1669625,musinsastandardwoman,무신사 스탠다드 우먼,우먼즈 헤비웨이트 속기모 슬림 스트레이트 히든 밴딩 슬랙스 [블랙],https://image.msscdn.net/images/goods_img/20201029/1669625/1669625_16722991721395_500.jpg,False
2024-01,F,003008,슈트 팬츠/슬랙스,003,바지,14,2306947,juliapepe,줄리아페페,Semi Wide Hidden Banding Slacks (3 Colours),https://image.msscdn.net/images/goods_img/20220113/2306947/2306947_17581720913265_500.jpg,False
2024-01,F,003008,슈트 팬츠/슬랙스,003,바지,15,1899596,musinsastandardwoman,무신사 스탠다드 우먼,우먼즈 플루이드 와이드 슬랙스 [웜 그레이],https://image.msscdn.net/images/goods_img/20210415/1899596/1899596_1_500.jpg,False
2024-01,F,003008,슈트 팬츠/슬랙스,003,바지,16,2060743,goodlifeworks,굿라이프웍스,이지 와이드 밴딩 슬랙스 블랙,https://image.msscdn.net/images/goods_img/20210812/2060743/2060743_17086551586279_500.jpg,False
2024-01,F,003008,슈트 팬츠/슬랙스,003,바지,17,2117272,musinsastandardwoman,무신사 스탠다드 우먼,우먼즈 헤비웨이트 속기모 와이드 히든 밴딩 슬랙스 [블랙],https://image.msscdn.net/images/goods_img/20210908/2117272/2117272_16722987666502_500.jpg,False
2024-01,F,003008,슈트 팬츠/슬랙스,003,바지,18,1851969,musinsastandardwoman,무신사 스탠다드 우먼,우먼즈 리얼 와이드 벨티드 슬랙스 [차콜 그레이],https://image.msscdn.net/images/goods_img/20210318/1851969/1851969_1_500.jpg,False
2024-01,F,003008,슈트 팬츠/슬랙스,003,바지,19,1717388,wholovesart,후러브스아트,(기모) 유니섹스 세미 와이드 밴딩 슬랙스 겨울 그레이 / 블랙,https://image.msscdn.net/images/goods_img/20201209/1717388/1717388_17169528219905_500.jpg,False
2024-01,F,003008,슈트 팬츠/슬랙스,003,바지,20,2765086,mongdol,몽돌,세미 부츠컷 슬랙스 블랙 MDPT021BLACK,https://image.msscdn.net/images/goods_img/20220902/2765086/2765086_17561990284719_500.jpg,False
2024-01,F,003008,슈트 팬츠/슬랙스,003,바지,21,1595986,musinsastandardwoman,무신사 스탠다드 우먼,우먼즈 와이드 히든 밴딩 슬랙스 [그레이],https://image.msscdn.net/images/goods_img/20200910/1595986/1595986_17851415437303_500.jpg,False
2024-01,F,003008,슈트 팬츠/슬랙스,003,바지,22,2792614,musinsastandardwoman,무신사 스탠다드 우먼,우먼즈 헤비웨이트 속기모 루즈 테이퍼드 히든 밴딩 슬랙스 [블랙],https://image.msscdn.net/images/goods_img/20220915/2792614/2792614_1_500.jpg,False
2024-01,F,003008,슈트 팬츠/슬랙스,003,바지,23,1853717,musinsastandardwoman,무신사 스탠다드 우먼,우먼즈 웨이스트밴들리스 와이드 슬랙스 [네이비],https://image.msscdn.net/images/goods_img/20210319/1853717/1853717_17851445539912_500.jpg,False
2024-01,F,003008,슈트 팬츠/슬랙스,003,바지,24,3304078,againstallodds,에이지오디,원턱 와이드 밴딩 슬랙스 [블랙],https://image.msscdn.net/images/goods_img/20230518/3304078/3304078_17612926185466_500.jpg,False
2024-01,F,003008,슈트 팬츠/슬랙스,003,바지,25,1348110,musinsastandardwoman,무신사 스탠다드 우먼,우먼즈 플루이드 와이드 슬랙스 [다크 그레이],https://image.msscdn.net/images/goods_img/20200312/1348110/1348110_1_500.jpg,False
2024-01,F,003008,슈트 팬츠/슬랙스,003,바지,26,1945318,musinsastandardwoman,무신사 스탠다드 우먼,우먼즈 라이트웨이트 하이 웨이스트 와이드 히든 밴딩 슬랙스 [네이비],https://image.msscdn.net/images/goods_img/20210511/1945318/1945318_17179892234513_500.jpg,False
2024-01,F,003008,슈트 팬츠/슬랙스,003,바지,27,2093493,musinsastandardwoman,무신사 스탠다드 우먼,우먼즈 리얼 와이드 벨티드 슬랙스 [미디엄 그레이],https://image.msscdn.net/images/goods_img/20210827/2093493/2093493_4_500.jpg,False
2024-01,F,003008,슈트 팬츠/슬랙스,003,바지,28,1945319,musinsastandardwoman,무신사 스탠다드 우먼,우먼즈 라이트웨이트 스트레이트 히든 밴딩 슬랙스 [블랙],https://image.msscdn.net/images/goods_img/20210511/1945319/1945319_2_500.jpg,False
2024-01,F,003008,슈트 팬츠/슬랙스,003,바지,29,3304039,againstallodds,에이지오디,와이드 밴딩 슬랙스 [블랙],https://image.msscdn.net/images/goods_img/20230518/3304039/3304039_17669867166983_500.jpg,False
2024-01,F,003008,슈트 팬츠/슬랙스,003,바지,30,1851968,musinsastandardwoman,무신사 스탠다드 우먼,우먼즈 와이드 히든 밴딩 슬랙스 [웜 그레이],https://image.msscdn.net/images/goods_img/20210318/1851968/1851968_17851414469842_500.jpg,False
2024-01,F,003009,숏 팬츠,003,바지,1,3703255,glowny,글로니,G CLASSIC RIB SHORTS (BLACK),https://image.msscdn.net/images/goods_img/20231110/3703255/3703255_17012603094566_500.jpg,False
2024-01,F,003009,숏 팬츠,003,바지,2,3328615,avan,어반드레스,Wide Cargo Half Denim Pants - 4COL,https://image.msscdn.net/images/goods_img/20230526/3328615/3328615_17169645408063_500.jpg,False
2024-01,F,003009,숏 팬츠,003,바지,3,3231055,againstallodds,에이지오디,버뮤다 와이드 원턱 스웨트 쇼츠 [그레이],https://image.msscdn.net/images/goods_img/20230413/3231055/3231055_17108290911916_500.jpg,False
2024-01,F,003009,숏 팬츠,003,바지,4,3703246,glowny,글로니,G CLASSIC RIB SHORTS (CHARCOAL),https://image.msscdn.net/images/goods_img/20231110/3703246/3703246_17012602692864_500.jpg,False
2024-01,F,003009,숏 팬츠,003,바지,5,1436218,codegraphy,코드그라피,[2PACK] [기본핏 OR +5CM 선택] 크리스피 나일론 쇼츠_11COLOR,https://image.msscdn.net/images/goods_img/20200508/1436218/1436218_17435538557459_500.jpg,False
2024-01,F,003009,숏 팬츠,003,바지,6,1446775,brenson,브렌슨,(Renew Ver.) 루즈핏  반바지 ( 4Color ),https://image.msscdn.net/images/goods_img/20200514/1446775/1446775_17561707502333_500.jpg,False
2024-01,F,003009,숏 팬츠,003,바지,7,3230964,againstallodds,에이지오디,버뮤다 와이드 원턱 스웨트 쇼츠 [블랙],https://image.msscdn.net/images/goods_img/20230413/3230964/3230964_17430340874885_500.png,False
2024-01,F,003009,숏 팬츠,003,바지,8,3685528,fortheweather,포더웨더,wool ribbed shorts (black),https://image.msscdn.net/images/goods_img/20231105/3685528/3685528_16991735895286_500.jpg,False
2024-01,F,003009,숏 팬츠,003,바지,9,2552603,pandorafit,판도라핏,[SHORTS] Hill Black,https://image.msscdn.net/images/goods_img/20220511/2552603/2552603_17881621621242_500.jpg,False
2024-01,F,003009,숏 팬츠,003,바지,10,3639578,treemingbird,트리밍버드,Crop Tweed Set-up Pants [ Black ],https://image.msscdn.net/images/goods_img/20231019/3639578/3639578_16977705819646_500.jpg,False
2024-01,F,003009,숏 팬츠,003,바지,11,2484614,marithefrancoisgirbaud,마리떼 프랑소와 저버,W BERMUDA DENIM PANTS blue,https://image.msscdn.net/images/goods_img/20220413/2484614/2484614_17078754998032_500.jpg,False
2024-01,F,003009,숏 팬츠,003,바지,12,3032145,glowny,글로니,BUTTON FLY MINI SHORTS (BLACK),https://image.msscdn.net/images/goods_img/20230118/3032145/3032145_16750610749012_500.jpg,False
2024-01,F,003009,숏 팬츠,003,바지,13,3681979,mixxo,미쏘,코듀로이 반바지 THDT63C RE_MIWTHDC1QC,https://image.msscdn.net/images/goods_img/20231103/3681979/3681979_17007927055008_500.jpg,False
2024-01,F,003009,숏 팬츠,003,바지,14,2574822,brenson,브렌슨,(Renew Ver.) 원턱 와이드 반바지 ( 6Color ),https://image.msscdn.net/images/goods_img/20220523/2574822/2574822_17774456124536_500.jpg,False
2024-01,F,003009,숏 팬츠,003,바지,15,3703240,glowny,글로니,G CLASSIC RIB SHORTS (WHITE),https://image.msscdn.net/images/goods_img/20231110/3703240/3703240_17012601941065_500.jpg,False
2024-01,F,003009,숏 팬츠,003,바지,16,3108542,nuakle,누아클레,카펜터 버뮤다 데님 팬츠 W_블랙,https://image.msscdn.net/images/goods_img/20230225/3108542/3108542_16777442203100_500.jpg,False
2024-01,F,003009,숏 팬츠,003,바지,17,2581379,selfesteem,에스이에스티,[2PACK] 트레이닝 스웨트 숏 팬츠 - 6Color,https://image.msscdn.net/images/goods_img/20220525/2581379/2581379_17412467457726_500.jpg,False
2024-01,F,003009,숏 팬츠,003,바지,18,3218648,adidas,아디다스,숏 팬츠 - 블랙 / IB7301,https://image.msscdn.net/images/goods_img/20230410/3218648/3218648_16811886502421_500.jpg,False
2024-01,F,003009,숏 팬츠,003,바지,19,3518383,hadex,에이치덱스,우먼스 버뮤다 스웨트 쇼츠 3 color,https://image.msscdn.net/images/goods_img/20230831/3518383/3518383_17887656083633_500.jpg,False
2024-01,F,003009,숏 팬츠,003,바지,20,3074974,musinsastandardwoman,무신사 스탠다드 우먼,우먼즈 더블 니트 스웨트 쇼츠 [블랙],https://image.msscdn.net/images/goods_img/20230210/3074974/3074974_16818092685747_500.jpg,False
2024-01,F,003009,숏 팬츠,003,바지,21,3097498,mardimercredi,마르디 메크르디,SWEAT SHORTS NUMERO 23_OATMEAL BLACK,https://image.msscdn.net/images/goods_img/20230221/3097498/3097498_16769620145330_500.jpg,False
2024-01,F,003009,숏 팬츠,003,바지,22,2508821,afresh,어프레쉬,에어스트레치 쇼츠_블랙 트레이닝,https://image.msscdn.net/images/goods_img/20220422/2508821/2508821_17858059555654_500.jpg,False
2024-01,F,003009,숏 팬츠,003,바지,23,3104566,loeil,로에일,페이크 랩 스커트 팬츠 - 블랙,https://image.msscdn.net/images/goods_img/20230223/3104566/3104566_16771339761718_500.jpg,False
2024-01,F,003009,숏 팬츠,003,바지,24,3639580,treemingbird,트리밍버드,Crop Tweed Set-up Pants [ Charcoal ],https://image.msscdn.net/images/goods_img/20231019/3639580/3639580_16977705465772_500.jpg,False
2024-01,F,003009,숏 팬츠,003,바지,25,3245228,trillion,트릴리온,레인 슬럽 투턱 버뮤다 데님 쇼츠 (INDIGO),https://image.msscdn.net/images/goods_img/20230419/3245228/3245228_16835272427086_500.jpg,False
2024-01,F,003009,숏 팬츠,003,바지,26,3669036,lingseoul,링서울,alpaca half pants-ivory,https://image.msscdn.net/images/goods_img/20231030/3669036/3669036_17101425514354_500.jpg,False
2024-01,F,003009,숏 팬츠,003,바지,27,2794270,nicknicole,닉앤니콜,BANDING LEATHER HALF PANTS_BLACK,https://image.msscdn.net/images/goods_img/20220915/2794270/2794270_1_500.jpg,False
2024-01,F,003009,숏 팬츠,003,바지,28,3245230,trillion,트릴리온,레인 슬럽 투턱 버뮤다 데님 쇼츠 (BLACK),https://image.msscdn.net/images/goods_img/20230419/3245230/3245230_16835272056295_500.jpg,False
2024-01,F,003009,숏 팬츠,003,바지,29,3317491,restandrecreation,레스트앤레크레이션,RR LOGO NYLON SHORTS WHITE,https://image.msscdn.net/images/goods_img/20230523/3317491/3317491_16874173084107_500.jpg,False
2024-01,F,003009,숏 팬츠,003,바지,30,3393633,glowny,글로니,97 HAND CUTTING DENIM SHORTS (LIGHT BLUE),https://image.msscdn.net/images/goods_img/20230704/3393633/3393633_16884464452842_500.jpg,False
2024-01,F,003005,레깅스,003,바지,1,3449637,xexymix,젝시믹스,블랙라벨 시그니처 360N 더블플러피 기모 레깅스 블랙,https://image.msscdn.net/images/goods_img/20230808/3449637/3449637_17026088164053_500.jpg,False
2024-01,F,003005,레깅스,003,바지,2,3414542,andar,안다르,[2 PACK] 에어쿨링 지니 시그니처 레깅스 (9부),https://image.msscdn.net/images/goods_img/20230719/3414542/3414542_17236153921524_500.jpg,False
2024-01,F,003005,레깅스,003,바지,3,3379413,andar,안다르,[2 PACK] 에어쿨링 지니 시그니처 레깅스 (8.2부),https://image.msscdn.net/images/goods_img/20230623/3379413/3379413_17236154118022_500.jpg,False
2024-01,F,003005,레깅스,003,바지,4,3449419,xexymix,젝시믹스,젤라 인텐션 바이커 쇼츠 5부 블랙,https://image.msscdn.net/images/goods_img/20230808/3449419/3449419_16917205851836_500.jpg,False
2024-01,F,003005,레깅스,003,바지,5,2387085,conchwear,콘치웨어,[롱버전출시!] 와일드 부츠컷 레깅스,https://image.msscdn.net/images/goods_img/20220225/2387085/2387085_17866848481812_500.jpg,False
2024-01,F,003005,레깅스,003,바지,6,3572490,physicalgarments,피지컬가먼츠,P5016 우먼 라이트 부츠컷 레깅스 [블랙],https://image.msscdn.net/images/goods_img/20230919/3572490/3572490_16952716547042_500.jpg,False
2024-01,F,003005,레깅스,003,바지,7,3584338,xexymix,젝시믹스,젤라 인텐션 부츠컷 팬츠 블랙,https://image.msscdn.net/images/goods_img/20230921/3584338/3584338_17004392596644_500.jpg,False
2024-01,F,003005,레깅스,003,바지,8,2753530,formative,포머티브,(FM10622)올데이 라인업 부츠컷 레깅스_뉴블랙,https://image.msscdn.net/images/goods_img/20220830/2753530/2753530_17322410338229_500.jpg,False
2024-01,F,003005,레깅스,003,바지,9,3449773,xexymix,젝시믹스,업텐션 레깅스 블랙,https://image.msscdn.net/images/goods_img/20230808/3449773/3449773_16950026964154_500.jpg,False
2024-01,F,003005,레깅스,003,바지,10,3750666,borntowin,본투윈,B LOGO 3.5 BIKER SHORTS [BLACK],https://image.msscdn.net/images/goods_img/20231208/3750666/3750666_17579026718469_500.jpg,False
2024-01,F,003005,레깅스,003,바지,11,3449669,xexymix,젝시믹스,젤라 인텐션 바이커 쇼츠 3부 오션네이비,https://image.msscdn.net/images/goods_img/20230808/3449669/3449669_16917193964945_500.jpg,False
2024-01,F,003005,레깅스,003,바지,12,3071546,andar,안다르,NEW 에어쿨링 샤론 부츠컷 레깅스 (롱)_블랙,https://image.msscdn.net/images/goods_img/20230209/3071546/3071546_16759136480068_500.jpg,False
2024-01,F,003005,레깅스,003,바지,13,1094829,deviwear,데비웨어,여성 요가복 DEVI-B0023-블랙 필라테스 레깅스 9부 팬츠,https://image.msscdn.net/images/goods_img/20190712/1094829/1094829_17744926633854_500.jpg,False
2024-01,F,003005,레깅스,003,바지,14,3449413,xexymix,젝시믹스,블랙라벨 시그니처 360N 레깅스 3.5부 블랙,https://image.msscdn.net/images/goods_img/20230808/3449413/3449413_16917206271123_500.jpg,False
2024-01,F,003005,레깅스,003,바지,15,3322553,adidas,아디다스,플레어드 레깅스 - 블랙 / IC5508,https://image.msscdn.net/images/goods_img/20230524/3322553/3322553_16855746211477_500.jpg,False
2024-01,F,003005,레깅스,003,바지,16,1874075,zetes,제테스,공기같이 편한 에어 플레어 레깅스,https://image.msscdn.net/images/goods_img/20210331/1874075/1874075_6_500.jpg,False
2024-01,F,003005,레깅스,003,바지,17,2873265,andar,안다르,NEW 에어웜 기모 샤론 부츠컷 레깅스 (롱)_블랙,https://image.msscdn.net/images/goods_img/20221018/2873265/2873265_1_500.jpg,False
2024-01,F,003005,레깅스,003,바지,18,2579768,cielcoco,씨엘코코,CLWP3013 텐션 업 바이커 쇼츠 블랙,https://image.msscdn.net/images/goods_img/20220524/2579768/2579768_17554927910484_500.jpg,False
2024-01,F,003005,레깅스,003,바지,19,3449768,xexymix,젝시믹스,업텐션 레깅스 이브닝네이비,https://image.msscdn.net/images/goods_img/20230808/3449768/3449768_16917190935436_500.jpg,False
2024-01,F,003005,레깅스,003,바지,20,1298685,skullpig,스컬피그,[SA5279] 투인원 레깅스 블랙,https://image.msscdn.net/images/goods_img/20200210/1298685/1298685_2_500.jpg,False
2024-01,F,003005,레깅스,003,바지,21,1648463,cielcoco,씨엘코코,CLWP9115 더 스마트 부츠컷 팬츠 블랙,https://image.msscdn.net/images/goods_img/20201014/1648463/1648463_3_500.jpg,False
2024-01,F,003005,레깅스,003,바지,22,3449628,xexymix,젝시믹스,블랙라벨 시그니처 330N 레깅스 블랙,https://image.msscdn.net/images/goods_img/20230808/3449628/3449628_16935537947684_500.jpg,False
2024-01,F,003005,레깅스,003,바지,23,2873256,andar,안다르,NEW 에어웜 기모 샤론 부츠컷 레깅스 (숏)_블랙,https://image.msscdn.net/images/goods_img/20221018/2873256/2873256_1_500.jpg,False
2024-01,F,003005,레깅스,003,바지,24,3449696,xexymix,젝시믹스,젤라 인텐션 레깅스 블랙,https://image.msscdn.net/images/goods_img/20230808/3449696/3449696_16950026626530_500.jpg,False
2024-01,F,003005,레깅스,003,바지,25,1656874,andar,안다르,에어웜 기모 지니 시그니처 9부 레깅스_블랙,https://image.msscdn.net/images/goods_img/20201020/1656874/1656874_3_500.jpg,False
2024-01,F,003005,레깅스,003,바지,26,3116428,andar,안다르,에어쿨링 4.5부 레깅스_블랙,https://image.msscdn.net/images/goods_img/20230302/3116428/3116428_16777249126212_500.jpg,False
2024-01,F,003005,레깅스,003,바지,27,2443372,skullpig,스컬피그,[SWL22003-01] 플렉스 에어 레깅스 아크블랙,https://image.msscdn.net/images/goods_img/20220324/2443372/2443372_17745110146911_500.jpg,False
2024-01,F,003005,레깅스,003,바지,28,3449686,xexymix,젝시믹스,블랙라벨 시그니처 360N 8.5부 레깅스 블랙,https://image.msscdn.net/images/goods_img/20230808/3449686/3449686_16950025524580_500.jpg,False
2024-01,F,003005,레깅스,003,바지,29,3584339,xexymix,젝시믹스,젤라 인텐션 부츠컷 팬츠 토네이도그레이,https://image.msscdn.net/images/goods_img/20230921/3584339/3584339_17004392497080_500.jpg,False
2024-01,F,003005,레깅스,003,바지,30,2982546,nerdy,널디,슬림 코튼 브러쉬드 액티브 레깅스 블랙,https://image.msscdn.net/images/goods_img/20221214/2982546/2982546_2_500.png,False
2024-01,F,003010,점프 슈트/오버올,003,바지,1,3040868,nastyfancyclub,팬시클럽,[NF] 유쓰 데님 오버롤_F23QD844,https://image.msscdn.net/images/goods_img/20230126/3040868/3040868_17423452286743_500.jpg,False
2024-01,F,003010,점프 슈트/오버올,003,바지,2,3751063,dollouterwear,돌아우터웨어,[DOLL X FOGUS]2324 워크 스노우보드복 점프슈트 스카이 남녀공용 보드복자켓 보드복팬츠,https://image.msscdn.net/images/goods_img/20231211/3751063/3751063_17022432117273_500.jpg,False
2024-01,F,003010,점프 슈트/오버올,003,바지,3,3751064,dollouterwear,돌아우터웨어,[DOLL X FOGUS]2324 워크 스노우보드복 점프슈트 베이지 남녀공용 보드복자켓 보드복팬츠,https://image.msscdn.net/images/goods_img/20231211/3751064/3751064_17022432575865_500.jpg,False
2024-01,F,003010,점프 슈트/오버올,003,바지,4,3040869,nastyfancyclub,팬시클럽,[NF] 유쓰 데님 오버롤 (DARK BLUE)_F23QD844,https://image.msscdn.net/images/goods_img/20230126/3040869/3040869_16854217673275_500.jpg,False
2024-01,F,003010,점프 슈트/오버올,003,바지,5,3067907,current,커렌트,VINTAGE DISTRESSED DENIM OVERALLS [BLACK],https://image.msscdn.net/images/goods_img/20230208/3067907/3067907_16759431741413_500.jpg,False
2024-01,F,003010,점프 슈트/오버올,003,바지,6,2739904,overdueflair,오버듀플레어,Lace trim jumpsuite,https://image.msscdn.net/images/goods_img/20220824/2739904/2739904_1_500.jpg,False
2024-01,F,003010,점프 슈트/오버올,003,바지,7,840830,thestori,더스토리,코튼 오버롤 멜빵 팬츠 [블랙],https://image.msscdn.net/images/goods_img/20180829/840830/840830_17617812478863_500.jpg,False
2024-01,F,003010,점프 슈트/오버올,003,바지,8,3722482,piretti,피레티,엘리트 패딩 점프수트 W_Black,https://image.msscdn.net/images/goods_img/20231120/3722482/3722482_17004423538765_500.jpg,False
2024-01,F,003010,점프 슈트/오버올,003,바지,9,2775784,unknownplanet,언노운 플라넷,UP-305 오버롤 빈티지 데님 팬츠,https://image.msscdn.net/images/goods_img/20220907/2775784/2775784_17282857086683_500.jpg,False
2024-01,F,003010,점프 슈트/오버올,003,바지,10,3649199,bsrabbit,비에스래빗,데님 빕팬츠 그레이,https://image.msscdn.net/images/goods_img/20231023/3649199/3649199_16981420575203_500.jpg,False
2024-01,F,003010,점프 슈트/오버올,003,바지,11,3649198,bsrabbit,비에스래빗,데님 빕 팬츠 화이트,https://image.msscdn.net/images/goods_img/20231023/3649198/3649198_16981418970786_500.jpg,False
2024-01,F,003010,점프 슈트/오버올,003,바지,12,3185564,lee,리,[던가리스] 오버롤즈 아이보리,https://image.msscdn.net/images/goods_img/20230328/3185564/3185564_16801416666972_500.jpg,False
2024-01,F,003010,점프 슈트/오버올,003,바지,13,3709947,somewherebutter,썸웨어버터,Corduroy letter patch overall - brown,https://image.msscdn.net/images/goods_img/20231114/3709947/3709947_17001999574598_500.jpg,False
2024-01,F,003010,점프 슈트/오버올,003,바지,14,3557089,somewherebutter,썸웨어버터,Letter patch denim overall,https://image.msscdn.net/images/goods_img/20230913/3557089/3557089_16946561085725_500.jpg,False
2024-01,F,003010,점프 슈트/오버올,003,바지,15,3517931,tommyjeans,타미진스,데이지 덩가리 미디움 블루 (T32D6NED20TWT11A5),https://image.msscdn.net/images/goods_img/20230831/3517931/3517931_16934642834451_500.jpg,False
2024-01,F,003010,점프 슈트/오버올,003,바지,16,2664564,pivvee,피브비,데님 살로페트,https://image.msscdn.net/images/goods_img/20220714/2664564/2664564_1_500.jpg,False
2024-01,F,003010,점프 슈트/오버올,003,바지,17,2446012,challenger,챌린저,Multi Pocket Roll-up L/S Jumpsuit(Women)_CHB1WPT0221LB,https://image.msscdn.net/images/goods_img/20220325/2446012/2446012_1_500.jpg,False
2024-01,F,003010,점프 슈트/오버올,003,바지,18,1460796,flxbl,플렉서블,에크루 내추럴 크림 오버올 데님 스커트,https://image.msscdn.net/images/goods_img/20200525/1460796/1460796_4_500.jpg,False
2024-01,F,003010,점프 슈트/오버올,003,바지,19,3737035,nache,나체,INFORMAL DART JUMPSUIT CHARCOAL,https://image.msscdn.net/images/goods_img/20231129/3737035/3737035_17020442429784_500.jpg,False
2024-01,F,003010,점프 슈트/오버올,003,바지,20,3613094,lifework,라이프워크,여성) 로우 포켓 데님 점프수트,https://image.msscdn.net/images/goods_img/20231010/3613094/3613094_16983826068377_500.jpg,False
2024-01,F,003010,점프 슈트/오버올,003,바지,21,3152653,nocontent,노컨텐츠,데님 서스펜더스 팬츠,https://image.msscdn.net/images/goods_img/20230316/3152653/3152653_17061574273834_500.jpg,False
2024-01,F,003010,점프 슈트/오버올,003,바지,22,2932858,88limited,88리미티드,P-4 ten (black 텐롤오버팬츠),https://image.msscdn.net/images/goods_img/20221110/2932858/2932858_1_500.jpg,False
2024-01,F,003010,점프 슈트/오버올,003,바지,23,3675263,zerostreet,제로스트릿,코인 하이웨이스트 오버롤 / 블랙,https://image.msscdn.net/images/goods_img/20231101/3675263/3675263_17298489224593_500.jpg,False
2024-01,F,003010,점프 슈트/오버올,003,바지,24,2952655,celsius1,셀시우스,해리 스키복 팬츠 블랙 여성용,https://image.msscdn.net/images/goods_img/20221121/2952655/2952655_16976071835608_500.jpg,False
2024-01,F,003010,점프 슈트/오버올,003,바지,25,3647224,lifework,라이프워크,여성) 코듀로이 지퍼 점프수트,https://image.msscdn.net/images/goods_img/20231023/3647224/3647224_16987286912778_500.jpg,False
2024-01,F,003010,점프 슈트/오버올,003,바지,26,3113505,lifework,라이프워크,여성) 크레이프 와이드 점프수트,https://image.msscdn.net/images/goods_img/20230228/3113505/3113505_16775647642061_500.jpg,False
2024-01,F,003010,점프 슈트/오버올,003,바지,27,3557062,spao,스파오,오버롤 데님 팬츠_SPTJD49G91,https://image.msscdn.net/images/goods_img/20230913/3557062/3557062_17014086591122_500.jpg,False
2024-01,F,003010,점프 슈트/오버올,003,바지,28,2447820,basquiatbrooklyn,바스키아 브루클린,시그니처 점프수트 여성 BEIGE,https://image.msscdn.net/images/goods_img/20220328/2447820/2447820_1_500.jpg,False
2024-01,F,003010,점프 슈트/오버올,003,바지,29,2446011,challenger,챌린저,Multi Pocket Roll-up L/S Jumpsuit(Women)_CHB1WPT0221BK,https://image.msscdn.net/images/goods_img/20220325/2446011/2446011_1_500.jpg,False
2024-01,F,003010,점프 슈트/오버올,003,바지,30,3728054,hetherment,헤더먼트,제인 코듀로이 오버롤 (네이비),https://image.msscdn.net/images/goods_img/20231122/3728054/3728054_17006217920910_500.jpg,False
2024-01,F,003006,기타 하의,003,바지,1,3704215,glowny,글로니,G CLASSIC RIB FLARE PANTS (BLACK),https://image.msscdn.net/images/goods_img/20231110/3704215/3704215_17421766528725_500.jpg,False
2024-01,F,003006,기타 하의,003,바지,2,2116511,ojos,오호스,Wrap Over Tuck Pants / Black,https://image.msscdn.net/images/goods_img/20210908/2116511/2116511_2_500.jpg,False
2024-01,F,003006,기타 하의,003,바지,3,2701466,niceghostclub,나이스고스트클럽,LOGO SWEAT LAYERED PANTS_BLACK(NG2DFUPA91A),https://image.msscdn.net/images/goods_img/20220805/2701466/2701466_17683538441423_500.jpg,False
2024-01,F,003006,기타 하의,003,바지,4,3646657,treemingbird,트리밍버드,Wrap Double-layered Pants [ Black ],https://image.msscdn.net/images/goods_img/20231022/3646657/3646657_17001014308619_500.jpg,False
2024-01,F,003006,기타 하의,003,바지,5,3400509,1993studio,1993스튜디오,더블 스티치 와이드 팬츠_블랙,https://image.msscdn.net/images/goods_img/20230710/3400509/3400509_16965694053554_500.jpg,False
2024-01,F,003006,기타 하의,003,바지,6,3600658,nache,나체,SLAY WASHING PANTS (UNISEX) BLACK,https://image.msscdn.net/images/goods_img/20231003/3600658/3600658_16965723168337_500.jpg,False
2024-01,F,003006,기타 하의,003,바지,7,3566047,misekiseoul,미세키서울,Skirt shirring pants SET BLACK,https://image.msscdn.net/images/goods_img/20230915/3566047/3566047_16951919934458_500.jpg,False
2024-01,F,003006,기타 하의,003,바지,8,3400456,1993studio,1993스튜디오,와이드 카고 파라슈트 팬츠_블랙,https://image.msscdn.net/images/goods_img/20230710/3400456/3400456_16965694962796_500.jpg,False
2024-01,F,003006,기타 하의,003,바지,9,3746798,hugyourskin,허그유어스킨,플리스 와이드 팬츠 (블랙),https://image.msscdn.net/images/goods_img/20231206/3746798/3746798_17322453932407_500.jpg,False
2024-01,F,003006,기타 하의,003,바지,10,3623993,nache,나체,STRAP CARGO PANTS (UNISEX) CHARCOAL,https://image.msscdn.net/images/goods_img/20231012/3623993/3623993_16971098636184_500.jpg,False
2024-01,F,003006,기타 하의,003,바지,11,3460508,sculptor,스컬프터,Parachute Cargo Pants D.Gray,https://image.msscdn.net/images/goods_img/20230811/3460508/3460508_17303585184908_500.jpg,False
2024-01,F,003006,기타 하의,003,바지,12,3460512,sculptor,스컬프터,Parachute Cargo Pants Ballerina Pink,https://image.msscdn.net/images/goods_img/20230811/3460512/3460512_16931525915795_500.jpg,False
2024-01,F,003006,기타 하의,003,바지,13,3142838,leey,와이이이엘,CAMO POCKET CARGO PANTS KHAKI,https://image.msscdn.net/images/goods_img/20230313/3142838/3142838_16786826262463_500.jpg,False
2024-01,F,003006,기타 하의,003,바지,14,3478960,leey,와이이이엘,STRAP STITCH BOOTS CUT PANTS BLACK,https://image.msscdn.net/images/goods_img/20230821/3478960/3478960_16987303853877_500.jpg,False
2024-01,F,003006,기타 하의,003,바지,15,3460514,sculptor,스컬프터,Parachute Cargo Pants Pale Gray,https://image.msscdn.net/images/goods_img/20230811/3460514/3460514_17005533986855_500.jpg,False
2024-01,F,003006,기타 하의,003,바지,16,3349036,rockcake,락케이크,Tribal Cutout Bootcut - Black,https://image.msscdn.net/images/goods_img/20230607/3349036/3349036_16890537165221_500.jpg,False
2024-01,F,003006,기타 하의,003,바지,17,3609710,xtonz,엑스톤즈,XP180 워싱 코듀로이 카고 파라슈트 팬츠 (BROWN),https://image.msscdn.net/images/goods_img/20231006/3609710/3609710_16969256053916_500.jpg,False
2024-01,F,003006,기타 하의,003,바지,18,3746783,hugyourskin,허그유어스킨,플리스 와이드 팬츠 (다크 그레이),https://image.msscdn.net/images/goods_img/20231206/3746783/3746783_17024567295405_500.jpg,False
2024-01,F,003006,기타 하의,003,바지,19,3728600,treemingbird,트리밍버드,Cargo Belted Wrap Skirt Pants [ Black ],https://image.msscdn.net/images/goods_img/20231122/3728600/3728600_17018399901247_500.jpg,False
2024-01,F,003006,기타 하의,003,바지,20,3730347,musinsastandardwoman,무신사 스탠다드 우먼,우먼즈 스커트 레이어드 저지 팬츠 [블랙],https://image.msscdn.net/images/goods_img/20231123/3730347/3730347_17056442290002_500.jpg,False
2024-01,F,003006,기타 하의,003,바지,21,3523875,aeae,에이이에이이,Skirt Layered String Pants -[BLACK],https://image.msscdn.net/images/goods_img/20230903/3523875/3523875_16977706144526_500.jpg,False
2024-01,F,003006,기타 하의,003,바지,22,3555702,ojos,오호스,Jersey Pleats Skirt Pants / Black,https://image.msscdn.net/images/goods_img/20230913/3555702/3555702_16945748888390_500.png,False
2024-01,F,003006,기타 하의,003,바지,23,3622924,citybreeze,시티브리즈,2-WAY 코듀로이 와이드 팬츠_4COLORS,https://image.msscdn.net/images/goods_img/20231012/3622924/3622924_17322500741502_500.jpg,False
2024-01,F,003006,기타 하의,003,바지,24,3460511,sculptor,스컬프터,Parachute Cargo Pants Desert,https://image.msscdn.net/images/goods_img/20230811/3460511/3460511_16931526004026_500.jpg,False
2024-01,F,003006,기타 하의,003,바지,25,3555714,ojos,오호스,Jersey Pleats Skirt Pants / Grey,https://image.msscdn.net/images/goods_img/20230913/3555714/3555714_16945791725818_500.png,False
2024-01,F,003006,기타 하의,003,바지,26,3616813,amomento,아모멘토,COTTON NYLON FATIGUE PANTS_BLUE GREY,https://image.msscdn.net/images/goods_img/20231011/3616813/3616813_16981315210350_500.jpg,False
2024-01,F,003006,기타 하의,003,바지,27,2817384,slowrecordhouse,슬로우 레코드 하우스,빅 포켓 카고 팬츠 - 3 COLOR,https://image.msscdn.net/images/goods_img/20220924/2817384/2817384_1_500.jpg,False
2024-01,F,003006,기타 하의,003,바지,28,3191907,not4nerd,낫포너드,Ripstop Utility Cargo Pants - Khaki,https://image.msscdn.net/images/goods_img/20230329/3191907/3191907_16823006787773_500.jpg,False
2024-01,F,003006,기타 하의,003,바지,29,2116545,ojos,오호스,Wrap over Tuck Pants / Khaki,https://image.msscdn.net/images/goods_img/20210908/2116545/2116545_2_500.jpg,False
2024-01,F,003006,기타 하의,003,바지,30,2942927,ojos,오호스,2-way Pleats Skirt Pants / Black,https://image.msscdn.net/images/goods_img/20221115/2942927/2942927_1_500.jpg,False
2024-01,F,100,원피스/스커트,,,1,2069547,musinsastandardwoman,무신사 스탠다드 우먼,우먼즈 코듀로이 미니 스커트 [블랙],https://image.msscdn.net/images/goods_img/20210818/2069547/2069547_1_500.jpg,False
2024-01,F,100,원피스/스커트,,,2,3753558,roughneck,러프넥,튜튜 팬츠 스커트 크림,https://image.msscdn.net/images/goods_img/20231212/3753558/3753558_17023643675304_500.jpg,False
2024-01,F,100,원피스/스커트,,,3,2714524,avan,어반드레스,Punching Knit Dress BLACK,https://image.msscdn.net/images/goods_img/20220812/2714524/2714524_17207610263763_500.jpg,False
2024-01,F,100,원피스/스커트,,,4,2836351,avan,어반드레스,Quilting Long Denim Skirt BLACK,https://image.msscdn.net/images/goods_img/20221004/2836351/2836351_17211921687233_500.jpg,False
2024-01,F,100,원피스/스커트,,,5,3753562,roughneck,러프넥,튜튜 팬츠 스커트 블랙,https://image.msscdn.net/images/goods_img/20231212/3753562/3753562_17023643402079_500.jpg,False
2024-01,F,100,원피스/스커트,,,6,3704233,glowny,글로니,G CLASSIC RIB MINI DRESS (BLACK),https://image.msscdn.net/images/goods_img/20231110/3704233/3704233_17012599777193_500.jpg,False
2024-01,F,100,원피스/스커트,,,7,3512849,glowny,글로니,RUSSELL PLAID MINI SKIRT (BROWN PLAID),https://image.msscdn.net/images/goods_img/20230830/3512849/3512849_16956191029228_500.jpg,False
2024-01,F,100,원피스/스커트,,,8,3295891,glowny,글로니,RODEO TIERED RUFFLE SKIRT (BABY BLUE),https://image.msscdn.net/images/goods_img/20230515/3295891/3295891_16843104589654_500.jpg,False
2024-01,F,100,원피스/스커트,,,9,2830762,painorpleasure,페인오어플레져,NIX MINI SKIRT black,https://image.msscdn.net/images/goods_img/20220929/2830762/2830762_17883362863775_500.jpg,False
2024-01,F,100,원피스/스커트,,,10,3604811,philocaly,필로컬리,프릴 미니 셔츠드레스 (블루),https://image.msscdn.net/images/goods_img/20231005/3604811/3604811_16964839091044_500.jpg,False
2024-01,F,100,원피스/스커트,,,11,1944554,musinsastandardwoman,무신사 스탠다드 우먼,우먼즈 데님 미니 스커트 [워시드 블랙],https://image.msscdn.net/images/goods_img/20210511/1944554/1944554_2_500.jpg,False
2024-01,F,100,원피스/스커트,,,12,3565960,misekiseoul,미세키서울,Midi wrap skirt BLACK,https://image.msscdn.net/images/goods_img/20230915/3565960/3565960_16951909447968_500.jpg,False
2024-01,F,100,원피스/스커트,,,13,2714533,avan,어반드레스,Punching Knit Dress IVORY,https://image.msscdn.net/images/goods_img/20220812/2714533/2714533_2_500.jpg,False
2024-01,F,100,원피스/스커트,,,14,3565367,millowomen,밀로 우먼,컷오프 플리츠 스커트 [블랙],https://image.msscdn.net/images/goods_img/20230915/3565367/3565367_17397631370060_500.jpg,False
2024-01,F,100,원피스/스커트,,,15,2792603,musinsastandardwoman,무신사 스탠다드 우먼,우먼즈 맥시 스커트 [블랙],https://image.msscdn.net/images/goods_img/20220915/2792603/2792603_17536886431375_500.jpg,False
2024-01,F,100,원피스/스커트,,,16,3196948,painorpleasure,페인오어플레져,ORCHID DRESS black,https://image.msscdn.net/images/goods_img/20230331/3196948/3196948_16917337665568_500.jpg,False
2024-01,F,100,원피스/스커트,,,17,2836289,avan,어반드레스,PLEATS DENIM SKIRT GREY,https://image.msscdn.net/images/goods_img/20221004/2836289/2836289_17211079732672_500.jpg,False
2024-01,F,100,원피스/스커트,,,18,3579817,mausoleum,마우솔레움,[12/26일 3차 예약배송] 젠 롱 슬리브 수트 자켓 드레스,https://image.msscdn.net/images/goods_img/20230920/3579817/3579817_16952069812395_500.jpg,False
2024-01,F,100,원피스/스커트,,,19,3764370,sculptor,스컬프터,Kats Slip Dress Ghost Sheer,https://image.msscdn.net/images/goods_img/20231221/3764370/3764370_17035807159200_500.jpg,False
2024-01,F,100,원피스/스커트,,,20,2551407,musinsastandardwoman,무신사 스탠다드 우먼,우먼즈 플리츠 미니 스커트 [그레이],https://image.msscdn.net/images/goods_img/20220511/2551407/2551407_17188462525168_500.jpg,False
2024-01,F,100,원피스/스커트,,,21,3704229,glowny,글로니,G CLASSIC RIB MINI DRESS (CHARCOAL),https://image.msscdn.net/images/goods_img/20231110/3704229/3704229_17012599427628_500.jpg,False
2024-01,F,100,원피스/스커트,,,22,1581259,musinsastandardwoman,무신사 스탠다드 우먼,우먼즈 코듀로이 미디 스커트 [크림],https://image.msscdn.net/images/goods_img/20200903/1581259/1581259_2_500.jpg,False
2024-01,F,100,원피스/스커트,,,23,3263886,avan,어반드레스,side-line long denim skirt BLACK,https://image.msscdn.net/images/goods_img/20230426/3263886/3263886_17204196177896_500.jpg,False
2024-01,F,100,원피스/스커트,,,24,2111542,musinsastandardwoman,무신사 스탠다드 우먼,우먼즈 신세틱 레더 미니 스커트 [블랙],https://image.msscdn.net/images/goods_img/20210906/2111542/2111542_17231647921871_500.jpg,False
2024-01,F,100,원피스/스커트,,,25,3526973,tommyjeans,타미진스,빅 플래그 후디 원피스 (T32D7WOP32TWT1BDS),https://image.msscdn.net/images/goods_img/20230904/3526973/3526973_16938132133537_500.jpg,False
2024-01,F,100,원피스/스커트,,,26,2551406,musinsastandardwoman,무신사 스탠다드 우먼,우먼즈 플리츠 미니 스커트 [블랙],https://image.msscdn.net/images/goods_img/20220511/2551406/2551406_17466940579553_500.jpg,False
2024-01,F,100,원피스/스커트,,,27,2117249,musinsastandardwoman,무신사 스탠다드 우먼,우먼즈 베이식 미니 스커트 [블랙],https://image.msscdn.net/images/goods_img/20210908/2117249/2117249_17625018594051_500.jpg,False
2024-01,F,100,원피스/스커트,,,28,2864414,nicknicole,닉앤니콜,NICOLE PINTUCK LAYERED LONG SKIRT_BLACK,https://image.msscdn.net/images/goods_img/20221014/2864414/2864414_1_500.jpg,False
2024-01,F,100,원피스/스커트,,,29,2792604,musinsastandardwoman,무신사 스탠다드 우먼,우먼즈 맥시 스커트 [미디엄 그레이],https://image.msscdn.net/images/goods_img/20220915/2792604/2792604_16728975851407_500.jpg,False
2024-01,F,100,원피스/스커트,,,30,2069546,musinsastandardwoman,무신사 스탠다드 우먼,우먼즈 코듀로이 미니 스커트 [크림],https://image.msscdn.net/images/goods_img/20210818/2069546/2069546_1_500.jpg,False
2024-01,F,100001,미니원피스,100,원피스/스커트,1,2714524,avan,어반드레스,Punching Knit Dress BLACK,https://image.msscdn.net/images/goods_img/20220812/2714524/2714524_17207610263763_500.jpg,False
2024-01,F,100001,미니원피스,100,원피스/스커트,2,3704233,glowny,글로니,G CLASSIC RIB MINI DRESS (BLACK),https://image.msscdn.net/images/goods_img/20231110/3704233/3704233_17012599777193_500.jpg,False
2024-01,F,100001,미니원피스,100,원피스/스커트,3,3604811,philocaly,필로컬리,프릴 미니 셔츠드레스 (블루),https://image.msscdn.net/images/goods_img/20231005/3604811/3604811_16964839091044_500.jpg,False
2024-01,F,100001,미니원피스,100,원피스/스커트,4,2714533,avan,어반드레스,Punching Knit Dress IVORY,https://image.msscdn.net/images/goods_img/20220812/2714533/2714533_2_500.jpg,False
2024-01,F,100001,미니원피스,100,원피스/스커트,5,3196948,painorpleasure,페인오어플레져,ORCHID DRESS black,https://image.msscdn.net/images/goods_img/20230331/3196948/3196948_16917337665568_500.jpg,False
2024-01,F,100001,미니원피스,100,원피스/스커트,6,3579817,mausoleum,마우솔레움,[12/26일 3차 예약배송] 젠 롱 슬리브 수트 자켓 드레스,https://image.msscdn.net/images/goods_img/20230920/3579817/3579817_16952069812395_500.jpg,False
2024-01,F,100001,미니원피스,100,원피스/스커트,7,3704229,glowny,글로니,G CLASSIC RIB MINI DRESS (CHARCOAL),https://image.msscdn.net/images/goods_img/20231110/3704229/3704229_17012599427628_500.jpg,False
2024-01,F,100001,미니원피스,100,원피스/스커트,8,3590873,cornell,얼킨 캔버스,베티붑 레이스 레이어드 프릴 미니 원피스_블랙,https://image.msscdn.net/images/goods_img/20230925/3590873/3590873_17788092542541_500.jpg,False
2024-01,F,100001,미니원피스,100,원피스/스커트,9,3727696,pandorafit,판도라핏,Sophia Cable Knit One-Piece,https://image.msscdn.net/images/goods_img/20231122/3727696/3727696_17006140028133_500.jpg,False
2024-01,F,100001,미니원피스,100,원피스/스커트,10,2836338,avan,어반드레스,Puff Sleeve Pleated Dress BLACK,https://image.msscdn.net/images/goods_img/20221004/2836338/2836338_17211078683494_500.jpg,False
2024-01,F,100001,미니원피스,100,원피스/스커트,11,3445876,raam,람,RC601 셔츠형 릴랙스 데님 원피스,https://image.msscdn.net/images/goods_img/20230804/3445876/3445876_16911318431781_500.jpg,False
2024-01,F,100001,미니원피스,100,원피스/스커트,12,3196981,painorpleasure,페인오어플레져,ORCHID DRESS white,https://image.msscdn.net/images/goods_img/20230331/3196981/3196981_16903483777490_500.jpg,False
2024-01,F,100001,미니원피스,100,원피스/스커트,13,3632454,youhee,유희,YOUHEE HALF SLEEVE KNIT DRESS MELANGE GREY,https://image.msscdn.net/images/goods_img/20231017/3632454/3632454_16977672265544_500.jpg,False
2024-01,F,100001,미니원피스,100,원피스/스커트,14,3728609,treemingbird,트리밍버드,One-shoulder Open Texture knit One-piece [ Black ],https://image.msscdn.net/images/goods_img/20231122/3728609/3728609_17018398164819_500.jpg,False
2024-01,F,100001,미니원피스,100,원피스/스커트,15,3573895,roughneck,러프넥,티어드 셔츠 드레스 네이비,https://image.msscdn.net/images/goods_img/20230919/3573895/3573895_16951826660521_500.jpg,False
2024-01,F,100001,미니원피스,100,원피스/스커트,16,3550682,philogram,필로그램,올인 데님 미니 원피스,https://image.msscdn.net/images/goods_img/20230911/3550682/3550682_16950888305234_500.jpg,False
2024-01,F,100001,미니원피스,100,원피스/스커트,17,1341924,wuzustudio,우주스튜디오,미니 랩 플레어 원피스 베이직 블랙,https://image.msscdn.net/images/goods_img/20200310/1341924/1341924_3_500.jpg,False
2024-01,F,100001,미니원피스,100,원피스/스커트,18,3726758,bohemseo,보헤미안 서울,"HOODED MINI DRESS, BLACK",https://image.msscdn.net/images/goods_img/20231121/3726758/3726758_17005509405534_500.jpg,False
2024-01,F,100001,미니원피스,100,원피스/스커트,19,2830893,painorpleasure,페인오어플레져,FAIRY DRESS cream,https://image.msscdn.net/images/goods_img/20220929/2830893/2830893_16903545713221_500.jpg,False
2024-01,F,100001,미니원피스,100,원피스/스커트,20,2605850,notyourrose,낫 유어 로즈,프릴 미니 드레스 (핑크),https://image.msscdn.net/images/goods_img/20220609/2605850/2605850_17652591506997_500.jpg,False
2024-01,F,100001,미니원피스,100,원피스/스커트,21,3599025,avan,어반드레스,Eila Ribbed Dress BLACK,https://image.msscdn.net/images/goods_img/20230927/3599025/3599025_16969116894694_500.jpg,False
2024-01,F,100001,미니원피스,100,원피스/스커트,22,3710065,bohemseo,보헤미안 서울,V - NECK BUTTON DRESS,https://image.msscdn.net/images/goods_img/20231114/3710065/3710065_16999493037867_500.jpg,False
2024-01,F,100001,미니원피스,100,원피스/스커트,23,3740825,sincethen,신스덴,아델라 트위드 미니원피스,https://image.msscdn.net/images/goods_img/20231201/3740825/3740825_17013977044377_500.jpg,False
2024-01,F,100001,미니원피스,100,원피스/스커트,24,2587763,saladbowls,샐러드볼즈,SATIN MINI ONE PIECE [BLACK],https://image.msscdn.net/images/goods_img/20220527/2587763/2587763_3_500.jpg,False
2024-01,F,100001,미니원피스,100,원피스/스커트,25,3130633,notyourrose,낫 유어 로즈,루비 드레스 (베이지),https://image.msscdn.net/images/goods_img/20230307/3130633/3130633_17652626029255_500.jpg,False
2024-01,F,100001,미니원피스,100,원피스/스커트,26,3733053,uglyshadow,어글리쉐도우,ANGORA BACK RIBBONED DRESS(BLACK),https://image.msscdn.net/images/goods_img/20231124/3733053/3733053_17009071108209_500.jpg,False
2024-01,F,100001,미니원피스,100,원피스/스커트,27,2088486,wuzustudio,우주스튜디오,테일러드 카라 벨트 미니 원피스 베이직 블랙,https://image.msscdn.net/images/goods_img/20210825/2088486/2088486_1_500.jpg,False
2024-01,F,100001,미니원피스,100,원피스/스커트,28,3482839,lookast,룩캐스트,블랙 마리 트위드 드레스 / BLACK MARY TWEED DRESS,https://image.msscdn.net/images/goods_img/20230821/3482839/3482839_16927734210688_500.jpg,False
2024-01,F,100001,미니원피스,100,원피스/스커트,29,3318607,zimmermann,짐머만,레이스 미니 튜닉 원피스 - 화이트 / 5167DTIGIVO,https://image.msscdn.net/images/goods_img/20230523/3318607/3318607_16903524861596_500.jpg,False
2024-01,F,100001,미니원피스,100,원피스/스커트,30,3321155,youhee,유희,LETTERING SATIN FLARE MINI DRESS IVORY,https://image.msscdn.net/images/goods_img/20230524/3321155/3321155_16849997967407_500.jpg,False
2024-01,F,100002,미디원피스,100,원피스/스커트,1,3764370,sculptor,스컬프터,Kats Slip Dress Ghost Sheer,https://image.msscdn.net/images/goods_img/20231221/3764370/3764370_17035807159200_500.jpg,False
2024-01,F,100002,미디원피스,100,원피스/스커트,2,3522853,amomento,아모멘토,VOLUME SLEEVELESS DRESS_BROWN,https://image.msscdn.net/images/goods_img/20230901/3522853/3522853_16935691568208_500.jpg,False
2024-01,F,100002,미디원피스,100,원피스/스커트,3,3599042,avan,어반드레스,Lucy Necklace Dress BLACK,https://image.msscdn.net/images/goods_img/20230927/3599042/3599042_17206762595195_500.jpg,False
2024-01,F,100002,미디원피스,100,원피스/스커트,4,2457511,poloralphlauren,폴로 랄프 로렌,W 케이블 니트 드레스 - 블루,https://image.msscdn.net/images/goods_img/20220330/2457511/2457511_2_500.jpg,False
2024-01,F,100002,미디원피스,100,원피스/스커트,5,2457512,poloralphlauren,폴로 랄프 로렌,W 케이블 니트 드레스 - 핑크,https://image.msscdn.net/images/goods_img/20220330/2457512/2457512_2_500.jpg,False
2024-01,F,100002,미디원피스,100,원피스/스커트,6,3479889,macky,맥키,샤인 집업 원피스 블랙,https://image.msscdn.net/images/goods_img/20230821/3479889/3479889_16934010497889_500.jpg,False
2024-01,F,100002,미디원피스,100,원피스/스커트,7,3516221,amomento,아모멘토,VOLUME SLEEVELESS DRESS_BLACK,https://image.msscdn.net/images/goods_img/20230831/3516221/3516221_16937870594729_500.jpg,False
2024-01,F,100002,미디원피스,100,원피스/스커트,8,2901690,saintlaurent,생로랑,더블 사브레 원피스 - 블랙 / 582689Y024K1000,https://image.msscdn.net/images/goods_img/20221028/2901690/2901690_16735885380290_500.jpg,False
2024-01,F,100002,미디원피스,100,원피스/스커트,9,3522852,amomento,아모멘토,SHIRRING LONG DRESS_IVORY,https://image.msscdn.net/images/goods_img/20230901/3522852/3522852_16937867674710_500.jpg,False
2024-01,F,100002,미디원피스,100,원피스/스커트,10,1610334,etmon,에트몽,Slip Button Point Dress  Black,https://image.msscdn.net/images/goods_img/20200918/1610334/1610334_1_500.jpg,False
2024-01,F,100002,미디원피스,100,원피스/스커트,11,3565440,millowomen,밀로 우먼,어시메트릭 플리츠 드레스 [에크루],https://image.msscdn.net/images/goods_img/20230915/3565440/3565440_16988056291284_500.jpg,False
2024-01,F,100002,미디원피스,100,원피스/스커트,12,2168577,juliycalla,쥴리앤칼라,21FW칼라 39 프리미엄 퀸 원피스 네이비,https://image.msscdn.net/images/goods_img/20211007/2168577/2168577_1_500.jpg,False
2024-01,F,100002,미디원피스,100,원피스/스커트,13,1254411,betweenaandb,비트윈에이앤비,후드 롱저지 기모 원피스 [블랙],https://image.msscdn.net/images/goods_img/20191219/1254411/1254411_17024436914378_500.jpg,False
2024-01,F,100002,미디원피스,100,원피스/스커트,14,2996368,calvinkleinjeans,캘빈클라인 진,여 블랙 로고 뱃지 폴로 카라 립 원피스 J220352 BEH,https://image.msscdn.net/images/goods_img/20221226/2996368/2996368_16741097135798_500.jpg,False
2024-01,F,100002,미디원피스,100,원피스/스커트,15,3159326,nache,나체,2-PIECE PULLED DRESS WHITE,https://image.msscdn.net/images/goods_img/20230317/3159326/3159326_16792746730033_500.jpg,False
2024-01,F,100002,미디원피스,100,원피스/스커트,16,2451516,lemaire,르메르,트위스트 원피스 - 라일락 아이스 / DR254LF588817,https://image.msscdn.net/images/goods_img/20220329/2451516/2451516_1_500.jpg,False
2024-01,F,100002,미디원피스,100,원피스/스커트,17,3566973,sculptor,스컬프터,Mesh Sleeveless Midi Dress Ice,https://image.msscdn.net/images/goods_img/20230917/3566973/3566973_17199030173864_500.jpg,False
2024-01,F,100002,미디원피스,100,원피스/스커트,18,3675311,zerostreet,제로스트릿,V-NECK PINTUCK TWEED ONEPIECE / BLACK,https://image.msscdn.net/images/goods_img/20231101/3675311/3675311_16988082460127_500.jpg,False
2024-01,F,100002,미디원피스,100,원피스/스커트,19,3159327,nache,나체,2-PIECE PULLED DRESS BLACK,https://image.msscdn.net/images/goods_img/20230317/3159327/3159327_16790511109956_500.jpg,False
2024-01,F,100002,미디원피스,100,원피스/스커트,20,3447571,lee,리,스웻 반집업 카라 원피스 네이비,https://image.msscdn.net/images/goods_img/20230807/3447571/3447571_16940585477928_500.jpg,False
2024-01,F,100002,미디원피스,100,원피스/스커트,21,3404141,nache,나체,ASYMMETRIC DRAPING DRESS BLACK,https://image.msscdn.net/images/goods_img/20230711/3404141/3404141_16891513621643_500.jpg,False
2024-01,F,100002,미디원피스,100,원피스/스커트,22,2374003,lemaire,르메르,트위스트 원피스 - 베이지 / DR450LF445605,https://image.msscdn.net/images/goods_img/20220221/2374003/2374003_1_500.jpg,False
2024-01,F,100002,미디원피스,100,원피스/스커트,23,3669384,lowclassic,로우클래식,SHEER LAYERED DRESS - BLACK,https://image.msscdn.net/images/goods_img/20231030/3669384/3669384_16986519316808_500.jpg,False
2024-01,F,100002,미디원피스,100,원피스/스커트,24,3399137,mm6maisonmartinmargiela,엠엠식스,미디 드레스 - 브랙 / S52DD0017STJ383900,https://image.msscdn.net/images/goods_img/20230707/3399137/3399137_16909361832076_500.jpg,False
2024-01,F,100002,미디원피스,100,원피스/스커트,25,3196505,thombrowne,톰브라운,피케 립 거싯 테니스 원피스 - 네이비 / FJD097A00050415,https://image.msscdn.net/images/goods_img/20230331/3196505/3196505_16860903547413_500.jpg,False
2024-01,F,100002,미디원피스,100,원피스/스커트,26,3271690,jacquemus,자크뮈스,라 로브 바리 원피스 - 핑크 / 221DR0161031430,https://image.msscdn.net/images/goods_img/20230502/3271690/3271690_16891279025496_500.jpg,False
2024-01,F,100002,미디원피스,100,원피스/스커트,27,3477378,reorg,리올그,FEL PINTUCK BUSTIER FLARE OPS BLACK,https://image.msscdn.net/images/goods_img/20230818/3477378/3477378_17089096315620_500.jpg,False
2024-01,F,100002,미디원피스,100,원피스/스커트,28,3512288,outdoorproducts,아웃도어 프로덕츠,여성 코듀로이 원피스 W CORDUROY ONE-PIECE,https://image.msscdn.net/images/goods_img/20230830/3512288/3512288_16933573274296_500.jpg,False
2024-01,F,100002,미디원피스,100,원피스/스커트,29,1417726,musinsastandardwoman,무신사 스탠다드 우먼,우먼즈 크루 넥 티셔츠 드레스 [블랙],https://image.msscdn.net/images/goods_img/20200423/1417726/1417726_17046918275092_500.jpg,False
2024-01,F,100002,미디원피스,100,원피스/스커트,30,3447573,lee,리,스웻 반집업 카라 원피스 라이트 그레이,https://image.msscdn.net/images/goods_img/20230807/3447573/3447573_16940585399293_500.jpg,False
2024-01,F,100003,맥시원피스,100,원피스/스커트,1,3526973,tommyjeans,타미진스,빅 플래그 후디 원피스 (T32D7WOP32TWT1BDS),https://image.msscdn.net/images/goods_img/20230904/3526973/3526973_16938132133537_500.jpg,False
2024-01,F,100003,맥시원피스,100,원피스/스커트,2,1209169,wuzustudio,우주스튜디오,하이넥 롱 원피스 베이직 블랙,https://image.msscdn.net/images/goods_img/20191101/1209169/1209169_3_500.jpg,False
2024-01,F,100003,맥시원피스,100,원피스/스커트,3,3659683,metapher,메타퍼,리본 디테일 원피스,https://image.msscdn.net/images/goods_img/20231026/3659683/3659683_16992111038512_500.jpg,False
2024-01,F,100003,맥시원피스,100,원피스/스커트,4,3119265,unlikelook,언라이크룩,테리 슬리브리스 맥시 롱 원피스 black[블랙],https://image.msscdn.net/images/goods_img/20230303/3119265/3119265_16778231253436_500.jpg,False
2024-01,F,100003,맥시원피스,100,원피스/스커트,5,2069390,blacrush,블랙크러쉬,Reverse Logo Long OPS,https://image.msscdn.net/images/goods_img/20210818/2069390/2069390_1_500.jpg,False
2024-01,F,100003,맥시원피스,100,원피스/스커트,6,3497291,whatitisnt,와키윌리,우먼스 와펜 하프 집업 카라 원피스 블랙,https://image.msscdn.net/images/goods_img/20230825/3497291/3497291_16935324504128_500.jpg,False
2024-01,F,100003,맥시원피스,100,원피스/스커트,7,2457508,poloralphlauren,폴로 랄프 로렌,W 벨티드 코튼 셔츠드레스 - 블루,https://image.msscdn.net/images/goods_img/20220330/2457508/2457508_1_500.jpg,False
2024-01,F,100003,맥시원피스,100,원피스/스커트,8,1579103,pa,폴앤앨리스,COLOR COMBI DRESS / 2COLORS,https://image.msscdn.net/images/goods_img/20200902/1579103/1579103_16950902827909_500.jpg,False
2024-01,F,100003,맥시원피스,100,원피스/스커트,9,3325011,someplace,썸플레이스,나일론 스토퍼 벌룬 슬리브리스 롱 원피스[차콜],https://image.msscdn.net/images/goods_img/20230525/3325011/3325011_17134859845075_500.jpg,False
2024-01,F,100003,맥시원피스,100,원피스/스커트,10,3492674,burmula,버뮬라,FRILL MAXI DRESS (WHITE),https://image.msscdn.net/images/goods_img/20230823/3492674/3492674_16944197824271_500.jpg,False
2024-01,F,100003,맥시원피스,100,원피스/스커트,11,3639427,treemingbird,트리밍버드,Overfit Denim Shirts One-piece [ Dark Blue ],https://image.msscdn.net/images/goods_img/20231019/3639427/3639427_16977779954804_500.jpg,False
2024-01,F,100003,맥시원피스,100,원피스/스커트,12,3768155,tommyjeans,타미진스,롱 슬리브 셔츠 드레스 (T32E0WOP11TWT21A6),https://image.msscdn.net/images/goods_img/20231227/3768155/3768155_17056418144522_500.jpg,False
2024-01,F,100003,맥시원피스,100,원피스/스커트,13,3764567,sincethen,신스덴,뮤트 베쥬 롱원피스,https://image.msscdn.net/images/goods_img/20231221/3764567/3764567_17031548709788_500.jpg,False
2024-01,F,100003,맥시원피스,100,원피스/스커트,14,3041848,vallodenera,벨로디네라,Daphne flower dress Ivory,https://image.msscdn.net/images/goods_img/20230126/3041848/3041848_16747225582386_500.jpg,False
2024-01,F,100003,맥시원피스,100,원피스/스커트,15,3725795,generalideastandard,제너럴아이디어,부클 리브드 원피스 세트 [BLACK] / WBC4L43543SET,https://image.msscdn.net/images/goods_img/20231121/3725795/3725795_17005684805971_500.jpg,False
2024-01,F,100003,맥시원피스,100,원피스/스커트,16,3275742,overdueflair,오버듀플레어,[slip dress set]oganza layer dress_peach,https://image.msscdn.net/images/goods_img/20230503/3275742/3275742_16831112891124_500.jpg,False
2024-01,F,100003,맥시원피스,100,원피스/스커트,17,3250317,tillidie,틸아이다이,Roll up shirt ops_Navy,https://image.msscdn.net/images/goods_img/20230420/3250317/3250317_17772663720399_500.jpg,False
2024-01,F,100003,맥시원피스,100,원피스/스커트,18,3604929,lemaire,르메르,미디 트위스트 셔츠 드레스 - 아스팔트 / DR1024LF1106BK991,https://image.msscdn.net/images/goods_img/20231005/3604929/3604929_16980438899766_500.jpg,False
2024-01,F,100003,맥시원피스,100,원피스/스커트,19,3353326,vallodenera,벨로디네라,Dahlia Halter Dress Green,https://image.msscdn.net/images/goods_img/20230608/3353326/3353326_16913928274912_500.jpg,False
2024-01,F,100003,맥시원피스,100,원피스/스커트,20,3646665,treemingbird,트리밍버드,Scarf Shirring Long One-Piece [ Black ],https://image.msscdn.net/images/goods_img/20231022/3646665/3646665_17000994966785_500.jpg,False
2024-01,F,100003,맥시원피스,100,원피스/스커트,21,2756408,etmon,에트몽,Bolero Layered Dress  Black,https://image.msscdn.net/images/goods_img/20220830/2756408/2756408_1_500.jpg,False
2024-01,F,100003,맥시원피스,100,원피스/스커트,22,3432290,citybreeze,시티브리즈,홀터넥 플레어 데님 원피스_LIGHT INDIGO,https://image.msscdn.net/images/goods_img/20230728/3432290/3432290_17121079414067_500.jpg,False
2024-01,F,100003,맥시원피스,100,원피스/스커트,23,3709760,treemingbird,트리밍버드,Half-And-Half Collar Shirt One-Piece [ Black ],https://image.msscdn.net/images/goods_img/20231114/3709760/3709760_17000164235970_500.jpg,False
2024-01,F,100003,맥시원피스,100,원피스/스커트,24,2500573,awesomestudio,어썸스튜디오,세미 오버핏 롱 원피스 블랙,https://image.msscdn.net/images/goods_img/20220419/2500573/2500573_1_500.jpg,False
2024-01,F,100003,맥시원피스,100,원피스/스커트,25,3322824,sincethen,신스덴,와인 플라워 롱원피스,https://image.msscdn.net/images/goods_img/20230524/3322824/3322824_16849160410234_500.jpg,False
2024-01,F,100003,맥시원피스,100,원피스/스커트,26,3575492,avan,어반드레스,Unbalance Maxi Dress CHARCOAL,https://image.msscdn.net/images/goods_img/20230919/3575492/3575492_16956198814724_500.jpg,False
2024-01,F,100003,맥시원피스,100,원피스/스커트,27,3511681,millioncor,밀리언코르,[5428] 카라 롱 데님 원피스 (흑청),https://image.msscdn.net/images/goods_img/20230829/3511681/3511681_16933058754914_500.jpg,False
2024-01,F,100003,맥시원피스,100,원피스/스커트,28,3477095,rel,리엘,Holiday bustier dress (black),https://image.msscdn.net/images/goods_img/20230818/3477095/3477095_16981176897680_500.jpg,False
2024-01,F,100003,맥시원피스,100,원피스/스커트,29,3661648,lingseoul,링서울,corduroy dress-black (long),https://image.msscdn.net/images/goods_img/20231026/3661648/3661648_17340510080396_500.jpg,False
2024-01,F,100003,맥시원피스,100,원피스/스커트,30,3673160,batticuore,루바티,시퀸 레이스 레이어드 드레스 _화이트,https://image.msscdn.net/images/goods_img/20231031/3673160/3673160_16987448601334_500.jpg,False
2024-01,F,100004,미니스커트,100,원피스/스커트,1,2069547,musinsastandardwoman,무신사 스탠다드 우먼,우먼즈 코듀로이 미니 스커트 [블랙],https://image.msscdn.net/images/goods_img/20210818/2069547/2069547_1_500.jpg,False
2024-01,F,100004,미니스커트,100,원피스/스커트,2,3753558,roughneck,러프넥,튜튜 팬츠 스커트 크림,https://image.msscdn.net/images/goods_img/20231212/3753558/3753558_17023643675304_500.jpg,False
2024-01,F,100004,미니스커트,100,원피스/스커트,3,3753562,roughneck,러프넥,튜튜 팬츠 스커트 블랙,https://image.msscdn.net/images/goods_img/20231212/3753562/3753562_17023643402079_500.jpg,False
2024-01,F,100004,미니스커트,100,원피스/스커트,4,3512849,glowny,글로니,RUSSELL PLAID MINI SKIRT (BROWN PLAID),https://image.msscdn.net/images/goods_img/20230830/3512849/3512849_16956191029228_500.jpg,False
2024-01,F,100004,미니스커트,100,원피스/스커트,5,2830762,painorpleasure,페인오어플레져,NIX MINI SKIRT black,https://image.msscdn.net/images/goods_img/20220929/2830762/2830762_17883362863775_500.jpg,False
2024-01,F,100004,미니스커트,100,원피스/스커트,6,1944554,musinsastandardwoman,무신사 스탠다드 우먼,우먼즈 데님 미니 스커트 [워시드 블랙],https://image.msscdn.net/images/goods_img/20210511/1944554/1944554_2_500.jpg,False
2024-01,F,100004,미니스커트,100,원피스/스커트,7,2836289,avan,어반드레스,PLEATS DENIM SKIRT GREY,https://image.msscdn.net/images/goods_img/20221004/2836289/2836289_17211079732672_500.jpg,False
2024-01,F,100004,미니스커트,100,원피스/스커트,8,2551407,musinsastandardwoman,무신사 스탠다드 우먼,우먼즈 플리츠 미니 스커트 [그레이],https://image.msscdn.net/images/goods_img/20220511/2551407/2551407_17188462525168_500.jpg,False
2024-01,F,100004,미니스커트,100,원피스/스커트,9,2111542,musinsastandardwoman,무신사 스탠다드 우먼,우먼즈 신세틱 레더 미니 스커트 [블랙],https://image.msscdn.net/images/goods_img/20210906/2111542/2111542_17231647921871_500.jpg,False
2024-01,F,100004,미니스커트,100,원피스/스커트,10,2551406,musinsastandardwoman,무신사 스탠다드 우먼,우먼즈 플리츠 미니 스커트 [블랙],https://image.msscdn.net/images/goods_img/20220511/2551406/2551406_17466940579553_500.jpg,False
2024-01,F,100004,미니스커트,100,원피스/스커트,11,2117249,musinsastandardwoman,무신사 스탠다드 우먼,우먼즈 베이식 미니 스커트 [블랙],https://image.msscdn.net/images/goods_img/20210908/2117249/2117249_17625018594051_500.jpg,False
2024-01,F,100004,미니스커트,100,원피스/스커트,12,2069546,musinsastandardwoman,무신사 스탠다드 우먼,우먼즈 코듀로이 미니 스커트 [크림],https://image.msscdn.net/images/goods_img/20210818/2069546/2069546_1_500.jpg,False
2024-01,F,100004,미니스커트,100,원피스/스커트,13,3481498,musinsastandardwoman,무신사 스탠다드 우먼,우먼즈 울 블렌드 트위드 미니 스커트 [브라운],https://image.msscdn.net/images/goods_img/20230821/3481498/3481498_17358854982119_500.jpg,False
2024-01,F,100004,미니스커트,100,원피스/스커트,14,2069545,musinsastandardwoman,무신사 스탠다드 우먼,우먼즈 코듀로이 미니 스커트 [카키 브라운],https://image.msscdn.net/images/goods_img/20210818/2069545/2069545_17625019498801_500.jpg,False
2024-01,F,100004,미니스커트,100,원피스/스커트,15,3523881,aeae,에이이에이이,Cargo Ribbon Mini Skirts -[CAMO],https://image.msscdn.net/images/goods_img/20230903/3523881/3523881_16957136649303_500.jpg,False
2024-01,F,100004,미니스커트,100,원피스/스커트,16,3285422,musinsastandardwoman,무신사 스탠다드 우먼,우먼즈 코듀로이 미니 스커트 [브라운],https://image.msscdn.net/images/goods_img/20230509/3285422/3285422_16925740209468_500.jpg,False
2024-01,F,100004,미니스커트,100,원피스/스커트,17,1788995,nastyfancyclub,팬시클럽,[NF] 데님 플리츠 벨트 스커트 (BLK)_FQC023,https://image.msscdn.net/images/goods_img/20210209/1788995/1788995_16854211456442_500.jpg,False
2024-01,F,100004,미니스커트,100,원피스/스커트,18,3524288,expiredgirl,익스파이어드걸,클로이 레이스 스커트 크림,https://image.msscdn.net/images/goods_img/20230904/3524288/3524288_16937902788018_500.jpg,False
2024-01,F,100004,미니스커트,100,원피스/스커트,19,2362073,musinsastandardwoman,무신사 스탠다드 우먼,우먼즈 데님 미니 스커트 [블랙],https://image.msscdn.net/images/goods_img/20220215/2362073/2362073_17824333056337_500.jpg,False
2024-01,F,100004,미니스커트,100,원피스/스커트,20,3624204,badblood,배드블러드,보니 카고 미니 스커트 - 워시드블랙,https://image.msscdn.net/images/goods_img/20231012/3624204/3624204_17078126417326_500.jpg,False
2024-01,F,100004,미니스커트,100,원피스/스커트,21,2568804,musinsastandardwoman,무신사 스탠다드 우먼,우먼즈 코듀로이 미니 스커트 [핑크],https://image.msscdn.net/images/goods_img/20220518/2568804/2568804_1_500.jpg,False
2024-01,F,100004,미니스커트,100,원피스/스커트,22,2745025,mardimercrediactif,마르디 메크르디 악티프,신세틱 레더 아코디언 플리츠 스커트 블랙,https://image.msscdn.net/images/goods_img/20220826/2745025/2745025_1_500.jpg,False
2024-01,F,100004,미니스커트,100,원피스/스커트,23,3109155,avan,어반드레스,Stacey pleats Skirt BLACK,https://image.msscdn.net/images/goods_img/20230227/3109155/3109155_17195596893163_500.jpg,False
2024-01,F,100004,미니스커트,100,원피스/스커트,24,3555207,placestudio,플레이스 스튜디오,[멜로우 X PLACE] 미니멀 슬릿 플리츠 테니스 스커트 [그레이],https://image.msscdn.net/images/goods_img/20230913/3555207/3555207_17170425611786_500.jpg,False
2024-01,F,100004,미니스커트,100,원피스/스커트,25,1216362,reorg,리올그,RE-MINI SKIRT BLACK,https://image.msscdn.net/images/goods_img/20191107/1216362/1216362_17628217057388_500.jpg,False
2024-01,F,100004,미니스커트,100,원피스/스커트,26,2568779,musinsastandardwoman,무신사 스탠다드 우먼,우먼즈 코듀로이 플리츠 미니 스커트 [핑크],https://image.msscdn.net/images/goods_img/20220518/2568779/2568779_16975306781727_500.jpg,False
2024-01,F,100004,미니스커트,100,원피스/스커트,27,3341899,lalafox,라라폭스,CARGO DENIM MINI SKIRT BLUE BQ2DS001,https://image.msscdn.net/images/goods_img/20230601/3341899/3341899_17497172705571_500.jpg,False
2024-01,F,100004,미니스커트,100,원피스/스커트,28,2227729,luvistrue,러브이즈트루,OW CORDUROY SETUP SKIRT(BLACK),https://image.msscdn.net/images/goods_img/20211111/2227729/2227729_2_500.jpg,False
2024-01,F,100004,미니스커트,100,원피스/스커트,29,2568803,musinsastandardwoman,무신사 스탠다드 우먼,우먼즈 코듀로이 미니 스커트 [다크 그레이],https://image.msscdn.net/images/goods_img/20220518/2568803/2568803_17600809572303_500.jpg,False
2024-01,F,100004,미니스커트,100,원피스/스커트,30,3516905,painorpleasure,페인오어플레져,NIX MINI SKIRT grey,https://image.msscdn.net/images/goods_img/20230831/3516905/3516905_16934520366619_500.jpg,False
2024-01,F,100005,미디스커트,100,원피스/스커트,1,3565960,misekiseoul,미세키서울,Midi wrap skirt BLACK,https://image.msscdn.net/images/goods_img/20230915/3565960/3565960_16951909447968_500.jpg,False
2024-01,F,100005,미디스커트,100,원피스/스커트,2,3565367,millowomen,밀로 우먼,컷오프 플리츠 스커트 [블랙],https://image.msscdn.net/images/goods_img/20230915/3565367/3565367_17397631370060_500.jpg,False
2024-01,F,100005,미디스커트,100,원피스/스커트,3,1581259,musinsastandardwoman,무신사 스탠다드 우먼,우먼즈 코듀로이 미디 스커트 [크림],https://image.msscdn.net/images/goods_img/20200903/1581259/1581259_2_500.jpg,False
2024-01,F,100005,미디스커트,100,원피스/스커트,4,2353343,nicknicole,닉앤니콜,CLASSIC FLARE SKIRT_NAVY,https://image.msscdn.net/images/goods_img/20220210/2353343/2353343_2_500.jpg,False
2024-01,F,100005,미디스커트,100,원피스/스커트,5,3572827,misekiseoul,미세키서울,Midi wrap skirt CHARCOAL,https://image.msscdn.net/images/goods_img/20230919/3572827/3572827_16951910756223_500.jpg,False
2024-01,F,100005,미디스커트,100,원피스/스커트,6,2117253,musinsastandardwoman,무신사 스탠다드 우먼,우먼즈 플리츠 미디 스커트 [블랙],https://image.msscdn.net/images/goods_img/20210908/2117253/2117253_17467823245909_500.jpg,False
2024-01,F,100005,미디스커트,100,원피스/스커트,7,1595556,musinsastandardwoman,무신사 스탠다드 우먼,우먼즈 사이드 슬릿 니트 스커트 [블랙],https://image.msscdn.net/images/goods_img/20200910/1595556/1595556_1_500.jpg,False
2024-01,F,100005,미디스커트,100,원피스/스커트,8,3116602,maisonmargiela,메종 마르지엘라,미디 스커트 - 블랙 / S51ME0006S60532900,https://image.msscdn.net/images/goods_img/20230302/3116602/3116602_16800539824710_500.jpg,False
2024-01,F,100005,미디스커트,100,원피스/스커트,9,3666227,ready4next,레디포넥스트,[기모] 우먼즈 카고스트링 롱스커트 BLACK,https://image.msscdn.net/images/goods_img/20231027/3666227/3666227_16984086655380_500.jpg,False
2024-01,F,100005,미디스커트,100,원피스/스커트,10,1581258,musinsastandardwoman,무신사 스탠다드 우먼,우먼즈 코듀로이 미디 스커트 [블랙],https://image.msscdn.net/images/goods_img/20200903/1581258/1581258_2_500.jpg,False
2024-01,F,100005,미디스커트,100,원피스/스커트,11,3515573,glowny,글로니,TIA DOUBLE LAYERED RUFFLE SKIRT (BROWN),https://image.msscdn.net/images/goods_img/20230830/3515573/3515573_16947569598467_500.jpg,False
2024-01,F,100005,미디스커트,100,원피스/스커트,12,2300718,musinsastandardwoman,무신사 스탠다드 우먼,우먼즈 데님 미디 스커트 [워시드 블랙],https://image.msscdn.net/images/goods_img/20220111/2300718/2300718_17675315035044_500.jpg,False
2024-01,F,100005,미디스커트,100,원피스/스커트,13,2942764,ojos,오호스,Leg Warmer Midi Skirt / Black,https://image.msscdn.net/images/goods_img/20221115/2942764/2942764_1_500.jpg,False
2024-01,F,100005,미디스커트,100,원피스/스커트,14,2714797,avan,어반드레스,Art Leather Slit Skirt - 2COL,https://image.msscdn.net/images/goods_img/20220812/2714797/2714797_17483064296861_500.jpg,False
2024-01,F,100005,미디스커트,100,원피스/스커트,15,3536850,partimentowomen,파르티멘토 우먼,2 사이드 벨티드 컷 오프 플리츠 스커트_블랙,https://image.msscdn.net/images/goods_img/20230906/3536850/3536850_16943506365288_500.jpg,False
2024-01,F,100005,미디스커트,100,원피스/스커트,16,3650388,roughneck,러프넥,빈티지 워싱 레더 스커트,https://image.msscdn.net/images/goods_img/20231023/3650388/3650388_16980500995722_500.jpg,False
2024-01,F,100005,미디스커트,100,원피스/스커트,17,3709736,tensedance,탠스댄스,코지 플레어 스커트_더스티 블랙,https://image.msscdn.net/images/goods_img/20231114/3709736/3709736_16999552137638_500.jpg,False
2024-01,F,100005,미디스커트,100,원피스/스커트,18,3444983,rockfish,락피쉬웨더웨어,RFH CLASSIC CHECK PLEATS SKIRT - 3color,https://image.msscdn.net/images/goods_img/20230804/3444983/3444983_17304384364090_500.jpg,False
2024-01,F,100005,미디스커트,100,원피스/스커트,19,1977234,avan,어반드레스,POCKET LONG BANDING SKIRT BLACK,https://image.msscdn.net/images/goods_img/20210601/1977234/1977234_1_500.jpg,False
2024-01,F,100005,미디스커트,100,원피스/스커트,20,3709742,tensedance,탠스댄스,코지 플레어 스커트_더스티 그레이,https://image.msscdn.net/images/goods_img/20231114/3709742/3709742_16999563046975_500.jpg,False
2024-01,F,100005,미디스커트,100,원피스/스커트,21,3528434,cerric,세릭,STRAP FLARED CARGO SKIRT / KHAKI,https://image.msscdn.net/images/goods_img/20230904/3528434/3528434_16939192900488_500.jpg,False
2024-01,F,100005,미디스커트,100,원피스/스커트,22,2063237,millioncor,밀리언코르,[8149] 논이염 뒷트임 생지 데님 롱 스커트 (블랙),https://image.msscdn.net/images/goods_img/20210813/2063237/2063237_6_500.jpg,False
2024-01,F,100005,미디스커트,100,원피스/스커트,23,2117255,musinsastandardwoman,무신사 스탠다드 우먼,우먼즈 플리츠 미디 스커트 [라이트 브라운],https://image.msscdn.net/images/goods_img/20210908/2117255/2117255_17676668118187_500.jpg,False
2024-01,F,100005,미디스커트,100,원피스/스커트,24,1980169,avan,어반드레스,DEEP SLIT LONG SKIRT BLACK,https://image.msscdn.net/images/goods_img/20210602/1980169/1980169_1_500.jpg,False
2024-01,F,100005,미디스커트,100,원피스/스커트,25,3399599,adidas,아디다스,3선 스커트 - 그린 / IR9805,https://image.msscdn.net/images/goods_img/20230707/3399599/3399599_16887209579376_500.jpg,False
2024-01,F,100005,미디스커트,100,원피스/스커트,26,1581260,musinsastandardwoman,무신사 스탠다드 우먼,우먼즈 코듀로이 미디 스커트 [라이트 브라운],https://image.msscdn.net/images/goods_img/20200903/1581260/1581260_16975318671788_500.jpg,False
2024-01,F,100005,미디스커트,100,원피스/스커트,27,3404128,nache,나체,PUCKERING TIE SKIRT BLACK,https://image.msscdn.net/images/goods_img/20230711/3404128/3404128_16891531116527_500.jpg,False
2024-01,F,100005,미디스커트,100,원피스/스커트,28,3491127,dunstforwomen,던스트,CLASSIC TWEED MIDI SKIRT BLACK_UDSK3C207BK,https://image.msscdn.net/images/goods_img/20230823/3491127/3491127_16927753157305_500.jpg,False
2024-01,F,100005,미디스커트,100,원피스/스커트,29,3430632,rockfish,락피쉬웨더웨어,RFH CLASSIC PLEATS SKIRT - 2color,https://image.msscdn.net/images/goods_img/20230727/3430632/3430632_17164519321965_500.jpg,False
2024-01,F,100005,미디스커트,100,원피스/스커트,30,3543749,halominium,할로미늄,미디 플리츠 랩 스커트 2 / 그레이,https://image.msscdn.net/images/goods_img/20230908/3543749/3543749_16941504166737_500.jpg,False
2024-01,F,100006,롱스커트,100,원피스/스커트,1,2836351,avan,어반드레스,Quilting Long Denim Skirt BLACK,https://image.msscdn.net/images/goods_img/20221004/2836351/2836351_17211921687233_500.jpg,False
2024-01,F,100006,롱스커트,100,원피스/스커트,2,3295891,glowny,글로니,RODEO TIERED RUFFLE SKIRT (BABY BLUE),https://image.msscdn.net/images/goods_img/20230515/3295891/3295891_16843104589654_500.jpg,False
2024-01,F,100006,롱스커트,100,원피스/스커트,3,2792603,musinsastandardwoman,무신사 스탠다드 우먼,우먼즈 맥시 스커트 [블랙],https://image.msscdn.net/images/goods_img/20220915/2792603/2792603_17536886431375_500.jpg,False
2024-01,F,100006,롱스커트,100,원피스/스커트,4,3263886,avan,어반드레스,side-line long denim skirt BLACK,https://image.msscdn.net/images/goods_img/20230426/3263886/3263886_17204196177896_500.jpg,False
2024-01,F,100006,롱스커트,100,원피스/스커트,5,2864414,nicknicole,닉앤니콜,NICOLE PINTUCK LAYERED LONG SKIRT_BLACK,https://image.msscdn.net/images/goods_img/20221014/2864414/2864414_1_500.jpg,False
2024-01,F,100006,롱스커트,100,원피스/스커트,6,2792604,musinsastandardwoman,무신사 스탠다드 우먼,우먼즈 맥시 스커트 [미디엄 그레이],https://image.msscdn.net/images/goods_img/20220915/2792604/2792604_16728975851407_500.jpg,False
2024-01,F,100006,롱스커트,100,원피스/스커트,7,1931894,musinsastandardwoman,무신사 스탠다드 우먼,우먼즈 하이 웨이스트 슬릿 롱 스커트 [블랙],https://image.msscdn.net/images/goods_img/20210430/1931894/1931894_3_500.jpg,False
2024-01,F,100006,롱스커트,100,원피스/스커트,8,2890782,loeil,로에일,마일드 코듀로이 핀턱 스커트 - 블랙,https://image.msscdn.net/images/goods_img/20221025/2890782/2890782_1_500.jpg,False
2024-01,F,100006,롱스커트,100,원피스/스커트,9,3646653,treemingbird,트리밍버드,V Low-Waist Long Skirt [ Black ],https://image.msscdn.net/images/goods_img/20231022/3646653/3646653_17001019479125_500.jpg,False
2024-01,F,100006,롱스커트,100,원피스/스커트,10,2925522,piecemaker,피스메이커,STITCH SWEAT MAXI SKIRT (BLACK),https://image.msscdn.net/images/goods_img/20221107/2925522/2925522_2_500.jpg,False
2024-01,F,100006,롱스커트,100,원피스/스커트,11,2117256,musinsastandardwoman,무신사 스탠다드 우먼,우먼즈 하이 웨이스트 롱 스커트 [블랙],https://image.msscdn.net/images/goods_img/20210908/2117256/2117256_1_500.jpg,False
2024-01,F,100006,롱스커트,100,원피스/스커트,12,3051711,musinsastandardwoman,무신사 스탠다드 우먼,우먼즈 데님 맥시 스커트 [미디엄 인디고],https://image.msscdn.net/images/goods_img/20230201/3051711/3051711_16866978207309_500.jpg,False
2024-01,F,100006,롱스커트,100,원피스/스커트,13,3425498,musinsastandardwoman,무신사 스탠다드 우먼,우먼즈 데님 맥시 스커트 [딥 인디고],https://image.msscdn.net/images/goods_img/20230725/3425498/3425498_17189604379083_500.jpg,False
2024-01,F,100006,롱스커트,100,원피스/스커트,14,2551400,musinsastandardwoman,무신사 스탠다드 우먼,우먼즈 세미 머메이드 스커트 [블랙],https://image.msscdn.net/images/goods_img/20220511/2551400/2551400_2_500.jpg,False
2024-01,F,100006,롱스커트,100,원피스/스커트,15,3727181,moaa,모아,빈티지 맥시 데님 스커트 (WASHED JEAN),https://image.msscdn.net/images/goods_img/20231121/3727181/3727181_17008185310005_500.jpg,False
2024-01,F,100006,롱스커트,100,원피스/스커트,16,3666393,adidas,아디다스,카고 스커트 W - 블랙 / IY9493,https://image.msscdn.net/images/goods_img/20231029/3666393/3666393_16987392479444_500.jpg,False
2024-01,F,100006,롱스커트,100,원피스/스커트,17,1324169,musinsastandardwoman,무신사 스탠다드 우먼,우먼즈 플랫 테리 스웨트 롱 스커트 [블랙],https://image.msscdn.net/images/goods_img/20200226/1324169/1324169_2_500.jpg,False
2024-01,F,100006,롱스커트,100,원피스/스커트,18,3512402,unknownplanet,언노운 플라넷,프론트 슬릿 데님 롱 스커트 블랙,https://image.msscdn.net/images/goods_img/20230830/3512402/3512402_16933595850460_500.jpg,False
2024-01,F,100006,롱스커트,100,원피스/스커트,19,3743448,avan,어반드레스,Evelyn Long Denim Skirt VINTAGE BLUE,https://image.msscdn.net/images/goods_img/20231204/3743448/3743448_17194672075317_500.jpg,False
2024-01,F,100006,롱스커트,100,원피스/스커트,20,3460334,sculptor,스컬프터,Parachute Cargo Maxi Skirt Pale Gray,https://image.msscdn.net/images/goods_img/20230811/3460334/3460334_16952760843922_500.jpg,False
2024-01,F,100006,롱스커트,100,원피스/스커트,21,2448899,musinsastandardwoman,무신사 스탠다드 우먼,우먼즈 프론트 슬릿 데님 롱 스커트 [워시드 블랙],https://image.msscdn.net/images/goods_img/20220328/2448899/2448899_17661127529056_500.jpg,False
2024-01,F,100006,롱스커트,100,원피스/스커트,22,2392478,musinsastandardwoman,무신사 스탠다드 우먼,우먼즈 스웨트 맥시 스커트 [블랙],https://image.msscdn.net/images/goods_img/20220302/2392478/2392478_17188496635285_500.jpg,False
2024-01,F,100006,롱스커트,100,원피스/스커트,23,3743449,avan,어반드레스,Evelyn Long Denim Skirt BLACK,https://image.msscdn.net/images/goods_img/20231204/3743449/3743449_17194649794834_500.jpg,False
2024-01,F,100006,롱스커트,100,원피스/스커트,24,3639633,treemingbird,트리밍버드,Incision Denim Set-up Skirt [ Dark Blue ],https://image.msscdn.net/images/goods_img/20231019/3639633/3639633_16976757593211_500.jpg,False
2024-01,F,100006,롱스커트,100,원피스/스커트,25,3511194,avan,어반드레스,Greta Pocket Wrap Skirt CHARCOAL,https://image.msscdn.net/images/goods_img/20230829/3511194/3511194_17193017027527_500.jpg,False
2024-01,F,100006,롱스커트,100,원피스/스커트,26,3768247,avan,어반드레스,Harper Tassel Pocket Denim Long Skirt BLUE,https://image.msscdn.net/images/goods_img/20231227/3768247/3768247_17194674781671_500.jpg,False
2024-01,F,100006,롱스커트,100,원피스/스커트,27,3159165,nache,나체,STRAP CARGO MAXI SKIRT VINTAGE BEIGE,https://image.msscdn.net/images/goods_img/20230317/3159165/3159165_17248158366455_500.jpg,False
2024-01,F,100006,롱스커트,100,원피스/스커트,28,2809883,haint,헤인트,DAZE MIDI DENIM SKIRT,https://image.msscdn.net/images/goods_img/20220921/2809883/2809883_16905276196213_500.jpg,False
2024-01,F,100006,롱스커트,100,원피스/스커트,29,1661322,zerostreet,제로스트릿,[3컬러] 롱 플레어 샤 스커트,https://image.msscdn.net/images/goods_img/20201023/1661322/1661322_17720890309483_500.jpg,False
2024-01,F,100006,롱스커트,100,원피스/스커트,30,2796166,millioncor,밀리언코르,[DANA 8179] 커버밴드 뒷트임 코튼 롱 스커트 (베이지),https://image.msscdn.net/images/goods_img/20220915/2796166/2796166_3_500.jpg,False
