year_month,gender,category_code,category_name,parent_code,parent_name,rank,product_id,brand,brand_name,product_name,image_url,discontinued
2025-01,A,001,상의,,,1,2086653,musinsastandard,무신사 스탠다드,레이어드 크루 넥 반팔 티셔츠_일반 기장 [화이트],https://image.msscdn.net/images/goods_img/20210825/2086653/2086653_17772494800708_500.jpg,False
2025-01,A,001,상의,,,2,2723767,suare,수아레,데일리 라운드 니트 - 12 COLOR,https://image.msscdn.net/images/goods_img/20220818/2723767/2723767_17292130151891_500.jpg,False
2025-01,A,001,상의,,,3,4509977,workonbodyoff,워크온바디오프,반폴라 세미 오버핏 모크넥 니트 [블랙],https://image.msscdn.net/images/goods_img/20241011/4509977/4509977_17642271545231_500.jpg,False
2025-01,A,001,상의,,,4,4302685,sorano,소라노,SORANO Basic Logo HOODIE [4Color],https://image.msscdn.net/images/goods_img/20240807/4302685/4302685_17229675684379_500.jpg,False
2025-01,A,001,상의,,,5,4285909,untapped,언탭트 스튜디오,오버핏 케이블 라운드 니트 5COLOR,https://image.msscdn.net/images/goods_img/20240731/4285909/4285909_17247442451593_500.jpg,False
2025-01,A,001,상의,,,6,2990516,1989standard,1989스탠다드,RV_OUR 1989 후드 (STHSTD-0004),https://image.msscdn.net/images/goods_img/20221220/2990516/2990516_17865211299718_500.jpg,False
2025-01,A,001,상의,,,7,4584154,nodu,노드유,소프트 헨리넥 라운드 긴팔 니트 [베이지],https://image.msscdn.net/images/goods_img/20241104/4584154/4584154_17306775620945_500.jpg,False
2025-01,A,001,상의,,,8,2149254,musinsastandard,무신사 스탠다드,베이식 긴팔 티셔츠 2팩,https://image.msscdn.net/images/goods_img/20210928/2149254/2149254_17138588137724_500.jpg,False
2025-01,A,001,상의,,,9,2139775,minimalcode,미니멀코드,소프트 필링 세미오버 라운드 니트 초코브라운,https://image.msscdn.net/images/goods_img/20210917/2139775/2139775_17204066649792_500.jpg,False
2025-01,A,001,상의,,,10,1582356,sovermentwithlomort,소버먼트,980G 피그먼트 맨투맨-챠콜-,https://image.msscdn.net/images/goods_img/20200903/1582356/1582356_1_500.jpg,False
2025-01,A,001,상의,,,11,2122566,musinsastandard,무신사 스탠다드,레이어드 크루 넥 반팔 티셔츠_일반 기장 2팩,https://image.msscdn.net/images/goods_img/20210910/2122566/2122566_17133406834875_500.jpg,False
2025-01,A,001,상의,,,12,994588,filluminate,필루미네이트,옵티멀 베이직 셔츠-화이트[린넨＆옥스포드 선택],https://image.msscdn.net/images/goods_img/20190326/994588/994588_17878791359967_500.jpg,False
2025-01,A,001,상의,,,13,4711529,seez,시즈,[데일리룸 X 시즈] 오디너리 크롭 스트라이프 셔츠 [WHITE] 단품/SET,https://image.msscdn.net/images/goods_img/20250110/4711529/4711529_17727599688374_500.jpg,False
2025-01,A,001,상의,,,14,2722805,brownbreath,브라운브레스,TAG OG HOODIE - BURGUNDY,https://image.msscdn.net/images/goods_img/20220817/2722805/2722805_17685233788556_500.jpg,False
2025-01,A,001,상의,,,15,4406512,sculptor,스컬프터,Shirring Tennis Shirt Navy/Green Stripe,https://image.msscdn.net/images/goods_img/20240904/4406512/4406512_17581619966456_500.jpg,False
2025-01,A,001,상의,,,16,4387116,leire,르아르,리브드 오버핏 헨리넥 니트 [블랙],https://image.msscdn.net/images/prd_img/20240830/4387116/detail_4387116_17893650080344_500.jpg,False
2025-01,A,001,상의,,,17,4345043,thisisneverthat,디스이즈네버댓,T-Logo Hoodie Heather Grey,https://image.msscdn.net/images/goods_img/20240820/4345043/4345043_17248088394803_500.jpg,False
2025-01,A,001,상의,,,18,3533480,ezkaton,에즈카톤,스페이스 헤비코튼 후드 버건디 KMHD6723,https://image.msscdn.net/images/goods_img/20230906/3533480/3533480_16939610292721_500.jpg,False
2025-01,A,001,상의,,,19,3017681,tleyoung,틀영,올데이 스트라이프 셔츠_Gray,https://image.msscdn.net/images/goods_img/20230110/3017681/3017681_17206913946336_500.jpg,False
2025-01,A,001,상의,,,20,4342389,ghostrepublic,고스트리퍼블릭,심볼 로고 트랙 폴로 맨투맨 GMT-156,https://image.msscdn.net/images/goods_img/20240819/4342389/4342389_17847048024420_500.jpg,False
2025-01,A,001,상의,,,21,4265248,anotherarchive,어나더 아카이브,그래피티 로고 후드티_네이비,https://image.msscdn.net/images/goods_img/20240722/4265248/4265248_17243380383879_500.jpg,False
2025-01,A,001,상의,,,22,3791891,filluminate,필루미네이트,오버핏 포레스트 체크 셔츠-블랙,https://image.msscdn.net/images/goods_img/20240112/3791891/3791891_17901256505525_500.jpg,False
2025-01,A,001,상의,,,23,4584153,nodu,노드유,소프트 헨리넥 라운드 긴팔 니트 [블랙],https://image.msscdn.net/images/goods_img/20241104/4584153/4584153_17306774298955_500.jpg,False
2025-01,A,001,상의,,,24,4328686,trillion,트릴리온,헤어리 그래픽 로고 오버핏 자카드 니트 (BLUE),https://image.msscdn.net/images/goods_img/20240814/4328686/4328686_17249552459456_500.jpg,False
2025-01,A,001,상의,,,25,1558847,suare,수아레,하프 터틀넥 니트 세트,https://image.msscdn.net/images/goods_img/20200821/1558847/1558847_17303488335987_500.jpg,False
2025-01,A,001,상의,,,26,4440029,amesworldwide,아메스 월드와이드,BIG TYPO HOODIE GREY,https://image.msscdn.net/images/goods_img/20240913/4440029/4440029_17623208002122_500.jpg,False
2025-01,A,001,상의,,,27,854337,musinsastandard,무신사 스탠다드,릴렉스 핏 옥스포드 셔츠 [화이트],https://image.msscdn.net/images/goods_img/20180910/854337/854337_17829584758706_500.jpg,False
2025-01,A,001,상의,,,28,3495320,suare,수아레,[SET] 스테디 니트 세트,https://image.msscdn.net/images/goods_img/20230824/3495320/3495320_17169653059246_500.jpg,False
2025-01,A,001,상의,,,29,2990274,1989standard,1989스탠다드,SMALL CENTER 맨투맨 (STMSTD-0015),https://image.msscdn.net/images/goods_img/20221220/2990274/2990274_17865180516439_500.jpg,False
2025-01,A,001,상의,,,30,4227437,standarderror,스탠다드에러,87-STAN081 원포켓 빈티지 오버핏 긴팔 체크 셔츠 네이비,https://image.msscdn.net/images/goods_img/20240702/4227437/4227437_17738154996351_500.jpg,False
2025-01,A,001005,맨투맨/스웨트,001,상의,1,1582356,sovermentwithlomort,소버먼트,980G 피그먼트 맨투맨-챠콜-,https://image.msscdn.net/images/goods_img/20200903/1582356/1582356_1_500.jpg,False
2025-01,A,001005,맨투맨/스웨트,001,상의,2,4342389,ghostrepublic,고스트리퍼블릭,심볼 로고 트랙 폴로 맨투맨 GMT-156,https://image.msscdn.net/images/goods_img/20240819/4342389/4342389_17847048024420_500.jpg,False
2025-01,A,001005,맨투맨/스웨트,001,상의,3,2990274,1989standard,1989스탠다드,SMALL CENTER 맨투맨 (STMSTD-0015),https://image.msscdn.net/images/goods_img/20221220/2990274/2990274_17865180516439_500.jpg,False
2025-01,A,001005,맨투맨/스웨트,001,상의,4,2698075,prendafromplant,프렌다,PDC UNIFORM CREWNECK SWEATSHIRT GRAY,https://image.msscdn.net/images/goods_img/20220804/2698075/2698075_16764200147379_500.jpg,False
2025-01,A,001005,맨투맨/스웨트,001,상의,5,2698077,prendafromplant,프렌다,PDC UNIFORM CREWNECK SWEATSHIRT NAVY,https://image.msscdn.net/images/goods_img/20220804/2698077/2698077_16775662178200_500.jpg,False
2025-01,A,001005,맨투맨/스웨트,001,상의,6,3475395,wednesdayoasis,웬즈데이오아시스,[기모버전추가]시그니처 오버핏 맨투맨 6COLOR,https://image.msscdn.net/images/goods_img/20230818/3475395/3475395_17726028146723_500.jpg,False
2025-01,A,001005,맨투맨/스웨트,001,상의,7,4421630,maninstore,무드인사이드,피그먼트 헤비 스웨트 맨투맨_6Color,https://image.msscdn.net/images/goods_img/20240909/4421630/4421630_17635318185472_500.jpg,False
2025-01,A,001005,맨투맨/스웨트,001,상의,8,1642887,musinsastandard,무신사 스탠다드,헤비웨이트 오버사이즈 스웨트셔츠 [블랙],https://image.msscdn.net/images/goods_img/20201012/1642887/1642887_16941344654704_500.jpg,False
2025-01,A,001005,맨투맨/스웨트,001,상의,9,2321863,urbandtype,어반디타입,LT431_러닝클럽 럭비 맨투맨_네이비,https://image.msscdn.net/images/goods_img/20220124/2321863/2321863_17412290878675_500.jpg,False
2025-01,A,001005,맨투맨/스웨트,001,상의,10,1817394,travel,트래블,[3-PACK]베이직 트래블러 피그먼트 스웨트셔츠,https://image.msscdn.net/images/goods_img/20210226/1817394/1817394_17152436181527_500.jpg,False
2025-01,A,001005,맨투맨/스웨트,001,상의,11,947067,musinsastandard,무신사 스탠다드,스웨트셔츠 [블랙],https://image.msscdn.net/images/goods_img/20190201/947067/947067_17641181220326_500.jpg,False
2025-01,A,001005,맨투맨/스웨트,001,상의,12,2837460,prendafromplant,프렌다,STAR PDC UNIFORM SWEATSHIRT NAVY,https://image.msscdn.net/images/goods_img/20221004/2837460/2837460_1_500.jpg,False
2025-01,A,001005,맨투맨/스웨트,001,상의,13,4614124,brenson,브렌슨,B. 코듀로이 니트 루즈핏 맨투맨 ( 3Color ),https://image.msscdn.net/images/goods_img/20241114/4614124/4614124_17616135107795_500.jpg,False
2025-01,A,001005,맨투맨/스웨트,001,상의,14,4265255,teket,테켓,Plan Half Zip-Up Sweatshirt Navy,https://image.msscdn.net/images/goods_img/20240722/4265255/4265255_17871266700824_500.jpg,False
2025-01,A,001005,맨투맨/스웨트,001,상의,15,4424539,notonlyfortoday,낫온리포투데이,NOFT 패치워크 맨투맨 [네이비],https://image.msscdn.net/images/goods_img/20240910/4424539/4424539_17884871132689_500.jpg,False
2025-01,A,001005,맨투맨/스웨트,001,상의,16,3725600,macasite,마카사이트,Arch logo Sweat Shirt_8 COLOR,https://image.msscdn.net/images/goods_img/20231121/3725600/3725600_17005325792107_500.jpg,False
2025-01,A,001005,맨투맨/스웨트,001,상의,17,2970542,slowacid,슬로우애시드,피치스킨 러스티 로고 스웨트셔츠 [웜그레이],https://image.msscdn.net/images/goods_img/20221202/2970542/2970542_17670717045336_500.jpg,False
2025-01,A,001005,맨투맨/스웨트,001,상의,18,1336836,brenson,브렌슨,(Renew Ver.) 루즈핏 스웨트 셔츠 ( 9Color ) ( 기모선택 ),https://image.msscdn.net/images/goods_img/20200305/1336836/1336836_17297329205750_500.jpg,False
2025-01,A,001005,맨투맨/스웨트,001,상의,19,4265253,teket,테켓,Plan Half Zip-Up Sweatshirt Black,https://image.msscdn.net/images/goods_img/20240722/4265253/4265253_17871267562594_500.jpg,False
2025-01,A,001005,맨투맨/스웨트,001,상의,20,2837453,prendafromplant,프렌다,COMBINATION COOL TO WORK SWEATSHIRT HEATHER GRAY,https://image.msscdn.net/images/goods_img/20221004/2837453/2837453_1_500.jpg,False
2025-01,A,001005,맨투맨/스웨트,001,상의,21,2970541,slowacid,슬로우애시드,피치스킨 러스티 로고 스웨트셔츠 [블랙],https://image.msscdn.net/images/goods_img/20221202/2970541/2970541_17253267722324_500.jpg,False
2025-01,A,001005,맨투맨/스웨트,001,상의,22,2705740,musinsastandard,무신사 스탠다드,오버사이즈 스웨트셔츠 [블랙],https://image.msscdn.net/images/goods_img/20220809/2705740/2705740_17530785398802_500.jpg,False
2025-01,A,001005,맨투맨/스웨트,001,상의,23,4434856,wildrock,와일드락,와일드 락 앤 롤  맨투맨_블랙,https://image.msscdn.net/images/goods_img/20240912/4434856/4434856_17340639977073_500.png,False
2025-01,A,001005,맨투맨/스웨트,001,상의,24,2698072,prendafromplant,프렌다,COMBINATION DENIM PATCH RAGLAN SWEATSHIRT NAVY,https://image.msscdn.net/images/goods_img/20220804/2698072/2698072_1_500.jpg,False
2025-01,A,001005,맨투맨/스웨트,001,상의,25,3948632,mucent,무센트,빅 로고 루즈핏 롱슬리브 맨투맨 (3컬러),https://image.msscdn.net/images/goods_img/20240313/3948632/3948632_17300845807043_500.jpg,False
2025-01,A,001005,맨투맨/스웨트,001,상의,26,4319472,mozmoz,모즈모즈,헤비 웨이트 피그먼트 나그랑 뒷절개 오버핏 맨투맨 챠콜,https://image.msscdn.net/images/goods_img/20240812/4319472/4319472_17316400858482_500.jpg,False
2025-01,A,001005,맨투맨/스웨트,001,상의,27,3444706,brownbreath,브라운브레스,TAG CREWNECK - BLACK,https://image.msscdn.net/images/goods_img/20230804/3444706/3444706_17231911605372_500.jpg,False
2025-01,A,001005,맨투맨/스웨트,001,상의,28,3546288,ecorr,이코르,클로버  자수 스웨트셔츠_네이비,https://image.msscdn.net/images/goods_img/20230908/3546288/3546288_17896087500039_500.jpg,False
2025-01,A,001005,맨투맨/스웨트,001,상의,29,4307540,marithefrancoisgirbaud,마리떼 프랑소와 저버,W CLASSIC LOGO CROP SWEATSHIRT light heather gray,https://image.msscdn.net/images/goods_img/20240808/4307540/4307540_17255336495462_500.jpg,False
2025-01,A,001005,맨투맨/스웨트,001,상의,30,4361219,sovermentwithlomort,소버먼트,980G 피그먼트 맨투맨-워시드 블랙-,https://image.msscdn.net/images/goods_img/20240822/4361219/4361219_17250157063550_500.jpg,False
2025-01,A,001004,후드 티셔츠,001,상의,1,4302685,sorano,소라노,SORANO Basic Logo HOODIE [4Color],https://image.msscdn.net/images/goods_img/20240807/4302685/4302685_17229675684379_500.jpg,False
2025-01,A,001004,후드 티셔츠,001,상의,2,2990516,1989standard,1989스탠다드,RV_OUR 1989 후드 (STHSTD-0004),https://image.msscdn.net/images/goods_img/20221220/2990516/2990516_17865211299718_500.jpg,False
2025-01,A,001004,후드 티셔츠,001,상의,3,2722805,brownbreath,브라운브레스,TAG OG HOODIE - BURGUNDY,https://image.msscdn.net/images/goods_img/20220817/2722805/2722805_17685233788556_500.jpg,False
2025-01,A,001004,후드 티셔츠,001,상의,4,4345043,thisisneverthat,디스이즈네버댓,T-Logo Hoodie Heather Grey,https://image.msscdn.net/images/goods_img/20240820/4345043/4345043_17248088394803_500.jpg,False
2025-01,A,001004,후드 티셔츠,001,상의,5,3533480,ezkaton,에즈카톤,스페이스 헤비코튼 후드 버건디 KMHD6723,https://image.msscdn.net/images/goods_img/20230906/3533480/3533480_16939610292721_500.jpg,False
2025-01,A,001004,후드 티셔츠,001,상의,6,4265248,anotherarchive,어나더 아카이브,그래피티 로고 후드티_네이비,https://image.msscdn.net/images/goods_img/20240722/4265248/4265248_17243380383879_500.jpg,False
2025-01,A,001004,후드 티셔츠,001,상의,7,4440029,amesworldwide,아메스 월드와이드,BIG TYPO HOODIE GREY,https://image.msscdn.net/images/goods_img/20240913/4440029/4440029_17623208002122_500.jpg,False
2025-01,A,001004,후드 티셔츠,001,상의,8,2314616,toffee,토피,에센셜 후드 스웻 셔츠 (MELANGE GREY),https://image.msscdn.net/images/goods_img/20220119/2314616/2314616_1_500.jpg,False
2025-01,A,001004,후드 티셔츠,001,상의,9,2990463,1989standard,1989스탠다드,SMALL CENTER 후드 (STHSTD-0015),https://image.msscdn.net/images/goods_img/20221220/2990463/2990463_17865217728190_500.jpg,False
2025-01,A,001004,후드 티셔츠,001,상의,10,1615829,jemut,제멋,로그 오버핏 기모 후드 그레이 YHHD2302,https://image.msscdn.net/images/goods_img/20200922/1615829/1615829_1_500.jpg,False
2025-01,A,001004,후드 티셔츠,001,상의,11,2058188,brownbreath,브라운브레스,TAG OG HOODIE - BLACK,https://image.msscdn.net/images/goods_img/20210811/2058188/2058188_17685234537443_500.jpg,False
2025-01,A,001004,후드 티셔츠,001,상의,12,4353527,primate,프라임에이트,[기모/NO기모] ANGELDEM 오버핏 후드 티셔츠 6 COLORS,https://image.msscdn.net/images/goods_img/20240821/4353527/4353527_17250031813514_500.jpg,False
2025-01,A,001004,후드 티셔츠,001,상의,13,4345038,thisisneverthat,디스이즈네버댓,T-Logo Hoodie Navy,https://image.msscdn.net/images/goods_img/20240820/4345038/4345038_17248090725805_500.jpg,False
2025-01,A,001004,후드 티셔츠,001,상의,14,4394773,brownbreath,브라운브레스,TAG HOODIE - ASH,https://image.msscdn.net/images/goods_img/20240902/4394773/4394773_17259503021564_500.jpg,False
2025-01,A,001004,후드 티셔츠,001,상의,15,2302738,brownbreath,브라운브레스,TAG OG HOODIE - NAVY,https://image.msscdn.net/images/goods_img/20220112/2302738/2302738_17685234128085_500.jpg,False
2025-01,A,001004,후드 티셔츠,001,상의,16,4421709,maninstore,무드인사이드,피그먼트 헤비 스웨트 후디_Charcoal,https://image.msscdn.net/images/goods_img/20240909/4421709/4421709_17635338959447_500.jpg,False
2025-01,A,001004,후드 티셔츠,001,상의,17,4285379,thecoldestmoment,더콜디스트모먼트,TCM rag hoodie (black),https://image.msscdn.net/images/goods_img/20240731/4285379/4285379_17233461476822_500.jpg,False
2025-01,A,001004,후드 티셔츠,001,상의,18,2105452,sovermentwithlomort,소버먼트,980G 피그먼트 컷 후드-차콜-,https://image.msscdn.net/images/goods_img/20210902/2105452/2105452_17243903059688_500.jpg,False
2025-01,A,001004,후드 티셔츠,001,상의,19,4311874,amesworldwide,아메스 월드와이드,BIG TYPO HOODIE KHAKI,https://image.msscdn.net/images/goods_img/20240808/4311874/4311874_17893593193694_500.jpg,False
2025-01,A,001004,후드 티셔츠,001,상의,20,4397049,maisonmined,메종미네드,[5COLOR] DOODLE HEART HOODIE,https://image.msscdn.net/images/goods_img/20240903/4397049/4397049_17900410843841_500.jpg,False
2025-01,A,001004,후드 티셔츠,001,상의,21,4345042,thisisneverthat,디스이즈네버댓,T-Logo Hoodie Black,https://image.msscdn.net/images/goods_img/20240820/4345042/4345042_17248088811417_500.jpg,False
2025-01,A,001004,후드 티셔츠,001,상의,22,4440027,amesworldwide,아메스 월드와이드,BIG TYPO HOODIE BLACK,https://image.msscdn.net/images/goods_img/20240913/4440027/4440027_17893592819525_500.jpg,False
2025-01,A,001004,후드 티셔츠,001,상의,23,4326536,dimitriblack,디미트리블랙,VLAD 컷오프 아플리케 후드 티셔츠_차콜,https://image.msscdn.net/images/goods_img/20240813/4326536/4326536_17514416403147_500.jpg,False
2025-01,A,001004,후드 티셔츠,001,상의,24,4375688,rebrenner,리브레너,DTF 스탠다드 유니버시티스웨츠 후디 블랙 화이트,https://image.msscdn.net/images/goods_img/20240827/4375688/4375688_17247432246843_500.jpg,False
2025-01,A,001004,후드 티셔츠,001,상의,25,2759813,saintpain,세인트페인,SP 팀 로고 후드-멜란지 그레이,https://image.msscdn.net/images/goods_img/20220831/2759813/2759813_1_500.jpg,False
2025-01,A,001004,후드 티셔츠,001,상의,26,2995119,trillion,트릴리온,컬러 배색 1992 그래픽 후드 (NAVY),https://image.msscdn.net/images/goods_img/20221223/2995119/2995119_1_500.jpg,False
2025-01,A,001004,후드 티셔츠,001,상의,27,3463298,yale,예일,투톤아치 후드_그레이,https://image.msscdn.net/images/goods_img/20230814/3463298/3463298_17362154315362_500.jpg,False
2025-01,A,001004,후드 티셔츠,001,상의,28,2990438,1989standard,1989스탠다드,1989 자수 후드 (STHSTD-0025),https://image.msscdn.net/images/goods_img/20221220/2990438/2990438_16928435614109_500.jpg,False
2025-01,A,001004,후드 티셔츠,001,상의,29,3026606,filluminate,필루미네이트,오버핏 그래피티 로고 후디-오트밀,https://image.msscdn.net/images/goods_img/20230116/3026606/3026606_16740279087820_500.jpg,False
2025-01,A,001004,후드 티셔츠,001,상의,30,4265193,anotherarchive,어나더 아카이브,그래피티 로고 후드티_그레이,https://image.msscdn.net/images/goods_img/20240722/4265193/4265193_17243382854984_500.jpg,False
2025-01,A,001002,셔츠/블라우스,001,상의,1,994588,filluminate,필루미네이트,옵티멀 베이직 셔츠-화이트[린넨＆옥스포드 선택],https://image.msscdn.net/images/goods_img/20190326/994588/994588_17878791359967_500.jpg,False
2025-01,A,001002,셔츠/블라우스,001,상의,2,4711529,seez,시즈,[데일리룸 X 시즈] 오디너리 크롭 스트라이프 셔츠 [WHITE] 단품/SET,https://image.msscdn.net/images/goods_img/20250110/4711529/4711529_17727599688374_500.jpg,False
2025-01,A,001002,셔츠/블라우스,001,상의,3,3017681,tleyoung,틀영,올데이 스트라이프 셔츠_Gray,https://image.msscdn.net/images/goods_img/20230110/3017681/3017681_17206913946336_500.jpg,False
2025-01,A,001002,셔츠/블라우스,001,상의,4,3791891,filluminate,필루미네이트,오버핏 포레스트 체크 셔츠-블랙,https://image.msscdn.net/images/goods_img/20240112/3791891/3791891_17901256505525_500.jpg,False
2025-01,A,001002,셔츠/블라우스,001,상의,5,854337,musinsastandard,무신사 스탠다드,릴렉스 핏 옥스포드 셔츠 [화이트],https://image.msscdn.net/images/goods_img/20180910/854337/854337_17829584758706_500.jpg,False
2025-01,A,001002,셔츠/블라우스,001,상의,6,4227437,standarderror,스탠다드에러,87-STAN081 원포켓 빈티지 오버핏 긴팔 체크 셔츠 네이비,https://image.msscdn.net/images/goods_img/20240702/4227437/4227437_17738154996351_500.jpg,False
2025-01,A,001002,셔츠/블라우스,001,상의,7,983339,musinsastandard,무신사 스탠다드,베이식 드레스 셔츠 [화이트],https://image.msscdn.net/images/goods_img/20190315/983339/983339_17833270978891_500.jpg,False
2025-01,A,001002,셔츠/블라우스,001,상의,8,4306299,bronson,브론슨,Blue Chambray Work Shirt KR Ver.,https://image.msscdn.net/images/goods_img/20240807/4306299/4306299_17737170274339_500.jpg,False
2025-01,A,001002,셔츠/블라우스,001,상의,9,4300929,travel,트래블,스프레이 체크 셔츠 베이지,https://image.msscdn.net/images/goods_img/20240806/4300929/4300929_17726763334815_500.jpg,False
2025-01,A,001002,셔츠/블라우스,001,상의,10,4227441,standarderror,스탠다드에러,87-STAN083 레트로 플레이드 오버핏 포켓 긴팔 체크 셔츠 딥블루,https://image.msscdn.net/images/goods_img/20240702/4227441/4227441_17738156721895_500.jpg,False
2025-01,A,001002,셔츠/블라우스,001,상의,11,4425073,takeasy,테이크이지,빈티지 오버 듀플린 체크 셔츠 (차콜),https://image.msscdn.net/images/goods_img/20240910/4425073/4425073_17273390280319_500.jpg,False
2025-01,A,001002,셔츠/블라우스,001,상의,12,2406919,poloralphlauren,폴로 랄프 로렌,[White Collection] 커스텀핏 클래식 옥스포드 셔츠  - 화이트,https://image.msscdn.net/images/goods_img/20220308/2406919/2406919_4_500.jpg,False
2025-01,A,001002,셔츠/블라우스,001,상의,13,3562068,unionblue,유니온블루,KENSINGTON SHIRT,https://image.msscdn.net/images/goods_img/20230914/3562068/3562068_17150586229620_500.jpg,False
2025-01,A,001002,셔츠/블라우스,001,상의,14,1574264,takeasy,테이크이지,시티 스트라이프 오버 셔츠(시티블랙),https://image.msscdn.net/images/goods_img/20200901/1574264/1574264_1_500.jpg,False
2025-01,A,001002,셔츠/블라우스,001,상의,15,4312912,poloralphlauren,폴로 랄프 로렌,[YACHT CLUB]샴브레이 롱슬리브 셔츠-블루,https://image.msscdn.net/images/goods_img/20240809/4312912/4312912_17252679649553_500.jpg,False
2025-01,A,001002,셔츠/블라우스,001,상의,16,3877565,poloralphlauren,폴로 랄프 로렌,[Crest Capsule] 커스텀핏 옥스포드 셔츠 - 블루,https://image.msscdn.net/images/goods_img/20240216/3877565/3877565_17097141601891_500.jpg,False
2025-01,A,001002,셔츠/블라우스,001,상의,17,3858282,tleyoung,틀영,[넥타이 SET] 올데이 스트라이프 셔츠_Gray,https://image.msscdn.net/images/goods_img/20240208/3858282/3858282_17073661185898_500.jpg,False
2025-01,A,001002,셔츠/블라우스,001,상의,18,4711530,seez,시즈,[데일리룸 X 시즈] 멀티 레일 크롭 스트라이프 셔츠 [WHITE] 단품/SET,https://image.msscdn.net/images/goods_img/20250110/4711530/4711530_17727600910377_500.jpg,False
2025-01,A,001002,셔츠/블라우스,001,상의,19,3758301,musinsastandard,무신사 스탠다드,릴렉스드 워시드 포플린 셔츠 [화이트],https://image.msscdn.net/images/goods_img/20231215/3758301/3758301_17113286333350_500.jpg,False
2025-01,A,001002,셔츠/블라우스,001,상의,20,2305840,thomasmore,토마스모어,TE5-SH08 프렌치 스트라이프 셔츠-네이비,https://image.msscdn.net/images/goods_img/20220113/2305840/2305840_2_500.jpg,False
2025-01,A,001002,셔츠/블라우스,001,상의,21,1875849,musinsastandard,무신사 스탠다드,링클프리 드레스 셔츠 [화이트],https://image.msscdn.net/images/goods_img/20210401/1875849/1875849_3_500.jpg,False
2025-01,A,001002,셔츠/블라우스,001,상의,22,2065703,unionblue,유니온블루,LAUNDRY SHIRT (WHITE),https://image.msscdn.net/images/goods_img/20210817/2065703/2065703_2_500.jpg,False
2025-01,A,001002,셔츠/블라우스,001,상의,23,3856743,untapped,언탭트 스튜디오,[여름 라이크린넨 추가]시티보이 빅 오버핏 빅사이즈 옥스포드 셔츠 8COLOR,https://image.msscdn.net/images/goods_img/20240207/3856743/3856743_17177615485090_500.jpg,False
2025-01,A,001002,셔츠/블라우스,001,상의,24,2085005,citybreeze,시티브리즈,링클 프리 베이직 셔츠_19COLORS,https://image.msscdn.net/images/prd_img/20210824/2085005/detail_2085005_17524690165032_500.jpg,False
2025-01,A,001002,셔츠/블라우스,001,상의,25,1498105,poloralphlauren,폴로 랄프 로렌,커스텀핏 데님 셔츠 - 블루,https://image.msscdn.net/images/goods_img/20200626/1498105/1498105_2_500.jpg,False
2025-01,A,001002,셔츠/블라우스,001,상의,26,4313380,fabregat,파브레가,로렌 스트라이프 셔츠 (화이트),https://image.msscdn.net/images/goods_img/20240809/4313380/4313380_17234425841214_500.jpg,False
2025-01,A,001002,셔츠/블라우스,001,상의,27,728000,musinsastandard,무신사 스탠다드,베이식 옥스포드 셔츠 [화이트],https://image.msscdn.net/images/goods_img/20180305/728000/728000_17286256542856_500.jpg,False
2025-01,A,001002,셔츠/블라우스,001,상의,28,4092496,unionblue,유니온블루,EDITOR STRIPE SHIRT [BLACK],https://image.msscdn.net/images/goods_img/20240429/4092496/4092496_17787405239632_500.jpg,False
2025-01,A,001002,셔츠/블라우스,001,상의,29,4279928,nomanual,노매뉴얼,O.D CHECK SHIRT - BLACK,https://image.msscdn.net/images/goods_img/20240729/4279928/4279928_17231774529256_500.jpg,False
2025-01,A,001002,셔츠/블라우스,001,상의,30,4186471,huke,후크,빈티지 워싱 브라운  체크셔츠,https://image.msscdn.net/images/goods_img/20240610/4186471/4186471_17179929320187_500.jpg,False
2025-01,A,001010,긴소매 티셔츠,001,상의,1,2149254,musinsastandard,무신사 스탠다드,베이식 긴팔 티셔츠 2팩,https://image.msscdn.net/images/goods_img/20210928/2149254/2149254_17138588137724_500.jpg,False
2025-01,A,001010,긴소매 티셔츠,001,상의,2,3625615,rockcake,락케이크,Funk Mesh Top - Black,https://image.msscdn.net/images/goods_img/20231013/3625615/3625615_17168719123899_500.jpg,False
2025-01,A,001010,긴소매 티셔츠,001,상의,3,4265140,teket,테켓,Doorbell L/S Tee Melange Gray,https://image.msscdn.net/images/goods_img/20240722/4265140/4265140_17237780907130_500.jpg,False
2025-01,A,001010,긴소매 티셔츠,001,상의,4,4441399,flareup,플레어업,Layered Lace Frill Long Sleeve (FL-137_Gray),https://image.msscdn.net/images/goods_img/20240915/4441399/4441399_17642044776803_500.jpg,False
2025-01,A,001010,긴소매 티셔츠,001,상의,5,404474,brenson,브렌슨,(Renew Ver.) 베이직 긴팔티셔츠 4종 ( 5Color ),https://image.msscdn.net/images/goods_img/20160902/404474/404474_17896942545657_500.jpg,False
2025-01,A,001010,긴소매 티셔츠,001,상의,6,3921829,brownbreath,브라운브레스,PAISLEY TAG LONGSLEEVE - WHITE,https://image.msscdn.net/images/goods_img/20240305/3921829/3921829_17605793893397_500.jpg,False
2025-01,A,001010,긴소매 티셔츠,001,상의,7,2081571,bronson,브론슨,Vintage Long Sleeve Henley Shirt Black,https://image.msscdn.net/images/goods_img/20210823/2081571/2081571_17737267731808_500.jpg,False
2025-01,A,001010,긴소매 티셔츠,001,상의,8,3481226,musinsastandard,무신사 스탠다드,[힛탠다드] 크루 넥 긴팔 티셔츠 [화이트],https://image.msscdn.net/images/goods_img/20230821/3481226/3481226_17530885489121_500.jpg,False
2025-01,A,001010,긴소매 티셔츠,001,상의,9,4567942,ronron,론론,FRILL SHIRRING LONG SLEEVE T SHIRT WHITE,https://image.msscdn.net/images/goods_img/20241029/4567942/4567942_17696675673709_500.jpg,False
2025-01,A,001010,긴소매 티셔츠,001,상의,10,4501837,rense,렌세,Frill Layered Long Sleeve Black,https://image.msscdn.net/images/goods_img/20241010/4501837/4501837_17292288250639_500.jpg,False
2025-01,A,001010,긴소매 티셔츠,001,상의,11,1248490,bronson,브론슨,Vintage Long Sleeve Henley Shirt White,https://image.msscdn.net/images/goods_img/20191210/1248490/1248490_17737268855625_500.jpg,False
2025-01,A,001010,긴소매 티셔츠,001,상의,12,4573789,placestudio,플레이스 스튜디오,골지 더블 레이어드 홀터넥 슬림 롱 슬리브리스 긴소매 티셔츠 [그레이],https://image.msscdn.net/images/goods_img/20241030/4573789/4573789_17306847254764_500.jpg,False
2025-01,A,001010,긴소매 티셔츠,001,상의,13,4334571,escapefrom,이스케이프프롬,레드 ESCF 로고 콜라주 프린트 롱슬리브 화이트,https://image.msscdn.net/images/goods_img/20240816/4334571/4334571_17300992130893_500.jpg,False
2025-01,A,001010,긴소매 티셔츠,001,상의,14,4335481,wondervisitor,원더비지터,Girls-PEN Raglan LS-T [Melange grey],https://image.msscdn.net/images/goods_img/20240816/4335481/4335481_17246346651787_500.jpg,False
2025-01,A,001010,긴소매 티셔츠,001,상의,15,4265181,teket,테켓,Plan L/S Tee White,https://image.msscdn.net/images/goods_img/20240722/4265181/4265181_17871239896515_500.jpg,False
2025-01,A,001010,긴소매 티셔츠,001,상의,16,3874367,jeep,지프,[2PACK] 16수 싱글 에어그램 롱슬리브 티셔츠 (JQ5TSU754BK),https://image.msscdn.net/images/prd_img/20240215/3874367/detail_3874367_17834737247478_500.jpg,False
2025-01,A,001010,긴소매 티셔츠,001,상의,17,3361949,durt,더트,OUR DAILY LONG SLEEVE TEE (WHITE),https://image.msscdn.net/images/goods_img/20230613/3361949/3361949_17828704761589_500.jpg,False
2025-01,A,001010,긴소매 티셔츠,001,상의,18,3417709,musinsastandardwoman,무신사 스탠다드 우먼,우먼즈 슬림 크루 넥 긴소매 티셔츠 [화이트],https://image.msscdn.net/images/goods_img/20230720/3417709/3417709_16964869253825_500.jpg,False
2025-01,A,001010,긴소매 티셔츠,001,상의,19,4349548,jeleve,제이엘브,심볼 로고 풋볼 저지,https://image.msscdn.net/images/goods_img/20240820/4349548/4349548_17242015035083_500.jpg,False
2025-01,A,001010,긴소매 티셔츠,001,상의,20,3050501,jeleve,제이엘브,[2PACK] 루즈핏 롱슬리브,https://image.msscdn.net/images/goods_img/20230131/3050501/3050501_17876305136732_500.jpg,False
2025-01,A,001010,긴소매 티셔츠,001,상의,21,3481227,musinsastandard,무신사 스탠다드,[힛탠다드] 크루 넥 긴팔 티셔츠 [블랙],https://image.msscdn.net/images/goods_img/20230821/3481227/3481227_17530885798889_500.jpg,False
2025-01,A,001010,긴소매 티셔츠,001,상의,22,1144989,musinsastandard,무신사 스탠다드,베이식 긴팔 티셔츠 [화이트],https://image.msscdn.net/images/goods_img/20190905/1144989/1144989_17509081256971_500.jpg,False
2025-01,A,001010,긴소매 티셔츠,001,상의,23,4409741,mucent,무센트,엠마 브이넥 스트라이프 롱 슬리브 티셔츠 (2컬러),https://image.msscdn.net/images/goods_img/20240905/4409741/4409741_17630891647377_500.jpg,False
2025-01,A,001010,긴소매 티셔츠,001,상의,24,4348641,thecoldestmoment,더콜디스트모먼트,TCM mini logo stripe long sleeve (sky blue/charcoal),https://image.msscdn.net/images/goods_img/20240820/4348641/4348641_17254109815864_500.jpg,False
2025-01,A,001010,긴소매 티셔츠,001,상의,25,4501834,rense,렌세,Frill Layered Long Sleeve Melange Gray,https://image.msscdn.net/images/goods_img/20241010/4501834/4501834_17292288034641_500.jpg,False
2025-01,A,001010,긴소매 티셔츠,001,상의,26,4355520,juanhomme,주앙옴므,헨리넥 롱 슬리브 티셔츠 (블랙),https://image.msscdn.net/images/goods_img/20240821/4355520/4355520_17248080231327_500.jpg,False
2025-01,A,001010,긴소매 티셔츠,001,상의,27,4322503,rockcake,락케이크,Funk Mesh Top - Ivory,https://image.msscdn.net/images/goods_img/20240812/4322503/4322503_17350227481324_500.jpg,False
2025-01,A,001010,긴소매 티셔츠,001,상의,28,4457093,illio,일리오,Black leopard cross necklace top,https://image.msscdn.net/images/goods_img/20240924/4457093/4457093_17272505741967_500.jpg,False
2025-01,A,001010,긴소매 티셔츠,001,상의,29,4457092,illio,일리오,White leopard cross necklace top,https://image.msscdn.net/images/goods_img/20240924/4457092/4457092_17272505717725_500.jpg,False
2025-01,A,001010,긴소매 티셔츠,001,상의,30,3005822,brownbreath,브라운브레스,TAG OG LONGSLEEVE - WHITE,https://image.msscdn.net/images/goods_img/20230104/3005822/3005822_17392559844752_500.jpg,False
2025-01,A,001001,반소매 티셔츠,001,상의,1,2086653,musinsastandard,무신사 스탠다드,레이어드 크루 넥 반팔 티셔츠_일반 기장 [화이트],https://image.msscdn.net/images/goods_img/20210825/2086653/2086653_17772494800708_500.jpg,False
2025-01,A,001001,반소매 티셔츠,001,상의,2,2122566,musinsastandard,무신사 스탠다드,레이어드 크루 넥 반팔 티셔츠_일반 기장 2팩,https://image.msscdn.net/images/goods_img/20210910/2122566/2122566_17133406834875_500.jpg,False
2025-01,A,001001,반소매 티셔츠,001,상의,3,3223007,brenson,브렌슨,( 2PACK ) 퓨어코튼 레이어드 체인 반팔티,https://image.msscdn.net/images/goods_img/20230411/3223007/3223007_17152355484963_500.jpg,False
2025-01,A,001001,반소매 티셔츠,001,상의,4,996177,musinsastandard,무신사 스탠다드,릴렉스 핏 크루 넥 반팔 티셔츠 [화이트],https://image.msscdn.net/images/goods_img/20190327/996177/996177_17845258066104_500.jpg,False
2025-01,A,001001,반소매 티셔츠,001,상의,5,2690691,hugvone,허그본,무지 머슬핏 반팔 5컬러,https://image.msscdn.net/images/goods_img/20220801/2690691/2690691_17090175122341_500.jpg,False
2025-01,A,001001,반소매 티셔츠,001,상의,6,2034137,musinsastandard,무신사 스탠다드,릴렉스 핏 크루 넥 반팔 티셔츠 2팩,https://image.msscdn.net/images/goods_img/20210719/2034137/2034137_17821170123912_500.jpg,False
2025-01,A,001001,반소매 티셔츠,001,상의,7,3286918,marithefrancoisgirbaud,마리떼 프랑소와 저버,3PACK SMALL REGULAR LOGO TEE mix,https://image.msscdn.net/images/goods_img/20230510/3286918/3286918_17424357770496_500.jpg,False
2025-01,A,001001,반소매 티셔츠,001,상의,8,4562794,palap,팔랩,면 30수 3팩 레이어드 롱기장 반팔티셔츠_PL23Z0TS002,https://image.msscdn.net/images/goods_img/20241028/4562794/4562794_17300782062367_500.jpg,False
2025-01,A,001001,반소매 티셔츠,001,상의,9,3158061,hadex,에이치덱스,[2pack] 메인 스몰 로고 에어 머슬핏 숏 슬리브,https://image.msscdn.net/images/goods_img/20230317/3158061/3158061_17581635208529_500.jpg,False
2025-01,A,001001,반소매 티셔츠,001,상의,10,1685307,mindbridge,마인드브릿지,[3팩]고밀도순면기본반팔티셔츠  MATS0101,https://image.msscdn.net/images/goods_img/20201110/1685307/1685307_17247259744795_500.jpg,False
2025-01,A,001001,반소매 티셔츠,001,상의,11,3773867,covernat,커버낫,[2PACK] 쿨 코튼 티셔츠 Black+White,https://image.msscdn.net/images/goods_img/20240103/3773867/3773867_17818426320462_500.jpg,False
2025-01,A,001001,반소매 티셔츠,001,상의,12,345889,fp142muji,페플,[2PACK] 더블코튼 무지반팔  2PACK KHST1011,https://image.msscdn.net/images/goods_img/20160429/345889/345889_17156464525677_500.jpg,False
2025-01,A,001001,반소매 티셔츠,001,상의,13,1417691,musinsastandardwoman,무신사 스탠다드 우먼,우먼즈 베이식 크루 넥 반팔 티셔츠 [화이트],https://image.msscdn.net/images/goods_img/20200423/1417691/1417691_17828975022011_500.jpg,False
2025-01,A,001001,반소매 티셔츠,001,상의,14,1838937,underarmour,언더아머,히트기어 아머 컴프레션 반팔 1361518-001,https://image.msscdn.net/images/goods_img/20210311/1838937/1838937_17225570434682_500.jpg,False
2025-01,A,001001,반소매 티셔츠,001,상의,15,3886780,hugvone,허그본,[2PACK]무지 머슬핏 반팔 5컬러,https://image.msscdn.net/images/goods_img/20240221/3886780/3886780_17701039174536_500.jpg,False
2025-01,A,001001,반소매 티셔츠,001,상의,16,3973556,untapped,언탭트 스튜디오,[3PACK]퓨어코튼 24수  롱기장 레이어드 무지 반팔 티셔츠,https://image.msscdn.net/images/goods_img/20240320/3973556/3973556_17657835585342_500.jpg,False
2025-01,A,001001,반소매 티셔츠,001,상의,17,1382658,musinsastandard,무신사 스탠다드,레이어드 크루 넥 반팔 티셔츠_긴 기장 [화이트],https://image.msscdn.net/images/goods_img/20200402/1382658/1382658_17048730367124_500.jpg,False
2025-01,A,001001,반소매 티셔츠,001,상의,18,2050094,musinsastandard,무신사 스탠다드,베이식 크루 넥 반팔 티셔츠 2팩,https://image.msscdn.net/images/goods_img/20210805/2050094/2050094_17138592561124_500.jpg,False
2025-01,A,001001,반소매 티셔츠,001,상의,19,3248278,jeleve,제이엘브,[2PACK] 루즈핏 숏슬리브,https://image.msscdn.net/images/goods_img/20230420/3248278/3248278_17392465814220_500.jpg,False
2025-01,A,001001,반소매 티셔츠,001,상의,20,2708908,basichouse,베이직하우스,[UNI] BCI순면 라운드넥 반팔3팩 LATS0110,https://image.msscdn.net/images/goods_img/20220810/2708908/2708908_17859082264270_500.png,False
2025-01,A,001001,반소매 티셔츠,001,상의,21,4333253,ronron,론론,TORCHON LACE SHIRRING LAYERED LONG T SHIRT WHITE,https://image.msscdn.net/images/goods_img/20240815/4333253/4333253_17254345826032_500.jpg,False
2025-01,A,001001,반소매 티셔츠,001,상의,22,2479911,coor,쿠어,[2PACK] 수피마 코튼 티셔츠,https://image.msscdn.net/images/goods_img/20220411/2479911/2479911_17731079454756_500.jpg,False
2025-01,A,001001,반소매 티셔츠,001,상의,23,2376224,brownbreath,브라운브레스,PAISLEY TAG TEE - WHITE,https://image.msscdn.net/images/goods_img/20220222/2376224/2376224_17065770267234_500.jpg,False
2025-01,A,001001,반소매 티셔츠,001,상의,24,2186292,printstar,프린트스타,[2PACK]5.6oz 17수 기본 무지 반팔 티셔츠 남녀공용_화이트/블랙,https://image.msscdn.net/images/goods_img/20211019/2186292/2186292_17449428631026_500.jpg,False
2025-01,A,001001,반소매 티셔츠,001,상의,25,2518417,jeep,지프,[2PACK] 190g 싱글 에어그램  반팔 티셔츠 (JQ5TSU159BK),https://image.msscdn.net/images/goods_img/20220427/2518417/2518417_17685218387430_500.jpg,False
2025-01,A,001001,반소매 티셔츠,001,상의,26,2442409,yale,예일,[16수 코마사] 2PACK SMALL ARCH T-SHIRT WHITE / BLACK,https://image.msscdn.net/images/goods_img/20220324/2442409/2442409_17424359787816_500.jpg,False
2025-01,A,001001,반소매 티셔츠,001,상의,27,4358195,ganni,가니,베이직 저지 피치 릴렉스핏 반소매 티셔츠 - 화이트 / T3529151,https://image.msscdn.net/images/goods_img/20240822/4358195/4358195_17252608910809_500.jpg,False
2025-01,A,001001,반소매 티셔츠,001,상의,28,4187013,freedomathletic,프리덤,메쉬 럭비 져지 (네이비),https://image.msscdn.net/images/goods_img/20240610/4187013/4187013_17545333456467_500.jpg,False
2025-01,A,001001,반소매 티셔츠,001,상의,29,2474511,musinsastandard,무신사 스탠다드,릴렉스 핏 크루 넥 반팔 티셔츠 2 [화이트],https://image.msscdn.net/images/goods_img/20220407/2474511/2474511_17515209370374_500.jpg,False
2025-01,A,001001,반소매 티셔츠,001,상의,30,4358194,ganni,가니,베이직 저지 체리 릴렉스핏 반소매 티셔츠 - 화이트 / T4004151,https://image.msscdn.net/images/goods_img/20240822/4358194/4358194_17255864803507_500.jpg,False
2025-01,A,001003,피케/카라 티셔츠,001,상의,1,4406512,sculptor,스컬프터,Shirring Tennis Shirt Navy/Green Stripe,https://image.msscdn.net/images/goods_img/20240904/4406512/4406512_17581619966456_500.jpg,False
2025-01,A,001003,피케/카라 티셔츠,001,상의,2,4299296,untapped,언탭트 스튜디오,시티보이 오버핏 럭비 카라 맨투맨 스웻 티셔츠 4COLOR,https://image.msscdn.net/images/goods_img/20240806/4299296/4299296_17261233960748_500.jpg,False
2025-01,A,001003,피케/카라 티셔츠,001,상의,3,4291459,ami,아미,레드 하트 로고 반소매 폴로 셔츠 - 블랙 / BFUPL001760001,https://image.msscdn.net/images/goods_img/20240802/4291459/4291459_17240538483516_500.jpg,False
2025-01,A,001003,피케/카라 티셔츠,001,상의,4,2461377,poloralphlauren,폴로 랄프 로렌,[White Collection] 커스텀 슬림핏 숏 슬리브 폴로 셔츠 - 화이트,https://image.msscdn.net/images/goods_img/20220401/2461377/2461377_2_500.jpg,False
2025-01,A,001003,피케/카라 티셔츠,001,상의,5,4312874,poloralphlauren,폴로 랄프 로렌,아이코닉 럭비 셔츠-네이비410,https://image.msscdn.net/images/goods_img/20240809/4312874/4312874_17253531160907_500.jpg,False
2025-01,A,001003,피케/카라 티셔츠,001,상의,6,4406513,sculptor,스컬프터,Shirring Tennis Shirt White/Navy Stripe,https://image.msscdn.net/images/goods_img/20240904/4406513/4406513_17581619887170_500.jpg,False
2025-01,A,001003,피케/카라 티셔츠,001,상의,7,4361494,endoor,엔도어,Vintage stripe polo shirt (Vintage gray),https://image.msscdn.net/images/goods_img/20240822/4361494/4361494_17258659703877_500.jpg,False
2025-01,A,001003,피케/카라 티셔츠,001,상의,8,3549188,havism,해비즘,OVERSIZE VELOUR V-NECK L/S TEE(GREY),https://image.msscdn.net/images/goods_img/20230911/3549188/3549188_16944107720806_500.jpg,False
2025-01,A,001003,피케/카라 티셔츠,001,상의,9,2286564,compagno,꼼파뇨,TEDDY PIQUE SWEATER NAVY,https://image.msscdn.net/images/goods_img/20211230/2286564/2286564_1_500.jpg,False
2025-01,A,001003,피케/카라 티셔츠,001,상의,10,4442100,glowny,글로니,TERRY PK LONG SLEEVE (CHARCOAL),https://image.msscdn.net/images/goods_img/20240919/4442100/4442100_17266721487140_500.jpg,False
2025-01,A,001003,피케/카라 티셔츠,001,상의,11,4285815,untapped,언탭트 스튜디오,오버핏 케이블 카라 니트 3COLOR,https://image.msscdn.net/images/goods_img/20240731/4285815/4285815_17307814421798_500.jpg,False
2025-01,A,001003,피케/카라 티셔츠,001,상의,12,4358168,ami,아미,레드 하트 로고 반소매 폴로 셔츠 - 화이트 / BFHPL001760100,https://image.msscdn.net/images/goods_img/20240822/4358168/4358168_17249778247807_500.jpg,False
2025-01,A,001003,피케/카라 티셔츠,001,상의,13,4396346,glowny,글로니,TERRY PK LONG SLEEVE (BLACK),https://image.msscdn.net/images/goods_img/20240903/4396346/4396346_17266717204370_500.jpg,False
2025-01,A,001003,피케/카라 티셔츠,001,상의,14,4448520,rockcake,락케이크,Striped Polo T-Shirt - Brown,https://image.msscdn.net/images/goods_img/20240920/4448520/4448520_17326848867466_500.jpg,False
2025-01,A,001003,피케/카라 티셔츠,001,상의,15,4448521,rockcake,락케이크,Striped Polo T-Shirt - Navy,https://image.msscdn.net/images/goods_img/20240920/4448521/4448521_17574665813594_500.jpg,False
2025-01,A,001003,피케/카라 티셔츠,001,상의,16,4421527,supersub,슈퍼서브,시그니처 로고 스트라이프 폴로 카라티-네이비,https://image.msscdn.net/images/goods_img/20240909/4421527/4421527_17262035332599_500.jpg,False
2025-01,A,001003,피케/카라 티셔츠,001,상의,17,4391214,unionblue,유니온블루,RUGBY MERINO POLO KNIT [CHARCOAL],https://image.msscdn.net/images/goods_img/20240902/4391214/4391214_17253508787344_500.jpg,False
2025-01,A,001003,피케/카라 티셔츠,001,상의,18,4249927,ami,아미,레드 하트 로고 반소매 폴로 셔츠 - 나이트 블루 / BFUPL001760430,https://image.msscdn.net/images/goods_img/20240715/4249927/4249927_17231749073680_500.jpg,False
2025-01,A,001003,피케/카라 티셔츠,001,상의,19,4308601,crank,크랭크,멀티 스트라이프 폴로 셔츠_브라운,https://image.msscdn.net/images/goods_img/20240808/4308601/4308601_17669727242846_500.jpg,False
2025-01,A,001003,피케/카라 티셔츠,001,상의,20,4667617,badblood,배드블러드,세인트 블러드 럭비 셔츠 - 네이비,https://image.msscdn.net/images/goods_img/20241216/4667617/4667617_17345880697873_500.jpg,False
2025-01,A,001003,피케/카라 티셔츠,001,상의,21,4249928,ami,아미,레드 하트 로고 반소매 폴로 셔츠 - 헤더 그레이 / UPL001760055,https://image.msscdn.net/images/goods_img/20240715/4249928/4249928_17231749956175_500.jpg,False
2025-01,A,001003,피케/카라 티셔츠,001,상의,22,4396354,glowny,글로니,TERRY PK LONG SLEEVE (BLUE),https://image.msscdn.net/images/goods_img/20240903/4396354/4396354_17268110478593_500.jpg,False
2025-01,A,001003,피케/카라 티셔츠,001,상의,23,3075257,musinsastandard,무신사 스탠다드,오버사이즈 스트라이프 럭비 셔츠 [네이비/아이보리],https://image.msscdn.net/images/goods_img/20230210/3075257/3075257_16820447422136_500.jpg,False
2025-01,A,001003,피케/카라 티셔츠,001,상의,24,4667618,badblood,배드블러드,세인트 블러드 럭비 셔츠 - 레드,https://image.msscdn.net/images/goods_img/20241216/4667618/4667618_17344066267980_500.jpg,False
2025-01,A,001003,피케/카라 티셔츠,001,상의,25,4417329,partimentowomen,파르티멘토 우먼,스트라이프 롱슬리브 폴로 티_버건디,https://image.msscdn.net/images/goods_img/20240906/4417329/4417329_17257779571271_500.jpg,False
2025-01,A,001003,피케/카라 티셔츠,001,상의,26,4480434,maisonkitsune,메종 키츠네,볼드 폭스 헤드 패치 오버사이즈 반소매 폴로 셔츠 - 딥 네이비 / MM00202KJ7010P492,https://image.msscdn.net/images/goods_img/20241002/4480434/4480434_17288683861471_500.jpg,False
2025-01,A,001003,피케/카라 티셔츠,001,상의,27,4659862,setsetset,쎄쎄쎄,CHECKERED COLLAR SHIRRING TOP (CHARCOAL),https://image.msscdn.net/images/goods_img/20241211/4659862/4659862_17338743880184_500.jpg,False
2025-01,A,001003,피케/카라 티셔츠,001,상의,28,1387953,musinsastandard,무신사 스탠다드,롱 슬리브 피케 폴로 셔츠 [블랙],https://image.msscdn.net/images/goods_img/20200407/1387953/1387953_1_500.jpg,False
2025-01,A,001003,피케/카라 티셔츠,001,상의,29,4296563,havism,해비즘,OVERSIZE VELOUR V-NECK L/S TEE(BROWN),https://image.msscdn.net/images/goods_img/20240805/4296563/4296563_17238072157203_500.jpg,False
2025-01,A,001003,피케/카라 티셔츠,001,상의,30,4661234,badblood,배드블러드,미스틱 캡슐 럭비 스웻셔츠 - 블랙,https://image.msscdn.net/images/goods_img/20241211/4661234/4661234_17340531098537_500.jpg,False
2025-01,A,001006,니트/스웨터,001,상의,1,2723767,suare,수아레,데일리 라운드 니트 - 12 COLOR,https://image.msscdn.net/images/goods_img/20220818/2723767/2723767_17292130151891_500.jpg,False
2025-01,A,001006,니트/스웨터,001,상의,2,4509977,workonbodyoff,워크온바디오프,반폴라 세미 오버핏 모크넥 니트 [블랙],https://image.msscdn.net/images/goods_img/20241011/4509977/4509977_17642271545231_500.jpg,False
2025-01,A,001006,니트/스웨터,001,상의,3,4285909,untapped,언탭트 스튜디오,오버핏 케이블 라운드 니트 5COLOR,https://image.msscdn.net/images/goods_img/20240731/4285909/4285909_17247442451593_500.jpg,False
2025-01,A,001006,니트/스웨터,001,상의,4,4584154,nodu,노드유,소프트 헨리넥 라운드 긴팔 니트 [베이지],https://image.msscdn.net/images/goods_img/20241104/4584154/4584154_17306775620945_500.jpg,False
2025-01,A,001006,니트/스웨터,001,상의,5,2139775,minimalcode,미니멀코드,소프트 필링 세미오버 라운드 니트 초코브라운,https://image.msscdn.net/images/goods_img/20210917/2139775/2139775_17204066649792_500.jpg,False
2025-01,A,001006,니트/스웨터,001,상의,6,4387116,leire,르아르,리브드 오버핏 헨리넥 니트 [블랙],https://image.msscdn.net/images/prd_img/20240830/4387116/detail_4387116_17893650080344_500.jpg,False
2025-01,A,001006,니트/스웨터,001,상의,7,4584153,nodu,노드유,소프트 헨리넥 라운드 긴팔 니트 [블랙],https://image.msscdn.net/images/goods_img/20241104/4584153/4584153_17306774298955_500.jpg,False
2025-01,A,001006,니트/스웨터,001,상의,8,4328686,trillion,트릴리온,헤어리 그래픽 로고 오버핏 자카드 니트 (BLUE),https://image.msscdn.net/images/goods_img/20240814/4328686/4328686_17249552459456_500.jpg,False
2025-01,A,001006,니트/스웨터,001,상의,9,1558847,suare,수아레,하프 터틀넥 니트 세트,https://image.msscdn.net/images/goods_img/20200821/1558847/1558847_17303488335987_500.jpg,False
2025-01,A,001006,니트/스웨터,001,상의,10,3495320,suare,수아레,[SET] 스테디 니트 세트,https://image.msscdn.net/images/goods_img/20230824/3495320/3495320_17169653059246_500.jpg,False
2025-01,A,001006,니트/스웨터,001,상의,11,3469871,againstallodds,에이지오디,하프 집업 카라넥 하찌 니트 [블랙],https://image.msscdn.net/images/goods_img/20230817/3469871/3469871_17321622059740_500.png,False
2025-01,A,001006,니트/스웨터,001,상의,12,4422975,suare,수아레,워셔블 모크넥 슬리브 니트- 5 COLOR,https://image.msscdn.net/images/goods_img/20240909/4422975/4422975_17580093299631_500.jpg,False
2025-01,A,001006,니트/스웨터,001,상의,13,3494992,suare,수아레,워셔블 케이블 라운드 니트 - 5 COLOR,https://image.msscdn.net/images/goods_img/20230824/3494992/3494992_17296467139345_500.jpg,False
2025-01,A,001006,니트/스웨터,001,상의,14,3640949,trillion,트릴리온,워셔블 아란 케이블 후드 집업 니트 (CHARCOAL),https://image.msscdn.net/images/goods_img/20231019/3640949/3640949_17170490257806_500.jpg,False
2025-01,A,001006,니트/스웨터,001,상의,15,2139704,minimalcode,미니멀코드,소프트 필링 세미오버 라운드 니트 블랙,https://image.msscdn.net/images/goods_img/20210917/2139704/2139704_17204066997560_500.jpg,False
2025-01,A,001006,니트/스웨터,001,상의,16,4514674,trillion,트릴리온,워셔블 노르딕 자카드 카라넥 2WAY 집업 니트 [베이지],https://image.msscdn.net/images/goods_img/20241014/4514674/4514674_17296759641518_500.jpg,False
2025-01,A,001006,니트/스웨터,001,상의,17,4505538,maninstore,무드인사이드,소노 케이블 헨리넥 니트_Oatmeal,https://image.msscdn.net/images/goods_img/20241010/4505538/4505538_17576428243984_500.jpg,False
2025-01,A,001006,니트/스웨터,001,상의,18,2751882,avan,어반드레스,Rugby Striped Knit - 3COL,https://image.msscdn.net/images/goods_img/20220829/2751882/2751882_17206644961994_500.jpg,False
2025-01,A,001006,니트/스웨터,001,상의,19,1628939,musinsastandard,무신사 스탠다드,미니멀 크루 넥 니트 [블랙],https://image.msscdn.net/images/goods_img/20200928/1628939/1628939_17509083037775_500.jpg,False
2025-01,A,001006,니트/스웨터,001,상의,20,4274164,lemainsecond,리메인세컨드,오버핏 볼륨 워셔블 하프집업 케이블 니트 [네이비],https://image.msscdn.net/images/goods_img/20240725/4274164/4274164_17229341280493_500.jpg,False
2025-01,A,001006,니트/스웨터,001,상의,21,4505375,blackend,캑터스도넛마켓,CDM Basic Logo Sweater - Black,https://image.msscdn.net/images/goods_img/20241010/4505375/4505375_17367388402439_500.jpg,False
2025-01,A,001006,니트/스웨터,001,상의,22,4441592,millo,밀로 아카이브,크롭 실루엣 니트 [멜란지 그레이],https://image.msscdn.net/images/goods_img/20240916/4441592/4441592_17268183875497_500.jpg,False
2025-01,A,001006,니트/스웨터,001,상의,23,3782754,maninstore,무드인사이드,꽈배기 후드 반집업 니트_Gray,https://image.msscdn.net/images/goods_img/20240109/3782754/3782754_17327721694991_500.jpg,False
2025-01,A,001006,니트/스웨터,001,상의,24,2684357,nomanual,노매뉴얼,CROPPED HAIRY KNIT - MELANGE,https://image.msscdn.net/images/goods_img/20220727/2684357/2684357_17237908061016_500.jpg,False
2025-01,A,001006,니트/스웨터,001,상의,25,4483619,thecoldestmoment,더콜디스트모먼트,TCM starfish mini logo mohair knit (beige),https://image.msscdn.net/images/goods_img/20241002/4483619/4483619_17290472539185_500.jpg,False
2025-01,A,001006,니트/스웨터,001,상의,26,4623219,unionblue,유니온블루,[V2] CASHMERE WOOL CREWNECK KNIT [MELANGE GRAY],https://image.msscdn.net/images/goods_img/20241119/4623219/4623219_17332143844525_500.jpg,False
2025-01,A,001006,니트/스웨터,001,상의,27,4446338,theweatherisawesome,더웨더이즈어썸,파크 카라 니트 스웨터(그레이),https://image.msscdn.net/images/goods_img/20240919/4446338/4446338_17269045430759_500.jpg,False
2025-01,A,001006,니트/스웨터,001,상의,28,4325412,hooves,후브스,하이드 버튼 카라 니트 [멜란지그레이],https://image.msscdn.net/images/goods_img/20240813/4325412/4325412_17244056015297_500.jpg,False
2025-01,A,001006,니트/스웨터,001,상의,29,3603134,anolorcode,어널러코드,스트라이프 멀티 니트 (네이비),https://image.msscdn.net/images/goods_img/20231004/3603134/3603134_17654389704011_500.png,False
2025-01,A,001006,니트/스웨터,001,상의,30,4328687,trillion,트릴리온,헤어리 그래픽 로고 오버핏 자카드 니트 (CHARCOAL),https://image.msscdn.net/images/goods_img/20240814/4328687/4328687_17249553131953_500.jpg,False
2025-01,A,001011,민소매 티셔츠,001,상의,1,4148441,bowlow,바우로 프로덕트,리브드 로고 슬리브리스 [블랙],https://image.msscdn.net/images/goods_img/20240522/4148441/4148441_17163625167792_500.jpg,False
2025-01,A,001011,민소매 티셔츠,001,상의,2,2005542,bronson,브론슨,10.5 oz Cotton Tank Top,https://image.msscdn.net/images/goods_img/20210622/2005542/2005542_17761449719794_500.jpg,False
2025-01,A,001011,민소매 티셔츠,001,상의,3,2005602,bronson,브론슨,10.5 oz Cotton Tank Top Black,https://image.msscdn.net/images/goods_img/20210622/2005602/2005602_17362110639053_500.jpg,False
2025-01,A,001011,민소매 티셔츠,001,상의,4,3855094,borntowin,본투윈,B PENDANT RIBBED SLEEVELESS [BLACK],https://image.msscdn.net/images/goods_img/20240207/3855094/3855094_17732919639260_500.jpg,False
2025-01,A,001011,민소매 티셔츠,001,상의,5,4148465,bowlow,바우로 프로덕트,리브드 로고 슬리브리스 [아이보리],https://image.msscdn.net/images/goods_img/20240522/4148465/4148465_17163627271968_500.jpg,False
2025-01,A,001011,민소매 티셔츠,001,상의,6,2445153,51percent,51퍼센트,Irregular Logo embroidery Logo Sleeveless - BLACK,https://image.msscdn.net/images/goods_img/20220325/2445153/2445153_17446121911849_500.jpg,False
2025-01,A,001011,민소매 티셔츠,001,상의,7,2086660,musinsastandard,무신사 스탠다드,레이어드 슬리브리스 탑_일반 기장 [화이트],https://image.msscdn.net/images/goods_img/20210825/2086660/2086660_17048492714259_500.jpg,False
2025-01,A,001011,민소매 티셔츠,001,상의,8,3794829,borntowin,본투윈,B-SYMBOL LOGO SLEEVELESS_NON MESH VER [BLACK],https://image.msscdn.net/images/goods_img/20240115/3794829/3794829_17732868360970_500.jpg,False
2025-01,A,001011,민소매 티셔츠,001,상의,9,2976551,musinsastandard,무신사 스탠다드,[쿨탠다드] 릴렉스드 슬리브리스 탑 2팩,https://image.msscdn.net/images/goods_img/20221208/2976551/2976551_17133351213295_500.jpg,False
2025-01,A,001011,민소매 티셔츠,001,상의,10,4216823,physicalgarments,피지컬가먼츠,P2447 절개 골지 슬림 나시 [2 COLOR],https://image.msscdn.net/images/goods_img/20240625/4216823/4216823_17200709972787_500.jpg,False
2025-01,A,001011,민소매 티셔츠,001,상의,11,4148431,bowlow,바우로 프로덕트,리브드 로고 슬리브리스 [그레이],https://image.msscdn.net/images/goods_img/20240522/4148431/4148431_17163622368551_500.jpg,False
2025-01,A,001011,민소매 티셔츠,001,상의,12,1855218,underarmour,언더아머,히트기어 아머 컴프레션 슬리브리스 1361522-001,https://image.msscdn.net/images/goods_img/20210319/1855218/1855218_17738150960244_500.jpg,False
2025-01,A,001011,민소매 티셔츠,001,상의,13,4057917,musinsastandard,무신사 스탠다드,에센셜 탱크 탑 [화이트],https://image.msscdn.net/images/goods_img/20240416/4057917/4057917_17775153738661_500.jpg,False
2025-01,A,001011,민소매 티셔츠,001,상의,14,4057918,musinsastandard,무신사 스탠다드,에센셜 탱크 탑 [블랙],https://image.msscdn.net/images/goods_img/20240416/4057918/4057918_17170471959238_500.jpg,False
2025-01,A,001011,민소매 티셔츠,001,상의,15,3268712,bronson,브론슨,10.5 oz Cotton Tank Top Grey,https://image.msscdn.net/images/goods_img/20230428/3268712/3268712_17362103899104_500.jpg,False
2025-01,A,001011,민소매 티셔츠,001,상의,16,2122564,musinsastandard,무신사 스탠다드,레이어드 슬리브리스 탑_일반 기장 2팩,https://image.msscdn.net/images/goods_img/20210910/2122564/2122564_17133411609203_500.jpg,False
2025-01,A,001011,민소매 티셔츠,001,상의,17,4579726,carmid,카미드,카미드 머슬핏 로고 슬리브리스,https://image.msscdn.net/images/goods_img/20241031/4579726/4579726_17303649196209_500.jpg,False
2025-01,A,001011,민소매 티셔츠,001,상의,18,4602668,carmid,카미드,카미드 슬리브리스,https://image.msscdn.net/images/goods_img/20241111/4602668/4602668_17314720439088_500.png,False
2025-01,A,001011,민소매 티셔츠,001,상의,19,2445109,51percent,51퍼센트,Irregular Logo embroidery Logo Sleeveless - White,https://image.msscdn.net/images/goods_img/20220325/2445109/2445109_17573184842125_500.jpg,False
2025-01,A,001011,민소매 티셔츠,001,상의,20,2724649,musinsastandardwoman,무신사 스탠다드 우먼,우먼즈 스트링 슬리브리스 탑 2팩,https://image.msscdn.net/images/goods_img/20220818/2724649/2724649_17490161912803_500.jpg,False
2025-01,A,001011,민소매 티셔츠,001,상의,21,3135346,musinsastandardwoman,무신사 스탠다드 우먼,우먼즈 에센셜 탱크 탑 [화이트],https://image.msscdn.net/images/goods_img/20230309/3135346/3135346_17775390513402_500.jpg,False
2025-01,A,001011,민소매 티셔츠,001,상의,22,1852718,pianer,피아네르,[2 PACK] 레이어드 트임 나시 (2color),https://image.msscdn.net/images/goods_img/20210318/1852718/1852718_17158436415816_500.jpg,False
2025-01,A,001011,민소매 티셔츠,001,상의,23,3855092,borntowin,본투윈,B PENDANT RIBBED SLEEVELESS [WHITE],https://image.msscdn.net/images/goods_img/20240207/3855092/3855092_17732910872585_500.jpg,False
2025-01,A,001011,민소매 티셔츠,001,상의,24,4307090,malden,몰든,리브드 슬리브리스,https://image.msscdn.net/images/goods_img/20240807/4307090/4307090_17260229546252_500.jpg,False
2025-01,A,001011,민소매 티셔츠,001,상의,25,3794842,borntowin,본투윈,B-SYMBOL LOGO SLEEVELESS_NON MESH VER [IVORY],https://image.msscdn.net/images/goods_img/20240115/3794842/3794842_17732874411272_500.jpg,False
2025-01,A,001011,민소매 티셔츠,001,상의,26,3859446,musinsastandard,무신사 스탠다드,스쿱 넥 슬리브리스 탑 [화이트],https://image.msscdn.net/images/goods_img/20240208/3859446/3859446_17147004001866_500.jpg,False
2025-01,A,001011,민소매 티셔츠,001,상의,27,3370905,jeleve,제이엘브,[2PACK] 스탠다드 무지 나시,https://image.msscdn.net/images/goods_img/20230619/3370905/3370905_17151480185679_500.jpg,False
2025-01,A,001011,민소매 티셔츠,001,상의,28,4628483,khakipoint,카키포인트,Ruffled Layered Top (ivory),https://image.msscdn.net/images/goods_img/20241121/4628483/4628483_17321896489966_500.jpg,False
2025-01,A,001011,민소매 티셔츠,001,상의,29,3135345,musinsastandardwoman,무신사 스탠다드 우먼,우먼즈 에센셜 탱크 탑 [블랙],https://image.msscdn.net/images/goods_img/20230309/3135345/3135345_17775390922598_500.jpg,False
2025-01,A,001011,민소매 티셔츠,001,상의,30,3794831,borntowin,본투윈,B-SYMBOL LOGO SLEEVELESS_NON MESH VER [MELANGE GREY],https://image.msscdn.net/images/goods_img/20240115/3794831/3794831_17732872626786_500.jpg,False
2025-01,A,001008,기타 상의,001,상의,1,2372710,sovermentwithlomort,소버먼트,860G 피그먼트 하프 짚업-챠콜-,https://image.msscdn.net/images/goods_img/20220221/2372710/2372710_17243908846193_500.jpg,False
2025-01,A,001008,기타 상의,001,상의,2,2992082,bluegrain,블루그레인,잘만브라 3 PACK,https://image.msscdn.net/images/goods_img/20221221/2992082/2992082_17471249108793_500.jpg,False
2025-01,A,001008,기타 상의,001,상의,3,3823370,kolonsport,코오롱스포츠,남성 기본형 집업 티셔츠 JWTBX24131DNA,https://image.msscdn.net/images/goods_img/20240125/3823370/3823370_17062382702874_500.jpg,False
2025-01,A,001008,기타 상의,001,상의,4,3584689,nautica,노티카,83플래그 폴라 하프집업(네이비),https://image.msscdn.net/images/goods_img/20230921/3584689/3584689_17891030125322_500.jpg,False
2025-01,A,001008,기타 상의,001,상의,5,4423657,hadex,에이치덱스,액티브 에센셜 하프 집업 (Black),https://image.msscdn.net/images/goods_img/20240910/4423657/4423657_17876236630916_500.jpg,False
2025-01,A,001008,기타 상의,001,상의,6,3976043,nike,나이키,스우시 미디엄 서포트 패드 스포츠 브라 W - 화이트:스톤 모브:블랙 / DX6822-100,https://image.msscdn.net/images/goods_img/20240321/3976043/3976043_17116935810242_500.jpg,False
2025-01,A,001008,기타 상의,001,상의,7,3834985,hooves,후브스,플러 반 집업 카라 스웻 [네이비],https://image.msscdn.net/images/goods_img/20240131/3834985/3834985_17077903245289_500.jpg,False
2025-01,A,001008,기타 상의,001,상의,8,3976042,nike,나이키,스우시 미디엄 서포트 패드 스포츠 브라 W - 블랙:화이트 / DX6822-010,https://image.msscdn.net/images/goods_img/20240321/3976042/3976042_17116938003546_500.jpg,False
2025-01,A,001008,기타 상의,001,상의,9,4322628,covernat,커버낫,스몰 C 로고 코듀로이 하프 집업 네이비,https://image.msscdn.net/images/goods_img/20240812/4322628/4322628_17260442251184_500.jpg,False
2025-01,A,001008,기타 상의,001,상의,10,4624123,ninetyplus,나인티플러스,액티브 기모 트레이닝 집업 - 블랙,https://image.msscdn.net/images/goods_img/20241119/4624123/4624123_17320031501000_500.jpg,False
2025-01,A,001008,기타 상의,001,상의,11,4251421,borntowin,본투윈,STROKE B TANK TOP [BLACK],https://image.msscdn.net/images/goods_img/20240716/4251421/4251421_17585265187301_500.jpg,False
2025-01,A,001008,기타 상의,001,상의,12,4668839,covernat,커버낫,스몰 C 로고 코듀로이 하프 집업,https://image.msscdn.net/images/goods_img/20241216/4668839/4668839_17344271829797_500.jpg,False
2025-01,A,001008,기타 상의,001,상의,13,4259153,1993studio,1993스튜디오,스몰 로고 하프 집업 스웨트 셔츠_오트베이지,https://image.msscdn.net/images/goods_img/20240718/4259153/4259153_17246732689550_500.jpg,False
2025-01,A,001008,기타 상의,001,상의,14,4501898,borntowin,본투윈,ACTIVE LINE FULL ZIP-UP TANK TOP [BLACK],https://image.msscdn.net/images/goods_img/20241010/4501898/4501898_17286268812278_500.jpg,False
2025-01,A,001008,기타 상의,001,상의,15,4626351,nautica,노티카,83플래그 폴라 하프집업(다크 M.그레이),https://image.msscdn.net/images/goods_img/20241120/4626351/4626351_17345086611610_500.jpg,False
2025-01,A,001008,기타 상의,001,상의,16,3468301,againstallodds,에이지오디,하프 집업 오버핏 스웨트 셔츠 [크림],https://image.msscdn.net/images/goods_img/20230816/3468301/3468301_17276828267056_500.jpg,False
2025-01,A,001008,기타 상의,001,상의,17,4322420,covernat,커버낫,C 로고 하프 집업 맨투맨 네이비,https://image.msscdn.net/images/goods_img/20240812/4322420/4322420_17260442802335_500.jpg,False
2025-01,A,001008,기타 상의,001,상의,18,4383570,thenorthface,노스페이스,NM5MQ82B 여성 스위프트 벨루어 하프 집_CREAM,https://image.msscdn.net/images/goods_img/20240829/4383570/4383570_17249072729917_500.jpg,False
2025-01,A,001008,기타 상의,001,상의,19,4501900,borntowin,본투윈,ACTIVE LINE FULL ZIP-UP TANK TOP [WHITE],https://image.msscdn.net/images/goods_img/20241010/4501900/4501900_17591065535496_500.jpg,False
2025-01,A,001008,기타 상의,001,상의,20,3439143,travel,트래블,브이라인 립 피그먼트 집업 자켓 블랙 차콜,https://image.msscdn.net/images/goods_img/20230801/3439143/3439143_16928484717335_500.jpg,False
2025-01,A,001008,기타 상의,001,상의,21,2766960,anotherarchive,어나더 아카이브,에센셜 시그니쳐 반집업 맨투맨_그레이,https://image.msscdn.net/images/goods_img/20220902/2766960/2766960_1_500.jpg,False
2025-01,A,001008,기타 상의,001,상의,22,4179754,nike,나이키,스우시 프런트 지퍼 미디엄 서포트 패드 스포츠 브라 W - 화이트:스톤 모브:화이트 / FN2732-100,https://image.msscdn.net/images/goods_img/20240605/4179754/4179754_17186021696922_500.jpg,False
2025-01,A,001008,기타 상의,001,상의,23,2855098,offgrid,오프그리드,그리드 RDS 다운 풀오버-블랙,https://image.msscdn.net/images/goods_img/20221012/2855098/2855098_1_500.jpg,False
2025-01,A,001008,기타 상의,001,상의,24,4501831,borntowin,본투윈,CUT OUT WIDE BAND BRA TOP [BLACK],https://image.msscdn.net/images/goods_img/20241010/4501831/4501831_17286271281149_500.jpg,False
2025-01,A,001008,기타 상의,001,상의,25,2945362,bluegrain,블루그레인,잘만브라 [블랙],https://image.msscdn.net/images/goods_img/20221116/2945362/2945362_17490197684846_500.jpg,False
2025-01,A,001008,기타 상의,001,상의,26,2705718,kodak,코닥,선샤인 트랙 반집업 맨투맨 IVORY,https://image.msscdn.net/images/goods_img/20220809/2705718/2705718_2_500.jpg,False
2025-01,A,001008,기타 상의,001,상의,27,4628002,khakipoint,카키포인트,Tie Ribbon Track Top (ivory),https://image.msscdn.net/images/goods_img/20241120/4628002/4628002_17322202368789_500.jpg,False
2025-01,A,001008,기타 상의,001,상의,28,3871062,paperboy,페이퍼보이,스포츠클럽 하프집업-네이비,https://image.msscdn.net/images/goods_img/20240215/3871062/3871062_17079654675725_500.jpg,False
2025-01,A,001008,기타 상의,001,상의,29,2054397,1993studio,1993스튜디오,빈티지 반 집업_차콜,https://image.msscdn.net/images/goods_img/20210809/2054397/2054397_17050199103603_500.jpg,False
2025-01,A,001008,기타 상의,001,상의,30,3941915,grandiosity,그랜디오시티,심플 로고 오버핏 반집업 맨투맨 (백멜란지),https://image.msscdn.net/images/goods_img/20240312/3941915/3941915_17254391313490_500.jpg,False
2025-01,A,002,아우터,,,1,4531994,spao,스파오,베이직 푸퍼_SPJPF11C11,https://image.msscdn.net/images/goods_img/20241018/4531994/4531994_17630006565087_500.jpg,False
2025-01,A,002,아우터,,,2,2700048,musinsastandardwoman,무신사 스탠다드 우먼,우먼즈 캐시미어 블렌드 발마칸 로브 코트 [블랙],https://image.msscdn.net/images/goods_img/20220805/2700048/2700048_17661148134527_500.jpg,False
2025-01,A,002,아우터,,,3,3390508,standarderror,스탠다드에러,87-STAN009  스탠다드 블루종 스웨이드 자켓 블랙,https://image.msscdn.net/images/goods_img/20230630/3390508/3390508_17551524634252_500.jpg,False
2025-01,A,002,아우터,,,4,3378514,musinsastandard,무신사 스탠다드,데일리 푸퍼 숏 패딩 재킷 [블랙],https://image.msscdn.net/images/goods_img/20230622/3378514/3378514_17800303461768_500.jpg,False
2025-01,A,002,아우터,,,5,3780728,maninstore,무드인사이드,남여공용 푸퍼 숏패딩_Black,https://image.msscdn.net/images/goods_img/20240108/3780728/3780728_17605828944256_500.jpg,False
2025-01,A,002,아우터,,,6,3390511,standarderror,스탠다드에러,87-STAN009 스탠다드 블루종 스웨이드 자켓 카키,https://image.msscdn.net/images/goods_img/20230630/3390511/3390511_17551525806450_500.jpg,False
2025-01,A,002,아우터,,,7,1778404,toffee,토피,2WAY 스웻 후드 집업 (MELANGE GREY),https://image.msscdn.net/images/goods_img/20210204/1778404/1778404_1_500.jpg,False
2025-01,A,002,아우터,,,8,2098325,drawfit,드로우핏,프리미어 퓨어 캐시미어 발마칸 코트 [BLACK],https://image.msscdn.net/images/goods_img/20210830/2098325/2098325_17621500792692_500.jpg,False
2025-01,A,002,아우터,,,9,2482269,thenorthface,노스페이스,NJ1DQ75A 남성 1996 눕시 자켓_BLACK,https://image.msscdn.net/images/goods_img/20220412/2482269/2482269_17210922117662_500.jpg,False
2025-01,A,002,아우터,,,10,4209266,musinsastandard,무신사 스탠다드,울 블렌드 오버사이즈 머프 발마칸 코트 [블랙],https://image.msscdn.net/images/goods_img/20240620/4209266/4209266_17657748481924_500.jpg,False
2025-01,A,002,아우터,,,11,4289728,thecoldestmoment,더콜디스트모먼트,TCM stripe hooded zip-up (charcoal/black),https://image.msscdn.net/images/goods_img/20240801/4289728/4289728_17231062832659_500.jpg,False
2025-01,A,002,아우터,,,12,2116411,musinsastandard,무신사 스탠다드,캐시미어 블렌드 오버사이즈 발마칸 코트 [블랙],https://image.msscdn.net/images/goods_img/20210908/2116411/2116411_17616270483710_500.jpg,False
2025-01,A,002,아우터,,,13,452483,doffjason,도프제이슨,솔리드 무톤 자켓,https://image.msscdn.net/images/goods_img/20161123/452483/452483_2_500.jpg,False
2025-01,A,002,아우터,,,14,3604263,noiago,노이아고,NOI1067 라이트웨이트 다운 자켓 (블랙),https://image.msscdn.net/images/goods_img/20231005/3604263/3604263_17645511564597_500.jpg,False
2025-01,A,002,아우터,,,15,3588413,adidas,아디다스,베켄바우어 트랙탑 - 블랙:화이트 / II5763,https://image.msscdn.net/images/goods_img/20230922/3588413/3588413_16957743454348_500.jpg,False
2025-01,A,002,아우터,,,16,2782764,beslow,비슬로우,OVERSIZED CASHMERE BALMACAAN COAT BLACK,https://image.msscdn.net/images/goods_img/20220908/2782764/2782764_17272251996978_500.jpg,False
2025-01,A,002,아우터,,,17,865862,musinsastandard,무신사 스탠다드,캐시미어 블렌드 오버사이즈 싱글 코트 [블랙],https://image.msscdn.net/images/goods_img/20180921/865862/865862_17657673085739_500.jpg,False
2025-01,A,002,아우터,,,18,2737014,frizmworks,프리즘웍스,VINCENT M1965 FISHTAIL PARKA 004 _ OLIVE,https://image.msscdn.net/images/goods_img/20220823/2737014/2737014_1_500.jpg,False
2025-01,A,002,아우터,,,19,4280527,travel,트래블,져지 트랙 자켓 아이보리,https://image.msscdn.net/images/goods_img/20240729/4280527/4280527_17693915589684_500.jpg,False
2025-01,A,002,아우터,,,20,4209299,musinsastandard,무신사 스탠다드,데일리 발마칸 코트 [블랙],https://image.msscdn.net/images/goods_img/20240620/4209299/4209299_17260174440762_500.jpg,False
2025-01,A,002,아우터,,,21,2108160,spao,스파오,베이직 퍼플리스 집업_SPFZE4TC01,https://image.msscdn.net/images/goods_img/20210903/2108160/2108160_17605996485185_500.jpg,False
2025-01,A,002,아우터,,,22,1582142,left,레프트서울,에비에이터 B-3 무스탕 자켓 [블랙],https://image.msscdn.net/images/goods_img/20200903/1582142/1582142_17888321003811_500.jpg,False
2025-01,A,002,아우터,,,23,3563185,adidas,아디다스,파이어버드 트랙탑 - 블랙 / IJ7058,https://image.msscdn.net/images/goods_img/20230915/3563185/3563185_16950017775747_500.jpg,False
2025-01,A,002,아우터,,,24,3481219,coor,쿠어,벨란디 캐시미어 블렌드 발마칸 코트 (블랙),https://image.msscdn.net/images/goods_img/20230821/3481219/3481219_17896080593391_500.jpg,False
2025-01,A,002,아우터,,,25,2206096,corrs,인더스트,[ALL리뉴얼.Ver] 오리지널 M65 피시테일 파카_카키,https://image.msscdn.net/images/goods_img/20211028/2206096/2206096_17900456022813_500.jpg,False
2025-01,A,002,아우터,,,26,4209289,musinsastandard,무신사 스탠다드,캐시미어 블렌드 오버사이즈 미니멀 발마칸 코트 [블랙],https://image.msscdn.net/images/goods_img/20240620/4209289/4209289_17297471108137_500.jpg,False
2025-01,A,002,아우터,,,27,3881570,millo,밀로 아카이브,크롭 무브 가디건 [레드],https://image.msscdn.net/images/goods_img/20240219/3881570/3881570_17084242695126_500.jpg,False
2025-01,A,002,아우터,,,28,4262843,outstanding,아웃스탠딩,[MUT lab] W.W. II SELVEDGE DENIM 1ST JACKET_INDIGO,https://image.msscdn.net/images/goods_img/20240719/4262843/4262843_17682659790914_500.jpg,False
2025-01,A,002,아우터,,,29,912314,musinsastandard,무신사 스탠다드,다운 푸퍼 숏 패딩 재킷 [블랙],https://image.msscdn.net/images/goods_img/20181123/912314/912314_17649023281294_500.jpg,False
2025-01,A,002,아우터,,,30,3578658,adidas,아디다스,BB 트랙탑 - 마룬 / IN1000,https://image.msscdn.net/images/goods_img/20230920/3578658/3578658_16953699537092_500.jpg,False
2025-01,A,002022,후드 집업,002,아우터,1,1778404,toffee,토피,2WAY 스웻 후드 집업 (MELANGE GREY),https://image.msscdn.net/images/goods_img/20210204/1778404/1778404_1_500.jpg,False
2025-01,A,002022,후드 집업,002,아우터,2,4289728,thecoldestmoment,더콜디스트모먼트,TCM stripe hooded zip-up (charcoal/black),https://image.msscdn.net/images/goods_img/20240801/4289728/4289728_17231062832659_500.jpg,False
2025-01,A,002022,후드 집업,002,아우터,3,4302415,wkndrs,위캔더스,H.O.F ZIPUP HOODIE (CAMO),https://image.msscdn.net/images/goods_img/20240806/4302415/4302415_17737352652270_500.png,False
2025-01,A,002022,후드 집업,002,아우터,4,4464347,ertr,이알티알,Reversible Hoodie Zip-Up Check Blue,https://image.msscdn.net/images/goods_img/20240925/4464347/4464347_17276718516289_500.jpg,False
2025-01,A,002022,후드 집업,002,아우터,5,4409035,musinsastandard,무신사 스탠다드,루즈 벌룬 후디드 스웨트 집업 [미디엄 그레이],https://image.msscdn.net/images/goods_img/20240905/4409035/4409035_17653551477732_500.jpg,False
2025-01,A,002022,후드 집업,002,아우터,6,3640947,trillion,트릴리온,워셔블 아란 케이블 후드 집업 니트 (IVORY),https://image.msscdn.net/images/goods_img/20231019/3640947/3640947_17170490498222_500.jpg,False
2025-01,A,002022,후드 집업,002,아우터,7,4464346,ertr,이알티알,Reversible Hoodie Zip-Up Check Red,https://image.msscdn.net/images/goods_img/20240925/4464346/4464346_17276725411940_500.jpg,False
2025-01,A,002022,후드 집업,002,아우터,8,4283474,mmlg,엠엠엘지,[Mmlg] OPACITY HOOD ZIPUP (EVERY GREY),https://image.msscdn.net/images/goods_img/20240730/4283474/4283474_17253288677631_500.jpg,False
2025-01,A,002022,후드 집업,002,아우터,9,3845731,trillion,트릴리온,에센셜 2WAY 스웨트 후드 집업 (MELANGE GRAY),https://image.msscdn.net/images/goods_img/20240205/3845731/3845731_17083253869123_500.jpg,False
2025-01,A,002022,후드 집업,002,아우터,10,4502117,jeleve,제이엘브,퍼 후드집업,https://image.msscdn.net/images/goods_img/20241010/4502117/4502117_17900528501024_500.jpg,False
2025-01,A,002022,후드 집업,002,아우터,11,1778408,toffee,토피,2WAY 스웻 후드 집업 (BLACK),https://image.msscdn.net/images/goods_img/20210204/1778408/1778408_17168650383792_500.jpg,False
2025-01,A,002022,후드 집업,002,아우터,12,4332075,youhee,유희,FLOWER PATTERN HOOD ZIP-UP WHITE,https://image.msscdn.net/images/goods_img/20240814/4332075/4332075_17576562821359_500.jpg,False
2025-01,A,002022,후드 집업,002,아우터,13,4612142,midnightmove,미드나잇 무브,hair hood zip up [black],https://image.msscdn.net/images/goods_img/20241113/4612142/4612142_17321915599120_500.jpg,False
2025-01,A,002022,후드 집업,002,아우터,14,3450468,satur,세터,테오 코튼 올 데이 후드 집업 클래식 네이비,https://image.msscdn.net/images/goods_img/20230808/3450468/3450468_17241610096544_500.jpg,False
2025-01,A,002022,후드 집업,002,아우터,15,4464110,nyxx,엔와이엑스엑스,EMBLEM PRINTING HOOD ZIP-UP CAMO,https://image.msscdn.net/images/goods_img/20240925/4464110/4464110_17288854206028_500.jpg,False
2025-01,A,002022,후드 집업,002,아우터,16,3697526,compagno,꼼파뇨,[2-WAY] 슬리브 스타 피그먼트 후드 집업 스모크블랙,https://image.msscdn.net/images/goods_img/20231108/3697526/3697526_17002041370481_500.jpg,False
2025-01,A,002022,후드 집업,002,아우터,17,2385875,brenson,브렌슨,(Renew Ver.) 루즈핏 스웨트 셋업 ( 2Color ) ( 기모선택 ),https://image.msscdn.net/images/goods_img/20220225/2385875/2385875_17276646907303_500.jpg,False
2025-01,A,002022,후드 집업,002,아우터,18,2668986,spao,스파오,[프렌치테리] 루즈핏 2-WAY 후드집업_SPMZE49C01,https://image.msscdn.net/images/goods_img/20220718/2668986/2668986_17413294389364_500.jpg,False
2025-01,A,002022,후드 집업,002,아우터,19,2105470,sovermentwithlomort,소버먼트,980G 피그먼트 컷 후디 집업-차콜-,https://image.msscdn.net/images/goods_img/20210902/2105470/2105470_17631074294899_500.jpg,False
2025-01,A,002022,후드 집업,002,아우터,20,2712417,filluminate,필루미네이트,투웨이 에센셜 후드 집업-그레이,https://image.msscdn.net/images/goods_img/20220811/2712417/2712417_16963910031844_500.jpg,False
2025-01,A,002022,후드 집업,002,아우터,21,1642916,musinsastandard,무신사 스탠다드,헤비웨이트 오버사이즈 후디드 스웨트 집업 [미디엄 그레이],https://image.msscdn.net/images/goods_img/20201012/1642916/1642916_17526404082761_500.jpg,False
2025-01,A,002022,후드 집업,002,아우터,22,4287891,supersub,슈퍼서브,데님 후드 집업-워시드 브라운,https://image.msscdn.net/images/goods_img/20240801/4287891/4287891_17394093217885_500.jpg,False
2025-01,A,002022,후드 집업,002,아우터,23,3783092,dimitriblack,디미트리블랙,ASI 포시즌 에센셜 피그먼트 후드집업_차콜 그레이,https://image.msscdn.net/images/goods_img/20240109/3783092/3783092_17708794030062_500.jpg,False
2025-01,A,002022,후드 집업,002,아우터,24,3753477,borntowin,본투윈,BIG CHROME B LOGO TRACK LINE ZIP-UP HOODIE [BLACK],https://image.msscdn.net/images/goods_img/20231212/3753477/3753477_17023624862165_500.png,False
2025-01,A,002022,후드 집업,002,아우터,25,4525555,borntowin,본투윈,BIG CHROME B BLACK LINE ZIP-UP HOODIE [BLACK],https://image.msscdn.net/images/goods_img/20241016/4525555/4525555_17579083921684_500.jpg,False
2025-01,A,002022,후드 집업,002,아우터,26,4675148,trillion,트릴리온,워셔블 노르딕 자카드 2WAY 후드 집업 니트 [베이지],https://image.msscdn.net/images/goods_img/20241219/4675148/4675148_17346049384210_500.jpg,False
2025-01,A,002022,후드 집업,002,아우터,27,4684032,thecoldestmoment,더콜디스트모먼트,TCM at hooded zip-up (black),https://image.msscdn.net/images/goods_img/20241230/4684032/4684032_17370174832367_500.jpg,False
2025-01,A,002022,후드 집업,002,아우터,28,2954589,satur,세터,테오 코튼 올 데이 후드 집업 팔레트 블랙,https://image.msscdn.net/images/goods_img/20221122/2954589/2954589_17241610712825_500.jpg,False
2025-01,A,002022,후드 집업,002,아우터,29,4652495,codegraphy,코드그라피,(우먼)스트라이프 후드 집업_스카이블루,https://image.msscdn.net/images/goods_img/20241206/4652495/4652495_17684612826375_500.jpg,False
2025-01,A,002022,후드 집업,002,아우터,30,4499229,xtonzwoman,엑스톤즈 우먼,WXK008 언발란스 스트라이프 니트 후드 집업 (KHAKI),https://image.msscdn.net/images/goods_img/20241008/4499229/4499229_17404472792571_500.jpg,False
2025-01,A,002001,블루종/MA-1,002,아우터,1,3390508,standarderror,스탠다드에러,87-STAN009  스탠다드 블루종 스웨이드 자켓 블랙,https://image.msscdn.net/images/goods_img/20230630/3390508/3390508_17551524634252_500.jpg,False
2025-01,A,002001,블루종/MA-1,002,아우터,2,3390511,standarderror,스탠다드에러,87-STAN009 스탠다드 블루종 스웨이드 자켓 카키,https://image.msscdn.net/images/goods_img/20230630/3390511/3390511_17551525806450_500.jpg,False
2025-01,A,002001,블루종/MA-1,002,아우터,3,3440439,costumeoclock,커스텀어클락,커브드 투웨이 항공 패딩 점퍼 블랙 5COLOR COOSJP045BLACK,https://image.msscdn.net/images/goods_img/20230801/3440439/3440439_17871947407904_500.jpg,False
2025-01,A,002001,블루종/MA-1,002,아우터,4,3650974,trillion,트릴리온,스웨이드 리벳 블루종 집업 자켓 (BROWN),https://image.msscdn.net/images/goods_img/20231023/3650974/3650974_17171419683595_500.jpg,False
2025-01,A,002001,블루종/MA-1,002,아우터,5,1291017,jemut,제멋,리치 오버 MA-1 자켓 블랙 YHJK2269,https://image.msscdn.net/images/goods_img/20200205/1291017/1291017_1_500.jpg,False
2025-01,A,002001,블루종/MA-1,002,아우터,6,3465162,afterpray12,애프터프레이,리가즈 해링턴 블루종 차콜,https://image.msscdn.net/images/goods_img/20230814/3465162/3465162_17108243912394_500.jpg,False
2025-01,A,002001,블루종/MA-1,002,아우터,7,3475446,bronson,브론슨,US Air Force Type L-2 Flight Jacket Olive KR Ver.,https://image.msscdn.net/images/goods_img/20230818/3475446/3475446_17246566349527_500.jpg,False
2025-01,A,002001,블루종/MA-1,002,아우터,8,2708075,musinsastandard,무신사 스탠다드,캐시미어 블렌드 오버사이즈 미니멀 블루종 재킷 [블랙],https://image.msscdn.net/images/goods_img/20220810/2708075/2708075_16740326738823_500.jpg,False
2025-01,A,002001,블루종/MA-1,002,아우터,9,2351619,coor,쿠어,퍼프 플라이트 MA-1 (블랙),https://image.msscdn.net/images/goods_img/20220210/2351619/2351619_17271835262530_500.jpg,False
2025-01,A,002001,블루종/MA-1,002,아우터,10,4344582,decoroso,데꼬로소,텍스처드 울 더블 포켓 블루종 자켓 [블랙],https://image.msscdn.net/images/goods_img/20240819/4344582/4344582_17364888897922_500.jpg,False
2025-01,A,002001,블루종/MA-1,002,아우터,11,4549982,bronson,브론슨,MA-1 Flight Jacket 1970s Model KR ver. Black,https://image.msscdn.net/images/goods_img/20241023/4549982/4549982_17610226404285_500.jpg,False
2025-01,A,002001,블루종/MA-1,002,아우터,12,3440438,costumeoclock,커스텀어클락,커브드 투웨이 항공 패딩 점퍼 다크그레이 COOSJP045DGRAY,https://image.msscdn.net/images/goods_img/20230801/3440438/3440438_17871947679501_500.jpg,False
2025-01,A,002001,블루종/MA-1,002,아우터,13,4427489,urbanstoff,어반스터프,오버 다잉 후드 워크 자켓 (챠콜),https://image.msscdn.net/images/goods_img/20240910/4427489/4427489_17259557234759_500.jpg,False
2025-01,A,002001,블루종/MA-1,002,아우터,14,3783380,maninstore,무드인사이드,프리미엄 스웨이드 자켓_Brown,https://image.msscdn.net/images/goods_img/20240109/3783380/3783380_17888674046976_500.jpg,False
2025-01,A,002001,블루종/MA-1,002,아우터,15,2708076,musinsastandard,무신사 스탠다드,캐시미어 블렌드 오버사이즈 미니멀 블루종 재킷 [차콜 그레이],https://image.msscdn.net/images/goods_img/20220810/2708076/2708076_16740327013246_500.jpg,False
2025-01,A,002001,블루종/MA-1,002,아우터,16,4505179,maninstore,무드인사이드,피그다잉 워크 자켓 블루종_Brown,https://image.msscdn.net/images/goods_img/20241010/4505179/4505179_17567909160437_500.jpg,False
2025-01,A,002001,블루종/MA-1,002,아우터,17,4517343,espionage,에스피오나지,CWU45P Insulated Jacket Black,https://image.msscdn.net/images/goods_img/20241015/4517343/4517343_17291316930214_500.jpg,False
2025-01,A,002001,블루종/MA-1,002,아우터,18,2754265,moo,엠오오,빅카라 울 2-WAY 블루종 - 다크그레이,https://image.msscdn.net/images/goods_img/20220830/2754265/2754265_1_500.png,False
2025-01,A,002001,블루종/MA-1,002,아우터,19,4575686,aakam,아캄,High-Neck Bomber Jacket (Black),https://image.msscdn.net/images/goods_img/20241030/4575686/4575686_17319836380570_500.jpg,False
2025-01,A,002001,블루종/MA-1,002,아우터,20,4517348,espionage,에스피오나지,CWU45P Insulated Jacket Olive,https://image.msscdn.net/images/goods_img/20241015/4517348/4517348_17291317284385_500.jpg,False
2025-01,A,002001,블루종/MA-1,002,아우터,21,3405554,musinsastandard,무신사 스탠다드,울 블렌드 미니멀 블루종 재킷 [블랙],https://image.msscdn.net/images/goods_img/20230712/3405554/3405554_16957070439666_500.jpg,False
2025-01,A,002001,블루종/MA-1,002,아우터,22,2085156,ironypornowhiteline,아이러니포르노 화이트라인,IRO097 크루얼티프리 알파 스웨이드 자켓 블랙,https://image.msscdn.net/images/goods_img/20210825/2085156/2085156_17579141539142_500.jpg,False
2025-01,A,002001,블루종/MA-1,002,아우터,23,2294782,alphaindustries,알파 인더스트리,MA-1 루즈핏 라글란 사이드짚 Sage,https://image.msscdn.net/images/goods_img/20220106/2294782/2294782_9_500.jpg,False
2025-01,A,002001,블루종/MA-1,002,아우터,24,3503945,espionage,에스피오나지,Washed Canvas Blouson Jacket Charcoal Navy,https://image.msscdn.net/images/goods_img/20230828/3503945/3503945_16934498398540_500.jpg,False
2025-01,A,002001,블루종/MA-1,002,아우터,25,3439805,urbandtype,어반디타입,유틸리티 MA1 자켓 _ 민트_OL241,https://image.msscdn.net/images/goods_img/20230801/3439805/3439805_17556637385964_500.jpg,False
2025-01,A,002001,블루종/MA-1,002,아우터,26,4522177,fabregat,파브레가,구스토 울 블루종 자켓 (차콜),https://image.msscdn.net/images/goods_img/20241016/4522177/4522177_17301809593836_500.jpg,False
2025-01,A,002001,블루종/MA-1,002,아우터,27,3637243,trillion,트릴리온,울 엘보우 패치 2WAY 해링턴 자켓 (BLACK),https://image.msscdn.net/images/goods_img/20231018/3637243/3637243_17171437931541_500.jpg,False
2025-01,A,002001,블루종/MA-1,002,아우터,28,4604538,maninstore,무드인사이드,페이디드 워크 후드 블루종_Black,https://image.msscdn.net/images/goods_img/20241111/4604538/4604538_17612056290897_500.jpg,False
2025-01,A,002001,블루종/MA-1,002,아우터,29,4344496,hondaxphyps,혼다 모터사이클,Honda Motorcycle Piping Blouson Ivory,https://image.msscdn.net/images/goods_img/20240819/4344496/4344496_17763088890421_500.jpg,False
2025-01,A,002001,블루종/MA-1,002,아우터,30,3475443,bronson,브론슨,US Air Force Type L-2A Flight Jacket Navy KR Ver.,https://image.msscdn.net/images/goods_img/20230818/3475443/3475443_17246568563145_500.jpg,False
2025-01,A,002002,레더/라이더스 재킷,002,아우터,1,3551101,blackmoment,블랙모먼트,비건 스웨이드 오버핏 미니멀 인시전 스트레이트 집업 자켓 [브라운],https://image.msscdn.net/images/goods_img/20230912/3551101/3551101_16970790961650_500.jpg,False
2025-01,A,002002,레더/라이더스 재킷,002,아우터,2,1576700,doffjason,도프제이슨,오버핏 비건레더 싱글 자켓,https://image.msscdn.net/images/goods_img/20200901/1576700/1576700_17591199589640_500.jpg,False
2025-01,A,002002,레더/라이더스 재킷,002,아우터,3,2140335,placestudio,플레이스 스튜디오,비건 레더 오버핏 블루종 [블랙],https://image.msscdn.net/images/goods_img/20210917/2140335/2140335_9_500.jpg,False
2025-01,A,002002,레더/라이더스 재킷,002,아우터,4,2139011,ladyvolume,레이디 볼륨,465-1 비건 레더 오버핏 자켓,https://image.msscdn.net/images/goods_img/20210917/2139011/2139011_3_500.jpg,False
2025-01,A,002002,레더/라이더스 재킷,002,아우터,5,4287889,supersub,슈퍼서브,빈티지 트랙 바이커 레더 점퍼 - 브라운,https://image.msscdn.net/images/goods_img/20240801/4287889/4287889_17394098566884_500.jpg,False
2025-01,A,002002,레더/라이더스 재킷,002,아우터,6,3927174,maninstore,무드인사이드,비건 스웨이드 바이커 자켓_Brown,https://image.msscdn.net/images/goods_img/20240306/3927174/3927174_17568668915223_500.jpg,False
2025-01,A,002002,레더/라이더스 재킷,002,아우터,7,1576682,doffjason,도프제이슨,오버핏 램스킨 싱글 자켓,https://image.msscdn.net/images/goods_img/20200901/1576682/1576682_6_500.jpg,False
2025-01,A,002002,레더/라이더스 재킷,002,아우터,8,1593755,partimento,파르티멘토,[비건 레더] 필드 자켓 블랙,https://image.msscdn.net/images/goods_img/20200909/1593755/1593755_1_500.jpg,False
2025-01,A,002002,레더/라이더스 재킷,002,아우터,9,4260954,nmx,언더오프,스웨이드 투웨이 집업 바이커 자켓 블랙,https://image.msscdn.net/images/goods_img/20240719/4260954/4260954_17230160808613_500.jpg,False
2025-01,A,002002,레더/라이더스 재킷,002,아우터,10,4347122,doffjason,도프제이슨,[리뉴얼] 풀업 스웨이드 클래식 싱글 자켓 모카,https://image.msscdn.net/images/goods_img/20240820/4347122/4347122_17253284523829_500.jpg,False
2025-01,A,002002,레더/라이더스 재킷,002,아우터,11,4497969,doffjason,도프제이슨,프리미엄 베지터블 A-2 자켓 BLACK,https://image.msscdn.net/images/goods_img/20241008/4497969/4497969_17283728328562_500.jpg,False
2025-01,A,002002,레더/라이더스 재킷,002,아우터,12,2029419,ironypornowhiteline,아이러니포르노 화이트라인,IRO086 크루얼티프리 싱글 카라넥 레더 자켓 블랙,https://image.msscdn.net/images/goods_img/20210714/2029419/2029419_17569493312057_500.jpg,False
2025-01,A,002002,레더/라이더스 재킷,002,아우터,13,4350371,coor,쿠어,베지터블 레더 A-2 자켓 (블랙),https://image.msscdn.net/images/goods_img/20240820/4350371/4350371_17877112920676_500.jpg,False
2025-01,A,002002,레더/라이더스 재킷,002,아우터,14,4209352,musinsastandard,무신사 스탠다드,신세틱 스웨이드 미니멀 블루종 재킷 [브라운],https://image.msscdn.net/images/goods_img/20240620/4209352/4209352_17333854866699_500.jpg,False
2025-01,A,002002,레더/라이더스 재킷,002,아우터,15,3783694,drawfit,드로우핏,인시전 레더 블루종 자켓 [BLACK],https://image.msscdn.net/images/goods_img/20240109/3783694/3783694_17568603377156_500.jpg,False
2025-01,A,002002,레더/라이더스 재킷,002,아우터,16,2093254,v2,브이투,465-3 VEGAN LEATHER OVERFIT JACKET_BLACK,https://image.msscdn.net/images/goods_img/20210827/2093254/2093254_1_500.jpg,False
2025-01,A,002002,레더/라이더스 재킷,002,아우터,17,4370042,espionage,에스피오나지,Flight Bomber Jacket (Faux Leather) Swamp Green,https://image.msscdn.net/images/goods_img/20240826/4370042/4370042_17248961457496_500.jpg,False
2025-01,A,002002,레더/라이더스 재킷,002,아우터,18,4209353,musinsastandard,무신사 스탠다드,신세틱 스웨이드 미니멀 블루종 재킷 [더스티 카키],https://image.msscdn.net/images/goods_img/20240620/4209353/4209353_17308710753468_500.jpg,False
2025-01,A,002002,레더/라이더스 재킷,002,아우터,19,3833551,coor,쿠어,베지터블 레더 A-2 자켓 (브라운),https://image.msscdn.net/images/goods_img/20240130/3833551/3833551_17877112948261_500.jpg,False
2025-01,A,002002,레더/라이더스 재킷,002,아우터,20,4470055,suare,수아레,벤자민 퀼팅 레더 자켓 브라운,https://image.msscdn.net/images/goods_img/20240927/4470055/4470055_17458229434528_500.jpg,False
2025-01,A,002002,레더/라이더스 재킷,002,아우터,21,4361500,ertr,이알티알,Vintage Leather Biker Jacket,https://image.msscdn.net/images/goods_img/20240822/4361500/4361500_17895449978503_500.png,False
2025-01,A,002002,레더/라이더스 재킷,002,아우터,22,4497727,doffjason,도프제이슨,프리미엄 베지터블 A-2 자켓 BROWN,https://image.msscdn.net/images/goods_img/20241008/4497727/4497727_17645696821961_500.jpg,False
2025-01,A,002002,레더/라이더스 재킷,002,아우터,23,4209354,musinsastandard,무신사 스탠다드,신세틱 스웨이드 미니멀 블루종 재킷 [데저트 브라운],https://image.msscdn.net/images/goods_img/20240620/4209354/4209354_17333864098861_500.jpg,False
2025-01,A,002002,레더/라이더스 재킷,002,아우터,24,4346922,doffjason,도프제이슨,[리뉴얼] 오버핏 풀업 스웨이드 싱글 자켓 모카,https://image.msscdn.net/images/goods_img/20240820/4346922/4346922_17249831351015_500.jpg,False
2025-01,A,002002,레더/라이더스 재킷,002,아우터,25,2086731,doffjason,도프제이슨,오버핏 비건레더 보머 자켓,https://image.msscdn.net/images/goods_img/20210825/2086731/2086731_1_500.jpg,False
2025-01,A,002002,레더/라이더스 재킷,002,아우터,26,2087860,doffjason,도프제이슨,오버핏 램스킨 보머 자켓,https://image.msscdn.net/images/goods_img/20210825/2087860/2087860_3_500.jpg,False
2025-01,A,002002,레더/라이더스 재킷,002,아우터,27,4448720,rockcake,락케이크,Overfit Leather Blouson Jacket - Brown,https://image.msscdn.net/images/goods_img/20240920/4448720/4448720_17555900624009_500.jpg,False
2025-01,A,002002,레더/라이더스 재킷,002,아우터,28,3442701,supersub,슈퍼서브,빈티지 트랙 바이커 레더 점퍼 - 블랙,https://image.msscdn.net/images/goods_img/20230803/3442701/3442701_16926894285439_500.jpg,False
2025-01,A,002002,레더/라이더스 재킷,002,아우터,29,4448722,rockcake,락케이크,Overfit Leather Blouson Jacket - Black,https://image.msscdn.net/images/goods_img/20240920/4448722/4448722_17309469612375_500.jpg,False
2025-01,A,002002,레더/라이더스 재킷,002,아우터,30,4341100,saintlaurent,생로랑,클래식 모터사이클 레더 재킷 - 블랙 / 484284Y5YA21000,https://image.msscdn.net/images/goods_img/20240819/4341100/4341100_17249066572122_500.jpg,False
2025-01,A,002020,카디건,002,아우터,1,3881570,millo,밀로 아카이브,크롭 무브 가디건 [레드],https://image.msscdn.net/images/goods_img/20240219/3881570/3881570_17084242695126_500.jpg,False
2025-01,A,002020,카디건,002,아우터,2,3650861,matinkim,마뗑킴,SPELL POINT STRIPE KNIT CARDIGAN IN BLACK,https://image.msscdn.net/images/goods_img/20231023/3650861/3650861_17582530640437_500.jpg,False
2025-01,A,002020,카디건,002,아우터,3,4371209,oddstudio,오드스튜디오,스포티 트랙 세미 크롭 니트 집업 - BROWN,https://image.msscdn.net/images/goods_img/20240826/4371209/4371209_17605793956449_500.jpg,False
2025-01,A,002020,카디건,002,아우터,4,2683549,satur,세터,파로 오버 사이즈 부클 가디건 클래식 블랙,https://image.msscdn.net/images/prd_img/20220726/2683549/detail_2683549_17582476224564_500.jpg,False
2025-01,A,002020,카디건,002,아우터,5,3650860,matinkim,마뗑킴,SPELL POINT STRIPE KNIT CARDIGAN IN IVORY,https://image.msscdn.net/images/goods_img/20231023/3650860/3650860_17582531018308_500.jpg,False
2025-01,A,002020,카디건,002,아우터,6,4419822,millo,밀로 아카이브,크롭 무브 가디건 [차콜],https://image.msscdn.net/images/goods_img/20240909/4419822/4419822_17259530199997_500.jpg,False
2025-01,A,002020,카디건,002,아우터,7,3981315,millo,밀로 아카이브,크롭 무브 가디건 [블랙],https://image.msscdn.net/images/goods_img/20240322/3981315/3981315_17110720298305_500.jpg,False
2025-01,A,002020,카디건,002,아우터,8,2288704,espionage,에스피오나지,Miller Heavyweight Cardigan Burnt Orange,https://image.msscdn.net/images/goods_img/20220103/2288704/2288704_17875617307364_500.jpg,False
2025-01,A,002020,카디건,002,아우터,9,4403731,frenchchic,프렌치시크,코스에그 자수 투웨이 니트집업 가디건,https://image.msscdn.net/images/prd_img/20240904/4403731/detail_4403731_17388925781886_500.jpg,False
2025-01,A,002020,카디건,002,아우터,10,4001390,beslow,비슬로우,[비슬로우X데릭]CREW NECK SHORT CARDIGAN CHARCOAL,https://image.msscdn.net/images/goods_img/20240328/4001390/4001390_17121318185902_500.jpg,False
2025-01,A,002020,카디건,002,아우터,11,3881573,millo,밀로 아카이브,크롭 무브 가디건 [블루 그레이],https://image.msscdn.net/images/goods_img/20240219/3881573/3881573_17084243533327_500.jpg,False
2025-01,A,002020,카디건,002,아우터,12,4380452,partimento,파르티멘토,뱃지 리뉴얼 니트 노르딕 가디건 블랙,https://image.msscdn.net/images/goods_img/20240828/4380452/4380452_17249079745182_500.jpg,False
2025-01,A,002020,카디건,002,아우터,13,4336624,excontainer,엑스컨테이너,미니멀 버튼 라운드넥 가디건 (DARK RED),https://image.msscdn.net/images/goods_img/20240816/4336624/4336624_17706226040291_500.jpg,False
2025-01,A,002020,카디건,002,아우터,14,4419823,millo,밀로 아카이브,크롭 무브 가디건 [네이비],https://image.msscdn.net/images/goods_img/20240909/4419823/4419823_17259531168323_500.jpg,False
2025-01,A,002020,카디건,002,아우터,15,4371211,oddstudio,오드스튜디오,스포티 트랙 세미 크롭 니트 집업 - CHARCOAL,https://image.msscdn.net/images/goods_img/20240826/4371211/4371211_17361422998163_500.jpg,False
2025-01,A,002020,카디건,002,아우터,16,4695372,branded,브랜디드,BRUSHED ALPACA CARDIGAN [DARK OLIVE],https://image.msscdn.net/images/goods_img/20250102/4695372/4695372_17358700770414_500.jpg,False
2025-01,A,002020,카디건,002,아우터,17,4299338,partimento,파르티멘토,뱃지 리뉴얼 니트 라운드 가디건 레드,https://image.msscdn.net/images/goods_img/20240806/4299338/4299338_17237817273203_500.jpg,False
2025-01,A,002020,카디건,002,아우터,18,4544315,roompacker,룸페커,폴드 포켓 니트 후드 가디건,https://image.msscdn.net/images/goods_img/20241022/4544315/4544315_17697419210810_500.jpg,False
2025-01,A,002020,카디건,002,아우터,19,3010404,poloralphlauren,폴로 랄프 로렌,W 케이블 니트 코튼 크루넥 카디건 - 네이비,https://image.msscdn.net/images/goods_img/20230109/3010404/3010404_16772074069968_500.jpg,False
2025-01,A,002020,카디건,002,아우터,20,4336623,excontainer,엑스컨테이너,미니멀 버튼 라운드넥 가디건 (CHARCOAL),https://image.msscdn.net/images/goods_img/20240816/4336623/4336623_17702721756132_500.jpg,False
2025-01,A,002020,카디건,002,아우터,21,4322443,rockcake,락케이크,Flower Cowichan Cardigan - Black/Black,https://image.msscdn.net/images/goods_img/20240812/4322443/4322443_17326787738074_500.jpg,False
2025-01,A,002020,카디건,002,아우터,22,3697580,compagno,꼼파뇨,[2-WAY] 커브드 블록 니트 집업 블랙,https://image.msscdn.net/images/goods_img/20231108/3697580/3697580_17047815740073_500.jpg,False
2025-01,A,002020,카디건,002,아우터,23,4410293,asifcalie,에즈이프 캘리,LEOPARD KNIT CARDIGAN PINK,https://image.msscdn.net/images/goods_img/20240905/4410293/4410293_17310311312602_500.jpg,False
2025-01,A,002020,카디건,002,아우터,24,4471880,aakam,아캄,Sun Jacquard Zip-Up Sweater (Dark Gray),https://image.msscdn.net/images/goods_img/20240927/4471880/4471880_17346067396057_500.jpg,False
2025-01,A,002020,카디건,002,아우터,25,3624443,urago,유라고,Jacquard hoodie cardigan,https://image.msscdn.net/images/goods_img/20231012/3624443/3624443_17655191126659_500.jpg,False
2025-01,A,002020,카디건,002,아우터,26,1608372,espionage,에스피오나지,Miller Heavyweight Cardigan Dust,https://image.msscdn.net/images/goods_img/20200917/1608372/1608372_17875619588098_500.jpg,False
2025-01,A,002020,카디건,002,아우터,27,2815323,musinsastandard,무신사 스탠다드,릴렉스드 리브드 라운드 넥 가디건 [블랙],https://image.msscdn.net/images/goods_img/20220923/2815323/2815323_17794093883481_500.jpg,False
2025-01,A,002020,카디건,002,아우터,28,3441716,toffee,토피,오버핏 라운드넥 니트 가디건 (BROWN),https://image.msscdn.net/images/goods_img/20230802/3441716/3441716_16927724176323_500.jpg,False
2025-01,A,002020,카디건,002,아우터,29,2172006,espionage,에스피오나지,Miller Heavyweight Cardigan Navy,https://image.msscdn.net/images/goods_img/20211012/2172006/2172006_17875615016761_500.jpg,False
2025-01,A,002020,카디건,002,아우터,30,4496275,hooves,후브스,코위찬 스노우 집업 니트 [아이보리],https://image.msscdn.net/images/goods_img/20241008/4496275/4496275_17624899717688_500.jpg,False
2025-01,A,002017,트러커 재킷,002,아우터,1,4262843,outstanding,아웃스탠딩,[MUT lab] W.W. II SELVEDGE DENIM 1ST JACKET_INDIGO,https://image.msscdn.net/images/goods_img/20240719/4262843/4262843_17682659790914_500.jpg,False
2025-01,A,002017,트러커 재킷,002,아우터,2,4693591,outstanding,아웃스탠딩,[MUT lab] SELVEDGE DENIM 1ST JACKET_INDIGO,https://image.msscdn.net/images/goods_img/20250102/4693591/4693591_17860676827501_500.jpg,False
2025-01,A,002017,트러커 재킷,002,아우터,3,3046279,outstanding,아웃스탠딩,SELVEDGE DENIM 2ND JACKET_INDIGO,https://image.msscdn.net/images/goods_img/20230130/3046279/3046279_17684404870062_500.jpg,False
2025-01,A,002017,트러커 재킷,002,아우터,4,4287413,trillion,트릴리온,코듀로이 카라 데님 집업 워크 자켓 (BLACK),https://image.msscdn.net/images/goods_img/20240731/4287413/4287413_17228544866344_500.jpg,False
2025-01,A,002017,트러커 재킷,002,아우터,5,1790383,trillion,트릴리온,워싱 스티치 데님자켓 (BLACK),https://image.msscdn.net/images/goods_img/20210210/1790383/1790383_2_500.jpg,False
2025-01,A,002017,트러커 재킷,002,아우터,6,3836318,toffee,토피,빈티지 스냅 데님 블루종 자켓 (WASHED INDIGO),https://image.msscdn.net/images/goods_img/20240131/3836318/3836318_17071205288194_500.jpg,False
2025-01,A,002017,트러커 재킷,002,아우터,7,2359414,noirer,노이어,오버핏 크롭 데님 자켓 (블랙),https://image.msscdn.net/images/goods_img/20220214/2359414/2359414_17080536538331_500.jpg,False
2025-01,A,002017,트러커 재킷,002,아우터,8,3622977,trillion,트릴리온,페이드 워싱 바이커 데님 자켓 (BLACK),https://image.msscdn.net/images/goods_img/20231012/3622977/3622977_16977691200340_500.jpg,False
2025-01,A,002017,트러커 재킷,002,아우터,9,3801342,supersub,슈퍼서브,워싱 크롭 데님 재킷 - 워시드 브라운,https://image.msscdn.net/images/goods_img/20240117/3801342/3801342_17065954658593_500.jpg,False
2025-01,A,002017,트러커 재킷,002,아우터,10,4353364,noirer,노이어,벨벳 텍스쳐 데님 트러커 자켓 (블랙),https://image.msscdn.net/images/goods_img/20240821/4353364/4353364_17392886821736_500.jpg,False
2025-01,A,002017,트러커 재킷,002,아우터,11,3461559,outstanding,아웃스탠딩,SELVEDGE DENIM 2ND JACKET_BLACK,https://image.msscdn.net/images/goods_img/20230811/3461559/3461559_17374205350021_500.jpg,False
2025-01,A,002017,트러커 재킷,002,아우터,12,4673166,standarderror,스탠다드에러,87-STAN116 [뉴트로] 빈티지 워시드 더블 라인 데님 자켓 빈티지 블랙,https://image.msscdn.net/images/goods_img/20241219/4673166/4673166_17551436384301_500.jpg,False
2025-01,A,002017,트러커 재킷,002,아우터,13,4278906,lmood,엘무드,버번 데님 트러커 자켓 벨벳틴 블랙,https://image.msscdn.net/images/goods_img/20240729/4278906/4278906_17243791333736_500.jpg,False
2025-01,A,002017,트러커 재킷,002,아우터,14,4498086,espionage,에스피오나지,Blanket Lined Denim Work Jacket Washed Indigo,https://image.msscdn.net/images/goods_img/20241008/4498086/4498086_17286154837189_500.jpg,False
2025-01,A,002017,트러커 재킷,002,아우터,15,4299766,lee,리,콘밀 데님 자켓 인디고 로우,https://image.msscdn.net/images/goods_img/20240806/4299766/4299766_17229212669894_500.jpg,False
2025-01,A,002017,트러커 재킷,002,아우터,16,3596063,dimitriblack,디미트리블랙,2WAY 크롭 코듀로이 드리즐러 자켓_브라운,https://image.msscdn.net/images/goods_img/20230926/3596063/3596063_17621457230668_500.jpg,False
2025-01,A,002017,트러커 재킷,002,아우터,17,3510056,demil,데밀,LOT.062 파이오니어 셀비지 데님자켓 인디고 원워시,https://image.msscdn.net/images/goods_img/20230829/3510056/3510056_17147199908980_500.jpg,False
2025-01,A,002017,트러커 재킷,002,아우터,18,4300024,againstallodds,에이지오디,워시드 크롭 집업 데님 자켓 [그레이],https://image.msscdn.net/images/goods_img/20240806/4300024/4300024_17673355542091_500.jpg,False
2025-01,A,002017,트러커 재킷,002,아우터,19,1195307,branded,브랜디드,2001 SLOW WORKER DENIM WASH. JACKET [BLACK INDIGO],https://image.msscdn.net/images/goods_img/20191021/1195307/1195307_4_500.jpg,False
2025-01,A,002017,트러커 재킷,002,아우터,20,4302209,kiimuir,키뮤어,데님 워크 자켓_데님,https://image.msscdn.net/images/goods_img/20240806/4302209/4302209_17243850584225_500.jpg,False
2025-01,A,002017,트러커 재킷,002,아우터,21,4383809,suare,수아레,샌느 셋업,https://image.msscdn.net/images/goods_img/20240829/4383809/4383809_17301816216764_500.jpg,False
2025-01,A,002017,트러커 재킷,002,아우터,22,4287892,supersub,슈퍼서브,워싱 크롭 데님 재킷 - 워시드 블루,https://image.msscdn.net/images/goods_img/20240801/4287892/4287892_17224927839087_500.jpg,False
2025-01,A,002017,트러커 재킷,002,아우터,23,4717494,themuseumvisitor,더뮤지엄비지터,HOT FIX LEOPARD WORK JACKET (CHARCOAL),https://image.msscdn.net/images/goods_img/20250114/4717494/4717494_17373411270213_500.jpg,False
2025-01,A,002017,트러커 재킷,002,아우터,24,3827748,toffee,토피,워시드 데님 트러커 자켓 (WASHED BLACK),https://image.msscdn.net/images/goods_img/20240129/3827748/3827748_17071118135840_500.jpg,False
2025-01,A,002017,트러커 재킷,002,아우터,25,4305404,drawfit,드로우핏,콘트라스트 워크 트러커 자켓 [D.GREY],https://image.msscdn.net/images/goods_img/20240807/4305404/4305404_17236128988610_500.jpg,False
2025-01,A,002017,트러커 재킷,002,아우터,26,2446974,laugher,라퍼,[SET][논페이드] 카우보이 데님 셋업 - 딥블루,https://image.msscdn.net/images/goods_img/20220325/2446974/2446974_16909544232601_500.jpg,False
2025-01,A,002017,트러커 재킷,002,아우터,27,4684048,thecoldestmoment,더콜디스트모먼트,TCM washed mini logo jacket (black),https://image.msscdn.net/images/goods_img/20241230/4684048/4684048_17370151015554_500.jpg,False
2025-01,A,002017,트러커 재킷,002,아우터,28,4350407,coor,쿠어,머드 다잉 패디드 데님 자켓 (워시드블랙),https://image.msscdn.net/images/goods_img/20240820/4350407/4350407_17242410730391_500.jpg,False
2025-01,A,002017,트러커 재킷,002,아우터,29,2403367,espionage,에스피오나지,French Wide Work Jacket (Moleskin) French Blue,https://image.msscdn.net/images/goods_img/20220307/2403367/2403367_1_500.jpg,False
2025-01,A,002017,트러커 재킷,002,아우터,30,4370014,espionage,에스피오나지,Minimal Denim Trucker Jacket Mid Indigo,https://image.msscdn.net/images/goods_img/20240826/4370014/4370014_17248960554904_500.jpg,False
2025-01,A,002003,슈트/블레이저 재킷,002,아우터,1,1558197,musinsastandard,무신사 스탠다드,릴렉스드 베이식 블레이저 [블랙],https://image.msscdn.net/images/goods_img/20200820/1558197/1558197_17791521338764_500.jpg,False
2025-01,A,002003,슈트/블레이저 재킷,002,아우터,2,4384039,suare,수아레,프렌치 울 트위드 블레이저,https://image.msscdn.net/images/goods_img/20240829/4384039/4384039_17258778553515_500.jpg,False
2025-01,A,002003,슈트/블레이저 재킷,002,아우터,3,1108007,musinsastandard,무신사 스탠다드,베이식 블레이저 [블랙],https://image.msscdn.net/images/goods_img/20190802/1108007/1108007_17896970765683_500.jpg,False
2025-01,A,002003,슈트/블레이저 재킷,002,아우터,4,3656886,with1,윗,울 오버 블레이저 자켓 - 브라운,https://image.msscdn.net/images/goods_img/20231025/3656886/3656886_16993408980388_500.jpg,False
2025-01,A,002003,슈트/블레이저 재킷,002,아우터,5,1283757,musinsastandard,무신사 스탠다드,오버사이즈 블레이저 [블랙],https://image.msscdn.net/images/goods_img/20200130/1283757/1283757_17514309817123_500.jpg,False
2025-01,A,002003,슈트/블레이저 재킷,002,아우터,6,1618312,musinsastandardwoman,무신사 스탠다드 우먼,우먼즈 오버사이즈 블레이저 [블랙],https://image.msscdn.net/images/goods_img/20200923/1618312/1618312_17840158746923_500.jpg,False
2025-01,A,002003,슈트/블레이저 재킷,002,아우터,7,3825573,lemainsecond,리메인세컨드,[SET UP] 베이식 세미 오버핏 셋업 수트,https://image.msscdn.net/images/goods_img/20240126/3825573/3825573_17151317585846_500.jpg,False
2025-01,A,002003,슈트/블레이저 재킷,002,아우터,8,1803462,musinsastandardwoman,무신사 스탠다드 우먼,우먼즈 베이식 블레이저 [블랙],https://image.msscdn.net/images/goods_img/20210219/1803462/1803462_17834925402814_500.jpg,False
2025-01,A,002003,슈트/블레이저 재킷,002,아우터,9,4295651,citybreeze,시티브리즈,울 루즈핏 사선 절개 싱글 자켓_BLACK,https://image.msscdn.net/images/goods_img/20240805/4295651/4295651_17821798085133_500.jpg,False
2025-01,A,002003,슈트/블레이저 재킷,002,아우터,10,4209438,musinsastandardwoman,무신사 스탠다드 우먼,우먼즈 울 블렌드 볼륨 멜톤 오버 숄더 더블 블레이저 코트 [미디엄 그레이],https://image.msscdn.net/images/goods_img/20240620/4209438/4209438_17310552049975_500.jpg,False
2025-01,A,002003,슈트/블레이저 재킷,002,아우터,11,4209437,musinsastandardwoman,무신사 스탠다드 우먼,우먼즈 울 블렌드 볼륨 멜톤 오버 숄더 더블 블레이저 코트 [블랙],https://image.msscdn.net/images/goods_img/20240620/4209437/4209437_17307729325763_500.jpg,False
2025-01,A,002003,슈트/블레이저 재킷,002,아우터,12,2723772,suare,수아레,헤리티지 블레이저 시리즈,https://image.msscdn.net/images/goods_img/20220818/2723772/2723772_17152500620750_500.jpg,False
2025-01,A,002003,슈트/블레이저 재킷,002,아우터,13,1558671,musinsastandard,무신사 스탠다드,릴렉스드 베이식 블레이저 [차콜 그레이],https://image.msscdn.net/images/goods_img/20200821/1558671/1558671_17514475628467_500.jpg,False
2025-01,A,002003,슈트/블레이저 재킷,002,아우터,14,3845890,citybreeze,시티브리즈,루즈핏 사선 절개 싱글 자켓_GREY,https://image.msscdn.net/images/goods_img/20240205/3845890/3845890_17800354662108_500.jpg,False
2025-01,A,002003,슈트/블레이저 재킷,002,아우터,15,4435150,citybreeze,시티브리즈,리브르 울 트위드 자켓_IVORY,https://image.msscdn.net/images/goods_img/20240912/4435150/4435150_17821797330892_500.jpg,False
2025-01,A,002003,슈트/블레이저 재킷,002,아우터,16,2572705,nonblank,넌블랭크,[SAINT YEAR] 세미 오버 핏 셋업 수트_GREY,https://image.msscdn.net/images/goods_img/20220520/2572705/2572705_17769899182977_500.jpg,False
2025-01,A,002003,슈트/블레이저 재킷,002,아우터,17,2626655,musinsastandardwoman,무신사 스탠다드 우먼,우먼즈 울 블렌드 멜톤 오버 숄더 블레이저 [블랙],https://image.msscdn.net/images/goods_img/20220621/2626655/2626655_17358862223273_500.jpg,False
2025-01,A,002003,슈트/블레이저 재킷,002,아우터,18,3809740,nonblank,넌블랭크,W11 울 블렌드 세미 오버 핏 셋업 수트_CHARCOAL GREY,https://image.msscdn.net/images/goods_img/20240119/3809740/3809740_17770091932615_500.jpg,False
2025-01,A,002003,슈트/블레이저 재킷,002,아우터,19,4322107,citybreeze,시티브리즈,리브르 울 트위드 자켓_BLACK,https://image.msscdn.net/images/goods_img/20240812/4322107/4322107_17821797305327_500.jpg,False
2025-01,A,002003,슈트/블레이저 재킷,002,아우터,20,4354954,bants,반츠,SDS 우스티드 울 3B 싱글 블레이저 - 네이비,https://image.msscdn.net/images/goods_img/20240821/4354954/4354954_17242346910258_500.jpg,False
2025-01,A,002003,슈트/블레이저 재킷,002,아우터,21,1558683,musinsastandard,무신사 스탠다드,릴렉스드 베이식 블레이저 [미디엄 그레이],https://image.msscdn.net/images/goods_img/20200821/1558683/1558683_17514474604010_500.jpg,False
2025-01,A,002003,슈트/블레이저 재킷,002,아우터,22,2254806,musinsastandard,무신사 스탠다드,릴렉스드 베이식 울 블레이저 [블랙],https://image.msscdn.net/images/goods_img/20211202/2254806/2254806_17267990888599_500.jpg,False
2025-01,A,002003,슈트/블레이저 재킷,002,아우터,23,4209466,musinsastandardwoman,무신사 스탠다드 우먼,우먼즈 울 블렌드 트위드 4버튼 블레이저 [그레이],https://image.msscdn.net/images/goods_img/20240620/4209466/4209466_17308607285743_500.jpg,False
2025-01,A,002003,슈트/블레이저 재킷,002,아우터,24,4295652,citybreeze,시티브리즈,울 루즈핏 사선 절개 싱글 자켓_GREY,https://image.msscdn.net/images/goods_img/20240805/4295652/4295652_17821798115232_500.jpg,False
2025-01,A,002003,슈트/블레이저 재킷,002,아우터,25,4330504,oheshio,오헤시오,"ROUND FRILL JACKET, BLACK",https://image.msscdn.net/images/goods_img/20240814/4330504/4330504_17253334375808_500.jpg,False
2025-01,A,002003,슈트/블레이저 재킷,002,아우터,26,2626656,musinsastandardwoman,무신사 스탠다드 우먼,우먼즈 울 블렌드 멜톤 오버 숄더 블레이저 [오트밀],https://image.msscdn.net/images/goods_img/20220621/2626656/2626656_17358857369792_500.jpg,False
2025-01,A,002003,슈트/블레이저 재킷,002,아우터,27,3812762,nonblank,넌블랭크,[CARREMAN] 세미 오버 핏 셋업 수트_BLACK,https://image.msscdn.net/images/goods_img/20240122/3812762/3812762_17770086866778_500.jpg,False
2025-01,A,002003,슈트/블레이저 재킷,002,아우터,28,1248260,musinsastandard,무신사 스탠다드,베이식 울 블레이저 [블랙],https://image.msscdn.net/images/goods_img/20191210/1248260/1248260_3_500.jpg,False
2025-01,A,002003,슈트/블레이저 재킷,002,아우터,29,2808735,tradclubvintage,트래드클럽,캔터베리 클래식 레귤러 셋업 수트,https://image.msscdn.net/images/goods_img/20220921/2808735/2808735_17116072363778_500.jpg,False
2025-01,A,002003,슈트/블레이저 재킷,002,아우터,30,1873073,musinsastandard,무신사 스탠다드,오버사이즈 블레이저 [미디엄 그레이],https://image.msscdn.net/images/goods_img/20210331/1873073/1873073_17775139886227_500.jpg,False
2025-01,A,002004,스타디움 재킷,002,아우터,1,2752807,kiimuir,키뮤어,[25SS] 울(WOOL) 바시티 자켓_블랙,https://image.msscdn.net/images/goods_img/20220830/2752807/2752807_17664729093372_500.jpg,False
2025-01,A,002004,스타디움 재킷,002,아우터,2,3730463,poloralphlauren,폴로 랄프 로렌,바시티 스타일 재킷 - 그린,https://image.msscdn.net/images/goods_img/20231123/3730463/3730463_17152312522806_500.jpg,False
2025-01,A,002004,스타디움 재킷,002,아우터,3,2123924,espionage,에스피오나지,Standard Varsity Jacket Navy,https://image.msscdn.net/images/goods_img/20210910/2123924/2123924_1_500.jpg,False
2025-01,A,002004,스타디움 재킷,002,아우터,4,4498312,espionage,에스피오나지,Standard Varsity Jacket NS Black,https://image.msscdn.net/images/goods_img/20241008/4498312/4498312_17286158569727_500.jpg,False
2025-01,A,002004,스타디움 재킷,002,아우터,5,3439979,urbandtype,어반디타입,(패딩or논패딩 선택) 코듀로이 래글런 자켓_네이비,https://image.msscdn.net/images/goods_img/20230801/3439979/3439979_17346618324739_500.jpg,False
2025-01,A,002004,스타디움 재킷,002,아우터,6,3557760,newera,뉴에라,MLB 뉴욕양키스 스타디움 재킷 네이비,https://image.msscdn.net/images/goods_img/20230913/3557760/3557760_16946558019097_500.jpg,False
2025-01,A,002004,스타디움 재킷,002,아우터,7,2752809,kiimuir,키뮤어,[25SS] 울(WOOL) 바시티 자켓_네이비,https://image.msscdn.net/images/goods_img/20220830/2752809/2752809_17388178850129_500.jpg,False
2025-01,A,002004,스타디움 재킷,002,아우터,8,3061176,poloralphlauren,폴로 랄프 로렌,[NEW YORK BOXING CLUB] 새틴 바시티 리버시블 재킷 - 블랙,https://image.msscdn.net/images/goods_img/20230206/3061176/3061176_17161651575693_500.jpg,False
2025-01,A,002004,스타디움 재킷,002,아우터,9,2225492,outstanding,아웃스탠딩,VARSITY COWHIDE JACKET_BLACK,https://image.msscdn.net/images/goods_img/20211110/2225492/2225492_17282759829611_500.jpg,False
2025-01,A,002004,스타디움 재킷,002,아우터,10,2752332,lettercomo,레테르코모,빅 어워드 스타디움 울 바시티자켓 블랙,https://image.msscdn.net/images/goods_img/20220829/2752332/2752332_17600737132519_500.jpg,False
2025-01,A,002004,스타디움 재킷,002,아우터,11,2093817,takeasy,테이크이지,라쿠 베이스볼 오버자켓(네이비),https://image.msscdn.net/images/goods_img/20210827/2093817/2093817_4_500.jpg,False
2025-01,A,002004,스타디움 재킷,002,아우터,12,3557766,newera,뉴에라,MLB 뉴욕양키스 월드시리즈 패치 스타디움 재킷 블랙,https://image.msscdn.net/images/goods_img/20230913/3557766/3557766_16946555757159_500.jpg,False
2025-01,A,002004,스타디움 재킷,002,아우터,13,4483820,covernat,커버낫,24FW 컬리지 C 울 바시티 네이비,https://image.msscdn.net/images/goods_img/20241002/4483820/4483820_17321677372498_500.jpg,False
2025-01,A,002004,스타디움 재킷,002,아우터,14,4440713,poloralphlauren,폴로 랄프 로렌,리버시블 레터맨 재킷-멀티컬러,https://image.msscdn.net/images/goods_img/20240913/4440713/4440713_17292155389119_500.jpg,False
2025-01,A,002004,스타디움 재킷,002,아우터,15,3294541,poloralphlauren,폴로 랄프 로렌,플리스 베이스볼 재킷 - 네이비,https://image.msscdn.net/images/goods_img/20230512/3294541/3294541_16861231294723_500.jpg,False
2025-01,A,002004,스타디움 재킷,002,아우터,16,4627952,ason,애즈온,MIGOS VARSITY JACKET,https://image.msscdn.net/images/goods_img/20241120/4627952/4627952_17320945443529_500.png,False
2025-01,A,002004,스타디움 재킷,002,아우터,17,4525863,newera,뉴에라,AP MLB LOGO STADIUM JK43 LOSDOD D BLU,https://image.msscdn.net/images/goods_img/20241016/4525863/4525863_17291421754890_500.jpg,False
2025-01,A,002004,스타디움 재킷,002,아우터,18,3034369,jemut,제멋,레더 레글런 바시티 자켓 4종 다크그린 YHOT2461,https://image.msscdn.net/images/goods_img/20230119/3034369/3034369_16741120892037_500.jpg,False
2025-01,A,002004,스타디움 재킷,002,아우터,19,2959465,rawlab,로우랩,R 시티 헤비 바시티자켓 (네이비),https://image.msscdn.net/images/goods_img/20221124/2959465/2959465_1_500.jpg,False
2025-01,A,002004,스타디움 재킷,002,아우터,20,4262836,outstanding,아웃스탠딩,VARSITY COWHIDE JACKET_OLIVE,https://image.msscdn.net/images/goods_img/20240719/4262836/4262836_17282758479444_500.jpg,False
2025-01,A,002004,스타디움 재킷,002,아우터,21,3439975,urbandtype,어반디타입,(패딩or논패딩 선택) 코듀로이 래글런 자켓_핑크,https://image.msscdn.net/images/goods_img/20230801/3439975/3439975_17346618498463_500.jpg,False
2025-01,A,002004,스타디움 재킷,002,아우터,22,4279954,aecawhite,에이카화이트,DOUBLE A WOOL VARSITY JACKET-BROWN,https://image.msscdn.net/images/goods_img/20240729/4279954/4279954_17248116285831_500.jpg,False
2025-01,A,002004,스타디움 재킷,002,아우터,23,4456327,yeseyesee,예스아이씨,Floral Varsity Jacket Beige,https://image.msscdn.net/images/goods_img/20240924/4456327/4456327_17278332069810_500.jpg,False
2025-01,A,002004,스타디움 재킷,002,아우터,24,2782958,1993studio,1993스튜디오,빈티지 바시티 자켓_네이비,https://image.msscdn.net/images/goods_img/20220908/2782958/2782958_1_500.jpg,False
2025-01,A,002004,스타디움 재킷,002,아우터,25,4280331,nomanual,노매뉴얼,W.S VARSITY JACKET - BLACK,https://image.msscdn.net/images/goods_img/20240729/4280331/4280331_17231681884095_500.jpg,False
2025-01,A,002004,스타디움 재킷,002,아우터,26,4466606,aakam,아캄,Furry 98 Varsity Jacket (Black),https://image.msscdn.net/images/goods_img/20240926/4466606/4466606_17309436375927_500.jpg,False
2025-01,A,002004,스타디움 재킷,002,아우터,27,4225500,diesel,디젤,L 니만 재킷 - 블랙 / A144140LHAL9XX,https://image.msscdn.net/images/goods_img/20240701/4225500/4225500_17216971223233_500.jpg,False
2025-01,A,002004,스타디움 재킷,002,아우터,28,3487909,kiimuir,키뮤어,[25SS] 울(WOOL) 바시티 자켓_그레이,https://image.msscdn.net/images/goods_img/20230822/3487909/3487909_17664787901280_500.jpg,False
2025-01,A,002004,스타디움 재킷,002,아우터,29,3945976,poloralphlauren,폴로 랄프 로렌,리버시블 트윌 새틴 재킷 - 멀티,https://image.msscdn.net/images/goods_img/20240313/3945976/3945976_17146232168043_500.jpg,False
2025-01,A,002004,스타디움 재킷,002,아우터,30,2857983,timcomix,팀코믹스,8 BALL VARSITY JACKET BLACK,https://image.msscdn.net/images/goods_img/20221013/2857983/2857983_16988208342409_500.jpg,False
2025-01,A,002006,나일론/코치 재킷,002,아우터,1,4291290,columbia,컬럼비아,캐년 서클™ 인터체인지 자켓 - 블렉,https://image.msscdn.net/images/goods_img/20240802/4291290/4291290_17261261855930_500.jpg,False
2025-01,A,002006,나일론/코치 재킷,002,아우터,2,1620287,poloralphlauren,폴로 랄프 로렌,바이스윙 윈드브레이커 - 블랙,https://image.msscdn.net/images/goods_img/20200923/1620287/1620287_2_500.jpg,False
2025-01,A,002006,나일론/코치 재킷,002,아우터,3,4306468,musinsastandardsp,무신사 스탠다드 스포츠,2-Layer 바람막이 (3color),https://image.msscdn.net/images/goods_img/20240807/4306468/4306468_17744241636933_500.jpg,False
2025-01,A,002006,나일론/코치 재킷,002,아우터,4,3455882,filluminate,필루미네이트,타슬란 윈드 테이커 자켓-라이트그레이,https://image.msscdn.net/images/goods_img/20230809/3455882/3455882_17827964138309_500.jpg,False
2025-01,A,002006,나일론/코치 재킷,002,아우터,5,3455892,filluminate,필루미네이트,타슬란 윈드 테이커 자켓-블랙,https://image.msscdn.net/images/goods_img/20230809/3455892/3455892_17827964402390_500.jpg,False
2025-01,A,002006,나일론/코치 재킷,002,아우터,6,3835864,oheshio,오헤시오,dot frill hooded windbreaker jumper (black),https://image.msscdn.net/images/goods_img/20240131/3835864/3835864_17091228036119_500.jpg,False
2025-01,A,002006,나일론/코치 재킷,002,아우터,7,2329532,nomanual,노매뉴얼,PENON WIND SHELL - BLACK,https://image.msscdn.net/images/goods_img/20220126/2329532/2329532_16762491689303_500.jpg,False
2025-01,A,002006,나일론/코치 재킷,002,아우터,8,4286685,thenorthface,노스페이스,NJ2HQ55A 남성 하이 마운틴 자켓_BLACK,https://image.msscdn.net/images/goods_img/20240731/4286685/4286685_17224143479289_500.jpg,False
2025-01,A,002006,나일론/코치 재킷,002,아우터,9,4502255,thenorthface,노스페이스,NJ3BQ53K 화이트라벨 밴든 자켓_GRAY,https://image.msscdn.net/images/goods_img/20241010/4502255/4502255_17285354659024_500.jpg,False
2025-01,A,002006,나일론/코치 재킷,002,아우터,10,4327235,thenorthface,노스페이스,NJ2GQ52A 남성 고어텍스 하이커 자켓_BLACK,https://image.msscdn.net/images/goods_img/20240813/4327235/4327235_17235386418707_500.jpg,False
2025-01,A,002006,나일론/코치 재킷,002,아우터,11,4518110,thenorthface,노스페이스,NJ3BQ53L 화이트라벨 밴든 자켓_BEIGE BROWN,https://image.msscdn.net/images/goods_img/20241015/4518110/4518110_17289604198948_500.jpg,False
2025-01,A,002006,나일론/코치 재킷,002,아우터,12,3801725,ertr,이알티알,ERRATOR Team Winter Jacket (Navy),https://image.msscdn.net/images/goods_img/20240117/3801725/3801725_17201691948203_500.jpg,False
2025-01,A,002006,나일론/코치 재킷,002,아우터,13,3209864,not4nerd,낫포너드,Tribal Logo Nylon Racing Jacket - Black,https://image.msscdn.net/images/goods_img/20230405/3209864/3209864_16810674167028_500.jpg,False
2025-01,A,002006,나일론/코치 재킷,002,아우터,14,4422965,frizmworks,프리즘웍스,2LAYER GEN1 SHELL PARKA _ BLACK,https://image.msscdn.net/images/goods_img/20240909/4422965/4422965_17261078515969_500.jpg,False
2025-01,A,002006,나일론/코치 재킷,002,아우터,15,4286917,thenorthface,노스페이스,NJ3BQ55A 남성 데날리 윈드 EX 자켓_BLACK,https://image.msscdn.net/images/goods_img/20240731/4286917/4286917_17224151144861_500.jpg,False
2025-01,A,002006,나일론/코치 재킷,002,아우터,16,2471405,slowrecordhouse,슬로우 레코드 하우스,파이핑 라인 나일론 자켓_네이비,https://image.msscdn.net/images/goods_img/20220406/2471405/2471405_17013952125581_500.jpg,False
2025-01,A,002006,나일론/코치 재킷,002,아우터,17,4641918,arcteryx,아크테릭스,아톰 헤비웨이트 후디 남성 - SOLARIS / AJOFMX7302,https://image.msscdn.net/images/goods_img/20241128/4641918/4641918_17332124756064_500.jpg,False
2025-01,A,002006,나일론/코치 재킷,002,아우터,18,4422967,frizmworks,프리즘웍스,2LAYER GEN1 SHELL PARKA _ LIGHT GRAY,https://image.msscdn.net/images/goods_img/20240909/4422967/4422967_17261077728053_500.jpg,False
2025-01,A,002006,나일론/코치 재킷,002,아우터,19,3793565,musinsastandard,무신사 스탠다드,시티 레저 시어 윈드브레이커 재킷 [블랙],https://image.msscdn.net/images/goods_img/20240112/3793565/3793565_17738965169888_500.jpg,False
2025-01,A,002006,나일론/코치 재킷,002,아우터,20,3525725,nautica,노티카,83플래그 리버시블 요트 파카(다크네이비),https://image.msscdn.net/images/goods_img/20230904/3525725/3525725_17871833101260_500.jpg,False
2025-01,A,002006,나일론/코치 재킷,002,아우터,21,3468754,iey,이에이,WIRE COLLAR OVERSIZED JUMPER Khaki,https://image.msscdn.net/images/goods_img/20230816/3468754/3468754_16922673462620_500.jpg,False
2025-01,A,002006,나일론/코치 재킷,002,아우터,22,4286759,thenorthface,노스페이스,NJ2GQ51A 남성 고어텍스 마운틴 3L 자켓_BLACK,https://image.msscdn.net/images/goods_img/20240731/4286759/4286759_17224146583929_500.jpg,False
2025-01,A,002006,나일론/코치 재킷,002,아우터,23,3209862,not4nerd,낫포너드,Tribal Logo Nylon Racing Jacket - Navy,https://image.msscdn.net/images/goods_img/20230405/3209862/3209862_16810699900063_500.jpg,False
2025-01,A,002006,나일론/코치 재킷,002,아우터,24,4312892,poloralphlauren,폴로 랄프 로렌,트윌 바이스윙 재킷-그린,https://image.msscdn.net/images/goods_img/20240809/4312892/4312892_17253542800418_500.jpg,False
2025-01,A,002006,나일론/코치 재킷,002,아우터,25,4281724,umbro,엄브로,클래식 웜업 바람막이 자켓 카키(UP321CJK96),https://image.msscdn.net/images/goods_img/20240730/4281724/4281724_17292251275386_500.jpg,False
2025-01,A,002006,나일론/코치 재킷,002,아우터,26,4112846,arcteryx,아크테릭스,[SS24] 베타 LT 재킷 남성,https://image.msscdn.net/images/goods_img/20240508/4112846/4112846_17151479842345_500.png,False
2025-01,A,002006,나일론/코치 재킷,002,아우터,27,3049030,travel,트래블,윙 오픈 윈드 브레이커 블랙,https://image.msscdn.net/images/goods_img/20230131/3049030/3049030_17309501590964_500.jpg,False
2025-01,A,002006,나일론/코치 재킷,002,아우터,28,4271510,thisisneverthat,디스이즈네버댓,SP-Logo Windbreaker Plum,https://image.msscdn.net/images/goods_img/20240724/4271510/4271510_17223040567204_500.jpg,False
2025-01,A,002006,나일론/코치 재킷,002,아우터,29,4461980,columbia,컬럼비아,남성 스노우 타워 레이크 다운 자켓 C54YM3471010,https://image.msscdn.net/images/goods_img/20240925/4461980/4461980_17285242914920_500.jpg,False
2025-01,A,002006,나일론/코치 재킷,002,아우터,30,4437501,partimentowomen,파르티멘토 우먼,리버시블 후디드 윈드브레이커_블랙,https://image.msscdn.net/images/goods_img/20240912/4437501/4437501_17268242967118_500.jpg,False
2025-01,A,002019,아노락 재킷,002,아우터,1,3476517,jeep,지프,왜고니어 기모 셋업 바람막이 점퍼 (JO5JPU263BK),https://image.msscdn.net/images/goods_img/20230818/3476517/3476517_16934442091439_500.jpg,False
2025-01,A,002019,아노락 재킷,002,아우터,2,4512375,sportchamber,스포츠챔버,SC 트랙 데님 아노락(블루),https://image.msscdn.net/images/goods_img/20241014/4512375/4512375_17294910431450_500.jpg,False
2025-01,A,002019,아노락 재킷,002,아우터,3,2792669,tenc,텐씨,템페스트 아노락 재킷 - 블랙 / 17CTCUC04055999FW22,https://image.msscdn.net/images/goods_img/20220915/2792669/2792669_1_500.jpg,False
2025-01,A,002019,아노락 재킷,002,아우터,4,2782379,eider,아이더,CORDURA (코듀라) UNI 패딩 아노락 자켓_Black,https://image.msscdn.net/images/goods_img/20220908/2782379/2782379_1_500.jpg,False
2025-01,A,002019,아노락 재킷,002,아우터,5,3466549,kiimuir,키뮤어,2-WAY 릴렉스드 헤링턴 자켓_4 color,https://image.msscdn.net/images/goods_img/20230816/3466549/3466549_17732985666081_500.jpg,False
2025-01,A,002019,아노락 재킷,002,아우터,6,4572657,umbro,엄브로,윈터 하이브리드 아노락 블랙(UP411CFSD1),https://image.msscdn.net/images/goods_img/20241030/4572657/4572657_17303388217279_500.jpg,False
2025-01,A,002019,아노락 재킷,002,아우터,7,4328387,lecoq,르꼬끄,네오 선데이 듀스 자켓 블랙(QP323TJK91),https://image.msscdn.net/images/goods_img/20240814/4328387/4328387_17718952127475_500.jpg,False
2025-01,A,002019,아노락 재킷,002,아우터,8,4470167,umbro,엄브로,WARM+ 풋볼 스탠넥 패딩 아노락 라이트 그레이(UP421SWTO3),https://image.msscdn.net/images/goods_img/20240927/4470167/4470167_17278579267446_500.jpg,False
2025-01,A,002019,아노락 재킷,002,아우터,9,4548855,nike,나이키,스포츠웨어 필드 자켓 M - 미드나이트:화이트 / HQ5355-410,https://image.msscdn.net/images/goods_img/20241023/4548855/4548855_17304292567774_500.jpg,False
2025-01,A,002019,아노락 재킷,002,아우터,10,3046662,kiimuir,키뮤어,후디드 M-51 자켓_3 COLOR,https://image.msscdn.net/images/goods_img/20230130/3046662/3046662_17283563138184_500.jpg,False
2025-01,A,002019,아노락 재킷,002,아우터,11,3904797,thisisneverthat,디스이즈네버댓,PERTEX® QA Half Zip Pullover Black,https://image.msscdn.net/images/goods_img/20240227/3904797/3904797_17090246307838_500.jpg,False
2025-01,A,002019,아노락 재킷,002,아우터,12,4335880,oheshio,오헤시오,"HOODED ANORAK, NAVY",https://image.msscdn.net/images/goods_img/20240816/4335880/4335880_17252644479482_500.jpg,False
2025-01,A,002019,아노락 재킷,002,아우터,13,4303001,thisisneverthat,디스이즈네버댓,Anorak Jacket Black,https://image.msscdn.net/images/goods_img/20240807/4303001/4303001_17235327629851_500.jpg,False
2025-01,A,002019,아노락 재킷,002,아우터,14,4259388,bysec,바이젝,[SET] 우븐 라인 머슬 브레이커 자켓 + 우븐스판 머슬 브레이커 팬츠,https://image.msscdn.net/images/goods_img/20240718/4259388/4259388_17435628383078_500.jpg,False
2025-01,A,002019,아노락 재킷,002,아우터,15,4470168,umbro,엄브로,WARM+ 풋볼 스탠넥 패딩 아노락 블랙(UP421SWTO3),https://image.msscdn.net/images/goods_img/20240927/4470168/4470168_17278579323180_500.jpg,False
2025-01,A,002019,아노락 재킷,002,아우터,16,3100545,umbro,엄브로,클래식 스탠넥 아노락 블랙(UP321CWT96),https://image.msscdn.net/images/goods_img/20230222/3100545/3100545_17548990274331_500.jpg,False
2025-01,A,002019,아노락 재킷,002,아우터,17,4211773,adidas,아디다스,에센셜 3S 우븐 윈드브레이커 IB0384,https://image.msscdn.net/images/goods_img/20240620/4211773/4211773_17188784316546_500.jpg,False
2025-01,A,002019,아노락 재킷,002,아우터,18,3894101,umbro,엄브로,플레이버 스탠넥 아노락 블랙(UP121CWT31),https://image.msscdn.net/images/goods_img/20240223/3894101/3894101_17310357315617_500.jpg,False
2025-01,A,002019,아노락 재킷,002,아우터,19,3550448,snowpeakapparel,스노우피크 어패럴,프로 경량 다운 아노락 Black (S23WUTDJ34),https://image.msscdn.net/images/goods_img/20230911/3550448/3550448_17519615681928_500.jpg,False
2025-01,A,002019,아노락 재킷,002,아우터,20,4328392,lecoq,르꼬끄,네오 선데이 듀스 자켓 레드(QP323TJK91),https://image.msscdn.net/images/goods_img/20240814/4328392/4328392_17580892022665_500.jpg,False
2025-01,A,002019,아노락 재킷,002,아우터,21,3219339,oamc,오에이엠씨,리워크 지퍼 라이너 - 브라운 / 23E28OAX01CAPOA007200,https://image.msscdn.net/images/goods_img/20230410/3219339/3219339_16854096239214_500.jpg,False
2025-01,A,002019,아노락 재킷,002,아우터,22,1817381,travel,트래블,트래블러 버튼 아노락 네이비,https://image.msscdn.net/images/goods_img/20210226/1817381/1817381_2_500.jpg,False
2025-01,A,002019,아노락 재킷,002,아우터,23,1776861,secondmonolgue,세컨모놀로그,나일론 윈드 후드 필드 자켓 [BLACK]_COOSJP029BLACK,https://image.msscdn.net/images/goods_img/20210204/1776861/1776861_17416611391481_500.jpg,False
2025-01,A,002019,아노락 재킷,002,아우터,24,3228925,rolandgarros,롤랑가로스,[SET] 맨즈 바람막이 반바지 네이비,https://image.msscdn.net/images/goods_img/20230412/3228925/3228925_16814358452940_500.jpg,False
2025-01,A,002019,아노락 재킷,002,아우터,25,4281712,umbro,엄브로,클래식 스탠넥 아노락 차콜(UP321CWT96),https://image.msscdn.net/images/goods_img/20240730/4281712/4281712_17229084363183_500.jpg,False
2025-01,A,002019,아노락 재킷,002,아우터,26,2508644,afresh,어프레쉬,에어스트레치 아노락 자켓_블랙 바람막이,https://image.msscdn.net/images/goods_img/20220422/2508644/2508644_17745030971239_500.jpg,False
2025-01,A,002019,아노락 재킷,002,아우터,27,4470172,umbro,엄브로,WARM+ 브러쉬드 메쉬 풋볼 하이넥 피스테 블랙(UP421SWTO2),https://image.msscdn.net/images/goods_img/20240927/4470172/4470172_17382894822698_500.jpg,False
2025-01,A,002019,아노락 재킷,002,아우터,28,3908624,umbro,엄브로,클래식 스탠넥 아노락 크림(UP221CWT41),https://image.msscdn.net/images/goods_img/20240228/3908624/3908624_17478139069378_500.jpg,False
2025-01,A,002019,아노락 재킷,002,아우터,29,3487606,covernat,커버낫,쉐르파 컴피보아 후디 아노락 아이보리,https://image.msscdn.net/images/goods_img/20230822/3487606/3487606_16928622891883_500.png,False
2025-01,A,002019,아노락 재킷,002,아우터,30,850405,search410,써치410,[UNISEX] TRIPLE COMBINATION WINDBREAKER_VIOLET,https://image.msscdn.net/images/goods_img/20180906/850405/850405_5_500.jpg,False
2025-01,A,002018,트레이닝 재킷,002,아우터,1,3588413,adidas,아디다스,베켄바우어 트랙탑 - 블랙:화이트 / II5763,https://image.msscdn.net/images/goods_img/20230922/3588413/3588413_16957743454348_500.jpg,False
2025-01,A,002018,트레이닝 재킷,002,아우터,2,4280527,travel,트래블,져지 트랙 자켓 아이보리,https://image.msscdn.net/images/goods_img/20240729/4280527/4280527_17693915589684_500.jpg,False
2025-01,A,002018,트레이닝 재킷,002,아우터,3,3563185,adidas,아디다스,파이어버드 트랙탑 - 블랙 / IJ7058,https://image.msscdn.net/images/goods_img/20230915/3563185/3563185_16950017775747_500.jpg,False
2025-01,A,002018,트레이닝 재킷,002,아우터,4,3578658,adidas,아디다스,BB 트랙탑 - 마룬 / IN1000,https://image.msscdn.net/images/goods_img/20230920/3578658/3578658_16953699537092_500.jpg,False
2025-01,A,002018,트레이닝 재킷,002,아우터,5,3422706,adidas,아디다스,파이어버드 트랙탑  - 블랙 / IL8764,https://image.msscdn.net/images/goods_img/20230724/3422706/3422706_16904232602323_500.jpg,False
2025-01,A,002018,트레이닝 재킷,002,아우터,6,4462785,adidas,아디다스,베켄바우어 트랙탑 - 다크블루 / IY2222,https://image.msscdn.net/images/goods_img/20240925/4462785/4462785_17278444946215_500.jpg,False
2025-01,A,002018,트레이닝 재킷,002,아우터,7,4489823,adidas,아디다스,BB 트랙탑 - 다크브라운 / JD5267,https://image.msscdn.net/images/goods_img/20241007/4489823/4489823_17453957713625_500.jpg,False
2025-01,A,002018,트레이닝 재킷,002,아우터,8,3771089,adidas,아디다스,베켄바우어 트랙탑 - 블랙 / IY8077,https://image.msscdn.net/images/goods_img/20240102/3771089/3771089_17041852509353_500.jpg,False
2025-01,A,002018,트레이닝 재킷,002,아우터,9,3905833,adidas,아디다스,BB 트랙탑 - 베이지:인디고 / IZ4922,https://image.msscdn.net/images/goods_img/20240227/3905833/3905833_17453960511933_500.jpg,False
2025-01,A,002018,트레이닝 재킷,002,아우터,10,3260637,adidas,아디다스,BB 트랙탑 - 스카이블루 / IK9150,https://image.msscdn.net/images/goods_img/20230425/3260637/3260637_17453962145725_500.jpg,False
2025-01,A,002018,트레이닝 재킷,002,아우터,11,3771149,adidas,아디다스,우븐 파이어버드 트랙탑 - 블랙 / IT2491,https://image.msscdn.net/images/goods_img/20240102/3771149/3771149_17042416430428_500.jpg,False
2025-01,A,002018,트레이닝 재킷,002,아우터,12,3260636,adidas,아디다스,BB 트랙탑 - 네이비 / IK9149,https://image.msscdn.net/images/goods_img/20230425/3260636/3260636_17453962292778_500.jpg,False
2025-01,A,002018,트레이닝 재킷,002,아우터,13,4722495,adidas,아디다스,베켄바우어 트랙탑 - 아이보리:브라운 / JP2522,https://image.msscdn.net/images/goods_img/20250115/4722495/4722495_17370146934878_500.jpg,False
2025-01,A,002018,트레이닝 재킷,002,아우터,14,4414699,adidas,아디다스,베켄바우어 트랙탑 - 다크블루 / JX2802,https://image.msscdn.net/images/goods_img/20240906/4414699/4414699_17258665913327_500.jpg,False
2025-01,A,002018,트레이닝 재킷,002,아우터,15,3578659,adidas,아디다스,BB 트랙탑 - 쉐도우그린 / IN1001,https://image.msscdn.net/images/goods_img/20230920/3578659/3578659_17453961138159_500.jpg,False
2025-01,A,002018,트레이닝 재킷,002,아우터,16,4280525,travel,트래블,져지 트랙 자켓 네이비,https://image.msscdn.net/images/goods_img/20240729/4280525/4280525_17230945367525_500.jpg,False
2025-01,A,002018,트레이닝 재킷,002,아우터,17,3999802,adidas,아디다스,파이어버드 트랙탑 - 인디고 / IR9893,https://image.msscdn.net/images/goods_img/20240328/3999802/3999802_17116109248923_500.jpg,False
2025-01,A,002018,트레이닝 재킷,002,아우터,18,2220819,squidgame,오징어 게임,[공식 컬래버] 무신사 X 오징어 게임 초록색 체육복,https://image.msscdn.net/images/goods_img/20211105/2220819/2220819_3_500.jpg,False
2025-01,A,002018,트레이닝 재킷,002,아우터,19,4234917,adidas,아디다스,베켄바우어 트랙탑 - 블랙 / IW3174,https://image.msscdn.net/images/goods_img/20240705/4234917/4234917_17205041502880_500.jpg,False
2025-01,A,002018,트레이닝 재킷,002,아우터,20,4501470,adidas,아디다스,모토 자켓 - 블랙 / JL8406,https://image.msscdn.net/images/goods_img/20241010/4501470/4501470_17291353363591_500.jpg,False
2025-01,A,002018,트레이닝 재킷,002,아우터,21,4280526,travel,트래블,져지 트랙 자켓 브라운,https://image.msscdn.net/images/goods_img/20240729/4280526/4280526_17313741600749_500.jpg,False
2025-01,A,002018,트레이닝 재킷,002,아우터,22,4336062,adidas,아디다스,파이어버드 니트 탑 - 블랙 / IY7278,https://image.msscdn.net/images/goods_img/20240816/4336062/4336062_17242236131024_500.jpg,False
2025-01,A,002018,트레이닝 재킷,002,아우터,23,4702431,adidas,아디다스,베켄바우어 트랙탑 - 화이트 / JC5806,https://image.msscdn.net/images/goods_img/20250107/4702431/4702431_17363207622539_500.jpg,False
2025-01,A,002018,트레이닝 재킷,002,아우터,24,4606423,adidas,아디다스,베켄바우어 트랙탑 - 브라운 / IY9879,https://image.msscdn.net/images/goods_img/20241112/4606423/4606423_17315731467039_500.jpg,False
2025-01,A,002018,트레이닝 재킷,002,아우터,25,4319022,prendafromplant,프렌다,RAGLAN TRACK JERSEY JACKET BEIGE BRICK RED,https://image.msscdn.net/images/goods_img/20240812/4319022/4319022_17242869969697_500.jpg,False
2025-01,A,002018,트레이닝 재킷,002,아우터,26,4299259,adidas,아디다스,ADILENIUM  2 오버사이즈 트랙탑 - 블랙 / JM9251,https://image.msscdn.net/images/goods_img/20240806/4299259/4299259_17231905137986_500.jpg,False
2025-01,A,002018,트레이닝 재킷,002,아우터,27,4400157,borntowin,본투윈,SILVER LINE NYLON WIND BREAKER [BLACK],https://image.msscdn.net/images/goods_img/20240903/4400157/4400157_17258626015700_500.jpg,False
2025-01,A,002018,트레이닝 재킷,002,아우터,28,4369032,niceghostclub,나이스고스트클럽,3STARS SWEAT JERSEY ZIP UP_BEIGE(NG2EFUM486A),https://image.msscdn.net/images/goods_img/20240826/4369032/4369032_17248289158818_500.jpg,False
2025-01,A,002018,트레이닝 재킷,002,아우터,29,4596657,setupexe,셋업이엑스이,STAR SPORTY ZIP-UP / BLACK,https://image.msscdn.net/images/goods_img/20241107/4596657/4596657_17318521414549_500.jpg,False
2025-01,A,002018,트레이닝 재킷,002,아우터,30,3874735,satur,세터,로턴 칼라 트랙 집업 자켓 클래식 네이비,https://image.msscdn.net/images/goods_img/20240215/3874735/3874735_17241621321423_500.jpg,False
2025-01,A,002008,환절기 코트,002,아우터,1,4202567,burberry,버버리,롱 켄싱턴 헤리티지 트렌치 코트 - 블랙 / 8079384,https://image.msscdn.net/images/goods_img/20240618/4202567/4202567_17217896805637_500.jpg,False
2025-01,A,002008,환절기 코트,002,아우터,2,709188,drawfit,드로우핏,오버사이즈 울 트렌치 코트 [BLACK],https://image.msscdn.net/images/goods_img/20180205/709188/709188_16917313775663_500.jpg,False
2025-01,A,002008,환절기 코트,002,아우터,3,4202562,burberry,버버리,롱 켄싱턴 헤리티지 트렌치 코트 - 허니 / 8079414,https://image.msscdn.net/images/goods_img/20240618/4202562/4202562_17217899298658_500.jpg,False
2025-01,A,002008,환절기 코트,002,아우터,4,4659203,burberry,버버리,미드 렝스 캠던 헤리티지 카 코트 - 허니 / 8079396,https://image.msscdn.net/images/goods_img/20241210/4659203/4659203_17351751940368_500.jpg,False
2025-01,A,002008,환절기 코트,002,아우터,5,4342694,beslow,비슬로우,WASHED LEATHER CAR COAT BLACK,https://image.msscdn.net/images/goods_img/20240819/4342694/4342694_17247495423355_500.jpg,False
2025-01,A,002008,환절기 코트,002,아우터,6,2991545,jacquemus,자크뮈스,라 코지 파카 - 라이트 베이지 / 226CO0081060130,https://image.msscdn.net/images/goods_img/20221221/2991545/2991545_16741016570066_500.jpg,False
2025-01,A,002008,환절기 코트,002,아우터,7,4479782,lee,리,울 더플 코트 네이비,https://image.msscdn.net/images/goods_img/20241002/4479782/4479782_17304278642395_500.jpg,False
2025-01,A,002008,환절기 코트,002,아우터,8,680961,flareup,플레어업,오버사이즈 트렌치코트 (FL-012),https://image.msscdn.net/images/prd_img/20171130/680961/detail_680961_37_500.jpg,False
2025-01,A,002008,환절기 코트,002,아우터,9,3174398,burberry,버버리,롱 켄싱턴 헤리티지 트렌치코트 - 허니 / 8045861,https://image.msscdn.net/images/goods_img/20230323/3174398/3174398_16868071165005_500.jpg,False
2025-01,A,002008,환절기 코트,002,아우터,10,3182686,isabelmarant,이자벨마랑,가브리엘 코트 - 오렌지 / MA0019FAA1D24E11OR,https://image.msscdn.net/images/goods_img/20230327/3182686/3182686_16830816783894_500.jpg,False
2025-01,A,002008,환절기 코트,002,아우터,11,4342689,beslow,비슬로우,WASHED LEATHER CAR COAT BROWN,https://image.msscdn.net/images/goods_img/20240819/4342689/4342689_17253516602883_500.jpg,False
2025-01,A,002008,환절기 코트,002,아우터,12,2770867,malen,말렌,유니섹스 트렌치 레더코트 블랙,https://image.msscdn.net/images/goods_img/20220905/2770867/2770867_1_500.jpg,False
2025-01,A,002008,환절기 코트,002,아우터,13,4659087,burberry,버버리,롱 켄싱턴 헤리티지 M 트렌치 코트 - 블랙 / 8079384,https://image.msscdn.net/images/goods_img/20241210/4659087/4659087_17349152285141_500.jpg,False
2025-01,A,002008,환절기 코트,002,아우터,14,4659204,burberry,버버리,롱 켄싱턴 헤리티지 M 트렌치 코트 - 허니 / 8079385,https://image.msscdn.net/images/goods_img/20241210/4659204/4659204_17346830913046_500.jpg,False
2025-01,A,002008,환절기 코트,002,아우터,15,3836615,espionage,에스피오나지,Tencel Cotton Shooting Coat Olive,https://image.msscdn.net/images/goods_img/20240131/3836615/3836615_17071991175151_500.jpg,False
2025-01,A,002008,환절기 코트,002,아우터,16,4523776,amomento,아모멘토,WOOL RAGLAN COAT (2COLORS),https://image.msscdn.net/images/goods_img/20241016/4523776/4523776_17290582689143_500.jpg,False
2025-01,A,002008,환절기 코트,002,아우터,17,2810083,maxmara,막스마라,여성 마담 코트 - 베이지 / 10180129600032,https://image.msscdn.net/images/goods_img/20220922/2810083/2810083_1_500.jpg,False
2025-01,A,002008,환절기 코트,002,아우터,18,4268575,overdueflair,오버듀플레어,CLASSIC SUEDE JACKET_CAMEL,https://image.msscdn.net/images/goods_img/20240723/4268575/4268575_17242222531735_500.jpg,False
2025-01,A,002008,환절기 코트,002,아우터,19,4202569,burberry,버버리,미드 렝스 캠던 헤리티지 카 코트 - 콜 블루 / 8079395,https://image.msscdn.net/images/goods_img/20240618/4202569/4202569_17217898749622_500.jpg,False
2025-01,A,002008,환절기 코트,002,아우터,20,4552254,nusarchive,너스 아카이브,Burn Black Coat,https://image.msscdn.net/images/goods_img/20241024/4552254/4552254_17297407047551_500.jpg,False
2025-01,A,002008,환절기 코트,002,아우터,21,3724598,lemaire,르메르,하이넥 후드 트렌치 코트 - 베이지 / CO1028LF1154BG240,https://image.msscdn.net/images/goods_img/20231120/3724598/3724598_17023490327901_500.jpg,False
2025-01,A,002008,환절기 코트,002,아우터,22,3182688,isabelmarant,이자벨마랑,가브리엘 코트 - 블루:레드 / MA0019FAA1D24EBURD,https://image.msscdn.net/images/goods_img/20230327/3182688/3182688_16820612105486_500.jpg,False
2025-01,A,002008,환절기 코트,002,아우터,23,4202570,burberry,버버리,미드 렝스 캠던 헤리티지 카 코트 - 블랙 / 8079394,https://image.msscdn.net/images/goods_img/20240618/4202570/4202570_17217898234515_500.jpg,False
2025-01,A,002008,환절기 코트,002,아우터,24,3032511,studionicholson,스튜디오니콜슨,홀린 오버사이즈 트렌치 코트 - 다크 네이비 / HOLINSNW628DARKNAVY,https://image.msscdn.net/images/goods_img/20230119/3032511/3032511_16784045707290_500.jpg,False
2025-01,A,002008,환절기 코트,002,아우터,25,3360038,burberry,버버리,첼시 코튼 트렌치 코트 - 허니 / 8032081,https://image.msscdn.net/images/goods_img/20230613/3360038/3360038_16883493445146_500.jpg,False
2025-01,A,002008,환절기 코트,002,아우터,26,4359508,lenina,르니나,BAYLIN cape trench coat_BEIGE,https://image.msscdn.net/images/goods_img/20240822/4359508/4359508_17721808064655_500.jpg,False
2025-01,A,002008,환절기 코트,002,아우터,27,4009283,treemingbird,트리밍버드,Denim 3-way Trench Coat [ Raw Denim ],https://image.msscdn.net/images/goods_img/20240401/4009283/4009283_17122188355487_500.jpg,False
2025-01,A,002008,환절기 코트,002,아우터,28,4578357,frenchchic,프렌치시크,살리번 핸드메이드 울 하이넥 롱 코트,https://image.msscdn.net/images/goods_img/20241031/4578357/4578357_17303549773267_500.jpg,False
2025-01,A,002008,환절기 코트,002,아우터,29,4009282,treemingbird,트리밍버드,Steady 3-way Trench Coat [ Black ],https://image.msscdn.net/images/goods_img/20240401/4009282/4009282_17122188787244_500.jpg,False
2025-01,A,002008,환절기 코트,002,아우터,30,4227210,apc,아페쎄,오스틴 파카 - 다크 네이비 / COGZQM30198IAK,https://image.msscdn.net/images/goods_img/20240702/4227210/4227210_17219511583283_500.jpg,False
2025-01,A,002014,사파리/헌팅 재킷,002,아우터,1,2737014,frizmworks,프리즘웍스,VINCENT M1965 FISHTAIL PARKA 004 _ OLIVE,https://image.msscdn.net/images/goods_img/20220823/2737014/2737014_1_500.jpg,False
2025-01,A,002014,사파리/헌팅 재킷,002,아우터,2,2206096,corrs,인더스트,[ALL리뉴얼.Ver] 오리지널 M65 피시테일 파카_카키,https://image.msscdn.net/images/goods_img/20211028/2206096/2206096_17900456022813_500.jpg,False
2025-01,A,002014,사파리/헌팅 재킷,002,아우터,3,4376737,wvproject,더블유브이프로젝트,더프 헤링턴 자켓 브라운 JJOT7732,https://image.msscdn.net/images/goods_img/20240827/4376737/4376737_17247559627478_500.jpg,False
2025-01,A,002014,사파리/헌팅 재킷,002,아우터,4,2737012,frizmworks,프리즘웍스,VINCENT M1965 FISHTAIL PARKA 004 _ BLACK,https://image.msscdn.net/images/goods_img/20220823/2737012/2737012_1_500.jpg,False
2025-01,A,002014,사파리/헌팅 재킷,002,아우터,5,2206111,corrs,인더스트,[ALL리뉴얼.Ver] 오리지널 M65 피시테일 파카_블랙,https://image.msscdn.net/images/goods_img/20211028/2206111/2206111_17897117130826_500.jpg,False
2025-01,A,002014,사파리/헌팅 재킷,002,아우터,6,1204448,partimento,파르티멘토,3M 신슐레이트 M-65 피시테일 코트 패딩 카키,https://image.msscdn.net/images/goods_img/20191028/1204448/1204448_17296732076473_500.jpg,False
2025-01,A,002014,사파리/헌팅 재킷,002,아우터,7,3094153,espionage,에스피오나지,Hunting Blouson Jacket Olive,https://image.msscdn.net/images/goods_img/20230220/3094153/3094153_16771294572861_500.jpg,False
2025-01,A,002014,사파리/헌팅 재킷,002,아우터,8,2737008,frizmworks,프리즘웍스,OSCAR FISHTAIL JACKET 003 _ OLIVE,https://image.msscdn.net/images/goods_img/20220823/2737008/2737008_1_500.jpg,False
2025-01,A,002014,사파리/헌팅 재킷,002,아우터,9,4262833,outstanding,아웃스탠딩,M-65 FISHTAIL PARKA_OLIVE,https://image.msscdn.net/images/goods_img/20240719/4262833/4262833_17892995081603_500.jpg,False
2025-01,A,002014,사파리/헌팅 재킷,002,아우터,10,3096454,frizmworks,프리즘웍스,HERITAGE HUNTING JACKET 002 _ OLIVE,https://image.msscdn.net/images/goods_img/20230221/3096454/3096454_17562766009565_500.jpg,False
2025-01,A,002014,사파리/헌팅 재킷,002,아우터,11,4376738,wvproject,더블유브이프로젝트,더프 헤링턴 자켓 블랙 JJOT7732,https://image.msscdn.net/images/goods_img/20240827/4376738/4376738_17247559681905_500.jpg,False
2025-01,A,002014,사파리/헌팅 재킷,002,아우터,12,3406370,lmood,엘무드,체스터 헌팅 블루종 자켓 블랙,https://image.msscdn.net/images/goods_img/20230712/3406370/3406370_17255163244682_500.jpg,False
2025-01,A,002014,사파리/헌팅 재킷,002,아우터,13,3750624,gubin,구빈,롱 피쉬테일 자켓 - 카키,https://image.msscdn.net/images/goods_img/20231208/3750624/3750624_17056414556569_500.jpg,False
2025-01,A,002014,사파리/헌팅 재킷,002,아우터,14,1624403,ymclky,와이엠씨엘케이와이,US M-65 Field Parka - Olive,https://image.msscdn.net/images/goods_img/20200925/1624403/1624403_1_500.jpg,False
2025-01,A,002014,사파리/헌팅 재킷,002,아우터,15,3818778,partimento,파르티멘토,VTG 워시드 M-65 피시테일 코트 카키,https://image.msscdn.net/images/goods_img/20240124/3818778/3818778_17062333175475_500.jpg,False
2025-01,A,002014,사파리/헌팅 재킷,002,아우터,16,2859018,corrs,인더스트,오리지널 M65 피시테일 숏파카_카키,https://image.msscdn.net/images/goods_img/20221013/2859018/2859018_17893688403846_500.jpg,False
2025-01,A,002014,사파리/헌팅 재킷,002,아우터,17,2737007,frizmworks,프리즘웍스,OSCAR FISHTAIL JACKET 003 _ BLACK,https://image.msscdn.net/images/goods_img/20220823/2737007/2737007_1_500.jpg,False
2025-01,A,002014,사파리/헌팅 재킷,002,아우터,18,4397030,frizmworks,프리즘웍스,QUILTED HERITAGE HUNTING JACKET _ BLACK,https://image.msscdn.net/images/goods_img/20240903/4397030/4397030_17253824120845_500.jpg,False
2025-01,A,002014,사파리/헌팅 재킷,002,아우터,19,4209335,musinsastandard,무신사 스탠다드,울 블렌드 초어 재킷 [블랙],https://image.msscdn.net/images/goods_img/20240620/4209335/4209335_17310540905026_500.jpg,False
2025-01,A,002014,사파리/헌팅 재킷,002,아우터,20,3406372,lmood,엘무드,체스터 헌팅 블루종 자켓 카키,https://image.msscdn.net/images/goods_img/20230712/3406372/3406372_17443376925419_500.jpg,False
2025-01,A,002014,사파리/헌팅 재킷,002,아우터,21,3692494,someplace,썸플레이스,덤블 카라 디테일 오버핏 롱 야상 점퍼 자켓 [블랙],https://image.msscdn.net/images/goods_img/20231107/3692494/3692494_17677487087605_500.jpg,False
2025-01,A,002014,사파리/헌팅 재킷,002,아우터,22,1716012,massnoun,매스노운,M-65 피쉬테일 코튼 야상 코트 MWZCT002-KK,https://image.msscdn.net/images/goods_img/20201207/1716012/1716012_2_500.jpg,False
2025-01,A,002014,사파리/헌팅 재킷,002,아우터,23,4397031,frizmworks,프리즘웍스,QUILTED HERITAGE HUNTING JACKET _ NAVY,https://image.msscdn.net/images/goods_img/20240903/4397031/4397031_17253823854190_500.jpg,False
2025-01,A,002014,사파리/헌팅 재킷,002,아우터,24,3094151,espionage,에스피오나지,Hunting Blouson Jacket Black,https://image.msscdn.net/images/goods_img/20230220/3094151/3094151_16771293582073_500.jpg,False
2025-01,A,002014,사파리/헌팅 재킷,002,아우터,25,4209336,musinsastandard,무신사 스탠다드,울 블렌드 초어 재킷 [네이비],https://image.msscdn.net/images/goods_img/20240620/4209336/4209336_17364983041219_500.jpg,False
2025-01,A,002014,사파리/헌팅 재킷,002,아우터,26,4209330,musinsastandard,무신사 스탠다드,캔버스 워크 재킷 [블랙],https://image.msscdn.net/images/goods_img/20240620/4209330/4209330_17242015815606_500.jpg,False
2025-01,A,002014,사파리/헌팅 재킷,002,아우터,27,3576645,anotheroffice,어나더 오피스,Neo British Jacket (Graphite),https://image.msscdn.net/images/goods_img/20230920/3576645/3576645_17588475031734_500.jpg,False
2025-01,A,002014,사파리/헌팅 재킷,002,아우터,28,2859075,corrs,인더스트,오리지널 M65 피시테일 숏파카_블랙,https://image.msscdn.net/images/goods_img/20221013/2859075/2859075_17893705691365_500.jpg,False
2025-01,A,002014,사파리/헌팅 재킷,002,아우터,29,4397032,frizmworks,프리즘웍스,QUILTED HERITAGE HUNTING JACKET _ OLIVE,https://image.msscdn.net/images/goods_img/20240903/4397032/4397032_17253823561849_500.jpg,False
2025-01,A,002014,사파리/헌팅 재킷,002,아우터,30,1716011,massnoun,매스노운,M-65 피쉬테일 코튼 야상 코트 MWZCT002-BK,https://image.msscdn.net/images/goods_img/20201207/1716011/1716011_1_500.jpg,False
2025-01,A,002021,베스트,002,아우터,1,4696243,thisisneverthat,디스이즈네버댓,TNT GRAMICCI REVERSIBLE FLEECE VEST Multi,https://image.msscdn.net/images/goods_img/20250103/4696243/4696243_17361458144274_500.jpg,False
2025-01,A,002021,베스트,002,아우터,2,3125671,matinkim,마뗑킴,SPELL POINT STRIPE KNIT VEST,https://image.msscdn.net/images/goods_img/20230306/3125671/3125671_16782581740082_500.jpg,False
2025-01,A,002021,베스트,002,아우터,3,4323432,musinsastandard,무신사 스탠다드,시티 레저 유틸리티 패딩 베스트 [블랙],https://image.msscdn.net/images/goods_img/20240813/4323432/4323432_17273403512476_500.jpg,False
2025-01,A,002021,베스트,002,아우터,4,4198813,nike,나이키,ACG 악틱 울프 베스트 M - 바로크 브라운:블랙:서밋 화이트 / FN2449-237,https://image.msscdn.net/images/goods_img/20240614/4198813/4198813_17187595484557_500.jpg,False
2025-01,A,002021,베스트,002,아우터,5,4607167,patagonia,파타고니아,멘즈 클래식 레트로-X 베스트 / 23048P7,https://image.msscdn.net/images/goods_img/20241112/4607167/4607167_17313945430134_500.jpg,False
2025-01,A,002021,베스트,002,아우터,6,4548900,thenorthface,노스페이스,NV1DQ56A 남성 1996 노벨티 눕시 베스트 (RDS 다운),https://image.msscdn.net/images/goods_img/20241023/4548900/4548900_17308577061261_500.jpg,False
2025-01,A,002021,베스트,002,아우터,7,3493799,poloralphlauren,폴로 랄프 로렌,케이블 니트 코튼 스웨터 베스트 - 네이비,https://image.msscdn.net/images/goods_img/20230824/3493799/3493799_16940628044656_500.jpg,False
2025-01,A,002021,베스트,002,아우터,8,2325610,takeasy,테이크이지,케이블 스몰라쿠 니트 베스트(네이비),https://image.msscdn.net/images/goods_img/20220125/2325610/2325610_2_500.jpg,False
2025-01,A,002021,베스트,002,아우터,9,2729754,snowpeakapparel,스노우피크 어패럴,랜드 경량 다운 베스트 (S24WMGDV60) Black,https://image.msscdn.net/images/goods_img/20220819/2729754/2729754_17870482701380_500.jpg,False
2025-01,A,002021,베스트,002,아우터,10,4540926,nike,나이키,스포츠웨어 클럽 윈터라이즈드 베스트 M - 블랙:화이트 / FZ0895-010,https://image.msscdn.net/images/goods_img/20241021/4540926/4540926_17302687475411_500.jpg,False
2025-01,A,002021,베스트,002,아우터,11,2739719,snowpeakapparel,스노우피크 어패럴,랜드 여성 경량 다운베스트 (S24WWGDV61) Light Beige,https://image.msscdn.net/images/goods_img/20220824/2739719/2739719_17893544538922_500.jpg,False
2025-01,A,002021,베스트,002,아우터,12,3652338,takeasy,테이크이지,오디너리 페어아일 베스트 가디건 - 2 COLOR,https://image.msscdn.net/images/goods_img/20231024/3652338/3652338_16999469117522_500.jpg,False
2025-01,A,002021,베스트,002,아우터,13,3974611,wouldbe,우드비,23FW 테디 쉐르파 베스트 블루,https://image.msscdn.net/images/goods_img/20240321/3974611/3974611_17109854417606_500.jpg,False
2025-01,A,002021,베스트,002,아우터,14,4462783,adidas,아디다스,3S 마이크로플리스 베스트 - 블랙 / IZ4799,https://image.msscdn.net/images/goods_img/20240925/4462783/4462783_17278451132579_500.jpg,False
2025-01,A,002021,베스트,002,아우터,15,1305385,drawfit,드로우핏,소프 울 오버핏 니트 베스트 [BLACK],https://image.msscdn.net/images/goods_img/20200214/1305385/1305385_16804992777098_500.jpg,False
2025-01,A,002021,베스트,002,아우터,16,4609240,patagonia,파타고니아,멘즈 베터 스웨터 베스트,https://image.msscdn.net/images/goods_img/20241113/4609240/4609240_17593035848192_500.jpg,False
2025-01,A,002021,베스트,002,아우터,17,3560296,poloralphlauren,폴로 랄프 로렌,페어 아일 코튼 블렌드 스웨터 베스트 - 블루,https://image.msscdn.net/images/goods_img/20230914/3560296/3560296_16976138874113_500.jpg,False
2025-01,A,002021,베스트,002,아우터,18,2729761,snowpeakapparel,스노우피크 어패럴,랜드 경량 다운 베스트 (S24WMGDV60) Light Beige,https://image.msscdn.net/images/goods_img/20220819/2729761/2729761_17558250244299_500.jpg,False
2025-01,A,002021,베스트,002,아우터,19,3450014,snowpeakapparel,스노우피크 어패럴,랜드 여성 경량 다운 베스트 (S24WWGDV61) Black,https://image.msscdn.net/images/goods_img/20230808/3450014/3450014_17877895946882_500.jpg,False
2025-01,A,002021,베스트,002,아우터,20,2352328,nicknicole,닉앤니콜,CREW NECK VEST_3 COLOR,https://image.msscdn.net/images/goods_img/20220210/2352328/2352328_2_500.jpg,False
2025-01,A,002021,베스트,002,아우터,21,1293166,lettercomo,레테르코모,미니멀 브이넥 니트 베스트 블랙,https://image.msscdn.net/images/goods_img/20200205/1293166/1293166_17218818865419_500.jpg,False
2025-01,A,002021,베스트,002,아우터,22,3758338,musinsastandard,무신사 스탠다드,시티 레저 CN 멀티 포켓 베스트 [블랙],https://image.msscdn.net/images/goods_img/20231215/3758338/3758338_17098740195896_500.jpg,False
2025-01,A,002021,베스트,002,아우터,23,3481340,lee,리,리버서블 플리스 베스트 아이보리,https://image.msscdn.net/images/goods_img/20230821/3481340/3481340_16927560493931_500.jpg,False
2025-01,A,002021,베스트,002,아우터,24,4282760,arcteryx,아크테릭스,아톰 베스트 남성 - BLACK / AJOFMX7475,https://image.msscdn.net/images/goods_img/20240730/4282760/4282760_17240339410546_500.jpg,False
2025-01,A,002021,베스트,002,아우터,25,4478554,nike,나이키,써마 핏 ADV 리펠 다운 러닝 베스트 M - 블랙 / FB7543-010,https://image.msscdn.net/images/goods_img/20240930/4478554/4478554_17292145240391_500.jpg,False
2025-01,A,002021,베스트,002,아우터,26,4202578,ganni,가니,소프트 울 스트라이프 베스트 - 스카이웨이 / K2258271,https://image.msscdn.net/images/goods_img/20240618/4202578/4202578_17222205547120_500.jpg,False
2025-01,A,002021,베스트,002,아우터,27,4408459,ganni,가니,코튼 로프 숏 베스트 - 로즈 바이올렛 / K2317295,https://image.msscdn.net/images/goods_img/20240905/4408459/4408459_17267926254697_500.jpg,False
2025-01,A,002021,베스트,002,아우터,28,4422953,frizmworks,프리즘웍스,SNUG FLEECE VEST _ DUSTY BEIGE,https://image.msscdn.net/images/goods_img/20240909/4422953/4422953_17261080288852_500.jpg,False
2025-01,A,002021,베스트,002,아우터,29,4368968,frizmworks,프리즘웍스,JUNGLE CLOTH DECK VEST _ BROWN,https://image.msscdn.net/images/goods_img/20240826/4368968/4368968_17247597714991_500.jpg,False
2025-01,A,002021,베스트,002,아우터,30,3851893,musinsastandard,무신사 스탠다드,시티 레저 후디드 베스트 [블랙],https://image.msscdn.net/images/goods_img/20240206/3851893/3851893_17098746779827_500.jpg,False
2025-01,A,002012,숏패딩/헤비 아우터,002,아우터,1,4531994,spao,스파오,베이직 푸퍼_SPJPF11C11,https://image.msscdn.net/images/goods_img/20241018/4531994/4531994_17630006565087_500.jpg,False
2025-01,A,002012,숏패딩/헤비 아우터,002,아우터,2,3378514,musinsastandard,무신사 스탠다드,데일리 푸퍼 숏 패딩 재킷 [블랙],https://image.msscdn.net/images/goods_img/20230622/3378514/3378514_17800303461768_500.jpg,False
2025-01,A,002012,숏패딩/헤비 아우터,002,아우터,3,3780728,maninstore,무드인사이드,남여공용 푸퍼 숏패딩_Black,https://image.msscdn.net/images/goods_img/20240108/3780728/3780728_17605828944256_500.jpg,False
2025-01,A,002012,숏패딩/헤비 아우터,002,아우터,4,2482269,thenorthface,노스페이스,NJ1DQ75A 남성 1996 눕시 자켓_BLACK,https://image.msscdn.net/images/goods_img/20220412/2482269/2482269_17210922117662_500.jpg,False
2025-01,A,002012,숏패딩/헤비 아우터,002,아우터,5,3604263,noiago,노이아고,NOI1067 라이트웨이트 다운 자켓 (블랙),https://image.msscdn.net/images/goods_img/20231005/3604263/3604263_17645511564597_500.jpg,False
2025-01,A,002012,숏패딩/헤비 아우터,002,아우터,6,912314,musinsastandard,무신사 스탠다드,다운 푸퍼 숏 패딩 재킷 [블랙],https://image.msscdn.net/images/goods_img/20181123/912314/912314_17649023281294_500.jpg,False
2025-01,A,002012,숏패딩/헤비 아우터,002,아우터,7,4469328,covernat,커버낫,24FW RDS 씨빅 오리진 숏 푸퍼 블랙,https://image.msscdn.net/images/goods_img/20240926/4469328/4469328_17642173797902_500.jpg,False
2025-01,A,002012,숏패딩/헤비 아우터,002,아우터,8,4241903,thenorthface,노스페이스,NJ1DR80J 화이트라벨 여성 노벨티 눕시 RDS 다운 자켓_BLACK,https://image.msscdn.net/images/goods_img/20240710/4241903/4241903_17828662716555_500.jpg,False
2025-01,A,002012,숏패딩/헤비 아우터,002,아우터,9,4605203,nomanual,노매뉴얼,SKADI DUCK DOWN - GLOSSY BLACK,https://image.msscdn.net/images/goods_img/20241112/4605203/4605203_17591196608872_500.jpg,False
2025-01,A,002012,숏패딩/헤비 아우터,002,아우터,10,2037167,spao,스파오,파스텔 푸퍼_SPJPE4TG01,https://image.msscdn.net/images/goods_img/20210722/2037167/2037167_17631352702771_500.jpg,False
2025-01,A,002012,숏패딩/헤비 아우터,002,아우터,11,4508146,nationalgeographic,내셔널지오그래픽,N244UDW910 레이만 숏기장 다운 점퍼 CARBON BLACK,https://image.msscdn.net/images/goods_img/20241011/4508146/4508146_17570494249189_500.jpg,False
2025-01,A,002012,숏패딩/헤비 아우터,002,아우터,12,4286631,thenorthface,노스페이스,NJ3NQ53A 남성 눕시 온볼 자켓_BLACK,https://image.msscdn.net/images/goods_img/20240731/4286631/4286631_17224141698600_500.jpg,False
2025-01,A,002012,숏패딩/헤비 아우터,002,아우터,13,4464736,nike,나이키,스포츠웨어 클럽 패딩 자켓 M - 블랙:화이트 / FB7369-010,https://image.msscdn.net/images/goods_img/20240925/4464736/4464736_17291379115256_500.jpg,False
2025-01,A,002012,숏패딩/헤비 아우터,002,아우터,14,3378528,musinsastandard,무신사 스탠다드,시티 레저 다운 숏 패딩 재킷 [블랙],https://image.msscdn.net/images/goods_img/20230622/3378528/3378528_17133380005284_500.jpg,False
2025-01,A,002012,숏패딩/헤비 아우터,002,아우터,15,4297600,musinsastandard,무신사 스탠다드,데일리 푸퍼 후디드 숏 패딩 재킷 [블랙],https://image.msscdn.net/images/goods_img/20240805/4297600/4297600_17364973040004_500.jpg,False
2025-01,A,002012,숏패딩/헤비 아우터,002,아우터,16,3378508,musinsastandard,무신사 스탠다드,립스탑 다운 푸퍼 숏 패딩 재킷 [블랙],https://image.msscdn.net/images/goods_img/20230622/3378508/3378508_17649134220717_500.jpg,False
2025-01,A,002012,숏패딩/헤비 아우터,002,아우터,17,3533428,urbandtype,어반디타입,에센셜 푸퍼 덕다운 숏 패딩_글로시 블랙,https://image.msscdn.net/images/goods_img/20230906/3533428/3533428_17556634468401_500.jpg,False
2025-01,A,002012,숏패딩/헤비 아우터,002,아우터,18,4448102,ilcorso,일꼬르소,볼륨 에어 숏다운 점퍼 블랙 IEJU4F002BK,https://image.msscdn.net/images/goods_img/20240920/4448102/4448102_17659513585786_500.jpg,False
2025-01,A,002012,숏패딩/헤비 아우터,002,아우터,19,3616470,filluminate,필루미네이트,오버핏 심볼 로고 후드 패딩-블랙,https://image.msscdn.net/images/goods_img/20231011/3616470/3616470_17156627056756_500.jpg,False
2025-01,A,002012,숏패딩/헤비 아우터,002,아우터,20,3470403,musinsastandardsp,무신사 스탠다드 스포츠,코어 패딩 자켓 (5colors),https://image.msscdn.net/images/goods_img/20230817/3470403/3470403_17876366461439_500.jpg,False
2025-01,A,002012,숏패딩/헤비 아우터,002,아우터,21,3490942,thenorthface,노스페이스,NJ1DR81A 여성 1996 눕시 자켓_BLACK,https://image.msscdn.net/images/goods_img/20230823/3490942/3490942_17718290742024_500.jpg,False
2025-01,A,002012,숏패딩/헤비 아우터,002,아우터,22,3780896,maninstore,무드인사이드,남여공용 푸퍼 숏패딩_Gray,https://image.msscdn.net/images/goods_img/20240108/3780896/3780896_17310255063558_500.jpg,False
2025-01,A,002012,숏패딩/헤비 아우터,002,아우터,23,4684253,thenorthface,노스페이스,NJ1DR50J 화이트라벨 노벨티 눕시 다운 자켓 (RDS)_BLACK,https://image.msscdn.net/images/goods_img/20241230/4684253/4684253_17355339760123_500.jpg,False
2025-01,A,002012,숏패딩/헤비 아우터,002,아우터,24,2834583,kiimuir,키뮤어,오버핏 2-WAY 더플 후드 숏패딩_블랙,https://image.msscdn.net/images/goods_img/20221003/2834583/2834583_17345075014185_500.jpg,False
2025-01,A,002012,숏패딩/헤비 아우터,002,아우터,25,4479890,drawfit,드로우핏,미니멀 후론 후드 다운 자켓 [BLACK],https://image.msscdn.net/images/goods_img/20241002/4479890/4479890_17592952495600_500.jpg,False
2025-01,A,002012,숏패딩/헤비 아우터,002,아우터,26,4499469,kiimuir,키뮤어,RDS 헤링턴 다운 점퍼_블랙,https://image.msscdn.net/images/goods_img/20241008/4499469/4499469_17345076693314_500.jpg,False
2025-01,A,002012,숏패딩/헤비 아우터,002,아우터,27,2153567,newbalance,뉴발란스,NBNPE41113 / 남여공용 액티브 숏 다운 자켓 (4컬러),https://image.msscdn.net/images/goods_img/20210929/2153567/2153567_17307641136303_500.jpg,False
2025-01,A,002012,숏패딩/헤비 아우터,002,아우터,28,4540095,kolonsport,코오롱스포츠,남성 다운 쿠치 JWJDW24251DBU,https://image.msscdn.net/images/goods_img/20241021/4540095/4540095_17304238546352_500.jpg,False
2025-01,A,002012,숏패딩/헤비 아우터,002,아우터,29,3583487,coor,쿠어,워터 리펠런트 구스다운 점퍼 (블랙),https://image.msscdn.net/images/goods_img/20230921/3583487/3583487_17271837615360_500.jpg,False
2025-01,A,002012,숏패딩/헤비 아우터,002,아우터,30,3378515,musinsastandard,무신사 스탠다드,데일리 푸퍼 숏 패딩 재킷 [라이트 그레이],https://image.msscdn.net/images/goods_img/20230622/3378515/3378515_17800298820503_500.jpg,False
2025-01,A,002025,무스탕/퍼,002,아우터,1,452483,doffjason,도프제이슨,솔리드 무톤 자켓,https://image.msscdn.net/images/goods_img/20161123/452483/452483_2_500.jpg,False
2025-01,A,002025,무스탕/퍼,002,아우터,2,1582142,left,레프트서울,에비에이터 B-3 무스탕 자켓 [블랙],https://image.msscdn.net/images/goods_img/20200903/1582142/1582142_17888321003811_500.jpg,False
2025-01,A,002025,무스탕/퍼,002,아우터,3,2985378,left,레프트서울,에비에이터 B-3 무스탕 자켓 [블랙/화이트],https://image.msscdn.net/images/goods_img/20221216/2985378/2985378_17888316910045_500.jpg,False
2025-01,A,002025,무스탕/퍼,002,아우터,4,1539383,doffjason,도프제이슨,솔리드 스웨이드 무톤 자켓 (블랙),https://image.msscdn.net/images/goods_img/20200806/1539383/1539383_2_500.jpg,False
2025-01,A,002025,무스탕/퍼,002,아우터,5,2087980,doffjason,도프제이슨,솔리드 무톤 자켓 (블랙화이트),https://image.msscdn.net/images/goods_img/20210825/2087980/2087980_17615410448251_500.jpg,False
2025-01,A,002025,무스탕/퍼,002,아우터,6,4544921,sperone,스페로네,A-2 워싱 레더 무스탕 자켓 (브라운),https://image.msscdn.net/images/goods_img/20241022/4544921/4544921_17306962358139_500.jpg,False
2025-01,A,002025,무스탕/퍼,002,아우터,7,2822486,doffjason,도프제이슨,하이넥 레더 무톤 자켓 BROWN,https://image.msscdn.net/images/goods_img/20220927/2822486/2822486_17333592828229_500.jpg,False
2025-01,A,002025,무스탕/퍼,002,아우터,8,4494654,spao,스파오,[신세틱레더] 무스탕 재킷_SPJLE4VM07,https://image.msscdn.net/images/goods_img/20241008/4494654/4494654_17321667957127_500.jpg,False
2025-01,A,002025,무스탕/퍼,002,아우터,9,3635002,kinloch,커넥트킨록,하이넥 라인 무스탕 자켓 (4Color),https://image.msscdn.net/images/goods_img/20231017/3635002/3635002_17633603048478_500.jpg,False
2025-01,A,002025,무스탕/퍼,002,아우터,10,4503925,doffjason,도프제이슨,크리즈 빈티지 무톤 봄버 CREAM,https://image.msscdn.net/images/goods_img/20241010/4503925/4503925_17294304564425_500.jpg,False
2025-01,A,002025,무스탕/퍼,002,아우터,11,4422571,roughneck,러프넥,워싱 레더 무스탕 자켓,https://image.msscdn.net/images/goods_img/20240909/4422571/4422571_17259543259384_500.jpg,False
2025-01,A,002025,무스탕/퍼,002,아우터,12,4616751,doffjason,도프제이슨,크리즈 빈티지 무톤 봄버 BLACK,https://image.msscdn.net/images/goods_img/20241115/4616751/4616751_17319963006662_500.jpg,False
2025-01,A,002025,무스탕/퍼,002,아우터,13,4644535,mucent,무센트,카이브 레더 와펜 무스탕 자켓 남녀공용 (2컬러),https://image.msscdn.net/images/goods_img/20241202/4644535/4644535_17634482424428_500.png,False
2025-01,A,002025,무스탕/퍼,002,아우터,14,4498805,leathery,레더리,오블리크 스웨이드 무스탕 자켓 [BLACK],https://image.msscdn.net/images/goods_img/20241008/4498805/4498805_17286101050603_500.jpg,False
2025-01,A,002025,무스탕/퍼,002,아우터,15,3676631,thegreenlab,더그린랩,FAUX 퍼 하이넥 무스탕 쟈켓 [블랙/아이보리],https://image.msscdn.net/images/goods_img/20231101/3676631/3676631_17652382927889_500.jpg,False
2025-01,A,002025,무스탕/퍼,002,아우터,16,3606873,doffjason,도프제이슨,하이넥 레더 무톤 자켓 NOIR,https://image.msscdn.net/images/goods_img/20231005/3606873/3606873_17006219179722_500.jpg,False
2025-01,A,002025,무스탕/퍼,002,아우터,17,4487741,doffsept,도프셉,Basic Crop Mustang in Black/Black,https://image.msscdn.net/images/goods_img/20241004/4487741/4487741_17321686392164_500.jpg,False
2025-01,A,002025,무스탕/퍼,002,아우터,18,4648957,thegreenlab,더그린랩,FAUX 퍼 하이넥 무스탕 쟈켓 [밍크/아이보리],https://image.msscdn.net/images/goods_img/20241204/4648957/4648957_17889386753405_500.jpg,False
2025-01,A,002025,무스탕/퍼,002,아우터,19,4498804,leathery,레더리,오블리크 스웨이드 무스탕 자켓 [BROWN],https://image.msscdn.net/images/goods_img/20241008/4498804/4498804_17286102809563_500.jpg,False
2025-01,A,002025,무스탕/퍼,002,아우터,20,4424968,drawfit,드로우핏,오버사이즈 라인 무스탕 자켓 [BLACK],https://image.msscdn.net/images/goods_img/20240910/4424968/4424968_17592953517737_500.jpg,False
2025-01,A,002025,무스탕/퍼,002,아우터,21,4554366,sinoon,시눈,Heavy Mix Fur Jacket (Ivory),https://image.msscdn.net/images/goods_img/20241024/4554366/4554366_17300819675698_500.jpg,False
2025-01,A,002025,무스탕/퍼,002,아우터,22,4507984,porta,포르타,"SOFT FUR JACKET, IVORY",https://image.msscdn.net/images/goods_img/20241011/4507984/4507984_17340506077872_500.jpg,False
2025-01,A,002025,무스탕/퍼,002,아우터,23,4424970,drawfit,드로우핏,오버사이즈 스웨이드 라인 무스탕 자켓 [BLACK],https://image.msscdn.net/images/goods_img/20240910/4424970/4424970_17592954376614_500.jpg,False
2025-01,A,002025,무스탕/퍼,002,아우터,24,3441876,left,레프트서울,에비에이터 B-3 무스탕 자켓 [말보로],https://image.msscdn.net/images/goods_img/20230802/3441876/3441876_17888337150641_500.jpg,False
2025-01,A,002025,무스탕/퍼,002,아우터,25,4545078,heleneparis,헬레네파리스,피티드 스웨이드 무스탕 [블랙],https://image.msscdn.net/images/goods_img/20241022/4545078/4545078_17296454400437_500.jpg,False
2025-01,A,002025,무스탕/퍼,002,아우터,26,3435483,musinsastandardwoman,무신사 스탠다드 우먼,우먼즈 리버서블 신세틱 레더 시어링 하프 코트 [블랙],https://image.msscdn.net/images/goods_img/20230731/3435483/3435483_17610122417764_500.jpg,False
2025-01,A,002025,무스탕/퍼,002,아우터,27,3691512,placestudio,플레이스 스튜디오,리버시블 스웨이드 후드 크롭 더플 코트 집업 자켓 3COLOR,https://image.msscdn.net/images/goods_img/20231107/3691512/3691512_17013030948874_500.jpg,False
2025-01,A,002025,무스탕/퍼,002,아우터,28,1576749,doffjason,도프제이슨,오버핏 솔리드 무톤 자켓 (블랙),https://image.msscdn.net/images/goods_img/20200901/1576749/1576749_17297334484800_500.jpg,False
2025-01,A,002025,무스탕/퍼,002,아우터,29,3696651,v2,브이투,70263 빈티지코팅무스탕_브라운,https://image.msscdn.net/images/goods_img/20231108/3696651/3696651_16995836179892_500.jpg,False
2025-01,A,002025,무스탕/퍼,002,아우터,30,4598251,thegreenlab,더그린랩,FAUX 퍼 하이넥 무스탕 쟈켓 [밍크/블랙],https://image.msscdn.net/images/prd_img/20241108/4598251/detail_4598251_17889381756215_500.jpg,False
2025-01,A,002023,플리스/뽀글이,002,아우터,1,2108160,spao,스파오,베이직 퍼플리스 집업_SPFZE4TC01,https://image.msscdn.net/images/goods_img/20210903/2108160/2108160_17605996485185_500.jpg,False
2025-01,A,002023,플리스/뽀글이,002,아우터,2,4595789,patagonia,파타고니아,멘즈 신칠라 스냅-티 풀오버,https://image.msscdn.net/images/goods_img/20241107/4595789/4595789_17334635051004_500.jpg,False
2025-01,A,002023,플리스/뽀글이,002,아우터,3,4496347,hooves,후브스,쉐르파 멀티 포켓 후드 점퍼 [블랙],https://image.msscdn.net/images/goods_img/20241008/4496347/4496347_17289800743180_500.jpg,False
2025-01,A,002023,플리스/뽀글이,002,아우터,4,4432439,jeep,지프,M-Logo 레인보우 라벨 하프넥 플리스 집업 2 color (JQ5TZU191),https://image.msscdn.net/images/goods_img/20240911/4432439/4432439_17560810698333_500.jpg,False
2025-01,A,002023,플리스/뽀글이,002,아우터,5,4368558,musinsastandard,무신사 스탠다드,폴라 플리스 래글런 하이넥 재킷 [블랙],https://image.msscdn.net/images/goods_img/20240826/4368558/4368558_17320814634533_500.jpg,False
2025-01,A,002023,플리스/뽀글이,002,아우터,6,2850102,yale,예일,엠브로이더리 댄 카라리스 보아 플리스 자켓_아이보리,https://image.msscdn.net/images/goods_img/20221011/2850102/2850102_17653340845444_500.jpg,False
2025-01,A,002023,플리스/뽀글이,002,아우터,7,4622135,patagonia,파타고니아,멘즈 클래식 레트로-X 재킷 / 23056P7,https://image.msscdn.net/images/goods_img/20241119/4622135/4622135_17334650867108_500.jpg,False
2025-01,A,002023,플리스/뽀글이,002,아우터,8,4497264,suare,수아레,플리스 오버 셋업 - 4 COLOR,https://image.msscdn.net/images/goods_img/20241008/4497264/4497264_17327769040417_500.jpg,False
2025-01,A,002023,플리스/뽀글이,002,아우터,9,4286964,thenorthface,노스페이스,NJ4FQ50J 화이트라벨 컴피 알파 플리스 집업_BLACK,https://image.msscdn.net/images/goods_img/20240731/4286964/4286964_17224152904342_500.jpg,False
2025-01,A,002023,플리스/뽀글이,002,아우터,10,4556294,yale,예일,[4COLOR] 엠브로이더리 댄 카라리스 퀼팅 플리스 자켓,https://image.msscdn.net/images/goods_img/20241024/4556294/4556294_17316670009766_500.jpg,False
2025-01,A,002023,플리스/뽀글이,002,아우터,11,4591032,partimento,파르티멘토,보아 플리스 VTG 워시드 크루 자켓 블랙,https://image.msscdn.net/images/goods_img/20241106/4591032/4591032_17309529475270_500.jpg,False
2025-01,A,002023,플리스/뽀글이,002,아우터,12,1169778,fcmm,에프씨엠엠,빅로고 보아 플리스 점퍼 - 그레이,https://image.msscdn.net/images/goods_img/20190927/1169778/1169778_17289665439417_500.png,False
2025-01,A,002023,플리스/뽀글이,002,아우터,13,2744495,codegraphy,코드그라피,헤비보아 플리스 무톤자켓_블랙,https://image.msscdn.net/images/goods_img/20220825/2744495/2744495_17718113710588_500.jpg,False
2025-01,A,002023,플리스/뽀글이,002,아우터,14,3498228,thisisneverthat,디스이즈네버댓,SP Sherpa Fleece Jacket Brown,https://image.msscdn.net/images/goods_img/20230825/3498228/3498228_16932968688813_500.jpg,False
2025-01,A,002023,플리스/뽀글이,002,아우터,15,4525596,borntowin,본투윈,CHROME B FLEECE JACKET [BLACK],https://image.msscdn.net/images/goods_img/20241016/4525596/4525596_17292139461861_500.jpg,False
2025-01,A,002023,플리스/뽀글이,002,아우터,16,1567317,jeep,지프,M-Logo 레인보우 라벨 하프넥 플리스 집업 (JQ5TZU191BK),https://image.msscdn.net/images/goods_img/20200827/1567317/1567317_17871103144956_500.jpg,False
2025-01,A,002023,플리스/뽀글이,002,아우터,17,1180665,musinsastandard,무신사 스탠다드,샤기 플리스 집업 재킷 [블랙],https://image.msscdn.net/images/goods_img/20191008/1180665/1180665_1_500.jpg,False
2025-01,A,002023,플리스/뽀글이,002,아우터,18,1169780,fcmm,에프씨엠엠,빅로고 보아 플리스 점퍼 - 블랙,https://image.msscdn.net/images/goods_img/20190927/1169780/1169780_17206938972464_500.jpg,False
2025-01,A,002023,플리스/뽀글이,002,아우터,19,4506570,enzoblues,엔조 블루스,플리스 집업 후디 (Blue Grey),https://image.msscdn.net/images/goods_img/20241011/4506570/4506570_17291544086460_500.jpg,False
2025-01,A,002023,플리스/뽀글이,002,아우터,20,4517302,espionage,에스피오나지,Expl. Fleece Pullover Anorak Olive,https://image.msscdn.net/images/goods_img/20241015/4517302/4517302_17591204788694_500.jpg,False
2025-01,A,002023,플리스/뽀글이,002,아우터,21,4515027,trillion,트릴리온,유니섹스 플리스 더플 후드 코트 자켓 [블랙],https://image.msscdn.net/images/goods_img/20241014/4515027/4515027_17301774872815_500.jpg,False
2025-01,A,002023,플리스/뽀글이,002,아우터,22,4507942,codegraphy,코드그라피,(우먼) 더플 숏 플리스 점퍼_아이보리,https://image.msscdn.net/images/goods_img/20241011/4507942/4507942_17427991881550_500.jpg,False
2025-01,A,002023,플리스/뽀글이,002,아우터,23,4372353,yale,예일,엠브로이더리 댄 카라리스 퀼팅 플리스 자켓_아이보리,https://image.msscdn.net/images/goods_img/20240826/4372353/4372353_17683610513675_500.png,False
2025-01,A,002023,플리스/뽀글이,002,아우터,24,4517298,espionage,에스피오나지,Expl. Fleece Pullover Anorak Charcoal Navy,https://image.msscdn.net/images/goods_img/20241015/4517298/4517298_17591206297954_500.jpg,False
2025-01,A,002023,플리스/뽀글이,002,아우터,25,4515016,trillion,트릴리온,유니섹스 플리스 더플 후드 코트 자켓 [아이보리],https://image.msscdn.net/images/goods_img/20241014/4515016/4515016_17301775425346_500.jpg,False
2025-01,A,002023,플리스/뽀글이,002,아우터,26,4447527,untapped,언탭트 스튜디오,소프트 베이직 퍼 플리스 집업 자켓 3color,https://image.msscdn.net/images/goods_img/20240920/4447527/4447527_17297527898175_500.jpg,False
2025-01,A,002023,플리스/뽀글이,002,아우터,27,2053546,fcmm,에프씨엠엠,빅로고 보아 플리스 점퍼 - 샌드오트,https://image.msscdn.net/images/goods_img/20210809/2053546/2053546_17243055189944_500.png,False
2025-01,A,002023,플리스/뽀글이,002,아우터,28,4649118,ronron,론론,HEART CROCHET PATTERN FLEECE JACKET IVORY,https://image.msscdn.net/images/goods_img/20241204/4649118/4649118_17332909094441_500.jpg,False
2025-01,A,002023,플리스/뽀글이,002,아우터,29,4633843,matinkim,마뗑킴,BACK LOGO FLEECE JUMPER FOR WOMEN IN BLACK,https://image.msscdn.net/images/goods_img/20241125/4633843/4633843_17325096681244_500.jpg,False
2025-01,A,002023,플리스/뽀글이,002,아우터,30,2811861,prospecs,프로스펙스,OG 탈부착 플리스 자켓 MJ-X721,https://image.msscdn.net/images/goods_img/20220922/2811861/2811861_1_500.jpg,False
2025-01,A,002007,겨울 싱글 코트,002,아우터,1,2700048,musinsastandardwoman,무신사 스탠다드 우먼,우먼즈 캐시미어 블렌드 발마칸 로브 코트 [블랙],https://image.msscdn.net/images/goods_img/20220805/2700048/2700048_17661148134527_500.jpg,False
2025-01,A,002007,겨울 싱글 코트,002,아우터,2,2098325,drawfit,드로우핏,프리미어 퓨어 캐시미어 발마칸 코트 [BLACK],https://image.msscdn.net/images/goods_img/20210830/2098325/2098325_17621500792692_500.jpg,False
2025-01,A,002007,겨울 싱글 코트,002,아우터,3,4209266,musinsastandard,무신사 스탠다드,울 블렌드 오버사이즈 머프 발마칸 코트 [블랙],https://image.msscdn.net/images/goods_img/20240620/4209266/4209266_17657748481924_500.jpg,False
2025-01,A,002007,겨울 싱글 코트,002,아우터,4,2116411,musinsastandard,무신사 스탠다드,캐시미어 블렌드 오버사이즈 발마칸 코트 [블랙],https://image.msscdn.net/images/goods_img/20210908/2116411/2116411_17616270483710_500.jpg,False
2025-01,A,002007,겨울 싱글 코트,002,아우터,5,2782764,beslow,비슬로우,OVERSIZED CASHMERE BALMACAAN COAT BLACK,https://image.msscdn.net/images/goods_img/20220908/2782764/2782764_17272251996978_500.jpg,False
2025-01,A,002007,겨울 싱글 코트,002,아우터,6,865862,musinsastandard,무신사 스탠다드,캐시미어 블렌드 오버사이즈 싱글 코트 [블랙],https://image.msscdn.net/images/goods_img/20180921/865862/865862_17657673085739_500.jpg,False
2025-01,A,002007,겨울 싱글 코트,002,아우터,7,4209299,musinsastandard,무신사 스탠다드,데일리 발마칸 코트 [블랙],https://image.msscdn.net/images/goods_img/20240620/4209299/4209299_17260174440762_500.jpg,False
2025-01,A,002007,겨울 싱글 코트,002,아우터,8,3481219,coor,쿠어,벨란디 캐시미어 블렌드 발마칸 코트 (블랙),https://image.msscdn.net/images/goods_img/20230821/3481219/3481219_17896080593391_500.jpg,False
2025-01,A,002007,겨울 싱글 코트,002,아우터,9,4209289,musinsastandard,무신사 스탠다드,캐시미어 블렌드 오버사이즈 미니멀 발마칸 코트 [블랙],https://image.msscdn.net/images/goods_img/20240620/4209289/4209289_17297471108137_500.jpg,False
2025-01,A,002007,겨울 싱글 코트,002,아우터,10,1618313,musinsastandard,무신사 스탠다드,캐시미어 블렌드 대디 숄더 싱글 롱 코트 [블랙],https://image.msscdn.net/images/goods_img/20200923/1618313/1618313_17569514851734_500.jpg,False
2025-01,A,002007,겨울 싱글 코트,002,아우터,11,1684196,avan,어반드레스,유니섹스 프렌치 롱 가운 오버핏 코트 7 COLOR,https://image.msscdn.net/images/goods_img/20201110/1684196/1684196_16771165785098_500.jpg,False
2025-01,A,002007,겨울 싱글 코트,002,아우터,12,655610,drawfit,드로우핏,프리미어 퓨어 캐시미어 히든 싱글 코트 [BLACK],https://image.msscdn.net/images/goods_img/20171019/655610/655610_17621505186202_500.jpg,False
2025-01,A,002007,겨울 싱글 코트,002,아우터,13,3612113,avan,어반드레스,Amelia Classic Single Coat BLACK,https://image.msscdn.net/images/goods_img/20231008/3612113/3612113_16976040620564_500.jpg,False
2025-01,A,002007,겨울 싱글 코트,002,아우터,14,4209425,musinsastandardwoman,무신사 스탠다드 우먼,우먼즈 울 블렌드 오버 숄더 맥 코트 [블랙],https://image.msscdn.net/images/goods_img/20240620/4209425/4209425_17314821444929_500.jpg,False
2025-01,A,002007,겨울 싱글 코트,002,아우터,15,4431837,oafish,오피쉬,"리치 울 하프 코트, 그레이",https://image.msscdn.net/images/goods_img/20240911/4431837/4431837_17261708836000_500.jpg,False
2025-01,A,002007,겨울 싱글 코트,002,아우터,16,4209305,musinsastandard,무신사 스탠다드,데일리 싱글 코트 [블랙],https://image.msscdn.net/images/goods_img/20240620/4209305/4209305_17325851818403_500.jpg,False
2025-01,A,002007,겨울 싱글 코트,002,아우터,17,4209418,musinsastandardwoman,무신사 스탠다드 우먼,우먼즈 캐시미어 블렌드 타이디 맥시 코트 [블랙],https://image.msscdn.net/images/goods_img/20240620/4209418/4209418_17314748396379_500.jpg,False
2025-01,A,002007,겨울 싱글 코트,002,아우터,18,3563303,beslow,비슬로우,OVERSIZED CASHMERE BALMACAAN COAT NAVY,https://image.msscdn.net/images/goods_img/20230915/3563303/3563303_17272254920490_500.jpg,False
2025-01,A,002007,겨울 싱글 코트,002,아우터,19,2818896,drawfit,드로우핏,프리미어 퓨어 캐시미어 발마칸 코트 [D.NAVY],https://image.msscdn.net/images/goods_img/20220926/2818896/2818896_17588715810171_500.jpg,False
2025-01,A,002007,겨울 싱글 코트,002,아우터,20,4620431,lemainsecond,리메인세컨드,울 블렌드 오버핏 베스트 코트 컬렉션_3STYLE,https://image.msscdn.net/images/goods_img/20241118/4620431/4620431_17356225195812_500.jpg,False
2025-01,A,002007,겨울 싱글 코트,002,아우터,21,2124214,musinsastandardwoman,무신사 스탠다드 우먼,우먼즈 캐시미어 블렌드 핸드메이드 발마칸 로브 코트 [블랙],https://image.msscdn.net/images/goods_img/20210910/2124214/2124214_17603400988280_500.jpg,False
2025-01,A,002007,겨울 싱글 코트,002,아우터,22,4209268,musinsastandard,무신사 스탠다드,울 블렌드 오버사이즈 머프 발마칸 코트 [토프],https://image.msscdn.net/images/goods_img/20240620/4209268/4209268_17325141578290_500.jpg,False
2025-01,A,002007,겨울 싱글 코트,002,아우터,23,3405547,musinsastandard,무신사 스탠다드,울 블렌드 오버사이즈 쇼트 발마칸 코트 [블랙],https://image.msscdn.net/images/goods_img/20230712/3405547/3405547_16964760456668_500.jpg,False
2025-01,A,002007,겨울 싱글 코트,002,아우터,24,1628418,musinsastandardwoman,무신사 스탠다드 우먼,우먼즈 캐시미어 블렌드 체스터 롱 코트 [블랙],https://image.msscdn.net/images/goods_img/20200928/1628418/1628418_17358857062794_500.jpg,False
2025-01,A,002007,겨울 싱글 코트,002,아우터,25,3405535,musinsastandard,무신사 스탠다드,울 블렌드 빅 대디 싱글 맥시 코트 [블랙],https://image.msscdn.net/images/goods_img/20230712/3405535/3405535_16982098607707_500.jpg,False
2025-01,A,002007,겨울 싱글 코트,002,아우터,26,4438289,mindbridge,마인드브릿지,두굿_[COUTURE]캐시미어발마칸오버핏롱코트 - 4color MYCA7102,https://image.msscdn.net/images/goods_img/20240912/4438289/4438289_17326660481912_500.jpg,False
2025-01,A,002007,겨울 싱글 코트,002,아우터,27,2682035,musinsastandard,무신사 스탠다드,MTR 오버사이즈 발마칸 코트 [블랙],https://image.msscdn.net/images/goods_img/20220726/2682035/2682035_17138686503539_500.jpg,False
2025-01,A,002007,겨울 싱글 코트,002,아우터,28,1635197,musinsastandard,무신사 스탠다드,캐시미어 20 오버사이즈 싱글 코트 [블랙],https://image.msscdn.net/images/goods_img/20201006/1635197/1635197_17132495934373_500.jpg,False
2025-01,A,002007,겨울 싱글 코트,002,아우터,29,2156295,kiimuir,키뮤어,[WOOL 80] 울 세미오버핏 발마칸 코트_블랙,https://image.msscdn.net/images/goods_img/20210930/2156295/2156295_17899664304676_500.jpg,False
2025-01,A,002007,겨울 싱글 코트,002,아우터,30,2518452,musinsastandard,무신사 스탠다드,캐시미어 블렌드 오버사이즈 발마칸 코트 [네이비],https://image.msscdn.net/images/goods_img/20220427/2518452/2518452_17657749514704_500.jpg,False
2025-01,A,002024,겨울 더블 코트,002,아우터,1,1618207,musinsastandard,무신사 스탠다드,캐시미어 블렌드 대디 숄더 더블 롱 코트 [블랙],https://image.msscdn.net/images/goods_img/20200923/1618207/1618207_17659591931858_500.jpg,False
2025-01,A,002024,겨울 더블 코트,002,아우터,2,3405568,musinsastandardwoman,무신사 스탠다드 우먼,우먼즈 캐시미어 블렌드 트렌치 코트 [블랙],https://image.msscdn.net/images/goods_img/20230712/3405568/3405568_17358860312105_500.jpg,False
2025-01,A,002024,겨울 더블 코트,002,아우터,3,885715,drawfit,드로우핏,프리미어 퓨어 캐시미어 로브 더블 코트 [BLACK],https://image.msscdn.net/images/goods_img/20181019/885715/885715_17588736968691_500.jpg,False
2025-01,A,002024,겨울 더블 코트,002,아우터,4,1611799,musinsastandardwoman,무신사 스탠다드 우먼,우먼즈 캐시미어 블렌드 더블 체스터 롱 코트 [블랙],https://image.msscdn.net/images/goods_img/20200918/1611799/1611799_16998418525655_500.jpg,False
2025-01,A,002024,겨울 더블 코트,002,아우터,5,4209277,musinsastandard,무신사 스탠다드,울 블렌드 대디 숄더 롱 폴로 코트 [블랙],https://image.msscdn.net/images/goods_img/20240620/4209277/4209277_17297469060524_500.jpg,False
2025-01,A,002024,겨울 더블 코트,002,아우터,6,3405537,musinsastandard,무신사 스탠다드,울 블렌드 빅 대디 더블 맥시 코트 [블랙],https://image.msscdn.net/images/goods_img/20230712/3405537/3405537_17364970341314_500.jpg,False
2025-01,A,002024,겨울 더블 코트,002,아우터,7,668822,coor,쿠어,MTR 오버핏 더블 롱 코트 (블랙),https://image.msscdn.net/images/goods_img/20171110/668822/668822_17271832549450_500.jpg,False
2025-01,A,002024,겨울 더블 코트,002,아우터,8,4512999,lmood,엘무드,그레이웨일 더블 코트 FELTRO 블랙,https://image.msscdn.net/images/goods_img/20241014/4512999/4512999_17645601264932_500.png,False
2025-01,A,002024,겨울 더블 코트,002,아우터,9,879625,musinsastandard,무신사 스탠다드,캐시미어 블렌드 오버사이즈 더블 코트 [블랙],https://image.msscdn.net/images/goods_img/20181012/879625/879625_16941406333404_500.jpg,False
2025-01,A,002024,겨울 더블 코트,002,아우터,10,2124218,musinsastandardwoman,무신사 스탠다드 우먼,우먼즈 캐시미어 블렌드 핸드메이드 더블 코트 [블랙],https://image.msscdn.net/images/goods_img/20210910/2124218/2124218_17821830930854_500.jpg,False
2025-01,A,002024,겨울 더블 코트,002,아우터,11,1115974,insilence,인사일런스,캐시미어 더블 롱 코트 BLACK,https://image.msscdn.net/images/goods_img/20190812/1115974/1115974_17586915131267_500.jpg,False
2025-01,A,002024,겨울 더블 코트,002,아우터,12,3405564,musinsastandardwoman,무신사 스탠다드 우먼,우먼즈 울 블렌드 오버 숄더 더블 코트 [블랙],https://image.msscdn.net/images/goods_img/20230712/3405564/3405564_17252366745960_500.jpg,False
2025-01,A,002024,겨울 더블 코트,002,아우터,13,1611801,musinsastandardwoman,무신사 스탠다드 우먼,우먼즈 캐시미어 블렌드 더블 체스터 롱 코트 [미디엄 그레이],https://image.msscdn.net/images/goods_img/20200918/1611801/1611801_16998419183951_500.jpg,False
2025-01,A,002024,겨울 더블 코트,002,아우터,14,4533097,levar,르바,Hairy Alpaca Blended Classic Coat - Charcoal,https://image.msscdn.net/images/goods_img/20241018/4533097/4533097_17606054459812_500.jpg,False
2025-01,A,002024,겨울 더블 코트,002,아우터,15,2518480,musinsastandardwoman,무신사 스탠다드 우먼,우먼즈 캐시미어 블렌드 핸드메이드 더블 코트 [차콜 그레이],https://image.msscdn.net/images/goods_img/20220427/2518480/2518480_17821832254333_500.jpg,False
2025-01,A,002024,겨울 더블 코트,002,아우터,16,1618208,musinsastandard,무신사 스탠다드,캐시미어 블렌드 대디 숄더 더블 롱 코트 [탠 브라운],https://image.msscdn.net/images/goods_img/20200923/1618208/1618208_1_500.jpg,False
2025-01,A,002024,겨울 더블 코트,002,아우터,17,3563284,beslow,비슬로우,[24FW Ver.]OVERSIZED CASHMERE DOUBLE BREASTED COAT BLACK,https://image.msscdn.net/images/goods_img/20230915/3563284/3563284_17282608161391_500.jpg,False
2025-01,A,002024,겨울 더블 코트,002,아우터,18,2821697,urbandtype,어반디타입,히티드울 멜턴 더플코트(Wool 60)_네이비,https://image.msscdn.net/images/goods_img/20220927/2821697/2821697_17268010763691_500.jpg,False
2025-01,A,002024,겨울 더블 코트,002,아우터,19,4452604,beslow,비슬로우,[24FW Ver.]OVERSIZED CASHMERE DOUBLE BREASTED COAT MELANGE CHARCOAL,https://image.msscdn.net/images/goods_img/20240923/4452604/4452604_17270718393888_500.jpg,False
2025-01,A,002024,겨울 더블 코트,002,아우터,20,4475735,lmood,엘무드,발렌티누스 더블 코트 FELTRO 블랙,https://image.msscdn.net/images/goods_img/20240930/4475735/4475735_17285253941552_500.jpg,False
2025-01,A,002024,겨울 더블 코트,002,아우터,21,2085823,drawfit,드로우핏,프리미어 퓨어 캐시미어 로브 더블 코트 [DARK BROWN],https://image.msscdn.net/images/goods_img/20210825/2085823/2085823_17588739997509_500.jpg,False
2025-01,A,002024,겨울 더블 코트,002,아우터,22,2113509,musinsastandard,무신사 스탠다드,캐시미어 블렌드 대디 숄더 더블 롱 코트 [네이비],https://image.msscdn.net/images/goods_img/20210907/2113509/2113509_17659591292990_500.jpg,False
2025-01,A,002024,겨울 더블 코트,002,아우터,23,1635199,musinsastandard,무신사 스탠다드,캐시미어 20 오버사이즈 더블 코트 [블랙],https://image.msscdn.net/images/goods_img/20201006/1635199/1635199_17137722539173_500.jpg,False
2025-01,A,002024,겨울 더블 코트,002,아우터,24,4454285,coor,쿠어,오버사이즈 알파카 블렌드 더플 코트 (다크브라운멜란지),https://image.msscdn.net/images/goods_img/20240923/4454285/4454285_17271826765299_500.jpg,False
2025-01,A,002024,겨울 더블 코트,002,아우터,25,3405569,musinsastandardwoman,무신사 스탠다드 우먼,우먼즈 캐시미어 블렌드 트렌치 코트 [토프],https://image.msscdn.net/images/goods_img/20230712/3405569/3405569_17126523392809_500.jpg,False
2025-01,A,002024,겨울 더블 코트,002,아우터,26,4211917,musinsastandardwoman,무신사 스탠다드 우먼,우먼즈 캐시미어 블렌드 더블 체스터 롱 코트 [헤더 올리브],https://image.msscdn.net/images/goods_img/20240621/4211917/4211917_17241313716355_500.jpg,False
2025-01,A,002024,겨울 더블 코트,002,아우터,27,2862908,trillion,트릴리온,유니섹스 발마칸 더플 숏 코트 (BEIGE),https://image.msscdn.net/images/goods_img/20221014/2862908/2862908_1_500.jpg,False
2025-01,A,002024,겨울 더블 코트,002,아우터,28,4209278,musinsastandard,무신사 스탠다드,울 블렌드 대디 숄더 롱 폴로 코트 [차콜 그레이],https://image.msscdn.net/images/goods_img/20240620/4209278/4209278_17290573912217_500.jpg,False
2025-01,A,002024,겨울 더블 코트,002,아우터,29,4407440,lemainsecond,리메인세컨드,울 블렌드 오버핏 더블 코트 [블랙],https://image.msscdn.net/images/goods_img/20240905/4407440/4407440_17580709942394_500.jpg,False
2025-01,A,002024,겨울 더블 코트,002,아우터,30,3405570,musinsastandardwoman,무신사 스탠다드 우먼,우먼즈 캐시미어 블렌드 트렌치 코트 [차콜 그레이],https://image.msscdn.net/images/goods_img/20230712/3405570/3405570_16970883902516_500.jpg,False
2025-01,A,002009,겨울 기타 코트,002,아우터,1,2863075,trillion,트릴리온,유니섹스 발마칸 더플 숏 코트 (BLACK),https://image.msscdn.net/images/goods_img/20221014/2863075/2863075_1_500.jpg,False
2025-01,A,002009,겨울 기타 코트,002,아우터,2,3405552,musinsastandard,무신사 스탠다드,울 블렌드 오버사이즈 더플 코트 [네이비],https://image.msscdn.net/images/goods_img/20230712/3405552/3405552_17364971561413_500.jpg,False
2025-01,A,002009,겨울 기타 코트,002,아우터,3,2238440,partimento,파르티멘토,오버사이즈 멜톤 더플 롱 코트 네이비,https://image.msscdn.net/images/goods_img/20211117/2238440/2238440_1_500.jpg,False
2025-01,A,002009,겨울 기타 코트,002,아우터,4,3585021,kiimuir,키뮤어,울(WOOL) 후드 더플 하프 코트_네이비,https://image.msscdn.net/images/goods_img/20230921/3585021/3585021_17345081650279_500.jpg,False
2025-01,A,002009,겨울 기타 코트,002,아우터,5,3397886,musinsastandardwoman,무신사 스탠다드 우먼,우먼즈 울 블렌드 더플 쇼트 코트 [블랙],https://image.msscdn.net/images/goods_img/20230706/3397886/3397886_17799446298899_500.jpg,False
2025-01,A,002009,겨울 기타 코트,002,아우터,6,4351348,misekiseoul,미세키서울,Hoodie long duffle Coat CHARCOAL,https://image.msscdn.net/images/goods_img/20240821/4351348/4351348_17621492767638_500.jpg,False
2025-01,A,002009,겨울 기타 코트,002,아우터,7,4351669,misekiseoul,미세키서울,Duffle hoodie short coat CHARCOAL,https://image.msscdn.net/images/goods_img/20240821/4351669/4351669_17582644885283_500.jpg,False
2025-01,A,002009,겨울 기타 코트,002,아우터,8,2594255,decoroso,데꼬로소,마엘 로브 롱 코트 [블랙],https://image.msscdn.net/images/goods_img/20220531/2594255/2594255_17593717886496_500.jpg,False
2025-01,A,002009,겨울 기타 코트,002,아우터,9,420779,lofi,로파이,오버핏 스테디 더플 코트 (네이비),https://image.msscdn.net/images/goods_img/20160929/420779/420779_17292266904127_500.jpg,False
2025-01,A,002009,겨울 기타 코트,002,아우터,10,3405551,musinsastandard,무신사 스탠다드,울 블렌드 오버사이즈 더플 코트 [블랙],https://image.msscdn.net/images/goods_img/20230712/3405551/3405551_16957097530371_500.jpg,False
2025-01,A,002009,겨울 기타 코트,002,아우터,11,2863073,trillion,트릴리온,유니섹스 발마칸 더플 숏 코트 (BROWN),https://image.msscdn.net/images/goods_img/20221014/2863073/2863073_1_500.jpg,False
2025-01,A,002009,겨울 기타 코트,002,아우터,12,4507480,oheshio,오헤시오,"CHECK HALF WOOL COAT, BLACK",https://image.msscdn.net/images/goods_img/20241011/4507480/4507480_17298501778797_500.jpg,False
2025-01,A,002009,겨울 기타 코트,002,아우터,13,3585018,kiimuir,키뮤어,울(WOOL) 후드 더플 하프 코트_블랙,https://image.msscdn.net/images/goods_img/20230921/3585018/3585018_17345081833192_500.jpg,False
2025-01,A,002009,겨울 기타 코트,002,아우터,14,2238412,partimento,파르티멘토,오버사이즈 멜톤 콘보이 더플 코트 네이비,https://image.msscdn.net/images/goods_img/20211117/2238412/2238412_2_500.jpg,False
2025-01,A,002009,겨울 기타 코트,002,아우터,15,3397887,musinsastandardwoman,무신사 스탠다드 우먼,우먼즈 울 블렌드 더플 쇼트 코트 [네이비],https://image.msscdn.net/images/goods_img/20230706/3397887/3397887_17799445231605_500.jpg,False
2025-01,A,002009,겨울 기타 코트,002,아우터,16,2238433,partimento,파르티멘토,오버사이즈 멜톤 더플 롱 코트 블랙,https://image.msscdn.net/images/goods_img/20211117/2238433/2238433_1_500.jpg,False
2025-01,A,002009,겨울 기타 코트,002,아우터,17,4501870,spao,스파오,숏 더플코트 (SPJWE4TG03 RE)_SPJWF11G03,https://image.msscdn.net/images/goods_img/20241010/4501870/4501870_17326728563197_500.jpg,False
2025-01,A,002009,겨울 기타 코트,002,아우터,18,4209431,musinsastandardwoman,무신사 스탠다드 우먼,우먼즈 알파카 블렌드 후디드 쇼트 코트 [브라운],https://image.msscdn.net/images/goods_img/20240620/4209431/4209431_17320957797251_500.jpg,False
2025-01,A,002009,겨울 기타 코트,002,아우터,19,2863193,trillion,트릴리온,유니섹스 발마칸 더플 롱 코트 (BLACK),https://image.msscdn.net/images/goods_img/20221014/2863193/2863193_1_500.jpg,False
2025-01,A,002009,겨울 기타 코트,002,아우터,20,4209429,musinsastandardwoman,무신사 스탠다드 우먼,우먼즈 알파카 블렌드 후디드 쇼트 코트 [라이트 베이지],https://image.msscdn.net/images/goods_img/20240620/4209429/4209429_17358853645101_500.jpg,False
2025-01,A,002009,겨울 기타 코트,002,아우터,21,3585098,kiimuir,키뮤어,[WOOL 80] 울 세미오버핏 더플 코트_네이비,https://image.msscdn.net/images/goods_img/20230921/3585098/3585098_17611010184143_500.jpg,False
2025-01,A,002009,겨울 기타 코트,002,아우터,22,2157780,partimento,파르티멘토,오버사이즈 멜톤 콘보이 더플 코트 블랙,https://image.msscdn.net/images/goods_img/20211001/2157780/2157780_3_500.jpg,False
2025-01,A,002009,겨울 기타 코트,002,아우터,23,3603817,covernat,커버낫,울 더플 코트 네이비,https://image.msscdn.net/images/goods_img/20231005/3603817/3603817_16964733971272_500.png,False
2025-01,A,002009,겨울 기타 코트,002,아우터,24,4414872,covernatwoman,커버낫 우먼,우먼 후드 숏 더플 코트 Navy,https://image.msscdn.net/images/goods_img/20240906/4414872/4414872_17319945153695_500.jpg,False
2025-01,A,002009,겨울 기타 코트,002,아우터,25,1641129,musinsastandardwoman,무신사 스탠다드 우먼,우먼즈 캐시미어 블렌드 핸드메이드 로브 코트 [블랙],https://image.msscdn.net/images/goods_img/20201008/1641129/1641129_17821067025442_500.jpg,False
2025-01,A,002009,겨울 기타 코트,002,아우터,26,4527355,gubin,구빈,울 크롭 하이넥 숏 코트,https://image.msscdn.net/images/goods_img/20241017/4527355/4527355_17307082855950_500.jpg,False
2025-01,A,002009,겨울 기타 코트,002,아우터,27,2161656,lofi,로파이,오버핏 스테디 더플 코트 (차콜),https://image.msscdn.net/images/goods_img/20211005/2161656/2161656_17291580319138_500.jpg,False
2025-01,A,002009,겨울 기타 코트,002,아우터,28,4295593,maxmara,막스마라,릴리아 코트 - 사비아 / 21016061600032,https://image.msscdn.net/images/goods_img/20240805/4295593/4295593_17248048021503_500.jpg,False
2025-01,A,002009,겨울 기타 코트,002,아우터,29,3405542,musinsastandard,무신사 스탠다드,울 블렌드 엑스트라 오버사이즈 더플 코트 [네이비],https://image.msscdn.net/images/goods_img/20230712/3405542/3405542_16957076000600_500.jpg,False
2025-01,A,002009,겨울 기타 코트,002,아우터,30,4497798,lenina,르니나,CAEL handmade wool buckle short coat_BLACK,https://image.msscdn.net/images/goods_img/20241008/4497798/4497798_17624989566619_500.jpg,False
2025-01,A,002013,롱패딩/헤비 아우터,002,아우터,1,4327173,thenorthface,노스페이스,NC1DQ50J 화이트라벨 액션 프리 RDS 다운 코트_BLACK,https://image.msscdn.net/images/goods_img/20240813/4327173/4327173_17235381048878_500.jpg,False
2025-01,A,002013,롱패딩/헤비 아우터,002,아우터,2,4477474,nationalgeographic,내셔널지오그래픽,N244UDW860 카이만 프로 롱기장 구스 다운 점퍼 CARBON BLACK,https://image.msscdn.net/images/goods_img/20240930/4477474/4477474_17276893068534_500.jpg,False
2025-01,A,002013,롱패딩/헤비 아우터,002,아우터,3,4297630,musinsastandard,무신사 스탠다드,데일리 푸퍼 롱 패딩 파카 [블랙],https://image.msscdn.net/images/goods_img/20240805/4297630/4297630_17649137181620_500.jpg,False
2025-01,A,002013,롱패딩/헤비 아우터,002,아우터,4,3600897,discoveryexpedition,디스커버리 익스페디션,여성 켈리 구스다운 롱패딩 (BLACK),https://image.msscdn.net/images/goods_img/20231004/3600897/3600897_17623273685195_500.jpg,False
2025-01,A,002013,롱패딩/헤비 아우터,002,아우터,5,4525082,nationalgeographic,내셔널지오그래픽,N244WDW860 여성 카이만 프로 롱기장 구스 다운 점퍼 CARBON BLACK,https://image.msscdn.net/images/goods_img/20241016/4525082/4525082_17291459329736_500.jpg,False
2025-01,A,002013,롱패딩/헤비 아우터,002,아우터,6,4297594,musinsastandard,무신사 스탠다드,미니멀 후디드 롱 다운 파카 [블랙],https://image.msscdn.net/images/goods_img/20240805/4297594/4297594_17314852672987_500.jpg,False
2025-01,A,002013,롱패딩/헤비 아우터,002,아우터,7,4383452,thenorthface,노스페이스,NC1DQ51A 남성 액트 프리 EX 하이브리드 다운 코트,https://image.msscdn.net/images/goods_img/20240829/4383452/4383452_17315694383307_500.jpg,False
2025-01,A,002013,롱패딩/헤비 아우터,002,아우터,8,4368458,k2,케이투,G900 트리니티 (TRINITY) 다운 W_Black,https://image.msscdn.net/images/goods_img/20240826/4368458/4368458_17302567133434_500.jpg,False
2025-01,A,002013,롱패딩/헤비 아우터,002,아우터,9,2758330,discoveryexpedition,디스커버리 익스페디션,여성 레스터G RDS 구스다운 롱패딩 (BLACK),https://image.msscdn.net/images/goods_img/20220831/2758330/2758330_17320646572654_500.jpg,False
2025-01,A,002013,롱패딩/헤비 아우터,002,아우터,10,2755394,discoveryexpedition,디스커버리 익스페디션,남성 레스터G RDS 구스다운 롱패딩 (BLACK),https://image.msscdn.net/images/goods_img/20220830/2755394/2755394_17338206891781_500.jpg,False
2025-01,A,002013,롱패딩/헤비 아우터,002,아우터,11,4589032,kolonsport,코오롱스포츠,여성 폭스퍼 롱다운 스노우문 TVJDW24562BLK,https://image.msscdn.net/images/goods_img/20241105/4589032/4589032_17316367308405_500.jpg,False
2025-01,A,002013,롱패딩/헤비 아우터,002,아우터,12,4241964,spao,스파오,베이직 롱패딩_SPJPE4VC14,https://image.msscdn.net/images/goods_img/20240710/4241964/4241964_17377003729514_500.jpg,False
2025-01,A,002013,롱패딩/헤비 아우터,002,아우터,13,3583316,discoveryexpedition,디스커버리 익스페디션,여성 반슬리 다운 롱패딩 (BLACK),https://image.msscdn.net/images/goods_img/20230921/3583316/3583316_17684438118219_500.jpg,False
2025-01,A,002013,롱패딩/헤비 아우터,002,아우터,14,3618400,akiiiclassic,아키클래식,필파워 742 왈라비 프리미엄 덕다운 롱패딩 Ver.4 (블랙),https://image.msscdn.net/images/goods_img/20231011/3618400/3618400_17298171531929_500.jpg,False
2025-01,A,002013,롱패딩/헤비 아우터,002,아우터,15,1647181,maisonmined,메종미네드,BLACK DOUBLE LONG GOOSE DOWN,https://image.msscdn.net/images/goods_img/20201014/1647181/1647181_2_500.jpg,False
2025-01,A,002013,롱패딩/헤비 아우터,002,아우터,16,4470056,suare,수아레,서스테인 발마칸 패딩 코트 - 2 COLOR,https://image.msscdn.net/images/goods_img/20240927/4470056/4470056_17593708342462_500.jpg,False
2025-01,A,002013,롱패딩/헤비 아우터,002,아우터,17,4569353,blackyak,블랙야크,아이스제로 레이디 다운자켓,https://image.msscdn.net/images/goods_img/20241029/4569353/4569353_17610119295123_500.jpg,False
2025-01,A,002013,롱패딩/헤비 아우터,002,아우터,18,4569158,kolonsport,코오롱스포츠,여성 롱다운 안타티카 JKJDW24242BLK,https://image.msscdn.net/images/goods_img/20241029/4569158/4569158_17338941697782_500.jpg,False
2025-01,A,002013,롱패딩/헤비 아우터,002,아우터,19,4504369,discoveryexpedition,디스커버리 익스페디션,남성 베른 구스다운 롱패딩 (BLACK),https://image.msscdn.net/images/goods_img/20241010/4504369/4504369_17307054905899_500.jpg,False
2025-01,A,002013,롱패딩/헤비 아우터,002,아우터,20,4297634,musinsastandard,무신사 스탠다드,데일리 푸퍼 미니멀 롱 패딩 파카 [블랙],https://image.msscdn.net/images/goods_img/20240805/4297634/4297634_17290648980483_500.jpg,False
2025-01,A,002013,롱패딩/헤비 아우터,002,아우터,21,4504359,discoveryexpedition,디스커버리 익스페디션,여성 루이크 구스다운 롱패딩 (BLACK),https://image.msscdn.net/images/goods_img/20241010/4504359/4504359_17290543499483_500.jpg,False
2025-01,A,002013,롱패딩/헤비 아우터,002,아우터,22,4508049,codegraphy,코드그라피,롱 더플 패딩_블랙,https://image.msscdn.net/images/goods_img/20241011/4508049/4508049_17634459421395_500.jpg,False
2025-01,A,002013,롱패딩/헤비 아우터,002,아우터,23,4387254,nepa,네파,7K82075 여성 아르테 다운 자켓 (3color),https://image.msscdn.net/images/goods_img/20240830/4387254/4387254_17249768731711_500.jpg,False
2025-01,A,002013,롱패딩/헤비 아우터,002,아우터,24,4604316,thenorthface,노스페이스,NC1DQ50A 남성 챌린지 에어 RDS 다운 코트_BLACK,https://image.msscdn.net/images/goods_img/20241111/4604316/4604316_17313091959603_500.jpg,False
2025-01,A,002013,롱패딩/헤비 아우터,002,아우터,25,2222924,musinsastandard,무신사 스탠다드,롱 다운 벤치 파카 [블랙],https://image.msscdn.net/images/goods_img/20211109/2222924/2222924_17649252759332_500.jpg,False
2025-01,A,002013,롱패딩/헤비 아우터,002,아우터,26,4572582,theatg,더엣지,FW 폭스퍼 야상 롱 구스다운 코트,https://image.msscdn.net/images/goods_img/20241030/4572582/4572582_17551345878241_500.jpg,False
2025-01,A,002013,롱패딩/헤비 아우터,002,아우터,27,4469334,covernat,커버낫,24FW RDS 씨빅 롱 다운 블랙,https://image.msscdn.net/images/goods_img/20240926/4469334/4469334_17321676769014_500.jpg,False
2025-01,A,002013,롱패딩/헤비 아우터,002,아우터,28,4397922,toffee,토피,오버핏 클래식 롱 파카 (BLACK),https://image.msscdn.net/images/goods_img/20240903/4397922/4397922_17253529158742_500.jpg,False
2025-01,A,002013,롱패딩/헤비 아우터,002,아우터,29,4267189,k2,케이투,BOOST_벤치다운(공용)_Black,https://image.msscdn.net/images/goods_img/20240723/4267189/4267189_17216968906363_500.jpg,False
2025-01,A,002013,롱패딩/헤비 아우터,002,아우터,30,3477392,descente,데상트,2024 롱 캐논 유러피언 구스다운 블랙(SP323SDJ91),https://image.msscdn.net/images/goods_img/20230818/3477392/3477392_17889177628381_500.jpg,False
2025-01,A,002016,패딩 베스트,002,아우터,1,3378526,musinsastandard,무신사 스탠다드,시티 레저 다운 패딩 베스트 [블랙],https://image.msscdn.net/images/goods_img/20230622/3378526/3378526_17133382296821_500.jpg,False
2025-01,A,002016,패딩 베스트,002,아우터,2,4241965,spao,스파오,베이직 패쪼_SPJVE4TC01,https://image.msscdn.net/images/goods_img/20240710/4241965/4241965_17295720190889_500.jpg,False
2025-01,A,002016,패딩 베스트,002,아우터,3,3967536,thenorthface,노스페이스,NV1DQ55A 남성 1996 눕시 베스트_BLACK,https://image.msscdn.net/images/goods_img/20240319/3967536/3967536_17108298118248_500.jpg,False
2025-01,A,002016,패딩 베스트,002,아우터,4,4483974,nike,나이키,스포츠웨어 클럽  패딩 베스트 M - 블랙:화이트 / FB7374-010,https://image.msscdn.net/images/goods_img/20241002/4483974/4483974_17292144486983_500.jpg,False
2025-01,A,002016,패딩 베스트,002,아우터,5,606312,musinsastandard,무신사 스탠다드,브이넥 라이트 다운 베스트 [블랙],https://image.msscdn.net/images/goods_img/20170822/606312/606312_4_500.jpg,False
2025-01,A,002016,패딩 베스트,002,아우터,6,4715333,thenorthface,노스페이스,NV1DR50J 화이트라벨 노벨티 눕시 RDS 다운 베스트_BLACK,https://image.msscdn.net/images/goods_img/20250113/4715333/4715333_17367346579583_500.jpg,False
2025-01,A,002016,패딩 베스트,002,아우터,7,4477217,matinkim,마뗑킴,BIG LOGO POINT DOWN VEST FOR WOMEN IN BLACK,https://image.msscdn.net/images/goods_img/20240930/4477217/4477217_17405399635187_500.jpg,False
2025-01,A,002016,패딩 베스트,002,아우터,8,4477216,matinkim,마뗑킴,BIG LOGO POINT DOWN VEST FOR WOMEN IN SILVER,https://image.msscdn.net/images/goods_img/20240930/4477216/4477216_17276796801882_500.jpg,False
2025-01,A,002016,패딩 베스트,002,아우터,9,4297636,musinsastandard,무신사 스탠다드,데일리 푸퍼 패딩 베스트 [블랙],https://image.msscdn.net/images/goods_img/20240805/4297636/4297636_17649029228262_500.jpg,False
2025-01,A,002016,패딩 베스트,002,아우터,10,4356820,musinsastandard,무신사 스탠다드,시티 레저 하이넥 라이트 다운 베스트 [블랙],https://image.msscdn.net/images/goods_img/20240822/4356820/4356820_17273408455300_500.jpg,False
2025-01,A,002016,패딩 베스트,002,아우터,11,3667963,minimalproject,미니멀프로젝트,MNMP 하이넥 패딩 베스트 MVT102 [BLACK],https://image.msscdn.net/images/goods_img/20231030/3667963/3667963_17606004212693_500.jpg,False
2025-01,A,002016,패딩 베스트,002,아우터,12,4450980,marithefrancoisgirbaud,마리떼 프랑소와 저버,W CLASSIC LOGO DUCK DOWN CROP VEST black,https://image.msscdn.net/images/goods_img/20240923/4450980/4450980_17285193491221_500.jpg,False
2025-01,A,002016,패딩 베스트,002,아우터,13,3451293,nomanual,노매뉴얼,TRACK DUCK DOWN VEST - GLOSSY BLACK,https://image.msscdn.net/images/goods_img/20230808/3451293/3451293_17260538086539_500.jpg,False
2025-01,A,002016,패딩 베스트,002,아우터,14,4356823,musinsastandard,무신사 스탠다드,시티 레저 시어 립스탑 후디드 다운 패딩 베스트 [블랙],https://image.msscdn.net/images/goods_img/20240822/4356823/4356823_17273424304911_500.jpg,False
2025-01,A,002016,패딩 베스트,002,아우터,15,4397044,frizmworks,프리즘웍스,KARAKORAM DOWN VEST _ BLACK,https://image.msscdn.net/images/goods_img/20240903/4397044/4397044_17253823244761_500.jpg,False
2025-01,A,002016,패딩 베스트,002,아우터,16,1635329,musinsastandard,무신사 스탠다드,다운 푸퍼 패딩 베스트 [블랙],https://image.msscdn.net/images/goods_img/20201006/1635329/1635329_17799287530514_500.jpg,False
2025-01,A,002016,패딩 베스트,002,아우터,17,4453947,filluminate,필루미네이트,디플로 패딩 베스트-블랙,https://image.msscdn.net/images/goods_img/20240923/4453947/4453947_17283542517560_500.jpg,False
2025-01,A,002016,패딩 베스트,002,아우터,18,2807867,lmc,엘엠씨,OG PUFFER DUCK DOWN VEST black,https://image.msscdn.net/images/goods_img/20220921/2807867/2807867_17604354806792_500.jpg,False
2025-01,A,002016,패딩 베스트,002,아우터,19,4460695,thisisneverthat,디스이즈네버댓,PERTEX® T Down Vest Olive,https://image.msscdn.net/images/goods_img/20240925/4460695/4460695_17272538675290_500.jpg,False
2025-01,A,002016,패딩 베스트,002,아우터,20,4410189,lemainsecond,리메인세컨드,2WAY 오버핏 볼륨 웰론 푸퍼 패딩 베스트 [블랙],https://image.msscdn.net/images/goods_img/20240905/4410189/4410189_17611098548841_500.jpg,False
2025-01,A,002016,패딩 베스트,002,아우터,21,4620273,arcteryx,아크테릭스,세륨 베스트 남성 - BLACK / AJOFMX7455,https://image.msscdn.net/images/goods_img/20241118/4620273/4620273_17326079341162_500.jpg,False
2025-01,A,002016,패딩 베스트,002,아우터,22,4593572,patagonia,파타고니아,멘즈 다운드리프트 베스트 / 20785P7,https://image.msscdn.net/images/goods_img/20241106/4593572/4593572_17308789007804_500.jpg,False
2025-01,A,002016,패딩 베스트,002,아우터,23,3436246,ilcorso,일꼬르소,[oam.factory X ILCORSO] 플로우 구스 다운 베스트 그레이 IEJU3F702G2,https://image.msscdn.net/images/goods_img/20230801/3436246/3436246_16970037141021_500.jpg,False
2025-01,A,002016,패딩 베스트,002,아우터,24,4460694,thisisneverthat,디스이즈네버댓,PERTEX® T Down Vest Black,https://image.msscdn.net/images/goods_img/20240925/4460694/4460694_17272538155749_500.jpg,False
2025-01,A,002016,패딩 베스트,002,아우터,25,1114855,musinsastandardwoman,무신사 스탠다드 우먼,우먼즈 트랜스폼 라운드 넥 라이트 다운 베스트 [블랙],https://image.msscdn.net/images/goods_img/20190809/1114855/1114855_17625009396289_500.jpg,False
2025-01,A,002016,패딩 베스트,002,아우터,26,2820356,lettercomo,레테르코모,아워 인피니엄 패딩베스트 블랙,https://image.msscdn.net/images/goods_img/20220926/2820356/2820356_1_500.jpg,False
2025-01,A,002016,패딩 베스트,002,아우터,27,4493062,ami,아미,하트 로고 베스트 패딩 - 블랙 / HJK703PA0009001,https://image.msscdn.net/images/goods_img/20241007/4493062/4493062_17290491390969_500.jpg,False
2025-01,A,002016,패딩 베스트,002,아우터,28,4551278,thenorthface,노스페이스,NV1DQ57A 남성 슈퍼플렉스 눕시 다운 베스트 (RDS)_BLACK,https://image.msscdn.net/images/goods_img/20241024/4551278/4551278_17297331510738_500.jpg,False
2025-01,A,002016,패딩 베스트,002,아우터,29,3378527,musinsastandard,무신사 스탠다드,시티 레저 다운 패딩 베스트 [그레이쉬 베이지],https://image.msscdn.net/images/goods_img/20230622/3378527/3378527_17133382041972_500.jpg,False
2025-01,A,002016,패딩 베스트,002,아우터,30,4397047,frizmworks,프리즘웍스,KARAKORAM DOWN VEST _ ORANGE,https://image.msscdn.net/images/goods_img/20240903/4397047/4397047_17253822647593_500.jpg,False
2025-01,A,002015,기타 아우터,002,아우터,1,3481679,salomon,살로몬,UNI 모디세이 자켓_LC2573500,https://image.msscdn.net/images/goods_img/20230821/3481679/3481679_17569757995405_500.png,False
2025-01,A,002015,기타 아우터,002,아우터,2,4439851,dickies,디키즈,트윌 워크 재킷 Khaki,https://image.msscdn.net/images/goods_img/20240913/4439851/4439851_17325800749993_500.jpg,False
2025-01,A,002015,기타 아우터,002,아우터,3,4439849,dickies,디키즈,트윌 워크 재킷 Black,https://image.msscdn.net/images/goods_img/20240913/4439849/4439849_17325800650698_500.jpg,False
2025-01,A,002015,기타 아우터,002,아우터,4,4514395,trillion,트릴리온,코듀로이 카라 스웨이드 집업 워크 자켓 [블랙],https://image.msscdn.net/images/goods_img/20241014/4514395/4514395_17298226223955_500.jpg,False
2025-01,A,002015,기타 아우터,002,아우터,5,4602451,arcteryx,아크테릭스,베타 자켓 남성 - BLACK / AJOFMX8584,https://image.msscdn.net/images/goods_img/20241111/4602451/4602451_17320825681469_500.jpg,False
2025-01,A,002015,기타 아우터,002,아우터,6,4215250,burberry,버버리,리버시블 체크 릴렉스핏 재킷 - 아카이브 베이지 / 8027097,https://image.msscdn.net/images/goods_img/20240624/4215250/4215250_17212791031453_500.jpg,False
2025-01,A,002015,기타 아우터,002,아우터,7,4439852,dickies,디키즈,트윌 워크 재킷 Olive,https://image.msscdn.net/images/goods_img/20240913/4439852/4439852_17325800807282_500.jpg,False
2025-01,A,002015,기타 아우터,002,아우터,8,3493776,poloralphlauren,폴로 랄프 로렌,코튼 트윌 치노 재킷 - 베이지,https://image.msscdn.net/images/goods_img/20230824/3493776/3493776_16940558616592_500.jpg,False
2025-01,A,002015,기타 아우터,002,아우터,9,4602452,arcteryx,아크테릭스,베타 자켓 남성 - BLACK SAPPHIRE / AJOFMX8584,https://image.msscdn.net/images/goods_img/20241111/4602452/4602452_17320826400208_500.jpg,False
2025-01,A,002015,기타 아우터,002,아우터,10,2837405,matinkim,마뗑킴,MATIN KIM LOGO COATING JUMPER,https://image.msscdn.net/images/goods_img/20221004/2837405/2837405_1_500.jpg,False
2025-01,A,002015,기타 아우터,002,아우터,11,1114716,musinsastandard,무신사 스탠다드,트랜스폼 라운드 넥 라이트 다운 재킷 [블랙],https://image.msscdn.net/images/goods_img/20190809/1114716/1114716_17139449466220_500.jpg,False
2025-01,A,002015,기타 아우터,002,아우터,12,4282759,arcteryx,아크테릭스,아톰 후디 남성 - VITALITY / AJOFMX7487,https://image.msscdn.net/images/goods_img/20240730/4282759/4282759_17240358165070_500.jpg,False
2025-01,A,002015,기타 아우터,002,아우터,13,4282756,arcteryx,아크테릭스,아톰 후디 남성 - CANVAS / AJOFMX7487,https://image.msscdn.net/images/goods_img/20240730/4282756/4282756_17240340386046_500.jpg,False
2025-01,A,002015,기타 아우터,002,아우터,14,4514391,trillion,트릴리온,코듀로이 카라 스웨이드 집업 워크 자켓 [브라운],https://image.msscdn.net/images/goods_img/20241014/4514391/4514391_17298226612581_500.jpg,False
2025-01,A,002015,기타 아우터,002,아우터,15,4440721,poloralphlauren,폴로 랄프 로렌,코튼 트윌 재킷-네이비,https://image.msscdn.net/images/goods_img/20240913/4440721/4440721_17292160301994_500.jpg,False
2025-01,A,002015,기타 아우터,002,아우터,16,4506787,jeleve,제이엘브,퍼 하이넥 자켓,https://image.msscdn.net/images/goods_img/20241011/4506787/4506787_17900527424447_500.jpg,False
2025-01,A,002015,기타 아우터,002,아우터,17,4407121,dickies,디키즈,인슐레이티드 아이젠하워 레귤러핏 워크 재킷 Black,https://image.msscdn.net/images/goods_img/20240905/4407121/4407121_17289701327007_500.jpg,False
2025-01,A,002015,기타 아우터,002,아우터,18,4582576,thomasmore,토마스모어,울 해링턴 자켓,https://image.msscdn.net/images/goods_img/20241101/4582576/4582576_17304476450740_500.jpg,False
2025-01,A,002015,기타 아우터,002,아우터,19,3930059,arcteryx,아크테릭스,베타 AR 재킷 남성 - BLACK / AJOSMX7082,https://image.msscdn.net/images/goods_img/20240307/3930059/3930059_17104012975685_500.jpg,False
2025-01,A,002015,기타 아우터,002,아우터,20,4596359,patagonia,파타고니아,멘즈 R1 에어 풀-집 후디,https://image.msscdn.net/images/goods_img/20241107/4596359/4596359_17588536509316_500.jpg,False
2025-01,A,002015,기타 아우터,002,아우터,21,4262830,outstanding,아웃스탠딩,USN DECK JACKET_NAVY,https://image.msscdn.net/images/goods_img/20240719/4262830/4262830_17893009454730_500.jpg,False
2025-01,A,002015,기타 아우터,002,아우터,22,4347528,k2,케이투,씬에어(THINAIR) ANANTA PARKA_Black,https://image.msscdn.net/images/goods_img/20240820/4347528/4347528_17241342811265_500.jpg,False
2025-01,A,002015,기타 아우터,002,아우터,23,2732576,oddstudio,오드스튜디오,[세트] OS 로고 벨루어 세미 크롭 셋업 - 6COLOR,https://image.msscdn.net/images/goods_img/20220822/2732576/2732576_16774653176211_500.jpg,False
2025-01,A,002015,기타 아우터,002,아우터,24,4447359,levar,르바,Hairy Alpaca Blended Single Jacket - Charcoal,https://image.msscdn.net/images/goods_img/20240920/4447359/4447359_17606059544591_500.jpg,False
2025-01,A,002015,기타 아우터,002,아우터,25,4620272,arcteryx,아크테릭스,베타 자켓 남성 - FORAGE / TATSU / CANVAS / AJOFMX8584,https://image.msscdn.net/images/goods_img/20241118/4620272/4620272_17326079585712_500.jpg,False
2025-01,A,002015,기타 아우터,002,아우터,26,3039150,poloralphlauren,폴로 랄프 로렌,코틀랜드 시얼링 다운 재킷 - 네이비,https://image.msscdn.net/images/goods_img/20230126/3039150/3039150_16764217044301_500.jpg,False
2025-01,A,002015,기타 아우터,002,아우터,27,4459718,illigo,일리고,시어링 퍼 자켓 블랙,https://image.msscdn.net/images/goods_img/20240924/4459718/4459718_17276893743154_500.jpg,False
2025-01,A,002015,기타 아우터,002,아우터,28,4514389,trillion,트릴리온,코듀로이 카라 스웨이드 집업 워크 자켓 [카키],https://image.msscdn.net/images/goods_img/20241014/4514389/4514389_17298226932105_500.jpg,False
2025-01,A,002015,기타 아우터,002,아우터,29,4717502,themuseumvisitor,더뮤지엄비지터,ROUND UNBALANCED PUFF JACKET (BEIGE),https://image.msscdn.net/images/goods_img/20250114/4717502/4717502_17677687001541_500.jpg,False
2025-01,A,002015,기타 아우터,002,아우터,30,4262818,outstanding,아웃스탠딩,HEAVY CANVAS WASHING WORK JACKET_BEIGE,https://image.msscdn.net/images/goods_img/20240719/4262818/4262818_17585928085836_500.jpg,False
2025-01,A,003,바지,,,1,4274049,lemainsecond,리메인세컨드,빈티지 캣워싱 와이드 데님 팬츠 [옐로우 워싱],https://image.msscdn.net/images/prd_img/20240725/4274049/detail_4274049_17757836079460_500.jpg,False
2025-01,A,003,바지,,,2,1551840,xero,제로,Deep One Tuck Sweat Pants [Grey],https://image.msscdn.net/images/goods_img/20200818/1551840/1551840_1_500.jpg,False
2025-01,A,003,바지,,,3,1551839,xero,제로,Deep One Tuck Sweat Pants [Black],https://image.msscdn.net/images/goods_img/20200818/1551839/1551839_1_500.jpg,False
2025-01,A,003,바지,,,4,1844582,brenson,브렌슨,(Renew Ver.) 원턱 와이드 스웨트 팬츠 ( 7Color ) ( 기모선택 ),https://image.msscdn.net/images/goods_img/20210315/1844582/1844582_17774456564921_500.jpg,False
2025-01,A,003,바지,,,5,3791988,filluminate,필루미네이트,데미지 워시드 데님 팬츠-미디엄 블루,https://image.msscdn.net/images/goods_img/20240112/3791988/3791988_17894491801613_500.jpg,False
2025-01,A,003,바지,,,6,2112059,gakka2,가까이 유니언즈,[여름 or 기모 or 사계절 원단 선택] 원턱 와이드 스웨트팬츠 그레이,https://image.msscdn.net/images/goods_img/20210906/2112059/2112059_17473624399256_500.jpg,False
2025-01,A,003,바지,,,7,2112061,gakka2,가까이 유니언즈,[여름 or 기모 or 사계절 원단 선택] 원턱 와이드 스웨트팬츠 블랙,https://image.msscdn.net/images/goods_img/20210906/2112061/2112061_17459952841713_500.jpg,False
2025-01,A,003,바지,,,8,3663072,toffee,토피,모어 와이드 데님 팬츠 (WASHED RAW BLACK),https://image.msscdn.net/images/goods_img/20231027/3663072/3663072_16988871011427_500.jpg,False
2025-01,A,003,바지,,,9,3674341,boundary,바운더리,(여름원단추가) 투턱 와이드 롱 스웨트 팬츠 [블랙],https://image.msscdn.net/images/goods_img/20231101/3674341/3674341_17042599581270_500.jpg,False
2025-01,A,003,바지,,,10,1149329,musinsastandard,무신사 스탠다드,세미 와이드 히든 밴딩 슬랙스 [블랙],https://image.msscdn.net/images/goods_img/20190910/1149329/1149329_17775152531848_500.jpg,False
2025-01,A,003,바지,,,11,750908,wholovesart,후러브스아트,유니섹스 세미 와이드 밴딩 슬랙스 블랙,https://image.msscdn.net/images/goods_img/20180406/750908/750908_17736379434172_500.jpg,False
2025-01,A,003,바지,,,12,2926541,brenson,브렌슨,(Renew Ver.) 코듀로이 원턱 와이드 밴딩팬츠 ( 5Color ),https://image.msscdn.net/images/goods_img/20221108/2926541/2926541_17623049889755_500.jpg,False
2025-01,A,003,바지,,,13,1168906,musinsastandard,무신사 스탠다드,와이드 히든 밴딩 슬랙스 [블랙],https://image.msscdn.net/images/goods_img/20190927/1168906/1168906_17224121763738_500.jpg,False
2025-01,A,003,바지,,,14,4506373,fit2c,아크시,루즈 워시드 벌룬핏 와이드 데님 팬츠 유니섹스 (블랙),https://image.msscdn.net/images/goods_img/20241011/4506373/4506373_17724993058931_500.jpg,False
2025-01,A,003,바지,,,15,4274045,lemainsecond,리메인세컨드,빈티지 캣워싱 와이드 데님 팬츠 [샌드 블루],https://image.msscdn.net/images/goods_img/20240725/4274045/4274045_17888435557697_500.jpg,False
2025-01,A,003,바지,,,16,4556449,scallywag,스켈리웩,벌룬핏 스웨트 팬츠[라이트그레이],https://image.msscdn.net/images/goods_img/20241024/4556449/4556449_17891087880393_500.jpg,False
2025-01,A,003,바지,,,17,3956305,poloralphlauren,폴로 랄프 로렌,[Crest Capsule] 코튼 트윌 빅 치노 팬츠 - 베이지,https://image.msscdn.net/images/goods_img/20240315/3956305/3956305_17104681612953_500.jpg,False
2025-01,A,003,바지,,,18,3575430,avan,어반드레스,Side Big Cargo Pants CAMO,https://image.msscdn.net/images/goods_img/20230919/3575430/3575430_17421696736376_500.jpg,False
2025-01,A,003,바지,,,19,4342152,excontainer,엑스컨테이너,원턱 와이드 코듀로이 팬츠 (BROWN),https://image.msscdn.net/images/goods_img/20240819/4342152/4342152_17754495698251_500.jpg,False
2025-01,A,003,바지,,,20,3902778,standarderror,스탠다드에러,87-STAN047 벌룬핏 워싱 와이드 데님팬츠 빈티지 블랙,https://image.msscdn.net/images/goods_img/20240227/3902778/3902778_17743239190107_500.jpg,False
2025-01,A,003,바지,,,21,4358823,branded,브랜디드,1792 OLD SOUL JEANS [WIDE STRAIGHT],https://image.msscdn.net/images/goods_img/20240822/4358823/4358823_17817666197789_500.jpg,False
2025-01,A,003,바지,,,22,3674342,boundary,바운더리,(여름원단추가) 투턱 와이드 롱 스웨트 팬츠 [그레이],https://image.msscdn.net/images/goods_img/20231101/3674342/3674342_17044188945397_500.jpg,False
2025-01,A,003,바지,,,23,4556448,scallywag,스켈리웩,벌룬핏 스웨트 팬츠[브라운],https://image.msscdn.net/images/goods_img/20241024/4556448/4556448_17891088294272_500.jpg,False
2025-01,A,003,바지,,,24,3690591,signature,시그니처,[최종우X시그니처]소프트 헤비 코듀로이 원턱 밴딩 팬츠[모카브라운],https://image.msscdn.net/images/goods_img/20231107/3690591/3690591_17694078611375_500.jpg,False
2025-01,A,003,바지,,,25,4293032,thecoldestmoment,더콜디스트모먼트,TCM starfish chino pants (black),https://image.msscdn.net/images/goods_img/20240802/4293032/4293032_17231900851488_500.jpg,False
2025-01,A,003,바지,,,26,4261761,outstanding,아웃스탠딩,[MUT lab] W.W.II SELVEDGE STRAIGHT PANTS_INDIGO,https://image.msscdn.net/images/goods_img/20240719/4261761/4261761_17682658838869_500.jpg,False
2025-01,A,003,바지,,,27,3794791,ourdayz,아워데이즈,웨이비 커브드 와이드 데님 팬츠 [BLUE],https://image.msscdn.net/images/goods_img/20240115/3794791/3794791_17900634212592_500.jpg,False
2025-01,A,003,바지,,,28,4293047,thecoldestmoment,더콜디스트모먼트,TCM starfish chino pants (brown),https://image.msscdn.net/images/goods_img/20240802/4293047/4293047_17231900499261_500.jpg,False
2025-01,A,003,바지,,,29,2744549,anolorcode,어널러코드,사계절 쓰리턱 트레이닝팬츠 (2color),https://image.msscdn.net/images/goods_img/20220825/2744549/2744549_17848712083816_500.jpg,False
2025-01,A,003,바지,,,30,4274042,lemainsecond,리메인세컨드,빈티지 캣워싱 와이드 데님 팬츠 [다크 블루],https://image.msscdn.net/images/goods_img/20240725/4274042/4274042_17755351676487_500.jpg,False
2025-01,A,003002,데님 팬츠,003,바지,1,4274049,lemainsecond,리메인세컨드,빈티지 캣워싱 와이드 데님 팬츠 [옐로우 워싱],https://image.msscdn.net/images/prd_img/20240725/4274049/detail_4274049_17757836079460_500.jpg,False
2025-01,A,003002,데님 팬츠,003,바지,2,3791988,filluminate,필루미네이트,데미지 워시드 데님 팬츠-미디엄 블루,https://image.msscdn.net/images/goods_img/20240112/3791988/3791988_17894491801613_500.jpg,False
2025-01,A,003002,데님 팬츠,003,바지,3,3663072,toffee,토피,모어 와이드 데님 팬츠 (WASHED RAW BLACK),https://image.msscdn.net/images/goods_img/20231027/3663072/3663072_16988871011427_500.jpg,False
2025-01,A,003002,데님 팬츠,003,바지,4,4506373,fit2c,아크시,루즈 워시드 벌룬핏 와이드 데님 팬츠 유니섹스 (블랙),https://image.msscdn.net/images/goods_img/20241011/4506373/4506373_17724993058931_500.jpg,False
2025-01,A,003002,데님 팬츠,003,바지,5,4274045,lemainsecond,리메인세컨드,빈티지 캣워싱 와이드 데님 팬츠 [샌드 블루],https://image.msscdn.net/images/goods_img/20240725/4274045/4274045_17888435557697_500.jpg,False
2025-01,A,003002,데님 팬츠,003,바지,6,3575430,avan,어반드레스,Side Big Cargo Pants CAMO,https://image.msscdn.net/images/goods_img/20230919/3575430/3575430_17421696736376_500.jpg,False
2025-01,A,003002,데님 팬츠,003,바지,7,3902778,standarderror,스탠다드에러,87-STAN047 벌룬핏 워싱 와이드 데님팬츠 빈티지 블랙,https://image.msscdn.net/images/goods_img/20240227/3902778/3902778_17743239190107_500.jpg,False
2025-01,A,003002,데님 팬츠,003,바지,8,4358823,branded,브랜디드,1792 OLD SOUL JEANS [WIDE STRAIGHT],https://image.msscdn.net/images/goods_img/20240822/4358823/4358823_17817666197789_500.jpg,False
2025-01,A,003002,데님 팬츠,003,바지,9,4261761,outstanding,아웃스탠딩,[MUT lab] W.W.II SELVEDGE STRAIGHT PANTS_INDIGO,https://image.msscdn.net/images/goods_img/20240719/4261761/4261761_17682658838869_500.jpg,False
2025-01,A,003002,데님 팬츠,003,바지,10,3794791,ourdayz,아워데이즈,웨이비 커브드 와이드 데님 팬츠 [BLUE],https://image.msscdn.net/images/goods_img/20240115/3794791/3794791_17900634212592_500.jpg,False
2025-01,A,003002,데님 팬츠,003,바지,11,4274042,lemainsecond,리메인세컨드,빈티지 캣워싱 와이드 데님 팬츠 [다크 블루],https://image.msscdn.net/images/goods_img/20240725/4274042/4274042_17755351676487_500.jpg,False
2025-01,A,003002,데님 팬츠,003,바지,12,4072132,dysfunct,디스펑트,KEY RING WASHING DENIM PANTS(BLUE),https://image.msscdn.net/images/goods_img/20240422/4072132/4072132_17137526006998_500.jpg,False
2025-01,A,003002,데님 팬츠,003,바지,13,3046316,outstanding,아웃스탠딩,[MUT lab] 40’S SELVEDGE STRAIGHT PANTS_INDIGO,https://image.msscdn.net/images/goods_img/20230130/3046316/3046316_17682656713319_500.jpg,False
2025-01,A,003002,데님 팬츠,003,바지,14,4381625,scallywag,스켈리웩,스윙 벌룬핏 데님[블랙],https://image.msscdn.net/images/goods_img/20240828/4381625/4381625_17537533234309_500.jpg,False
2025-01,A,003002,데님 팬츠,003,바지,15,3902775,standarderror,스탠다드에러,87-STAN047 벌룬핏 워싱 와이드 데님팬츠 빈티지 블루,https://image.msscdn.net/images/goods_img/20240227/3902775/3902775_17743239715936_500.jpg,False
2025-01,A,003002,데님 팬츠,003,바지,16,3791990,filluminate,필루미네이트,데미지 워시드 데님 팬츠-블랙,https://image.msscdn.net/images/goods_img/20240112/3791990/3791990_17894492105263_500.jpg,False
2025-01,A,003002,데님 팬츠,003,바지,17,4360670,retrieverclub,리트리버클럽,LIL RABBIT DENIM [INDIGO BLACK],https://image.msscdn.net/images/goods_img/20240822/4360670/4360670_17352652730555_500.jpg,False
2025-01,A,003002,데님 팬츠,003,바지,18,3046300,outstanding,아웃스탠딩,30’S CINCH BACK SELVEDGE WIDE PANTS_INDIGO,https://image.msscdn.net/images/goods_img/20230130/3046300/3046300_17682655726680_500.jpg,False
2025-01,A,003002,데님 팬츠,003,바지,19,3576618,wkndrs,위캔더스,DWARF DENIM PANTS (BLACK),https://image.msscdn.net/images/goods_img/20230920/3576618/3576618_17788142408278_500.png,False
2025-01,A,003002,데님 팬츠,003,바지,20,4336570,excontainer,엑스컨테이너,딥 워싱 와이드 데님 팬츠 (WASHED BLACK),https://image.msscdn.net/images/goods_img/20240816/4336570/4336570_17754491847847_500.jpg,False
2025-01,A,003002,데님 팬츠,003,바지,21,3794792,ourdayz,아워데이즈,웨이비 커브드 와이드 데님 팬츠 [BLACK],https://image.msscdn.net/images/goods_img/20240115/3794792/3794792_17900634017266_500.jpg,False
2025-01,A,003002,데님 팬츠,003,바지,22,4274021,lemainsecond,리메인세컨드,내추럴 워싱 와이드 데님 팬츠 [흑청],https://image.msscdn.net/images/goods_img/20240725/4274021/4274021_17818456033783_500.jpg,False
2025-01,A,003002,데님 팬츠,003,바지,23,4095000,filluminate,필루미네이트,데미지 워시드 데님 팬츠-스카이블루,https://image.msscdn.net/images/goods_img/20240429/4095000/4095000_17894492315274_500.jpg,False
2025-01,A,003002,데님 팬츠,003,바지,24,1552753,branded,브랜디드,1967 JET BLACK JEANS [WIDE STRAIGHT],https://image.msscdn.net/images/goods_img/20200818/1552753/1552753_17817658780276_500.jpg,False
2025-01,A,003002,데님 팬츠,003,바지,25,3206724,not4nerd,낫포너드,Extra Wide Balloon Pants - Black,https://image.msscdn.net/images/goods_img/20230405/3206724/3206724_17291378120115_500.jpg,False
2025-01,A,003002,데님 팬츠,003,바지,26,2028329,musinsastandard,무신사 스탠다드,스트레이트 데님 팬츠 [워시드 블랙],https://image.msscdn.net/images/goods_img/20210714/2028329/2028329_17623219721844_500.jpg,False
2025-01,A,003002,데님 팬츠,003,바지,27,4390428,leire,르아르,에브리데이 와이드 데님 팬츠 [블랙],https://image.msscdn.net/images/goods_img/20240830/4390428/4390428_17272678547436_500.jpg,False
2025-01,A,003002,데님 팬츠,003,바지,28,3126387,toffee,토피,모어 와이드 데님 팬츠 (OIL WASHED INDIGO),https://image.msscdn.net/images/goods_img/20230307/3126387/3126387_16794732359625_500.jpg,False
2025-01,A,003002,데님 팬츠,003,바지,29,4053834,aakam,아캄,98 Printed Knee Pin-tuck Denim Pants (Black),https://image.msscdn.net/images/goods_img/20240415/4053834/4053834_17326001783231_500.jpg,False
2025-01,A,003002,데님 팬츠,003,바지,30,4111303,trillion,트릴리온,라운드 포켓 벌룬핏 워싱 데님 팬츠 (YELLOW BLACK),https://image.msscdn.net/images/goods_img/20240507/4111303/4111303_17156495980817_500.jpg,False
2025-01,A,003004,트레이닝/조거 팬츠,003,바지,1,1551840,xero,제로,Deep One Tuck Sweat Pants [Grey],https://image.msscdn.net/images/goods_img/20200818/1551840/1551840_1_500.jpg,False
2025-01,A,003004,트레이닝/조거 팬츠,003,바지,2,1551839,xero,제로,Deep One Tuck Sweat Pants [Black],https://image.msscdn.net/images/goods_img/20200818/1551839/1551839_1_500.jpg,False
2025-01,A,003004,트레이닝/조거 팬츠,003,바지,3,1844582,brenson,브렌슨,(Renew Ver.) 원턱 와이드 스웨트 팬츠 ( 7Color ) ( 기모선택 ),https://image.msscdn.net/images/goods_img/20210315/1844582/1844582_17774456564921_500.jpg,False
2025-01,A,003004,트레이닝/조거 팬츠,003,바지,4,2112059,gakka2,가까이 유니언즈,[여름 or 기모 or 사계절 원단 선택] 원턱 와이드 스웨트팬츠 그레이,https://image.msscdn.net/images/goods_img/20210906/2112059/2112059_17473624399256_500.jpg,False
2025-01,A,003004,트레이닝/조거 팬츠,003,바지,5,2112061,gakka2,가까이 유니언즈,[여름 or 기모 or 사계절 원단 선택] 원턱 와이드 스웨트팬츠 블랙,https://image.msscdn.net/images/goods_img/20210906/2112061/2112061_17459952841713_500.jpg,False
2025-01,A,003004,트레이닝/조거 팬츠,003,바지,6,3674341,boundary,바운더리,(여름원단추가) 투턱 와이드 롱 스웨트 팬츠 [블랙],https://image.msscdn.net/images/goods_img/20231101/3674341/3674341_17042599581270_500.jpg,False
2025-01,A,003004,트레이닝/조거 팬츠,003,바지,7,4556449,scallywag,스켈리웩,벌룬핏 스웨트 팬츠[라이트그레이],https://image.msscdn.net/images/goods_img/20241024/4556449/4556449_17891087880393_500.jpg,False
2025-01,A,003004,트레이닝/조거 팬츠,003,바지,8,3674342,boundary,바운더리,(여름원단추가) 투턱 와이드 롱 스웨트 팬츠 [그레이],https://image.msscdn.net/images/goods_img/20231101/3674342/3674342_17044188945397_500.jpg,False
2025-01,A,003004,트레이닝/조거 팬츠,003,바지,9,4556448,scallywag,스켈리웩,벌룬핏 스웨트 팬츠[브라운],https://image.msscdn.net/images/goods_img/20241024/4556448/4556448_17891088294272_500.jpg,False
2025-01,A,003004,트레이닝/조거 팬츠,003,바지,10,3690591,signature,시그니처,[최종우X시그니처]소프트 헤비 코듀로이 원턱 밴딩 팬츠[모카브라운],https://image.msscdn.net/images/goods_img/20231107/3690591/3690591_17694078611375_500.jpg,False
2025-01,A,003004,트레이닝/조거 팬츠,003,바지,11,2744549,anolorcode,어널러코드,사계절 쓰리턱 트레이닝팬츠 (2color),https://image.msscdn.net/images/goods_img/20220825/2744549/2744549_17848712083816_500.jpg,False
2025-01,A,003004,트레이닝/조거 팬츠,003,바지,12,3946794,grandiosity,그랜디오시티,[2PACK] 와이드핏 트레이닝 밴딩 팬츠(3컬러) [논기모 or 기모],https://image.msscdn.net/images/goods_img/20240313/3946794/3946794_17515980634259_500.jpg,False
2025-01,A,003004,트레이닝/조거 팬츠,003,바지,13,4067457,suade,스웨이드,TWO TUCK LONG PANTS [GRAY],https://image.msscdn.net/images/goods_img/20240418/4067457/4067457_17134293376311_500.jpg,False
2025-01,A,003004,트레이닝/조거 팬츠,003,바지,14,2513018,afresh,어프레쉬,에어스트레치 조거팬츠_블랙 트레이닝,https://image.msscdn.net/images/goods_img/20220425/2513018/2513018_17858061457763_500.jpg,False
2025-01,A,003004,트레이닝/조거 팬츠,003,바지,15,4556447,scallywag,스켈리웩,벌룬핏 스웨트 팬츠[블랙],https://image.msscdn.net/images/goods_img/20241024/4556447/4556447_17890205647368_500.jpg,False
2025-01,A,003004,트레이닝/조거 팬츠,003,바지,16,4498316,unionstudio,유니온스튜디오,스트링 와이드 스웨트 팬츠 ( 3Color ),https://image.msscdn.net/images/goods_img/20241008/4498316/4498316_17494390426964_500.jpg,False
2025-01,A,003004,트레이닝/조거 팬츠,003,바지,17,3852647,hadex,에이치덱스,자이언트핏 매쉬 와이드 팬츠,https://image.msscdn.net/images/goods_img/20240207/3852647/3852647_17295679070332_500.jpg,False
2025-01,A,003004,트레이닝/조거 팬츠,003,바지,18,1736085,brenson,브렌슨,(Renew Ver.) 와이드 스웨트 팬츠 ( 5Color ) ( 기모선택 ),https://image.msscdn.net/images/goods_img/20210105/1736085/1736085_17292148923657_500.jpg,False
2025-01,A,003004,트레이닝/조거 팬츠,003,바지,19,4308187,dimitriblack,디미트리블랙,VLAD 원턱 피그먼트 페이드 워싱 스웻 팬츠_블랙,https://image.msscdn.net/images/goods_img/20240808/4308187/4308187_17240877729234_500.jpg,False
2025-01,A,003004,트레이닝/조거 팬츠,003,바지,20,1736562,xero,제로,Deep One Tuck Sweat Pants [White Grey],https://image.msscdn.net/images/goods_img/20210105/1736562/1736562_1_500.jpg,False
2025-01,A,003004,트레이닝/조거 팬츠,003,바지,21,4266754,filluminate,필루미네이트,핀 턱 테이핑 트레이닝 팬츠-블랙,https://image.msscdn.net/images/goods_img/20240722/4266754/4266754_17249301609248_500.jpg,False
2025-01,A,003004,트레이닝/조거 팬츠,003,바지,22,4660310,mucent,무센트,위어 사이드 버튼 스웻 팬츠 남녀공용 (2컬러),https://image.msscdn.net/images/goods_img/20241211/4660310/4660310_17882438599426_500.jpg,False
2025-01,A,003004,트레이닝/조거 팬츠,003,바지,23,4467373,brenson,브렌슨,B. 스트링 와이드 벌룬 핏 스웨트 팬츠 ( 4Color ),https://image.msscdn.net/images/goods_img/20240926/4467373/4467373_17615302177627_500.jpg,False
2025-01,A,003004,트레이닝/조거 팬츠,003,바지,24,1212776,musinsastandard,무신사 스탠다드,라운지 스웨트 팬츠 [블랙],https://image.msscdn.net/images/goods_img/20191105/1212776/1212776_17811631850479_500.jpg,False
2025-01,A,003004,트레이닝/조거 팬츠,003,바지,25,4322580,rockcake,락케이크,96 Applique 2way Jogger - Black,https://image.msscdn.net/images/goods_img/20240812/4322580/4322580_17254457168143_500.jpg,False
2025-01,A,003004,트레이닝/조거 팬츠,003,바지,26,4067438,suade,스웨이드,TWO TUCK LONG PANTS [BLACK],https://image.msscdn.net/images/goods_img/20240418/4067438/4067438_17134291324044_500.jpg,False
2025-01,A,003004,트레이닝/조거 팬츠,003,바지,27,3443507,urbandtype,어반디타입,코튼 와이드 카고 팬츠_블랙_PL179,https://image.msscdn.net/images/goods_img/20230803/3443507/3443507_17558261612815_500.jpg,False
2025-01,A,003004,트레이닝/조거 팬츠,003,바지,28,3568898,artistwear,아티스트웨어,[ATW x HOOLIGAN] 로고 와이드밴딩 팬츠,https://image.msscdn.net/images/goods_img/20230918/3568898/3568898_17738166658180_500.jpg,False
2025-01,A,003004,트레이닝/조거 팬츠,003,바지,29,3964378,rockcake,락케이크,Lace Line 2way Jogger - Black,https://image.msscdn.net/images/goods_img/20240318/3964378/3964378_17322375274866_500.jpg,False
2025-01,A,003004,트레이닝/조거 팬츠,003,바지,30,4057974,lemainsecond,리메인세컨드,원턱 와이드 카고 스웨트 팬츠 [블랙],https://image.msscdn.net/images/goods_img/20240416/4057974/4057974_17761280486977_500.jpg,False
2025-01,A,003007,코튼 팬츠,003,바지,1,3956305,poloralphlauren,폴로 랄프 로렌,[Crest Capsule] 코튼 트윌 빅 치노 팬츠 - 베이지,https://image.msscdn.net/images/goods_img/20240315/3956305/3956305_17104681612953_500.jpg,False
2025-01,A,003007,코튼 팬츠,003,바지,2,4342152,excontainer,엑스컨테이너,원턱 와이드 코듀로이 팬츠 (BROWN),https://image.msscdn.net/images/goods_img/20240819/4342152/4342152_17754495698251_500.jpg,False
2025-01,A,003007,코튼 팬츠,003,바지,3,4293032,thecoldestmoment,더콜디스트모먼트,TCM starfish chino pants (black),https://image.msscdn.net/images/goods_img/20240802/4293032/4293032_17231900851488_500.jpg,False
2025-01,A,003007,코튼 팬츠,003,바지,4,4293047,thecoldestmoment,더콜디스트모먼트,TCM starfish chino pants (brown),https://image.msscdn.net/images/goods_img/20240802/4293047/4293047_17231900499261_500.jpg,False
2025-01,A,003007,코튼 팬츠,003,바지,5,3684419,dickies,디키즈,더블니 85283 루즈핏 워크팬츠 Black,https://image.msscdn.net/images/goods_img/20231103/3684419/3684419_17751985153031_500.jpg,False
2025-01,A,003007,코튼 팬츠,003,바지,6,1627892,musinsastandard,무신사 스탠다드,레플리카 퍼티그 팬츠 [카키],https://image.msscdn.net/images/goods_img/20200928/1627892/1627892_17827088773028_500.jpg,False
2025-01,A,003007,코튼 팬츠,003,바지,7,1253200,bronson,브론슨,1942 US Army Chino Trousers Khaki,https://image.msscdn.net/images/goods_img/20191217/1253200/1253200_17737245176749_500.jpg,False
2025-01,A,003007,코튼 팬츠,003,바지,8,3837367,begin202,비긴202,워시드 코튼 도비 팬츠 [워시드 블랙],https://image.msscdn.net/images/goods_img/20240131/3837367/3837367_17066945929716_500.jpg,False
2025-01,A,003007,코튼 팬츠,003,바지,9,4613450,idontwannasell,아이돈워너셀,Soft Suede Twill Balloon Pants,https://image.msscdn.net/images/goods_img/20241113/4613450/4613450_17322612728135_500.jpg,False
2025-01,A,003007,코튼 팬츠,003,바지,10,4483613,thecoldestmoment,더콜디스트모먼트,TCM starfish sweat pants (grey),https://image.msscdn.net/images/goods_img/20241002/4483613/4483613_17306793467842_500.jpg,False
2025-01,A,003007,코튼 팬츠,003,바지,11,1176329,musinsastandard,무신사 스탠다드,와이드 코듀로이 팬츠 [크림],https://image.msscdn.net/images/goods_img/20191004/1176329/1176329_17533215983583_500.jpg,False
2025-01,A,003007,코튼 팬츠,003,바지,12,4318326,toffee,토피,퍼티그 비조 캔버스 코튼 팬츠 (BROWN),https://image.msscdn.net/images/goods_img/20240812/4318326/4318326_17255032477103_500.jpg,False
2025-01,A,003007,코튼 팬츠,003,바지,13,4483611,thecoldestmoment,더콜디스트모먼트,TCM starfish sweat pants (black),https://image.msscdn.net/images/goods_img/20241002/4483611/4483611_17306794095498_500.jpg,False
2025-01,A,003007,코튼 팬츠,003,바지,14,2279194,compagno,꼼파뇨,벌룬 와이드 코듀로이 팬츠 다크브라운,https://image.msscdn.net/images/goods_img/20211222/2279194/2279194_17044272805911_500.jpg,False
2025-01,A,003007,코튼 팬츠,003,바지,15,4431870,oafish,오피쉬,"와이드 레오파드 팬츠, 챠콜",https://image.msscdn.net/images/goods_img/20240911/4431870/4431870_17558481103675_500.jpg,False
2025-01,A,003007,코튼 팬츠,003,바지,16,3817098,dickies,디키즈,더블니 85283 루즈핏 워크팬츠 Dark Brown,https://image.msscdn.net/images/goods_img/20240124/3817098/3817098_17751987537790_500.jpg,False
2025-01,A,003007,코튼 팬츠,003,바지,17,4319523,toffee,토피,카펜터 퍼티그 워크 코튼 팬츠 (SAND GREY),https://image.msscdn.net/images/goods_img/20240812/4319523/4319523_17242056584363_500.jpg,False
2025-01,A,003007,코튼 팬츠,003,바지,18,3851957,trillion,트릴리온,사이드 턱 스냅 버튼 와이드 코튼 팬츠 (BEIGE),https://image.msscdn.net/images/goods_img/20240206/3851957/3851957_17080591271549_500.jpg,False
2025-01,A,003007,코튼 팬츠,003,바지,19,2119984,drawfit,드로우핏,와이드 밴딩 치노 팬츠 [BEIGE],https://image.msscdn.net/images/goods_img/20210909/2119984/2119984_17697407812830_500.jpg,False
2025-01,A,003007,코튼 팬츠,003,바지,20,3684422,dickies,디키즈,더블니 85283 루즈핏 워크팬츠 Khaki,https://image.msscdn.net/images/goods_img/20231103/3684422/3684422_17751986010397_500.jpg,False
2025-01,A,003007,코튼 팬츠,003,바지,21,4536559,untapped,언탭트 스튜디오,원턱 와이드 코듀로이 밴딩 팬츠 3Color,https://image.msscdn.net/images/goods_img/20241019/4536559/4536559_17295088864882_500.jpg,False
2025-01,A,003007,코튼 팬츠,003,바지,22,4298720,xtonz,엑스톤즈,XP234 리온 와이드 코튼 팬츠 (BLACK),https://image.msscdn.net/images/goods_img/20240806/4298720/4298720_17229086807474_500.jpg,False
2025-01,A,003007,코튼 팬츠,003,바지,23,4250214,urbandtype,어반디타입,홈보이 벌룬 워크 팬츠_블랙,https://image.msscdn.net/images/goods_img/20240715/4250214/4250214_17877227110999_500.jpg,False
2025-01,A,003007,코튼 팬츠,003,바지,24,2909027,anolorcode,어널러코드,스트럭처드 카고 골덴팬츠 (차콜),https://image.msscdn.net/images/goods_img/20221031/2909027/2909027_17338059349477_500.jpg,False
2025-01,A,003007,코튼 팬츠,003,바지,25,4390137,ersco,이알에스코,레오파드 배기 트라우져스_카키,https://image.msscdn.net/images/goods_img/20240830/4390137/4390137_17685414052344_500.jpg,False
2025-01,A,003007,코튼 팬츠,003,바지,26,4452078,juanhomme,주앙옴므,더블 레이어 스웻 팬츠 (블랙),https://image.msscdn.net/images/goods_img/20240923/4452078/4452078_17283511128911_500.jpg,False
2025-01,A,003007,코튼 팬츠,003,바지,27,3452177,toffee,토피,코듀로이 와이드 밴딩 팬츠 (BROWN),https://image.msscdn.net/images/goods_img/20230808/3452177/3452177_16932985776999_500.jpg,False
2025-01,A,003007,코튼 팬츠,003,바지,28,3758256,musinsastandard,무신사 스탠다드,헤비웨이트 CP 와이드 치노 팬츠 [베이지],https://image.msscdn.net/images/goods_img/20231215/3758256/3758256_17097891109143_500.jpg,False
2025-01,A,003007,코튼 팬츠,003,바지,29,3722417,dickies,디키즈,오리지널 874 워크팬츠 Black,https://image.msscdn.net/images/goods_img/20231120/3722417/3722417_17751984308706_500.jpg,False
2025-01,A,003007,코튼 팬츠,003,바지,30,1115290,musinsastandard,무신사 스탠다드,와이드 치노 팬츠 [베이지],https://image.msscdn.net/images/goods_img/20190809/1115290/1115290_1_500.jpg,False
2025-01,A,003008,슈트 팬츠/슬랙스,003,바지,1,1149329,musinsastandard,무신사 스탠다드,세미 와이드 히든 밴딩 슬랙스 [블랙],https://image.msscdn.net/images/goods_img/20190910/1149329/1149329_17775152531848_500.jpg,False
2025-01,A,003008,슈트 팬츠/슬랙스,003,바지,2,750908,wholovesart,후러브스아트,유니섹스 세미 와이드 밴딩 슬랙스 블랙,https://image.msscdn.net/images/goods_img/20180406/750908/750908_17736379434172_500.jpg,False
2025-01,A,003008,슈트 팬츠/슬랙스,003,바지,3,1168906,musinsastandard,무신사 스탠다드,와이드 히든 밴딩 슬랙스 [블랙],https://image.msscdn.net/images/goods_img/20190927/1168906/1168906_17224121763738_500.jpg,False
2025-01,A,003008,슈트 팬츠/슬랙스,003,바지,4,1149328,musinsastandard,무신사 스탠다드,테이퍼드 히든 밴딩 크롭 슬랙스 [블랙],https://image.msscdn.net/images/goods_img/20190910/1149328/1149328_17222375113367_500.jpg,False
2025-01,A,003008,슈트 팬츠/슬랙스,003,바지,5,1670229,musinsastandard,무신사 스탠다드,헤비웨이트 속기모 테이퍼드 히든 밴딩 10부 슬랙스 [블랙],https://image.msscdn.net/images/goods_img/20201030/1670229/1670229_16722978856545_500.jpg,False
2025-01,A,003008,슈트 팬츠/슬랙스,003,바지,6,4293708,suare,수아레,울 블렌드 원 턱 슬랙스 - 3 COLOR,https://image.msscdn.net/images/goods_img/20240802/4293708/4293708_17458216185632_500.jpg,False
2025-01,A,003008,슈트 팬츠/슬랙스,003,바지,7,1222184,musinsastandard,무신사 스탠다드,와이드 히든 밴딩 슬랙스 [미디엄 그레이],https://image.msscdn.net/images/goods_img/20191113/1222184/1222184_17222997169530_500.jpg,False
2025-01,A,003008,슈트 팬츠/슬랙스,003,바지,8,1168922,musinsastandard,무신사 스탠다드,리얼 와이드 히든 밴딩 슬랙스 [블랙],https://image.msscdn.net/images/goods_img/20190927/1168922/1168922_17784624760417_500.jpg,False
2025-01,A,003008,슈트 팬츠/슬랙스,003,바지,9,2578996,signature,시그니처,썸머 더블턱 와이드 슬랙스[블랙],https://image.msscdn.net/images/goods_img/20220524/2578996/2578996_17870331293023_500.jpg,False
2025-01,A,003008,슈트 팬츠/슬랙스,003,바지,10,2032901,musinsastandard,무신사 스탠다드,릴렉스드 테이퍼드 히든 밴딩 크롭 슬랙스 [블랙],https://image.msscdn.net/images/goods_img/20210719/2032901/2032901_17518455282793_500.jpg,False
2025-01,A,003008,슈트 팬츠/슬랙스,003,바지,11,3650955,trillion,트릴리온,에센셜 세미 와이드 슬랙스 (BLACK),https://image.msscdn.net/images/goods_img/20231023/3650955/3650955_17170489046898_500.jpg,False
2025-01,A,003008,슈트 팬츠/슬랙스,003,바지,12,4308257,untapped,언탭트 스튜디오,더블 투턱 와이드 슬랙스 3Color,https://image.msscdn.net/images/goods_img/20240808/4308257/4308257_17235312902146_500.jpg,False
2025-01,A,003008,슈트 팬츠/슬랙스,003,바지,13,1168907,musinsastandard,무신사 스탠다드,테이퍼드 히든 밴딩 10부 슬랙스 [블랙],https://image.msscdn.net/images/goods_img/20190927/1168907/1168907_5_500.jpg,False
2025-01,A,003008,슈트 팬츠/슬랙스,003,바지,14,1224095,musinsastandard,무신사 스탠다드,세미 와이드 히든 밴딩 슬랙스 [미디엄 그레이],https://image.msscdn.net/images/goods_img/20191113/1224095/1224095_17518463307099_500.jpg,False
2025-01,A,003008,슈트 팬츠/슬랙스,003,바지,15,3650953,trillion,트릴리온,에센셜 세미 와이드 슬랙스 (BROWN),https://image.msscdn.net/images/goods_img/20231023/3650953/3650953_17170489297941_500.jpg,False
2025-01,A,003008,슈트 팬츠/슬랙스,003,바지,16,1670232,musinsastandard,무신사 스탠다드,헤비웨이트 속기모 와이드 히든 밴딩 슬랙스 [블랙],https://image.msscdn.net/images/goods_img/20201030/1670232/1670232_16722981564858_500.jpg,False
2025-01,A,003008,슈트 팬츠/슬랙스,003,바지,17,3304078,againstallodds,에이지오디,원턱 와이드 밴딩 슬랙스 [블랙],https://image.msscdn.net/images/goods_img/20230518/3304078/3304078_17612926185466_500.jpg,False
2025-01,A,003008,슈트 팬츠/슬랙스,003,바지,18,1575838,musinsastandard,무신사 스탠다드,슈퍼 와이드 히든 밴딩 슬랙스[블랙],https://image.msscdn.net/images/goods_img/20200901/1575838/1575838_17720071457722_500.jpg,False
2025-01,A,003008,슈트 팬츠/슬랙스,003,바지,19,3613064,branded,브랜디드,203 SOLID SILHOUETTE WIDE PANTS [BLACK],https://image.msscdn.net/images/goods_img/20231010/3613064/3613064_17194707075703_500.jpg,False
2025-01,A,003008,슈트 팬츠/슬랙스,003,바지,20,2792605,musinsastandardwoman,무신사 스탠다드 우먼,우먼즈 헤비웨이트 속기모 하이 웨이스트 와이드 히든 밴딩 슬랙스 [블랙],https://image.msscdn.net/images/goods_img/20220915/2792605/2792605_16896643176515_500.jpg,False
2025-01,A,003008,슈트 팬츠/슬랙스,003,바지,21,2684183,graver,그레이버,[UNISEX]세미 와이드 밴딩 슬랙스,https://image.msscdn.net/images/goods_img/20220727/2684183/2684183_1_500.jpg,False
2025-01,A,003008,슈트 팬츠/슬랙스,003,바지,22,1672471,wholovesart,후러브스아트,(기모) 유니섹스 세미 와이드 밴딩 슬랙스 겨울 2PACK,https://image.msscdn.net/images/goods_img/20201102/1672471/1672471_17169528862269_500.jpg,False
2025-01,A,003008,슈트 팬츠/슬랙스,003,바지,23,1249603,musinsastandard,무신사 스탠다드,울 세미 와이드 히든 밴딩 슬랙스 [블랙],https://image.msscdn.net/images/goods_img/20191212/1249603/1249603_2_500.jpg,False
2025-01,A,003008,슈트 팬츠/슬랙스,003,바지,24,2143035,mindbridge,마인드브릿지,두굿_[웜]세미와이드밴딩슬랙스 - 4color MAPT71A3,https://image.msscdn.net/images/goods_img/20210923/2143035/2143035_17603334399731_500.jpg,False
2025-01,A,003008,슈트 팬츠/슬랙스,003,바지,25,4352410,musinsastandard,무신사 스탠다드,14W 코듀로이 원 턱 와이드 밴딩 팬츠 [블랙],https://image.msscdn.net/images/goods_img/20240821/4352410/4352410_17333845040406_500.jpg,False
2025-01,A,003008,슈트 팬츠/슬랙스,003,바지,26,2117266,musinsastandardwoman,무신사 스탠다드 우먼,우먼즈 헤비웨이트 속기모 스트레이트 히든 밴딩 슬랙스 [블랙],https://image.msscdn.net/images/goods_img/20210908/2117266/2117266_2_500.jpg,False
2025-01,A,003008,슈트 팬츠/슬랙스,003,바지,27,1221497,musinsastandard,무신사 스탠다드,세미 와이드 슬릿 히든 밴딩 슬랙스 [블랙],https://image.msscdn.net/images/goods_img/20191112/1221497/1221497_17139358489224_500.jpg,False
2025-01,A,003008,슈트 팬츠/슬랙스,003,바지,28,4459324,danswer,디앤에스알,멀티 플리츠 와이드 슬랙스 블랙,https://image.msscdn.net/images/goods_img/20240924/4459324/4459324_17273454399397_500.jpg,False
2025-01,A,003008,슈트 팬츠/슬랙스,003,바지,29,4180711,noun,노운,wide tapered pants (stripe charcoal),https://image.msscdn.net/images/goods_img/20240606/4180711/4180711_17176358302946_500.jpg,False
2025-01,A,003008,슈트 팬츠/슬랙스,003,바지,30,4308000,untapped,언탭트 스튜디오,이지 세미와이드 슬랙스 3Color,https://image.msscdn.net/images/goods_img/20240808/4308000/4308000_17261235549408_500.jpg,False
2025-01,A,003009,숏 팬츠,003,바지,1,3735878,musinsastandardsp,무신사 스탠다드 스포츠,짐 코튼메쉬 버뮤다 쇼츠 (6color),https://image.msscdn.net/images/goods_img/20231128/3735878/3735878_17536690759213_500.jpg,False
2025-01,A,003009,숏 팬츠,003,바지,2,4225317,borntowin,본투윈,SIDE B LOGO HALF PANTS [BLACK],https://image.msscdn.net/images/goods_img/20240701/4225317/4225317_17732903015450_500.jpg,False
2025-01,A,003009,숏 팬츠,003,바지,3,1926048,xero,제로,Deep One Tuck Sweat Shorts [Grey],https://image.msscdn.net/images/goods_img/20210428/1926048/1926048_1_500.jpg,False
2025-01,A,003009,숏 팬츠,003,바지,4,2574822,brenson,브렌슨,(Renew Ver.) 원턱 와이드 반바지 ( 6Color ),https://image.msscdn.net/images/goods_img/20220523/2574822/2574822_17774456124536_500.jpg,False
2025-01,A,003009,숏 팬츠,003,바지,5,2461383,poloralphlauren,폴로 랄프 로렌,[White Collection] 클래식 핏 폴로 프렙스터 쇼츠 - 화이트,https://image.msscdn.net/images/goods_img/20220401/2461383/2461383_2_500.jpg,False
2025-01,A,003009,숏 팬츠,003,바지,6,4109343,borntowin,본투윈,STROKE B HALF PANTS_LONG VER [BLACK],https://image.msscdn.net/images/goods_img/20240507/4109343/4109343_17732892430006_500.jpg,False
2025-01,A,003009,숏 팬츠,003,바지,7,4111294,trillion,트릴리온,캣 브러쉬 워시드 버뮤다 데님 쇼츠 (SAND BLUE),https://image.msscdn.net/images/goods_img/20240507/4111294/4111294_17471253714702_500.jpg,False
2025-01,A,003009,숏 팬츠,003,바지,8,4251390,borntowin,본투윈,OUTBAND BRN ACTIVE SHORTS [BLACK],https://image.msscdn.net/images/goods_img/20240716/4251390/4251390_17585264419393_500.jpg,False
2025-01,A,003009,숏 팬츠,003,바지,9,4643326,hadex,에이치덱스,브레이크 메인로고 버뮤다 쇼츠 (Black),https://image.msscdn.net/images/goods_img/20241129/4643326/4643326_17876236595683_500.jpg,False
2025-01,A,003009,숏 팬츠,003,바지,10,3364460,jeleve,제이엘브,버뮤다 와이드 팬츠,https://image.msscdn.net/images/goods_img/20230614/3364460/3364460_17246519760265_500.jpg,False
2025-01,A,003009,숏 팬츠,003,바지,11,1926034,xero,제로,Deep One Tuck Sweat Shorts [Black],https://image.msscdn.net/images/goods_img/20210428/1926034/1926034_1_500.jpg,False
2025-01,A,003009,숏 팬츠,003,바지,12,1446775,brenson,브렌슨,(Renew Ver.) 루즈핏  반바지 ( 4Color ),https://image.msscdn.net/images/goods_img/20200514/1446775/1446775_17561707502333_500.jpg,False
2025-01,A,003009,숏 팬츠,003,바지,13,3936664,thecoldestmoment,더콜디스트모먼트,TCM starfish half sweat pants (black),https://image.msscdn.net/images/goods_img/20240311/3936664/3936664_17110948030138_500.jpg,False
2025-01,A,003009,숏 팬츠,003,바지,14,4096885,toffee,토피,워시드 하프 데님 팬츠 (LIGHT BLUE),https://image.msscdn.net/images/goods_img/20240430/4096885/4096885_17174697787559_500.jpg,False
2025-01,A,003009,숏 팬츠,003,바지,15,3880598,dickies,디키즈,42283 루즈핏 워크쇼츠 Black,https://image.msscdn.net/images/goods_img/20240219/3880598/3880598_17866059462558_500.jpg,False
2025-01,A,003009,숏 팬츠,003,바지,16,4629965,khakipoint,카키포인트,Ribbed Mini Shorts (black),https://image.msscdn.net/images/goods_img/20241121/4629965/4629965_17328675003842_500.jpg,False
2025-01,A,003009,숏 팬츠,003,바지,17,3328615,avan,어반드레스,Wide Cargo Half Denim Pants - 4COL,https://image.msscdn.net/images/goods_img/20230526/3328615/3328615_17169645408063_500.jpg,False
2025-01,A,003009,숏 팬츠,003,바지,18,4024920,againstallodds,에이지오디,버뮤다 와이드 원턱 카고 스웨트 쇼츠 [블랙],https://image.msscdn.net/images/goods_img/20240404/4024920/4024920_17689895874943_500.jpg,False
2025-01,A,003009,숏 팬츠,003,바지,19,4225318,borntowin,본투윈,SIDE B LOGO HALF PANTS [MELANGE GREY],https://image.msscdn.net/images/goods_img/20240701/4225318/4225318_17732904513785_500.jpg,False
2025-01,A,003009,숏 팬츠,003,바지,20,3048936,uniapparel,유니어패럴,UA 트윌 밴딩 반바지 오프화이트,https://image.msscdn.net/images/goods_img/20230131/3048936/3048936_16751296972156_500.jpg,False
2025-01,A,003009,숏 팬츠,003,바지,21,3487259,volante,볼란테,Daily Banding Squat Pants [Black],https://image.msscdn.net/images/goods_img/20230822/3487259/3487259_17484842017412_500.jpg,False
2025-01,A,003009,숏 팬츠,003,바지,22,1519475,lazybee,레이지비,컴팩트 멀티 스포츠 하의 (짐웨어 러닝 워터) 남녀 M 투인원 쇼츠(3컬러),https://image.msscdn.net/images/goods_img/20200717/1519475/1519475_17730386715982_500.jpg,False
2025-01,A,003009,숏 팬츠,003,바지,23,3298190,thecoldestmoment,더콜디스트모먼트,TCM starfish half sweat pants (grey),https://image.msscdn.net/images/goods_img/20230516/3298190/3298190_16847391633393_500.jpg,False
2025-01,A,003009,숏 팬츠,003,바지,24,2508821,afresh,어프레쉬,에어스트레치 쇼츠_블랙 트레이닝,https://image.msscdn.net/images/goods_img/20220422/2508821/2508821_17858059555654_500.jpg,False
2025-01,A,003009,숏 팬츠,003,바지,25,4643327,hadex,에이치덱스,브레이크 메인로고 버뮤다 쇼츠 (Melange Gray),https://image.msscdn.net/images/goods_img/20241129/4643327/4643327_17876236554050_500.jpg,False
2025-01,A,003009,숏 팬츠,003,바지,26,4172810,nike,나이키,드라이 핏 챌린저 7인치 브리프 라인드 버서타일 쇼츠 M - 블랙 / DV9360-010,https://image.msscdn.net/images/goods_img/20240603/4172810/4172810_17183311032620_500.jpg,False
2025-01,A,003009,숏 팬츠,003,바지,27,4111296,trillion,트릴리온,캣 브러쉬 워시드 버뮤다 데님 쇼츠 (NORMAL BLACK),https://image.msscdn.net/images/goods_img/20240507/4111296/4111296_17471253413933_500.jpg,False
2025-01,A,003009,숏 팬츠,003,바지,28,4525516,borntowin,본투윈,CHROME B BLACK LINE HALF PANTS LONG VER [BLACK],https://image.msscdn.net/images/goods_img/20241016/4525516/4525516_17292140575987_500.jpg,False
2025-01,A,003009,숏 팬츠,003,바지,29,2439242,hadex,에이치덱스,액티브 쇼츠 8 color,https://image.msscdn.net/images/goods_img/20220323/2439242/2439242_17905565501800_500.jpg,False
2025-01,A,003009,숏 팬츠,003,바지,30,4370644,barbellworks,바벨웍스,패치자수 버뮤다팬츠,https://image.msscdn.net/images/goods_img/20240826/4370644/4370644_17246549514054_500.jpg,False
2025-01,A,003005,레깅스,003,바지,1,4002543,borntowin,본투윈,BORNTOWIN LINE BOOTS CUT LEGGINGS [BLACK],https://image.msscdn.net/images/goods_img/20240328/4002543/4002543_17121975424754_500.jpg,False
2025-01,A,003005,레깅스,003,바지,2,3487482,volante,볼란테,Daily Leggings Pants [Black],https://image.msscdn.net/images/goods_img/20230822/3487482/3487482_17484841422034_500.jpg,False
2025-01,A,003005,레깅스,003,바지,3,3975909,nike,나이키,프로 드라이 핏 피트니스 타이츠 M - 블랙:화이트 / FB7953-010,https://image.msscdn.net/images/goods_img/20240321/3975909/3975909_17115943559810_500.jpg,False
2025-01,A,003005,레깅스,003,바지,4,3750666,borntowin,본투윈,B LOGO 3.5 BIKER SHORTS [BLACK],https://image.msscdn.net/images/goods_img/20231208/3750666/3750666_17579026718469_500.jpg,False
2025-01,A,003005,레깅스,003,바지,5,3940246,hadex,에이치덱스,우먼스 서포트 부츠컷 레깅스 (Black),https://image.msscdn.net/images/goods_img/20240311/3940246/3940246_17888258046932_500.jpg,False
2025-01,A,003005,레깅스,003,바지,6,3720910,bysec,바이젝,우븐스판 머슬 브레이커 팬츠,https://image.msscdn.net/images/goods_img/20231117/3720910/3720910_17653319647389_500.jpg,False
2025-01,A,003005,레깅스,003,바지,7,3414542,andar,안다르,[2 PACK] 에어쿨링 지니 시그니처 레깅스 (9부),https://image.msscdn.net/images/goods_img/20230719/3414542/3414542_17236153921524_500.jpg,False
2025-01,A,003005,레깅스,003,바지,8,1772551,underarmour,언더아머,히트기어 아머 레깅스 1361586-001,https://image.msscdn.net/images/goods_img/20210202/1772551/1772551_1_500.jpg,False
2025-01,A,003005,레깅스,003,바지,9,4560936,andar,안다르,[2 PACK] 에어쿨링 샤론 부츠컷 레깅스 (롱) / AMPPT-07,https://image.msscdn.net/images/goods_img/20241025/4560936/4560936_17884861528534_500.jpg,False
2025-01,A,003005,레깅스,003,바지,10,4546112,nike,나이키,프로 웜 타이츠 M - 블랙:화이트 / FB7962-010,https://image.msscdn.net/images/goods_img/20241023/4546112/4546112_17304259983083_500.jpg,False
2025-01,A,003005,레깅스,003,바지,11,3071546,andar,안다르,NEW 에어쿨링 샤론 부츠컷 레깅스 (롱)_블랙,https://image.msscdn.net/images/goods_img/20230209/3071546/3071546_16759136480068_500.jpg,False
2025-01,A,003005,레깅스,003,바지,12,3379413,andar,안다르,[2 PACK] 에어쿨링 지니 시그니처 레깅스 (8.2부),https://image.msscdn.net/images/goods_img/20230623/3379413/3379413_17236154118022_500.jpg,False
2025-01,A,003005,레깅스,003,바지,13,4251372,borntowin,본투윈,OUTBAND 3.5 BIKER SHORTS [BLACK],https://image.msscdn.net/images/goods_img/20240716/4251372/4251372_17591064413250_500.jpg,False
2025-01,A,003005,레깅스,003,바지,14,3572490,physicalgarments,피지컬가먼츠,P5016 우먼 라이트 부츠컷 레깅스 [블랙],https://image.msscdn.net/images/goods_img/20230919/3572490/3572490_16952716547042_500.jpg,False
2025-01,A,003005,레깅스,003,바지,15,4617723,physicalgarments,피지컬가먼츠,P5032 우먼 기모 부츠컷 레깅스  [2 COLOR],https://image.msscdn.net/images/goods_img/20241115/4617723/4617723_17319908540895_500.jpg,False
2025-01,A,003005,레깅스,003,바지,16,4137500,musinsastandardsp,무신사 스탠다드 스포츠,짐 컴프레션 기모 레깅스 (2color),https://image.msscdn.net/images/goods_img/20240517/4137500/4137500_17415914328346_500.jpg,False
2025-01,A,003005,레깅스,003,바지,17,3449655,xexymix,젝시믹스,젤라 인텐션 하드플러피 기모 레깅스 블랙,https://image.msscdn.net/images/goods_img/20230808/3449655/3449655_16917194606513_500.jpg,False
2025-01,A,003005,레깅스,003,바지,18,3449760,xexymix,젝시믹스,V업 3D 플러스 레깅스 블랙,https://image.msscdn.net/images/goods_img/20230808/3449760/3449760_16917104184611_500.jpg,False
2025-01,A,003005,레깅스,003,바지,19,4002542,borntowin,본투윈,BORNTOWIN LINE BOOTS CUT LEGGINGS [GREY],https://image.msscdn.net/images/goods_img/20240328/4002542/4002542_17121975515286_500.jpg,False
2025-01,A,003005,레깅스,003,바지,20,4367066,jeleve,제이엘브,데일리 우븐 팬츠,https://image.msscdn.net/images/goods_img/20240823/4367066/4367066_17248946649119_500.jpg,False
2025-01,A,003005,레깅스,003,바지,21,1466284,musinsastandardsp,무신사 스탠다드 스포츠,[쿨탠스] 컴프레션 레깅스 [블랙],https://image.msscdn.net/images/goods_img/20200528/1466284/1466284_17228236161876_500.jpg,False
2025-01,A,003005,레깅스,003,바지,22,4586532,andar,안다르,에어웜 기모 샤론 부츠컷 레깅스 / ALFPT-18_ALFPT-17,https://image.msscdn.net/images/goods_img/20241104/4586532/4586532_17899694291882_500.jpg,False
2025-01,A,003005,레깅스,003,바지,23,4520728,hadex,에이치덱스,우먼스 서포트 웜업 부츠컷 레깅스 (Black),https://image.msscdn.net/images/goods_img/20241015/4520728/4520728_17294842988367_500.jpg,False
2025-01,A,003005,레깅스,003,바지,24,2387085,conchwear,콘치웨어,[롱버전출시!] 와일드 부츠컷 레깅스,https://image.msscdn.net/images/goods_img/20220225/2387085/2387085_17866848481812_500.jpg,False
2025-01,A,003005,레깅스,003,바지,25,1772548,underarmour,언더아머,히트기어 아머 컴프레션 쇼츠 1361596-001,https://image.msscdn.net/images/goods_img/20210202/1772548/1772548_1_500.jpg,False
2025-01,A,003005,레깅스,003,바지,26,3940248,hadex,에이치덱스,우먼스 서포트 4.0 바이커 쇼츠 (Black),https://image.msscdn.net/images/goods_img/20240311/3940248/3940248_17893629453379_500.jpg,False
2025-01,A,003005,레깅스,003,바지,27,4305395,determined,디터민드,블랙카모 3부 타이즈,https://image.msscdn.net/images/goods_img/20240807/4305395/4305395_17443590534967_500.jpg,False
2025-01,A,003005,레깅스,003,바지,28,4501888,borntowin,본투윈,REFLECTIVE 3.0 BIKER SHORTS [BLACK],https://image.msscdn.net/images/goods_img/20241010/4501888/4501888_17286269559100_500.jpg,False
2025-01,A,003005,레깅스,003,바지,29,4369456,tesla,테슬라,러닝 기모 타이즈 레깅스,https://image.msscdn.net/images/goods_img/20240826/4369456/4369456_17253512623937_500.jpg,False
2025-01,A,003005,레깅스,003,바지,30,3056184,musinsastandardsp,무신사 스탠다드 스포츠,짐 컴프레션 레깅스 (2color),https://image.msscdn.net/images/goods_img/20230202/3056184/3056184_17472917906447_500.jpg,False
2025-01,A,003010,점프 슈트/오버올,003,바지,1,3040868,nastyfancyclub,팬시클럽,[NF] 유쓰 데님 오버롤_F23QD844,https://image.msscdn.net/images/goods_img/20230126/3040868/3040868_17423452286743_500.jpg,False
2025-01,A,003010,점프 슈트/오버올,003,바지,2,3928305,avan,어반드레스,Painter Jumpsuit BLACK,https://image.msscdn.net/images/goods_img/20240306/3928305/3928305_17171286086255_500.jpg,False
2025-01,A,003010,점프 슈트/오버올,003,바지,3,3834260,raver1,레이버,RAVER 겨울 오토바이 방수 방한 일체형 상하분리 배달 스즈끼 전신 방한복 스즈키복 우주복 낚시복 작업복 정비복 스키복 점프슈트,https://image.msscdn.net/images/goods_img/20240131/3834260/3834260_17067720801133_500.jpg,False
2025-01,A,003010,점프 슈트/오버올,003,바지,4,4562069,dollouterwear,돌아우터웨어,2425 볼칸 보드복 워크 점프슈트 아쿠아 프린트 남녀공용,https://image.msscdn.net/images/goods_img/20241027/4562069/4562069_17300771074790_500.jpg,False
2025-01,A,003010,점프 슈트/오버올,003,바지,5,4489008,dimito,디미토,APEX JUMPSUIT BLACK,https://image.msscdn.net/images/goods_img/20241006/4489008/4489008_17285366416099_500.jpg,False
2025-01,A,003010,점프 슈트/오버올,003,바지,6,4489009,dimito,디미토,APEX JUMPSUIT IVORY,https://image.msscdn.net/images/goods_img/20241006/4489009/4489009_17285376057383_500.jpg,False
2025-01,A,003010,점프 슈트/오버올,003,바지,7,4300009,lee,리,유니 오버롤 팬츠 블랙,https://image.msscdn.net/images/goods_img/20240806/4300009/4300009_17261035449396_500.jpg,False
2025-01,A,003010,점프 슈트/오버올,003,바지,8,4562218,dollouterwear,돌아우터웨어,2425 리브레 보드복 점프슈트 블랙 남녀공용,https://image.msscdn.net/images/goods_img/20241027/4562218/4562218_17300147649307_500.jpg,False
2025-01,A,003010,점프 슈트/오버올,003,바지,9,4561842,dollouterwear,돌아우터웨어,2425 볼칸 보드복 워크 점프슈트 블랙 남녀공용,https://image.msscdn.net/images/goods_img/20241026/4561842/4561842_17299371290500_500.jpg,False
2025-01,A,003010,점프 슈트/오버올,003,바지,10,3882593,dickies,디키즈,BIB 오버롤 데님팬츠 Indigo,https://image.msscdn.net/images/goods_img/20240220/3882593/3882593_17083946750395_500.jpg,False
2025-01,A,003010,점프 슈트/오버올,003,바지,11,4328109,unknownplanet,언노운 플라넷,오버롤 미디엄 샌드 블루,https://image.msscdn.net/images/goods_img/20240814/4328109/4328109_17829642557299_500.jpg,False
2025-01,A,003010,점프 슈트/오버올,003,바지,12,3498066,thisisneverthat,디스이즈네버댓,GORE-TEX 3L Overall Grey,https://image.msscdn.net/images/goods_img/20230825/3498066/3498066_16932995849761_500.jpg,False
2025-01,A,003010,점프 슈트/오버올,003,바지,13,3242184,bendavis,벤 데이비스,오리지널 오버롤 블랙,https://image.msscdn.net/images/goods_img/20230418/3242184/3242184_16825750601905_500.jpg,False
2025-01,A,003010,점프 슈트/오버올,003,바지,14,4561843,dollouterwear,돌아우터웨어,2425 볼칸 보드복 워크 점프슈트 카키 남녀공용,https://image.msscdn.net/images/goods_img/20241026/4561843/4561843_17299373672532_500.jpg,False
2025-01,A,003010,점프 슈트/오버올,003,바지,15,4641648,blent,블렌트,2425 Halo Jumpsuit - Coral,https://image.msscdn.net/images/goods_img/20241128/4641648/4641648_17328554949477_500.jpg,False
2025-01,A,003010,점프 슈트/오버올,003,바지,16,4641640,blent,블렌트,2425 Halo Jumpsuit - Black,https://image.msscdn.net/images/goods_img/20241128/4641640/4641640_17328554144713_500.jpg,False
2025-01,A,003010,점프 슈트/오버올,003,바지,17,4641650,blent,블렌트,2425 Halo Jumpsuit - Haze,https://image.msscdn.net/images/goods_img/20241128/4641650/4641650_17328555356785_500.jpg,False
2025-01,A,003010,점프 슈트/오버올,003,바지,18,4248027,tommyjeans,타미진스,데이지 덩가리 데님 팬츠 (T32E6NED20TWT11A5),https://image.msscdn.net/images/goods_img/20240712/4248027/4248027_17261111460322_500.jpg,False
2025-01,A,003010,점프 슈트/오버올,003,바지,19,2775784,unknownplanet,언노운 플라넷,UP-305 오버롤 빈티지 데님 팬츠,https://image.msscdn.net/images/goods_img/20220907/2775784/2775784_17282857086683_500.jpg,False
2025-01,A,003010,점프 슈트/오버올,003,바지,20,3242498,thombrowne,톰브라운,스포츠 코트 점프수트 - 그레이 / MUU020AF0169035,https://image.msscdn.net/images/goods_img/20230418/3242498/3242498_16890531404515_500.jpg,False
2025-01,A,003010,점프 슈트/오버올,003,바지,21,4300008,lee,리,유니 오버롤 팬츠 인디고 다크,https://image.msscdn.net/images/goods_img/20240806/4300008/4300008_17270796940952_500.jpg,False
2025-01,A,003010,점프 슈트/오버올,003,바지,22,4465572,wkndrs,위캔더스,DRAGGY WORK OVERALL (D.BLACK),https://image.msscdn.net/images/goods_img/20240926/4465572/4465572_17283799130707_500.jpg,False
2025-01,A,003010,점프 슈트/오버올,003,바지,23,4562089,dollouterwear,돌아우터웨어,2425 리브레 보드복 점프슈트 퍼플 남녀공용,https://image.msscdn.net/images/goods_img/20241027/4562089/4562089_17300026657920_500.jpg,False
2025-01,A,003010,점프 슈트/오버올,003,바지,24,4562325,anglan,앵글런,Backsatin Work Wide Overall - Navy,https://image.msscdn.net/images/goods_img/20241027/4562325/4562325_17306403102865_500.jpg,False
2025-01,A,003010,점프 슈트/오버올,003,바지,25,4489010,dimito,디미토,APEX JUMPSUIT PURPLE SAGE,https://image.msscdn.net/images/goods_img/20241006/4489010/4489010_17285377729318_500.jpg,False
2025-01,A,003010,점프 슈트/오버올,003,바지,26,3587746,bsrabbit,비에스래빗,카펜터 루즈핏 데님 오버롤 화이트,https://image.msscdn.net/images/goods_img/20230922/3587746/3587746_16957743153526_500.jpg,False
2025-01,A,003010,점프 슈트/오버올,003,바지,27,4614677,elnath,엘나스,2425 Muse pants - Jet,https://image.msscdn.net/images/goods_img/20241114/4614677/4614677_17334652606838_500.jpg,False
2025-01,A,003010,점프 슈트/오버올,003,바지,28,3882591,dickies,디키즈,48799 점프수트 커버올 Black,https://image.msscdn.net/images/goods_img/20240220/3882591/3882591_17083946635450_500.jpg,False
2025-01,A,003010,점프 슈트/오버올,003,바지,29,4546446,dimito,디미토,VTX BIB 2L PANTS BLACK,https://image.msscdn.net/images/goods_img/20241023/4546446/4546446_17297624179804_500.jpg,False
2025-01,A,003010,점프 슈트/오버올,003,바지,30,4641644,blent,블렌트,2425 Halo Jumpsuit - Tan,https://image.msscdn.net/images/goods_img/20241128/4641644/4641644_17328556214247_500.jpg,False
2025-01,A,003006,기타 하의,003,바지,1,2926541,brenson,브렌슨,(Renew Ver.) 코듀로이 원턱 와이드 밴딩팬츠 ( 5Color ),https://image.msscdn.net/images/goods_img/20221108/2926541/2926541_17623049889755_500.jpg,False
2025-01,A,003006,기타 하의,003,바지,2,3404705,musinsastandard,무신사 스탠다드,시티 레저 CN 와이드 벨티드 파라슈트 팬츠 [블랙],https://image.msscdn.net/images/goods_img/20230712/3404705/3404705_17134029927665_500.jpg,False
2025-01,A,003006,기타 하의,003,바지,3,3378548,musinsastandard,무신사 스탠다드,원 턱 와이드 코듀로이 밴딩 팬츠 [블랙],https://image.msscdn.net/images/goods_img/20230622/3378548/3378548_16964957452358_500.jpg,False
2025-01,A,003006,기타 하의,003,바지,4,4577688,nike,나이키,ACG 스미스 서밋 카고 팬츠 M - 블랙:안트라사이트:서밋 화이트 / FN0429-010,https://image.msscdn.net/images/goods_img/20241031/4577688/4577688_17307976345858_500.jpg,False
2025-01,A,003006,기타 하의,003,바지,5,4304163,aakam,아캄,Knee Pin-tuck Camouflage Twill Pants (Black),https://image.msscdn.net/images/goods_img/20240807/4304163/4304163_17243269019342_500.jpg,False
2025-01,A,003006,기타 하의,003,바지,6,2701466,niceghostclub,나이스고스트클럽,LOGO SWEAT LAYERED PANTS_BLACK(NG2DFUPA91A),https://image.msscdn.net/images/goods_img/20220805/2701466/2701466_17683538441423_500.jpg,False
2025-01,A,003006,기타 하의,003,바지,7,4323440,musinsastandard,무신사 스탠다드,시티 레저 어니언 패딩 벨티드 카고 팬츠 [블랙],https://image.msscdn.net/images/goods_img/20240813/4323440/4323440_17294862569151_500.jpg,False
2025-01,A,003006,기타 하의,003,바지,8,4517166,nike,나이키,ACG 스미스 서밋 카고 팬츠 M - 카키:라이트 아이언 오어:서밋 화이트 / FN0429-247,https://image.msscdn.net/images/goods_img/20241015/4517166/4517166_17291385998063_500.jpg,False
2025-01,A,003006,기타 하의,003,바지,9,3411543,musinsastandard,무신사 스탠다드,속기모 나일론 와이드 스트링 팬츠 [블랙],https://image.msscdn.net/images/goods_img/20230717/3411543/3411543_16952621327918_500.jpg,False
2025-01,A,003006,기타 하의,003,바지,10,3378547,musinsastandard,무신사 스탠다드,원 턱 와이드 코듀로이 밴딩 팬츠 [크림],https://image.msscdn.net/images/goods_img/20230622/3378547/3378547_16964956376203_500.jpg,False
2025-01,A,003006,기타 하의,003,바지,11,4138974,musinsastandardwoman,무신사 스탠다드 우먼,우먼즈 속기모 나일론 파라슈트 팬츠 [블랙],https://image.msscdn.net/images/goods_img/20240517/4138974/4138974_17326136174484_500.jpg,False
2025-01,A,003006,기타 하의,003,바지,12,4546110,nike,나이키,ACG 스미스 서밋 집오프 팬츠 W - 블랙:서밋 화이트 / FB7884-010,https://image.msscdn.net/images/goods_img/20241023/4546110/4546110_17304259848732_500.jpg,False
2025-01,A,003006,기타 하의,003,바지,13,4368618,musinsastandard,무신사 스탠다드,어니언 퀼티드 패딩 팬츠 [블랙],https://image.msscdn.net/images/goods_img/20240826/4368618/4368618_17326847915768_500.jpg,False
2025-01,A,003006,기타 하의,003,바지,14,4332771,tuomio,뚜오미오,STRAPPY SKIRT PANTS [BLACK],https://image.msscdn.net/images/goods_img/20240814/4332771/4332771_17876194381027_500.jpg,False
2025-01,A,003006,기타 하의,003,바지,15,3758425,musinsastandardwoman,무신사 스탠다드 우먼,우먼즈 세미 부츠 컷 유틸리티 카고 팬츠 [다크 그레이],https://image.msscdn.net/images/goods_img/20231215/3758425/3758425_17267126895773_500.jpg,False
2025-01,A,003006,기타 하의,003,바지,16,3378549,musinsastandard,무신사 스탠다드,원 턱 와이드 코듀로이 밴딩 팬츠 [브라운],https://image.msscdn.net/images/goods_img/20230622/3378549/3378549_16964958322532_500.jpg,False
2025-01,A,003006,기타 하의,003,바지,17,3378550,musinsastandard,무신사 스탠다드,원 턱 와이드 코듀로이 밴딩 팬츠 [베이지],https://image.msscdn.net/images/goods_img/20230622/3378550/3378550_16964958912928_500.jpg,False
2025-01,A,003006,기타 하의,003,바지,18,4535575,flareup,플레어업,Asymmetrical Drape Pants (FL-245_Black),https://image.msscdn.net/images/goods_img/20241018/4535575/4535575_17292406400458_500.jpg,False
2025-01,A,003006,기타 하의,003,바지,19,4544730,heleneparis,헬레네파리스,레이어드 스커트 부츠컷 팬츠 [블랙],https://image.msscdn.net/images/goods_img/20241022/4544730/4544730_17296433446787_500.jpg,False
2025-01,A,003006,기타 하의,003,바지,20,3857541,niceghostclub,나이스고스트클럽,FFATS PLEATS LAYERED SKIRT PANTS_BLACK(NG2ESUPA92A),https://image.msscdn.net/images/goods_img/20240208/3857541/3857541_17073560744854_500.jpg,False
2025-01,A,003006,기타 하의,003,바지,21,4605040,valdeblanco,발데블랑코,와이드 원턱 코듀로이 기모 스트링 팬츠 [브라운],https://image.msscdn.net/images/goods_img/20241111/4605040/4605040_17358683478910_500.jpg,False
2025-01,A,003006,기타 하의,003,바지,22,3378551,musinsastandard,무신사 스탠다드,원 턱 와이드 코듀로이 밴딩 팬츠 [다크 그레이],https://image.msscdn.net/images/goods_img/20230622/3378551/3378551_16965789510268_500.jpg,False
2025-01,A,003006,기타 하의,003,바지,23,3939834,urbandtype,어반디타입,코튼 와이드 카고 팬츠_베이지,https://image.msscdn.net/images/goods_img/20240311/3939834/3939834_17449523513032_500.jpg,False
2025-01,A,003006,기타 하의,003,바지,24,4210114,musinsastandard,무신사 스탠다드,원 턱 와이드 코듀로이 밴딩 팬츠 [토프],https://image.msscdn.net/images/goods_img/20240620/4210114/4210114_17307924975182_500.jpg,False
2025-01,A,003006,기타 하의,003,바지,25,4441075,goyowear,고요웨어,코듀라 써멀 팬츠 (브라운 그레이),https://image.msscdn.net/images/goods_img/20240913/4441075/4441075_17582500839288_500.jpg,False
2025-01,A,003006,기타 하의,003,바지,26,4561673,dollouterwear,돌아우터웨어,2425 아르떼 보드복 팬츠 블랙 남녀공용,https://image.msscdn.net/images/goods_img/20241026/4561673/4561673_17299067176100_500.jpg,False
2025-01,A,003006,기타 하의,003,바지,27,4210131,musinsastandard,무신사 스탠다드,시티 레저 CN 벨티드 유틸리티 팬츠 [블랙],https://image.msscdn.net/images/goods_img/20240620/4210131/4210131_17294816036943_500.jpg,False
2025-01,A,003006,기타 하의,003,바지,28,4333319,ronron,론론,CANCAN RUFFLE LAYERED PANTSKIRT MELANGE GREY,https://image.msscdn.net/images/goods_img/20240815/4333319/4333319_17254414883596_500.jpg,False
2025-01,A,003006,기타 하의,003,바지,29,4344010,treemingbird,트리밍버드,Layered Drape Wrap Trouser [ Black ],https://image.msscdn.net/images/goods_img/20240819/4344010/4344010_17267431482588_500.jpg,False
2025-01,A,003006,기타 하의,003,바지,30,4210144,musinsastandard,무신사 스탠다드,시티 레저 벨티드 멀티 포켓 카고 팬츠 [블랙],https://image.msscdn.net/images/goods_img/20240620/4210144/4210144_17294809693134_500.jpg,False
2025-01,A,100,원피스/스커트,,,1,4350936,misekiseoul,미세키서울,Unbalanced layered skirt BLACK,https://image.msscdn.net/images/goods_img/20240821/4350936/4350936_17816746257467_500.png,False
2025-01,A,100,원피스/스커트,,,2,2714524,avan,어반드레스,Punching Knit Dress BLACK,https://image.msscdn.net/images/goods_img/20220812/2714524/2714524_17207610263763_500.jpg,False
2025-01,A,100,원피스/스커트,,,3,4324777,niceghostclub,나이스고스트클럽,BIG STAR LOGO SWEAT SKIRT_BLACK(NG2EFUPA90A),https://image.msscdn.net/images/goods_img/20240813/4324777/4324777_17708775629904_500.jpg,False
2025-01,A,100,원피스/스커트,,,4,4350948,misekiseoul,미세키서울,Layered skirt pants set BLACK,https://image.msscdn.net/images/goods_img/20240821/4350948/4350948_17260331837026_500.jpg,False
2025-01,A,100,원피스/스커트,,,5,4441405,flareup,플레어업,Pleats Midi Skirt (FL-243_Black),https://image.msscdn.net/images/goods_img/20240915/4441405/4441405_17267922032591_500.jpg,False
2025-01,A,100,원피스/스커트,,,6,2117253,musinsastandardwoman,무신사 스탠다드 우먼,우먼즈 플리츠 미디 스커트 [블랙],https://image.msscdn.net/images/goods_img/20210908/2117253/2117253_17467823245909_500.jpg,False
2025-01,A,100,원피스/스커트,,,7,4593477,placestudio,플레이스 스튜디오,슬림핏 베이직 윈터 티어드 밴딩 롱 캉캉스커트 [블랙],https://image.msscdn.net/images/goods_img/20241106/4593477/4593477_17308782967721_500.jpg,False
2025-01,A,100,원피스/스커트,,,8,4428491,mausoleum,마우솔레움,젠 수트 자켓 드레스-블랙,https://image.msscdn.net/images/goods_img/20240910/4428491/4428491_17581570793981_500.jpg,False
2025-01,A,100,원피스/스커트,,,9,4336061,adidas,아디다스,파이어버드 니트 스커트 - 블랙 / IY7279,https://image.msscdn.net/images/goods_img/20240816/4336061/4336061_17242236525944_500.jpg,False
2025-01,A,100,원피스/스커트,,,10,4593352,placestudio,플레이스 스튜디오,슬림핏 베이직 윈터 티어드 밴딩 롱 캉캉스커트 [화이트],https://image.msscdn.net/images/goods_img/20241106/4593352/4593352_17308779637311_500.jpg,False
2025-01,A,100,원피스/스커트,,,11,4350942,misekiseoul,미세키서울,Layered skirt pants set CHARCOAL,https://image.msscdn.net/images/goods_img/20240821/4350942/4350942_17260335029834_500.jpg,False
2025-01,A,100,원피스/스커트,,,12,2117254,musinsastandardwoman,무신사 스탠다드 우먼,우먼즈 플리츠 미디 스커트 [차콜 그레이],https://image.msscdn.net/images/goods_img/20210908/2117254/2117254_17467755871427_500.jpg,False
2025-01,A,100,원피스/스커트,,,13,4350931,misekiseoul,미세키서울,Unbalanced layered skirt CHARCOAL,https://image.msscdn.net/images/goods_img/20240821/4350931/4350931_17816745489039_500.png,False
2025-01,A,100,원피스/스커트,,,14,4170370,ronron,론론,CANCAN RUFFLE PANTSKIRT BLACK,https://image.msscdn.net/images/goods_img/20240531/4170370/4170370_17175556541226_500.jpg,False
2025-01,A,100,원피스/스커트,,,15,4410511,sinoon,시눈,[제니 착용] Tute Skirt (Light Grey),https://image.msscdn.net/images/goods_img/20240905/4410511/4410511_17255902768837_500.jpg,False
2025-01,A,100,원피스/스커트,,,16,4228713,musinsastandardwoman,무신사 스탠다드 우먼,우먼즈 데님 카펜터 롱 스커트 [워시드 블랙],https://image.msscdn.net/images/goods_img/20240702/4228713/4228713_17799545745468_500.jpg,False
2025-01,A,100,원피스/스커트,,,17,4410515,sinoon,시눈,Tute Skirt (Greyish Green),https://image.msscdn.net/images/goods_img/20240905/4410515/4410515_17255902706687_500.jpg,False
2025-01,A,100,원피스/스커트,,,18,2836351,avan,어반드레스,Quilting Long Denim Skirt BLACK,https://image.msscdn.net/images/goods_img/20221004/2836351/2836351_17211921687233_500.jpg,False
2025-01,A,100,원피스/스커트,,,19,4326509,musinsastandardwoman,무신사 스탠다드 우먼,우먼즈 레이어드 미니 스코츠 [블랙],https://image.msscdn.net/images/goods_img/20240813/4326509/4326509_17536889295210_500.jpg,False
2025-01,A,100,원피스/스커트,,,20,3753558,roughneck,러프넥,튜튜 팬츠 스커트 크림,https://image.msscdn.net/images/goods_img/20231212/3753558/3753558_17023643675304_500.jpg,False
2025-01,A,100,원피스/스커트,,,21,4457755,musinsastandardwoman,무신사 스탠다드 우먼,우먼즈 스트레이트 맥시 스커트 [건메탈],https://image.msscdn.net/images/goods_img/20240924/4457755/4457755_17307905958859_500.jpg,False
2025-01,A,100,원피스/스커트,,,22,4447528,levar,르바,Suede Stitch Mini Dress - Black,https://image.msscdn.net/images/goods_img/20240920/4447528/4447528_17278375705102_500.jpg,False
2025-01,A,100,원피스/스커트,,,23,4107449,millowomen,밀로 우먼,벌룬 셔링 맥시 스커트 [블랙],https://image.msscdn.net/images/goods_img/20240505/4107449/4107449_17206686828137_500.jpg,False
2025-01,A,100,원피스/스커트,,,24,2714533,avan,어반드레스,Punching Knit Dress IVORY,https://image.msscdn.net/images/goods_img/20220812/2714533/2714533_2_500.jpg,False
2025-01,A,100,원피스/스커트,,,25,2257612,musinsastandardwoman,무신사 스탠다드 우먼,우먼즈 플리츠 미디 스커트 [미디엄 그레이],https://image.msscdn.net/images/goods_img/20211206/2257612/2257612_17155615478939_500.jpg,False
2025-01,A,100,원피스/스커트,,,26,4457754,musinsastandardwoman,무신사 스탠다드 우먼,우먼즈 스트레이트 맥시 스커트 [블랙],https://image.msscdn.net/images/goods_img/20240924/4457754/4457754_17467722878565_500.jpg,False
2025-01,A,100,원피스/스커트,,,27,4270504,placestudio,플레이스 스튜디오,리본 버튼 플리츠 미디 레이어드 랩 스커트 [블랙],https://image.msscdn.net/images/goods_img/20240724/4270504/4270504_17306845501933_500.jpg,False
2025-01,A,100,원피스/스커트,,,28,4229177,musinsastandardwoman,무신사 스탠다드 우먼,우먼즈 핀스트라이프 로 라이즈 플리츠 미니 스커트 [블랙],https://image.msscdn.net/images/goods_img/20240702/4229177/4229177_17467827057087_500.jpg,False
2025-01,A,100,원피스/스커트,,,29,4336415,oheshio,오헤시오,"BALLOON BANDING MIDI SKIRT, BLACK",https://image.msscdn.net/images/goods_img/20240816/4336415/4336415_17253339156879_500.jpg,False
2025-01,A,100,원피스/스커트,,,30,4593596,placestudio,플레이스 스튜디오,클래식 스웨이드 플레이드 플리츠 미디 스커트 [블랙],https://image.msscdn.net/images/goods_img/20241106/4593596/4593596_17525386939692_500.jpg,False
2025-01,A,100001,미니원피스,100,원피스/스커트,1,2714524,avan,어반드레스,Punching Knit Dress BLACK,https://image.msscdn.net/images/goods_img/20220812/2714524/2714524_17207610263763_500.jpg,False
2025-01,A,100001,미니원피스,100,원피스/스커트,2,4428491,mausoleum,마우솔레움,젠 수트 자켓 드레스-블랙,https://image.msscdn.net/images/goods_img/20240910/4428491/4428491_17581570793981_500.jpg,False
2025-01,A,100001,미니원피스,100,원피스/스커트,3,4447528,levar,르바,Suede Stitch Mini Dress - Black,https://image.msscdn.net/images/goods_img/20240920/4447528/4447528_17278375705102_500.jpg,False
2025-01,A,100001,미니원피스,100,원피스/스커트,4,2714533,avan,어반드레스,Punching Knit Dress IVORY,https://image.msscdn.net/images/goods_img/20220812/2714533/2714533_2_500.jpg,False
2025-01,A,100001,미니원피스,100,원피스/스커트,5,4500721,nastyfancyclub,팬시클럽,[SET] 걸스 마이 팬시 롱슬리브 &도트 레이어드 원피스_F24ZB068xZD880,https://image.msscdn.net/images/goods_img/20241010/4500721/4500721_17591973173612_500.jpg,False
2025-01,A,100001,미니원피스,100,원피스/스커트,6,4428494,mausoleum,마우솔레움,젠 라운드 넥 플리티드 수트 자켓 드레스-그레이,https://image.msscdn.net/images/goods_img/20240910/4428494/4428494_17581575766269_500.jpg,False
2025-01,A,100001,미니원피스,100,원피스/스커트,7,4428537,mausoleum,마우솔레움,젠 플리티드 수트 자켓 드레스-그레이,https://image.msscdn.net/images/goods_img/20240910/4428537/4428537_17581578386868_500.jpg,False
2025-01,A,100001,미니원피스,100,원피스/스커트,8,4590509,notyourrose,낫 유어 로즈,페이 볼레로 드레스 (블랙),https://image.msscdn.net/images/goods_img/20241105/4590509/4590509_17652581957281_500.jpg,False
2025-01,A,100001,미니원피스,100,원피스/스커트,9,4620987,painorpleasure,페인오어플레져,BIANCA DRESS charcoal,https://image.msscdn.net/images/goods_img/20241118/4620987/4620987_17319136657790_500.jpg,False
2025-01,A,100001,미니원피스,100,원피스/스커트,10,4350231,musinsastandardwoman,무신사 스탠다드 우먼,우먼즈 스퀘어 넥 트위드 미니 드레스 [블랙],https://image.msscdn.net/images/goods_img/20240820/4350231/4350231_17296684962897_500.jpg,False
2025-01,A,100001,미니원피스,100,원피스/스커트,11,3590873,cornell,얼킨 캔버스,베티붑 레이스 레이어드 프릴 미니 원피스_블랙,https://image.msscdn.net/images/goods_img/20230925/3590873/3590873_17788092542541_500.jpg,False
2025-01,A,100001,미니원피스,100,원피스/스커트,12,3906947,notyourrose,낫 유어 로즈,단델리온 드레스 (블랙),https://image.msscdn.net/images/goods_img/20240227/3906947/3906947_17652578577987_500.jpg,False
2025-01,A,100001,미니원피스,100,원피스/스커트,13,4410728,sinoon,시눈,Rose Lace Sheer Dress (White),https://image.msscdn.net/images/goods_img/20240905/4410728/4410728_17255908137107_500.jpg,False
2025-01,A,100001,미니원피스,100,원피스/스커트,14,4426306,sincethen,신스덴,메이브 트위드 미니원피스,https://image.msscdn.net/images/goods_img/20240910/4426306/4426306_17259488518215_500.jpg,False
2025-01,A,100001,미니원피스,100,원피스/스커트,15,4511405,bnfrom,비엔프롬,From pin preppy ops,https://image.msscdn.net/images/goods_img/20241014/4511405/4511405_17298405317039_500.jpeg,False
2025-01,A,100001,미니원피스,100,원피스/스커트,16,4553168,sinoon,시눈,Frill Sleeveless Dress (Black),https://image.msscdn.net/images/goods_img/20241024/4553168/4553168_17301100987901_500.jpg,False
2025-01,A,100001,미니원피스,100,원피스/스커트,17,4553173,sinoon,시눈,Frill Sleeveless Dress (Cream Yellow),https://image.msscdn.net/images/goods_img/20241024/4553173/4553173_17301101179969_500.jpg,False
2025-01,A,100001,미니원피스,100,원피스/스커트,18,3907183,youhee,유희,EYELET FRILL DRESS RED,https://image.msscdn.net/images/goods_img/20240227/3907183/3907183_17139280727176_500.jpg,False
2025-01,A,100001,미니원피스,100,원피스/스커트,19,4623675,lingseoul,링서울,v-neck sleeveless dress-black,https://image.msscdn.net/images/goods_img/20241119/4623675/4623675_17338970619775_500.jpg,False
2025-01,A,100001,미니원피스,100,원피스/스커트,20,4327388,tommyjeans,타미진스,롱 슬리브 데님 드레스 (T32E6WOP07TWL11AP),https://image.msscdn.net/images/goods_img/20240813/4327388/4327388_17249989424999_500.jpg,False
2025-01,A,100001,미니원피스,100,원피스/스커트,21,3906921,notyourrose,낫 유어 로즈,레이스 프릴 미니 드레스 (블랙),https://image.msscdn.net/images/goods_img/20240227/3906921/3906921_17652598997882_500.jpg,False
2025-01,A,100001,미니원피스,100,원피스/스커트,22,4438696,musinsastandardwoman,무신사 스탠다드 우먼,우먼즈 크루 넥 니트 미니 드레스 [카키 브라운],https://image.msscdn.net/images/goods_img/20240913/4438696/4438696_17283532261859_500.jpg,False
2025-01,A,100001,미니원피스,100,원피스/스커트,23,4428543,mausoleum,마우솔레움,젠 플리티드 수트 자켓 드레스 - 블랙,https://image.msscdn.net/images/goods_img/20240910/4428543/4428543_17581579349799_500.jpg,False
2025-01,A,100001,미니원피스,100,원피스/스커트,24,4338874,nastyfancyclub,팬시클럽,도트 레이어드 원피스 (WHITE)_F24ZD880,https://image.msscdn.net/images/goods_img/20240816/4338874/4338874_17591943791305_500.jpg,False
2025-01,A,100001,미니원피스,100,원피스/스커트,25,4350232,musinsastandardwoman,무신사 스탠다드 우먼,우먼즈 스퀘어 넥 트위드 미니 드레스 [브라운],https://image.msscdn.net/images/goods_img/20240820/4350232/4350232_17290401295526_500.jpg,False
2025-01,A,100001,미니원피스,100,원피스/스커트,26,4088113,menasoo,미나수,MENASOO SUMMER STRIPE TERRY STRAP ONEPIECE_RED,https://image.msscdn.net/images/goods_img/20240425/4088113/4088113_17187023167931_500.jpg,False
2025-01,A,100001,미니원피스,100,원피스/스커트,27,4627881,ason,애즈온,LIBBED COMBI MINI DRESS / BLUE-GREEN,https://image.msscdn.net/images/goods_img/20241120/4627881/4627881_17321588381399_500.jpg,False
2025-01,A,100001,미니원피스,100,원피스/스커트,28,2605850,notyourrose,낫 유어 로즈,프릴 미니 드레스 (핑크),https://image.msscdn.net/images/goods_img/20220609/2605850/2605850_17652591506997_500.jpg,False
2025-01,A,100001,미니원피스,100,원피스/스커트,29,4212814,cornell,얼킨 캔버스,베티붑 레이스 레이어드 프릴 미니 원피스_화이트,https://image.msscdn.net/images/goods_img/20240621/4212814/4212814_17655075860048_500.jpg,False
2025-01,A,100001,미니원피스,100,원피스/스커트,30,3196981,painorpleasure,페인오어플레져,ORCHID DRESS white,https://image.msscdn.net/images/goods_img/20230331/3196981/3196981_16903483777490_500.jpg,False
2025-01,A,100002,미디원피스,100,원피스/스커트,1,3303973,lemaire,르메르,파라슈트 원피스 - 핑크 / DR1003LF1016RE345,https://image.msscdn.net/images/goods_img/20230518/3303973/3303973_16866253822764_500.jpg,False
2025-01,A,100002,미디원피스,100,원피스/스커트,2,3241349,lemaire,르메르,스트레이트 카라 트위스티드 원피스 - 크림,https://image.msscdn.net/images/goods_img/20230418/3241349/3241349_16877458630237_500.jpg,False
2025-01,A,100002,미디원피스,100,원피스/스커트,3,2457511,poloralphlauren,폴로 랄프 로렌,W 케이블 니트 드레스 - 블루,https://image.msscdn.net/images/goods_img/20220330/2457511/2457511_2_500.jpg,False
2025-01,A,100002,미디원피스,100,원피스/스커트,4,2862553,covernat,커버낫,COVERNAT X BLACK YAK 플리스 원피스 네이비,https://image.msscdn.net/images/goods_img/20221014/2862553/2862553_17310569680045_500.jpg,False
2025-01,A,100002,미디원피스,100,원피스/스커트,5,4363011,snowpeakapparel,스노우피크 어패럴,여성 오버롤 원피스 (S24FWTOP37) Dark Charcoal,https://image.msscdn.net/images/goods_img/20240823/4363011/4363011_17249020675963_500.jpg,False
2025-01,A,100002,미디원피스,100,원피스/스커트,6,4405675,lee,리,코듀로이 오버롤 원피스 브라운,https://image.msscdn.net/images/goods_img/20240904/4405675/4405675_17579871245029_500.jpg,False
2025-01,A,100002,미디원피스,100,원피스/스커트,7,4682741,adidas,아디다스,3S 랩 트랙수트 드레스 JJ0953,https://image.msscdn.net/images/goods_img/20241227/4682741/4682741_17352821064037_500.jpg,False
2025-01,A,100002,미디원피스,100,원피스/스커트,8,3199619,jacquemus,자크뮈스,라 로브 바리 원피스 - 블랙 / 221DR0161333990,https://image.msscdn.net/images/goods_img/20230331/3199619/3199619_16871637386694_500.jpg,False
2025-01,A,100002,미디원피스,100,원피스/스커트,9,4379454,romanticcrown,로맨틱크라운,그라데이션 니트 드레스_핑크,https://image.msscdn.net/images/goods_img/20240828/4379454/4379454_17351775506669_500.jpg,False
2025-01,A,100002,미디원피스,100,원피스/스커트,10,3303965,lemaire,르메르,랩 원피스 - 블랙 / DR1021LF839BK998,https://image.msscdn.net/images/goods_img/20230518/3303965/3303965_16866255002196_500.jpg,False
2025-01,A,100002,미디원피스,100,원피스/스커트,11,4380012,lenina,르니나,DARLENE bow neck dress,https://image.msscdn.net/images/goods_img/20240828/4380012/4380012_17745864335776_500.jpg,False
2025-01,A,100002,미디원피스,100,원피스/스커트,12,3300812,lemaire,르메르,플레이풀 버튼 셔츠 드레스 - 블랙 / DR1020LF588BK999,https://image.msscdn.net/images/goods_img/20230517/3300812/3300812_16868941644921_500.jpg,False
2025-01,A,100002,미디원피스,100,원피스/스커트,13,2753695,lemaire,르메르,트위스티드 랩 원피스 - 블랙,https://image.msscdn.net/images/goods_img/20220830/2753695/2753695_1_500.jpg,False
2025-01,A,100002,미디원피스,100,원피스/스커트,14,3940293,afterhours,애프터아워즈,OPEN LAYERED FRILL DRESS (BLACK),https://image.msscdn.net/images/goods_img/20240311/3940293/3940293_17161898796205_500.jpg,False
2025-01,A,100002,미디원피스,100,원피스/스커트,15,3303971,lemaire,르메르,파라슈트 원피스 - 프림로즈 핑크 / DR1003LF1016BR411,https://image.msscdn.net/images/goods_img/20230518/3303971/3303971_16867238461487_500.jpg,False
2025-01,A,100002,미디원피스,100,원피스/스커트,16,4312916,poloralphlauren,폴로 랄프 로렌,W 스트라이프 코튼 저지 럭비 드레스-그린,https://image.msscdn.net/images/goods_img/20240809/4312916/4312916_17253546597863_500.jpg,False
2025-01,A,100002,미디원피스,100,원피스/스커트,17,4589874,matinkim,마뗑킴,DAMAGE POINT CABLE KNIT DRESS IN IVORY,https://image.msscdn.net/images/goods_img/20241105/4589874/4589874_17307934068098_500.jpg,False
2025-01,A,100002,미디원피스,100,원피스/스커트,18,4354740,lemaire,르메르,트롱프 뢰유 원피스 - 앤트러사이트 / DR1082LK087BK966,https://image.msscdn.net/images/goods_img/20240821/4354740/4354740_17255888426379_500.jpg,False
2025-01,A,100002,미디원피스,100,원피스/스커트,19,3295325,lemaire,르메르,스트라이프 셔츠 드레스 - 베이지 / DR1020LF1049MU008,https://image.msscdn.net/images/goods_img/20230515/3295325/3295325_16883677129405_500.jpg,False
2025-01,A,100002,미디원피스,100,원피스/스커트,20,3158974,maisonmargiela,메종 마르지엘라,브이넥 니트 원피스 - 블루 / S51FB0075S18199511,https://image.msscdn.net/images/goods_img/20230317/3158974/3158974_16920001845352_500.jpg,False
2025-01,A,100002,미디원피스,100,원피스/스커트,21,2457512,poloralphlauren,폴로 랄프 로렌,W 케이블 니트 드레스 - 핑크,https://image.msscdn.net/images/goods_img/20220330/2457512/2457512_2_500.jpg,False
2025-01,A,100002,미디원피스,100,원피스/스커트,22,2648197,poloralphlauren,폴로 랄프 로렌,W 스트라이프 스트레치 코튼 폴로 미디 드레스 - 네이비,https://image.msscdn.net/images/goods_img/20220705/2648197/2648197_2_500.jpg,False
2025-01,A,100002,미디원피스,100,원피스/스커트,23,3196504,thombrowne,톰브라운,어닝 스트라이프 옥스포드 숏 슬리브 셔츠원피스 - 라이트 블루 / FDSD85AF0181480,https://image.msscdn.net/images/goods_img/20230331/3196504/3196504_16860904350787_500.jpg,False
2025-01,A,100002,미디원피스,100,원피스/스커트,24,4480381,balenciaga,발렌시아가,티셔츠 원피스 - 블랙 / 739037TQVQ81073,https://image.msscdn.net/images/goods_img/20241002/4480381/4480381_17288694101402_500.jpg,False
2025-01,A,100002,미디원피스,100,원피스/스커트,25,4061685,poloralphlauren,폴로 랄프 로렌,W 코튼 샴브레이 셔츠 드레스 - 블루,https://image.msscdn.net/images/goods_img/20240417/4061685/4061685_17151581931130_500.jpg,False
2025-01,A,100002,미디원피스,100,원피스/스커트,26,4716354,mucent,무센트,시안 후드넥 슬림핏 원피스 (4컬러),https://image.msscdn.net/images/goods_img/20250113/4716354/4716354_17369240986940_500.jpg,False
2025-01,A,100002,미디원피스,100,원피스/스커트,27,4303656,luckychouette,럭키슈에뜨,Pocket Printed Shirt-type Denim Dress_LFPDA24260BUX,https://image.msscdn.net/images/goods_img/20240807/4303656/4303656_17229977291720_500.jpg,False
2025-01,A,100002,미디원피스,100,원피스/스커트,28,3428833,burberry,버버리,빈티지 체크 벨트 원피스 - 아카이브 베이지 / 8063498,https://image.msscdn.net/images/goods_img/20230726/3428833/3428833_16913708487220_500.jpg,False
2025-01,A,100002,미디원피스,100,원피스/스커트,29,4513365,ganni,가니,보타니컬 자카드 스트랩 미디 원피스 - 피코트 / F9705268,https://image.msscdn.net/images/goods_img/20241014/4513365/4513365_17301622321949_500.jpg,False
2025-01,A,100002,미디원피스,100,원피스/스커트,30,1254411,betweenaandb,비트윈에이앤비,후드 롱저지 기모 원피스 [블랙],https://image.msscdn.net/images/goods_img/20191219/1254411/1254411_17024436914378_500.jpg,False
2025-01,A,100003,맥시원피스,100,원피스/스커트,1,4469879,loaxual,로액슈얼,LACE STRAP RUFFLE LONG DRESS_OFF WHITE,https://image.msscdn.net/images/goods_img/20240927/4469879/4469879_17273761479435_500.jpg,False
2025-01,A,100003,맥시원피스,100,원피스/스커트,2,3963231,margarinfingers,마가린핑거스,LACE CHIFFON ONE PIECE (WHITE),https://image.msscdn.net/images/goods_img/20240318/3963231/3963231_17133380756797_500.jpg,False
2025-01,A,100003,맥시원피스,100,원피스/스커트,3,3374556,ganni,가니,스트라이프 코튼 맥시 스트랩 원피스 - 멀티 컬러 / F7766999,https://image.msscdn.net/images/goods_img/20230620/3374556/3374556_16895872484532_500.jpg,False
2025-01,A,100003,맥시원피스,100,원피스/스커트,4,4636893,loulouseoul,루루서울,Mermaid of the City Dress (Cream),https://image.msscdn.net/images/goods_img/20241126/4636893/4636893_17325994146796_500.jpg,False
2025-01,A,100003,맥시원피스,100,원피스/스커트,5,4260172,lemaire,르메르,스트레이트 카라 트위스티드 원피스 - 라이트 크림 / DR1092LF839WH048,https://image.msscdn.net/images/goods_img/20240719/4260172/4260172_17231651297893_500.jpg,False
2025-01,A,100003,맥시원피스,100,원피스/스커트,6,4501757,snowpeakapparel,스노우피크 어패럴,웜 플리스 여성 스탠드넥 원피스 (S24WWFOP77) Brown,https://image.msscdn.net/images/goods_img/20241010/4501757/4501757_17285383844089_500.jpg,False
2025-01,A,100003,맥시원피스,100,원피스/스커트,7,3604929,lemaire,르메르,미디 트위스트 셔츠 드레스 - 아스팔트 / DR1024LF1106BK991,https://image.msscdn.net/images/goods_img/20231005/3604929/3604929_16980438899766_500.jpg,False
2025-01,A,100003,맥시원피스,100,원피스/스커트,8,4045669,lcdctm,엘씨디씨티엠,BUSTIER DETAIL JERSEY DRESS,https://image.msscdn.net/images/goods_img/20240411/4045669/4045669_17128199243217_500.jpg,False
2025-01,A,100003,맥시원피스,100,원피스/스커트,9,4278580,tommyjeans,타미진스,유틸리티 원피스 (T32E6WOP13TWT11A5),https://image.msscdn.net/images/goods_img/20240729/4278580/4278580_17261112889952_500.jpg,False
2025-01,A,100003,맥시원피스,100,원피스/스커트,10,4480192,snowpeakapparel,스노우피크 어패럴,플리스 여성 원피스 (S24WWFOP79) Dark Charcoal,https://image.msscdn.net/images/goods_img/20241002/4480192/4480192_17296786647666_500.jpg,False
2025-01,A,100003,맥시원피스,100,원피스/스커트,11,4343976,lcdctm,엘씨디씨티엠,HOOK DETAIL CHIFFON DRESS_CHECKED,https://image.msscdn.net/images/goods_img/20240819/4343976/4343976_17240616309077_500.jpg,False
2025-01,A,100003,맥시원피스,100,원피스/스커트,12,2457508,poloralphlauren,폴로 랄프 로렌,W 벨티드 코튼 셔츠드레스 - 블루,https://image.msscdn.net/images/goods_img/20220330/2457508/2457508_1_500.jpg,False
2025-01,A,100003,맥시원피스,100,원피스/스커트,13,4354741,lemaire,르메르,스트레이트 카라 트위스티드 원피스 - 캐비어 / DR1092LF839BK997,https://image.msscdn.net/images/goods_img/20240821/4354741/4354741_17254311407300_500.jpg,False
2025-01,A,100003,맥시원피스,100,원피스/스커트,14,4480193,snowpeakapparel,스노우피크 어패럴,플리스 여성 원피스 (S24WWFOP79) Beige,https://image.msscdn.net/images/goods_img/20241002/4480193/4480193_17288919803623_500.jpg,False
2025-01,A,100003,맥시원피스,100,원피스/스커트,15,4318817,marithefrancoisgirbaud,마리떼 프랑소와 저버,W SLIM FIT SLEEVELESS DENIM DRESS dark blue,https://image.msscdn.net/images/goods_img/20240812/4318817/4318817_17253417833710_500.jpg,False
2025-01,A,100003,맥시원피스,100,원피스/스커트,16,4608533,urago,유라고,Velvet halter neck dress,https://image.msscdn.net/images/goods_img/20241112/4608533/4608533_17322377841566_500.jpg,False
2025-01,A,100003,맥시원피스,100,원피스/스커트,17,4391979,metapher,메타퍼,MET 코지 뷔스티에 원피스 블랙,https://image.msscdn.net/images/goods_img/20240902/4391979/4391979_17873322772143_500.jpg,False
2025-01,A,100003,맥시원피스,100,원피스/스커트,18,4518339,generalideastandard,제너럴아이디어,크로셰 레이어드 원피스 [WHITE] / WBD3L15504,https://image.msscdn.net/images/goods_img/20241015/4518339/4518339_17289627090221_500.jpg,False
2025-01,A,100003,맥시원피스,100,원피스/스커트,19,4344045,lcdctm,엘씨디씨티엠,HOOK DETAIL CHIFFON DRESS,https://image.msscdn.net/images/goods_img/20240819/4344045/4344045_17240625885593_500.jpg,False
2025-01,A,100003,맥시원피스,100,원피스/스커트,20,3148943,poloralphlauren,폴로 랄프 로렌,W 케이블 니트 코튼 폴로 드레스 - 블랙,https://image.msscdn.net/images/goods_img/20230315/3148943/3148943_16801447755761_500.jpg,False
2025-01,A,100003,맥시원피스,100,원피스/스커트,21,4687009,tommyjeans,타미진스,맥시 드레스 재킷 (T32F0WOP11TWT21A4),https://image.msscdn.net/images/goods_img/20241231/4687009/4687009_17391505537322_500.jpg,False
2025-01,A,100003,맥시원피스,100,원피스/스커트,22,3785485,therow,더 로우,보엘리나 롱 슬리스리스 드레스 - 라이트 베이지 / 6976W1445LBB,https://image.msscdn.net/images/goods_img/20240110/3785485/3785485_17103757137290_500.jpg,False
2025-01,A,100003,맥시원피스,100,원피스/스커트,23,4687004,tommyjeans,타미진스,폴로 스웨터 드레스 (T32F0WOP10TWT2BDS),https://image.msscdn.net/images/goods_img/20241231/4687004/4687004_17397532297072_500.jpg,False
2025-01,A,100003,맥시원피스,100,원피스/스커트,24,4687002,tommyjeans,타미진스,폴로 스웨터 드레스 (T32F0WOP10TWT2P6N),https://image.msscdn.net/images/goods_img/20241231/4687002/4687002_17391505365928_500.jpg,False
2025-01,A,100003,맥시원피스,100,원피스/스커트,25,4394976,micane,미케네,클래식컬 트렌치 롱 드레스,https://image.msscdn.net/images/goods_img/20240902/4394976/4394976_17252693262926_500.jpg,False
2025-01,A,100003,맥시원피스,100,원피스/스커트,26,4693356,vikinivender,비키니밴더,데니스 홀터 에스닉 언발란스 원피스,https://image.msscdn.net/images/goods_img/20250102/4693356/4693356_17357842775324_500.jpg,False
2025-01,A,100003,맥시원피스,100,원피스/스커트,27,3322615,sincethen,신스덴,블랙 데이지 롱원피스,https://image.msscdn.net/images/goods_img/20230524/3322615/3322615_16849136234674_500.jpg,False
2025-01,A,100003,맥시원피스,100,원피스/스커트,28,2069390,blacrush,블랙크러쉬,Reverse Logo Long OPS,https://image.msscdn.net/images/goods_img/20210818/2069390/2069390_1_500.jpg,False
2025-01,A,100003,맥시원피스,100,원피스/스커트,29,4369668,limoare,리모아르,Colin 콜린 플라워 원피스(PK),https://image.msscdn.net/images/goods_img/20240826/4369668/4369668_17246527979111_500.jpg,False
2025-01,A,100003,맥시원피스,100,원피스/스커트,30,4500075,treemingbird,트리밍버드,Hooded Cold-shoulder One-piece [ Black ],https://image.msscdn.net/images/goods_img/20241009/4500075/4500075_17288072915130_500.jpg,False
2025-01,A,100004,미니스커트,100,원피스/스커트,1,4170370,ronron,론론,CANCAN RUFFLE PANTSKIRT BLACK,https://image.msscdn.net/images/goods_img/20240531/4170370/4170370_17175556541226_500.jpg,False
2025-01,A,100004,미니스커트,100,원피스/스커트,2,4410511,sinoon,시눈,[제니 착용] Tute Skirt (Light Grey),https://image.msscdn.net/images/goods_img/20240905/4410511/4410511_17255902768837_500.jpg,False
2025-01,A,100004,미니스커트,100,원피스/스커트,3,4410515,sinoon,시눈,Tute Skirt (Greyish Green),https://image.msscdn.net/images/goods_img/20240905/4410515/4410515_17255902706687_500.jpg,False
2025-01,A,100004,미니스커트,100,원피스/스커트,4,4326509,musinsastandardwoman,무신사 스탠다드 우먼,우먼즈 레이어드 미니 스코츠 [블랙],https://image.msscdn.net/images/goods_img/20240813/4326509/4326509_17536889295210_500.jpg,False
2025-01,A,100004,미니스커트,100,원피스/스커트,5,3753558,roughneck,러프넥,튜튜 팬츠 스커트 크림,https://image.msscdn.net/images/goods_img/20231212/3753558/3753558_17023643675304_500.jpg,False
2025-01,A,100004,미니스커트,100,원피스/스커트,6,4229177,musinsastandardwoman,무신사 스탠다드 우먼,우먼즈 핀스트라이프 로 라이즈 플리츠 미니 스커트 [블랙],https://image.msscdn.net/images/goods_img/20240702/4229177/4229177_17467827057087_500.jpg,False
2025-01,A,100004,미니스커트,100,원피스/스커트,7,2069547,musinsastandardwoman,무신사 스탠다드 우먼,우먼즈 코듀로이 미니 스커트 [블랙],https://image.msscdn.net/images/goods_img/20210818/2069547/2069547_1_500.jpg,False
2025-01,A,100004,미니스커트,100,원피스/스커트,8,4298327,musinsastandardwoman,무신사 스탠다드 우먼,우먼즈 로 라이즈 플리츠 미니 스코츠 [블랙],https://image.msscdn.net/images/goods_img/20240806/4298327/4298327_17467829987386_500.jpg,False
2025-01,A,100004,미니스커트,100,원피스/스커트,9,4326511,musinsastandardwoman,무신사 스탠다드 우먼,우먼즈 레이어드 미니 스코츠 [미디엄 그레이],https://image.msscdn.net/images/goods_img/20240813/4326511/4326511_17295662280683_500.jpg,False
2025-01,A,100004,미니스커트,100,원피스/스커트,10,4593704,placestudio,플레이스 스튜디오,티어드 피치 스트라이프 프릴 레이스 밴딩 숏 캉캉 스커트 팬츠 [블랙],https://image.msscdn.net/images/goods_img/20241106/4593704/4593704_17863508763482_500.jpg,False
2025-01,A,100004,미니스커트,100,원피스/스커트,11,2117249,musinsastandardwoman,무신사 스탠다드 우먼,우먼즈 베이식 미니 스커트 [블랙],https://image.msscdn.net/images/goods_img/20210908/2117249/2117249_17625018594051_500.jpg,False
2025-01,A,100004,미니스커트,100,원피스/스커트,12,4564179,oheshio,오헤시오,"CHECK TWOWAY MINI SKIRT, ASH BLUE",https://image.msscdn.net/images/goods_img/20241028/4564179/4564179_17301007688603_500.jpg,False
2025-01,A,100004,미니스커트,100,원피스/스커트,13,4359189,porta,포르타,"CHECK PLEATS MINI SKIRT SHORTS, BROWN",https://image.msscdn.net/images/goods_img/20240822/4359189/4359189_17250001829443_500.jpg,False
2025-01,A,100004,미니스커트,100,원피스/스커트,14,3820464,millowomen,밀로 우먼,어시메트릭 레이스 랩 스커트 [아이보리],https://image.msscdn.net/images/goods_img/20240124/3820464/3820464_17206748892267_500.jpg,False
2025-01,A,100004,미니스커트,100,원피스/스커트,15,2568777,musinsastandardwoman,무신사 스탠다드 우먼,우먼즈 코듀로이 플리츠 미니 스커트 [블랙],https://image.msscdn.net/images/goods_img/20220518/2568777/2568777_16975309791978_500.jpg,False
2025-01,A,100004,미니스커트,100,원피스/스커트,16,1944554,musinsastandardwoman,무신사 스탠다드 우먼,우먼즈 데님 미니 스커트 [워시드 블랙],https://image.msscdn.net/images/goods_img/20210511/1944554/1944554_2_500.jpg,False
2025-01,A,100004,미니스커트,100,원피스/스커트,17,4593686,placestudio,플레이스 스튜디오,티어드 피치 스트라이프 프릴 레이스 밴딩 숏 캉캉 스커트 팬츠 [화이트],https://image.msscdn.net/images/goods_img/20241106/4593686/4593686_17683519013843_500.jpg,False
2025-01,A,100004,미니스커트,100,원피스/스커트,18,4590514,notyourrose,낫 유어 로즈,리리 스커트 (블랙),https://image.msscdn.net/images/goods_img/20241105/4590514/4590514_17309607676746_500.jpg,False
2025-01,A,100004,미니스커트,100,원피스/스커트,19,3753562,roughneck,러프넥,튜튜 팬츠 스커트 블랙,https://image.msscdn.net/images/goods_img/20231212/3753562/3753562_17023643402079_500.jpg,False
2025-01,A,100004,미니스커트,100,원피스/스커트,20,4422906,grove,그로브,LOUIS SKIRT-PANTS (2COLOR),https://image.msscdn.net/images/goods_img/20240909/4422906/4422906_17259544525073_500.jpg,False
2025-01,A,100004,미니스커트,100,원피스/스커트,21,4627759,khakipoint,카키포인트,Tuck Skirt Pants (charcoal),https://image.msscdn.net/images/goods_img/20241120/4627759/4627759_17321290642780_500.jpg,False
2025-01,A,100004,미니스커트,100,원피스/스커트,22,4441401,flareup,플레어업,Layered Pleats Skirt (FL-242_Black),https://image.msscdn.net/images/goods_img/20240915/4441401/4441401_17267925439060_500.jpg,False
2025-01,A,100004,미니스커트,100,원피스/스커트,23,4609402,roidesrois,로아드로아,우먼즈 데일리 플리츠 테니스 스커트 (차콜),https://image.msscdn.net/images/goods_img/20241113/4609402/4609402_17314647281606_500.jpg,False
2025-01,A,100004,미니스커트,100,원피스/스커트,24,4532708,expiredgirl,익스파이어드걸,레오파드 프릴 미니 스커트,https://image.msscdn.net/images/goods_img/20241018/4532708/4532708_17292188538108_500.jpg,False
2025-01,A,100004,미니스커트,100,원피스/스커트,25,4298328,musinsastandardwoman,무신사 스탠다드 우먼,우먼즈 로 라이즈 플리츠 미니 스코츠 [멜란지 그레이],https://image.msscdn.net/images/goods_img/20240806/4298328/4298328_17466831047933_500.jpg,False
2025-01,A,100004,미니스커트,100,원피스/스커트,26,4633909,withoutsummer,위드아웃썸머,퓨리티 미니 스커트_아이보리,https://image.msscdn.net/images/goods_img/20241125/4633909/4633909_17350263178919_500.jpg,False
2025-01,A,100004,미니스커트,100,원피스/스커트,27,4626242,somewherebutter,썸웨어버터,Corduroy Cancan Mini Skirt - Brown,https://image.msscdn.net/images/goods_img/20241120/4626242/4626242_17321731278477_500.jpg,False
2025-01,A,100004,미니스커트,100,원피스/스커트,28,2551407,musinsastandardwoman,무신사 스탠다드 우먼,우먼즈 플리츠 미니 스커트 [그레이],https://image.msscdn.net/images/goods_img/20220511/2551407/2551407_17188462525168_500.jpg,False
2025-01,A,100004,미니스커트,100,원피스/스커트,29,4410508,sinoon,시눈,Tute Skirt (Cream),https://image.msscdn.net/images/goods_img/20240905/4410508/4410508_17255903901619_500.jpg,False
2025-01,A,100004,미니스커트,100,원피스/스커트,30,3917556,roughneck,러프넥,레이스 튜튜 팬츠 스커트 화이트,https://image.msscdn.net/images/goods_img/20240302/3917556/3917556_17093843688853_500.jpg,False
2025-01,A,100005,미디스커트,100,원피스/스커트,1,4350936,misekiseoul,미세키서울,Unbalanced layered skirt BLACK,https://image.msscdn.net/images/goods_img/20240821/4350936/4350936_17816746257467_500.png,False
2025-01,A,100005,미디스커트,100,원피스/스커트,2,4350948,misekiseoul,미세키서울,Layered skirt pants set BLACK,https://image.msscdn.net/images/goods_img/20240821/4350948/4350948_17260331837026_500.jpg,False
2025-01,A,100005,미디스커트,100,원피스/스커트,3,4441405,flareup,플레어업,Pleats Midi Skirt (FL-243_Black),https://image.msscdn.net/images/goods_img/20240915/4441405/4441405_17267922032591_500.jpg,False
2025-01,A,100005,미디스커트,100,원피스/스커트,4,2117253,musinsastandardwoman,무신사 스탠다드 우먼,우먼즈 플리츠 미디 스커트 [블랙],https://image.msscdn.net/images/goods_img/20210908/2117253/2117253_17467823245909_500.jpg,False
2025-01,A,100005,미디스커트,100,원피스/스커트,5,4350942,misekiseoul,미세키서울,Layered skirt pants set CHARCOAL,https://image.msscdn.net/images/goods_img/20240821/4350942/4350942_17260335029834_500.jpg,False
2025-01,A,100005,미디스커트,100,원피스/스커트,6,2117254,musinsastandardwoman,무신사 스탠다드 우먼,우먼즈 플리츠 미디 스커트 [차콜 그레이],https://image.msscdn.net/images/goods_img/20210908/2117254/2117254_17467755871427_500.jpg,False
2025-01,A,100005,미디스커트,100,원피스/스커트,7,4350931,misekiseoul,미세키서울,Unbalanced layered skirt CHARCOAL,https://image.msscdn.net/images/goods_img/20240821/4350931/4350931_17816745489039_500.png,False
2025-01,A,100005,미디스커트,100,원피스/스커트,8,2257612,musinsastandardwoman,무신사 스탠다드 우먼,우먼즈 플리츠 미디 스커트 [미디엄 그레이],https://image.msscdn.net/images/goods_img/20211206/2257612/2257612_17155615478939_500.jpg,False
2025-01,A,100005,미디스커트,100,원피스/스커트,9,4270504,placestudio,플레이스 스튜디오,리본 버튼 플리츠 미디 레이어드 랩 스커트 [블랙],https://image.msscdn.net/images/goods_img/20240724/4270504/4270504_17306845501933_500.jpg,False
2025-01,A,100005,미디스커트,100,원피스/스커트,10,4336415,oheshio,오헤시오,"BALLOON BANDING MIDI SKIRT, BLACK",https://image.msscdn.net/images/goods_img/20240816/4336415/4336415_17253339156879_500.jpg,False
2025-01,A,100005,미디스커트,100,원피스/스커트,11,4229174,musinsastandardwoman,무신사 스탠다드 우먼,우먼즈 패널 슬릿 니 렝스 스커트 [블랙],https://image.msscdn.net/images/goods_img/20240702/4229174/4229174_17466935812150_500.jpg,False
2025-01,A,100005,미디스커트,100,원피스/스커트,12,4354879,ason,애즈온,LONDON CHECK MIDI SKIRT / BLACK,https://image.msscdn.net/images/goods_img/20240821/4354879/4354879_17286374520942_500.jpg,False
2025-01,A,100005,미디스커트,100,원피스/스커트,13,4343434,lcdctm,엘씨디씨티엠,CHECKED PLEATS MIDI SKIRT,https://image.msscdn.net/images/goods_img/20240819/4343434/4343434_17240565268569_500.jpg,False
2025-01,A,100005,미디스커트,100,원피스/스커트,14,3850173,nastyfancyclub,팬시클럽,[NF] 포멀 버튼 플리츠 미디 스커트 (GRAY)_F24QD871,https://image.msscdn.net/images/goods_img/20240206/3850173/3850173_17400317848206_500.jpg,False
2025-01,A,100005,미디스커트,100,원피스/스커트,15,4483999,nike,나이키,스포츠웨어 에센셜 미드라이즈 우븐 카고 미디 스커트 W - 블랙:세일 / FV7504-010,https://image.msscdn.net/images/goods_img/20241002/4483999/4483999_17292178862292_500.jpg,False
2025-01,A,100005,미디스커트,100,원피스/스커트,16,4443459,millowomen,밀로 우먼,버클 플리츠 스커트 [블랙],https://image.msscdn.net/images/goods_img/20240919/4443459/4443459_17738036372892_500.jpg,False
2025-01,A,100005,미디스커트,100,원피스/스커트,17,4254226,placestudio,플레이스 스튜디오,레이스 셔링 리본 코튼 밴딩 롱 캉캉 스커트 [화이트],https://image.msscdn.net/images/goods_img/20240717/4254226/4254226_17694921389750_500.jpg,False
2025-01,A,100005,미디스커트,100,원피스/스커트,18,4444912,millowomen,밀로 우먼,어시메트릭 밴딩 스커트 [블랙],https://image.msscdn.net/images/goods_img/20240919/4444912/4444912_17273565992383_500.jpg,False
2025-01,A,100005,미디스커트,100,원피스/스커트,19,4682191,salomon,살로몬,슬레이트 스커트_LC2818400,https://image.msscdn.net/images/goods_img/20241227/4682191/4682191_17410671585461_500.jpg,False
2025-01,A,100005,미디스커트,100,원피스/스커트,20,4440246,nicknicole,닉앤니콜,SHIRRING FLARE MIDI SKIRT_BLACK,https://image.msscdn.net/images/goods_img/20240913/4440246/4440246_17677589465179_500.jpg,False
2025-01,A,100005,미디스커트,100,원피스/스커트,21,4439606,heretic,헤레틱,BUTTON FLARED SKIRT / black,https://image.msscdn.net/images/goods_img/20240913/4439606/4439606_17271426228080_500.jpg,False
2025-01,A,100005,미디스커트,100,원피스/스커트,22,4540955,nike,나이키,ACG 로프 드 도프 써마 핏 ADV 스커트 W - 블랙:서밋 화이트 / HM9500-010,https://image.msscdn.net/images/goods_img/20241021/4540955/4540955_17307838997024_500.jpg,False
2025-01,A,100005,미디스커트,100,원피스/스커트,23,3908314,hokuspokus,호쿠스포쿠스,폴카 도트 프릴 스커트 / 샴페인,https://image.msscdn.net/images/goods_img/20240228/3908314/3908314_17090885006761_500.jpg,False
2025-01,A,100005,미디스커트,100,원피스/스커트,24,4518033,cerric,세릭,GARTER COTTON SKIRT / BLACK,https://image.msscdn.net/images/goods_img/20241015/4518033/4518033_17295102515366_500.jpg,False
2025-01,A,100005,미디스커트,100,원피스/스커트,25,4229175,musinsastandardwoman,무신사 스탠다드 우먼,우먼즈 패널 슬릿 니 렝스 스커트 [그레이],https://image.msscdn.net/images/goods_img/20240702/4229175/4229175_17307026821269_500.jpg,False
2025-01,A,100005,미디스커트,100,원피스/스커트,26,4518029,cerric,세릭,GARTER COTTON SKIRT / LIGHT GRAY,https://image.msscdn.net/images/goods_img/20241015/4518029/4518029_17295102676117_500.jpg,False
2025-01,A,100005,미디스커트,100,원피스/스커트,27,4594259,pahisum,파히섬,체크 드레이프 스커트_블랙,https://image.msscdn.net/images/goods_img/20241106/4594259/4594259_17308977161652_500.jpg,False
2025-01,A,100005,미디스커트,100,원피스/스커트,28,4441402,flareup,플레어업,Pleats Midi Skirt (FL-243_Charcoal),https://image.msscdn.net/images/goods_img/20240915/4441402/4441402_17267924444243_500.jpg,False
2025-01,A,100005,미디스커트,100,원피스/스커트,29,4624430,uglyshadow,어글리쉐도우,튤립 미디 스커트(블랙),https://image.msscdn.net/images/goods_img/20241119/4624430/4624430_17320911489315_500.jpg,False
2025-01,A,100005,미디스커트,100,원피스/스커트,30,4414103,musinsastandardwoman,무신사 스탠다드 우먼,우먼즈 레이스 레이어드 랩 스커트 [블랙],https://image.msscdn.net/images/goods_img/20240906/4414103/4414103_17295734391487_500.jpg,False
2025-01,A,100006,롱스커트,100,원피스/스커트,1,4324777,niceghostclub,나이스고스트클럽,BIG STAR LOGO SWEAT SKIRT_BLACK(NG2EFUPA90A),https://image.msscdn.net/images/goods_img/20240813/4324777/4324777_17708775629904_500.jpg,False
2025-01,A,100006,롱스커트,100,원피스/스커트,2,4593477,placestudio,플레이스 스튜디오,슬림핏 베이직 윈터 티어드 밴딩 롱 캉캉스커트 [블랙],https://image.msscdn.net/images/goods_img/20241106/4593477/4593477_17308782967721_500.jpg,False
2025-01,A,100006,롱스커트,100,원피스/스커트,3,4336061,adidas,아디다스,파이어버드 니트 스커트 - 블랙 / IY7279,https://image.msscdn.net/images/goods_img/20240816/4336061/4336061_17242236525944_500.jpg,False
2025-01,A,100006,롱스커트,100,원피스/스커트,4,4593352,placestudio,플레이스 스튜디오,슬림핏 베이직 윈터 티어드 밴딩 롱 캉캉스커트 [화이트],https://image.msscdn.net/images/goods_img/20241106/4593352/4593352_17308779637311_500.jpg,False
2025-01,A,100006,롱스커트,100,원피스/스커트,5,4228713,musinsastandardwoman,무신사 스탠다드 우먼,우먼즈 데님 카펜터 롱 스커트 [워시드 블랙],https://image.msscdn.net/images/goods_img/20240702/4228713/4228713_17799545745468_500.jpg,False
2025-01,A,100006,롱스커트,100,원피스/스커트,6,2836351,avan,어반드레스,Quilting Long Denim Skirt BLACK,https://image.msscdn.net/images/goods_img/20221004/2836351/2836351_17211921687233_500.jpg,False
2025-01,A,100006,롱스커트,100,원피스/스커트,7,4457755,musinsastandardwoman,무신사 스탠다드 우먼,우먼즈 스트레이트 맥시 스커트 [건메탈],https://image.msscdn.net/images/goods_img/20240924/4457755/4457755_17307905958859_500.jpg,False
2025-01,A,100006,롱스커트,100,원피스/스커트,8,4107449,millowomen,밀로 우먼,벌룬 셔링 맥시 스커트 [블랙],https://image.msscdn.net/images/goods_img/20240505/4107449/4107449_17206686828137_500.jpg,False
2025-01,A,100006,롱스커트,100,원피스/스커트,9,4457754,musinsastandardwoman,무신사 스탠다드 우먼,우먼즈 스트레이트 맥시 스커트 [블랙],https://image.msscdn.net/images/goods_img/20240924/4457754/4457754_17467722878565_500.jpg,False
2025-01,A,100006,롱스커트,100,원피스/스커트,10,4593596,placestudio,플레이스 스튜디오,클래식 스웨이드 플레이드 플리츠 미디 스커트 [블랙],https://image.msscdn.net/images/goods_img/20241106/4593596/4593596_17525386939692_500.jpg,False
2025-01,A,100006,롱스커트,100,원피스/스커트,11,3758437,musinsastandardwoman,무신사 스탠다드 우먼,우먼즈 CP 맥시 스커트 [블랙],https://image.msscdn.net/images/goods_img/20231215/3758437/3758437_17677813885414_500.jpg,False
2025-01,A,100006,롱스커트,100,원피스/스커트,12,4287474,flareup,플레어업,2.Drape Layered Maxi Skirt (FL-241_Black),https://image.msscdn.net/images/goods_img/20240801/4287474/4287474_17224700726568_500.jpg,False
2025-01,A,100006,롱스커트,100,원피스/스커트,13,4146787,placestudio,플레이스 스튜디오,캉캉 프릴 플레어 리본 셔링 롱 코튼 스커트 [블랙],https://image.msscdn.net/images/goods_img/20240522/4146787/4146787_17163345079315_500.jpg,False
2025-01,A,100006,롱스커트,100,원피스/스커트,14,4496176,adidas,아디다스,3S 롱 스커트 - 블랙 / IY7275,https://image.msscdn.net/images/goods_img/20241008/4496176/4496176_17286330651535_500.jpg,False
2025-01,A,100006,롱스커트,100,원피스/스커트,15,4432416,ahe,리디피,비대칭 랩 맥시 스커트 (black),https://image.msscdn.net/images/goods_img/20240911/4432416/4432416_17261303729928_500.jpg,False
2025-01,A,100006,롱스커트,100,원피스/스커트,16,4475821,aopt,아옵트,UNBALANCE FRILL MAXI SKIRT - CHECK,https://image.msscdn.net/images/goods_img/20240930/4475821/4475821_17279281178472_500.jpg,False
2025-01,A,100006,롱스커트,100,원피스/스커트,17,4415986,plzproject,플리즈프로젝트,"MAXI DENIM SKIRT, MEDIUM BLUE",https://image.msscdn.net/images/goods_img/20240906/4415986/4415986_17416633960580_500.png,False
2025-01,A,100006,롱스커트,100,원피스/스커트,18,2792604,musinsastandardwoman,무신사 스탠다드 우먼,우먼즈 맥시 스커트 [미디엄 그레이],https://image.msscdn.net/images/goods_img/20220915/2792604/2792604_16728975851407_500.jpg,False
2025-01,A,100006,롱스커트,100,원피스/스커트,19,1931894,musinsastandardwoman,무신사 스탠다드 우먼,우먼즈 하이 웨이스트 슬릿 롱 스커트 [블랙],https://image.msscdn.net/images/goods_img/20210430/1931894/1931894_3_500.jpg,False
2025-01,A,100006,롱스커트,100,원피스/스커트,20,4544307,roompacker,룸페커,로츠 플리츠 체크 기모 스커트,https://image.msscdn.net/images/goods_img/20241022/4544307/4544307_17588730693359_500.jpg,False
2025-01,A,100006,롱스커트,100,원피스/스커트,21,2448899,musinsastandardwoman,무신사 스탠다드 우먼,우먼즈 프론트 슬릿 데님 롱 스커트 [워시드 블랙],https://image.msscdn.net/images/goods_img/20220328/2448899/2448899_17661127529056_500.jpg,False
2025-01,A,100006,롱스커트,100,원피스/스커트,22,4210257,musinsastandardwoman,무신사 스탠다드 우먼,우먼즈 CP 맥시 스커트 [베이지],https://image.msscdn.net/images/goods_img/20240620/4210257/4210257_17259587111258_500.jpg,False
2025-01,A,100006,롱스커트,100,원피스/스커트,23,2551400,musinsastandardwoman,무신사 스탠다드 우먼,우먼즈 세미 머메이드 스커트 [블랙],https://image.msscdn.net/images/goods_img/20220511/2551400/2551400_2_500.jpg,False
2025-01,A,100006,롱스커트,100,원피스/스커트,24,3971672,lemaire,르메르,라이트 테일러드 스커트 - 제트 블랙 / SK1028LF1210BK995,https://image.msscdn.net/images/goods_img/20240320/3971672/3971672_17133364197143_500.jpg,False
2025-01,A,100006,롱스커트,100,원피스/스커트,25,4036171,flareup,플레어업,Drape Layered Maxi Skirt (FL-238_Black),https://image.msscdn.net/images/goods_img/20240408/4036171/4036171_17125631219546_500.jpg,False
2025-01,A,100006,롱스커트,100,원피스/스커트,26,3758436,musinsastandardwoman,무신사 스탠다드 우먼,우먼즈 CP 맥시 스커트 [다크 그레이],https://image.msscdn.net/images/goods_img/20231215/3758436/3758436_17677813303074_500.jpg,False
2025-01,A,100006,롱스커트,100,원피스/스커트,27,3758435,musinsastandardwoman,무신사 스탠다드 우먼,우먼즈 CP 맥시 스커트 [화이트],https://image.msscdn.net/images/goods_img/20231215/3758435/3758435_17259588422783_500.jpg,False
2025-01,A,100006,롱스커트,100,원피스/스커트,28,4146791,placestudio,플레이스 스튜디오,캉캉 프릴 플레어 리본 셔링 롱 코튼 스커트 [크림],https://image.msscdn.net/images/goods_img/20240522/4146791/4146791_17163349315738_500.jpg,False
2025-01,A,100006,롱스커트,100,원피스/스커트,29,4702440,adidas,아디다스,파이어버드 니트 스커트 - 트레이스브라운 / JD4606,https://image.msscdn.net/images/goods_img/20250107/4702440/4702440_17363210142585_500.jpg,False
2025-01,A,100006,롱스커트,100,원피스/스커트,30,2792603,musinsastandardwoman,무신사 스탠다드 우먼,우먼즈 맥시 스커트 [블랙],https://image.msscdn.net/images/goods_img/20220915/2792603/2792603_17536886431375_500.jpg,False
2025-01,M,001,상의,,,1,2086653,musinsastandard,무신사 스탠다드,레이어드 크루 넥 반팔 티셔츠_일반 기장 [화이트],https://image.msscdn.net/images/goods_img/20210825/2086653/2086653_17772494800708_500.jpg,False
2025-01,M,001,상의,,,2,2723767,suare,수아레,데일리 라운드 니트 - 12 COLOR,https://image.msscdn.net/images/goods_img/20220818/2723767/2723767_17292130151891_500.jpg,False
2025-01,M,001,상의,,,3,4509977,workonbodyoff,워크온바디오프,반폴라 세미 오버핏 모크넥 니트 [블랙],https://image.msscdn.net/images/goods_img/20241011/4509977/4509977_17642271545231_500.jpg,False
2025-01,M,001,상의,,,4,4285909,untapped,언탭트 스튜디오,오버핏 케이블 라운드 니트 5COLOR,https://image.msscdn.net/images/goods_img/20240731/4285909/4285909_17247442451593_500.jpg,False
2025-01,M,001,상의,,,5,4584154,nodu,노드유,소프트 헨리넥 라운드 긴팔 니트 [베이지],https://image.msscdn.net/images/goods_img/20241104/4584154/4584154_17306775620945_500.jpg,False
2025-01,M,001,상의,,,6,2139775,minimalcode,미니멀코드,소프트 필링 세미오버 라운드 니트 초코브라운,https://image.msscdn.net/images/goods_img/20210917/2139775/2139775_17204066649792_500.jpg,False
2025-01,M,001,상의,,,7,2149254,musinsastandard,무신사 스탠다드,베이식 긴팔 티셔츠 2팩,https://image.msscdn.net/images/goods_img/20210928/2149254/2149254_17138588137724_500.jpg,False
2025-01,M,001,상의,,,8,1582356,sovermentwithlomort,소버먼트,980G 피그먼트 맨투맨-챠콜-,https://image.msscdn.net/images/goods_img/20200903/1582356/1582356_1_500.jpg,False
2025-01,M,001,상의,,,9,2122566,musinsastandard,무신사 스탠다드,레이어드 크루 넥 반팔 티셔츠_일반 기장 2팩,https://image.msscdn.net/images/goods_img/20210910/2122566/2122566_17133406834875_500.jpg,False
2025-01,M,001,상의,,,10,4711529,seez,시즈,[데일리룸 X 시즈] 오디너리 크롭 스트라이프 셔츠 [WHITE] 단품/SET,https://image.msscdn.net/images/goods_img/20250110/4711529/4711529_17727599688374_500.jpg,False
2025-01,M,001,상의,,,11,4302685,sorano,소라노,SORANO Basic Logo HOODIE [4Color],https://image.msscdn.net/images/goods_img/20240807/4302685/4302685_17229675684379_500.jpg,False
2025-01,M,001,상의,,,12,4387116,leire,르아르,리브드 오버핏 헨리넥 니트 [블랙],https://image.msscdn.net/images/prd_img/20240830/4387116/detail_4387116_17893650080344_500.jpg,False
2025-01,M,001,상의,,,13,994588,filluminate,필루미네이트,옵티멀 베이직 셔츠-화이트[린넨＆옥스포드 선택],https://image.msscdn.net/images/goods_img/20190326/994588/994588_17878791359967_500.jpg,False
2025-01,M,001,상의,,,14,2990516,1989standard,1989스탠다드,RV_OUR 1989 후드 (STHSTD-0004),https://image.msscdn.net/images/goods_img/20221220/2990516/2990516_17865211299718_500.jpg,False
2025-01,M,001,상의,,,15,3017681,tleyoung,틀영,올데이 스트라이프 셔츠_Gray,https://image.msscdn.net/images/goods_img/20230110/3017681/3017681_17206913946336_500.jpg,False
2025-01,M,001,상의,,,16,1558847,suare,수아레,하프 터틀넥 니트 세트,https://image.msscdn.net/images/goods_img/20200821/1558847/1558847_17303488335987_500.jpg,False
2025-01,M,001,상의,,,17,4306299,bronson,브론슨,Blue Chambray Work Shirt KR Ver.,https://image.msscdn.net/images/goods_img/20240807/4306299/4306299_17737170274339_500.jpg,False
2025-01,M,001,상의,,,18,854337,musinsastandard,무신사 스탠다드,릴렉스 핏 옥스포드 셔츠 [화이트],https://image.msscdn.net/images/goods_img/20180910/854337/854337_17829584758706_500.jpg,False
2025-01,M,001,상의,,,19,983339,musinsastandard,무신사 스탠다드,베이식 드레스 셔츠 [화이트],https://image.msscdn.net/images/goods_img/20190315/983339/983339_17833270978891_500.jpg,False
2025-01,M,001,상의,,,20,4584153,nodu,노드유,소프트 헨리넥 라운드 긴팔 니트 [블랙],https://image.msscdn.net/images/goods_img/20241104/4584153/4584153_17306774298955_500.jpg,False
2025-01,M,001,상의,,,21,4422975,suare,수아레,워셔블 모크넥 슬리브 니트- 5 COLOR,https://image.msscdn.net/images/goods_img/20240909/4422975/4422975_17580093299631_500.jpg,False
2025-01,M,001,상의,,,22,3533480,ezkaton,에즈카톤,스페이스 헤비코튼 후드 버건디 KMHD6723,https://image.msscdn.net/images/goods_img/20230906/3533480/3533480_16939610292721_500.jpg,False
2025-01,M,001,상의,,,23,3495320,suare,수아레,[SET] 스테디 니트 세트,https://image.msscdn.net/images/goods_img/20230824/3495320/3495320_17169653059246_500.jpg,False
2025-01,M,001,상의,,,24,2314616,toffee,토피,에센셜 후드 스웻 셔츠 (MELANGE GREY),https://image.msscdn.net/images/goods_img/20220119/2314616/2314616_1_500.jpg,False
2025-01,M,001,상의,,,25,3469871,againstallodds,에이지오디,하프 집업 카라넥 하찌 니트 [블랙],https://image.msscdn.net/images/goods_img/20230817/3469871/3469871_17321622059740_500.png,False
2025-01,M,001,상의,,,26,3791891,filluminate,필루미네이트,오버핏 포레스트 체크 셔츠-블랙,https://image.msscdn.net/images/goods_img/20240112/3791891/3791891_17901256505525_500.jpg,False
2025-01,M,001,상의,,,27,4342389,ghostrepublic,고스트리퍼블릭,심볼 로고 트랙 폴로 맨투맨 GMT-156,https://image.msscdn.net/images/goods_img/20240819/4342389/4342389_17847048024420_500.jpg,False
2025-01,M,001,상의,,,28,4227437,standarderror,스탠다드에러,87-STAN081 원포켓 빈티지 오버핏 긴팔 체크 셔츠 네이비,https://image.msscdn.net/images/goods_img/20240702/4227437/4227437_17738154996351_500.jpg,False
2025-01,M,001,상의,,,29,3494992,suare,수아레,워셔블 케이블 라운드 니트 - 5 COLOR,https://image.msscdn.net/images/goods_img/20230824/3494992/3494992_17296467139345_500.jpg,False
2025-01,M,001,상의,,,30,4328686,trillion,트릴리온,헤어리 그래픽 로고 오버핏 자카드 니트 (BLUE),https://image.msscdn.net/images/goods_img/20240814/4328686/4328686_17249552459456_500.jpg,False
2025-01,M,001005,맨투맨/스웨트,001,상의,1,1582356,sovermentwithlomort,소버먼트,980G 피그먼트 맨투맨-챠콜-,https://image.msscdn.net/images/goods_img/20200903/1582356/1582356_1_500.jpg,False
2025-01,M,001005,맨투맨/스웨트,001,상의,2,4342389,ghostrepublic,고스트리퍼블릭,심볼 로고 트랙 폴로 맨투맨 GMT-156,https://image.msscdn.net/images/goods_img/20240819/4342389/4342389_17847048024420_500.jpg,False
2025-01,M,001005,맨투맨/스웨트,001,상의,3,2990274,1989standard,1989스탠다드,SMALL CENTER 맨투맨 (STMSTD-0015),https://image.msscdn.net/images/goods_img/20221220/2990274/2990274_17865180516439_500.jpg,False
2025-01,M,001005,맨투맨/스웨트,001,상의,4,3475395,wednesdayoasis,웬즈데이오아시스,[기모버전추가]시그니처 오버핏 맨투맨 6COLOR,https://image.msscdn.net/images/goods_img/20230818/3475395/3475395_17726028146723_500.jpg,False
2025-01,M,001005,맨투맨/스웨트,001,상의,5,4421630,maninstore,무드인사이드,피그먼트 헤비 스웨트 맨투맨_6Color,https://image.msscdn.net/images/goods_img/20240909/4421630/4421630_17635318185472_500.jpg,False
2025-01,M,001005,맨투맨/스웨트,001,상의,6,1642887,musinsastandard,무신사 스탠다드,헤비웨이트 오버사이즈 스웨트셔츠 [블랙],https://image.msscdn.net/images/goods_img/20201012/1642887/1642887_16941344654704_500.jpg,False
2025-01,M,001005,맨투맨/스웨트,001,상의,7,947067,musinsastandard,무신사 스탠다드,스웨트셔츠 [블랙],https://image.msscdn.net/images/goods_img/20190201/947067/947067_17641181220326_500.jpg,False
2025-01,M,001005,맨투맨/스웨트,001,상의,8,1817394,travel,트래블,[3-PACK]베이직 트래블러 피그먼트 스웨트셔츠,https://image.msscdn.net/images/goods_img/20210226/1817394/1817394_17152436181527_500.jpg,False
2025-01,M,001005,맨투맨/스웨트,001,상의,9,4614124,brenson,브렌슨,B. 코듀로이 니트 루즈핏 맨투맨 ( 3Color ),https://image.msscdn.net/images/goods_img/20241114/4614124/4614124_17616135107795_500.jpg,False
2025-01,M,001005,맨투맨/스웨트,001,상의,10,3725600,macasite,마카사이트,Arch logo Sweat Shirt_8 COLOR,https://image.msscdn.net/images/goods_img/20231121/3725600/3725600_17005325792107_500.jpg,False
2025-01,M,001005,맨투맨/스웨트,001,상의,11,1336836,brenson,브렌슨,(Renew Ver.) 루즈핏 스웨트 셔츠 ( 9Color ) ( 기모선택 ),https://image.msscdn.net/images/goods_img/20200305/1336836/1336836_17297329205750_500.jpg,False
2025-01,M,001005,맨투맨/스웨트,001,상의,12,2705740,musinsastandard,무신사 스탠다드,오버사이즈 스웨트셔츠 [블랙],https://image.msscdn.net/images/goods_img/20220809/2705740/2705740_17530785398802_500.jpg,False
2025-01,M,001005,맨투맨/스웨트,001,상의,13,4424539,notonlyfortoday,낫온리포투데이,NOFT 패치워크 맨투맨 [네이비],https://image.msscdn.net/images/goods_img/20240910/4424539/4424539_17884871132689_500.jpg,False
2025-01,M,001005,맨투맨/스웨트,001,상의,14,4434856,wildrock,와일드락,와일드 락 앤 롤  맨투맨_블랙,https://image.msscdn.net/images/goods_img/20240912/4434856/4434856_17340639977073_500.png,False
2025-01,M,001005,맨투맨/스웨트,001,상의,15,4361219,sovermentwithlomort,소버먼트,980G 피그먼트 맨투맨-워시드 블랙-,https://image.msscdn.net/images/goods_img/20240822/4361219/4361219_17250157063550_500.jpg,False
2025-01,M,001005,맨투맨/스웨트,001,상의,16,2970542,slowacid,슬로우애시드,피치스킨 러스티 로고 스웨트셔츠 [웜그레이],https://image.msscdn.net/images/goods_img/20221202/2970542/2970542_17670717045336_500.jpg,False
2025-01,M,001005,맨투맨/스웨트,001,상의,17,2970541,slowacid,슬로우애시드,피치스킨 러스티 로고 스웨트셔츠 [블랙],https://image.msscdn.net/images/goods_img/20221202/2970541/2970541_17253267722324_500.jpg,False
2025-01,M,001005,맨투맨/스웨트,001,상의,18,3546288,ecorr,이코르,클로버  자수 스웨트셔츠_네이비,https://image.msscdn.net/images/goods_img/20230908/3546288/3546288_17896087500039_500.jpg,False
2025-01,M,001005,맨투맨/스웨트,001,상의,19,4319472,mozmoz,모즈모즈,헤비 웨이트 피그먼트 나그랑 뒷절개 오버핏 맨투맨 챠콜,https://image.msscdn.net/images/goods_img/20240812/4319472/4319472_17316400858482_500.jpg,False
2025-01,M,001005,맨투맨/스웨트,001,상의,20,4467156,brenson,브렌슨,B. 오버핏 스웨트 하프집업 ( 4Color ),https://image.msscdn.net/images/goods_img/20240926/4467156/4467156_17482295077407_500.jpg,False
2025-01,M,001005,맨투맨/스웨트,001,상의,21,4595633,eastgate,이스트게이트,[2-PACK] 컴포트 미드웨이트 스웨트셔츠,https://image.msscdn.net/images/goods_img/20241107/4595633/4595633_17883340007559_500.jpg,False
2025-01,M,001005,맨투맨/스웨트,001,상의,22,2321863,urbandtype,어반디타입,LT431_러닝클럽 럭비 맨투맨_네이비,https://image.msscdn.net/images/goods_img/20220124/2321863/2321863_17412290878675_500.jpg,False
2025-01,M,001005,맨투맨/스웨트,001,상의,23,4305259,ninez,나인제트,시그니처 헤비 기모 오버핏 스웻셔츠 (블랙) 24SW01,https://image.msscdn.net/images/goods_img/20240807/4305259/4305259_17630862346142_500.png,False
2025-01,M,001005,맨투맨/스웨트,001,상의,24,2060993,outstanding,아웃스탠딩,REVERSE HEAVY SWEAT_3%MELANGE GRAY,https://image.msscdn.net/images/goods_img/20210812/2060993/2060993_17699972796425_500.jpg,False
2025-01,M,001005,맨투맨/스웨트,001,상의,25,4698395,grooverhyme,그루브라임,유니)BASIC LOGO EMB MAN TO MAN (M/GREY) [LRPFCTM303M],https://image.msscdn.net/images/goods_img/20250103/4698395/4698395_17358982236270_500.jpg,False
2025-01,M,001005,맨투맨/스웨트,001,상의,26,3945956,poloralphlauren,폴로 랄프 로렌,빈티지핏 플리스 그래픽 스웨트셔츠 - 레드,https://image.msscdn.net/images/goods_img/20240313/3945956/3945956_17114439327784_500.jpg,False
2025-01,M,001005,맨투맨/스웨트,001,상의,27,4316117,secondmonolgue,세컨모놀로그,[3color] 코만도 워시드 피그먼트 스웻셔츠_SETS041,https://image.msscdn.net/images/goods_img/20240809/4316117/4316117_17612721903094_500.jpg,False
2025-01,M,001005,맨투맨/스웨트,001,상의,28,4265253,teket,테켓,Plan Half Zip-Up Sweatshirt Black,https://image.msscdn.net/images/goods_img/20240722/4265253/4265253_17871267562594_500.jpg,False
2025-01,M,001005,맨투맨/스웨트,001,상의,29,4272184,lemainsecond,리메인세컨드,[논기모 OR 기모] 오버핏 하프집업 카라넥 스웨트 셔츠 [블랙],https://image.msscdn.net/images/goods_img/20240724/4272184/4272184_17585065130477_500.jpg,False
2025-01,M,001005,맨투맨/스웨트,001,상의,30,4549915,bronson,브론슨,USMA Reverse Weave Pullover Sweatshirt Grey,https://image.msscdn.net/images/goods_img/20241023/4549915/4549915_17887516900028_500.jpg,False
2025-01,M,001004,후드 티셔츠,001,상의,1,4302685,sorano,소라노,SORANO Basic Logo HOODIE [4Color],https://image.msscdn.net/images/goods_img/20240807/4302685/4302685_17229675684379_500.jpg,False
2025-01,M,001004,후드 티셔츠,001,상의,2,2990516,1989standard,1989스탠다드,RV_OUR 1989 후드 (STHSTD-0004),https://image.msscdn.net/images/goods_img/20221220/2990516/2990516_17865211299718_500.jpg,False
2025-01,M,001004,후드 티셔츠,001,상의,3,3533480,ezkaton,에즈카톤,스페이스 헤비코튼 후드 버건디 KMHD6723,https://image.msscdn.net/images/goods_img/20230906/3533480/3533480_16939610292721_500.jpg,False
2025-01,M,001004,후드 티셔츠,001,상의,4,2314616,toffee,토피,에센셜 후드 스웻 셔츠 (MELANGE GREY),https://image.msscdn.net/images/goods_img/20220119/2314616/2314616_1_500.jpg,False
2025-01,M,001004,후드 티셔츠,001,상의,5,2990463,1989standard,1989스탠다드,SMALL CENTER 후드 (STHSTD-0015),https://image.msscdn.net/images/goods_img/20221220/2990463/2990463_17865217728190_500.jpg,False
2025-01,M,001004,후드 티셔츠,001,상의,6,1615829,jemut,제멋,로그 오버핏 기모 후드 그레이 YHHD2302,https://image.msscdn.net/images/goods_img/20200922/1615829/1615829_1_500.jpg,False
2025-01,M,001004,후드 티셔츠,001,상의,7,4345043,thisisneverthat,디스이즈네버댓,T-Logo Hoodie Heather Grey,https://image.msscdn.net/images/goods_img/20240820/4345043/4345043_17248088394803_500.jpg,False
2025-01,M,001004,후드 티셔츠,001,상의,8,4353527,primate,프라임에이트,[기모/NO기모] ANGELDEM 오버핏 후드 티셔츠 6 COLORS,https://image.msscdn.net/images/goods_img/20240821/4353527/4353527_17250031813514_500.jpg,False
2025-01,M,001004,후드 티셔츠,001,상의,9,4421709,maninstore,무드인사이드,피그먼트 헤비 스웨트 후디_Charcoal,https://image.msscdn.net/images/goods_img/20240909/4421709/4421709_17635338959447_500.jpg,False
2025-01,M,001004,후드 티셔츠,001,상의,10,4265248,anotherarchive,어나더 아카이브,그래피티 로고 후드티_네이비,https://image.msscdn.net/images/goods_img/20240722/4265248/4265248_17243380383879_500.jpg,False
2025-01,M,001004,후드 티셔츠,001,상의,11,2105452,sovermentwithlomort,소버먼트,980G 피그먼트 컷 후드-차콜-,https://image.msscdn.net/images/goods_img/20210902/2105452/2105452_17243903059688_500.jpg,False
2025-01,M,001004,후드 티셔츠,001,상의,12,2722805,brownbreath,브라운브레스,TAG OG HOODIE - BURGUNDY,https://image.msscdn.net/images/goods_img/20220817/2722805/2722805_17685233788556_500.jpg,False
2025-01,M,001004,후드 티셔츠,001,상의,13,4397049,maisonmined,메종미네드,[5COLOR] DOODLE HEART HOODIE,https://image.msscdn.net/images/goods_img/20240903/4397049/4397049_17900410843841_500.jpg,False
2025-01,M,001004,후드 티셔츠,001,상의,14,4345038,thisisneverthat,디스이즈네버댓,T-Logo Hoodie Navy,https://image.msscdn.net/images/goods_img/20240820/4345038/4345038_17248090725805_500.jpg,False
2025-01,M,001004,후드 티셔츠,001,상의,15,1642904,musinsastandard,무신사 스탠다드,헤비웨이트 오버사이즈 후디드 스웨트셔츠 [미디엄 그레이],https://image.msscdn.net/images/goods_img/20201012/1642904/1642904_17503170317321_500.jpg,False
2025-01,M,001004,후드 티셔츠,001,상의,16,4375688,rebrenner,리브레너,DTF 스탠다드 유니버시티스웨츠 후디 블랙 화이트,https://image.msscdn.net/images/goods_img/20240827/4375688/4375688_17247432246843_500.jpg,False
2025-01,M,001004,후드 티셔츠,001,상의,17,2374788,sovermentwithlomort,소버먼트,950G 솔리드 후드-8% 멜란지 그레이-,https://image.msscdn.net/images/goods_img/20220221/2374788/2374788_2_500.jpg,False
2025-01,M,001004,후드 티셔츠,001,상의,18,3724476,timberland,팀버랜드,TNT X TIMBERLAND Faded Hoodie,https://image.msscdn.net/images/goods_img/20231120/3724476/3724476_17013266202489_500.jpg,False
2025-01,M,001004,후드 티셔츠,001,상의,19,2058188,brownbreath,브라운브레스,TAG OG HOODIE - BLACK,https://image.msscdn.net/images/goods_img/20210811/2058188/2058188_17685234537443_500.jpg,False
2025-01,M,001004,후드 티셔츠,001,상의,20,3424048,urbanstoff,어반스터프,샤이닝 오발 로고 후디 (버건디),https://image.msscdn.net/images/goods_img/20230725/3424048/3424048_16927703103288_500.jpg,False
2025-01,M,001004,후드 티셔츠,001,상의,21,2109937,moo,엠오오,피치스킨 벌룬오버 후드 - 블랙,https://image.msscdn.net/images/goods_img/20210906/2109937/2109937_1_500.jpg,False
2025-01,M,001004,후드 티셔츠,001,상의,22,2387346,frizmworks,프리즘웍스,OG HEAVYWEIGHT PULLOVER HOODY _ GRAY,https://image.msscdn.net/images/goods_img/20220227/2387346/2387346_16771355459750_500.jpg,False
2025-01,M,001004,후드 티셔츠,001,상의,23,2374814,sovermentwithlomort,소버먼트,950G 솔리드 후드-딥 블랙-,https://image.msscdn.net/images/goods_img/20220221/2374814/2374814_2_500.jpg,False
2025-01,M,001004,후드 티셔츠,001,상의,24,4012454,nike,나이키,ACG 써마 핏 플리스 풀오버 후디 M - 블랙:안트라사이트:서밋 화이트 / DH3088-013,https://image.msscdn.net/images/goods_img/20240401/4012454/4012454_17128163122677_500.jpg,False
2025-01,M,001004,후드 티셔츠,001,상의,25,2302738,brownbreath,브라운브레스,TAG OG HOODIE - NAVY,https://image.msscdn.net/images/goods_img/20220112/2302738/2302738_17685234128085_500.jpg,False
2025-01,M,001004,후드 티셔츠,001,상의,26,4345042,thisisneverthat,디스이즈네버댓,T-Logo Hoodie Black,https://image.msscdn.net/images/goods_img/20240820/4345042/4345042_17248088811417_500.jpg,False
2025-01,M,001004,후드 티셔츠,001,상의,27,2995119,trillion,트릴리온,컬러 배색 1992 그래픽 후드 (NAVY),https://image.msscdn.net/images/goods_img/20221223/2995119/2995119_1_500.jpg,False
2025-01,M,001004,후드 티셔츠,001,상의,28,4285379,thecoldestmoment,더콜디스트모먼트,TCM rag hoodie (black),https://image.msscdn.net/images/goods_img/20240731/4285379/4285379_17233461476822_500.jpg,False
2025-01,M,001004,후드 티셔츠,001,상의,29,4424524,notonlyfortoday,낫온리포투데이,넘버볼 후드티 [멜란지 그레이],https://image.msscdn.net/images/goods_img/20240910/4424524/4424524_17621461949285_500.jpg,False
2025-01,M,001004,후드 티셔츠,001,상의,30,2990438,1989standard,1989스탠다드,1989 자수 후드 (STHSTD-0025),https://image.msscdn.net/images/goods_img/20221220/2990438/2990438_16928435614109_500.jpg,False
2025-01,M,001002,셔츠/블라우스,001,상의,1,4711529,seez,시즈,[데일리룸 X 시즈] 오디너리 크롭 스트라이프 셔츠 [WHITE] 단품/SET,https://image.msscdn.net/images/goods_img/20250110/4711529/4711529_17727599688374_500.jpg,False
2025-01,M,001002,셔츠/블라우스,001,상의,2,994588,filluminate,필루미네이트,옵티멀 베이직 셔츠-화이트[린넨＆옥스포드 선택],https://image.msscdn.net/images/goods_img/20190326/994588/994588_17878791359967_500.jpg,False
2025-01,M,001002,셔츠/블라우스,001,상의,3,3017681,tleyoung,틀영,올데이 스트라이프 셔츠_Gray,https://image.msscdn.net/images/goods_img/20230110/3017681/3017681_17206913946336_500.jpg,False
2025-01,M,001002,셔츠/블라우스,001,상의,4,4306299,bronson,브론슨,Blue Chambray Work Shirt KR Ver.,https://image.msscdn.net/images/goods_img/20240807/4306299/4306299_17737170274339_500.jpg,False
2025-01,M,001002,셔츠/블라우스,001,상의,5,854337,musinsastandard,무신사 스탠다드,릴렉스 핏 옥스포드 셔츠 [화이트],https://image.msscdn.net/images/goods_img/20180910/854337/854337_17829584758706_500.jpg,False
2025-01,M,001002,셔츠/블라우스,001,상의,6,983339,musinsastandard,무신사 스탠다드,베이식 드레스 셔츠 [화이트],https://image.msscdn.net/images/goods_img/20190315/983339/983339_17833270978891_500.jpg,False
2025-01,M,001002,셔츠/블라우스,001,상의,7,3791891,filluminate,필루미네이트,오버핏 포레스트 체크 셔츠-블랙,https://image.msscdn.net/images/goods_img/20240112/3791891/3791891_17901256505525_500.jpg,False
2025-01,M,001002,셔츠/블라우스,001,상의,8,4227437,standarderror,스탠다드에러,87-STAN081 원포켓 빈티지 오버핏 긴팔 체크 셔츠 네이비,https://image.msscdn.net/images/goods_img/20240702/4227437/4227437_17738154996351_500.jpg,False
2025-01,M,001002,셔츠/블라우스,001,상의,9,4425073,takeasy,테이크이지,빈티지 오버 듀플린 체크 셔츠 (차콜),https://image.msscdn.net/images/goods_img/20240910/4425073/4425073_17273390280319_500.jpg,False
2025-01,M,001002,셔츠/블라우스,001,상의,10,4227441,standarderror,스탠다드에러,87-STAN083 레트로 플레이드 오버핏 포켓 긴팔 체크 셔츠 딥블루,https://image.msscdn.net/images/goods_img/20240702/4227441/4227441_17738156721895_500.jpg,False
2025-01,M,001002,셔츠/블라우스,001,상의,11,3562068,unionblue,유니온블루,KENSINGTON SHIRT,https://image.msscdn.net/images/goods_img/20230914/3562068/3562068_17150586229620_500.jpg,False
2025-01,M,001002,셔츠/블라우스,001,상의,12,4312912,poloralphlauren,폴로 랄프 로렌,[YACHT CLUB]샴브레이 롱슬리브 셔츠-블루,https://image.msscdn.net/images/goods_img/20240809/4312912/4312912_17252679649553_500.jpg,False
2025-01,M,001002,셔츠/블라우스,001,상의,13,1574264,takeasy,테이크이지,시티 스트라이프 오버 셔츠(시티블랙),https://image.msscdn.net/images/goods_img/20200901/1574264/1574264_1_500.jpg,False
2025-01,M,001002,셔츠/블라우스,001,상의,14,2406919,poloralphlauren,폴로 랄프 로렌,[White Collection] 커스텀핏 클래식 옥스포드 셔츠  - 화이트,https://image.msscdn.net/images/goods_img/20220308/2406919/2406919_4_500.jpg,False
2025-01,M,001002,셔츠/블라우스,001,상의,15,3877565,poloralphlauren,폴로 랄프 로렌,[Crest Capsule] 커스텀핏 옥스포드 셔츠 - 블루,https://image.msscdn.net/images/goods_img/20240216/3877565/3877565_17097141601891_500.jpg,False
2025-01,M,001002,셔츠/블라우스,001,상의,16,4711530,seez,시즈,[데일리룸 X 시즈] 멀티 레일 크롭 스트라이프 셔츠 [WHITE] 단품/SET,https://image.msscdn.net/images/goods_img/20250110/4711530/4711530_17727600910377_500.jpg,False
2025-01,M,001002,셔츠/블라우스,001,상의,17,3858282,tleyoung,틀영,[넥타이 SET] 올데이 스트라이프 셔츠_Gray,https://image.msscdn.net/images/goods_img/20240208/3858282/3858282_17073661185898_500.jpg,False
2025-01,M,001002,셔츠/블라우스,001,상의,18,3758301,musinsastandard,무신사 스탠다드,릴렉스드 워시드 포플린 셔츠 [화이트],https://image.msscdn.net/images/goods_img/20231215/3758301/3758301_17113286333350_500.jpg,False
2025-01,M,001002,셔츠/블라우스,001,상의,19,2305840,thomasmore,토마스모어,TE5-SH08 프렌치 스트라이프 셔츠-네이비,https://image.msscdn.net/images/goods_img/20220113/2305840/2305840_2_500.jpg,False
2025-01,M,001002,셔츠/블라우스,001,상의,20,2065703,unionblue,유니온블루,LAUNDRY SHIRT (WHITE),https://image.msscdn.net/images/goods_img/20210817/2065703/2065703_2_500.jpg,False
2025-01,M,001002,셔츠/블라우스,001,상의,21,1875849,musinsastandard,무신사 스탠다드,링클프리 드레스 셔츠 [화이트],https://image.msscdn.net/images/goods_img/20210401/1875849/1875849_3_500.jpg,False
2025-01,M,001002,셔츠/블라우스,001,상의,22,4313380,fabregat,파브레가,로렌 스트라이프 셔츠 (화이트),https://image.msscdn.net/images/goods_img/20240809/4313380/4313380_17234425841214_500.jpg,False
2025-01,M,001002,셔츠/블라우스,001,상의,23,4092496,unionblue,유니온블루,EDITOR STRIPE SHIRT [BLACK],https://image.msscdn.net/images/goods_img/20240429/4092496/4092496_17787405239632_500.jpg,False
2025-01,M,001002,셔츠/블라우스,001,상의,24,3856743,untapped,언탭트 스튜디오,[여름 라이크린넨 추가]시티보이 빅 오버핏 빅사이즈 옥스포드 셔츠 8COLOR,https://image.msscdn.net/images/goods_img/20240207/3856743/3856743_17177615485090_500.jpg,False
2025-01,M,001002,셔츠/블라우스,001,상의,25,728000,musinsastandard,무신사 스탠다드,베이식 옥스포드 셔츠 [화이트],https://image.msscdn.net/images/goods_img/20180305/728000/728000_17286256542856_500.jpg,False
2025-01,M,001002,셔츠/블라우스,001,상의,26,1498105,poloralphlauren,폴로 랄프 로렌,커스텀핏 데님 셔츠 - 블루,https://image.msscdn.net/images/goods_img/20200626/1498105/1498105_2_500.jpg,False
2025-01,M,001002,셔츠/블라우스,001,상의,27,4279928,nomanual,노매뉴얼,O.D CHECK SHIRT - BLACK,https://image.msscdn.net/images/goods_img/20240729/4279928/4279928_17231774529256_500.jpg,False
2025-01,M,001002,셔츠/블라우스,001,상의,28,2409956,takeasy,테이크이지,깅엄체크 오버셔츠(블랙),https://image.msscdn.net/images/goods_img/20220310/2409956/2409956_3_500.jpg,False
2025-01,M,001002,셔츠/블라우스,001,상의,29,3072191,poloralphlauren,폴로 랄프 로렌,[NEW YORK BOXING CLUB] 코튼 치노 셔츠 - 블랙,https://image.msscdn.net/images/goods_img/20230209/3072191/3072191_16790233003688_500.jpg,False
2025-01,M,001002,셔츠/블라우스,001,상의,30,4186471,huke,후크,빈티지 워싱 브라운  체크셔츠,https://image.msscdn.net/images/goods_img/20240610/4186471/4186471_17179929320187_500.jpg,False
2025-01,M,001010,긴소매 티셔츠,001,상의,1,2149254,musinsastandard,무신사 스탠다드,베이식 긴팔 티셔츠 2팩,https://image.msscdn.net/images/goods_img/20210928/2149254/2149254_17138588137724_500.jpg,False
2025-01,M,001010,긴소매 티셔츠,001,상의,2,2081571,bronson,브론슨,Vintage Long Sleeve Henley Shirt Black,https://image.msscdn.net/images/goods_img/20210823/2081571/2081571_17737267731808_500.jpg,False
2025-01,M,001010,긴소매 티셔츠,001,상의,3,404474,brenson,브렌슨,(Renew Ver.) 베이직 긴팔티셔츠 4종 ( 5Color ),https://image.msscdn.net/images/goods_img/20160902/404474/404474_17896942545657_500.jpg,False
2025-01,M,001010,긴소매 티셔츠,001,상의,4,1248490,bronson,브론슨,Vintage Long Sleeve Henley Shirt White,https://image.msscdn.net/images/goods_img/20191210/1248490/1248490_17737268855625_500.jpg,False
2025-01,M,001010,긴소매 티셔츠,001,상의,5,3481226,musinsastandard,무신사 스탠다드,[힛탠다드] 크루 넥 긴팔 티셔츠 [화이트],https://image.msscdn.net/images/goods_img/20230821/3481226/3481226_17530885489121_500.jpg,False
2025-01,M,001010,긴소매 티셔츠,001,상의,6,3050501,jeleve,제이엘브,[2PACK] 루즈핏 롱슬리브,https://image.msscdn.net/images/goods_img/20230131/3050501/3050501_17876305136732_500.jpg,False
2025-01,M,001010,긴소매 티셔츠,001,상의,7,4349548,jeleve,제이엘브,심볼 로고 풋볼 저지,https://image.msscdn.net/images/goods_img/20240820/4349548/4349548_17242015035083_500.jpg,False
2025-01,M,001010,긴소매 티셔츠,001,상의,8,4355520,juanhomme,주앙옴므,헨리넥 롱 슬리브 티셔츠 (블랙),https://image.msscdn.net/images/goods_img/20240821/4355520/4355520_17248080231327_500.jpg,False
2025-01,M,001010,긴소매 티셔츠,001,상의,9,3481227,musinsastandard,무신사 스탠다드,[힛탠다드] 크루 넥 긴팔 티셔츠 [블랙],https://image.msscdn.net/images/goods_img/20230821/3481227/3481227_17530885798889_500.jpg,False
2025-01,M,001010,긴소매 티셔츠,001,상의,10,1144989,musinsastandard,무신사 스탠다드,베이식 긴팔 티셔츠 [화이트],https://image.msscdn.net/images/goods_img/20190905/1144989/1144989_17509081256971_500.jpg,False
2025-01,M,001010,긴소매 티셔츠,001,상의,11,4603193,berdenoir,베르드누아,레이어 터틀넥 핑거홀 슬리브스 (그레이),https://image.msscdn.net/images/goods_img/20241111/4603193/4603193_17312982003574_500.jpg,False
2025-01,M,001010,긴소매 티셔츠,001,상의,12,3268569,bronson,브론슨,Vintage Long Sleeve Henley Shirt Apricot,https://image.msscdn.net/images/goods_img/20230428/3268569/3268569_17737267116684_500.jpg,False
2025-01,M,001010,긴소매 티셔츠,001,상의,13,4329700,hadex,에이치덱스,자이언트핏 럭비 저지 롱 슬리브,https://image.msscdn.net/images/goods_img/20240814/4329700/4329700_17316483308611_500.jpg,False
2025-01,M,001010,긴소매 티셔츠,001,상의,14,4298658,ninez,나인제트,시그니처 모크넥 머슬핏 긴팔 티셔츠 (블랙) NSTL03,https://image.msscdn.net/images/goods_img/20240806/4298658/4298658_17572992703274_500.jpg,False
2025-01,M,001010,긴소매 티셔츠,001,상의,15,4355521,juanhomme,주앙옴므,헨리넥 롱 슬리브 티셔츠 (멜란지 그레이),https://image.msscdn.net/images/goods_img/20240821/4355521/4355521_17249806811391_500.jpg,False
2025-01,M,001010,긴소매 티셔츠,001,상의,16,404482,brenson,브렌슨,Longsleeve 무지 긴팔티,https://image.msscdn.net/images/goods_img/20160902/404482/404482_17048503090298_500.jpg,False
2025-01,M,001010,긴소매 티셔츠,001,상의,17,4613728,ballute,발루트,DUSTY STRIPE LONG SLEEVE (BLACK&BROWN),https://image.msscdn.net/images/goods_img/20241114/4613728/4613728_17315479477557_500.jpg,False
2025-01,M,001010,긴소매 티셔츠,001,상의,18,996233,musinsastandard,무신사 스탠다드,크루 넥 긴팔 티셔츠 [화이트],https://image.msscdn.net/images/goods_img/20190327/996233/996233_17049525996602_500.jpg,False
2025-01,M,001010,긴소매 티셔츠,001,상의,19,4587573,jeleve,제이엘브,스포티 라인 풋볼 저지,https://image.msscdn.net/images/goods_img/20241105/4587573/4587573_17313066673870_500.jpg,False
2025-01,M,001010,긴소매 티셔츠,001,상의,20,4336541,excontainer,엑스컨테이너,루즈핏 스트라이프 롱슬리브 (BLACK/CHARCOAL GREY),https://image.msscdn.net/images/goods_img/20240816/4336541/4336541_17243741210701_500.jpg,False
2025-01,M,001010,긴소매 티셔츠,001,상의,21,2455460,ulc,유앤엘씨,Waffle Helyneck Drop Shoulder Sleeve(3color),https://image.msscdn.net/images/goods_img/20220330/2455460/2455460_1_500.jpg,False
2025-01,M,001010,긴소매 티셔츠,001,상의,22,1265162,trillion,트릴리온,[2PACK] 에센셜 레이어드 롱 슬리브 티셔츠,https://image.msscdn.net/images/goods_img/20200108/1265162/1265162_17231063868802_500.jpg,False
2025-01,M,001010,긴소매 티셔츠,001,상의,23,3921829,brownbreath,브라운브레스,PAISLEY TAG LONGSLEEVE - WHITE,https://image.msscdn.net/images/goods_img/20240305/3921829/3921829_17605793893397_500.jpg,False
2025-01,M,001010,긴소매 티셔츠,001,상의,24,4366073,sovermentwithlomort,소버먼트,460G 컷 헤비 피그먼트 롱 슬리브-워시드 블랙-,https://image.msscdn.net/images/goods_img/20240823/4366073/4366073_17250158703927_500.jpg,False
2025-01,M,001010,긴소매 티셔츠,001,상의,25,2081541,bronson,브론슨,Vintage Long Sleeve Henley Shirt Navy,https://image.msscdn.net/images/goods_img/20210823/2081541/2081541_17737268498481_500.jpg,False
2025-01,M,001010,긴소매 티셔츠,001,상의,26,4686823,etce,이티씨이,PROTOTYPE HENLEY NECK WAFFLE KNIT (BLACK),https://image.msscdn.net/images/goods_img/20241231/4686823/4686823_17356305351835_500.jpg,False
2025-01,M,001010,긴소매 티셔츠,001,상의,27,996234,musinsastandard,무신사 스탠다드,크루 넥 긴팔 티셔츠 [블랙],https://image.msscdn.net/images/goods_img/20190327/996234/996234_16921677724998_500.jpg,False
2025-01,M,001010,긴소매 티셔츠,001,상의,28,3824780,bronson,브론슨,Heavyweight Waffle Cotton Underwear Black,https://image.msscdn.net/images/goods_img/20240126/3824780/3824780_17737244631661_500.jpg,False
2025-01,M,001010,긴소매 티셔츠,001,상의,29,4261900,outstanding,아웃스탠딩,HENLEY NECK LONG SLEEVE_VINTAGE CHARCOAL,https://image.msscdn.net/images/goods_img/20240719/4261900/4261900_17688070114318_500.jpg,False
2025-01,M,001010,긴소매 티셔츠,001,상의,30,4546771,hadex,에이치덱스,더매스 212 자이언트핏 럭비 저지 롱슬리브 (Black),https://image.msscdn.net/images/goods_img/20241023/4546771/4546771_17312859864250_500.jpg,False
2025-01,M,001001,반소매 티셔츠,001,상의,1,2086653,musinsastandard,무신사 스탠다드,레이어드 크루 넥 반팔 티셔츠_일반 기장 [화이트],https://image.msscdn.net/images/goods_img/20210825/2086653/2086653_17772494800708_500.jpg,False
2025-01,M,001001,반소매 티셔츠,001,상의,2,2122566,musinsastandard,무신사 스탠다드,레이어드 크루 넥 반팔 티셔츠_일반 기장 2팩,https://image.msscdn.net/images/goods_img/20210910/2122566/2122566_17133406834875_500.jpg,False
2025-01,M,001001,반소매 티셔츠,001,상의,3,2690691,hugvone,허그본,무지 머슬핏 반팔 5컬러,https://image.msscdn.net/images/goods_img/20220801/2690691/2690691_17090175122341_500.jpg,False
2025-01,M,001001,반소매 티셔츠,001,상의,4,3223007,brenson,브렌슨,( 2PACK ) 퓨어코튼 레이어드 체인 반팔티,https://image.msscdn.net/images/goods_img/20230411/3223007/3223007_17152355484963_500.jpg,False
2025-01,M,001001,반소매 티셔츠,001,상의,5,996177,musinsastandard,무신사 스탠다드,릴렉스 핏 크루 넥 반팔 티셔츠 [화이트],https://image.msscdn.net/images/goods_img/20190327/996177/996177_17845258066104_500.jpg,False
2025-01,M,001001,반소매 티셔츠,001,상의,6,4562794,palap,팔랩,면 30수 3팩 레이어드 롱기장 반팔티셔츠_PL23Z0TS002,https://image.msscdn.net/images/goods_img/20241028/4562794/4562794_17300782062367_500.jpg,False
2025-01,M,001001,반소매 티셔츠,001,상의,7,2034137,musinsastandard,무신사 스탠다드,릴렉스 핏 크루 넥 반팔 티셔츠 2팩,https://image.msscdn.net/images/goods_img/20210719/2034137/2034137_17821170123912_500.jpg,False
2025-01,M,001001,반소매 티셔츠,001,상의,8,3158061,hadex,에이치덱스,[2pack] 메인 스몰 로고 에어 머슬핏 숏 슬리브,https://image.msscdn.net/images/goods_img/20230317/3158061/3158061_17581635208529_500.jpg,False
2025-01,M,001001,반소매 티셔츠,001,상의,9,1685307,mindbridge,마인드브릿지,[3팩]고밀도순면기본반팔티셔츠  MATS0101,https://image.msscdn.net/images/goods_img/20201110/1685307/1685307_17247259744795_500.jpg,False
2025-01,M,001001,반소매 티셔츠,001,상의,10,345889,fp142muji,페플,[2PACK] 더블코튼 무지반팔  2PACK KHST1011,https://image.msscdn.net/images/goods_img/20160429/345889/345889_17156464525677_500.jpg,False
2025-01,M,001001,반소매 티셔츠,001,상의,11,3886780,hugvone,허그본,[2PACK]무지 머슬핏 반팔 5컬러,https://image.msscdn.net/images/goods_img/20240221/3886780/3886780_17701039174536_500.jpg,False
2025-01,M,001001,반소매 티셔츠,001,상의,12,3248278,jeleve,제이엘브,[2PACK] 루즈핏 숏슬리브,https://image.msscdn.net/images/goods_img/20230420/3248278/3248278_17392465814220_500.jpg,False
2025-01,M,001001,반소매 티셔츠,001,상의,13,1838937,underarmour,언더아머,히트기어 아머 컴프레션 반팔 1361518-001,https://image.msscdn.net/images/goods_img/20210311/1838937/1838937_17225570434682_500.jpg,False
2025-01,M,001001,반소매 티셔츠,001,상의,14,1382658,musinsastandard,무신사 스탠다드,레이어드 크루 넥 반팔 티셔츠_긴 기장 [화이트],https://image.msscdn.net/images/goods_img/20200402/1382658/1382658_17048730367124_500.jpg,False
2025-01,M,001001,반소매 티셔츠,001,상의,15,2479911,coor,쿠어,[2PACK] 수피마 코튼 티셔츠,https://image.msscdn.net/images/goods_img/20220411/2479911/2479911_17731079454756_500.jpg,False
2025-01,M,001001,반소매 티셔츠,001,상의,16,3973556,untapped,언탭트 스튜디오,[3PACK]퓨어코튼 24수  롱기장 레이어드 무지 반팔 티셔츠,https://image.msscdn.net/images/goods_img/20240320/3973556/3973556_17657835585342_500.jpg,False
2025-01,M,001001,반소매 티셔츠,001,상의,17,2050094,musinsastandard,무신사 스탠다드,베이식 크루 넥 반팔 티셔츠 2팩,https://image.msscdn.net/images/goods_img/20210805/2050094/2050094_17138592561124_500.jpg,False
2025-01,M,001001,반소매 티셔츠,001,상의,18,3286918,marithefrancoisgirbaud,마리떼 프랑소와 저버,3PACK SMALL REGULAR LOGO TEE mix,https://image.msscdn.net/images/goods_img/20230510/3286918/3286918_17424357770496_500.jpg,False
2025-01,M,001001,반소매 티셔츠,001,상의,19,2186292,printstar,프린트스타,[2PACK]5.6oz 17수 기본 무지 반팔 티셔츠 남녀공용_화이트/블랙,https://image.msscdn.net/images/goods_img/20211019/2186292/2186292_17449428631026_500.jpg,False
2025-01,M,001001,반소매 티셔츠,001,상의,20,4187013,freedomathletic,프리덤,메쉬 럭비 져지 (네이비),https://image.msscdn.net/images/goods_img/20240610/4187013/4187013_17545333456467_500.jpg,False
2025-01,M,001001,반소매 티셔츠,001,상의,21,2448091,printstar,프린트스타,[2PACK] 7.4oz 헤비 웨이트 라운드 오버핏 무지 반팔티 화이트/블랙,https://image.msscdn.net/images/goods_img/20220328/2448091/2448091_17449355637382_500.jpg,False
2025-01,M,001001,반소매 티셔츠,001,상의,22,3773867,covernat,커버낫,[2PACK] 쿨 코튼 티셔츠 Black+White,https://image.msscdn.net/images/goods_img/20240103/3773867/3773867_17818426320462_500.jpg,False
2025-01,M,001001,반소매 티셔츠,001,상의,23,4187011,freedomathletic,프리덤,메쉬 럭비 져지 (카키),https://image.msscdn.net/images/goods_img/20240610/4187011/4187011_17545335871190_500.jpg,False
2025-01,M,001001,반소매 티셔츠,001,상의,24,2029969,glimmer,글리머,[3PACK] 에어쿨링 드라이 기능성 무지 반팔티,https://image.msscdn.net/images/goods_img/20210715/2029969/2029969_17151440658556_500.jpg,False
2025-01,M,001001,반소매 티셔츠,001,상의,25,2474511,musinsastandard,무신사 스탠다드,릴렉스 핏 크루 넥 반팔 티셔츠 2 [화이트],https://image.msscdn.net/images/goods_img/20220407/2474511/2474511_17515209370374_500.jpg,False
2025-01,M,001001,반소매 티셔츠,001,상의,26,3380690,blackmonsterfit,블랙몬스터핏,[3PACK]무지 쿨론 기능성 쿨 반팔 티셔츠 3P,https://image.msscdn.net/images/goods_img/20230623/3380690/3380690_17151291625741_500.jpg,False
2025-01,M,001001,반소매 티셔츠,001,상의,27,3223006,brenson,브렌슨,( 2PACK ) 퓨어코튼 루즈핏 체인 반팔티,https://image.msscdn.net/images/goods_img/20230411/3223006/3223006_17152355560427_500.jpg,False
2025-01,M,001001,반소매 티셔츠,001,상의,28,1944612,sovermentwithlomort,소버먼트,460G 컷 헤비 피그먼트 티셔츠-차콜-,https://image.msscdn.net/images/goods_img/20210511/1944612/1944612_17153307977903_500.jpg,False
2025-01,M,001001,반소매 티셔츠,001,상의,29,4570125,freedomathletic,프리덤,스트라이프 메쉬 럭비 져지 (다크그레이),https://image.msscdn.net/images/goods_img/20241029/4570125/4570125_17301936041537_500.jpg,False
2025-01,M,001001,반소매 티셔츠,001,상의,30,2035287,musinsastandard,무신사 스탠다드,[쿨탠다드] 릴렉스 핏 크루 넥 반팔 티셔츠 2팩,https://image.msscdn.net/images/goods_img/20210720/2035287/2035287_17805429050970_500.jpg,False
2025-01,M,001003,피케/카라 티셔츠,001,상의,1,4299296,untapped,언탭트 스튜디오,시티보이 오버핏 럭비 카라 맨투맨 스웻 티셔츠 4COLOR,https://image.msscdn.net/images/goods_img/20240806/4299296/4299296_17261233960748_500.jpg,False
2025-01,M,001003,피케/카라 티셔츠,001,상의,2,4291459,ami,아미,레드 하트 로고 반소매 폴로 셔츠 - 블랙 / BFUPL001760001,https://image.msscdn.net/images/goods_img/20240802/4291459/4291459_17240538483516_500.jpg,False
2025-01,M,001003,피케/카라 티셔츠,001,상의,3,4312874,poloralphlauren,폴로 랄프 로렌,아이코닉 럭비 셔츠-네이비410,https://image.msscdn.net/images/goods_img/20240809/4312874/4312874_17253531160907_500.jpg,False
2025-01,M,001003,피케/카라 티셔츠,001,상의,4,2461377,poloralphlauren,폴로 랄프 로렌,[White Collection] 커스텀 슬림핏 숏 슬리브 폴로 셔츠 - 화이트,https://image.msscdn.net/images/goods_img/20220401/2461377/2461377_2_500.jpg,False
2025-01,M,001003,피케/카라 티셔츠,001,상의,5,4361494,endoor,엔도어,Vintage stripe polo shirt (Vintage gray),https://image.msscdn.net/images/goods_img/20240822/4361494/4361494_17258659703877_500.jpg,False
2025-01,M,001003,피케/카라 티셔츠,001,상의,6,4285815,untapped,언탭트 스튜디오,오버핏 케이블 카라 니트 3COLOR,https://image.msscdn.net/images/goods_img/20240731/4285815/4285815_17307814421798_500.jpg,False
2025-01,M,001003,피케/카라 티셔츠,001,상의,7,4391214,unionblue,유니온블루,RUGBY MERINO POLO KNIT [CHARCOAL],https://image.msscdn.net/images/goods_img/20240902/4391214/4391214_17253508787344_500.jpg,False
2025-01,M,001003,피케/카라 티셔츠,001,상의,8,2286564,compagno,꼼파뇨,TEDDY PIQUE SWEATER NAVY,https://image.msscdn.net/images/goods_img/20211230/2286564/2286564_1_500.jpg,False
2025-01,M,001003,피케/카라 티셔츠,001,상의,9,4421527,supersub,슈퍼서브,시그니처 로고 스트라이프 폴로 카라티-네이비,https://image.msscdn.net/images/goods_img/20240909/4421527/4421527_17262035332599_500.jpg,False
2025-01,M,001003,피케/카라 티셔츠,001,상의,10,4358168,ami,아미,레드 하트 로고 반소매 폴로 셔츠 - 화이트 / BFHPL001760100,https://image.msscdn.net/images/goods_img/20240822/4358168/4358168_17249778247807_500.jpg,False
2025-01,M,001003,피케/카라 티셔츠,001,상의,11,3075257,musinsastandard,무신사 스탠다드,오버사이즈 스트라이프 럭비 셔츠 [네이비/아이보리],https://image.msscdn.net/images/goods_img/20230210/3075257/3075257_16820447422136_500.jpg,False
2025-01,M,001003,피케/카라 티셔츠,001,상의,12,1387953,musinsastandard,무신사 스탠다드,롱 슬리브 피케 폴로 셔츠 [블랙],https://image.msscdn.net/images/goods_img/20200407/1387953/1387953_1_500.jpg,False
2025-01,M,001003,피케/카라 티셔츠,001,상의,13,4480434,maisonkitsune,메종 키츠네,볼드 폭스 헤드 패치 오버사이즈 반소매 폴로 셔츠 - 딥 네이비 / MM00202KJ7010P492,https://image.msscdn.net/images/goods_img/20241002/4480434/4480434_17288683861471_500.jpg,False
2025-01,M,001003,피케/카라 티셔츠,001,상의,14,4249927,ami,아미,레드 하트 로고 반소매 폴로 셔츠 - 나이트 블루 / BFUPL001760430,https://image.msscdn.net/images/goods_img/20240715/4249927/4249927_17231749073680_500.jpg,False
2025-01,M,001003,피케/카라 티셔츠,001,상의,15,4249928,ami,아미,레드 하트 로고 반소매 폴로 셔츠 - 헤더 그레이 / UPL001760055,https://image.msscdn.net/images/goods_img/20240715/4249928/4249928_17231749956175_500.jpg,False
2025-01,M,001003,피케/카라 티셔츠,001,상의,16,1633322,musinsastandard,무신사 스탠다드,스트라이프 럭비 셔츠 [네이비/그린],https://image.msscdn.net/images/goods_img/20201005/1633322/1633322_1_500.jpg,False
2025-01,M,001003,피케/카라 티셔츠,001,상의,17,4284408,ninez,나인제트,소프트 테리 오버핏 긴팔 카라티 (멜란지 그레이) 24PL01,https://image.msscdn.net/images/goods_img/20240731/4284408/4284408_17471176932172_500.png,False
2025-01,M,001003,피케/카라 티셔츠,001,상의,18,4667618,badblood,배드블러드,세인트 블러드 럭비 셔츠 - 레드,https://image.msscdn.net/images/goods_img/20241216/4667618/4667618_17344066267980_500.jpg,False
2025-01,M,001003,피케/카라 티셔츠,001,상의,19,4284403,ninez,나인제트,소프트 테리 오버핏 긴팔 카라티 (블랙) 24PL01,https://image.msscdn.net/images/goods_img/20240731/4284403/4284403_17471175253537_500.jpg,False
2025-01,M,001003,피케/카라 티셔츠,001,상의,20,4315233,ninez,나인제트,시그니처 코튼 머슬핏 긴팔 카라티 NSPL01,https://image.msscdn.net/images/goods_img/20240809/4315233/4315233_17900625395704_500.jpg,False
2025-01,M,001003,피케/카라 티셔츠,001,상의,21,3273391,jeleve,제이엘브,스탠다드 머슬핏 카라티,https://image.msscdn.net/images/goods_img/20230503/3273391/3273391_17102125662096_500.jpg,False
2025-01,M,001003,피케/카라 티셔츠,001,상의,22,3299035,jeleve,제이엘브,[2PACK] 스탠다드 머슬핏 카라티,https://image.msscdn.net/images/goods_img/20230516/3299035/3299035_17151487278069_500.jpg,False
2025-01,M,001003,피케/카라 티셔츠,001,상의,23,2765431,brenson,브렌슨,릴렉스드 더블코튼 카라 긴팔티 ( 8Color ),https://image.msscdn.net/images/goods_img/20220902/2765431/2765431_17152175223066_500.jpg,False
2025-01,M,001003,피케/카라 티셔츠,001,상의,24,3052053,drawfit,드로우핏,오버사이즈 벌룬 피케 스웨트 셔츠 [BLACK],https://image.msscdn.net/images/goods_img/20230201/3052053/3052053_16753905569091_500.jpg,False
2025-01,M,001003,피케/카라 티셔츠,001,상의,25,1620273,poloralphlauren,폴로 랄프 로렌,커스텀 슬림핏 롱 슬리브 메시 폴로 - 블랙,https://image.msscdn.net/images/goods_img/20200923/1620273/1620273_2_500.jpg,False
2025-01,M,001003,피케/카라 티셔츠,001,상의,26,3274144,ninez,나인제트,시그니처 코튼 머슬핏 카라티 NSPK01,https://image.msscdn.net/images/goods_img/20230503/3274144/3274144_17809819177876_500.jpg,False
2025-01,M,001003,피케/카라 티셔츠,001,상의,27,1498092,poloralphlauren,폴로 랄프 로렌,커스텀 슬림핏 메시 폴로 셔츠 - 블랙,https://image.msscdn.net/images/goods_img/20200626/1498092/1498092_2_500.jpg,False
2025-01,M,001003,피케/카라 티셔츠,001,상의,28,3075261,musinsastandard,무신사 스탠다드,[쿨탠다드] 릴렉스 핏 피케 폴로 셔츠 [블랙],https://image.msscdn.net/images/goods_img/20230210/3075261/3075261_16895877432633_500.jpg,False
2025-01,M,001003,피케/카라 티셔츠,001,상의,29,4455369,jemut,제멋,[2PACK] 더스틴 헤비 솔트워싱 카라 맨투맨 SOMT2577,https://image.msscdn.net/images/goods_img/20240924/4455369/4455369_17376803495183_500.jpg,False
2025-01,M,001003,피케/카라 티셔츠,001,상의,30,4274354,freedomathletic,프리덤,로고 피케 티셔츠 (블랙),https://image.msscdn.net/images/goods_img/20240725/4274354/4274354_17234480790691_500.jpg,False
2025-01,M,001006,니트/스웨터,001,상의,1,2723767,suare,수아레,데일리 라운드 니트 - 12 COLOR,https://image.msscdn.net/images/goods_img/20220818/2723767/2723767_17292130151891_500.jpg,False
2025-01,M,001006,니트/스웨터,001,상의,2,4509977,workonbodyoff,워크온바디오프,반폴라 세미 오버핏 모크넥 니트 [블랙],https://image.msscdn.net/images/goods_img/20241011/4509977/4509977_17642271545231_500.jpg,False
2025-01,M,001006,니트/스웨터,001,상의,3,4285909,untapped,언탭트 스튜디오,오버핏 케이블 라운드 니트 5COLOR,https://image.msscdn.net/images/goods_img/20240731/4285909/4285909_17247442451593_500.jpg,False
2025-01,M,001006,니트/스웨터,001,상의,4,4584154,nodu,노드유,소프트 헨리넥 라운드 긴팔 니트 [베이지],https://image.msscdn.net/images/goods_img/20241104/4584154/4584154_17306775620945_500.jpg,False
2025-01,M,001006,니트/스웨터,001,상의,5,2139775,minimalcode,미니멀코드,소프트 필링 세미오버 라운드 니트 초코브라운,https://image.msscdn.net/images/goods_img/20210917/2139775/2139775_17204066649792_500.jpg,False
2025-01,M,001006,니트/스웨터,001,상의,6,4387116,leire,르아르,리브드 오버핏 헨리넥 니트 [블랙],https://image.msscdn.net/images/prd_img/20240830/4387116/detail_4387116_17893650080344_500.jpg,False
2025-01,M,001006,니트/스웨터,001,상의,7,1558847,suare,수아레,하프 터틀넥 니트 세트,https://image.msscdn.net/images/goods_img/20200821/1558847/1558847_17303488335987_500.jpg,False
2025-01,M,001006,니트/스웨터,001,상의,8,4584153,nodu,노드유,소프트 헨리넥 라운드 긴팔 니트 [블랙],https://image.msscdn.net/images/goods_img/20241104/4584153/4584153_17306774298955_500.jpg,False
2025-01,M,001006,니트/스웨터,001,상의,9,4422975,suare,수아레,워셔블 모크넥 슬리브 니트- 5 COLOR,https://image.msscdn.net/images/goods_img/20240909/4422975/4422975_17580093299631_500.jpg,False
2025-01,M,001006,니트/스웨터,001,상의,10,3495320,suare,수아레,[SET] 스테디 니트 세트,https://image.msscdn.net/images/goods_img/20230824/3495320/3495320_17169653059246_500.jpg,False
2025-01,M,001006,니트/스웨터,001,상의,11,3469871,againstallodds,에이지오디,하프 집업 카라넥 하찌 니트 [블랙],https://image.msscdn.net/images/goods_img/20230817/3469871/3469871_17321622059740_500.png,False
2025-01,M,001006,니트/스웨터,001,상의,12,3494992,suare,수아레,워셔블 케이블 라운드 니트 - 5 COLOR,https://image.msscdn.net/images/goods_img/20230824/3494992/3494992_17296467139345_500.jpg,False
2025-01,M,001006,니트/스웨터,001,상의,13,4328686,trillion,트릴리온,헤어리 그래픽 로고 오버핏 자카드 니트 (BLUE),https://image.msscdn.net/images/goods_img/20240814/4328686/4328686_17249552459456_500.jpg,False
2025-01,M,001006,니트/스웨터,001,상의,14,2139704,minimalcode,미니멀코드,소프트 필링 세미오버 라운드 니트 블랙,https://image.msscdn.net/images/goods_img/20210917/2139704/2139704_17204066997560_500.jpg,False
2025-01,M,001006,니트/스웨터,001,상의,15,1628939,musinsastandard,무신사 스탠다드,미니멀 크루 넥 니트 [블랙],https://image.msscdn.net/images/goods_img/20200928/1628939/1628939_17509083037775_500.jpg,False
2025-01,M,001006,니트/스웨터,001,상의,16,4505538,maninstore,무드인사이드,소노 케이블 헨리넥 니트_Oatmeal,https://image.msscdn.net/images/goods_img/20241010/4505538/4505538_17576428243984_500.jpg,False
2025-01,M,001006,니트/스웨터,001,상의,17,4441592,millo,밀로 아카이브,크롭 실루엣 니트 [멜란지 그레이],https://image.msscdn.net/images/goods_img/20240916/4441592/4441592_17268183875497_500.jpg,False
2025-01,M,001006,니트/스웨터,001,상의,18,4623219,unionblue,유니온블루,[V2] CASHMERE WOOL CREWNECK KNIT [MELANGE GRAY],https://image.msscdn.net/images/goods_img/20241119/4623219/4623219_17332143844525_500.jpg,False
2025-01,M,001006,니트/스웨터,001,상의,19,4446338,theweatherisawesome,더웨더이즈어썸,파크 카라 니트 스웨터(그레이),https://image.msscdn.net/images/goods_img/20240919/4446338/4446338_17269045430759_500.jpg,False
2025-01,M,001006,니트/스웨터,001,상의,20,4325412,hooves,후브스,하이드 버튼 카라 니트 [멜란지그레이],https://image.msscdn.net/images/goods_img/20240813/4325412/4325412_17244056015297_500.jpg,False
2025-01,M,001006,니트/스웨터,001,상의,21,4514674,trillion,트릴리온,워셔블 노르딕 자카드 카라넥 2WAY 집업 니트 [베이지],https://image.msscdn.net/images/goods_img/20241014/4514674/4514674_17296759641518_500.jpg,False
2025-01,M,001006,니트/스웨터,001,상의,22,3640949,trillion,트릴리온,워셔블 아란 케이블 후드 집업 니트 (CHARCOAL),https://image.msscdn.net/images/goods_img/20231019/3640949/3640949_17170490257806_500.jpg,False
2025-01,M,001006,니트/스웨터,001,상의,23,3782754,maninstore,무드인사이드,꽈배기 후드 반집업 니트_Gray,https://image.msscdn.net/images/goods_img/20240109/3782754/3782754_17327721694991_500.jpg,False
2025-01,M,001006,니트/스웨터,001,상의,24,2684357,nomanual,노매뉴얼,CROPPED HAIRY KNIT - MELANGE,https://image.msscdn.net/images/goods_img/20220727/2684357/2684357_17237908061016_500.jpg,False
2025-01,M,001006,니트/스웨터,001,상의,25,3877567,poloralphlauren,폴로 랄프 로렌,[Crest Capsule] 롱슬리브 풀오버 니트- 블루,https://image.msscdn.net/images/goods_img/20240216/3877567/3877567_17097140393607_500.jpg,False
2025-01,M,001006,니트/스웨터,001,상의,26,1139175,lmood,엘무드,화란 세미오버 니트 블랙,https://image.msscdn.net/images/goods_img/20190902/1139175/1139175_17582630377296_500.png,False
2025-01,M,001006,니트/스웨터,001,상의,27,3603134,anolorcode,어널러코드,스트라이프 멀티 니트 (네이비),https://image.msscdn.net/images/goods_img/20231004/3603134/3603134_17654389704011_500.png,False
2025-01,M,001006,니트/스웨터,001,상의,28,4274164,lemainsecond,리메인세컨드,오버핏 볼륨 워셔블 하프집업 케이블 니트 [네이비],https://image.msscdn.net/images/goods_img/20240725/4274164/4274164_17229341280493_500.jpg,False
2025-01,M,001006,니트/스웨터,001,상의,29,2684358,nomanual,노매뉴얼,CROPPED HAIRY KNIT - GRASS GREEN,https://image.msscdn.net/images/goods_img/20220727/2684358/2684358_17237907080769_500.jpg,False
2025-01,M,001006,니트/스웨터,001,상의,30,4597373,bowlow,바우로 프로덕트,소프트 이중직 반폴라 니트 [블랙],https://image.msscdn.net/images/goods_img/20241107/4597373/4597373_17610210577555_500.jpg,False
2025-01,M,001011,민소매 티셔츠,001,상의,1,4148441,bowlow,바우로 프로덕트,리브드 로고 슬리브리스 [블랙],https://image.msscdn.net/images/goods_img/20240522/4148441/4148441_17163625167792_500.jpg,False
2025-01,M,001011,민소매 티셔츠,001,상의,2,2005542,bronson,브론슨,10.5 oz Cotton Tank Top,https://image.msscdn.net/images/goods_img/20210622/2005542/2005542_17761449719794_500.jpg,False
2025-01,M,001011,민소매 티셔츠,001,상의,3,2005602,bronson,브론슨,10.5 oz Cotton Tank Top Black,https://image.msscdn.net/images/goods_img/20210622/2005602/2005602_17362110639053_500.jpg,False
2025-01,M,001011,민소매 티셔츠,001,상의,4,3855094,borntowin,본투윈,B PENDANT RIBBED SLEEVELESS [BLACK],https://image.msscdn.net/images/goods_img/20240207/3855094/3855094_17732919639260_500.jpg,False
2025-01,M,001011,민소매 티셔츠,001,상의,5,4148465,bowlow,바우로 프로덕트,리브드 로고 슬리브리스 [아이보리],https://image.msscdn.net/images/goods_img/20240522/4148465/4148465_17163627271968_500.jpg,False
2025-01,M,001011,민소매 티셔츠,001,상의,6,2445153,51percent,51퍼센트,Irregular Logo embroidery Logo Sleeveless - BLACK,https://image.msscdn.net/images/goods_img/20220325/2445153/2445153_17446121911849_500.jpg,False
2025-01,M,001011,민소매 티셔츠,001,상의,7,3794829,borntowin,본투윈,B-SYMBOL LOGO SLEEVELESS_NON MESH VER [BLACK],https://image.msscdn.net/images/goods_img/20240115/3794829/3794829_17732868360970_500.jpg,False
2025-01,M,001011,민소매 티셔츠,001,상의,8,2086660,musinsastandard,무신사 스탠다드,레이어드 슬리브리스 탑_일반 기장 [화이트],https://image.msscdn.net/images/goods_img/20210825/2086660/2086660_17048492714259_500.jpg,False
2025-01,M,001011,민소매 티셔츠,001,상의,9,4216823,physicalgarments,피지컬가먼츠,P2447 절개 골지 슬림 나시 [2 COLOR],https://image.msscdn.net/images/goods_img/20240625/4216823/4216823_17200709972787_500.jpg,False
2025-01,M,001011,민소매 티셔츠,001,상의,10,2976551,musinsastandard,무신사 스탠다드,[쿨탠다드] 릴렉스드 슬리브리스 탑 2팩,https://image.msscdn.net/images/goods_img/20221208/2976551/2976551_17133351213295_500.jpg,False
2025-01,M,001011,민소매 티셔츠,001,상의,11,4148431,bowlow,바우로 프로덕트,리브드 로고 슬리브리스 [그레이],https://image.msscdn.net/images/goods_img/20240522/4148431/4148431_17163622368551_500.jpg,False
2025-01,M,001011,민소매 티셔츠,001,상의,12,1855218,underarmour,언더아머,히트기어 아머 컴프레션 슬리브리스 1361522-001,https://image.msscdn.net/images/goods_img/20210319/1855218/1855218_17738150960244_500.jpg,False
2025-01,M,001011,민소매 티셔츠,001,상의,13,4057918,musinsastandard,무신사 스탠다드,에센셜 탱크 탑 [블랙],https://image.msscdn.net/images/goods_img/20240416/4057918/4057918_17170471959238_500.jpg,False
2025-01,M,001011,민소매 티셔츠,001,상의,14,4057917,musinsastandard,무신사 스탠다드,에센셜 탱크 탑 [화이트],https://image.msscdn.net/images/goods_img/20240416/4057917/4057917_17775153738661_500.jpg,False
2025-01,M,001011,민소매 티셔츠,001,상의,15,3268712,bronson,브론슨,10.5 oz Cotton Tank Top Grey,https://image.msscdn.net/images/goods_img/20230428/3268712/3268712_17362103899104_500.jpg,False
2025-01,M,001011,민소매 티셔츠,001,상의,16,4602668,carmid,카미드,카미드 슬리브리스,https://image.msscdn.net/images/goods_img/20241111/4602668/4602668_17314720439088_500.png,False
2025-01,M,001011,민소매 티셔츠,001,상의,17,2122564,musinsastandard,무신사 스탠다드,레이어드 슬리브리스 탑_일반 기장 2팩,https://image.msscdn.net/images/goods_img/20210910/2122564/2122564_17133411609203_500.jpg,False
2025-01,M,001011,민소매 티셔츠,001,상의,18,4579726,carmid,카미드,카미드 머슬핏 로고 슬리브리스,https://image.msscdn.net/images/goods_img/20241031/4579726/4579726_17303649196209_500.jpg,False
2025-01,M,001011,민소매 티셔츠,001,상의,19,1852718,pianer,피아네르,[2 PACK] 레이어드 트임 나시 (2color),https://image.msscdn.net/images/goods_img/20210318/1852718/1852718_17158436415816_500.jpg,False
2025-01,M,001011,민소매 티셔츠,001,상의,20,2445109,51percent,51퍼센트,Irregular Logo embroidery Logo Sleeveless - White,https://image.msscdn.net/images/goods_img/20220325/2445109/2445109_17573184842125_500.jpg,False
2025-01,M,001011,민소매 티셔츠,001,상의,21,3855092,borntowin,본투윈,B PENDANT RIBBED SLEEVELESS [WHITE],https://image.msscdn.net/images/goods_img/20240207/3855092/3855092_17732910872585_500.jpg,False
2025-01,M,001011,민소매 티셔츠,001,상의,22,3370905,jeleve,제이엘브,[2PACK] 스탠다드 무지 나시,https://image.msscdn.net/images/goods_img/20230619/3370905/3370905_17151480185679_500.jpg,False
2025-01,M,001011,민소매 티셔츠,001,상의,23,4307090,malden,몰든,리브드 슬리브리스,https://image.msscdn.net/images/goods_img/20240807/4307090/4307090_17260229546252_500.jpg,False
2025-01,M,001011,민소매 티셔츠,001,상의,24,3794842,borntowin,본투윈,B-SYMBOL LOGO SLEEVELESS_NON MESH VER [IVORY],https://image.msscdn.net/images/goods_img/20240115/3794842/3794842_17732874411272_500.jpg,False
2025-01,M,001011,민소매 티셔츠,001,상의,25,3859446,musinsastandard,무신사 스탠다드,스쿱 넥 슬리브리스 탑 [화이트],https://image.msscdn.net/images/goods_img/20240208/3859446/3859446_17147004001866_500.jpg,False
2025-01,M,001011,민소매 티셔츠,001,상의,26,3285956,jeleve,제이엘브,스탠다드 무지 나시,https://image.msscdn.net/images/goods_img/20230509/3285956/3285956_17410503759391_500.jpg,False
2025-01,M,001011,민소매 티셔츠,001,상의,27,3794831,borntowin,본투윈,B-SYMBOL LOGO SLEEVELESS_NON MESH VER [MELANGE GREY],https://image.msscdn.net/images/goods_img/20240115/3794831/3794831_17732872626786_500.jpg,False
2025-01,M,001011,민소매 티셔츠,001,상의,28,3288166,musclearmed,머슬암드,ARMED 23 저지 탱크탑 [블랙],https://image.msscdn.net/images/goods_img/20230510/3288166/3288166_17403748883625_500.jpg,False
2025-01,M,001011,민소매 티셔츠,001,상의,29,4643333,hadex,에이치덱스,리프트 업 슬리브리스 (Black),https://image.msscdn.net/images/goods_img/20241129/4643333/4643333_17328584637044_500.jpg,False
2025-01,M,001011,민소매 티셔츠,001,상의,30,3964300,freedomathletic,프리덤,글로브 슬리브리스 (블랙),https://image.msscdn.net/images/goods_img/20240318/3964300/3964300_17521985911276_500.jpg,False
2025-01,M,001008,기타 상의,001,상의,1,2372710,sovermentwithlomort,소버먼트,860G 피그먼트 하프 짚업-챠콜-,https://image.msscdn.net/images/goods_img/20220221/2372710/2372710_17243908846193_500.jpg,False
2025-01,M,001008,기타 상의,001,상의,2,3584689,nautica,노티카,83플래그 폴라 하프집업(네이비),https://image.msscdn.net/images/goods_img/20230921/3584689/3584689_17891030125322_500.jpg,False
2025-01,M,001008,기타 상의,001,상의,3,4423657,hadex,에이치덱스,액티브 에센셜 하프 집업 (Black),https://image.msscdn.net/images/goods_img/20240910/4423657/4423657_17876236630916_500.jpg,False
2025-01,M,001008,기타 상의,001,상의,4,3834985,hooves,후브스,플러 반 집업 카라 스웻 [네이비],https://image.msscdn.net/images/goods_img/20240131/3834985/3834985_17077903245289_500.jpg,False
2025-01,M,001008,기타 상의,001,상의,5,3823370,kolonsport,코오롱스포츠,남성 기본형 집업 티셔츠 JWTBX24131DNA,https://image.msscdn.net/images/goods_img/20240125/3823370/3823370_17062382702874_500.jpg,False
2025-01,M,001008,기타 상의,001,상의,6,4624123,ninetyplus,나인티플러스,액티브 기모 트레이닝 집업 - 블랙,https://image.msscdn.net/images/goods_img/20241119/4624123/4624123_17320031501000_500.jpg,False
2025-01,M,001008,기타 상의,001,상의,7,4322628,covernat,커버낫,스몰 C 로고 코듀로이 하프 집업 네이비,https://image.msscdn.net/images/goods_img/20240812/4322628/4322628_17260442251184_500.jpg,False
2025-01,M,001008,기타 상의,001,상의,8,3468301,againstallodds,에이지오디,하프 집업 오버핏 스웨트 셔츠 [크림],https://image.msscdn.net/images/goods_img/20230816/3468301/3468301_17276828267056_500.jpg,False
2025-01,M,001008,기타 상의,001,상의,9,4626351,nautica,노티카,83플래그 폴라 하프집업(다크 M.그레이),https://image.msscdn.net/images/goods_img/20241120/4626351/4626351_17345086611610_500.jpg,False
2025-01,M,001008,기타 상의,001,상의,10,4259153,1993studio,1993스튜디오,스몰 로고 하프 집업 스웨트 셔츠_오트베이지,https://image.msscdn.net/images/goods_img/20240718/4259153/4259153_17246732689550_500.jpg,False
2025-01,M,001008,기타 상의,001,상의,11,4668839,covernat,커버낫,스몰 C 로고 코듀로이 하프 집업,https://image.msscdn.net/images/goods_img/20241216/4668839/4668839_17344271829797_500.jpg,False
2025-01,M,001008,기타 상의,001,상의,12,2766960,anotherarchive,어나더 아카이브,에센셜 시그니쳐 반집업 맨투맨_그레이,https://image.msscdn.net/images/goods_img/20220902/2766960/2766960_1_500.jpg,False
2025-01,M,001008,기타 상의,001,상의,13,2855098,offgrid,오프그리드,그리드 RDS 다운 풀오버-블랙,https://image.msscdn.net/images/goods_img/20221012/2855098/2855098_1_500.jpg,False
2025-01,M,001008,기타 상의,001,상의,14,2855096,offgrid,오프그리드,그리드 RDS 다운 풀오버-카키,https://image.msscdn.net/images/goods_img/20221012/2855096/2855096_1_500.jpg,False
2025-01,M,001008,기타 상의,001,상의,15,4322420,covernat,커버낫,C 로고 하프 집업 맨투맨 네이비,https://image.msscdn.net/images/goods_img/20240812/4322420/4322420_17260442802335_500.jpg,False
2025-01,M,001008,기타 상의,001,상의,16,3397158,musinsastandardsp,무신사 스탠다드 스포츠,짐 베이스 레이어 롱 슬리브(2color),https://image.msscdn.net/images/goods_img/20230706/3397158/3397158_17415915983236_500.jpg,False
2025-01,M,001008,기타 상의,001,상의,17,3941915,grandiosity,그랜디오시티,심플 로고 오버핏 반집업 맨투맨 (백멜란지),https://image.msscdn.net/images/goods_img/20240312/3941915/3941915_17254391313490_500.jpg,False
2025-01,M,001008,기타 상의,001,상의,18,2710158,underarmour,언더아머,테크 1/2 집 긴팔 1328495-014,https://image.msscdn.net/images/goods_img/20220810/2710158/2710158_1_500.jpg,False
2025-01,M,001008,기타 상의,001,상의,19,3871062,paperboy,페이퍼보이,스포츠클럽 하프집업-네이비,https://image.msscdn.net/images/goods_img/20240215/3871062/3871062_17079654675725_500.jpg,False
2025-01,M,001008,기타 상의,001,상의,20,2028348,musinsastandardsp,무신사 스탠다드 스포츠,[쿨탠스] 컴프레션 롱 슬리브 [블랙],https://image.msscdn.net/images/goods_img/20210714/2028348/2028348_17321576612223_500.jpg,False
2025-01,M,001008,기타 상의,001,상의,21,2855097,offgrid,오프그리드,그리드 RDS 다운 풀오버-베이지,https://image.msscdn.net/images/goods_img/20221012/2855097/2855097_1_500.jpg,False
2025-01,M,001008,기타 상의,001,상의,22,3468304,againstallodds,에이지오디,하프 집업 오버핏 스웨트 셔츠 [그레이],https://image.msscdn.net/images/goods_img/20230816/3468304/3468304_17276823544747_500.jpg,False
2025-01,M,001008,기타 상의,001,상의,23,4399637,thenorthface,노스페이스,NT7LQ52A 남성 마운틴 플렉스 집티_BLACK,https://image.msscdn.net/images/goods_img/20240903/4399637/4399637_17253521873768_500.jpg,False
2025-01,M,001008,기타 상의,001,상의,24,3942064,grandiosity,그랜디오시티,심플 로고 오버핏 반집업 맨투맨 (네이비),https://image.msscdn.net/images/goods_img/20240312/3942064/3942064_17254392417881_500.jpg,False
2025-01,M,001008,기타 상의,001,상의,25,4407815,spyder,스파이더,남성 프로웹 하프 집업 SPGWCNFT212MBLK,https://image.msscdn.net/images/goods_img/20240905/4407815/4407815_17703580147082_500.jpg,False
2025-01,M,001008,기타 상의,001,상의,26,4501632,umbro,엄브로,풋볼 퀼팅 패딩 아노락 블랙(UP421SWTO4),https://image.msscdn.net/images/goods_img/20241010/4501632/4501632_17285310082421_500.jpg,False
2025-01,M,001008,기타 상의,001,상의,27,2705718,kodak,코닥,선샤인 트랙 반집업 맨투맨 IVORY,https://image.msscdn.net/images/goods_img/20220809/2705718/2705718_2_500.jpg,False
2025-01,M,001008,기타 상의,001,상의,28,3673018,ruggedhouse,러기드하우스,무브드 코듀로이 반집업 모카베이지,https://image.msscdn.net/images/goods_img/20231031/3673018/3673018_16987380873886_500.jpg,False
2025-01,M,001008,기타 상의,001,상의,29,4515795,kolonsport,코오롱스포츠,남녀공용 폴라텍200 아노락 후디 TLTBW24611PUR,https://image.msscdn.net/images/goods_img/20241014/4515795/4515795_17326041045441_500.jpg,False
2025-01,M,001008,기타 상의,001,상의,30,2373591,sovermentwithlomort,소버먼트,860G 피그먼트 하프 짚업-스톤 네이비-,https://image.msscdn.net/images/goods_img/20220221/2373591/2373591_17243909109411_500.jpg,False
2025-01,M,002,아우터,,,1,3390508,standarderror,스탠다드에러,87-STAN009  스탠다드 블루종 스웨이드 자켓 블랙,https://image.msscdn.net/images/goods_img/20230630/3390508/3390508_17551524634252_500.jpg,False
2025-01,M,002,아우터,,,2,3378514,musinsastandard,무신사 스탠다드,데일리 푸퍼 숏 패딩 재킷 [블랙],https://image.msscdn.net/images/goods_img/20230622/3378514/3378514_17800303461768_500.jpg,False
2025-01,M,002,아우터,,,3,2098325,drawfit,드로우핏,프리미어 퓨어 캐시미어 발마칸 코트 [BLACK],https://image.msscdn.net/images/goods_img/20210830/2098325/2098325_17621500792692_500.jpg,False
2025-01,M,002,아우터,,,4,3780728,maninstore,무드인사이드,남여공용 푸퍼 숏패딩_Black,https://image.msscdn.net/images/goods_img/20240108/3780728/3780728_17605828944256_500.jpg,False
2025-01,M,002,아우터,,,5,3390511,standarderror,스탠다드에러,87-STAN009 스탠다드 블루종 스웨이드 자켓 카키,https://image.msscdn.net/images/goods_img/20230630/3390511/3390511_17551525806450_500.jpg,False
2025-01,M,002,아우터,,,6,4531994,spao,스파오,베이직 푸퍼_SPJPF11C11,https://image.msscdn.net/images/goods_img/20241018/4531994/4531994_17630006565087_500.jpg,False
2025-01,M,002,아우터,,,7,1778404,toffee,토피,2WAY 스웻 후드 집업 (MELANGE GREY),https://image.msscdn.net/images/goods_img/20210204/1778404/1778404_1_500.jpg,False
2025-01,M,002,아우터,,,8,4209266,musinsastandard,무신사 스탠다드,울 블렌드 오버사이즈 머프 발마칸 코트 [블랙],https://image.msscdn.net/images/goods_img/20240620/4209266/4209266_17657748481924_500.jpg,False
2025-01,M,002,아우터,,,9,2116411,musinsastandard,무신사 스탠다드,캐시미어 블렌드 오버사이즈 발마칸 코트 [블랙],https://image.msscdn.net/images/goods_img/20210908/2116411/2116411_17616270483710_500.jpg,False
2025-01,M,002,아우터,,,10,2782764,beslow,비슬로우,OVERSIZED CASHMERE BALMACAAN COAT BLACK,https://image.msscdn.net/images/goods_img/20220908/2782764/2782764_17272251996978_500.jpg,False
2025-01,M,002,아우터,,,11,865862,musinsastandard,무신사 스탠다드,캐시미어 블렌드 오버사이즈 싱글 코트 [블랙],https://image.msscdn.net/images/goods_img/20180921/865862/865862_17657673085739_500.jpg,False
2025-01,M,002,아우터,,,12,2482269,thenorthface,노스페이스,NJ1DQ75A 남성 1996 눕시 자켓_BLACK,https://image.msscdn.net/images/goods_img/20220412/2482269/2482269_17210922117662_500.jpg,False
2025-01,M,002,아우터,,,13,452483,doffjason,도프제이슨,솔리드 무톤 자켓,https://image.msscdn.net/images/goods_img/20161123/452483/452483_2_500.jpg,False
2025-01,M,002,아우터,,,14,2737014,frizmworks,프리즘웍스,VINCENT M1965 FISHTAIL PARKA 004 _ OLIVE,https://image.msscdn.net/images/goods_img/20220823/2737014/2737014_1_500.jpg,False
2025-01,M,002,아우터,,,15,4209299,musinsastandard,무신사 스탠다드,데일리 발마칸 코트 [블랙],https://image.msscdn.net/images/goods_img/20240620/4209299/4209299_17260174440762_500.jpg,False
2025-01,M,002,아우터,,,16,3481219,coor,쿠어,벨란디 캐시미어 블렌드 발마칸 코트 (블랙),https://image.msscdn.net/images/goods_img/20230821/3481219/3481219_17896080593391_500.jpg,False
2025-01,M,002,아우터,,,17,4262843,outstanding,아웃스탠딩,[MUT lab] W.W. II SELVEDGE DENIM 1ST JACKET_INDIGO,https://image.msscdn.net/images/goods_img/20240719/4262843/4262843_17682659790914_500.jpg,False
2025-01,M,002,아우터,,,18,3881570,millo,밀로 아카이브,크롭 무브 가디건 [레드],https://image.msscdn.net/images/goods_img/20240219/3881570/3881570_17084242695126_500.jpg,False
2025-01,M,002,아우터,,,19,2206096,corrs,인더스트,[ALL리뉴얼.Ver] 오리지널 M65 피시테일 파카_카키,https://image.msscdn.net/images/goods_img/20211028/2206096/2206096_17900456022813_500.jpg,False
2025-01,M,002,아우터,,,20,4209289,musinsastandard,무신사 스탠다드,캐시미어 블렌드 오버사이즈 미니멀 발마칸 코트 [블랙],https://image.msscdn.net/images/goods_img/20240620/4209289/4209289_17297471108137_500.jpg,False
2025-01,M,002,아우터,,,21,3440439,costumeoclock,커스텀어클락,커브드 투웨이 항공 패딩 점퍼 블랙 5COLOR COOSJP045BLACK,https://image.msscdn.net/images/goods_img/20230801/3440439/3440439_17871947407904_500.jpg,False
2025-01,M,002,아우터,,,22,4693591,outstanding,아웃스탠딩,[MUT lab] SELVEDGE DENIM 1ST JACKET_INDIGO,https://image.msscdn.net/images/goods_img/20250102/4693591/4693591_17860676827501_500.jpg,False
2025-01,M,002,아우터,,,23,912314,musinsastandard,무신사 스탠다드,다운 푸퍼 숏 패딩 재킷 [블랙],https://image.msscdn.net/images/goods_img/20181123/912314/912314_17649023281294_500.jpg,False
2025-01,M,002,아우터,,,24,4376737,wvproject,더블유브이프로젝트,더프 헤링턴 자켓 브라운 JJOT7732,https://image.msscdn.net/images/goods_img/20240827/4376737/4376737_17247559627478_500.jpg,False
2025-01,M,002,아우터,,,25,1618207,musinsastandard,무신사 스탠다드,캐시미어 블렌드 대디 숄더 더블 롱 코트 [블랙],https://image.msscdn.net/images/goods_img/20200923/1618207/1618207_17659591931858_500.jpg,False
2025-01,M,002,아우터,,,26,3046279,outstanding,아웃스탠딩,SELVEDGE DENIM 2ND JACKET_INDIGO,https://image.msscdn.net/images/goods_img/20230130/3046279/3046279_17684404870062_500.jpg,False
2025-01,M,002,아우터,,,27,1618313,musinsastandard,무신사 스탠다드,캐시미어 블렌드 대디 숄더 싱글 롱 코트 [블랙],https://image.msscdn.net/images/goods_img/20200923/1618313/1618313_17569514851734_500.jpg,False
2025-01,M,002,아우터,,,28,3604263,noiago,노이아고,NOI1067 라이트웨이트 다운 자켓 (블랙),https://image.msscdn.net/images/goods_img/20231005/3604263/3604263_17645511564597_500.jpg,False
2025-01,M,002,아우터,,,29,1582142,left,레프트서울,에비에이터 B-3 무스탕 자켓 [블랙],https://image.msscdn.net/images/goods_img/20200903/1582142/1582142_17888321003811_500.jpg,False
2025-01,M,002,아우터,,,30,3588413,adidas,아디다스,베켄바우어 트랙탑 - 블랙:화이트 / II5763,https://image.msscdn.net/images/goods_img/20230922/3588413/3588413_16957743454348_500.jpg,False
2025-01,M,002022,후드 집업,002,아우터,1,1778404,toffee,토피,2WAY 스웻 후드 집업 (MELANGE GREY),https://image.msscdn.net/images/goods_img/20210204/1778404/1778404_1_500.jpg,False
2025-01,M,002022,후드 집업,002,아우터,2,4464347,ertr,이알티알,Reversible Hoodie Zip-Up Check Blue,https://image.msscdn.net/images/goods_img/20240925/4464347/4464347_17276718516289_500.jpg,False
2025-01,M,002022,후드 집업,002,아우터,3,3640947,trillion,트릴리온,워셔블 아란 케이블 후드 집업 니트 (IVORY),https://image.msscdn.net/images/goods_img/20231019/3640947/3640947_17170490498222_500.jpg,False
2025-01,M,002022,후드 집업,002,아우터,4,4289728,thecoldestmoment,더콜디스트모먼트,TCM stripe hooded zip-up (charcoal/black),https://image.msscdn.net/images/goods_img/20240801/4289728/4289728_17231062832659_500.jpg,False
2025-01,M,002022,후드 집업,002,아우터,5,4502117,jeleve,제이엘브,퍼 후드집업,https://image.msscdn.net/images/goods_img/20241010/4502117/4502117_17900528501024_500.jpg,False
2025-01,M,002022,후드 집업,002,아우터,6,3845731,trillion,트릴리온,에센셜 2WAY 스웨트 후드 집업 (MELANGE GRAY),https://image.msscdn.net/images/goods_img/20240205/3845731/3845731_17083253869123_500.jpg,False
2025-01,M,002022,후드 집업,002,아우터,7,4283474,mmlg,엠엠엘지,[Mmlg] OPACITY HOOD ZIPUP (EVERY GREY),https://image.msscdn.net/images/goods_img/20240730/4283474/4283474_17253288677631_500.jpg,False
2025-01,M,002022,후드 집업,002,아우터,8,2105470,sovermentwithlomort,소버먼트,980G 피그먼트 컷 후디 집업-차콜-,https://image.msscdn.net/images/goods_img/20210902/2105470/2105470_17631074294899_500.jpg,False
2025-01,M,002022,후드 집업,002,아우터,9,1642916,musinsastandard,무신사 스탠다드,헤비웨이트 오버사이즈 후디드 스웨트 집업 [미디엄 그레이],https://image.msscdn.net/images/goods_img/20201012/1642916/1642916_17526404082761_500.jpg,False
2025-01,M,002022,후드 집업,002,아우터,10,1778408,toffee,토피,2WAY 스웻 후드 집업 (BLACK),https://image.msscdn.net/images/goods_img/20210204/1778408/1778408_17168650383792_500.jpg,False
2025-01,M,002022,후드 집업,002,아우터,11,4464346,ertr,이알티알,Reversible Hoodie Zip-Up Check Red,https://image.msscdn.net/images/goods_img/20240925/4464346/4464346_17276725411940_500.jpg,False
2025-01,M,002022,후드 집업,002,아우터,12,3753477,borntowin,본투윈,BIG CHROME B LOGO TRACK LINE ZIP-UP HOODIE [BLACK],https://image.msscdn.net/images/goods_img/20231212/3753477/3753477_17023624862165_500.png,False
2025-01,M,002022,후드 집업,002,아우터,13,4525555,borntowin,본투윈,BIG CHROME B BLACK LINE ZIP-UP HOODIE [BLACK],https://image.msscdn.net/images/goods_img/20241016/4525555/4525555_17579083921684_500.jpg,False
2025-01,M,002022,후드 집업,002,아우터,14,4287891,supersub,슈퍼서브,데님 후드 집업-워시드 브라운,https://image.msscdn.net/images/goods_img/20240801/4287891/4287891_17394093217885_500.jpg,False
2025-01,M,002022,후드 집업,002,아우터,15,4409035,musinsastandard,무신사 스탠다드,루즈 벌룬 후디드 스웨트 집업 [미디엄 그레이],https://image.msscdn.net/images/goods_img/20240905/4409035/4409035_17653551477732_500.jpg,False
2025-01,M,002022,후드 집업,002,아우터,16,2385875,brenson,브렌슨,(Renew Ver.) 루즈핏 스웨트 셋업 ( 2Color ) ( 기모선택 ),https://image.msscdn.net/images/goods_img/20220225/2385875/2385875_17276646907303_500.jpg,False
2025-01,M,002022,후드 집업,002,아우터,17,2712417,filluminate,필루미네이트,투웨이 에센셜 후드 집업-그레이,https://image.msscdn.net/images/goods_img/20220811/2712417/2712417_16963910031844_500.jpg,False
2025-01,M,002022,후드 집업,002,아우터,18,3697526,compagno,꼼파뇨,[2-WAY] 슬리브 스타 피그먼트 후드 집업 스모크블랙,https://image.msscdn.net/images/goods_img/20231108/3697526/3697526_17002041370481_500.jpg,False
2025-01,M,002022,후드 집업,002,아우터,19,2668986,spao,스파오,[프렌치테리] 루즈핏 2-WAY 후드집업_SPMZE49C01,https://image.msscdn.net/images/goods_img/20220718/2668986/2668986_17413294389364_500.jpg,False
2025-01,M,002022,후드 집업,002,아우터,20,3450468,satur,세터,테오 코튼 올 데이 후드 집업 클래식 네이비,https://image.msscdn.net/images/goods_img/20230808/3450468/3450468_17241610096544_500.jpg,False
2025-01,M,002022,후드 집업,002,아우터,21,4302415,wkndrs,위캔더스,H.O.F ZIPUP HOODIE (CAMO),https://image.msscdn.net/images/goods_img/20240806/4302415/4302415_17737352652270_500.png,False
2025-01,M,002022,후드 집업,002,아우터,22,3783092,dimitriblack,디미트리블랙,ASI 포시즌 에센셜 피그먼트 후드집업_차콜 그레이,https://image.msscdn.net/images/goods_img/20240109/3783092/3783092_17708794030062_500.jpg,False
2025-01,M,002022,후드 집업,002,아우터,23,2954589,satur,세터,테오 코튼 올 데이 후드 집업 팔레트 블랙,https://image.msscdn.net/images/goods_img/20221122/2954589/2954589_17241610712825_500.jpg,False
2025-01,M,002022,후드 집업,002,아우터,24,640839,melangemaster,멜란지 마스터,스탠다드 후드 스웨트 집업 - 멜란지 그레이,https://image.msscdn.net/images/goods_img/20170922/640839/640839_6_500.jpg,False
2025-01,M,002022,후드 집업,002,아우터,25,1642914,musinsastandard,무신사 스탠다드,헤비웨이트 오버사이즈 후디드 스웨트 집업 [블랙],https://image.msscdn.net/images/goods_img/20201012/1642914/1642914_17526403710213_500.jpg,False
2025-01,M,002022,후드 집업,002,아우터,26,4675148,trillion,트릴리온,워셔블 노르딕 자카드 2WAY 후드 집업 니트 [베이지],https://image.msscdn.net/images/goods_img/20241219/4675148/4675148_17346049384210_500.jpg,False
2025-01,M,002022,후드 집업,002,아우터,27,1213655,musinsastandard,무신사 스탠다드,후디드 스웨트 집업_짧은 길이 [멜란지 그레이],https://image.msscdn.net/images/goods_img/20191105/1213655/1213655_17026028732431_500.jpg,False
2025-01,M,002022,후드 집업,002,아우터,28,1803585,musinsastandard,무신사 스탠다드,헤비웨이트 오버사이즈 후디드 스웨트 집업 [오트밀],https://image.msscdn.net/images/goods_img/20210219/1803585/1803585_17026200516431_500.jpg,False
2025-01,M,002022,후드 집업,002,아우터,29,1821465,bronson,브론슨,17.5 oz Terry Cloth 2Way Zip-Up Hoodie Kr Ver. Grey,https://image.msscdn.net/images/goods_img/20210302/1821465/1821465_17556634257880_500.jpg,False
2025-01,M,002022,후드 집업,002,아우터,30,4423419,outstanding,아웃스탠딩,AUTHENTIC COMFORT HOOD ZIP SWEAT_3%MELANGE GRAY,https://image.msscdn.net/images/goods_img/20240910/4423419/4423419_17709447019171_500.jpg,False
2025-01,M,002001,블루종/MA-1,002,아우터,1,3390508,standarderror,스탠다드에러,87-STAN009  스탠다드 블루종 스웨이드 자켓 블랙,https://image.msscdn.net/images/goods_img/20230630/3390508/3390508_17551524634252_500.jpg,False
2025-01,M,002001,블루종/MA-1,002,아우터,2,3390511,standarderror,스탠다드에러,87-STAN009 스탠다드 블루종 스웨이드 자켓 카키,https://image.msscdn.net/images/goods_img/20230630/3390511/3390511_17551525806450_500.jpg,False
2025-01,M,002001,블루종/MA-1,002,아우터,3,3440439,costumeoclock,커스텀어클락,커브드 투웨이 항공 패딩 점퍼 블랙 5COLOR COOSJP045BLACK,https://image.msscdn.net/images/goods_img/20230801/3440439/3440439_17871947407904_500.jpg,False
2025-01,M,002001,블루종/MA-1,002,아우터,4,3465162,afterpray12,애프터프레이,리가즈 해링턴 블루종 차콜,https://image.msscdn.net/images/goods_img/20230814/3465162/3465162_17108243912394_500.jpg,False
2025-01,M,002001,블루종/MA-1,002,아우터,5,3650974,trillion,트릴리온,스웨이드 리벳 블루종 집업 자켓 (BROWN),https://image.msscdn.net/images/goods_img/20231023/3650974/3650974_17171419683595_500.jpg,False
2025-01,M,002001,블루종/MA-1,002,아우터,6,1291017,jemut,제멋,리치 오버 MA-1 자켓 블랙 YHJK2269,https://image.msscdn.net/images/goods_img/20200205/1291017/1291017_1_500.jpg,False
2025-01,M,002001,블루종/MA-1,002,아우터,7,3475446,bronson,브론슨,US Air Force Type L-2 Flight Jacket Olive KR Ver.,https://image.msscdn.net/images/goods_img/20230818/3475446/3475446_17246566349527_500.jpg,False
2025-01,M,002001,블루종/MA-1,002,아우터,8,4549982,bronson,브론슨,MA-1 Flight Jacket 1970s Model KR ver. Black,https://image.msscdn.net/images/goods_img/20241023/4549982/4549982_17610226404285_500.jpg,False
2025-01,M,002001,블루종/MA-1,002,아우터,9,2351619,coor,쿠어,퍼프 플라이트 MA-1 (블랙),https://image.msscdn.net/images/goods_img/20220210/2351619/2351619_17271835262530_500.jpg,False
2025-01,M,002001,블루종/MA-1,002,아우터,10,4344582,decoroso,데꼬로소,텍스처드 울 더블 포켓 블루종 자켓 [블랙],https://image.msscdn.net/images/goods_img/20240819/4344582/4344582_17364888897922_500.jpg,False
2025-01,M,002001,블루종/MA-1,002,아우터,11,3440438,costumeoclock,커스텀어클락,커브드 투웨이 항공 패딩 점퍼 다크그레이 COOSJP045DGRAY,https://image.msscdn.net/images/goods_img/20230801/3440438/3440438_17871947679501_500.jpg,False
2025-01,M,002001,블루종/MA-1,002,아우터,12,2708075,musinsastandard,무신사 스탠다드,캐시미어 블렌드 오버사이즈 미니멀 블루종 재킷 [블랙],https://image.msscdn.net/images/goods_img/20220810/2708075/2708075_16740326738823_500.jpg,False
2025-01,M,002001,블루종/MA-1,002,아우터,13,3783380,maninstore,무드인사이드,프리미엄 스웨이드 자켓_Brown,https://image.msscdn.net/images/goods_img/20240109/3783380/3783380_17888674046976_500.jpg,False
2025-01,M,002001,블루종/MA-1,002,아우터,14,4517343,espionage,에스피오나지,CWU45P Insulated Jacket Black,https://image.msscdn.net/images/goods_img/20241015/4517343/4517343_17291316930214_500.jpg,False
2025-01,M,002001,블루종/MA-1,002,아우터,15,4505179,maninstore,무드인사이드,피그다잉 워크 자켓 블루종_Brown,https://image.msscdn.net/images/goods_img/20241010/4505179/4505179_17567909160437_500.jpg,False
2025-01,M,002001,블루종/MA-1,002,아우터,16,2754265,moo,엠오오,빅카라 울 2-WAY 블루종 - 다크그레이,https://image.msscdn.net/images/goods_img/20220830/2754265/2754265_1_500.png,False
2025-01,M,002001,블루종/MA-1,002,아우터,17,4517348,espionage,에스피오나지,CWU45P Insulated Jacket Olive,https://image.msscdn.net/images/goods_img/20241015/4517348/4517348_17291317284385_500.jpg,False
2025-01,M,002001,블루종/MA-1,002,아우터,18,4427489,urbanstoff,어반스터프,오버 다잉 후드 워크 자켓 (챠콜),https://image.msscdn.net/images/goods_img/20240910/4427489/4427489_17259557234759_500.jpg,False
2025-01,M,002001,블루종/MA-1,002,아우터,19,3405554,musinsastandard,무신사 스탠다드,울 블렌드 미니멀 블루종 재킷 [블랙],https://image.msscdn.net/images/goods_img/20230712/3405554/3405554_16957070439666_500.jpg,False
2025-01,M,002001,블루종/MA-1,002,아우터,20,2708076,musinsastandard,무신사 스탠다드,캐시미어 블렌드 오버사이즈 미니멀 블루종 재킷 [차콜 그레이],https://image.msscdn.net/images/goods_img/20220810/2708076/2708076_16740327013246_500.jpg,False
2025-01,M,002001,블루종/MA-1,002,아우터,21,2294782,alphaindustries,알파 인더스트리,MA-1 루즈핏 라글란 사이드짚 Sage,https://image.msscdn.net/images/goods_img/20220106/2294782/2294782_9_500.jpg,False
2025-01,M,002001,블루종/MA-1,002,아우터,22,3503945,espionage,에스피오나지,Washed Canvas Blouson Jacket Charcoal Navy,https://image.msscdn.net/images/goods_img/20230828/3503945/3503945_16934498398540_500.jpg,False
2025-01,M,002001,블루종/MA-1,002,아우터,23,2085156,ironypornowhiteline,아이러니포르노 화이트라인,IRO097 크루얼티프리 알파 스웨이드 자켓 블랙,https://image.msscdn.net/images/goods_img/20210825/2085156/2085156_17579141539142_500.jpg,False
2025-01,M,002001,블루종/MA-1,002,아우터,24,4522177,fabregat,파브레가,구스토 울 블루종 자켓 (차콜),https://image.msscdn.net/images/goods_img/20241016/4522177/4522177_17301809593836_500.jpg,False
2025-01,M,002001,블루종/MA-1,002,아우터,25,3475443,bronson,브론슨,US Air Force Type L-2A Flight Jacket Navy KR Ver.,https://image.msscdn.net/images/goods_img/20230818/3475443/3475443_17246568563145_500.jpg,False
2025-01,M,002001,블루종/MA-1,002,아우터,26,3637243,trillion,트릴리온,울 엘보우 패치 2WAY 해링턴 자켓 (BLACK),https://image.msscdn.net/images/goods_img/20231018/3637243/3637243_17171437931541_500.jpg,False
2025-01,M,002001,블루종/MA-1,002,아우터,27,1760177,drawfit,드로우핏,리에디션 써지 울 블루종 자켓 [BLACK],https://image.msscdn.net/images/goods_img/20210125/1760177/1760177_17568597040774_500.jpg,False
2025-01,M,002001,블루종/MA-1,002,아우터,28,4604538,maninstore,무드인사이드,페이디드 워크 후드 블루종_Black,https://image.msscdn.net/images/goods_img/20241111/4604538/4604538_17612056290897_500.jpg,False
2025-01,M,002001,블루종/MA-1,002,아우터,29,3465160,afterpray12,애프터프레이,리가즈 해링턴 블루종 모카,https://image.msscdn.net/images/goods_img/20230814/3465160/3465160_17108244154287_500.jpg,False
2025-01,M,002001,블루종/MA-1,002,아우터,30,3788390,lmood,엘무드,워크 포켓 치노 블루종 자켓 카키베이지,https://image.msscdn.net/images/goods_img/20240111/3788390/3788390_17065873132441_500.jpg,False
2025-01,M,002002,레더/라이더스 재킷,002,아우터,1,1576700,doffjason,도프제이슨,오버핏 비건레더 싱글 자켓,https://image.msscdn.net/images/goods_img/20200901/1576700/1576700_17591199589640_500.jpg,False
2025-01,M,002002,레더/라이더스 재킷,002,아우터,2,3551101,blackmoment,블랙모먼트,비건 스웨이드 오버핏 미니멀 인시전 스트레이트 집업 자켓 [브라운],https://image.msscdn.net/images/goods_img/20230912/3551101/3551101_16970790961650_500.jpg,False
2025-01,M,002002,레더/라이더스 재킷,002,아우터,3,3927174,maninstore,무드인사이드,비건 스웨이드 바이커 자켓_Brown,https://image.msscdn.net/images/goods_img/20240306/3927174/3927174_17568668915223_500.jpg,False
2025-01,M,002002,레더/라이더스 재킷,002,아우터,4,4287889,supersub,슈퍼서브,빈티지 트랙 바이커 레더 점퍼 - 브라운,https://image.msscdn.net/images/goods_img/20240801/4287889/4287889_17394098566884_500.jpg,False
2025-01,M,002002,레더/라이더스 재킷,002,아우터,5,1576682,doffjason,도프제이슨,오버핏 램스킨 싱글 자켓,https://image.msscdn.net/images/goods_img/20200901/1576682/1576682_6_500.jpg,False
2025-01,M,002002,레더/라이더스 재킷,002,아우터,6,2140335,placestudio,플레이스 스튜디오,비건 레더 오버핏 블루종 [블랙],https://image.msscdn.net/images/goods_img/20210917/2140335/2140335_9_500.jpg,False
2025-01,M,002002,레더/라이더스 재킷,002,아우터,7,4497969,doffjason,도프제이슨,프리미엄 베지터블 A-2 자켓 BLACK,https://image.msscdn.net/images/goods_img/20241008/4497969/4497969_17283728328562_500.jpg,False
2025-01,M,002002,레더/라이더스 재킷,002,아우터,8,4350371,coor,쿠어,베지터블 레더 A-2 자켓 (블랙),https://image.msscdn.net/images/goods_img/20240820/4350371/4350371_17877112920676_500.jpg,False
2025-01,M,002002,레더/라이더스 재킷,002,아우터,9,4260954,nmx,언더오프,스웨이드 투웨이 집업 바이커 자켓 블랙,https://image.msscdn.net/images/goods_img/20240719/4260954/4260954_17230160808613_500.jpg,False
2025-01,M,002002,레더/라이더스 재킷,002,아우터,10,4347122,doffjason,도프제이슨,[리뉴얼] 풀업 스웨이드 클래식 싱글 자켓 모카,https://image.msscdn.net/images/goods_img/20240820/4347122/4347122_17253284523829_500.jpg,False
2025-01,M,002002,레더/라이더스 재킷,002,아우터,11,4370042,espionage,에스피오나지,Flight Bomber Jacket (Faux Leather) Swamp Green,https://image.msscdn.net/images/goods_img/20240826/4370042/4370042_17248961457496_500.jpg,False
2025-01,M,002002,레더/라이더스 재킷,002,아우터,12,4209352,musinsastandard,무신사 스탠다드,신세틱 스웨이드 미니멀 블루종 재킷 [브라운],https://image.msscdn.net/images/goods_img/20240620/4209352/4209352_17333854866699_500.jpg,False
2025-01,M,002002,레더/라이더스 재킷,002,아우터,13,3783694,drawfit,드로우핏,인시전 레더 블루종 자켓 [BLACK],https://image.msscdn.net/images/goods_img/20240109/3783694/3783694_17568603377156_500.jpg,False
2025-01,M,002002,레더/라이더스 재킷,002,아우터,14,1593755,partimento,파르티멘토,[비건 레더] 필드 자켓 블랙,https://image.msscdn.net/images/goods_img/20200909/1593755/1593755_1_500.jpg,False
2025-01,M,002002,레더/라이더스 재킷,002,아우터,15,3833551,coor,쿠어,베지터블 레더 A-2 자켓 (브라운),https://image.msscdn.net/images/goods_img/20240130/3833551/3833551_17877112948261_500.jpg,False
2025-01,M,002002,레더/라이더스 재킷,002,아우터,16,4470055,suare,수아레,벤자민 퀼팅 레더 자켓 브라운,https://image.msscdn.net/images/goods_img/20240927/4470055/4470055_17458229434528_500.jpg,False
2025-01,M,002002,레더/라이더스 재킷,002,아우터,17,2029419,ironypornowhiteline,아이러니포르노 화이트라인,IRO086 크루얼티프리 싱글 카라넥 레더 자켓 블랙,https://image.msscdn.net/images/goods_img/20210714/2029419/2029419_17569493312057_500.jpg,False
2025-01,M,002002,레더/라이더스 재킷,002,아우터,18,4497727,doffjason,도프제이슨,프리미엄 베지터블 A-2 자켓 BROWN,https://image.msscdn.net/images/goods_img/20241008/4497727/4497727_17645696821961_500.jpg,False
2025-01,M,002002,레더/라이더스 재킷,002,아우터,19,4209353,musinsastandard,무신사 스탠다드,신세틱 스웨이드 미니멀 블루종 재킷 [더스티 카키],https://image.msscdn.net/images/goods_img/20240620/4209353/4209353_17308710753468_500.jpg,False
2025-01,M,002002,레더/라이더스 재킷,002,아우터,20,2093254,v2,브이투,465-3 VEGAN LEATHER OVERFIT JACKET_BLACK,https://image.msscdn.net/images/goods_img/20210827/2093254/2093254_1_500.jpg,False
2025-01,M,002002,레더/라이더스 재킷,002,아우터,21,4346922,doffjason,도프제이슨,[리뉴얼] 오버핏 풀업 스웨이드 싱글 자켓 모카,https://image.msscdn.net/images/goods_img/20240820/4346922/4346922_17249831351015_500.jpg,False
2025-01,M,002002,레더/라이더스 재킷,002,아우터,22,4209354,musinsastandard,무신사 스탠다드,신세틱 스웨이드 미니멀 블루종 재킷 [데저트 브라운],https://image.msscdn.net/images/goods_img/20240620/4209354/4209354_17333864098861_500.jpg,False
2025-01,M,002002,레더/라이더스 재킷,002,아우터,23,2087860,doffjason,도프제이슨,오버핏 램스킨 보머 자켓,https://image.msscdn.net/images/goods_img/20210825/2087860/2087860_3_500.jpg,False
2025-01,M,002002,레더/라이더스 재킷,002,아우터,24,2086731,doffjason,도프제이슨,오버핏 비건레더 보머 자켓,https://image.msscdn.net/images/goods_img/20210825/2086731/2086731_1_500.jpg,False
2025-01,M,002002,레더/라이더스 재킷,002,아우터,25,3442701,supersub,슈퍼서브,빈티지 트랙 바이커 레더 점퍼 - 블랙,https://image.msscdn.net/images/goods_img/20230803/3442701/3442701_16926894285439_500.jpg,False
2025-01,M,002002,레더/라이더스 재킷,002,아우터,26,4278941,lmood,엘무드,1125 나이프 램스킨 레더자켓 블랙,https://image.msscdn.net/images/goods_img/20240729/4278941/4278941_17243033884848_500.jpg,False
2025-01,M,002002,레더/라이더스 재킷,002,아우터,27,4470054,suare,수아레,벤자민 퀼팅 레더 자켓 블랙,https://image.msscdn.net/images/goods_img/20240927/4470054/4470054_17288653946536_500.jpg,False
2025-01,M,002002,레더/라이더스 재킷,002,아우터,28,4457686,againstallodds,에이지오디,비건 스웨이드 스탠다드 바이커 자켓 [카멜],https://image.msscdn.net/images/goods_img/20240924/4457686/4457686_17664725117564_500.jpg,False
2025-01,M,002002,레더/라이더스 재킷,002,아우터,29,2087767,doffjason,도프제이슨,오버핏 비건레더 보머 자켓 (브라운),https://image.msscdn.net/images/goods_img/20210825/2087767/2087767_2_500.jpg,False
2025-01,M,002002,레더/라이더스 재킷,002,아우터,30,3788417,lmood,엘무드,디멘션 카우하이드 레더 자켓 스톤그레이,https://image.msscdn.net/images/goods_img/20240111/3788417/3788417_17065865141439_500.jpg,False
2025-01,M,002020,카디건,002,아우터,1,3881570,millo,밀로 아카이브,크롭 무브 가디건 [레드],https://image.msscdn.net/images/goods_img/20240219/3881570/3881570_17084242695126_500.jpg,False
2025-01,M,002020,카디건,002,아우터,2,3650861,matinkim,마뗑킴,SPELL POINT STRIPE KNIT CARDIGAN IN BLACK,https://image.msscdn.net/images/goods_img/20231023/3650861/3650861_17582530640437_500.jpg,False
2025-01,M,002020,카디건,002,아우터,3,4419822,millo,밀로 아카이브,크롭 무브 가디건 [차콜],https://image.msscdn.net/images/goods_img/20240909/4419822/4419822_17259530199997_500.jpg,False
2025-01,M,002020,카디건,002,아우터,4,2288704,espionage,에스피오나지,Miller Heavyweight Cardigan Burnt Orange,https://image.msscdn.net/images/goods_img/20220103/2288704/2288704_17875617307364_500.jpg,False
2025-01,M,002020,카디건,002,아우터,5,3981315,millo,밀로 아카이브,크롭 무브 가디건 [블랙],https://image.msscdn.net/images/goods_img/20240322/3981315/3981315_17110720298305_500.jpg,False
2025-01,M,002020,카디건,002,아우터,6,4001390,beslow,비슬로우,[비슬로우X데릭]CREW NECK SHORT CARDIGAN CHARCOAL,https://image.msscdn.net/images/goods_img/20240328/4001390/4001390_17121318185902_500.jpg,False
2025-01,M,002020,카디건,002,아우터,7,3881573,millo,밀로 아카이브,크롭 무브 가디건 [블루 그레이],https://image.msscdn.net/images/goods_img/20240219/3881573/3881573_17084243533327_500.jpg,False
2025-01,M,002020,카디건,002,아우터,8,2683549,satur,세터,파로 오버 사이즈 부클 가디건 클래식 블랙,https://image.msscdn.net/images/prd_img/20220726/2683549/detail_2683549_17582476224564_500.jpg,False
2025-01,M,002020,카디건,002,아우터,9,4695372,branded,브랜디드,BRUSHED ALPACA CARDIGAN [DARK OLIVE],https://image.msscdn.net/images/goods_img/20250102/4695372/4695372_17358700770414_500.jpg,False
2025-01,M,002020,카디건,002,아우터,10,4336624,excontainer,엑스컨테이너,미니멀 버튼 라운드넥 가디건 (DARK RED),https://image.msscdn.net/images/goods_img/20240816/4336624/4336624_17706226040291_500.jpg,False
2025-01,M,002020,카디건,002,아우터,11,4419823,millo,밀로 아카이브,크롭 무브 가디건 [네이비],https://image.msscdn.net/images/goods_img/20240909/4419823/4419823_17259531168323_500.jpg,False
2025-01,M,002020,카디건,002,아우터,12,4380452,partimento,파르티멘토,뱃지 리뉴얼 니트 노르딕 가디건 블랙,https://image.msscdn.net/images/goods_img/20240828/4380452/4380452_17249079745182_500.jpg,False
2025-01,M,002020,카디건,002,아우터,13,4336623,excontainer,엑스컨테이너,미니멀 버튼 라운드넥 가디건 (CHARCOAL),https://image.msscdn.net/images/goods_img/20240816/4336623/4336623_17702721756132_500.jpg,False
2025-01,M,002020,카디건,002,아우터,14,3650860,matinkim,마뗑킴,SPELL POINT STRIPE KNIT CARDIGAN IN IVORY,https://image.msscdn.net/images/goods_img/20231023/3650860/3650860_17582531018308_500.jpg,False
2025-01,M,002020,카디건,002,아우터,15,1608372,espionage,에스피오나지,Miller Heavyweight Cardigan Dust,https://image.msscdn.net/images/goods_img/20200917/1608372/1608372_17875619588098_500.jpg,False
2025-01,M,002020,카디건,002,아우터,16,2172006,espionage,에스피오나지,Miller Heavyweight Cardigan Navy,https://image.msscdn.net/images/goods_img/20211012/2172006/2172006_17875615016761_500.jpg,False
2025-01,M,002020,카디건,002,아우터,17,3441716,toffee,토피,오버핏 라운드넥 니트 가디건 (BROWN),https://image.msscdn.net/images/goods_img/20230802/3441716/3441716_16927724176323_500.jpg,False
2025-01,M,002020,카디건,002,아우터,18,2815323,musinsastandard,무신사 스탠다드,릴렉스드 리브드 라운드 넥 가디건 [블랙],https://image.msscdn.net/images/goods_img/20220923/2815323/2815323_17794093883481_500.jpg,False
2025-01,M,002020,카디건,002,아우터,19,3025211,suare,수아레,에센셜 라운드 니트 가디건 - 5 COLOR,https://image.msscdn.net/images/goods_img/20230116/3025211/3025211_17592115636850_500.jpg,False
2025-01,M,002020,카디건,002,아우터,20,4419819,millo,밀로 아카이브,크롭 무브 가디건 [멜란지 브라운],https://image.msscdn.net/images/goods_img/20240909/4419819/4419819_17259529520705_500.jpg,False
2025-01,M,002020,카디건,002,아우터,21,4496275,hooves,후브스,코위찬 스노우 집업 니트 [아이보리],https://image.msscdn.net/images/goods_img/20241008/4496275/4496275_17624899717688_500.jpg,False
2025-01,M,002020,카디건,002,아우터,22,2815324,musinsastandard,무신사 스탠다드,릴렉스드 리브드 라운드 넥 가디건 [미디엄 그레이],https://image.msscdn.net/images/goods_img/20220923/2815324/2815324_17794093494968_500.jpg,False
2025-01,M,002020,카디건,002,아우터,23,4510207,suare,수아레,올드 클로젯 체크 가디건 카카오,https://image.msscdn.net/images/goods_img/20241011/4510207/4510207_17297395352202_500.jpg,False
2025-01,M,002020,카디건,002,아우터,24,4299338,partimento,파르티멘토,뱃지 리뉴얼 니트 라운드 가디건 레드,https://image.msscdn.net/images/goods_img/20240806/4299338/4299338_17237817273203_500.jpg,False
2025-01,M,002020,카디건,002,아우터,25,3521025,knitted,니티드,쉐기독 울 100% 라운드 가디건 GREY,https://image.msscdn.net/images/goods_img/20230901/3521025/3521025_17273308382008_500.jpg,False
2025-01,M,002020,카디건,002,아우터,26,3426602,espionage,에스피오나지,Miller Heavyweight Cardigan Black,https://image.msscdn.net/images/goods_img/20230725/3426602/3426602_16909461545960_500.jpg,False
2025-01,M,002020,카디건,002,아우터,27,3870414,branded,브랜디드,AFTER ROUND CROP CARDIGAN [CHARCOAL],https://image.msscdn.net/images/goods_img/20240215/3870414/3870414_17083449016532_500.jpg,False
2025-01,M,002020,카디건,002,아우터,28,3794563,maninstore,무드인사이드,웨이브 투웨이 니트집업_Gray,https://image.msscdn.net/images/goods_img/20240115/3794563/3794563_17569700843954_500.jpg,False
2025-01,M,002020,카디건,002,아우터,29,4702387,drawfit,드로우핏,어베인 울 크롭 니트 가디건 [MELANGE GREY],https://image.msscdn.net/images/goods_img/20250107/4702387/4702387_17568575608324_500.jpg,False
2025-01,M,002020,카디건,002,아우터,30,4597471,fakecamper,페이크캠퍼,눈꽃 자가드 노르딕 니트 집업 [NAVY],https://image.msscdn.net/images/goods_img/20241107/4597471/4597471_17573994303576_500.jpg,False
2025-01,M,002017,트러커 재킷,002,아우터,1,4262843,outstanding,아웃스탠딩,[MUT lab] W.W. II SELVEDGE DENIM 1ST JACKET_INDIGO,https://image.msscdn.net/images/goods_img/20240719/4262843/4262843_17682659790914_500.jpg,False
2025-01,M,002017,트러커 재킷,002,아우터,2,4693591,outstanding,아웃스탠딩,[MUT lab] SELVEDGE DENIM 1ST JACKET_INDIGO,https://image.msscdn.net/images/goods_img/20250102/4693591/4693591_17860676827501_500.jpg,False
2025-01,M,002017,트러커 재킷,002,아우터,3,3046279,outstanding,아웃스탠딩,SELVEDGE DENIM 2ND JACKET_INDIGO,https://image.msscdn.net/images/goods_img/20230130/3046279/3046279_17684404870062_500.jpg,False
2025-01,M,002017,트러커 재킷,002,아우터,4,4287413,trillion,트릴리온,코듀로이 카라 데님 집업 워크 자켓 (BLACK),https://image.msscdn.net/images/goods_img/20240731/4287413/4287413_17228544866344_500.jpg,False
2025-01,M,002017,트러커 재킷,002,아우터,5,3836318,toffee,토피,빈티지 스냅 데님 블루종 자켓 (WASHED INDIGO),https://image.msscdn.net/images/goods_img/20240131/3836318/3836318_17071205288194_500.jpg,False
2025-01,M,002017,트러커 재킷,002,아우터,6,1790383,trillion,트릴리온,워싱 스티치 데님자켓 (BLACK),https://image.msscdn.net/images/goods_img/20210210/1790383/1790383_2_500.jpg,False
2025-01,M,002017,트러커 재킷,002,아우터,7,2359414,noirer,노이어,오버핏 크롭 데님 자켓 (블랙),https://image.msscdn.net/images/goods_img/20220214/2359414/2359414_17080536538331_500.jpg,False
2025-01,M,002017,트러커 재킷,002,아우터,8,3622977,trillion,트릴리온,페이드 워싱 바이커 데님 자켓 (BLACK),https://image.msscdn.net/images/goods_img/20231012/3622977/3622977_16977691200340_500.jpg,False
2025-01,M,002017,트러커 재킷,002,아우터,9,3801342,supersub,슈퍼서브,워싱 크롭 데님 재킷 - 워시드 브라운,https://image.msscdn.net/images/goods_img/20240117/3801342/3801342_17065954658593_500.jpg,False
2025-01,M,002017,트러커 재킷,002,아우터,10,4353364,noirer,노이어,벨벳 텍스쳐 데님 트러커 자켓 (블랙),https://image.msscdn.net/images/goods_img/20240821/4353364/4353364_17392886821736_500.jpg,False
2025-01,M,002017,트러커 재킷,002,아우터,11,3461559,outstanding,아웃스탠딩,SELVEDGE DENIM 2ND JACKET_BLACK,https://image.msscdn.net/images/goods_img/20230811/3461559/3461559_17374205350021_500.jpg,False
2025-01,M,002017,트러커 재킷,002,아우터,12,4278906,lmood,엘무드,버번 데님 트러커 자켓 벨벳틴 블랙,https://image.msscdn.net/images/goods_img/20240729/4278906/4278906_17243791333736_500.jpg,False
2025-01,M,002017,트러커 재킷,002,아우터,13,4299766,lee,리,콘밀 데님 자켓 인디고 로우,https://image.msscdn.net/images/goods_img/20240806/4299766/4299766_17229212669894_500.jpg,False
2025-01,M,002017,트러커 재킷,002,아우터,14,3510056,demil,데밀,LOT.062 파이오니어 셀비지 데님자켓 인디고 원워시,https://image.msscdn.net/images/goods_img/20230829/3510056/3510056_17147199908980_500.jpg,False
2025-01,M,002017,트러커 재킷,002,아우터,15,4498086,espionage,에스피오나지,Blanket Lined Denim Work Jacket Washed Indigo,https://image.msscdn.net/images/goods_img/20241008/4498086/4498086_17286154837189_500.jpg,False
2025-01,M,002017,트러커 재킷,002,아우터,16,4673166,standarderror,스탠다드에러,87-STAN116 [뉴트로] 빈티지 워시드 더블 라인 데님 자켓 빈티지 블랙,https://image.msscdn.net/images/goods_img/20241219/4673166/4673166_17551436384301_500.jpg,False
2025-01,M,002017,트러커 재킷,002,아우터,17,3596063,dimitriblack,디미트리블랙,2WAY 크롭 코듀로이 드리즐러 자켓_브라운,https://image.msscdn.net/images/goods_img/20230926/3596063/3596063_17621457230668_500.jpg,False
2025-01,M,002017,트러커 재킷,002,아우터,18,1195307,branded,브랜디드,2001 SLOW WORKER DENIM WASH. JACKET [BLACK INDIGO],https://image.msscdn.net/images/goods_img/20191021/1195307/1195307_4_500.jpg,False
2025-01,M,002017,트러커 재킷,002,아우터,19,4302209,kiimuir,키뮤어,데님 워크 자켓_데님,https://image.msscdn.net/images/goods_img/20240806/4302209/4302209_17243850584225_500.jpg,False
2025-01,M,002017,트러커 재킷,002,아우터,20,4300024,againstallodds,에이지오디,워시드 크롭 집업 데님 자켓 [그레이],https://image.msscdn.net/images/goods_img/20240806/4300024/4300024_17673355542091_500.jpg,False
2025-01,M,002017,트러커 재킷,002,아우터,21,4305404,drawfit,드로우핏,콘트라스트 워크 트러커 자켓 [D.GREY],https://image.msscdn.net/images/goods_img/20240807/4305404/4305404_17236128988610_500.jpg,False
2025-01,M,002017,트러커 재킷,002,아우터,22,4383809,suare,수아레,샌느 셋업,https://image.msscdn.net/images/goods_img/20240829/4383809/4383809_17301816216764_500.jpg,False
2025-01,M,002017,트러커 재킷,002,아우터,23,3827748,toffee,토피,워시드 데님 트러커 자켓 (WASHED BLACK),https://image.msscdn.net/images/goods_img/20240129/3827748/3827748_17071118135840_500.jpg,False
2025-01,M,002017,트러커 재킷,002,아우터,24,4287892,supersub,슈퍼서브,워싱 크롭 데님 재킷 - 워시드 블루,https://image.msscdn.net/images/goods_img/20240801/4287892/4287892_17224927839087_500.jpg,False
2025-01,M,002017,트러커 재킷,002,아우터,25,2403367,espionage,에스피오나지,French Wide Work Jacket (Moleskin) French Blue,https://image.msscdn.net/images/goods_img/20220307/2403367/2403367_1_500.jpg,False
2025-01,M,002017,트러커 재킷,002,아우터,26,2446974,laugher,라퍼,[SET][논페이드] 카우보이 데님 셋업 - 딥블루,https://image.msscdn.net/images/goods_img/20220325/2446974/2446974_16909544232601_500.jpg,False
2025-01,M,002017,트러커 재킷,002,아우터,27,4370014,espionage,에스피오나지,Minimal Denim Trucker Jacket Mid Indigo,https://image.msscdn.net/images/goods_img/20240826/4370014/4370014_17248960554904_500.jpg,False
2025-01,M,002017,트러커 재킷,002,아우터,28,2028925,mindbridge,마인드브릿지,스웨이드트러커 - 2color MYJP6101,https://image.msscdn.net/images/goods_img/20210714/2028925/2028925_17894374890214_500.jpg,False
2025-01,M,002017,트러커 재킷,002,아우터,29,3821788,nautica,노티카,[JP Line]데님 블루종,https://image.msscdn.net/images/goods_img/20240125/3821788/3821788_17744935305485_500.jpg,False
2025-01,M,002017,트러커 재킷,002,아우터,30,4350407,coor,쿠어,머드 다잉 패디드 데님 자켓 (워시드블랙),https://image.msscdn.net/images/goods_img/20240820/4350407/4350407_17242410730391_500.jpg,False
2025-01,M,002003,슈트/블레이저 재킷,002,아우터,1,1558197,musinsastandard,무신사 스탠다드,릴렉스드 베이식 블레이저 [블랙],https://image.msscdn.net/images/goods_img/20200820/1558197/1558197_17791521338764_500.jpg,False
2025-01,M,002003,슈트/블레이저 재킷,002,아우터,2,4384039,suare,수아레,프렌치 울 트위드 블레이저,https://image.msscdn.net/images/goods_img/20240829/4384039/4384039_17258778553515_500.jpg,False
2025-01,M,002003,슈트/블레이저 재킷,002,아우터,3,1108007,musinsastandard,무신사 스탠다드,베이식 블레이저 [블랙],https://image.msscdn.net/images/goods_img/20190802/1108007/1108007_17896970765683_500.jpg,False
2025-01,M,002003,슈트/블레이저 재킷,002,아우터,4,3656886,with1,윗,울 오버 블레이저 자켓 - 브라운,https://image.msscdn.net/images/goods_img/20231025/3656886/3656886_16993408980388_500.jpg,False
2025-01,M,002003,슈트/블레이저 재킷,002,아우터,5,1283757,musinsastandard,무신사 스탠다드,오버사이즈 블레이저 [블랙],https://image.msscdn.net/images/goods_img/20200130/1283757/1283757_17514309817123_500.jpg,False
2025-01,M,002003,슈트/블레이저 재킷,002,아우터,6,3825573,lemainsecond,리메인세컨드,[SET UP] 베이식 세미 오버핏 셋업 수트,https://image.msscdn.net/images/goods_img/20240126/3825573/3825573_17151317585846_500.jpg,False
2025-01,M,002003,슈트/블레이저 재킷,002,아우터,7,2723772,suare,수아레,헤리티지 블레이저 시리즈,https://image.msscdn.net/images/goods_img/20220818/2723772/2723772_17152500620750_500.jpg,False
2025-01,M,002003,슈트/블레이저 재킷,002,아우터,8,3809740,nonblank,넌블랭크,W11 울 블렌드 세미 오버 핏 셋업 수트_CHARCOAL GREY,https://image.msscdn.net/images/goods_img/20240119/3809740/3809740_17770091932615_500.jpg,False
2025-01,M,002003,슈트/블레이저 재킷,002,아우터,9,1558671,musinsastandard,무신사 스탠다드,릴렉스드 베이식 블레이저 [차콜 그레이],https://image.msscdn.net/images/goods_img/20200821/1558671/1558671_17514475628467_500.jpg,False
2025-01,M,002003,슈트/블레이저 재킷,002,아우터,10,2572705,nonblank,넌블랭크,[SAINT YEAR] 세미 오버 핏 셋업 수트_GREY,https://image.msscdn.net/images/goods_img/20220520/2572705/2572705_17769899182977_500.jpg,False
2025-01,M,002003,슈트/블레이저 재킷,002,아우터,11,4354954,bants,반츠,SDS 우스티드 울 3B 싱글 블레이저 - 네이비,https://image.msscdn.net/images/goods_img/20240821/4354954/4354954_17242346910258_500.jpg,False
2025-01,M,002003,슈트/블레이저 재킷,002,아우터,12,1558683,musinsastandard,무신사 스탠다드,릴렉스드 베이식 블레이저 [미디엄 그레이],https://image.msscdn.net/images/goods_img/20200821/1558683/1558683_17514474604010_500.jpg,False
2025-01,M,002003,슈트/블레이저 재킷,002,아우터,13,2254806,musinsastandard,무신사 스탠다드,릴렉스드 베이식 울 블레이저 [블랙],https://image.msscdn.net/images/goods_img/20211202/2254806/2254806_17267990888599_500.jpg,False
2025-01,M,002003,슈트/블레이저 재킷,002,아우터,14,2808735,tradclubvintage,트래드클럽,캔터베리 클래식 레귤러 셋업 수트,https://image.msscdn.net/images/goods_img/20220921/2808735/2808735_17116072363778_500.jpg,False
2025-01,M,002003,슈트/블레이저 재킷,002,아우터,15,3812762,nonblank,넌블랭크,[CARREMAN] 세미 오버 핏 셋업 수트_BLACK,https://image.msscdn.net/images/goods_img/20240122/3812762/3812762_17770086866778_500.jpg,False
2025-01,M,002003,슈트/블레이저 재킷,002,아우터,16,1248260,musinsastandard,무신사 스탠다드,베이식 울 블레이저 [블랙],https://image.msscdn.net/images/goods_img/20191210/1248260/1248260_3_500.jpg,False
2025-01,M,002003,슈트/블레이저 재킷,002,아우터,17,3891120,with1,윗,오버 블레이져 자켓 - 블랙,https://image.msscdn.net/images/goods_img/20240222/3891120/3891120_17085735199273_500.jpg,False
2025-01,M,002003,슈트/블레이저 재킷,002,아우터,18,1873073,musinsastandard,무신사 스탠다드,오버사이즈 블레이저 [미디엄 그레이],https://image.msscdn.net/images/goods_img/20210331/1873073/1873073_17775139886227_500.jpg,False
2025-01,M,002003,슈트/블레이저 재킷,002,아우터,19,4683275,bants,반츠,SDS 헤링본 트위드 울 3B 싱글 자켓 - 그레이,https://image.msscdn.net/images/goods_img/20241227/4683275/4683275_17352896209866_500.jpg,False
2025-01,M,002003,슈트/블레이저 재킷,002,아우터,20,2375909,musinsastandard,무신사 스탠다드,빅 대디 오버사이즈 블레이저 [블랙],https://image.msscdn.net/images/goods_img/20220222/2375909/2375909_17790837176470_500.jpg,False
2025-01,M,002003,슈트/블레이저 재킷,002,아우터,21,4396337,lemard,르마드,시그니처 울 자켓 - 블랙,https://image.msscdn.net/images/goods_img/20240903/4396337/4396337_17253271357206_500.jpg,False
2025-01,M,002003,슈트/블레이저 재킷,002,아우터,22,1659196,prairie,프레리,(세트상품) 울 헤링본 체크 블레이저 셋업 (CHARCOAL),https://image.msscdn.net/images/goods_img/20201022/1659196/1659196_17889165652076_500.jpg,False
2025-01,M,002003,슈트/블레이저 재킷,002,아우터,23,2572700,nonblank,넌블랭크,[SAINT YEAR] 세미 오버 핏 셋업 수트_BLACK,https://image.msscdn.net/images/goods_img/20220520/2572700/2572700_17769897170778_500.jpg,False
2025-01,M,002003,슈트/블레이저 재킷,002,아우터,24,3656872,with1,윗,울 오버 블레이저 자켓 - 블랙,https://image.msscdn.net/images/goods_img/20231025/3656872/3656872_16993408334452_500.jpg,False
2025-01,M,002003,슈트/블레이저 재킷,002,아우터,25,2116432,musinsastandard,무신사 스탠다드,울 플란넬 오버사이즈 블레이저 [미디엄 그레이],https://image.msscdn.net/images/goods_img/20210908/2116432/2116432_17140243018253_500.jpg,False
2025-01,M,002003,슈트/블레이저 재킷,002,아우터,26,4566692,untapped,언탭트 스튜디오,[SET UP]투턱 와이드 팬츠&오버핏 수트 정장 세트 2Color,https://image.msscdn.net/images/goods_img/20241028/4566692/4566692_17303674491676_500.jpg,False
2025-01,M,002003,슈트/블레이저 재킷,002,아우터,27,1558677,musinsastandard,무신사 스탠다드,릴렉스드 베이식 블레이저 [네이비],https://image.msscdn.net/images/goods_img/20200821/1558677/1558677_17514471253820_500.jpg,False
2025-01,M,002003,슈트/블레이저 재킷,002,아우터,28,4293261,lemard,르마드,테일러 스웨이드 자켓 - 브라운,https://image.msscdn.net/images/goods_img/20240802/4293261/4293261_17225848512745_500.jpg,False
2025-01,M,002003,슈트/블레이저 재킷,002,아우터,29,2116431,musinsastandard,무신사 스탠다드,울 플란넬 오버사이즈 블레이저 [블랙],https://image.msscdn.net/images/goods_img/20210908/2116431/2116431_17140243204306_500.jpg,False
2025-01,M,002003,슈트/블레이저 재킷,002,아우터,30,4293552,tngt,티엔지티,라이트브라운 『Redford』 헤링본 테일러드 자켓 (TNJA4F103I2),https://image.msscdn.net/images/goods_img/20240802/4293552/4293552_17579871642713_500.jpg,False
2025-01,M,002004,스타디움 재킷,002,아우터,1,3730463,poloralphlauren,폴로 랄프 로렌,바시티 스타일 재킷 - 그린,https://image.msscdn.net/images/goods_img/20231123/3730463/3730463_17152312522806_500.jpg,False
2025-01,M,002004,스타디움 재킷,002,아우터,2,2752807,kiimuir,키뮤어,[25SS] 울(WOOL) 바시티 자켓_블랙,https://image.msscdn.net/images/goods_img/20220830/2752807/2752807_17664729093372_500.jpg,False
2025-01,M,002004,스타디움 재킷,002,아우터,3,2123924,espionage,에스피오나지,Standard Varsity Jacket Navy,https://image.msscdn.net/images/goods_img/20210910/2123924/2123924_1_500.jpg,False
2025-01,M,002004,스타디움 재킷,002,아우터,4,4498312,espionage,에스피오나지,Standard Varsity Jacket NS Black,https://image.msscdn.net/images/goods_img/20241008/4498312/4498312_17286158569727_500.jpg,False
2025-01,M,002004,스타디움 재킷,002,아우터,5,2752809,kiimuir,키뮤어,[25SS] 울(WOOL) 바시티 자켓_네이비,https://image.msscdn.net/images/goods_img/20220830/2752809/2752809_17388178850129_500.jpg,False
2025-01,M,002004,스타디움 재킷,002,아우터,6,3557760,newera,뉴에라,MLB 뉴욕양키스 스타디움 재킷 네이비,https://image.msscdn.net/images/goods_img/20230913/3557760/3557760_16946558019097_500.jpg,False
2025-01,M,002004,스타디움 재킷,002,아우터,7,2225492,outstanding,아웃스탠딩,VARSITY COWHIDE JACKET_BLACK,https://image.msscdn.net/images/goods_img/20211110/2225492/2225492_17282759829611_500.jpg,False
2025-01,M,002004,스타디움 재킷,002,아우터,8,3061176,poloralphlauren,폴로 랄프 로렌,[NEW YORK BOXING CLUB] 새틴 바시티 리버시블 재킷 - 블랙,https://image.msscdn.net/images/goods_img/20230206/3061176/3061176_17161651575693_500.jpg,False
2025-01,M,002004,스타디움 재킷,002,아우터,9,3557766,newera,뉴에라,MLB 뉴욕양키스 월드시리즈 패치 스타디움 재킷 블랙,https://image.msscdn.net/images/goods_img/20230913/3557766/3557766_16946555757159_500.jpg,False
2025-01,M,002004,스타디움 재킷,002,아우터,10,4440713,poloralphlauren,폴로 랄프 로렌,리버시블 레터맨 재킷-멀티컬러,https://image.msscdn.net/images/goods_img/20240913/4440713/4440713_17292155389119_500.jpg,False
2025-01,M,002004,스타디움 재킷,002,아우터,11,2752332,lettercomo,레테르코모,빅 어워드 스타디움 울 바시티자켓 블랙,https://image.msscdn.net/images/goods_img/20220829/2752332/2752332_17600737132519_500.jpg,False
2025-01,M,002004,스타디움 재킷,002,아우터,12,2093817,takeasy,테이크이지,라쿠 베이스볼 오버자켓(네이비),https://image.msscdn.net/images/goods_img/20210827/2093817/2093817_4_500.jpg,False
2025-01,M,002004,스타디움 재킷,002,아우터,13,3294541,poloralphlauren,폴로 랄프 로렌,플리스 베이스볼 재킷 - 네이비,https://image.msscdn.net/images/goods_img/20230512/3294541/3294541_16861231294723_500.jpg,False
2025-01,M,002004,스타디움 재킷,002,아우터,14,4262836,outstanding,아웃스탠딩,VARSITY COWHIDE JACKET_OLIVE,https://image.msscdn.net/images/goods_img/20240719/4262836/4262836_17282758479444_500.jpg,False
2025-01,M,002004,스타디움 재킷,002,아우터,15,3034369,jemut,제멋,레더 레글런 바시티 자켓 4종 다크그린 YHOT2461,https://image.msscdn.net/images/goods_img/20230119/3034369/3034369_16741120892037_500.jpg,False
2025-01,M,002004,스타디움 재킷,002,아우터,16,4483820,covernat,커버낫,24FW 컬리지 C 울 바시티 네이비,https://image.msscdn.net/images/goods_img/20241002/4483820/4483820_17321677372498_500.jpg,False
2025-01,M,002004,스타디움 재킷,002,아우터,17,3945976,poloralphlauren,폴로 랄프 로렌,리버시블 트윌 새틴 재킷 - 멀티,https://image.msscdn.net/images/goods_img/20240313/3945976/3945976_17146232168043_500.jpg,False
2025-01,M,002004,스타디움 재킷,002,아우터,18,4419282,saintlaurent,생로랑,클래식 테디 재킷 - 블랙:화이트 / 354718Y180W1070,https://image.msscdn.net/images/goods_img/20240909/4419282/4419282_17273163887589_500.jpg,False
2025-01,M,002004,스타디움 재킷,002,아우터,19,3439979,urbandtype,어반디타입,(패딩or논패딩 선택) 코듀로이 래글런 자켓_네이비,https://image.msscdn.net/images/goods_img/20230801/3439979/3439979_17346618324739_500.jpg,False
2025-01,M,002004,스타디움 재킷,002,아우터,20,4456327,yeseyesee,예스아이씨,Floral Varsity Jacket Beige,https://image.msscdn.net/images/goods_img/20240924/4456327/4456327_17278332069810_500.jpg,False
2025-01,M,002004,스타디움 재킷,002,아우터,21,4525863,newera,뉴에라,AP MLB LOGO STADIUM JK43 LOSDOD D BLU,https://image.msscdn.net/images/goods_img/20241016/4525863/4525863_17291421754890_500.jpg,False
2025-01,M,002004,스타디움 재킷,002,아우터,22,4225500,diesel,디젤,L 니만 재킷 - 블랙 / A144140LHAL9XX,https://image.msscdn.net/images/goods_img/20240701/4225500/4225500_17216971223233_500.jpg,False
2025-01,M,002004,스타디움 재킷,002,아우터,23,2959465,rawlab,로우랩,R 시티 헤비 바시티자켓 (네이비),https://image.msscdn.net/images/goods_img/20221124/2959465/2959465_1_500.jpg,False
2025-01,M,002004,스타디움 재킷,002,아우터,24,3487909,kiimuir,키뮤어,[25SS] 울(WOOL) 바시티 자켓_그레이,https://image.msscdn.net/images/goods_img/20230822/3487909/3487909_17664787901280_500.jpg,False
2025-01,M,002004,스타디움 재킷,002,아우터,25,4483585,wkndrs,위캔더스,BUNNY GIRL VARSITY JACKET (BLACK),https://image.msscdn.net/images/goods_img/20241002/4483585/4483585_17296477536326_500.jpg,False
2025-01,M,002004,스타디움 재킷,002,아우터,26,4279954,aecawhite,에이카화이트,DOUBLE A WOOL VARSITY JACKET-BROWN,https://image.msscdn.net/images/goods_img/20240729/4279954/4279954_17248116285831_500.jpg,False
2025-01,M,002004,스타디움 재킷,002,아우터,27,4595878,borntowin,본투윈,VARSITY QUILTING JACKET [BLACK],https://image.msscdn.net/images/goods_img/20241107/4595878/4595878_17314634230834_500.jpg,False
2025-01,M,002004,스타디움 재킷,002,아우터,28,4525861,newera,뉴에라,AP MLB STADIUM JK43 LOSDOD B QUA,https://image.msscdn.net/images/goods_img/20241016/4525861/4525861_17291421417713_500.jpg,False
2025-01,M,002004,스타디움 재킷,002,아우터,29,4280331,nomanual,노매뉴얼,W.S VARSITY JACKET - BLACK,https://image.msscdn.net/images/goods_img/20240729/4280331/4280331_17231681884095_500.jpg,False
2025-01,M,002004,스타디움 재킷,002,아우터,30,3231311,poloralphlauren,폴로 랄프 로렌,윔블던 더블 니트 베이스볼 재킷 - 네이비,https://image.msscdn.net/images/goods_img/20230413/3231311/3231311_17152312175080_500.jpg,False
2025-01,M,002006,나일론/코치 재킷,002,아우터,1,1620287,poloralphlauren,폴로 랄프 로렌,바이스윙 윈드브레이커 - 블랙,https://image.msscdn.net/images/goods_img/20200923/1620287/1620287_2_500.jpg,False
2025-01,M,002006,나일론/코치 재킷,002,아우터,2,4291290,columbia,컬럼비아,캐년 서클™ 인터체인지 자켓 - 블렉,https://image.msscdn.net/images/goods_img/20240802/4291290/4291290_17261261855930_500.jpg,False
2025-01,M,002006,나일론/코치 재킷,002,아우터,3,4306468,musinsastandardsp,무신사 스탠다드 스포츠,2-Layer 바람막이 (3color),https://image.msscdn.net/images/goods_img/20240807/4306468/4306468_17744241636933_500.jpg,False
2025-01,M,002006,나일론/코치 재킷,002,아우터,4,4422965,frizmworks,프리즘웍스,2LAYER GEN1 SHELL PARKA _ BLACK,https://image.msscdn.net/images/goods_img/20240909/4422965/4422965_17261078515969_500.jpg,False
2025-01,M,002006,나일론/코치 재킷,002,아우터,5,4327235,thenorthface,노스페이스,NJ2GQ52A 남성 고어텍스 하이커 자켓_BLACK,https://image.msscdn.net/images/goods_img/20240813/4327235/4327235_17235386418707_500.jpg,False
2025-01,M,002006,나일론/코치 재킷,002,아우터,6,2329532,nomanual,노매뉴얼,PENON WIND SHELL - BLACK,https://image.msscdn.net/images/goods_img/20220126/2329532/2329532_16762491689303_500.jpg,False
2025-01,M,002006,나일론/코치 재킷,002,아우터,7,4286685,thenorthface,노스페이스,NJ2HQ55A 남성 하이 마운틴 자켓_BLACK,https://image.msscdn.net/images/goods_img/20240731/4286685/4286685_17224143479289_500.jpg,False
2025-01,M,002006,나일론/코치 재킷,002,아우터,8,3455882,filluminate,필루미네이트,타슬란 윈드 테이커 자켓-라이트그레이,https://image.msscdn.net/images/goods_img/20230809/3455882/3455882_17827964138309_500.jpg,False
2025-01,M,002006,나일론/코치 재킷,002,아우터,9,3801725,ertr,이알티알,ERRATOR Team Winter Jacket (Navy),https://image.msscdn.net/images/goods_img/20240117/3801725/3801725_17201691948203_500.jpg,False
2025-01,M,002006,나일론/코치 재킷,002,아우터,10,4286759,thenorthface,노스페이스,NJ2GQ51A 남성 고어텍스 마운틴 3L 자켓_BLACK,https://image.msscdn.net/images/goods_img/20240731/4286759/4286759_17224146583929_500.jpg,False
2025-01,M,002006,나일론/코치 재킷,002,아우터,11,3455892,filluminate,필루미네이트,타슬란 윈드 테이커 자켓-블랙,https://image.msscdn.net/images/goods_img/20230809/3455892/3455892_17827964402390_500.jpg,False
2025-01,M,002006,나일론/코치 재킷,002,아우터,12,3209864,not4nerd,낫포너드,Tribal Logo Nylon Racing Jacket - Black,https://image.msscdn.net/images/goods_img/20230405/3209864/3209864_16810674167028_500.jpg,False
2025-01,M,002006,나일론/코치 재킷,002,아우터,13,4422967,frizmworks,프리즘웍스,2LAYER GEN1 SHELL PARKA _ LIGHT GRAY,https://image.msscdn.net/images/goods_img/20240909/4422967/4422967_17261077728053_500.jpg,False
2025-01,M,002006,나일론/코치 재킷,002,아우터,14,3468754,iey,이에이,WIRE COLLAR OVERSIZED JUMPER Khaki,https://image.msscdn.net/images/goods_img/20230816/3468754/3468754_16922673462620_500.jpg,False
2025-01,M,002006,나일론/코치 재킷,002,아우터,15,4286917,thenorthface,노스페이스,NJ3BQ55A 남성 데날리 윈드 EX 자켓_BLACK,https://image.msscdn.net/images/goods_img/20240731/4286917/4286917_17224151144861_500.jpg,False
2025-01,M,002006,나일론/코치 재킷,002,아우터,16,3793565,musinsastandard,무신사 스탠다드,시티 레저 시어 윈드브레이커 재킷 [블랙],https://image.msscdn.net/images/goods_img/20240112/3793565/3793565_17738965169888_500.jpg,False
2025-01,M,002006,나일론/코치 재킷,002,아우터,17,4502255,thenorthface,노스페이스,NJ3BQ53K 화이트라벨 밴든 자켓_GRAY,https://image.msscdn.net/images/goods_img/20241010/4502255/4502255_17285354659024_500.jpg,False
2025-01,M,002006,나일론/코치 재킷,002,아우터,18,4518110,thenorthface,노스페이스,NJ3BQ53L 화이트라벨 밴든 자켓_BEIGE BROWN,https://image.msscdn.net/images/goods_img/20241015/4518110/4518110_17289604198948_500.jpg,False
2025-01,M,002006,나일론/코치 재킷,002,아우터,19,4641918,arcteryx,아크테릭스,아톰 헤비웨이트 후디 남성 - SOLARIS / AJOFMX7302,https://image.msscdn.net/images/goods_img/20241128/4641918/4641918_17332124756064_500.jpg,False
2025-01,M,002006,나일론/코치 재킷,002,아우터,20,4312892,poloralphlauren,폴로 랄프 로렌,트윌 바이스윙 재킷-그린,https://image.msscdn.net/images/goods_img/20240809/4312892/4312892_17253542800418_500.jpg,False
2025-01,M,002006,나일론/코치 재킷,002,아우터,21,4422966,frizmworks,프리즘웍스,2LAYER GEN1 SHELL PARKA _ OLIVE,https://image.msscdn.net/images/goods_img/20240909/4422966/4422966_17261078051473_500.jpg,False
2025-01,M,002006,나일론/코치 재킷,002,아우터,22,3525725,nautica,노티카,83플래그 리버시블 요트 파카(다크네이비),https://image.msscdn.net/images/goods_img/20230904/3525725/3525725_17871833101260_500.jpg,False
2025-01,M,002006,나일론/코치 재킷,002,아우터,23,2471405,slowrecordhouse,슬로우 레코드 하우스,파이핑 라인 나일론 자켓_네이비,https://image.msscdn.net/images/goods_img/20220406/2471405/2471405_17013952125581_500.jpg,False
2025-01,M,002006,나일론/코치 재킷,002,아우터,24,4270187,stoneisland,스톤아일랜드,윈드 레지스턴트 라이트 재킷 - 블랙 / 8115Q0123V0029,https://image.msscdn.net/images/goods_img/20240724/4270187/4270187_17231736558917_500.jpg,False
2025-01,M,002006,나일론/코치 재킷,002,아우터,25,4461980,columbia,컬럼비아,남성 스노우 타워 레이크 다운 자켓 C54YM3471010,https://image.msscdn.net/images/goods_img/20240925/4461980/4461980_17285242914920_500.jpg,False
2025-01,M,002006,나일론/코치 재킷,002,아우터,26,4281724,umbro,엄브로,클래식 웜업 바람막이 자켓 카키(UP321CJK96),https://image.msscdn.net/images/goods_img/20240730/4281724/4281724_17292251275386_500.jpg,False
2025-01,M,002006,나일론/코치 재킷,002,아우터,27,3681728,bysec,바이젝,우븐 라인 머슬 브레이커 자켓,https://image.msscdn.net/images/goods_img/20231102/3681728/3681728_17434759893978_500.jpg,False
2025-01,M,002006,나일론/코치 재킷,002,아우터,28,4467497,moif,모이프,[AW24]LINER JACKET / BLACK,https://image.msscdn.net/images/goods_img/20240926/4467497/4467497_17274180456587_500.jpg,False
2025-01,M,002006,나일론/코치 재킷,002,아우터,29,3793560,musinsastandard,무신사 스탠다드,오버사이즈 하이넥 윈드브레이커 재킷 [블랙],https://image.msscdn.net/images/goods_img/20240112/3793560/3793560_17080496946411_500.jpg,False
2025-01,M,002006,나일론/코치 재킷,002,아우터,30,3535404,musinsastandardsp,무신사 스탠다드 스포츠,하이 스트레치 바람막이 [블랙],https://image.msscdn.net/images/goods_img/20230906/3535404/3535404_17078109129217_500.jpg,False
2025-01,M,002019,아노락 재킷,002,아우터,1,2792669,tenc,텐씨,템페스트 아노락 재킷 - 블랙 / 17CTCUC04055999FW22,https://image.msscdn.net/images/goods_img/20220915/2792669/2792669_1_500.jpg,False
2025-01,M,002019,아노락 재킷,002,아우터,2,3466549,kiimuir,키뮤어,2-WAY 릴렉스드 헤링턴 자켓_4 color,https://image.msscdn.net/images/goods_img/20230816/3466549/3466549_17732985666081_500.jpg,False
2025-01,M,002019,아노락 재킷,002,아우터,3,3476517,jeep,지프,왜고니어 기모 셋업 바람막이 점퍼 (JO5JPU263BK),https://image.msscdn.net/images/goods_img/20230818/3476517/3476517_16934442091439_500.jpg,False
2025-01,M,002019,아노락 재킷,002,아우터,4,3904797,thisisneverthat,디스이즈네버댓,PERTEX® QA Half Zip Pullover Black,https://image.msscdn.net/images/goods_img/20240227/3904797/3904797_17090246307838_500.jpg,False
2025-01,M,002019,아노락 재킷,002,아우터,5,4470167,umbro,엄브로,WARM+ 풋볼 스탠넥 패딩 아노락 라이트 그레이(UP421SWTO3),https://image.msscdn.net/images/goods_img/20240927/4470167/4470167_17278579267446_500.jpg,False
2025-01,M,002019,아노락 재킷,002,아우터,6,4259388,bysec,바이젝,[SET] 우븐 라인 머슬 브레이커 자켓 + 우븐스판 머슬 브레이커 팬츠,https://image.msscdn.net/images/goods_img/20240718/4259388/4259388_17435628383078_500.jpg,False
2025-01,M,002019,아노락 재킷,002,아우터,7,2782379,eider,아이더,CORDURA (코듀라) UNI 패딩 아노락 자켓_Black,https://image.msscdn.net/images/goods_img/20220908/2782379/2782379_1_500.jpg,False
2025-01,M,002019,아노락 재킷,002,아우터,8,4548855,nike,나이키,스포츠웨어 필드 자켓 M - 미드나이트:화이트 / HQ5355-410,https://image.msscdn.net/images/goods_img/20241023/4548855/4548855_17304292567774_500.jpg,False
2025-01,M,002019,아노락 재킷,002,아우터,9,4328387,lecoq,르꼬끄,네오 선데이 듀스 자켓 블랙(QP323TJK91),https://image.msscdn.net/images/goods_img/20240814/4328387/4328387_17718952127475_500.jpg,False
2025-01,M,002019,아노락 재킷,002,아우터,10,4572657,umbro,엄브로,윈터 하이브리드 아노락 블랙(UP411CFSD1),https://image.msscdn.net/images/goods_img/20241030/4572657/4572657_17303388217279_500.jpg,False
2025-01,M,002019,아노락 재킷,002,아우터,11,3894101,umbro,엄브로,플레이버 스탠넥 아노락 블랙(UP121CWT31),https://image.msscdn.net/images/goods_img/20240223/3894101/3894101_17310357315617_500.jpg,False
2025-01,M,002019,아노락 재킷,002,아우터,12,3228925,rolandgarros,롤랑가로스,[SET] 맨즈 바람막이 반바지 네이비,https://image.msscdn.net/images/goods_img/20230412/3228925/3228925_16814358452940_500.jpg,False
2025-01,M,002019,아노락 재킷,002,아우터,13,3046662,kiimuir,키뮤어,후디드 M-51 자켓_3 COLOR,https://image.msscdn.net/images/goods_img/20230130/3046662/3046662_17283563138184_500.jpg,False
2025-01,M,002019,아노락 재킷,002,아우터,14,4328392,lecoq,르꼬끄,네오 선데이 듀스 자켓 레드(QP323TJK91),https://image.msscdn.net/images/goods_img/20240814/4328392/4328392_17580892022665_500.jpg,False
2025-01,M,002019,아노락 재킷,002,아우터,15,4455743,amfeast,암피스트,트래블러 플리스 풀오버 셔츠 그린,https://image.msscdn.net/images/goods_img/20240924/4455743/4455743_17302643371877_500.jpg,False
2025-01,M,002019,아노락 재킷,002,아우터,16,1776861,secondmonolgue,세컨모놀로그,나일론 윈드 후드 필드 자켓 [BLACK]_COOSJP029BLACK,https://image.msscdn.net/images/goods_img/20210204/1776861/1776861_17416611391481_500.jpg,False
2025-01,M,002019,아노락 재킷,002,아우터,17,4281712,umbro,엄브로,클래식 스탠넥 아노락 차콜(UP321CWT96),https://image.msscdn.net/images/goods_img/20240730/4281712/4281712_17229084363183_500.jpg,False
2025-01,M,002019,아노락 재킷,002,아우터,18,2508644,afresh,어프레쉬,에어스트레치 아노락 자켓_블랙 바람막이,https://image.msscdn.net/images/goods_img/20220422/2508644/2508644_17745030971239_500.jpg,False
2025-01,M,002019,아노락 재킷,002,아우터,19,4525645,nike,나이키,스포츠웨어 필드 자켓 M - 블랙:울프 그레이 / HQ5355-010,https://image.msscdn.net/images/goods_img/20241016/4525645/4525645_17304292428736_500.jpg,False
2025-01,M,002019,아노락 재킷,002,아우터,20,3421061,oamc,오에이엠씨,컴뱃 라이너 버튼업 재킷 - 블랙 / 23A28OAU54MNY00255001,https://image.msscdn.net/images/goods_img/20230724/3421061/3421061_16910287215049_500.jpg,False
2025-01,M,002019,아노락 재킷,002,아우터,21,3100545,umbro,엄브로,클래식 스탠넥 아노락 블랙(UP321CWT96),https://image.msscdn.net/images/goods_img/20230222/3100545/3100545_17548990274331_500.jpg,False
2025-01,M,002019,아노락 재킷,002,아우터,22,4303001,thisisneverthat,디스이즈네버댓,Anorak Jacket Black,https://image.msscdn.net/images/goods_img/20240807/4303001/4303001_17235327629851_500.jpg,False
2025-01,M,002019,아노락 재킷,002,아우터,23,4201702,auralee,오라리,라이트 나일론 하프 집업 풀오버 점퍼 - 라이트 옐로우 / A24SB01DNLIGHTYELLOW,https://image.msscdn.net/images/goods_img/20240617/4201702/4201702_17212895075455_500.jpg,False
2025-01,M,002019,아노락 재킷,002,아우터,24,3550448,snowpeakapparel,스노우피크 어패럴,프로 경량 다운 아노락 Black (S23WUTDJ34),https://image.msscdn.net/images/goods_img/20230911/3550448/3550448_17519615681928_500.jpg,False
2025-01,M,002019,아노락 재킷,002,아우터,25,4065477,ballop,밸롭,[SET] 데이 퍼포먼스 자켓 & 쇼츠 OR 조거팬츠,https://image.msscdn.net/images/goods_img/20240418/4065477/4065477_17134063346290_500.jpg,False
2025-01,M,002019,아노락 재킷,002,아우터,26,3550449,snowpeakapparel,스노우피크 어패럴,프로 경량 다운 아노락 Dark Khaki (S23WUTDJ34),https://image.msscdn.net/images/goods_img/20230911/3550449/3550449_16975131792102_500.jpg,False
2025-01,M,002019,아노락 재킷,002,아우터,27,3488985,romanticcrown,로맨틱크라운,패치드 코튼 아노락_라이트 그레이,https://image.msscdn.net/images/goods_img/20230823/3488985/3488985_17131474273202_500.jpg,False
2025-01,M,002019,아노락 재킷,002,아우터,28,4470168,umbro,엄브로,WARM+ 풋볼 스탠넥 패딩 아노락 블랙(UP421SWTO3),https://image.msscdn.net/images/goods_img/20240927/4470168/4470168_17278579323180_500.jpg,False
2025-01,M,002019,아노락 재킷,002,아우터,29,1810261,urbanplayers,어반플레이어스,오리지널핏 아노락 자켓 (블랙),https://image.msscdn.net/images/goods_img/20210223/1810261/1810261_1_500.jpg,False
2025-01,M,002019,아노락 재킷,002,아우터,30,2876637,columbiauniversity,컬럼비아 유니버시티,FLEECE TECH REVERSIBLE ANORAK JACKET 블랙,https://image.msscdn.net/images/goods_img/20221019/2876637/2876637_17241446527471_500.jpg,False
2025-01,M,002018,트레이닝 재킷,002,아우터,1,3588413,adidas,아디다스,베켄바우어 트랙탑 - 블랙:화이트 / II5763,https://image.msscdn.net/images/goods_img/20230922/3588413/3588413_16957743454348_500.jpg,False
2025-01,M,002018,트레이닝 재킷,002,아우터,2,3578658,adidas,아디다스,BB 트랙탑 - 마룬 / IN1000,https://image.msscdn.net/images/goods_img/20230920/3578658/3578658_16953699537092_500.jpg,False
2025-01,M,002018,트레이닝 재킷,002,아우터,3,3563185,adidas,아디다스,파이어버드 트랙탑 - 블랙 / IJ7058,https://image.msscdn.net/images/goods_img/20230915/3563185/3563185_16950017775747_500.jpg,False
2025-01,M,002018,트레이닝 재킷,002,아우터,4,4489823,adidas,아디다스,BB 트랙탑 - 다크브라운 / JD5267,https://image.msscdn.net/images/goods_img/20241007/4489823/4489823_17453957713625_500.jpg,False
2025-01,M,002018,트레이닝 재킷,002,아우터,5,3905833,adidas,아디다스,BB 트랙탑 - 베이지:인디고 / IZ4922,https://image.msscdn.net/images/goods_img/20240227/3905833/3905833_17453960511933_500.jpg,False
2025-01,M,002018,트레이닝 재킷,002,아우터,6,4280527,travel,트래블,져지 트랙 자켓 아이보리,https://image.msscdn.net/images/goods_img/20240729/4280527/4280527_17693915589684_500.jpg,False
2025-01,M,002018,트레이닝 재킷,002,아우터,7,3771149,adidas,아디다스,우븐 파이어버드 트랙탑 - 블랙 / IT2491,https://image.msscdn.net/images/goods_img/20240102/3771149/3771149_17042416430428_500.jpg,False
2025-01,M,002018,트레이닝 재킷,002,아우터,8,3771089,adidas,아디다스,베켄바우어 트랙탑 - 블랙 / IY8077,https://image.msscdn.net/images/goods_img/20240102/3771089/3771089_17041852509353_500.jpg,False
2025-01,M,002018,트레이닝 재킷,002,아우터,9,3260636,adidas,아디다스,BB 트랙탑 - 네이비 / IK9149,https://image.msscdn.net/images/goods_img/20230425/3260636/3260636_17453962292778_500.jpg,False
2025-01,M,002018,트레이닝 재킷,002,아우터,10,3578659,adidas,아디다스,BB 트랙탑 - 쉐도우그린 / IN1001,https://image.msscdn.net/images/goods_img/20230920/3578659/3578659_17453961138159_500.jpg,False
2025-01,M,002018,트레이닝 재킷,002,아우터,11,3260637,adidas,아디다스,BB 트랙탑 - 스카이블루 / IK9150,https://image.msscdn.net/images/goods_img/20230425/3260637/3260637_17453962145725_500.jpg,False
2025-01,M,002018,트레이닝 재킷,002,아우터,12,4722495,adidas,아디다스,베켄바우어 트랙탑 - 아이보리:브라운 / JP2522,https://image.msscdn.net/images/goods_img/20250115/4722495/4722495_17370146934878_500.jpg,False
2025-01,M,002018,트레이닝 재킷,002,아우터,13,2220819,squidgame,오징어 게임,[공식 컬래버] 무신사 X 오징어 게임 초록색 체육복,https://image.msscdn.net/images/goods_img/20211105/2220819/2220819_3_500.jpg,False
2025-01,M,002018,트레이닝 재킷,002,아우터,14,4280525,travel,트래블,져지 트랙 자켓 네이비,https://image.msscdn.net/images/goods_img/20240729/4280525/4280525_17230945367525_500.jpg,False
2025-01,M,002018,트레이닝 재킷,002,아우터,15,4501470,adidas,아디다스,모토 자켓 - 블랙 / JL8406,https://image.msscdn.net/images/goods_img/20241010/4501470/4501470_17291353363591_500.jpg,False
2025-01,M,002018,트레이닝 재킷,002,아우터,16,3999802,adidas,아디다스,파이어버드 트랙탑 - 인디고 / IR9893,https://image.msscdn.net/images/goods_img/20240328/3999802/3999802_17116109248923_500.jpg,False
2025-01,M,002018,트레이닝 재킷,002,아우터,17,4400157,borntowin,본투윈,SILVER LINE NYLON WIND BREAKER [BLACK],https://image.msscdn.net/images/goods_img/20240903/4400157/4400157_17258626015700_500.jpg,False
2025-01,M,002018,트레이닝 재킷,002,아우터,18,4280526,travel,트래블,져지 트랙 자켓 브라운,https://image.msscdn.net/images/goods_img/20240729/4280526/4280526_17313741600749_500.jpg,False
2025-01,M,002018,트레이닝 재킷,002,아우터,19,3874735,satur,세터,로턴 칼라 트랙 집업 자켓 클래식 네이비,https://image.msscdn.net/images/goods_img/20240215/3874735/3874735_17241621321423_500.jpg,False
2025-01,M,002018,트레이닝 재킷,002,아우터,20,4340586,tolance,토런스,파이핑 트랙 스포티 자켓,https://image.msscdn.net/images/goods_img/20240819/4340586/4340586_17273399649373_500.jpg,False
2025-01,M,002018,트레이닝 재킷,002,아우터,21,4606423,adidas,아디다스,베켄바우어 트랙탑 - 브라운 / IY9879,https://image.msscdn.net/images/goods_img/20241112/4606423/4606423_17315731467039_500.jpg,False
2025-01,M,002018,트레이닝 재킷,002,아우터,22,3790368,originalgarmentproject,오가프,Flower Paisley Vintage Track Jacket Wine,https://image.msscdn.net/images/goods_img/20240111/3790368/3790368_17061605986996_500.jpg,False
2025-01,M,002018,트레이닝 재킷,002,아우터,23,3645438,poloralphlauren,폴로 랄프 로렌,니트 코듀로이 트랙 재킷 - 그린,https://image.msscdn.net/images/goods_img/20231020/3645438/3645438_16992303529205_500.jpg,False
2025-01,M,002018,트레이닝 재킷,002,아우터,24,4627702,mihak1,미학,리플렉티브 레이싱 웜업 자켓 (BLACK),https://image.msscdn.net/images/goods_img/20241120/4627702/4627702_17332769128554_500.jpg,False
2025-01,M,002018,트레이닝 재킷,002,아우터,25,2353497,urbandtype,어반디타입,OL209_러닝클럽 트랙 자켓_네이비,https://image.msscdn.net/images/goods_img/20220210/2353497/2353497_17875332753234_500.jpg,False
2025-01,M,002018,트레이닝 재킷,002,아우터,26,4694108,travel,트래블,져지 트랙 자켓 블랙,https://image.msscdn.net/images/goods_img/20250102/4694108/4694108_17362322773285_500.jpg,False
2025-01,M,002018,트레이닝 재킷,002,아우터,27,3010431,satur,세터,로턴 올 데이 트랙 집업 자켓 캐비어 블랙,https://image.msscdn.net/images/goods_img/20230109/3010431/3010431_17255123428915_500.jpg,False
2025-01,M,002018,트레이닝 재킷,002,아우터,28,4634609,andwander,앤드원더,퍼텍스 쉴드 레인 재킷 - 블랙 / 5744211100010,https://image.msscdn.net/images/goods_img/20241125/4634609/4634609_17331087522282_500.jpg,False
2025-01,M,002018,트레이닝 재킷,002,아우터,29,3790367,originalgarmentproject,오가프,Flower Paisley Vintage Track Jacket Black,https://image.msscdn.net/images/goods_img/20240111/3790367/3790367_17061473444727_500.jpg,False
2025-01,M,002018,트레이닝 재킷,002,아우터,30,3905834,adidas,아디다스,BB 트랙탑 - 블랙:퍼플 / IZ4923,https://image.msscdn.net/images/goods_img/20240227/3905834/3905834_17453960153137_500.jpg,False
2025-01,M,002008,환절기 코트,002,아우터,1,4202567,burberry,버버리,롱 켄싱턴 헤리티지 트렌치 코트 - 블랙 / 8079384,https://image.msscdn.net/images/goods_img/20240618/4202567/4202567_17217896805637_500.jpg,False
2025-01,M,002008,환절기 코트,002,아우터,2,709188,drawfit,드로우핏,오버사이즈 울 트렌치 코트 [BLACK],https://image.msscdn.net/images/goods_img/20180205/709188/709188_16917313775663_500.jpg,False
2025-01,M,002008,환절기 코트,002,아우터,3,4342694,beslow,비슬로우,WASHED LEATHER CAR COAT BLACK,https://image.msscdn.net/images/goods_img/20240819/4342694/4342694_17247495423355_500.jpg,False
2025-01,M,002008,환절기 코트,002,아우터,4,4342689,beslow,비슬로우,WASHED LEATHER CAR COAT BROWN,https://image.msscdn.net/images/goods_img/20240819/4342689/4342689_17253516602883_500.jpg,False
2025-01,M,002008,환절기 코트,002,아우터,5,4659087,burberry,버버리,롱 켄싱턴 헤리티지 M 트렌치 코트 - 블랙 / 8079384,https://image.msscdn.net/images/goods_img/20241210/4659087/4659087_17349152285141_500.jpg,False
2025-01,M,002008,환절기 코트,002,아우터,6,4659204,burberry,버버리,롱 켄싱턴 헤리티지 M 트렌치 코트 - 허니 / 8079385,https://image.msscdn.net/images/goods_img/20241210/4659204/4659204_17346830913046_500.jpg,False
2025-01,M,002008,환절기 코트,002,아우터,7,4523776,amomento,아모멘토,WOOL RAGLAN COAT (2COLORS),https://image.msscdn.net/images/goods_img/20241016/4523776/4523776_17290582689143_500.jpg,False
2025-01,M,002008,환절기 코트,002,아우터,8,4659203,burberry,버버리,미드 렝스 캠던 헤리티지 카 코트 - 허니 / 8079396,https://image.msscdn.net/images/goods_img/20241210/4659203/4659203_17351751940368_500.jpg,False
2025-01,M,002008,환절기 코트,002,아우터,9,680961,flareup,플레어업,오버사이즈 트렌치코트 (FL-012),https://image.msscdn.net/images/prd_img/20171130/680961/detail_680961_37_500.jpg,False
2025-01,M,002008,환절기 코트,002,아우터,10,3836615,espionage,에스피오나지,Tencel Cotton Shooting Coat Olive,https://image.msscdn.net/images/goods_img/20240131/3836615/3836615_17071991175151_500.jpg,False
2025-01,M,002008,환절기 코트,002,아우터,11,4202569,burberry,버버리,미드 렝스 캠던 헤리티지 카 코트 - 콜 블루 / 8079395,https://image.msscdn.net/images/goods_img/20240618/4202569/4202569_17217898749622_500.jpg,False
2025-01,M,002008,환절기 코트,002,아우터,12,4552254,nusarchive,너스 아카이브,Burn Black Coat,https://image.msscdn.net/images/goods_img/20241024/4552254/4552254_17297407047551_500.jpg,False
2025-01,M,002008,환절기 코트,002,아우터,13,2991545,jacquemus,자크뮈스,라 코지 파카 - 라이트 베이지 / 226CO0081060130,https://image.msscdn.net/images/goods_img/20221221/2991545/2991545_16741016570066_500.jpg,False
2025-01,M,002008,환절기 코트,002,아우터,14,4202570,burberry,버버리,미드 렝스 캠던 헤리티지 카 코트 - 블랙 / 8079394,https://image.msscdn.net/images/goods_img/20240618/4202570/4202570_17217898234515_500.jpg,False
2025-01,M,002008,환절기 코트,002,아우터,15,4227210,apc,아페쎄,오스틴 파카 - 다크 네이비 / COGZQM30198IAK,https://image.msscdn.net/images/goods_img/20240702/4227210/4227210_17219511583283_500.jpg,False
2025-01,M,002008,환절기 코트,002,아우터,16,3174398,burberry,버버리,롱 켄싱턴 헤리티지 트렌치코트 - 허니 / 8045861,https://image.msscdn.net/images/goods_img/20230323/3174398/3174398_16868071165005_500.jpg,False
2025-01,M,002008,환절기 코트,002,아우터,17,3233876,burberry,버버리,웨스트민스터 헤리티지 트렌치코트 - 허니 / 8028095,https://image.msscdn.net/images/goods_img/20230414/3233876/3233876_16862024565432_500.jpg,False
2025-01,M,002008,환절기 코트,002,아우터,18,3540883,eastharboursurplus,이스트 하버 서플러스,넬슨 네이비 피코트 - 네이비,https://image.msscdn.net/images/goods_img/20230907/3540883/3540883_16950347606202_500.jpg,False
2025-01,M,002008,환절기 코트,002,아우터,19,1120476,drawfit,드로우핏,오버사이즈 울 트렌치 코트 [CHARCOAL],https://image.msscdn.net/images/goods_img/20190819/1120476/1120476_16917314036439_500.jpg,False
2025-01,M,002008,환절기 코트,002,아우터,20,4604217,waar,와르,DM1035 울 롱 봄버 코트_블랙,https://image.msscdn.net/images/goods_img/20241111/4604217/4604217_17321652580955_500.jpg,False
2025-01,M,002008,환절기 코트,002,아우터,21,2416540,andros,앤드로스,Half Trench Coat (Black),https://image.msscdn.net/images/goods_img/20220314/2416540/2416540_1_500.jpg,False
2025-01,M,002008,환절기 코트,002,아우터,22,4352075,insilence,인사일런스,워시드 수티앵 코트 GREY,https://image.msscdn.net/images/goods_img/20240821/4352075/4352075_17244025125093_500.jpg,False
2025-01,M,002008,환절기 코트,002,아우터,23,4352077,insilence,인사일런스,워시드 수티앵 코트 ASH BROWN,https://image.msscdn.net/images/goods_img/20240821/4352077/4352077_17244024512579_500.jpg,False
2025-01,M,002008,환절기 코트,002,아우터,24,4519985,tommyhilfiger,타미힐피거,캐주얼 블랙워치 코트 (T12E7WCT732ML1DW5),https://image.msscdn.net/images/goods_img/20241015/4519985/4519985_17289768726082_500.jpg,False
2025-01,M,002008,환절기 코트,002,아우터,25,4479782,lee,리,울 더플 코트 네이비,https://image.msscdn.net/images/goods_img/20241002/4479782/4479782_17304278642395_500.jpg,False
2025-01,M,002008,환절기 코트,002,아우터,26,709189,drawfit,드로우핏,오버사이즈 울 트렌치 코트 [BEIGE],https://image.msscdn.net/images/goods_img/20180205/709189/709189_16917313543519_500.jpg,False
2025-01,M,002008,환절기 코트,002,아우터,27,4397701,youth,유스,Oversized Trench Coat - Brown,https://image.msscdn.net/images/goods_img/20240903/4397701/4397701_17260428300674_500.jpg,False
2025-01,M,002008,환절기 코트,002,아우터,28,3836605,espionage,에스피오나지,Tencel Cotton Shooting Coat Dark Grey,https://image.msscdn.net/images/goods_img/20240131/3836605/3836605_17071991702642_500.jpg,False
2025-01,M,002008,환절기 코트,002,아우터,29,1269066,insilence,인사일런스,오버사이즈 트렌치 코트 BLACK,https://image.msscdn.net/images/goods_img/20200113/1269066/1269066_16928568810552_500.jpg,False
2025-01,M,002008,환절기 코트,002,아우터,30,2683854,poloralphlauren,폴로 랄프 로렌,트윌 워킹 윈드브레이커 - 네이비,https://image.msscdn.net/images/goods_img/20220727/2683854/2683854_1_500.jpg,False
2025-01,M,002014,사파리/헌팅 재킷,002,아우터,1,2737014,frizmworks,프리즘웍스,VINCENT M1965 FISHTAIL PARKA 004 _ OLIVE,https://image.msscdn.net/images/goods_img/20220823/2737014/2737014_1_500.jpg,False
2025-01,M,002014,사파리/헌팅 재킷,002,아우터,2,2206096,corrs,인더스트,[ALL리뉴얼.Ver] 오리지널 M65 피시테일 파카_카키,https://image.msscdn.net/images/goods_img/20211028/2206096/2206096_17900456022813_500.jpg,False
2025-01,M,002014,사파리/헌팅 재킷,002,아우터,3,4376737,wvproject,더블유브이프로젝트,더프 헤링턴 자켓 브라운 JJOT7732,https://image.msscdn.net/images/goods_img/20240827/4376737/4376737_17247559627478_500.jpg,False
2025-01,M,002014,사파리/헌팅 재킷,002,아우터,4,2737012,frizmworks,프리즘웍스,VINCENT M1965 FISHTAIL PARKA 004 _ BLACK,https://image.msscdn.net/images/goods_img/20220823/2737012/2737012_1_500.jpg,False
2025-01,M,002014,사파리/헌팅 재킷,002,아우터,5,2206111,corrs,인더스트,[ALL리뉴얼.Ver] 오리지널 M65 피시테일 파카_블랙,https://image.msscdn.net/images/goods_img/20211028/2206111/2206111_17897117130826_500.jpg,False
2025-01,M,002014,사파리/헌팅 재킷,002,아우터,6,1204448,partimento,파르티멘토,3M 신슐레이트 M-65 피시테일 코트 패딩 카키,https://image.msscdn.net/images/goods_img/20191028/1204448/1204448_17296732076473_500.jpg,False
2025-01,M,002014,사파리/헌팅 재킷,002,아우터,7,3094153,espionage,에스피오나지,Hunting Blouson Jacket Olive,https://image.msscdn.net/images/goods_img/20230220/3094153/3094153_16771294572861_500.jpg,False
2025-01,M,002014,사파리/헌팅 재킷,002,아우터,8,2737008,frizmworks,프리즘웍스,OSCAR FISHTAIL JACKET 003 _ OLIVE,https://image.msscdn.net/images/goods_img/20220823/2737008/2737008_1_500.jpg,False
2025-01,M,002014,사파리/헌팅 재킷,002,아우터,9,4262833,outstanding,아웃스탠딩,M-65 FISHTAIL PARKA_OLIVE,https://image.msscdn.net/images/goods_img/20240719/4262833/4262833_17892995081603_500.jpg,False
2025-01,M,002014,사파리/헌팅 재킷,002,아우터,10,3096454,frizmworks,프리즘웍스,HERITAGE HUNTING JACKET 002 _ OLIVE,https://image.msscdn.net/images/goods_img/20230221/3096454/3096454_17562766009565_500.jpg,False
2025-01,M,002014,사파리/헌팅 재킷,002,아우터,11,1624403,ymclky,와이엠씨엘케이와이,US M-65 Field Parka - Olive,https://image.msscdn.net/images/goods_img/20200925/1624403/1624403_1_500.jpg,False
2025-01,M,002014,사파리/헌팅 재킷,002,아우터,12,3406370,lmood,엘무드,체스터 헌팅 블루종 자켓 블랙,https://image.msscdn.net/images/goods_img/20230712/3406370/3406370_17255163244682_500.jpg,False
2025-01,M,002014,사파리/헌팅 재킷,002,아우터,13,4376738,wvproject,더블유브이프로젝트,더프 헤링턴 자켓 블랙 JJOT7732,https://image.msscdn.net/images/goods_img/20240827/4376738/4376738_17247559681905_500.jpg,False
2025-01,M,002014,사파리/헌팅 재킷,002,아우터,14,4397030,frizmworks,프리즘웍스,QUILTED HERITAGE HUNTING JACKET _ BLACK,https://image.msscdn.net/images/goods_img/20240903/4397030/4397030_17253824120845_500.jpg,False
2025-01,M,002014,사파리/헌팅 재킷,002,아우터,15,3406372,lmood,엘무드,체스터 헌팅 블루종 자켓 카키,https://image.msscdn.net/images/goods_img/20230712/3406372/3406372_17443376925419_500.jpg,False
2025-01,M,002014,사파리/헌팅 재킷,002,아우터,16,3750624,gubin,구빈,롱 피쉬테일 자켓 - 카키,https://image.msscdn.net/images/goods_img/20231208/3750624/3750624_17056414556569_500.jpg,False
2025-01,M,002014,사파리/헌팅 재킷,002,아우터,17,2859018,corrs,인더스트,오리지널 M65 피시테일 숏파카_카키,https://image.msscdn.net/images/goods_img/20221013/2859018/2859018_17893688403846_500.jpg,False
2025-01,M,002014,사파리/헌팅 재킷,002,아우터,18,4209335,musinsastandard,무신사 스탠다드,울 블렌드 초어 재킷 [블랙],https://image.msscdn.net/images/goods_img/20240620/4209335/4209335_17310540905026_500.jpg,False
2025-01,M,002014,사파리/헌팅 재킷,002,아우터,19,3094151,espionage,에스피오나지,Hunting Blouson Jacket Black,https://image.msscdn.net/images/goods_img/20230220/3094151/3094151_16771293582073_500.jpg,False
2025-01,M,002014,사파리/헌팅 재킷,002,아우터,20,2737007,frizmworks,프리즘웍스,OSCAR FISHTAIL JACKET 003 _ BLACK,https://image.msscdn.net/images/goods_img/20220823/2737007/2737007_1_500.jpg,False
2025-01,M,002014,사파리/헌팅 재킷,002,아우터,21,3576645,anotheroffice,어나더 오피스,Neo British Jacket (Graphite),https://image.msscdn.net/images/goods_img/20230920/3576645/3576645_17588475031734_500.jpg,False
2025-01,M,002014,사파리/헌팅 재킷,002,아우터,22,4397031,frizmworks,프리즘웍스,QUILTED HERITAGE HUNTING JACKET _ NAVY,https://image.msscdn.net/images/goods_img/20240903/4397031/4397031_17253823854190_500.jpg,False
2025-01,M,002014,사파리/헌팅 재킷,002,아우터,23,1716012,massnoun,매스노운,M-65 피쉬테일 코튼 야상 코트 MWZCT002-KK,https://image.msscdn.net/images/goods_img/20201207/1716012/1716012_2_500.jpg,False
2025-01,M,002014,사파리/헌팅 재킷,002,아우터,24,4209336,musinsastandard,무신사 스탠다드,울 블렌드 초어 재킷 [네이비],https://image.msscdn.net/images/goods_img/20240620/4209336/4209336_17364983041219_500.jpg,False
2025-01,M,002014,사파리/헌팅 재킷,002,아우터,25,4209330,musinsastandard,무신사 스탠다드,캔버스 워크 재킷 [블랙],https://image.msscdn.net/images/goods_img/20240620/4209330/4209330_17242015815606_500.jpg,False
2025-01,M,002014,사파리/헌팅 재킷,002,아우터,26,4397032,frizmworks,프리즘웍스,QUILTED HERITAGE HUNTING JACKET _ OLIVE,https://image.msscdn.net/images/goods_img/20240903/4397032/4397032_17253823561849_500.jpg,False
2025-01,M,002014,사파리/헌팅 재킷,002,아우터,27,3818778,partimento,파르티멘토,VTG 워시드 M-65 피시테일 코트 카키,https://image.msscdn.net/images/goods_img/20240124/3818778/3818778_17062333175475_500.jpg,False
2025-01,M,002014,사파리/헌팅 재킷,002,아우터,28,2859075,corrs,인더스트,오리지널 M65 피시테일 숏파카_블랙,https://image.msscdn.net/images/goods_img/20221013/2859075/2859075_17893705691365_500.jpg,False
2025-01,M,002014,사파리/헌팅 재킷,002,아우터,29,4209337,musinsastandard,무신사 스탠다드,울 블렌드 초어 재킷 [다크 브라운],https://image.msscdn.net/images/goods_img/20240620/4209337/4209337_17310540686765_500.jpg,False
2025-01,M,002014,사파리/헌팅 재킷,002,아우터,30,4262834,outstanding,아웃스탠딩,M-51 MODS WOOL PARKA_BLACK,https://image.msscdn.net/images/goods_img/20240719/4262834/4262834_17282867218846_500.jpg,False
2025-01,M,002021,베스트,002,아우터,1,4696243,thisisneverthat,디스이즈네버댓,TNT GRAMICCI REVERSIBLE FLEECE VEST Multi,https://image.msscdn.net/images/goods_img/20250103/4696243/4696243_17361458144274_500.jpg,False
2025-01,M,002021,베스트,002,아우터,2,4323432,musinsastandard,무신사 스탠다드,시티 레저 유틸리티 패딩 베스트 [블랙],https://image.msscdn.net/images/goods_img/20240813/4323432/4323432_17273403512476_500.jpg,False
2025-01,M,002021,베스트,002,아우터,3,4198813,nike,나이키,ACG 악틱 울프 베스트 M - 바로크 브라운:블랙:서밋 화이트 / FN2449-237,https://image.msscdn.net/images/goods_img/20240614/4198813/4198813_17187595484557_500.jpg,False
2025-01,M,002021,베스트,002,아우터,4,2325610,takeasy,테이크이지,케이블 스몰라쿠 니트 베스트(네이비),https://image.msscdn.net/images/goods_img/20220125/2325610/2325610_2_500.jpg,False
2025-01,M,002021,베스트,002,아우터,5,3125671,matinkim,마뗑킴,SPELL POINT STRIPE KNIT VEST,https://image.msscdn.net/images/goods_img/20230306/3125671/3125671_16782581740082_500.jpg,False
2025-01,M,002021,베스트,002,아우터,6,3493799,poloralphlauren,폴로 랄프 로렌,케이블 니트 코튼 스웨터 베스트 - 네이비,https://image.msscdn.net/images/goods_img/20230824/3493799/3493799_16940628044656_500.jpg,False
2025-01,M,002021,베스트,002,아우터,7,4607167,patagonia,파타고니아,멘즈 클래식 레트로-X 베스트 / 23048P7,https://image.msscdn.net/images/goods_img/20241112/4607167/4607167_17313945430134_500.jpg,False
2025-01,M,002021,베스트,002,아우터,8,4548900,thenorthface,노스페이스,NV1DQ56A 남성 1996 노벨티 눕시 베스트 (RDS 다운),https://image.msscdn.net/images/goods_img/20241023/4548900/4548900_17308577061261_500.jpg,False
2025-01,M,002021,베스트,002,아우터,9,3652338,takeasy,테이크이지,오디너리 페어아일 베스트 가디건 - 2 COLOR,https://image.msscdn.net/images/goods_img/20231024/3652338/3652338_16999469117522_500.jpg,False
2025-01,M,002021,베스트,002,아우터,10,3974611,wouldbe,우드비,23FW 테디 쉐르파 베스트 블루,https://image.msscdn.net/images/goods_img/20240321/3974611/3974611_17109854417606_500.jpg,False
2025-01,M,002021,베스트,002,아우터,11,3560296,poloralphlauren,폴로 랄프 로렌,페어 아일 코튼 블렌드 스웨터 베스트 - 블루,https://image.msscdn.net/images/goods_img/20230914/3560296/3560296_16976138874113_500.jpg,False
2025-01,M,002021,베스트,002,아우터,12,2729754,snowpeakapparel,스노우피크 어패럴,랜드 경량 다운 베스트 (S24WMGDV60) Black,https://image.msscdn.net/images/goods_img/20220819/2729754/2729754_17870482701380_500.jpg,False
2025-01,M,002021,베스트,002,아우터,13,1305385,drawfit,드로우핏,소프 울 오버핏 니트 베스트 [BLACK],https://image.msscdn.net/images/goods_img/20200214/1305385/1305385_16804992777098_500.jpg,False
2025-01,M,002021,베스트,002,아우터,14,4609240,patagonia,파타고니아,멘즈 베터 스웨터 베스트,https://image.msscdn.net/images/goods_img/20241113/4609240/4609240_17593035848192_500.jpg,False
2025-01,M,002021,베스트,002,아우터,15,4540926,nike,나이키,스포츠웨어 클럽 윈터라이즈드 베스트 M - 블랙:화이트 / FZ0895-010,https://image.msscdn.net/images/goods_img/20241021/4540926/4540926_17302687475411_500.jpg,False
2025-01,M,002021,베스트,002,아우터,16,4478554,nike,나이키,써마 핏 ADV 리펠 다운 러닝 베스트 M - 블랙 / FB7543-010,https://image.msscdn.net/images/goods_img/20240930/4478554/4478554_17292145240391_500.jpg,False
2025-01,M,002021,베스트,002,아우터,17,3758338,musinsastandard,무신사 스탠다드,시티 레저 CN 멀티 포켓 베스트 [블랙],https://image.msscdn.net/images/goods_img/20231215/3758338/3758338_17098740195896_500.jpg,False
2025-01,M,002021,베스트,002,아우터,18,3560297,poloralphlauren,폴로 랄프 로렌,페어 아일 코튼 블렌드 스웨터 베스트 - 그레이,https://image.msscdn.net/images/goods_img/20230914/3560297/3560297_16976137998841_500.jpg,False
2025-01,M,002021,베스트,002,아우터,19,4282760,arcteryx,아크테릭스,아톰 베스트 남성 - BLACK / AJOFMX7475,https://image.msscdn.net/images/goods_img/20240730/4282760/4282760_17240339410546_500.jpg,False
2025-01,M,002021,베스트,002,아우터,20,4368968,frizmworks,프리즘웍스,JUNGLE CLOTH DECK VEST _ BROWN,https://image.msscdn.net/images/goods_img/20240826/4368968/4368968_17247597714991_500.jpg,False
2025-01,M,002021,베스트,002,아우터,21,3748453,topboy,탑보이,레귤러핏 꽈배기 라운드 니트조끼 베이지,https://image.msscdn.net/images/goods_img/20231207/3748453/3748453_17883396390391_500.jpg,False
2025-01,M,002021,베스트,002,아우터,22,2729761,snowpeakapparel,스노우피크 어패럴,랜드 경량 다운 베스트 (S24WMGDV60) Light Beige,https://image.msscdn.net/images/goods_img/20220819/2729761/2729761_17558250244299_500.jpg,False
2025-01,M,002021,베스트,002,아우터,23,4661116,patagonia,파타고니아,슬로프 러너 베스트,https://image.msscdn.net/images/goods_img/20241211/4661116/4661116_17339013862581_500.jpg,False
2025-01,M,002021,베스트,002,아우터,24,4422953,frizmworks,프리즘웍스,SNUG FLEECE VEST _ DUSTY BEIGE,https://image.msscdn.net/images/goods_img/20240909/4422953/4422953_17261080288852_500.jpg,False
2025-01,M,002021,베스트,002,아우터,25,4549047,thenorthface,노스페이스,NV1DQ58A 남성 1996 노벨티 눕시 RVS 베스트 (RDS 다운)_BLACK,https://image.msscdn.net/images/goods_img/20241023/4549047/4549047_17319819953909_500.jpg,False
2025-01,M,002021,베스트,002,아우터,26,4419321,descente,데상트,에센셜 푸퍼 덕다운 베스트 화이트(SP323UDV91),https://image.msscdn.net/images/goods_img/20240909/4419321/4419321_17375921052177_500.jpg,False
2025-01,M,002021,베스트,002,아우터,27,3851893,musinsastandard,무신사 스탠다드,시티 레저 후디드 베스트 [블랙],https://image.msscdn.net/images/goods_img/20240206/3851893/3851893_17098746779827_500.jpg,False
2025-01,M,002021,베스트,002,아우터,28,4349860,henrycottons,헨리코튼,노르딕 니트 베스트_AHWAW24021MIX,https://image.msscdn.net/images/goods_img/20240820/4349860/4349860_17241445427527_500.jpg,False
2025-01,M,002021,베스트,002,아우터,29,4202535,apc,아페쎄,후리스 집업 베스트 - 에크루 / PSAIFM02958AAD,https://image.msscdn.net/images/goods_img/20240618/4202535/4202535_17222207206289_500.jpg,False
2025-01,M,002021,베스트,002,아우터,30,4422951,frizmworks,프리즘웍스,SNUG FLEECE VEST _ DARK BROWN,https://image.msscdn.net/images/goods_img/20240909/4422951/4422951_17261080660652_500.jpg,False
2025-01,M,002012,숏패딩/헤비 아우터,002,아우터,1,3378514,musinsastandard,무신사 스탠다드,데일리 푸퍼 숏 패딩 재킷 [블랙],https://image.msscdn.net/images/goods_img/20230622/3378514/3378514_17800303461768_500.jpg,False
2025-01,M,002012,숏패딩/헤비 아우터,002,아우터,2,3780728,maninstore,무드인사이드,남여공용 푸퍼 숏패딩_Black,https://image.msscdn.net/images/goods_img/20240108/3780728/3780728_17605828944256_500.jpg,False
2025-01,M,002012,숏패딩/헤비 아우터,002,아우터,3,4531994,spao,스파오,베이직 푸퍼_SPJPF11C11,https://image.msscdn.net/images/goods_img/20241018/4531994/4531994_17630006565087_500.jpg,False
2025-01,M,002012,숏패딩/헤비 아우터,002,아우터,4,2482269,thenorthface,노스페이스,NJ1DQ75A 남성 1996 눕시 자켓_BLACK,https://image.msscdn.net/images/goods_img/20220412/2482269/2482269_17210922117662_500.jpg,False
2025-01,M,002012,숏패딩/헤비 아우터,002,아우터,5,912314,musinsastandard,무신사 스탠다드,다운 푸퍼 숏 패딩 재킷 [블랙],https://image.msscdn.net/images/goods_img/20181123/912314/912314_17649023281294_500.jpg,False
2025-01,M,002012,숏패딩/헤비 아우터,002,아우터,6,3604263,noiago,노이아고,NOI1067 라이트웨이트 다운 자켓 (블랙),https://image.msscdn.net/images/goods_img/20231005/3604263/3604263_17645511564597_500.jpg,False
2025-01,M,002012,숏패딩/헤비 아우터,002,아우터,7,4605203,nomanual,노매뉴얼,SKADI DUCK DOWN - GLOSSY BLACK,https://image.msscdn.net/images/goods_img/20241112/4605203/4605203_17591196608872_500.jpg,False
2025-01,M,002012,숏패딩/헤비 아우터,002,아우터,8,4448102,ilcorso,일꼬르소,볼륨 에어 숏다운 점퍼 블랙 IEJU4F002BK,https://image.msscdn.net/images/goods_img/20240920/4448102/4448102_17659513585786_500.jpg,False
2025-01,M,002012,숏패딩/헤비 아우터,002,아우터,9,3378528,musinsastandard,무신사 스탠다드,시티 레저 다운 숏 패딩 재킷 [블랙],https://image.msscdn.net/images/goods_img/20230622/3378528/3378528_17133380005284_500.jpg,False
2025-01,M,002012,숏패딩/헤비 아우터,002,아우터,10,4297600,musinsastandard,무신사 스탠다드,데일리 푸퍼 후디드 숏 패딩 재킷 [블랙],https://image.msscdn.net/images/goods_img/20240805/4297600/4297600_17364973040004_500.jpg,False
2025-01,M,002012,숏패딩/헤비 아우터,002,아우터,11,4286631,thenorthface,노스페이스,NJ3NQ53A 남성 눕시 온볼 자켓_BLACK,https://image.msscdn.net/images/goods_img/20240731/4286631/4286631_17224141698600_500.jpg,False
2025-01,M,002012,숏패딩/헤비 아우터,002,아우터,12,3470403,musinsastandardsp,무신사 스탠다드 스포츠,코어 패딩 자켓 (5colors),https://image.msscdn.net/images/goods_img/20230817/3470403/3470403_17876366461439_500.jpg,False
2025-01,M,002012,숏패딩/헤비 아우터,002,아우터,13,4464736,nike,나이키,스포츠웨어 클럽 패딩 자켓 M - 블랙:화이트 / FB7369-010,https://image.msscdn.net/images/goods_img/20240925/4464736/4464736_17291379115256_500.jpg,False
2025-01,M,002012,숏패딩/헤비 아우터,002,아우터,14,3378508,musinsastandard,무신사 스탠다드,립스탑 다운 푸퍼 숏 패딩 재킷 [블랙],https://image.msscdn.net/images/goods_img/20230622/3378508/3378508_17649134220717_500.jpg,False
2025-01,M,002012,숏패딩/헤비 아우터,002,아우터,15,4479890,drawfit,드로우핏,미니멀 후론 후드 다운 자켓 [BLACK],https://image.msscdn.net/images/goods_img/20241002/4479890/4479890_17592952495600_500.jpg,False
2025-01,M,002012,숏패딩/헤비 아우터,002,아우터,16,3583487,coor,쿠어,워터 리펠런트 구스다운 점퍼 (블랙),https://image.msscdn.net/images/goods_img/20230921/3583487/3583487_17271837615360_500.jpg,False
2025-01,M,002012,숏패딩/헤비 아우터,002,아우터,17,4469328,covernat,커버낫,24FW RDS 씨빅 오리진 숏 푸퍼 블랙,https://image.msscdn.net/images/goods_img/20240926/4469328/4469328_17642173797902_500.jpg,False
2025-01,M,002012,숏패딩/헤비 아우터,002,아우터,18,3780896,maninstore,무드인사이드,남여공용 푸퍼 숏패딩_Gray,https://image.msscdn.net/images/goods_img/20240108/3780896/3780896_17310255063558_500.jpg,False
2025-01,M,002012,숏패딩/헤비 아우터,002,아우터,19,4499469,kiimuir,키뮤어,RDS 헤링턴 다운 점퍼_블랙,https://image.msscdn.net/images/goods_img/20241008/4499469/4499469_17345076693314_500.jpg,False
2025-01,M,002012,숏패딩/헤비 아우터,002,아우터,20,2810087,mooseknuckles,무스너클,스틸링 폭스퍼 패딩 - 블랙:블랙 / MK4661MP291,https://image.msscdn.net/images/goods_img/20220922/2810087/2810087_1_500.jpg,False
2025-01,M,002012,숏패딩/헤비 아우터,002,아우터,21,3378515,musinsastandard,무신사 스탠다드,데일리 푸퍼 숏 패딩 재킷 [라이트 그레이],https://image.msscdn.net/images/goods_img/20230622/3378515/3378515_17800298820503_500.jpg,False
2025-01,M,002012,숏패딩/헤비 아우터,002,아우터,22,1648072,musinsastandard,무신사 스탠다드,구스 다운 푸퍼 숏 패딩 재킷 [블랙],https://image.msscdn.net/images/goods_img/20201014/1648072/1648072_17649041067782_500.jpg,False
2025-01,M,002012,숏패딩/헤비 아우터,002,아우터,23,4599608,kolonsport,코오롱스포츠,남성 프리마로프트 패딩 자켓 TLJJW24601BLK,https://image.msscdn.net/images/goods_img/20241108/4599608/4599608_17376188912381_500.jpg,False
2025-01,M,002012,숏패딩/헤비 아우터,002,아우터,24,4684253,thenorthface,노스페이스,NJ1DR50J 화이트라벨 노벨티 눕시 다운 자켓 (RDS)_BLACK,https://image.msscdn.net/images/goods_img/20241230/4684253/4684253_17355339760123_500.jpg,False
2025-01,M,002012,숏패딩/헤비 아우터,002,아우터,25,4448086,ilcorso,일꼬르소,[European Goose] 스포팅 기어 구스 다운 점퍼 블랙 IEJU4F008BK,https://image.msscdn.net/images/goods_img/20240920/4448086/4448086_17268093512749_500.jpg,False
2025-01,M,002012,숏패딩/헤비 아우터,002,아우터,26,910127,jipsy,집시,마스터 구스다운 핑거글러브  숏패딩 -블랙-,https://image.msscdn.net/images/goods_img/20181121/910127/910127_17296148276581_500.jpg,False
2025-01,M,002012,숏패딩/헤비 아우터,002,아우터,27,4508146,nationalgeographic,내셔널지오그래픽,N244UDW910 레이만 숏기장 다운 점퍼 CARBON BLACK,https://image.msscdn.net/images/goods_img/20241011/4508146/4508146_17570494249189_500.jpg,False
2025-01,M,002012,숏패딩/헤비 아우터,002,아우터,28,3671140,areuban,아르반,라이트 쉘 패디드 자켓_브라운,https://image.msscdn.net/images/goods_img/20231031/3671140/3671140_17615501993853_500.jpg,False
2025-01,M,002012,숏패딩/헤비 아우터,002,아우터,29,4413238,maninstore,무드인사이드,남여공용 푸퍼 숏패딩_Glossy,https://image.msscdn.net/images/goods_img/20240906/4413238/4413238_17610219230060_500.jpg,False
2025-01,M,002012,숏패딩/헤비 아우터,002,아우터,30,4469808,filluminate,필루미네이트,하이버 소이르 후드 패딩-블랙,https://image.msscdn.net/images/goods_img/20240926/4469808/4469808_17334522062886_500.jpg,False
2025-01,M,002025,무스탕/퍼,002,아우터,1,452483,doffjason,도프제이슨,솔리드 무톤 자켓,https://image.msscdn.net/images/goods_img/20161123/452483/452483_2_500.jpg,False
2025-01,M,002025,무스탕/퍼,002,아우터,2,1582142,left,레프트서울,에비에이터 B-3 무스탕 자켓 [블랙],https://image.msscdn.net/images/goods_img/20200903/1582142/1582142_17888321003811_500.jpg,False
2025-01,M,002025,무스탕/퍼,002,아우터,3,1539383,doffjason,도프제이슨,솔리드 스웨이드 무톤 자켓 (블랙),https://image.msscdn.net/images/goods_img/20200806/1539383/1539383_2_500.jpg,False
2025-01,M,002025,무스탕/퍼,002,아우터,4,4544921,sperone,스페로네,A-2 워싱 레더 무스탕 자켓 (브라운),https://image.msscdn.net/images/goods_img/20241022/4544921/4544921_17306962358139_500.jpg,False
2025-01,M,002025,무스탕/퍼,002,아우터,5,2087980,doffjason,도프제이슨,솔리드 무톤 자켓 (블랙화이트),https://image.msscdn.net/images/goods_img/20210825/2087980/2087980_17615410448251_500.jpg,False
2025-01,M,002025,무스탕/퍼,002,아우터,6,2822486,doffjason,도프제이슨,하이넥 레더 무톤 자켓 BROWN,https://image.msscdn.net/images/goods_img/20220927/2822486/2822486_17333592828229_500.jpg,False
2025-01,M,002025,무스탕/퍼,002,아우터,7,4494654,spao,스파오,[신세틱레더] 무스탕 재킷_SPJLE4VM07,https://image.msscdn.net/images/goods_img/20241008/4494654/4494654_17321667957127_500.jpg,False
2025-01,M,002025,무스탕/퍼,002,아우터,8,3635002,kinloch,커넥트킨록,하이넥 라인 무스탕 자켓 (4Color),https://image.msscdn.net/images/goods_img/20231017/3635002/3635002_17633603048478_500.jpg,False
2025-01,M,002025,무스탕/퍼,002,아우터,9,4503925,doffjason,도프제이슨,크리즈 빈티지 무톤 봄버 CREAM,https://image.msscdn.net/images/goods_img/20241010/4503925/4503925_17294304564425_500.jpg,False
2025-01,M,002025,무스탕/퍼,002,아우터,10,2985378,left,레프트서울,에비에이터 B-3 무스탕 자켓 [블랙/화이트],https://image.msscdn.net/images/goods_img/20221216/2985378/2985378_17888316910045_500.jpg,False
2025-01,M,002025,무스탕/퍼,002,아우터,11,4616751,doffjason,도프제이슨,크리즈 빈티지 무톤 봄버 BLACK,https://image.msscdn.net/images/goods_img/20241115/4616751/4616751_17319963006662_500.jpg,False
2025-01,M,002025,무스탕/퍼,002,아우터,12,3606873,doffjason,도프제이슨,하이넥 레더 무톤 자켓 NOIR,https://image.msscdn.net/images/goods_img/20231005/3606873/3606873_17006219179722_500.jpg,False
2025-01,M,002025,무스탕/퍼,002,아우터,13,4424968,drawfit,드로우핏,오버사이즈 라인 무스탕 자켓 [BLACK],https://image.msscdn.net/images/goods_img/20240910/4424968/4424968_17592953517737_500.jpg,False
2025-01,M,002025,무스탕/퍼,002,아우터,14,4424970,drawfit,드로우핏,오버사이즈 스웨이드 라인 무스탕 자켓 [BLACK],https://image.msscdn.net/images/goods_img/20240910/4424970/4424970_17592954376614_500.jpg,False
2025-01,M,002025,무스탕/퍼,002,아우터,15,1576767,doffjason,도프제이슨,오버사이즈 리얼 무스탕 (브라운),https://image.msscdn.net/images/goods_img/20200901/1576767/1576767_3_500.jpg,False
2025-01,M,002025,무스탕/퍼,002,아우터,16,1576749,doffjason,도프제이슨,오버핏 솔리드 무톤 자켓 (블랙),https://image.msscdn.net/images/goods_img/20200901/1576749/1576749_17297334484800_500.jpg,False
2025-01,M,002025,무스탕/퍼,002,아우터,17,4612443,partimento,파르티멘토,VTG 워시드 보아 플리스 무톤 자켓 블루쉬 차콜,https://image.msscdn.net/images/goods_img/20241113/4612443/4612443_17316307927157_500.jpg,False
2025-01,M,002025,무스탕/퍼,002,아우터,18,3696651,v2,브이투,70263 빈티지코팅무스탕_브라운,https://image.msscdn.net/images/goods_img/20231108/3696651/3696651_16995836179892_500.jpg,False
2025-01,M,002025,무스탕/퍼,002,아우터,19,4644535,mucent,무센트,카이브 레더 와펜 무스탕 자켓 남녀공용 (2컬러),https://image.msscdn.net/images/goods_img/20241202/4644535/4644535_17634482424428_500.png,False
2025-01,M,002025,무스탕/퍼,002,아우터,20,2270236,officialgarment,덴아워,밍크 퍼 오버핏 후드집업 (블랙),https://image.msscdn.net/images/goods_img/20211215/2270236/2270236_17592521840217_500.jpg,False
2025-01,M,002025,무스탕/퍼,002,아우터,21,914738,sperone,스페로네,리얼 B3 무스탕 자켓 맨 (블랙),https://image.msscdn.net/images/goods_img/20181128/914738/914738_16992551007717_500.jpg,False
2025-01,M,002025,무스탕/퍼,002,아우터,22,4681174,bowlow,바우로 프로덕트,스웨이드 크롭 무스탕 [브라운],https://image.msscdn.net/images/goods_img/20241226/4681174/4681174_17639774199253_500.jpg,False
2025-01,M,002025,무스탕/퍼,002,아우터,23,4543157,doffjason,도프제이슨,솔리드 스웨이드 무톤 자켓 GRIZZLY,https://image.msscdn.net/images/goods_img/20241022/4543157/4543157_17296634919894_500.jpg,False
2025-01,M,002025,무스탕/퍼,002,아우터,24,4424969,drawfit,드로우핏,오버사이즈 라인 무스탕 자켓 [IVORY],https://image.msscdn.net/images/goods_img/20240910/4424969/4424969_17268073356193_500.jpg,False
2025-01,M,002025,무스탕/퍼,002,아우터,25,4660102,maninstore,무드인사이드,프리미엄 피크 오버핏 무스탕_Black,https://image.msscdn.net/images/goods_img/20241211/4660102/4660102_17345710774926_500.jpg,False
2025-01,M,002025,무스탕/퍼,002,아우터,26,3441876,left,레프트서울,에비에이터 B-3 무스탕 자켓 [말보로],https://image.msscdn.net/images/goods_img/20230802/3441876/3441876_17888337150641_500.jpg,False
2025-01,M,002025,무스탕/퍼,002,아우터,27,4640930,not4nerd,낫포너드,Thorns Line Racing Mustang Jacket -  Black,https://image.msscdn.net/images/goods_img/20241128/4640930/4640930_17339715753443_500.jpg,False
2025-01,M,002025,무스탕/퍼,002,아우터,28,914737,sperone,스페로네,리얼 B3 무스탕 자켓 맨 (브라운),https://image.msscdn.net/images/goods_img/20181128/914737/914737_16992546313394_500.jpg,False
2025-01,M,002025,무스탕/퍼,002,아우터,29,2822504,doffjason,도프제이슨,하이넥 레더 무톤 자켓 BLACK,https://image.msscdn.net/images/goods_img/20220927/2822504/2822504_17025147938810_500.jpg,False
2025-01,M,002025,무스탕/퍼,002,아우터,30,4580058,lanarchive,랜 아카이브,[0032] 더블 버클 하이넥 무스탕 (BR),https://image.msscdn.net/images/goods_img/20241031/4580058/4580058_17629088294205_500.jpg,False
2025-01,M,002023,플리스/뽀글이,002,아우터,1,2108160,spao,스파오,베이직 퍼플리스 집업_SPFZE4TC01,https://image.msscdn.net/images/goods_img/20210903/2108160/2108160_17605996485185_500.jpg,False
2025-01,M,002023,플리스/뽀글이,002,아우터,2,4496347,hooves,후브스,쉐르파 멀티 포켓 후드 점퍼 [블랙],https://image.msscdn.net/images/goods_img/20241008/4496347/4496347_17289800743180_500.jpg,False
2025-01,M,002023,플리스/뽀글이,002,아우터,3,4368558,musinsastandard,무신사 스탠다드,폴라 플리스 래글런 하이넥 재킷 [블랙],https://image.msscdn.net/images/goods_img/20240826/4368558/4368558_17320814634533_500.jpg,False
2025-01,M,002023,플리스/뽀글이,002,아우터,4,4595789,patagonia,파타고니아,멘즈 신칠라 스냅-티 풀오버,https://image.msscdn.net/images/goods_img/20241107/4595789/4595789_17334635051004_500.jpg,False
2025-01,M,002023,플리스/뽀글이,002,아우터,5,4622135,patagonia,파타고니아,멘즈 클래식 레트로-X 재킷 / 23056P7,https://image.msscdn.net/images/goods_img/20241119/4622135/4622135_17334650867108_500.jpg,False
2025-01,M,002023,플리스/뽀글이,002,아우터,6,4591032,partimento,파르티멘토,보아 플리스 VTG 워시드 크루 자켓 블랙,https://image.msscdn.net/images/goods_img/20241106/4591032/4591032_17309529475270_500.jpg,False
2025-01,M,002023,플리스/뽀글이,002,아우터,7,4497264,suare,수아레,플리스 오버 셋업 - 4 COLOR,https://image.msscdn.net/images/goods_img/20241008/4497264/4497264_17327769040417_500.jpg,False
2025-01,M,002023,플리스/뽀글이,002,아우터,8,2744495,codegraphy,코드그라피,헤비보아 플리스 무톤자켓_블랙,https://image.msscdn.net/images/goods_img/20220825/2744495/2744495_17718113710588_500.jpg,False
2025-01,M,002023,플리스/뽀글이,002,아우터,9,4432439,jeep,지프,M-Logo 레인보우 라벨 하프넥 플리스 집업 2 color (JQ5TZU191),https://image.msscdn.net/images/goods_img/20240911/4432439/4432439_17560810698333_500.jpg,False
2025-01,M,002023,플리스/뽀글이,002,아우터,10,4525596,borntowin,본투윈,CHROME B FLEECE JACKET [BLACK],https://image.msscdn.net/images/goods_img/20241016/4525596/4525596_17292139461861_500.jpg,False
2025-01,M,002023,플리스/뽀글이,002,아우터,11,4517302,espionage,에스피오나지,Expl. Fleece Pullover Anorak Olive,https://image.msscdn.net/images/goods_img/20241015/4517302/4517302_17591204788694_500.jpg,False
2025-01,M,002023,플리스/뽀글이,002,아우터,12,3498228,thisisneverthat,디스이즈네버댓,SP Sherpa Fleece Jacket Brown,https://image.msscdn.net/images/goods_img/20230825/3498228/3498228_16932968688813_500.jpg,False
2025-01,M,002023,플리스/뽀글이,002,아우터,13,4517298,espionage,에스피오나지,Expl. Fleece Pullover Anorak Charcoal Navy,https://image.msscdn.net/images/goods_img/20241015/4517298/4517298_17591206297954_500.jpg,False
2025-01,M,002023,플리스/뽀글이,002,아우터,14,4286964,thenorthface,노스페이스,NJ4FQ50J 화이트라벨 컴피 알파 플리스 집업_BLACK,https://image.msscdn.net/images/goods_img/20240731/4286964/4286964_17224152904342_500.jpg,False
2025-01,M,002023,플리스/뽀글이,002,아우터,15,4556294,yale,예일,[4COLOR] 엠브로이더리 댄 카라리스 퀼팅 플리스 자켓,https://image.msscdn.net/images/goods_img/20241024/4556294/4556294_17316670009766_500.jpg,False
2025-01,M,002023,플리스/뽀글이,002,아우터,16,1180665,musinsastandard,무신사 스탠다드,샤기 플리스 집업 재킷 [블랙],https://image.msscdn.net/images/goods_img/20191008/1180665/1180665_1_500.jpg,False
2025-01,M,002023,플리스/뽀글이,002,아우터,17,4447527,untapped,언탭트 스튜디오,소프트 베이직 퍼 플리스 집업 자켓 3color,https://image.msscdn.net/images/goods_img/20240920/4447527/4447527_17297527898175_500.jpg,False
2025-01,M,002023,플리스/뽀글이,002,아우터,18,4515027,trillion,트릴리온,유니섹스 플리스 더플 후드 코트 자켓 [블랙],https://image.msscdn.net/images/goods_img/20241014/4515027/4515027_17301774872815_500.jpg,False
2025-01,M,002023,플리스/뽀글이,002,아우터,19,1169778,fcmm,에프씨엠엠,빅로고 보아 플리스 점퍼 - 그레이,https://image.msscdn.net/images/goods_img/20190927/1169778/1169778_17289665439417_500.png,False
2025-01,M,002023,플리스/뽀글이,002,아우터,20,2850102,yale,예일,엠브로이더리 댄 카라리스 보아 플리스 자켓_아이보리,https://image.msscdn.net/images/goods_img/20221011/2850102/2850102_17653340845444_500.jpg,False
2025-01,M,002023,플리스/뽀글이,002,아우터,21,2811861,prospecs,프로스펙스,OG 탈부착 플리스 자켓 MJ-X721,https://image.msscdn.net/images/goods_img/20220922/2811861/2811861_1_500.jpg,False
2025-01,M,002023,플리스/뽀글이,002,아우터,22,4484020,nike,나이키,ACG 캔웰 글레이셔 써마 핏 ADV 윈드프루프 하프집 탑 M - 다크 레이즈:블랙:서밋 화이트 / FZ8623-573,https://image.msscdn.net/images/goods_img/20241002/4484020/4484020_17289704195698_500.jpg,False
2025-01,M,002023,플리스/뽀글이,002,아우터,23,4404711,lemainsecond,리메인세컨드,2WAY 오버핏 폴라플리스 집업 자켓 [블랙],https://image.msscdn.net/images/prd_img/20240904/4404711/detail_4404711_17586030969730_500.jpg,False
2025-01,M,002023,플리스/뽀글이,002,아우터,24,4565608,noun,노운,reverse fleece jumper (black),https://image.msscdn.net/images/goods_img/20241028/4565608/4565608_17303558845760_500.jpg,False
2025-01,M,002023,플리스/뽀글이,002,아우터,25,1169780,fcmm,에프씨엠엠,빅로고 보아 플리스 점퍼 - 블랙,https://image.msscdn.net/images/goods_img/20190927/1169780/1169780_17206938972464_500.jpg,False
2025-01,M,002023,플리스/뽀글이,002,아우터,26,4280314,nomanual,노매뉴얼,T.S FLEECE JACKET - CHARCOAL,https://image.msscdn.net/images/goods_img/20240729/4280314/4280314_17231682208080_500.jpg,False
2025-01,M,002023,플리스/뽀글이,002,아우터,27,4345054,thisisneverthat,디스이즈네버댓,T Sherpa Fleece Jacket Grey,https://image.msscdn.net/images/goods_img/20240820/4345054/4345054_17248076314401_500.jpg,False
2025-01,M,002023,플리스/뽀글이,002,아우터,28,4372353,yale,예일,엠브로이더리 댄 카라리스 퀼팅 플리스 자켓_아이보리,https://image.msscdn.net/images/goods_img/20240826/4372353/4372353_17683610513675_500.png,False
2025-01,M,002023,플리스/뽀글이,002,아우터,29,4345055,thisisneverthat,디스이즈네버댓,T Sherpa Fleece Jacket Black,https://image.msscdn.net/images/goods_img/20240820/4345055/4345055_17248075754861_500.jpg,False
2025-01,M,002023,플리스/뽀글이,002,아우터,30,3515246,outstanding,아웃스탠딩,BOA FLEECE MOUNTAIN JACKET_CAMO,https://image.msscdn.net/images/goods_img/20230830/3515246/3515246_17260155323844_500.jpg,False
2025-01,M,002007,겨울 싱글 코트,002,아우터,1,2098325,drawfit,드로우핏,프리미어 퓨어 캐시미어 발마칸 코트 [BLACK],https://image.msscdn.net/images/goods_img/20210830/2098325/2098325_17621500792692_500.jpg,False
2025-01,M,002007,겨울 싱글 코트,002,아우터,2,4209266,musinsastandard,무신사 스탠다드,울 블렌드 오버사이즈 머프 발마칸 코트 [블랙],https://image.msscdn.net/images/goods_img/20240620/4209266/4209266_17657748481924_500.jpg,False
2025-01,M,002007,겨울 싱글 코트,002,아우터,3,2116411,musinsastandard,무신사 스탠다드,캐시미어 블렌드 오버사이즈 발마칸 코트 [블랙],https://image.msscdn.net/images/goods_img/20210908/2116411/2116411_17616270483710_500.jpg,False
2025-01,M,002007,겨울 싱글 코트,002,아우터,4,2782764,beslow,비슬로우,OVERSIZED CASHMERE BALMACAAN COAT BLACK,https://image.msscdn.net/images/goods_img/20220908/2782764/2782764_17272251996978_500.jpg,False
2025-01,M,002007,겨울 싱글 코트,002,아우터,5,865862,musinsastandard,무신사 스탠다드,캐시미어 블렌드 오버사이즈 싱글 코트 [블랙],https://image.msscdn.net/images/goods_img/20180921/865862/865862_17657673085739_500.jpg,False
2025-01,M,002007,겨울 싱글 코트,002,아우터,6,4209299,musinsastandard,무신사 스탠다드,데일리 발마칸 코트 [블랙],https://image.msscdn.net/images/goods_img/20240620/4209299/4209299_17260174440762_500.jpg,False
2025-01,M,002007,겨울 싱글 코트,002,아우터,7,3481219,coor,쿠어,벨란디 캐시미어 블렌드 발마칸 코트 (블랙),https://image.msscdn.net/images/goods_img/20230821/3481219/3481219_17896080593391_500.jpg,False
2025-01,M,002007,겨울 싱글 코트,002,아우터,8,4209289,musinsastandard,무신사 스탠다드,캐시미어 블렌드 오버사이즈 미니멀 발마칸 코트 [블랙],https://image.msscdn.net/images/goods_img/20240620/4209289/4209289_17297471108137_500.jpg,False
2025-01,M,002007,겨울 싱글 코트,002,아우터,9,1618313,musinsastandard,무신사 스탠다드,캐시미어 블렌드 대디 숄더 싱글 롱 코트 [블랙],https://image.msscdn.net/images/goods_img/20200923/1618313/1618313_17569514851734_500.jpg,False
2025-01,M,002007,겨울 싱글 코트,002,아우터,10,1684196,avan,어반드레스,유니섹스 프렌치 롱 가운 오버핏 코트 7 COLOR,https://image.msscdn.net/images/goods_img/20201110/1684196/1684196_16771165785098_500.jpg,False
2025-01,M,002007,겨울 싱글 코트,002,아우터,11,655610,drawfit,드로우핏,프리미어 퓨어 캐시미어 히든 싱글 코트 [BLACK],https://image.msscdn.net/images/goods_img/20171019/655610/655610_17621505186202_500.jpg,False
2025-01,M,002007,겨울 싱글 코트,002,아우터,12,3563303,beslow,비슬로우,OVERSIZED CASHMERE BALMACAAN COAT NAVY,https://image.msscdn.net/images/goods_img/20230915/3563303/3563303_17272254920490_500.jpg,False
2025-01,M,002007,겨울 싱글 코트,002,아우터,13,2818896,drawfit,드로우핏,프리미어 퓨어 캐시미어 발마칸 코트 [D.NAVY],https://image.msscdn.net/images/goods_img/20220926/2818896/2818896_17588715810171_500.jpg,False
2025-01,M,002007,겨울 싱글 코트,002,아우터,14,4209305,musinsastandard,무신사 스탠다드,데일리 싱글 코트 [블랙],https://image.msscdn.net/images/goods_img/20240620/4209305/4209305_17325851818403_500.jpg,False
2025-01,M,002007,겨울 싱글 코트,002,아우터,15,4209268,musinsastandard,무신사 스탠다드,울 블렌드 오버사이즈 머프 발마칸 코트 [토프],https://image.msscdn.net/images/goods_img/20240620/4209268/4209268_17325141578290_500.jpg,False
2025-01,M,002007,겨울 싱글 코트,002,아우터,16,3405547,musinsastandard,무신사 스탠다드,울 블렌드 오버사이즈 쇼트 발마칸 코트 [블랙],https://image.msscdn.net/images/goods_img/20230712/3405547/3405547_16964760456668_500.jpg,False
2025-01,M,002007,겨울 싱글 코트,002,아우터,17,4620431,lemainsecond,리메인세컨드,울 블렌드 오버핏 베스트 코트 컬렉션_3STYLE,https://image.msscdn.net/images/goods_img/20241118/4620431/4620431_17356225195812_500.jpg,False
2025-01,M,002007,겨울 싱글 코트,002,아우터,18,4438289,mindbridge,마인드브릿지,두굿_[COUTURE]캐시미어발마칸오버핏롱코트 - 4color MYCA7102,https://image.msscdn.net/images/goods_img/20240912/4438289/4438289_17326660481912_500.jpg,False
2025-01,M,002007,겨울 싱글 코트,002,아우터,19,2682035,musinsastandard,무신사 스탠다드,MTR 오버사이즈 발마칸 코트 [블랙],https://image.msscdn.net/images/goods_img/20220726/2682035/2682035_17138686503539_500.jpg,False
2025-01,M,002007,겨울 싱글 코트,002,아우터,20,1635197,musinsastandard,무신사 스탠다드,캐시미어 20 오버사이즈 싱글 코트 [블랙],https://image.msscdn.net/images/goods_img/20201006/1635197/1635197_17132495934373_500.jpg,False
2025-01,M,002007,겨울 싱글 코트,002,아우터,21,3405535,musinsastandard,무신사 스탠다드,울 블렌드 빅 대디 싱글 맥시 코트 [블랙],https://image.msscdn.net/images/goods_img/20230712/3405535/3405535_16982098607707_500.jpg,False
2025-01,M,002007,겨울 싱글 코트,002,아우터,22,2518452,musinsastandard,무신사 스탠다드,캐시미어 블렌드 오버사이즈 발마칸 코트 [네이비],https://image.msscdn.net/images/goods_img/20220427/2518452/2518452_17657749514704_500.jpg,False
2025-01,M,002007,겨울 싱글 코트,002,아우터,23,2825493,drawfit,드로우핏,프리미어 퓨어 울 발마칸 코트 [MELANGE TAUPE],https://image.msscdn.net/images/goods_img/20220928/2825493/2825493_17588648401165_500.jpg,False
2025-01,M,002007,겨울 싱글 코트,002,아우터,24,3405539,musinsastandard,무신사 스탠다드,울 블렌드 맥시 발마칸 로브 코트 [블랙],https://image.msscdn.net/images/goods_img/20230712/3405539/3405539_16969291300799_500.jpg,False
2025-01,M,002007,겨울 싱글 코트,002,아우터,25,4438290,mindbridge,마인드브릿지,두굿_[COUTURE]울혼방하프발마칸코트 - 2color MYCA7105,https://image.msscdn.net/images/goods_img/20240912/4438290/4438290_17679313562859_500.jpg,False
2025-01,M,002007,겨울 싱글 코트,002,아우터,26,3671003,grayblvd,그레이블러밧,피엠 발마칸 코트(BLACK),https://image.msscdn.net/images/goods_img/20231031/3671003/3671003_17574807787176_500.jpg,False
2025-01,M,002007,겨울 싱글 코트,002,아우터,27,2156295,kiimuir,키뮤어,[WOOL 80] 울 세미오버핏 발마칸 코트_블랙,https://image.msscdn.net/images/goods_img/20210930/2156295/2156295_17899664304676_500.jpg,False
2025-01,M,002007,겨울 싱글 코트,002,아우터,28,4209267,musinsastandard,무신사 스탠다드,울 블렌드 오버사이즈 머프 발마칸 코트 [네이비],https://image.msscdn.net/images/goods_img/20240620/4209267/4209267_17657746803486_500.jpg,False
2025-01,M,002007,겨울 싱글 코트,002,아우터,29,4209291,musinsastandard,무신사 스탠다드,캐시미어 블렌드 오버사이즈 미니멀 발마칸 코트 [네이비],https://image.msscdn.net/images/goods_img/20240620/4209291/4209291_17278585519891_500.jpg,False
2025-01,M,002007,겨울 싱글 코트,002,아우터,30,4209270,musinsastandard,무신사 스탠다드,울 블렌드 오버사이즈 머프 발마칸 코트 [차콜 그레이],https://image.msscdn.net/images/goods_img/20240620/4209270/4209270_17657749093629_500.jpg,False
2025-01,M,002024,겨울 더블 코트,002,아우터,1,1618207,musinsastandard,무신사 스탠다드,캐시미어 블렌드 대디 숄더 더블 롱 코트 [블랙],https://image.msscdn.net/images/goods_img/20200923/1618207/1618207_17659591931858_500.jpg,False
2025-01,M,002024,겨울 더블 코트,002,아우터,2,885715,drawfit,드로우핏,프리미어 퓨어 캐시미어 로브 더블 코트 [BLACK],https://image.msscdn.net/images/goods_img/20181019/885715/885715_17588736968691_500.jpg,False
2025-01,M,002024,겨울 더블 코트,002,아우터,3,668822,coor,쿠어,MTR 오버핏 더블 롱 코트 (블랙),https://image.msscdn.net/images/goods_img/20171110/668822/668822_17271832549450_500.jpg,False
2025-01,M,002024,겨울 더블 코트,002,아우터,4,3405537,musinsastandard,무신사 스탠다드,울 블렌드 빅 대디 더블 맥시 코트 [블랙],https://image.msscdn.net/images/goods_img/20230712/3405537/3405537_17364970341314_500.jpg,False
2025-01,M,002024,겨울 더블 코트,002,아우터,5,4512999,lmood,엘무드,그레이웨일 더블 코트 FELTRO 블랙,https://image.msscdn.net/images/goods_img/20241014/4512999/4512999_17645601264932_500.png,False
2025-01,M,002024,겨울 더블 코트,002,아우터,6,4209277,musinsastandard,무신사 스탠다드,울 블렌드 대디 숄더 롱 폴로 코트 [블랙],https://image.msscdn.net/images/goods_img/20240620/4209277/4209277_17297469060524_500.jpg,False
2025-01,M,002024,겨울 더블 코트,002,아우터,7,879625,musinsastandard,무신사 스탠다드,캐시미어 블렌드 오버사이즈 더블 코트 [블랙],https://image.msscdn.net/images/goods_img/20181012/879625/879625_16941406333404_500.jpg,False
2025-01,M,002024,겨울 더블 코트,002,아우터,8,1115974,insilence,인사일런스,캐시미어 더블 롱 코트 BLACK,https://image.msscdn.net/images/goods_img/20190812/1115974/1115974_17586915131267_500.jpg,False
2025-01,M,002024,겨울 더블 코트,002,아우터,9,3563284,beslow,비슬로우,[24FW Ver.]OVERSIZED CASHMERE DOUBLE BREASTED COAT BLACK,https://image.msscdn.net/images/goods_img/20230915/3563284/3563284_17282608161391_500.jpg,False
2025-01,M,002024,겨울 더블 코트,002,아우터,10,4452604,beslow,비슬로우,[24FW Ver.]OVERSIZED CASHMERE DOUBLE BREASTED COAT MELANGE CHARCOAL,https://image.msscdn.net/images/goods_img/20240923/4452604/4452604_17270718393888_500.jpg,False
2025-01,M,002024,겨울 더블 코트,002,아우터,11,1618208,musinsastandard,무신사 스탠다드,캐시미어 블렌드 대디 숄더 더블 롱 코트 [탠 브라운],https://image.msscdn.net/images/goods_img/20200923/1618208/1618208_1_500.jpg,False
2025-01,M,002024,겨울 더블 코트,002,아우터,12,4475735,lmood,엘무드,발렌티누스 더블 코트 FELTRO 블랙,https://image.msscdn.net/images/goods_img/20240930/4475735/4475735_17285253941552_500.jpg,False
2025-01,M,002024,겨울 더블 코트,002,아우터,13,2085823,drawfit,드로우핏,프리미어 퓨어 캐시미어 로브 더블 코트 [DARK BROWN],https://image.msscdn.net/images/goods_img/20210825/2085823/2085823_17588739997509_500.jpg,False
2025-01,M,002024,겨울 더블 코트,002,아우터,14,1635199,musinsastandard,무신사 스탠다드,캐시미어 20 오버사이즈 더블 코트 [블랙],https://image.msscdn.net/images/goods_img/20201006/1635199/1635199_17137722539173_500.jpg,False
2025-01,M,002024,겨울 더블 코트,002,아우터,15,2113509,musinsastandard,무신사 스탠다드,캐시미어 블렌드 대디 숄더 더블 롱 코트 [네이비],https://image.msscdn.net/images/goods_img/20210907/2113509/2113509_17659591292990_500.jpg,False
2025-01,M,002024,겨울 더블 코트,002,아우터,16,4454285,coor,쿠어,오버사이즈 알파카 블렌드 더플 코트 (다크브라운멜란지),https://image.msscdn.net/images/goods_img/20240923/4454285/4454285_17271826765299_500.jpg,False
2025-01,M,002024,겨울 더블 코트,002,아우터,17,2116417,musinsastandard,무신사 스탠다드,MTR 대디 숄더 더블 롱 코트 [블랙],https://image.msscdn.net/images/goods_img/20210908/2116417/2116417_17137715949909_500.jpg,False
2025-01,M,002024,겨울 더블 코트,002,아우터,18,4523065,nonblank,넌블랭크,[넌블랭크 x 삭형] 캐시미어 블렌드 더블 브레스티드 코트_BLACK,https://image.msscdn.net/images/goods_img/20241016/4523065/4523065_17606819589347_500.png,False
2025-01,M,002024,겨울 더블 코트,002,아우터,19,4209278,musinsastandard,무신사 스탠다드,울 블렌드 대디 숄더 롱 폴로 코트 [차콜 그레이],https://image.msscdn.net/images/goods_img/20240620/4209278/4209278_17290573912217_500.jpg,False
2025-01,M,002024,겨울 더블 코트,002,아우터,20,4412852,ilcorso,일꼬르소,[셔틀랜드] 대디 피크드 더블 코트 차콜그레이 IECO4F002CG,https://image.msscdn.net/images/goods_img/20240905/4412852/4412852_17259436075901_500.jpg,False
2025-01,M,002024,겨울 더블 코트,002,아우터,21,4412855,ilcorso,일꼬르소,[캐시미어 블렌드] 대디 피크드 더블 코트 블랙 IECO4F002BK,https://image.msscdn.net/images/goods_img/20240905/4412855/4412855_17659511474920_500.jpg,False
2025-01,M,002024,겨울 더블 코트,002,아우터,22,4539927,giordano,지오다노,울/캐시미어 혼방 더블 코트 074918 [3color],https://image.msscdn.net/images/goods_img/20241021/4539927/4539927_17313059903667_500.jpg,False
2025-01,M,002024,겨울 더블 코트,002,아우터,23,4407440,lemainsecond,리메인세컨드,울 블렌드 오버핏 더블 코트 [블랙],https://image.msscdn.net/images/goods_img/20240905/4407440/4407440_17580709942394_500.jpg,False
2025-01,M,002024,겨울 더블 코트,002,아우터,24,3614260,drawfit,드로우핏,핸드메이드 캐시미어 더블 로브 코트 [BLACK],https://image.msscdn.net/images/goods_img/20231010/3614260/3614260_17588551320268_500.jpg,False
2025-01,M,002024,겨울 더블 코트,002,아우터,25,3405538,musinsastandard,무신사 스탠다드,울 블렌드 빅 대디 더블 맥시 코트 [다크 그레이],https://image.msscdn.net/images/goods_img/20230712/3405538/3405538_16969290012032_500.jpg,False
2025-01,M,002024,겨울 더블 코트,002,아우터,26,2116421,musinsastandard,무신사 스탠다드,MANTECO 헤링본 대디 숄더 더블 롱 코트 [다크 그레이],https://image.msscdn.net/images/goods_img/20210908/2116421/2116421_17138672163311_500.jpg,False
2025-01,M,002024,겨울 더블 코트,002,아우터,27,2518451,musinsastandard,무신사 스탠다드,캐시미어 블렌드 대디 숄더 더블 롱 코트 [차콜 그레이],https://image.msscdn.net/images/goods_img/20220427/2518451/2518451_17659592326859_500.jpg,False
2025-01,M,002024,겨울 더블 코트,002,아우터,28,2821697,urbandtype,어반디타입,히티드울 멜턴 더플코트(Wool 60)_네이비,https://image.msscdn.net/images/goods_img/20220927/2821697/2821697_17268010763691_500.jpg,False
2025-01,M,002024,겨울 더블 코트,002,아우터,29,3614220,drawfit,드로우핏,프리미어 울 더블 체스터 코트 [BLACK],https://image.msscdn.net/images/goods_img/20231010/3614220/3614220_17588650023777_500.jpg,False
2025-01,M,002024,겨울 더블 코트,002,아우터,30,4523174,nonblank,넌블랭크,더블 브레스티드 코트_GREY,https://image.msscdn.net/images/goods_img/20241016/4523174/4523174_17307198299843_500.png,False
2025-01,M,002009,겨울 기타 코트,002,아우터,1,2863075,trillion,트릴리온,유니섹스 발마칸 더플 숏 코트 (BLACK),https://image.msscdn.net/images/goods_img/20221014/2863075/2863075_1_500.jpg,False
2025-01,M,002009,겨울 기타 코트,002,아우터,2,3405552,musinsastandard,무신사 스탠다드,울 블렌드 오버사이즈 더플 코트 [네이비],https://image.msscdn.net/images/goods_img/20230712/3405552/3405552_17364971561413_500.jpg,False
2025-01,M,002009,겨울 기타 코트,002,아우터,3,2238440,partimento,파르티멘토,오버사이즈 멜톤 더플 롱 코트 네이비,https://image.msscdn.net/images/goods_img/20211117/2238440/2238440_1_500.jpg,False
2025-01,M,002009,겨울 기타 코트,002,아우터,4,2594255,decoroso,데꼬로소,마엘 로브 롱 코트 [블랙],https://image.msscdn.net/images/goods_img/20220531/2594255/2594255_17593717886496_500.jpg,False
2025-01,M,002009,겨울 기타 코트,002,아우터,5,3585021,kiimuir,키뮤어,울(WOOL) 후드 더플 하프 코트_네이비,https://image.msscdn.net/images/goods_img/20230921/3585021/3585021_17345081650279_500.jpg,False
2025-01,M,002009,겨울 기타 코트,002,아우터,6,420779,lofi,로파이,오버핏 스테디 더플 코트 (네이비),https://image.msscdn.net/images/goods_img/20160929/420779/420779_17292266904127_500.jpg,False
2025-01,M,002009,겨울 기타 코트,002,아우터,7,3405551,musinsastandard,무신사 스탠다드,울 블렌드 오버사이즈 더플 코트 [블랙],https://image.msscdn.net/images/goods_img/20230712/3405551/3405551_16957097530371_500.jpg,False
2025-01,M,002009,겨울 기타 코트,002,아우터,8,4527355,gubin,구빈,울 크롭 하이넥 숏 코트,https://image.msscdn.net/images/goods_img/20241017/4527355/4527355_17307082855950_500.jpg,False
2025-01,M,002009,겨울 기타 코트,002,아우터,9,2863073,trillion,트릴리온,유니섹스 발마칸 더플 숏 코트 (BROWN),https://image.msscdn.net/images/goods_img/20221014/2863073/2863073_1_500.jpg,False
2025-01,M,002009,겨울 기타 코트,002,아우터,10,2161656,lofi,로파이,오버핏 스테디 더플 코트 (차콜),https://image.msscdn.net/images/goods_img/20211005/2161656/2161656_17291580319138_500.jpg,False
2025-01,M,002009,겨울 기타 코트,002,아우터,11,3405542,musinsastandard,무신사 스탠다드,울 블렌드 엑스트라 오버사이즈 더플 코트 [네이비],https://image.msscdn.net/images/goods_img/20230712/3405542/3405542_16957076000600_500.jpg,False
2025-01,M,002009,겨울 기타 코트,002,아우터,12,2238412,partimento,파르티멘토,오버사이즈 멜톤 콘보이 더플 코트 네이비,https://image.msscdn.net/images/goods_img/20211117/2238412/2238412_2_500.jpg,False
2025-01,M,002009,겨울 기타 코트,002,아우터,13,4134317,musinsastandard,무신사 스탠다드,울 블렌드 오버사이즈 더플 코트 [모카],https://image.msscdn.net/images/goods_img/20240516/4134317/4134317_17364978439937_500.jpg,False
2025-01,M,002009,겨울 기타 코트,002,아우터,14,3585098,kiimuir,키뮤어,[WOOL 80] 울 세미오버핏 더플 코트_네이비,https://image.msscdn.net/images/goods_img/20230921/3585098/3585098_17611010184143_500.jpg,False
2025-01,M,002009,겨울 기타 코트,002,아우터,15,2238433,partimento,파르티멘토,오버사이즈 멜톤 더플 롱 코트 블랙,https://image.msscdn.net/images/goods_img/20211117/2238433/2238433_1_500.jpg,False
2025-01,M,002009,겨울 기타 코트,002,아우터,16,3585018,kiimuir,키뮤어,울(WOOL) 후드 더플 하프 코트_블랙,https://image.msscdn.net/images/goods_img/20230921/3585018/3585018_17345081833192_500.jpg,False
2025-01,M,002009,겨울 기타 코트,002,아우터,17,4407566,lemainsecond,리메인세컨드,울 블렌드 오버핏 발마칸 코트 [블랙],https://image.msscdn.net/images/goods_img/20240905/4407566/4407566_17609349341809_500.jpg,False
2025-01,M,002009,겨울 기타 코트,002,아우터,18,2863193,trillion,트릴리온,유니섹스 발마칸 더플 롱 코트 (BLACK),https://image.msscdn.net/images/goods_img/20221014/2863193/2863193_1_500.jpg,False
2025-01,M,002009,겨울 기타 코트,002,아우터,19,2594256,decoroso,데꼬로소,마엘 로브 롱 코트 [그레이],https://image.msscdn.net/images/goods_img/20220531/2594256/2594256_17593717642896_500.jpg,False
2025-01,M,002009,겨울 기타 코트,002,아우터,20,4553142,nusarchive,너스 아카이브,Over Long Wool Coat (블랙),https://image.msscdn.net/images/goods_img/20241024/4553142/4553142_17297474566837_500.jpg,False
2025-01,M,002009,겨울 기타 코트,002,아우터,21,3585016,kiimuir,키뮤어,울(WOOL) 후드 더플 하프 코트_브라운,https://image.msscdn.net/images/goods_img/20230921/3585016/3585016_17345082169230_500.jpg,False
2025-01,M,002009,겨울 기타 코트,002,아우터,22,3486582,nonblank,넌블랭크,디테처블 후드 더플 코트_KHAKI,https://image.msscdn.net/images/goods_img/20230822/3486582/3486582_17320900107055_500.png,False
2025-01,M,002009,겨울 기타 코트,002,아우터,23,4523092,nonblank,넌블랭크,디테처블 후드 더플 하프 코트_DARK NAVY,https://image.msscdn.net/images/goods_img/20241016/4523092/4523092_17303778771929_500.png,False
2025-01,M,002009,겨울 기타 코트,002,아우터,24,4512543,lemaire,르메르,더플 코트 - 블랙 / CO1073LF504BK999,https://image.msscdn.net/images/goods_img/20241014/4512543/4512543_17296784779629_500.jpg,False
2025-01,M,002009,겨울 기타 코트,002,아우터,25,405798,lofi,로파이,오버핏 스테디 숏 더플 코트 (네이비),https://image.msscdn.net/images/goods_img/20160905/405798/405798_17292268773448_500.jpg,False
2025-01,M,002009,겨울 기타 코트,002,아우터,26,4438293,mindbridge,마인드브릿지,두굿_울혼방후드더플롱코트 - 2color MYCA7151,https://image.msscdn.net/images/goods_img/20240912/4438293/4438293_17630852469004_500.jpg,False
2025-01,M,002009,겨울 기타 코트,002,아우터,27,4499771,kiimuir,키뮤어,[WOOL 80] 울 세미오버핏 더플 코트_블랙,https://image.msscdn.net/images/goods_img/20241009/4499771/4499771_17295805423709_500.jpg,False
2025-01,M,002009,겨울 기타 코트,002,아우터,28,2157780,partimento,파르티멘토,오버사이즈 멜톤 콘보이 더플 코트 블랙,https://image.msscdn.net/images/goods_img/20211001/2157780/2157780_3_500.jpg,False
2025-01,M,002009,겨울 기타 코트,002,아우터,29,4452094,beslow,비슬로우,OVERSIZED DUFFLE COAT DARK OLIVE,https://image.msscdn.net/images/goods_img/20240923/4452094/4452094_17270678505129_500.jpg,False
2025-01,M,002009,겨울 기타 코트,002,아우터,30,3486580,nonblank,넌블랭크,디테처블 후드 더플 코트_DARK NAVY,https://image.msscdn.net/images/goods_img/20230822/3486580/3486580_17320902608417_500.png,False
2025-01,M,002013,롱패딩/헤비 아우터,002,아우터,1,4297630,musinsastandard,무신사 스탠다드,데일리 푸퍼 롱 패딩 파카 [블랙],https://image.msscdn.net/images/goods_img/20240805/4297630/4297630_17649137181620_500.jpg,False
2025-01,M,002013,롱패딩/헤비 아우터,002,아우터,2,4327173,thenorthface,노스페이스,NC1DQ50J 화이트라벨 액션 프리 RDS 다운 코트_BLACK,https://image.msscdn.net/images/goods_img/20240813/4327173/4327173_17235381048878_500.jpg,False
2025-01,M,002013,롱패딩/헤비 아우터,002,아우터,3,4477474,nationalgeographic,내셔널지오그래픽,N244UDW860 카이만 프로 롱기장 구스 다운 점퍼 CARBON BLACK,https://image.msscdn.net/images/goods_img/20240930/4477474/4477474_17276893068534_500.jpg,False
2025-01,M,002013,롱패딩/헤비 아우터,002,아우터,4,4297594,musinsastandard,무신사 스탠다드,미니멀 후디드 롱 다운 파카 [블랙],https://image.msscdn.net/images/goods_img/20240805/4297594/4297594_17314852672987_500.jpg,False
2025-01,M,002013,롱패딩/헤비 아우터,002,아우터,5,4383452,thenorthface,노스페이스,NC1DQ51A 남성 액트 프리 EX 하이브리드 다운 코트,https://image.msscdn.net/images/goods_img/20240829/4383452/4383452_17315694383307_500.jpg,False
2025-01,M,002013,롱패딩/헤비 아우터,002,아우터,6,1647181,maisonmined,메종미네드,BLACK DOUBLE LONG GOOSE DOWN,https://image.msscdn.net/images/goods_img/20201014/1647181/1647181_2_500.jpg,False
2025-01,M,002013,롱패딩/헤비 아우터,002,아우터,7,4470056,suare,수아레,서스테인 발마칸 패딩 코트 - 2 COLOR,https://image.msscdn.net/images/goods_img/20240927/4470056/4470056_17593708342462_500.jpg,False
2025-01,M,002013,롱패딩/헤비 아우터,002,아우터,8,2755394,discoveryexpedition,디스커버리 익스페디션,남성 레스터G RDS 구스다운 롱패딩 (BLACK),https://image.msscdn.net/images/goods_img/20220830/2755394/2755394_17338206891781_500.jpg,False
2025-01,M,002013,롱패딩/헤비 아우터,002,아우터,9,4241964,spao,스파오,베이직 롱패딩_SPJPE4VC14,https://image.msscdn.net/images/goods_img/20240710/4241964/4241964_17377003729514_500.jpg,False
2025-01,M,002013,롱패딩/헤비 아우터,002,아우터,10,4297634,musinsastandard,무신사 스탠다드,데일리 푸퍼 미니멀 롱 패딩 파카 [블랙],https://image.msscdn.net/images/goods_img/20240805/4297634/4297634_17290648980483_500.jpg,False
2025-01,M,002013,롱패딩/헤비 아우터,002,아우터,11,4397922,toffee,토피,오버핏 클래식 롱 파카 (BLACK),https://image.msscdn.net/images/goods_img/20240903/4397922/4397922_17253529158742_500.jpg,False
2025-01,M,002013,롱패딩/헤비 아우터,002,아우터,12,4604316,thenorthface,노스페이스,NC1DQ50A 남성 챌린지 에어 RDS 다운 코트_BLACK,https://image.msscdn.net/images/goods_img/20241111/4604316/4604316_17313091959603_500.jpg,False
2025-01,M,002013,롱패딩/헤비 아우터,002,아우터,13,4504369,discoveryexpedition,디스커버리 익스페디션,남성 베른 구스다운 롱패딩 (BLACK),https://image.msscdn.net/images/goods_img/20241010/4504369/4504369_17307054905899_500.jpg,False
2025-01,M,002013,롱패딩/헤비 아우터,002,아우터,14,2222924,musinsastandard,무신사 스탠다드,롱 다운 벤치 파카 [블랙],https://image.msscdn.net/images/goods_img/20211109/2222924/2222924_17649252759332_500.jpg,False
2025-01,M,002013,롱패딩/헤비 아우터,002,아우터,15,3477392,descente,데상트,2024 롱 캐논 유러피언 구스다운 블랙(SP323SDJ91),https://image.msscdn.net/images/goods_img/20230818/3477392/3477392_17889177628381_500.jpg,False
2025-01,M,002013,롱패딩/헤비 아우터,002,아우터,16,4568999,kolonsport,코오롱스포츠,남성 롱다운 안타티카 JWJDW24241BLK,https://image.msscdn.net/images/goods_img/20241029/4568999/4568999_17316363185227_500.jpg,False
2025-01,M,002013,롱패딩/헤비 아우터,002,아우터,17,3618400,akiiiclassic,아키클래식,필파워 742 왈라비 프리미엄 덕다운 롱패딩 Ver.4 (블랙),https://image.msscdn.net/images/goods_img/20231011/3618400/3618400_17298171531929_500.jpg,False
2025-01,M,002013,롱패딩/헤비 아우터,002,아우터,18,3504040,k2,케이투,K2 포디엄(FODIUM) TUBE_Black KMW23575Z1,https://image.msscdn.net/images/goods_img/20230828/3504040/3504040_16931882241215_500.jpg,False
2025-01,M,002013,롱패딩/헤비 아우터,002,아우터,19,4297635,musinsastandard,무신사 스탠다드,데일리 푸퍼 미니멀 롱 패딩 파카 [다크 그레이],https://image.msscdn.net/images/goods_img/20240805/4297635/4297635_17364976741480_500.jpg,False
2025-01,M,002013,롱패딩/헤비 아우터,002,아우터,20,3513965,mindbridge,마인드브릿지,두굿_후드롱다운점퍼 - 2color MYDJ8103,https://image.msscdn.net/images/goods_img/20230830/3513965/3513965_17278589824745_500.jpg,False
2025-01,M,002013,롱패딩/헤비 아우터,002,아우터,21,4548127,newbalance,뉴발란스,NBNPE41103 / 남여공용 액티브 롱 구스다운 (BLACK),https://image.msscdn.net/images/goods_img/20241023/4548127/4548127_17830506437404_500.jpg,False
2025-01,M,002013,롱패딩/헤비 아우터,002,아우터,22,4469334,covernat,커버낫,24FW RDS 씨빅 롱 다운 블랙,https://image.msscdn.net/images/goods_img/20240926/4469334/4469334_17321676769014_500.jpg,False
2025-01,M,002013,롱패딩/헤비 아우터,002,아우터,23,1195438,musinsastandard,무신사 스탠다드,실버 폭스 롱 다운 파카 [블랙],https://image.msscdn.net/images/goods_img/20191021/1195438/1195438_17139446238982_500.jpg,False
2025-01,M,002013,롱패딩/헤비 아우터,002,아우터,24,4267189,k2,케이투,BOOST_벤치다운(공용)_Black,https://image.msscdn.net/images/goods_img/20240723/4267189/4267189_17216968906363_500.jpg,False
2025-01,M,002013,롱패딩/헤비 아우터,002,아우터,25,920520,fcmm,에프씨엠엠,클럽 팀 풋볼 벤치 롱 패딩 2color,https://image.msscdn.net/images/goods_img/20181212/920520/920520_17588685279951_500.jpg,False
2025-01,M,002013,롱패딩/헤비 아우터,002,아우터,26,4209581,musinsastandard,무신사 스탠다드,몬스터 다운 파카 [카키],https://image.msscdn.net/images/goods_img/20240620/4209581/4209581_17314779762302_500.jpg,False
2025-01,M,002013,롱패딩/헤비 아우터,002,아우터,27,4508049,codegraphy,코드그라피,롱 더플 패딩_블랙,https://image.msscdn.net/images/goods_img/20241011/4508049/4508049_17634459421395_500.jpg,False
2025-01,M,002013,롱패딩/헤비 아우터,002,아우터,28,4583514,urbansideapparel,어반사이드 어패럴,[750FP 덕다운] 에일러론 롱 750 헤비다운 재킷,https://image.msscdn.net/images/goods_img/20241101/4583514/4583514_17319100116629_500.jpg,False
2025-01,M,002013,롱패딩/헤비 아우터,002,아우터,29,4339069,fcmm,에프씨엠엠,클럽 팀 에센셜 벤치 롱 패딩 - 블랙,https://image.msscdn.net/images/goods_img/20240816/4339069/4339069_17243860934679_500.jpg,False
2025-01,M,002013,롱패딩/헤비 아우터,002,아우터,30,4297631,musinsastandard,무신사 스탠다드,데일리 푸퍼 롱 패딩 파카 [다크 그레이],https://image.msscdn.net/images/goods_img/20240805/4297631/4297631_17649137021219_500.jpg,False
2025-01,M,002016,패딩 베스트,002,아우터,1,3378526,musinsastandard,무신사 스탠다드,시티 레저 다운 패딩 베스트 [블랙],https://image.msscdn.net/images/goods_img/20230622/3378526/3378526_17133382296821_500.jpg,False
2025-01,M,002016,패딩 베스트,002,아우터,2,4241965,spao,스파오,베이직 패쪼_SPJVE4TC01,https://image.msscdn.net/images/goods_img/20240710/4241965/4241965_17295720190889_500.jpg,False
2025-01,M,002016,패딩 베스트,002,아우터,3,606312,musinsastandard,무신사 스탠다드,브이넥 라이트 다운 베스트 [블랙],https://image.msscdn.net/images/goods_img/20170822/606312/606312_4_500.jpg,False
2025-01,M,002016,패딩 베스트,002,아우터,4,3967536,thenorthface,노스페이스,NV1DQ55A 남성 1996 눕시 베스트_BLACK,https://image.msscdn.net/images/goods_img/20240319/3967536/3967536_17108298118248_500.jpg,False
2025-01,M,002016,패딩 베스트,002,아우터,5,4483974,nike,나이키,스포츠웨어 클럽  패딩 베스트 M - 블랙:화이트 / FB7374-010,https://image.msscdn.net/images/goods_img/20241002/4483974/4483974_17292144486983_500.jpg,False
2025-01,M,002016,패딩 베스트,002,아우터,6,4356820,musinsastandard,무신사 스탠다드,시티 레저 하이넥 라이트 다운 베스트 [블랙],https://image.msscdn.net/images/goods_img/20240822/4356820/4356820_17273408455300_500.jpg,False
2025-01,M,002016,패딩 베스트,002,아우터,7,4397044,frizmworks,프리즘웍스,KARAKORAM DOWN VEST _ BLACK,https://image.msscdn.net/images/goods_img/20240903/4397044/4397044_17253823244761_500.jpg,False
2025-01,M,002016,패딩 베스트,002,아우터,8,4356823,musinsastandard,무신사 스탠다드,시티 레저 시어 립스탑 후디드 다운 패딩 베스트 [블랙],https://image.msscdn.net/images/goods_img/20240822/4356823/4356823_17273424304911_500.jpg,False
2025-01,M,002016,패딩 베스트,002,아우터,9,4297636,musinsastandard,무신사 스탠다드,데일리 푸퍼 패딩 베스트 [블랙],https://image.msscdn.net/images/goods_img/20240805/4297636/4297636_17649029228262_500.jpg,False
2025-01,M,002016,패딩 베스트,002,아우터,10,4715333,thenorthface,노스페이스,NV1DR50J 화이트라벨 노벨티 눕시 RDS 다운 베스트_BLACK,https://image.msscdn.net/images/goods_img/20250113/4715333/4715333_17367346579583_500.jpg,False
2025-01,M,002016,패딩 베스트,002,아우터,11,3667963,minimalproject,미니멀프로젝트,MNMP 하이넥 패딩 베스트 MVT102 [BLACK],https://image.msscdn.net/images/goods_img/20231030/3667963/3667963_17606004212693_500.jpg,False
2025-01,M,002016,패딩 베스트,002,아우터,12,4453947,filluminate,필루미네이트,디플로 패딩 베스트-블랙,https://image.msscdn.net/images/goods_img/20240923/4453947/4453947_17283542517560_500.jpg,False
2025-01,M,002016,패딩 베스트,002,아우터,13,3451293,nomanual,노매뉴얼,TRACK DUCK DOWN VEST - GLOSSY BLACK,https://image.msscdn.net/images/goods_img/20230808/3451293/3451293_17260538086539_500.jpg,False
2025-01,M,002016,패딩 베스트,002,아우터,14,1635329,musinsastandard,무신사 스탠다드,다운 푸퍼 패딩 베스트 [블랙],https://image.msscdn.net/images/goods_img/20201006/1635329/1635329_17799287530514_500.jpg,False
2025-01,M,002016,패딩 베스트,002,아우터,15,4593572,patagonia,파타고니아,멘즈 다운드리프트 베스트 / 20785P7,https://image.msscdn.net/images/goods_img/20241106/4593572/4593572_17308789007804_500.jpg,False
2025-01,M,002016,패딩 베스트,002,아우터,16,4460695,thisisneverthat,디스이즈네버댓,PERTEX® T Down Vest Olive,https://image.msscdn.net/images/goods_img/20240925/4460695/4460695_17272538675290_500.jpg,False
2025-01,M,002016,패딩 베스트,002,아우터,17,4620273,arcteryx,아크테릭스,세륨 베스트 남성 - BLACK / AJOFMX7455,https://image.msscdn.net/images/goods_img/20241118/4620273/4620273_17326079341162_500.jpg,False
2025-01,M,002016,패딩 베스트,002,아우터,18,4410189,lemainsecond,리메인세컨드,2WAY 오버핏 볼륨 웰론 푸퍼 패딩 베스트 [블랙],https://image.msscdn.net/images/goods_img/20240905/4410189/4410189_17611098548841_500.jpg,False
2025-01,M,002016,패딩 베스트,002,아우터,19,3436246,ilcorso,일꼬르소,[oam.factory X ILCORSO] 플로우 구스 다운 베스트 그레이 IEJU3F702G2,https://image.msscdn.net/images/goods_img/20230801/3436246/3436246_16970037141021_500.jpg,False
2025-01,M,002016,패딩 베스트,002,아우터,20,4493062,ami,아미,하트 로고 베스트 패딩 - 블랙 / HJK703PA0009001,https://image.msscdn.net/images/goods_img/20241007/4493062/4493062_17290491390969_500.jpg,False
2025-01,M,002016,패딩 베스트,002,아우터,21,4397047,frizmworks,프리즘웍스,KARAKORAM DOWN VEST _ ORANGE,https://image.msscdn.net/images/goods_img/20240903/4397047/4397047_17253822647593_500.jpg,False
2025-01,M,002016,패딩 베스트,002,아우터,22,4480507,espionage,에스피오나지,PCU Level 7 Insulated Vest Sage Olive,https://image.msscdn.net/images/goods_img/20241002/4480507/4480507_17282673968955_500.jpg,False
2025-01,M,002016,패딩 베스트,002,아우터,23,2820356,lettercomo,레테르코모,아워 인피니엄 패딩베스트 블랙,https://image.msscdn.net/images/goods_img/20220926/2820356/2820356_1_500.jpg,False
2025-01,M,002016,패딩 베스트,002,아우터,24,4467660,fcmm,에프씨엠엠,하이브리드 에어 쿠션 패딩 베스트 - 블랙,https://image.msscdn.net/images/goods_img/20240926/4467660/4467660_17273335358337_500.jpg,False
2025-01,M,002016,패딩 베스트,002,아우터,25,4551278,thenorthface,노스페이스,NV1DQ57A 남성 슈퍼플렉스 눕시 다운 베스트 (RDS)_BLACK,https://image.msscdn.net/images/goods_img/20241024/4551278/4551278_17297331510738_500.jpg,False
2025-01,M,002016,패딩 베스트,002,아우터,26,3378527,musinsastandard,무신사 스탠다드,시티 레저 다운 패딩 베스트 [그레이쉬 베이지],https://image.msscdn.net/images/goods_img/20230622/3378527/3378527_17133382041972_500.jpg,False
2025-01,M,002016,패딩 베스트,002,아우터,27,4477232,matinkim,마뗑킴,BIG LOGO POINT DOWN VEST FOR MEN IN SILVER,https://image.msscdn.net/images/goods_img/20240930/4477232/4477232_17276797473059_500.jpg,False
2025-01,M,002016,패딩 베스트,002,아우터,28,4408889,henrycottons,헨리코튼,립스탑 다운 베스트_AHVAW24400ORX,https://image.msscdn.net/images/goods_img/20240905/4408889/4408889_17255122453709_500.jpg,False
2025-01,M,002016,패딩 베스트,002,아우터,29,4521212,kappa,카파,패딩 베스트 유니 블랙,https://image.msscdn.net/images/goods_img/20241015/4521212/4521212_17325859220778_500.jpg,False
2025-01,M,002016,패딩 베스트,002,아우터,30,1645209,saintpain,세인트페인,[리뉴얼 ver.] SP 베이직 패딩 베스트-블랙,https://image.msscdn.net/images/goods_img/20201013/1645209/1645209_2_500.jpg,False
2025-01,M,002015,기타 아우터,002,아우터,1,4439851,dickies,디키즈,트윌 워크 재킷 Khaki,https://image.msscdn.net/images/goods_img/20240913/4439851/4439851_17325800749993_500.jpg,False
2025-01,M,002015,기타 아우터,002,아우터,2,4439849,dickies,디키즈,트윌 워크 재킷 Black,https://image.msscdn.net/images/goods_img/20240913/4439849/4439849_17325800650698_500.jpg,False
2025-01,M,002015,기타 아우터,002,아우터,3,3481679,salomon,살로몬,UNI 모디세이 자켓_LC2573500,https://image.msscdn.net/images/goods_img/20230821/3481679/3481679_17569757995405_500.png,False
2025-01,M,002015,기타 아우터,002,아우터,4,4514395,trillion,트릴리온,코듀로이 카라 스웨이드 집업 워크 자켓 [블랙],https://image.msscdn.net/images/goods_img/20241014/4514395/4514395_17298226223955_500.jpg,False
2025-01,M,002015,기타 아우터,002,아우터,5,4215250,burberry,버버리,리버시블 체크 릴렉스핏 재킷 - 아카이브 베이지 / 8027097,https://image.msscdn.net/images/goods_img/20240624/4215250/4215250_17212791031453_500.jpg,False
2025-01,M,002015,기타 아우터,002,아우터,6,4439852,dickies,디키즈,트윌 워크 재킷 Olive,https://image.msscdn.net/images/goods_img/20240913/4439852/4439852_17325800807282_500.jpg,False
2025-01,M,002015,기타 아우터,002,아우터,7,4602451,arcteryx,아크테릭스,베타 자켓 남성 - BLACK / AJOFMX8584,https://image.msscdn.net/images/goods_img/20241111/4602451/4602451_17320825681469_500.jpg,False
2025-01,M,002015,기타 아우터,002,아우터,8,3493776,poloralphlauren,폴로 랄프 로렌,코튼 트윌 치노 재킷 - 베이지,https://image.msscdn.net/images/goods_img/20230824/3493776/3493776_16940558616592_500.jpg,False
2025-01,M,002015,기타 아우터,002,아우터,9,1114716,musinsastandard,무신사 스탠다드,트랜스폼 라운드 넥 라이트 다운 재킷 [블랙],https://image.msscdn.net/images/goods_img/20190809/1114716/1114716_17139449466220_500.jpg,False
2025-01,M,002015,기타 아우터,002,아우터,10,4282759,arcteryx,아크테릭스,아톰 후디 남성 - VITALITY / AJOFMX7487,https://image.msscdn.net/images/goods_img/20240730/4282759/4282759_17240358165070_500.jpg,False
2025-01,M,002015,기타 아우터,002,아우터,11,4602452,arcteryx,아크테릭스,베타 자켓 남성 - BLACK SAPPHIRE / AJOFMX8584,https://image.msscdn.net/images/goods_img/20241111/4602452/4602452_17320826400208_500.jpg,False
2025-01,M,002015,기타 아우터,002,아우터,12,4282756,arcteryx,아크테릭스,아톰 후디 남성 - CANVAS / AJOFMX7487,https://image.msscdn.net/images/goods_img/20240730/4282756/4282756_17240340386046_500.jpg,False
2025-01,M,002015,기타 아우터,002,아우터,13,4506787,jeleve,제이엘브,퍼 하이넥 자켓,https://image.msscdn.net/images/goods_img/20241011/4506787/4506787_17900527424447_500.jpg,False
2025-01,M,002015,기타 아우터,002,아우터,14,4514391,trillion,트릴리온,코듀로이 카라 스웨이드 집업 워크 자켓 [브라운],https://image.msscdn.net/images/goods_img/20241014/4514391/4514391_17298226612581_500.jpg,False
2025-01,M,002015,기타 아우터,002,아우터,15,4440721,poloralphlauren,폴로 랄프 로렌,코튼 트윌 재킷-네이비,https://image.msscdn.net/images/goods_img/20240913/4440721/4440721_17292160301994_500.jpg,False
2025-01,M,002015,기타 아우터,002,아우터,16,4407121,dickies,디키즈,인슐레이티드 아이젠하워 레귤러핏 워크 재킷 Black,https://image.msscdn.net/images/goods_img/20240905/4407121/4407121_17289701327007_500.jpg,False
2025-01,M,002015,기타 아우터,002,아우터,17,3930059,arcteryx,아크테릭스,베타 AR 재킷 남성 - BLACK / AJOSMX7082,https://image.msscdn.net/images/goods_img/20240307/3930059/3930059_17104012975685_500.jpg,False
2025-01,M,002015,기타 아우터,002,아우터,18,4596359,patagonia,파타고니아,멘즈 R1 에어 풀-집 후디,https://image.msscdn.net/images/goods_img/20241107/4596359/4596359_17588536509316_500.jpg,False
2025-01,M,002015,기타 아우터,002,아우터,19,4262830,outstanding,아웃스탠딩,USN DECK JACKET_NAVY,https://image.msscdn.net/images/goods_img/20240719/4262830/4262830_17893009454730_500.jpg,False
2025-01,M,002015,기타 아우터,002,아우터,20,4582576,thomasmore,토마스모어,울 해링턴 자켓,https://image.msscdn.net/images/goods_img/20241101/4582576/4582576_17304476450740_500.jpg,False
2025-01,M,002015,기타 아우터,002,아우터,21,2837405,matinkim,마뗑킴,MATIN KIM LOGO COATING JUMPER,https://image.msscdn.net/images/goods_img/20221004/2837405/2837405_1_500.jpg,False
2025-01,M,002015,기타 아우터,002,아우터,22,3039150,poloralphlauren,폴로 랄프 로렌,코틀랜드 시얼링 다운 재킷 - 네이비,https://image.msscdn.net/images/goods_img/20230126/3039150/3039150_16764217044301_500.jpg,False
2025-01,M,002015,기타 아우터,002,아우터,23,4620272,arcteryx,아크테릭스,베타 자켓 남성 - FORAGE / TATSU / CANVAS / AJOFMX8584,https://image.msscdn.net/images/goods_img/20241118/4620272/4620272_17326079585712_500.jpg,False
2025-01,M,002015,기타 아우터,002,아우터,24,3807619,outstanding,아웃스탠딩,FRENCH WORK JACKET_BLUE,https://image.msscdn.net/images/goods_img/20240118/3807619/3807619_17374208908529_500.jpg,False
2025-01,M,002015,기타 아우터,002,아우터,25,4262820,outstanding,아웃스탠딩,HEAVY CANVAS WASHING WORK JACKET_CHARCOAL,https://image.msscdn.net/images/goods_img/20240719/4262820/4262820_17580864548281_500.jpg,False
2025-01,M,002015,기타 아우터,002,아우터,26,4262818,outstanding,아웃스탠딩,HEAVY CANVAS WASHING WORK JACKET_BEIGE,https://image.msscdn.net/images/goods_img/20240719/4262818/4262818_17585928085836_500.jpg,False
2025-01,M,002015,기타 아우터,002,아우터,27,4333555,frizmworks,프리즘웍스,HEAVY CANVAS DESTROYED WORK JACKET _ BLACK,https://image.msscdn.net/images/goods_img/20240815/4333555/4333555_17241366893786_500.jpg,False
2025-01,M,002015,기타 아우터,002,아우터,28,4514389,trillion,트릴리온,코듀로이 카라 스웨이드 집업 워크 자켓 [카키],https://image.msscdn.net/images/goods_img/20241014/4514389/4514389_17298226932105_500.jpg,False
2025-01,M,002015,기타 아우터,002,아우터,29,4419551,ecorr,이코르,비건 스웨이드 싱글 카라 자켓_브라운,https://image.msscdn.net/images/goods_img/20240909/4419551/4419551_17720706492522_500.jpg,False
2025-01,M,002015,기타 아우터,002,아우터,30,4333557,frizmworks,프리즘웍스,HEAVY CANVAS DESTROYED WORK JACKET _ BROWN,https://image.msscdn.net/images/goods_img/20240815/4333557/4333557_17241366282877_500.jpg,False
2025-01,M,003,바지,,,1,4274049,lemainsecond,리메인세컨드,빈티지 캣워싱 와이드 데님 팬츠 [옐로우 워싱],https://image.msscdn.net/images/prd_img/20240725/4274049/detail_4274049_17757836079460_500.jpg,False
2025-01,M,003,바지,,,2,1551840,xero,제로,Deep One Tuck Sweat Pants [Grey],https://image.msscdn.net/images/goods_img/20200818/1551840/1551840_1_500.jpg,False
2025-01,M,003,바지,,,3,1551839,xero,제로,Deep One Tuck Sweat Pants [Black],https://image.msscdn.net/images/goods_img/20200818/1551839/1551839_1_500.jpg,False
2025-01,M,003,바지,,,4,1149329,musinsastandard,무신사 스탠다드,세미 와이드 히든 밴딩 슬랙스 [블랙],https://image.msscdn.net/images/goods_img/20190910/1149329/1149329_17775152531848_500.jpg,False
2025-01,M,003,바지,,,5,3663072,toffee,토피,모어 와이드 데님 팬츠 (WASHED RAW BLACK),https://image.msscdn.net/images/goods_img/20231027/3663072/3663072_16988871011427_500.jpg,False
2025-01,M,003,바지,,,6,1844582,brenson,브렌슨,(Renew Ver.) 원턱 와이드 스웨트 팬츠 ( 7Color ) ( 기모선택 ),https://image.msscdn.net/images/goods_img/20210315/1844582/1844582_17774456564921_500.jpg,False
2025-01,M,003,바지,,,7,3674341,boundary,바운더리,(여름원단추가) 투턱 와이드 롱 스웨트 팬츠 [블랙],https://image.msscdn.net/images/goods_img/20231101/3674341/3674341_17042599581270_500.jpg,False
2025-01,M,003,바지,,,8,1168906,musinsastandard,무신사 스탠다드,와이드 히든 밴딩 슬랙스 [블랙],https://image.msscdn.net/images/goods_img/20190927/1168906/1168906_17224121763738_500.jpg,False
2025-01,M,003,바지,,,9,2926541,brenson,브렌슨,(Renew Ver.) 코듀로이 원턱 와이드 밴딩팬츠 ( 5Color ),https://image.msscdn.net/images/goods_img/20221108/2926541/2926541_17623049889755_500.jpg,False
2025-01,M,003,바지,,,10,2112059,gakka2,가까이 유니언즈,[여름 or 기모 or 사계절 원단 선택] 원턱 와이드 스웨트팬츠 그레이,https://image.msscdn.net/images/goods_img/20210906/2112059/2112059_17473624399256_500.jpg,False
2025-01,M,003,바지,,,11,750908,wholovesart,후러브스아트,유니섹스 세미 와이드 밴딩 슬랙스 블랙,https://image.msscdn.net/images/goods_img/20180406/750908/750908_17736379434172_500.jpg,False
2025-01,M,003,바지,,,12,2112061,gakka2,가까이 유니언즈,[여름 or 기모 or 사계절 원단 선택] 원턱 와이드 스웨트팬츠 블랙,https://image.msscdn.net/images/goods_img/20210906/2112061/2112061_17459952841713_500.jpg,False
2025-01,M,003,바지,,,13,3956305,poloralphlauren,폴로 랄프 로렌,[Crest Capsule] 코튼 트윌 빅 치노 팬츠 - 베이지,https://image.msscdn.net/images/goods_img/20240315/3956305/3956305_17104681612953_500.jpg,False
2025-01,M,003,바지,,,14,4506373,fit2c,아크시,루즈 워시드 벌룬핏 와이드 데님 팬츠 유니섹스 (블랙),https://image.msscdn.net/images/goods_img/20241011/4506373/4506373_17724993058931_500.jpg,False
2025-01,M,003,바지,,,15,4274045,lemainsecond,리메인세컨드,빈티지 캣워싱 와이드 데님 팬츠 [샌드 블루],https://image.msscdn.net/images/goods_img/20240725/4274045/4274045_17888435557697_500.jpg,False
2025-01,M,003,바지,,,16,4342152,excontainer,엑스컨테이너,원턱 와이드 코듀로이 팬츠 (BROWN),https://image.msscdn.net/images/goods_img/20240819/4342152/4342152_17754495698251_500.jpg,False
2025-01,M,003,바지,,,17,4358823,branded,브랜디드,1792 OLD SOUL JEANS [WIDE STRAIGHT],https://image.msscdn.net/images/goods_img/20240822/4358823/4358823_17817666197789_500.jpg,False
2025-01,M,003,바지,,,18,4556449,scallywag,스켈리웩,벌룬핏 스웨트 팬츠[라이트그레이],https://image.msscdn.net/images/goods_img/20241024/4556449/4556449_17891087880393_500.jpg,False
2025-01,M,003,바지,,,19,4261761,outstanding,아웃스탠딩,[MUT lab] W.W.II SELVEDGE STRAIGHT PANTS_INDIGO,https://image.msscdn.net/images/goods_img/20240719/4261761/4261761_17682658838869_500.jpg,False
2025-01,M,003,바지,,,20,3690591,signature,시그니처,[최종우X시그니처]소프트 헤비 코듀로이 원턱 밴딩 팬츠[모카브라운],https://image.msscdn.net/images/goods_img/20231107/3690591/3690591_17694078611375_500.jpg,False
2025-01,M,003,바지,,,21,3674342,boundary,바운더리,(여름원단추가) 투턱 와이드 롱 스웨트 팬츠 [그레이],https://image.msscdn.net/images/goods_img/20231101/3674342/3674342_17044188945397_500.jpg,False
2025-01,M,003,바지,,,22,3902778,standarderror,스탠다드에러,87-STAN047 벌룬핏 워싱 와이드 데님팬츠 빈티지 블랙,https://image.msscdn.net/images/goods_img/20240227/3902778/3902778_17743239190107_500.jpg,False
2025-01,M,003,바지,,,23,3046316,outstanding,아웃스탠딩,[MUT lab] 40’S SELVEDGE STRAIGHT PANTS_INDIGO,https://image.msscdn.net/images/goods_img/20230130/3046316/3046316_17682656713319_500.jpg,False
2025-01,M,003,바지,,,24,3794791,ourdayz,아워데이즈,웨이비 커브드 와이드 데님 팬츠 [BLUE],https://image.msscdn.net/images/goods_img/20240115/3794791/3794791_17900634212592_500.jpg,False
2025-01,M,003,바지,,,25,1627892,musinsastandard,무신사 스탠다드,레플리카 퍼티그 팬츠 [카키],https://image.msscdn.net/images/goods_img/20200928/1627892/1627892_17827088773028_500.jpg,False
2025-01,M,003,바지,,,26,4556448,scallywag,스켈리웩,벌룬핏 스웨트 팬츠[브라운],https://image.msscdn.net/images/goods_img/20241024/4556448/4556448_17891088294272_500.jpg,False
2025-01,M,003,바지,,,27,3684419,dickies,디키즈,더블니 85283 루즈핏 워크팬츠 Black,https://image.msscdn.net/images/goods_img/20231103/3684419/3684419_17751985153031_500.jpg,False
2025-01,M,003,바지,,,28,4274042,lemainsecond,리메인세컨드,빈티지 캣워싱 와이드 데님 팬츠 [다크 블루],https://image.msscdn.net/images/goods_img/20240725/4274042/4274042_17755351676487_500.jpg,False
2025-01,M,003,바지,,,29,4072132,dysfunct,디스펑트,KEY RING WASHING DENIM PANTS(BLUE),https://image.msscdn.net/images/goods_img/20240422/4072132/4072132_17137526006998_500.jpg,False
2025-01,M,003,바지,,,30,1149328,musinsastandard,무신사 스탠다드,테이퍼드 히든 밴딩 크롭 슬랙스 [블랙],https://image.msscdn.net/images/goods_img/20190910/1149328/1149328_17222375113367_500.jpg,False
2025-01,M,003002,데님 팬츠,003,바지,1,4274049,lemainsecond,리메인세컨드,빈티지 캣워싱 와이드 데님 팬츠 [옐로우 워싱],https://image.msscdn.net/images/prd_img/20240725/4274049/detail_4274049_17757836079460_500.jpg,False
2025-01,M,003002,데님 팬츠,003,바지,2,3663072,toffee,토피,모어 와이드 데님 팬츠 (WASHED RAW BLACK),https://image.msscdn.net/images/goods_img/20231027/3663072/3663072_16988871011427_500.jpg,False
2025-01,M,003002,데님 팬츠,003,바지,3,4506373,fit2c,아크시,루즈 워시드 벌룬핏 와이드 데님 팬츠 유니섹스 (블랙),https://image.msscdn.net/images/goods_img/20241011/4506373/4506373_17724993058931_500.jpg,False
2025-01,M,003002,데님 팬츠,003,바지,4,4274045,lemainsecond,리메인세컨드,빈티지 캣워싱 와이드 데님 팬츠 [샌드 블루],https://image.msscdn.net/images/goods_img/20240725/4274045/4274045_17888435557697_500.jpg,False
2025-01,M,003002,데님 팬츠,003,바지,5,4358823,branded,브랜디드,1792 OLD SOUL JEANS [WIDE STRAIGHT],https://image.msscdn.net/images/goods_img/20240822/4358823/4358823_17817666197789_500.jpg,False
2025-01,M,003002,데님 팬츠,003,바지,6,4261761,outstanding,아웃스탠딩,[MUT lab] W.W.II SELVEDGE STRAIGHT PANTS_INDIGO,https://image.msscdn.net/images/goods_img/20240719/4261761/4261761_17682658838869_500.jpg,False
2025-01,M,003002,데님 팬츠,003,바지,7,3902778,standarderror,스탠다드에러,87-STAN047 벌룬핏 워싱 와이드 데님팬츠 빈티지 블랙,https://image.msscdn.net/images/goods_img/20240227/3902778/3902778_17743239190107_500.jpg,False
2025-01,M,003002,데님 팬츠,003,바지,8,3046316,outstanding,아웃스탠딩,[MUT lab] 40’S SELVEDGE STRAIGHT PANTS_INDIGO,https://image.msscdn.net/images/goods_img/20230130/3046316/3046316_17682656713319_500.jpg,False
2025-01,M,003002,데님 팬츠,003,바지,9,3794791,ourdayz,아워데이즈,웨이비 커브드 와이드 데님 팬츠 [BLUE],https://image.msscdn.net/images/goods_img/20240115/3794791/3794791_17900634212592_500.jpg,False
2025-01,M,003002,데님 팬츠,003,바지,10,4274042,lemainsecond,리메인세컨드,빈티지 캣워싱 와이드 데님 팬츠 [다크 블루],https://image.msscdn.net/images/goods_img/20240725/4274042/4274042_17755351676487_500.jpg,False
2025-01,M,003002,데님 팬츠,003,바지,11,4072132,dysfunct,디스펑트,KEY RING WASHING DENIM PANTS(BLUE),https://image.msscdn.net/images/goods_img/20240422/4072132/4072132_17137526006998_500.jpg,False
2025-01,M,003002,데님 팬츠,003,바지,12,4381625,scallywag,스켈리웩,스윙 벌룬핏 데님[블랙],https://image.msscdn.net/images/goods_img/20240828/4381625/4381625_17537533234309_500.jpg,False
2025-01,M,003002,데님 팬츠,003,바지,13,3046300,outstanding,아웃스탠딩,30’S CINCH BACK SELVEDGE WIDE PANTS_INDIGO,https://image.msscdn.net/images/goods_img/20230130/3046300/3046300_17682655726680_500.jpg,False
2025-01,M,003002,데님 팬츠,003,바지,14,3902775,standarderror,스탠다드에러,87-STAN047 벌룬핏 워싱 와이드 데님팬츠 빈티지 블루,https://image.msscdn.net/images/goods_img/20240227/3902775/3902775_17743239715936_500.jpg,False
2025-01,M,003002,데님 팬츠,003,바지,15,1552753,branded,브랜디드,1967 JET BLACK JEANS [WIDE STRAIGHT],https://image.msscdn.net/images/goods_img/20200818/1552753/1552753_17817658780276_500.jpg,False
2025-01,M,003002,데님 팬츠,003,바지,16,4336570,excontainer,엑스컨테이너,딥 워싱 와이드 데님 팬츠 (WASHED BLACK),https://image.msscdn.net/images/goods_img/20240816/4336570/4336570_17754491847847_500.jpg,False
2025-01,M,003002,데님 팬츠,003,바지,17,3794792,ourdayz,아워데이즈,웨이비 커브드 와이드 데님 팬츠 [BLACK],https://image.msscdn.net/images/goods_img/20240115/3794792/3794792_17900634017266_500.jpg,False
2025-01,M,003002,데님 팬츠,003,바지,18,4390428,leire,르아르,에브리데이 와이드 데님 팬츠 [블랙],https://image.msscdn.net/images/goods_img/20240830/4390428/4390428_17272678547436_500.jpg,False
2025-01,M,003002,데님 팬츠,003,바지,19,2028329,musinsastandard,무신사 스탠다드,스트레이트 데님 팬츠 [워시드 블랙],https://image.msscdn.net/images/goods_img/20210714/2028329/2028329_17623219721844_500.jpg,False
2025-01,M,003002,데님 팬츠,003,바지,20,2725611,modnine,모드나인,Punk Town - MOD7,https://image.msscdn.net/images/goods_img/20220818/2725611/2725611_1_500.jpg,False
2025-01,M,003002,데님 팬츠,003,바지,21,3206724,not4nerd,낫포너드,Extra Wide Balloon Pants - Black,https://image.msscdn.net/images/goods_img/20230405/3206724/3206724_17291378120115_500.jpg,False
2025-01,M,003002,데님 팬츠,003,바지,22,2107115,modnine,모드나인,Black Stardust - MOD1w,https://image.msscdn.net/images/goods_img/20210903/2107115/2107115_1_500.jpg,False
2025-01,M,003002,데님 팬츠,003,바지,23,3126387,toffee,토피,모어 와이드 데님 팬츠 (OIL WASHED INDIGO),https://image.msscdn.net/images/goods_img/20230307/3126387/3126387_16794732359625_500.jpg,False
2025-01,M,003002,데님 팬츠,003,바지,24,3596906,decet,데케트,[2PACK]Mid Rise Wide Jeans DCPT027,https://image.msscdn.net/images/goods_img/20230926/3596906/3596906_17301806689514_500.jpg,False
2025-01,M,003002,데님 팬츠,003,바지,25,4274021,lemainsecond,리메인세컨드,내추럴 워싱 와이드 데님 팬츠 [흑청],https://image.msscdn.net/images/goods_img/20240725/4274021/4274021_17818456033783_500.jpg,False
2025-01,M,003002,데님 팬츠,003,바지,26,3791990,filluminate,필루미네이트,데미지 워시드 데님 팬츠-블랙,https://image.msscdn.net/images/goods_img/20240112/3791990/3791990_17894492105263_500.jpg,False
2025-01,M,003002,데님 팬츠,003,바지,27,2107114,modnine,모드나인,Turn me On Black - MOD1w,https://image.msscdn.net/images/goods_img/20210903/2107114/2107114_17876325533346_500.jpg,False
2025-01,M,003002,데님 팬츠,003,바지,28,3575430,avan,어반드레스,Side Big Cargo Pants CAMO,https://image.msscdn.net/images/goods_img/20230919/3575430/3575430_17421696736376_500.jpg,False
2025-01,M,003002,데님 팬츠,003,바지,29,3576618,wkndrs,위캔더스,DWARF DENIM PANTS (BLACK),https://image.msscdn.net/images/goods_img/20230920/3576618/3576618_17788142408278_500.png,False
2025-01,M,003002,데님 팬츠,003,바지,30,3782367,kinloch,커넥트킨록,[스트레이트] 데님 팬츠 (워시드 블랙),https://image.msscdn.net/images/goods_img/20240109/3782367/3782367_17060628368773_500.jpg,False
2025-01,M,003004,트레이닝/조거 팬츠,003,바지,1,1551840,xero,제로,Deep One Tuck Sweat Pants [Grey],https://image.msscdn.net/images/goods_img/20200818/1551840/1551840_1_500.jpg,False
2025-01,M,003004,트레이닝/조거 팬츠,003,바지,2,1551839,xero,제로,Deep One Tuck Sweat Pants [Black],https://image.msscdn.net/images/goods_img/20200818/1551839/1551839_1_500.jpg,False
2025-01,M,003004,트레이닝/조거 팬츠,003,바지,3,1844582,brenson,브렌슨,(Renew Ver.) 원턱 와이드 스웨트 팬츠 ( 7Color ) ( 기모선택 ),https://image.msscdn.net/images/goods_img/20210315/1844582/1844582_17774456564921_500.jpg,False
2025-01,M,003004,트레이닝/조거 팬츠,003,바지,4,3674341,boundary,바운더리,(여름원단추가) 투턱 와이드 롱 스웨트 팬츠 [블랙],https://image.msscdn.net/images/goods_img/20231101/3674341/3674341_17042599581270_500.jpg,False
2025-01,M,003004,트레이닝/조거 팬츠,003,바지,5,2112059,gakka2,가까이 유니언즈,[여름 or 기모 or 사계절 원단 선택] 원턱 와이드 스웨트팬츠 그레이,https://image.msscdn.net/images/goods_img/20210906/2112059/2112059_17473624399256_500.jpg,False
2025-01,M,003004,트레이닝/조거 팬츠,003,바지,6,2112061,gakka2,가까이 유니언즈,[여름 or 기모 or 사계절 원단 선택] 원턱 와이드 스웨트팬츠 블랙,https://image.msscdn.net/images/goods_img/20210906/2112061/2112061_17459952841713_500.jpg,False
2025-01,M,003004,트레이닝/조거 팬츠,003,바지,7,4556449,scallywag,스켈리웩,벌룬핏 스웨트 팬츠[라이트그레이],https://image.msscdn.net/images/goods_img/20241024/4556449/4556449_17891087880393_500.jpg,False
2025-01,M,003004,트레이닝/조거 팬츠,003,바지,8,3690591,signature,시그니처,[최종우X시그니처]소프트 헤비 코듀로이 원턱 밴딩 팬츠[모카브라운],https://image.msscdn.net/images/goods_img/20231107/3690591/3690591_17694078611375_500.jpg,False
2025-01,M,003004,트레이닝/조거 팬츠,003,바지,9,3674342,boundary,바운더리,(여름원단추가) 투턱 와이드 롱 스웨트 팬츠 [그레이],https://image.msscdn.net/images/goods_img/20231101/3674342/3674342_17044188945397_500.jpg,False
2025-01,M,003004,트레이닝/조거 팬츠,003,바지,10,4556448,scallywag,스켈리웩,벌룬핏 스웨트 팬츠[브라운],https://image.msscdn.net/images/goods_img/20241024/4556448/4556448_17891088294272_500.jpg,False
2025-01,M,003004,트레이닝/조거 팬츠,003,바지,11,4067457,suade,스웨이드,TWO TUCK LONG PANTS [GRAY],https://image.msscdn.net/images/goods_img/20240418/4067457/4067457_17134293376311_500.jpg,False
2025-01,M,003004,트레이닝/조거 팬츠,003,바지,12,3946794,grandiosity,그랜디오시티,[2PACK] 와이드핏 트레이닝 밴딩 팬츠(3컬러) [논기모 or 기모],https://image.msscdn.net/images/goods_img/20240313/3946794/3946794_17515980634259_500.jpg,False
2025-01,M,003004,트레이닝/조거 팬츠,003,바지,13,2513018,afresh,어프레쉬,에어스트레치 조거팬츠_블랙 트레이닝,https://image.msscdn.net/images/goods_img/20220425/2513018/2513018_17858061457763_500.jpg,False
2025-01,M,003004,트레이닝/조거 팬츠,003,바지,14,2744549,anolorcode,어널러코드,사계절 쓰리턱 트레이닝팬츠 (2color),https://image.msscdn.net/images/goods_img/20220825/2744549/2744549_17848712083816_500.jpg,False
2025-01,M,003004,트레이닝/조거 팬츠,003,바지,15,3852647,hadex,에이치덱스,자이언트핏 매쉬 와이드 팬츠,https://image.msscdn.net/images/goods_img/20240207/3852647/3852647_17295679070332_500.jpg,False
2025-01,M,003004,트레이닝/조거 팬츠,003,바지,16,4498316,unionstudio,유니온스튜디오,스트링 와이드 스웨트 팬츠 ( 3Color ),https://image.msscdn.net/images/goods_img/20241008/4498316/4498316_17494390426964_500.jpg,False
2025-01,M,003004,트레이닝/조거 팬츠,003,바지,17,4556447,scallywag,스켈리웩,벌룬핏 스웨트 팬츠[블랙],https://image.msscdn.net/images/goods_img/20241024/4556447/4556447_17890205647368_500.jpg,False
2025-01,M,003004,트레이닝/조거 팬츠,003,바지,18,3404707,musinsastandard,무신사 스탠다드,시티 레저 와이드 벨티드 카고 팬츠 [블랙],https://image.msscdn.net/images/goods_img/20230712/3404707/3404707_17134032325426_500.jpg,False
2025-01,M,003004,트레이닝/조거 팬츠,003,바지,19,4067438,suade,스웨이드,TWO TUCK LONG PANTS [BLACK],https://image.msscdn.net/images/goods_img/20240418/4067438/4067438_17134291324044_500.jpg,False
2025-01,M,003004,트레이닝/조거 팬츠,003,바지,20,1212776,musinsastandard,무신사 스탠다드,라운지 스웨트 팬츠 [블랙],https://image.msscdn.net/images/goods_img/20191105/1212776/1212776_17811631850479_500.jpg,False
2025-01,M,003004,트레이닝/조거 팬츠,003,바지,21,4467373,brenson,브렌슨,B. 스트링 와이드 벌룬 핏 스웨트 팬츠 ( 4Color ),https://image.msscdn.net/images/goods_img/20240926/4467373/4467373_17615302177627_500.jpg,False
2025-01,M,003004,트레이닝/조거 팬츠,003,바지,22,4266754,filluminate,필루미네이트,핀 턱 테이핑 트레이닝 팬츠-블랙,https://image.msscdn.net/images/goods_img/20240722/4266754/4266754_17249301609248_500.jpg,False
2025-01,M,003004,트레이닝/조거 팬츠,003,바지,23,1736562,xero,제로,Deep One Tuck Sweat Pants [White Grey],https://image.msscdn.net/images/goods_img/20210105/1736562/1736562_1_500.jpg,False
2025-01,M,003004,트레이닝/조거 팬츠,003,바지,24,4057974,lemainsecond,리메인세컨드,원턱 와이드 카고 스웨트 팬츠 [블랙],https://image.msscdn.net/images/goods_img/20240416/4057974/4057974_17761280486977_500.jpg,False
2025-01,M,003004,트레이닝/조거 팬츠,003,바지,25,4319249,toffee,토피,소프트 플리스 스트링 팬츠 (BLACK),https://image.msscdn.net/images/goods_img/20240812/4319249/4319249_17242057664014_500.jpg,False
2025-01,M,003004,트레이닝/조거 팬츠,003,바지,26,1736085,brenson,브렌슨,(Renew Ver.) 와이드 스웨트 팬츠 ( 5Color ) ( 기모선택 ),https://image.msscdn.net/images/goods_img/20210105/1736085/1736085_17292148923657_500.jpg,False
2025-01,M,003004,트레이닝/조거 팬츠,003,바지,27,4308187,dimitriblack,디미트리블랙,VLAD 원턱 피그먼트 페이드 워싱 스웻 팬츠_블랙,https://image.msscdn.net/images/goods_img/20240808/4308187/4308187_17240877729234_500.jpg,False
2025-01,M,003004,트레이닝/조거 팬츠,003,바지,28,4067377,suade,스웨이드,TWO TUCK LONG PANTS [BROWN],https://image.msscdn.net/images/goods_img/20240418/4067377/4067377_17272424225708_500.jpg,False
2025-01,M,003004,트레이닝/조거 팬츠,003,바지,29,3690587,signature,시그니처,[최종우X시그니처]소프트 헤비 코듀로이 원턱 밴딩 팬츠[블랙],https://image.msscdn.net/images/goods_img/20231107/3690587/3690587_17001360572707_500.jpg,False
2025-01,M,003004,트레이닝/조거 팬츠,003,바지,30,3095384,gakka2,가까이 유니언즈,원턱 와이드 스웨트 카고팬츠 카키,https://image.msscdn.net/images/goods_img/20230220/3095384/3095384_17490881371864_500.jpg,False
2025-01,M,003007,코튼 팬츠,003,바지,1,3956305,poloralphlauren,폴로 랄프 로렌,[Crest Capsule] 코튼 트윌 빅 치노 팬츠 - 베이지,https://image.msscdn.net/images/goods_img/20240315/3956305/3956305_17104681612953_500.jpg,False
2025-01,M,003007,코튼 팬츠,003,바지,2,4342152,excontainer,엑스컨테이너,원턱 와이드 코듀로이 팬츠 (BROWN),https://image.msscdn.net/images/goods_img/20240819/4342152/4342152_17754495698251_500.jpg,False
2025-01,M,003007,코튼 팬츠,003,바지,3,1627892,musinsastandard,무신사 스탠다드,레플리카 퍼티그 팬츠 [카키],https://image.msscdn.net/images/goods_img/20200928/1627892/1627892_17827088773028_500.jpg,False
2025-01,M,003007,코튼 팬츠,003,바지,4,3684419,dickies,디키즈,더블니 85283 루즈핏 워크팬츠 Black,https://image.msscdn.net/images/goods_img/20231103/3684419/3684419_17751985153031_500.jpg,False
2025-01,M,003007,코튼 팬츠,003,바지,5,1253200,bronson,브론슨,1942 US Army Chino Trousers Khaki,https://image.msscdn.net/images/goods_img/20191217/1253200/1253200_17737245176749_500.jpg,False
2025-01,M,003007,코튼 팬츠,003,바지,6,3837367,begin202,비긴202,워시드 코튼 도비 팬츠 [워시드 블랙],https://image.msscdn.net/images/goods_img/20240131/3837367/3837367_17066945929716_500.jpg,False
2025-01,M,003007,코튼 팬츠,003,바지,7,4613450,idontwannasell,아이돈워너셀,Soft Suede Twill Balloon Pants,https://image.msscdn.net/images/goods_img/20241113/4613450/4613450_17322612728135_500.jpg,False
2025-01,M,003007,코튼 팬츠,003,바지,8,1176329,musinsastandard,무신사 스탠다드,와이드 코듀로이 팬츠 [크림],https://image.msscdn.net/images/goods_img/20191004/1176329/1176329_17533215983583_500.jpg,False
2025-01,M,003007,코튼 팬츠,003,바지,9,4318326,toffee,토피,퍼티그 비조 캔버스 코튼 팬츠 (BROWN),https://image.msscdn.net/images/goods_img/20240812/4318326/4318326_17255032477103_500.jpg,False
2025-01,M,003007,코튼 팬츠,003,바지,10,2119984,drawfit,드로우핏,와이드 밴딩 치노 팬츠 [BEIGE],https://image.msscdn.net/images/goods_img/20210909/2119984/2119984_17697407812830_500.jpg,False
2025-01,M,003007,코튼 팬츠,003,바지,11,4293047,thecoldestmoment,더콜디스트모먼트,TCM starfish chino pants (brown),https://image.msscdn.net/images/goods_img/20240802/4293047/4293047_17231900499261_500.jpg,False
2025-01,M,003007,코튼 팬츠,003,바지,12,3817098,dickies,디키즈,더블니 85283 루즈핏 워크팬츠 Dark Brown,https://image.msscdn.net/images/goods_img/20240124/3817098/3817098_17751987537790_500.jpg,False
2025-01,M,003007,코튼 팬츠,003,바지,13,4319523,toffee,토피,카펜터 퍼티그 워크 코튼 팬츠 (SAND GREY),https://image.msscdn.net/images/goods_img/20240812/4319523/4319523_17242056584363_500.jpg,False
2025-01,M,003007,코튼 팬츠,003,바지,14,3851957,trillion,트릴리온,사이드 턱 스냅 버튼 와이드 코튼 팬츠 (BEIGE),https://image.msscdn.net/images/goods_img/20240206/3851957/3851957_17080591271549_500.jpg,False
2025-01,M,003007,코튼 팬츠,003,바지,15,2279194,compagno,꼼파뇨,벌룬 와이드 코듀로이 팬츠 다크브라운,https://image.msscdn.net/images/goods_img/20211222/2279194/2279194_17044272805911_500.jpg,False
2025-01,M,003007,코튼 팬츠,003,바지,16,4293032,thecoldestmoment,더콜디스트모먼트,TCM starfish chino pants (black),https://image.msscdn.net/images/goods_img/20240802/4293032/4293032_17231900851488_500.jpg,False
2025-01,M,003007,코튼 팬츠,003,바지,17,3684422,dickies,디키즈,더블니 85283 루즈핏 워크팬츠 Khaki,https://image.msscdn.net/images/goods_img/20231103/3684422/3684422_17751986010397_500.jpg,False
2025-01,M,003007,코튼 팬츠,003,바지,18,4536559,untapped,언탭트 스튜디오,원턱 와이드 코듀로이 밴딩 팬츠 3Color,https://image.msscdn.net/images/goods_img/20241019/4536559/4536559_17295088864882_500.jpg,False
2025-01,M,003007,코튼 팬츠,003,바지,19,3758256,musinsastandard,무신사 스탠다드,헤비웨이트 CP 와이드 치노 팬츠 [베이지],https://image.msscdn.net/images/goods_img/20231215/3758256/3758256_17097891109143_500.jpg,False
2025-01,M,003007,코튼 팬츠,003,바지,20,4452078,juanhomme,주앙옴므,더블 레이어 스웻 팬츠 (블랙),https://image.msscdn.net/images/goods_img/20240923/4452078/4452078_17283511128911_500.jpg,False
2025-01,M,003007,코튼 팬츠,003,바지,21,1115290,musinsastandard,무신사 스탠다드,와이드 치노 팬츠 [베이지],https://image.msscdn.net/images/goods_img/20190809/1115290/1115290_1_500.jpg,False
2025-01,M,003007,코튼 팬츠,003,바지,22,2909027,anolorcode,어널러코드,스트럭처드 카고 골덴팬츠 (차콜),https://image.msscdn.net/images/goods_img/20221031/2909027/2909027_17338059349477_500.jpg,False
2025-01,M,003007,코튼 팬츠,003,바지,23,2611226,musinsastandard,무신사 스탠다드,레플리카 퍼티그 팬츠 [세이지 그린],https://image.msscdn.net/images/goods_img/20220613/2611226/2611226_17827086766776_500.jpg,False
2025-01,M,003007,코튼 팬츠,003,바지,24,4390137,ersco,이알에스코,레오파드 배기 트라우져스_카키,https://image.msscdn.net/images/goods_img/20240830/4390137/4390137_17685414052344_500.jpg,False
2025-01,M,003007,코튼 팬츠,003,바지,25,3722417,dickies,디키즈,오리지널 874 워크팬츠 Black,https://image.msscdn.net/images/goods_img/20231120/3722417/3722417_17751984308706_500.jpg,False
2025-01,M,003007,코튼 팬츠,003,바지,26,732698,gramicci,그라미치,팬츠 Olive,https://image.msscdn.net/images/goods_img/20180309/732698/732698_16807553592919_500.jpg,False
2025-01,M,003007,코튼 팬츠,003,바지,27,3452177,toffee,토피,코듀로이 와이드 밴딩 팬츠 (BROWN),https://image.msscdn.net/images/goods_img/20230808/3452177/3452177_16932985776999_500.jpg,False
2025-01,M,003007,코튼 팬츠,003,바지,28,2069525,musinsastandard,무신사 스탠다드,원 턱 레귤러 핏 치노 팬츠 [베이지],https://image.msscdn.net/images/goods_img/20210818/2069525/2069525_17217961236716_500.jpg,False
2025-01,M,003007,코튼 팬츠,003,바지,29,2341126,gramicci,그라미치,가젯 팬츠 Black,https://image.msscdn.net/images/goods_img/20220204/2341126/2341126_16816892717059_500.jpg,False
2025-01,M,003007,코튼 팬츠,003,바지,30,4458551,millo,밀로 아카이브,리플렉트 스트라이프 울 팬츠 [차콜],https://image.msscdn.net/images/goods_img/20240924/4458551/4458551_17278343864372_500.jpg,False
2025-01,M,003008,슈트 팬츠/슬랙스,003,바지,1,1149329,musinsastandard,무신사 스탠다드,세미 와이드 히든 밴딩 슬랙스 [블랙],https://image.msscdn.net/images/goods_img/20190910/1149329/1149329_17775152531848_500.jpg,False
2025-01,M,003008,슈트 팬츠/슬랙스,003,바지,2,1168906,musinsastandard,무신사 스탠다드,와이드 히든 밴딩 슬랙스 [블랙],https://image.msscdn.net/images/goods_img/20190927/1168906/1168906_17224121763738_500.jpg,False
2025-01,M,003008,슈트 팬츠/슬랙스,003,바지,3,750908,wholovesart,후러브스아트,유니섹스 세미 와이드 밴딩 슬랙스 블랙,https://image.msscdn.net/images/goods_img/20180406/750908/750908_17736379434172_500.jpg,False
2025-01,M,003008,슈트 팬츠/슬랙스,003,바지,4,1149328,musinsastandard,무신사 스탠다드,테이퍼드 히든 밴딩 크롭 슬랙스 [블랙],https://image.msscdn.net/images/goods_img/20190910/1149328/1149328_17222375113367_500.jpg,False
2025-01,M,003008,슈트 팬츠/슬랙스,003,바지,5,4293708,suare,수아레,울 블렌드 원 턱 슬랙스 - 3 COLOR,https://image.msscdn.net/images/goods_img/20240802/4293708/4293708_17458216185632_500.jpg,False
2025-01,M,003008,슈트 팬츠/슬랙스,003,바지,6,1670229,musinsastandard,무신사 스탠다드,헤비웨이트 속기모 테이퍼드 히든 밴딩 10부 슬랙스 [블랙],https://image.msscdn.net/images/goods_img/20201030/1670229/1670229_16722978856545_500.jpg,False
2025-01,M,003008,슈트 팬츠/슬랙스,003,바지,7,1222184,musinsastandard,무신사 스탠다드,와이드 히든 밴딩 슬랙스 [미디엄 그레이],https://image.msscdn.net/images/goods_img/20191113/1222184/1222184_17222997169530_500.jpg,False
2025-01,M,003008,슈트 팬츠/슬랙스,003,바지,8,1168922,musinsastandard,무신사 스탠다드,리얼 와이드 히든 밴딩 슬랙스 [블랙],https://image.msscdn.net/images/goods_img/20190927/1168922/1168922_17784624760417_500.jpg,False
2025-01,M,003008,슈트 팬츠/슬랙스,003,바지,9,2032901,musinsastandard,무신사 스탠다드,릴렉스드 테이퍼드 히든 밴딩 크롭 슬랙스 [블랙],https://image.msscdn.net/images/goods_img/20210719/2032901/2032901_17518455282793_500.jpg,False
2025-01,M,003008,슈트 팬츠/슬랙스,003,바지,10,3650955,trillion,트릴리온,에센셜 세미 와이드 슬랙스 (BLACK),https://image.msscdn.net/images/goods_img/20231023/3650955/3650955_17170489046898_500.jpg,False
2025-01,M,003008,슈트 팬츠/슬랙스,003,바지,11,2578996,signature,시그니처,썸머 더블턱 와이드 슬랙스[블랙],https://image.msscdn.net/images/goods_img/20220524/2578996/2578996_17870331293023_500.jpg,False
2025-01,M,003008,슈트 팬츠/슬랙스,003,바지,12,1168907,musinsastandard,무신사 스탠다드,테이퍼드 히든 밴딩 10부 슬랙스 [블랙],https://image.msscdn.net/images/goods_img/20190927/1168907/1168907_5_500.jpg,False
2025-01,M,003008,슈트 팬츠/슬랙스,003,바지,13,1224095,musinsastandard,무신사 스탠다드,세미 와이드 히든 밴딩 슬랙스 [미디엄 그레이],https://image.msscdn.net/images/goods_img/20191113/1224095/1224095_17518463307099_500.jpg,False
2025-01,M,003008,슈트 팬츠/슬랙스,003,바지,14,4308257,untapped,언탭트 스튜디오,더블 투턱 와이드 슬랙스 3Color,https://image.msscdn.net/images/goods_img/20240808/4308257/4308257_17235312902146_500.jpg,False
2025-01,M,003008,슈트 팬츠/슬랙스,003,바지,15,3650953,trillion,트릴리온,에센셜 세미 와이드 슬랙스 (BROWN),https://image.msscdn.net/images/goods_img/20231023/3650953/3650953_17170489297941_500.jpg,False
2025-01,M,003008,슈트 팬츠/슬랙스,003,바지,16,3613064,branded,브랜디드,203 SOLID SILHOUETTE WIDE PANTS [BLACK],https://image.msscdn.net/images/goods_img/20231010/3613064/3613064_17194707075703_500.jpg,False
2025-01,M,003008,슈트 팬츠/슬랙스,003,바지,17,1670232,musinsastandard,무신사 스탠다드,헤비웨이트 속기모 와이드 히든 밴딩 슬랙스 [블랙],https://image.msscdn.net/images/goods_img/20201030/1670232/1670232_16722981564858_500.jpg,False
2025-01,M,003008,슈트 팬츠/슬랙스,003,바지,18,3304078,againstallodds,에이지오디,원턱 와이드 밴딩 슬랙스 [블랙],https://image.msscdn.net/images/goods_img/20230518/3304078/3304078_17612926185466_500.jpg,False
2025-01,M,003008,슈트 팬츠/슬랙스,003,바지,19,1575838,musinsastandard,무신사 스탠다드,슈퍼 와이드 히든 밴딩 슬랙스[블랙],https://image.msscdn.net/images/goods_img/20200901/1575838/1575838_17720071457722_500.jpg,False
2025-01,M,003008,슈트 팬츠/슬랙스,003,바지,20,2684183,graver,그레이버,[UNISEX]세미 와이드 밴딩 슬랙스,https://image.msscdn.net/images/goods_img/20220727/2684183/2684183_1_500.jpg,False
2025-01,M,003008,슈트 팬츠/슬랙스,003,바지,21,1249603,musinsastandard,무신사 스탠다드,울 세미 와이드 히든 밴딩 슬랙스 [블랙],https://image.msscdn.net/images/goods_img/20191212/1249603/1249603_2_500.jpg,False
2025-01,M,003008,슈트 팬츠/슬랙스,003,바지,22,4459324,danswer,디앤에스알,멀티 플리츠 와이드 슬랙스 블랙,https://image.msscdn.net/images/goods_img/20240924/4459324/4459324_17273454399397_500.jpg,False
2025-01,M,003008,슈트 팬츠/슬랙스,003,바지,23,4180711,noun,노운,wide tapered pants (stripe charcoal),https://image.msscdn.net/images/goods_img/20240606/4180711/4180711_17176358302946_500.jpg,False
2025-01,M,003008,슈트 팬츠/슬랙스,003,바지,24,2143035,mindbridge,마인드브릿지,두굿_[웜]세미와이드밴딩슬랙스 - 4color MAPT71A3,https://image.msscdn.net/images/goods_img/20210923/2143035/2143035_17603334399731_500.jpg,False
2025-01,M,003008,슈트 팬츠/슬랙스,003,바지,25,1221497,musinsastandard,무신사 스탠다드,세미 와이드 슬릿 히든 밴딩 슬랙스 [블랙],https://image.msscdn.net/images/goods_img/20191112/1221497/1221497_17139358489224_500.jpg,False
2025-01,M,003008,슈트 팬츠/슬랙스,003,바지,26,4308000,untapped,언탭트 스튜디오,이지 세미와이드 슬랙스 3Color,https://image.msscdn.net/images/goods_img/20240808/4308000/4308000_17261235549408_500.jpg,False
2025-01,M,003008,슈트 팬츠/슬랙스,003,바지,27,4352410,musinsastandard,무신사 스탠다드,14W 코듀로이 원 턱 와이드 밴딩 팬츠 [블랙],https://image.msscdn.net/images/goods_img/20240821/4352410/4352410_17333845040406_500.jpg,False
2025-01,M,003008,슈트 팬츠/슬랙스,003,바지,28,3504234,musinsastandard,무신사 스탠다드,원 턱 와이드 밴딩 슬랙스 [블랙],https://image.msscdn.net/images/goods_img/20230828/3504234/3504234_16950232910979_500.jpg,False
2025-01,M,003008,슈트 팬츠/슬랙스,003,바지,29,2578997,signature,시그니처,썸머 더블턱 와이드 슬랙스[그레이],https://image.msscdn.net/images/goods_img/20220524/2578997/2578997_17870331107183_500.jpg,False
2025-01,M,003008,슈트 팬츠/슬랙스,003,바지,30,4355564,juanhomme,주앙옴므,핀 스트라이프 와이드 트라우저 (차콜),https://image.msscdn.net/images/goods_img/20240821/4355564/4355564_17561028869789_500.jpg,False
2025-01,M,003009,숏 팬츠,003,바지,1,3735878,musinsastandardsp,무신사 스탠다드 스포츠,짐 코튼메쉬 버뮤다 쇼츠 (6color),https://image.msscdn.net/images/goods_img/20231128/3735878/3735878_17536690759213_500.jpg,False
2025-01,M,003009,숏 팬츠,003,바지,2,4225317,borntowin,본투윈,SIDE B LOGO HALF PANTS [BLACK],https://image.msscdn.net/images/goods_img/20240701/4225317/4225317_17732903015450_500.jpg,False
2025-01,M,003009,숏 팬츠,003,바지,3,1926048,xero,제로,Deep One Tuck Sweat Shorts [Grey],https://image.msscdn.net/images/goods_img/20210428/1926048/1926048_1_500.jpg,False
2025-01,M,003009,숏 팬츠,003,바지,4,2461383,poloralphlauren,폴로 랄프 로렌,[White Collection] 클래식 핏 폴로 프렙스터 쇼츠 - 화이트,https://image.msscdn.net/images/goods_img/20220401/2461383/2461383_2_500.jpg,False
2025-01,M,003009,숏 팬츠,003,바지,5,4109343,borntowin,본투윈,STROKE B HALF PANTS_LONG VER [BLACK],https://image.msscdn.net/images/goods_img/20240507/4109343/4109343_17732892430006_500.jpg,False
2025-01,M,003009,숏 팬츠,003,바지,6,4251390,borntowin,본투윈,OUTBAND BRN ACTIVE SHORTS [BLACK],https://image.msscdn.net/images/goods_img/20240716/4251390/4251390_17585264419393_500.jpg,False
2025-01,M,003009,숏 팬츠,003,바지,7,3364460,jeleve,제이엘브,버뮤다 와이드 팬츠,https://image.msscdn.net/images/goods_img/20230614/3364460/3364460_17246519760265_500.jpg,False
2025-01,M,003009,숏 팬츠,003,바지,8,4643326,hadex,에이치덱스,브레이크 메인로고 버뮤다 쇼츠 (Black),https://image.msscdn.net/images/goods_img/20241129/4643326/4643326_17876236595683_500.jpg,False
2025-01,M,003009,숏 팬츠,003,바지,9,2574822,brenson,브렌슨,(Renew Ver.) 원턱 와이드 반바지 ( 6Color ),https://image.msscdn.net/images/goods_img/20220523/2574822/2574822_17774456124536_500.jpg,False
2025-01,M,003009,숏 팬츠,003,바지,10,4111294,trillion,트릴리온,캣 브러쉬 워시드 버뮤다 데님 쇼츠 (SAND BLUE),https://image.msscdn.net/images/goods_img/20240507/4111294/4111294_17471253714702_500.jpg,False
2025-01,M,003009,숏 팬츠,003,바지,11,1926034,xero,제로,Deep One Tuck Sweat Shorts [Black],https://image.msscdn.net/images/goods_img/20210428/1926034/1926034_1_500.jpg,False
2025-01,M,003009,숏 팬츠,003,바지,12,4096885,toffee,토피,워시드 하프 데님 팬츠 (LIGHT BLUE),https://image.msscdn.net/images/goods_img/20240430/4096885/4096885_17174697787559_500.jpg,False
2025-01,M,003009,숏 팬츠,003,바지,13,3487259,volante,볼란테,Daily Banding Squat Pants [Black],https://image.msscdn.net/images/goods_img/20230822/3487259/3487259_17484842017412_500.jpg,False
2025-01,M,003009,숏 팬츠,003,바지,14,3880598,dickies,디키즈,42283 루즈핏 워크쇼츠 Black,https://image.msscdn.net/images/goods_img/20240219/3880598/3880598_17866059462558_500.jpg,False
2025-01,M,003009,숏 팬츠,003,바지,15,4225318,borntowin,본투윈,SIDE B LOGO HALF PANTS [MELANGE GREY],https://image.msscdn.net/images/goods_img/20240701/4225318/4225318_17732904513785_500.jpg,False
2025-01,M,003009,숏 팬츠,003,바지,16,1446775,brenson,브렌슨,(Renew Ver.) 루즈핏  반바지 ( 4Color ),https://image.msscdn.net/images/goods_img/20200514/1446775/1446775_17561707502333_500.jpg,False
2025-01,M,003009,숏 팬츠,003,바지,17,3048936,uniapparel,유니어패럴,UA 트윌 밴딩 반바지 오프화이트,https://image.msscdn.net/images/goods_img/20230131/3048936/3048936_16751296972156_500.jpg,False
2025-01,M,003009,숏 팬츠,003,바지,18,1519475,lazybee,레이지비,컴팩트 멀티 스포츠 하의 (짐웨어 러닝 워터) 남녀 M 투인원 쇼츠(3컬러),https://image.msscdn.net/images/goods_img/20200717/1519475/1519475_17730386715982_500.jpg,False
2025-01,M,003009,숏 팬츠,003,바지,19,4024920,againstallodds,에이지오디,버뮤다 와이드 원턱 카고 스웨트 쇼츠 [블랙],https://image.msscdn.net/images/goods_img/20240404/4024920/4024920_17689895874943_500.jpg,False
2025-01,M,003009,숏 팬츠,003,바지,20,2508821,afresh,어프레쉬,에어스트레치 쇼츠_블랙 트레이닝,https://image.msscdn.net/images/goods_img/20220422/2508821/2508821_17858059555654_500.jpg,False
2025-01,M,003009,숏 팬츠,003,바지,21,4643327,hadex,에이치덱스,브레이크 메인로고 버뮤다 쇼츠 (Melange Gray),https://image.msscdn.net/images/goods_img/20241129/4643327/4643327_17876236554050_500.jpg,False
2025-01,M,003009,숏 팬츠,003,바지,22,4370644,barbellworks,바벨웍스,패치자수 버뮤다팬츠,https://image.msscdn.net/images/goods_img/20240826/4370644/4370644_17246549514054_500.jpg,False
2025-01,M,003009,숏 팬츠,003,바지,23,3735885,musinsastandardsp,무신사 스탠다드 스포츠,짐 퀵 드라이 스쿼트 7인치 쇼츠 [블랙],https://image.msscdn.net/images/goods_img/20231128/3735885/3735885_17110852724364_500.jpg,False
2025-01,M,003009,숏 팬츠,003,바지,24,2439242,hadex,에이치덱스,액티브 쇼츠 8 color,https://image.msscdn.net/images/goods_img/20220323/2439242/2439242_17905565501800_500.jpg,False
2025-01,M,003009,숏 팬츠,003,바지,25,4525516,borntowin,본투윈,CHROME B BLACK LINE HALF PANTS LONG VER [BLACK],https://image.msscdn.net/images/goods_img/20241016/4525516/4525516_17292140575987_500.jpg,False
2025-01,M,003009,숏 팬츠,003,바지,26,4213708,barbellworks,바벨웍스,버뮤다 팬츠,https://image.msscdn.net/images/goods_img/20240622/4213708/4213708_17190323482535_500.jpg,False
2025-01,M,003009,숏 팬츠,003,바지,27,3483711,hadex,에이치덱스,버뮤다 스웨트 쇼츠 3 color,https://image.msscdn.net/images/goods_img/20230822/3483711/3483711_17897124913105_500.jpg,False
2025-01,M,003009,숏 팬츠,003,바지,28,4109344,borntowin,본투윈,STROKE B HALF PANTS_LONG VER [MELANGE GREY],https://image.msscdn.net/images/goods_img/20240507/4109344/4109344_17732893718707_500.jpg,False
2025-01,M,003009,숏 팬츠,003,바지,29,4096913,toffee,토피,워시드 버뮤다 데님 팬츠 (BLUE),https://image.msscdn.net/images/goods_img/20240430/4096913/4096913_17173930805108_500.jpg,False
2025-01,M,003009,숏 팬츠,003,바지,30,4172810,nike,나이키,드라이 핏 챌린저 7인치 브리프 라인드 버서타일 쇼츠 M - 블랙 / DV9360-010,https://image.msscdn.net/images/goods_img/20240603/4172810/4172810_17183311032620_500.jpg,False
2025-01,M,003005,레깅스,003,바지,1,3487482,volante,볼란테,Daily Leggings Pants [Black],https://image.msscdn.net/images/goods_img/20230822/3487482/3487482_17484841422034_500.jpg,False
2025-01,M,003005,레깅스,003,바지,2,3975909,nike,나이키,프로 드라이 핏 피트니스 타이츠 M - 블랙:화이트 / FB7953-010,https://image.msscdn.net/images/goods_img/20240321/3975909/3975909_17115943559810_500.jpg,False
2025-01,M,003005,레깅스,003,바지,3,3720910,bysec,바이젝,우븐스판 머슬 브레이커 팬츠,https://image.msscdn.net/images/goods_img/20231117/3720910/3720910_17653319647389_500.jpg,False
2025-01,M,003005,레깅스,003,바지,4,1772551,underarmour,언더아머,히트기어 아머 레깅스 1361586-001,https://image.msscdn.net/images/goods_img/20210202/1772551/1772551_1_500.jpg,False
2025-01,M,003005,레깅스,003,바지,5,4546112,nike,나이키,프로 웜 타이츠 M - 블랙:화이트 / FB7962-010,https://image.msscdn.net/images/goods_img/20241023/4546112/4546112_17304259983083_500.jpg,False
2025-01,M,003005,레깅스,003,바지,6,4137500,musinsastandardsp,무신사 스탠다드 스포츠,짐 컴프레션 기모 레깅스 (2color),https://image.msscdn.net/images/goods_img/20240517/4137500/4137500_17415914328346_500.jpg,False
2025-01,M,003005,레깅스,003,바지,7,4367066,jeleve,제이엘브,데일리 우븐 팬츠,https://image.msscdn.net/images/goods_img/20240823/4367066/4367066_17248946649119_500.jpg,False
2025-01,M,003005,레깅스,003,바지,8,1466284,musinsastandardsp,무신사 스탠다드 스포츠,[쿨탠스] 컴프레션 레깅스 [블랙],https://image.msscdn.net/images/goods_img/20200528/1466284/1466284_17228236161876_500.jpg,False
2025-01,M,003005,레깅스,003,바지,9,1772548,underarmour,언더아머,히트기어 아머 컴프레션 쇼츠 1361596-001,https://image.msscdn.net/images/goods_img/20210202/1772548/1772548_1_500.jpg,False
2025-01,M,003005,레깅스,003,바지,10,4305395,determined,디터민드,블랙카모 3부 타이즈,https://image.msscdn.net/images/goods_img/20240807/4305395/4305395_17443590534967_500.jpg,False
2025-01,M,003005,레깅스,003,바지,11,4369456,tesla,테슬라,러닝 기모 타이즈 레깅스,https://image.msscdn.net/images/goods_img/20240826/4369456/4369456_17253512623937_500.jpg,False
2025-01,M,003005,레깅스,003,바지,12,3056184,musinsastandardsp,무신사 스탠다드 스포츠,짐 컴프레션 레깅스 (2color),https://image.msscdn.net/images/goods_img/20230202/3056184/3056184_17472917906447_500.jpg,False
2025-01,M,003005,레깅스,003,바지,13,1466285,musinsastandardsp,무신사 스탠다드 스포츠,[쿨탠스] 컴프레션 바이커 레깅스 [블랙],https://image.msscdn.net/images/goods_img/20200528/1466285/1466285_17322419461633_500.jpg,False
2025-01,M,003005,레깅스,003,바지,14,2281071,andar,안다르,에어웜 맨즈 기모 퍼포먼스 레깅스,https://image.msscdn.net/images/goods_img/20211223/2281071/2281071_3_500.jpg,False
2025-01,M,003005,레깅스,003,바지,15,1660370,ziklag,시글락,맨즈 발열 스포츠 타이즈_블랙,https://image.msscdn.net/images/goods_img/20201022/1660370/1660370_16928377473180_500.jpg,False
2025-01,M,003005,레깅스,003,바지,16,4683423,determined,디터민드,다크마블 3부 타이즈,https://image.msscdn.net/images/goods_img/20241229/4683423/4683423_17443584258129_500.jpg,False
2025-01,M,003005,레깅스,003,바지,17,1519455,lazybee,레이지비,컴팩트 멀티 스포츠 하의 (짐웨어 러닝 워터) 남녀 M 투인원 레깅스 팬츠(3컬러),https://image.msscdn.net/images/goods_img/20200717/1519455/1519455_17781356542106_500.jpg,False
2025-01,M,003005,레깅스,003,바지,18,4297914,volante,볼란테,Hybrid Jogger Leggings Pants [Black],https://image.msscdn.net/images/goods_img/20240805/4297914/4297914_17242066158773_500.jpg,False
2025-01,M,003005,레깅스,003,바지,19,4600710,underarmour,언더아머,히트기어 벤트 레깅스 1362449-012,https://image.msscdn.net/images/goods_img/20241108/4600710/4600710_17310540819196_500.jpg,False
2025-01,M,003005,레깅스,003,바지,20,4334903,determined,디터민드,팀코리아 3부 타이즈,https://image.msscdn.net/images/goods_img/20240816/4334903/4334903_17237705960992_500.jpg,False
2025-01,M,003005,레깅스,003,바지,21,4380621,spao,스파오,[WARMTECH] 남성 타이즈_SPXVEAVA14,https://image.msscdn.net/images/goods_img/20240828/4380621/4380621_17310289078355_500.jpg,False
2025-01,M,003005,레깅스,003,바지,22,2950005,physicalgarments,피지컬가먼츠,P1142 아이스 슬림 조깅스팬츠[블랙],https://image.msscdn.net/images/goods_img/20221118/2950005/2950005_1_500.jpg,False
2025-01,M,003005,레깅스,003,바지,23,3275811,waydn,웨이든,이지 레깅스 팬츠 블랙,https://image.msscdn.net/images/goods_img/20230503/3275811/3275811_17388231534754_500.png,False
2025-01,M,003005,레깅스,003,바지,24,4217263,hadex,에이치덱스,어시스트 9.0 레깅스 (Black),https://image.msscdn.net/images/goods_img/20240625/4217263/4217263_17195690994521_500.jpg,False
2025-01,M,003005,레깅스,003,바지,25,3056212,musinsastandardsp,무신사 스탠다드 스포츠,[쿨탠스] 짐 하이브리드 레깅스 팬츠 (2color),https://image.msscdn.net/images/goods_img/20230202/3056212/3056212_17434000375192_500.jpg,False
2025-01,M,003005,레깅스,003,바지,26,2778423,ziklag,시글락,맨즈 히트온 발열 타이즈  2PACK_블랙,https://image.msscdn.net/images/goods_img/20220907/2778423/2778423_16923327272375_500.jpg,False
2025-01,M,003005,레깅스,003,바지,27,4179748,nike,나이키,프로 드라이 핏 피트니스 쇼츠 M - 블랙:화이트 / FB7959-010,https://image.msscdn.net/images/goods_img/20240605/4179748/4179748_17183400956580_500.jpg,False
2025-01,M,003005,레깅스,003,바지,28,4305283,determined,디터민드,화이트카모 3부 타이즈,https://image.msscdn.net/images/goods_img/20240807/4305283/4305283_17443593176797_500.jpg,False
2025-01,M,003005,레깅스,003,바지,29,3274710,physicalgarments,피지컬가먼츠,P4032 아이스 지퍼 텐션업 조깅스 [블랙],https://image.msscdn.net/images/goods_img/20230503/3274710/3274710_16830965673922_500.jpg,False
2025-01,M,003005,레깅스,003,바지,30,4715082,underarmour,언더아머,히트기어 3/4 레깅스 1361588-002,https://image.msscdn.net/images/goods_img/20250113/4715082/4715082_17367305992814_500.jpg,False
2025-01,M,003010,점프 슈트/오버올,003,바지,1,3928305,avan,어반드레스,Painter Jumpsuit BLACK,https://image.msscdn.net/images/goods_img/20240306/3928305/3928305_17171286086255_500.jpg,False
2025-01,M,003010,점프 슈트/오버올,003,바지,2,3834260,raver1,레이버,RAVER 겨울 오토바이 방수 방한 일체형 상하분리 배달 스즈끼 전신 방한복 스즈키복 우주복 낚시복 작업복 정비복 스키복 점프슈트,https://image.msscdn.net/images/goods_img/20240131/3834260/3834260_17067720801133_500.jpg,False
2025-01,M,003010,점프 슈트/오버올,003,바지,3,4489008,dimito,디미토,APEX JUMPSUIT BLACK,https://image.msscdn.net/images/goods_img/20241006/4489008/4489008_17285366416099_500.jpg,False
2025-01,M,003010,점프 슈트/오버올,003,바지,4,3882593,dickies,디키즈,BIB 오버롤 데님팬츠 Indigo,https://image.msscdn.net/images/goods_img/20240220/3882593/3882593_17083946750395_500.jpg,False
2025-01,M,003010,점프 슈트/오버올,003,바지,5,4489009,dimito,디미토,APEX JUMPSUIT IVORY,https://image.msscdn.net/images/goods_img/20241006/4489009/4489009_17285376057383_500.jpg,False
2025-01,M,003010,점프 슈트/오버올,003,바지,6,3498066,thisisneverthat,디스이즈네버댓,GORE-TEX 3L Overall Grey,https://image.msscdn.net/images/goods_img/20230825/3498066/3498066_16932995849761_500.jpg,False
2025-01,M,003010,점프 슈트/오버올,003,바지,7,4561843,dollouterwear,돌아우터웨어,2425 볼칸 보드복 워크 점프슈트 카키 남녀공용,https://image.msscdn.net/images/goods_img/20241026/4561843/4561843_17299373672532_500.jpg,False
2025-01,M,003010,점프 슈트/오버올,003,바지,8,3242184,bendavis,벤 데이비스,오리지널 오버롤 블랙,https://image.msscdn.net/images/goods_img/20230418/3242184/3242184_16825750601905_500.jpg,False
2025-01,M,003010,점프 슈트/오버올,003,바지,9,4546446,dimito,디미토,VTX BIB 2L PANTS BLACK,https://image.msscdn.net/images/goods_img/20241023/4546446/4546446_17297624179804_500.jpg,False
2025-01,M,003010,점프 슈트/오버올,003,바지,10,3751058,dollouterwear,돌아우터웨어,2324 브이라인 스노우보드복 점프슈트 라임 남녀공용 보드복자켓 보드복팬츠,https://image.msscdn.net/images/goods_img/20231211/3751058/3751058_17022429095663_500.jpg,False
2025-01,M,003010,점프 슈트/오버올,003,바지,11,4562218,dollouterwear,돌아우터웨어,2425 리브레 보드복 점프슈트 블랙 남녀공용,https://image.msscdn.net/images/goods_img/20241027/4562218/4562218_17300147649307_500.jpg,False
2025-01,M,003010,점프 슈트/오버올,003,바지,12,3882591,dickies,디키즈,48799 점프수트 커버올 Black,https://image.msscdn.net/images/goods_img/20240220/3882591/3882591_17083946635450_500.jpg,False
2025-01,M,003010,점프 슈트/오버올,003,바지,13,3751061,dollouterwear,돌아우터웨어,2324 브이라인 스노우보드복 점프슈트 핑크 남녀공용 보드복자켓 보드복팬츠,https://image.msscdn.net/images/goods_img/20231211/3751061/3751061_17022430641137_500.jpg,False
2025-01,M,003010,점프 슈트/오버올,003,바지,14,3493823,poloralphlauren,폴로 랄프 로렌,페이디드 데님 오버롤 - 블루,https://image.msscdn.net/images/goods_img/20230824/3493823/3493823_16940647124874_500.jpg,False
2025-01,M,003010,점프 슈트/오버올,003,바지,15,4562325,anglan,앵글런,Backsatin Work Wide Overall - Navy,https://image.msscdn.net/images/goods_img/20241027/4562325/4562325_17306403102865_500.jpg,False
2025-01,M,003010,점프 슈트/오버올,003,바지,16,4469618,helement,힐리먼트,피그먼트 점프수트 (D GREY),https://image.msscdn.net/images/goods_img/20240926/4469618/4469618_17313190521061_500.jpg,False
2025-01,M,003010,점프 슈트/오버올,003,바지,17,2063625,philogram,필로그램,PLG 데님 점프수트(Blue),https://image.msscdn.net/images/goods_img/20210813/2063625/2063625_16945900853647_500.jpg,False
2025-01,M,003010,점프 슈트/오버올,003,바지,18,3696577,instay,인스테이,인스테이 OZ 점프슈트 보드복,https://image.msscdn.net/images/goods_img/20231108/3696577/3696577_17326886784315_500.jpg,False
2025-01,M,003010,점프 슈트/오버올,003,바지,19,4288317,dickies,디키즈,48799 점프수트 커버올 Charcoal,https://image.msscdn.net/images/goods_img/20240801/4288317/4288317_17296699169561_500.jpg,False
2025-01,M,003010,점프 슈트/오버올,003,바지,20,4614682,elnath,엘나스,2425 Muse pants - Steel,https://image.msscdn.net/images/goods_img/20241114/4614682/4614682_17327623456559_500.jpg,False
2025-01,M,003010,점프 슈트/오버올,003,바지,21,3103337,magoodgan,맥우드건,파번 5804 카펜터 오버핏 네이비 점프수트,https://image.msscdn.net/images/goods_img/20230223/3103337/3103337_16771181661839_500.jpg,False
2025-01,M,003010,점프 슈트/오버올,003,바지,22,3751056,dollouterwear,돌아우터웨어,2324 브이라인 스노우보드복  점프슈트  남녀공용 보드복자켓 보드복팬츠,https://image.msscdn.net/images/goods_img/20231211/3751056/3751056_17022428430516_500.jpg,False
2025-01,M,003010,점프 슈트/오버올,003,바지,23,3882592,dickies,디키즈,48799 점프수트 커버올 Dark Navy,https://image.msscdn.net/images/goods_img/20240220/3882592/3882592_17083946690660_500.jpg,False
2025-01,M,003010,점프 슈트/오버올,003,바지,24,1755339,instay,인스테이,빕 멜빵 보드복 팬츠,https://image.msscdn.net/images/goods_img/20210120/1755339/1755339_1_500.jpg,False
2025-01,M,003010,점프 슈트/오버올,003,바지,25,3055399,magoodgan,맥우드건,파번 5805 노카라 오버핏 미디움인디고 점프수트,https://image.msscdn.net/images/goods_img/20230202/3055399/3055399_16753124622565_500.jpg,False
2025-01,M,003010,점프 슈트/오버올,003,바지,26,2838476,saintcrew,세인트크루,오버라운드 테이퍼드 카고조거 점프슈트 OT-502CJ 인디고 데님 BRS,https://image.msscdn.net/images/goods_img/20221005/2838476/2838476_1_500.jpg,False
2025-01,M,003010,점프 슈트/오버올,003,바지,27,4300009,lee,리,유니 오버롤 팬츠 블랙,https://image.msscdn.net/images/goods_img/20240806/4300009/4300009_17261035449396_500.jpg,False
2025-01,M,003010,점프 슈트/오버올,003,바지,28,944501,thestori,더스토리,논페이드 데님 오버롤 멜빵 팬츠 [블루],https://image.msscdn.net/images/goods_img/20190130/944501/944501_17617811599957_500.jpg,False
2025-01,M,003010,점프 슈트/오버올,003,바지,29,4300008,lee,리,유니 오버롤 팬츠 인디고 다크,https://image.msscdn.net/images/goods_img/20240806/4300008/4300008_17270796940952_500.jpg,False
2025-01,M,003010,점프 슈트/오버올,003,바지,30,3730781,gripswany,그립스와니,파이어프루프 오버롤 코요테,https://image.msscdn.net/images/goods_img/20231123/3730781/3730781_17007295525561_500.jpg,False
2025-01,M,003006,기타 하의,003,바지,1,2926541,brenson,브렌슨,(Renew Ver.) 코듀로이 원턱 와이드 밴딩팬츠 ( 5Color ),https://image.msscdn.net/images/goods_img/20221108/2926541/2926541_17623049889755_500.jpg,False
2025-01,M,003006,기타 하의,003,바지,2,3404705,musinsastandard,무신사 스탠다드,시티 레저 CN 와이드 벨티드 파라슈트 팬츠 [블랙],https://image.msscdn.net/images/goods_img/20230712/3404705/3404705_17134029927665_500.jpg,False
2025-01,M,003006,기타 하의,003,바지,3,3378548,musinsastandard,무신사 스탠다드,원 턱 와이드 코듀로이 밴딩 팬츠 [블랙],https://image.msscdn.net/images/goods_img/20230622/3378548/3378548_16964957452358_500.jpg,False
2025-01,M,003006,기타 하의,003,바지,4,4577688,nike,나이키,ACG 스미스 서밋 카고 팬츠 M - 블랙:안트라사이트:서밋 화이트 / FN0429-010,https://image.msscdn.net/images/goods_img/20241031/4577688/4577688_17307976345858_500.jpg,False
2025-01,M,003006,기타 하의,003,바지,5,4517166,nike,나이키,ACG 스미스 서밋 카고 팬츠 M - 카키:라이트 아이언 오어:서밋 화이트 / FN0429-247,https://image.msscdn.net/images/goods_img/20241015/4517166/4517166_17291385998063_500.jpg,False
2025-01,M,003006,기타 하의,003,바지,6,3411543,musinsastandard,무신사 스탠다드,속기모 나일론 와이드 스트링 팬츠 [블랙],https://image.msscdn.net/images/goods_img/20230717/3411543/3411543_16952621327918_500.jpg,False
2025-01,M,003006,기타 하의,003,바지,7,4323440,musinsastandard,무신사 스탠다드,시티 레저 어니언 패딩 벨티드 카고 팬츠 [블랙],https://image.msscdn.net/images/goods_img/20240813/4323440/4323440_17294862569151_500.jpg,False
2025-01,M,003006,기타 하의,003,바지,8,3378547,musinsastandard,무신사 스탠다드,원 턱 와이드 코듀로이 밴딩 팬츠 [크림],https://image.msscdn.net/images/goods_img/20230622/3378547/3378547_16964956376203_500.jpg,False
2025-01,M,003006,기타 하의,003,바지,9,4304163,aakam,아캄,Knee Pin-tuck Camouflage Twill Pants (Black),https://image.msscdn.net/images/goods_img/20240807/4304163/4304163_17243269019342_500.jpg,False
2025-01,M,003006,기타 하의,003,바지,10,3378549,musinsastandard,무신사 스탠다드,원 턱 와이드 코듀로이 밴딩 팬츠 [브라운],https://image.msscdn.net/images/goods_img/20230622/3378549/3378549_16964958322532_500.jpg,False
2025-01,M,003006,기타 하의,003,바지,11,4368618,musinsastandard,무신사 스탠다드,어니언 퀼티드 패딩 팬츠 [블랙],https://image.msscdn.net/images/goods_img/20240826/4368618/4368618_17326847915768_500.jpg,False
2025-01,M,003006,기타 하의,003,바지,12,3378550,musinsastandard,무신사 스탠다드,원 턱 와이드 코듀로이 밴딩 팬츠 [베이지],https://image.msscdn.net/images/goods_img/20230622/3378550/3378550_16964958912928_500.jpg,False
2025-01,M,003006,기타 하의,003,바지,13,3378551,musinsastandard,무신사 스탠다드,원 턱 와이드 코듀로이 밴딩 팬츠 [다크 그레이],https://image.msscdn.net/images/goods_img/20230622/3378551/3378551_16965789510268_500.jpg,False
2025-01,M,003006,기타 하의,003,바지,14,4210114,musinsastandard,무신사 스탠다드,원 턱 와이드 코듀로이 밴딩 팬츠 [토프],https://image.msscdn.net/images/goods_img/20240620/4210114/4210114_17307924975182_500.jpg,False
2025-01,M,003006,기타 하의,003,바지,15,4210131,musinsastandard,무신사 스탠다드,시티 레저 CN 벨티드 유틸리티 팬츠 [블랙],https://image.msscdn.net/images/goods_img/20240620/4210131/4210131_17294816036943_500.jpg,False
2025-01,M,003006,기타 하의,003,바지,16,4210144,musinsastandard,무신사 스탠다드,시티 레저 벨티드 멀티 포켓 카고 팬츠 [블랙],https://image.msscdn.net/images/goods_img/20240620/4210144/4210144_17294809693134_500.jpg,False
2025-01,M,003006,기타 하의,003,바지,17,4605040,valdeblanco,발데블랑코,와이드 원턱 코듀로이 기모 스트링 팬츠 [브라운],https://image.msscdn.net/images/goods_img/20241111/4605040/4605040_17358683478910_500.jpg,False
2025-01,M,003006,기타 하의,003,바지,18,4380247,moif,모이프,[AW24]UNIFORM PANTS / BLACK NC,https://image.msscdn.net/images/goods_img/20240828/4380247/4380247_17248331683605_500.jpg,False
2025-01,M,003006,기타 하의,003,바지,19,4441075,goyowear,고요웨어,코듀라 써멀 팬츠 (브라운 그레이),https://image.msscdn.net/images/goods_img/20240913/4441075/4441075_17582500839288_500.jpg,False
2025-01,M,003006,기타 하의,003,바지,20,2998236,fp142muji,페플,미드웨일 코듀로이 와이드 팬츠 8종 브라운 SJLP1382,https://image.msscdn.net/images/goods_img/20221227/2998236/2998236_1_500.jpg,False
2025-01,M,003006,기타 하의,003,바지,21,3411538,musinsastandard,무신사 스탠다드,나일론 파라슈트 팬츠 [블랙],https://image.msscdn.net/images/goods_img/20230717/3411538/3411538_16938694187008_500.jpg,False
2025-01,M,003006,기타 하의,003,바지,22,3757183,musinsastandard,무신사 스탠다드,시티 레저 와이드 벨티드 카고 팬츠 [그레이쉬 베이지],https://image.msscdn.net/images/goods_img/20231215/3757183/3757183_17101182376959_500.jpg,False
2025-01,M,003006,기타 하의,003,바지,23,3411996,lundhags,룬닥스,마케 팬츠 Short 남성,https://image.msscdn.net/images/goods_img/20230717/3411996/3411996_17497939151972_500.jpg,False
2025-01,M,003006,기타 하의,003,바지,24,4210150,musinsastandard,무신사 스탠다드,속기모 나일론 와이드 스트링 팬츠 [더스티 카키],https://image.msscdn.net/images/goods_img/20240620/4210150/4210150_17308701319872_500.jpg,False
2025-01,M,003006,기타 하의,003,바지,25,4561673,dollouterwear,돌아우터웨어,2425 아르떼 보드복 팬츠 블랙 남녀공용,https://image.msscdn.net/images/goods_img/20241026/4561673/4561673_17299067176100_500.jpg,False
2025-01,M,003006,기타 하의,003,바지,26,4210145,musinsastandard,무신사 스탠다드,시티 레저 벨티드 멀티 포켓 카고 팬츠 [머드 그레이],https://image.msscdn.net/images/goods_img/20240620/4210145/4210145_17294809216343_500.jpg,False
2025-01,M,003006,기타 하의,003,바지,27,4441076,goyowear,고요웨어,코듀라 써멀 팬츠 (카키),https://image.msscdn.net/images/goods_img/20240913/4441076/4441076_17582488074173_500.jpg,False
2025-01,M,003006,기타 하의,003,바지,28,4210151,musinsastandard,무신사 스탠다드,속기모 나일론 와이드 스트링 팬츠 [브라운],https://image.msscdn.net/images/goods_img/20240620/4210151/4210151_17308701540055_500.jpg,False
2025-01,M,003006,기타 하의,003,바지,29,3939834,urbandtype,어반디타입,코튼 와이드 카고 팬츠_베이지,https://image.msscdn.net/images/goods_img/20240311/3939834/3939834_17449523513032_500.jpg,False
2025-01,M,003006,기타 하의,003,바지,30,2152735,gramicci,그라미치,팬츠 코듀로이 Black,https://image.msscdn.net/images/goods_img/20210929/2152735/2152735_17249799992769_500.jpg,False
2025-01,F,001,상의,,,1,4302685,sorano,소라노,SORANO Basic Logo HOODIE [4Color],https://image.msscdn.net/images/goods_img/20240807/4302685/4302685_17229675684379_500.jpg,False
2025-01,F,001,상의,,,2,4406512,sculptor,스컬프터,Shirring Tennis Shirt Navy/Green Stripe,https://image.msscdn.net/images/goods_img/20240904/4406512/4406512_17581619966456_500.jpg,False
2025-01,F,001,상의,,,3,3625615,rockcake,락케이크,Funk Mesh Top - Black,https://image.msscdn.net/images/goods_img/20231013/3625615/3625615_17168719123899_500.jpg,False
2025-01,F,001,상의,,,4,4440029,amesworldwide,아메스 월드와이드,BIG TYPO HOODIE GREY,https://image.msscdn.net/images/goods_img/20240913/4440029/4440029_17623208002122_500.jpg,False
2025-01,F,001,상의,,,5,2722805,brownbreath,브라운브레스,TAG OG HOODIE - BURGUNDY,https://image.msscdn.net/images/goods_img/20220817/2722805/2722805_17685233788556_500.jpg,False
2025-01,F,001,상의,,,6,2990516,1989standard,1989스탠다드,RV_OUR 1989 후드 (STHSTD-0004),https://image.msscdn.net/images/goods_img/20221220/2990516/2990516_17865211299718_500.jpg,False
2025-01,F,001,상의,,,7,4345043,thisisneverthat,디스이즈네버댓,T-Logo Hoodie Heather Grey,https://image.msscdn.net/images/goods_img/20240820/4345043/4345043_17248088394803_500.jpg,False
2025-01,F,001,상의,,,8,2698075,prendafromplant,프렌다,PDC UNIFORM CREWNECK SWEATSHIRT GRAY,https://image.msscdn.net/images/goods_img/20220804/2698075/2698075_16764200147379_500.jpg,False
2025-01,F,001,상의,,,9,2698077,prendafromplant,프렌다,PDC UNIFORM CREWNECK SWEATSHIRT NAVY,https://image.msscdn.net/images/goods_img/20220804/2698077/2698077_16775662178200_500.jpg,False
2025-01,F,001,상의,,,10,4265248,anotherarchive,어나더 아카이브,그래피티 로고 후드티_네이비,https://image.msscdn.net/images/goods_img/20240722/4265248/4265248_17243380383879_500.jpg,False
2025-01,F,001,상의,,,11,4265140,teket,테켓,Doorbell L/S Tee Melange Gray,https://image.msscdn.net/images/goods_img/20240722/4265140/4265140_17237780907130_500.jpg,False
2025-01,F,001,상의,,,12,2723767,suare,수아레,데일리 라운드 니트 - 12 COLOR,https://image.msscdn.net/images/goods_img/20220818/2723767/2723767_17292130151891_500.jpg,False
2025-01,F,001,상의,,,13,4441399,flareup,플레어업,Layered Lace Frill Long Sleeve (FL-137_Gray),https://image.msscdn.net/images/goods_img/20240915/4441399/4441399_17642044776803_500.jpg,False
2025-01,F,001,상의,,,14,2058188,brownbreath,브라운브레스,TAG OG HOODIE - BLACK,https://image.msscdn.net/images/goods_img/20210811/2058188/2058188_17685234537443_500.jpg,False
2025-01,F,001,상의,,,15,4394773,brownbreath,브라운브레스,TAG HOODIE - ASH,https://image.msscdn.net/images/goods_img/20240902/4394773/4394773_17259503021564_500.jpg,False
2025-01,F,001,상의,,,16,2302738,brownbreath,브라운브레스,TAG OG HOODIE - NAVY,https://image.msscdn.net/images/goods_img/20220112/2302738/2302738_17685234128085_500.jpg,False
2025-01,F,001,상의,,,17,2837460,prendafromplant,프렌다,STAR PDC UNIFORM SWEATSHIRT NAVY,https://image.msscdn.net/images/goods_img/20221004/2837460/2837460_1_500.jpg,False
2025-01,F,001,상의,,,18,4567942,ronron,론론,FRILL SHIRRING LONG SLEEVE T SHIRT WHITE,https://image.msscdn.net/images/goods_img/20241029/4567942/4567942_17696675673709_500.jpg,False
2025-01,F,001,상의,,,19,3511387,niceghostclub,나이스고스트클럽,3STARS LOGO KNIT HOODIE_IVORY(NG2DFUK610A),https://image.msscdn.net/images/goods_img/20230829/3511387/3511387_17586734242171_500.jpg,False
2025-01,F,001,상의,,,20,4345038,thisisneverthat,디스이즈네버댓,T-Logo Hoodie Navy,https://image.msscdn.net/images/goods_img/20240820/4345038/4345038_17248090725805_500.jpg,False
2025-01,F,001,상의,,,21,4311874,amesworldwide,아메스 월드와이드,BIG TYPO HOODIE KHAKI,https://image.msscdn.net/images/goods_img/20240808/4311874/4311874_17893593193694_500.jpg,False
2025-01,F,001,상의,,,22,3921829,brownbreath,브라운브레스,PAISLEY TAG LONGSLEEVE - WHITE,https://image.msscdn.net/images/goods_img/20240305/3921829/3921829_17605793893397_500.jpg,False
2025-01,F,001,상의,,,23,2837453,prendafromplant,프렌다,COMBINATION COOL TO WORK SWEATSHIRT HEATHER GRAY,https://image.msscdn.net/images/goods_img/20221004/2837453/2837453_1_500.jpg,False
2025-01,F,001,상의,,,24,4328686,trillion,트릴리온,헤어리 그래픽 로고 오버핏 자카드 니트 (BLUE),https://image.msscdn.net/images/goods_img/20240814/4328686/4328686_17249552459456_500.jpg,False
2025-01,F,001,상의,,,25,4501837,rense,렌세,Frill Layered Long Sleeve Black,https://image.msscdn.net/images/goods_img/20241010/4501837/4501837_17292288250639_500.jpg,False
2025-01,F,001,상의,,,26,2751882,avan,어반드레스,Rugby Striped Knit - 3COL,https://image.msscdn.net/images/goods_img/20220829/2751882/2751882_17206644961994_500.jpg,False
2025-01,F,001,상의,,,27,4440027,amesworldwide,아메스 월드와이드,BIG TYPO HOODIE BLACK,https://image.msscdn.net/images/goods_img/20240913/4440027/4440027_17893592819525_500.jpg,False
2025-01,F,001,상의,,,28,2990274,1989standard,1989스탠다드,SMALL CENTER 맨투맨 (STMSTD-0015),https://image.msscdn.net/images/goods_img/20221220/2990274/2990274_17865180516439_500.jpg,False
2025-01,F,001,상의,,,29,4573789,placestudio,플레이스 스튜디오,골지 더블 레이어드 홀터넥 슬림 롱 슬리브리스 긴소매 티셔츠 [그레이],https://image.msscdn.net/images/goods_img/20241030/4573789/4573789_17306847254764_500.jpg,False
2025-01,F,001,상의,,,30,2698072,prendafromplant,프렌다,COMBINATION DENIM PATCH RAGLAN SWEATSHIRT NAVY,https://image.msscdn.net/images/goods_img/20220804/2698072/2698072_1_500.jpg,False
2025-01,F,001005,맨투맨/스웨트,001,상의,1,2698075,prendafromplant,프렌다,PDC UNIFORM CREWNECK SWEATSHIRT GRAY,https://image.msscdn.net/images/goods_img/20220804/2698075/2698075_16764200147379_500.jpg,False
2025-01,F,001005,맨투맨/스웨트,001,상의,2,2698077,prendafromplant,프렌다,PDC UNIFORM CREWNECK SWEATSHIRT NAVY,https://image.msscdn.net/images/goods_img/20220804/2698077/2698077_16775662178200_500.jpg,False
2025-01,F,001005,맨투맨/스웨트,001,상의,3,2837460,prendafromplant,프렌다,STAR PDC UNIFORM SWEATSHIRT NAVY,https://image.msscdn.net/images/goods_img/20221004/2837460/2837460_1_500.jpg,False
2025-01,F,001005,맨투맨/스웨트,001,상의,4,2837453,prendafromplant,프렌다,COMBINATION COOL TO WORK SWEATSHIRT HEATHER GRAY,https://image.msscdn.net/images/goods_img/20221004/2837453/2837453_1_500.jpg,False
2025-01,F,001005,맨투맨/스웨트,001,상의,5,2990274,1989standard,1989스탠다드,SMALL CENTER 맨투맨 (STMSTD-0015),https://image.msscdn.net/images/goods_img/20221220/2990274/2990274_17865180516439_500.jpg,False
2025-01,F,001005,맨투맨/스웨트,001,상의,6,2698072,prendafromplant,프렌다,COMBINATION DENIM PATCH RAGLAN SWEATSHIRT NAVY,https://image.msscdn.net/images/goods_img/20220804/2698072/2698072_1_500.jpg,False
2025-01,F,001005,맨투맨/스웨트,001,상의,7,4342389,ghostrepublic,고스트리퍼블릭,심볼 로고 트랙 폴로 맨투맨 GMT-156,https://image.msscdn.net/images/goods_img/20240819/4342389/4342389_17847048024420_500.jpg,False
2025-01,F,001005,맨투맨/스웨트,001,상의,8,2321863,urbandtype,어반디타입,LT431_러닝클럽 럭비 맨투맨_네이비,https://image.msscdn.net/images/goods_img/20220124/2321863/2321863_17412290878675_500.jpg,False
2025-01,F,001005,맨투맨/스웨트,001,상의,9,4265255,teket,테켓,Plan Half Zip-Up Sweatshirt Navy,https://image.msscdn.net/images/goods_img/20240722/4265255/4265255_17871266700824_500.jpg,False
2025-01,F,001005,맨투맨/스웨트,001,상의,10,4307540,marithefrancoisgirbaud,마리떼 프랑소와 저버,W CLASSIC LOGO CROP SWEATSHIRT light heather gray,https://image.msscdn.net/images/goods_img/20240808/4307540/4307540_17255336495462_500.jpg,False
2025-01,F,001005,맨투맨/스웨트,001,상의,11,2190395,prendafromplant,프렌다,WBT CREWNECK RAGLAN SWEATSHIRT BLACK,https://image.msscdn.net/images/goods_img/20211020/2190395/2190395_1_500.jpg,False
2025-01,F,001005,맨투맨/스웨트,001,상의,12,3948632,mucent,무센트,빅 로고 루즈핏 롱슬리브 맨투맨 (3컬러),https://image.msscdn.net/images/goods_img/20240313/3948632/3948632_17300845807043_500.jpg,False
2025-01,F,001005,맨투맨/스웨트,001,상의,13,2837459,prendafromplant,프렌다,STAR PDC UNIFORM SWEATSHIRT HEATHER GRAY,https://image.msscdn.net/images/goods_img/20221004/2837459/2837459_2_500.jpg,False
2025-01,F,001005,맨투맨/스웨트,001,상의,14,4610920,midnightmove,미드나잇 무브,89 rivet mtm [black],https://image.msscdn.net/images/goods_img/20241113/4610920/4610920_17321816346896_500.jpg,False
2025-01,F,001005,맨투맨/스웨트,001,상의,15,3444706,brownbreath,브라운브레스,TAG CREWNECK - BLACK,https://image.msscdn.net/images/goods_img/20230804/3444706/3444706_17231911605372_500.jpg,False
2025-01,F,001005,맨투맨/스웨트,001,상의,16,2970542,slowacid,슬로우애시드,피치스킨 러스티 로고 스웨트셔츠 [웜그레이],https://image.msscdn.net/images/goods_img/20221202/2970542/2970542_17670717045336_500.jpg,False
2025-01,F,001005,맨투맨/스웨트,001,상의,17,4424539,notonlyfortoday,낫온리포투데이,NOFT 패치워크 맨투맨 [네이비],https://image.msscdn.net/images/goods_img/20240910/4424539/4424539_17884871132689_500.jpg,False
2025-01,F,001005,맨투맨/스웨트,001,상의,18,2313388,1993studio,1993스튜디오,90S 트랙 스웨트셔츠_그레이,https://image.msscdn.net/images/goods_img/20220118/2313388/2313388_17592092127579_500.jpg,False
2025-01,F,001005,맨투맨/스웨트,001,상의,19,2970541,slowacid,슬로우애시드,피치스킨 러스티 로고 스웨트셔츠 [블랙],https://image.msscdn.net/images/goods_img/20221202/2970541/2970541_17253267722324_500.jpg,False
2025-01,F,001005,맨투맨/스웨트,001,상의,20,4338882,nastyfancyclub,팬시클럽,원숄더 버클 스웻셔츠 (MELANGE GRAY)_F24ZB063,https://image.msscdn.net/images/goods_img/20240816/4338882/4338882_17896114306537_500.jpg,False
2025-01,F,001005,맨투맨/스웨트,001,상의,21,4338881,nastyfancyclub,팬시클럽,원숄더 버클 스웻셔츠 (BLACK)_F24ZB063,https://image.msscdn.net/images/goods_img/20240816/4338881/4338881_17748473782020_500.jpg,False
2025-01,F,001005,맨투맨/스웨트,001,상의,22,1817394,travel,트래블,[3-PACK]베이직 트래블러 피그먼트 스웨트셔츠,https://image.msscdn.net/images/goods_img/20210226/1817394/1817394_17152436181527_500.jpg,False
2025-01,F,001005,맨투맨/스웨트,001,상의,23,2698720,prendafromplant,프렌다,JUVENTUD COMBINATION RAGLAN SWEATSHIRT HEATHER GRAY,https://image.msscdn.net/images/goods_img/20220804/2698720/2698720_1_500.jpg,False
2025-01,F,001005,맨투맨/스웨트,001,상의,24,4385260,amesworldwide,아메스 월드와이드,BASIC LOGO SWEATSHIRT GREY,https://image.msscdn.net/images/goods_img/20240829/4385260/4385260_17470327086063_500.jpg,False
2025-01,F,001005,맨투맨/스웨트,001,상의,25,4320380,mozmoz,모즈모즈,[SET] 카오스 코듀로이 오버핏 맨투맨 셋업 네이비,https://image.msscdn.net/images/goods_img/20240812/4320380/4320380_17243997608628_500.jpg,False
2025-01,F,001005,맨투맨/스웨트,001,상의,26,2338457,bittercells,비터셀즈,하트 벌룬 스웻 셔츠-3 Colors,https://image.msscdn.net/images/goods_img/20220203/2338457/2338457_17254400814620_500.jpg,False
2025-01,F,001005,맨투맨/스웨트,001,상의,27,4403497,thisisneverthat,디스이즈네버댓,T-Logo Crewneck Black,https://image.msscdn.net/images/goods_img/20240904/4403497/4403497_17260214671840_500.jpg,False
2025-01,F,001005,맨투맨/스웨트,001,상의,28,4342386,ghostrepublic,고스트리퍼블릭,심볼 로고 래글런 트랙 맨투맨 GMT-155,https://image.msscdn.net/images/goods_img/20240819/4342386/4342386_17835795262230_500.jpg,False
2025-01,F,001005,맨투맨/스웨트,001,상의,29,1336836,brenson,브렌슨,(Renew Ver.) 루즈핏 스웨트 셔츠 ( 9Color ) ( 기모선택 ),https://image.msscdn.net/images/goods_img/20200305/1336836/1336836_17297329205750_500.jpg,False
2025-01,F,001005,맨투맨/스웨트,001,상의,30,4307534,marithefrancoisgirbaud,마리떼 프랑소와 저버,CLASSIC LOGO COLOR BLOCK RAGLAN SWEATSHIRT oatmeal,https://image.msscdn.net/images/goods_img/20240808/4307534/4307534_17255332425214_500.jpg,False
2025-01,F,001004,후드 티셔츠,001,상의,1,4302685,sorano,소라노,SORANO Basic Logo HOODIE [4Color],https://image.msscdn.net/images/goods_img/20240807/4302685/4302685_17229675684379_500.jpg,False
2025-01,F,001004,후드 티셔츠,001,상의,2,4440029,amesworldwide,아메스 월드와이드,BIG TYPO HOODIE GREY,https://image.msscdn.net/images/goods_img/20240913/4440029/4440029_17623208002122_500.jpg,False
2025-01,F,001004,후드 티셔츠,001,상의,3,2722805,brownbreath,브라운브레스,TAG OG HOODIE - BURGUNDY,https://image.msscdn.net/images/goods_img/20220817/2722805/2722805_17685233788556_500.jpg,False
2025-01,F,001004,후드 티셔츠,001,상의,4,2990516,1989standard,1989스탠다드,RV_OUR 1989 후드 (STHSTD-0004),https://image.msscdn.net/images/goods_img/20221220/2990516/2990516_17865211299718_500.jpg,False
2025-01,F,001004,후드 티셔츠,001,상의,5,4345043,thisisneverthat,디스이즈네버댓,T-Logo Hoodie Heather Grey,https://image.msscdn.net/images/goods_img/20240820/4345043/4345043_17248088394803_500.jpg,False
2025-01,F,001004,후드 티셔츠,001,상의,6,4265248,anotherarchive,어나더 아카이브,그래피티 로고 후드티_네이비,https://image.msscdn.net/images/goods_img/20240722/4265248/4265248_17243380383879_500.jpg,False
2025-01,F,001004,후드 티셔츠,001,상의,7,2058188,brownbreath,브라운브레스,TAG OG HOODIE - BLACK,https://image.msscdn.net/images/goods_img/20210811/2058188/2058188_17685234537443_500.jpg,False
2025-01,F,001004,후드 티셔츠,001,상의,8,4394773,brownbreath,브라운브레스,TAG HOODIE - ASH,https://image.msscdn.net/images/goods_img/20240902/4394773/4394773_17259503021564_500.jpg,False
2025-01,F,001004,후드 티셔츠,001,상의,9,2302738,brownbreath,브라운브레스,TAG OG HOODIE - NAVY,https://image.msscdn.net/images/goods_img/20220112/2302738/2302738_17685234128085_500.jpg,False
2025-01,F,001004,후드 티셔츠,001,상의,10,4345038,thisisneverthat,디스이즈네버댓,T-Logo Hoodie Navy,https://image.msscdn.net/images/goods_img/20240820/4345038/4345038_17248090725805_500.jpg,False
2025-01,F,001004,후드 티셔츠,001,상의,11,4311874,amesworldwide,아메스 월드와이드,BIG TYPO HOODIE KHAKI,https://image.msscdn.net/images/goods_img/20240808/4311874/4311874_17893593193694_500.jpg,False
2025-01,F,001004,후드 티셔츠,001,상의,12,4440027,amesworldwide,아메스 월드와이드,BIG TYPO HOODIE BLACK,https://image.msscdn.net/images/goods_img/20240913/4440027/4440027_17893592819525_500.jpg,False
2025-01,F,001004,후드 티셔츠,001,상의,13,4285379,thecoldestmoment,더콜디스트모먼트,TCM rag hoodie (black),https://image.msscdn.net/images/goods_img/20240731/4285379/4285379_17233461476822_500.jpg,False
2025-01,F,001004,후드 티셔츠,001,상의,14,2759813,saintpain,세인트페인,SP 팀 로고 후드-멜란지 그레이,https://image.msscdn.net/images/goods_img/20220831/2759813/2759813_1_500.jpg,False
2025-01,F,001004,후드 티셔츠,001,상의,15,2990463,1989standard,1989스탠다드,SMALL CENTER 후드 (STHSTD-0015),https://image.msscdn.net/images/goods_img/20221220/2990463/2990463_17865217728190_500.jpg,False
2025-01,F,001004,후드 티셔츠,001,상의,16,4071966,oafish,오피쉬,"레터링 후디, 블랙",https://image.msscdn.net/images/goods_img/20240422/4071966/4071966_17137500206666_500.jpg,False
2025-01,F,001004,후드 티셔츠,001,상의,17,3026606,filluminate,필루미네이트,오버핏 그래피티 로고 후디-오트밀,https://image.msscdn.net/images/goods_img/20230116/3026606/3026606_16740279087820_500.jpg,False
2025-01,F,001004,후드 티셔츠,001,상의,18,3907164,ruddycheeks,아이필블루씨에스엠,Ifeelbluecsm Hoodie Oatmeal,https://image.msscdn.net/images/goods_img/20240227/3907164/3907164_17090361274276_500.jpg,False
2025-01,F,001004,후드 티셔츠,001,상의,19,3030274,codegraphy,코드그라피,[기모 Ver.] CGP 아치 로고 후드티_라이트그레이,https://image.msscdn.net/images/goods_img/20230118/3030274/3030274_17703391612432_500.jpg,False
2025-01,F,001004,후드 티셔츠,001,상의,20,4265261,teket,테켓,Plan Hoodie Melange Gray,https://image.msscdn.net/images/goods_img/20240722/4265261/4265261_17871270229193_500.jpg,False
2025-01,F,001004,후드 티셔츠,001,상의,21,4430476,oafish,오피쉬,"미니 스타 후디,블랙",https://image.msscdn.net/images/goods_img/20240911/4430476/4430476_17260768986856_500.jpg,False
2025-01,F,001004,후드 티셔츠,001,상의,22,4326536,dimitriblack,디미트리블랙,VLAD 컷오프 아플리케 후드 티셔츠_차콜,https://image.msscdn.net/images/goods_img/20240813/4326536/4326536_17514416403147_500.jpg,False
2025-01,F,001004,후드 티셔츠,001,상의,23,4285383,thecoldestmoment,더콜디스트모먼트,TCM rag hoodie (sky blue),https://image.msscdn.net/images/goods_img/20240731/4285383/4285383_17233460844856_500.jpg,False
2025-01,F,001004,후드 티셔츠,001,상의,24,2913656,filluminate,필루미네이트,오버핏 그래피티 로고 후디-멜란지그레이,https://image.msscdn.net/images/goods_img/20221101/2913656/2913656_17593846033133_500.jpg,False
2025-01,F,001004,후드 티셔츠,001,상의,25,3463298,yale,예일,투톤아치 후드_그레이,https://image.msscdn.net/images/goods_img/20230814/3463298/3463298_17362154315362_500.jpg,False
2025-01,F,001004,후드 티셔츠,001,상의,26,4345042,thisisneverthat,디스이즈네버댓,T-Logo Hoodie Black,https://image.msscdn.net/images/goods_img/20240820/4345042/4345042_17248088811417_500.jpg,False
2025-01,F,001004,후드 티셔츠,001,상의,27,2722795,brownbreath,브라운브레스,TAG HOODIE - MELANGE GREY,https://image.msscdn.net/images/goods_img/20220817/2722795/2722795_17259485423827_500.jpg,False
2025-01,F,001004,후드 티셔츠,001,상의,28,2043056,codegraphy,코드그라피,[SET] [후드티 OR 맨투맨 선택] CGP 아치 로고 셋업_네이비,https://image.msscdn.net/images/goods_img/20210728/2043056/2043056_17827161407701_500.jpg,False
2025-01,F,001004,후드 티셔츠,001,상의,29,4474671,ssinandlee,신앤리,(W) 테일러 코튼 스웻 후드 티셔츠 블랙,https://image.msscdn.net/images/goods_img/20240930/4474671/4474671_17276340633532_500.jpg,False
2025-01,F,001004,후드 티셔츠,001,상의,30,4474670,ssinandlee,신앤리,(W) 테일러 코튼 스웻 후드 티셔츠 네이비,https://image.msscdn.net/images/goods_img/20240930/4474670/4474670_17276341073602_500.jpg,False
2025-01,F,001002,셔츠/블라우스,001,상의,1,2085005,citybreeze,시티브리즈,링클 프리 베이직 셔츠_19COLORS,https://image.msscdn.net/images/prd_img/20210824/2085005/detail_2085005_17524690165032_500.jpg,False
2025-01,F,001002,셔츠/블라우스,001,상의,2,3791891,filluminate,필루미네이트,오버핏 포레스트 체크 셔츠-블랙,https://image.msscdn.net/images/goods_img/20240112/3791891/3791891_17901256505525_500.jpg,False
2025-01,F,001002,셔츠/블라우스,001,상의,3,4227437,standarderror,스탠다드에러,87-STAN081 원포켓 빈티지 오버핏 긴팔 체크 셔츠 네이비,https://image.msscdn.net/images/goods_img/20240702/4227437/4227437_17738154996351_500.jpg,False
2025-01,F,001002,셔츠/블라우스,001,상의,4,994588,filluminate,필루미네이트,옵티멀 베이직 셔츠-화이트[린넨＆옥스포드 선택],https://image.msscdn.net/images/goods_img/20190326/994588/994588_17878791359967_500.jpg,False
2025-01,F,001002,셔츠/블라우스,001,상의,5,4227441,standarderror,스탠다드에러,87-STAN083 레트로 플레이드 오버핏 포켓 긴팔 체크 셔츠 딥블루,https://image.msscdn.net/images/goods_img/20240702/4227441/4227441_17738156721895_500.jpg,False
2025-01,F,001002,셔츠/블라우스,001,상의,6,4321969,citybreeze,시티브리즈,링클 프리 벨티드 셔츠_WHITE,https://image.msscdn.net/images/goods_img/20240812/4321969/4321969_17473796178676_500.jpg,False
2025-01,F,001002,셔츠/블라우스,001,상의,7,4425073,takeasy,테이크이지,빈티지 오버 듀플린 체크 셔츠 (차콜),https://image.msscdn.net/images/goods_img/20240910/4425073/4425073_17273390280319_500.jpg,False
2025-01,F,001002,셔츠/블라우스,001,상의,8,4313634,avan,어반드레스,Peter Check Shirt PINK,https://image.msscdn.net/images/goods_img/20240809/4313634/4313634_17241418821727_500.jpg,False
2025-01,F,001002,셔츠/블라우스,001,상의,9,4388332,somewherebutter,썸웨어버터,Adel Frill Blouse - Cream,https://image.msscdn.net/images/goods_img/20240830/4388332/4388332_17255192215912_500.jpg,False
2025-01,F,001002,셔츠/블라우스,001,상의,10,4404721,michikolondon,미치코런던,스트라이프 슬림핏 셔츠 아이보리,https://image.msscdn.net/images/goods_img/20240904/4404721/4404721_17261054725193_500.jpg,False
2025-01,F,001002,셔츠/블라우스,001,상의,11,3791889,filluminate,필루미네이트,오버핏 포레스트 체크 셔츠-핑크,https://image.msscdn.net/images/goods_img/20240112/3791889/3791889_17800394766247_500.jpg,False
2025-01,F,001002,셔츠/블라우스,001,상의,12,3640782,trillion,트릴리온,투 포켓 옴브레 체크 셔츠 (BLUE),https://image.msscdn.net/images/goods_img/20231019/3640782/3640782_16976999794158_500.jpg,False
2025-01,F,001002,셔츠/블라우스,001,상의,13,3038161,citybreeze,시티브리즈,링클 프리 슬림핏 셔츠_WHITE,https://image.msscdn.net/images/goods_img/20230125/3038161/3038161_17101235526892_500.jpg,False
2025-01,F,001002,셔츠/블라우스,001,상의,14,4335835,oheshio,오헤시오,"FRILL POCKET BLOUSE, IVORY",https://image.msscdn.net/images/goods_img/20240816/4335835/4335835_17253343096591_500.jpg,False
2025-01,F,001002,셔츠/블라우스,001,상의,15,2126183,musinsastandardwoman,무신사 스탠다드 우먼,우먼즈 오버사이즈 실키 셔츠 [화이트],https://image.msscdn.net/images/goods_img/20210913/2126183/2126183_16909344872371_500.jpg,False
2025-01,F,001002,셔츠/블라우스,001,상의,16,3323598,musinsastandardwoman,무신사 스탠다드 우먼,우먼즈 슬림 핏 셔츠 [화이트],https://image.msscdn.net/images/goods_img/20230525/3323598/3323598_16969793437240_500.jpg,False
2025-01,F,001002,셔츠/블라우스,001,상의,17,3639465,treemingbird,트리밍버드,Bolero Vest Shirts [ Sky Blue ],https://image.msscdn.net/images/goods_img/20231019/3639465/3639465_16977772207168_500.jpg,False
2025-01,F,001002,셔츠/블라우스,001,상의,18,3593332,asifcalie,에즈이프 캘리,DIRTYWASHING OVERFIT CHECK SHIRT PINK,https://image.msscdn.net/images/goods_img/20230925/3593332/3593332_17310323100324_500.jpg,False
2025-01,F,001002,셔츠/블라우스,001,상의,19,4023770,citybreeze,시티브리즈,코튼 스트라이프 베이직 셔츠_SKY BLUE,https://image.msscdn.net/images/goods_img/20240404/4023770/4023770_17313857567759_500.jpg,False
2025-01,F,001002,셔츠/블라우스,001,상의,20,3845019,sculptor,스컬프터,Shoelace Shirring Shirt Classic Blue,https://image.msscdn.net/images/goods_img/20240204/3845019/3845019_17303547172869_500.jpg,False
2025-01,F,001002,셔츠/블라우스,001,상의,21,4628118,khakipoint,카키포인트,V Zip-up Shirts (white),https://image.msscdn.net/images/goods_img/20241120/4628118/4628118_17323175091590_500.jpg,False
2025-01,F,001002,셔츠/블라우스,001,상의,22,4372601,placestudio,플레이스 스튜디오,단작 탈부착 포인트 핀턱 슬림핏 긴팔 코튼 셔츠 세트,https://image.msscdn.net/images/goods_img/20240827/4372601/4372601_17289521175148_500.jpg,False
2025-01,F,001002,셔츠/블라우스,001,상의,23,3323599,musinsastandardwoman,무신사 스탠다드 우먼,우먼즈 슬림 핏 셔츠 [스카이 블루],https://image.msscdn.net/images/goods_img/20230525/3323599/3323599_17678587147206_500.jpg,False
2025-01,F,001002,셔츠/블라우스,001,상의,24,4401983,millowomen,밀로 우먼,워크 스냅 셔츠 [화이트],https://image.msscdn.net/images/goods_img/20240904/4401983/4401983_17259584541432_500.jpg,False
2025-01,F,001002,셔츠/블라우스,001,상의,25,4227448,standarderror,스탠다드에러,87-STAN086 레거시 빈티지 오버핏 포켓 긴팔 체크 셔츠 네이비,https://image.msscdn.net/images/goods_img/20240702/4227448/4227448_17738157770217_500.jpg,False
2025-01,F,001002,셔츠/블라우스,001,상의,26,3461175,trillion,트릴리온,스톤 워싱 오버핏 데님 긴팔 셔츠 (MIDDLE BLUE),https://image.msscdn.net/images/goods_img/20230811/3461175/3461175_16917270988057_500.jpg,False
2025-01,F,001002,셔츠/블라우스,001,상의,27,4227440,standarderror,스탠다드에러,87-STAN082 빈티지 플레이드 오버핏 포켓 긴팔 체크 셔츠 핑크,https://image.msscdn.net/images/goods_img/20240702/4227440/4227440_17738155838719_500.jpg,False
2025-01,F,001002,셔츠/블라우스,001,상의,28,3056564,musinsastandardwoman,무신사 스탠다드 우먼,우먼즈 링클프리 셔츠 [화이트],https://image.msscdn.net/images/goods_img/20230202/3056564/3056564_17466830192731_500.jpg,False
2025-01,F,001002,셔츠/블라우스,001,상의,29,3097185,poloralphlauren,폴로 랄프 로렌,W 포플린 스트레치 셔츠 - 화이트,https://image.msscdn.net/images/goods_img/20230221/3097185/3097185_16808334829966_500.jpg,False
2025-01,F,001002,셔츠/블라우스,001,상의,30,4306299,bronson,브론슨,Blue Chambray Work Shirt KR Ver.,https://image.msscdn.net/images/goods_img/20240807/4306299/4306299_17737170274339_500.jpg,False
2025-01,F,001010,긴소매 티셔츠,001,상의,1,3625615,rockcake,락케이크,Funk Mesh Top - Black,https://image.msscdn.net/images/goods_img/20231013/3625615/3625615_17168719123899_500.jpg,False
2025-01,F,001010,긴소매 티셔츠,001,상의,2,4265140,teket,테켓,Doorbell L/S Tee Melange Gray,https://image.msscdn.net/images/goods_img/20240722/4265140/4265140_17237780907130_500.jpg,False
2025-01,F,001010,긴소매 티셔츠,001,상의,3,4441399,flareup,플레어업,Layered Lace Frill Long Sleeve (FL-137_Gray),https://image.msscdn.net/images/goods_img/20240915/4441399/4441399_17642044776803_500.jpg,False
2025-01,F,001010,긴소매 티셔츠,001,상의,4,4567942,ronron,론론,FRILL SHIRRING LONG SLEEVE T SHIRT WHITE,https://image.msscdn.net/images/goods_img/20241029/4567942/4567942_17696675673709_500.jpg,False
2025-01,F,001010,긴소매 티셔츠,001,상의,5,3921829,brownbreath,브라운브레스,PAISLEY TAG LONGSLEEVE - WHITE,https://image.msscdn.net/images/goods_img/20240305/3921829/3921829_17605793893397_500.jpg,False
2025-01,F,001010,긴소매 티셔츠,001,상의,6,4501837,rense,렌세,Frill Layered Long Sleeve Black,https://image.msscdn.net/images/goods_img/20241010/4501837/4501837_17292288250639_500.jpg,False
2025-01,F,001010,긴소매 티셔츠,001,상의,7,4573789,placestudio,플레이스 스튜디오,골지 더블 레이어드 홀터넥 슬림 롱 슬리브리스 긴소매 티셔츠 [그레이],https://image.msscdn.net/images/goods_img/20241030/4573789/4573789_17306847254764_500.jpg,False
2025-01,F,001010,긴소매 티셔츠,001,상의,8,4335481,wondervisitor,원더비지터,Girls-PEN Raglan LS-T [Melange grey],https://image.msscdn.net/images/goods_img/20240816/4335481/4335481_17246346651787_500.jpg,False
2025-01,F,001010,긴소매 티셔츠,001,상의,9,4334571,escapefrom,이스케이프프롬,레드 ESCF 로고 콜라주 프린트 롱슬리브 화이트,https://image.msscdn.net/images/goods_img/20240816/4334571/4334571_17300992130893_500.jpg,False
2025-01,F,001010,긴소매 티셔츠,001,상의,10,3417709,musinsastandardwoman,무신사 스탠다드 우먼,우먼즈 슬림 크루 넥 긴소매 티셔츠 [화이트],https://image.msscdn.net/images/goods_img/20230720/3417709/3417709_16964869253825_500.jpg,False
2025-01,F,001010,긴소매 티셔츠,001,상의,11,4265181,teket,테켓,Plan L/S Tee White,https://image.msscdn.net/images/goods_img/20240722/4265181/4265181_17871239896515_500.jpg,False
2025-01,F,001010,긴소매 티셔츠,001,상의,12,4409741,mucent,무센트,엠마 브이넥 스트라이프 롱 슬리브 티셔츠 (2컬러),https://image.msscdn.net/images/goods_img/20240905/4409741/4409741_17630891647377_500.jpg,False
2025-01,F,001010,긴소매 티셔츠,001,상의,13,4501834,rense,렌세,Frill Layered Long Sleeve Melange Gray,https://image.msscdn.net/images/goods_img/20241010/4501834/4501834_17292288034641_500.jpg,False
2025-01,F,001010,긴소매 티셔츠,001,상의,14,4322503,rockcake,락케이크,Funk Mesh Top - Ivory,https://image.msscdn.net/images/goods_img/20240812/4322503/4322503_17350227481324_500.jpg,False
2025-01,F,001010,긴소매 티셔츠,001,상의,15,4457093,illio,일리오,Black leopard cross necklace top,https://image.msscdn.net/images/goods_img/20240924/4457093/4457093_17272505741967_500.jpg,False
2025-01,F,001010,긴소매 티셔츠,001,상의,16,4457092,illio,일리오,White leopard cross necklace top,https://image.msscdn.net/images/goods_img/20240924/4457092/4457092_17272505717725_500.jpg,False
2025-01,F,001010,긴소매 티셔츠,001,상의,17,3542981,millowomen,밀로 우먼,원 숄더 스트라이프 티셔츠 [차콜 그레이],https://image.msscdn.net/images/goods_img/20230907/3542981/3542981_17702630914471_500.jpg,False
2025-01,F,001010,긴소매 티셔츠,001,상의,18,3964309,rockcake,락케이크,Cursive Mesh Top - Black,https://image.msscdn.net/images/goods_img/20240318/3964309/3964309_17134033667629_500.jpg,False
2025-01,F,001010,긴소매 티셔츠,001,상의,19,4338883,nastyfancyclub,팬시클럽,3-WAY 도트 레이어드 롱슬리브 (GRAY)_F24ZB071,https://image.msscdn.net/images/goods_img/20240816/4338883/4338883_17302698709475_500.jpg,False
2025-01,F,001010,긴소매 티셔츠,001,상의,20,4441394,flareup,플레어업,Layered Lace Frill Long Sleeve (FL-137_Black),https://image.msscdn.net/images/goods_img/20240915/4441394/4441394_17267929434079_500.jpg,False
2025-01,F,001010,긴소매 티셔츠,001,상의,21,4348641,thecoldestmoment,더콜디스트모먼트,TCM mini logo stripe long sleeve (sky blue/charcoal),https://image.msscdn.net/images/goods_img/20240820/4348641/4348641_17254109815864_500.jpg,False
2025-01,F,001010,긴소매 티셔츠,001,상의,22,4348635,thecoldestmoment,더콜디스트모먼트,TCM mini logo stripe long sleeve (pink/red),https://image.msscdn.net/images/goods_img/20240820/4348635/4348635_17254110112634_500.jpg,False
2025-01,F,001010,긴소매 티셔츠,001,상의,23,3874367,jeep,지프,[2PACK] 16수 싱글 에어그램 롱슬리브 티셔츠 (JQ5TSU754BK),https://image.msscdn.net/images/prd_img/20240215/3874367/detail_3874367_17834737247478_500.jpg,False
2025-01,F,001010,긴소매 티셔츠,001,상의,24,3911086,vanishment,바니쉬먼트,Pocket stripe supersize long sleeve t-shirt_navy,https://image.msscdn.net/images/goods_img/20240228/3911086/3911086_17091305883869_500.jpg,False
2025-01,F,001010,긴소매 티셔츠,001,상의,25,4346480,leathery,레더리,슬림핏 스트라이프 탑 [GREY],https://image.msscdn.net/images/goods_img/20240820/4346480/4346480_17742430087458_500.jpg,False
2025-01,F,001010,긴소매 티셔츠,001,상의,26,4296973,havism,해비즘,W LLF UNIFORM L/S TEE(NAVY),https://image.msscdn.net/images/goods_img/20240805/4296973/4296973_17238080220978_500.jpg,False
2025-01,F,001010,긴소매 티셔츠,001,상의,27,4500835,nastyfancyclub,팬시클럽,[SET] 3-WAY 도트 레이어드 롱슬리브 & 포멀 버튼 플리츠 미디 스커트_F24ZB071xZD871,https://image.msscdn.net/images/goods_img/20241010/4500835/4500835_17400317022935_500.jpg,False
2025-01,F,001010,긴소매 티셔츠,001,상의,28,4353821,notyourrose,낫 유어 로즈,릴리 탑 (블랙),https://image.msscdn.net/images/goods_img/20240821/4353821/4353821_17875614895292_500.jpg,False
2025-01,F,001010,긴소매 티셔츠,001,상의,29,4441397,flareup,플레어업,Layered Lace Frill Long Sleeve (FL-137_Cream),https://image.msscdn.net/images/goods_img/20240915/4441397/4441397_17306647849942_500.jpg,False
2025-01,F,001010,긴소매 티셔츠,001,상의,30,3005822,brownbreath,브라운브레스,TAG OG LONGSLEEVE - WHITE,https://image.msscdn.net/images/goods_img/20230104/3005822/3005822_17392559844752_500.jpg,False
2025-01,F,001001,반소매 티셔츠,001,상의,1,1417691,musinsastandardwoman,무신사 스탠다드 우먼,우먼즈 베이식 크루 넥 반팔 티셔츠 [화이트],https://image.msscdn.net/images/goods_img/20200423/1417691/1417691_17828975022011_500.jpg,False
2025-01,F,001001,반소매 티셔츠,001,상의,2,4333253,ronron,론론,TORCHON LACE SHIRRING LAYERED LONG T SHIRT WHITE,https://image.msscdn.net/images/goods_img/20240815/4333253/4333253_17254345826032_500.jpg,False
2025-01,F,001001,반소매 티셔츠,001,상의,3,3286918,marithefrancoisgirbaud,마리떼 프랑소와 저버,3PACK SMALL REGULAR LOGO TEE mix,https://image.msscdn.net/images/goods_img/20230510/3286918/3286918_17424357770496_500.jpg,False
2025-01,F,001001,반소매 티셔츠,001,상의,4,3773867,covernat,커버낫,[2PACK] 쿨 코튼 티셔츠 Black+White,https://image.msscdn.net/images/goods_img/20240103/3773867/3773867_17818426320462_500.jpg,False
2025-01,F,001001,반소매 티셔츠,001,상의,5,3223007,brenson,브렌슨,( 2PACK ) 퓨어코튼 레이어드 체인 반팔티,https://image.msscdn.net/images/goods_img/20230411/3223007/3223007_17152355484963_500.jpg,False
2025-01,F,001001,반소매 티셔츠,001,상의,6,2376224,brownbreath,브라운브레스,PAISLEY TAG TEE - WHITE,https://image.msscdn.net/images/goods_img/20220222/2376224/2376224_17065770267234_500.jpg,False
2025-01,F,001001,반소매 티셔츠,001,상의,7,4358194,ganni,가니,베이직 저지 체리 릴렉스핏 반소매 티셔츠 - 화이트 / T4004151,https://image.msscdn.net/images/goods_img/20240822/4358194/4358194_17255864803507_500.jpg,False
2025-01,F,001001,반소매 티셔츠,001,상의,8,2708908,basichouse,베이직하우스,[UNI] BCI순면 라운드넥 반팔3팩 LATS0110,https://image.msscdn.net/images/goods_img/20220810/2708908/2708908_17859082264270_500.png,False
2025-01,F,001001,반소매 티셔츠,001,상의,9,4358195,ganni,가니,베이직 저지 피치 릴렉스핏 반소매 티셔츠 - 화이트 / T3529151,https://image.msscdn.net/images/goods_img/20240822/4358195/4358195_17252608910809_500.jpg,False
2025-01,F,001001,반소매 티셔츠,001,상의,10,3753637,musinsastandardwoman,무신사 스탠다드 우먼,우먼즈 슬림 크루 넥 반팔 티셔츠 [화이트],https://image.msscdn.net/images/goods_img/20231212/3753637/3753637_17852906274308_500.jpg,False
2025-01,F,001001,반소매 티셔츠,001,상의,11,2377269,marithefrancoisgirbaud,마리떼 프랑소와 저버,W CLASSIC LOGO TEE white,https://image.msscdn.net/images/goods_img/20220222/2377269/2377269_17725118252376_500.jpg,False
2025-01,F,001001,반소매 티셔츠,001,상의,12,4374422,bubblpiece,버블피스,노스텔지아 피그먼트 티셔츠_차콜,https://image.msscdn.net/images/goods_img/20240827/4374422/4374422_17532369782844_500.jpg,False
2025-01,F,001001,반소매 티셔츠,001,상의,13,2442409,yale,예일,[16수 코마사] 2PACK SMALL ARCH T-SHIRT WHITE / BLACK,https://image.msscdn.net/images/goods_img/20220324/2442409/2442409_17424359787816_500.jpg,False
2025-01,F,001001,반소매 티셔츠,001,상의,14,2518417,jeep,지프,[2PACK] 190g 싱글 에어그램  반팔 티셔츠 (JQ5TSU159BK),https://image.msscdn.net/images/goods_img/20220427/2518417/2518417_17685218387430_500.jpg,False
2025-01,F,001001,반소매 티셔츠,001,상의,15,1417707,musinsastandardwoman,무신사 스탠다드 우먼,우먼즈 릴렉스 핏 크루 넥 반팔 티셔츠 [화이트],https://image.msscdn.net/images/goods_img/20200423/1417707/1417707_17488509460184_500.jpg,False
2025-01,F,001001,반소매 티셔츠,001,상의,16,3341803,elimeno,엘리메노,[2PACK] EL 스트리트 아트워크 오버핏 반팔티 2종 2PACK,https://image.msscdn.net/images/goods_img/20230601/3341803/3341803_17152378354266_500.jpg,False
2025-01,F,001001,반소매 티셔츠,001,상의,17,2724650,musinsastandardwoman,무신사 스탠다드 우먼,우먼즈 베이식 크루 넥 반팔 티셔츠 2팩,https://image.msscdn.net/images/goods_img/20220818/2724650/2724650_17828109022105_500.jpg,False
2025-01,F,001001,반소매 티셔츠,001,상의,18,3964290,rockcake,락케이크,Square Logo Denim Top - White,https://image.msscdn.net/images/goods_img/20240318/3964290/3964290_17326855547145_500.jpg,False
2025-01,F,001001,반소매 티셔츠,001,상의,19,3879418,brownbreath,브라운브레스,TAG OG TEE - WHITE,https://image.msscdn.net/images/goods_img/20240219/3879418/3879418_17792374470558_500.jpg,False
2025-01,F,001001,반소매 티셔츠,001,상의,20,3265079,glowny,글로니,G BABY TEE (WHITE),https://image.msscdn.net/images/goods_img/20230427/3265079/3265079_16825620052966_500.jpg,False
2025-01,F,001001,반소매 티셔츠,001,상의,21,4501892,borntowin,본투윈,QUICK DRY RELAX FIT T-SHIRTS [BLACK],https://image.msscdn.net/images/goods_img/20241010/4501892/4501892_17286269301459_500.jpg,False
2025-01,F,001001,반소매 티셔츠,001,상의,22,2479361,yale,예일,[16수 코마사] 2PACK SMALL ARCH T-SHIRT WHITE / WHITE,https://image.msscdn.net/images/goods_img/20220411/2479361/2479361_17424346351146_500.jpg,False
2025-01,F,001001,반소매 티셔츠,001,상의,23,4330824,teket,테켓,Plan Tee Navy,https://image.msscdn.net/images/goods_img/20240814/4330824/4330824_17871250186309_500.jpg,False
2025-01,F,001001,반소매 티셔츠,001,상의,24,3265163,glowny,글로니,G CLASSIC FITTED TEE (WHITE),https://image.msscdn.net/images/goods_img/20230427/3265163/3265163_16825629281524_500.jpg,False
2025-01,F,001001,반소매 티셔츠,001,상의,25,3973556,untapped,언탭트 스튜디오,[3PACK]퓨어코튼 24수  롱기장 레이어드 무지 반팔 티셔츠,https://image.msscdn.net/images/goods_img/20240320/3973556/3973556_17657835585342_500.jpg,False
2025-01,F,001001,반소매 티셔츠,001,상의,26,4629830,ganni,가니,베이직 저지 베어 반소매 티셔츠 - 화이트 / T4061151,https://image.msscdn.net/images/goods_img/20241121/4629830/4629830_17331038490083_500.jpg,False
2025-01,F,001001,반소매 티셔츠,001,상의,27,3817044,sorano,소라노,SORANO Basic Logo T-shirt[4Color],https://image.msscdn.net/images/goods_img/20240124/3817044/3817044_17060269385202_500.jpg,False
2025-01,F,001001,반소매 티셔츠,001,상의,28,4194757,rebrenner,리브레너,81로봇 오버사이즈 반팔티셔츠,https://image.msscdn.net/images/goods_img/20240613/4194757/4194757_17182648390952_500.jpg,False
2025-01,F,001001,반소매 티셔츠,001,상의,29,4394784,wackywilly,와키윌리,[2PACK] 로고 반팔 티셔츠 화이트/블랙,https://image.msscdn.net/images/goods_img/20240902/4394784/4394784_17410509966160_500.jpg,False
2025-01,F,001001,반소매 티셔츠,001,상의,30,903340,lee,리,빅 트위치 로고 티셔츠 화이트,https://image.msscdn.net/images/goods_img/20181112/903340/903340_17863468995318_500.jpg,False
2025-01,F,001003,피케/카라 티셔츠,001,상의,1,4406512,sculptor,스컬프터,Shirring Tennis Shirt Navy/Green Stripe,https://image.msscdn.net/images/goods_img/20240904/4406512/4406512_17581619966456_500.jpg,False
2025-01,F,001003,피케/카라 티셔츠,001,상의,2,4406513,sculptor,스컬프터,Shirring Tennis Shirt White/Navy Stripe,https://image.msscdn.net/images/goods_img/20240904/4406513/4406513_17581619887170_500.jpg,False
2025-01,F,001003,피케/카라 티셔츠,001,상의,3,3549188,havism,해비즘,OVERSIZE VELOUR V-NECK L/S TEE(GREY),https://image.msscdn.net/images/goods_img/20230911/3549188/3549188_16944107720806_500.jpg,False
2025-01,F,001003,피케/카라 티셔츠,001,상의,4,4442100,glowny,글로니,TERRY PK LONG SLEEVE (CHARCOAL),https://image.msscdn.net/images/goods_img/20240919/4442100/4442100_17266721487140_500.jpg,False
2025-01,F,001003,피케/카라 티셔츠,001,상의,5,4396346,glowny,글로니,TERRY PK LONG SLEEVE (BLACK),https://image.msscdn.net/images/goods_img/20240903/4396346/4396346_17266717204370_500.jpg,False
2025-01,F,001003,피케/카라 티셔츠,001,상의,6,4448520,rockcake,락케이크,Striped Polo T-Shirt - Brown,https://image.msscdn.net/images/goods_img/20240920/4448520/4448520_17326848867466_500.jpg,False
2025-01,F,001003,피케/카라 티셔츠,001,상의,7,4291459,ami,아미,레드 하트 로고 반소매 폴로 셔츠 - 블랙 / BFUPL001760001,https://image.msscdn.net/images/goods_img/20240802/4291459/4291459_17240538483516_500.jpg,False
2025-01,F,001003,피케/카라 티셔츠,001,상의,8,4448521,rockcake,락케이크,Striped Polo T-Shirt - Navy,https://image.msscdn.net/images/goods_img/20240920/4448521/4448521_17574665813594_500.jpg,False
2025-01,F,001003,피케/카라 티셔츠,001,상의,9,4308601,crank,크랭크,멀티 스트라이프 폴로 셔츠_브라운,https://image.msscdn.net/images/goods_img/20240808/4308601/4308601_17669727242846_500.jpg,False
2025-01,F,001003,피케/카라 티셔츠,001,상의,10,2286564,compagno,꼼파뇨,TEDDY PIQUE SWEATER NAVY,https://image.msscdn.net/images/goods_img/20211230/2286564/2286564_1_500.jpg,False
2025-01,F,001003,피케/카라 티셔츠,001,상의,11,4667617,badblood,배드블러드,세인트 블러드 럭비 셔츠 - 네이비,https://image.msscdn.net/images/goods_img/20241216/4667617/4667617_17345880697873_500.jpg,False
2025-01,F,001003,피케/카라 티셔츠,001,상의,12,4358168,ami,아미,레드 하트 로고 반소매 폴로 셔츠 - 화이트 / BFHPL001760100,https://image.msscdn.net/images/goods_img/20240822/4358168/4358168_17249778247807_500.jpg,False
2025-01,F,001003,피케/카라 티셔츠,001,상의,13,4396354,glowny,글로니,TERRY PK LONG SLEEVE (BLUE),https://image.msscdn.net/images/goods_img/20240903/4396354/4396354_17268110478593_500.jpg,False
2025-01,F,001003,피케/카라 티셔츠,001,상의,14,4659862,setsetset,쎄쎄쎄,CHECKERED COLLAR SHIRRING TOP (CHARCOAL),https://image.msscdn.net/images/goods_img/20241211/4659862/4659862_17338743880184_500.jpg,False
2025-01,F,001003,피케/카라 티셔츠,001,상의,15,4417329,partimentowomen,파르티멘토 우먼,스트라이프 롱슬리브 폴로 티_버건디,https://image.msscdn.net/images/goods_img/20240906/4417329/4417329_17257779571271_500.jpg,False
2025-01,F,001003,피케/카라 티셔츠,001,상의,16,4296563,havism,해비즘,OVERSIZE VELOUR V-NECK L/S TEE(BROWN),https://image.msscdn.net/images/goods_img/20240805/4296563/4296563_17238072157203_500.jpg,False
2025-01,F,001003,피케/카라 티셔츠,001,상의,17,4296590,havism,해비즘,OVERSIZE VELOUR V-NECK L/S TEE(PINK),https://image.msscdn.net/images/goods_img/20240805/4296590/4296590_17238942500115_500.jpg,False
2025-01,F,001003,피케/카라 티셔츠,001,상의,18,4416680,aeae,에이이에이이,STRIPE RUGBY T-SHIRTS [NAVY],https://image.msscdn.net/images/goods_img/20240906/4416680/4416680_17262154122308_500.jpg,False
2025-01,F,001003,피케/카라 티셔츠,001,상의,19,4667607,badblood,배드블러드,배드블러드 스포츠 스트라이프 럭비 스웻셔츠 - 그린/네이비,https://image.msscdn.net/images/goods_img/20241216/4667607/4667607_17344071726087_500.jpg,False
2025-01,F,001003,피케/카라 티셔츠,001,상의,20,4323064,unknownplanet,언노운 플라넷,스트라이프 럭비 카라 셔츠 핑크,https://image.msscdn.net/images/goods_img/20240813/4323064/4323064_17239511225486_500.jpg,False
2025-01,F,001003,피케/카라 티셔츠,001,상의,21,4667616,badblood,배드블러드,클래식 로고 스트라이프 럭비 셔츠 - 버건디,https://image.msscdn.net/images/goods_img/20241216/4667616/4667616_17361347231594_500.jpg,False
2025-01,F,001003,피케/카라 티셔츠,001,상의,22,4448517,rockcake,락케이크,Striped Polo T-Shirt - Wine,https://image.msscdn.net/images/goods_img/20240920/4448517/4448517_17424508354235_500.jpg,False
2025-01,F,001003,피케/카라 티셔츠,001,상의,23,4661234,badblood,배드블러드,미스틱 캡슐 럭비 스웻셔츠 - 블랙,https://image.msscdn.net/images/goods_img/20241211/4661234/4661234_17340531098537_500.jpg,False
2025-01,F,001003,피케/카라 티셔츠,001,상의,24,4421527,supersub,슈퍼서브,시그니처 로고 스트라이프 폴로 카라티-네이비,https://image.msscdn.net/images/goods_img/20240909/4421527/4421527_17262035332599_500.jpg,False
2025-01,F,001003,피케/카라 티셔츠,001,상의,25,4667618,badblood,배드블러드,세인트 블러드 럭비 셔츠 - 레드,https://image.msscdn.net/images/goods_img/20241216/4667618/4667618_17344066267980_500.jpg,False
2025-01,F,001003,피케/카라 티셔츠,001,상의,26,3467494,havism,해비즘,UNIFORM V-NECK JERSEY L/S TEE(BROWN),https://image.msscdn.net/images/goods_img/20230816/3467494/3467494_16928703601079_500.jpg,False
2025-01,F,001003,피케/카라 티셔츠,001,상의,27,4667596,badblood,배드블러드,로열 클래식 럭비 셔츠 - 블랙,https://image.msscdn.net/images/goods_img/20241216/4667596/4667596_17345876963201_500.jpg,False
2025-01,F,001003,피케/카라 티셔츠,001,상의,28,4417332,partimentowomen,파르티멘토 우먼,스트라이프 롱슬리브 폴로 티_네이비,https://image.msscdn.net/images/goods_img/20240906/4417332/4417332_17257780227793_500.jpg,False
2025-01,F,001003,피케/카라 티셔츠,001,상의,29,4321125,magorenseoul,매고렌 서울,메탈 트라이클립스 폴로 롱슬리브 멜란지 그레이,https://image.msscdn.net/images/goods_img/20240812/4321125/4321125_17234440723582_500.jpg,False
2025-01,F,001003,피케/카라 티셔츠,001,상의,30,4340569,menasoo,미나수,Menasoo Stripe Rugby T Shirt_Skyblue,https://image.msscdn.net/images/goods_img/20240819/4340569/4340569_17289565691156_500.jpg,False
2025-01,F,001006,니트/스웨터,001,상의,1,2723767,suare,수아레,데일리 라운드 니트 - 12 COLOR,https://image.msscdn.net/images/goods_img/20220818/2723767/2723767_17292130151891_500.jpg,False
2025-01,F,001006,니트/스웨터,001,상의,2,3511387,niceghostclub,나이스고스트클럽,3STARS LOGO KNIT HOODIE_IVORY(NG2DFUK610A),https://image.msscdn.net/images/goods_img/20230829/3511387/3511387_17586734242171_500.jpg,False
2025-01,F,001006,니트/스웨터,001,상의,3,4328686,trillion,트릴리온,헤어리 그래픽 로고 오버핏 자카드 니트 (BLUE),https://image.msscdn.net/images/goods_img/20240814/4328686/4328686_17249552459456_500.jpg,False
2025-01,F,001006,니트/스웨터,001,상의,4,2751882,avan,어반드레스,Rugby Striped Knit - 3COL,https://image.msscdn.net/images/goods_img/20220829/2751882/2751882_17206644961994_500.jpg,False
2025-01,F,001006,니트/스웨터,001,상의,5,4324518,chicks,칙스,하트 칙스 오버핏 라운드 니트,https://image.msscdn.net/images/goods_img/20240813/4324518/4324518_17634386950882_500.jpg,False
2025-01,F,001006,니트/스웨터,001,상의,6,4544995,heleneparis,헬레네파리스,데미지드 브이넥 리브드 니트 [오트밀],https://image.msscdn.net/images/goods_img/20241022/4544995/4544995_17296428572498_500.jpg,False
2025-01,F,001006,니트/스웨터,001,상의,7,4141477,ason,애즈온,MARON KNIT ZIP-UP / BEIGE,https://image.msscdn.net/images/goods_img/20240520/4141477/4141477_17167859572804_500.jpg,False
2025-01,F,001006,니트/스웨터,001,상의,8,3442679,supersub,슈퍼서브,THUNDER  브러쉬드 니트 - 핑크,https://image.msscdn.net/images/goods_img/20230803/3442679/3442679_16923249991299_500.jpg,False
2025-01,F,001006,니트/스웨터,001,상의,9,4329587,millioncor,밀리언코르,[5574] 헤어리 브이넥 니트 (아이보리),https://image.msscdn.net/images/goods_img/20240814/4329587/4329587_17241384185833_500.jpg,False
2025-01,F,001006,니트/스웨터,001,상의,10,4483619,thecoldestmoment,더콜디스트모먼트,TCM starfish mini logo mohair knit (beige),https://image.msscdn.net/images/goods_img/20241002/4483619/4483619_17290472539185_500.jpg,False
2025-01,F,001006,니트/스웨터,001,상의,11,4351636,misekiseoul,미세키서울,Side button knit CHARCOAL,https://image.msscdn.net/images/goods_img/20240821/4351636/4351636_17582666246402_500.jpg,False
2025-01,F,001006,니트/스웨터,001,상의,12,4343798,lee,리,빅 트위치 로고 니트 그레이,https://image.msscdn.net/images/goods_img/20240819/4343798/4343798_17241461887893_500.jpg,False
2025-01,F,001006,니트/스웨터,001,상의,13,3640949,trillion,트릴리온,워셔블 아란 케이블 후드 집업 니트 (CHARCOAL),https://image.msscdn.net/images/goods_img/20231019/3640949/3640949_17170490257806_500.jpg,False
2025-01,F,001006,니트/스웨터,001,상의,14,4405632,lee,리,부클 빅 트위치 로고 니트 라이트 그레이,https://image.msscdn.net/images/goods_img/20240904/4405632/4405632_17612668096508_500.jpg,False
2025-01,F,001006,니트/스웨터,001,상의,15,4329585,millioncor,밀리언코르,[5575] 헤어리 브이넥 니트 (블랙),https://image.msscdn.net/images/goods_img/20240814/4329585/4329585_17241384739610_500.jpg,False
2025-01,F,001006,니트/스웨터,001,상의,16,4567880,ronron,론론,CAT JACQUARD HOOD ZIP UP KNIT NAVY,https://image.msscdn.net/images/goods_img/20241029/4567880/4567880_17303448707549_500.jpg,False
2025-01,F,001006,니트/스웨터,001,상의,17,4328687,trillion,트릴리온,헤어리 그래픽 로고 오버핏 자카드 니트 (CHARCOAL),https://image.msscdn.net/images/goods_img/20240814/4328687/4328687_17249553131953_500.jpg,False
2025-01,F,001006,니트/스웨터,001,상의,18,4312423,lartigent,라티젠,L13 RUGBY BOLD KNIT(BROWN),https://image.msscdn.net/images/goods_img/20240808/4312423/4312423_17629074690452_500.jpg,False
2025-01,F,001006,니트/스웨터,001,상의,19,3494992,suare,수아레,워셔블 케이블 라운드 니트 - 5 COLOR,https://image.msscdn.net/images/goods_img/20230824/3494992/3494992_17296467139345_500.jpg,False
2025-01,F,001006,니트/스웨터,001,상의,20,4385991,suarewomen,수아레 우먼,(우먼)캐시미어 100 홀가먼트 니트 - 11 COLOR,https://image.msscdn.net/images/goods_img/20240829/4385991/4385991_17582601007705_500.jpg,False
2025-01,F,001006,니트/스웨터,001,상의,21,4531158,cornell,얼킨 캔버스,베티붑 오버핏 브이넥 니트_레드,https://image.msscdn.net/images/goods_img/20241017/4531158/4531158_17298281177002_500.jpg,False
2025-01,F,001006,니트/스웨터,001,상의,22,3823632,rolarola,로라로라,COLLAR BOARDER KNIT BLACK,https://image.msscdn.net/images/goods_img/20240125/3823632/3823632_17089044305002_500.jpg,False
2025-01,F,001006,니트/스웨터,001,상의,23,3495320,suare,수아레,[SET] 스테디 니트 세트,https://image.msscdn.net/images/goods_img/20230824/3495320/3495320_17169653059246_500.jpg,False
2025-01,F,001006,니트/스웨터,001,상의,24,3599379,avan,어반드레스,Ribbed Cut-out Knit BLACK,https://image.msscdn.net/images/goods_img/20230927/3599379/3599379_17343952905936_500.jpg,False
2025-01,F,001006,니트/스웨터,001,상의,25,4274164,lemainsecond,리메인세컨드,오버핏 볼륨 워셔블 하프집업 케이블 니트 [네이비],https://image.msscdn.net/images/goods_img/20240725/4274164/4274164_17229341280493_500.jpg,False
2025-01,F,001006,니트/스웨터,001,상의,26,3727680,supersub,슈퍼서브,[SET] THUNDER 브러쉬드 니트 2PACK,https://image.msscdn.net/images/goods_img/20231122/3727680/3727680_17006136483021_500.jpg,False
2025-01,F,001006,니트/스웨터,001,상의,27,4384145,matinkim,마뗑킴,COLOR LINE POINT LOGO KNIT PULLOVER IN BLACK,https://image.msscdn.net/images/goods_img/20240829/4384145/4384145_17253444014780_500.jpg,False
2025-01,F,001006,니트/스웨터,001,상의,28,4301912,bornchamps,본챔스,[본챔스X소라노] [3컬러] 소라노 CHMPS 베이직 로고 니트 B24FT12,https://image.msscdn.net/images/goods_img/20240806/4301912/4301912_17252013768995_500.jpg,False
2025-01,F,001006,니트/스웨터,001,상의,29,4405636,lee,리,부클 빅 트위치 로고 니트 핑크,https://image.msscdn.net/images/goods_img/20240904/4405636/4405636_17254411569886_500.jpg,False
2025-01,F,001006,니트/스웨터,001,상의,30,2837412,placestudio,플레이스 스튜디오,소프트 울 오버핏 풀오버 라운드 니트 7컬러,https://image.msscdn.net/images/goods_img/20221004/2837412/2837412_17685250347220_500.jpg,False
2025-01,F,001011,민소매 티셔츠,001,상의,1,2724649,musinsastandardwoman,무신사 스탠다드 우먼,우먼즈 스트링 슬리브리스 탑 2팩,https://image.msscdn.net/images/goods_img/20220818/2724649/2724649_17490161912803_500.jpg,False
2025-01,F,001011,민소매 티셔츠,001,상의,2,3135346,musinsastandardwoman,무신사 스탠다드 우먼,우먼즈 에센셜 탱크 탑 [화이트],https://image.msscdn.net/images/goods_img/20230309/3135346/3135346_17775390513402_500.jpg,False
2025-01,F,001011,민소매 티셔츠,001,상의,3,4628483,khakipoint,카키포인트,Ruffled Layered Top (ivory),https://image.msscdn.net/images/goods_img/20241121/4628483/4628483_17321896489966_500.jpg,False
2025-01,F,001011,민소매 티셔츠,001,상의,4,3135345,musinsastandardwoman,무신사 스탠다드 우먼,우먼즈 에센셜 탱크 탑 [블랙],https://image.msscdn.net/images/goods_img/20230309/3135345/3135345_17775390922598_500.jpg,False
2025-01,F,001011,민소매 티셔츠,001,상의,5,3730358,musinsastandardwoman,무신사 스탠다드 우먼,우먼즈 슬림 스트링 슬리브리스 탑 2팩,https://image.msscdn.net/images/goods_img/20231123/3730358/3730358_17133337971681_500.jpg,False
2025-01,F,001011,민소매 티셔츠,001,상의,6,4400295,borntowin,본투윈,WIDE BINDING SLEEVLEES [BLACK],https://image.msscdn.net/images/goods_img/20240903/4400295/4400295_17258621492144_500.jpg,False
2025-01,F,001011,민소매 티셔츠,001,상의,7,3662683,ods,오디에스,로제 니트 뷔스티에 (블랙),https://image.msscdn.net/images/goods_img/20231026/3662683/3662683_17109866220205_500.jpg,False
2025-01,F,001011,민소매 티셔츠,001,상의,8,2584837,notyourrose,낫 유어 로즈,드레이핑 홀터 탑 (네이비),https://image.msscdn.net/images/goods_img/20220526/2584837/2584837_17482383809237_500.jpg,False
2025-01,F,001011,민소매 티셔츠,001,상의,9,3903285,matinkim,마뗑킴,PINTUCK SLEEVELESS TOP IN BLACK,https://image.msscdn.net/images/goods_img/20240227/3903285/3903285_17090097129290_500.jpg,False
2025-01,F,001011,민소매 티셔츠,001,상의,10,3266028,bittercells,비터셀즈,발레 슬리브리스-블랙,https://image.msscdn.net/images/goods_img/20230427/3266028/3266028_16832899826752_500.jpg,False
2025-01,F,001011,민소매 티셔츠,001,상의,11,4120242,michikolondon,미치코런던,홀터넥 PK 탑 크림,https://image.msscdn.net/images/goods_img/20240510/4120242/4120242_17156660598082_500.jpg,False
2025-01,F,001011,민소매 티셔츠,001,상의,12,4137468,avan,어반드레스,Vintage Lace Sleeveless BLACK,https://image.msscdn.net/images/goods_img/20240517/4137468/4137468_17175615911232_500.jpg,False
2025-01,F,001011,민소매 티셔츠,001,상의,13,4400296,borntowin,본투윈,WIDE BINDING SLEEVLEES [WHITE],https://image.msscdn.net/images/goods_img/20240903/4400296/4400296_17258621404198_500.jpg,False
2025-01,F,001011,민소매 티셔츠,001,상의,14,4432628,sculptor,스컬프터,Shirt Layered Top Charcoal,https://image.msscdn.net/images/goods_img/20240911/4432628/4432628_17327734803119_500.jpg,False
2025-01,F,001011,민소매 티셔츠,001,상의,15,4432629,sculptor,스컬프터,Shirt Layered Top Vintage Blue,https://image.msscdn.net/images/goods_img/20240911/4432629/4432629_17307926669517_500.jpg,False
2025-01,F,001011,민소매 티셔츠,001,상의,16,4628473,khakipoint,카키포인트,Ruffled Layered Top (black),https://image.msscdn.net/images/goods_img/20241121/4628473/4628473_17321895289189_500.jpg,False
2025-01,F,001011,민소매 티셔츠,001,상의,17,4012727,sculptor,스컬프터,My Go To Tank Top gray,https://image.msscdn.net/images/goods_img/20240401/4012727/4012727_17122972457732_500.jpg,False
2025-01,F,001011,민소매 티셔츠,001,상의,18,4320223,odor,오도어,Sof-ti sleeveless,https://image.msscdn.net/images/goods_img/20240812/4320223/4320223_17241181625928_500.jpeg,False
2025-01,F,001011,민소매 티셔츠,001,상의,19,4012731,sculptor,스컬프터,My Go To Tank Top Raw,https://image.msscdn.net/images/goods_img/20240401/4012731/4012731_17173945767213_500.jpg,False
2025-01,F,001011,민소매 티셔츠,001,상의,20,3948982,mucent,무센트,백 디테일 시그니처 슬리브리스 골지 나시 (6컬러),https://image.msscdn.net/images/goods_img/20240313/3948982/3948982_17833188228385_500.jpeg,False
2025-01,F,001011,민소매 티셔츠,001,상의,21,4012726,sculptor,스컬프터,My Go To Tank Top Black,https://image.msscdn.net/images/goods_img/20240401/4012726/4012726_17173945834172_500.jpg,False
2025-01,F,001011,민소매 티셔츠,001,상의,22,3863280,musinsastandardwoman,무신사 스탠다드 우먼,우먼즈 스퀘어 넥 탱크 탑 [화이트],https://image.msscdn.net/images/goods_img/20240213/3863280/3863280_17479556029250_500.jpg,False
2025-01,F,001011,민소매 티셔츠,001,상의,23,4012729,sculptor,스컬프터,My Go To Tank Top Ice Gray,https://image.msscdn.net/images/goods_img/20240401/4012729/4012729_17303549957560_500.jpg,False
2025-01,F,001011,민소매 티셔츠,001,상의,24,4012733,sculptor,스컬프터,My Go To Tank Top White,https://image.msscdn.net/images/goods_img/20240401/4012733/4012733_17303550112305_500.jpg,False
2025-01,F,001011,민소매 티셔츠,001,상의,25,4206601,sculptor,스컬프터,[Sculptor X Ed Hardy] Rib Tank Top White,https://image.msscdn.net/images/goods_img/20240619/4206601/4206601_17192288028911_500.jpg,False
2025-01,F,001011,민소매 티셔츠,001,상의,26,1452270,musinsastandardwoman,무신사 스탠다드 우먼,우먼즈 베이식 슬리브리스 탑 [화이트],https://image.msscdn.net/images/goods_img/20200519/1452270/1452270_17484949895657_500.jpg,False
2025-01,F,001011,민소매 티셔츠,001,상의,27,4695538,hadex,에이치덱스,우먼스 더블 스트링 홀터 탱크탑 (Navy),https://image.msscdn.net/images/goods_img/20250102/4695538/4695538_17371028728424_500.jpg,False
2025-01,F,001011,민소매 티셔츠,001,상의,28,4284872,flareup,플레어업,Jovian Scarf Top (FL-134_Black),https://image.msscdn.net/images/goods_img/20240731/4284872/4284872_17223950942914_500.jpg,False
2025-01,F,001011,민소매 티셔츠,001,상의,29,3907186,youhee,유희,EYELET SLEEVELESS RED,https://image.msscdn.net/images/goods_img/20240227/3907186/3907186_17139259204287_500.jpg,False
2025-01,F,001011,민소매 티셔츠,001,상의,30,3856035,asifcalie,에즈이프 캘리,CALIE GURLS SLEEVELESS WHITE,https://image.msscdn.net/images/goods_img/20240207/3856035/3856035_17310326447259_500.jpg,False
2025-01,F,001008,기타 상의,001,상의,1,2992082,bluegrain,블루그레인,잘만브라 3 PACK,https://image.msscdn.net/images/goods_img/20221221/2992082/2992082_17471249108793_500.jpg,False
2025-01,F,001008,기타 상의,001,상의,2,3976043,nike,나이키,스우시 미디엄 서포트 패드 스포츠 브라 W - 화이트:스톤 모브:블랙 / DX6822-100,https://image.msscdn.net/images/goods_img/20240321/3976043/3976043_17116935810242_500.jpg,False
2025-01,F,001008,기타 상의,001,상의,3,3976042,nike,나이키,스우시 미디엄 서포트 패드 스포츠 브라 W - 블랙:화이트 / DX6822-010,https://image.msscdn.net/images/goods_img/20240321/3976042/3976042_17116938003546_500.jpg,False
2025-01,F,001008,기타 상의,001,상의,4,4251421,borntowin,본투윈,STROKE B TANK TOP [BLACK],https://image.msscdn.net/images/goods_img/20240716/4251421/4251421_17585265187301_500.jpg,False
2025-01,F,001008,기타 상의,001,상의,5,4501898,borntowin,본투윈,ACTIVE LINE FULL ZIP-UP TANK TOP [BLACK],https://image.msscdn.net/images/goods_img/20241010/4501898/4501898_17286268812278_500.jpg,False
2025-01,F,001008,기타 상의,001,상의,6,4501900,borntowin,본투윈,ACTIVE LINE FULL ZIP-UP TANK TOP [WHITE],https://image.msscdn.net/images/goods_img/20241010/4501900/4501900_17591065535496_500.jpg,False
2025-01,F,001008,기타 상의,001,상의,7,4179754,nike,나이키,스우시 프런트 지퍼 미디엄 서포트 패드 스포츠 브라 W - 화이트:스톤 모브:화이트 / FN2732-100,https://image.msscdn.net/images/goods_img/20240605/4179754/4179754_17186021696922_500.jpg,False
2025-01,F,001008,기타 상의,001,상의,8,3584689,nautica,노티카,83플래그 폴라 하프집업(네이비),https://image.msscdn.net/images/goods_img/20230921/3584689/3584689_17891030125322_500.jpg,False
2025-01,F,001008,기타 상의,001,상의,9,2945362,bluegrain,블루그레인,잘만브라 [블랙],https://image.msscdn.net/images/goods_img/20221116/2945362/2945362_17490197684846_500.jpg,False
2025-01,F,001008,기타 상의,001,상의,10,4501831,borntowin,본투윈,CUT OUT WIDE BAND BRA TOP [BLACK],https://image.msscdn.net/images/goods_img/20241010/4501831/4501831_17286271281149_500.jpg,False
2025-01,F,001008,기타 상의,001,상의,11,4451892,arcteryx,아크테릭스,[SS24] 아트렐 짚 넥 여성 - AMARANTHUS/YUKON/EDZIZA,https://image.msscdn.net/images/goods_img/20240923/4451892/4451892_17271432603460_500.jpg,False
2025-01,F,001008,기타 상의,001,상의,12,4259153,1993studio,1993스튜디오,스몰 로고 하프 집업 스웨트 셔츠_오트베이지,https://image.msscdn.net/images/goods_img/20240718/4259153/4259153_17246732689550_500.jpg,False
2025-01,F,001008,기타 상의,001,상의,13,4628002,khakipoint,카키포인트,Tie Ribbon Track Top (ivory),https://image.msscdn.net/images/goods_img/20241120/4628002/4628002_17322202368789_500.jpg,False
2025-01,F,001008,기타 상의,001,상의,14,3783941,comfortlab,컴포트랩,하이서포트 쿨러닝 스포츠브라(후크형),https://image.msscdn.net/images/goods_img/20240109/3783941/3783941_17618906226061_500.jpg,False
2025-01,F,001008,기타 상의,001,상의,15,4251385,borntowin,본투윈,STROKE B TANK TOP [WHITE],https://image.msscdn.net/images/goods_img/20240716/4251385/4251385_17585261039033_500.jpg,False
2025-01,F,001008,기타 상의,001,상의,16,4451890,arcteryx,아크테릭스,[SS24] 아트렐 짚 넥 여성 - DAYBREAK/DARK DAYBREAK,https://image.msscdn.net/images/goods_img/20240923/4451890/4451890_17271434223227_500.jpg,False
2025-01,F,001008,기타 상의,001,상의,17,4483980,nike,나이키,인디 하이 서포트 패드 어저스터블 스포츠 브라 W - 블랙:블랙:블랙 / FD1069-010,https://image.msscdn.net/images/goods_img/20241002/4483980/4483980_17289699257261_500.jpg,False
2025-01,F,001008,기타 상의,001,상의,18,3760011,gainsboro,게인스보로,[패키지]로럴골든 하프집업_5COLOR,https://image.msscdn.net/images/goods_img/20231219/3760011/3760011_17192747575955_500.jpg,False
2025-01,F,001008,기타 상의,001,상의,19,4251386,borntowin,본투윈,STROKE B TANK TOP [GREY],https://image.msscdn.net/images/goods_img/20240716/4251386/4251386_17585261487888_500.jpg,False
2025-01,F,001008,기타 상의,001,상의,20,3351097,andar,안다르,[2 PACK] 비 프리 올데이 크롭탑,https://image.msscdn.net/images/goods_img/20230607/3351097/3351097_17636939400912_500.jpg,False
2025-01,F,001008,기타 상의,001,상의,21,3855718,bluegrain,블루그레인,[일체형] 잘만브라 블랙,https://image.msscdn.net/images/goods_img/20240207/3855718/3855718_17490212047023_500.jpg,False
2025-01,F,001008,기타 상의,001,상의,22,1925587,underarmour,언더아머,인피니티 하이 스포츠 브라 1351994-001,https://image.msscdn.net/images/goods_img/20210428/1925587/1925587_1_500.jpg,False
2025-01,F,001008,기타 상의,001,상의,23,3600493,coquetstudio,코케트,[ WOMAN ] KNIT STRIPE HALF ZIP-UP,https://image.msscdn.net/images/goods_img/20231003/3600493/3600493_16965720425846_500.jpg,False
2025-01,F,001008,기타 상의,001,상의,24,4037153,hadex,에이치덱스,우먼스 데일리 심볼 브라탑 (Black),https://image.msscdn.net/images/goods_img/20240408/4037153/4037153_17133414674227_500.jpg,False
2025-01,F,001008,기타 상의,001,상의,25,3764374,sculptor,스컬프터,Casper Lace Zip-up Tee Ghost Sheer,https://image.msscdn.net/images/goods_img/20231221/3764374/3764374_17035806830281_500.jpg,False
2025-01,F,001008,기타 상의,001,상의,26,4670357,nike,나이키,인디 하이 서포트 패드 어저스터블 스포츠 브라 W - 화이트:스톤 모브:화이트 / FD1069-100,https://image.msscdn.net/images/goods_img/20241217/4670357/4670357_17345028416582_500.jpg,False
2025-01,F,001008,기타 상의,001,상의,27,2054397,1993studio,1993스튜디오,빈티지 반 집업_차콜,https://image.msscdn.net/images/goods_img/20210809/2054397/2054397_17050199103603_500.jpg,False
2025-01,F,001008,기타 상의,001,상의,28,3354139,xnazzy,엑스네지,베이직 퍼팩트핏 브라탑 XN23SSWBT01 [BLACK],https://image.msscdn.net/images/goods_img/20230608/3354139/3354139_16862139359656_500.png,False
2025-01,F,001008,기타 상의,001,상의,29,3852503,hadex,에이치덱스,우먼스 서포트 크로스백 브라탑 (Black),https://image.msscdn.net/images/goods_img/20240207/3852503/3852503_17080634243591_500.jpg,False
2025-01,F,001008,기타 상의,001,상의,30,4640434,brepeace,브리피스,EASY BACK TOP_303,https://image.msscdn.net/images/goods_img/20241127/4640434/4640434_17476163542843_500.jpg,False
2025-01,F,002,아우터,,,1,2700048,musinsastandardwoman,무신사 스탠다드 우먼,우먼즈 캐시미어 블렌드 발마칸 로브 코트 [블랙],https://image.msscdn.net/images/goods_img/20220805/2700048/2700048_17661148134527_500.jpg,False
2025-01,F,002,아우터,,,2,4289728,thecoldestmoment,더콜디스트모먼트,TCM stripe hooded zip-up (charcoal/black),https://image.msscdn.net/images/goods_img/20240801/4289728/4289728_17231062832659_500.jpg,False
2025-01,F,002,아우터,,,3,3422706,adidas,아디다스,파이어버드 트랙탑  - 블랙 / IL8764,https://image.msscdn.net/images/goods_img/20230724/3422706/3422706_16904232602323_500.jpg,False
2025-01,F,002,아우터,,,4,4302415,wkndrs,위캔더스,H.O.F ZIPUP HOODIE (CAMO),https://image.msscdn.net/images/goods_img/20240806/4302415/4302415_17737352652270_500.png,False
2025-01,F,002,아우터,,,5,1582142,left,레프트서울,에비에이터 B-3 무스탕 자켓 [블랙],https://image.msscdn.net/images/goods_img/20200903/1582142/1582142_17888321003811_500.jpg,False
2025-01,F,002,아우터,,,6,4462785,adidas,아디다스,베켄바우어 트랙탑 - 다크블루 / IY2222,https://image.msscdn.net/images/goods_img/20240925/4462785/4462785_17278444946215_500.jpg,False
2025-01,F,002,아우터,,,7,2037167,spao,스파오,파스텔 푸퍼_SPJPE4TG01,https://image.msscdn.net/images/goods_img/20210722/2037167/2037167_17631352702771_500.jpg,False
2025-01,F,002,아우터,,,8,1778404,toffee,토피,2WAY 스웻 후드 집업 (MELANGE GREY),https://image.msscdn.net/images/goods_img/20210204/1778404/1778404_1_500.jpg,False
2025-01,F,002,아우터,,,9,4241903,thenorthface,노스페이스,NJ1DR80J 화이트라벨 여성 노벨티 눕시 RDS 다운 자켓_BLACK,https://image.msscdn.net/images/goods_img/20240710/4241903/4241903_17828662716555_500.jpg,False
2025-01,F,002,아우터,,,10,3390508,standarderror,스탠다드에러,87-STAN009  스탠다드 블루종 스웨이드 자켓 블랙,https://image.msscdn.net/images/goods_img/20230630/3390508/3390508_17551524634252_500.jpg,False
2025-01,F,002,아우터,,,11,3612113,avan,어반드레스,Amelia Classic Single Coat BLACK,https://image.msscdn.net/images/goods_img/20231008/3612113/3612113_16976040620564_500.jpg,False
2025-01,F,002,아우터,,,12,3600897,discoveryexpedition,디스커버리 익스페디션,여성 켈리 구스다운 롱패딩 (BLACK),https://image.msscdn.net/images/goods_img/20231004/3600897/3600897_17623273685195_500.jpg,False
2025-01,F,002,아우터,,,13,4209425,musinsastandardwoman,무신사 스탠다드 우먼,우먼즈 울 블렌드 오버 숄더 맥 코트 [블랙],https://image.msscdn.net/images/goods_img/20240620/4209425/4209425_17314821444929_500.jpg,False
2025-01,F,002,아우터,,,14,4327173,thenorthface,노스페이스,NC1DQ50J 화이트라벨 액션 프리 RDS 다운 코트_BLACK,https://image.msscdn.net/images/goods_img/20240813/4327173/4327173_17235381048878_500.jpg,False
2025-01,F,002,아우터,,,15,4431837,oafish,오피쉬,"리치 울 하프 코트, 그레이",https://image.msscdn.net/images/goods_img/20240911/4431837/4431837_17261708836000_500.jpg,False
2025-01,F,002,아우터,,,16,3405568,musinsastandardwoman,무신사 스탠다드 우먼,우먼즈 캐시미어 블렌드 트렌치 코트 [블랙],https://image.msscdn.net/images/goods_img/20230712/3405568/3405568_17358860312105_500.jpg,False
2025-01,F,002,아우터,,,17,4209418,musinsastandardwoman,무신사 스탠다드 우먼,우먼즈 캐시미어 블렌드 타이디 맥시 코트 [블랙],https://image.msscdn.net/images/goods_img/20240620/4209418/4209418_17314748396379_500.jpg,False
2025-01,F,002,아우터,,,18,4371209,oddstudio,오드스튜디오,스포티 트랙 세미 크롭 니트 집업 - BROWN,https://image.msscdn.net/images/goods_img/20240826/4371209/4371209_17605793956449_500.jpg,False
2025-01,F,002,아우터,,,19,3490942,thenorthface,노스페이스,NJ1DR81A 여성 1996 눕시 자켓_BLACK,https://image.msscdn.net/images/goods_img/20230823/3490942/3490942_17718290742024_500.jpg,False
2025-01,F,002,아우터,,,20,4525082,nationalgeographic,내셔널지오그래픽,N244WDW860 여성 카이만 프로 롱기장 구스 다운 점퍼 CARBON BLACK,https://image.msscdn.net/images/goods_img/20241016/4525082/4525082_17291459329736_500.jpg,False
2025-01,F,002,아우터,,,21,3390511,standarderror,스탠다드에러,87-STAN009 스탠다드 블루종 스웨이드 자켓 카키,https://image.msscdn.net/images/goods_img/20230630/3390511/3390511_17551525806450_500.jpg,False
2025-01,F,002,아우터,,,22,4464347,ertr,이알티알,Reversible Hoodie Zip-Up Check Blue,https://image.msscdn.net/images/goods_img/20240925/4464347/4464347_17276718516289_500.jpg,False
2025-01,F,002,아우터,,,23,4422571,roughneck,러프넥,워싱 레더 무스탕 자켓,https://image.msscdn.net/images/goods_img/20240909/4422571/4422571_17259543259384_500.jpg,False
2025-01,F,002,아우터,,,24,452483,doffjason,도프제이슨,솔리드 무톤 자켓,https://image.msscdn.net/images/goods_img/20161123/452483/452483_2_500.jpg,False
2025-01,F,002,아우터,,,25,2124214,musinsastandardwoman,무신사 스탠다드 우먼,우먼즈 캐시미어 블렌드 핸드메이드 발마칸 로브 코트 [블랙],https://image.msscdn.net/images/goods_img/20210910/2124214/2124214_17603400988280_500.jpg,False
2025-01,F,002,아우터,,,26,1611799,musinsastandardwoman,무신사 스탠다드 우먼,우먼즈 캐시미어 블렌드 더블 체스터 롱 코트 [블랙],https://image.msscdn.net/images/goods_img/20200918/1611799/1611799_16998418525655_500.jpg,False
2025-01,F,002,아우터,,,27,1628418,musinsastandardwoman,무신사 스탠다드 우먼,우먼즈 캐시미어 블렌드 체스터 롱 코트 [블랙],https://image.msscdn.net/images/goods_img/20200928/1628418/1628418_17358857062794_500.jpg,False
2025-01,F,002,아우터,,,28,3533428,urbandtype,어반디타입,에센셜 푸퍼 덕다운 숏 패딩_글로시 블랙,https://image.msscdn.net/images/goods_img/20230906/3533428/3533428_17556634468401_500.jpg,False
2025-01,F,002,아우터,,,29,4507921,newbalance,뉴발란스,NBNPE4W102 / WOMEN 액티브 숏 구스다운 (6컬러),https://image.msscdn.net/images/goods_img/20241011/4507921/4507921_17309514460618_500.jpg,False
2025-01,F,002,아우터,,,30,4457974,lee,리,우먼 크롭 숏 다운 블랙,https://image.msscdn.net/images/goods_img/20240924/4457974/4457974_17636856686272_500.jpg,False
2025-01,F,002022,후드 집업,002,아우터,1,4289728,thecoldestmoment,더콜디스트모먼트,TCM stripe hooded zip-up (charcoal/black),https://image.msscdn.net/images/goods_img/20240801/4289728/4289728_17231062832659_500.jpg,False
2025-01,F,002022,후드 집업,002,아우터,2,4302415,wkndrs,위캔더스,H.O.F ZIPUP HOODIE (CAMO),https://image.msscdn.net/images/goods_img/20240806/4302415/4302415_17737352652270_500.png,False
2025-01,F,002022,후드 집업,002,아우터,3,1778404,toffee,토피,2WAY 스웻 후드 집업 (MELANGE GREY),https://image.msscdn.net/images/goods_img/20210204/1778404/1778404_1_500.jpg,False
2025-01,F,002022,후드 집업,002,아우터,4,4464347,ertr,이알티알,Reversible Hoodie Zip-Up Check Blue,https://image.msscdn.net/images/goods_img/20240925/4464347/4464347_17276718516289_500.jpg,False
2025-01,F,002022,후드 집업,002,아우터,5,3640947,trillion,트릴리온,워셔블 아란 케이블 후드 집업 니트 (IVORY),https://image.msscdn.net/images/goods_img/20231019/3640947/3640947_17170490498222_500.jpg,False
2025-01,F,002022,후드 집업,002,아우터,6,4464346,ertr,이알티알,Reversible Hoodie Zip-Up Check Red,https://image.msscdn.net/images/goods_img/20240925/4464346/4464346_17276725411940_500.jpg,False
2025-01,F,002022,후드 집업,002,아우터,7,4332075,youhee,유희,FLOWER PATTERN HOOD ZIP-UP WHITE,https://image.msscdn.net/images/goods_img/20240814/4332075/4332075_17576562821359_500.jpg,False
2025-01,F,002022,후드 집업,002,아우터,8,4464110,nyxx,엔와이엑스엑스,EMBLEM PRINTING HOOD ZIP-UP CAMO,https://image.msscdn.net/images/goods_img/20240925/4464110/4464110_17288854206028_500.jpg,False
2025-01,F,002022,후드 집업,002,아우터,9,4612142,midnightmove,미드나잇 무브,hair hood zip up [black],https://image.msscdn.net/images/goods_img/20241113/4612142/4612142_17321915599120_500.jpg,False
2025-01,F,002022,후드 집업,002,아우터,10,4652495,codegraphy,코드그라피,(우먼)스트라이프 후드 집업_스카이블루,https://image.msscdn.net/images/goods_img/20241206/4652495/4652495_17684612826375_500.jpg,False
2025-01,F,002022,후드 집업,002,아우터,11,4684032,thecoldestmoment,더콜디스트모먼트,TCM at hooded zip-up (black),https://image.msscdn.net/images/goods_img/20241230/4684032/4684032_17370174832367_500.jpg,False
2025-01,F,002022,후드 집업,002,아우터,12,4499229,xtonzwoman,엑스톤즈 우먼,WXK008 언발란스 스트라이프 니트 후드 집업 (KHAKI),https://image.msscdn.net/images/goods_img/20241008/4499229/4499229_17404472792571_500.jpg,False
2025-01,F,002022,후드 집업,002,아우터,13,4499219,xtonzwoman,엑스톤즈 우먼,WXK008 언발란스 스트라이프 니트 후드 집업 (NAVY),https://image.msscdn.net/images/goods_img/20241008/4499219/4499219_17418285103263_500.jpg,False
2025-01,F,002022,후드 집업,002,아우터,14,3848818,slowacid,슬로우애시드,스트라이프 니트 후드집업 [카키],https://image.msscdn.net/images/goods_img/20240206/3848818/3848818_17431273616367_500.jpg,False
2025-01,F,002022,후드 집업,002,아우터,15,4322935,sculptor,스컬프터,Beaded Saint Hoodie Zip-Up Dirty White,https://image.msscdn.net/images/goods_img/20240812/4322935/4322935_17786328270603_500.jpg,False
2025-01,F,002022,후드 집업,002,아우터,16,3450468,satur,세터,테오 코튼 올 데이 후드 집업 클래식 네이비,https://image.msscdn.net/images/goods_img/20230808/3450468/3450468_17241610096544_500.jpg,False
2025-01,F,002022,후드 집업,002,아우터,17,4468539,luvistrue,러브이즈트루,FS LETTER HOOD ZIPUP(BLACK),https://image.msscdn.net/images/goods_img/20240926/4468539/4468539_17286121492649_500.jpg,False
2025-01,F,002022,후드 집업,002,아우터,18,3864550,youhee,유희,YOUHEE RIBBON HOOD ZIP-UP CHARCOAL,https://image.msscdn.net/images/goods_img/20240213/3864550/3864550_17376963233241_500.jpg,False
2025-01,F,002022,후드 집업,002,아우터,19,2273084,whoau,후아유,Signature Patch Hood Zip-up / WHMZF1111U,https://image.msscdn.net/images/goods_img/20211220/2273084/2273084_17896007309503_500.jpg,False
2025-01,F,002022,후드 집업,002,아우터,20,3466424,havism,해비즘,FLOWER ZIP UP HOOD(WINE),https://image.msscdn.net/images/goods_img/20230816/3466424/3466424_16927694120869_500.jpg,False
2025-01,F,002022,후드 집업,002,아우터,21,4717507,themuseumvisitor,더뮤지엄비지터,STRIPE UNBALANCED ZIPUP HOODIE (PINK),https://image.msscdn.net/images/prd_img/20250114/4717507/detail_4717507_17373413428282_500.jpg,False
2025-01,F,002022,후드 집업,002,아우터,22,4567969,ronron,론론,RON PATCH MIXED APPLIQUE HOODIE ZIP UP CHARCOAL,https://image.msscdn.net/images/goods_img/20241029/4567969/4567969_17303468759244_500.jpg,False
2025-01,F,002022,후드 집업,002,아우터,23,4401549,themuseumvisitor,더뮤지엄비지터,LOVE CHECK JACKET,https://image.msscdn.net/images/goods_img/20240904/4401549/4401549_17718263148117_500.jpg,False
2025-01,F,002022,후드 집업,002,아우터,24,3457385,mahagrid,마하그리드,SUN LOGO PIGMENT ZIP UP HOODIE NAVY(MG2DFMM430A),https://image.msscdn.net/images/goods_img/20230810/3457385/3457385_17606678688149_500.jpg,False
2025-01,F,002022,후드 집업,002,아우터,25,4265267,teket,테켓,Plan Zip-Up Hoodie Beige,https://image.msscdn.net/images/goods_img/20240722/4265267/4265267_17871264020136_500.jpg,False
2025-01,F,002022,후드 집업,002,아우터,26,3788815,amesworldwide,아메스 월드와이드,BASIC LOGO HOODIE ZIP UP NAVY,https://image.msscdn.net/images/goods_img/20240111/3788815/3788815_17893582036516_500.jpg,False
2025-01,F,002022,후드 집업,002,아우터,27,4265268,teket,테켓,Plan Zip-Up Hoodie Navy,https://image.msscdn.net/images/goods_img/20240722/4265268/4265268_17871263112173_500.jpg,False
2025-01,F,002022,후드 집업,002,아우터,28,2385875,brenson,브렌슨,(Renew Ver.) 루즈핏 스웨트 셋업 ( 2Color ) ( 기모선택 ),https://image.msscdn.net/images/goods_img/20220225/2385875/2385875_17276646907303_500.jpg,False
2025-01,F,002022,후드 집업,002,아우터,29,4684041,thecoldestmoment,더콜디스트모먼트,TCM stripe hooded zip-up (grey/whiteivory),https://image.msscdn.net/images/goods_img/20241230/4684041/4684041_17370151218651_500.jpg,False
2025-01,F,002022,후드 집업,002,아우터,30,4265272,teket,테켓,Plan Zip-Up Hoodie Black,https://image.msscdn.net/images/goods_img/20240722/4265272/4265272_17871262149164_500.jpg,False
2025-01,F,002001,블루종/MA-1,002,아우터,1,3390508,standarderror,스탠다드에러,87-STAN009  스탠다드 블루종 스웨이드 자켓 블랙,https://image.msscdn.net/images/goods_img/20230630/3390508/3390508_17551524634252_500.jpg,False
2025-01,F,002001,블루종/MA-1,002,아우터,2,3390511,standarderror,스탠다드에러,87-STAN009 스탠다드 블루종 스웨이드 자켓 카키,https://image.msscdn.net/images/goods_img/20230630/3390511/3390511_17551525806450_500.jpg,False
2025-01,F,002001,블루종/MA-1,002,아우터,3,4575686,aakam,아캄,High-Neck Bomber Jacket (Black),https://image.msscdn.net/images/goods_img/20241030/4575686/4575686_17319836380570_500.jpg,False
2025-01,F,002001,블루종/MA-1,002,아우터,4,4344496,hondaxphyps,혼다 모터사이클,Honda Motorcycle Piping Blouson Ivory,https://image.msscdn.net/images/goods_img/20240819/4344496/4344496_17763088890421_500.jpg,False
2025-01,F,002001,블루종/MA-1,002,아우터,5,3440439,costumeoclock,커스텀어클락,커브드 투웨이 항공 패딩 점퍼 블랙 5COLOR COOSJP045BLACK,https://image.msscdn.net/images/goods_img/20230801/3440439/3440439_17871947407904_500.jpg,False
2025-01,F,002001,블루종/MA-1,002,아우터,6,4427489,urbanstoff,어반스터프,오버 다잉 후드 워크 자켓 (챠콜),https://image.msscdn.net/images/goods_img/20240910/4427489/4427489_17259557234759_500.jpg,False
2025-01,F,002001,블루종/MA-1,002,아우터,7,3439805,urbandtype,어반디타입,유틸리티 MA1 자켓 _ 민트_OL241,https://image.msscdn.net/images/goods_img/20230801/3439805/3439805_17556637385964_500.jpg,False
2025-01,F,002001,블루종/MA-1,002,아우터,8,3650974,trillion,트릴리온,스웨이드 리벳 블루종 집업 자켓 (BROWN),https://image.msscdn.net/images/goods_img/20231023/3650974/3650974_17171419683595_500.jpg,False
2025-01,F,002001,블루종/MA-1,002,아우터,9,3779399,timcomix,팀코믹스,TIM COSMOS PATCH MA-1 JACKET BLACK,https://image.msscdn.net/images/goods_img/20240105/3779399/3779399_17066608940251_500.jpg,False
2025-01,F,002001,블루종/MA-1,002,아우터,10,4575684,aakam,아캄,High-Neck Bomber Jacket (Khaki),https://image.msscdn.net/images/goods_img/20241030/4575684/4575684_17319836838303_500.jpg,False
2025-01,F,002001,블루종/MA-1,002,아우터,11,4481391,ronron,론론,INNER POINTED BOMBER MA-1 JUMPER DOT BLACK,https://image.msscdn.net/images/goods_img/20241002/4481391/4481391_17278490680069_500.jpg,False
2025-01,F,002001,블루종/MA-1,002,아우터,12,3650976,trillion,트릴리온,스웨이드 리벳 블루종 집업 자켓 (BLACK),https://image.msscdn.net/images/goods_img/20231023/3650976/3650976_17171418153038_500.jpg,False
2025-01,F,002001,블루종/MA-1,002,아우터,13,3613942,xtonz,엑스톤즈,XJ107 인시전 셔링 MA-1 자켓 (KHAKI),https://image.msscdn.net/images/goods_img/20231010/3613942/3613942_17575594978802_500.jpg,False
2025-01,F,002001,블루종/MA-1,002,아우터,14,3440438,costumeoclock,커스텀어클락,커브드 투웨이 항공 패딩 점퍼 다크그레이 COOSJP045DGRAY,https://image.msscdn.net/images/goods_img/20230801/3440438/3440438_17871947679501_500.jpg,False
2025-01,F,002001,블루종/MA-1,002,아우터,15,3637243,trillion,트릴리온,울 엘보우 패치 2WAY 해링턴 자켓 (BLACK),https://image.msscdn.net/images/goods_img/20231018/3637243/3637243_17171437931541_500.jpg,False
2025-01,F,002001,블루종/MA-1,002,아우터,16,4401669,hederhelen,헤더헬렌,Boulder MA-1 jumper,https://image.msscdn.net/images/goods_img/20240904/4401669/4401669_17319960916782_500.jpg,False
2025-01,F,002001,블루종/MA-1,002,아우터,17,3465162,afterpray12,애프터프레이,리가즈 해링턴 블루종 차콜,https://image.msscdn.net/images/goods_img/20230814/3465162/3465162_17108243912394_500.jpg,False
2025-01,F,002001,블루종/MA-1,002,아우터,18,2701875,placestudio,플레이스 스튜디오,투웨이 블루종 스웨이드 밴딩 점퍼 자켓 [브라운],https://image.msscdn.net/images/goods_img/20220805/2701875/2701875_17592162151190_500.jpg,False
2025-01,F,002001,블루종/MA-1,002,아우터,19,4585677,chicks,칙스,울 블루종 점퍼 차콜,https://image.msscdn.net/images/goods_img/20241104/4585677/4585677_17337041022585_500.jpg,False
2025-01,F,002001,블루종/MA-1,002,아우터,20,2351619,coor,쿠어,퍼프 플라이트 MA-1 (블랙),https://image.msscdn.net/images/goods_img/20220210/2351619/2351619_17271835262530_500.jpg,False
2025-01,F,002001,블루종/MA-1,002,아우터,21,4385735,anderssonbellforwomen,앤더슨벨 포 우먼,ADSB X OTTOLINGER 립 포인트 푸퍼 자켓 awa669w(CHARCOAL),https://image.msscdn.net/images/goods_img/20240829/4385735/4385735_17292212432980_500.jpg,False
2025-01,F,002001,블루종/MA-1,002,아우터,22,4427462,urbanstoff,어반스터프,가먼트 다잉 봄버 점퍼 (챠콜),https://image.msscdn.net/images/goods_img/20240910/4427462/4427462_17259555091740_500.jpg,False
2025-01,F,002001,블루종/MA-1,002,아우터,23,4311770,physicaleducation,피지컬 에듀케이션 디파트먼트,리벳 포인트 워크 블루종_네이비,https://image.msscdn.net/images/goods_img/20240808/4311770/4311770_17256163458551_500.jpg,False
2025-01,F,002001,블루종/MA-1,002,아우터,24,2085156,ironypornowhiteline,아이러니포르노 화이트라인,IRO097 크루얼티프리 알파 스웨이드 자켓 블랙,https://image.msscdn.net/images/goods_img/20210825/2085156/2085156_17579141539142_500.jpg,False
2025-01,F,002001,블루종/MA-1,002,아우터,25,3528475,idontwannasell,아이돈워너셀,Circle Shirring Logo Ma-1 Black,https://image.msscdn.net/images/goods_img/20230904/3528475/3528475_17628375098165_500.jpg,False
2025-01,F,002001,블루종/MA-1,002,아우터,26,3845894,trillion,트릴리온,울 엘보우 패치 2WAY 해링턴 후드 자켓 (CHARCOAL),https://image.msscdn.net/images/goods_img/20240205/3845894/3845894_17171415489288_500.jpg,False
2025-01,F,002001,블루종/MA-1,002,아우터,27,4603503,frenchchic,프렌치시크,로칸 퀼팅 하이넥 후드점퍼,https://image.msscdn.net/images/goods_img/20241111/4603503/4603503_17313010062292_500.jpg,False
2025-01,F,002001,블루종/MA-1,002,아우터,28,3845896,trillion,트릴리온,울 엘보우 패치 2WAY 해링턴 후드 자켓 (BLACK),https://image.msscdn.net/images/goods_img/20240205/3845896/3845896_17171415372390_500.jpg,False
2025-01,F,002001,블루종/MA-1,002,아우터,29,4502133,runninghigh,러닝하이,셔링 크롭 MA-1 자켓 [블랙],https://image.msscdn.net/images/goods_img/20241010/4502133/4502133_17322385776446_500.jpg,False
2025-01,F,002001,블루종/MA-1,002,아우터,30,4311772,physicaleducation,피지컬 에듀케이션 디파트먼트,리벳 포인트 워크 블루종_아이보리,https://image.msscdn.net/images/goods_img/20240808/4311772/4311772_17256163533317_500.jpg,False
2025-01,F,002002,레더/라이더스 재킷,002,아우터,1,2139011,ladyvolume,레이디 볼륨,465-1 비건 레더 오버핏 자켓,https://image.msscdn.net/images/goods_img/20210917/2139011/2139011_3_500.jpg,False
2025-01,F,002002,레더/라이더스 재킷,002,아우터,2,2140335,placestudio,플레이스 스튜디오,비건 레더 오버핏 블루종 [블랙],https://image.msscdn.net/images/goods_img/20210917/2140335/2140335_9_500.jpg,False
2025-01,F,002002,레더/라이더스 재킷,002,아우터,3,3551101,blackmoment,블랙모먼트,비건 스웨이드 오버핏 미니멀 인시전 스트레이트 집업 자켓 [브라운],https://image.msscdn.net/images/goods_img/20230912/3551101/3551101_16970790961650_500.jpg,False
2025-01,F,002002,레더/라이더스 재킷,002,아우터,4,1593755,partimento,파르티멘토,[비건 레더] 필드 자켓 블랙,https://image.msscdn.net/images/goods_img/20200909/1593755/1593755_1_500.jpg,False
2025-01,F,002002,레더/라이더스 재킷,002,아우터,5,4448722,rockcake,락케이크,Overfit Leather Blouson Jacket - Black,https://image.msscdn.net/images/goods_img/20240920/4448722/4448722_17309469612375_500.jpg,False
2025-01,F,002002,레더/라이더스 재킷,002,아우터,6,4448720,rockcake,락케이크,Overfit Leather Blouson Jacket - Brown,https://image.msscdn.net/images/goods_img/20240920/4448720/4448720_17555900624009_500.jpg,False
2025-01,F,002002,레더/라이더스 재킷,002,아우터,7,4361500,ertr,이알티알,Vintage Leather Biker Jacket,https://image.msscdn.net/images/goods_img/20240822/4361500/4361500_17895449978503_500.png,False
2025-01,F,002002,레더/라이더스 재킷,002,아우터,8,2029419,ironypornowhiteline,아이러니포르노 화이트라인,IRO086 크루얼티프리 싱글 카라넥 레더 자켓 블랙,https://image.msscdn.net/images/goods_img/20210714/2029419/2029419_17569493312057_500.jpg,False
2025-01,F,002002,레더/라이더스 재킷,002,아우터,9,4575682,aakam,아캄,Contrast Leather Work Jacket (Black),https://image.msscdn.net/images/goods_img/20241030/4575682/4575682_17319897693132_500.jpg,False
2025-01,F,002002,레더/라이더스 재킷,002,아우터,10,4209445,musinsastandardwoman,무신사 스탠다드 우먼,우먼즈 신세틱 스웨이드 레이서 재킷 [데저트 브라운],https://image.msscdn.net/images/goods_img/20240620/4209445/4209445_17295769847197_500.jpg,False
2025-01,F,002002,레더/라이더스 재킷,002,아우터,11,4388185,treemingbird,트리밍버드,2-way Collar Knit Sleeve Crack Leather Jacket [ Black ],https://image.msscdn.net/images/goods_img/20240830/4388185/4388185_17268272541539_500.jpg,False
2025-01,F,002002,레더/라이더스 재킷,002,아우터,12,4209444,musinsastandardwoman,무신사 스탠다드 우먼,우먼즈 신세틱 스웨이드 레이서 재킷 [블랙],https://image.msscdn.net/images/goods_img/20240620/4209444/4209444_17576348265431_500.jpg,False
2025-01,F,002002,레더/라이더스 재킷,002,아우터,13,4287889,supersub,슈퍼서브,빈티지 트랙 바이커 레더 점퍼 - 브라운,https://image.msscdn.net/images/goods_img/20240801/4287889/4287889_17394098566884_500.jpg,False
2025-01,F,002002,레더/라이더스 재킷,002,아우터,14,3567414,saintlaurent,생로랑,아이바토아 빈티지 레더 재킷 - 블랙 / 735684YCNX21628,https://image.msscdn.net/images/goods_img/20230918/3567414/3567414_16987139078641_500.jpg,False
2025-01,F,002002,레더/라이더스 재킷,002,아우터,15,4575678,aakam,아캄,High-Neck Piping Leather Blouson (Black),https://image.msscdn.net/images/goods_img/20241030/4575678/4575678_17319898541028_500.jpg,False
2025-01,F,002002,레더/라이더스 재킷,002,아우터,16,4356912,musinsastandardwoman,무신사 스탠다드 우먼,우먼즈 신세틱 레더 트렌치 코트 [블랙],https://image.msscdn.net/images/goods_img/20240822/4356912/4356912_17295893386567_500.jpg,False
2025-01,F,002002,레더/라이더스 재킷,002,아우터,17,4293285,illigo,일리고,워시드 레더 봄버 자켓 블랙,https://image.msscdn.net/images/goods_img/20240802/4293285/4293285_17636161496789_500.jpg,False
2025-01,F,002002,레더/라이더스 재킷,002,아우터,18,2140314,placestudio,플레이스 스튜디오,비건 레더 오버핏 블루종 [브라운],https://image.msscdn.net/images/goods_img/20210917/2140314/2140314_11_500.jpg,False
2025-01,F,002002,레더/라이더스 재킷,002,아우터,19,1576682,doffjason,도프제이슨,오버핏 램스킨 싱글 자켓,https://image.msscdn.net/images/goods_img/20200901/1576682/1576682_6_500.jpg,False
2025-01,F,002002,레더/라이더스 재킷,002,아우터,20,4708684,dunstforwomen,던스트,UNISEX OVERSIZED VINTAGE LEATHER BLOUSON_UDJU5A103_BLACK,https://image.msscdn.net/images/goods_img/20250109/4708684/4708684_17374518492493_500.jpg,False
2025-01,F,002002,레더/라이더스 재킷,002,아우터,21,4708696,dunstforwomen,던스트,UNISEX LEATHER HALF JACKET_UDJA5A106_BLACK,https://image.msscdn.net/images/goods_img/20250109/4708696/4708696_17374517956640_500.jpg,False
2025-01,F,002002,레더/라이더스 재킷,002,아우터,22,4349780,wellbeingexpress,웰빙익스프레스,Padded Vegan Leather Jacket Black,https://image.msscdn.net/images/goods_img/20240820/4349780/4349780_17248284277159_500.jpg,False
2025-01,F,002002,레더/라이더스 재킷,002,아우터,23,4554316,sinoon,시눈,Washing Leather Half Jacket (Black),https://image.msscdn.net/images/goods_img/20241024/4554316/4554316_17332727128502_500.jpg,False
2025-01,F,002002,레더/라이더스 재킷,002,아우터,24,3577504,placestudio,플레이스 스튜디오,웨이브 빈티지 심플 카라 레더 자켓 점퍼 [브라운],https://image.msscdn.net/images/goods_img/20230920/3577504/3577504_17503836070793_500.jpg,False
2025-01,F,002002,레더/라이더스 재킷,002,아우터,25,3905652,aakam,아캄,Piping Leather Blouson (Brown),https://image.msscdn.net/images/goods_img/20240227/3905652/3905652_17319936655670_500.jpg,False
2025-01,F,002002,레더/라이더스 재킷,002,아우터,26,4457941,lee,리,리버서블 비건 레더 후드 블랙,https://image.msscdn.net/images/goods_img/20240924/4457941/4457941_17881710101712_500.jpg,False
2025-01,F,002002,레더/라이더스 재킷,002,아우터,27,4403686,avan,어반드레스,Rider Art Leather Jacket BLACK,https://image.msscdn.net/images/goods_img/20240904/4403686/4403686_17261232449811_500.jpg,False
2025-01,F,002002,레더/라이더스 재킷,002,아우터,28,3783494,drawfitwomen,드로우핏 우먼,버튼 레더 하프 자켓 [BLACK],https://image.msscdn.net/images/goods_img/20240109/3783494/3783494_17628454085551_500.jpg,False
2025-01,F,002002,레더/라이더스 재킷,002,아우터,29,3818784,partimento,파르티멘토,워시드 레더 프렌치 워크 자켓 브라운,https://image.msscdn.net/images/goods_img/20240124/3818784/3818784_17062331935931_500.jpg,False
2025-01,F,002002,레더/라이더스 재킷,002,아우터,30,4344479,hondaxphyps,혼다 모터사이클,Original Motorcycle Synthetic leather Jacket Black,https://image.msscdn.net/images/goods_img/20240819/4344479/4344479_17253484144160_500.jpg,False
2025-01,F,002020,카디건,002,아우터,1,4371209,oddstudio,오드스튜디오,스포티 트랙 세미 크롭 니트 집업 - BROWN,https://image.msscdn.net/images/goods_img/20240826/4371209/4371209_17605793956449_500.jpg,False
2025-01,F,002020,카디건,002,아우터,2,4403731,frenchchic,프렌치시크,코스에그 자수 투웨이 니트집업 가디건,https://image.msscdn.net/images/prd_img/20240904/4403731/detail_4403731_17388925781886_500.jpg,False
2025-01,F,002020,카디건,002,아우터,3,3650861,matinkim,마뗑킴,SPELL POINT STRIPE KNIT CARDIGAN IN BLACK,https://image.msscdn.net/images/goods_img/20231023/3650861/3650861_17582530640437_500.jpg,False
2025-01,F,002020,카디건,002,아우터,4,4371211,oddstudio,오드스튜디오,스포티 트랙 세미 크롭 니트 집업 - CHARCOAL,https://image.msscdn.net/images/goods_img/20240826/4371211/4371211_17361422998163_500.jpg,False
2025-01,F,002020,카디건,002,아우터,5,4544315,roompacker,룸페커,폴드 포켓 니트 후드 가디건,https://image.msscdn.net/images/goods_img/20241022/4544315/4544315_17697419210810_500.jpg,False
2025-01,F,002020,카디건,002,아우터,6,4322443,rockcake,락케이크,Flower Cowichan Cardigan - Black/Black,https://image.msscdn.net/images/goods_img/20240812/4322443/4322443_17326787738074_500.jpg,False
2025-01,F,002020,카디건,002,아우터,7,4410293,asifcalie,에즈이프 캘리,LEOPARD KNIT CARDIGAN PINK,https://image.msscdn.net/images/goods_img/20240905/4410293/4410293_17310311312602_500.jpg,False
2025-01,F,002020,카디건,002,아우터,8,3650860,matinkim,마뗑킴,SPELL POINT STRIPE KNIT CARDIGAN IN IVORY,https://image.msscdn.net/images/goods_img/20231023/3650860/3650860_17582531018308_500.jpg,False
2025-01,F,002020,카디건,002,아우터,9,3624443,urago,유라고,Jacquard hoodie cardigan,https://image.msscdn.net/images/goods_img/20231012/3624443/3624443_17655191126659_500.jpg,False
2025-01,F,002020,카디건,002,아우터,10,3593326,asifcalie,에즈이프 캘리,LEOPARD KNIT CARDIGAN BROWN,https://image.msscdn.net/images/goods_img/20230925/3593326/3593326_17310322549775_500.jpg,False
2025-01,F,002020,카디건,002,아우터,11,3010404,poloralphlauren,폴로 랄프 로렌,W 케이블 니트 코튼 크루넥 카디건 - 네이비,https://image.msscdn.net/images/goods_img/20230109/3010404/3010404_16772074069968_500.jpg,False
2025-01,F,002020,카디건,002,아우터,12,2683549,satur,세터,파로 오버 사이즈 부클 가디건 클래식 블랙,https://image.msscdn.net/images/prd_img/20220726/2683549/detail_2683549_17582476224564_500.jpg,False
2025-01,F,002020,카디건,002,아우터,13,4519537,rockcake,락케이크,Flower Cowichan Cardigan - Black/Beige,https://image.msscdn.net/images/goods_img/20241015/4519537/4519537_17350079828611_500.jpg,False
2025-01,F,002020,카디건,002,아우터,14,4288088,michikolondon,미치코런던,하이넥 버튼 가디건 블랙,https://image.msscdn.net/images/goods_img/20240801/4288088/4288088_17238014628889_500.jpg,False
2025-01,F,002020,카디건,002,아우터,15,4471880,aakam,아캄,Sun Jacquard Zip-Up Sweater (Dark Gray),https://image.msscdn.net/images/goods_img/20240927/4471880/4471880_17346067396057_500.jpg,False
2025-01,F,002020,카디건,002,아우터,16,3877561,poloralphlauren,폴로 랄프 로렌,W [New Pink Capsule] W 코튼 블렌드 가디건 - 핑크,https://image.msscdn.net/images/goods_img/20240216/3877561/3877561_17097143235344_500.jpg,False
2025-01,F,002020,카디건,002,아우터,17,3434619,generalideastandard,제너럴아이디어,GNRL 에센셜 가디건 [BLACK] / WBC3L04503,https://image.msscdn.net/images/goods_img/20230731/3434619/3434619_17676888596329_500.jpg,False
2025-01,F,002020,카디건,002,아우터,18,4346438,leathery,레더리,레글런 트랙 니트 집업 [BLACK],https://image.msscdn.net/images/goods_img/20240820/4346438/4346438_17633573397137_500.jpg,False
2025-01,F,002020,카디건,002,아우터,19,3697580,compagno,꼼파뇨,[2-WAY] 커브드 블록 니트 집업 블랙,https://image.msscdn.net/images/goods_img/20231108/3697580/3697580_17047815740073_500.jpg,False
2025-01,F,002020,카디건,002,아우터,20,4649095,suade,스웨이드,LEOPARD CARDIGAN [BLACK],https://image.msscdn.net/images/goods_img/20241204/4649095/4649095_17332829769724_500.jpg,False
2025-01,F,002020,카디건,002,아우터,21,4322442,rockcake,락케이크,Flower Cowichan Cardigan - Navy,https://image.msscdn.net/images/goods_img/20240812/4322442/4322442_17350220167117_500.jpg,False
2025-01,F,002020,카디건,002,아우터,22,4299338,partimento,파르티멘토,뱃지 리뉴얼 니트 라운드 가디건 레드,https://image.msscdn.net/images/goods_img/20240806/4299338/4299338_17237817273203_500.jpg,False
2025-01,F,002020,카디건,002,아우터,23,4322444,rockcake,락케이크,Flower Cowichan Cardigan - Brown,https://image.msscdn.net/images/goods_img/20240812/4322444/4322444_17350216733159_500.jpg,False
2025-01,F,002020,카디건,002,아우터,24,4295962,citybreeze,시티브리즈,에센셜 라운드넥 가디건_4COLORS,https://image.msscdn.net/images/goods_img/20240805/4295962/4295962_17574041539200_500.jpg,False
2025-01,F,002020,카디건,002,아우터,25,4512522,commedesgarconsplay,꼼데가르송 플레이,레드 하트 와펜 로고 가디건 - 블랙 / AXN0070511,https://image.msscdn.net/images/goods_img/20241014/4512522/4512522_17295631525612_500.jpg,False
2025-01,F,002020,카디건,002,아우터,26,4338876,nastyfancyclub,팬시클럽,체크 셔츠 레이어드 가디건 (BLACK)_F24ZB066,https://image.msscdn.net/images/goods_img/20240816/4338876/4338876_17591947543379_500.jpg,False
2025-01,F,002020,카디건,002,아우터,27,4500099,treemingbird,트리밍버드,2-way Unbalance Off-shoulder Knit Zip-up [ Grey ],https://image.msscdn.net/images/goods_img/20241009/4500099/4500099_17288065788082_500.jpg,False
2025-01,F,002020,카디건,002,아우터,28,4346435,leathery,레더리,레글런 트랙 니트 집업 [LIGHT GREY],https://image.msscdn.net/images/goods_img/20240820/4346435/4346435_17303579602608_500.jpg,False
2025-01,F,002020,카디건,002,아우터,29,4481189,flatwaveinseoul,플랫웨이브 인 서울,Ebbe Mild Wool Cardigan Khaki,https://image.msscdn.net/images/goods_img/20241002/4481189/4481189_17278453156405_500.jpg,False
2025-01,F,002020,카디건,002,아우터,30,4322445,rockcake,락케이크,Sports 96 Full Zip Cardigan - Navy,https://image.msscdn.net/images/goods_img/20240812/4322445/4322445_17326822478072_500.jpg,False
2025-01,F,002017,트러커 재킷,002,아우터,1,4717494,themuseumvisitor,더뮤지엄비지터,HOT FIX LEOPARD WORK JACKET (CHARCOAL),https://image.msscdn.net/images/goods_img/20250114/4717494/4717494_17373411270213_500.jpg,False
2025-01,F,002017,트러커 재킷,002,아우터,2,4287413,trillion,트릴리온,코듀로이 카라 데님 집업 워크 자켓 (BLACK),https://image.msscdn.net/images/goods_img/20240731/4287413/4287413_17228544866344_500.jpg,False
2025-01,F,002017,트러커 재킷,002,아우터,3,3046279,outstanding,아웃스탠딩,SELVEDGE DENIM 2ND JACKET_INDIGO,https://image.msscdn.net/images/goods_img/20230130/3046279/3046279_17684404870062_500.jpg,False
2025-01,F,002017,트러커 재킷,002,아우터,4,4684048,thecoldestmoment,더콜디스트모먼트,TCM washed mini logo jacket (black),https://image.msscdn.net/images/goods_img/20241230/4684048/4684048_17370151015554_500.jpg,False
2025-01,F,002017,트러커 재킷,002,아우터,5,4506476,dunstforwomen,던스트,UNISEX VINTAGE WORK DENIM JACKET LIGHT BLUE_UDJU4C115B1,https://image.msscdn.net/images/goods_img/20241011/4506476/4506476_17286088737643_500.jpg,False
2025-01,F,002017,트러커 재킷,002,아우터,6,3189551,saintlaurent,생로랑,클래식 데님 재킷 - 딥 빈티지 블루 / 695196YC8684255,https://image.msscdn.net/images/goods_img/20230329/3189551/3189551_16844559937547_500.jpg,False
2025-01,F,002017,트러커 재킷,002,아우터,7,1790383,trillion,트릴리온,워싱 스티치 데님자켓 (BLACK),https://image.msscdn.net/images/goods_img/20210210/1790383/1790383_2_500.jpg,False
2025-01,F,002017,트러커 재킷,002,아우터,8,3622977,trillion,트릴리온,페이드 워싱 바이커 데님 자켓 (BLACK),https://image.msscdn.net/images/goods_img/20231012/3622977/3622977_16977691200340_500.jpg,False
2025-01,F,002017,트러커 재킷,002,아우터,9,3518760,oddstudio,오드스튜디오,샌드 워싱 바이커 데님 크롭 자켓 - BLACK,https://image.msscdn.net/images/goods_img/20230831/3518760/3518760_17315535804206_500.jpg,False
2025-01,F,002017,트러커 재킷,002,아우터,10,3518763,oddstudio,오드스튜디오,샌드 워싱 바이커 데님 크롭 자켓 - BLUE,https://image.msscdn.net/images/goods_img/20230831/3518763/3518763_17315535641246_500.jpg,False
2025-01,F,002017,트러커 재킷,002,아우터,11,4344269,someplace,썸플레이스,배색 골덴 카라 바버 헌팅 트러커 자켓 점퍼 [차콜],https://image.msscdn.net/images/goods_img/20240819/4344269/4344269_17683713684775_500.jpg,False
2025-01,F,002017,트러커 재킷,002,아우터,12,3583663,adidas,아디다스,데님 재킷 - 스카이블루 / IS5250,https://image.msscdn.net/images/goods_img/20230921/3583663/3583663_16953687051135_500.jpg,False
2025-01,F,002017,트러커 재킷,002,아우터,13,3801342,supersub,슈퍼서브,워싱 크롭 데님 재킷 - 워시드 브라운,https://image.msscdn.net/images/goods_img/20240117/3801342/3801342_17065954658593_500.jpg,False
2025-01,F,002017,트러커 재킷,002,아우터,14,4338278,levis,리바이스,슈렁큰  90s 트러커 자켓_A9155-0000,https://image.msscdn.net/images/goods_img/20240816/4338278/4338278_17237958733755_500.jpg,False
2025-01,F,002017,트러커 재킷,002,아우터,15,4708673,dunstforwomen,던스트,UNISEX VINTAGE CANVAS WORK JACKET_UDJU5A110_BLACK,https://image.msscdn.net/images/goods_img/20250109/4708673/4708673_17374518855601_500.jpg,False
2025-01,F,002017,트러커 재킷,002,아우터,16,4673166,standarderror,스탠다드에러,87-STAN116 [뉴트로] 빈티지 워시드 더블 라인 데님 자켓 빈티지 블랙,https://image.msscdn.net/images/goods_img/20241219/4673166/4673166_17551436384301_500.jpg,False
2025-01,F,002017,트러커 재킷,002,아우터,17,4287892,supersub,슈퍼서브,워싱 크롭 데님 재킷 - 워시드 블루,https://image.msscdn.net/images/goods_img/20240801/4287892/4287892_17224927839087_500.jpg,False
2025-01,F,002017,트러커 재킷,002,아우터,18,3596063,dimitriblack,디미트리블랙,2WAY 크롭 코듀로이 드리즐러 자켓_브라운,https://image.msscdn.net/images/goods_img/20230926/3596063/3596063_17621457230668_500.jpg,False
2025-01,F,002017,트러커 재킷,002,아우터,19,3639637,treemingbird,트리밍버드,Incision Denim Set-up Jacket [ Dark Blue ],https://image.msscdn.net/images/goods_img/20231019/3639637/3639637_16976756126488_500.jpg,False
2025-01,F,002017,트러커 재킷,002,아우터,20,4438450,anytimeloreak,애니타임로릭,Zinnia Mix Jacket-NAVY (W),https://image.msscdn.net/images/goods_img/20240912/4438450/4438450_17261462565965_500.jpg,False
2025-01,F,002017,트러커 재킷,002,아우터,21,4300024,againstallodds,에이지오디,워시드 크롭 집업 데님 자켓 [그레이],https://image.msscdn.net/images/goods_img/20240806/4300024/4300024_17673355542091_500.jpg,False
2025-01,F,002017,트러커 재킷,002,아우터,22,4287410,trillion,트릴리온,코듀로이 카라 데님 집업 워크 자켓 (MIDDLE BLUE),https://image.msscdn.net/images/goods_img/20240731/4287410/4287410_17228544167047_500.jpg,False
2025-01,F,002017,트러커 재킷,002,아우터,23,4525500,borntowin,본투윈,VELVET DENIM CROP JACKET [BLACK],https://image.msscdn.net/images/goods_img/20241016/4525500/4525500_17292140974554_500.jpg,False
2025-01,F,002017,트러커 재킷,002,아우터,24,4270885,placestudio,플레이스 스튜디오,샌드 워싱 데님 빈티지 바이커 크롭 자켓 점퍼 [흑청],https://image.msscdn.net/images/goods_img/20240724/4270885/4270885_17223875020469_500.jpg,False
2025-01,F,002017,트러커 재킷,002,아우터,25,4708672,dunstforwomen,던스트,UNISEX VINTAGE CANVAS WORK JACKET_UDJU5A110_DUSTY PINK,https://image.msscdn.net/images/goods_img/20250109/4708672/4708672_17374518906023_500.jpg,False
2025-01,F,002017,트러커 재킷,002,아우터,26,4534476,instantfunk,인스턴트펑크,데님 자켓,https://image.msscdn.net/images/goods_img/20241018/4534476/4534476_17298226716857_500.jpg,False
2025-01,F,002017,트러커 재킷,002,아우터,27,4673182,standarderror,스탠다드에러,87-STAN120 [뉴트로] 솔리드 워싱 홀더 데님 자켓 빈티지 블루,https://image.msscdn.net/images/goods_img/20241219/4673182/4673182_17551425348621_500.jpg,False
2025-01,F,002017,트러커 재킷,002,아우터,28,4344265,someplace,썸플레이스,배색 골덴 카라 바버 헌팅 트러커 자켓 점퍼 [베이지],https://image.msscdn.net/images/goods_img/20240819/4344265/4344265_17592930564751_500.jpg,False
2025-01,F,002017,트러커 재킷,002,아우터,29,4314384,ordinaryholiday,오디너리홀리데이,후드 레이어드 데님 집업 자켓 [CHARCOAL],https://image.msscdn.net/images/goods_img/20240809/4314384/4314384_17261325616147_500.jpg,False
2025-01,F,002017,트러커 재킷,002,아우터,30,4278906,lmood,엘무드,버번 데님 트러커 자켓 벨벳틴 블랙,https://image.msscdn.net/images/goods_img/20240729/4278906/4278906_17243791333736_500.jpg,False
2025-01,F,002003,슈트/블레이저 재킷,002,아우터,1,1618312,musinsastandardwoman,무신사 스탠다드 우먼,우먼즈 오버사이즈 블레이저 [블랙],https://image.msscdn.net/images/goods_img/20200923/1618312/1618312_17840158746923_500.jpg,False
2025-01,F,002003,슈트/블레이저 재킷,002,아우터,2,1803462,musinsastandardwoman,무신사 스탠다드 우먼,우먼즈 베이식 블레이저 [블랙],https://image.msscdn.net/images/goods_img/20210219/1803462/1803462_17834925402814_500.jpg,False
2025-01,F,002003,슈트/블레이저 재킷,002,아우터,3,4295651,citybreeze,시티브리즈,울 루즈핏 사선 절개 싱글 자켓_BLACK,https://image.msscdn.net/images/goods_img/20240805/4295651/4295651_17821798085133_500.jpg,False
2025-01,F,002003,슈트/블레이저 재킷,002,아우터,4,4209437,musinsastandardwoman,무신사 스탠다드 우먼,우먼즈 울 블렌드 볼륨 멜톤 오버 숄더 더블 블레이저 코트 [블랙],https://image.msscdn.net/images/goods_img/20240620/4209437/4209437_17307729325763_500.jpg,False
2025-01,F,002003,슈트/블레이저 재킷,002,아우터,5,4209438,musinsastandardwoman,무신사 스탠다드 우먼,우먼즈 울 블렌드 볼륨 멜톤 오버 숄더 더블 블레이저 코트 [미디엄 그레이],https://image.msscdn.net/images/goods_img/20240620/4209438/4209438_17310552049975_500.jpg,False
2025-01,F,002003,슈트/블레이저 재킷,002,아우터,6,4435150,citybreeze,시티브리즈,리브르 울 트위드 자켓_IVORY,https://image.msscdn.net/images/goods_img/20240912/4435150/4435150_17821797330892_500.jpg,False
2025-01,F,002003,슈트/블레이저 재킷,002,아우터,7,3845890,citybreeze,시티브리즈,루즈핏 사선 절개 싱글 자켓_GREY,https://image.msscdn.net/images/goods_img/20240205/3845890/3845890_17800354662108_500.jpg,False
2025-01,F,002003,슈트/블레이저 재킷,002,아우터,8,4322107,citybreeze,시티브리즈,리브르 울 트위드 자켓_BLACK,https://image.msscdn.net/images/goods_img/20240812/4322107/4322107_17821797305327_500.jpg,False
2025-01,F,002003,슈트/블레이저 재킷,002,아우터,9,2626655,musinsastandardwoman,무신사 스탠다드 우먼,우먼즈 울 블렌드 멜톤 오버 숄더 블레이저 [블랙],https://image.msscdn.net/images/goods_img/20220621/2626655/2626655_17358862223273_500.jpg,False
2025-01,F,002003,슈트/블레이저 재킷,002,아우터,10,4295652,citybreeze,시티브리즈,울 루즈핏 사선 절개 싱글 자켓_GREY,https://image.msscdn.net/images/goods_img/20240805/4295652/4295652_17821798115232_500.jpg,False
2025-01,F,002003,슈트/블레이저 재킷,002,아우터,11,4330504,oheshio,오헤시오,"ROUND FRILL JACKET, BLACK",https://image.msscdn.net/images/goods_img/20240814/4330504/4330504_17253334375808_500.jpg,False
2025-01,F,002003,슈트/블레이저 재킷,002,아우터,12,4209466,musinsastandardwoman,무신사 스탠다드 우먼,우먼즈 울 블렌드 트위드 4버튼 블레이저 [그레이],https://image.msscdn.net/images/goods_img/20240620/4209466/4209466_17308607285743_500.jpg,False
2025-01,F,002003,슈트/블레이저 재킷,002,아우터,13,2626656,musinsastandardwoman,무신사 스탠다드 우먼,우먼즈 울 블렌드 멜톤 오버 숄더 블레이저 [오트밀],https://image.msscdn.net/images/goods_img/20220621/2626656/2626656_17358857369792_500.jpg,False
2025-01,F,002003,슈트/블레이저 재킷,002,아우터,14,4708690,dunstforwomen,던스트,UNISEX COLLARLESS TWEED JACKET_UDJA5A109_BLACK,https://image.msscdn.net/images/goods_img/20250109/4708690/4708690_17696744061848_500.jpg,False
2025-01,F,002003,슈트/블레이저 재킷,002,아우터,15,4629708,dunstforwomen,던스트,COLLARLESS BUCKLED SHEARLING JACKET CREAM_UDJU4D223CR,https://image.msscdn.net/images/goods_img/20241121/4629708/4629708_17604088840926_500.jpg,False
2025-01,F,002003,슈트/블레이저 재킷,002,아우터,16,3882103,zerostreet,제로스트릿,[세트] 브이넥 트위드 자켓 & 스커트 / 솔리드 블랙,https://image.msscdn.net/images/goods_img/20240220/3882103/3882103_17083903835386_500.jpg,False
2025-01,F,002003,슈트/블레이저 재킷,002,아우터,17,4496349,citybreeze,시티브리즈,루즈핏 사선 절개 싱글 자켓_BROWN,https://image.msscdn.net/images/goods_img/20241008/4496349/4496349_17496030194367_500.jpg,False
2025-01,F,002003,슈트/블레이저 재킷,002,아우터,18,3845882,citybreeze,시티브리즈,루즈핏 사선 절개 싱글 자켓_BLACK,https://image.msscdn.net/images/goods_img/20240205/3845882/3845882_17800355468865_500.jpg,False
2025-01,F,002003,슈트/블레이저 재킷,002,아우터,19,3588751,dunstforwomen,던스트,UNISEX LAYERED HEAVY WOOL BLAZER CHARCOAL GREY_UDJA4D121CG,https://image.msscdn.net/images/goods_img/20230922/3588751/3588751_17587645900876_500.jpg,False
2025-01,F,002003,슈트/블레이저 재킷,002,아우터,20,3180521,saintlaurent,생로랑,싱글 브레스트 튜브 재킷 - 블랙 / 517740Y404W1000,https://image.msscdn.net/images/goods_img/20230327/3180521/3180521_16860938267219_500.jpg,False
2025-01,F,002003,슈트/블레이저 재킷,002,아우터,21,4209465,musinsastandardwoman,무신사 스탠다드 우먼,우먼즈 울 블렌드 트위드 4버튼 블레이저 [브라운],https://image.msscdn.net/images/goods_img/20240620/4209465/4209465_17308607503578_500.jpg,False
2025-01,F,002003,슈트/블레이저 재킷,002,아우터,22,4514347,giordano,지오다노,울 블레이저 374915 [3color],https://image.msscdn.net/images/goods_img/20241014/4514347/4514347_17591996511875_500.jpg,False
2025-01,F,002003,슈트/블레이저 재킷,002,아우터,23,2149536,musinsastandardwoman,무신사 스탠다드 우먼,우먼즈 오버사이즈 블레이저 [미디엄 그레이],https://image.msscdn.net/images/goods_img/20210928/2149536/2149536_17536890796842_500.jpg,False
2025-01,F,002003,슈트/블레이저 재킷,002,아우터,24,4473306,dunstforwomen,던스트,UNISEX ALPACA BLAZER COAT CAMEL_UDJA4D123CM,https://image.msscdn.net/images/goods_img/20240927/4473306/4473306_17278753731559_500.jpg,False
2025-01,F,002003,슈트/블레이저 재킷,002,아우터,25,4209463,musinsastandardwoman,무신사 스탠다드 우먼,우먼즈 라운드 넥 트위드 하프 재킷 [블랙],https://image.msscdn.net/images/goods_img/20240620/4209463/4209463_17307121860975_500.jpg,False
2025-01,F,002003,슈트/블레이저 재킷,002,아우터,26,3588764,dunstforwomen,던스트,UNISEX 3 BUTTON CASHMERE JACKET CAMEL_UDJA4D122CM,https://image.msscdn.net/images/goods_img/20230922/3588764/3588764_17278750034992_500.jpg,False
2025-01,F,002003,슈트/블레이저 재킷,002,아우터,27,3485946,drawfitwomen,드로우핏 우먼,버튼 트위드 자켓 [BLACK],https://image.msscdn.net/images/goods_img/20230822/3485946/3485946_17750173227927_500.jpg,False
2025-01,F,002003,슈트/블레이저 재킷,002,아우터,28,4209462,musinsastandardwoman,무신사 스탠다드 우먼,우먼즈 핀스트라이프 오버사이즈 블레이저 [블랙],https://image.msscdn.net/images/goods_img/20240620/4209462/4209462_17283722410905_500.jpg,False
2025-01,F,002003,슈트/블레이저 재킷,002,아우터,29,2723772,suare,수아레,헤리티지 블레이저 시리즈,https://image.msscdn.net/images/goods_img/20220818/2723772/2723772_17152500620750_500.jpg,False
2025-01,F,002003,슈트/블레이저 재킷,002,아우터,30,4209460,musinsastandardwoman,무신사 스탠다드 우먼,우먼즈 울 블렌드 프레피 블레이저 [네이비],https://image.msscdn.net/images/goods_img/20240620/4209460/4209460_17307939645165_500.jpg,False
2025-01,F,002004,스타디움 재킷,002,아우터,1,3439979,urbandtype,어반디타입,(패딩or논패딩 선택) 코듀로이 래글런 자켓_네이비,https://image.msscdn.net/images/goods_img/20230801/3439979/3439979_17346618324739_500.jpg,False
2025-01,F,002004,스타디움 재킷,002,아우터,2,2752807,kiimuir,키뮤어,[25SS] 울(WOOL) 바시티 자켓_블랙,https://image.msscdn.net/images/goods_img/20220830/2752807/2752807_17664729093372_500.jpg,False
2025-01,F,002004,스타디움 재킷,002,아우터,3,4627952,ason,애즈온,MIGOS VARSITY JACKET,https://image.msscdn.net/images/goods_img/20241120/4627952/4627952_17320945443529_500.png,False
2025-01,F,002004,스타디움 재킷,002,아우터,4,3439975,urbandtype,어반디타입,(패딩or논패딩 선택) 코듀로이 래글런 자켓_핑크,https://image.msscdn.net/images/goods_img/20230801/3439975/3439975_17346618498463_500.jpg,False
2025-01,F,002004,스타디움 재킷,002,아우터,5,3557760,newera,뉴에라,MLB 뉴욕양키스 스타디움 재킷 네이비,https://image.msscdn.net/images/goods_img/20230913/3557760/3557760_16946558019097_500.jpg,False
2025-01,F,002004,스타디움 재킷,002,아우터,6,4466606,aakam,아캄,Furry 98 Varsity Jacket (Black),https://image.msscdn.net/images/goods_img/20240926/4466606/4466606_17309436375927_500.jpg,False
2025-01,F,002004,스타디움 재킷,002,아우터,7,2752332,lettercomo,레테르코모,빅 어워드 스타디움 울 바시티자켓 블랙,https://image.msscdn.net/images/goods_img/20220829/2752332/2752332_17600737132519_500.jpg,False
2025-01,F,002004,스타디움 재킷,002,아우터,8,2782958,1993studio,1993스튜디오,빈티지 바시티 자켓_네이비,https://image.msscdn.net/images/goods_img/20220908/2782958/2782958_1_500.jpg,False
2025-01,F,002004,스타디움 재킷,002,아우터,9,2352895,partimento,파르티멘토,코듀로이 바시티 자켓 네이비,https://image.msscdn.net/images/goods_img/20220210/2352895/2352895_1_500.jpg,False
2025-01,F,002004,스타디움 재킷,002,아우터,10,2093817,takeasy,테이크이지,라쿠 베이스볼 오버자켓(네이비),https://image.msscdn.net/images/goods_img/20210827/2093817/2093817_4_500.jpg,False
2025-01,F,002004,스타디움 재킷,002,아우터,11,2752809,kiimuir,키뮤어,[25SS] 울(WOOL) 바시티 자켓_네이비,https://image.msscdn.net/images/goods_img/20220830/2752809/2752809_17388178850129_500.jpg,False
2025-01,F,002004,스타디움 재킷,002,아우터,12,2857983,timcomix,팀코믹스,8 BALL VARSITY JACKET BLACK,https://image.msscdn.net/images/goods_img/20221013/2857983/2857983_16988208342409_500.jpg,False
2025-01,F,002004,스타디움 재킷,002,아우터,13,4595877,borntowin,본투윈,VARSITY QUILTING CROP JACKET [BLACK],https://image.msscdn.net/images/goods_img/20241107/4595877/4595877_17314634326214_500.jpg,False
2025-01,F,002004,스타디움 재킷,002,아우터,14,4525863,newera,뉴에라,AP MLB LOGO STADIUM JK43 LOSDOD D BLU,https://image.msscdn.net/images/goods_img/20241016/4525863/4525863_17291421754890_500.jpg,False
2025-01,F,002004,스타디움 재킷,002,아우터,15,4279954,aecawhite,에이카화이트,DOUBLE A WOOL VARSITY JACKET-BROWN,https://image.msscdn.net/images/goods_img/20240729/4279954/4279954_17248116285831_500.jpg,False
2025-01,F,002004,스타디움 재킷,002,아우터,16,4280331,nomanual,노매뉴얼,W.S VARSITY JACKET - BLACK,https://image.msscdn.net/images/goods_img/20240729/4280331/4280331_17231681884095_500.jpg,False
2025-01,F,002004,스타디움 재킷,002,아우터,17,3614353,hoodhood,후드후드,에일리언 바시티 자켓 네이비,https://image.msscdn.net/images/goods_img/20231010/3614353/3614353_16970140043327_500.jpg,False
2025-01,F,002004,스타디움 재킷,002,아우터,18,4650183,compagno,꼼파뇨,캣 홀릭 수베니어 자켓 블랙,https://image.msscdn.net/images/goods_img/20241204/4650183/4650183_17333608607247_500.jpg,False
2025-01,F,002004,스타디움 재킷,002,아우터,19,3557766,newera,뉴에라,MLB 뉴욕양키스 월드시리즈 패치 스타디움 재킷 블랙,https://image.msscdn.net/images/goods_img/20230913/3557766/3557766_16946555757159_500.jpg,False
2025-01,F,002004,스타디움 재킷,002,아우터,20,3474070,timcomix,팀코믹스,UFO DOODLE VARSITY JACKET BLACK,https://image.msscdn.net/images/goods_img/20230817/3474070/3474070_16947155937773_500.jpg,False
2025-01,F,002004,스타디움 재킷,002,아우터,21,2123924,espionage,에스피오나지,Standard Varsity Jacket Navy,https://image.msscdn.net/images/goods_img/20210910/2123924/2123924_1_500.jpg,False
2025-01,F,002004,스타디움 재킷,002,아우터,22,4321439,marithefrancoisgirbaud,마리떼 프랑소와 저버,JE NE LA VARSITY JACKET dark navy,https://image.msscdn.net/images/goods_img/20240812/4321439/4321439_17253421258017_500.jpg,False
2025-01,F,002004,스타디움 재킷,002,아우터,23,3425892,prendafromplant,프렌다,ROUNDY CROPPED VASITY JACKET NAVY,https://image.msscdn.net/images/goods_img/20230725/3425892/3425892_16915711706390_500.jpg,False
2025-01,F,002004,스타디움 재킷,002,아우터,24,3591210,thisisneverthat,디스이즈네버댓,Originals Varsity Jacket Navy,https://image.msscdn.net/images/goods_img/20230925/3591210/3591210_16957061890005_500.jpg,False
2025-01,F,002004,스타디움 재킷,002,아우터,25,4321445,marithefrancoisgirbaud,마리떼 프랑소와 저버,VINTAGE WASHED LEATHER BLOUSON brown,https://image.msscdn.net/images/goods_img/20240812/4321445/4321445_17253401701184_500.jpg,False
2025-01,F,002004,스타디움 재킷,002,아우터,26,4346052,hugyourskin,허그유어스킨,패치 바시티 자켓 (그레이),https://image.msscdn.net/images/goods_img/20240820/4346052/4346052_17253470317827_500.jpg,False
2025-01,F,002004,스타디움 재킷,002,아우터,27,4321443,marithefrancoisgirbaud,마리떼 프랑소와 저버,JE NE LA VARSITY JACKET dark green,https://image.msscdn.net/images/goods_img/20240812/4321443/4321443_17253413402962_500.jpg,False
2025-01,F,002004,스타디움 재킷,002,아우터,28,3448522,amesworldwide,아메스 월드와이드,NYLON STADIUM JACKET NAVY (AM2DFUJ240A),https://image.msscdn.net/images/goods_img/20230807/3448522/3448522_16926029585018_500.jpg,False
2025-01,F,002004,스타디움 재킷,002,아우터,29,2751180,misterchild,미스터차일드,멀티로고 바시티 자켓,https://image.msscdn.net/images/goods_img/20220829/2751180/2751180_17649161955756_500.jpg,False
2025-01,F,002004,스타디움 재킷,002,아우터,30,3473941,timcomix,팀코믹스,BROKEN DICE VARSITY JACKET BLACK,https://image.msscdn.net/images/goods_img/20230817/3473941/3473941_17084041516700_500.jpg,False
2025-01,F,002006,나일론/코치 재킷,002,아우터,1,3835864,oheshio,오헤시오,dot frill hooded windbreaker jumper (black),https://image.msscdn.net/images/goods_img/20240131/3835864/3835864_17091228036119_500.jpg,False
2025-01,F,002006,나일론/코치 재킷,002,아우터,2,3455882,filluminate,필루미네이트,타슬란 윈드 테이커 자켓-라이트그레이,https://image.msscdn.net/images/goods_img/20230809/3455882/3455882_17827964138309_500.jpg,False
2025-01,F,002006,나일론/코치 재킷,002,아우터,3,3455892,filluminate,필루미네이트,타슬란 윈드 테이커 자켓-블랙,https://image.msscdn.net/images/goods_img/20230809/3455892/3455892_17827964402390_500.jpg,False
2025-01,F,002006,나일론/코치 재킷,002,아우터,4,4437501,partimentowomen,파르티멘토 우먼,리버시블 후디드 윈드브레이커_블랙,https://image.msscdn.net/images/goods_img/20240912/4437501/4437501_17268242967118_500.jpg,False
2025-01,F,002006,나일론/코치 재킷,002,아우터,5,3209864,not4nerd,낫포너드,Tribal Logo Nylon Racing Jacket - Black,https://image.msscdn.net/images/goods_img/20230405/3209864/3209864_16810674167028_500.jpg,False
2025-01,F,002006,나일론/코치 재킷,002,아우터,6,2329532,nomanual,노매뉴얼,PENON WIND SHELL - BLACK,https://image.msscdn.net/images/goods_img/20220126/2329532/2329532_16762491689303_500.jpg,False
2025-01,F,002006,나일론/코치 재킷,002,아우터,7,4271510,thisisneverthat,디스이즈네버댓,SP-Logo Windbreaker Plum,https://image.msscdn.net/images/goods_img/20240724/4271510/4271510_17223040567204_500.jpg,False
2025-01,F,002006,나일론/코치 재킷,002,아우터,8,3212915,compagno,꼼파뇨,크래킹 후드 윈드브레이커 그레이,https://image.msscdn.net/images/goods_img/20230406/3212915/3212915_16902464685664_500.jpg,False
2025-01,F,002006,나일론/코치 재킷,002,아우터,9,4287149,thenorthface,노스페이스,NJ2HQ85A 여성 하이 마운틴 자켓_BLACK,https://image.msscdn.net/images/goods_img/20240731/4287149/4287149_17224171144415_500.jpg,False
2025-01,F,002006,나일론/코치 재킷,002,아우터,10,3801725,ertr,이알티알,ERRATOR Team Winter Jacket (Navy),https://image.msscdn.net/images/goods_img/20240117/3801725/3801725_17201691948203_500.jpg,False
2025-01,F,002006,나일론/코치 재킷,002,아우터,11,3816559,nomanual,노매뉴얼,AETHER NYLON JACKET - MARINA,https://image.msscdn.net/images/goods_img/20240123/3816559/3816559_17108131913892_500.jpg,False
2025-01,F,002006,나일론/코치 재킷,002,아우터,12,2471405,slowrecordhouse,슬로우 레코드 하우스,파이핑 라인 나일론 자켓_네이비,https://image.msscdn.net/images/goods_img/20220406/2471405/2471405_17013952125581_500.jpg,False
2025-01,F,002006,나일론/코치 재킷,002,아우터,13,3209862,not4nerd,낫포너드,Tribal Logo Nylon Racing Jacket - Navy,https://image.msscdn.net/images/goods_img/20230405/3209862/3209862_16810699900063_500.jpg,False
2025-01,F,002006,나일론/코치 재킷,002,아우터,14,4323573,grailz,그레일즈,BLUE CHECK WINDBREAKER [BLUE CHECK],https://image.msscdn.net/images/goods_img/20240813/4323573/4323573_17252439796728_500.jpg,False
2025-01,F,002006,나일론/코치 재킷,002,아우터,15,4243263,urbandtype,어반디타입,커브드 래글런 윈드브레이커_블랙,https://image.msscdn.net/images/goods_img/20240710/4243263/4243263_17417413720743_500.jpg,False
2025-01,F,002006,나일론/코치 재킷,002,아우터,16,4345752,thenorthface,노스페이스,NJ2HQ86A 여성 스토리지 워터프루프 자켓_BLACK,https://image.msscdn.net/images/goods_img/20240820/4345752/4345752_17241217982347_500.jpg,False
2025-01,F,002006,나일론/코치 재킷,002,아우터,17,4363238,noiago,노이아고,NOI1370 에센셜 체크 윈드브레이커 (네이비),https://image.msscdn.net/images/goods_img/20240823/4363238/4363238_17247477741772_500.jpg,False
2025-01,F,002006,나일론/코치 재킷,002,아우터,18,4667601,badblood,배드블러드,리버시블 후디드 윈드브레이커 - 체크블랙,https://image.msscdn.net/images/goods_img/20241216/4667601/4667601_17344839186372_500.jpg,False
2025-01,F,002006,나일론/코치 재킷,002,아우터,19,4243123,urbandtype,어반디타입,나일론 스포츠 디타입 윈드브레이커_3color,https://image.msscdn.net/images/goods_img/20240710/4243123/4243123_17484983422349_500.jpg,False
2025-01,F,002006,나일론/코치 재킷,002,아우터,20,2340574,travel,트래블,고프 후드 윈드 브레이커 블랙,https://image.msscdn.net/images/goods_img/20220204/2340574/2340574_17309499295505_500.jpg,False
2025-01,F,002006,나일론/코치 재킷,002,아우터,21,4420247,thenorthface,노스페이스,NJ3BQ80M 화이트라벨 여성 닐턴 자켓_PALE PINK,https://image.msscdn.net/images/goods_img/20240909/4420247/4420247_17258563306449_500.jpg,False
2025-01,F,002006,나일론/코치 재킷,002,아우터,22,4346036,hugyourskin,허그유어스킨,스트라이프 윈드 브레이커 (블랙),https://image.msscdn.net/images/goods_img/20240820/4346036/4346036_17253469415300_500.jpg,False
2025-01,F,002006,나일론/코치 재킷,002,아우터,23,4333289,ronron,론론,PENDANT FRILL HOODIE WIND JUMPER RED CHECK,https://image.msscdn.net/images/goods_img/20240815/4333289/4333289_17254388150094_500.jpg,False
2025-01,F,002006,나일론/코치 재킷,002,아우터,24,4286895,thenorthface,노스페이스,NJ3BQ54J 화이트라벨 빌란 자켓_BLACK,https://image.msscdn.net/images/goods_img/20240731/4286895/4286895_17224150277787_500.jpg,False
2025-01,F,002006,나일론/코치 재킷,002,아우터,25,3807440,physicaleducation,피지컬 에듀케이션 디파트먼트,P-ACTIVE 라이트 웨이트 윈드브레이커_핑크,https://image.msscdn.net/images/goods_img/20240118/3807440/3807440_17230075308160_500.jpg,False
2025-01,F,002006,나일론/코치 재킷,002,아우터,26,4448882,rockcake,락케이크,Coated Crop Hoodie Jacket - White,https://image.msscdn.net/images/goods_img/20240920/4448882/4448882_17309463629842_500.jpg,False
2025-01,F,002006,나일론/코치 재킷,002,아우터,27,3846883,yuthentic,유센틱,라인 캐주얼 집업 점퍼 블랙 AW4SM20010,https://image.msscdn.net/images/goods_img/20240205/3846883/3846883_17458002791321_500.jpg,False
2025-01,F,002006,나일론/코치 재킷,002,아우터,28,4281440,thisisneverthat,디스이즈네버댓,SP-Logo Windbreaker Black,https://image.msscdn.net/images/goods_img/20240730/4281440/4281440_17223069437587_500.jpg,False
2025-01,F,002006,나일론/코치 재킷,002,아우터,29,4369562,thenorthface,노스페이스,NJ3BQ53J 화이트라벨 밴든 자켓_BLACK,https://image.msscdn.net/images/goods_img/20240826/4369562/4369562_17246448656217_500.jpg,False
2025-01,F,002006,나일론/코치 재킷,002,아우터,30,4371477,badblood,배드블러드,빌리 져지 윈드브레이커 - 레드,https://image.msscdn.net/images/goods_img/20240826/4371477/4371477_17253417996409_500.jpg,False
2025-01,F,002019,아노락 재킷,002,아우터,1,4335880,oheshio,오헤시오,"HOODED ANORAK, NAVY",https://image.msscdn.net/images/goods_img/20240816/4335880/4335880_17252644479482_500.jpg,False
2025-01,F,002019,아노락 재킷,002,아우터,2,3476517,jeep,지프,왜고니어 기모 셋업 바람막이 점퍼 (JO5JPU263BK),https://image.msscdn.net/images/goods_img/20230818/3476517/3476517_16934442091439_500.jpg,False
2025-01,F,002019,아노락 재킷,002,아우터,3,3487606,covernat,커버낫,쉐르파 컴피보아 후디 아노락 아이보리,https://image.msscdn.net/images/goods_img/20230822/3487606/3487606_16928622891883_500.png,False
2025-01,F,002019,아노락 재킷,002,아우터,4,4255867,underarmour,언더아머,여성 ArmourSport 아노락 재킷 1386454-001,https://image.msscdn.net/images/goods_img/20240717/4255867/4255867_17212069221919_500.jpg,False
2025-01,F,002019,아노락 재킷,002,아우터,5,3046662,kiimuir,키뮤어,후디드 M-51 자켓_3 COLOR,https://image.msscdn.net/images/goods_img/20230130/3046662/3046662_17283563138184_500.jpg,False
2025-01,F,002019,아노락 재킷,002,아우터,6,3908624,umbro,엄브로,클래식 스탠넥 아노락 크림(UP221CWT41),https://image.msscdn.net/images/goods_img/20240228/3908624/3908624_17478139069378_500.jpg,False
2025-01,F,002019,아노락 재킷,002,아우터,7,4328387,lecoq,르꼬끄,네오 선데이 듀스 자켓 블랙(QP323TJK91),https://image.msscdn.net/images/goods_img/20240814/4328387/4328387_17718952127475_500.jpg,False
2025-01,F,002019,아노락 재킷,002,아우터,8,850405,search410,써치410,[UNISEX] TRIPLE COMBINATION WINDBREAKER_VIOLET,https://image.msscdn.net/images/goods_img/20180906/850405/850405_5_500.jpg,False
2025-01,F,002019,아노락 재킷,002,아우터,9,3688931,betweenaandb,비트윈에이앤비,하프집업 플리스 아노락 [네이비],https://image.msscdn.net/images/goods_img/20231107/3688931/3688931_16999696079062_500.jpg,False
2025-01,F,002019,아노락 재킷,002,아우터,10,3100545,umbro,엄브로,클래식 스탠넥 아노락 블랙(UP321CWT96),https://image.msscdn.net/images/goods_img/20230222/3100545/3100545_17548990274331_500.jpg,False
2025-01,F,002019,아노락 재킷,002,아우터,11,3812084,secondmonolgue,세컨모놀로그,2-WAY  배색 후드 윈드브레이커 자켓 [GRAY]_SEJK008GRAY,https://image.msscdn.net/images/goods_img/20240122/3812084/3812084_17095209241645_500.jpg,False
2025-01,F,002019,아노락 재킷,002,아우터,12,3097434,covernat,커버낫,윈드브레이커 아노락 자켓 블랙,https://image.msscdn.net/images/goods_img/20230221/3097434/3097434_16812760473990_500.png,False
2025-01,F,002019,아노락 재킷,002,아우터,13,4335877,oheshio,오헤시오,"HOODED ANORAK, BROWN",https://image.msscdn.net/images/goods_img/20240816/4335877/4335877_17252645191109_500.jpg,False
2025-01,F,002019,아노락 재킷,002,아우터,14,3862837,lecoq,르꼬끄,선데이 트랙탑 아이보리(QP123TFT31),https://image.msscdn.net/images/goods_img/20240213/3862837/3862837_17146930872153_500.jpg,False
2025-01,F,002019,아노락 재킷,002,아우터,15,3537129,sculptor,스컬프터,Glossy Patterned Anorak Pullover Blue,https://image.msscdn.net/images/goods_img/20230906/3537129/3537129_17198988225793_500.jpg,False
2025-01,F,002019,아노락 재킷,002,아우터,16,3884995,menasoo,미나수,HEARTTRACK VNECK NYLON ANORAK JACKET_WHITE,https://image.msscdn.net/images/goods_img/20240220/3884995/3884995_17090972830585_500.jpg,False
2025-01,F,002019,아노락 재킷,002,아우터,17,4614513,elnath,엘나스,2425 Prime Jkt - Peach,https://image.msscdn.net/images/goods_img/20241114/4614513/4614513_17326963300531_500.jpg,False
2025-01,F,002019,아노락 재킷,002,아우터,18,4243126,urbandtype,어반디타입,나일론 스포츠 디타입 윈드브레이커_핑크,https://image.msscdn.net/images/goods_img/20240710/4243126/4243126_17235296819207_500.jpg,False
2025-01,F,002019,아노락 재킷,002,아우터,19,2831864,jeep,지프,Camping Woven Anorak (JN5JPU255BK),https://image.msscdn.net/images/goods_img/20220930/2831864/2831864_1_500.jpg,False
2025-01,F,002019,아노락 재킷,002,아우터,20,3461513,trillion,트릴리온,디비전 나일론 후드 집업 윈드브레이커 자켓 (LIGHT GRAY),https://image.msscdn.net/images/goods_img/20230811/3461513/3461513_17170542339453_500.jpg,False
2025-01,F,002019,아노락 재킷,002,아우터,21,4683925,lecoq,르꼬끄,듀스 후드 리버시블 자켓 - 블랙(QQ123LJK19),https://image.msscdn.net/images/goods_img/20241230/4683925/4683925_17405344711013_500.jpg,False
2025-01,F,002019,아노락 재킷,002,아우터,22,4332110,oheshio,오헤시오,"STRIPE HOODED WINDBREAKER JUMPER, SKYBLUE",https://image.msscdn.net/images/goods_img/20240814/4332110/4332110_17253341053144_500.jpg,False
2025-01,F,002019,아노락 재킷,002,아우터,23,3608183,topten,탑텐,여성) 리사이클 다운필 하이넥 점퍼_MSD4JP2602,https://image.msscdn.net/images/goods_img/20231006/3608183/3608183_16995886769419_500.jpg,False
2025-01,F,002019,아노락 재킷,002,아우터,24,4335859,oheshio,오헤시오,"HOODED ANORAK, IVORY",https://image.msscdn.net/images/goods_img/20240816/4335859/4335859_17259327204239_500.jpg,False
2025-01,F,002019,아노락 재킷,002,아우터,25,4328392,lecoq,르꼬끄,네오 선데이 듀스 자켓 레드(QP323TJK91),https://image.msscdn.net/images/goods_img/20240814/4328392/4328392_17580892022665_500.jpg,False
2025-01,F,002019,아노락 재킷,002,아우터,26,4243255,urbandtype,어반디타입,커브드 래글런 윈드브레이커_블루,https://image.msscdn.net/images/goods_img/20240710/4243255/4243255_17412285372483_500.jpg,False
2025-01,F,002019,아노락 재킷,002,아우터,27,1776861,secondmonolgue,세컨모놀로그,나일론 윈드 후드 필드 자켓 [BLACK]_COOSJP029BLACK,https://image.msscdn.net/images/goods_img/20210204/1776861/1776861_17416611391481_500.jpg,False
2025-01,F,002019,아노락 재킷,002,아우터,28,3508544,glack,글랙,GJ030 시어 리버시블 윈드 브레이커 (SILVER/BURGUNDY),https://image.msscdn.net/images/goods_img/20230829/3508544/3508544_16940009880811_500.jpg,False
2025-01,F,002019,아노락 재킷,002,아우터,29,4614516,elnath,엘나스,2425 Prime Jkt - Vanilla,https://image.msscdn.net/images/goods_img/20241114/4614516/4614516_17326964690189_500.jpg,False
2025-01,F,002019,아노락 재킷,002,아우터,30,3875947,prendafromplant,프렌다,PRDA NYLON ANORAK BURGANDY,https://image.msscdn.net/images/goods_img/20240216/3875947/3875947_17091143455009_500.jpg,False
2025-01,F,002018,트레이닝 재킷,002,아우터,1,3422706,adidas,아디다스,파이어버드 트랙탑  - 블랙 / IL8764,https://image.msscdn.net/images/goods_img/20230724/3422706/3422706_16904232602323_500.jpg,False
2025-01,F,002018,트레이닝 재킷,002,아우터,2,4462785,adidas,아디다스,베켄바우어 트랙탑 - 다크블루 / IY2222,https://image.msscdn.net/images/goods_img/20240925/4462785/4462785_17278444946215_500.jpg,False
2025-01,F,002018,트레이닝 재킷,002,아우터,3,4722495,adidas,아디다스,베켄바우어 트랙탑 - 아이보리:브라운 / JP2522,https://image.msscdn.net/images/goods_img/20250115/4722495/4722495_17370146934878_500.jpg,False
2025-01,F,002018,트레이닝 재킷,002,아우터,4,4234917,adidas,아디다스,베켄바우어 트랙탑 - 블랙 / IW3174,https://image.msscdn.net/images/goods_img/20240705/4234917/4234917_17205041502880_500.jpg,False
2025-01,F,002018,트레이닝 재킷,002,아우터,5,4336062,adidas,아디다스,파이어버드 니트 탑 - 블랙 / IY7278,https://image.msscdn.net/images/goods_img/20240816/4336062/4336062_17242236131024_500.jpg,False
2025-01,F,002018,트레이닝 재킷,002,아우터,6,4702431,adidas,아디다스,베켄바우어 트랙탑 - 화이트 / JC5806,https://image.msscdn.net/images/goods_img/20250107/4702431/4702431_17363207622539_500.jpg,False
2025-01,F,002018,트레이닝 재킷,002,아우터,7,4319022,prendafromplant,프렌다,RAGLAN TRACK JERSEY JACKET BEIGE BRICK RED,https://image.msscdn.net/images/goods_img/20240812/4319022/4319022_17242869969697_500.jpg,False
2025-01,F,002018,트레이닝 재킷,002,아우터,8,2220819,squidgame,오징어 게임,[공식 컬래버] 무신사 X 오징어 게임 초록색 체육복,https://image.msscdn.net/images/goods_img/20211105/2220819/2220819_3_500.jpg,False
2025-01,F,002018,트레이닝 재킷,002,아우터,9,4606423,adidas,아디다스,베켄바우어 트랙탑 - 브라운 / IY9879,https://image.msscdn.net/images/goods_img/20241112/4606423/4606423_17315731467039_500.jpg,False
2025-01,F,002018,트레이닝 재킷,002,아우터,10,4414699,adidas,아디다스,베켄바우어 트랙탑 - 다크블루 / JX2802,https://image.msscdn.net/images/goods_img/20240906/4414699/4414699_17258665913327_500.jpg,False
2025-01,F,002018,트레이닝 재킷,002,아우터,11,4596657,setupexe,셋업이엑스이,STAR SPORTY ZIP-UP / BLACK,https://image.msscdn.net/images/goods_img/20241107/4596657/4596657_17318521414549_500.jpg,False
2025-01,F,002018,트레이닝 재킷,002,아우터,12,4596658,setupexe,셋업이엑스이,STAR SPORTY ZIP-UP / WHITE,https://image.msscdn.net/images/goods_img/20241107/4596658/4596658_17318523033039_500.jpg,False
2025-01,F,002018,트레이닝 재킷,002,아우터,13,4369032,niceghostclub,나이스고스트클럽,3STARS SWEAT JERSEY ZIP UP_BEIGE(NG2EFUM486A),https://image.msscdn.net/images/goods_img/20240826/4369032/4369032_17248289158818_500.jpg,False
2025-01,F,002018,트레이닝 재킷,002,아우터,14,4299259,adidas,아디다스,ADILENIUM  2 오버사이즈 트랙탑 - 블랙 / JM9251,https://image.msscdn.net/images/goods_img/20240806/4299259/4299259_17231905137986_500.jpg,False
2025-01,F,002018,트레이닝 재킷,002,아우터,15,4319020,prendafromplant,프렌다,RAGLAN TRACK JERSEY JACKET LIGHT GRAY NAVY,https://image.msscdn.net/images/goods_img/20240812/4319020/4319020_17242869098676_500.jpg,False
2025-01,F,002018,트레이닝 재킷,002,아우터,16,4702438,adidas,아디다스,파이어버드 니트 탑 - 트레이스브라운 / JD4604,https://image.msscdn.net/images/goods_img/20250107/4702438/4702438_17363209709916_500.jpg,False
2025-01,F,002018,트레이닝 재킷,002,아우터,17,3729085,yeye,예예,(24F/W) Basic Logo Track Zip-Up - Brown,https://image.msscdn.net/images/goods_img/20231122/3729085/3729085_17235207590663_500.jpg,False
2025-01,F,002018,트레이닝 재킷,002,아우터,18,4447571,adidas,아디다스,베켄바우어 트랙탑 - 핑크:브라운 / JX2804,https://image.msscdn.net/images/goods_img/20240920/4447571/4447571_17271603046386_500.jpg,False
2025-01,F,002018,트레이닝 재킷,002,아우터,19,4258411,adidas,아디다스,우븐 트랙탑 - 화이트 / JD5328,https://image.msscdn.net/images/goods_img/20240718/4258411/4258411_17217092139623_500.jpg,False
2025-01,F,002018,트레이닝 재킷,002,아우터,20,4554665,gubin,구빈,[기모]배색 코듀로이 라인 저지,https://image.msscdn.net/images/goods_img/20241024/4554665/4554665_17297579213318_500.jpg,False
2025-01,F,002018,트레이닝 재킷,002,아우터,21,4702439,adidas,아디다스,파이어버드 니트 탑 - 네이비 / JD4605,https://image.msscdn.net/images/goods_img/20250107/4702439/4702439_17363209907767_500.jpg,False
2025-01,F,002018,트레이닝 재킷,002,아우터,22,3010431,satur,세터,로턴 올 데이 트랙 집업 자켓 캐비어 블랙,https://image.msscdn.net/images/goods_img/20230109/3010431/3010431_17255123428915_500.jpg,False
2025-01,F,002018,트레이닝 재킷,002,아우터,23,2730682,partimentowomen,파르티멘토 우먼,라인 저지 트랙 탑_차콜 그레이,https://image.msscdn.net/images/goods_img/20220819/2730682/2730682_16950061956204_500.jpg,False
2025-01,F,002018,트레이닝 재킷,002,아우터,24,4405486,nike,나이키,원 드라이핏 자켓 W - 블랙:화이트 / HQ3368-010,https://image.msscdn.net/images/goods_img/20240904/4405486/4405486_17302651900092_500.jpg,False
2025-01,F,002018,트레이닝 재킷,002,아우터,25,4399970,targetto,니어노어,LACE CURVE TRACK ZIP-UP_CAMO,https://image.msscdn.net/images/goods_img/20240903/4399970/4399970_17273436433932_500.jpg,False
2025-01,F,002018,트레이닝 재킷,002,아우터,26,4513313,kenzo,겐조,보케 2.0 레귤러 윈드브레이커 재킷 - 블랙 / FE52BL1719NF99,https://image.msscdn.net/images/goods_img/20241014/4513313/4513313_17301622856476_500.jpg,False
2025-01,F,002018,트레이닝 재킷,002,아우터,27,3555937,rockcake,락케이크,Sports 96 Track Top - Navy,https://image.msscdn.net/images/goods_img/20230913/3555937/3555937_17128000098668_500.jpg,False
2025-01,F,002018,트레이닝 재킷,002,아우터,28,4694110,travel,트래블,져지 트랙 자켓 퍼플,https://image.msscdn.net/images/goods_img/20250102/4694110/4694110_17362323342674_500.jpg,False
2025-01,F,002018,트레이닝 재킷,002,아우터,29,2353497,urbandtype,어반디타입,OL209_러닝클럽 트랙 자켓_네이비,https://image.msscdn.net/images/goods_img/20220210/2353497/2353497_17875332753234_500.jpg,False
2025-01,F,002018,트레이닝 재킷,002,아우터,30,2054619,fcmm,에프씨엠엠,클럽 팀 사이드라인 트랙 자켓 - 화이트,https://image.msscdn.net/images/goods_img/20210809/2054619/2054619_17261376177570_500.jpg,False
2025-01,F,002008,환절기 코트,002,아우터,1,4202562,burberry,버버리,롱 켄싱턴 헤리티지 트렌치 코트 - 허니 / 8079414,https://image.msscdn.net/images/goods_img/20240618/4202562/4202562_17217899298658_500.jpg,False
2025-01,F,002008,환절기 코트,002,아우터,2,4479782,lee,리,울 더플 코트 네이비,https://image.msscdn.net/images/goods_img/20241002/4479782/4479782_17304278642395_500.jpg,False
2025-01,F,002008,환절기 코트,002,아우터,3,2810083,maxmara,막스마라,여성 마담 코트 - 베이지 / 10180129600032,https://image.msscdn.net/images/goods_img/20220922/2810083/2810083_1_500.jpg,False
2025-01,F,002008,환절기 코트,002,아우터,4,4268575,overdueflair,오버듀플레어,CLASSIC SUEDE JACKET_CAMEL,https://image.msscdn.net/images/goods_img/20240723/4268575/4268575_17242222531735_500.jpg,False
2025-01,F,002008,환절기 코트,002,아우터,5,3182686,isabelmarant,이자벨마랑,가브리엘 코트 - 오렌지 / MA0019FAA1D24E11OR,https://image.msscdn.net/images/goods_img/20230327/3182686/3182686_16830816783894_500.jpg,False
2025-01,F,002008,환절기 코트,002,아우터,6,3360038,burberry,버버리,첼시 코튼 트렌치 코트 - 허니 / 8032081,https://image.msscdn.net/images/goods_img/20230613/3360038/3360038_16883493445146_500.jpg,False
2025-01,F,002008,환절기 코트,002,아우터,7,4578357,frenchchic,프렌치시크,살리번 핸드메이드 울 하이넥 롱 코트,https://image.msscdn.net/images/goods_img/20241031/4578357/4578357_17303549773267_500.jpg,False
2025-01,F,002008,환절기 코트,002,아우터,8,3182688,isabelmarant,이자벨마랑,가브리엘 코트 - 블루:레드 / MA0019FAA1D24EBURD,https://image.msscdn.net/images/goods_img/20230327/3182688/3182688_16820612105486_500.jpg,False
2025-01,F,002008,환절기 코트,002,아우터,9,4009282,treemingbird,트리밍버드,Steady 3-way Trench Coat [ Black ],https://image.msscdn.net/images/goods_img/20240401/4009282/4009282_17122188787244_500.jpg,False
2025-01,F,002008,환절기 코트,002,아우터,10,3233877,burberry,버버리,헤리티지 트렌치 코트 - 베이지 / 8062642,https://image.msscdn.net/images/goods_img/20230414/3233877/3233877_16862031015007_500.jpg,False
2025-01,F,002008,환절기 코트,002,아우터,11,4359508,lenina,르니나,BAYLIN cape trench coat_BEIGE,https://image.msscdn.net/images/goods_img/20240822/4359508/4359508_17721808064655_500.jpg,False
2025-01,F,002008,환절기 코트,002,아우터,12,3032511,studionicholson,스튜디오니콜슨,홀린 오버사이즈 트렌치 코트 - 다크 네이비 / HOLINSNW628DARKNAVY,https://image.msscdn.net/images/goods_img/20230119/3032511/3032511_16784045707290_500.jpg,False
2025-01,F,002008,환절기 코트,002,아우터,13,4373530,amomento,아모멘토,HOURGLASS HALF COAT_BEIGE,https://image.msscdn.net/images/goods_img/20240827/4373530/4373530_17295646844547_500.jpg,False
2025-01,F,002008,환절기 코트,002,아우터,14,4009283,treemingbird,트리밍버드,Denim 3-way Trench Coat [ Raw Denim ],https://image.msscdn.net/images/goods_img/20240401/4009283/4009283_17122188355487_500.jpg,False
2025-01,F,002008,환절기 코트,002,아우터,15,4517986,maloupe,마롭,6506 울 더블코트 (블랙),https://image.msscdn.net/images/goods_img/20241015/4517986/4517986_17345908008267_500.jpg,False
2025-01,F,002008,환절기 코트,002,아우터,16,4479777,lee,리,패딩 더플 코트 블랙,https://image.msscdn.net/images/goods_img/20241002/4479777/4479777_17304286562124_500.jpg,False
2025-01,F,002008,환절기 코트,002,아우터,17,680961,flareup,플레어업,오버사이즈 트렌치코트 (FL-012),https://image.msscdn.net/images/prd_img/20171130/680961/detail_680961_37_500.jpg,False
2025-01,F,002008,환절기 코트,002,아우터,18,4421185,lingseoul,링서울,wool double long coat-black,https://image.msscdn.net/images/goods_img/20240909/4421185/4421185_17258642762031_500.jpg,False
2025-01,F,002008,환절기 코트,002,아우터,19,4375008,amomento,아모멘토,ALPACA RAGLAN COAT_BLACK,https://image.msscdn.net/images/goods_img/20240827/4375008/4375008_17295646996306_500.jpg,False
2025-01,F,002008,환절기 코트,002,아우터,20,2110658,nicknicole,닉앤니콜,OVERSIZED DOUBLE TRENCH COAT_8COLOR,https://image.msscdn.net/images/goods_img/20210906/2110658/2110658_17289677830789_500.jpg,False
2025-01,F,002008,환절기 코트,002,아우터,21,3724598,lemaire,르메르,하이넥 후드 트렌치 코트 - 베이지 / CO1028LF1154BG240,https://image.msscdn.net/images/goods_img/20231120/3724598/3724598_17023490327901_500.jpg,False
2025-01,F,002008,환절기 코트,002,아우터,22,2795258,toteme,토템,버튼 싱글 브레스티드 코트 - 블랙 / 223105218200,https://image.msscdn.net/images/goods_img/20220915/2795258/2795258_1_500.jpg,False
2025-01,F,002008,환절기 코트,002,아우터,23,4227268,maxmara,막스마라,메모 코트 - 에크루 / 21026011600006,https://image.msscdn.net/images/goods_img/20240702/4227268/4227268_17218969936075_500.jpg,False
2025-01,F,002008,환절기 코트,002,아우터,24,3411332,lemaire,르메르,밀리터리 더블 브레스티드 트렌치 코트 - 블랙 / CO1007LF1044BK959,https://image.msscdn.net/images/goods_img/20230717/3411332/3411332_16975063421942_500.jpg,False
2025-01,F,002008,환절기 코트,002,아우터,25,3639170,treemingbird,트리밍버드,Peaked Lapel Maxi Coat [ Charcoal ],https://image.msscdn.net/images/goods_img/20231019/3639170/3639170_16977805453294_500.jpg,False
2025-01,F,002008,환절기 코트,002,아우터,26,3808020,isabelmarant,이자벨마랑,가브리엘 코트 - 라이트 핑크 / MA0019FAB1D05E40LK,https://image.msscdn.net/images/goods_img/20240119/3808020/3808020_17068549463711_500.jpg,False
2025-01,F,002008,환절기 코트,002,아우터,27,4520590,overdueflair,오버듀플레어,VELVET TIE JACKET _BLACK,https://image.msscdn.net/images/goods_img/20241015/4520590/4520590_17310293771118_500.jpg,False
2025-01,F,002008,환절기 코트,002,아우터,28,3303771,lemaire,르메르,오버 사이즈 더블 브레스티드 코트 - 블랙:앤트러사이트 / CO1012LF1037MU003,https://image.msscdn.net/images/goods_img/20230518/3303771/3303771_16896444096112_500.jpg,False
2025-01,F,002008,환절기 코트,002,아우터,29,4479776,lee,리,우먼 숏 더플 코트 블랙,https://image.msscdn.net/images/goods_img/20241002/4479776/4479776_17304278838264_500.jpg,False
2025-01,F,002008,환절기 코트,002,아우터,30,4359544,lenina,르니나,WAGON single button long trench coat,https://image.msscdn.net/images/goods_img/20240822/4359544/4359544_17350209757189_500.jpg,False
2025-01,F,002014,사파리/헌팅 재킷,002,아우터,1,3692494,someplace,썸플레이스,덤블 카라 디테일 오버핏 롱 야상 점퍼 자켓 [블랙],https://image.msscdn.net/images/goods_img/20231107/3692494/3692494_17677487087605_500.jpg,False
2025-01,F,002014,사파리/헌팅 재킷,002,아우터,2,3818778,partimento,파르티멘토,VTG 워시드 M-65 피시테일 코트 카키,https://image.msscdn.net/images/goods_img/20240124/3818778/3818778_17062333175475_500.jpg,False
2025-01,F,002014,사파리/헌팅 재킷,002,아우터,3,3692461,someplace,썸플레이스,덤블 카라 디테일 오버핏 롱 야상 점퍼 자켓 [그레이],https://image.msscdn.net/images/goods_img/20231107/3692461/3692461_17664675287395_500.jpg,False
2025-01,F,002014,사파리/헌팅 재킷,002,아우터,4,3750624,gubin,구빈,롱 피쉬테일 자켓 - 카키,https://image.msscdn.net/images/goods_img/20231208/3750624/3750624_17056414556569_500.jpg,False
2025-01,F,002014,사파리/헌팅 재킷,002,아우터,5,3094153,espionage,에스피오나지,Hunting Blouson Jacket Olive,https://image.msscdn.net/images/goods_img/20230220/3094153/3094153_16771294572861_500.jpg,False
2025-01,F,002014,사파리/헌팅 재킷,002,아우터,6,4622545,matinkim,마뗑킴,FUR TRIMMING MIDI COTTON JUMPER IN BLACK,https://image.msscdn.net/images/goods_img/20241119/4622545/4622545_17319822518665_500.jpg,False
2025-01,F,002014,사파리/헌팅 재킷,002,아우터,7,2889461,blackmoment,블랙모먼트,오버핏 리버시블 숏 밀리터리 피쉬테일 후드 파카 점퍼_2COLOR,https://image.msscdn.net/images/goods_img/20221025/2889461/2889461_17171294444946_500.jpg,False
2025-01,F,002014,사파리/헌팅 재킷,002,아우터,8,4634569,someplace,썸플레이스,패디드 후드 스트링 로고포인트 에어리 헤비 점퍼 [브라운],https://image.msscdn.net/images/goods_img/20241125/4634569/4634569_17325205985964_500.jpg,False
2025-01,F,002014,사파리/헌팅 재킷,002,아우터,9,4539601,noiago,노이아고,NOI1449 웨어러블 롱 자켓 (차콜),https://image.msscdn.net/images/goods_img/20241021/4539601/4539601_17295829041767_500.jpg,False
2025-01,F,002014,사파리/헌팅 재킷,002,아우터,10,3406370,lmood,엘무드,체스터 헌팅 블루종 자켓 블랙,https://image.msscdn.net/images/goods_img/20230712/3406370/3406370_17255163244682_500.jpg,False
2025-01,F,002014,사파리/헌팅 재킷,002,아우터,11,4319046,dunstforwomen,던스트,UNISEX VINTAGE WORK HALF JACKET KHAKI BEIGE_UDJU4C110I3,https://image.msscdn.net/images/goods_img/20240812/4319046/4319046_17235415011838_500.jpg,False
2025-01,F,002014,사파리/헌팅 재킷,002,아우터,12,4634582,someplace,썸플레이스,패디드 후드 스트링 로고포인트 에어리 헤비 점퍼 [블랙],https://image.msscdn.net/images/goods_img/20241125/4634582/4634582_17325207286352_500.jpg,False
2025-01,F,002014,사파리/헌팅 재킷,002,아우터,13,4502517,magoodgan,맥우드건,사파리 5310 피그먼트 탈부착 패딩 피쉬테일 브라운 야상재킷,https://image.msscdn.net/images/goods_img/20241010/4502517/4502517_17285377679293_500.jpg,False
2025-01,F,002014,사파리/헌팅 재킷,002,아우터,14,4355172,dunstforwomen,던스트,UNISEX WAXED COTTON HUNTING JACKET TAN BROWN_UDTR4C102W2,https://image.msscdn.net/images/goods_img/20240821/4355172/4355172_17252537594074_500.jpg,False
2025-01,F,002014,사파리/헌팅 재킷,002,아우터,15,4355177,dunstforwomen,던스트,UNISEX WAXED COTTON HUNTING JACKET BLACK_UDTR4C102BK,https://image.msscdn.net/images/goods_img/20240821/4355177/4355177_17252537453548_500.jpg,False
2025-01,F,002014,사파리/헌팅 재킷,002,아우터,16,3484626,frizmworks,프리즘웍스,HERITAGE HUNTING JACKET 002 _ BLACK,https://image.msscdn.net/images/goods_img/20230822/3484626/3484626_17562765622420_500.jpg,False
2025-01,F,002014,사파리/헌팅 재킷,002,아우터,17,4376373,oy,오와이,DUMP WORK HOODED JACKET - WASHED BLACK,https://image.msscdn.net/images/goods_img/20240827/4376373/4376373_17249102207544_500.jpg,False
2025-01,F,002014,사파리/헌팅 재킷,002,아우터,18,4520523,overdueflair,오버듀플레어,FUR HIGH NECK DOWN JUMPER,https://image.msscdn.net/images/goods_img/20241015/4520523/4520523_17310295333128_500.jpg,False
2025-01,F,002014,사파리/헌팅 재킷,002,아우터,19,3484627,frizmworks,프리즘웍스,HERITAGE HUNTING JACKET 002 _ NAVY,https://image.msscdn.net/images/goods_img/20230822/3484627/3484627_17562765410117_500.jpg,False
2025-01,F,002014,사파리/헌팅 재킷,002,아우터,20,4355174,dunstforwomen,던스트,UNISEX WAXED COTTON HUNTING JACKET KHAKI_UDTR4C102K2,https://image.msscdn.net/images/goods_img/20240821/4355174/4355174_17252537529648_500.jpg,False
2025-01,F,002014,사파리/헌팅 재킷,002,아우터,21,4505269,discusathletic,디스커스 애슬레틱,[3COLORS] 로고 쉐르파 자켓,https://image.msscdn.net/images/goods_img/20241010/4505269/4505269_17629253804011_500.jpg,False
2025-01,F,002014,사파리/헌팅 재킷,002,아우터,22,3799443,yale,예일,헌팅 블루종 자켓_블랙,https://image.msscdn.net/images/goods_img/20240117/3799443/3799443_17095168408551_500.jpg,False
2025-01,F,002014,사파리/헌팅 재킷,002,아우터,23,4375340,kaiaakmann,카이아크만,여) 디터쳐블 덕다운 라쿤 야상점퍼(덕80/20) [FKOWCUW524P],https://image.msscdn.net/images/goods_img/20240827/4375340/4375340_17247406140451_500.jpg,False
2025-01,F,002014,사파리/헌팅 재킷,002,아우터,24,3574097,seo,에스이오,COTTON WORK JACKET BLACK,https://image.msscdn.net/images/goods_img/20230919/3574097/3574097_16951077884829_500.jpg,False
2025-01,F,002014,사파리/헌팅 재킷,002,아우터,25,4554976,frenchchic,프렌치시크,테일즈 스트링 숏 야상점퍼,https://image.msscdn.net/images/goods_img/20241024/4554976/4554976_17297555052794_500.jpg,False
2025-01,F,002014,사파리/헌팅 재킷,002,아우터,26,4319043,dunstforwomen,던스트,UNISEX VINTAGE WORK HALF JACKET DEEP NAVY_UDJU4C110N3,https://image.msscdn.net/images/goods_img/20240812/4319043/4319043_17234301620335_500.jpg,False
2025-01,F,002014,사파리/헌팅 재킷,002,아우터,27,3566153,millowomen,밀로 우먼,스트링 포켓 후디 자켓 [그레이],https://image.msscdn.net/images/goods_img/20230915/3566153/3566153_16988058236646_500.jpg,False
2025-01,F,002014,사파리/헌팅 재킷,002,아우터,28,3469965,covernat,커버낫,더플 피시테일 파카 올리브,https://image.msscdn.net/images/goods_img/20230817/3469965/3469965_16923520068333_500.png,False
2025-01,F,002014,사파리/헌팅 재킷,002,아우터,29,4393713,frenchchic,프렌치시크,벤리드 오버핏 투웨이 야상점퍼,https://image.msscdn.net/images/goods_img/20240902/4393713/4393713_17358697131383_500.jpg,False
2025-01,F,002014,사파리/헌팅 재킷,002,아우터,30,4627161,twee,트위,뷰어드 시어링 카라 퍼자켓,https://image.msscdn.net/images/goods_img/20241120/4627161/4627161_17679335499982_500.jpg,False
2025-01,F,002021,베스트,002,아우터,1,4696243,thisisneverthat,디스이즈네버댓,TNT GRAMICCI REVERSIBLE FLEECE VEST Multi,https://image.msscdn.net/images/goods_img/20250103/4696243/4696243_17361458144274_500.jpg,False
2025-01,F,002021,베스트,002,아우터,2,3125671,matinkim,마뗑킴,SPELL POINT STRIPE KNIT VEST,https://image.msscdn.net/images/goods_img/20230306/3125671/3125671_16782581740082_500.jpg,False
2025-01,F,002021,베스트,002,아우터,3,2739719,snowpeakapparel,스노우피크 어패럴,랜드 여성 경량 다운베스트 (S24WWGDV61) Light Beige,https://image.msscdn.net/images/goods_img/20220824/2739719/2739719_17893544538922_500.jpg,False
2025-01,F,002021,베스트,002,아우터,4,3450014,snowpeakapparel,스노우피크 어패럴,랜드 여성 경량 다운 베스트 (S24WWGDV61) Black,https://image.msscdn.net/images/goods_img/20230808/3450014/3450014_17877895946882_500.jpg,False
2025-01,F,002021,베스트,002,아우터,5,2352328,nicknicole,닉앤니콜,CREW NECK VEST_3 COLOR,https://image.msscdn.net/images/goods_img/20220210/2352328/2352328_2_500.jpg,False
2025-01,F,002021,베스트,002,아우터,6,4202578,ganni,가니,소프트 울 스트라이프 베스트 - 스카이웨이 / K2258271,https://image.msscdn.net/images/goods_img/20240618/4202578/4202578_17222205547120_500.jpg,False
2025-01,F,002021,베스트,002,아우터,7,4502737,sculptor,스컬프터,Faux Fur Zip-Up Vest Black,https://image.msscdn.net/images/goods_img/20241010/4502737/4502737_17303530688899_500.jpg,False
2025-01,F,002021,베스트,002,아우터,8,4468491,urago,유라고,Angora U-neck vest,https://image.msscdn.net/images/goods_img/20240926/4468491/4468491_17288867059671_500.jpg,False
2025-01,F,002021,베스트,002,아우터,9,4260079,ganni,가니,그래픽 소프트 울 믹스 베스트 - 스카이 캡틴 / K2219683,https://image.msscdn.net/images/goods_img/20240719/4260079/4260079_17231649138265_500.jpg,False
2025-01,F,002021,베스트,002,아우터,10,2969262,hieretdemain,엣드맹,싱글 스퀘어 울 부클 트위드 베스트 (블랙),https://image.msscdn.net/images/goods_img/20221202/2969262/2969262_1_500.jpg,False
2025-01,F,002021,베스트,002,아우터,11,4468350,fallett,팔렛,니트 바라클라바 후드 베스트 라이트 그레이,https://image.msscdn.net/images/goods_img/20240926/4468350/4468350_17309616761256_500.jpg,False
2025-01,F,002021,베스트,002,아우터,12,4608987,patagonia,파타고니아,우먼즈 레트로 파일 베스트,https://image.msscdn.net/images/goods_img/20241113/4608987/4608987_17314616704676_500.jpg,False
2025-01,F,002021,베스트,002,아우터,13,4408459,ganni,가니,코튼 로프 숏 베스트 - 로즈 바이올렛 / K2317295,https://image.msscdn.net/images/goods_img/20240905/4408459/4408459_17267926254697_500.jpg,False
2025-01,F,002021,베스트,002,아우터,14,4202579,ganni,가니,그래픽 울 믹스 베스트 - 라일락 / K2217392,https://image.msscdn.net/images/goods_img/20240618/4202579/4202579_17218729572369_500.jpg,False
2025-01,F,002021,베스트,002,아우터,15,3542175,loeil,로에일,브이넥 크롭 울 니트 베스트 - 멜란지 그레이,https://image.msscdn.net/images/goods_img/20230907/3542175/3542175_16944839490329_500.jpg,False
2025-01,F,002021,베스트,002,아우터,16,4202582,ganni,가니,그래픽 울 믹스 베스트 - 에그렛 / K2252135,https://image.msscdn.net/images/goods_img/20240618/4202582/4202582_17218730300736_500.jpg,False
2025-01,F,002021,베스트,002,아우터,17,4678590,ganni,가니,그래픽 울 핸드니트 베스트 - 초크 핑크 / K2346868,https://image.msscdn.net/images/goods_img/20241223/4678590/4678590_17364712972308_500.jpg,False
2025-01,F,002021,베스트,002,아우터,18,4202580,ganni,가니,소프트 울 스트라이프 베스트 - 타이거즈 아이 / K2236177,https://image.msscdn.net/images/goods_img/20240618/4202580/4202580_17222204871493_500.jpg,False
2025-01,F,002021,베스트,002,아우터,19,4319614,letterfrommoon,레터프롬문,홀터넥 아가일 울 베스트 ( 버건디 ),https://image.msscdn.net/images/goods_img/20240812/4319614/4319614_17332869109134_500.jpg,False
2025-01,F,002021,베스트,002,아우터,20,3757774,claymore,크레모아,해브온 베스트 발열조끼,https://image.msscdn.net/images/goods_img/20231215/3757774/3757774_17026189921675_500.jpg,False
2025-01,F,002021,베스트,002,아우터,21,1293166,lettercomo,레테르코모,미니멀 브이넥 니트 베스트 블랙,https://image.msscdn.net/images/goods_img/20200205/1293166/1293166_17218818865419_500.jpg,False
2025-01,F,002021,베스트,002,아우터,22,4463757,thegreenlab,더그린랩,고양이 쟈카드 베스트 조끼 [멜란지 그레이],https://image.msscdn.net/images/goods_img/20240925/4463757/4463757_17273237702072_500.jpg,False
2025-01,F,002021,베스트,002,아우터,23,4579682,hugyourskin,허그유어스킨,플리스 터틀넥 베스트 (블랙),https://image.msscdn.net/images/goods_img/20241031/4579682/4579682_17308754559730_500.jpg,False
2025-01,F,002021,베스트,002,아우터,24,4385969,artid,아티드,울 트위드 프린지 탑_BLACK,https://image.msscdn.net/images/goods_img/20240829/4385969/4385969_17249208105334_500.jpg,False
2025-01,F,002021,베스트,002,아우터,25,3481340,lee,리,리버서블 플리스 베스트 아이보리,https://image.msscdn.net/images/goods_img/20230821/3481340/3481340_16927560493931_500.jpg,False
2025-01,F,002021,베스트,002,아우터,26,4637738,roompacker,룸페커,브론디 무스탕 베스트,https://image.msscdn.net/images/goods_img/20241126/4637738/4637738_17326086248137_500.jpg,False
2025-01,F,002021,베스트,002,아우터,27,3973891,yale,예일,[100% COTTON] 우먼즈 케이블 브이넥 니트베스트 아이보리,https://image.msscdn.net/images/goods_img/20240320/3973891/3973891_17180924035777_500.jpg,False
2025-01,F,002021,베스트,002,아우터,28,4525620,roompacker,룸페커,토리노 포켓 패딩 조끼,https://image.msscdn.net/images/goods_img/20241016/4525620/4525620_17290680857585_500.jpg,False
2025-01,F,002021,베스트,002,아우터,29,4670150,ganni,가니,그래픽 울 믹스 칼라 베스트 - 에그렛 / K2463135,https://image.msscdn.net/images/goods_img/20241217/4670150/4670150_17364715788170_500.jpg,False
2025-01,F,002021,베스트,002,아우터,30,2131009,urago,유라고,Crunch knit vest,https://image.msscdn.net/images/goods_img/20210914/2131009/2131009_17259511616689_500.jpg,False
2025-01,F,002012,숏패딩/헤비 아우터,002,아우터,1,2037167,spao,스파오,파스텔 푸퍼_SPJPE4TG01,https://image.msscdn.net/images/goods_img/20210722/2037167/2037167_17631352702771_500.jpg,False
2025-01,F,002012,숏패딩/헤비 아우터,002,아우터,2,4241903,thenorthface,노스페이스,NJ1DR80J 화이트라벨 여성 노벨티 눕시 RDS 다운 자켓_BLACK,https://image.msscdn.net/images/goods_img/20240710/4241903/4241903_17828662716555_500.jpg,False
2025-01,F,002012,숏패딩/헤비 아우터,002,아우터,3,3490942,thenorthface,노스페이스,NJ1DR81A 여성 1996 눕시 자켓_BLACK,https://image.msscdn.net/images/goods_img/20230823/3490942/3490942_17718290742024_500.jpg,False
2025-01,F,002012,숏패딩/헤비 아우터,002,아우터,4,3533428,urbandtype,어반디타입,에센셜 푸퍼 덕다운 숏 패딩_글로시 블랙,https://image.msscdn.net/images/goods_img/20230906/3533428/3533428_17556634468401_500.jpg,False
2025-01,F,002012,숏패딩/헤비 아우터,002,아우터,5,4507921,newbalance,뉴발란스,NBNPE4W102 / WOMEN 액티브 숏 구스다운 (6컬러),https://image.msscdn.net/images/goods_img/20241011/4507921/4507921_17309514460618_500.jpg,False
2025-01,F,002012,숏패딩/헤비 아우터,002,아우터,6,4457974,lee,리,우먼 크롭 숏 다운 블랙,https://image.msscdn.net/images/goods_img/20240924/4457974/4457974_17636856686272_500.jpg,False
2025-01,F,002012,숏패딩/헤비 아우터,002,아우터,7,2792169,bittercells,비터셀즈,글로시 크롭 푸퍼 자켓-블랙,https://image.msscdn.net/images/goods_img/20220914/2792169/2792169_17685260819246_500.png,False
2025-01,F,002012,숏패딩/헤비 아우터,002,아우터,8,3616470,filluminate,필루미네이트,오버핏 심볼 로고 후드 패딩-블랙,https://image.msscdn.net/images/goods_img/20231011/3616470/3616470_17156627056756_500.jpg,False
2025-01,F,002012,숏패딩/헤비 아우터,002,아우터,9,4527460,mucent,무센트,헤프 하이넥 시그니처 웰론 패딩 남녀공용 (6컬러),https://image.msscdn.net/images/goods_img/20241017/4527460/4527460_17331229756697_500.jpg,False
2025-01,F,002012,숏패딩/헤비 아우터,002,아우터,10,2153567,newbalance,뉴발란스,NBNPE41113 / 남여공용 액티브 숏 다운 자켓 (4컬러),https://image.msscdn.net/images/goods_img/20210929/2153567/2153567_17307641136303_500.jpg,False
2025-01,F,002012,숏패딩/헤비 아우터,002,아우터,11,4508008,nationalgeographic,내셔널지오그래픽,N244WDW910 여성 레이만 숏기장 다운 점퍼 CARBON BLACK,https://image.msscdn.net/images/goods_img/20241011/4508008/4508008_17570494779241_500.jpg,False
2025-01,F,002012,숏패딩/헤비 아우터,002,아우터,12,2834583,kiimuir,키뮤어,오버핏 2-WAY 더플 후드 숏패딩_블랙,https://image.msscdn.net/images/goods_img/20221003/2834583/2834583_17345075014185_500.jpg,False
2025-01,F,002012,숏패딩/헤비 아우터,002,아우터,13,4223496,musinsastandardwoman,무신사 스탠다드 우먼,우먼즈 브라이트 후디드 미들 다운 재킷 [블랙],https://image.msscdn.net/images/goods_img/20240628/4223496/4223496_17799356036302_500.jpg,False
2025-01,F,002012,숏패딩/헤비 아우터,002,아우터,14,4457996,lee,리,베이직 다운 블랙,https://image.msscdn.net/images/goods_img/20240924/4457996/4457996_17297326341127_500.jpg,False
2025-01,F,002012,숏패딩/헤비 아우터,002,아우터,15,4266426,urbandtype,어반디타입,헤비 스퀘어 후드 숏 패딩_그레이,https://image.msscdn.net/images/goods_img/20240722/4266426/4266426_17555878424631_500.jpg,False
2025-01,F,002012,숏패딩/헤비 아우터,002,아우터,16,3422194,musinsastandardwoman,무신사 스탠다드 우먼,우먼즈 데일리 푸퍼 숏 패딩 재킷 [블랙],https://image.msscdn.net/images/goods_img/20230724/3422194/3422194_17631114230155_500.jpg,False
2025-01,F,002012,숏패딩/헤비 아우터,002,아우터,17,4604451,thenorthface,노스페이스,NJ1DQ91A 여성 로프티 RDS 다운 자켓_BLACK,https://image.msscdn.net/images/goods_img/20241111/4604451/4604451_17313106532206_500.jpg,False
2025-01,F,002012,숏패딩/헤비 아우터,002,아우터,18,3599167,discoveryexpedition,디스커버리 익스페디션,여성 올리브 글로우 다운(BLACK),https://image.msscdn.net/images/goods_img/20230927/3599167/3599167_17313016217208_500.jpg,False
2025-01,F,002012,숏패딩/헤비 아우터,002,아우터,19,3783012,maninstore,무드인사이드,(woman) 푸퍼 크롭 숏패딩_Black,https://image.msscdn.net/images/goods_img/20240109/3783012/3783012_17630863722045_500.jpg,False
2025-01,F,002012,숏패딩/헤비 아우터,002,아우터,20,2653652,musinsastandardwoman,무신사 스탠다드 우먼,우먼즈 데일리 푸퍼 리버서블 플리스 숏 패딩 재킷 [크림/크림],https://image.msscdn.net/images/goods_img/20220708/2653652/2653652_17629164762551_500.jpg,False
2025-01,F,002012,숏패딩/헤비 아우터,002,아우터,21,4297861,nationalgeographic,내셔널지오그래픽,N244WDW920 여성 헤론 U넥 경량 다운 점퍼 CRYSTAL BEIGE,https://image.msscdn.net/images/goods_img/20240805/4297861/4297861_17228517306912_500.jpg,False
2025-01,F,002012,숏패딩/헤비 아우터,002,아우터,22,4612241,partimento,파르티멘토,1950 N2B 밀리터리 숏 파카 블랙,https://image.msscdn.net/images/goods_img/20241113/4612241/4612241_17316309592958_500.jpg,False
2025-01,F,002012,숏패딩/헤비 아우터,002,아우터,23,4475936,mlb,엠엘비,커브 패딩 NY (Black),https://image.msscdn.net/images/goods_img/20240930/4475936/4475936_17295784813683_500.jpg,False
2025-01,F,002012,숏패딩/헤비 아우터,002,아우터,24,4242666,spao,스파오,파스텔 푸퍼 (코듀로이)_SPJPE4TG02,https://image.msscdn.net/images/goods_img/20240710/4242666/4242666_17431422879045_500.jpg,False
2025-01,F,002012,숏패딩/헤비 아우터,002,아우터,25,4479807,lee,리,우먼 후드 숏 다운 블랙,https://image.msscdn.net/images/goods_img/20241002/4479807/4479807_17310280398277_500.jpg,False
2025-01,F,002012,숏패딩/헤비 아우터,002,아우터,26,4470817,aeae,에이이에이이,NEW SYMBOL REVERSIBLE LIGHT DOWN [BLACK],https://image.msscdn.net/images/goods_img/20240927/4470817/4470817_17280088070302_500.jpg,False
2025-01,F,002012,숏패딩/헤비 아우터,002,아우터,27,4470080,calvinkleinjeans,캘빈클라인 진,여성 크롭 글로시 커브드 퀼팅 다운 푸퍼 J225425,https://image.msscdn.net/images/goods_img/20240927/4470080/4470080_17344833057835_500.jpg,False
2025-01,F,002012,숏패딩/헤비 아우터,002,아우터,28,4503687,wackywilly,와키윌리,솔리드 다운 퍼핀 숏푸퍼 블랙,https://image.msscdn.net/images/goods_img/20241010/4503687/4503687_17291238478518_500.jpg,False
2025-01,F,002012,숏패딩/헤비 아우터,002,아우터,29,3422193,musinsastandardwoman,무신사 스탠다드 우먼,우먼즈 데일리 푸퍼 숏 패딩 재킷 [아이보리],https://image.msscdn.net/images/goods_img/20230724/3422193/3422193_17616168157719_500.jpg,False
2025-01,F,002012,숏패딩/헤비 아우터,002,아우터,30,4297863,nationalgeographic,내셔널지오그래픽,N244WDW920 여성 헤론 U넥 경량 다운 점퍼 CARBON BLACK,https://image.msscdn.net/images/goods_img/20240805/4297863/4297863_17228517407979_500.jpg,False
2025-01,F,002025,무스탕/퍼,002,아우터,1,1582142,left,레프트서울,에비에이터 B-3 무스탕 자켓 [블랙],https://image.msscdn.net/images/goods_img/20200903/1582142/1582142_17888321003811_500.jpg,False
2025-01,F,002025,무스탕/퍼,002,아우터,2,4422571,roughneck,러프넥,워싱 레더 무스탕 자켓,https://image.msscdn.net/images/goods_img/20240909/4422571/4422571_17259543259384_500.jpg,False
2025-01,F,002025,무스탕/퍼,002,아우터,3,452483,doffjason,도프제이슨,솔리드 무톤 자켓,https://image.msscdn.net/images/goods_img/20161123/452483/452483_2_500.jpg,False
2025-01,F,002025,무스탕/퍼,002,아우터,4,2985378,left,레프트서울,에비에이터 B-3 무스탕 자켓 [블랙/화이트],https://image.msscdn.net/images/goods_img/20221216/2985378/2985378_17888316910045_500.jpg,False
2025-01,F,002025,무스탕/퍼,002,아우터,5,3676631,thegreenlab,더그린랩,FAUX 퍼 하이넥 무스탕 쟈켓 [블랙/아이보리],https://image.msscdn.net/images/goods_img/20231101/3676631/3676631_17652382927889_500.jpg,False
2025-01,F,002025,무스탕/퍼,002,아우터,6,4498805,leathery,레더리,오블리크 스웨이드 무스탕 자켓 [BLACK],https://image.msscdn.net/images/goods_img/20241008/4498805/4498805_17286101050603_500.jpg,False
2025-01,F,002025,무스탕/퍼,002,아우터,7,4648957,thegreenlab,더그린랩,FAUX 퍼 하이넥 무스탕 쟈켓 [밍크/아이보리],https://image.msscdn.net/images/goods_img/20241204/4648957/4648957_17889386753405_500.jpg,False
2025-01,F,002025,무스탕/퍼,002,아우터,8,4487741,doffsept,도프셉,Basic Crop Mustang in Black/Black,https://image.msscdn.net/images/goods_img/20241004/4487741/4487741_17321686392164_500.jpg,False
2025-01,F,002025,무스탕/퍼,002,아우터,9,4554366,sinoon,시눈,Heavy Mix Fur Jacket (Ivory),https://image.msscdn.net/images/goods_img/20241024/4554366/4554366_17300819675698_500.jpg,False
2025-01,F,002025,무스탕/퍼,002,아우터,10,4498804,leathery,레더리,오블리크 스웨이드 무스탕 자켓 [BROWN],https://image.msscdn.net/images/goods_img/20241008/4498804/4498804_17286102809563_500.jpg,False
2025-01,F,002025,무스탕/퍼,002,아우터,11,4507984,porta,포르타,"SOFT FUR JACKET, IVORY",https://image.msscdn.net/images/goods_img/20241011/4507984/4507984_17340506077872_500.jpg,False
2025-01,F,002025,무스탕/퍼,002,아우터,12,4644535,mucent,무센트,카이브 레더 와펜 무스탕 자켓 남녀공용 (2컬러),https://image.msscdn.net/images/goods_img/20241202/4644535/4644535_17634482424428_500.png,False
2025-01,F,002025,무스탕/퍼,002,아우터,13,4545078,heleneparis,헬레네파리스,피티드 스웨이드 무스탕 [블랙],https://image.msscdn.net/images/goods_img/20241022/4545078/4545078_17296454400437_500.jpg,False
2025-01,F,002025,무스탕/퍼,002,아우터,14,3435483,musinsastandardwoman,무신사 스탠다드 우먼,우먼즈 리버서블 신세틱 레더 시어링 하프 코트 [블랙],https://image.msscdn.net/images/goods_img/20230731/3435483/3435483_17610122417764_500.jpg,False
2025-01,F,002025,무스탕/퍼,002,아우터,15,3691512,placestudio,플레이스 스튜디오,리버시블 스웨이드 후드 크롭 더플 코트 집업 자켓 3COLOR,https://image.msscdn.net/images/goods_img/20231107/3691512/3691512_17013030948874_500.jpg,False
2025-01,F,002025,무스탕/퍼,002,아우터,16,4598251,thegreenlab,더그린랩,FAUX 퍼 하이넥 무스탕 쟈켓 [밍크/블랙],https://image.msscdn.net/images/prd_img/20241108/4598251/detail_4598251_17889381756215_500.jpg,False
2025-01,F,002025,무스탕/퍼,002,아우터,17,4629564,khakipoint,카키포인트,MINI MUSTANG (black),https://image.msscdn.net/images/goods_img/20241121/4629564/4629564_17321910610078_500.jpeg,False
2025-01,F,002025,무스탕/퍼,002,아우터,18,4660351,etreausommet,에트오소메,피그먼트 무스탕 퍼 점퍼 (블랙),https://image.msscdn.net/images/goods_img/20241211/4660351/4660351_17345095115501_500.jpg,False
2025-01,F,002025,무스탕/퍼,002,아우터,19,4554347,sinoon,시눈,Heavy Mix Fur Jacket (Ash Brown),https://image.msscdn.net/images/goods_img/20241024/4554347/4554347_17300819707933_500.jpg,False
2025-01,F,002025,무스탕/퍼,002,아우터,20,1539383,doffjason,도프제이슨,솔리드 스웨이드 무톤 자켓 (블랙),https://image.msscdn.net/images/goods_img/20200806/1539383/1539383_2_500.jpg,False
2025-01,F,002025,무스탕/퍼,002,아우터,21,3661328,lingseoul,링서울,suede mustang coat-beige,https://image.msscdn.net/images/goods_img/20231026/3661328/3661328_16995757835262_500.jpg,False
2025-01,F,002025,무스탕/퍼,002,아우터,22,3640577,leathery,레더리,오블리크 오버핏 레더 무스탕 자켓 [BLACK],https://image.msscdn.net/images/goods_img/20231019/3640577/3640577_17645621888296_500.jpg,False
2025-01,F,002025,무스탕/퍼,002,아우터,23,4535406,flareup,플레어업,Fur Jacket (FL-046_Gray),https://image.msscdn.net/images/goods_img/20241018/4535406/4535406_17639575126775_500.jpg,False
2025-01,F,002025,무스탕/퍼,002,아우터,24,4647655,lotsyou,라츠유,lotsyou_Camel Crest Mustang Beige,https://image.msscdn.net/images/goods_img/20241203/4647655/4647655_17636309898756_500.jpg,False
2025-01,F,002025,무스탕/퍼,002,아우터,25,4654755,highschooldisco,하이스쿨디스코,버클 롱 헤어 퍼 자켓,https://image.msscdn.net/images/goods_img/20241206/4654755/4654755_17622380428328_500.jpg,False
2025-01,F,002025,무스탕/퍼,002,아우터,26,3624607,someplace,썸플레이스,에코 퍼 플리스 숏 무스탕 자켓 점퍼 [베이지],https://image.msscdn.net/images/goods_img/20231013/3624607/3624607_16995803707581_500.jpg,False
2025-01,F,002025,무스탕/퍼,002,아우터,27,4660357,etreausommet,에트오소메,피그먼트 무스탕 퍼 점퍼 (그레이시 베이지),https://image.msscdn.net/images/goods_img/20241211/4660357/4660357_17697702480732_500.jpg,False
2025-01,F,002025,무스탕/퍼,002,아우터,28,4559103,giordano,지오다노,스웨이드 무스탕 자켓 374919 [camel],https://image.msscdn.net/images/goods_img/20241025/4559103/4559103_17592072907907_500.jpg,False
2025-01,F,002025,무스탕/퍼,002,아우터,29,4664998,mindbridgewomen,마인드브릿지 우먼,[W]스웨이드하프무스탕점퍼 - 2color MYJP8280,https://image.msscdn.net/images/goods_img/20241213/4664998/4664998_17345844844807_500.jpg,False
2025-01,F,002025,무스탕/퍼,002,아우터,30,4534114,millowomen,밀로 우먼,버클 롱 헤어 퍼 자켓 [라이트 베이지],https://image.msscdn.net/images/goods_img/20241018/4534114/4534114_17624003937699_500.jpg,False
2025-01,F,002023,플리스/뽀글이,002,아우터,1,2850102,yale,예일,엠브로이더리 댄 카라리스 보아 플리스 자켓_아이보리,https://image.msscdn.net/images/goods_img/20221011/2850102/2850102_17653340845444_500.jpg,False
2025-01,F,002023,플리스/뽀글이,002,아우터,2,4506570,enzoblues,엔조 블루스,플리스 집업 후디 (Blue Grey),https://image.msscdn.net/images/goods_img/20241011/4506570/4506570_17291544086460_500.jpg,False
2025-01,F,002023,플리스/뽀글이,002,아우터,3,4507942,codegraphy,코드그라피,(우먼) 더플 숏 플리스 점퍼_아이보리,https://image.msscdn.net/images/goods_img/20241011/4507942/4507942_17427991881550_500.jpg,False
2025-01,F,002023,플리스/뽀글이,002,아우터,4,1169778,fcmm,에프씨엠엠,빅로고 보아 플리스 점퍼 - 그레이,https://image.msscdn.net/images/goods_img/20190927/1169778/1169778_17289665439417_500.png,False
2025-01,F,002023,플리스/뽀글이,002,아우터,5,4286964,thenorthface,노스페이스,NJ4FQ50J 화이트라벨 컴피 알파 플리스 집업_BLACK,https://image.msscdn.net/images/goods_img/20240731/4286964/4286964_17224152904342_500.jpg,False
2025-01,F,002023,플리스/뽀글이,002,아우터,6,1567317,jeep,지프,M-Logo 레인보우 라벨 하프넥 플리스 집업 (JQ5TZU191BK),https://image.msscdn.net/images/goods_img/20200827/1567317/1567317_17871103144956_500.jpg,False
2025-01,F,002023,플리스/뽀글이,002,아우터,7,4432439,jeep,지프,M-Logo 레인보우 라벨 하프넥 플리스 집업 2 color (JQ5TZU191),https://image.msscdn.net/images/goods_img/20240911/4432439/4432439_17560810698333_500.jpg,False
2025-01,F,002023,플리스/뽀글이,002,아우터,8,4649118,ronron,론론,HEART CROCHET PATTERN FLEECE JACKET IVORY,https://image.msscdn.net/images/goods_img/20241204/4649118/4649118_17332909094441_500.jpg,False
2025-01,F,002023,플리스/뽀글이,002,아우터,9,4633843,matinkim,마뗑킴,BACK LOGO FLEECE JUMPER FOR WOMEN IN BLACK,https://image.msscdn.net/images/goods_img/20241125/4633843/4633843_17325096681244_500.jpg,False
2025-01,F,002023,플리스/뽀글이,002,아우터,10,1169780,fcmm,에프씨엠엠,빅로고 보아 플리스 점퍼 - 블랙,https://image.msscdn.net/images/goods_img/20190927/1169780/1169780_17206938972464_500.jpg,False
2025-01,F,002023,플리스/뽀글이,002,아우터,11,1670498,jeep,지프,M-Logo 레인보우 라벨 하프넥 플리스 집업 (JQ5TZU191IV),https://image.msscdn.net/images/goods_img/20201030/1670498/1670498_17615290574286_500.jpg,False
2025-01,F,002023,플리스/뽀글이,002,아우터,12,2053546,fcmm,에프씨엠엠,빅로고 보아 플리스 점퍼 - 샌드오트,https://image.msscdn.net/images/goods_img/20210809/2053546/2053546_17243055189944_500.png,False
2025-01,F,002023,플리스/뽀글이,002,아우터,13,4372353,yale,예일,엠브로이더리 댄 카라리스 퀼팅 플리스 자켓_아이보리,https://image.msscdn.net/images/goods_img/20240826/4372353/4372353_17683610513675_500.png,False
2025-01,F,002023,플리스/뽀글이,002,아우터,14,4515016,trillion,트릴리온,유니섹스 플리스 더플 후드 코트 자켓 [아이보리],https://image.msscdn.net/images/goods_img/20241014/4515016/4515016_17301775425346_500.jpg,False
2025-01,F,002023,플리스/뽀글이,002,아우터,15,4525595,borntowin,본투윈,CHROME B FLEECE CROP JACKET [BLACK],https://image.msscdn.net/images/goods_img/20241016/4525595/4525595_17292139558826_500.jpg,False
2025-01,F,002023,플리스/뽀글이,002,아우터,16,4304910,mucent,무센트,미카 양털 안감 후리스 플리스 자켓 (2컬러),https://image.msscdn.net/images/goods_img/20240807/4304910/4304910_17230144818717_500.jpg,False
2025-01,F,002023,플리스/뽀글이,002,아우터,17,3595047,niceghostclub,나이스고스트클럽,FOSSIL FLEECE JACKET_BLACK(NG2DFUB930A),https://image.msscdn.net/images/goods_img/20230926/3595047/3595047_16969987130234_500.jpg,False
2025-01,F,002023,플리스/뽀글이,002,아우터,18,4619821,tuomio,뚜오미오,OVERSIZED FLEECE BOMBER [LIGHT GREY],https://image.msscdn.net/images/goods_img/20241118/4619821/4619821_17318971131918_500.jpg,False
2025-01,F,002023,플리스/뽀글이,002,아우터,19,4528653,chasecult,체이스컬트,여성 보아 더플 누빔 반코트-아이보리,https://image.msscdn.net/images/goods_img/20241017/4528653/4528653_17292204898043_500.jpg,False
2025-01,F,002023,플리스/뽀글이,002,아우터,20,2744495,codegraphy,코드그라피,헤비보아 플리스 무톤자켓_블랙,https://image.msscdn.net/images/goods_img/20220825/2744495/2744495_17718113710588_500.jpg,False
2025-01,F,002023,플리스/뽀글이,002,아우터,21,4515027,trillion,트릴리온,유니섹스 플리스 더플 후드 코트 자켓 [블랙],https://image.msscdn.net/images/goods_img/20241014/4515027/4515027_17301774872815_500.jpg,False
2025-01,F,002023,플리스/뽀글이,002,아우터,22,4574469,fritur,프리터,Dot Fleece Jacket Ivory_F244JP01,https://image.msscdn.net/images/goods_img/20241030/4574469/4574469_17307101357054_500.jpg,False
2025-01,F,002023,플리스/뽀글이,002,아우터,23,3498228,thisisneverthat,디스이즈네버댓,SP Sherpa Fleece Jacket Brown,https://image.msscdn.net/images/goods_img/20230825/3498228/3498228_16932968688813_500.jpg,False
2025-01,F,002023,플리스/뽀글이,002,아우터,24,4454871,citybreeze,시티브리즈,심볼 로고 플리스 점퍼_4COLORS,https://image.msscdn.net/images/goods_img/20240923/4454871/4454871_17821795912727_500.jpg,False
2025-01,F,002023,플리스/뽀글이,002,아우터,25,4138973,musinsastandardwoman,무신사 스탠다드 우먼,우먼즈 오버사이즈 테디 플리스 쉐르파 재킷 [블랙],https://image.msscdn.net/images/goods_img/20240517/4138973/4138973_17314026552287_500.jpg,False
2025-01,F,002023,플리스/뽀글이,002,아우터,26,4138969,musinsastandardwoman,무신사 스탠다드 우먼,우먼즈 오버사이즈 테디 플리스 하이 넥 집업 재킷 [브라운],https://image.msscdn.net/images/goods_img/20240517/4138969/4138969_17314039765628_500.jpg,False
2025-01,F,002023,플리스/뽀글이,002,아우터,27,4579744,hugyourskin,허그유어스킨,드로우 스트링 플리스 집업 (차콜),https://image.msscdn.net/images/goods_img/20241031/4579744/4579744_17676699485681_500.jpg,False
2025-01,F,002023,플리스/뽀글이,002,아우터,28,4252226,urbandtype,어반디타입,패디드 플리스 바시티 자켓_핑크,https://image.msscdn.net/images/goods_img/20240716/4252226/4252226_17556562106318_500.jpg,False
2025-01,F,002023,플리스/뽀글이,002,아우터,29,4518011,mucent,무센트,노르망 뽀글 양털 후리스 플리스 집업 남녀공용 (2컬러),https://image.msscdn.net/images/goods_img/20241015/4518011/4518011_17289597034340_500.jpg,False
2025-01,F,002023,플리스/뽀글이,002,아우터,30,4372351,yale,예일,엠브로이더리 댄 카라리스 퀼팅 플리스 자켓_블랙,https://image.msscdn.net/images/goods_img/20240826/4372351/4372351_17683611174519_500.png,False
2025-01,F,002007,겨울 싱글 코트,002,아우터,1,2700048,musinsastandardwoman,무신사 스탠다드 우먼,우먼즈 캐시미어 블렌드 발마칸 로브 코트 [블랙],https://image.msscdn.net/images/goods_img/20220805/2700048/2700048_17661148134527_500.jpg,False
2025-01,F,002007,겨울 싱글 코트,002,아우터,2,3612113,avan,어반드레스,Amelia Classic Single Coat BLACK,https://image.msscdn.net/images/goods_img/20231008/3612113/3612113_16976040620564_500.jpg,False
2025-01,F,002007,겨울 싱글 코트,002,아우터,3,4209425,musinsastandardwoman,무신사 스탠다드 우먼,우먼즈 울 블렌드 오버 숄더 맥 코트 [블랙],https://image.msscdn.net/images/goods_img/20240620/4209425/4209425_17314821444929_500.jpg,False
2025-01,F,002007,겨울 싱글 코트,002,아우터,4,4431837,oafish,오피쉬,"리치 울 하프 코트, 그레이",https://image.msscdn.net/images/goods_img/20240911/4431837/4431837_17261708836000_500.jpg,False
2025-01,F,002007,겨울 싱글 코트,002,아우터,5,4209418,musinsastandardwoman,무신사 스탠다드 우먼,우먼즈 캐시미어 블렌드 타이디 맥시 코트 [블랙],https://image.msscdn.net/images/goods_img/20240620/4209418/4209418_17314748396379_500.jpg,False
2025-01,F,002007,겨울 싱글 코트,002,아우터,6,2124214,musinsastandardwoman,무신사 스탠다드 우먼,우먼즈 캐시미어 블렌드 핸드메이드 발마칸 로브 코트 [블랙],https://image.msscdn.net/images/goods_img/20210910/2124214/2124214_17603400988280_500.jpg,False
2025-01,F,002007,겨울 싱글 코트,002,아우터,7,1628418,musinsastandardwoman,무신사 스탠다드 우먼,우먼즈 캐시미어 블렌드 체스터 롱 코트 [블랙],https://image.msscdn.net/images/goods_img/20200928/1628418/1628418_17358857062794_500.jpg,False
2025-01,F,002007,겨울 싱글 코트,002,아우터,8,4209434,musinsastandardwoman,무신사 스탠다드 우먼,우먼즈 울 블렌드 볼륨 멜톤 오버 숄더 블레이저 코트 [블랙],https://image.msscdn.net/images/goods_img/20240620/4209434/4209434_17313029770374_500.jpg,False
2025-01,F,002007,겨울 싱글 코트,002,아우터,9,2700045,musinsastandardwoman,무신사 스탠다드 우먼,우먼즈 캐시미어 블렌드 오버 숄더 싱글 코트 [블랙],https://image.msscdn.net/images/goods_img/20220805/2700045/2700045_17800207979689_500.jpg,False
2025-01,F,002007,겨울 싱글 코트,002,아우터,10,4211912,musinsastandardwoman,무신사 스탠다드 우먼,우먼즈 캐시미어 블렌드 발마칸 로브 코트 [카멜],https://image.msscdn.net/images/goods_img/20240621/4211912/4211912_17278574021121_500.jpg,False
2025-01,F,002007,겨울 싱글 코트,002,아우터,11,3810060,lingseoul,링서울,handmade wool trench coat-black,https://image.msscdn.net/images/goods_img/20240119/3810060/3810060_17337247076702_500.jpg,False
2025-01,F,002007,겨울 싱글 코트,002,아우터,12,4209432,musinsastandardwoman,무신사 스탠다드 우먼,우먼즈 울 블렌드 후디드 코트 [블랙],https://image.msscdn.net/images/goods_img/20240620/4209432/4209432_17307658090637_500.jpg,False
2025-01,F,002007,겨울 싱글 코트,002,아우터,13,2518481,musinsastandardwoman,무신사 스탠다드 우먼,우먼즈 캐시미어 블렌드 핸드메이드 발마칸 로브 코트 [미디엄 그레이],https://image.msscdn.net/images/goods_img/20220427/2518481/2518481_17603402886859_500.jpg,False
2025-01,F,002007,겨울 싱글 코트,002,아우터,14,4209419,musinsastandardwoman,무신사 스탠다드 우먼,우먼즈 캐시미어 블렌드 타이디 맥시 코트 [미디엄 그레이],https://image.msscdn.net/images/goods_img/20240620/4209419/4209419_17314748063324_500.jpg,False
2025-01,F,002007,겨울 싱글 코트,002,아우터,15,2700052,musinsastandardwoman,무신사 스탠다드 우먼,우먼즈 헤링본 발마칸 로브 코트 [다크 그레이],https://image.msscdn.net/images/goods_img/20220805/2700052/2700052_17358860680158_500.jpg,False
2025-01,F,002007,겨울 싱글 코트,002,아우터,16,2700051,musinsastandardwoman,무신사 스탠다드 우먼,우먼즈 캐시미어 블렌드 발마칸 로브 코트 [건메탈],https://image.msscdn.net/images/goods_img/20220805/2700051/2700051_17661147786668_500.jpg,False
2025-01,F,002007,겨울 싱글 코트,002,아우터,17,4518381,giordano,지오다노,울 싱글 롱코트 374916 [3color],https://image.msscdn.net/images/goods_img/20241015/4518381/4518381_17313106671720_500.jpg,False
2025-01,F,002007,겨울 싱글 코트,002,아우터,18,4209435,musinsastandardwoman,무신사 스탠다드 우먼,우먼즈 울 블렌드 볼륨 멜톤 오버 숄더 블레이저 코트 [토프],https://image.msscdn.net/images/goods_img/20240620/4209435/4209435_17313029977434_500.jpg,False
2025-01,F,002007,겨울 싱글 코트,002,아우터,19,2124216,musinsastandardwoman,무신사 스탠다드 우먼,우먼즈 캐시미어 블렌드 핸드메이드 발마칸 로브 코트 [오트밀],https://image.msscdn.net/images/goods_img/20210910/2124216/2124216_17624991364031_500.jpg,False
2025-01,F,002007,겨울 싱글 코트,002,아우터,20,3809881,lingseoul,링서울,handmade wool trench coat-brown,https://image.msscdn.net/images/goods_img/20240119/3809881/3809881_17337248358943_500.jpg,False
2025-01,F,002007,겨울 싱글 코트,002,아우터,21,4211908,musinsastandardwoman,무신사 스탠다드 우먼,우먼즈 캐시미어 블렌드 오버 숄더 싱글 코트 [미디엄 그레이],https://image.msscdn.net/images/goods_img/20240621/4211908/4211908_17800206974694_500.jpg,False
2025-01,F,002007,겨울 싱글 코트,002,아우터,22,2159721,lingseoul,링서울,handmade wool trench coat-camel,https://image.msscdn.net/images/goods_img/20211001/2159721/2159721_17871055344035_500.jpg,False
2025-01,F,002007,겨울 싱글 코트,002,아우터,23,2156295,kiimuir,키뮤어,[WOOL 80] 울 세미오버핏 발마칸 코트_블랙,https://image.msscdn.net/images/goods_img/20210930/2156295/2156295_17899664304676_500.jpg,False
2025-01,F,002007,겨울 싱글 코트,002,아우터,24,4213375,musinsastandardwoman,무신사 스탠다드 우먼,우먼즈 캐시미어 블렌드 핸드메이드 쇼트 맥 코트 [블랙],https://image.msscdn.net/images/goods_img/20240621/4213375/4213375_17262132621879_500.jpg,False
2025-01,F,002007,겨울 싱글 코트,002,아우터,25,3405566,musinsastandardwoman,무신사 스탠다드 우먼,우먼즈 울 블렌드 부클 발마칸 로브 코트 [블랙],https://image.msscdn.net/images/goods_img/20230712/3405566/3405566_17821793375149_500.jpg,False
2025-01,F,002007,겨울 싱글 코트,002,아우터,26,3646678,treemingbird,트리밍버드,Traum Balmacaan Long Coat [ Black ],https://image.msscdn.net/images/goods_img/20231022/3646678/3646678_17670747895614_500.jpg,False
2025-01,F,002007,겨울 싱글 코트,002,아우터,27,4211911,musinsastandardwoman,무신사 스탠다드 우먼,우먼즈 캐시미어 블렌드 발마칸 로브 코트 [버터],https://image.msscdn.net/images/goods_img/20240621/4211911/4211911_17278573244263_500.jpg,False
2025-01,F,002007,겨울 싱글 코트,002,아우터,28,2700056,musinsastandardwoman,무신사 스탠다드 우먼,우먼즈 캐시미어 블렌드 쇼트 맥 코트 [블랙],https://image.msscdn.net/images/goods_img/20220805/2700056/2700056_17358854245695_500.jpg,False
2025-01,F,002007,겨울 싱글 코트,002,아우터,29,4209424,musinsastandardwoman,무신사 스탠다드 우먼,우먼즈 울 블렌드 부클 발마칸 하프 코트 [브라운],https://image.msscdn.net/images/goods_img/20240620/4209424/4209424_17285269389318_500.jpg,False
2025-01,F,002007,겨울 싱글 코트,002,아우터,30,2785964,lingseoul,링서울,handmade wool half coat-black,https://image.msscdn.net/images/goods_img/20220913/2785964/2785964_17318983116879_500.jpg,False
2025-01,F,002024,겨울 더블 코트,002,아우터,1,3405568,musinsastandardwoman,무신사 스탠다드 우먼,우먼즈 캐시미어 블렌드 트렌치 코트 [블랙],https://image.msscdn.net/images/goods_img/20230712/3405568/3405568_17358860312105_500.jpg,False
2025-01,F,002024,겨울 더블 코트,002,아우터,2,1611799,musinsastandardwoman,무신사 스탠다드 우먼,우먼즈 캐시미어 블렌드 더블 체스터 롱 코트 [블랙],https://image.msscdn.net/images/goods_img/20200918/1611799/1611799_16998418525655_500.jpg,False
2025-01,F,002024,겨울 더블 코트,002,아우터,3,2124218,musinsastandardwoman,무신사 스탠다드 우먼,우먼즈 캐시미어 블렌드 핸드메이드 더블 코트 [블랙],https://image.msscdn.net/images/goods_img/20210910/2124218/2124218_17821830930854_500.jpg,False
2025-01,F,002024,겨울 더블 코트,002,아우터,4,3405564,musinsastandardwoman,무신사 스탠다드 우먼,우먼즈 울 블렌드 오버 숄더 더블 코트 [블랙],https://image.msscdn.net/images/goods_img/20230712/3405564/3405564_17252366745960_500.jpg,False
2025-01,F,002024,겨울 더블 코트,002,아우터,5,1611801,musinsastandardwoman,무신사 스탠다드 우먼,우먼즈 캐시미어 블렌드 더블 체스터 롱 코트 [미디엄 그레이],https://image.msscdn.net/images/goods_img/20200918/1611801/1611801_16998419183951_500.jpg,False
2025-01,F,002024,겨울 더블 코트,002,아우터,6,4533097,levar,르바,Hairy Alpaca Blended Classic Coat - Charcoal,https://image.msscdn.net/images/goods_img/20241018/4533097/4533097_17606054459812_500.jpg,False
2025-01,F,002024,겨울 더블 코트,002,아우터,7,2518480,musinsastandardwoman,무신사 스탠다드 우먼,우먼즈 캐시미어 블렌드 핸드메이드 더블 코트 [차콜 그레이],https://image.msscdn.net/images/goods_img/20220427/2518480/2518480_17821832254333_500.jpg,False
2025-01,F,002024,겨울 더블 코트,002,아우터,8,3405569,musinsastandardwoman,무신사 스탠다드 우먼,우먼즈 캐시미어 블렌드 트렌치 코트 [토프],https://image.msscdn.net/images/goods_img/20230712/3405569/3405569_17126523392809_500.jpg,False
2025-01,F,002024,겨울 더블 코트,002,아우터,9,4211917,musinsastandardwoman,무신사 스탠다드 우먼,우먼즈 캐시미어 블렌드 더블 체스터 롱 코트 [헤더 올리브],https://image.msscdn.net/images/goods_img/20240621/4211917/4211917_17241313716355_500.jpg,False
2025-01,F,002024,겨울 더블 코트,002,아우터,10,3405570,musinsastandardwoman,무신사 스탠다드 우먼,우먼즈 캐시미어 블렌드 트렌치 코트 [차콜 그레이],https://image.msscdn.net/images/goods_img/20230712/3405570/3405570_16970883902516_500.jpg,False
2025-01,F,002024,겨울 더블 코트,002,아우터,11,2821697,urbandtype,어반디타입,히티드울 멜턴 더플코트(Wool 60)_네이비,https://image.msscdn.net/images/goods_img/20220927/2821697/2821697_17268010763691_500.jpg,False
2025-01,F,002024,겨울 더블 코트,002,아우터,12,3405565,musinsastandardwoman,무신사 스탠다드 우먼,우먼즈 울 블렌드 오버 숄더 더블 코트  [토프],https://image.msscdn.net/images/goods_img/20230712/3405565/3405565_17358859030169_500.jpg,False
2025-01,F,002024,겨울 더블 코트,002,아우터,13,4209441,musinsastandardwoman,무신사 스탠다드 우먼,우먼즈 헤어리 알파카 블렌드 오버 숄더 더블 코트 [블랙],https://image.msscdn.net/images/goods_img/20240620/4209441/4209441_17314613494886_500.jpg,False
2025-01,F,002024,겨울 더블 코트,002,아우터,14,4209439,musinsastandardwoman,무신사 스탠다드 우먼,우먼즈 헤어리 알파카 블렌드 오버 숄더 더블 코트 [그레이],https://image.msscdn.net/images/goods_img/20240620/4209439/4209439_17314613006869_500.jpg,False
2025-01,F,002024,겨울 더블 코트,002,아우터,15,2518474,musinsastandardwoman,무신사 스탠다드 우먼,우먼즈 캐시미어 블렌드 더블 체스터 롱 코트 [오트밀],https://image.msscdn.net/images/goods_img/20220427/2518474/2518474_16998417712990_500.jpg,False
2025-01,F,002024,겨울 더블 코트,002,아우터,16,668822,coor,쿠어,MTR 오버핏 더블 롱 코트 (블랙),https://image.msscdn.net/images/goods_img/20171110/668822/668822_17271832549450_500.jpg,False
2025-01,F,002024,겨울 더블 코트,002,아우터,17,4497960,lenina,르니나,ETTE ribbon wool coat_GRAY,https://image.msscdn.net/images/goods_img/20241008/4497960/4497960_17350171221589_500.jpg,False
2025-01,F,002024,겨울 더블 코트,002,아우터,18,4209440,musinsastandardwoman,무신사 스탠다드 우먼,우먼즈 헤어리 알파카 블렌드 오버 숄더 더블 코트 [브라운],https://image.msscdn.net/images/goods_img/20240620/4209440/4209440_17314613254424_500.jpg,False
2025-01,F,002024,겨울 더블 코트,002,아우터,19,2862908,trillion,트릴리온,유니섹스 발마칸 더플 숏 코트 (BEIGE),https://image.msscdn.net/images/goods_img/20221014/2862908/2862908_1_500.jpg,False
2025-01,F,002024,겨울 더블 코트,002,아우터,20,4477358,marithefrancoisgirbaud,마리떼 프랑소와 저버,W OFFICER COAT dark brown,https://image.msscdn.net/images/goods_img/20240930/4477358/4477358_17297253885611_500.jpg,False
2025-01,F,002024,겨울 더블 코트,002,아우터,21,4426906,whoau,후아유,Wool Duffle Coat / WHJWE4T11F,https://image.msscdn.net/images/goods_img/20240910/4426906/4426906_17623061744209_500.jpg,False
2025-01,F,002024,겨울 더블 코트,002,아우터,22,3612117,avan,어반드레스,Anna Double Long Coat BLACK,https://image.msscdn.net/images/goods_img/20231008/3612117/3612117_16976041397349_500.jpg,False
2025-01,F,002024,겨울 더블 코트,002,아우터,23,4544478,8seconds,에잇세컨즈,롱 더플 코트  네이비,https://image.msscdn.net/images/goods_img/20241022/4544478/4544478_17295820953389_500.jpg,False
2025-01,F,002024,겨울 더블 코트,002,아우터,24,4209428,musinsastandardwoman,무신사 스탠다드 우먼,우먼즈 울 블렌드 오버 숄더 피 코트 [네이비],https://image.msscdn.net/images/goods_img/20240620/4209428/4209428_17358863150832_500.jpg,False
2025-01,F,002024,겨울 더블 코트,002,아우터,25,2124219,musinsastandardwoman,무신사 스탠다드 우먼,우먼즈 캐시미어 블렌드 핸드메이드 더블 코트 [오트밀],https://image.msscdn.net/images/goods_img/20210910/2124219/2124219_17821831845906_500.jpg,False
2025-01,F,002024,겨울 더블 코트,002,아우터,26,4514340,giordano,지오다노,울 오버핏 더블 롱코트 374917 [2color],https://image.msscdn.net/images/goods_img/20241014/4514340/4514340_17288919149178_500.jpg,False
2025-01,F,002024,겨울 더블 코트,002,아우터,27,4512999,lmood,엘무드,그레이웨일 더블 코트 FELTRO 블랙,https://image.msscdn.net/images/goods_img/20241014/4512999/4512999_17645601264932_500.png,False
2025-01,F,002024,겨울 더블 코트,002,아우터,28,2124217,musinsastandardwoman,무신사 스탠다드 우먼,우먼즈 캐시미어 블렌드 핸드메이드 더블 코트 [베이지],https://image.msscdn.net/images/goods_img/20210910/2124217/2124217_17821828665467_500.jpg,False
2025-01,F,002024,겨울 더블 코트,002,아우터,29,2217531,avan,어반드레스,125CM 슈퍼 롱 오버핏 더블 코트,https://image.msscdn.net/images/goods_img/20211104/2217531/2217531_16722043899054_500.jpg,False
2025-01,F,002024,겨울 더블 코트,002,아우터,30,3005484,rosefrantz,로제프란츠,Wool Maxi Coat [Black],https://image.msscdn.net/images/goods_img/20230104/3005484/3005484_16728054297615_500.jpg,False
2025-01,F,002009,겨울 기타 코트,002,아우터,1,4351669,misekiseoul,미세키서울,Duffle hoodie short coat CHARCOAL,https://image.msscdn.net/images/goods_img/20240821/4351669/4351669_17582644885283_500.jpg,False
2025-01,F,002009,겨울 기타 코트,002,아우터,2,4351348,misekiseoul,미세키서울,Hoodie long duffle Coat CHARCOAL,https://image.msscdn.net/images/goods_img/20240821/4351348/4351348_17621492767638_500.jpg,False
2025-01,F,002009,겨울 기타 코트,002,아우터,3,3397886,musinsastandardwoman,무신사 스탠다드 우먼,우먼즈 울 블렌드 더플 쇼트 코트 [블랙],https://image.msscdn.net/images/goods_img/20230706/3397886/3397886_17799446298899_500.jpg,False
2025-01,F,002009,겨울 기타 코트,002,아우터,4,2863075,trillion,트릴리온,유니섹스 발마칸 더플 숏 코트 (BLACK),https://image.msscdn.net/images/goods_img/20221014/2863075/2863075_1_500.jpg,False
2025-01,F,002009,겨울 기타 코트,002,아우터,5,2238440,partimento,파르티멘토,오버사이즈 멜톤 더플 롱 코트 네이비,https://image.msscdn.net/images/goods_img/20211117/2238440/2238440_1_500.jpg,False
2025-01,F,002009,겨울 기타 코트,002,아우터,6,3585021,kiimuir,키뮤어,울(WOOL) 후드 더플 하프 코트_네이비,https://image.msscdn.net/images/goods_img/20230921/3585021/3585021_17345081650279_500.jpg,False
2025-01,F,002009,겨울 기타 코트,002,아우터,7,4507480,oheshio,오헤시오,"CHECK HALF WOOL COAT, BLACK",https://image.msscdn.net/images/goods_img/20241011/4507480/4507480_17298501778797_500.jpg,False
2025-01,F,002009,겨울 기타 코트,002,아우터,8,3397887,musinsastandardwoman,무신사 스탠다드 우먼,우먼즈 울 블렌드 더플 쇼트 코트 [네이비],https://image.msscdn.net/images/goods_img/20230706/3397887/3397887_17799445231605_500.jpg,False
2025-01,F,002009,겨울 기타 코트,002,아우터,9,4501870,spao,스파오,숏 더플코트 (SPJWE4TG03 RE)_SPJWF11G03,https://image.msscdn.net/images/goods_img/20241010/4501870/4501870_17326728563197_500.jpg,False
2025-01,F,002009,겨울 기타 코트,002,아우터,10,4209431,musinsastandardwoman,무신사 스탠다드 우먼,우먼즈 알파카 블렌드 후디드 쇼트 코트 [브라운],https://image.msscdn.net/images/goods_img/20240620/4209431/4209431_17320957797251_500.jpg,False
2025-01,F,002009,겨울 기타 코트,002,아우터,11,4209429,musinsastandardwoman,무신사 스탠다드 우먼,우먼즈 알파카 블렌드 후디드 쇼트 코트 [라이트 베이지],https://image.msscdn.net/images/goods_img/20240620/4209429/4209429_17358853645101_500.jpg,False
2025-01,F,002009,겨울 기타 코트,002,아우터,12,4295593,maxmara,막스마라,릴리아 코트 - 사비아 / 21016061600032,https://image.msscdn.net/images/goods_img/20240805/4295593/4295593_17248048021503_500.jpg,False
2025-01,F,002009,겨울 기타 코트,002,아우터,13,1641129,musinsastandardwoman,무신사 스탠다드 우먼,우먼즈 캐시미어 블렌드 핸드메이드 로브 코트 [블랙],https://image.msscdn.net/images/goods_img/20201008/1641129/1641129_17821067025442_500.jpg,False
2025-01,F,002009,겨울 기타 코트,002,아우터,14,4225685,toteme,토템,시그니처 울 캐시미어 코트 - 블랙 / 211110717200,https://image.msscdn.net/images/goods_img/20240701/4225685/4225685_17212844615361_500.jpg,False
2025-01,F,002009,겨울 기타 코트,002,아우터,15,4497798,lenina,르니나,CAEL handmade wool buckle short coat_BLACK,https://image.msscdn.net/images/goods_img/20241008/4497798/4497798_17624989566619_500.jpg,False
2025-01,F,002009,겨울 기타 코트,002,아우터,16,4414872,covernatwoman,커버낫 우먼,우먼 후드 숏 더플 코트 Navy,https://image.msscdn.net/images/goods_img/20240906/4414872/4414872_17319945153695_500.jpg,False
2025-01,F,002009,겨울 기타 코트,002,아우터,17,3585018,kiimuir,키뮤어,울(WOOL) 후드 더플 하프 코트_블랙,https://image.msscdn.net/images/goods_img/20230921/3585018/3585018_17345081833192_500.jpg,False
2025-01,F,002009,겨울 기타 코트,002,아우터,18,4209459,musinsastandardwoman,무신사 스탠다드 우먼,우먼즈 페이크 시어링 더플 코트 [베이지],https://image.msscdn.net/images/goods_img/20240620/4209459/4209459_17358865908613_500.jpg,False
2025-01,F,002009,겨울 기타 코트,002,아우터,19,3654407,cloet,클로엣,"미니멀 발마칸 하프  코트 -카멜 ,챠콜",https://image.msscdn.net/images/goods_img/20231024/3654407/3654407_17622268474310_500.jpg,False
2025-01,F,002009,겨울 기타 코트,002,아우터,20,4588542,lingseoul,링서울,handmade wool duffle coat-charcoal,https://image.msscdn.net/images/goods_img/20241105/4588542/4588542_17313942341641_500.jpg,False
2025-01,F,002009,겨울 기타 코트,002,아우터,21,2238412,partimento,파르티멘토,오버사이즈 멜톤 콘보이 더플 코트 네이비,https://image.msscdn.net/images/goods_img/20211117/2238412/2238412_2_500.jpg,False
2025-01,F,002009,겨울 기타 코트,002,아우터,22,2238433,partimento,파르티멘토,오버사이즈 멜톤 더플 롱 코트 블랙,https://image.msscdn.net/images/goods_img/20211117/2238433/2238433_1_500.jpg,False
2025-01,F,002009,겨울 기타 코트,002,아우터,23,3603817,covernat,커버낫,울 더플 코트 네이비,https://image.msscdn.net/images/goods_img/20231005/3603817/3603817_16964733971272_500.png,False
2025-01,F,002009,겨울 기타 코트,002,아우터,24,3655903,placestudio,플레이스 스튜디오,후드 크롭 더플 코트 자켓 점퍼 [아이보리],https://image.msscdn.net/images/goods_img/20231025/3655903/3655903_17659331464566_500.jpg,False
2025-01,F,002009,겨울 기타 코트,002,아우터,25,4414880,covernatwoman,커버낫 우먼,우먼 후드 숏 더플 코트 Ivory,https://image.msscdn.net/images/goods_img/20240906/4414880/4414880_17301033856286_500.jpg,False
2025-01,F,002009,겨울 기타 코트,002,아우터,26,2863073,trillion,트릴리온,유니섹스 발마칸 더플 숏 코트 (BROWN),https://image.msscdn.net/images/goods_img/20221014/2863073/2863073_1_500.jpg,False
2025-01,F,002009,겨울 기타 코트,002,아우터,27,4209430,musinsastandardwoman,무신사 스탠다드 우먼,우먼즈 알파카 블렌드 후디드 쇼트 코트 [미디엄 그레이],https://image.msscdn.net/images/goods_img/20240620/4209430/4209430_17320957122899_500.jpg,False
2025-01,F,002009,겨울 기타 코트,002,아우터,28,4351674,misekiseoul,미세키서울,Duffle hoodie short coat GREY,https://image.msscdn.net/images/goods_img/20240821/4351674/4351674_17412411929916_500.jpg,False
2025-01,F,002009,겨울 기타 코트,002,아우터,29,2863193,trillion,트릴리온,유니섹스 발마칸 더플 롱 코트 (BLACK),https://image.msscdn.net/images/goods_img/20221014/2863193/2863193_1_500.jpg,False
2025-01,F,002009,겨울 기타 코트,002,아우터,30,2126565,musinsastandardwoman,무신사 스탠다드 우먼,우먼즈 캐시미어 블렌드 핸드메이드 로브 코트 [오트밀],https://image.msscdn.net/images/goods_img/20210913/2126565/2126565_17821065759380_500.jpg,False
2025-01,F,002013,롱패딩/헤비 아우터,002,아우터,1,3600897,discoveryexpedition,디스커버리 익스페디션,여성 켈리 구스다운 롱패딩 (BLACK),https://image.msscdn.net/images/goods_img/20231004/3600897/3600897_17623273685195_500.jpg,False
2025-01,F,002013,롱패딩/헤비 아우터,002,아우터,2,4327173,thenorthface,노스페이스,NC1DQ50J 화이트라벨 액션 프리 RDS 다운 코트_BLACK,https://image.msscdn.net/images/goods_img/20240813/4327173/4327173_17235381048878_500.jpg,False
2025-01,F,002013,롱패딩/헤비 아우터,002,아우터,3,4525082,nationalgeographic,내셔널지오그래픽,N244WDW860 여성 카이만 프로 롱기장 구스 다운 점퍼 CARBON BLACK,https://image.msscdn.net/images/goods_img/20241016/4525082/4525082_17291459329736_500.jpg,False
2025-01,F,002013,롱패딩/헤비 아우터,002,아우터,4,2758330,discoveryexpedition,디스커버리 익스페디션,여성 레스터G RDS 구스다운 롱패딩 (BLACK),https://image.msscdn.net/images/goods_img/20220831/2758330/2758330_17320646572654_500.jpg,False
2025-01,F,002013,롱패딩/헤비 아우터,002,아우터,5,4368458,k2,케이투,G900 트리니티 (TRINITY) 다운 W_Black,https://image.msscdn.net/images/goods_img/20240826/4368458/4368458_17302567133434_500.jpg,False
2025-01,F,002013,롱패딩/헤비 아우터,002,아우터,6,3583316,discoveryexpedition,디스커버리 익스페디션,여성 반슬리 다운 롱패딩 (BLACK),https://image.msscdn.net/images/goods_img/20230921/3583316/3583316_17684438118219_500.jpg,False
2025-01,F,002013,롱패딩/헤비 아우터,002,아우터,7,4589032,kolonsport,코오롱스포츠,여성 폭스퍼 롱다운 스노우문 TVJDW24562BLK,https://image.msscdn.net/images/goods_img/20241105/4589032/4589032_17316367308405_500.jpg,False
2025-01,F,002013,롱패딩/헤비 아우터,002,아우터,8,4569353,blackyak,블랙야크,아이스제로 레이디 다운자켓,https://image.msscdn.net/images/goods_img/20241029/4569353/4569353_17610119295123_500.jpg,False
2025-01,F,002013,롱패딩/헤비 아우터,002,아우터,9,4504359,discoveryexpedition,디스커버리 익스페디션,여성 루이크 구스다운 롱패딩 (BLACK),https://image.msscdn.net/images/goods_img/20241010/4504359/4504359_17290543499483_500.jpg,False
2025-01,F,002013,롱패딩/헤비 아우터,002,아우터,10,3618400,akiiiclassic,아키클래식,필파워 742 왈라비 프리미엄 덕다운 롱패딩 Ver.4 (블랙),https://image.msscdn.net/images/goods_img/20231011/3618400/3618400_17298171531929_500.jpg,False
2025-01,F,002013,롱패딩/헤비 아우터,002,아우터,11,4569158,kolonsport,코오롱스포츠,여성 롱다운 안타티카 JKJDW24242BLK,https://image.msscdn.net/images/goods_img/20241029/4569158/4569158_17338941697782_500.jpg,False
2025-01,F,002013,롱패딩/헤비 아우터,002,아우터,12,4387254,nepa,네파,7K82075 여성 아르테 다운 자켓 (3color),https://image.msscdn.net/images/goods_img/20240830/4387254/4387254_17249768731711_500.jpg,False
2025-01,F,002013,롱패딩/헤비 아우터,002,아우터,13,4572582,theatg,더엣지,FW 폭스퍼 야상 롱 구스다운 코트,https://image.msscdn.net/images/goods_img/20241030/4572582/4572582_17551345878241_500.jpg,False
2025-01,F,002013,롱패딩/헤비 아우터,002,아우터,14,3600899,discoveryexpedition,디스커버리 익스페디션,여성 켈리 구스다운 롱패딩 (D/IVORY),https://image.msscdn.net/images/goods_img/20231004/3600899/3600899_17618954541302_500.jpg,False
2025-01,F,002013,롱패딩/헤비 아우터,002,아우터,15,4508049,codegraphy,코드그라피,롱 더플 패딩_블랙,https://image.msscdn.net/images/goods_img/20241011/4508049/4508049_17634459421395_500.jpg,False
2025-01,F,002013,롱패딩/헤비 아우터,002,아우터,16,4486607,lee,리,롱 다운 파카 블랙,https://image.msscdn.net/images/goods_img/20241004/4486607/4486607_17304276975345_500.jpg,False
2025-01,F,002013,롱패딩/헤비 아우터,002,아우터,17,3716632,wednesdayoasis,웬즈데이오아시스,W/M-65 피쉬테일 야상 패딩 코트(3col),https://image.msscdn.net/images/goods_img/20231116/3716632/3716632_17591147104039_500.jpg,False
2025-01,F,002013,롱패딩/헤비 아우터,002,아우터,18,4499578,blackyak,블랙야크,아이스제로 레이디 다운자켓 라이트그레이,https://image.msscdn.net/images/goods_img/20241008/4499578/4499578_17718285773844_500.jpg,False
2025-01,F,002013,롱패딩/헤비 아우터,002,아우터,19,3494434,k2,케이투,씬에어(THINAIR) VIBE W_Black,https://image.msscdn.net/images/goods_img/20230824/3494434/3494434_16928532420574_500.jpg,False
2025-01,F,002013,롱패딩/헤비 아우터,002,아우터,20,4223500,musinsastandardwoman,무신사 스탠다드 우먼,우먼즈 하이 넥 미니멀 롱 다운 파카 [블랙],https://image.msscdn.net/images/goods_img/20240628/4223500/4223500_17314848602801_500.jpg,False
2025-01,F,002013,롱패딩/헤비 아우터,002,아우터,21,4572587,theatg,더엣지,FW 렉스퍼 트렌치 구스 다운,https://image.msscdn.net/images/goods_img/20241030/4572587/4572587_17302622396966_500.jpg,False
2025-01,F,002013,롱패딩/헤비 아우터,002,아우터,22,4492349,codegraphy,코드그라피,롱 더플 패딩_카키,https://image.msscdn.net/images/goods_img/20241007/4492349/4492349_17629978815237_500.jpg,False
2025-01,F,002013,롱패딩/헤비 아우터,002,아우터,23,920520,fcmm,에프씨엠엠,클럽 팀 풋볼 벤치 롱 패딩 2color,https://image.msscdn.net/images/goods_img/20181212/920520/920520_17588685279951_500.jpg,False
2025-01,F,002013,롱패딩/헤비 아우터,002,아우터,24,3583314,discoveryexpedition,디스커버리 익스페디션,여성 반슬리 다운 롱패딩 (IVORY),https://image.msscdn.net/images/goods_img/20230921/3583314/3583314_17313016200834_500.jpg,False
2025-01,F,002013,롱패딩/헤비 아우터,002,아우터,25,4223498,musinsastandardwoman,무신사 스탠다드 우먼,우먼즈 오버사이즈 후디드 롱 다운 파카 [블랙],https://image.msscdn.net/images/goods_img/20240628/4223498/4223498_17828792453048_500.jpg,False
2025-01,F,002013,롱패딩/헤비 아우터,002,아우터,26,3618288,akiiiclassic,아키클래식,필파워 742 왈라비 프리미엄 덕다운 롱패딩 VER.4 (그레이),https://image.msscdn.net/images/goods_img/20231011/3618288/3618288_17623013061198_500.jpg,False
2025-01,F,002013,롱패딩/헤비 아우터,002,아우터,27,3494440,k2,케이투,시그니처 씬에어(THINAIR) 앱솔루트 LONG W_Black,https://image.msscdn.net/images/goods_img/20230824/3494440/3494440_16928532895801_500.jpg,False
2025-01,F,002013,롱패딩/헤비 아우터,002,아우터,28,4475276,k2,케이투,시그니처 도로시(DOROTHY) LONG W_Pearl,https://image.msscdn.net/images/goods_img/20240930/4475276/4475276_17276627957517_500.jpg,False
2025-01,F,002013,롱패딩/헤비 아우터,002,아우터,29,3635491,discoveryexpedition,디스커버리 익스페디션,여성 베른 라글란 구스다운 롱패딩 (BLACK),https://image.msscdn.net/images/goods_img/20231018/3635491/3635491_17006274789710_500.jpg,False
2025-01,F,002013,롱패딩/헤비 아우터,002,아우터,30,4339069,fcmm,에프씨엠엠,클럽 팀 에센셜 벤치 롱 패딩 - 블랙,https://image.msscdn.net/images/goods_img/20240816/4339069/4339069_17243860934679_500.jpg,False
2025-01,F,002016,패딩 베스트,002,아우터,1,4477217,matinkim,마뗑킴,BIG LOGO POINT DOWN VEST FOR WOMEN IN BLACK,https://image.msscdn.net/images/goods_img/20240930/4477217/4477217_17405399635187_500.jpg,False
2025-01,F,002016,패딩 베스트,002,아우터,2,4477216,matinkim,마뗑킴,BIG LOGO POINT DOWN VEST FOR WOMEN IN SILVER,https://image.msscdn.net/images/goods_img/20240930/4477216/4477216_17276796801882_500.jpg,False
2025-01,F,002016,패딩 베스트,002,아우터,3,4450980,marithefrancoisgirbaud,마리떼 프랑소와 저버,W CLASSIC LOGO DUCK DOWN CROP VEST black,https://image.msscdn.net/images/goods_img/20240923/4450980/4450980_17285193491221_500.jpg,False
2025-01,F,002016,패딩 베스트,002,아우터,4,2807867,lmc,엘엠씨,OG PUFFER DUCK DOWN VEST black,https://image.msscdn.net/images/goods_img/20220921/2807867/2807867_17604354806792_500.jpg,False
2025-01,F,002016,패딩 베스트,002,아우터,5,4460694,thisisneverthat,디스이즈네버댓,PERTEX® T Down Vest Black,https://image.msscdn.net/images/goods_img/20240925/4460694/4460694_17272538155749_500.jpg,False
2025-01,F,002016,패딩 베스트,002,아우터,6,3667963,minimalproject,미니멀프로젝트,MNMP 하이넥 패딩 베스트 MVT102 [BLACK],https://image.msscdn.net/images/goods_img/20231030/3667963/3667963_17606004212693_500.jpg,False
2025-01,F,002016,패딩 베스트,002,아우터,7,1114855,musinsastandardwoman,무신사 스탠다드 우먼,우먼즈 트랜스폼 라운드 넥 라이트 다운 베스트 [블랙],https://image.msscdn.net/images/goods_img/20190809/1114855/1114855_17625009396289_500.jpg,False
2025-01,F,002016,패딩 베스트,002,아우터,8,3451293,nomanual,노매뉴얼,TRACK DUCK DOWN VEST - GLOSSY BLACK,https://image.msscdn.net/images/goods_img/20230808/3451293/3451293_17260538086539_500.jpg,False
2025-01,F,002016,패딩 베스트,002,아우터,9,4450976,marithefrancoisgirbaud,마리떼 프랑소와 저버,W CLASSIC LOGO DUCK DOWN CROP VEST beige,https://image.msscdn.net/images/goods_img/20240923/4450976/4450976_17297256511103_500.jpg,False
2025-01,F,002016,패딩 베스트,002,아우터,10,4320028,diesel,디젤,W 페이트 SSL 뉴 패딩 - 멀티컬러 / A146610CBCS9XXA,https://image.msscdn.net/images/goods_img/20240812/4320028/4320028_17247226586323_500.jpg,False
2025-01,F,002016,패딩 베스트,002,아우터,11,4241970,spao,스파오,크롭 패쪼_SPJVE4TG01,https://image.msscdn.net/images/goods_img/20240710/4241970/4241970_17219519639970_500.jpg,False
2025-01,F,002016,패딩 베스트,002,아우터,12,4320024,diesel,디젤,W 페이트 SSL 뉴 P1 패딩 - 화이트 / A153550GHBZ5KM,https://image.msscdn.net/images/goods_img/20240812/4320024/4320024_17247227157767_500.jpg,False
2025-01,F,002016,패딩 베스트,002,아우터,13,4552237,mucent,무센트,텐비 레더 패치 패딩 베스트 (남녀공용),https://image.msscdn.net/images/goods_img/20241024/4552237/4552237_17297407640327_500.jpeg,False
2025-01,F,002016,패딩 베스트,002,아우터,14,4223525,musinsastandardwoman,무신사 스탠다드 우먼,우먼즈 데일리 푸퍼 샤이니 크롭 패딩 베스트 [블랙],https://image.msscdn.net/images/goods_img/20240628/4223525/4223525_17631068013476_500.jpg,False
2025-01,F,002016,패딩 베스트,002,아우터,15,3750378,noiago,노이아고,NOI1136 리버시블 다운 패딩 베스트 (블랙),https://image.msscdn.net/images/goods_img/20231208/3750378/3750378_17297488549647_500.jpg,False
2025-01,F,002016,패딩 베스트,002,아우터,16,3621962,marithefrancoisgirbaud,마리떼 프랑소와 저버,CLASSIC LOGO DUCK DOWN VEST brown,https://image.msscdn.net/images/goods_img/20231012/3621962/3621962_17292316806446_500.jpg,False
2025-01,F,002016,패딩 베스트,002,아우터,17,4715344,thenorthface,노스페이스,NV1DR80J 화이트라벨 여성 노벨티 눕시 RDS 다운 베스트_BLACK,https://image.msscdn.net/images/goods_img/20250113/4715344/4715344_17367348030783_500.jpg,False
2025-01,F,002016,패딩 베스트,002,아우터,18,4447488,discoveryexpedition,디스커버리 익스페디션,반슬리 다운 패딩베스트 (Neon Black),https://image.msscdn.net/images/goods_img/20240920/4447488/4447488_17268002882876_500.jpg,False
2025-01,F,002016,패딩 베스트,002,아우터,19,4341030,lee,리,우먼 크롭 다운 베스트 화이트,https://image.msscdn.net/images/goods_img/20240819/4341030/4341030_17890213249075_500.jpg,False
2025-01,F,002016,패딩 베스트,002,아우터,20,1114856,musinsastandardwoman,무신사 스탠다드 우먼,우먼즈 트랜스폼 라운드 넥 라이트 다운 베스트 [아이보리],https://image.msscdn.net/images/goods_img/20190809/1114856/1114856_17139431358003_500.jpg,False
2025-01,F,002016,패딩 베스트,002,아우터,21,3967564,thenorthface,노스페이스,NV1DQ85A 여성 1996 에코 눕시 베스트_BLACK,https://image.msscdn.net/images/goods_img/20240319/3967564/3967564_17108297625306_500.jpg,False
2025-01,F,002016,패딩 베스트,002,아우터,22,4609933,themuseumvisitor,더뮤지엄비지터,DOT PUFFER VEST,https://image.msscdn.net/images/goods_img/20241113/4609933/4609933_17718258200338_500.jpg,False
2025-01,F,002016,패딩 베스트,002,아우터,23,4450984,marithefrancoisgirbaud,마리떼 프랑소와 저버,CLASSIC LOGO DUCK DOWN VEST light yellow,https://image.msscdn.net/images/goods_img/20240923/4450984/4450984_17477906266847_500.jpg,False
2025-01,F,002016,패딩 베스트,002,아우터,24,4267004,whoau,후아유,Corduroy Padding Vest / WHVWF1112F,https://image.msscdn.net/images/goods_img/20240723/4267004/4267004_17622352359161_500.jpg,False
2025-01,F,002016,패딩 베스트,002,아우터,25,4460695,thisisneverthat,디스이즈네버댓,PERTEX® T Down Vest Olive,https://image.msscdn.net/images/goods_img/20240925/4460695/4460695_17272538675290_500.jpg,False
2025-01,F,002016,패딩 베스트,002,아우터,26,2820356,lettercomo,레테르코모,아워 인피니엄 패딩베스트 블랙,https://image.msscdn.net/images/goods_img/20220926/2820356/2820356_1_500.jpg,False
2025-01,F,002016,패딩 베스트,002,아우터,27,4460691,thisisneverthat,디스이즈네버댓,Insulated Reversible Vest Black,https://image.msscdn.net/images/goods_img/20240925/4460691/4460691_17272449084789_500.jpg,False
2025-01,F,002016,패딩 베스트,002,아우터,28,3814357,nicknicole,닉앤니콜,NICOLE SIGNATURE PADDING VEST_BLACK,https://image.msscdn.net/images/goods_img/20240123/3814357/3814357_17062373812970_500.jpg,False
2025-01,F,002016,패딩 베스트,002,아우터,29,4297868,nationalgeographic,내셔널지오그래픽,N244WDV920 여성 헤론 U넥 경량 다운 베스트 CARBON BLACK,https://image.msscdn.net/images/goods_img/20240805/4297868/4297868_17228517658497_500.jpg,False
2025-01,F,002016,패딩 베스트,002,아우터,30,2225709,nicknicole,닉앤니콜,PUFFER PADDING VEST_2 COLOR,https://image.msscdn.net/images/goods_img/20211110/2225709/2225709_1_500.jpg,False
2025-01,F,002015,기타 아우터,002,아우터,1,2837405,matinkim,마뗑킴,MATIN KIM LOGO COATING JUMPER,https://image.msscdn.net/images/goods_img/20221004/2837405/2837405_1_500.jpg,False
2025-01,F,002015,기타 아우터,002,아우터,2,4447359,levar,르바,Hairy Alpaca Blended Single Jacket - Charcoal,https://image.msscdn.net/images/goods_img/20240920/4447359/4447359_17606059544591_500.jpg,False
2025-01,F,002015,기타 아우터,002,아우터,3,2732576,oddstudio,오드스튜디오,[세트] OS 로고 벨루어 세미 크롭 셋업 - 6COLOR,https://image.msscdn.net/images/goods_img/20220822/2732576/2732576_16774653176211_500.jpg,False
2025-01,F,002015,기타 아우터,002,아우터,4,4459718,illigo,일리고,시어링 퍼 자켓 블랙,https://image.msscdn.net/images/goods_img/20240924/4459718/4459718_17276893743154_500.jpg,False
2025-01,F,002015,기타 아우터,002,아우터,5,4717502,themuseumvisitor,더뮤지엄비지터,ROUND UNBALANCED PUFF JACKET (BEIGE),https://image.msscdn.net/images/goods_img/20250114/4717502/4717502_17677687001541_500.jpg,False
2025-01,F,002015,기타 아우터,002,아우터,6,4629700,khakipoint,카키포인트,Antique Crop Tweed Jacket (ivory),https://image.msscdn.net/images/goods_img/20241121/4629700/4629700_17321888901998_500.jpg,False
2025-01,F,002015,기타 아우터,002,아우터,7,4514395,trillion,트릴리온,코듀로이 카라 스웨이드 집업 워크 자켓 [블랙],https://image.msscdn.net/images/goods_img/20241014/4514395/4514395_17298226223955_500.jpg,False
2025-01,F,002015,기타 아우터,002,아우터,8,4629644,khakipoint,카키포인트,Antique Tweed Jacket (black),https://image.msscdn.net/images/goods_img/20241121/4629644/4629644_17321913808802_500.jpg,False
2025-01,F,002015,기타 아우터,002,아우터,9,4540958,tillidie,틸아이다이,Corduroy quilting detachable collar jumper_Navy,https://image.msscdn.net/images/goods_img/20241021/4540958/4540958_17637031378344_500.jpg,False
2025-01,F,002015,기타 아우터,002,아우터,10,4447413,levar,르바,Hairy Alpaca Blended Single Jacket - Black,https://image.msscdn.net/images/goods_img/20240920/4447413/4447413_17606060982989_500.jpg,False
2025-01,F,002015,기타 아우터,002,아우터,11,4629685,khakipoint,카키포인트,Antique Crop Tweed Jacket (black),https://image.msscdn.net/images/goods_img/20241121/4629685/4629685_17321889067063_500.jpg,False
2025-01,F,002015,기타 아우터,002,아우터,12,4459717,illigo,일리고,시어링 퍼 자켓 핑크,https://image.msscdn.net/images/goods_img/20240924/4459717/4459717_17276893604833_500.jpg,False
2025-01,F,002015,기타 아우터,002,아우터,13,4473290,dunstforwomen,던스트,HANDMADE CASHMERE COLLARLESS JACKET MELANGE GREY_UDJA4D221G2,https://image.msscdn.net/images/goods_img/20240927/4473290/4473290_17278754182201_500.jpg,False
2025-01,F,002015,기타 아우터,002,아우터,14,4282756,arcteryx,아크테릭스,아톰 후디 남성 - CANVAS / AJOFMX7487,https://image.msscdn.net/images/goods_img/20240730/4282756/4282756_17240340386046_500.jpg,False
2025-01,F,002015,기타 아우터,002,아우터,15,4473222,tommyjeans,타미진스,글로시 푸퍼 다운 (T32E7QJC25TWL1VLP),https://image.msscdn.net/images/goods_img/20240927/4473222/4473222_17296691901833_500.jpg,False
2025-01,F,002015,기타 아우터,002,아우터,16,4282759,arcteryx,아크테릭스,아톰 후디 남성 - VITALITY / AJOFMX7487,https://image.msscdn.net/images/goods_img/20240730/4282759/4282759_17240358165070_500.jpg,False
2025-01,F,002015,기타 아우터,002,아우터,17,4440721,poloralphlauren,폴로 랄프 로렌,코튼 트윌 재킷-네이비,https://image.msscdn.net/images/goods_img/20240913/4440721/4440721_17292160301994_500.jpg,False
2025-01,F,002015,기타 아우터,002,아우터,18,4355606,sculptor,스컬프터,Light Weight Striped Jersey Black,https://image.msscdn.net/images/goods_img/20240821/4355606/4355606_17253276834656_500.jpg,False
2025-01,F,002015,기타 아우터,002,아우터,19,3620600,zerostreet,제로스트릿,[2컬러] [세트] 솔리드 트위드 자켓 & 스커트,https://image.msscdn.net/images/goods_img/20231012/3620600/3620600_17586209213403_500.jpg,False
2025-01,F,002015,기타 아우터,002,아우터,20,4339343,coyseio,코이세이오 038,BINDING COTTON JACKET ASH BROWN,https://image.msscdn.net/images/goods_img/20240817/4339343/4339343_17238793891736_500.png,False
2025-01,F,002015,기타 아우터,002,아우터,21,4514391,trillion,트릴리온,코듀로이 카라 스웨이드 집업 워크 자켓 [브라운],https://image.msscdn.net/images/goods_img/20241014/4514391/4514391_17298226612581_500.jpg,False
2025-01,F,002015,기타 아우터,002,아우터,22,4308411,typeservice,타입서비스,Pleated Fleece Long Jumper [Gray],https://image.msscdn.net/images/goods_img/20240808/4308411/4308411_17271654831927_500.jpg,False
2025-01,F,002015,기타 아우터,002,아우터,23,4588812,ganni,가니,보일드 울 미디 재킷 - 스카이 캡틴 / F9712683,https://image.msscdn.net/images/goods_img/20241105/4588812/4588812_17319210834594_500.jpg,False
2025-01,F,002015,기타 아우터,002,아우터,24,4595853,patagonia,파타고니아,우먼즈 토렌트쉘 3L 레인 재킷 / 85246P7,https://image.msscdn.net/images/goods_img/20241107/4595853/4595853_17435696858268_500.jpg,False
2025-01,F,002015,기타 아우터,002,아우터,25,3891851,treemingbird,트리밍버드,Tassel Incision Tweed Jacket [ Black ],https://image.msscdn.net/images/goods_img/20240222/3891851/3891851_17108210037750_500.jpg,False
2025-01,F,002015,기타 아우터,002,아우터,26,4318922,dunstforwomen,던스트,CLASSIC BOUCLE TWEED JACKET BLACK_UDJA4C204BK,https://image.msscdn.net/images/goods_img/20240812/4318922/4318922_17234298154010_500.jpg,False
2025-01,F,002015,기타 아우터,002,아우터,27,4493076,ganni,가니,헤링본 울 미디 재킷 - 쉬타케 / F9548886,https://image.msscdn.net/images/goods_img/20241007/4493076/4493076_17290449584192_500.jpg,False
2025-01,F,002015,기타 아우터,002,아우터,28,4633833,matinkim,마뗑킴,FUR TRIMMING HOODY BOMBER JUMPER IN BLACK,https://image.msscdn.net/images/goods_img/20241125/4633833/4633833_17325095892329_500.jpg,False
2025-01,F,002015,기타 아우터,002,아우터,29,4530749,saintjames,세인트제임스,Moire (LBG) ASJF243KR26-LBG,https://image.msscdn.net/images/goods_img/20241017/4530749/4530749_17291530193123_500.jpg,False
2025-01,F,002015,기타 아우터,002,아우터,30,4531896,arcteryx,아크테릭스,베타 자켓 여성 - CANVAS / FORAGE / TATSU / AJOFWX9239,https://image.msscdn.net/images/goods_img/20241018/4531896/4531896_17314011069663_500.jpg,False
2025-01,F,003,바지,,,1,1551840,xero,제로,Deep One Tuck Sweat Pants [Grey],https://image.msscdn.net/images/goods_img/20200818/1551840/1551840_1_500.jpg,False
2025-01,F,003,바지,,,2,1844582,brenson,브렌슨,(Renew Ver.) 원턱 와이드 스웨트 팬츠 ( 7Color ) ( 기모선택 ),https://image.msscdn.net/images/goods_img/20210315/1844582/1844582_17774456564921_500.jpg,False
2025-01,F,003,바지,,,3,3791988,filluminate,필루미네이트,데미지 워시드 데님 팬츠-미디엄 블루,https://image.msscdn.net/images/goods_img/20240112/3791988/3791988_17894491801613_500.jpg,False
2025-01,F,003,바지,,,4,4274049,lemainsecond,리메인세컨드,빈티지 캣워싱 와이드 데님 팬츠 [옐로우 워싱],https://image.msscdn.net/images/prd_img/20240725/4274049/detail_4274049_17757836079460_500.jpg,False
2025-01,F,003,바지,,,5,2112061,gakka2,가까이 유니언즈,[여름 or 기모 or 사계절 원단 선택] 원턱 와이드 스웨트팬츠 블랙,https://image.msscdn.net/images/goods_img/20210906/2112061/2112061_17459952841713_500.jpg,False
2025-01,F,003,바지,,,6,2112059,gakka2,가까이 유니언즈,[여름 or 기모 or 사계절 원단 선택] 원턱 와이드 스웨트팬츠 그레이,https://image.msscdn.net/images/goods_img/20210906/2112059/2112059_17473624399256_500.jpg,False
2025-01,F,003,바지,,,7,1551839,xero,제로,Deep One Tuck Sweat Pants [Black],https://image.msscdn.net/images/goods_img/20200818/1551839/1551839_1_500.jpg,False
2025-01,F,003,바지,,,8,3575430,avan,어반드레스,Side Big Cargo Pants CAMO,https://image.msscdn.net/images/goods_img/20230919/3575430/3575430_17421696736376_500.jpg,False
2025-01,F,003,바지,,,9,4293032,thecoldestmoment,더콜디스트모먼트,TCM starfish chino pants (black),https://image.msscdn.net/images/goods_img/20240802/4293032/4293032_17231900851488_500.jpg,False
2025-01,F,003,바지,,,10,4293047,thecoldestmoment,더콜디스트모먼트,TCM starfish chino pants (brown),https://image.msscdn.net/images/goods_img/20240802/4293047/4293047_17231900499261_500.jpg,False
2025-01,F,003,바지,,,11,750908,wholovesart,후러브스아트,유니섹스 세미 와이드 밴딩 슬랙스 블랙,https://image.msscdn.net/images/goods_img/20180406/750908/750908_17736379434172_500.jpg,False
2025-01,F,003,바지,,,12,4556449,scallywag,스켈리웩,벌룬핏 스웨트 팬츠[라이트그레이],https://image.msscdn.net/images/goods_img/20241024/4556449/4556449_17891087880393_500.jpg,False
2025-01,F,003,바지,,,13,4274045,lemainsecond,리메인세컨드,빈티지 캣워싱 와이드 데님 팬츠 [샌드 블루],https://image.msscdn.net/images/goods_img/20240725/4274045/4274045_17888435557697_500.jpg,False
2025-01,F,003,바지,,,14,4322580,rockcake,락케이크,96 Applique 2way Jogger - Black,https://image.msscdn.net/images/goods_img/20240812/4322580/4322580_17254457168143_500.jpg,False
2025-01,F,003,바지,,,15,4483613,thecoldestmoment,더콜디스트모먼트,TCM starfish sweat pants (grey),https://image.msscdn.net/images/goods_img/20241002/4483613/4483613_17306793467842_500.jpg,False
2025-01,F,003,바지,,,16,3964378,rockcake,락케이크,Lace Line 2way Jogger - Black,https://image.msscdn.net/images/goods_img/20240318/3964378/3964378_17322375274866_500.jpg,False
2025-01,F,003,바지,,,17,4431870,oafish,오피쉬,"와이드 레오파드 팬츠, 챠콜",https://image.msscdn.net/images/goods_img/20240911/4431870/4431870_17558481103675_500.jpg,False
2025-01,F,003,바지,,,18,4053834,aakam,아캄,98 Printed Knee Pin-tuck Denim Pants (Black),https://image.msscdn.net/images/goods_img/20240415/4053834/4053834_17326001783231_500.jpg,False
2025-01,F,003,바지,,,19,2744549,anolorcode,어널러코드,사계절 쓰리턱 트레이닝팬츠 (2color),https://image.msscdn.net/images/goods_img/20220825/2744549/2744549_17848712083816_500.jpg,False
2025-01,F,003,바지,,,20,4483611,thecoldestmoment,더콜디스트모먼트,TCM starfish sweat pants (black),https://image.msscdn.net/images/goods_img/20241002/4483611/4483611_17306794095498_500.jpg,False
2025-01,F,003,바지,,,21,3443300,likethemost,라이크더모스트,트레이닝 핀턱 와이드 팬츠 7colors,https://image.msscdn.net/images/goods_img/20230803/3443300/3443300_16913680049186_500.jpg,False
2025-01,F,003,바지,,,22,2926541,brenson,브렌슨,(Renew Ver.) 코듀로이 원턱 와이드 밴딩팬츠 ( 5Color ),https://image.msscdn.net/images/goods_img/20221108/2926541/2926541_17623049889755_500.jpg,False
2025-01,F,003,바지,,,23,4556448,scallywag,스켈리웩,벌룬핏 스웨트 팬츠[브라운],https://image.msscdn.net/images/goods_img/20241024/4556448/4556448_17891088294272_500.jpg,False
2025-01,F,003,바지,,,24,3791990,filluminate,필루미네이트,데미지 워시드 데님 팬츠-블랙,https://image.msscdn.net/images/goods_img/20240112/3791990/3791990_17894492105263_500.jpg,False
2025-01,F,003,바지,,,25,4660310,mucent,무센트,위어 사이드 버튼 스웻 팬츠 남녀공용 (2컬러),https://image.msscdn.net/images/goods_img/20241211/4660310/4660310_17882438599426_500.jpg,False
2025-01,F,003,바지,,,26,3576618,wkndrs,위캔더스,DWARF DENIM PANTS (BLACK),https://image.msscdn.net/images/goods_img/20230920/3576618/3576618_17788142408278_500.png,False
2025-01,F,003,바지,,,27,4322583,rockcake,락케이크,96 Applique 2way Jogger - Oatmeal,https://image.msscdn.net/images/goods_img/20240812/4322583/4322583_17254456365266_500.jpg,False
2025-01,F,003,바지,,,28,1736085,brenson,브렌슨,(Renew Ver.) 와이드 스웨트 팬츠 ( 5Color ) ( 기모선택 ),https://image.msscdn.net/images/goods_img/20210105/1736085/1736085_17292148923657_500.jpg,False
2025-01,F,003,바지,,,29,2762709,musinsastandardwoman,무신사 스탠다드 우먼,우먼즈 기모 릴렉스드 라운지 스웨트 팬츠 [블랙],https://image.msscdn.net/images/goods_img/20220901/2762709/2762709_17025361578049_500.jpg,False
2025-01,F,003,바지,,,30,3826875,retrieverclub,리트리버클럽,TOMBOY DOG RAW DENIM [RAW INDIGO],https://image.msscdn.net/images/goods_img/20240126/3826875/3826875_17403767189600_500.jpg,False
2025-01,F,003002,데님 팬츠,003,바지,1,3791988,filluminate,필루미네이트,데미지 워시드 데님 팬츠-미디엄 블루,https://image.msscdn.net/images/goods_img/20240112/3791988/3791988_17894491801613_500.jpg,False
2025-01,F,003002,데님 팬츠,003,바지,2,4274049,lemainsecond,리메인세컨드,빈티지 캣워싱 와이드 데님 팬츠 [옐로우 워싱],https://image.msscdn.net/images/prd_img/20240725/4274049/detail_4274049_17757836079460_500.jpg,False
2025-01,F,003002,데님 팬츠,003,바지,3,3575430,avan,어반드레스,Side Big Cargo Pants CAMO,https://image.msscdn.net/images/goods_img/20230919/3575430/3575430_17421696736376_500.jpg,False
2025-01,F,003002,데님 팬츠,003,바지,4,4274045,lemainsecond,리메인세컨드,빈티지 캣워싱 와이드 데님 팬츠 [샌드 블루],https://image.msscdn.net/images/goods_img/20240725/4274045/4274045_17888435557697_500.jpg,False
2025-01,F,003002,데님 팬츠,003,바지,5,4053834,aakam,아캄,98 Printed Knee Pin-tuck Denim Pants (Black),https://image.msscdn.net/images/goods_img/20240415/4053834/4053834_17326001783231_500.jpg,False
2025-01,F,003002,데님 팬츠,003,바지,6,3791990,filluminate,필루미네이트,데미지 워시드 데님 팬츠-블랙,https://image.msscdn.net/images/goods_img/20240112/3791990/3791990_17894492105263_500.jpg,False
2025-01,F,003002,데님 팬츠,003,바지,7,3576618,wkndrs,위캔더스,DWARF DENIM PANTS (BLACK),https://image.msscdn.net/images/goods_img/20230920/3576618/3576618_17788142408278_500.png,False
2025-01,F,003002,데님 팬츠,003,바지,8,3826875,retrieverclub,리트리버클럽,TOMBOY DOG RAW DENIM [RAW INDIGO],https://image.msscdn.net/images/goods_img/20240126/3826875/3826875_17403767189600_500.jpg,False
2025-01,F,003002,데님 팬츠,003,바지,9,3902778,standarderror,스탠다드에러,87-STAN047 벌룬핏 워싱 와이드 데님팬츠 빈티지 블랙,https://image.msscdn.net/images/goods_img/20240227/3902778/3902778_17743239190107_500.jpg,False
2025-01,F,003002,데님 팬츠,003,바지,10,3576613,wkndrs,위캔더스,DWARF DENIM PANTS (DENIM),https://image.msscdn.net/images/goods_img/20230920/3576613/3576613_17788133130974_500.png,False
2025-01,F,003002,데님 팬츠,003,바지,11,3902775,standarderror,스탠다드에러,87-STAN047 벌룬핏 워싱 와이드 데님팬츠 빈티지 블루,https://image.msscdn.net/images/goods_img/20240227/3902775/3902775_17743239715936_500.jpg,False
2025-01,F,003002,데님 팬츠,003,바지,12,4283088,avan,어반드레스,Side Big Cargo Pants LIGHT CAMO,https://image.msscdn.net/images/goods_img/20240730/4283088/4283088_17247160046476_500.jpg,False
2025-01,F,003002,데님 팬츠,003,바지,13,3794791,ourdayz,아워데이즈,웨이비 커브드 와이드 데님 팬츠 [BLUE],https://image.msscdn.net/images/goods_img/20240115/3794791/3794791_17900634212592_500.jpg,False
2025-01,F,003002,데님 팬츠,003,바지,14,4461212,aakam,아캄,Needlework Carpenter Denim Pants (Black),https://image.msscdn.net/images/goods_img/20240925/4461212/4461212_17273287358322_500.jpg,False
2025-01,F,003002,데님 팬츠,003,바지,15,4095000,filluminate,필루미네이트,데미지 워시드 데님 팬츠-스카이블루,https://image.msscdn.net/images/goods_img/20240429/4095000/4095000_17894492315274_500.jpg,False
2025-01,F,003002,데님 팬츠,003,바지,16,4274042,lemainsecond,리메인세컨드,빈티지 캣워싱 와이드 데님 팬츠 [다크 블루],https://image.msscdn.net/images/goods_img/20240725/4274042/4274042_17755351676487_500.jpg,False
2025-01,F,003002,데님 팬츠,003,바지,17,3816784,rockcake,락케이크,Faye Damage Jeans - Black,https://image.msscdn.net/images/goods_img/20240123/3816784/3816784_17308777052503_500.jpg,False
2025-01,F,003002,데님 팬츠,003,바지,18,4381625,scallywag,스켈리웩,스윙 벌룬핏 데님[블랙],https://image.msscdn.net/images/goods_img/20240828/4381625/4381625_17537533234309_500.jpg,False
2025-01,F,003002,데님 팬츠,003,바지,19,3110518,aakam,아캄,Knee Pin-tuck Printed Denim Pants (Black),https://image.msscdn.net/images/goods_img/20230227/3110518/3110518_17326013796307_500.jpg,False
2025-01,F,003002,데님 팬츠,003,바지,20,3599540,avan,어반드레스,Thin Bootscut Pants LIGHT BLUE,https://image.msscdn.net/images/goods_img/20230927/3599540/3599540_17421708056168_500.jpg,False
2025-01,F,003002,데님 팬츠,003,바지,21,4095002,filluminate,필루미네이트,데미지 워시드 데님 팬츠-블루,https://image.msscdn.net/images/goods_img/20240429/4095002/4095002_17894492554504_500.jpg,False
2025-01,F,003002,데님 팬츠,003,바지,22,4086891,likethemost,라이크더모스트,우먼즈 빈티지 절개 세미와이드 데님_다크블루,https://image.msscdn.net/images/goods_img/20240425/4086891/4086891_17140270670862_500.jpg,False
2025-01,F,003002,데님 팬츠,003,바지,23,4376515,avan,어반드레스,Accent Back String Pants BLACK,https://image.msscdn.net/images/goods_img/20240827/4376515/4376515_17255831326785_500.jpg,False
2025-01,F,003002,데님 팬츠,003,바지,24,4274021,lemainsecond,리메인세컨드,내추럴 워싱 와이드 데님 팬츠 [흑청],https://image.msscdn.net/images/goods_img/20240725/4274021/4274021_17818456033783_500.jpg,False
2025-01,F,003002,데님 팬츠,003,바지,25,4322895,sculptor,스컬프터,Beaded Waist Denim Pants Indigo Blue,https://image.msscdn.net/images/goods_img/20240812/4322895/4322895_17803624806276_500.jpg,False
2025-01,F,003002,데님 팬츠,003,바지,26,3206724,not4nerd,낫포너드,Extra Wide Balloon Pants - Black,https://image.msscdn.net/images/goods_img/20230405/3206724/3206724_17291378120115_500.jpg,False
2025-01,F,003002,데님 팬츠,003,바지,27,4340490,xtonzwoman,엑스톤즈 우먼,WXP013 미야옹 핫픽스 데님 팬츠 (BLACK),https://image.msscdn.net/images/goods_img/20240819/4340490/4340490_17246354734969_500.jpg,False
2025-01,F,003002,데님 팬츠,003,바지,28,4684004,thecoldestmoment,더콜디스트모먼트,TCM starfish denim pants (black),https://image.msscdn.net/images/goods_img/20241230/4684004/4684004_17370334225955_500.jpg,False
2025-01,F,003002,데님 팬츠,003,바지,29,4316658,ertr,이알티알,Essential Relaxed Denim Pants (Black),https://image.msscdn.net/images/goods_img/20240809/4316658/4316658_17537083723105_500.png,False
2025-01,F,003002,데님 팬츠,003,바지,30,4124532,mucent,무센트,마요르카 와이드 데님 반밴딩 워싱 청바지 남녀공용 (3컬러),https://image.msscdn.net/images/goods_img/20240513/4124532/4124532_17882440433108_500.jpg,False
2025-01,F,003004,트레이닝/조거 팬츠,003,바지,1,1551840,xero,제로,Deep One Tuck Sweat Pants [Grey],https://image.msscdn.net/images/goods_img/20200818/1551840/1551840_1_500.jpg,False
2025-01,F,003004,트레이닝/조거 팬츠,003,바지,2,1844582,brenson,브렌슨,(Renew Ver.) 원턱 와이드 스웨트 팬츠 ( 7Color ) ( 기모선택 ),https://image.msscdn.net/images/goods_img/20210315/1844582/1844582_17774456564921_500.jpg,False
2025-01,F,003004,트레이닝/조거 팬츠,003,바지,3,2112061,gakka2,가까이 유니언즈,[여름 or 기모 or 사계절 원단 선택] 원턱 와이드 스웨트팬츠 블랙,https://image.msscdn.net/images/goods_img/20210906/2112061/2112061_17459952841713_500.jpg,False
2025-01,F,003004,트레이닝/조거 팬츠,003,바지,4,2112059,gakka2,가까이 유니언즈,[여름 or 기모 or 사계절 원단 선택] 원턱 와이드 스웨트팬츠 그레이,https://image.msscdn.net/images/goods_img/20210906/2112059/2112059_17473624399256_500.jpg,False
2025-01,F,003004,트레이닝/조거 팬츠,003,바지,5,1551839,xero,제로,Deep One Tuck Sweat Pants [Black],https://image.msscdn.net/images/goods_img/20200818/1551839/1551839_1_500.jpg,False
2025-01,F,003004,트레이닝/조거 팬츠,003,바지,6,4556449,scallywag,스켈리웩,벌룬핏 스웨트 팬츠[라이트그레이],https://image.msscdn.net/images/goods_img/20241024/4556449/4556449_17891087880393_500.jpg,False
2025-01,F,003004,트레이닝/조거 팬츠,003,바지,7,4322580,rockcake,락케이크,96 Applique 2way Jogger - Black,https://image.msscdn.net/images/goods_img/20240812/4322580/4322580_17254457168143_500.jpg,False
2025-01,F,003004,트레이닝/조거 팬츠,003,바지,8,3964378,rockcake,락케이크,Lace Line 2way Jogger - Black,https://image.msscdn.net/images/goods_img/20240318/3964378/3964378_17322375274866_500.jpg,False
2025-01,F,003004,트레이닝/조거 팬츠,003,바지,9,2744549,anolorcode,어널러코드,사계절 쓰리턱 트레이닝팬츠 (2color),https://image.msscdn.net/images/goods_img/20220825/2744549/2744549_17848712083816_500.jpg,False
2025-01,F,003004,트레이닝/조거 팬츠,003,바지,10,3443300,likethemost,라이크더모스트,트레이닝 핀턱 와이드 팬츠 7colors,https://image.msscdn.net/images/goods_img/20230803/3443300/3443300_16913680049186_500.jpg,False
2025-01,F,003004,트레이닝/조거 팬츠,003,바지,11,4556448,scallywag,스켈리웩,벌룬핏 스웨트 팬츠[브라운],https://image.msscdn.net/images/goods_img/20241024/4556448/4556448_17891088294272_500.jpg,False
2025-01,F,003004,트레이닝/조거 팬츠,003,바지,12,4660310,mucent,무센트,위어 사이드 버튼 스웻 팬츠 남녀공용 (2컬러),https://image.msscdn.net/images/goods_img/20241211/4660310/4660310_17882438599426_500.jpg,False
2025-01,F,003004,트레이닝/조거 팬츠,003,바지,13,4322583,rockcake,락케이크,96 Applique 2way Jogger - Oatmeal,https://image.msscdn.net/images/goods_img/20240812/4322583/4322583_17254456365266_500.jpg,False
2025-01,F,003004,트레이닝/조거 팬츠,003,바지,14,1736085,brenson,브렌슨,(Renew Ver.) 와이드 스웨트 팬츠 ( 5Color ) ( 기모선택 ),https://image.msscdn.net/images/goods_img/20210105/1736085/1736085_17292148923657_500.jpg,False
2025-01,F,003004,트레이닝/조거 팬츠,003,바지,15,2762709,musinsastandardwoman,무신사 스탠다드 우먼,우먼즈 기모 릴렉스드 라운지 스웨트 팬츠 [블랙],https://image.msscdn.net/images/goods_img/20220901/2762709/2762709_17025361578049_500.jpg,False
2025-01,F,003004,트레이닝/조거 팬츠,003,바지,16,2820939,musinsastandardwoman,무신사 스탠다드 우먼,우먼즈 더블 니트 투 턱 와이드 라운지 스웨트 팬츠 [블랙],https://image.msscdn.net/images/goods_img/20220927/2820939/2820939_17625014945098_500.jpg,False
2025-01,F,003004,트레이닝/조거 팬츠,003,바지,17,2562527,takeasy,테이크이지,우먼스 월계수 와이드 팬츠(블랙),https://image.msscdn.net/images/goods_img/20220516/2562527/2562527_1_500.jpg,False
2025-01,F,003004,트레이닝/조거 팬츠,003,바지,18,4308187,dimitriblack,디미트리블랙,VLAD 원턱 피그먼트 페이드 워싱 스웻 팬츠_블랙,https://image.msscdn.net/images/goods_img/20240808/4308187/4308187_17240877729234_500.jpg,False
2025-01,F,003004,트레이닝/조거 팬츠,003,바지,19,3443507,urbandtype,어반디타입,코튼 와이드 카고 팬츠_블랙_PL179,https://image.msscdn.net/images/goods_img/20230803/3443507/3443507_17558261612815_500.jpg,False
2025-01,F,003004,트레이닝/조거 팬츠,003,바지,20,2724662,musinsastandardwoman,무신사 스탠다드 우먼,우먼즈 폴라 플리스 베리어블 라운지 스웨트 팬츠 [아이보리],https://image.msscdn.net/images/goods_img/20220818/2724662/2724662_1_500.jpg,False
2025-01,F,003004,트레이닝/조거 팬츠,003,바지,21,4556433,scallywag,스켈리웩,라인 트레이닝 팬츠[그레이],https://image.msscdn.net/images/goods_img/20241024/4556433/4556433_17870200431116_500.jpg,False
2025-01,F,003004,트레이닝/조거 팬츠,003,바지,22,3555931,rockcake,락케이크,Sports 96 2way Jogger Pants - Navy,https://image.msscdn.net/images/goods_img/20230913/3555931/3555931_16946827098665_500.jpg,False
2025-01,F,003004,트레이닝/조거 팬츠,003,바지,23,4556447,scallywag,스켈리웩,벌룬핏 스웨트 팬츠[블랙],https://image.msscdn.net/images/goods_img/20241024/4556447/4556447_17890205647368_500.jpg,False
2025-01,F,003004,트레이닝/조거 팬츠,003,바지,24,1735427,selfesteem,에스이에스티,[2PACK] 와이드핏 트레이닝 스웨트 팬츠 - 6Color,https://image.msscdn.net/images/goods_img/20210104/1735427/1735427_17646558259203_500.jpg,False
2025-01,F,003004,트레이닝/조거 팬츠,003,바지,25,2724692,partimentowomen,파르티멘토 우먼,와이드 스웻팬츠_블랙,https://image.msscdn.net/images/goods_img/20220818/2724692/2724692_17731965739486_500.jpg,False
2025-01,F,003004,트레이닝/조거 팬츠,003,바지,26,3568898,artistwear,아티스트웨어,[ATW x HOOLIGAN] 로고 와이드밴딩 팬츠,https://image.msscdn.net/images/goods_img/20230918/3568898/3568898_17738166658180_500.jpg,False
2025-01,F,003004,트레이닝/조거 팬츠,003,바지,27,2818150,musinsastandardwoman,무신사 스탠다드 우먼,우먼즈 와이드 카고 팬츠 [블랙],https://image.msscdn.net/images/goods_img/20220926/2818150/2818150_17489933476409_500.jpg,False
2025-01,F,003004,트레이닝/조거 팬츠,003,바지,28,4152295,wooalong,우알롱,Signature relax wide pants (9colors),https://image.msscdn.net/images/goods_img/20240523/4152295/4152295_17610975532275_500.jpg,False
2025-01,F,003004,트레이닝/조거 팬츠,003,바지,29,2820940,musinsastandardwoman,무신사 스탠다드 우먼,우먼즈 더블 니트 투 턱 와이드 라운지 스웨트 팬츠 [미디엄 그레이],https://image.msscdn.net/images/goods_img/20220927/2820940/2820940_17625017266952_500.jpg,False
2025-01,F,003004,트레이닝/조거 팬츠,003,바지,30,4322581,rockcake,락케이크,96 Applique 2way Jogger - Navy,https://image.msscdn.net/images/goods_img/20240812/4322581/4322581_17254456538715_500.jpg,False
2025-01,F,003007,코튼 팬츠,003,바지,1,4293032,thecoldestmoment,더콜디스트모먼트,TCM starfish chino pants (black),https://image.msscdn.net/images/goods_img/20240802/4293032/4293032_17231900851488_500.jpg,False
2025-01,F,003007,코튼 팬츠,003,바지,2,4293047,thecoldestmoment,더콜디스트모먼트,TCM starfish chino pants (brown),https://image.msscdn.net/images/goods_img/20240802/4293047/4293047_17231900499261_500.jpg,False
2025-01,F,003007,코튼 팬츠,003,바지,3,4483613,thecoldestmoment,더콜디스트모먼트,TCM starfish sweat pants (grey),https://image.msscdn.net/images/goods_img/20241002/4483613/4483613_17306793467842_500.jpg,False
2025-01,F,003007,코튼 팬츠,003,바지,4,4431870,oafish,오피쉬,"와이드 레오파드 팬츠, 챠콜",https://image.msscdn.net/images/goods_img/20240911/4431870/4431870_17558481103675_500.jpg,False
2025-01,F,003007,코튼 팬츠,003,바지,5,4483611,thecoldestmoment,더콜디스트모먼트,TCM starfish sweat pants (black),https://image.msscdn.net/images/goods_img/20241002/4483611/4483611_17306794095498_500.jpg,False
2025-01,F,003007,코튼 팬츠,003,바지,6,4331951,youhee,유희,FLOWER PATTERN LAYERD SKIRT PANTS WHITE,https://image.msscdn.net/images/goods_img/20240814/4331951/4331951_17755390608947_500.jpg,False
2025-01,F,003007,코튼 팬츠,003,바지,7,4298720,xtonz,엑스톤즈,XP234 리온 와이드 코튼 팬츠 (BLACK),https://image.msscdn.net/images/goods_img/20240806/4298720/4298720_17229086807474_500.jpg,False
2025-01,F,003007,코튼 팬츠,003,바지,8,4250214,urbandtype,어반디타입,홈보이 벌룬 워크 팬츠_블랙,https://image.msscdn.net/images/goods_img/20240715/4250214/4250214_17877227110999_500.jpg,False
2025-01,F,003007,코튼 팬츠,003,바지,9,4443654,ronron,론론,CANCAN RUFFLE LAYERED PANTSKIRT BLACK,https://image.msscdn.net/images/goods_img/20240919/4443654/4443654_17267259732605_500.jpg,False
2025-01,F,003007,코튼 팬츠,003,바지,10,4293038,thecoldestmoment,더콜디스트모먼트,TCM starfish chino pants (charcoal),https://image.msscdn.net/images/goods_img/20240802/4293038/4293038_17231900687793_500.jpg,False
2025-01,F,003007,코튼 팬츠,003,바지,11,2279194,compagno,꼼파뇨,벌룬 와이드 코듀로이 팬츠 다크브라운,https://image.msscdn.net/images/goods_img/20211222/2279194/2279194_17044272805911_500.jpg,False
2025-01,F,003007,코튼 팬츠,003,바지,12,4494067,ason,애즈온,JED CARGO PANTS / BEIGE,https://image.msscdn.net/images/goods_img/20241007/4494067/4494067_17890042728949_500.jpg,False
2025-01,F,003007,코튼 팬츠,003,바지,13,4658289,ronron,론론,DRAWING STITCH PARACHUTE PANTS NAVY,https://image.msscdn.net/images/goods_img/20241210/4658289/4658289_17338093831903_500.jpg,False
2025-01,F,003007,코튼 팬츠,003,바지,14,4317120,setupexe,셋업이엑스이,LEOPARD LACE PANTS / CHARCOAL,https://image.msscdn.net/images/goods_img/20240810/4317120/4317120_17374538479392_500.jpg,False
2025-01,F,003007,코튼 팬츠,003,바지,15,4371555,badblood,배드블러드,레오파드 AJ 이지 팬츠 - 브라운,https://image.msscdn.net/images/goods_img/20240826/4371555/4371555_17253421632557_500.jpg,False
2025-01,F,003007,코튼 팬츠,003,바지,16,1581261,musinsastandardwoman,무신사 스탠다드 우먼,우먼즈 와이드 코듀로이 팬츠 [블랙],https://image.msscdn.net/images/goods_img/20200903/1581261/1581261_17794130393883_500.jpg,False
2025-01,F,003007,코튼 팬츠,003,바지,17,3784391,glowny,글로니,G CLASSIC COTTON TWILL PANTS  (BLACK),https://image.msscdn.net/images/goods_img/20240109/3784391/3784391_17072177192864_500.jpg,False
2025-01,F,003007,코튼 팬츠,003,바지,18,4250210,urbandtype,어반디타입,홈보이 벌룬 워크 팬츠_베이지,https://image.msscdn.net/images/goods_img/20240715/4250210/4250210_17877232200000_500.jpg,False
2025-01,F,003007,코튼 팬츠,003,바지,19,3783798,glowny,글로니,G CLASSIC SOFT PANTS (BLACK),https://image.msscdn.net/images/goods_img/20240109/3783798/3783798_17072208626416_500.jpg,False
2025-01,F,003007,코튼 팬츠,003,바지,20,4494066,ason,애즈온,JED CARGO PANTS / BLACK,https://image.msscdn.net/images/goods_img/20241007/4494066/4494066_17890043256927_500.jpg,False
2025-01,F,003007,코튼 팬츠,003,바지,21,4627875,ason,애즈온,MINUTES CARGO PANTS / CHARCOAL,https://image.msscdn.net/images/goods_img/20241120/4627875/4627875_17320964116158_500.jpg,False
2025-01,F,003007,코튼 팬츠,003,바지,22,2568780,musinsastandardwoman,무신사 스탠다드 우먼,우먼즈 부츠 컷 코듀로이 팬츠 [블랙],https://image.msscdn.net/images/goods_img/20220518/2568780/2568780_1_500.jpg,False
2025-01,F,003007,코튼 팬츠,003,바지,23,4210251,musinsastandardwoman,무신사 스탠다드 우먼,우먼즈 속기모 와이드 카고 팬츠 [베이지],https://image.msscdn.net/images/goods_img/20240620/4210251/4210251_17320698467596_500.jpg,False
2025-01,F,003007,코튼 팬츠,003,바지,24,3851957,trillion,트릴리온,사이드 턱 스냅 버튼 와이드 코튼 팬츠 (BEIGE),https://image.msscdn.net/images/goods_img/20240206/3851957/3851957_17080591271549_500.jpg,False
2025-01,F,003007,코튼 팬츠,003,바지,25,1581262,musinsastandardwoman,무신사 스탠다드 우먼,우먼즈 와이드 코듀로이 팬츠 [크림],https://image.msscdn.net/images/goods_img/20200903/1581262/1581262_17794131495921_500.jpg,False
2025-01,F,003007,코튼 팬츠,003,바지,26,4277681,idontwannasell,아이돈워너셀,Andy Twill Balloon Cargo Pants Black,https://image.msscdn.net/images/goods_img/20240726/4277681/4277681_17286311805709_500.jpg,False
2025-01,F,003007,코튼 팬츠,003,바지,27,3411545,musinsastandardwoman,무신사 스탠다드 우먼,우먼즈 스트레이트 코듀로이 팬츠 [블랙],https://image.msscdn.net/images/goods_img/20230717/3411545/3411545_17677817017389_500.jpg,False
2025-01,F,003007,코튼 팬츠,003,바지,28,4530753,ertr,이알티알,Stencil Cargo Pants Beige,https://image.msscdn.net/images/goods_img/20241017/4530753/4530753_17291534906642_500.jpg,False
2025-01,F,003007,코튼 팬츠,003,바지,29,3674712,flareup,플레어업,5.cargo Flare Pants (FL-234_Black),https://image.msscdn.net/images/goods_img/20231101/3674712/3674712_16989734172372_500.jpg,False
2025-01,F,003007,코튼 팬츠,003,바지,30,4210249,musinsastandardwoman,무신사 스탠다드 우먼,우먼즈 속기모 와이드 카고 팬츠 [블랙],https://image.msscdn.net/images/goods_img/20240620/4210249/4210249_17320699898212_500.jpg,False
2025-01,F,003008,슈트 팬츠/슬랙스,003,바지,1,750908,wholovesart,후러브스아트,유니섹스 세미 와이드 밴딩 슬랙스 블랙,https://image.msscdn.net/images/goods_img/20180406/750908/750908_17736379434172_500.jpg,False
2025-01,F,003008,슈트 팬츠/슬랙스,003,바지,2,2792605,musinsastandardwoman,무신사 스탠다드 우먼,우먼즈 헤비웨이트 속기모 하이 웨이스트 와이드 히든 밴딩 슬랙스 [블랙],https://image.msscdn.net/images/goods_img/20220915/2792605/2792605_16896643176515_500.jpg,False
2025-01,F,003008,슈트 팬츠/슬랙스,003,바지,3,2117266,musinsastandardwoman,무신사 스탠다드 우먼,우먼즈 헤비웨이트 속기모 스트레이트 히든 밴딩 슬랙스 [블랙],https://image.msscdn.net/images/goods_img/20210908/2117266/2117266_2_500.jpg,False
2025-01,F,003008,슈트 팬츠/슬랙스,003,바지,4,4322114,citybreeze,시티브리즈,링클 프리 베이직 슬랙스 3종_5COLORS,https://image.msscdn.net/images/goods_img/20240812/4322114/4322114_17629059161388_500.jpg,False
2025-01,F,003008,슈트 팬츠/슬랙스,003,바지,5,2551390,musinsastandardwoman,무신사 스탠다드 우먼,우먼즈 하이 웨이스트 와이드 히든 밴딩 슬랙스 [블랙],https://image.msscdn.net/images/goods_img/20220511/2551390/2551390_17537691701922_500.jpg,False
2025-01,F,003008,슈트 팬츠/슬랙스,003,바지,6,1596414,musinsastandardwoman,무신사 스탠다드 우먼,우먼즈 와이드 히든 밴딩 슬랙스 [블랙],https://image.msscdn.net/images/goods_img/20200911/1596414/1596414_17537745133548_500.jpg,False
2025-01,F,003008,슈트 팬츠/슬랙스,003,바지,7,2117272,musinsastandardwoman,무신사 스탠다드 우먼,우먼즈 헤비웨이트 속기모 와이드 히든 밴딩 슬랙스 [블랙],https://image.msscdn.net/images/goods_img/20210908/2117272/2117272_16722987666502_500.jpg,False
2025-01,F,003008,슈트 팬츠/슬랙스,003,바지,8,1853715,musinsastandardwoman,무신사 스탠다드 우먼,우먼즈 웨이스트밴들리스 와이드 슬랙스 [블랙],https://image.msscdn.net/images/goods_img/20210319/1853715/1853715_17851447163608_500.jpg,False
2025-01,F,003008,슈트 팬츠/슬랙스,003,바지,9,4229168,musinsastandardwoman,무신사 스탠다드 우먼,우먼즈 헤비웨이트 속기모 딥 턱 와이드 슬랙스 [블랙],https://image.msscdn.net/images/goods_img/20240702/4229168/4229168_17296596688464_500.jpg,False
2025-01,F,003008,슈트 팬츠/슬랙스,003,바지,10,1672471,wholovesart,후러브스아트,(기모) 유니섹스 세미 와이드 밴딩 슬랙스 겨울 2PACK,https://image.msscdn.net/images/goods_img/20201102/1672471/1672471_17169528862269_500.jpg,False
2025-01,F,003008,슈트 팬츠/슬랙스,003,바지,11,4271543,musinsastandardwoman,무신사 스탠다드 우먼,우먼즈 헤비웨이트 속기모 투 턱 와이드 밴딩 슬랙스 [블랙],https://image.msscdn.net/images/goods_img/20240724/4271543/4271543_17296593732091_500.jpg,False
2025-01,F,003008,슈트 팬츠/슬랙스,003,바지,12,4326492,musinsastandardwoman,무신사 스탠다드 우먼,우먼즈 로 웨이스트 딥 턱 와이드 히든 밴딩 슬랙스 [블랙],https://image.msscdn.net/images/goods_img/20240813/4326492/4326492_17296613610958_500.jpg,False
2025-01,F,003008,슈트 팬츠/슬랙스,003,바지,13,2578996,signature,시그니처,썸머 더블턱 와이드 슬랙스[블랙],https://image.msscdn.net/images/goods_img/20220524/2578996/2578996_17870331293023_500.jpg,False
2025-01,F,003008,슈트 팬츠/슬랙스,003,바지,14,2240941,musinsastandardwoman,무신사 스탠다드 우먼,우먼즈 웨이스트밴들리스 와이드 슬랙스 [차콜 그레이],https://image.msscdn.net/images/goods_img/20211119/2240941/2240941_17851442446953_500.jpg,False
2025-01,F,003008,슈트 팬츠/슬랙스,003,바지,15,4672906,gclip,지크립,시크릿밴딩 스판 부츠컷 롱 슬랙스,https://image.msscdn.net/images/goods_img/20241219/4672906/4672906_17345722729809_500.jpg,False
2025-01,F,003008,슈트 팬츠/슬랙스,003,바지,16,2792606,musinsastandardwoman,무신사 스탠다드 우먼,우먼즈 헤비웨이트 속기모 하이 웨이스트 와이드 히든 밴딩 슬랙스 [그레이],https://image.msscdn.net/images/goods_img/20220915/2792606/2792606_1_500.jpg,False
2025-01,F,003008,슈트 팬츠/슬랙스,003,바지,17,4229167,musinsastandardwoman,무신사 스탠다드 우먼,우먼즈 핀스트라이프 로 라이즈 와이드 히든 밴딩 슬랙스 [블랙],https://image.msscdn.net/images/goods_img/20240702/4229167/4229167_17537444425320_500.jpg,False
2025-01,F,003008,슈트 팬츠/슬랙스,003,바지,18,2792588,musinsastandardwoman,무신사 스탠다드 우먼,우먼즈 사이드 어드저스트 투 턱 와이드 슬랙스 [블랙],https://image.msscdn.net/images/goods_img/20220915/2792588/2792588_17273160659495_500.jpg,False
2025-01,F,003008,슈트 팬츠/슬랙스,003,바지,19,4326493,musinsastandardwoman,무신사 스탠다드 우먼,우먼즈 로 웨이스트 딥 턱 와이드 히든 밴딩 슬랙스 [차콜 그레이],https://image.msscdn.net/images/goods_img/20240813/4326493/4326493_17536894758591_500.jpg,False
2025-01,F,003008,슈트 팬츠/슬랙스,003,바지,20,2568732,musinsastandard,무신사 스탠다드,젠더리스 와이드 밴딩 슬랙스 [블랙],https://image.msscdn.net/images/goods_img/20220518/2568732/2568732_1_500.jpg,False
2025-01,F,003008,슈트 팬츠/슬랙스,003,바지,21,1595815,musinsastandardwoman,무신사 스탠다드 우먼,우먼즈 슬림 스트레이트 히든 밴딩 슬랙스 [블랙],https://image.msscdn.net/images/goods_img/20200910/1595815/1595815_3_500.jpg,False
2025-01,F,003008,슈트 팬츠/슬랙스,003,바지,22,1600384,musinsastandardwoman,무신사 스탠다드 우먼,우먼즈 리얼 와이드 벨티드 슬랙스 [블랙],https://image.msscdn.net/images/goods_img/20200914/1600384/1600384_1_500.jpg,False
2025-01,F,003008,슈트 팬츠/슬랙스,003,바지,23,4229172,musinsastandardwoman,무신사 스탠다드 우먼,우먼즈 헤비웨이트 속기모 딥 턱 와이드 슬랙스 [카키 브라운],https://image.msscdn.net/images/goods_img/20240702/4229172/4229172_17296597653962_500.jpg,False
2025-01,F,003008,슈트 팬츠/슬랙스,003,바지,24,1669625,musinsastandardwoman,무신사 스탠다드 우먼,우먼즈 헤비웨이트 속기모 슬림 스트레이트 히든 밴딩 슬랙스 [블랙],https://image.msscdn.net/images/goods_img/20201029/1669625/1669625_16722991721395_500.jpg,False
2025-01,F,003008,슈트 팬츠/슬랙스,003,바지,25,2551384,musinsastandardwoman,무신사 스탠다드 우먼,우먼즈 스트레이트 히든 밴딩 슬랙스 [블랙],https://image.msscdn.net/images/goods_img/20220511/2551384/2551384_17852055625618_500.jpg,False
2025-01,F,003008,슈트 팬츠/슬랙스,003,바지,26,2765227,maloupe,마롭,2115 스트레치 세미와이드 팬츠 (블랙),https://image.msscdn.net/images/goods_img/20220902/2765227/2765227_17567911247241_500.jpg,False
2025-01,F,003008,슈트 팬츠/슬랙스,003,바지,27,3468960,mongdol,몽돌,원턱 와이드 슬랙스 차콜 MDPT025CHARCOAL,https://image.msscdn.net/images/goods_img/20230816/3468960/3468960_17877206038903_500.jpg,False
2025-01,F,003008,슈트 팬츠/슬랙스,003,바지,28,4229171,musinsastandardwoman,무신사 스탠다드 우먼,우먼즈 헤비웨이트 속기모 딥 턱 와이드 슬랙스 [그레이],https://image.msscdn.net/images/goods_img/20240702/4229171/4229171_17296595717885_500.jpg,False
2025-01,F,003008,슈트 팬츠/슬랙스,003,바지,29,4532555,suarewomen,수아레 우먼,(우먼)울 투턱 세미 와이드 슬랙스 차콜,https://image.msscdn.net/images/goods_img/20241018/4532555/4532555_17292175793743_500.jpg,False
2025-01,F,003008,슈트 팬츠/슬랙스,003,바지,30,2551369,musinsastandardwoman,무신사 스탠다드 우먼,우먼즈 핀 턱 스트레이트 히든 밴딩 슬랙스 [블랙],https://image.msscdn.net/images/goods_img/20220511/2551369/2551369_1_500.jpg,False
2025-01,F,003009,숏 팬츠,003,바지,1,2574822,brenson,브렌슨,(Renew Ver.) 원턱 와이드 반바지 ( 6Color ),https://image.msscdn.net/images/goods_img/20220523/2574822/2574822_17774456124536_500.jpg,False
2025-01,F,003009,숏 팬츠,003,바지,2,4629965,khakipoint,카키포인트,Ribbed Mini Shorts (black),https://image.msscdn.net/images/goods_img/20241121/4629965/4629965_17328675003842_500.jpg,False
2025-01,F,003009,숏 팬츠,003,바지,3,4111294,trillion,트릴리온,캣 브러쉬 워시드 버뮤다 데님 쇼츠 (SAND BLUE),https://image.msscdn.net/images/goods_img/20240507/4111294/4111294_17471253714702_500.jpg,False
2025-01,F,003009,숏 팬츠,003,바지,4,3298190,thecoldestmoment,더콜디스트모먼트,TCM starfish half sweat pants (grey),https://image.msscdn.net/images/goods_img/20230516/3298190/3298190_16847391633393_500.jpg,False
2025-01,F,003009,숏 팬츠,003,바지,5,3328615,avan,어반드레스,Wide Cargo Half Denim Pants - 4COL,https://image.msscdn.net/images/goods_img/20230526/3328615/3328615_17169645408063_500.jpg,False
2025-01,F,003009,숏 팬츠,003,바지,6,3911993,nakedsurfclub,네이키드서프클럽,레터링 데님 숏팬츠_3colors,https://image.msscdn.net/images/goods_img/20240228/3911993/3911993_17422809476467_500.jpg,False
2025-01,F,003009,숏 팬츠,003,바지,7,3868162,michikolondon,미치코런던,유니언잭 골지 쇼츠 블랙,https://image.msscdn.net/images/goods_img/20240214/3868162/3868162_17084924878082_500.jpg,False
2025-01,F,003009,숏 팬츠,003,바지,8,4037183,hadex,에이치덱스,우먼스 워싱 버뮤다 쇼츠 (Charcoal),https://image.msscdn.net/images/goods_img/20240408/4037183/4037183_17133414220157_500.jpg,False
2025-01,F,003009,숏 팬츠,003,바지,9,4374046,mongdol,몽돌,[3color] 윈터ver) 시그니처 모직 숏팬츠 MDPT052FW,https://image.msscdn.net/images/goods_img/20240827/4374046/4374046_17357784780772_500.jpg,False
2025-01,F,003009,숏 팬츠,003,바지,10,3518383,hadex,에이치덱스,우먼스 버뮤다 스웨트 쇼츠 3 color,https://image.msscdn.net/images/goods_img/20230831/3518383/3518383_17887656083633_500.jpg,False
2025-01,F,003009,숏 팬츠,003,바지,11,4536956,wednesdayoasisforwomen,웬즈데이오아시스 포 우먼,포시즌 코듀로이 하프 밴딩 팬츠 4COLOR,https://image.msscdn.net/images/goods_img/20241020/4536956/4536956_17301790445614_500.jpg,False
2025-01,F,003009,숏 팬츠,003,바지,12,4037186,hadex,에이치덱스,우먼스 와이드 웨이스트 쇼츠 (Black),https://image.msscdn.net/images/goods_img/20240408/4037186/4037186_17133414072431_500.jpg,False
2025-01,F,003009,숏 팬츠,003,바지,13,4600588,crank,크랭크,코듀로이 마이크로 쇼츠_블랙,https://image.msscdn.net/images/goods_img/20241108/4600588/4600588_17313785111609_500.jpg,False
2025-01,F,003009,숏 팬츠,003,바지,14,1446775,brenson,브렌슨,(Renew Ver.) 루즈핏  반바지 ( 4Color ),https://image.msscdn.net/images/goods_img/20200514/1446775/1446775_17561707502333_500.jpg,False
2025-01,F,003009,숏 팬츠,003,바지,15,3703255,glowny,글로니,G CLASSIC RIB SHORTS (BLACK),https://image.msscdn.net/images/goods_img/20231110/3703255/3703255_17012603094566_500.jpg,False
2025-01,F,003009,숏 팬츠,003,바지,16,2552603,pandorafit,판도라핏,[SHORTS] Hill Black,https://image.msscdn.net/images/goods_img/20220511/2552603/2552603_17881621621242_500.jpg,False
2025-01,F,003009,숏 팬츠,003,바지,17,4024920,againstallodds,에이지오디,버뮤다 와이드 원턱 카고 스웨트 쇼츠 [블랙],https://image.msscdn.net/images/goods_img/20240404/4024920/4024920_17689895874943_500.jpg,False
2025-01,F,003009,숏 팬츠,003,바지,18,4116246,comieu,쏘비,피그먼트 버뮤다 볼디 팬츠_3 Color,https://image.msscdn.net/images/goods_img/20240509/4116246/4116246_17364060157045_500.png,False
2025-01,F,003009,숏 팬츠,003,바지,19,3378572,musinsastandardwoman,무신사 스탠다드 우먼,우먼즈 원 턱 와이드 코듀로이 쇼츠 [카키 브라운],https://image.msscdn.net/images/goods_img/20230622/3378572/3378572_17677815533394_500.jpg,False
2025-01,F,003009,숏 팬츠,003,바지,20,4111296,trillion,트릴리온,캣 브러쉬 워시드 버뮤다 데님 쇼츠 (NORMAL BLACK),https://image.msscdn.net/images/goods_img/20240507/4111296/4111296_17471253413933_500.jpg,False
2025-01,F,003009,숏 팬츠,003,바지,21,3877779,easynoeasy,이지노이지,8부 데님 버뮤다팬츠 - 딥블루,https://image.msscdn.net/images/goods_img/20240216/3877779/3877779_17501497851354_500.jpg,False
2025-01,F,003009,숏 팬츠,003,바지,22,2574821,brenson,브렌슨,미니멀 트레이닝 essential 원턱 반바지,https://image.msscdn.net/images/goods_img/20220523/2574821/2574821_17471871788243_500.jpg,False
2025-01,F,003009,숏 팬츠,003,바지,23,3525215,likethemost,라이크더모스트,버뮤다 핀턱 오버핏 하프팬츠 4colors,https://image.msscdn.net/images/goods_img/20230904/3525215/3525215_17119641909296_500.jpg,False
2025-01,F,003009,숏 팬츠,003,바지,24,4230825,nike,나이키,드라이 핏 원 미드라이즈 3인치 투인원 쇼츠 W - 블랙 / DX6013-010,https://image.msscdn.net/images/goods_img/20240703/4230825/4230825_17205059550207_500.jpg,False
2025-01,F,003009,숏 팬츠,003,바지,25,4112599,againstallodds,에이지오디,[2PACK]버뮤다 와이드 원턱 스웨트 쇼츠 _3Color,https://image.msscdn.net/images/goods_img/20240508/4112599/4112599_17518761788008_500.jpg,False
2025-01,F,003009,숏 팬츠,003,바지,26,1952036,underarmour,언더아머,플레이업 5인치 반바지 1355791-001,https://image.msscdn.net/images/goods_img/20210514/1952036/1952036_1_500.jpg,False
2025-01,F,003009,숏 팬츠,003,바지,27,3378571,musinsastandardwoman,무신사 스탠다드 우먼,우먼즈 원 턱 와이드 코듀로이 쇼츠 [크림],https://image.msscdn.net/images/goods_img/20230622/3378571/3378571_17677814993888_500.jpg,False
2025-01,F,003009,숏 팬츠,003,바지,28,4057624,lemainsecond,리메인세컨드,버뮤다 와이드 원턱 스웨트 쇼츠 [그레이],https://image.msscdn.net/images/goods_img/20240416/4057624/4057624_17818375437486_500.jpg,False
2025-01,F,003009,숏 팬츠,003,바지,29,4187869,nike,나이키,윈드러너 미드라이즈 2인치 우븐 쇼츠 W - 블랙:화이트 / FV7501-010,https://image.msscdn.net/images/goods_img/20240611/4187869/4187869_17207601158323_500.jpg,False
2025-01,F,003009,숏 팬츠,003,바지,30,4700993,nerdy,널디,우먼스 리본 트랙 쇼츠(25SS) (크림/라이트퍼플/라이트블루/베이비핑크),https://image.msscdn.net/images/goods_img/20250106/4700993/4700993_17400275906154_500.jpg,False
2025-01,F,003005,레깅스,003,바지,1,4002543,borntowin,본투윈,BORNTOWIN LINE BOOTS CUT LEGGINGS [BLACK],https://image.msscdn.net/images/goods_img/20240328/4002543/4002543_17121975424754_500.jpg,False
2025-01,F,003005,레깅스,003,바지,2,3750666,borntowin,본투윈,B LOGO 3.5 BIKER SHORTS [BLACK],https://image.msscdn.net/images/goods_img/20231208/3750666/3750666_17579026718469_500.jpg,False
2025-01,F,003005,레깅스,003,바지,3,3940246,hadex,에이치덱스,우먼스 서포트 부츠컷 레깅스 (Black),https://image.msscdn.net/images/goods_img/20240311/3940246/3940246_17888258046932_500.jpg,False
2025-01,F,003005,레깅스,003,바지,4,3414542,andar,안다르,[2 PACK] 에어쿨링 지니 시그니처 레깅스 (9부),https://image.msscdn.net/images/goods_img/20230719/3414542/3414542_17236153921524_500.jpg,False
2025-01,F,003005,레깅스,003,바지,5,4560936,andar,안다르,[2 PACK] 에어쿨링 샤론 부츠컷 레깅스 (롱) / AMPPT-07,https://image.msscdn.net/images/goods_img/20241025/4560936/4560936_17884861528534_500.jpg,False
2025-01,F,003005,레깅스,003,바지,6,3071546,andar,안다르,NEW 에어쿨링 샤론 부츠컷 레깅스 (롱)_블랙,https://image.msscdn.net/images/goods_img/20230209/3071546/3071546_16759136480068_500.jpg,False
2025-01,F,003005,레깅스,003,바지,7,3379413,andar,안다르,[2 PACK] 에어쿨링 지니 시그니처 레깅스 (8.2부),https://image.msscdn.net/images/goods_img/20230623/3379413/3379413_17236154118022_500.jpg,False
2025-01,F,003005,레깅스,003,바지,8,4251372,borntowin,본투윈,OUTBAND 3.5 BIKER SHORTS [BLACK],https://image.msscdn.net/images/goods_img/20240716/4251372/4251372_17591064413250_500.jpg,False
2025-01,F,003005,레깅스,003,바지,9,3572490,physicalgarments,피지컬가먼츠,P5016 우먼 라이트 부츠컷 레깅스 [블랙],https://image.msscdn.net/images/goods_img/20230919/3572490/3572490_16952716547042_500.jpg,False
2025-01,F,003005,레깅스,003,바지,10,4617723,physicalgarments,피지컬가먼츠,P5032 우먼 기모 부츠컷 레깅스  [2 COLOR],https://image.msscdn.net/images/goods_img/20241115/4617723/4617723_17319908540895_500.jpg,False
2025-01,F,003005,레깅스,003,바지,11,3449655,xexymix,젝시믹스,젤라 인텐션 하드플러피 기모 레깅스 블랙,https://image.msscdn.net/images/goods_img/20230808/3449655/3449655_16917194606513_500.jpg,False
2025-01,F,003005,레깅스,003,바지,12,4002542,borntowin,본투윈,BORNTOWIN LINE BOOTS CUT LEGGINGS [GREY],https://image.msscdn.net/images/goods_img/20240328/4002542/4002542_17121975515286_500.jpg,False
2025-01,F,003005,레깅스,003,바지,13,4586532,andar,안다르,에어웜 기모 샤론 부츠컷 레깅스 / ALFPT-18_ALFPT-17,https://image.msscdn.net/images/goods_img/20241104/4586532/4586532_17899694291882_500.jpg,False
2025-01,F,003005,레깅스,003,바지,14,3449760,xexymix,젝시믹스,V업 3D 플러스 레깅스 블랙,https://image.msscdn.net/images/goods_img/20230808/3449760/3449760_16917104184611_500.jpg,False
2025-01,F,003005,레깅스,003,바지,15,4520728,hadex,에이치덱스,우먼스 서포트 웜업 부츠컷 레깅스 (Black),https://image.msscdn.net/images/goods_img/20241015/4520728/4520728_17294842988367_500.jpg,False
2025-01,F,003005,레깅스,003,바지,16,2387085,conchwear,콘치웨어,[롱버전출시!] 와일드 부츠컷 레깅스,https://image.msscdn.net/images/goods_img/20220225/2387085/2387085_17866848481812_500.jpg,False
2025-01,F,003005,레깅스,003,바지,17,3940248,hadex,에이치덱스,우먼스 서포트 4.0 바이커 쇼츠 (Black),https://image.msscdn.net/images/goods_img/20240311/3940248/3940248_17893629453379_500.jpg,False
2025-01,F,003005,레깅스,003,바지,18,4501888,borntowin,본투윈,REFLECTIVE 3.0 BIKER SHORTS [BLACK],https://image.msscdn.net/images/goods_img/20241010/4501888/4501888_17286269559100_500.jpg,False
2025-01,F,003005,레깅스,003,바지,19,4501842,borntowin,본투윈,SYMBOL B PIPING 3.5 BIKER SHORTS [BLACK],https://image.msscdn.net/images/goods_img/20241010/4501842/4501842_17286270953170_500.jpg,False
2025-01,F,003005,레깅스,003,바지,20,4560937,andar,안다르,[2 PACK] 에어쿨링 샤론 부츠컷 레깅스 (숏) / AMPPT-08,https://image.msscdn.net/images/goods_img/20241025/4560937/4560937_17884861411247_500.jpg,False
2025-01,F,003005,레깅스,003,바지,21,3852511,hadex,에이치덱스,우먼스 서포트 레깅스 (Black),https://image.msscdn.net/images/goods_img/20240207/3852511/3852511_17361459507780_500.jpg,False
2025-01,F,003005,레깅스,003,바지,22,4394381,nike,나이키,써마 핏 원 하이웨이스트 7/8 레깅스 W - 블랙:화이트 / FB8613-010,https://image.msscdn.net/images/goods_img/20240902/4394381/4394381_17291382058927_500.jpg,False
2025-01,F,003005,레깅스,003,바지,23,4456564,mihak1,미학,에스테틱 부츠컷 레깅스 (BLACK),https://image.msscdn.net/images/goods_img/20240924/4456564/4456564_17271489954800_500.jpg,False
2025-01,F,003005,레깅스,003,바지,24,3071536,andar,안다르,NEW 에어쿨링 샤론 부츠컷 레깅스 (숏)_블랙,https://image.msscdn.net/images/goods_img/20230209/3071536/3071536_16759135846296_500.jpg,False
2025-01,F,003005,레깅스,003,바지,25,2753530,formative,포머티브,(FM10622)올데이 라인업 부츠컷 레깅스_뉴블랙,https://image.msscdn.net/images/goods_img/20220830/2753530/2753530_17322410338229_500.jpg,False
2025-01,F,003005,레깅스,003,바지,26,4002551,borntowin,본투윈,SYMBOL B LONG LEGGINGS [BLACK],https://image.msscdn.net/images/goods_img/20240328/4002551/4002551_17121975031276_500.jpg,False
2025-01,F,003005,레깅스,003,바지,27,4300181,volante,볼란테,Woman OG High Waist Biker Shorts [Black],https://image.msscdn.net/images/goods_img/20240806/4300181/4300181_17254134435190_500.jpg,False
2025-01,F,003005,레깅스,003,바지,28,3940247,hadex,에이치덱스,우먼스 서포트 부츠컷 레깅스 (Taupe),https://image.msscdn.net/images/goods_img/20240311/3940247/3940247_17230981644481_500.jpg,False
2025-01,F,003005,레깅스,003,바지,29,4187872,nike,나이키,프로 365 5인치 쇼츠 W - 블랙:화이트 / CZ9832-010,https://image.msscdn.net/images/goods_img/20240611/4187872/4187872_17199758408348_500.jpg,False
2025-01,F,003005,레깅스,003,바지,30,3449637,xexymix,젝시믹스,블랙라벨 시그니처 360N 더블플러피 기모 레깅스 블랙,https://image.msscdn.net/images/goods_img/20230808/3449637/3449637_17026088164053_500.jpg,False
2025-01,F,003010,점프 슈트/오버올,003,바지,1,3040868,nastyfancyclub,팬시클럽,[NF] 유쓰 데님 오버롤_F23QD844,https://image.msscdn.net/images/goods_img/20230126/3040868/3040868_17423452286743_500.jpg,False
2025-01,F,003010,점프 슈트/오버올,003,바지,2,4562069,dollouterwear,돌아우터웨어,2425 볼칸 보드복 워크 점프슈트 아쿠아 프린트 남녀공용,https://image.msscdn.net/images/goods_img/20241027/4562069/4562069_17300771074790_500.jpg,False
2025-01,F,003010,점프 슈트/오버올,003,바지,3,4300009,lee,리,유니 오버롤 팬츠 블랙,https://image.msscdn.net/images/goods_img/20240806/4300009/4300009_17261035449396_500.jpg,False
2025-01,F,003010,점프 슈트/오버올,003,바지,4,4328109,unknownplanet,언노운 플라넷,오버롤 미디엄 샌드 블루,https://image.msscdn.net/images/goods_img/20240814/4328109/4328109_17829642557299_500.jpg,False
2025-01,F,003010,점프 슈트/오버올,003,바지,5,4248027,tommyjeans,타미진스,데이지 덩가리 데님 팬츠 (T32E6NED20TWT11A5),https://image.msscdn.net/images/goods_img/20240712/4248027/4248027_17261111460322_500.jpg,False
2025-01,F,003010,점프 슈트/오버올,003,바지,6,4465572,wkndrs,위캔더스,DRAGGY WORK OVERALL (D.BLACK),https://image.msscdn.net/images/goods_img/20240926/4465572/4465572_17283799130707_500.jpg,False
2025-01,F,003010,점프 슈트/오버올,003,바지,7,3928305,avan,어반드레스,Painter Jumpsuit BLACK,https://image.msscdn.net/images/goods_img/20240306/3928305/3928305_17171286086255_500.jpg,False
2025-01,F,003010,점프 슈트/오버올,003,바지,8,2775784,unknownplanet,언노운 플라넷,UP-305 오버롤 빈티지 데님 팬츠,https://image.msscdn.net/images/goods_img/20220907/2775784/2775784_17282857086683_500.jpg,False
2025-01,F,003010,점프 슈트/오버올,003,바지,9,3587746,bsrabbit,비에스래빗,카펜터 루즈핏 데님 오버롤 화이트,https://image.msscdn.net/images/goods_img/20230922/3587746/3587746_16957743153526_500.jpg,False
2025-01,F,003010,점프 슈트/오버올,003,바지,10,4641648,blent,블렌트,2425 Halo Jumpsuit - Coral,https://image.msscdn.net/images/goods_img/20241128/4641648/4641648_17328554949477_500.jpg,False
2025-01,F,003010,점프 슈트/오버올,003,바지,11,4641644,blent,블렌트,2425 Halo Jumpsuit - Tan,https://image.msscdn.net/images/goods_img/20241128/4641644/4641644_17328556214247_500.jpg,False
2025-01,F,003010,점프 슈트/오버올,003,바지,12,4300008,lee,리,유니 오버롤 팬츠 인디고 다크,https://image.msscdn.net/images/goods_img/20240806/4300008/4300008_17270796940952_500.jpg,False
2025-01,F,003010,점프 슈트/오버올,003,바지,13,4561842,dollouterwear,돌아우터웨어,2425 볼칸 보드복 워크 점프슈트 블랙 남녀공용,https://image.msscdn.net/images/goods_img/20241026/4561842/4561842_17299371290500_500.jpg,False
2025-01,F,003010,점프 슈트/오버올,003,바지,14,3040869,nastyfancyclub,팬시클럽,[NF] 유쓰 데님 오버롤 (DARK BLUE)_F23QD844,https://image.msscdn.net/images/goods_img/20230126/3040869/3040869_16854217673275_500.jpg,False
2025-01,F,003010,점프 슈트/오버올,003,바지,15,4307437,marithefrancoisgirbaud,마리떼 프랑소와 저버,W CORDUROY OVERALL PANTS brown,https://image.msscdn.net/images/goods_img/20240808/4307437/4307437_17241312471435_500.jpg,False
2025-01,F,003010,점프 슈트/오버올,003,바지,16,3722482,piretti,피레티,엘리트 패딩 점프수트 W_Black,https://image.msscdn.net/images/goods_img/20231120/3722482/3722482_17004423538765_500.jpg,False
2025-01,F,003010,점프 슈트/오버올,003,바지,17,3740060,ienkiienki,옌키옌키,(W) 스키 빕 팬츠 쉘 레드 SKI BIB PANTS SHELL RED,https://image.msscdn.net/images/goods_img/20231130/3740060/3740060_17013318043031_500.jpg,False
2025-01,F,003010,점프 슈트/오버올,003,바지,18,4562089,dollouterwear,돌아우터웨어,2425 리브레 보드복 점프슈트 퍼플 남녀공용,https://image.msscdn.net/images/goods_img/20241027/4562089/4562089_17300026657920_500.jpg,False
2025-01,F,003010,점프 슈트/오버올,003,바지,19,4562199,dollouterwear,돌아우터웨어,2425 리브레 보드복 점프슈트 핑크 남녀공용,https://image.msscdn.net/images/goods_img/20241027/4562199/4562199_17300138784605_500.jpg,False
2025-01,F,003010,점프 슈트/오버올,003,바지,20,3152653,nocontent,노컨텐츠,데님 서스펜더스 팬츠,https://image.msscdn.net/images/goods_img/20230316/3152653/3152653_17061574273834_500.jpg,False
2025-01,F,003010,점프 슈트/오버올,003,바지,21,4562055,dollouterwear,돌아우터웨어,2425 볼칸 보드복 워크 점프슈트 베이비 핑크 남녀공용,https://image.msscdn.net/images/goods_img/20241027/4562055/4562055_17300775198280_500.jpg,False
2025-01,F,003010,점프 슈트/오버올,003,바지,22,4227157,whoau,후아유,Denim Overalls(F) / WHTJF2357F,https://image.msscdn.net/images/goods_img/20240702/4227157/4227157_17676722986604_500.jpg,False
2025-01,F,003010,점프 슈트/오버올,003,바지,23,4212319,vikinivender,비키니밴더,에스닉 리본타이 와이드 점프수트,https://image.msscdn.net/images/goods_img/20240621/4212319/4212319_17189391793839_500.jpg,False
2025-01,F,003010,점프 슈트/오버올,003,바지,24,4465571,wkndrs,위캔더스,DRAGGY WORK OVERALL (DENIM),https://image.msscdn.net/images/goods_img/20240926/4465571/4465571_17283799743108_500.jpg,False
2025-01,F,003010,점프 슈트/오버올,003,바지,25,4041725,greenbutter,그린버터,Zipper Overall pants (Navy),https://image.msscdn.net/images/goods_img/20240409/4041725/4041725_17126545683185_500.jpg,False
2025-01,F,003010,점프 슈트/오버올,003,바지,26,4600114,crank,크랭크,브이넥 니트 바디 수트_블랙,https://image.msscdn.net/images/goods_img/20241108/4600114/4600114_17313868902016_500.jpg,False
2025-01,F,003010,점프 슈트/오버올,003,바지,27,4301179,covernatwoman,커버낫 우먼,우먼 데님 오버롤 Blue,https://image.msscdn.net/images/goods_img/20240806/4301179/4301179_17236177884311_500.jpg,False
2025-01,F,003010,점프 슈트/오버올,003,바지,28,4038327,wrangler,랭글러,유니 세미오버 데님 오버롤 인디고 다크,https://image.msscdn.net/images/goods_img/20240409/4038327/4038327_17126284775895_500.jpg,False
2025-01,F,003010,점프 슈트/오버올,003,바지,29,4693417,vikinivender,비키니밴더,에이샤 플라워 롬퍼,https://image.msscdn.net/images/goods_img/20250102/4693417/4693417_17357856456477_500.jpg,False
2025-01,F,003010,점프 슈트/오버올,003,바지,30,4653564,adidas,아디다스,70s 점프수트  - 네이비 JN8312,https://image.msscdn.net/images/goods_img/20241206/4653564/4653564_17334600387871_500.jpg,False
2025-01,F,003006,기타 하의,003,바지,1,2926541,brenson,브렌슨,(Renew Ver.) 코듀로이 원턱 와이드 밴딩팬츠 ( 5Color ),https://image.msscdn.net/images/goods_img/20221108/2926541/2926541_17623049889755_500.jpg,False
2025-01,F,003006,기타 하의,003,바지,2,2701466,niceghostclub,나이스고스트클럽,LOGO SWEAT LAYERED PANTS_BLACK(NG2DFUPA91A),https://image.msscdn.net/images/goods_img/20220805/2701466/2701466_17683538441423_500.jpg,False
2025-01,F,003006,기타 하의,003,바지,3,4138974,musinsastandardwoman,무신사 스탠다드 우먼,우먼즈 속기모 나일론 파라슈트 팬츠 [블랙],https://image.msscdn.net/images/goods_img/20240517/4138974/4138974_17326136174484_500.jpg,False
2025-01,F,003006,기타 하의,003,바지,4,4304163,aakam,아캄,Knee Pin-tuck Camouflage Twill Pants (Black),https://image.msscdn.net/images/goods_img/20240807/4304163/4304163_17243269019342_500.jpg,False
2025-01,F,003006,기타 하의,003,바지,5,4332771,tuomio,뚜오미오,STRAPPY SKIRT PANTS [BLACK],https://image.msscdn.net/images/goods_img/20240814/4332771/4332771_17876194381027_500.jpg,False
2025-01,F,003006,기타 하의,003,바지,6,3758425,musinsastandardwoman,무신사 스탠다드 우먼,우먼즈 세미 부츠 컷 유틸리티 카고 팬츠 [다크 그레이],https://image.msscdn.net/images/goods_img/20231215/3758425/3758425_17267126895773_500.jpg,False
2025-01,F,003006,기타 하의,003,바지,7,4535575,flareup,플레어업,Asymmetrical Drape Pants (FL-245_Black),https://image.msscdn.net/images/goods_img/20241018/4535575/4535575_17292406400458_500.jpg,False
2025-01,F,003006,기타 하의,003,바지,8,4544730,heleneparis,헬레네파리스,레이어드 스커트 부츠컷 팬츠 [블랙],https://image.msscdn.net/images/goods_img/20241022/4544730/4544730_17296433446787_500.jpg,False
2025-01,F,003006,기타 하의,003,바지,9,4546110,nike,나이키,ACG 스미스 서밋 집오프 팬츠 W - 블랙:서밋 화이트 / FB7884-010,https://image.msscdn.net/images/goods_img/20241023/4546110/4546110_17304259848732_500.jpg,False
2025-01,F,003006,기타 하의,003,바지,10,3857541,niceghostclub,나이스고스트클럽,FFATS PLEATS LAYERED SKIRT PANTS_BLACK(NG2ESUPA92A),https://image.msscdn.net/images/goods_img/20240208/3857541/3857541_17073560744854_500.jpg,False
2025-01,F,003006,기타 하의,003,바지,11,4344010,treemingbird,트리밍버드,Layered Drape Wrap Trouser [ Black ],https://image.msscdn.net/images/goods_img/20240819/4344010/4344010_17267431482588_500.jpg,False
2025-01,F,003006,기타 하의,003,바지,12,3758422,musinsastandardwoman,무신사 스탠다드 우먼,우먼즈 세미 부츠 컷 유틸리티 카고 팬츠 [블랙],https://image.msscdn.net/images/goods_img/20231215/3758422/3758422_17086597985894_500.jpg,False
2025-01,F,003006,기타 하의,003,바지,13,4553586,lartigent,라티젠,L14 PLEATS WRAP SET (GRAY),https://image.msscdn.net/images/goods_img/20241024/4553586/4553586_17669917166065_500.jpg,False
2025-01,F,003006,기타 하의,003,바지,14,4333319,ronron,론론,CANCAN RUFFLE LAYERED PANTSKIRT MELANGE GREY,https://image.msscdn.net/images/goods_img/20240815/4333319/4333319_17254414883596_500.jpg,False
2025-01,F,003006,기타 하의,003,바지,15,3851446,runninghigh,러닝하이,립스탑 밴딩 카고 팬츠 [블랙 카모],https://image.msscdn.net/images/goods_img/20240206/3851446/3851446_17073537796074_500.jpg,False
2025-01,F,003006,기타 하의,003,바지,16,4035251,flareup,플레어업,[SET] Handmade Twisted Skirt Pants (FL-237_Black),https://image.msscdn.net/images/goods_img/20240408/4035251/4035251_17128067196523_500.jpg,False
2025-01,F,003006,기타 하의,003,바지,17,4497263,luvistrue,러브이즈트루,FS BOOTSCUT POCKET CARGO PANTS(CAMO),https://image.msscdn.net/images/goods_img/20241008/4497263/4497263_17287061886287_500.jpg,False
2025-01,F,003006,기타 하의,003,바지,18,4324770,niceghostclub,나이스고스트클럽,LOGO SWEAT LAYERED PANTS_CHARCOAL(NG2DFUPA91A),https://image.msscdn.net/images/goods_img/20240813/4324770/4324770_17237784346824_500.jpg,False
2025-01,F,003006,기타 하의,003,바지,19,4368664,musinsastandardwoman,무신사 스탠다드 우먼,우먼즈 어니언 퀼티드 패딩 팬츠 [블랙],https://image.msscdn.net/images/goods_img/20240826/4368664/4368664_17327608401392_500.jpg,False
2025-01,F,003006,기타 하의,003,바지,20,3939834,urbandtype,어반디타입,코튼 와이드 카고 팬츠_베이지,https://image.msscdn.net/images/goods_img/20240311/3939834/3939834_17449523513032_500.jpg,False
2025-01,F,003006,기타 하의,003,바지,21,4368665,musinsastandardwoman,무신사 스탠다드 우먼,우먼즈 어니언 퀼티드 패딩 팬츠 [아이보리],https://image.msscdn.net/images/goods_img/20240826/4368665/4368665_17326124148694_500.jpg,False
2025-01,F,003006,기타 하의,003,바지,22,4138976,musinsastandardwoman,무신사 스탠다드 우먼,우먼즈 속기모 나일론 파라슈트 팬츠 [크림],https://image.msscdn.net/images/goods_img/20240517/4138976/4138976_17326136367824_500.jpg,False
2025-01,F,003006,기타 하의,003,바지,23,3639492,treemingbird,트리밍버드,2-way Folded Wrap Skirt-pants [ Dark Gray ],https://image.msscdn.net/images/goods_img/20231019/3639492/3639492_16977761197383_500.jpg,False
2025-01,F,003006,기타 하의,003,바지,24,4138975,musinsastandardwoman,무신사 스탠다드 우먼,우먼즈 속기모 나일론 파라슈트 팬츠 [웜 그레이],https://image.msscdn.net/images/goods_img/20240517/4138975/4138975_17350273201422_500.jpg,False
2025-01,F,003006,기타 하의,003,바지,25,4144445,treemingbird,트리밍버드,See-Through Strap Wrap Pants [ Black ],https://image.msscdn.net/images/goods_img/20240521/4144445/4144445_17174869399697_500.jpg,False
2025-01,F,003006,기타 하의,003,바지,26,4605040,valdeblanco,발데블랑코,와이드 원턱 코듀로이 기모 스트링 팬츠 [브라운],https://image.msscdn.net/images/goods_img/20241111/4605040/4605040_17358683478910_500.jpg,False
2025-01,F,003006,기타 하의,003,바지,27,4344006,treemingbird,트리밍버드,Front Yoke Leather Pants [ Black ],https://image.msscdn.net/images/goods_img/20240819/4344006/4344006_17267438458733_500.jpg,False
2025-01,F,003006,기타 하의,003,바지,28,3704215,glowny,글로니,G CLASSIC RIB FLARE PANTS (BLACK),https://image.msscdn.net/images/goods_img/20231110/3704215/3704215_17421766528725_500.jpg,False
2025-01,F,003006,기타 하의,003,바지,29,3730347,musinsastandardwoman,무신사 스탠다드 우먼,우먼즈 스커트 레이어드 저지 팬츠 [블랙],https://image.msscdn.net/images/goods_img/20231123/3730347/3730347_17056442290002_500.jpg,False
2025-01,F,003006,기타 하의,003,바지,30,3820917,luvistrue,러브이즈트루,NM LETTERING PANTS(BLACK),https://image.msscdn.net/images/goods_img/20240124/3820917/3820917_17060946191585_500.jpg,False
2025-01,F,100,원피스/스커트,,,1,4350936,misekiseoul,미세키서울,Unbalanced layered skirt BLACK,https://image.msscdn.net/images/goods_img/20240821/4350936/4350936_17816746257467_500.png,False
2025-01,F,100,원피스/스커트,,,2,2714524,avan,어반드레스,Punching Knit Dress BLACK,https://image.msscdn.net/images/goods_img/20220812/2714524/2714524_17207610263763_500.jpg,False
2025-01,F,100,원피스/스커트,,,3,4324777,niceghostclub,나이스고스트클럽,BIG STAR LOGO SWEAT SKIRT_BLACK(NG2EFUPA90A),https://image.msscdn.net/images/goods_img/20240813/4324777/4324777_17708775629904_500.jpg,False
2025-01,F,100,원피스/스커트,,,4,4350948,misekiseoul,미세키서울,Layered skirt pants set BLACK,https://image.msscdn.net/images/goods_img/20240821/4350948/4350948_17260331837026_500.jpg,False
2025-01,F,100,원피스/스커트,,,5,4441405,flareup,플레어업,Pleats Midi Skirt (FL-243_Black),https://image.msscdn.net/images/goods_img/20240915/4441405/4441405_17267922032591_500.jpg,False
2025-01,F,100,원피스/스커트,,,6,4593477,placestudio,플레이스 스튜디오,슬림핏 베이직 윈터 티어드 밴딩 롱 캉캉스커트 [블랙],https://image.msscdn.net/images/goods_img/20241106/4593477/4593477_17308782967721_500.jpg,False
2025-01,F,100,원피스/스커트,,,7,2117253,musinsastandardwoman,무신사 스탠다드 우먼,우먼즈 플리츠 미디 스커트 [블랙],https://image.msscdn.net/images/goods_img/20210908/2117253/2117253_17467823245909_500.jpg,False
2025-01,F,100,원피스/스커트,,,8,4428491,mausoleum,마우솔레움,젠 수트 자켓 드레스-블랙,https://image.msscdn.net/images/goods_img/20240910/4428491/4428491_17581570793981_500.jpg,False
2025-01,F,100,원피스/스커트,,,9,4593352,placestudio,플레이스 스튜디오,슬림핏 베이직 윈터 티어드 밴딩 롱 캉캉스커트 [화이트],https://image.msscdn.net/images/goods_img/20241106/4593352/4593352_17308779637311_500.jpg,False
2025-01,F,100,원피스/스커트,,,10,4350942,misekiseoul,미세키서울,Layered skirt pants set CHARCOAL,https://image.msscdn.net/images/goods_img/20240821/4350942/4350942_17260335029834_500.jpg,False
2025-01,F,100,원피스/스커트,,,11,4336061,adidas,아디다스,파이어버드 니트 스커트 - 블랙 / IY7279,https://image.msscdn.net/images/goods_img/20240816/4336061/4336061_17242236525944_500.jpg,False
2025-01,F,100,원피스/스커트,,,12,4350931,misekiseoul,미세키서울,Unbalanced layered skirt CHARCOAL,https://image.msscdn.net/images/goods_img/20240821/4350931/4350931_17816745489039_500.png,False
2025-01,F,100,원피스/스커트,,,13,4170370,ronron,론론,CANCAN RUFFLE PANTSKIRT BLACK,https://image.msscdn.net/images/goods_img/20240531/4170370/4170370_17175556541226_500.jpg,False
2025-01,F,100,원피스/스커트,,,14,4410511,sinoon,시눈,[제니 착용] Tute Skirt (Light Grey),https://image.msscdn.net/images/goods_img/20240905/4410511/4410511_17255902768837_500.jpg,False
2025-01,F,100,원피스/스커트,,,15,2117254,musinsastandardwoman,무신사 스탠다드 우먼,우먼즈 플리츠 미디 스커트 [차콜 그레이],https://image.msscdn.net/images/goods_img/20210908/2117254/2117254_17467755871427_500.jpg,False
2025-01,F,100,원피스/스커트,,,16,4228713,musinsastandardwoman,무신사 스탠다드 우먼,우먼즈 데님 카펜터 롱 스커트 [워시드 블랙],https://image.msscdn.net/images/goods_img/20240702/4228713/4228713_17799545745468_500.jpg,False
2025-01,F,100,원피스/스커트,,,17,4410515,sinoon,시눈,Tute Skirt (Greyish Green),https://image.msscdn.net/images/goods_img/20240905/4410515/4410515_17255902706687_500.jpg,False
2025-01,F,100,원피스/스커트,,,18,2836351,avan,어반드레스,Quilting Long Denim Skirt BLACK,https://image.msscdn.net/images/goods_img/20221004/2836351/2836351_17211921687233_500.jpg,False
2025-01,F,100,원피스/스커트,,,19,4326509,musinsastandardwoman,무신사 스탠다드 우먼,우먼즈 레이어드 미니 스코츠 [블랙],https://image.msscdn.net/images/goods_img/20240813/4326509/4326509_17536889295210_500.jpg,False
2025-01,F,100,원피스/스커트,,,20,3753558,roughneck,러프넥,튜튜 팬츠 스커트 크림,https://image.msscdn.net/images/goods_img/20231212/3753558/3753558_17023643675304_500.jpg,False
2025-01,F,100,원피스/스커트,,,21,4447528,levar,르바,Suede Stitch Mini Dress - Black,https://image.msscdn.net/images/goods_img/20240920/4447528/4447528_17278375705102_500.jpg,False
2025-01,F,100,원피스/스커트,,,22,4457755,musinsastandardwoman,무신사 스탠다드 우먼,우먼즈 스트레이트 맥시 스커트 [건메탈],https://image.msscdn.net/images/goods_img/20240924/4457755/4457755_17307905958859_500.jpg,False
2025-01,F,100,원피스/스커트,,,23,4107449,millowomen,밀로 우먼,벌룬 셔링 맥시 스커트 [블랙],https://image.msscdn.net/images/goods_img/20240505/4107449/4107449_17206686828137_500.jpg,False
2025-01,F,100,원피스/스커트,,,24,2257612,musinsastandardwoman,무신사 스탠다드 우먼,우먼즈 플리츠 미디 스커트 [미디엄 그레이],https://image.msscdn.net/images/goods_img/20211206/2257612/2257612_17155615478939_500.jpg,False
2025-01,F,100,원피스/스커트,,,25,4270504,placestudio,플레이스 스튜디오,리본 버튼 플리츠 미디 레이어드 랩 스커트 [블랙],https://image.msscdn.net/images/goods_img/20240724/4270504/4270504_17306845501933_500.jpg,False
2025-01,F,100,원피스/스커트,,,26,4457754,musinsastandardwoman,무신사 스탠다드 우먼,우먼즈 스트레이트 맥시 스커트 [블랙],https://image.msscdn.net/images/goods_img/20240924/4457754/4457754_17467722878565_500.jpg,False
2025-01,F,100,원피스/스커트,,,27,2714533,avan,어반드레스,Punching Knit Dress IVORY,https://image.msscdn.net/images/goods_img/20220812/2714533/2714533_2_500.jpg,False
2025-01,F,100,원피스/스커트,,,28,4229177,musinsastandardwoman,무신사 스탠다드 우먼,우먼즈 핀스트라이프 로 라이즈 플리츠 미니 스커트 [블랙],https://image.msscdn.net/images/goods_img/20240702/4229177/4229177_17467827057087_500.jpg,False
2025-01,F,100,원피스/스커트,,,29,4593596,placestudio,플레이스 스튜디오,클래식 스웨이드 플레이드 플리츠 미디 스커트 [블랙],https://image.msscdn.net/images/goods_img/20241106/4593596/4593596_17525386939692_500.jpg,False
2025-01,F,100,원피스/스커트,,,30,4336415,oheshio,오헤시오,"BALLOON BANDING MIDI SKIRT, BLACK",https://image.msscdn.net/images/goods_img/20240816/4336415/4336415_17253339156879_500.jpg,False
2025-01,F,100001,미니원피스,100,원피스/스커트,1,2714524,avan,어반드레스,Punching Knit Dress BLACK,https://image.msscdn.net/images/goods_img/20220812/2714524/2714524_17207610263763_500.jpg,False
2025-01,F,100001,미니원피스,100,원피스/스커트,2,4428491,mausoleum,마우솔레움,젠 수트 자켓 드레스-블랙,https://image.msscdn.net/images/goods_img/20240910/4428491/4428491_17581570793981_500.jpg,False
2025-01,F,100001,미니원피스,100,원피스/스커트,3,4447528,levar,르바,Suede Stitch Mini Dress - Black,https://image.msscdn.net/images/goods_img/20240920/4447528/4447528_17278375705102_500.jpg,False
2025-01,F,100001,미니원피스,100,원피스/스커트,4,2714533,avan,어반드레스,Punching Knit Dress IVORY,https://image.msscdn.net/images/goods_img/20220812/2714533/2714533_2_500.jpg,False
2025-01,F,100001,미니원피스,100,원피스/스커트,5,4500721,nastyfancyclub,팬시클럽,[SET] 걸스 마이 팬시 롱슬리브 &도트 레이어드 원피스_F24ZB068xZD880,https://image.msscdn.net/images/goods_img/20241010/4500721/4500721_17591973173612_500.jpg,False
2025-01,F,100001,미니원피스,100,원피스/스커트,6,4428494,mausoleum,마우솔레움,젠 라운드 넥 플리티드 수트 자켓 드레스-그레이,https://image.msscdn.net/images/goods_img/20240910/4428494/4428494_17581575766269_500.jpg,False
2025-01,F,100001,미니원피스,100,원피스/스커트,7,4428537,mausoleum,마우솔레움,젠 플리티드 수트 자켓 드레스-그레이,https://image.msscdn.net/images/goods_img/20240910/4428537/4428537_17581578386868_500.jpg,False
2025-01,F,100001,미니원피스,100,원피스/스커트,8,4590509,notyourrose,낫 유어 로즈,페이 볼레로 드레스 (블랙),https://image.msscdn.net/images/goods_img/20241105/4590509/4590509_17652581957281_500.jpg,False
2025-01,F,100001,미니원피스,100,원피스/스커트,9,4620987,painorpleasure,페인오어플레져,BIANCA DRESS charcoal,https://image.msscdn.net/images/goods_img/20241118/4620987/4620987_17319136657790_500.jpg,False
2025-01,F,100001,미니원피스,100,원피스/스커트,10,3590873,cornell,얼킨 캔버스,베티붑 레이스 레이어드 프릴 미니 원피스_블랙,https://image.msscdn.net/images/goods_img/20230925/3590873/3590873_17788092542541_500.jpg,False
2025-01,F,100001,미니원피스,100,원피스/스커트,11,4350231,musinsastandardwoman,무신사 스탠다드 우먼,우먼즈 스퀘어 넥 트위드 미니 드레스 [블랙],https://image.msscdn.net/images/goods_img/20240820/4350231/4350231_17296684962897_500.jpg,False
2025-01,F,100001,미니원피스,100,원피스/스커트,12,4410728,sinoon,시눈,Rose Lace Sheer Dress (White),https://image.msscdn.net/images/goods_img/20240905/4410728/4410728_17255908137107_500.jpg,False
2025-01,F,100001,미니원피스,100,원피스/스커트,13,3906947,notyourrose,낫 유어 로즈,단델리온 드레스 (블랙),https://image.msscdn.net/images/goods_img/20240227/3906947/3906947_17652578577987_500.jpg,False
2025-01,F,100001,미니원피스,100,원피스/스커트,14,4511405,bnfrom,비엔프롬,From pin preppy ops,https://image.msscdn.net/images/goods_img/20241014/4511405/4511405_17298405317039_500.jpeg,False
2025-01,F,100001,미니원피스,100,원피스/스커트,15,4426306,sincethen,신스덴,메이브 트위드 미니원피스,https://image.msscdn.net/images/goods_img/20240910/4426306/4426306_17259488518215_500.jpg,False
2025-01,F,100001,미니원피스,100,원피스/스커트,16,4553168,sinoon,시눈,Frill Sleeveless Dress (Black),https://image.msscdn.net/images/goods_img/20241024/4553168/4553168_17301100987901_500.jpg,False
2025-01,F,100001,미니원피스,100,원피스/스커트,17,4553173,sinoon,시눈,Frill Sleeveless Dress (Cream Yellow),https://image.msscdn.net/images/goods_img/20241024/4553173/4553173_17301101179969_500.jpg,False
2025-01,F,100001,미니원피스,100,원피스/스커트,18,3907183,youhee,유희,EYELET FRILL DRESS RED,https://image.msscdn.net/images/goods_img/20240227/3907183/3907183_17139280727176_500.jpg,False
2025-01,F,100001,미니원피스,100,원피스/스커트,19,4623675,lingseoul,링서울,v-neck sleeveless dress-black,https://image.msscdn.net/images/goods_img/20241119/4623675/4623675_17338970619775_500.jpg,False
2025-01,F,100001,미니원피스,100,원피스/스커트,20,3906921,notyourrose,낫 유어 로즈,레이스 프릴 미니 드레스 (블랙),https://image.msscdn.net/images/goods_img/20240227/3906921/3906921_17652598997882_500.jpg,False
2025-01,F,100001,미니원피스,100,원피스/스커트,21,4327388,tommyjeans,타미진스,롱 슬리브 데님 드레스 (T32E6WOP07TWL11AP),https://image.msscdn.net/images/goods_img/20240813/4327388/4327388_17249989424999_500.jpg,False
2025-01,F,100001,미니원피스,100,원피스/스커트,22,4428543,mausoleum,마우솔레움,젠 플리티드 수트 자켓 드레스 - 블랙,https://image.msscdn.net/images/goods_img/20240910/4428543/4428543_17581579349799_500.jpg,False
2025-01,F,100001,미니원피스,100,원피스/스커트,23,4338874,nastyfancyclub,팬시클럽,도트 레이어드 원피스 (WHITE)_F24ZD880,https://image.msscdn.net/images/goods_img/20240816/4338874/4338874_17591943791305_500.jpg,False
2025-01,F,100001,미니원피스,100,원피스/스커트,24,4088113,menasoo,미나수,MENASOO SUMMER STRIPE TERRY STRAP ONEPIECE_RED,https://image.msscdn.net/images/goods_img/20240425/4088113/4088113_17187023167931_500.jpg,False
2025-01,F,100001,미니원피스,100,원피스/스커트,25,2605850,notyourrose,낫 유어 로즈,프릴 미니 드레스 (핑크),https://image.msscdn.net/images/goods_img/20220609/2605850/2605850_17652591506997_500.jpg,False
2025-01,F,100001,미니원피스,100,원피스/스커트,26,4438696,musinsastandardwoman,무신사 스탠다드 우먼,우먼즈 크루 넥 니트 미니 드레스 [카키 브라운],https://image.msscdn.net/images/goods_img/20240913/4438696/4438696_17283532261859_500.jpg,False
2025-01,F,100001,미니원피스,100,원피스/스커트,27,4350232,musinsastandardwoman,무신사 스탠다드 우먼,우먼즈 스퀘어 넥 트위드 미니 드레스 [브라운],https://image.msscdn.net/images/goods_img/20240820/4350232/4350232_17290401295526_500.jpg,False
2025-01,F,100001,미니원피스,100,원피스/스커트,28,4212814,cornell,얼킨 캔버스,베티붑 레이스 레이어드 프릴 미니 원피스_화이트,https://image.msscdn.net/images/goods_img/20240621/4212814/4212814_17655075860048_500.jpg,False
2025-01,F,100001,미니원피스,100,원피스/스커트,29,3907182,youhee,유희,EYELET FRILL DRESS WHITE,https://image.msscdn.net/images/goods_img/20240227/3907182/3907182_17139281782890_500.jpg,False
2025-01,F,100001,미니원피스,100,원피스/스커트,30,3196981,painorpleasure,페인오어플레져,ORCHID DRESS white,https://image.msscdn.net/images/goods_img/20230331/3196981/3196981_16903483777490_500.jpg,False
2025-01,F,100002,미디원피스,100,원피스/스커트,1,3303973,lemaire,르메르,파라슈트 원피스 - 핑크 / DR1003LF1016RE345,https://image.msscdn.net/images/goods_img/20230518/3303973/3303973_16866253822764_500.jpg,False
2025-01,F,100002,미디원피스,100,원피스/스커트,2,3241349,lemaire,르메르,스트레이트 카라 트위스티드 원피스 - 크림,https://image.msscdn.net/images/goods_img/20230418/3241349/3241349_16877458630237_500.jpg,False
2025-01,F,100002,미디원피스,100,원피스/스커트,3,2862553,covernat,커버낫,COVERNAT X BLACK YAK 플리스 원피스 네이비,https://image.msscdn.net/images/goods_img/20221014/2862553/2862553_17310569680045_500.jpg,False
2025-01,F,100002,미디원피스,100,원피스/스커트,4,4682741,adidas,아디다스,3S 랩 트랙수트 드레스 JJ0953,https://image.msscdn.net/images/goods_img/20241227/4682741/4682741_17352821064037_500.jpg,False
2025-01,F,100002,미디원피스,100,원피스/스커트,5,4363011,snowpeakapparel,스노우피크 어패럴,여성 오버롤 원피스 (S24FWTOP37) Dark Charcoal,https://image.msscdn.net/images/goods_img/20240823/4363011/4363011_17249020675963_500.jpg,False
2025-01,F,100002,미디원피스,100,원피스/스커트,6,2457511,poloralphlauren,폴로 랄프 로렌,W 케이블 니트 드레스 - 블루,https://image.msscdn.net/images/goods_img/20220330/2457511/2457511_2_500.jpg,False
2025-01,F,100002,미디원피스,100,원피스/스커트,7,3199619,jacquemus,자크뮈스,라 로브 바리 원피스 - 블랙 / 221DR0161333990,https://image.msscdn.net/images/goods_img/20230331/3199619/3199619_16871637386694_500.jpg,False
2025-01,F,100002,미디원피스,100,원피스/스커트,8,4405675,lee,리,코듀로이 오버롤 원피스 브라운,https://image.msscdn.net/images/goods_img/20240904/4405675/4405675_17579871245029_500.jpg,False
2025-01,F,100002,미디원피스,100,원피스/스커트,9,4379454,romanticcrown,로맨틱크라운,그라데이션 니트 드레스_핑크,https://image.msscdn.net/images/goods_img/20240828/4379454/4379454_17351775506669_500.jpg,False
2025-01,F,100002,미디원피스,100,원피스/스커트,10,3303965,lemaire,르메르,랩 원피스 - 블랙 / DR1021LF839BK998,https://image.msscdn.net/images/goods_img/20230518/3303965/3303965_16866255002196_500.jpg,False
2025-01,F,100002,미디원피스,100,원피스/스커트,11,2753695,lemaire,르메르,트위스티드 랩 원피스 - 블랙,https://image.msscdn.net/images/goods_img/20220830/2753695/2753695_1_500.jpg,False
2025-01,F,100002,미디원피스,100,원피스/스커트,12,4380012,lenina,르니나,DARLENE bow neck dress,https://image.msscdn.net/images/goods_img/20240828/4380012/4380012_17745864335776_500.jpg,False
2025-01,F,100002,미디원피스,100,원피스/스커트,13,3940293,afterhours,애프터아워즈,OPEN LAYERED FRILL DRESS (BLACK),https://image.msscdn.net/images/goods_img/20240311/3940293/3940293_17161898796205_500.jpg,False
2025-01,F,100002,미디원피스,100,원피스/스커트,14,4589874,matinkim,마뗑킴,DAMAGE POINT CABLE KNIT DRESS IN IVORY,https://image.msscdn.net/images/goods_img/20241105/4589874/4589874_17307934068098_500.jpg,False
2025-01,F,100002,미디원피스,100,원피스/스커트,15,3295325,lemaire,르메르,스트라이프 셔츠 드레스 - 베이지 / DR1020LF1049MU008,https://image.msscdn.net/images/goods_img/20230515/3295325/3295325_16883677129405_500.jpg,False
2025-01,F,100002,미디원피스,100,원피스/스커트,16,4303656,luckychouette,럭키슈에뜨,Pocket Printed Shirt-type Denim Dress_LFPDA24260BUX,https://image.msscdn.net/images/goods_img/20240807/4303656/4303656_17229977291720_500.jpg,False
2025-01,F,100002,미디원피스,100,원피스/스커트,17,3428833,burberry,버버리,빈티지 체크 벨트 원피스 - 아카이브 베이지 / 8063498,https://image.msscdn.net/images/goods_img/20230726/3428833/3428833_16913708487220_500.jpg,False
2025-01,F,100002,미디원피스,100,원피스/스커트,18,4513365,ganni,가니,보타니컬 자카드 스트랩 미디 원피스 - 피코트 / F9705268,https://image.msscdn.net/images/goods_img/20241014/4513365/4513365_17301622321949_500.jpg,False
2025-01,F,100002,미디원피스,100,원피스/스커트,19,4312916,poloralphlauren,폴로 랄프 로렌,W 스트라이프 코튼 저지 럭비 드레스-그린,https://image.msscdn.net/images/goods_img/20240809/4312916/4312916_17253546597863_500.jpg,False
2025-01,F,100002,미디원피스,100,원피스/스커트,20,3182695,isabelmarant,이자벨마랑,라니카예 원피스 - 화이트 / RO0002FAA1J03E20WH,https://image.msscdn.net/images/goods_img/20230327/3182695/3182695_16830817201542_500.jpg,False
2025-01,F,100002,미디원피스,100,원피스/스커트,21,4340658,plunastudio,플루나 스튜디오,스퀘어 플리츠 원피스_Black,https://image.msscdn.net/images/goods_img/20240819/4340658/4340658_17253737211696_500.jpg,False
2025-01,F,100002,미디원피스,100,원피스/스커트,22,3481439,lemaire,르메르,트위스티드 디테일 실크 미디 드레스 - 에크루,https://image.msscdn.net/images/goods_img/20230821/3481439/3481439_16953534454163_500.jpg,False
2025-01,F,100002,미디원피스,100,원피스/스커트,23,4461506,lacoste,라코스테,여성 핏앤플레어 스웨터 드레스 [네이비],https://image.msscdn.net/images/goods_img/20240925/4461506/4461506_17387223485720_500.jpg,False
2025-01,F,100002,미디원피스,100,원피스/스커트,24,4716354,mucent,무센트,시안 후드넥 슬림핏 원피스 (4컬러),https://image.msscdn.net/images/goods_img/20250113/4716354/4716354_17369240986940_500.jpg,False
2025-01,F,100002,미디원피스,100,원피스/스커트,25,4604742,viki,비키,플라워 자수 벨벳 원피스 (TJOAZ2545),https://image.msscdn.net/images/goods_img/20241111/4604742/4604742_17325104299769_500.jpg,False
2025-01,F,100002,미디원피스,100,원피스/스커트,26,4494156,nationalgeographic,내셔널지오그래픽,N244WOP010 여성 엘크 패딩 원피스 LIGHT JADE,https://image.msscdn.net/images/goods_img/20241007/4494156/4494156_17290595640384_500.jpg,False
2025-01,F,100002,미디원피스,100,원피스/스커트,27,4280734,depound,드파운드,핀턱 레이스 드레스 [화이트],https://image.msscdn.net/images/goods_img/20240729/4280734/4280734_17739987474652_500.jpg,False
2025-01,F,100002,미디원피스,100,원피스/스커트,28,4353559,theatg,더엣지,트위드 플레어 원피스,https://image.msscdn.net/images/goods_img/20240821/4353559/4353559_17313026779021_500.jpg,False
2025-01,F,100002,미디원피스,100,원피스/스커트,29,3425776,prendafromplant,프렌다,DENIM TERRY TUBE DRESS BLACK,https://image.msscdn.net/images/goods_img/20230725/3425776/3425776_16915713281210_500.jpg,False
2025-01,F,100002,미디원피스,100,원피스/스커트,30,4512637,8seconds,에잇세컨즈,셔링 레이어드 원피스  카키,https://image.msscdn.net/images/goods_img/20241014/4512637/4512637_17288767358031_500.jpg,False
2025-01,F,100003,맥시원피스,100,원피스/스커트,1,4469879,loaxual,로액슈얼,LACE STRAP RUFFLE LONG DRESS_OFF WHITE,https://image.msscdn.net/images/goods_img/20240927/4469879/4469879_17273761479435_500.jpg,False
2025-01,F,100003,맥시원피스,100,원피스/스커트,2,3963231,margarinfingers,마가린핑거스,LACE CHIFFON ONE PIECE (WHITE),https://image.msscdn.net/images/goods_img/20240318/3963231/3963231_17133380756797_500.jpg,False
2025-01,F,100003,맥시원피스,100,원피스/스커트,3,3374556,ganni,가니,스트라이프 코튼 맥시 스트랩 원피스 - 멀티 컬러 / F7766999,https://image.msscdn.net/images/goods_img/20230620/3374556/3374556_16895872484532_500.jpg,False
2025-01,F,100003,맥시원피스,100,원피스/스커트,4,4636893,loulouseoul,루루서울,Mermaid of the City Dress (Cream),https://image.msscdn.net/images/goods_img/20241126/4636893/4636893_17325994146796_500.jpg,False
2025-01,F,100003,맥시원피스,100,원피스/스커트,5,4260172,lemaire,르메르,스트레이트 카라 트위스티드 원피스 - 라이트 크림 / DR1092LF839WH048,https://image.msscdn.net/images/goods_img/20240719/4260172/4260172_17231651297893_500.jpg,False
2025-01,F,100003,맥시원피스,100,원피스/스커트,6,4501757,snowpeakapparel,스노우피크 어패럴,웜 플리스 여성 스탠드넥 원피스 (S24WWFOP77) Brown,https://image.msscdn.net/images/goods_img/20241010/4501757/4501757_17285383844089_500.jpg,False
2025-01,F,100003,맥시원피스,100,원피스/스커트,7,3604929,lemaire,르메르,미디 트위스트 셔츠 드레스 - 아스팔트 / DR1024LF1106BK991,https://image.msscdn.net/images/goods_img/20231005/3604929/3604929_16980438899766_500.jpg,False
2025-01,F,100003,맥시원피스,100,원피스/스커트,8,4045669,lcdctm,엘씨디씨티엠,BUSTIER DETAIL JERSEY DRESS,https://image.msscdn.net/images/goods_img/20240411/4045669/4045669_17128199243217_500.jpg,False
2025-01,F,100003,맥시원피스,100,원피스/스커트,9,4278580,tommyjeans,타미진스,유틸리티 원피스 (T32E6WOP13TWT11A5),https://image.msscdn.net/images/goods_img/20240729/4278580/4278580_17261112889952_500.jpg,False
2025-01,F,100003,맥시원피스,100,원피스/스커트,10,4480192,snowpeakapparel,스노우피크 어패럴,플리스 여성 원피스 (S24WWFOP79) Dark Charcoal,https://image.msscdn.net/images/goods_img/20241002/4480192/4480192_17296786647666_500.jpg,False
2025-01,F,100003,맥시원피스,100,원피스/스커트,11,4343976,lcdctm,엘씨디씨티엠,HOOK DETAIL CHIFFON DRESS_CHECKED,https://image.msscdn.net/images/goods_img/20240819/4343976/4343976_17240616309077_500.jpg,False
2025-01,F,100003,맥시원피스,100,원피스/스커트,12,4354741,lemaire,르메르,스트레이트 카라 트위스티드 원피스 - 캐비어 / DR1092LF839BK997,https://image.msscdn.net/images/goods_img/20240821/4354741/4354741_17254311407300_500.jpg,False
2025-01,F,100003,맥시원피스,100,원피스/스커트,13,4480193,snowpeakapparel,스노우피크 어패럴,플리스 여성 원피스 (S24WWFOP79) Beige,https://image.msscdn.net/images/goods_img/20241002/4480193/4480193_17288919803623_500.jpg,False
2025-01,F,100003,맥시원피스,100,원피스/스커트,14,4318817,marithefrancoisgirbaud,마리떼 프랑소와 저버,W SLIM FIT SLEEVELESS DENIM DRESS dark blue,https://image.msscdn.net/images/goods_img/20240812/4318817/4318817_17253417833710_500.jpg,False
2025-01,F,100003,맥시원피스,100,원피스/스커트,15,4608533,urago,유라고,Velvet halter neck dress,https://image.msscdn.net/images/goods_img/20241112/4608533/4608533_17322377841566_500.jpg,False
2025-01,F,100003,맥시원피스,100,원피스/스커트,16,4518339,generalideastandard,제너럴아이디어,크로셰 레이어드 원피스 [WHITE] / WBD3L15504,https://image.msscdn.net/images/goods_img/20241015/4518339/4518339_17289627090221_500.jpg,False
2025-01,F,100003,맥시원피스,100,원피스/스커트,17,4344045,lcdctm,엘씨디씨티엠,HOOK DETAIL CHIFFON DRESS,https://image.msscdn.net/images/goods_img/20240819/4344045/4344045_17240625885593_500.jpg,False
2025-01,F,100003,맥시원피스,100,원피스/스커트,18,3148943,poloralphlauren,폴로 랄프 로렌,W 케이블 니트 코튼 폴로 드레스 - 블랙,https://image.msscdn.net/images/goods_img/20230315/3148943/3148943_16801447755761_500.jpg,False
2025-01,F,100003,맥시원피스,100,원피스/스커트,19,4687009,tommyjeans,타미진스,맥시 드레스 재킷 (T32F0WOP11TWT21A4),https://image.msscdn.net/images/goods_img/20241231/4687009/4687009_17391505537322_500.jpg,False
2025-01,F,100003,맥시원피스,100,원피스/스커트,20,3785485,therow,더 로우,보엘리나 롱 슬리스리스 드레스 - 라이트 베이지 / 6976W1445LBB,https://image.msscdn.net/images/goods_img/20240110/3785485/3785485_17103757137290_500.jpg,False
2025-01,F,100003,맥시원피스,100,원피스/스커트,21,4687002,tommyjeans,타미진스,폴로 스웨터 드레스 (T32F0WOP10TWT2P6N),https://image.msscdn.net/images/goods_img/20241231/4687002/4687002_17391505365928_500.jpg,False
2025-01,F,100003,맥시원피스,100,원피스/스커트,22,4391979,metapher,메타퍼,MET 코지 뷔스티에 원피스 블랙,https://image.msscdn.net/images/goods_img/20240902/4391979/4391979_17873322772143_500.jpg,False
2025-01,F,100003,맥시원피스,100,원피스/스커트,23,2069390,blacrush,블랙크러쉬,Reverse Logo Long OPS,https://image.msscdn.net/images/goods_img/20210818/2069390/2069390_1_500.jpg,False
2025-01,F,100003,맥시원피스,100,원피스/스커트,24,4500075,treemingbird,트리밍버드,Hooded Cold-shoulder One-piece [ Black ],https://image.msscdn.net/images/goods_img/20241009/4500075/4500075_17288072915130_500.jpg,False
2025-01,F,100003,맥시원피스,100,원피스/스커트,25,2487085,bonidee,보니데,V&A 랩 원피스 옐로우,https://image.msscdn.net/images/goods_img/20220413/2487085/2487085_1_500.jpg,False
2025-01,F,100003,맥시원피스,100,원피스/스커트,26,3155026,avan,어반드레스,shell wrinkle long onepiece - 3COL,https://image.msscdn.net/images/goods_img/20230316/3155026/3155026_17198077330391_500.jpg,False
2025-01,F,100003,맥시원피스,100,원피스/스커트,27,4518338,generalideastandard,제너럴아이디어,크로셰 레이어드 원피스 [BLACK] / WBD3L15504,https://image.msscdn.net/images/goods_img/20241015/4518338/4518338_17289626989588_500.jpg,False
2025-01,F,100003,맥시원피스,100,원피스/스커트,28,4061683,poloralphlauren,폴로 랄프 로렌,W 케이블 니트 코튼 폴로 드레스 - 옐로우,https://image.msscdn.net/images/goods_img/20240417/4061683/4061683_17152993651878_500.jpg,False
2025-01,F,100003,맥시원피스,100,원피스/스커트,29,3353327,vallodenera,벨로디네라,Dahlia Halter Dress Yellow,https://image.msscdn.net/images/goods_img/20230608/3353327/3353327_16865548364201_500.jpg,False
2025-01,F,100003,맥시원피스,100,원피스/스커트,30,4616078,treemingbird,트리밍버드,Crack Suede Suspenders One-piece [ Black ],https://image.msscdn.net/images/goods_img/20241114/4616078/4616078_17318592763177_500.jpg,False
2025-01,F,100004,미니스커트,100,원피스/스커트,1,4170370,ronron,론론,CANCAN RUFFLE PANTSKIRT BLACK,https://image.msscdn.net/images/goods_img/20240531/4170370/4170370_17175556541226_500.jpg,False
2025-01,F,100004,미니스커트,100,원피스/스커트,2,4410511,sinoon,시눈,[제니 착용] Tute Skirt (Light Grey),https://image.msscdn.net/images/goods_img/20240905/4410511/4410511_17255902768837_500.jpg,False
2025-01,F,100004,미니스커트,100,원피스/스커트,3,4410515,sinoon,시눈,Tute Skirt (Greyish Green),https://image.msscdn.net/images/goods_img/20240905/4410515/4410515_17255902706687_500.jpg,False
2025-01,F,100004,미니스커트,100,원피스/스커트,4,4326509,musinsastandardwoman,무신사 스탠다드 우먼,우먼즈 레이어드 미니 스코츠 [블랙],https://image.msscdn.net/images/goods_img/20240813/4326509/4326509_17536889295210_500.jpg,False
2025-01,F,100004,미니스커트,100,원피스/스커트,5,3753558,roughneck,러프넥,튜튜 팬츠 스커트 크림,https://image.msscdn.net/images/goods_img/20231212/3753558/3753558_17023643675304_500.jpg,False
2025-01,F,100004,미니스커트,100,원피스/스커트,6,4229177,musinsastandardwoman,무신사 스탠다드 우먼,우먼즈 핀스트라이프 로 라이즈 플리츠 미니 스커트 [블랙],https://image.msscdn.net/images/goods_img/20240702/4229177/4229177_17467827057087_500.jpg,False
2025-01,F,100004,미니스커트,100,원피스/스커트,7,4298327,musinsastandardwoman,무신사 스탠다드 우먼,우먼즈 로 라이즈 플리츠 미니 스코츠 [블랙],https://image.msscdn.net/images/goods_img/20240806/4298327/4298327_17467829987386_500.jpg,False
2025-01,F,100004,미니스커트,100,원피스/스커트,8,4326511,musinsastandardwoman,무신사 스탠다드 우먼,우먼즈 레이어드 미니 스코츠 [미디엄 그레이],https://image.msscdn.net/images/goods_img/20240813/4326511/4326511_17295662280683_500.jpg,False
2025-01,F,100004,미니스커트,100,원피스/스커트,9,2069547,musinsastandardwoman,무신사 스탠다드 우먼,우먼즈 코듀로이 미니 스커트 [블랙],https://image.msscdn.net/images/goods_img/20210818/2069547/2069547_1_500.jpg,False
2025-01,F,100004,미니스커트,100,원피스/스커트,10,4593704,placestudio,플레이스 스튜디오,티어드 피치 스트라이프 프릴 레이스 밴딩 숏 캉캉 스커트 팬츠 [블랙],https://image.msscdn.net/images/goods_img/20241106/4593704/4593704_17863508763482_500.jpg,False
2025-01,F,100004,미니스커트,100,원피스/스커트,11,4564179,oheshio,오헤시오,"CHECK TWOWAY MINI SKIRT, ASH BLUE",https://image.msscdn.net/images/goods_img/20241028/4564179/4564179_17301007688603_500.jpg,False
2025-01,F,100004,미니스커트,100,원피스/스커트,12,2117249,musinsastandardwoman,무신사 스탠다드 우먼,우먼즈 베이식 미니 스커트 [블랙],https://image.msscdn.net/images/goods_img/20210908/2117249/2117249_17625018594051_500.jpg,False
2025-01,F,100004,미니스커트,100,원피스/스커트,13,3820464,millowomen,밀로 우먼,어시메트릭 레이스 랩 스커트 [아이보리],https://image.msscdn.net/images/goods_img/20240124/3820464/3820464_17206748892267_500.jpg,False
2025-01,F,100004,미니스커트,100,원피스/스커트,14,4359189,porta,포르타,"CHECK PLEATS MINI SKIRT SHORTS, BROWN",https://image.msscdn.net/images/goods_img/20240822/4359189/4359189_17250001829443_500.jpg,False
2025-01,F,100004,미니스커트,100,원피스/스커트,15,4593686,placestudio,플레이스 스튜디오,티어드 피치 스트라이프 프릴 레이스 밴딩 숏 캉캉 스커트 팬츠 [화이트],https://image.msscdn.net/images/goods_img/20241106/4593686/4593686_17683519013843_500.jpg,False
2025-01,F,100004,미니스커트,100,원피스/스커트,16,1944554,musinsastandardwoman,무신사 스탠다드 우먼,우먼즈 데님 미니 스커트 [워시드 블랙],https://image.msscdn.net/images/goods_img/20210511/1944554/1944554_2_500.jpg,False
2025-01,F,100004,미니스커트,100,원피스/스커트,17,2568777,musinsastandardwoman,무신사 스탠다드 우먼,우먼즈 코듀로이 플리츠 미니 스커트 [블랙],https://image.msscdn.net/images/goods_img/20220518/2568777/2568777_16975309791978_500.jpg,False
2025-01,F,100004,미니스커트,100,원피스/스커트,18,3753562,roughneck,러프넥,튜튜 팬츠 스커트 블랙,https://image.msscdn.net/images/goods_img/20231212/3753562/3753562_17023643402079_500.jpg,False
2025-01,F,100004,미니스커트,100,원피스/스커트,19,4422906,grove,그로브,LOUIS SKIRT-PANTS (2COLOR),https://image.msscdn.net/images/goods_img/20240909/4422906/4422906_17259544525073_500.jpg,False
2025-01,F,100004,미니스커트,100,원피스/스커트,20,4590514,notyourrose,낫 유어 로즈,리리 스커트 (블랙),https://image.msscdn.net/images/goods_img/20241105/4590514/4590514_17309607676746_500.jpg,False
2025-01,F,100004,미니스커트,100,원피스/스커트,21,4627759,khakipoint,카키포인트,Tuck Skirt Pants (charcoal),https://image.msscdn.net/images/goods_img/20241120/4627759/4627759_17321290642780_500.jpg,False
2025-01,F,100004,미니스커트,100,원피스/스커트,22,4633909,withoutsummer,위드아웃썸머,퓨리티 미니 스커트_아이보리,https://image.msscdn.net/images/goods_img/20241125/4633909/4633909_17350263178919_500.jpg,False
2025-01,F,100004,미니스커트,100,원피스/스커트,23,4441401,flareup,플레어업,Layered Pleats Skirt (FL-242_Black),https://image.msscdn.net/images/goods_img/20240915/4441401/4441401_17267925439060_500.jpg,False
2025-01,F,100004,미니스커트,100,원피스/스커트,24,4609402,roidesrois,로아드로아,우먼즈 데일리 플리츠 테니스 스커트 (차콜),https://image.msscdn.net/images/goods_img/20241113/4609402/4609402_17314647281606_500.jpg,False
2025-01,F,100004,미니스커트,100,원피스/스커트,25,4532708,expiredgirl,익스파이어드걸,레오파드 프릴 미니 스커트,https://image.msscdn.net/images/goods_img/20241018/4532708/4532708_17292188538108_500.jpg,False
2025-01,F,100004,미니스커트,100,원피스/스커트,26,4298328,musinsastandardwoman,무신사 스탠다드 우먼,우먼즈 로 라이즈 플리츠 미니 스코츠 [멜란지 그레이],https://image.msscdn.net/images/goods_img/20240806/4298328/4298328_17466831047933_500.jpg,False
2025-01,F,100004,미니스커트,100,원피스/스커트,27,3845250,crank,크랭크,캉캉 프릴 미니 스커트_아이보리,https://image.msscdn.net/images/goods_img/20240205/3845250/3845250_17070596537351_500.jpg,False
2025-01,F,100004,미니스커트,100,원피스/스커트,28,4410508,sinoon,시눈,Tute Skirt (Cream),https://image.msscdn.net/images/goods_img/20240905/4410508/4410508_17255903901619_500.jpg,False
2025-01,F,100004,미니스커트,100,원피스/스커트,29,2551407,musinsastandardwoman,무신사 스탠다드 우먼,우먼즈 플리츠 미니 스커트 [그레이],https://image.msscdn.net/images/goods_img/20220511/2551407/2551407_17188462525168_500.jpg,False
2025-01,F,100004,미니스커트,100,원피스/스커트,30,4627874,ason,애즈온,AUTUMN SKIRT / BLACK,https://image.msscdn.net/images/goods_img/20241120/4627874/4627874_17320963858972_500.jpg,False
2025-01,F,100005,미디스커트,100,원피스/스커트,1,4350936,misekiseoul,미세키서울,Unbalanced layered skirt BLACK,https://image.msscdn.net/images/goods_img/20240821/4350936/4350936_17816746257467_500.png,False
2025-01,F,100005,미디스커트,100,원피스/스커트,2,4350948,misekiseoul,미세키서울,Layered skirt pants set BLACK,https://image.msscdn.net/images/goods_img/20240821/4350948/4350948_17260331837026_500.jpg,False
2025-01,F,100005,미디스커트,100,원피스/스커트,3,4441405,flareup,플레어업,Pleats Midi Skirt (FL-243_Black),https://image.msscdn.net/images/goods_img/20240915/4441405/4441405_17267922032591_500.jpg,False
2025-01,F,100005,미디스커트,100,원피스/스커트,4,2117253,musinsastandardwoman,무신사 스탠다드 우먼,우먼즈 플리츠 미디 스커트 [블랙],https://image.msscdn.net/images/goods_img/20210908/2117253/2117253_17467823245909_500.jpg,False
2025-01,F,100005,미디스커트,100,원피스/스커트,5,4350942,misekiseoul,미세키서울,Layered skirt pants set CHARCOAL,https://image.msscdn.net/images/goods_img/20240821/4350942/4350942_17260335029834_500.jpg,False
2025-01,F,100005,미디스커트,100,원피스/스커트,6,4350931,misekiseoul,미세키서울,Unbalanced layered skirt CHARCOAL,https://image.msscdn.net/images/goods_img/20240821/4350931/4350931_17816745489039_500.png,False
2025-01,F,100005,미디스커트,100,원피스/스커트,7,2117254,musinsastandardwoman,무신사 스탠다드 우먼,우먼즈 플리츠 미디 스커트 [차콜 그레이],https://image.msscdn.net/images/goods_img/20210908/2117254/2117254_17467755871427_500.jpg,False
2025-01,F,100005,미디스커트,100,원피스/스커트,8,2257612,musinsastandardwoman,무신사 스탠다드 우먼,우먼즈 플리츠 미디 스커트 [미디엄 그레이],https://image.msscdn.net/images/goods_img/20211206/2257612/2257612_17155615478939_500.jpg,False
2025-01,F,100005,미디스커트,100,원피스/스커트,9,4270504,placestudio,플레이스 스튜디오,리본 버튼 플리츠 미디 레이어드 랩 스커트 [블랙],https://image.msscdn.net/images/goods_img/20240724/4270504/4270504_17306845501933_500.jpg,False
2025-01,F,100005,미디스커트,100,원피스/스커트,10,4336415,oheshio,오헤시오,"BALLOON BANDING MIDI SKIRT, BLACK",https://image.msscdn.net/images/goods_img/20240816/4336415/4336415_17253339156879_500.jpg,False
2025-01,F,100005,미디스커트,100,원피스/스커트,11,4229174,musinsastandardwoman,무신사 스탠다드 우먼,우먼즈 패널 슬릿 니 렝스 스커트 [블랙],https://image.msscdn.net/images/goods_img/20240702/4229174/4229174_17466935812150_500.jpg,False
2025-01,F,100005,미디스커트,100,원피스/스커트,12,3850173,nastyfancyclub,팬시클럽,[NF] 포멀 버튼 플리츠 미디 스커트 (GRAY)_F24QD871,https://image.msscdn.net/images/goods_img/20240206/3850173/3850173_17400317848206_500.jpg,False
2025-01,F,100005,미디스커트,100,원피스/스커트,13,4354879,ason,애즈온,LONDON CHECK MIDI SKIRT / BLACK,https://image.msscdn.net/images/goods_img/20240821/4354879/4354879_17286374520942_500.jpg,False
2025-01,F,100005,미디스커트,100,원피스/스커트,14,4343434,lcdctm,엘씨디씨티엠,CHECKED PLEATS MIDI SKIRT,https://image.msscdn.net/images/goods_img/20240819/4343434/4343434_17240565268569_500.jpg,False
2025-01,F,100005,미디스커트,100,원피스/스커트,15,4483999,nike,나이키,스포츠웨어 에센셜 미드라이즈 우븐 카고 미디 스커트 W - 블랙:세일 / FV7504-010,https://image.msscdn.net/images/goods_img/20241002/4483999/4483999_17292178862292_500.jpg,False
2025-01,F,100005,미디스커트,100,원피스/스커트,16,4443459,millowomen,밀로 우먼,버클 플리츠 스커트 [블랙],https://image.msscdn.net/images/goods_img/20240919/4443459/4443459_17738036372892_500.jpg,False
2025-01,F,100005,미디스커트,100,원피스/스커트,17,4254226,placestudio,플레이스 스튜디오,레이스 셔링 리본 코튼 밴딩 롱 캉캉 스커트 [화이트],https://image.msscdn.net/images/goods_img/20240717/4254226/4254226_17694921389750_500.jpg,False
2025-01,F,100005,미디스커트,100,원피스/스커트,18,4444912,millowomen,밀로 우먼,어시메트릭 밴딩 스커트 [블랙],https://image.msscdn.net/images/goods_img/20240919/4444912/4444912_17273565992383_500.jpg,False
2025-01,F,100005,미디스커트,100,원피스/스커트,19,4518029,cerric,세릭,GARTER COTTON SKIRT / LIGHT GRAY,https://image.msscdn.net/images/goods_img/20241015/4518029/4518029_17295102676117_500.jpg,False
2025-01,F,100005,미디스커트,100,원피스/스커트,20,4440246,nicknicole,닉앤니콜,SHIRRING FLARE MIDI SKIRT_BLACK,https://image.msscdn.net/images/goods_img/20240913/4440246/4440246_17677589465179_500.jpg,False
2025-01,F,100005,미디스커트,100,원피스/스커트,21,4439606,heretic,헤레틱,BUTTON FLARED SKIRT / black,https://image.msscdn.net/images/goods_img/20240913/4439606/4439606_17271426228080_500.jpg,False
2025-01,F,100005,미디스커트,100,원피스/스커트,22,4518033,cerric,세릭,GARTER COTTON SKIRT / BLACK,https://image.msscdn.net/images/goods_img/20241015/4518033/4518033_17295102515366_500.jpg,False
2025-01,F,100005,미디스커트,100,원피스/스커트,23,4682191,salomon,살로몬,슬레이트 스커트_LC2818400,https://image.msscdn.net/images/goods_img/20241227/4682191/4682191_17410671585461_500.jpg,False
2025-01,F,100005,미디스커트,100,원피스/스커트,24,3908314,hokuspokus,호쿠스포쿠스,폴카 도트 프릴 스커트 / 샴페인,https://image.msscdn.net/images/goods_img/20240228/3908314/3908314_17090885006761_500.jpg,False
2025-01,F,100005,미디스커트,100,원피스/스커트,25,4594259,pahisum,파히섬,체크 드레이프 스커트_블랙,https://image.msscdn.net/images/goods_img/20241106/4594259/4594259_17308977161652_500.jpg,False
2025-01,F,100005,미디스커트,100,원피스/스커트,26,4441402,flareup,플레어업,Pleats Midi Skirt (FL-243_Charcoal),https://image.msscdn.net/images/goods_img/20240915/4441402/4441402_17267924444243_500.jpg,False
2025-01,F,100005,미디스커트,100,원피스/스커트,27,4624430,uglyshadow,어글리쉐도우,튤립 미디 스커트(블랙),https://image.msscdn.net/images/goods_img/20241119/4624430/4624430_17320911489315_500.jpg,False
2025-01,F,100005,미디스커트,100,원피스/스커트,28,4414103,musinsastandardwoman,무신사 스탠다드 우먼,우먼즈 레이스 레이어드 랩 스커트 [블랙],https://image.msscdn.net/images/goods_img/20240906/4414103/4414103_17295734391487_500.jpg,False
2025-01,F,100005,미디스커트,100,원피스/스커트,29,4229175,musinsastandardwoman,무신사 스탠다드 우먼,우먼즈 패널 슬릿 니 렝스 스커트 [그레이],https://image.msscdn.net/images/goods_img/20240702/4229175/4229175_17307026821269_500.jpg,False
2025-01,F,100005,미디스커트,100,원피스/스커트,30,4414102,musinsastandardwoman,무신사 스탠다드 우먼,우먼즈 레이스 레이어드 랩 스커트 [화이트],https://image.msscdn.net/images/goods_img/20240906/4414102/4414102_17592983054945_500.jpg,False
2025-01,F,100006,롱스커트,100,원피스/스커트,1,4324777,niceghostclub,나이스고스트클럽,BIG STAR LOGO SWEAT SKIRT_BLACK(NG2EFUPA90A),https://image.msscdn.net/images/goods_img/20240813/4324777/4324777_17708775629904_500.jpg,False
2025-01,F,100006,롱스커트,100,원피스/스커트,2,4593477,placestudio,플레이스 스튜디오,슬림핏 베이직 윈터 티어드 밴딩 롱 캉캉스커트 [블랙],https://image.msscdn.net/images/goods_img/20241106/4593477/4593477_17308782967721_500.jpg,False
2025-01,F,100006,롱스커트,100,원피스/스커트,3,4593352,placestudio,플레이스 스튜디오,슬림핏 베이직 윈터 티어드 밴딩 롱 캉캉스커트 [화이트],https://image.msscdn.net/images/goods_img/20241106/4593352/4593352_17308779637311_500.jpg,False
2025-01,F,100006,롱스커트,100,원피스/스커트,4,4336061,adidas,아디다스,파이어버드 니트 스커트 - 블랙 / IY7279,https://image.msscdn.net/images/goods_img/20240816/4336061/4336061_17242236525944_500.jpg,False
2025-01,F,100006,롱스커트,100,원피스/스커트,5,4228713,musinsastandardwoman,무신사 스탠다드 우먼,우먼즈 데님 카펜터 롱 스커트 [워시드 블랙],https://image.msscdn.net/images/goods_img/20240702/4228713/4228713_17799545745468_500.jpg,False
2025-01,F,100006,롱스커트,100,원피스/스커트,6,2836351,avan,어반드레스,Quilting Long Denim Skirt BLACK,https://image.msscdn.net/images/goods_img/20221004/2836351/2836351_17211921687233_500.jpg,False
2025-01,F,100006,롱스커트,100,원피스/스커트,7,4457755,musinsastandardwoman,무신사 스탠다드 우먼,우먼즈 스트레이트 맥시 스커트 [건메탈],https://image.msscdn.net/images/goods_img/20240924/4457755/4457755_17307905958859_500.jpg,False
2025-01,F,100006,롱스커트,100,원피스/스커트,8,4107449,millowomen,밀로 우먼,벌룬 셔링 맥시 스커트 [블랙],https://image.msscdn.net/images/goods_img/20240505/4107449/4107449_17206686828137_500.jpg,False
2025-01,F,100006,롱스커트,100,원피스/스커트,9,4457754,musinsastandardwoman,무신사 스탠다드 우먼,우먼즈 스트레이트 맥시 스커트 [블랙],https://image.msscdn.net/images/goods_img/20240924/4457754/4457754_17467722878565_500.jpg,False
2025-01,F,100006,롱스커트,100,원피스/스커트,10,4593596,placestudio,플레이스 스튜디오,클래식 스웨이드 플레이드 플리츠 미디 스커트 [블랙],https://image.msscdn.net/images/goods_img/20241106/4593596/4593596_17525386939692_500.jpg,False
2025-01,F,100006,롱스커트,100,원피스/스커트,11,3758437,musinsastandardwoman,무신사 스탠다드 우먼,우먼즈 CP 맥시 스커트 [블랙],https://image.msscdn.net/images/goods_img/20231215/3758437/3758437_17677813885414_500.jpg,False
2025-01,F,100006,롱스커트,100,원피스/스커트,12,4287474,flareup,플레어업,2.Drape Layered Maxi Skirt (FL-241_Black),https://image.msscdn.net/images/goods_img/20240801/4287474/4287474_17224700726568_500.jpg,False
2025-01,F,100006,롱스커트,100,원피스/스커트,13,4146787,placestudio,플레이스 스튜디오,캉캉 프릴 플레어 리본 셔링 롱 코튼 스커트 [블랙],https://image.msscdn.net/images/goods_img/20240522/4146787/4146787_17163345079315_500.jpg,False
2025-01,F,100006,롱스커트,100,원피스/스커트,14,4496176,adidas,아디다스,3S 롱 스커트 - 블랙 / IY7275,https://image.msscdn.net/images/goods_img/20241008/4496176/4496176_17286330651535_500.jpg,False
2025-01,F,100006,롱스커트,100,원피스/스커트,15,4432416,ahe,리디피,비대칭 랩 맥시 스커트 (black),https://image.msscdn.net/images/goods_img/20240911/4432416/4432416_17261303729928_500.jpg,False
2025-01,F,100006,롱스커트,100,원피스/스커트,16,4415986,plzproject,플리즈프로젝트,"MAXI DENIM SKIRT, MEDIUM BLUE",https://image.msscdn.net/images/goods_img/20240906/4415986/4415986_17416633960580_500.png,False
2025-01,F,100006,롱스커트,100,원피스/스커트,17,2792604,musinsastandardwoman,무신사 스탠다드 우먼,우먼즈 맥시 스커트 [미디엄 그레이],https://image.msscdn.net/images/goods_img/20220915/2792604/2792604_16728975851407_500.jpg,False
2025-01,F,100006,롱스커트,100,원피스/스커트,18,4475821,aopt,아옵트,UNBALANCE FRILL MAXI SKIRT - CHECK,https://image.msscdn.net/images/goods_img/20240930/4475821/4475821_17279281178472_500.jpg,False
2025-01,F,100006,롱스커트,100,원피스/스커트,19,4544307,roompacker,룸페커,로츠 플리츠 체크 기모 스커트,https://image.msscdn.net/images/goods_img/20241022/4544307/4544307_17588730693359_500.jpg,False
2025-01,F,100006,롱스커트,100,원피스/스커트,20,1931894,musinsastandardwoman,무신사 스탠다드 우먼,우먼즈 하이 웨이스트 슬릿 롱 스커트 [블랙],https://image.msscdn.net/images/goods_img/20210430/1931894/1931894_3_500.jpg,False
2025-01,F,100006,롱스커트,100,원피스/스커트,21,2551400,musinsastandardwoman,무신사 스탠다드 우먼,우먼즈 세미 머메이드 스커트 [블랙],https://image.msscdn.net/images/goods_img/20220511/2551400/2551400_2_500.jpg,False
2025-01,F,100006,롱스커트,100,원피스/스커트,22,4036171,flareup,플레어업,Drape Layered Maxi Skirt (FL-238_Black),https://image.msscdn.net/images/goods_img/20240408/4036171/4036171_17125631219546_500.jpg,False
2025-01,F,100006,롱스커트,100,원피스/스커트,23,2448899,musinsastandardwoman,무신사 스탠다드 우먼,우먼즈 프론트 슬릿 데님 롱 스커트 [워시드 블랙],https://image.msscdn.net/images/goods_img/20220328/2448899/2448899_17661127529056_500.jpg,False
2025-01,F,100006,롱스커트,100,원피스/스커트,24,4210257,musinsastandardwoman,무신사 스탠다드 우먼,우먼즈 CP 맥시 스커트 [베이지],https://image.msscdn.net/images/goods_img/20240620/4210257/4210257_17259587111258_500.jpg,False
2025-01,F,100006,롱스커트,100,원피스/스커트,25,4146791,placestudio,플레이스 스튜디오,캉캉 프릴 플레어 리본 셔링 롱 코튼 스커트 [크림],https://image.msscdn.net/images/goods_img/20240522/4146791/4146791_17163349315738_500.jpg,False
2025-01,F,100006,롱스커트,100,원피스/스커트,26,3758436,musinsastandardwoman,무신사 스탠다드 우먼,우먼즈 CP 맥시 스커트 [다크 그레이],https://image.msscdn.net/images/goods_img/20231215/3758436/3758436_17677813303074_500.jpg,False
2025-01,F,100006,롱스커트,100,원피스/스커트,27,3758435,musinsastandardwoman,무신사 스탠다드 우먼,우먼즈 CP 맥시 스커트 [화이트],https://image.msscdn.net/images/goods_img/20231215/3758435/3758435_17259588422783_500.jpg,False
2025-01,F,100006,롱스커트,100,원피스/스커트,28,3907259,highschooldisco,하이스쿨디스코,셔링 리본 티어드 롱스커트 아이보리,https://image.msscdn.net/images/goods_img/20240227/3907259/3907259_17091834494311_500.png,False
2025-01,F,100006,롱스커트,100,원피스/스커트,29,3898250,chicks,칙스,BWS 빈티지 워싱 데님 롱스커트 중청,https://image.msscdn.net/images/goods_img/20240223/3898250/3898250_17090022554515_500.jpg,False
2025-01,F,100006,롱스커트,100,원피스/스커트,30,2792603,musinsastandardwoman,무신사 스탠다드 우먼,우먼즈 맥시 스커트 [블랙],https://image.msscdn.net/images/goods_img/20220915/2792603/2792603_17536886431375_500.jpg,False
