year_month,gender,category_code,category_name,parent_code,parent_name,rank,product_id,brand,brand_name,product_name,image_url,discontinued
2025-10,A,001,상의,,,1,2086653,musinsastandard,무신사 스탠다드,레이어드 크루 넥 티셔츠_일반 기장 [화이트],https://image.msscdn.net/images/goods_img/20210825/2086653/2086653_17772494800708_500.jpg,False
2025-10,A,001,상의,,,2,2149254,musinsastandard,무신사 스탠다드,베이식 긴소매 티셔츠 2팩,https://image.msscdn.net/images/goods_img/20210928/2149254/2149254_17138588137724_500.jpg,False
2025-10,A,001,상의,,,3,5276013,trillion,트릴리온,레더 패치 데님 카라 럭비 맨투맨_네이비,https://image.msscdn.net/images/goods_img/20250728/5276013/5276013_17545474942483_500.jpg,False
2025-10,A,001,상의,,,4,4302685,sorano,소라노,SORANO Basic Logo HOODIE [6Color],https://image.msscdn.net/images/goods_img/20240807/4302685/4302685_17229675684379_500.jpg,False
2025-10,A,001,상의,,,5,5353112,patagonia,파타고니아,멘즈 라이트웨이트 신칠라 스냅-티 풀오버 / 25551Q7,https://image.msscdn.net/images/goods_img/20250822/5353112/5353112_17631000876867_500.jpg,False
2025-10,A,001,상의,,,6,4757913,trillion,트릴리온,와플 링 스냅 헨리넥 롱 슬리브 [블랙],https://image.msscdn.net/images/goods_img/20250204/4757913/4757913_17388174210742_500.jpg,False
2025-10,A,001,상의,,,7,5453617,suare,수아레,데일리 헨리넥 니트 - 5 COLOR,https://image.msscdn.net/images/goods_img/20250912/5453617/5453617_17593914818524_500.jpg,False
2025-10,A,001,상의,,,8,4265248,anotherarchive,어나더 아카이브,그래피티 로고 후드티_네이비,https://image.msscdn.net/images/goods_img/20240722/4265248/4265248_17243380383879_500.jpg,False
2025-10,A,001,상의,,,9,2722805,brownbreath,브라운브레스,TAG OG HOODIE - BURGUNDY,https://image.msscdn.net/images/goods_img/20220817/2722805/2722805_17685233788556_500.jpg,False
2025-10,A,001,상의,,,10,5269891,musinsastandard,무신사 스탠다드,베이식 긴소매 티셔츠 3팩,https://image.msscdn.net/images/goods_img/20250724/5269891/5269891_17561986258926_500.jpg,False
2025-10,A,001,상의,,,11,5555157,compagno,꼼파뇨,캣 스티치 레글런 피그먼트 맨투맨 고스트그레이,https://image.msscdn.net/images/goods_img/20250930/5555157/5555157_17592806978863_500.jpg,False
2025-10,A,001,상의,,,12,2058188,brownbreath,브라운브레스,TAG OG HOODIE - BLACK,https://image.msscdn.net/images/goods_img/20210811/2058188/2058188_17685234537443_500.jpg,False
2025-10,A,001,상의,,,13,4375639,compagno,꼼파뇨,happy day 피그먼트 스웨트셔츠 스모크블랙,https://image.msscdn.net/images/goods_img/20240827/4375639/4375639_17727551128659_500.jpg,False
2025-10,A,001,상의,,,14,2723767,suare,수아레,데일리 라운드 니트 - 12 COLOR,https://image.msscdn.net/images/goods_img/20220818/2723767/2723767_17292130151891_500.jpg,False
2025-10,A,001,상의,,,15,2990516,1989standard,1989스탠다드,RV_OUR 1989 후드 (STHSTD-0004),https://image.msscdn.net/images/goods_img/20221220/2990516/2990516_17865211299718_500.jpg,False
2025-10,A,001,상의,,,16,4326536,dimitriblack,디미트리블랙,[기모선택] VLAD 컷오프 아플리케 후드 티셔츠_차콜,https://image.msscdn.net/images/goods_img/20240813/4326536/4326536_17514416403147_500.jpg,False
2025-10,A,001,상의,,,17,3417709,musinsastandardwoman,무신사 스탠다드 우먼,우먼즈 슬림 크루 넥 긴소매 티셔츠 [화이트],https://image.msscdn.net/images/goods_img/20230720/3417709/3417709_16964869253825_500.jpg,False
2025-10,A,001,상의,,,18,1817394,travel,트래블,[3-PACK]베이직 트래블러 피그먼트 스웨트셔츠,https://image.msscdn.net/images/goods_img/20210226/1817394/1817394_17152436181527_500.jpg,False
2025-10,A,001,상의,,,19,994588,filluminate,필루미네이트,옵티멀 베이직 셔츠-화이트[린넨＆옥스포드 선택],https://image.msscdn.net/images/goods_img/20190326/994588/994588_17878791359967_500.jpg,False
2025-10,A,001,상의,,,20,2759813,saintpain,세인트페인,SP 팀 로고 후드-멜란지 그레이,https://image.msscdn.net/images/goods_img/20220831/2759813/2759813_1_500.jpg,False
2025-10,A,001,상의,,,21,4704341,jeep,지프,[360g] M-Logo 반집업 맨투맨 (JR5TSU838MB),https://image.msscdn.net/images/goods_img/20250108/4704341/4704341_17412474701281_500.jpg,False
2025-10,A,001,상의,,,22,4696321,notonlyfortoday,낫온리포투데이,넘버볼 후드티 [버건디],https://image.msscdn.net/images/goods_img/20250103/4696321/4696321_17675760651546_500.jpg,False
2025-10,A,001,상의,,,23,4227807,discusathletic,디스커스 애슬레틱,[2PACK] 오버 핏 롱슬리브 블랭크 티셔츠,https://image.msscdn.net/images/goods_img/20240702/4227807/4227807_17881482998978_500.jpg,False
2025-10,A,001,상의,,,24,2122566,musinsastandard,무신사 스탠다드,레이어드 크루 넥 티셔츠_일반 기장 2팩,https://image.msscdn.net/images/goods_img/20210910/2122566/2122566_17133406834875_500.jpg,False
2025-10,A,001,상의,,,25,5276014,trillion,트릴리온,레더 패치 데님 카라 럭비 맨투맨_블랙,https://image.msscdn.net/images/goods_img/20250728/5276014/5276014_17545475185467_500.jpg,False
2025-10,A,001,상의,,,26,947067,musinsastandard,무신사 스탠다드,스웨트셔츠 [블랙],https://image.msscdn.net/images/goods_img/20190201/947067/947067_17641181220326_500.jpg,False
2025-10,A,001,상의,,,27,4288950,dimitriblack,디미트리블랙,[기모선택] ASI 포시즌 에센셜 스웻 후드 티셔츠_피그먼트 차콜,https://image.msscdn.net/images/goods_img/20240801/4288950/4288950_17514415750313_500.jpg,False
2025-10,A,001,상의,,,28,2690691,hugvone,허그본,무지 머슬핏 반팔 5컬러,https://image.msscdn.net/images/goods_img/20220801/2690691/2690691_17090175122341_500.jpg,False
2025-10,A,001,상의,,,29,854337,musinsastandard,무신사 스탠다드,릴렉스 핏 옥스포드 셔츠 [화이트],https://image.msscdn.net/images/goods_img/20180910/854337/854337_17829584758706_500.jpg,False
2025-10,A,001,상의,,,30,5444689,suare,수아레,[수아레X오정규] 워셔블 모크넥 슬리브 니트 - 6 COLOR,https://image.msscdn.net/images/goods_img/20250911/5444689/5444689_17900447404378_500.jpg,False
2025-10,A,001005,맨투맨/스웨트,001,상의,1,5276013,trillion,트릴리온,레더 패치 데님 카라 럭비 맨투맨_네이비,https://image.msscdn.net/images/goods_img/20250728/5276013/5276013_17545474942483_500.jpg,False
2025-10,A,001005,맨투맨/스웨트,001,상의,2,5555157,compagno,꼼파뇨,캣 스티치 레글런 피그먼트 맨투맨 고스트그레이,https://image.msscdn.net/images/goods_img/20250930/5555157/5555157_17592806978863_500.jpg,False
2025-10,A,001005,맨투맨/스웨트,001,상의,3,4375639,compagno,꼼파뇨,happy day 피그먼트 스웨트셔츠 스모크블랙,https://image.msscdn.net/images/goods_img/20240827/4375639/4375639_17727551128659_500.jpg,False
2025-10,A,001005,맨투맨/스웨트,001,상의,4,1817394,travel,트래블,[3-PACK]베이직 트래블러 피그먼트 스웨트셔츠,https://image.msscdn.net/images/goods_img/20210226/1817394/1817394_17152436181527_500.jpg,False
2025-10,A,001005,맨투맨/스웨트,001,상의,5,4704341,jeep,지프,[360g] M-Logo 반집업 맨투맨 (JR5TSU838MB),https://image.msscdn.net/images/goods_img/20250108/4704341/4704341_17412474701281_500.jpg,False
2025-10,A,001005,맨투맨/스웨트,001,상의,6,5276014,trillion,트릴리온,레더 패치 데님 카라 럭비 맨투맨_블랙,https://image.msscdn.net/images/goods_img/20250728/5276014/5276014_17545475185467_500.jpg,False
2025-10,A,001005,맨투맨/스웨트,001,상의,7,947067,musinsastandard,무신사 스탠다드,스웨트셔츠 [블랙],https://image.msscdn.net/images/goods_img/20190201/947067/947067_17641181220326_500.jpg,False
2025-10,A,001005,맨투맨/스웨트,001,상의,8,3475395,wednesdayoasis,웬즈데이오아시스,[기모버전추가]시그니처 오버핏 맨투맨 6COLOR,https://image.msscdn.net/images/goods_img/20230818/3475395/3475395_17905819271368_500.jpg,False
2025-10,A,001005,맨투맨/스웨트,001,상의,9,2725585,slowacid,슬로우애시드,블러리 로고 스웨트셔츠 [블랙],https://image.msscdn.net/images/goods_img/20220818/2725585/2725585_17253271594882_500.jpg,False
2025-10,A,001005,맨투맨/스웨트,001,상의,10,5291758,jeep,지프,[360g] M-Logo 반집업 맨투맨 (JR5TSU838BR),https://image.msscdn.net/images/goods_img/20250805/5291758/5291758_17568606030806_500.png,False
2025-10,A,001005,맨투맨/스웨트,001,상의,11,4424539,notonlyfortoday,낫온리포투데이,NOFT 패치워크 맨투맨 (2Color),https://image.msscdn.net/images/goods_img/20240910/4424539/4424539_17884871132689_500.jpg,False
2025-10,A,001005,맨투맨/스웨트,001,상의,12,1755605,jeep,지프,[360g] M-Logo 반집업 맨투맨 (JR5TSU838BK),https://image.msscdn.net/images/goods_img/20210120/1755605/1755605_17551317401993_500.jpg,False
2025-10,A,001005,맨투맨/스웨트,001,상의,13,1582356,sovermentwithlomort,소버먼트,980G 피그먼트 맨투맨-챠콜-,https://image.msscdn.net/images/goods_img/20200903/1582356/1582356_1_500.jpg,False
2025-10,A,001005,맨투맨/스웨트,001,상의,14,4342389,ghostrepublic,고스트리퍼블릭,심볼 로고 트랙 폴로 맨투맨 GMT-156_블랙,https://image.msscdn.net/images/goods_img/20240819/4342389/4342389_17847048024420_500.jpg,False
2025-10,A,001005,맨투맨/스웨트,001,상의,15,5292913,discusathletic,디스커스 애슬레틱,2팩 스웨트 셔츠,https://image.msscdn.net/images/goods_img/20250805/5292913/5292913_17667561980040_500.jpg,False
2025-10,A,001005,맨투맨/스웨트,001,상의,16,1336836,brenson,브렌슨,(Renew Ver.) 루즈핏 스웨트 셔츠 ( 9Color ) ( 기모선택 ),https://image.msscdn.net/images/goods_img/20200305/1336836/1336836_17297329205750_500.jpg,False
2025-10,A,001005,맨투맨/스웨트,001,상의,17,4774647,ami,아미,레드 하트로고 맨투맨 - 블랙 / BFUSW035730001,https://image.msscdn.net/images/goods_img/20250211/4774647/4774647_17398461511237_500.jpg,False
2025-10,A,001005,맨투맨/스웨트,001,상의,18,2126149,musinsastandard,무신사 스탠다드,플랫 테리 오버사이즈 스트링 스웨트셔츠 [블랙],https://image.msscdn.net/images/goods_img/20210913/2126149/2126149_2_500.jpg,False
2025-10,A,001005,맨투맨/스웨트,001,상의,19,1208839,grooverhyme,그루브라임,"[2PACK] 유니)C/P기모쭈리 - LOCATION 맨투맨(세미오버핏)(15COLOR)[LRAWCTM704M/712M, 304M, GMT501H43]",https://image.msscdn.net/images/goods_img/20191031/1208839/1208839_17170444397110_500.jpg,False
2025-10,A,001005,맨투맨/스웨트,001,상의,20,5276012,trillion,트릴리온,레더 패치 데님 카라 럭비 맨투맨_카키,https://image.msscdn.net/images/goods_img/20250728/5276012/5276012_17545474694715_500.jpg,False
2025-10,A,001005,맨투맨/스웨트,001,상의,21,1755609,jeep,지프,[360g] M-Logo 반집업 맨투맨 (JQ5TSU838MG),https://image.msscdn.net/images/goods_img/20210120/1755609/1755609_17681942816847_500.png,False
2025-10,A,001005,맨투맨/스웨트,001,상의,22,2990264,1989standard,1989스탠다드,MAIN LOGO 맨투맨(STMSTD-0017),https://image.msscdn.net/images/goods_img/20221220/2990264/2990264_17865183102754_500.jpg,False
2025-10,A,001005,맨투맨/스웨트,001,상의,23,3824749,letterfrommoon,레터프롬문,에딘 오프숄더 스웻셔츠 ( 피그먼트 차콜 ),https://image.msscdn.net/images/goods_img/20240126/3824749/3824749_17440748068838_500.jpg,False
2025-10,A,001005,맨투맨/스웨트,001,상의,24,5290998,ghostrepublic,고스트리퍼블릭,심볼 로고 트랙 폴로 맨투맨 GMT-156_네이비,https://image.msscdn.net/images/goods_img/20250804/5290998/5290998_17542950782493_500.jpg,False
2025-10,A,001005,맨투맨/스웨트,001,상의,25,5371534,mozmoz,모즈모즈,[SET] 트윙클 오버핏 맨투맨 + 코듀로이 원턱 와이드 팬츠 오트밀,https://image.msscdn.net/images/goods_img/20250828/5371534/5371534_17883324642295_500.jpg,False
2025-10,A,001005,맨투맨/스웨트,001,상의,26,5355751,whoau,후아유,American Flag Sweatshirt / WHMWF4T01U,https://image.msscdn.net/images/goods_img/20250822/5355751/5355751_17573178017663_500.jpg,False
2025-10,A,001005,맨투맨/스웨트,001,상의,27,2705740,musinsastandard,무신사 스탠다드,오버사이즈 스웨트셔츠 [블랙],https://image.msscdn.net/images/goods_img/20220809/2705740/2705740_17530785398802_500.jpg,False
2025-10,A,001005,맨투맨/스웨트,001,상의,28,3056893,compagno,꼼파뇨,슈팅 로고 레글런 스웨트셔츠 베이지브라운,https://image.msscdn.net/images/goods_img/20230202/3056893/3056893_16759355110509_500.jpg,False
2025-10,A,001005,맨투맨/스웨트,001,상의,29,5322192,nastyfancyclub,팬시클럽,로저리 노이어 스웻셔츠 (BLACK) F25ZB016,https://image.msscdn.net/images/goods_img/20250813/5322192/5322192_17893616742328_500.png,False
2025-10,A,001005,맨투맨/스웨트,001,상의,30,2990274,1989standard,1989스탠다드,SMALL CENTER 맨투맨 (STMSTD-0015),https://image.msscdn.net/images/goods_img/20221220/2990274/2990274_17865180516439_500.jpg,False
2025-10,A,001004,후드 티셔츠,001,상의,1,4302685,sorano,소라노,SORANO Basic Logo HOODIE [6Color],https://image.msscdn.net/images/goods_img/20240807/4302685/4302685_17229675684379_500.jpg,False
2025-10,A,001004,후드 티셔츠,001,상의,2,4265248,anotherarchive,어나더 아카이브,그래피티 로고 후드티_네이비,https://image.msscdn.net/images/goods_img/20240722/4265248/4265248_17243380383879_500.jpg,False
2025-10,A,001004,후드 티셔츠,001,상의,3,2722805,brownbreath,브라운브레스,TAG OG HOODIE - BURGUNDY,https://image.msscdn.net/images/goods_img/20220817/2722805/2722805_17685233788556_500.jpg,False
2025-10,A,001004,후드 티셔츠,001,상의,4,2058188,brownbreath,브라운브레스,TAG OG HOODIE - BLACK,https://image.msscdn.net/images/goods_img/20210811/2058188/2058188_17685234537443_500.jpg,False
2025-10,A,001004,후드 티셔츠,001,상의,5,2990516,1989standard,1989스탠다드,RV_OUR 1989 후드 (STHSTD-0004),https://image.msscdn.net/images/goods_img/20221220/2990516/2990516_17865211299718_500.jpg,False
2025-10,A,001004,후드 티셔츠,001,상의,6,4326536,dimitriblack,디미트리블랙,[기모선택] VLAD 컷오프 아플리케 후드 티셔츠_차콜,https://image.msscdn.net/images/goods_img/20240813/4326536/4326536_17514416403147_500.jpg,False
2025-10,A,001004,후드 티셔츠,001,상의,7,2759813,saintpain,세인트페인,SP 팀 로고 후드-멜란지 그레이,https://image.msscdn.net/images/goods_img/20220831/2759813/2759813_1_500.jpg,False
2025-10,A,001004,후드 티셔츠,001,상의,8,4696321,notonlyfortoday,낫온리포투데이,넘버볼 후드티 [버건디],https://image.msscdn.net/images/goods_img/20250103/4696321/4696321_17675760651546_500.jpg,False
2025-10,A,001004,후드 티셔츠,001,상의,9,4288950,dimitriblack,디미트리블랙,[기모선택] ASI 포시즌 에센셜 스웻 후드 티셔츠_피그먼트 차콜,https://image.msscdn.net/images/goods_img/20240801/4288950/4288950_17514415750313_500.jpg,False
2025-10,A,001004,후드 티셔츠,001,상의,10,4440029,amesworldwide,아메스 월드와이드,BIG TYPO HOODIE GREY,https://image.msscdn.net/images/goods_img/20240913/4440029/4440029_17623208002122_500.jpg,False
2025-10,A,001004,후드 티셔츠,001,상의,11,5385612,thedreamer,더 드리머,중량담요 후드티 블랙,https://image.msscdn.net/images/goods_img/20250901/5385612/5385612_17574878120481_500.jpg,False
2025-10,A,001004,후드 티셔츠,001,상의,12,2302738,brownbreath,브라운브레스,TAG OG HOODIE - NAVY,https://image.msscdn.net/images/goods_img/20220112/2302738/2302738_17685234128085_500.jpg,False
2025-10,A,001004,후드 티셔츠,001,상의,13,3533480,ezkaton,에즈카톤,스페이스 헤비코튼 후드 버건디 KMHD6723,https://image.msscdn.net/images/goods_img/20230906/3533480/3533480_16939610292721_500.jpg,False
2025-10,A,001004,후드 티셔츠,001,상의,14,4640818,likethemost,라이크더모스트,더즌트 LTMT 오버 후디_블랙,https://image.msscdn.net/images/goods_img/20241128/4640818/4640818_17327532241019_500.jpg,False
2025-10,A,001004,후드 티셔츠,001,상의,15,2990499,1989standard,1989스탠다드,AUTHENTIC 후드 (STHSTD-0007),https://image.msscdn.net/images/goods_img/20221220/2990499/2990499_17865213457390_500.jpg,False
2025-10,A,001004,후드 티셔츠,001,상의,16,5332183,venhit,벤힛,MRT 카모 아플리케 후드티,https://image.msscdn.net/images/goods_img/20250818/5332183/5332183_17564512100528_500.jpg,False
2025-10,A,001004,후드 티셔츠,001,상의,17,3469214,avan,어반드레스,Pigment Felt Overfit Hoody  - 3COL,https://image.msscdn.net/images/goods_img/20230816/3469214/3469214_17189570977574_500.jpg,False
2025-10,A,001004,후드 티셔츠,001,상의,18,3907161,ruddycheeks,아이필블루씨에스엠,Ifeelbluecsm Hoodie [5Color],https://image.msscdn.net/images/goods_img/20240227/3907161/3907161_17591081389486_500.jpg,False
2025-10,A,001004,후드 티셔츠,001,상의,19,5484873,lee,리,빅 트위치 로고 후드 티셔츠_5Color,https://image.msscdn.net/images/goods_img/20250918/5484873/5484873_17587057641221_500.jpg,False
2025-10,A,001004,후드 티셔츠,001,상의,20,5438121,thisisneverthat,디스이즈네버댓,T-Logo Hoodie Heather Grey,https://image.msscdn.net/images/goods_img/20250910/5438121/5438121_17682811390976_500.jpg,False
2025-10,A,001004,후드 티셔츠,001,상의,21,5333670,yosemite,요세미티,OG 그래피티 후드티 블랙 YHT-402,https://image.msscdn.net/images/goods_img/20250818/5333670/5333670_17865154506679_500.jpg,False
2025-10,A,001004,후드 티셔츠,001,상의,22,5421502,ruddycheeks,아이필블루씨에스엠,CSM CAMO LOGO HOODIE [3Color],https://image.msscdn.net/images/goods_img/20250909/5421502/5421502_17573476770031_500.jpg,False
2025-10,A,001004,후드 티셔츠,001,상의,23,5438125,thisisneverthat,디스이즈네버댓,T-Logo Hoodie Navy,https://image.msscdn.net/images/goods_img/20250910/5438125/5438125_17682810360369_500.jpg,False
2025-10,A,001004,후드 티셔츠,001,상의,24,4711280,venhit,벤힛,VH CREW 후드티,https://image.msscdn.net/images/goods_img/20250110/4711280/4711280_17370785218504_500.jpg,False
2025-10,A,001004,후드 티셔츠,001,상의,25,4397049,maisonmined,메종미네드,[8COLOR] DOODLE HEART HOODIE,https://image.msscdn.net/images/goods_img/20240903/4397049/4397049_17900410843841_500.jpg,False
2025-10,A,001004,후드 티셔츠,001,상의,26,5422209,apr8,에이프릴에잇,APR8 36 Logo Patch Hoodie[4Color],https://image.msscdn.net/images/goods_img/20250909/5422209/5422209_17573504725806_500.jpg,False
2025-10,A,001004,후드 티셔츠,001,상의,27,2314616,toffee,토피,에센셜 후드 스웻 셔츠 (MELANGE GREY),https://image.msscdn.net/images/goods_img/20220119/2314616/2314616_1_500.jpg,False
2025-10,A,001004,후드 티셔츠,001,상의,28,2827221,creamsodalab,크림소다랩,유에스에이 바스켓볼 후드티 블랙,https://image.msscdn.net/images/goods_img/20220929/2827221/2827221_17369004945169_500.jpg,False
2025-10,A,001004,후드 티셔츠,001,상의,29,3876972,muahmuah,무아무아,[쭈리/기모] 스티치 콤비 후디 [6color],https://image.msscdn.net/images/goods_img/20240216/3876972/3876972_17514208391640_500.jpg,False
2025-10,A,001004,후드 티셔츠,001,상의,30,5367572,mimthewardrobe,밈더워드로브,헬로 월드 패치워크 LOVE 후드티_그레이,https://image.msscdn.net/images/goods_img/20250827/5367572/5367572_17683684783499_500.jpg,False
2025-10,A,001002,셔츠/블라우스,001,상의,1,994588,filluminate,필루미네이트,옵티멀 베이직 셔츠-화이트[린넨＆옥스포드 선택],https://image.msscdn.net/images/goods_img/20190326/994588/994588_17878791359967_500.jpg,False
2025-10,A,001002,셔츠/블라우스,001,상의,2,854337,musinsastandard,무신사 스탠다드,릴렉스 핏 옥스포드 셔츠 [화이트],https://image.msscdn.net/images/goods_img/20180910/854337/854337_17829584758706_500.jpg,False
2025-10,A,001002,셔츠/블라우스,001,상의,3,983339,musinsastandard,무신사 스탠다드,베이식 드레스 셔츠 [화이트],https://image.msscdn.net/images/goods_img/20190315/983339/983339_17833270978891_500.jpg,False
2025-10,A,001002,셔츠/블라우스,001,상의,4,4711529,seez,시즈,[데일리룸 X 시즈] 오디너리 크롭 스트라이프 셔츠 [WHITE] 단품/SET,https://image.msscdn.net/images/goods_img/20250110/4711529/4711529_17727599688374_500.jpg,False
2025-10,A,001002,셔츠/블라우스,001,상의,5,3791891,filluminate,필루미네이트,오버핏 포레스트 체크 셔츠-블랙,https://image.msscdn.net/images/goods_img/20240112/3791891/3791891_17901256505525_500.jpg,False
2025-10,A,001002,셔츠/블라우스,001,상의,6,4425073,takeasy,테이크이지,빈티지 오버 듀플린 체크 셔츠 (차콜),https://image.msscdn.net/images/goods_img/20240910/4425073/4425073_17273390280319_500.jpg,False
2025-10,A,001002,셔츠/블라우스,001,상의,7,5251265,lemainsecond,리메인세컨드,오버핏 플란넬 포켓 체크 셔츠 [딥블루],https://image.msscdn.net/images/goods_img/20250716/5251265/5251265_17872912962879_500.jpg,False
2025-10,A,001002,셔츠/블라우스,001,상의,8,4434539,untapped,언탭트 스튜디오,시티보이 빅 오버핏 플레이드 체크 셔츠 2Color,https://image.msscdn.net/images/goods_img/20240912/4434539/4434539_17261220660899_500.jpg,False
2025-10,A,001002,셔츠/블라우스,001,상의,9,4227437,standarderror,스탠다드에러,87-STAN081 원포켓 빈티지 오버핏 긴팔 체크 셔츠 네이비,https://image.msscdn.net/images/goods_img/20240702/4227437/4227437_17738154996351_500.jpg,False
2025-10,A,001002,셔츠/블라우스,001,상의,10,5401794,untapped,언탭트 스튜디오,시티보이 빅 오버핏 코듀로이 셔츠 3Color,https://image.msscdn.net/images/goods_img/20250904/5401794/5401794_17569565933171_500.jpg,False
2025-10,A,001002,셔츠/블라우스,001,상의,11,5275916,drawfit,드로우핏,[패션플래닛X드로우핏] 워시드 크롭 옥스퍼드 셔츠 [5color],https://image.msscdn.net/images/goods_img/20250728/5275916/5275916_17564335238263_500.jpg,False
2025-10,A,001002,셔츠/블라우스,001,상의,12,4186471,huke,후크,빈티지 워싱 브라운  체크셔츠,https://image.msscdn.net/images/goods_img/20240610/4186471/4186471_17179929320187_500.jpg,False
2025-10,A,001002,셔츠/블라우스,001,상의,13,1498105,poloralphlauren,폴로 랄프 로렌,커스텀핏 데님 셔츠 - 블루,https://image.msscdn.net/images/goods_img/20200626/1498105/1498105_2_500.jpg,False
2025-10,A,001002,셔츠/블라우스,001,상의,14,4705470,lemainsecond,리메인세컨드,오버핏 플란넬 포켓 체크 셔츠 [블랙],https://image.msscdn.net/images/goods_img/20250108/4705470/4705470_17872915557201_500.jpg,False
2025-10,A,001002,셔츠/블라우스,001,상의,15,3856743,untapped,언탭트 스튜디오,시티보이 빅 오버핏 빅사이즈 옥스포드 셔츠 10COLOR,https://image.msscdn.net/images/goods_img/20240207/3856743/3856743_17177615485090_500.jpg,False
2025-10,A,001002,셔츠/블라우스,001,상의,16,728000,musinsastandard,무신사 스탠다드,베이식 옥스포드 셔츠 [화이트],https://image.msscdn.net/images/goods_img/20180305/728000/728000_17286256542856_500.jpg,False
2025-10,A,001002,셔츠/블라우스,001,상의,17,3323598,musinsastandardwoman,무신사 스탠다드 우먼,우먼즈 슬림 핏 셔츠 [화이트],https://image.msscdn.net/images/goods_img/20230525/3323598/3323598_16969793437240_500.jpg,False
2025-10,A,001002,셔츠/블라우스,001,상의,18,1875849,musinsastandard,무신사 스탠다드,링클프리 드레스 셔츠 [화이트],https://image.msscdn.net/images/goods_img/20210401/1875849/1875849_3_500.jpg,False
2025-10,A,001002,셔츠/블라우스,001,상의,19,4306299,bronson,브론슨,Blue Chambray Work Shirt KR Ver.,https://image.msscdn.net/images/goods_img/20240807/4306299/4306299_17737170274339_500.jpg,False
2025-10,A,001002,셔츠/블라우스,001,상의,20,3758301,musinsastandard,무신사 스탠다드,릴렉스드 워시드 포플린 셔츠 [화이트],https://image.msscdn.net/images/goods_img/20231215/3758301/3758301_17113286333350_500.jpg,False
2025-10,A,001002,셔츠/블라우스,001,상의,21,3889891,mindbridge,마인드브릿지,[이지케어]드레스 셔츠 - 6color,https://image.msscdn.net/images/goods_img/20240221/3889891/3889891_17551379103585_500.jpg,False
2025-10,A,001002,셔츠/블라우스,001,상의,22,1706633,poloralphlauren,폴로 랄프 로렌,커스텀핏 옥스포드 셔츠 - 화이트,https://image.msscdn.net/images/goods_img/20201130/1706633/1706633_16932921087582_500.jpg,False
2025-10,A,001002,셔츠/블라우스,001,상의,23,5349501,kiimuir,키뮤어,플란넬 체크 셔츠_4 COLOR,https://image.msscdn.net/images/goods_img/20250821/5349501/5349501_17585272754360_500.jpg,False
2025-10,A,001002,셔츠/블라우스,001,상의,24,4788205,takeasy,테이크이지,자이언트핏 몬스터 체크셔츠 (빈티지네이비),https://image.msscdn.net/images/goods_img/20250214/4788205/4788205_17422640831469_500.jpg,False
2025-10,A,001002,셔츠/블라우스,001,상의,25,4797203,huke,후크,더 시티 스트라이프 셔츠 (차콜블랙),https://image.msscdn.net/images/goods_img/20250218/4797203/4797203_17398583796881_500.jpg,False
2025-10,A,001002,셔츠/블라우스,001,상의,26,5370495,kaneitei,카네이테이,EASY FLOW CHECK SHIRTS (NAVY),https://image.msscdn.net/images/goods_img/20250827/5370495/5370495_17566901798654_500.jpg,False
2025-10,A,001002,셔츠/블라우스,001,상의,27,983818,musinsastandard,무신사 스탠다드,릴렉스 핏 실키 셔츠 [화이트],https://image.msscdn.net/images/goods_img/20190315/983818/983818_17509061207040_500.jpg,False
2025-10,A,001002,셔츠/블라우스,001,상의,28,3562068,unionblue,유니온블루,KENSINGTON SHIRT,https://image.msscdn.net/images/goods_img/20230914/3562068/3562068_17150586229620_500.jpg,False
2025-10,A,001002,셔츠/블라우스,001,상의,29,4705635,lemainsecond,리메인세컨드,레트로 오버핏 코튼 플란넬 포켓 체크 셔츠 [그린],https://image.msscdn.net/images/goods_img/20250108/4705635/4705635_17670774272725_500.jpg,False
2025-10,A,001002,셔츠/블라우스,001,상의,30,3825677,lemainsecond,리메인세컨드,[NPACK] 시티보이 오버핏 워싱 데님 셔츠_4COLOR,https://image.msscdn.net/images/goods_img/20240126/3825677/3825677_17562729866799_500.jpg,False
2025-10,A,001010,긴소매 티셔츠,001,상의,1,2149254,musinsastandard,무신사 스탠다드,베이식 긴소매 티셔츠 2팩,https://image.msscdn.net/images/goods_img/20210928/2149254/2149254_17138588137724_500.jpg,False
2025-10,A,001010,긴소매 티셔츠,001,상의,2,4757913,trillion,트릴리온,와플 링 스냅 헨리넥 롱 슬리브 [블랙],https://image.msscdn.net/images/goods_img/20250204/4757913/4757913_17388174210742_500.jpg,False
2025-10,A,001010,긴소매 티셔츠,001,상의,3,5269891,musinsastandard,무신사 스탠다드,베이식 긴소매 티셔츠 3팩,https://image.msscdn.net/images/goods_img/20250724/5269891/5269891_17561986258926_500.jpg,False
2025-10,A,001010,긴소매 티셔츠,001,상의,4,3417709,musinsastandardwoman,무신사 스탠다드 우먼,우먼즈 슬림 크루 넥 긴소매 티셔츠 [화이트],https://image.msscdn.net/images/goods_img/20230720/3417709/3417709_16964869253825_500.jpg,False
2025-10,A,001010,긴소매 티셔츠,001,상의,5,4227807,discusathletic,디스커스 애슬레틱,[2PACK] 오버 핏 롱슬리브 블랭크 티셔츠,https://image.msscdn.net/images/goods_img/20240702/4227807/4227807_17881482998978_500.jpg,False
2025-10,A,001010,긴소매 티셔츠,001,상의,6,5376547,tansanmagnesium,탄산마그네슘,마운틴 롱슬리브 네이비 (우먼),https://image.msscdn.net/images/goods_img/20250828/5376547/5376547_17718144833063_500.jpg,False
2025-10,A,001010,긴소매 티셔츠,001,상의,7,3874367,jeep,지프,[2PACK] 16수 싱글 에어그램 롱슬리브 티셔츠 (JQ5TSU754BK),https://image.msscdn.net/images/prd_img/20240215/3874367/detail_3874367_17834737247478_500.jpg,False
2025-10,A,001010,긴소매 티셔츠,001,상의,8,5318901,hooves,후브스,VTG 인터록 헨리넥 롱슬리브 [그레이],https://image.msscdn.net/images/goods_img/20250813/5318901/5318901_17562667095205_500.jpg,False
2025-10,A,001010,긴소매 티셔츠,001,상의,9,1275020,compagno,꼼파뇨,스트라이프 와펜 로고 롱슬리브 네이비그린,https://image.msscdn.net/images/goods_img/20200118/1275020/1275020_17726685321611_500.jpg,False
2025-10,A,001010,긴소매 티셔츠,001,상의,10,3417707,musinsastandardwoman,무신사 스탠다드 우먼,우먼즈 슬림 크루 넥 긴소매 티셔츠 [블랙],https://image.msscdn.net/images/goods_img/20230720/3417707/3417707_17678587648003_500.jpg,False
2025-10,A,001010,긴소매 티셔츠,001,상의,11,4886714,drix,드릭스,특양면 오버핏 롱 슬리브 티셔츠_5color,https://image.msscdn.net/images/goods_img/20250312/4886714/4886714_17417603907744_500.jpg,False
2025-10,A,001010,긴소매 티셔츠,001,상의,12,5429421,tansanmagnesium,탄산마그네슘,드라이어 프리 롱슬리브 화이트,https://image.msscdn.net/images/goods_img/20250909/5429421/5429421_17635374631283_500.jpg,False
2025-10,A,001010,긴소매 티셔츠,001,상의,13,4651404,musinsastandardwoman,무신사 스탠다드 우먼,우먼즈 슬림 크루 넥 긴소매 티셔츠 2팩,https://image.msscdn.net/images/goods_img/20241205/4651404/4651404_17393260312543_500.jpg,False
2025-10,A,001010,긴소매 티셔츠,001,상의,14,5369031,mindbridge,마인드브릿지,와플 헨리넥 데일리 티셔츠 - 2color,https://image.msscdn.net/images/goods_img/20250827/5369031/5369031_17754535282278_500.jpg,False
2025-10,A,001010,긴소매 티셔츠,001,상의,15,5404516,comieu,쏘비,세미크롭 CH 긴팔티,https://image.msscdn.net/images/goods_img/20250904/5404516/5404516_17569705957799_500.png,False
2025-10,A,001010,긴소매 티셔츠,001,상의,16,5484281,brenson,브렌슨,컴포트 크롭 긴팔티 ( 5Color ),https://image.msscdn.net/images/goods_img/20250918/5484281/5484281_17585921240136_500.jpg,False
2025-10,A,001010,긴소매 티셔츠,001,상의,17,5432652,tansanmagnesium,탄산마그네슘,마운틴 롱슬리브 화이트/레드(우먼),https://image.msscdn.net/images/goods_img/20250909/5432652/5432652_17605981290104_500.jpg,False
2025-10,A,001010,긴소매 티셔츠,001,상의,18,3066189,lmc,엘엠씨,AEROCOOL LONG SLV TEE 2PACK none,https://image.msscdn.net/images/goods_img/20230207/3066189/3066189_17797561475320_500.jpg,False
2025-10,A,001010,긴소매 티셔츠,001,상의,19,2081571,bronson,브론슨,Vintage Long Sleeve Henley Shirt Black,https://image.msscdn.net/images/goods_img/20210823/2081571/2081571_17737267731808_500.jpg,False
2025-10,A,001010,긴소매 티셔츠,001,상의,20,3921829,brownbreath,브라운브레스,PAISLEY TAG LONGSLEEVE - WHITE,https://image.msscdn.net/images/goods_img/20240305/3921829/3921829_17605793893397_500.jpg,False
2025-10,A,001010,긴소매 티셔츠,001,상의,21,1144989,musinsastandard,무신사 스탠다드,베이식 긴소매 티셔츠 [화이트],https://image.msscdn.net/images/goods_img/20190905/1144989/1144989_17509081256971_500.jpg,False
2025-10,A,001010,긴소매 티셔츠,001,상의,22,5410425,hangten1,행텐,여성 웨일 슬림핏 가디건 레이어드 티셔츠(10530-131-613-45),https://image.msscdn.net/images/goods_img/20250905/5410425/5410425_17755254600209_500.jpg,False
2025-10,A,001010,긴소매 티셔츠,001,상의,23,3417708,musinsastandardwoman,무신사 스탠다드 우먼,우먼즈 슬림 크루 넥 긴소매 티셔츠 [크림],https://image.msscdn.net/images/goods_img/20230720/3417708/3417708_16975309529153_500.jpg,False
2025-10,A,001010,긴소매 티셔츠,001,상의,24,3629823,bysec,바이젝,특양면 무지 오버핏 긴팔 티셔츠_6Color,https://image.msscdn.net/images/goods_img/20231016/3629823/3629823_17871899865586_500.jpg,False
2025-10,A,001010,긴소매 티셔츠,001,상의,25,5429440,tansanmagnesium,탄산마그네슘,드라이어 프리 롱슬리브 그레이,https://image.msscdn.net/images/goods_img/20250909/5429440/5429440_17578669057837_500.jpg,False
2025-10,A,001010,긴소매 티셔츠,001,상의,26,3005822,brownbreath,브라운브레스,TAG OG LONGSLEEVE - WHITE,https://image.msscdn.net/images/goods_img/20230104/3005822/3005822_17392559844752_500.jpg,False
2025-10,A,001010,긴소매 티셔츠,001,상의,27,4886457,brenson,브렌슨,오버핏 1:1 스트라이프 긴팔티 ( 5Color ),https://image.msscdn.net/images/goods_img/20250312/4886457/4886457_17629959457223_500.jpg,False
2025-10,A,001010,긴소매 티셔츠,001,상의,28,5375907,tansanmagnesium,탄산마그네슘,혼 아플리케 롱슬리브 네이비 (우먼),https://image.msscdn.net/images/goods_img/20250828/5375907/5375907_17605984059616_500.jpg,False
2025-10,A,001010,긴소매 티셔츠,001,상의,29,404482,brenson,브렌슨,Longsleeve 무지 긴팔티,https://image.msscdn.net/images/goods_img/20160902/404482/404482_17048503090298_500.jpg,False
2025-10,A,001010,긴소매 티셔츠,001,상의,30,5429264,tansanmagnesium,탄산마그네슘,드라이어 프리 롱슬리브 블랙,https://image.msscdn.net/images/goods_img/20250909/5429264/5429264_17578668708063_500.jpg,False
2025-10,A,001001,반소매 티셔츠,001,상의,1,2086653,musinsastandard,무신사 스탠다드,레이어드 크루 넥 티셔츠_일반 기장 [화이트],https://image.msscdn.net/images/goods_img/20210825/2086653/2086653_17772494800708_500.jpg,False
2025-10,A,001001,반소매 티셔츠,001,상의,2,2122566,musinsastandard,무신사 스탠다드,레이어드 크루 넥 티셔츠_일반 기장 2팩,https://image.msscdn.net/images/goods_img/20210910/2122566/2122566_17133406834875_500.jpg,False
2025-10,A,001001,반소매 티셔츠,001,상의,3,2690691,hugvone,허그본,무지 머슬핏 반팔 5컬러,https://image.msscdn.net/images/goods_img/20220801/2690691/2690691_17090175122341_500.jpg,False
2025-10,A,001001,반소매 티셔츠,001,상의,4,3973556,untapped,언탭트 스튜디오,[3PACK]퓨어코튼 24수  롱기장 레이어드 무지 반팔 티셔츠,https://image.msscdn.net/images/goods_img/20240320/3973556/3973556_17657835585342_500.jpg,False
2025-10,A,001001,반소매 티셔츠,001,상의,5,2034137,musinsastandard,무신사 스탠다드,릴렉스 핏 크루 넥 티셔츠 2팩,https://image.msscdn.net/images/goods_img/20210719/2034137/2034137_17821170123912_500.jpg,False
2025-10,A,001001,반소매 티셔츠,001,상의,6,4838119,printstar,프린트스타,[2PACK] 14수 7.4oz 헤비웨이트 라운드 오버핏 무지 반팔 티셔츠,https://image.msscdn.net/images/goods_img/20250226/4838119/4838119_17405717515529_500.jpg,False
2025-10,A,001001,반소매 티셔츠,001,상의,7,996497,musinsastandard,무신사 스탠다드,베이식 크루 넥 티셔츠 [화이트],https://image.msscdn.net/images/goods_img/20190327/996497/996497_17507502602097_500.jpg,False
2025-10,A,001001,반소매 티셔츠,001,상의,8,5255063,musinsastandard,무신사 스탠다드,릴렉스 핏 크루 넥 티셔츠 3팩,https://image.msscdn.net/images/goods_img/20250718/5255063/5255063_17750308150702_500.jpg,False
2025-10,A,001001,반소매 티셔츠,001,상의,9,2050094,musinsastandard,무신사 스탠다드,베이식 크루 넥 티셔츠 2팩,https://image.msscdn.net/images/goods_img/20210805/2050094/2050094_17138592561124_500.jpg,False
2025-10,A,001001,반소매 티셔츠,001,상의,10,1417691,musinsastandardwoman,무신사 스탠다드 우먼,우먼즈 베이식 크루 넥 반팔 티셔츠 [화이트],https://image.msscdn.net/images/goods_img/20200423/1417691/1417691_17828975022011_500.jpg,False
2025-10,A,001001,반소매 티셔츠,001,상의,11,5167907,brenson,브렌슨,컴포트 크롭 반팔티 ( 8Color ),https://image.msscdn.net/images/goods_img/20250605/5167907/5167907_17774455330031_500.jpg,False
2025-10,A,001001,반소매 티셔츠,001,상의,12,3727165,aaa,트리플에이,2PACK 1301 베이식 반팔 티셔츠 18수,https://image.msscdn.net/images/goods_img/20231121/3727165/3727165_17303367797569_500.jpg,False
2025-10,A,001001,반소매 티셔츠,001,상의,13,996177,musinsastandard,무신사 스탠다드,릴렉스 핏 크루 넥 티셔츠 [화이트],https://image.msscdn.net/images/goods_img/20190327/996177/996177_17845258066104_500.jpg,False
2025-10,A,001001,반소매 티셔츠,001,상의,14,2518417,jeep,지프,[2PACK] 190g 싱글 에어그램  반팔 티셔츠 (JR5TSU159BK),https://image.msscdn.net/images/goods_img/20220427/2518417/2518417_17685218387430_500.jpg,False
2025-10,A,001001,반소매 티셔츠,001,상의,15,2442409,yale,예일,[16수 코마사] 2PACK 스몰아치 반팔티셔츠 화이트/블랙,https://image.msscdn.net/images/goods_img/20220324/2442409/2442409_17424359787816_500.jpg,False
2025-10,A,001001,반소매 티셔츠,001,상의,16,4237360,polham,폴햄,공용) 레이어드 반팔티 2팩_PHE5TR3788,https://image.msscdn.net/images/goods_img/20240708/4237360/4237360_17204064890849_500.jpg,False
2025-10,A,001001,반소매 티셔츠,001,상의,17,1487679,bronson,브론슨,Tompkins Loopwheeled Tubular Tee White,https://image.msscdn.net/images/goods_img/20200617/1487679/1487679_17738107008359_500.jpg,False
2025-10,A,001001,반소매 티셔츠,001,상의,18,5255062,musinsastandard,무신사 스탠다드,베이식 크루 넥 티셔츠 3팩,https://image.msscdn.net/images/goods_img/20250718/5255062/5255062_17750309579097_500.jpg,False
2025-10,A,001001,반소매 티셔츠,001,상의,19,3223006,brenson,브렌슨,( 2PACK ) 퓨어코튼 루즈핏 체인 반팔티,https://image.msscdn.net/images/goods_img/20230411/3223006/3223006_17152355560427_500.jpg,False
2025-10,A,001001,반소매 티셔츠,001,상의,20,4931677,puma,푸마,1+1 티 팩 - 블랙:화이트 / 950408-03,https://image.msscdn.net/images/goods_img/20250324/4931677/4931677_17500626312844_500.jpg,False
2025-10,A,001001,반소매 티셔츠,001,상의,21,345889,fp142muji,페플,[2PACK] 더블코튼 무지반팔  2PACK KHST1011,https://image.msscdn.net/images/goods_img/20160429/345889/345889_17156464525677_500.jpg,False
2025-10,A,001001,반소매 티셔츠,001,상의,22,3223007,brenson,브렌슨,( 2PACK ) 퓨어코튼 레이어드 체인 반팔티,https://image.msscdn.net/images/goods_img/20230411/3223007/3223007_17152355484963_500.jpg,False
2025-10,A,001001,반소매 티셔츠,001,상의,23,4212002,hangten1,행텐,공용 4PACK 베이직 크루넥 반팔 티셔츠(10520-298-456-05),https://image.msscdn.net/images/goods_img/20240621/4212002/4212002_17811366777474_500.jpg,False
2025-10,A,001001,반소매 티셔츠,001,상의,24,4926623,giordano,지오다노,베이직 반팔 티셔츠 025530 [23color],https://image.msscdn.net/images/goods_img/20250321/4926623/4926623_17442696783830_500.jpg,False
2025-10,A,001001,반소매 티셔츠,001,상의,25,5168794,marithefrancoisgirbaud,마리떼 프랑소와 저버,(UNISEX / WOMEN) 3PACK SMALL REGULAR LOGO TEE MIX,https://image.msscdn.net/images/goods_img/20250605/5168794/5168794_17490981845184_500.jpg,False
2025-10,A,001001,반소매 티셔츠,001,상의,26,2628632,ninez,나인제트,시그니처 코튼 머슬핏 티셔츠,https://image.msscdn.net/images/goods_img/20220622/2628632/2628632_17737220538980_500.jpg,False
2025-10,A,001001,반소매 티셔츠,001,상의,27,1783115,basichouse,베이직하우스,[3PACK] 도톰한 순면 헤비웨이트 반팔티셔츠 3팩 LATS0121,https://image.msscdn.net/images/goods_img/20210208/1783115/1783115_17865806235039_500.png,False
2025-10,A,001001,반소매 티셔츠,001,상의,28,1685307,mindbridge,마인드브릿지,[3팩]고밀도순면기본반팔티셔츠  MATS0101,https://image.msscdn.net/images/goods_img/20201110/1685307/1685307_17247259744795_500.jpg,False
2025-10,A,001001,반소매 티셔츠,001,상의,29,4587753,nande,난데,20수 스텐다드 핏 프리미엄 코튼 티셔츠,https://image.msscdn.net/images/goods_img/20241105/4587753/4587753_17310541420099_500.jpg,False
2025-10,A,001001,반소매 티셔츠,001,상의,30,1382658,musinsastandard,무신사 스탠다드,레이어드 크루 넥 티셔츠_긴 기장 [화이트],https://image.msscdn.net/images/goods_img/20200402/1382658/1382658_17048730367124_500.jpg,False
2025-10,A,001003,피케/카라 티셔츠,001,상의,1,4375159,adidas,아디다스,럭비 폴로 셔츠 - 블랙 / IZ4806,https://image.msscdn.net/images/goods_img/20240827/4375159/4375159_17248303115071_500.jpg,False
2025-10,A,001003,피케/카라 티셔츠,001,상의,2,5507067,hooves,후브스,하이드 버튼 카라 니트 [4COL],https://image.msscdn.net/images/goods_img/20250922/5507067/5507067_17586071782539_500.jpg,False
2025-10,A,001003,피케/카라 티셔츠,001,상의,3,4800569,placestudio,플레이스 스튜디오,스트라이프 럭비 롱슬리브 오버핏 피케 카라 긴팔 폴로 티셔츠_3COLOR,https://image.msscdn.net/images/goods_img/20250218/4800569/4800569_17399621247900_500.jpg,False
2025-10,A,001003,피케/카라 티셔츠,001,상의,4,4299296,untapped,언탭트 스튜디오,[기모버전 추가]시티보이 오버핏 럭비 카라 맨투맨 스웻 티셔츠 4COLOR,https://image.msscdn.net/images/goods_img/20240806/4299296/4299296_17261233960748_500.jpg,False
2025-10,A,001003,피케/카라 티셔츠,001,상의,5,4787728,sculptor,스컬프터,Shirring Tennis Shirt Pink,https://image.msscdn.net/images/goods_img/20250213/4787728/4787728_17546363539546_500.jpg,False
2025-10,A,001003,피케/카라 티셔츠,001,상의,6,1387953,musinsastandard,무신사 스탠다드,롱 슬리브 피케 폴로 셔츠 [블랙],https://image.msscdn.net/images/goods_img/20200407/1387953/1387953_1_500.jpg,False
2025-10,A,001003,피케/카라 티셔츠,001,상의,7,4757945,trillion,트릴리온,스트라이프 럭비 오버핏 피케 폴로 셔츠 [네이비],https://image.msscdn.net/images/goods_img/20250204/4757945/4757945_17388081982654_500.jpg,False
2025-10,A,001003,피케/카라 티셔츠,001,상의,8,4856461,trillion,트릴리온,워셔블 스트라이프 버튼 카라넥 니트 [네이비],https://image.msscdn.net/images/goods_img/20250304/4856461/4856461_17416597957935_500.jpg,False
2025-10,A,001003,피케/카라 티셔츠,001,상의,9,4752756,untapped,언탭트 스튜디오,오버핏 헨리넥 카라 니트 티셔츠 2Color,https://image.msscdn.net/images/goods_img/20250203/4752756/4752756_17592845980941_500.jpg,False
2025-10,A,001003,피케/카라 티셔츠,001,상의,10,5344842,secondmonolgue,세컨모놀로그,W. 슬림핏 스트라이프 셔링 카라 롱슬리브 [BROWN]_SEWTS014BROWN,https://image.msscdn.net/images/goods_img/20250820/5344842/5344842_17769933457866_500.jpg,False
2025-10,A,001003,피케/카라 티셔츠,001,상의,11,5355217,jeep,지프,레트로 마운틴 1941 스트라이프 카라 맨투맨 (JQ5TSU825BK),https://image.msscdn.net/images/goods_img/20250822/5355217/5355217_17841847843694_500.jpg,False
2025-10,A,001003,피케/카라 티셔츠,001,상의,12,4706584,bittercells,비터셀즈,유니온 스트라이프 카라 티-스카이 블루,https://image.msscdn.net/images/goods_img/20250109/4706584/4706584_17640497947124_500.jpg,False
2025-10,A,001003,피케/카라 티셔츠,001,상의,13,1633322,musinsastandard,무신사 스탠다드,스트라이프 럭비 셔츠 [네이비/그린],https://image.msscdn.net/images/goods_img/20201005/1633322/1633322_1_500.jpg,False
2025-10,A,001003,피케/카라 티셔츠,001,상의,14,1620273,poloralphlauren,폴로 랄프 로렌,커스텀 슬림핏 롱 슬리브 메시 폴로 - 블랙,https://image.msscdn.net/images/goods_img/20200923/1620273/1620273_2_500.jpg,False
2025-10,A,001003,피케/카라 티셔츠,001,상의,15,4285815,untapped,언탭트 스튜디오,오버핏 케이블 카라 니트 3COLOR,https://image.msscdn.net/images/goods_img/20240731/4285815/4285815_17307814421798_500.jpg,False
2025-10,A,001003,피케/카라 티셔츠,001,상의,16,4746876,havism,해비즘,FF STRIPE COLLAR L/S TEE(BROWN),https://image.msscdn.net/images/goods_img/20250130/4746876/4746876_17385662240948_500.jpg,False
2025-10,A,001003,피케/카라 티셔츠,001,상의,17,5339797,bronson,브론슨,Classic Fit Striped Jersey Rugby Shirt Green/Navy/Red,https://image.msscdn.net/images/goods_img/20250819/5339797/5339797_17737254532028_500.jpg,False
2025-10,A,001003,피케/카라 티셔츠,001,상의,18,3549188,havism,해비즘,OVERSIZE VELOUR V-NECK L/S TEE(GREY),https://image.msscdn.net/images/goods_img/20230911/3549188/3549188_16944107720806_500.jpg,False
2025-10,A,001003,피케/카라 티셔츠,001,상의,19,5355219,jeep,지프,레트로 마운틴 1941 스트라이프 카라 맨투맨 (JQ5TSU825NA),https://image.msscdn.net/images/goods_img/20250822/5355219/5355219_17689745595459_500.png,False
2025-10,A,001003,피케/카라 티셔츠,001,상의,20,4651487,musinsastandardwoman,무신사 스탠다드 우먼,우먼즈 릴렉스드 멀티 스트라이프 럭비 셔츠 [네이비],https://image.msscdn.net/images/goods_img/20241205/4651487/4651487_17519299098511_500.jpg,False
2025-10,A,001003,피케/카라 티셔츠,001,상의,21,5243483,bittercells,비터셀즈,제미니 스트라이프 카라 티-그레이,https://image.msscdn.net/images/goods_img/20250711/5243483/5243483_17622251844863_500.jpg,False
2025-10,A,001003,피케/카라 티셔츠,001,상의,22,4406512,sculptor,스컬프터,Shirring Tennis Shirt Navy/Green Stripe,https://image.msscdn.net/images/goods_img/20240904/4406512/4406512_17581619966456_500.jpg,False
2025-10,A,001003,피케/카라 티셔츠,001,상의,23,4992830,suare,수아레,데일리 쿨 하프 니트,https://image.msscdn.net/images/goods_img/20250407/4992830/4992830_17455602368529_500.jpg,False
2025-10,A,001003,피케/카라 티셔츠,001,상의,24,1387956,musinsastandard,무신사 스탠다드,롱 슬리브 피케 폴로 셔츠 [네이비],https://image.msscdn.net/images/goods_img/20200407/1387956/1387956_1_500.jpg,False
2025-10,A,001003,피케/카라 티셔츠,001,상의,25,2286564,compagno,꼼파뇨,TEDDY PIQUE SWEATER NAVY,https://image.msscdn.net/images/goods_img/20211230/2286564/2286564_1_500.jpg,False
2025-10,A,001003,피케/카라 티셔츠,001,상의,26,5314240,setupexe,셋업이엑스이,WAFFEN LINE COLLAR TEE / BLACK,https://image.msscdn.net/images/goods_img/20250812/5314240/5314240_17606800997330_500.jpg,False
2025-10,A,001003,피케/카라 티셔츠,001,상의,27,2765431,brenson,브렌슨,릴렉스드 더블코튼 카라 긴팔티 ( 8Color ),https://image.msscdn.net/images/goods_img/20220902/2765431/2765431_17152175223066_500.jpg,False
2025-10,A,001003,피케/카라 티셔츠,001,상의,28,4854080,satur,세터,럭비 스트라이프 피케 롱 슬리브 네이비,https://image.msscdn.net/images/goods_img/20250304/4854080/4854080_17417565014715_500.jpg,False
2025-10,A,001003,피케/카라 티셔츠,001,상의,29,4759885,untapped,언탭트 스튜디오,심볼 트랙 럭비카라 오버핏 맨투맨 스웻 티셔츠 3Color,https://image.msscdn.net/images/goods_img/20250205/4759885/4759885_17399410449404_500.jpg,False
2025-10,A,001003,피케/카라 티셔츠,001,상의,30,4448521,rockcake,락케이크,Striped Polo T-Shirt - Navy,https://image.msscdn.net/images/goods_img/20240920/4448521/4448521_17574665813594_500.jpg,False
2025-10,A,001006,니트/스웨터,001,상의,1,5453617,suare,수아레,데일리 헨리넥 니트 - 5 COLOR,https://image.msscdn.net/images/goods_img/20250912/5453617/5453617_17593914818524_500.jpg,False
2025-10,A,001006,니트/스웨터,001,상의,2,2723767,suare,수아레,데일리 라운드 니트 - 12 COLOR,https://image.msscdn.net/images/goods_img/20220818/2723767/2723767_17292130151891_500.jpg,False
2025-10,A,001006,니트/스웨터,001,상의,3,5444689,suare,수아레,[수아레X오정규] 워셔블 모크넥 슬리브 니트 - 6 COLOR,https://image.msscdn.net/images/goods_img/20250911/5444689/5444689_17900447404378_500.jpg,False
2025-10,A,001006,니트/스웨터,001,상의,4,3494992,suare,수아레,워셔블 케이블 라운드 니트 - 5 COLOR,https://image.msscdn.net/images/goods_img/20230824/3494992/3494992_17296467139345_500.jpg,False
2025-10,A,001006,니트/스웨터,001,상의,5,5311166,untapped,언탭트 스튜디오,오버핏 케이블 헨리넥 라운드 니트 4Color,https://image.msscdn.net/images/goods_img/20250811/5311166/5311166_17549219787236_500.jpg,False
2025-10,A,001006,니트/스웨터,001,상의,6,1628939,musinsastandard,무신사 스탠다드,미니멀 크루 넥 니트 [블랙],https://image.msscdn.net/images/goods_img/20200928/1628939/1628939_17509083037775_500.jpg,False
2025-10,A,001006,니트/스웨터,001,상의,7,3039153,poloralphlauren,폴로 랄프 로렌,케이블 니트 코튼 스웨터 - 블랙,https://image.msscdn.net/images/goods_img/20230126/3039153/3039153_16764213820086_500.jpg,False
2025-10,A,001006,니트/스웨터,001,상의,8,4441592,millo,밀로 아카이브,크롭 실루엣 니트 [멜란지 그레이],https://image.msscdn.net/images/goods_img/20240916/4441592/4441592_17268183875497_500.jpg,False
2025-10,A,001006,니트/스웨터,001,상의,9,4970392,whoau,후아유,American Flag Intarsia Pullover / WHKAF4T81U,https://image.msscdn.net/images/goods_img/20250401/4970392/4970392_17888492392785_500.jpg,False
2025-10,A,001006,니트/스웨터,001,상의,10,5487078,hooves,후브스,[2PACK] 울 블랜드 크롭 니트,https://image.msscdn.net/images/goods_img/20250918/5487078/5487078_17582845187951_500.jpg,False
2025-10,A,001006,니트/스웨터,001,상의,11,4871107,decoroso,데꼬로소,베일 헨리넥 니트 [블랙],https://image.msscdn.net/images/goods_img/20250307/4871107/4871107_17421236799393_500.jpg,False
2025-10,A,001006,니트/스웨터,001,상의,12,5336051,generalideastandard,제너럴아이디어,레이어드 브이넥 니트 풀오버 [MELANGE GREY] / WBE3L05512,https://image.msscdn.net/images/goods_img/20250819/5336051/5336051_17555737510190_500.jpg,False
2025-10,A,001006,니트/스웨터,001,상의,13,4509977,workonbodyoff,워크온바디오프,반폴라 세미 오버핏 모크넥 니트 (4color),https://image.msscdn.net/images/goods_img/20241011/4509977/4509977_17642271545231_500.jpg,False
2025-10,A,001006,니트/스웨터,001,상의,14,5328224,hyojinoriko,효지,25 FW 워셔블 케이블 크롭 헨리넥 니트 (5컬러),https://image.msscdn.net/images/goods_img/20250817/5328224/5328224_17882470563523_500.jpg,False
2025-10,A,001006,니트/스웨터,001,상의,15,3511387,niceghostclub,나이스고스트클럽,3STARS LOGO KNIT HOODIE_IVORY(NG2DFUK610A),https://image.msscdn.net/images/goods_img/20230829/3511387/3511387_17586734242171_500.jpg,False
2025-10,A,001006,니트/스웨터,001,상의,16,4285909,untapped,언탭트 스튜디오,오버핏 케이블 라운드 니트 6COLOR,https://image.msscdn.net/images/goods_img/20240731/4285909/4285909_17247442451593_500.jpg,False
2025-10,A,001006,니트/스웨터,001,상의,17,5290694,drawfit,드로우핏,소프트 울 크롭 라운드 니트 [4color],https://image.msscdn.net/images/goods_img/20250804/5290694/5290694_17878801647145_500.jpg,False
2025-10,A,001006,니트/스웨터,001,상의,18,4682241,musinsastandard,무신사 스탠다드,워셔블 수피마 코튼 크루 넥 니트 [블랙],https://image.msscdn.net/images/goods_img/20241227/4682241/4682241_17706792867348_500.jpg,False
2025-10,A,001006,니트/스웨터,001,상의,19,5392014,hooves,후브스,울블랜드 라운드 크롭 니트 [머드],https://image.msscdn.net/images/goods_img/20250902/5392014/5392014_17585181458796_500.jpg,False
2025-10,A,001006,니트/스웨터,001,상의,20,3476073,wednesdayoasis,웬즈데이오아시스,올웨이즈 워셔블 헨리넥 니트_8COLOR,https://image.msscdn.net/images/goods_img/20230818/3476073/3476073_17691332323880_500.jpg,False
2025-10,A,001006,니트/스웨터,001,상의,21,4401124,suarewomen,수아레 우먼,[보라끌레르X수아레] 우먼 캐시미어 홀가먼트 니트 (단품/2팩),https://image.msscdn.net/images/goods_img/20240904/4401124/4401124_17585227609519_500.jpg,False
2025-10,A,001006,니트/스웨터,001,상의,22,5215594,musinsastandard,무신사 스탠다드,[빅토리아 울] 미니멀 리브드 크루 넥 니트 [블랙],https://image.msscdn.net/images/goods_img/20250701/5215594/5215594_17872900004453_500.jpg,False
2025-10,A,001006,니트/스웨터,001,상의,23,4871108,decoroso,데꼬로소,베일 헨리넥 니트 [그레이],https://image.msscdn.net/images/goods_img/20250307/4871108/4871108_17421237043754_500.jpg,False
2025-10,A,001006,니트/스웨터,001,상의,24,2139132,drawfit,드로우핏,모크넥 니트 티셔츠 [9COLORS],https://image.msscdn.net/images/goods_img/20210917/2139132/2139132_17567928056584_500.jpg,False
2025-10,A,001006,니트/스웨터,001,상의,25,5399594,suarewomen,수아레 우먼,[보라끌레르X수아레] 우먼 캐시미어 홀가먼트 니트 2 (단품/2팩),https://image.msscdn.net/images/goods_img/20250903/5399594/5399594_17574011045277_500.jpg,False
2025-10,A,001006,니트/스웨터,001,상의,26,1558847,suare,수아레,하프 터틀넥 니트 세트,https://image.msscdn.net/images/goods_img/20200821/1558847/1558847_17303488335987_500.jpg,False
2025-10,A,001006,니트/스웨터,001,상의,27,1620237,poloralphlauren,폴로 랄프 로렌,케이블니트 코튼 스웨터 - 네이비,https://image.msscdn.net/images/goods_img/20200923/1620237/1620237_2_500.jpg,False
2025-10,A,001006,니트/스웨터,001,상의,28,4385991,suarewomen,수아레 우먼,[보라끌레르X수아레](우먼)캐시미어 100 홀가먼트 니트 - 14 COLOR,https://image.msscdn.net/images/goods_img/20240829/4385991/4385991_17582601007705_500.jpg,False
2025-10,A,001006,니트/스웨터,001,상의,29,5391993,hooves,후브스,울블랜드 라운드 크롭 니트 [레드],https://image.msscdn.net/images/goods_img/20250902/5391993/5391993_17582861380273_500.jpg,False
2025-10,A,001006,니트/스웨터,001,상의,30,4385997,suarewomen,수아레 우먼,[보라끌레르X수아레](우먼)캐시미어 100 홀가먼트 브이넥 니트 - 8 COLOR,https://image.msscdn.net/images/goods_img/20240829/4385997/4385997_17585225944934_500.jpg,False
2025-10,A,001011,민소매 티셔츠,001,상의,1,5106377,giordano,지오다노,립 베이직 탱크탑 025561 [5color],https://image.msscdn.net/images/goods_img/20250513/5106377/5106377_17471120271827_500.jpg,False
2025-10,A,001011,민소매 티셔츠,001,상의,2,2005542,bronson,브론슨,10.5 oz Cotton Tank Top,https://image.msscdn.net/images/goods_img/20210622/2005542/2005542_17761449719794_500.jpg,False
2025-10,A,001011,민소매 티셔츠,001,상의,3,4767951,musinsastandard,무신사 스탠다드,에센셜 탱크 탑 2팩,https://image.msscdn.net/images/goods_img/20250207/4767951/4767951_17461712582659_500.jpg,False
2025-10,A,001011,민소매 티셔츠,001,상의,4,4057918,musinsastandard,무신사 스탠다드,에센셜 탱크 탑 [블랙],https://image.msscdn.net/images/goods_img/20240416/4057918/4057918_17170471959238_500.jpg,False
2025-10,A,001011,민소매 티셔츠,001,상의,5,4057917,musinsastandard,무신사 스탠다드,에센셜 탱크 탑 [화이트],https://image.msscdn.net/images/goods_img/20240416/4057917/4057917_17775153738661_500.jpg,False
2025-10,A,001011,민소매 티셔츠,001,상의,6,5079642,grandiosity,그랜디오시티,[2PACK] 헤비 골지 머슬핏 슬리브리스 나시 (3컬러),https://image.msscdn.net/images/goods_img/20250429/5079642/5079642_17516005491473_500.jpg,False
2025-10,A,001011,민소매 티셔츠,001,상의,7,2122564,musinsastandard,무신사 스탠다드,레이어드 슬리브리스 탑_일반 기장 2팩,https://image.msscdn.net/images/goods_img/20210910/2122564/2122564_17133411609203_500.jpg,False
2025-10,A,001011,민소매 티셔츠,001,상의,8,3730358,musinsastandardwoman,무신사 스탠다드 우먼,우먼즈 슬림 스트링 슬리브리스 탑 2팩,https://image.msscdn.net/images/goods_img/20231123/3730358/3730358_17133337971681_500.jpg,False
2025-10,A,001011,민소매 티셔츠,001,상의,9,2086660,musinsastandard,무신사 스탠다드,레이어드 슬리브리스 탑_일반 기장 [화이트],https://image.msscdn.net/images/goods_img/20210825/2086660/2086660_17048492714259_500.jpg,False
2025-10,A,001011,민소매 티셔츠,001,상의,10,3794829,borntowin,본투윈,B-SYMBOL LOGO SLEEVELESS_NON MESH VER [BLACK],https://image.msscdn.net/images/goods_img/20240115/3794829/3794829_17732868360970_500.jpg,False
2025-10,A,001011,민소매 티셔츠,001,상의,11,4148441,bowlow,바우로 프로덕트,리브드 로고 슬리브리스 [블랙],https://image.msscdn.net/images/goods_img/20240522/4148441/4148441_17163625167792_500.jpg,False
2025-10,A,001011,민소매 티셔츠,001,상의,12,4888736,drix,드릭스,시그니처 머슬핏 립브드 슬리브리스_5color,https://image.msscdn.net/images/goods_img/20250312/4888736/4888736_17421913895057_500.jpg,False
2025-10,A,001011,민소매 티셔츠,001,상의,13,2724649,musinsastandardwoman,무신사 스탠다드 우먼,우먼즈 스트링 슬리브리스 탑 2팩,https://image.msscdn.net/images/goods_img/20220818/2724649/2724649_17490161912803_500.jpg,False
2025-10,A,001011,민소매 티셔츠,001,상의,14,5572498,khakipoint,카키포인트,Ruffle Layered Sleeveless (cream),https://image.msscdn.net/images/goods_img/20251010/5572498/5572498_17611842005078_500.jpg,False
2025-10,A,001011,민소매 티셔츠,001,상의,15,1855218,underarmour,언더아머,히트기어 아머 컴프레션 슬리브리스 1361522-001,https://image.msscdn.net/images/goods_img/20210319/1855218/1855218_17738150960244_500.jpg,False
2025-10,A,001011,민소매 티셔츠,001,상의,16,3075253,musinsastandard,무신사 스탠다드,[쿨탠다드] 레이어드 슬리브리스 탑_일반기장 2팩,https://image.msscdn.net/images/goods_img/20230210/3075253/3075253_17138588522656_500.jpg,False
2025-10,A,001011,민소매 티셔츠,001,상의,17,5572474,khakipoint,카키포인트,Ruffle Layered Sleeveless (black),https://image.msscdn.net/images/goods_img/20251010/5572474/5572474_17611842691433_500.jpg,False
2025-10,A,001011,민소매 티셔츠,001,상의,18,3135346,musinsastandardwoman,무신사 스탠다드 우먼,우먼즈 에센셜 탱크 탑 [화이트],https://image.msscdn.net/images/goods_img/20230309/3135346/3135346_17775390513402_500.jpg,False
2025-10,A,001011,민소매 티셔츠,001,상의,19,3859446,musinsastandard,무신사 스탠다드,스쿱 넥 슬리브리스 탑 [화이트],https://image.msscdn.net/images/goods_img/20240208/3859446/3859446_17147004001866_500.jpg,False
2025-10,A,001011,민소매 티셔츠,001,상의,20,1452270,musinsastandardwoman,무신사 스탠다드 우먼,우먼즈 베이식 슬리브리스 탑 [화이트],https://image.msscdn.net/images/goods_img/20200519/1452270/1452270_17484949895657_500.jpg,False
2025-10,A,001011,민소매 티셔츠,001,상의,21,4936661,esfai,에스파이,VTG SLEEVELESS (CHARCOAL),https://image.msscdn.net/images/goods_img/20250324/4936661/4936661_17715571268626_500.jpg,False
2025-10,A,001011,민소매 티셔츠,001,상의,22,4602668,carmid,카미드,카미드 슬리브리스,https://image.msscdn.net/images/goods_img/20241111/4602668/4602668_17314720439088_500.png,False
2025-10,A,001011,민소매 티셔츠,001,상의,23,4148465,bowlow,바우로 프로덕트,리브드 로고 슬리브리스 [아이보리],https://image.msscdn.net/images/goods_img/20240522/4148465/4148465_17163627271968_500.jpg,False
2025-10,A,001011,민소매 티셔츠,001,상의,24,4655184,musinsastandard,무신사 스탠다드,와이드 리브드 탱크 탑 [블랙],https://image.msscdn.net/images/goods_img/20241206/4655184/4655184_17471227922189_500.jpg,False
2025-10,A,001011,민소매 티셔츠,001,상의,25,4993670,jeep,지프,[2PACK] 아스킨 쿨 에어그램 민소매 티셔츠 (JR5TSU054BK),https://image.msscdn.net/images/goods_img/20250407/4993670/4993670_17449495137523_500.jpg,False
2025-10,A,001011,민소매 티셔츠,001,상의,26,3863280,musinsastandardwoman,무신사 스탠다드 우먼,우먼즈 스퀘어 넥 탱크 탑 [화이트],https://image.msscdn.net/images/goods_img/20240213/3863280/3863280_17479556029250_500.jpg,False
2025-10,A,001011,민소매 티셔츠,001,상의,27,1466673,gainsboro,게인스보로,[2PACK] 오버핏 쿨 마이크로아이스 슬리브리스 6COLOR,https://image.msscdn.net/images/goods_img/20200528/1466673/1466673_17477879236093_500.jpg,False
2025-10,A,001011,민소매 티셔츠,001,상의,28,5026628,trillion,트릴리온,리브드 링 스냅 헨리넥 슬리브리스_4color,https://image.msscdn.net/images/goods_img/20250414/5026628/5026628_17458116815775_500.jpg,False
2025-10,A,001011,민소매 티셔츠,001,상의,29,4148431,bowlow,바우로 프로덕트,리브드 로고 슬리브리스 [그레이],https://image.msscdn.net/images/goods_img/20240522/4148431/4148431_17163622368551_500.jpg,False
2025-10,A,001011,민소매 티셔츠,001,상의,30,4655183,musinsastandard,무신사 스탠다드,와이드 리브드 탱크 탑 [화이트],https://image.msscdn.net/images/goods_img/20241206/4655183/4655183_17721587361674_500.jpg,False
2025-10,A,001008,기타 상의,001,상의,1,5353112,patagonia,파타고니아,멘즈 라이트웨이트 신칠라 스냅-티 풀오버 / 25551Q7,https://image.msscdn.net/images/goods_img/20250822/5353112/5353112_17631000876867_500.jpg,False
2025-10,A,001008,기타 상의,001,상의,2,3483542,comfortlab,컴포트랩,울트라서포트 제로무브 쿨러닝 스포츠브라 단품 (후크형),https://image.msscdn.net/images/goods_img/20230822/3483542/3483542_17561016803801_500.jpg,False
2025-10,A,001008,기타 상의,001,상의,3,5038868,musinsastandardsp,무신사 스탠다드 스포츠,[시티러닝]테크그리드 후드 풀오버 (2color),https://image.msscdn.net/images/goods_img/20250417/5038868/5038868_17579118375676_500.jpg,False
2025-10,A,001008,기타 상의,001,상의,4,5411989,divein,다이브인,LIGHT UNIFORM ZIP-UP JERSEY (MELANGE GRAY),https://image.msscdn.net/images/goods_img/20250906/5411989/5411989_17610199833715_500.jpg,False
2025-10,A,001008,기타 상의,001,상의,5,3483540,comfortlab,컴포트랩,하이서포트 집업 스포츠브라 단품,https://image.msscdn.net/images/goods_img/20230822/3483540/3483540_17615378842984_500.jpg,False
2025-10,A,001008,기타 상의,001,상의,6,5021628,musinsastandardsp,무신사 스탠다드 스포츠,[시티러닝]러닝 웜업 하프 집업 (2color),https://image.msscdn.net/images/goods_img/20250414/5021628/5021628_17893770533668_500.jpg,False
2025-10,A,001008,기타 상의,001,상의,7,5562193,thomasmore,토마스모어,플리스 하프집업 - 네이비,https://image.msscdn.net/images/goods_img/20251001/5562193/5562193_17603317593138_500.jpg,False
2025-10,A,001008,기타 상의,001,상의,8,5038867,musinsastandardsp,무신사 스탠다드 스포츠,[시티러닝]우먼즈 테크그리드 후드 풀오버 (2color),https://image.msscdn.net/images/goods_img/20250417/5038867/5038867_17586766705312_500.jpg,False
2025-10,A,001008,기타 상의,001,상의,9,4407815,spyder,스파이더,남성 프로웹 하프 집업 SPGWCNFT212MBLK,https://image.msscdn.net/images/goods_img/20240905/4407815/4407815_17703580147082_500.jpg,False
2025-10,A,001008,기타 상의,001,상의,10,3927876,dorosiwa,도로시와,[2PACK] 풀샷브라 볼륨업 서포트_12colors,https://image.msscdn.net/images/goods_img/20240306/3927876/3927876_17860013590160_500.png,False
2025-10,A,001008,기타 상의,001,상의,11,3584689,nautica,노티카,83플래그 폴라 하프집업(네이비) NFL2145NAZ,https://image.msscdn.net/images/goods_img/20230921/3584689/3584689_17891030125322_500.jpg,False
2025-10,A,001008,기타 상의,001,상의,12,4369729,nautica,노티카,83플래그 폴라 하프집업(멜란지그레이) NFL2145MGZ,https://image.msscdn.net/images/goods_img/20240826/4369729/4369729_17894562363051_500.jpg,False
2025-10,A,001008,기타 상의,001,상의,13,3783941,comfortlab,컴포트랩,하이서포트 쿨러닝 스포츠브라(후크형),https://image.msscdn.net/images/goods_img/20240109/3783941/3783941_17618906226061_500.jpg,False
2025-10,A,001008,기타 상의,001,상의,14,5411990,divein,다이브인,LIGHT UNIFORM ZIP-UP JERSEY (BLACK),https://image.msscdn.net/images/goods_img/20250906/5411990/5411990_17610198540392_500.jpg,False
2025-10,A,001008,기타 상의,001,상의,15,5562203,thomasmore,토마스모어,플리스 하프집업 - 올리브그린,https://image.msscdn.net/images/goods_img/20251001/5562203/5562203_17603319729501_500.jpg,False
2025-10,A,001008,기타 상의,001,상의,16,3976042,nike,나이키,스우시 미디엄 서포트 패드 스포츠 브라 W - 블랙:화이트 / DX6822-010,https://image.msscdn.net/images/goods_img/20240321/3976042/3976042_17116938003546_500.jpg,False
2025-10,A,001008,기타 상의,001,상의,17,2372710,sovermentwithlomort,소버먼트,860G 피그먼트 하프 짚업-챠콜-,https://image.msscdn.net/images/goods_img/20220221/2372710/2372710_17243908846193_500.jpg,False
2025-10,A,001008,기타 상의,001,상의,18,4660780,rife,러닝라이프,러닝 컴프레션 롱 슬리브,https://image.msscdn.net/images/goods_img/20241211/4660780/4660780_17338963629029_500.jpg,False
2025-10,A,001008,기타 상의,001,상의,19,5439237,ason,애즈온,MARON KNIT ZIP-UP / BLACK,https://image.msscdn.net/images/goods_img/20250910/5439237/5439237_17580161779827_500.jpg,False
2025-10,A,001008,기타 상의,001,상의,20,5304599,tuomio,뚜오미오,WRAP SKIRT TUCKED PANTS [BLACK],https://image.msscdn.net/images/goods_img/20250808/5304599/5304599_17558285454415_500.jpg,False
2025-10,A,001008,기타 상의,001,상의,21,5234758,xexymix,젝시믹스,[2PACK] 하이디 베이직 브라탑 XT8102E,https://image.msscdn.net/images/goods_img/20250709/5234758/5234758_17702555679024_500.jpg,False
2025-10,A,001008,기타 상의,001,상의,22,5022825,musinsastandardsp,무신사 스탠다드 스포츠,[시티러닝]우먼즈 러닝 웜업 하프 집업 (2color),https://image.msscdn.net/images/goods_img/20250414/5022825/5022825_17894310518881_500.jpg,False
2025-10,A,001008,기타 상의,001,상의,23,5451030,oafish,오피쉬,BUTTON STRIPE TWO-WAY ZIP UP MELANGE,https://image.msscdn.net/images/goods_img/20250912/5451030/5451030_17576572619155_500.jpg,False
2025-10,A,001008,기타 상의,001,상의,24,4322628,covernat,커버낫,스몰 C 로고 코듀로이 하프 집업 네이비,https://image.msscdn.net/images/goods_img/20240812/4322628/4322628_17260442251184_500.jpg,False
2025-10,A,001008,기타 상의,001,상의,25,4423657,hadex,에이치덱스,액티브 에센셜 하프 집업 (Black),https://image.msscdn.net/images/goods_img/20240910/4423657/4423657_17876236630916_500.jpg,False
2025-10,A,001008,기타 상의,001,상의,26,5272222,not4nerd,낫포너드,4 Symbol Pigment Incision High Neck Zip Up - Black,https://image.msscdn.net/images/goods_img/20250725/5272222/5272222_17543735813676_500.jpg,False
2025-10,A,001008,기타 상의,001,상의,27,5367265,descente,데상트,스위스 스키 기모 베이스레이어 블랙(SQ323STL91),https://image.msscdn.net/images/goods_img/20250827/5367265/5367265_17568656839286_500.jpg,False
2025-10,A,001008,기타 상의,001,상의,28,5383374,umbro,엄브로,PTR 하이넥 OCTA 피스테 네이비(UQ421SWTO4),https://image.msscdn.net/images/goods_img/20250901/5383374/5383374_17627630410389_500.jpg,False
2025-10,A,001008,기타 상의,001,상의,29,5338408,matinkim,마뗑킴,CUT OUT HALF ZIP SWEATSHIRT FOR WOMEN IN BLACK,https://image.msscdn.net/images/goods_img/20250819/5338408/5338408_17582547488060_500.jpg,False
2025-10,A,001008,기타 상의,001,상의,30,5383377,umbro,엄브로,PTR 하이넥 OCTA 피스테 화이트(UQ421SWTO4),https://image.msscdn.net/images/goods_img/20250901/5383377/5383377_17627630283314_500.jpg,False
2025-10,A,002,아우터,,,1,2108160,spao,스파오,베이직 퍼플리스 집업_SPFZF4TC01,https://image.msscdn.net/images/goods_img/20210903/2108160/2108160_17605996485185_500.jpg,False
2025-10,A,002,아우터,,,2,5532467,suare,수아레,라이트 시어쉘 패딩 점퍼 - 3 COLOR,https://image.msscdn.net/images/goods_img/20250925/5532467/5532467_17875486261088_500.jpg,False
2025-10,A,002,아우터,,,3,5360472,spao,스파오,[씬라이트] 후드 재킷_SPJPF4TC24,https://image.msscdn.net/images/goods_img/20250825/5360472/5360472_17617884957420_500.png,False
2025-10,A,002,아우터,,,4,3783092,dimitriblack,디미트리블랙,[기모선택] ASI 포시즌 에센셜 피그먼트 후드집업_차콜 그레이,https://image.msscdn.net/images/goods_img/20240109/3783092/3783092_17708794030062_500.jpg,False
2025-10,A,002,아우터,,,5,1778404,toffee,토피,2WAY 스웻 후드 집업 (MELANGE GREY),https://image.msscdn.net/images/goods_img/20210204/1778404/1778404_1_500.jpg,False
2025-10,A,002,아우터,,,6,5329359,adidas,아디다스,후드 집업 - 블랙:크림화이트 / KC9315,https://image.msscdn.net/images/goods_img/20250818/5329359/5329359_17569461399483_500.jpg,False
2025-10,A,002,아우터,,,7,4945148,adidas,아디다스,아디컬러 클래식 트랙탑 (와플) - 원더화이트 / JW0109,https://image.msscdn.net/images/goods_img/20250326/4945148/4945148_17453139295013_500.jpg,False
2025-10,A,002,아우터,,,8,3390508,standarderror,스탠다드에러,87-STAN009  [리뉴얼] 스탠다드 블루종 스웨이드 자켓 블랙,https://image.msscdn.net/images/goods_img/20230630/3390508/3390508_17551524634252_500.jpg,False
2025-10,A,002,아우터,,,9,3650861,matinkim,마뗑킴,SPELL POINT STRIPE KNIT CARDIGAN IN BLACK,https://image.msscdn.net/images/goods_img/20231023/3650861/3650861_17582530640437_500.jpg,False
2025-10,A,002,아우터,,,10,3697526,compagno,꼼파뇨,[2-WAY] 슬리브 스타 피그먼트 후드 집업 스모크블랙,https://image.msscdn.net/images/goods_img/20231108/3697526/3697526_17002041370481_500.jpg,False
2025-10,A,002,아우터,,,11,5360731,salomon,살로몬,모디세이 패딩 자켓_LC2992100,https://image.msscdn.net/images/goods_img/20250825/5360731/5360731_17899800512692_500.jpg,False
2025-10,A,002,아우터,,,12,4356794,musinsastandard,무신사 스탠다드,시티 레저 후디드 라이트 다운 재킷 [블랙],https://image.msscdn.net/images/goods_img/20240822/4356794/4356794_17890558965193_500.jpg,False
2025-10,A,002,아우터,,,13,4767374,adidas,아디다스,와플 BB 트랙탑  - 원더화이트 / JV9263,https://image.msscdn.net/images/goods_img/20250207/4767374/4767374_17405511510275_500.jpg,False
2025-10,A,002,아우터,,,14,3771149,adidas,아디다스,우븐 파이어버드 트랙탑 - 블랙 / IT2491,https://image.msscdn.net/images/goods_img/20240102/3771149/3771149_17042416430428_500.jpg,False
2025-10,A,002,아우터,,,15,3440440,costumeoclock,커스텀어클락,[2PACK] 소프트 베이직 가디건 COOSCD001CD020CD021,https://image.msscdn.net/images/goods_img/20230801/3440440/3440440_17585191785388_500.jpg,False
2025-10,A,002,아우터,,,16,3563185,adidas,아디다스,파이어버드 트랙탑 - 블랙 / IJ7058,https://image.msscdn.net/images/goods_img/20230915/3563185/3563185_16950017775747_500.jpg,False
2025-10,A,002,아우터,,,17,4306408,musinsastandardsp,무신사 스탠다드 스포츠,아이언 라이트 다운 자켓 (5color),https://image.msscdn.net/images/goods_img/20240807/4306408/4306408_17888533943086_500.jpg,False
2025-10,A,002,아우터,,,18,1558197,musinsastandard,무신사 스탠다드,릴렉스드 베이식 블레이저 [블랙],https://image.msscdn.net/images/goods_img/20200820/1558197/1558197_17791521338764_500.jpg,False
2025-10,A,002,아우터,,,19,3783094,dimitriblack,디미트리블랙,[기모선택] ASI 포시즌 에센셜 스웻 후드집업_멜란지,https://image.msscdn.net/images/goods_img/20240109/3783094/3783094_17752015012983_500.jpg,False
2025-10,A,002,아우터,,,20,4356796,musinsastandard,무신사 스탠다드,시티 레저 후디드 라이트 다운 재킷 [클라우디 블루],https://image.msscdn.net/images/goods_img/20240822/4356796/4356796_17890958178016_500.jpg,False
2025-10,A,002,아우터,,,21,5215532,musinsastandard,무신사 스탠다드,시티 레저 시어 립스탑 후디드 라이트 다운 재킷 [블랙],https://image.msscdn.net/images/goods_img/20250701/5215532/5215532_17580948242906_500.jpg,False
2025-10,A,002,아우터,,,22,5438735,trillion,트릴리온,라이트 후디 패딩 자켓_그레이,https://image.msscdn.net/images/goods_img/20250910/5438735/5438735_17575615961166_500.jpg,False
2025-10,A,002,아우터,,,23,5329361,adidas,아디다스,후드 집업 - 그레이:블랙 / KC9317,https://image.msscdn.net/images/goods_img/20250818/5329361/5329361_17569461783112_500.jpg,False
2025-10,A,002,아우터,,,24,3651031,illigo,일리고,129 로고 패치 후드 집업 블랙,https://image.msscdn.net/images/goods_img/20231023/3651031/3651031_17706941887137_500.jpg,False
2025-10,A,002,아우터,,,25,5541815,chicks,칙스,커브라인 후디드 라이트 패딩 스카이블루,https://image.msscdn.net/images/goods_img/20250929/5541815/5541815_17630972241762_500.jpg,False
2025-10,A,002,아우터,,,26,5493938,newbalance,뉴발란스,NBNPF41973 / UNI 플라잉77 슈퍼라이트 후드 구스다운 (LIGHT GRAY),https://image.msscdn.net/images/goods_img/20250919/5493938/5493938_17830416769181_500.jpg,False
2025-10,A,002,아우터,,,27,2723218,dimitriblack,디미트리블랙,ASI 2WAY 어센틱 후드 윈드브레이커 자켓_블랙,https://image.msscdn.net/images/goods_img/20220817/2723218/2723218_17603312716294_500.jpg,False
2025-10,A,002,아우터,,,28,1576682,doffjason,도프제이슨,오버핏 램스킨 싱글 자켓,https://image.msscdn.net/images/goods_img/20200901/1576682/1576682_6_500.jpg,False
2025-10,A,002,아우터,,,29,5162177,musinsastandardwoman,무신사 스탠다드 우먼,시티 레저 우먼즈 후디드 라이트 다운 재킷 [블랙],https://image.msscdn.net/images/goods_img/20250602/5162177/5162177_17888605119271_500.jpg,False
2025-10,A,002,아우터,,,30,5329567,adidas,아디다스,BB 트랙탑 - 블랙:크림화이트 / KC9299,https://image.msscdn.net/images/goods_img/20250818/5329567/5329567_17573005097318_500.jpg,False
2025-10,A,002012,숏패딩/헤비 아우터,002,아우터,1,5532467,suare,수아레,라이트 시어쉘 패딩 점퍼 - 3 COLOR,https://image.msscdn.net/images/goods_img/20250925/5532467/5532467_17875486261088_500.jpg,False
2025-10,A,002012,숏패딩/헤비 아우터,002,아우터,2,5360472,spao,스파오,[씬라이트] 후드 재킷_SPJPF4TC24,https://image.msscdn.net/images/goods_img/20250825/5360472/5360472_17617884957420_500.png,False
2025-10,A,002012,숏패딩/헤비 아우터,002,아우터,3,4356794,musinsastandard,무신사 스탠다드,시티 레저 후디드 라이트 다운 재킷 [블랙],https://image.msscdn.net/images/goods_img/20240822/4356794/4356794_17890558965193_500.jpg,False
2025-10,A,002012,숏패딩/헤비 아우터,002,아우터,4,4306408,musinsastandardsp,무신사 스탠다드 스포츠,아이언 라이트 다운 자켓 (5color),https://image.msscdn.net/images/goods_img/20240807/4306408/4306408_17888533943086_500.jpg,False
2025-10,A,002012,숏패딩/헤비 아우터,002,아우터,5,4356796,musinsastandard,무신사 스탠다드,시티 레저 후디드 라이트 다운 재킷 [클라우디 블루],https://image.msscdn.net/images/goods_img/20240822/4356796/4356796_17890958178016_500.jpg,False
2025-10,A,002012,숏패딩/헤비 아우터,002,아우터,6,5215532,musinsastandard,무신사 스탠다드,시티 레저 시어 립스탑 후디드 라이트 다운 재킷 [블랙],https://image.msscdn.net/images/goods_img/20250701/5215532/5215532_17580948242906_500.jpg,False
2025-10,A,002012,숏패딩/헤비 아우터,002,아우터,7,5438735,trillion,트릴리온,라이트 후디 패딩 자켓_그레이,https://image.msscdn.net/images/goods_img/20250910/5438735/5438735_17575615961166_500.jpg,False
2025-10,A,002012,숏패딩/헤비 아우터,002,아우터,8,5541815,chicks,칙스,커브라인 후디드 라이트 패딩 스카이블루,https://image.msscdn.net/images/goods_img/20250929/5541815/5541815_17630972241762_500.jpg,False
2025-10,A,002012,숏패딩/헤비 아우터,002,아우터,9,5493938,newbalance,뉴발란스,NBNPF41973 / UNI 플라잉77 슈퍼라이트 후드 구스다운 (LIGHT GRAY),https://image.msscdn.net/images/goods_img/20250919/5493938/5493938_17830416769181_500.jpg,False
2025-10,A,002012,숏패딩/헤비 아우터,002,아우터,10,5162177,musinsastandardwoman,무신사 스탠다드 우먼,시티 레저 우먼즈 후디드 라이트 다운 재킷 [블랙],https://image.msscdn.net/images/goods_img/20250602/5162177/5162177_17888605119271_500.jpg,False
2025-10,A,002012,숏패딩/헤비 아우터,002,아우터,11,5369990,ntbc,엔티비씨,2Way 후드 경량 패딩 점퍼,https://image.msscdn.net/images/goods_img/20250827/5369990/5369990_17896988478854_500.jpg,False
2025-10,A,002012,숏패딩/헤비 아우터,002,아우터,12,5148065,musinsastandard,무신사 스탠다드,시티 레저 후디드 라이트 다운 재킷 [문 블루],https://image.msscdn.net/images/goods_img/20250527/5148065/5148065_17585243005812_500.jpg,False
2025-10,A,002012,숏패딩/헤비 아우터,002,아우터,13,5401055,dimitriblack,디미트리블랙,VLAD 라이트 쉘 경량 다운 자켓_후디드 블랙,https://image.msscdn.net/images/goods_img/20250904/5401055/5401055_17881514883584_500.jpg,False
2025-10,A,002012,숏패딩/헤비 아우터,002,아우터,14,5299767,begin202,비긴202,커브라이트 다운 점퍼 [라이트 그레이],https://image.msscdn.net/images/goods_img/20250807/5299767/5299767_17551387554338_500.jpg,False
2025-10,A,002012,숏패딩/헤비 아우터,002,아우터,15,5544484,thenorthface,노스페이스,NJ3NR55K 화이트라벨 데이드라이브 EX 온 자켓 LIGHT GRAY,https://image.msscdn.net/images/goods_img/20250929/5544484/5544484_17617146696356_500.jpg,False
2025-10,A,002012,숏패딩/헤비 아우터,002,아우터,16,5549649,thisisneverthat,디스이즈네버댓,PERTEX T Down Jacket Black,https://image.msscdn.net/images/goods_img/20250930/5549649/5549649_17592979752281_500.jpg,False
2025-10,A,002012,숏패딩/헤비 아우터,002,아우터,17,3604263,noiago,노이아고,NOI1067 라이트웨이트 히트 자켓 (블랙),https://image.msscdn.net/images/goods_img/20231005/3604263/3604263_17645511564597_500.jpg,False
2025-10,A,002012,숏패딩/헤비 아우터,002,아우터,18,5407535,thenorthface,노스페이스,NJ1DR57A 남성 루타 다운 자켓 (RDS) BLACK,https://image.msscdn.net/images/goods_img/20250905/5407535/5407535_17707877441502_500.jpg,False
2025-10,A,002012,숏패딩/헤비 아우터,002,아우터,19,2145689,fluke,플루크,3M신슐레이트 퀼팅 경량패딩 자켓 FPJ201 / 6color,https://image.msscdn.net/images/goods_img/20210924/2145689/2145689_17328422507917_500.jpg,False
2025-10,A,002012,숏패딩/헤비 아우터,002,아우터,20,4483824,covernat,커버낫,RDS 컬리지 볼륨 후디 다운 블랙,https://image.msscdn.net/images/goods_img/20241002/4483824/4483824_17321677138940_500.jpg,False
2025-10,A,002012,숏패딩/헤비 아우터,002,아우터,21,5148060,musinsastandard,무신사 스탠다드,시티 레저 후디드 라이트 다운 재킷 [그레이],https://image.msscdn.net/images/goods_img/20250527/5148060/5148060_17581835575935_500.jpg,False
2025-10,A,002012,숏패딩/헤비 아우터,002,아우터,22,5148059,musinsastandard,무신사 스탠다드,시티 레저 후디드 라이트 다운 재킷 [라이트 그레이],https://image.msscdn.net/images/goods_img/20250527/5148059/5148059_17890557888857_500.jpg,False
2025-10,A,002012,숏패딩/헤비 아우터,002,아우터,23,5438737,trillion,트릴리온,라이트 후디 패딩 자켓_블랙,https://image.msscdn.net/images/goods_img/20250910/5438737/5438737_17575616254192_500.jpg,False
2025-10,A,002012,숏패딩/헤비 아우터,002,아우터,24,4241903,thenorthface,노스페이스,NJ1DR85J 화이트라벨 여성 노벨티 눕시 RDS 다운 자켓 BLACK,https://image.msscdn.net/images/goods_img/20240710/4241903/4241903_17828662716555_500.jpg,False
2025-10,A,002012,숏패딩/헤비 아우터,002,아우터,25,3378514,musinsastandard,무신사 스탠다드,데일리 푸퍼 숏 패딩 재킷 [블랙],https://image.msscdn.net/images/goods_img/20230622/3378514/3378514_17800303461768_500.jpg,False
2025-10,A,002012,숏패딩/헤비 아우터,002,아우터,26,5479465,leire,르아르,에센셜 후디드 라이트 패딩 자켓 (8color),https://image.msscdn.net/images/goods_img/20250917/5479465/5479465_17587931781985_500.jpg,False
2025-10,A,002012,숏패딩/헤비 아우터,002,아우터,27,5401751,descente,데상트,에센셜 라이트 다운 자켓 블랙(SQ323UDJ99),https://image.msscdn.net/images/goods_img/20250904/5401751/5401751_17696489401669_500.jpg,False
2025-10,A,002012,숏패딩/헤비 아우터,002,아우터,28,3780728,maninstore,무드인사이드,남여공용 푸퍼 숏패딩_7Color,https://image.msscdn.net/images/goods_img/20240108/3780728/3780728_17605828944256_500.jpg,False
2025-10,A,002012,숏패딩/헤비 아우터,002,아우터,29,5016792,musinsastandardsp,무신사 스탠다드 스포츠,탱커 라이트 벤트 패딩 자켓 (4color),https://image.msscdn.net/images/goods_img/20250411/5016792/5016792_17883313932700_500.jpg,False
2025-10,A,002012,숏패딩/헤비 아우터,002,아우터,30,5237259,teket,테켓,CT Lightweight Down Jacket Light Gray,https://image.msscdn.net/images/goods_img/20250709/5237259/5237259_17528049239215_500.jpg,False
2025-10,A,002013,롱패딩/헤비 아우터,002,아우터,1,5511372,discoveryexpedition,디스커버리 익스페디션,레스터G RDS 구스다운 롱패딩 (BLACK),https://image.msscdn.net/images/goods_img/20250923/5511372/5511372_17586746085896_500.jpg,False
2025-10,A,002013,롱패딩/헤비 아우터,002,아우터,2,4469334,covernat,커버낫,24FW RDS 씨빅 롱 다운 블랙,https://image.msscdn.net/images/goods_img/20240926/4469334/4469334_17321676769014_500.jpg,False
2025-10,A,002013,롱패딩/헤비 아우터,002,아우터,3,5498292,leathery,레더리,M-65 피쉬테일 오버핏 롱파카 [2COLOR],https://image.msscdn.net/images/goods_img/20250919/5498292/5498292_17628429956754_500.jpg,False
2025-10,A,002013,롱패딩/헤비 아우터,002,아우터,4,3716632,wednesdayoasis,웬즈데이오아시스,M-65 피쉬테일 야상 패딩 코트(3col),https://image.msscdn.net/images/goods_img/20231116/3716632/3716632_17591147104039_500.jpg,False
2025-10,A,002013,롱패딩/헤비 아우터,002,아우터,5,2222924,musinsastandard,무신사 스탠다드,롱 다운 벤치 파카 [블랙],https://image.msscdn.net/images/goods_img/20211109/2222924/2222924_17649252759332_500.jpg,False
2025-10,A,002013,롱패딩/헤비 아우터,002,아우터,6,5290730,eider,아이더,POP 벤치 UNI 다운 자켓_Black,https://image.msscdn.net/images/goods_img/20250804/5290730/5290730_17542912101545_500.jpg,False
2025-10,A,002013,롱패딩/헤비 아우터,002,아우터,7,2801731,blackyak,블랙야크,아이스제로 레이디 다운자켓 블랙,https://image.msscdn.net/images/goods_img/20220919/2801731/2801731_17718286527817_500.jpg,False
2025-10,A,002013,롱패딩/헤비 아우터,002,아우터,8,4495052,sierradesigns,시에라디자인,하프돔(HALFDOME) 경량 구스다운 후드자켓 LIGHT GREY,https://image.msscdn.net/images/goods_img/20241008/4495052/4495052_17884960908487_500.jpg,False
2025-10,A,002013,롱패딩/헤비 아우터,002,아우터,9,5483785,k2,케이투,E_벤치파카(공용)_Black,https://image.msscdn.net/images/goods_img/20250918/5483785/5483785_17581570324757_500.jpg,False
2025-10,A,002013,롱패딩/헤비 아우터,002,아우터,10,5562221,codegraphy,코드그라피,피쉬테일 후드 롱파카_카키,https://image.msscdn.net/images/goods_img/20251001/5562221/5562221_17888496976422_500.jpg,False
2025-10,A,002013,롱패딩/헤비 아우터,002,아우터,11,4525082,nationalgeographic,내셔널지오그래픽,N244WDW860 여성 카이만 프로 롱기장 구스 다운 점퍼 CARBON BLACK,https://image.msscdn.net/images/goods_img/20241016/4525082/4525082_17291459329736_500.jpg,False
2025-10,A,002013,롱패딩/헤비 아우터,002,아우터,12,4647847,thenorthface,노스페이스,NC1DQ55A 남성 슈퍼플렉스 RDS 다운 코트_BLACK,https://image.msscdn.net/images/goods_img/20241203/4647847/4647847_17332083009740_500.jpg,False
2025-10,A,002013,롱패딩/헤비 아우터,002,아우터,13,4499590,fluke,플루크,어드벤처 피쉬테일 퀼팅 롱파카 블랙 FPJ222,https://image.msscdn.net/images/goods_img/20241008/4499590/4499590_17308628645336_500.jpg,False
2025-10,A,002013,롱패딩/헤비 아우터,002,아우터,14,2758335,discoveryexpedition,디스커버리 익스페디션,여성 레스터G RDS 구스다운 롱패딩 (WHITE),https://image.msscdn.net/images/goods_img/20220831/2758335/2758335_17313016121180_500.jpg,False
2025-10,A,002013,롱패딩/헤비 아우터,002,아우터,15,5295345,spao,스파오,베이직 롱패딩_SPJPF4VC11,https://image.msscdn.net/images/goods_img/20250806/5295345/5295345_17544472384457_500.jpg,False
2025-10,A,002013,롱패딩/헤비 아우터,002,아우터,16,5347092,eider,아이더,La Belle (라벨르) 여성 W/S 캐시미어 롱 코트 다운 자켓 (HOOD)_Black,https://image.msscdn.net/images/goods_img/20250821/5347092/5347092_17564429918711_500.jpg,False
2025-10,A,002013,롱패딩/헤비 아우터,002,아우터,17,3600895,discoveryexpedition,디스커버리 익스페디션,여성 고쉬 구스다운 롱패딩 (BLACK),https://image.msscdn.net/images/goods_img/20231004/3600895/3600895_17290634468342_500.jpg,False
2025-10,A,002013,롱패딩/헤비 아우터,002,아우터,18,5585671,descente,데상트,스위스 스키 롱 유러피언 구스 다운 자켓 블랙 SQ421SDJN1,https://image.msscdn.net/images/goods_img/20251014/5585671/5585671_17806182169277_500.jpg,False
2025-10,A,002013,롱패딩/헤비 아우터,002,아우터,19,3661123,discoveryexpedition,디스커버리 익스페디션,남성 베르겐 고어 윈드스토퍼 구스다운 롱패딩 (BLACK),https://image.msscdn.net/images/goods_img/20231026/3661123/3661123_17338206923729_500.jpg,False
2025-10,A,002013,롱패딩/헤비 아우터,002,아우터,20,1647181,maisonmined,메종미네드,BLACK DOUBLE LONG GOOSE DOWN,https://image.msscdn.net/images/goods_img/20201014/1647181/1647181_2_500.jpg,False
2025-10,A,002013,롱패딩/헤비 아우터,002,아우터,21,4297630,musinsastandard,무신사 스탠다드,데일리 푸퍼 롱 패딩 파카 [블랙],https://image.msscdn.net/images/goods_img/20240805/4297630/4297630_17649137181620_500.jpg,False
2025-10,A,002013,롱패딩/헤비 아우터,002,아우터,22,920520,fcmm,에프씨엠엠,클럽 팀 풋볼 벤치 롱 패딩 4color,https://image.msscdn.net/images/goods_img/20181212/920520/920520_17588685279951_500.jpg,False
2025-10,A,002013,롱패딩/헤비 아우터,002,아우터,23,3477392,descente,데상트,2025 캐논 롱 구스 다운 자켓 블랙(SQ323SDJ91),https://image.msscdn.net/images/goods_img/20230818/3477392/3477392_17889177628381_500.jpg,False
2025-10,A,002013,롱패딩/헤비 아우터,002,아우터,24,5267301,nationalgeographic,내셔널지오그래픽,N254WDW860 여성 카이만 프로 롱기장 구스다운 점퍼 BLACK,https://image.msscdn.net/images/goods_img/20250723/5267301/5267301_17661284253983_500.jpg,False
2025-10,A,002013,롱패딩/헤비 아우터,002,아우터,25,5502223,k2,케이투,시그니처 도로시(DOROTHY) LONG W_Black,https://image.msscdn.net/images/goods_img/20250922/5502223/5502223_17676753605394_500.jpg,False
2025-10,A,002013,롱패딩/헤비 아우터,002,아우터,26,4470056,suare,수아레,서스테인 발마칸 패딩 코트 - 3 COLOR,https://image.msscdn.net/images/goods_img/20240927/4470056/4470056_17593708342462_500.jpg,False
2025-10,A,002013,롱패딩/헤비 아우터,002,아우터,27,4297594,musinsastandard,무신사 스탠다드,미니멀 후디드 롱 다운 파카 [블랙],https://image.msscdn.net/images/goods_img/20240805/4297594/4297594_17314852672987_500.jpg,False
2025-10,A,002013,롱패딩/헤비 아우터,002,아우터,28,3597791,dynafit,다이나핏,BREAKER (브레이커) 코트 다운_Black,https://image.msscdn.net/images/goods_img/20230927/3597791/3597791_16957773067242_500.jpg,False
2025-10,A,002013,롱패딩/헤비 아우터,002,아우터,29,4499578,blackyak,블랙야크,아이스제로 레이디 다운자켓 라이트그레이,https://image.msscdn.net/images/goods_img/20241008/4499578/4499578_17718285773844_500.jpg,False
2025-10,A,002013,롱패딩/헤비 아우터,002,아우터,30,4499589,fluke,플루크,어드벤처 피쉬테일 퀼팅 롱파카 카키 FPJ222,https://image.msscdn.net/images/goods_img/20241008/4499589/4499589_17308628949188_500.jpg,False
2025-10,A,002023,플리스/뽀글이,002,아우터,1,2108160,spao,스파오,베이직 퍼플리스 집업_SPFZF4TC01,https://image.msscdn.net/images/goods_img/20210903/2108160/2108160_17605996485185_500.jpg,False
2025-10,A,002023,플리스/뽀글이,002,아우터,2,1567317,jeep,지프,2WAY 레트로 마운틴 1941 플리스 집업 (JR5TZU191BK),https://image.msscdn.net/images/goods_img/20200827/1567317/1567317_17871103144956_500.jpg,False
2025-10,A,002023,플리스/뽀글이,002,아우터,3,5477159,dimitriblack,디미트리블랙,쉐르파 플리스 슬래쉬 후드 자켓_차콜,https://image.msscdn.net/images/goods_img/20250917/5477159/5477159_17581840830008_500.jpg,False
2025-10,A,002023,플리스/뽀글이,002,아우터,4,4368559,musinsastandard,무신사 스탠다드,폴라 플리스 래글런 하이넥 재킷 [다크 그레이],https://image.msscdn.net/images/goods_img/20240826/4368559/4368559_17320814390926_500.jpg,False
2025-10,A,002023,플리스/뽀글이,002,아우터,5,4368558,musinsastandard,무신사 스탠다드,폴라 플리스 래글런 하이넥 재킷 [블랙],https://image.msscdn.net/images/goods_img/20240826/4368558/4368558_17320814634533_500.jpg,False
2025-10,A,002023,플리스/뽀글이,002,아우터,6,4432439,jeep,지프,2WAY 레트로 마운틴 1941 플리스 집업 4COLOR (JR5TZU191),https://image.msscdn.net/images/goods_img/20240911/4432439/4432439_17560810698333_500.jpg,False
2025-10,A,002023,플리스/뽀글이,002,아우터,7,1180665,musinsastandard,무신사 스탠다드,샤기 플리스 집업 재킷 [블랙],https://image.msscdn.net/images/goods_img/20191008/1180665/1180665_1_500.jpg,False
2025-10,A,002023,플리스/뽀글이,002,아우터,8,1670498,jeep,지프,2WAY 레트로 마운틴 1941 플리스 집업 (JR5TZU191IV),https://image.msscdn.net/images/goods_img/20201030/1670498/1670498_17615290574286_500.jpg,False
2025-10,A,002023,플리스/뽀글이,002,아우터,9,4507542,jeep,지프,2way Peak-logo 라운드넥 플리스 BLACK (JQ5TZU192BK),https://image.msscdn.net/images/goods_img/20241011/4507542/4507542_17307634527729_500.png,False
2025-10,A,002023,플리스/뽀글이,002,아우터,10,4518011,mucent,무센트,노르망 뽀글 양털 후리스 플리스 집업 남녀공용 (2컬러),https://image.msscdn.net/images/goods_img/20241015/4518011/4518011_17289597034340_500.jpg,False
2025-10,A,002023,플리스/뽀글이,002,아우터,11,4425981,lee,리,폴라플리스 집업 자켓 블랙,https://image.msscdn.net/images/goods_img/20240910/4425981/4425981_17261156335045_500.jpg,False
2025-10,A,002023,플리스/뽀글이,002,아우터,12,2100470,musinsastandard,무신사 스탠다드,오버사이즈 폴라 플리스 하이넥 재킷 [블랙],https://image.msscdn.net/images/goods_img/20210831/2100470/2100470_1_500.jpg,False
2025-10,A,002023,플리스/뽀글이,002,아우터,13,5477158,dimitriblack,디미트리블랙,쉐르파 플리스 슬래쉬 후드 자켓_모카,https://image.msscdn.net/images/goods_img/20250917/5477158/5477158_17581852552058_500.jpg,False
2025-10,A,002023,플리스/뽀글이,002,아우터,14,5270140,bittercells,비터셀즈,포디 플리스 하프 집업-차콜,https://image.msscdn.net/images/goods_img/20250724/5270140/5270140_17557512212341_500.jpg,False
2025-10,A,002023,플리스/뽀글이,002,아우터,15,4447527,untapped,언탭트 스튜디오,소프트 베이직 퍼 플리스 집업 자켓 3color,https://image.msscdn.net/images/goods_img/20240920/4447527/4447527_17297527898175_500.jpg,False
2025-10,A,002023,플리스/뽀글이,002,아우터,16,5205817,musinsastandard,무신사 스탠다드,시티 레저 스트럭처드 폴라 플리스 하이넥 재킷 [블랙],https://image.msscdn.net/images/goods_img/20250625/5205817/5205817_17580928595182_500.jpg,False
2025-10,A,002023,플리스/뽀글이,002,아우터,17,5353064,patagonia,파타고니아,멘즈 클래식 레트로-X 재킷 / 23057Q7,https://image.msscdn.net/images/goods_img/20250822/5353064/5353064_17604275162285_500.jpg,False
2025-10,A,002023,플리스/뽀글이,002,아우터,18,5205818,musinsastandard,무신사 스탠다드,시티 레저 스트럭처드 폴라 플리스 하이넥 재킷 [머드 그레이],https://image.msscdn.net/images/goods_img/20250625/5205818/5205818_17580927603301_500.jpg,False
2025-10,A,002023,플리스/뽀글이,002,아우터,19,5353203,patagonia,파타고니아,우먼즈 라이트웨이트 신칠라 스냅 티 풀오버 / 25455Q7,https://image.msscdn.net/images/goods_img/20250822/5353203/5353203_17604272128758_500.jpg,False
2025-10,A,002023,플리스/뽀글이,002,아우터,20,3498228,thisisneverthat,디스이즈네버댓,SP Sherpa Fleece Jacket Brown,https://image.msscdn.net/images/goods_img/20230825/3498228/3498228_16932968688813_500.jpg,False
2025-10,A,002023,플리스/뽀글이,002,아우터,21,5355276,jeep,지프,2WAY 레트로 마운틴 1941 셰르파 플리스 집업 (JQ5TZU195BR),https://image.msscdn.net/images/goods_img/20250822/5355276/5355276_17871038223001_500.jpg,False
2025-10,A,002023,플리스/뽀글이,002,아우터,22,4340520,famacollection,더파코,LOZENGE  LOGO FLEECE ZIPUP PURPLE,https://image.msscdn.net/images/goods_img/20240819/4340520/4340520_17261082949884_500.jpg,False
2025-10,A,002023,플리스/뽀글이,002,아우터,23,1180676,musinsastandardwoman,무신사 스탠다드 우먼,우먼즈 샤기 플리스 집업 재킷 [블랙],https://image.msscdn.net/images/goods_img/20191008/1180676/1180676_1_500.jpg,False
2025-10,A,002023,플리스/뽀글이,002,아우터,24,5346770,marithefrancoisgirbaud,마리떼 프랑소와 저버,ETHNIC PATTERN FLEECE JACKET navy,https://image.msscdn.net/images/goods_img/20250821/5346770/5346770_17569420423884_500.jpg,False
2025-10,A,002023,플리스/뽀글이,002,아우터,25,5468972,thisisneverthat,디스이즈네버댓,SP Sherpa Fleece Jacket Black,https://image.msscdn.net/images/goods_img/20250916/5468972/5468972_17587667403169_500.jpg,False
2025-10,A,002023,플리스/뽀글이,002,아우터,26,5310056,zplish,지플리시,플리스 후디 집업 자켓 다크그레이,https://image.msscdn.net/images/goods_img/20250811/5310056/5310056_17881421351845_500.jpg,False
2025-10,A,002023,플리스/뽀글이,002,아우터,27,2850102,yale,예일,엠브로이더리 댄 카라리스 보아 플리스 자켓_아이보리,https://image.msscdn.net/images/goods_img/20221011/2850102/2850102_17653340845444_500.jpg,False
2025-10,A,002023,플리스/뽀글이,002,아우터,28,5374735,filluminate,필루미네이트,쉐르파 플리스 자켓-블랙,https://image.msscdn.net/images/goods_img/20250828/5374735/5374735_17582843427076_500.jpg,False
2025-10,A,002023,플리스/뽀글이,002,아우터,29,3591748,physicalgarments,피지컬가먼츠,P9023 PCGS 후리스 집업 [블랙],https://image.msscdn.net/images/goods_img/20230925/3591748/3591748_16965739803425_500.jpg,False
2025-10,A,002023,플리스/뽀글이,002,아우터,30,5594893,thenorthface,노스페이스,NJ4FR50J 화이트라벨 컴피 알파 플리스 집업 BLACK,https://image.msscdn.net/images/goods_img/20251015/5594893/5594893_17605062558995_500.jpg,False
2025-10,A,002025,무스탕/퍼,002,아우터,1,1582142,left,레프트서울,에비에이터 B-3 무스탕 자켓 [블랙],https://image.msscdn.net/images/goods_img/20200903/1582142/1582142_17888321003811_500.jpg,False
2025-10,A,002025,무스탕/퍼,002,아우터,2,2985378,left,레프트서울,에비에이터 B-3 무스탕 자켓 [블랙/화이트],https://image.msscdn.net/images/goods_img/20221216/2985378/2985378_17888316910045_500.jpg,False
2025-10,A,002025,무스탕/퍼,002,아우터,3,4648957,thegreenlab,더그린랩,FAUX 퍼 하이넥 무스탕 쟈켓 [밍크/아이보리],https://image.msscdn.net/images/goods_img/20241204/4648957/4648957_17889386753405_500.jpg,False
2025-10,A,002025,무스탕/퍼,002,아우터,4,5589721,leathery,레더리,리버시블 시어링 퍼 자켓 [CREAM],https://image.msscdn.net/images/goods_img/20251014/5589721/5589721_17691508756206_500.jpg,False
2025-10,A,002025,무스탕/퍼,002,아우터,5,4424968,drawfit,드로우핏,오버사이즈 라인 무스탕 자켓 [BLACK],https://image.msscdn.net/images/goods_img/20240910/4424968/4424968_17592953517737_500.jpg,False
2025-10,A,002025,무스탕/퍼,002,아우터,6,4422571,roughneck,러프넥,워싱 레더 무스탕 자켓,https://image.msscdn.net/images/goods_img/20240909/4422571/4422571_17259543259384_500.jpg,False
2025-10,A,002025,무스탕/퍼,002,아우터,7,5478133,dimitriblack,디미트리블랙,VTG 워시드 시어링 무스탕_블랙,https://image.msscdn.net/images/goods_img/20250917/5478133/5478133_17591955702057_500.jpg,False
2025-10,A,002025,무스탕/퍼,002,아우터,8,5546451,alyss,알리스,컨투어 시어링 스웨이드 크롭 무스탕 자켓 [블랙],https://image.msscdn.net/images/goods_img/20250929/5546451/5546451_17593180241940_500.jpg,False
2025-10,A,002025,무스탕/퍼,002,아우터,9,3696651,v2,브이투,70263 빈티지코팅무스탕_브라운,https://image.msscdn.net/images/goods_img/20231108/3696651/3696651_16995836179892_500.jpg,False
2025-10,A,002025,무스탕/퍼,002,아우터,10,5546450,alyss,알리스,컨투어 시어링 레더 크롭 무스탕 자켓 [블랙],https://image.msscdn.net/images/goods_img/20250929/5546450/5546450_17593180146151_500.jpg,False
2025-10,A,002025,무스탕/퍼,002,아우터,11,4424970,drawfit,드로우핏,오버사이즈 스웨이드 라인 무스탕 자켓 [BLACK],https://image.msscdn.net/images/goods_img/20240910/4424970/4424970_17592954376614_500.jpg,False
2025-10,A,002025,무스탕/퍼,002,아우터,12,4459465,mongdol,몽돌,리버시블 스웨이드 무스탕 브라운 MDJK038BROWN,https://image.msscdn.net/images/goods_img/20240924/4459465/4459465_17901312308637_500.jpg,False
2025-10,A,002025,무스탕/퍼,002,아우터,13,5315766,hugyourskin,허그유어스킨,시어링 무스탕 자켓 (핑크),https://image.msscdn.net/images/goods_img/20250812/5315766/5315766_17575804906641_500.jpg,False
2025-10,A,002025,무스탕/퍼,002,아우터,14,4398156,mongdol,몽돌,리버시블 페이크 퍼 자켓 라이트베이지 MDJK031LBEIGE,https://image.msscdn.net/images/goods_img/20240903/4398156/4398156_17653446118193_500.jpg,False
2025-10,A,002025,무스탕/퍼,002,아우터,15,5543151,drawfit,드로우핏,오버사이즈 스웨이드 라인 무스탕 자켓 [ALL BLACK],https://image.msscdn.net/images/goods_img/20250929/5543151/5543151_17592851478106_500.jpg,False
2025-10,A,002025,무스탕/퍼,002,아우터,16,5309360,roughneck,러프넥,워싱 레더 무스탕 자켓 그레이,https://image.msscdn.net/images/goods_img/20250811/5309360/5309360_17567135762013_500.jpg,False
2025-10,A,002025,무스탕/퍼,002,아우터,17,3435483,musinsastandardwoman,무신사 스탠다드 우먼,우먼즈 리버서블 신세틱 레더 시어링 하프 코트 [블랙],https://image.msscdn.net/images/goods_img/20230731/3435483/3435483_17610122417764_500.jpg,False
2025-10,A,002025,무스탕/퍼,002,아우터,18,4544921,sperone,스페로네,A-2 워싱 레더 무스탕 자켓 (브라운),https://image.msscdn.net/images/goods_img/20241022/4544921/4544921_17306962358139_500.jpg,False
2025-10,A,002025,무스탕/퍼,002,아우터,19,4598251,thegreenlab,더그린랩,FAUX 퍼 하이넥 무스탕 쟈켓 [밍크/블랙],https://image.msscdn.net/images/goods_img/20241108/4598251/4598251_17905811768713_500.jpg,False
2025-10,A,002025,무스탕/퍼,002,아우터,20,4644905,spao,스파오,퍼배색 무스탕_SPJLF4VW04,https://image.msscdn.net/images/goods_img/20241202/4644905/4644905_17580108193796_500.jpeg,False
2025-10,A,002025,무스탕/퍼,002,아우터,21,5506667,noise,노이즈,빈티지 워시드 시어링 무스탕 - 블랙,https://image.msscdn.net/images/goods_img/20250922/5506667/5506667_17810704420898_500.jpg,False
2025-10,A,002025,무스탕/퍼,002,아우터,22,452483,doffjason,도프제이슨,솔리드 무톤 자켓,https://image.msscdn.net/images/goods_img/20161123/452483/452483_2_500.jpg,False
2025-10,A,002025,무스탕/퍼,002,아우터,23,4498805,leathery,레더리,오블리크 스웨이드 무스탕 자켓 [BLACK],https://image.msscdn.net/images/goods_img/20241008/4498805/4498805_17286101050603_500.jpg,False
2025-10,A,002025,무스탕/퍼,002,아우터,24,2270236,officialgarment,덴아워,밍크 퍼 오버핏 후드집업 (블랙),https://image.msscdn.net/images/goods_img/20211215/2270236/2270236_17592521840217_500.jpg,False
2025-10,A,002025,무스탕/퍼,002,아우터,25,4459466,mongdol,몽돌,리버시블 스웨이드 무스탕 베이지 MDJK038BEIGE,https://image.msscdn.net/images/goods_img/20240924/4459466/4459466_17905735846373_500.jpg,False
2025-10,A,002025,무스탕/퍼,002,아우터,26,3441876,left,레프트서울,에비에이터 B-3 무스탕 자켓 [말보로],https://image.msscdn.net/images/goods_img/20230802/3441876/3441876_17888337150641_500.jpg,False
2025-10,A,002025,무스탕/퍼,002,아우터,27,5579004,kiimuir,키뮤어,(우먼) 무스탕 하프코트_베이지,https://image.msscdn.net/images/goods_img/20251012/5579004/5579004_17622355961054_500.jpg,False
2025-10,A,002025,무스탕/퍼,002,아우터,28,2871598,v2,브이투,70103 VEGAN LEATHER MUSTANG_BLACK,https://image.msscdn.net/images/goods_img/20221018/2871598/2871598_3_500.jpg,False
2025-10,A,002025,무스탕/퍼,002,아우터,29,4629564,khakipoint,카키포인트,MINI MUSTANG (black),https://image.msscdn.net/images/goods_img/20241121/4629564/4629564_17321910610078_500.jpeg,False
2025-10,A,002025,무스탕/퍼,002,아우터,30,3511220,mongdol,몽돌,페이크 퍼 무스탕 자켓 브라운 MDJK025BROWN,https://image.msscdn.net/images/goods_img/20230829/3511220/3511220_17653444781083_500.jpg,False
2025-10,A,002002,레더/라이더스 재킷,002,아우터,1,1576682,doffjason,도프제이슨,오버핏 램스킨 싱글 자켓,https://image.msscdn.net/images/goods_img/20200901/1576682/1576682_6_500.jpg,False
2025-10,A,002002,레더/라이더스 재킷,002,아우터,2,2139011,ladyvolume,레이디 볼륨,465-1 비건 레더 오버핏 자켓,https://image.msscdn.net/images/goods_img/20210917/2139011/2139011_3_500.jpg,False
2025-10,A,002002,레더/라이더스 재킷,002,아우터,3,4209352,musinsastandard,무신사 스탠다드,신세틱 스웨이드 미니멀 블루종 재킷 [브라운],https://image.msscdn.net/images/goods_img/20240620/4209352/4209352_17333854866699_500.jpg,False
2025-10,A,002002,레더/라이더스 재킷,002,아우터,4,3927174,maninstore,무드인사이드,비건 스웨이드 바이커 자켓_3Color,https://image.msscdn.net/images/goods_img/20240306/3927174/3927174_17568668915223_500.jpg,False
2025-10,A,002002,레더/라이더스 재킷,002,아우터,5,3551101,blackmoment,블랙모먼트,비건 스웨이드 오버핏 미니멀 인시전 스트레이트 집업 자켓 [브라운],https://image.msscdn.net/images/goods_img/20230912/3551101/3551101_16970790961650_500.jpg,False
2025-10,A,002002,레더/라이더스 재킷,002,아우터,6,5424825,they,데이,크롭 스웨이드 바이커 자켓_BROWN,https://image.msscdn.net/images/goods_img/20250909/5424825/5424825_17905693642139_500.jpg,False
2025-10,A,002002,레더/라이더스 재킷,002,아우터,7,2140335,placestudio,플레이스 스튜디오,비건 레더 오버핏 블루종 [블랙],https://image.msscdn.net/images/goods_img/20210917/2140335/2140335_9_500.jpg,False
2025-10,A,002002,레더/라이더스 재킷,002,아우터,8,2093254,v2,브이투,465-3 VEGAN LEATHER OVERFIT JACKET_BLACK,https://image.msscdn.net/images/goods_img/20210827/2093254/2093254_1_500.jpg,False
2025-10,A,002002,레더/라이더스 재킷,002,아우터,9,1593755,partimento,파르티멘토,[비건 레더] 필드 자켓 블랙,https://image.msscdn.net/images/goods_img/20200909/1593755/1593755_1_500.jpg,False
2025-10,A,002002,레더/라이더스 재킷,002,아우터,10,4619904,musinsastandard,무신사 스탠다드,신세틱 스웨이드 워크 재킷 [라이트 브라운],https://image.msscdn.net/images/goods_img/20241118/4619904/4619904_17398677589070_500.jpg,False
2025-10,A,002002,레더/라이더스 재킷,002,아우터,11,4346922,doffjason,도프제이슨,[리뉴얼] 오버핏 풀업 스웨이드 싱글 자켓 모카,https://image.msscdn.net/images/goods_img/20240820/4346922/4346922_17249831351015_500.jpg,False
2025-10,A,002002,레더/라이더스 재킷,002,아우터,12,4347122,doffjason,도프제이슨,[리뉴얼] 풀업 스웨이드 클래식 싱글 자켓 모카,https://image.msscdn.net/images/goods_img/20240820/4347122/4347122_17253284523829_500.jpg,False
2025-10,A,002002,레더/라이더스 재킷,002,아우터,13,5151494,musinsastandardwoman,무신사 스탠다드 우먼,우먼즈 신세틱 스웨이드 카 코트 [라이트 브라운],https://image.msscdn.net/images/goods_img/20250528/5151494/5151494_17585862581831_500.jpg,False
2025-10,A,002002,레더/라이더스 재킷,002,아우터,14,4209351,musinsastandard,무신사 스탠다드,신세틱 스웨이드 미니멀 블루종 재킷 [블랙],https://image.msscdn.net/images/goods_img/20240620/4209351/4209351_17364969613372_500.jpg,False
2025-10,A,002002,레더/라이더스 재킷,002,아우터,15,1576700,doffjason,도프제이슨,오버핏 비건레더 싱글 자켓,https://image.msscdn.net/images/goods_img/20200901/1576700/1576700_17591199589640_500.jpg,False
2025-10,A,002002,레더/라이더스 재킷,002,아우터,16,3783694,drawfit,드로우핏,인시전 레더 블루종 자켓 [BLACK],https://image.msscdn.net/images/goods_img/20240109/3783694/3783694_17568603377156_500.jpg,False
2025-10,A,002002,레더/라이더스 재킷,002,아우터,17,4767935,doffjason,도프제이슨,프리미엄 베지터블 클래식 A-2 자켓 BLACK,https://image.msscdn.net/images/goods_img/20250207/4767935/4767935_17391981703822_500.jpg,False
2025-10,A,002002,레더/라이더스 재킷,002,아우터,18,4369047,frizmworks,프리즘웍스,DESTROYED COWHIDE LEATHER JACKET _ WASHED BLACK,https://image.msscdn.net/images/goods_img/20240826/4369047/4369047_17247594980414_500.jpg,False
2025-10,A,002002,레더/라이더스 재킷,002,아우터,19,4497969,doffjason,도프제이슨,프리미엄 베지터블 A-2 자켓 BLACK,https://image.msscdn.net/images/goods_img/20241008/4497969/4497969_17283728328562_500.jpg,False
2025-10,A,002002,레더/라이더스 재킷,002,아우터,20,5516713,doffjason,도프제이슨,워시드 티 코어 레더 싱글 자켓 BLACK,https://image.msscdn.net/images/goods_img/20250923/5516713/5516713_17588699762580_500.jpg,False
2025-10,A,002002,레더/라이더스 재킷,002,아우터,21,5424518,they,데이,크롭 스웨이드 카라 자켓_BROWN,https://image.msscdn.net/images/goods_img/20250909/5424518/5424518_17905697842662_500.jpg,False
2025-10,A,002002,레더/라이더스 재킷,002,아우터,22,4794421,lingseoul,링서울,over fit leather blouson jacket-black,https://image.msscdn.net/images/goods_img/20250217/4794421/4794421_17893459629967_500.jpg,False
2025-10,A,002002,레더/라이더스 재킷,002,아우터,23,5323513,doffjason,도프제이슨,풀업 스웨이드 버튼 해링턴 자켓 BLACK,https://image.msscdn.net/images/goods_img/20250814/5323513/5323513_17564522282157_500.jpg,False
2025-10,A,002002,레더/라이더스 재킷,002,아우터,24,4209353,musinsastandard,무신사 스탠다드,신세틱 스웨이드 미니멀 블루종 재킷 [더스티 카키],https://image.msscdn.net/images/goods_img/20240620/4209353/4209353_17308710753468_500.jpg,False
2025-10,A,002002,레더/라이더스 재킷,002,아우터,25,4671616,musinsastandard,무신사 스탠다드,페이디드 신세틱 레더 레이서 재킷 [블랙],https://image.msscdn.net/images/goods_img/20241218/4671616/4671616_17412433995065_500.jpg,False
2025-10,A,002002,레더/라이더스 재킷,002,아우터,26,4287889,supersub,슈퍼서브,빈티지 트랙 바이커 레더 점퍼 - 브라운,https://image.msscdn.net/images/goods_img/20240801/4287889/4287889_17394098566884_500.jpg,False
2025-10,A,002002,레더/라이더스 재킷,002,아우터,27,5205783,musinsastandard,무신사 스탠다드,신세틱 스웨이드 카코트 [브라운],https://image.msscdn.net/images/goods_img/20250625/5205783/5205783_17569525313796_500.jpg,False
2025-10,A,002002,레더/라이더스 재킷,002,아우터,28,4619959,musinsastandardwoman,무신사 스탠다드 우먼,우먼즈 신세틱 레더 오버 숄더 오버사이즈 블레이저 [블랙],https://image.msscdn.net/images/goods_img/20241118/4619959/4619959_17550675072952_500.jpg,False
2025-10,A,002002,레더/라이더스 재킷,002,아우터,29,4619902,musinsastandard,무신사 스탠다드,신세틱 스웨이드 미니멀 트러커 재킷 [라이트 브라운],https://image.msscdn.net/images/goods_img/20241118/4619902/4619902_17392630771626_500.jpg,False
2025-10,A,002002,레더/라이더스 재킷,002,아우터,30,3927181,maninstore,무드인사이드,비건 스웨이드 바이커 자켓_Black,https://image.msscdn.net/images/goods_img/20240306/3927181/3927181_17567071509011_500.jpg,False
2025-10,A,002007,겨울 싱글 코트,002,아우터,1,2700048,musinsastandardwoman,무신사 스탠다드 우먼,우먼즈 캐시미어 블렌드 발마칸 로브 코트 [블랙],https://image.msscdn.net/images/goods_img/20220805/2700048/2700048_17661148134527_500.jpg,False
2025-10,A,002007,겨울 싱글 코트,002,아우터,2,4290697,typeservice,타입서비스,Hooded Half Coat [Gray],https://image.msscdn.net/images/goods_img/20240801/4290697/4290697_17883979451202_500.jpg,False
2025-10,A,002007,겨울 싱글 코트,002,아우터,3,2098325,drawfit,드로우핏,프리미어 퓨어 캐시미어 발마칸 코트 [BLACK],https://image.msscdn.net/images/goods_img/20210830/2098325/2098325_17621500792692_500.jpg,False
2025-10,A,002007,겨울 싱글 코트,002,아우터,4,5589459,leathery,레더리,캐시미어 발마칸 로브 코트 [BLACK],https://image.msscdn.net/images/goods_img/20251014/5589459/5589459_17691509511547_500.jpg,False
2025-10,A,002007,겨울 싱글 코트,002,아우터,5,5314995,typeservice,타입서비스,Hooded Half Coat [Oatmeal],https://image.msscdn.net/images/goods_img/20250812/5314995/5314995_17883979779390_500.jpg,False
2025-10,A,002007,겨울 싱글 코트,002,아우터,6,3481219,coor,쿠어,벨란디 캐시미어 블렌드 발마칸 코트 (블랙),https://image.msscdn.net/images/goods_img/20230821/3481219/3481219_17896080593391_500.jpg,False
2025-10,A,002007,겨울 싱글 코트,002,아우터,7,2116411,musinsastandard,무신사 스탠다드,캐시미어 블렌드 오버사이즈 발마칸 코트 [블랙],https://image.msscdn.net/images/goods_img/20210908/2116411/2116411_17616270483710_500.jpg,False
2025-10,A,002007,겨울 싱글 코트,002,아우터,8,3810060,lingseoul,링서울,handmade wool trench coat-black,https://image.msscdn.net/images/goods_img/20240119/3810060/3810060_17337247076702_500.jpg,False
2025-10,A,002007,겨울 싱글 코트,002,아우터,9,5427562,mixxo,미쏘,울 블렌디드 스탠카라 하프 코트_MIWJHFV0PG,https://image.msscdn.net/images/goods_img/20250909/5427562/5427562_17897166481117_500.jpg,False
2025-10,A,002007,겨울 싱글 코트,002,아우터,10,4523070,nonblank,넌블랭크,[넌블랭크 x 삭형] 발마칸 코트_BLACK,https://image.msscdn.net/images/goods_img/20241016/4523070/4523070_17606817026627_500.png,False
2025-10,A,002007,겨울 싱글 코트,002,아우터,11,1684196,avan,어반드레스,유니섹스 프렌치 롱 가운 오버핏 코트 7 COLOR,https://image.msscdn.net/images/goods_img/20201110/1684196/1684196_16771165785098_500.jpg,False
2025-10,A,002007,겨울 싱글 코트,002,아우터,12,4209266,musinsastandard,무신사 스탠다드,울 블렌드 오버사이즈 머프 발마칸 코트 [블랙],https://image.msscdn.net/images/goods_img/20240620/4209266/4209266_17657748481924_500.jpg,False
2025-10,A,002007,겨울 싱글 코트,002,아우터,13,5444273,musinsastandardwoman,무신사 스탠다드 우먼,우먼즈 캐시미어 블렌드 핸드메이드 하프 발마칸 로브 코트 [블랙],https://image.msscdn.net/images/goods_img/20250911/5444273/5444273_17587005147986_500.jpg,False
2025-10,A,002007,겨울 싱글 코트,002,아우터,14,865862,musinsastandard,무신사 스탠다드,캐시미어 블렌드 오버사이즈 싱글 코트 [블랙],https://image.msscdn.net/images/goods_img/20180921/865862/865862_17657673085739_500.jpg,False
2025-10,A,002007,겨울 싱글 코트,002,아우터,15,2124215,musinsastandardwoman,무신사 스탠다드 우먼,우먼즈 캐시미어 블렌드 핸드메이드 발마칸 로브 코트 [헤더 브라운],https://image.msscdn.net/images/goods_img/20210910/2124215/2124215_17603423302311_500.jpg,False
2025-10,A,002007,겨울 싱글 코트,002,아우터,16,4523072,nonblank,넌블랭크,[넌블랭크 x 삭형] 발마칸 코트_MELANGE GREY,https://image.msscdn.net/images/goods_img/20241016/4523072/4523072_17606814168003_500.png,False
2025-10,A,002007,겨울 싱글 코트,002,아우터,17,5444275,musinsastandardwoman,무신사 스탠다드 우먼,우먼즈 캐시미어 블렌드 핸드메이드 하프 발마칸 로브 코트 [토프],https://image.msscdn.net/images/goods_img/20250911/5444275/5444275_17587004740023_500.jpg,False
2025-10,A,002007,겨울 싱글 코트,002,아우터,18,2124214,musinsastandardwoman,무신사 스탠다드 우먼,우먼즈 캐시미어 블렌드 핸드메이드 발마칸 로브 코트 [블랙],https://image.msscdn.net/images/goods_img/20210910/2124214/2124214_17603400988280_500.jpg,False
2025-10,A,002007,겨울 싱글 코트,002,아우터,19,5151442,musinsastandardwoman,무신사 스탠다드 우먼,우먼즈 캐시미어 블렌드 하프 발마칸 코트 [블랙],https://image.msscdn.net/images/goods_img/20250528/5151442/5151442_17587549966111_500.jpg,False
2025-10,A,002007,겨울 싱글 코트,002,아우터,20,2156295,kiimuir,키뮤어,[Drape Wool] 캐시미어블렌드 세미오버핏 발마칸 코트_블랙,https://image.msscdn.net/images/goods_img/20210930/2156295/2156295_17899664304676_500.jpg,False
2025-10,A,002007,겨울 싱글 코트,002,아우터,21,3809881,lingseoul,링서울,handmade wool trench coat-brown,https://image.msscdn.net/images/goods_img/20240119/3809881/3809881_17337248358943_500.jpg,False
2025-10,A,002007,겨울 싱글 코트,002,아우터,22,3346087,musinsastandardwoman,무신사 스탠다드 우먼,우먼즈 캐시미어 블렌드 발마칸 로브 코트 [토프],https://image.msscdn.net/images/goods_img/20230605/3346087/3346087_17675824043796_500.jpg,False
2025-10,A,002007,겨울 싱글 코트,002,아우터,23,4213377,musinsastandardwoman,무신사 스탠다드 우먼,우먼즈 캐시미어 블렌드 핸드메이드 쇼트 맥 코트 [오트밀],https://image.msscdn.net/images/goods_img/20240621/4213377/4213377_17262132806625_500.jpg,False
2025-10,A,002007,겨울 싱글 코트,002,아우터,24,655610,drawfit,드로우핏,프리미어 퓨어 캐시미어 히든 싱글 코트 [BLACK],https://image.msscdn.net/images/goods_img/20171019/655610/655610_17621505186202_500.jpg,False
2025-10,A,002007,겨울 싱글 코트,002,아우터,25,2782764,beslow,비슬로우,OVERSIZED CASHMERE BALMACAAN COAT BLACK,https://image.msscdn.net/images/goods_img/20220908/2782764/2782764_17272251996978_500.jpg,False
2025-10,A,002007,겨울 싱글 코트,002,아우터,26,3809977,lingseoul,링서울,handmade wool trench coat-oatmeal,https://image.msscdn.net/images/goods_img/20240119/3809977/3809977_17337251882627_500.jpg,False
2025-10,A,002007,겨울 싱글 코트,002,아우터,27,4209289,musinsastandard,무신사 스탠다드,캐시미어 블렌드 오버사이즈 미니멀 발마칸 코트 [블랙],https://image.msscdn.net/images/goods_img/20240620/4209289/4209289_17297471108137_500.jpg,False
2025-10,A,002007,겨울 싱글 코트,002,아우터,28,4213375,musinsastandardwoman,무신사 스탠다드 우먼,우먼즈 캐시미어 블렌드 핸드메이드 쇼트 맥 코트 [블랙],https://image.msscdn.net/images/goods_img/20240621/4213375/4213375_17262132621879_500.jpg,False
2025-10,A,002007,겨울 싱글 코트,002,아우터,29,2700049,musinsastandardwoman,무신사 스탠다드 우먼,우먼즈 캐시미어 블렌드 발마칸 로브 코트 [미디엄 그레이],https://image.msscdn.net/images/goods_img/20220805/2700049/2700049_17358857683569_500.jpg,False
2025-10,A,002007,겨울 싱글 코트,002,아우터,30,4499477,kiimuir,키뮤어,[Drape Wool] 캐시미어블렌드 소프트오버핏 발마칸 로브코트_블랙,https://image.msscdn.net/images/goods_img/20241008/4499477/4499477_17900657231479_500.jpg,False
2025-10,A,002024,겨울 더블 코트,002,아우터,1,5315802,hugyourskin,허그유어스킨,후드 하프 코트 (차콜),https://image.msscdn.net/images/goods_img/20250812/5315802/5315802_17901502512763_500.jpg,False
2025-10,A,002024,겨울 더블 코트,002,아우터,2,5515190,misekiseoul,미세키서울,Hoodie double button coat CHARCOAL,https://image.msscdn.net/images/goods_img/20250923/5515190/5515190_17904146919467_500.jpg,False
2025-10,A,002024,겨울 더블 코트,002,아우터,3,5315799,hugyourskin,허그유어스킨,후드 하프 코트 (블랙),https://image.msscdn.net/images/goods_img/20250812/5315799/5315799_17901493074628_500.jpg,False
2025-10,A,002024,겨울 더블 코트,002,아우터,4,885715,drawfit,드로우핏,프리미어 퓨어 캐시미어 로브 더블 코트 [BLACK],https://image.msscdn.net/images/goods_img/20181019/885715/885715_17588736968691_500.jpg,False
2025-10,A,002024,겨울 더블 코트,002,아우터,5,1618207,musinsastandard,무신사 스탠다드,캐시미어 블렌드 대디 숄더 더블 롱 코트 [블랙],https://image.msscdn.net/images/goods_img/20200923/1618207/1618207_17659591931858_500.jpg,False
2025-10,A,002024,겨울 더블 코트,002,아우터,6,4598301,treemingbird,트리밍버드,Handmade) Wide Long Coat [ Khaki Gray ],https://image.msscdn.net/images/goods_img/20241108/4598301/4598301_17670747375728_500.jpg,False
2025-10,A,002024,겨울 더블 코트,002,아우터,7,4475734,lmood,엘무드,발렌티누스 더블 코트 그레이 스트라이프,https://image.msscdn.net/images/goods_img/20240930/4475734/4475734_17604269233502_500.png,False
2025-10,A,002024,겨울 더블 코트,002,아우터,8,4500661,alyss,알리스,[WOOL 90] 오블리크 울 더블 코트 [블랙],https://image.msscdn.net/images/goods_img/20241010/4500661/4500661_17301633718778_500.jpg,False
2025-10,A,002024,겨울 더블 코트,002,아우터,9,5515207,misekiseoul,미세키서울,Hoodie double button coat GREY,https://image.msscdn.net/images/goods_img/20250923/5515207/5515207_17601724031288_500.jpg,False
2025-10,A,002024,겨울 더블 코트,002,아우터,10,1611799,musinsastandardwoman,무신사 스탠다드 우먼,우먼즈 캐시미어 블렌드 더블 체스터 롱 코트 [블랙],https://image.msscdn.net/images/goods_img/20200918/1611799/1611799_16998418525655_500.jpg,False
2025-10,A,002024,겨울 더블 코트,002,아우터,11,1635199,musinsastandard,무신사 스탠다드,캐시미어 20 오버사이즈 더블 코트 [블랙],https://image.msscdn.net/images/goods_img/20201006/1635199/1635199_17137722539173_500.jpg,False
2025-10,A,002024,겨울 더블 코트,002,아우터,12,2217531,avan,어반드레스,125CM 슈퍼 롱 오버핏 더블 코트,https://image.msscdn.net/images/goods_img/20211104/2217531/2217531_16722043899054_500.jpg,False
2025-10,A,002024,겨울 더블 코트,002,아우터,13,2992131,jilsander,질 샌더,카라리스 더블 코트 - 블랙 / J02AA0010J35002001,https://image.msscdn.net/images/goods_img/20221221/2992131/2992131_16747842259833_500.jpg,False
2025-10,A,002024,겨울 더블 코트,002,아우터,14,1115974,insilence,인사일런스,캐시미어 더블 롱 코트 BLACK,https://image.msscdn.net/images/goods_img/20190812/1115974/1115974_17586915131267_500.jpg,False
2025-10,A,002024,겨울 더블 코트,002,아우터,15,3405568,musinsastandardwoman,무신사 스탠다드 우먼,우먼즈 캐시미어 블렌드 트렌치 코트 [블랙],https://image.msscdn.net/images/goods_img/20230712/3405568/3405568_17358860312105_500.jpg,False
2025-10,A,002024,겨울 더블 코트,002,아우터,16,4461075,costumeoclock,커스텀어클락,울 블렌드 핸드 메이드 더블 코트 블랙 COOSCT025BLACK,https://image.msscdn.net/images/goods_img/20240925/4461075/4461075_17871987097403_500.jpg,False
2025-10,A,002024,겨울 더블 코트,002,아우터,17,5515102,misekiseoul,미세키서울,Double button long coat BLACK,https://image.msscdn.net/images/goods_img/20250923/5515102/5515102_17609231743295_500.jpg,False
2025-10,A,002024,겨울 더블 코트,002,아우터,18,4523065,nonblank,넌블랭크,[넌블랭크 x 삭형] 더블 브레스티드 코트_BLACK,https://image.msscdn.net/images/goods_img/20241016/4523065/4523065_17606819589347_500.png,False
2025-10,A,002024,겨울 더블 코트,002,아우터,19,879625,musinsastandard,무신사 스탠다드,캐시미어 블렌드 오버사이즈 더블 코트 [블랙],https://image.msscdn.net/images/goods_img/20181012/879625/879625_16941406333404_500.jpg,False
2025-10,A,002024,겨울 더블 코트,002,아우터,20,5151480,musinsastandardwoman,무신사 스탠다드 우먼,우먼즈 캐시미어 블렌드 신치드 더블 롱 코트 [블랙],https://image.msscdn.net/images/goods_img/20250528/5151480/5151480_17603427932705_500.jpg,False
2025-10,A,002024,겨울 더블 코트,002,아우터,21,3405537,musinsastandard,무신사 스탠다드,울 블렌드 빅 대디 더블 맥시 코트 [블랙],https://image.msscdn.net/images/goods_img/20230712/3405537/3405537_17364970341314_500.jpg,False
2025-10,A,002024,겨울 더블 코트,002,아우터,22,4412855,ilcorso,일꼬르소,[캐시미어 블렌드] 대디 피크드 더블 코트 블랙 IECO4F002BK,https://image.msscdn.net/images/goods_img/20240905/4412855/4412855_17659511474920_500.jpg,False
2025-10,A,002024,겨울 더블 코트,002,아우터,23,5151440,musinsastandardwoman,무신사 스탠다드 우먼,우먼즈 울 블렌드 오버 숄더 더블 하프 코트 [블랙],https://image.msscdn.net/images/goods_img/20250528/5151440/5151440_17586929114642_500.jpg,False
2025-10,A,002024,겨울 더블 코트,002,아우터,24,2085823,drawfit,드로우핏,프리미어 퓨어 캐시미어 로브 더블 코트 [CHESTNUT BROWN],https://image.msscdn.net/images/goods_img/20210825/2085823/2085823_17588739997509_500.jpg,False
2025-10,A,002024,겨울 더블 코트,002,아우터,25,4512999,lmood,엘무드,그레이웨일 더블 코트 FELTRO 블랙,https://image.msscdn.net/images/goods_img/20241014/4512999/4512999_17645601264932_500.png,False
2025-10,A,002024,겨울 더블 코트,002,아우터,26,668822,coor,쿠어,MTR 오버핏 더블 롱 코트 (블랙),https://image.msscdn.net/images/goods_img/20171110/668822/668822_17271832549450_500.jpg,False
2025-10,A,002024,겨울 더블 코트,002,아우터,27,4512998,lmood,엘무드,그레이웨일 더블 코트 카키,https://image.msscdn.net/images/goods_img/20241014/4512998/4512998_17645601804819_500.png,False
2025-10,A,002024,겨울 더블 코트,002,아우터,28,5493519,belier,벨리에,버티컬 더블 코트 - 솔리드 블랙,https://image.msscdn.net/images/goods_img/20250919/5493519/5493519_17592096119654_500.jpg,False
2025-10,A,002024,겨울 더블 코트,002,아우터,29,2991563,ami,아미,더블 페이스 코트 - 블랙 / UCO002251001,https://image.msscdn.net/images/goods_img/20221221/2991563/2991563_16741008287270_500.jpg,False
2025-10,A,002024,겨울 더블 코트,002,아우터,30,4209277,musinsastandard,무신사 스탠다드,울 블렌드 대디 숄더 롱 폴로 코트 [블랙],https://image.msscdn.net/images/goods_img/20240620/4209277/4209277_17297469060524_500.jpg,False
2025-10,A,002009,겨울 기타 코트,002,아우터,1,5151452,musinsastandardwoman,무신사 스탠다드 우먼,우먼즈 울 블렌드 쇼트 더플 코트 [네이비],https://image.msscdn.net/images/goods_img/20250528/5151452/5151452_17569690846557_500.jpg,False
2025-10,A,002009,겨울 기타 코트,002,아우터,2,2863075,trillion,트릴리온,유니섹스 발마칸 더플 숏 코트 (BLACK),https://image.msscdn.net/images/goods_img/20221014/2863075/2863075_1_500.jpg,False
2025-10,A,002009,겨울 기타 코트,002,아우터,3,2238440,partimento,파르티멘토,오버사이즈 멜톤 더플 롱 코트 네이비,https://image.msscdn.net/images/goods_img/20211117/2238440/2238440_1_500.jpg,False
2025-10,A,002009,겨울 기타 코트,002,아우터,4,4351669,misekiseoul,미세키서울,Duffle hoodie short coat CHARCOAL,https://image.msscdn.net/images/goods_img/20240821/4351669/4351669_17582644885283_500.jpg,False
2025-10,A,002009,겨울 기타 코트,002,아우터,5,5151453,musinsastandardwoman,무신사 스탠다드 우먼,우먼즈 울 블렌드 쇼트 더플 코트 [미디엄 그레이],https://image.msscdn.net/images/goods_img/20250528/5151453/5151453_17568695311493_500.jpg,False
2025-10,A,002009,겨울 기타 코트,002,아우터,6,5588777,nonblank,넌블랭크,[넌블랭크 x 삭형] 발마칸 코트_MELANGE TAUPE,https://image.msscdn.net/images/goods_img/20251014/5588777/5588777_17606799374810_500.png,False
2025-10,A,002009,겨울 기타 코트,002,아우터,7,5589488,leathery,레더리,캐시미어 멜톤 더플 후디 숏 코트 [GREY],https://image.msscdn.net/images/goods_img/20251014/5589488/5589488_17691509210963_500.jpg,False
2025-10,A,002009,겨울 기타 코트,002,아우터,8,3512902,typeservice,타입서비스,Hooded Half Coat [Charcoal],https://image.msscdn.net/images/goods_img/20230830/3512902/3512902_17883978690900_500.jpg,False
2025-10,A,002009,겨울 기타 코트,002,아우터,9,2830320,dunstforwomen,던스트,UNISEX BELTED CASHMERE MAC COAT_UDCO5D123_BLACK,https://image.msscdn.net/images/goods_img/20220929/2830320/2830320_17587646363122_500.jpg,False
2025-10,A,002009,겨울 기타 코트,002,아우터,10,3405552,musinsastandard,무신사 스탠다드,울 블렌드 오버사이즈 더플 코트 [네이비],https://image.msscdn.net/images/goods_img/20230712/3405552/3405552_17364971561413_500.jpg,False
2025-10,A,002009,겨울 기타 코트,002,아우터,11,5151449,musinsastandardwoman,무신사 스탠다드 우먼,우먼즈 울 블렌드 부클 하프 더플 코트 [네이비],https://image.msscdn.net/images/goods_img/20250528/5151449/5151449_17592992130388_500.jpg,False
2025-10,A,002009,겨울 기타 코트,002,아우터,12,4407566,lemainsecond,리메인세컨드,울 블렌드 오버핏 발마칸 코트 [블랙],https://image.msscdn.net/images/goods_img/20240905/4407566/4407566_17609349341809_500.jpg,False
2025-10,A,002009,겨울 기타 코트,002,아우터,13,5151450,musinsastandardwoman,무신사 스탠다드 우먼,우먼즈 울 블렌드 오버사이즈 더플 코트 [네이비],https://image.msscdn.net/images/goods_img/20250528/5151450/5151450_17585916128712_500.jpg,False
2025-10,A,002009,겨울 기타 코트,002,아우터,14,5151454,musinsastandardwoman,무신사 스탠다드 우먼,우먼즈 울 블렌드 쇼트 더플 코트 [블랙],https://image.msscdn.net/images/goods_img/20250528/5151454/5151454_17568695986044_500.jpg,False
2025-10,A,002009,겨울 기타 코트,002,아우터,15,4351348,misekiseoul,미세키서울,Hoodie long duffle Coat CHARCOAL,https://image.msscdn.net/images/goods_img/20240821/4351348/4351348_17621492767638_500.jpg,False
2025-10,A,002009,겨울 기타 코트,002,아우터,16,5515748,coor,쿠어,캐시미어 블렌드 발마칸 코트 (다크소일그레이),https://image.msscdn.net/images/goods_img/20250923/5515748/5515748_17586129600858_500.png,False
2025-10,A,002009,겨울 기타 코트,002,아우터,17,5444279,musinsastandardwoman,무신사 스탠다드 우먼,우먼즈 캐시미어 블랜드 핸드메이드 집업 재킷 [다크 브라운],https://image.msscdn.net/images/goods_img/20250911/5444279/5444279_17586982683753_500.jpg,False
2025-10,A,002009,겨울 기타 코트,002,아우터,18,5151457,musinsastandardwoman,무신사 스탠다드 우먼,우먼즈 알파카 블렌드 체크 쇼트 더플 코트 [머스타드],https://image.msscdn.net/images/goods_img/20250528/5151457/5151457_17618099686898_500.jpg,False
2025-10,A,002009,겨울 기타 코트,002,아우터,19,2866837,goodlifeworks,굿라이프웍스,오버핏 더플 코트 네이비,https://image.msscdn.net/images/goods_img/20221017/2866837/2866837_2_500.jpg,False
2025-10,A,002009,겨울 기타 코트,002,아우터,20,5556582,fad,에프에이디,헤링본 숏 코트(브라운),https://image.msscdn.net/images/goods_img/20251001/5556582/5556582_17592492167331_500.jpg,False
2025-10,A,002009,겨울 기타 코트,002,아우터,21,5444276,musinsastandardwoman,무신사 스탠다드 우먼,우먼즈 캐시미어 블랜드 핸드메이드 집업 재킷 [블랙],https://image.msscdn.net/images/goods_img/20250911/5444276/5444276_17586983850406_500.jpg,False
2025-10,A,002009,겨울 기타 코트,002,아우터,22,2594255,decoroso,데꼬로소,마엘 로브 롱 코트 [블랙],https://image.msscdn.net/images/goods_img/20220531/2594255/2594255_17593717886496_500.jpg,False
2025-10,A,002009,겨울 기타 코트,002,아우터,23,5515325,coor,쿠어,리버서블 페이크 시어링 코트 (다크브라운),https://image.msscdn.net/images/goods_img/20250923/5515325/5515325_17586108140675_500.png,False
2025-10,A,002009,겨울 기타 코트,002,아우터,24,4493144,dunstforwomen,던스트,UNISEX BELTED CASHMERE MAC COAT_UDCO5D123_MELANGE GREY,https://image.msscdn.net/images/goods_img/20241007/4493144/4493144_17587646459854_500.jpg,False
2025-10,A,002009,겨울 기타 코트,002,아우터,25,3588784,dunstforwomen,던스트,UNISEX TAILORED DOUBLE-BREASTED CASHMERE COAT_UDCO5D125_BLACK,https://image.msscdn.net/images/goods_img/20230922/3588784/3588784_17587646688824_500.jpg,False
2025-10,A,002009,겨울 기타 코트,002,아우터,26,2863073,trillion,트릴리온,유니섹스 발마칸 더플 숏 코트 (BROWN),https://image.msscdn.net/images/goods_img/20221014/2863073/2863073_1_500.jpg,False
2025-10,A,002009,겨울 기타 코트,002,아우터,27,5151455,musinsastandardwoman,무신사 스탠다드 우먼,우먼즈 울 블렌드 헤어리 오버 숄더 블레이저 코트 [크림],https://image.msscdn.net/images/goods_img/20250528/5151455/5151455_17610140639932_500.jpg,False
2025-10,A,002009,겨울 기타 코트,002,아우터,28,5151451,musinsastandardwoman,무신사 스탠다드 우먼,우먼즈 울 블렌드 오버사이즈 더플 코트 [토프],https://image.msscdn.net/images/goods_img/20250528/5151451/5151451_17585916269138_500.jpg,False
2025-10,A,002009,겨울 기타 코트,002,아우터,29,5444278,musinsastandardwoman,무신사 스탠다드 우먼,우먼즈 캐시미어 블랜드 핸드메이드 집업 재킷 [오트밀],https://image.msscdn.net/images/goods_img/20250911/5444278/5444278_17586983113304_500.jpg,False
2025-10,A,002009,겨울 기타 코트,002,아우터,30,5151447,musinsastandardwoman,무신사 스탠다드 우먼,우먼즈 울 블렌드 부클 하프 더플 코트 [라이트 베이지],https://image.msscdn.net/images/goods_img/20250528/5151447/5151447_17592992269575_500.jpg,False
2025-10,A,002020,카디건,002,아우터,1,3650861,matinkim,마뗑킴,SPELL POINT STRIPE KNIT CARDIGAN IN BLACK,https://image.msscdn.net/images/goods_img/20231023/3650861/3650861_17582530640437_500.jpg,False
2025-10,A,002020,카디건,002,아우터,2,3440440,costumeoclock,커스텀어클락,[2PACK] 소프트 베이직 가디건 COOSCD001CD020CD021,https://image.msscdn.net/images/goods_img/20230801/3440440/3440440_17585191785388_500.jpg,False
2025-10,A,002020,카디건,002,아우터,3,4403731,frenchchic,프렌치시크,코스에그 자수 투웨이 니트집업 가디건,https://image.msscdn.net/images/prd_img/20240904/4403731/detail_4403731_17388925781886_500.jpg,False
2025-10,A,002020,카디건,002,아우터,4,5393988,excontainer,엑스컨테이너,미니멀 버튼 라운드넥 가디건 (7 COLOR),https://image.msscdn.net/images/goods_img/20250903/5393988/5393988_17587631597381_500.jpg,False
2025-10,A,002020,카디건,002,아우터,5,3881570,millo,밀로 아카이브,크롭 무브 가디건 [레드],https://image.msscdn.net/images/goods_img/20240219/3881570/3881570_17084242695126_500.jpg,False
2025-10,A,002020,카디건,002,아우터,6,3981315,millo,밀로 아카이브,크롭 무브 가디건 [블랙],https://image.msscdn.net/images/goods_img/20240322/3981315/3981315_17110720298305_500.jpg,False
2025-10,A,002020,카디건,002,아우터,7,4752550,untapped,언탭트 스튜디오,오버핏 케이블 라운드 니트 가디건 4Color,https://image.msscdn.net/images/goods_img/20250203/4752550/4752550_17385831445336_500.jpg,False
2025-10,A,002020,카디건,002,아우터,8,4947266,nodu,노드유,노즈 골지 라운드 소프트 가디건 [2color],https://image.msscdn.net/images/goods_img/20250326/4947266/4947266_17634487222224_500.jpg,False
2025-10,A,002020,카디건,002,아우터,9,4785350,ami,아미,레드 하트로고 메리노 울 가디건 - 블랙 / BFHKC111KN0025001,https://image.msscdn.net/images/goods_img/20250213/4785350/4785350_17400130474256_500.jpg,False
2025-10,A,002020,카디건,002,아우터,10,5437995,nmx,언더오프,세미 오버 크롭핏 라운드 가디건 다크그레이,https://image.msscdn.net/images/goods_img/20250910/5437995/5437995_17574914279504_500.jpg,False
2025-10,A,002020,카디건,002,아우터,11,4762551,generalideastandard,제너럴아이디어,에센셜 가디건 2TYPE [SET],https://image.msscdn.net/images/goods_img/20250206/4762551/4762551_17678611211161_500.jpg,False
2025-10,A,002020,카디건,002,아우터,12,4386012,suarewomen,수아레 우먼,[보라끌레르X수아레](우먼)캐시미어 100 라운드 가디건 - 9 COLOR,https://image.msscdn.net/images/goods_img/20240829/4386012/4386012_17572925124747_500.jpg,False
2025-10,A,002020,카디건,002,아우터,13,4419822,millo,밀로 아카이브,크롭 무브 가디건 [차콜],https://image.msscdn.net/images/goods_img/20240909/4419822/4419822_17259530199997_500.jpg,False
2025-10,A,002020,카디건,002,아우터,14,4419823,millo,밀로 아카이브,크롭 무브 가디건 [네이비],https://image.msscdn.net/images/goods_img/20240909/4419823/4419823_17259531168323_500.jpg,False
2025-10,A,002020,카디건,002,아우터,15,5319127,rolarola,로라로라,ONE OFF SHOULDER STRIPE WOOL BLENDED CARDIGAN BLACK,https://image.msscdn.net/images/goods_img/20250813/5319127/5319127_17567737605497_500.jpg,False
2025-10,A,002020,카디건,002,아우터,16,3697580,compagno,꼼파뇨,[2-WAY] 커브드 블록 니트 집업 블랙,https://image.msscdn.net/images/goods_img/20231108/3697580/3697580_17047815740073_500.jpg,False
2025-10,A,002020,카디건,002,아우터,17,3650860,matinkim,마뗑킴,SPELL POINT STRIPE KNIT CARDIGAN IN IVORY,https://image.msscdn.net/images/goods_img/20231023/3650860/3650860_17582531018308_500.jpg,False
2025-10,A,002020,카디건,002,아우터,18,1608372,espionage,에스피오나지,Miller Heavyweight Cardigan Dust,https://image.msscdn.net/images/goods_img/20200917/1608372/1608372_17875619588098_500.jpg,False
2025-10,A,002020,카디건,002,아우터,19,5290721,drawfit,드로우핏,울 헤어리 노르딕 라운드 가디건 [M.CHARCOAL],https://image.msscdn.net/images/goods_img/20250804/5290721/5290721_17567148277479_500.jpg,False
2025-10,A,002020,카디건,002,아우터,20,2172006,espionage,에스피오나지,Miller Heavyweight Cardigan Navy,https://image.msscdn.net/images/goods_img/20211012/2172006/2172006_17875615016761_500.jpg,False
2025-10,A,002020,카디건,002,아우터,21,4346438,leathery,레더리,레글런 트랙 니트 집업 [5COLOR],https://image.msscdn.net/images/goods_img/20240820/4346438/4346438_17633573397137_500.jpg,False
2025-10,A,002020,카디건,002,아우터,22,4780574,ami,아미,빅하트 인타르시아 로고 울 가디건 - 블랙 / BFUKC006018009,https://image.msscdn.net/images/goods_img/20250212/4780574/4780574_17495176104886_500.jpg,False
2025-10,A,002020,카디건,002,아우터,23,5307563,knitted,니티드,[니티드X패션플래닛] 코튼 와플 라운드 가디건 BLACK,https://image.msscdn.net/images/goods_img/20250811/5307563/5307563_17593849290316_500.jpg,False
2025-10,A,002020,카디건,002,아우터,24,2731598,musinsastandardwoman,무신사 스탠다드 우먼,우먼즈 램스울 가디건 [미디엄 그레이],https://image.msscdn.net/images/goods_img/20220822/2731598/2731598_17625000865738_500.jpg,False
2025-10,A,002020,카디건,002,아우터,25,4959964,veryvain,베리베인,BREATHABLE ROUND CARDIGAN (BLACK),https://image.msscdn.net/images/goods_img/20250328/4959964/4959964_17431474849237_500.jpg,False
2025-10,A,002020,카디건,002,아우터,26,5324252,alyss,알리스,헤어리 스트라이프 크롭 니트 가디건 [브라운],https://image.msscdn.net/images/goods_img/20250814/5324252/5324252_17556578977022_500.jpg,False
2025-10,A,002020,카디건,002,아우터,27,5321103,suarewomen,수아레 우먼,[보라끌레르X수아레](우먼)캐시미어 100 케이블 라운드 가디건 - 8 COLOR,https://image.msscdn.net/images/goods_img/20250813/5321103/5321103_17569716124962_500.jpg,False
2025-10,A,002020,카디건,002,아우터,28,5301310,seez,시즈,[데일리룸 X 시즈] 아카이브 코튼 크롭 니트 가디건 [ 8 COLOR ],https://image.msscdn.net/images/goods_img/20250807/5301310/5301310_17560981792024_500.jpg,False
2025-10,A,002020,카디건,002,아우터,29,5308630,knitted,니티드,[니티드X패션플래닛] 코튼 와플 라운드 가디건 NAVY,https://image.msscdn.net/images/goods_img/20250811/5308630/5308630_17593848997132_500.jpg,False
2025-10,A,002020,카디건,002,아우터,30,5424776,millo,밀로 아카이브,크롭 무브 가디건 [인디고 블루],https://image.msscdn.net/images/goods_img/20250909/5424776/5424776_17573868171938_500.jpg,False
2025-10,A,002022,후드 집업,002,아우터,1,3783092,dimitriblack,디미트리블랙,[기모선택] ASI 포시즌 에센셜 피그먼트 후드집업_차콜 그레이,https://image.msscdn.net/images/goods_img/20240109/3783092/3783092_17708794030062_500.jpg,False
2025-10,A,002022,후드 집업,002,아우터,2,1778404,toffee,토피,2WAY 스웻 후드 집업 (MELANGE GREY),https://image.msscdn.net/images/goods_img/20210204/1778404/1778404_1_500.jpg,False
2025-10,A,002022,후드 집업,002,아우터,3,5329359,adidas,아디다스,후드 집업 - 블랙:크림화이트 / KC9315,https://image.msscdn.net/images/goods_img/20250818/5329359/5329359_17569461399483_500.jpg,False
2025-10,A,002022,후드 집업,002,아우터,4,3697526,compagno,꼼파뇨,[2-WAY] 슬리브 스타 피그먼트 후드 집업 스모크블랙,https://image.msscdn.net/images/goods_img/20231108/3697526/3697526_17002041370481_500.jpg,False
2025-10,A,002022,후드 집업,002,아우터,5,3783094,dimitriblack,디미트리블랙,[기모선택] ASI 포시즌 에센셜 스웻 후드집업_멜란지,https://image.msscdn.net/images/goods_img/20240109/3783094/3783094_17752015012983_500.jpg,False
2025-10,A,002022,후드 집업,002,아우터,6,5329361,adidas,아디다스,후드 집업 - 그레이:블랙 / KC9317,https://image.msscdn.net/images/goods_img/20250818/5329361/5329361_17569461783112_500.jpg,False
2025-10,A,002022,후드 집업,002,아우터,7,3651031,illigo,일리고,129 로고 패치 후드 집업 블랙,https://image.msscdn.net/images/goods_img/20231023/3651031/3651031_17706941887137_500.jpg,False
2025-10,A,002022,후드 집업,002,아우터,8,5231584,anotherarchive,어나더 아카이브,2WAY 그래피티 후드 집업_블랙,https://image.msscdn.net/images/goods_img/20250708/5231584/5231584_17558399946788_500.jpg,False
2025-10,A,002022,후드 집업,002,아우터,9,3788815,amesworldwide,아메스 월드와이드,BASIC LOGO HOODIE ZIP UP NAVY,https://image.msscdn.net/images/goods_img/20240111/3788815/3788815_17893582036516_500.jpg,False
2025-10,A,002022,후드 집업,002,아우터,10,1778408,toffee,토피,2WAY 스웻 후드 집업 (BLACK),https://image.msscdn.net/images/goods_img/20210204/1778408/1778408_17168650383792_500.jpg,False
2025-10,A,002022,후드 집업,002,아우터,11,4508986,moo,엠오오,레오파드 아플리케 후드집업 - 브라운,https://image.msscdn.net/images/goods_img/20241011/4508986/4508986_17286292097229_500.jpg,False
2025-10,A,002022,후드 집업,002,아우터,12,4808075,lowclassic,로우클래식,LOW SOFT SWEAT ZIP-UP HOODIE_CHARCOAL_LC253TS12CC,https://image.msscdn.net/images/goods_img/20250220/4808075/4808075_17720778823866_500.jpg,False
2025-10,A,002022,후드 집업,002,아우터,13,5264797,untitledseoul,언타이틀 서울,언타이틀 스테리나잇 스트라이프 후드집업 블랙,https://image.msscdn.net/images/goods_img/20250722/5264797/5264797_17689759273536_500.jpg,False
2025-10,A,002022,후드 집업,002,아우터,14,4288927,dimitriblack,디미트리블랙,[기모선택] ASI 포시즌 에센셜 스웻 후드집업_블랙,https://image.msscdn.net/images/goods_img/20240801/4288927/4288927_17751949366972_500.jpg,False
2025-10,A,002022,후드 집업,002,아우터,15,2990542,1989standard,1989스탠다드,SMALL CENTER 후드집업 (STJSTD-0015),https://image.msscdn.net/images/goods_img/20221220/2990542/2990542_17869526004117_500.jpg,False
2025-10,A,002022,후드 집업,002,아우터,16,5231576,anotherarchive,어나더 아카이브,2WAY 그래피티 후드 집업_그레이,https://image.msscdn.net/images/goods_img/20250708/5231576/5231576_17558400104114_500.jpg,False
2025-10,A,002022,후드 집업,002,아우터,17,2122596,fp142muji,페플,유스풀 벌룬 후드집업 그레이 SJHD1327,https://image.msscdn.net/images/goods_img/20210910/2122596/2122596_17182428329624_500.jpg,False
2025-10,A,002022,후드 집업,002,아우터,18,5329362,adidas,아디다스,후드 집업 - 로얄블루:화이트 / KC9318,https://image.msscdn.net/images/goods_img/20250818/5329362/5329362_17569462382750_500.jpg,False
2025-10,A,002022,후드 집업,002,아우터,19,2122594,fp142muji,페플,유스풀 벌룬 후드집업 네이비 SJHD1327,https://image.msscdn.net/images/goods_img/20210910/2122594/2122594_17165380553188_500.jpg,False
2025-10,A,002022,후드 집업,002,아우터,20,2122590,fp142muji,페플,유스풀 벌룬 후드집업 블랙 SJHD1327,https://image.msscdn.net/images/goods_img/20210910/2122590/2122590_17165381555529_500.jpg,False
2025-10,A,002022,후드 집업,002,아우터,21,4272899,lemainsecond,리메인세컨드,2WAY 오버핏 스웨트 후드 집업 [그레이],https://image.msscdn.net/images/goods_img/20240725/4272899/4272899_17593684983163_500.jpg,False
2025-10,A,002022,후드 집업,002,아우터,22,2273084,whoau,후아유,(기모ver.)Signature Patch Hood Zip-up / WHMZF4911U,https://image.msscdn.net/images/goods_img/20211220/2273084/2273084_17896007309503_500.jpg,False
2025-10,A,002022,후드 집업,002,아우터,23,4757563,wackywilly,와키윌리,그래픽 키키 와펜 후드집업 블랙,https://image.msscdn.net/images/goods_img/20250204/4757563/4757563_17393532191098_500.jpg,False
2025-10,A,002022,후드 집업,002,아우터,24,5513850,yeezy,이지,HD-10,https://image.msscdn.net/images/goods_img/20250923/5513850/5513850_17586061995065_500.jpg,False
2025-10,A,002022,후드 집업,002,아우터,25,5385272,thedreamer,더 드리머,중량담요 후드집업 블랙,https://image.msscdn.net/images/goods_img/20250901/5385272/5385272_17574869270347_500.jpg,False
2025-10,A,002022,후드 집업,002,아우터,26,5276036,trillion,트릴리온,빈티지 워싱 데님 워크 후드 집업_옐로우 블랙,https://image.msscdn.net/images/goods_img/20250728/5276036/5276036_17545484459388_500.jpg,False
2025-10,A,002022,후드 집업,002,아우터,27,1642914,musinsastandard,무신사 스탠다드,헤비웨이트 오버사이즈 후디드 스웨트 집업 [블랙],https://image.msscdn.net/images/goods_img/20201012/1642914/1642914_17526403710213_500.jpg,False
2025-10,A,002022,후드 집업,002,아우터,28,4796679,dimitriblack,디미트리블랙,2WAY OG 에센셜 디트로이트 후드 집업_데님 더스트 인디고,https://image.msscdn.net/images/goods_img/20250217/4796679/4796679_17628359047962_500.jpg,False
2025-10,A,002022,후드 집업,002,아우터,29,2705775,musinsastandard,무신사 스탠다드,엑스트라 오버사이즈 후디드 스웨트 집업 [미디엄 그레이],https://image.msscdn.net/images/goods_img/20220809/2705775/2705775_17026287166490_500.jpg,False
2025-10,A,002022,후드 집업,002,아우터,30,947088,musinsastandard,무신사 스탠다드,후디드 스웨트 집업 [멜란지 그레이],https://image.msscdn.net/images/goods_img/20190201/947088/947088_17217964884017_500.jpg,False
2025-10,A,002016,패딩 베스트,002,아우터,1,5214304,spao,스파오,베이직 패쪼_SPJVF4TC11,https://image.msscdn.net/images/goods_img/20250630/5214304/5214304_17621323718971_500.png,False
2025-10,A,002016,패딩 베스트,002,아우터,2,4477216,matinkim,마뗑킴,BIG LOGO POINT DOWN VEST FOR WOMEN IN SILVER,https://image.msscdn.net/images/goods_img/20240930/4477216/4477216_17276796801882_500.jpg,False
2025-10,A,002016,패딩 베스트,002,아우터,3,5373158,thenorthface,노스페이스,NV3NR53A 남성 퍼피 온 EX 베스트 BLACK,https://image.msscdn.net/images/goods_img/20250828/5373158/5373158_17715559684144_500.jpg,False
2025-10,A,002016,패딩 베스트,002,아우터,4,2682109,musinsastandardsp,무신사 스탠다드 스포츠,[시티러닝]하이브리드 패딩 베스트,https://image.msscdn.net/images/goods_img/20220726/2682109/2682109_17895238742490_500.jpg,False
2025-10,A,002016,패딩 베스트,002,아우터,5,4297636,musinsastandard,무신사 스탠다드,데일리 푸퍼 패딩 베스트 [블랙],https://image.msscdn.net/images/goods_img/20240805/4297636/4297636_17649029228262_500.jpg,False
2025-10,A,002016,패딩 베스트,002,아우터,6,5357339,thenorthface,노스페이스,NV3NR50B 눕시 온볼 베스트 REAL BLACK,https://image.msscdn.net/images/goods_img/20250825/5357339/5357339_17560868459904_500.jpg,False
2025-10,A,002016,패딩 베스트,002,아우터,7,4410189,lemainsecond,리메인세컨드,2WAY 오버핏 볼륨 웰론 푸퍼 패딩 베스트 [블랙],https://image.msscdn.net/images/goods_img/20240905/4410189/4410189_17611098548841_500.jpg,False
2025-10,A,002016,패딩 베스트,002,아우터,8,1645209,saintpain,세인트페인,[리뉴얼 ver.] SP 베이직 패딩 베스트-블랙,https://image.msscdn.net/images/goods_img/20201013/1645209/1645209_2_500.jpg,False
2025-10,A,002016,패딩 베스트,002,아우터,9,3378526,musinsastandard,무신사 스탠다드,시티 레저 다운 패딩 베스트 [블랙],https://image.msscdn.net/images/goods_img/20230622/3378526/3378526_17133382296821_500.jpg,False
2025-10,A,002016,패딩 베스트,002,아우터,10,4477217,matinkim,마뗑킴,BIG LOGO POINT DOWN VEST FOR WOMEN IN BLACK,https://image.msscdn.net/images/goods_img/20240930/4477217/4477217_17405399635187_500.jpg,False
2025-10,A,002016,패딩 베스트,002,아우터,11,3667963,minimalproject,미니멀프로젝트,MNMP 하이넥 패딩 베스트 MVT102 [BLACK],https://image.msscdn.net/images/goods_img/20231030/3667963/3667963_17606004212693_500.jpg,False
2025-10,A,002016,패딩 베스트,002,아우터,12,1635329,musinsastandard,무신사 스탠다드,다운 푸퍼 패딩 베스트 [블랙],https://image.msscdn.net/images/goods_img/20201006/1635329/1635329_17799287530514_500.jpg,False
2025-10,A,002016,패딩 베스트,002,아우터,13,5267096,nationalgeographic,내셔널지오그래픽,N254UDV920 헤론 U넥 경량 구스다운 베스트 BLACK,https://image.msscdn.net/images/goods_img/20250723/5267096/5267096_17580901318942_500.jpg,False
2025-10,A,002016,패딩 베스트,002,아우터,14,5539934,matinkim,마뗑킴,UNBALANCE QUILTED DOWN VEST FOR WOMEN IN BLACK,https://image.msscdn.net/images/goods_img/20250926/5539934/5539934_17721535473848_500.jpg,False
2025-10,A,002016,패딩 베스트,002,아우터,15,5549639,thisisneverthat,디스이즈네버댓,PERTEX T Down Vest Black,https://image.msscdn.net/images/goods_img/20250930/5549639/5549639_17592999609150_500.jpg,False
2025-10,A,002016,패딩 베스트,002,아우터,16,5443298,thenorthface,노스페이스,NV1DR81J 화이트라벨 여성 노벨티 눕시 베스트 (RDS) BLACK,https://image.msscdn.net/images/goods_img/20250911/5443298/5443298_17828880172946_500.jpg,False
2025-10,A,002016,패딩 베스트,002,아우터,17,5215529,musinsastandard,무신사 스탠다드,시티 레저 후디드 라이트 다운 베스트 [블랙],https://image.msscdn.net/images/goods_img/20250701/5215529/5215529_17580887143593_500.jpg,False
2025-10,A,002016,패딩 베스트,002,아우터,18,5622555,helinoxwear,헬리녹스 웨어,이클립스 팩 다운 베스트 Dark Navy,https://image.msscdn.net/images/goods_img/20251021/5622555/5622555_17611093891873_500.jpg,False
2025-10,A,002016,패딩 베스트,002,아우터,19,5399854,spao,스파오,여성 베이직 패쪼_SPJVF4TG01,https://image.msscdn.net/images/goods_img/20250904/5399854/5399854_17569468865788_500.jpg,False
2025-10,A,002016,패딩 베스트,002,아우터,20,4477232,matinkim,마뗑킴,BIG LOGO POINT DOWN VEST FOR MEN IN SILVER,https://image.msscdn.net/images/goods_img/20240930/4477232/4477232_17276797473059_500.jpg,False
2025-10,A,002016,패딩 베스트,002,아우터,21,4484015,nike,나이키,스포츠웨어 클래식 패딩 써마 핏 루즈 베스트 W - 블랙:화이트 / FZ5923-010,https://image.msscdn.net/images/goods_img/20241002/4484015/4484015_17307847150890_500.jpg,False
2025-10,A,002016,패딩 베스트,002,아우터,22,4469305,covernat,커버낫,RDS 씨빅 코튼필 다운 베스트 블랙,https://image.msscdn.net/images/goods_img/20240926/4469305/4469305_17321677302679_500.jpg,False
2025-10,A,002016,패딩 베스트,002,아우터,23,3378527,musinsastandard,무신사 스탠다드,시티 레저 다운 패딩 베스트 [그레이쉬 베이지],https://image.msscdn.net/images/goods_img/20230622/3378527/3378527_17133382041972_500.jpg,False
2025-10,A,002016,패딩 베스트,002,아우터,24,4267004,whoau,후아유,Reversible Corduroy Padding Vest / WHVWF4912F,https://image.msscdn.net/images/goods_img/20240723/4267004/4267004_17622352359161_500.jpg,False
2025-10,A,002016,패딩 베스트,002,아우터,25,5469645,umbro,엄브로,플라이트 덕 다운 베스트 블랙(UQ423CDVO9),https://image.msscdn.net/images/goods_img/20250916/5469645/5469645_17669751860460_500.jpg,False
2025-10,A,002016,패딩 베스트,002,아우터,26,1114855,musinsastandardwoman,무신사 스탠다드 우먼,우먼즈 트랜스폼 라운드 넥 라이트 다운 베스트 [블랙],https://image.msscdn.net/images/goods_img/20190809/1114855/1114855_17625009396289_500.jpg,False
2025-10,A,002016,패딩 베스트,002,아우터,27,2820356,lettercomo,레테르코모,아워 인피니엄 패딩베스트 블랙,https://image.msscdn.net/images/goods_img/20220926/2820356/2820356_1_500.jpg,False
2025-10,A,002016,패딩 베스트,002,아우터,28,4356820,musinsastandard,무신사 스탠다드,시티 레저 하이넥 라이트 다운 베스트 [블랙],https://image.msscdn.net/images/goods_img/20240822/4356820/4356820_17273408455300_500.jpg,False
2025-10,A,002016,패딩 베스트,002,아우터,29,5487156,marithefrancoisgirbaud,마리떼 프랑소와 저버,CLASSIC LOGO DOWN VEST black,https://image.msscdn.net/images/goods_img/20250918/5487156/5487156_17621304011002_500.jpg,False
2025-10,A,002016,패딩 베스트,002,아우터,30,4297640,musinsastandard,무신사 스탠다드,데일리 푸퍼 패딩 베스트 [바로크 브라운],https://image.msscdn.net/images/goods_img/20240805/4297640/4297640_17319213005764_500.jpg,False
2025-10,A,002003,슈트/블레이저 재킷,002,아우터,1,1558197,musinsastandard,무신사 스탠다드,릴렉스드 베이식 블레이저 [블랙],https://image.msscdn.net/images/goods_img/20200820/1558197/1558197_17791521338764_500.jpg,False
2025-10,A,002003,슈트/블레이저 재킷,002,아우터,2,1618312,musinsastandardwoman,무신사 스탠다드 우먼,우먼즈 오버사이즈 블레이저 [블랙],https://image.msscdn.net/images/goods_img/20200923/1618312/1618312_17840158746923_500.jpg,False
2025-10,A,002003,슈트/블레이저 재킷,002,아우터,3,1108007,musinsastandard,무신사 스탠다드,베이식 블레이저 [블랙],https://image.msscdn.net/images/goods_img/20190802/1108007/1108007_17896970765683_500.jpg,False
2025-10,A,002003,슈트/블레이저 재킷,002,아우터,4,3845890,citybreeze,시티브리즈,루즈핏 사선 절개 싱글 자켓_GREY,https://image.msscdn.net/images/goods_img/20240205/3845890/3845890_17800354662108_500.jpg,False
2025-10,A,002003,슈트/블레이저 재킷,002,아우터,5,1283757,musinsastandard,무신사 스탠다드,오버사이즈 블레이저 [블랙],https://image.msscdn.net/images/goods_img/20200130/1283757/1283757_17514309817123_500.jpg,False
2025-10,A,002003,슈트/블레이저 재킷,002,아우터,6,1803462,musinsastandardwoman,무신사 스탠다드 우먼,우먼즈 베이식 블레이저 [블랙],https://image.msscdn.net/images/goods_img/20210219/1803462/1803462_17834925402814_500.jpg,False
2025-10,A,002003,슈트/블레이저 재킷,002,아우터,7,4390860,coor,쿠어,페이크 스웨이드 쓰리 버튼 블레이저 (다크브라운),https://image.msscdn.net/images/goods_img/20240831/4390860/4390860_17696617147965_500.jpg,False
2025-10,A,002003,슈트/블레이저 재킷,002,아우터,8,5205781,musinsastandard,무신사 스탠다드,신세틱 스웨이드 오버사이즈 3버튼 블레이저 [라이트 브라운],https://image.msscdn.net/images/goods_img/20250625/5205781/5205781_17555933546918_500.jpg,False
2025-10,A,002003,슈트/블레이저 재킷,002,아우터,9,5289775,mindbridge,마인드브릿지,[COUTURE]스웨이드 오버핏 자켓,https://image.msscdn.net/images/goods_img/20250804/5289775/5289775_17635385008200_500.jpg,False
2025-10,A,002003,슈트/블레이저 재킷,002,아우터,10,2149536,musinsastandardwoman,무신사 스탠다드 우먼,우먼즈 오버사이즈 블레이저 [미디엄 그레이],https://image.msscdn.net/images/goods_img/20210928/2149536/2149536_17536890796842_500.jpg,False
2025-10,A,002003,슈트/블레이저 재킷,002,아우터,11,1558683,musinsastandard,무신사 스탠다드,릴렉스드 베이식 블레이저 [미디엄 그레이],https://image.msscdn.net/images/goods_img/20200821/1558683/1558683_17514474604010_500.jpg,False
2025-10,A,002003,슈트/블레이저 재킷,002,아우터,12,2572705,nonblank,넌블랭크,[SAINT YEAR] 세미 오버 핏 셋업 수트_GREY,https://image.msscdn.net/images/goods_img/20220520/2572705/2572705_17769899182977_500.jpg,False
2025-10,A,002003,슈트/블레이저 재킷,002,아우터,13,3825573,lemainsecond,리메인세컨드,[SET UP] 베이식 세미 오버핏 셋업 수트,https://image.msscdn.net/images/goods_img/20240126/3825573/3825573_17151317585846_500.jpg,False
2025-10,A,002003,슈트/블레이저 재킷,002,아우터,14,2572700,nonblank,넌블랭크,[SAINT YEAR] 세미 오버 핏 셋업 수트_BLACK,https://image.msscdn.net/images/goods_img/20220520/2572700/2572700_17769897170778_500.jpg,False
2025-10,A,002003,슈트/블레이저 재킷,002,아우터,15,1558671,musinsastandard,무신사 스탠다드,릴렉스드 베이식 블레이저 [차콜 그레이],https://image.msscdn.net/images/goods_img/20200821/1558671/1558671_17514475628467_500.jpg,False
2025-10,A,002003,슈트/블레이저 재킷,002,아우터,16,2375909,musinsastandard,무신사 스탠다드,빅 대디 오버사이즈 블레이저 [블랙],https://image.msscdn.net/images/goods_img/20220222/2375909/2375909_17790837176470_500.jpg,False
2025-10,A,002003,슈트/블레이저 재킷,002,아우터,17,4629644,khakipoint,카키포인트,Antique Tweed Jacket (black),https://image.msscdn.net/images/goods_img/20241121/4629644/4629644_17321913808802_500.jpg,False
2025-10,A,002003,슈트/블레이저 재킷,002,아우터,18,2626657,musinsastandardwoman,무신사 스탠다드 우먼,우먼즈 울 블렌드 멜톤 오버 숄더 블레이저 [미디엄 그레이],https://image.msscdn.net/images/goods_img/20220621/2626657/2626657_17231651209150_500.jpg,False
2025-10,A,002003,슈트/블레이저 재킷,002,아우터,19,4514116,trillion,트릴리온,스웨이드 엘보우 패치 3 버튼 블레이저 자켓 [브라운],https://image.msscdn.net/images/goods_img/20241014/4514116/4514116_17297462407218_500.jpg,False
2025-10,A,002003,슈트/블레이저 재킷,002,아우터,20,1873073,musinsastandard,무신사 스탠다드,오버사이즈 블레이저 [미디엄 그레이],https://image.msscdn.net/images/goods_img/20210331/1873073/1873073_17775139886227_500.jpg,False
2025-10,A,002003,슈트/블레이저 재킷,002,아우터,21,4619870,musinsastandard,무신사 스탠다드,휩코드 릴렉스드 블레이저 [블랙],https://image.msscdn.net/images/goods_img/20241118/4619870/4619870_17569504887094_500.jpg,False
2025-10,A,002003,슈트/블레이저 재킷,002,아우터,22,2808735,tradclubvintage,트래드클럽,캔터베리 클래식 레귤러 셋업 수트(3컬러),https://image.msscdn.net/images/goods_img/20220921/2808735/2808735_17116072363778_500.jpg,False
2025-10,A,002003,슈트/블레이저 재킷,002,아우터,23,3790870,musinsastandard,무신사 스탠다드,시티 레저 CN 루즈 핏 블레이저 [블랙],https://image.msscdn.net/images/goods_img/20240112/3790870/3790870_17101368224107_500.jpg,False
2025-10,A,002003,슈트/블레이저 재킷,002,아우터,24,1618309,musinsastandardwoman,무신사 스탠다드 우먼,우먼즈 오버사이즈 블레이저 [그레이],https://image.msscdn.net/images/goods_img/20200923/1618309/1618309_17673379872616_500.jpg,False
2025-10,A,002003,슈트/블레이저 재킷,002,아우터,25,3790874,musinsastandardwoman,무신사 스탠다드 우먼,우먼즈 라운드 넥 트위드 재킷 [블랙],https://image.msscdn.net/images/goods_img/20240112/3790874/3790874_17155599574003_500.jpg,False
2025-10,A,002003,슈트/블레이저 재킷,002,아우터,26,4293554,tngt,티엔지티,Redford Wool Blended Herringbone Jacket (Deep Brown) TNJA5F105W2,https://image.msscdn.net/images/goods_img/20240802/4293554/4293554_17579870502159_500.jpg,False
2025-10,A,002003,슈트/블레이저 재킷,002,아우터,27,5151490,musinsastandardwoman,무신사 스탠다드 우먼,우먼즈 울 블렌드 부클 트위드 재킷 [블랙],https://image.msscdn.net/images/goods_img/20250528/5151490/5151490_17568863836939_500.jpg,False
2025-10,A,002003,슈트/블레이저 재킷,002,아우터,28,5258798,musinsastandard,무신사 스탠다드,[노홍철 컬래버] 럭키 가이 블레이저 [블랙],https://image.msscdn.net/images/goods_img/20250721/5258798/5258798_17761386959408_500.jpg,False
2025-10,A,002003,슈트/블레이저 재킷,002,아우터,29,3826106,lemainsecond,리메인세컨드,베이식 오버핏 싱글 블레이저 자켓 [블랙],https://image.msscdn.net/images/goods_img/20240126/3826106/3826106_17440056280597_500.jpg,False
2025-10,A,002003,슈트/블레이저 재킷,002,아우터,30,4384039,suare,수아레,프렌치 울 트위드 블레이저,https://image.msscdn.net/images/goods_img/20240829/4384039/4384039_17258778553515_500.jpg,False
2025-10,A,002001,블루종/MA-1,002,아우터,1,3390508,standarderror,스탠다드에러,87-STAN009  [리뉴얼] 스탠다드 블루종 스웨이드 자켓 블랙,https://image.msscdn.net/images/goods_img/20230630/3390508/3390508_17551524634252_500.jpg,False
2025-10,A,002001,블루종/MA-1,002,아우터,2,5311114,untapped,언탭트 스튜디오,2WAY 비건 스웨이드 블루종 자켓 3Color,https://image.msscdn.net/images/goods_img/20250811/5311114/5311114_17890239121962_500.jpg,False
2025-10,A,002001,블루종/MA-1,002,아우터,3,3790860,musinsastandard,무신사 스탠다드,릴렉스드 미니멀 재킷 [블랙],https://image.msscdn.net/images/goods_img/20240112/3790860/3790860_17217992992120_500.jpg,False
2025-10,A,002001,블루종/MA-1,002,아우터,4,1291017,jemut,제멋,리치 오버 MA-1 자켓 블랙 YHJK2269,https://image.msscdn.net/images/goods_img/20200205/1291017/1291017_1_500.jpg,False
2025-10,A,002001,블루종/MA-1,002,아우터,5,3790838,musinsastandard,무신사 스탠다드,헤비웨이트 CP 워크 재킷 [블랙],https://image.msscdn.net/images/goods_img/20240112/3790838/3790838_17171293041266_500.jpg,False
2025-10,A,002001,블루종/MA-1,002,아우터,6,3585225,kiimuir,키뮤어,코듀로이 헤링턴 RDS 다운점퍼_네이비,https://image.msscdn.net/images/goods_img/20230921/3585225/3585225_17887666504691_500.jpg,False
2025-10,A,002001,블루종/MA-1,002,아우터,7,5322235,nastyfancyclub,팬시클럽,아일렛 퍼 MA-1 (BLACK) F25ZA003,https://image.msscdn.net/images/goods_img/20250813/5322235/5322235_17900639520668_500.jpg,False
2025-10,A,002001,블루종/MA-1,002,아우터,8,5310906,untapped,언탭트 스튜디오,2WAY 코튼 해링턴 자켓 3Color,https://image.msscdn.net/images/goods_img/20250811/5310906/5310906_17890236645811_500.jpg,False
2025-10,A,002001,블루종/MA-1,002,아우터,9,2996683,kiimuir,키뮤어,울(WOOL) 헤링턴 자켓_블랙,https://image.msscdn.net/images/goods_img/20221226/2996683/2996683_17901348850178_500.jpg,False
2025-10,A,002001,블루종/MA-1,002,아우터,10,4499463,kiimuir,키뮤어,코듀로이 헤링턴 RDS 다운점퍼_블랙,https://image.msscdn.net/images/goods_img/20241008/4499463/4499463_17887662877453_500.jpg,False
2025-10,A,002001,블루종/MA-1,002,아우터,11,1760177,drawfit,드로우핏,도브 울 블루종 자켓 [BLACK],https://image.msscdn.net/images/goods_img/20210125/1760177/1760177_17568597040774_500.jpg,False
2025-10,A,002001,블루종/MA-1,002,아우터,12,4502391,kiimuir,키뮤어,울 (WOOL) 숏카라 블루종_블랙,https://image.msscdn.net/images/goods_img/20241010/4502391/4502391_17574647705415_500.jpg,False
2025-10,A,002001,블루종/MA-1,002,아우터,13,3390511,standarderror,스탠다드에러,87-STAN009 [리뉴얼] 스탠다드 블루종 스웨이드 자켓 카키,https://image.msscdn.net/images/goods_img/20230630/3390511/3390511_17551525806450_500.jpg,False
2025-10,A,002001,블루종/MA-1,002,아우터,14,5588810,nonblank,넌블랭크,[넌블랭크x삭형] 캐시미어 블렌드 블루종_BLACK,https://image.msscdn.net/images/goods_img/20251014/5588810/5588810_17606641263423_500.png,False
2025-10,A,002001,블루종/MA-1,002,아우터,15,5386037,alyss,알리스,[데일리룸X알리스] 페이디드 그레인 코튼 블루종 자켓 [빈티지그레이],https://image.msscdn.net/images/goods_img/20250901/5386037/5386037_17580105143984_500.jpg,False
2025-10,A,002001,블루종/MA-1,002,아우터,16,3783380,maninstore,무드인사이드,프리미엄 스웨이드 자켓_4Color,https://image.msscdn.net/images/goods_img/20240109/3783380/3783380_17888674046976_500.jpg,False
2025-10,A,002001,블루종/MA-1,002,아우터,17,1674248,bronson,브론슨,1950s USAF Type MA-1 Flight Jacket KR Ver. Olive,https://image.msscdn.net/images/goods_img/20201102/1674248/1674248_17896939163881_500.jpg,False
2025-10,A,002001,블루종/MA-1,002,아우터,18,5318976,kiimuir,키뮤어,스웨이드 바이커 자켓_브라운,https://image.msscdn.net/images/goods_img/20250813/5318976/5318976_17870118559641_500.jpg,False
2025-10,A,002001,블루종/MA-1,002,아우터,19,411209,alphaindustries,알파 인더스트리,MA-1 플라이트 자켓 블랙,https://image.msscdn.net/images/goods_img/20160912/411209/411209_17401286845355_500.jpeg,False
2025-10,A,002001,블루종/MA-1,002,아우터,20,2108673,musinsastandard,무신사 스탠다드,오버사이즈 디태처블 후드 MA-1 보머 재킷 [블랙],https://image.msscdn.net/images/goods_img/20210903/2108673/2108673_17651809199028_500.jpg,False
2025-10,A,002001,블루종/MA-1,002,아우터,21,5441759,outstanding,아웃스탠딩,MA-1 FLIGHT JACKET(WOOL INSULATION)_SAGE GREEN,https://image.msscdn.net/images/goods_img/20250911/5441759/5441759_17892993373631_500.jpg,False
2025-10,A,002001,블루종/MA-1,002,아우터,22,4667383,branded,브랜디드,SHIRRING HOOD BOMBER JACKET [VINTAGE BLACK],https://image.msscdn.net/images/goods_img/20241216/4667383/4667383_17900560164439_500.jpg,False
2025-10,A,002001,블루종/MA-1,002,아우터,23,5588818,nonblank,넌블랭크,[넌블랭크x삭형] 캐시미어 블렌드 블루종_CAMEL BROWN,https://image.msscdn.net/images/goods_img/20251014/5588818/5588818_17606644354595_500.png,False
2025-10,A,002001,블루종/MA-1,002,아우터,24,3772800,blackmoment,블랙모먼트,비건 스웨이드 오버핏 미니멀 인시전 바이커 집업 자켓,https://image.msscdn.net/images/goods_img/20240103/3772800/3772800_17042502051036_500.jpg,False
2025-10,A,002001,블루종/MA-1,002,아우터,25,1554206,aott,언아웃핏,유니섹스 오버핏 MA-1 블랙 (VER - 2),https://image.msscdn.net/images/goods_img/20200819/1554206/1554206_17568795390279_500.jpg,False
2025-10,A,002001,블루종/MA-1,002,아우터,26,4209328,musinsastandard,무신사 스탠다드,14W 코듀로이 미니멀 블루종 재킷 [토프 베이지],https://image.msscdn.net/images/goods_img/20240620/4209328/4209328_17333857907569_500.jpg,False
2025-10,A,002001,블루종/MA-1,002,아우터,27,5377308,standarderror,스탠다드에러,87-STAN009 [리뉴얼] 스탠다드 블루종 스웨이드 자켓 11COLOR,https://image.msscdn.net/images/goods_img/20250829/5377308/5377308_17738935049490_500.jpg,False
2025-10,A,002001,블루종/MA-1,002,아우터,28,5151459,musinsastandardwoman,무신사 스탠다드 우먼,우먼즈 코듀로이 블루종 재킷 [토프],https://image.msscdn.net/images/goods_img/20250528/5151459/5151459_17606685718971_500.jpg,False
2025-10,A,002001,블루종/MA-1,002,아우터,29,4702333,drawfit,드로우핏,도브 울 크롭 미니멀 블루종 자켓 [BLACK],https://image.msscdn.net/images/goods_img/20250107/4702333/4702333_17697388609886_500.jpg,False
2025-10,A,002001,블루종/MA-1,002,아우터,30,5424792,badblood,배드블러드,바이퍼31-1 라이트웨이트 후드 푸퍼 - 블랙,https://image.msscdn.net/images/goods_img/20250909/5424792/5424792_17576544265890_500.jpg,False
2025-10,A,002017,트러커 재킷,002,아우터,1,5329384,placestudio,플레이스 스튜디오,하이넥 스탠다드 스트랩 비조 포인트 블루종 집업 자켓 [블랙],https://image.msscdn.net/images/goods_img/20250818/5329384/5329384_17554829609253_500.jpg,False
2025-10,A,002017,트러커 재킷,002,아우터,2,4287413,trillion,트릴리온,코듀로이 카라 데님 집업 워크 자켓 (BLACK),https://image.msscdn.net/images/goods_img/20240731/4287413/4287413_17228544866344_500.jpg,False
2025-10,A,002017,트러커 재킷,002,아우터,3,3046279,outstanding,아웃스탠딩,SELVEDGE DENIM 2ND JACKET_INDIGO,https://image.msscdn.net/images/goods_img/20230130/3046279/3046279_17684404870062_500.jpg,False
2025-10,A,002017,트러커 재킷,002,아우터,4,1790383,trillion,트릴리온,워싱 스티치 데님자켓 (BLACK),https://image.msscdn.net/images/goods_img/20210210/1790383/1790383_2_500.jpg,False
2025-10,A,002017,트러커 재킷,002,아우터,5,3596063,dimitriblack,디미트리블랙,2WAY 크롭 코듀로이 드리즐러 자켓_브라운,https://image.msscdn.net/images/goods_img/20230926/3596063/3596063_17621457230668_500.jpg,False
2025-10,A,002017,트러커 재킷,002,아우터,6,5289752,mindbridge,마인드브릿지,스웨이드 집업 트러커 - 2color,https://image.msscdn.net/images/goods_img/20250804/5289752/5289752_17864240272223_500.jpg,False
2025-10,A,002017,트러커 재킷,002,아우터,7,2028925,mindbridge,마인드브릿지,스웨이드트러커 - 2color MYJP6101,https://image.msscdn.net/images/goods_img/20210714/2028925/2028925_17894374890214_500.jpg,False
2025-10,A,002017,트러커 재킷,002,아우터,8,1337094,musinsastandard,무신사 스탠다드,릴렉스드 데님 트러커 재킷 [워시드 블랙],https://image.msscdn.net/images/goods_img/20200305/1337094/1337094_17514465029686_500.jpg,False
2025-10,A,002017,트러커 재킷,002,아우터,9,3836318,toffee,토피,빈티지 스냅 데님 블루종 자켓 (WASHED INDIGO),https://image.msscdn.net/images/goods_img/20240131/3836318/3836318_17071205288194_500.jpg,False
2025-10,A,002017,트러커 재킷,002,아우터,10,4693591,outstanding,아웃스탠딩,[MUT lab] SELVEDGE DENIM 1ST JACKET_INDIGO,https://image.msscdn.net/images/goods_img/20250102/4693591/4693591_17860676827501_500.jpg,False
2025-10,A,002017,트러커 재킷,002,아우터,11,2091622,poloralphlauren,폴로 랄프 로렌,페이디드 데님 트럭커 재킷 - 블루,https://image.msscdn.net/images/goods_img/20210826/2091622/2091622_2_500.jpg,False
2025-10,A,002017,트러커 재킷,002,아우터,12,4644774,musinsastandard,무신사 스탠다드,셀비지 데님 트러커 재킷 2 [딥 인디고],https://image.msscdn.net/images/goods_img/20241202/4644774/4644774_17569509485027_500.jpg,False
2025-10,A,002017,트러커 재킷,002,아우터,13,4262843,outstanding,아웃스탠딩,W.W. II SELVEDGE DENIM 1ST JACKET_INDIGO,https://image.msscdn.net/images/goods_img/20240719/4262843/4262843_17682659790914_500.jpg,False
2025-10,A,002017,트러커 재킷,002,아우터,14,5327171,espionage,에스피오나지,Type 1 Selvedge Denim Trucker Jacket Dark Indigo,https://image.msscdn.net/images/goods_img/20250814/5327171/5327171_17563639027276_500.jpg,False
2025-10,A,002017,트러커 재킷,002,아우터,15,3035562,levis,리바이스,타입 III 트러커 자켓_72334-0134,https://image.msscdn.net/images/goods_img/20230120/3035562/3035562_17562811423420_500.jpg,False
2025-10,A,002017,트러커 재킷,002,아우터,16,3801342,supersub,슈퍼서브,워싱 크롭 데님 재킷 - 워시드 브라운,https://image.msscdn.net/images/goods_img/20240117/3801342/3801342_17065954658593_500.jpg,False
2025-10,A,002017,트러커 재킷,002,아우터,17,5391406,minav,미나브,[미나브X후디진호] 웨스턴 크롭 자켓 [차콜],https://image.msscdn.net/images/goods_img/20250902/5391406/5391406_17609412938637_500.jpg,False
2025-10,A,002017,트러커 재킷,002,아우터,18,3827748,toffee,토피,워시드 데님 트러커 자켓 (WASHED BLACK),https://image.msscdn.net/images/goods_img/20240129/3827748/3827748_17071118135840_500.jpg,False
2025-10,A,002017,트러커 재킷,002,아우터,19,4705537,lmood,엘무드,마르코스 울 트러커 자켓 네이비,https://image.msscdn.net/images/goods_img/20250108/4705537/4705537_17569499860274_500.png,False
2025-10,A,002017,트러커 재킷,002,아우터,20,4287892,supersub,슈퍼서브,워싱 크롭 데님 재킷 - 워시드 블루,https://image.msscdn.net/images/goods_img/20240801/4287892/4287892_17224927839087_500.jpg,False
2025-10,A,002017,트러커 재킷,002,아우터,21,3622977,trillion,트릴리온,페이드 워싱 바이커 데님 자켓 (BLACK),https://image.msscdn.net/images/goods_img/20231012/3622977/3622977_16977691200340_500.jpg,False
2025-10,A,002017,트러커 재킷,002,아우터,22,5316468,aakam,아캄,Washed Field Jacket (Khaki),https://image.msscdn.net/images/goods_img/20250812/5316468/5316468_17567789051671_500.jpg,False
2025-10,A,002017,트러커 재킷,002,아우터,23,5289751,mindbridge,마인드브릿지,스탠에리 스웨이드 트러커 - 2color,https://image.msscdn.net/images/goods_img/20250804/5289751/5289751_17579900298453_500.jpg,False
2025-10,A,002017,트러커 재킷,002,아우터,24,3836510,espionage,에스피오나지,French Wide Work Jacket (Moleskin) Washed Blue,https://image.msscdn.net/images/goods_img/20240131/3836510/3836510_17152161493815_500.jpg,False
2025-10,A,002017,트러커 재킷,002,아우터,25,5384865,drawfit,드로우핏,워싱 릴렉스 데님 트러커 자켓 [BLACK INDIGO],https://image.msscdn.net/images/goods_img/20250901/5384865/5384865_17567119994983_500.jpg,False
2025-10,A,002017,트러커 재킷,002,아우터,26,4791832,ersco,이알에스코,데님 트러커 자켓_블랙,https://image.msscdn.net/images/goods_img/20250214/4791832/4791832_17685420204073_500.jpg,False
2025-10,A,002017,트러커 재킷,002,아우터,27,4750982,espionage,에스피오나지,Washed Track Jacket Navy,https://image.msscdn.net/images/goods_img/20250203/4750982/4750982_17388092326767_500.jpg,False
2025-10,A,002017,트러커 재킷,002,아우터,28,4750984,espionage,에스피오나지,Washed Track Jacket Grey,https://image.msscdn.net/images/goods_img/20250203/4750984/4750984_17388097345427_500.jpg,False
2025-10,A,002017,트러커 재킷,002,아우터,29,3823872,dimitriblack,디미트리블랙,프렌치 워크 자켓_코튼 블루,https://image.msscdn.net/images/goods_img/20240125/3823872/3823872_17564437646968_500.jpg,False
2025-10,A,002017,트러커 재킷,002,아우터,30,4353364,noirer,노이어,벨벳 텍스쳐 데님 트러커 자켓 (블랙),https://image.msscdn.net/images/goods_img/20240821/4353364/4353364_17392886821736_500.jpg,False
2025-10,A,002004,스타디움 재킷,002,아우터,1,2752807,kiimuir,키뮤어,울(WOOL) 바시티 자켓_블랙,https://image.msscdn.net/images/goods_img/20220830/2752807/2752807_17664729093372_500.jpg,False
2025-10,A,002004,스타디움 재킷,002,아우터,2,5589288,geng,젠지,무신사 X 젠지 나일론 바시티 재킷,https://image.msscdn.net/images/goods_img/20251014/5589288/5589288_17609574518655_500.jpg,False
2025-10,A,002004,스타디움 재킷,002,아우터,3,4525862,newera,뉴에라,AP MLB STADIUM JK43 NEYYAN D BLU,https://image.msscdn.net/images/goods_img/20241016/4525862/4525862_17291420872439_500.jpg,False
2025-10,A,002004,스타디움 재킷,002,아우터,4,4744746,kolonsport,코오롱스포츠,HERO 남성 프리마로프트 LIGHT 인슐레이션 자켓 JWJJX25015BLK,https://image.msscdn.net/images/goods_img/20250124/4744746/4744746_17415828191935_500.jpg,False
2025-10,A,002004,스타디움 재킷,002,아우터,5,3439975,urbandtype,어반디타입,(패딩or논패딩 선택) 코듀로이 래글런 자켓_핑크,https://image.msscdn.net/images/goods_img/20230801/3439975/3439975_17346618498463_500.jpg,False
2025-10,A,002004,스타디움 재킷,002,아우터,6,5472997,newera,뉴에라,MLB 뉴욕 양키스 어센틱 스타디움 재킷 네이비,https://image.msscdn.net/images/goods_img/20250916/5472997/5472997_17588797460747_500.jpg,False
2025-10,A,002004,스타디움 재킷,002,아우터,7,4525859,newera,뉴에라,MLB LA다저스 스타디움 재킷 블랙,https://image.msscdn.net/images/goods_img/20241016/4525859/4525859_17303410419130_500.jpg,False
2025-10,A,002004,스타디움 재킷,002,아우터,8,2959465,rawlab,로우랩,R 시티 헤비 바시티자켓 (네이비),https://image.msscdn.net/images/goods_img/20221124/2959465/2959465_1_500.jpg,False
2025-10,A,002004,스타디움 재킷,002,아우터,9,3557760,newera,뉴에라,MLB 뉴욕양키스 스타디움 재킷 네이비,https://image.msscdn.net/images/goods_img/20230913/3557760/3557760_16946558019097_500.jpg,False
2025-10,A,002004,스타디움 재킷,002,아우터,10,2093817,takeasy,테이크이지,라쿠 베이스볼 오버자켓(네이비),https://image.msscdn.net/images/goods_img/20210827/2093817/2093817_4_500.jpg,False
2025-10,A,002004,스타디움 재킷,002,아우터,11,3557766,newera,뉴에라,MLB 뉴욕양키스 월드시리즈 패치 스타디움 재킷 블랙,https://image.msscdn.net/images/goods_img/20230913/3557766/3557766_16946555757159_500.jpg,False
2025-10,A,002004,스타디움 재킷,002,아우터,12,2752809,kiimuir,키뮤어,울(WOOL) 바시티 자켓_네이비,https://image.msscdn.net/images/goods_img/20220830/2752809/2752809_17388178850129_500.jpg,False
2025-10,A,002004,스타디움 재킷,002,아우터,13,4448314,hangten1,행텐,남성 레더 바시티 패딩점퍼_100(10490-011-802-69),https://image.msscdn.net/images/goods_img/20240920/4448314/4448314_17268123580511_500.jpg,False
2025-10,A,002004,스타디움 재킷,002,아우터,14,2782958,1993studio,1993스튜디오,빈티지 바시티 자켓_네이비,https://image.msscdn.net/images/goods_img/20220908/2782958/2782958_1_500.jpg,False
2025-10,A,002004,스타디움 재킷,002,아우터,15,2959460,rawlab,로우랩,R 시티 헤비 바시티자켓 (블랙),https://image.msscdn.net/images/goods_img/20221124/2959460/2959460_1_500.jpg,False
2025-10,A,002004,스타디움 재킷,002,아우터,16,5038386,poloralphlauren,폴로 랄프 로렌,RL 플리스 베이스볼 재킷-네이비,https://image.msscdn.net/images/goods_img/20250417/5038386/5038386_17471917279357_500.jpg,False
2025-10,A,002004,스타디움 재킷,002,아우터,17,3030682,drawfit,드로우핏,울 스타디움 라인 집업 자켓 [BLACK],https://image.msscdn.net/images/goods_img/20230118/3030682/3030682_17629152428707_500.jpg,False
2025-10,A,002004,스타디움 재킷,002,아우터,18,5472971,newera,뉴에라,MLB LA 다저스 어센틱 스타디움 재킷 블루,https://image.msscdn.net/images/goods_img/20250916/5472971/5472971_17588799129088_500.jpg,False
2025-10,A,002004,스타디움 재킷,002,아우터,19,5588803,wilson,윌슨,KCC EGIS 스타디움 자켓,https://image.msscdn.net/images/goods_img/20251014/5588803/5588803_17605099925245_500.jpg,False
2025-10,A,002004,스타디움 재킷,002,아우터,20,5396662,mlb,엠엘비,나일론 블로킹 컬시브 바시티 자켓 NY (Navy),https://image.msscdn.net/images/goods_img/20250903/5396662/5396662_17610977407006_500.jpg,False
2025-10,A,002004,스타디움 재킷,002,아우터,21,3812672,thisisneverthat,디스이즈네버댓,Satin Jacket Navy,https://image.msscdn.net/images/goods_img/20240122/3812672/3812672_17065160162781_500.jpg,False
2025-10,A,002004,스타디움 재킷,002,아우터,22,3028088,perstep,퍼스텝,리메인 바시티 자켓 블랙/크림 JUOT4536,https://image.msscdn.net/images/goods_img/20230117/3028088/3028088_16739191097660_500.jpg,False
2025-10,A,002004,스타디움 재킷,002,아우터,23,3520523,v2,브이투,70227 울 바시티 자켓_블랙,https://image.msscdn.net/images/goods_img/20230901/3520523/3520523_16935306610004_500.jpg,False
2025-10,A,002004,스타디움 재킷,002,아우터,24,3812670,thisisneverthat,디스이즈네버댓,Satin Jacket Olive,https://image.msscdn.net/images/goods_img/20240122/3812670/3812670_17068501308934_500.jpg,False
2025-10,A,002004,스타디움 재킷,002,아우터,25,5472985,newera,뉴에라,MLB 시카고 화이트삭스 어센틱 스타디움 재킷 블랙,https://image.msscdn.net/images/goods_img/20250916/5472985/5472985_17588803066521_500.jpg,False
2025-10,A,002004,스타디움 재킷,002,아우터,26,5472994,newera,뉴에라,MLB 디트로이트 타이거즈 어센틱 스타디움 재킷 네이비,https://image.msscdn.net/images/goods_img/20250916/5472994/5472994_17588800003791_500.jpg,False
2025-10,A,002004,스타디움 재킷,002,아우터,27,4483820,covernat,커버낫,24FW 컬리지 C 울 바시티 네이비,https://image.msscdn.net/images/goods_img/20241002/4483820/4483820_17321677372498_500.jpg,False
2025-10,A,002004,스타디움 재킷,002,아우터,28,4633469,rawlab,로우랩,R 올드스쿨 헤비 바시티자켓 (블랙),https://image.msscdn.net/images/goods_img/20241125/4633469/4633469_17325044303984_500.jpg,False
2025-10,A,002004,스타디움 재킷,002,아우터,29,2093818,takeasy,테이크이지,라쿠 베이스볼 오버자켓(블랙),https://image.msscdn.net/images/goods_img/20210827/2093818/2093818_5_500.jpg,False
2025-10,A,002004,스타디움 재킷,002,아우터,30,3448522,amesworldwide,아메스 월드와이드,NYLON STADIUM JACKET NAVY (AM2DFUJ240A),https://image.msscdn.net/images/goods_img/20230807/3448522/3448522_16926029585018_500.jpg,False
2025-10,A,002006,나일론/코치 재킷,002,아우터,1,2723218,dimitriblack,디미트리블랙,ASI 2WAY 어센틱 후드 윈드브레이커 자켓_블랙,https://image.msscdn.net/images/goods_img/20220817/2723218/2723218_17603312716294_500.jpg,False
2025-10,A,002006,나일론/코치 재킷,002,아우터,2,1620287,poloralphlauren,폴로 랄프 로렌,바이스윙 윈드브레이커 - 블랙,https://image.msscdn.net/images/goods_img/20200923/1620287/1620287_2_500.jpg,False
2025-10,A,002006,나일론/코치 재킷,002,아우터,3,3793560,musinsastandard,무신사 스탠다드,오버사이즈 하이넥 윈드브레이커 재킷 [블랙],https://image.msscdn.net/images/goods_img/20240112/3793560/3793560_17080496946411_500.jpg,False
2025-10,A,002006,나일론/코치 재킷,002,아우터,4,5333563,arcteryx,아크테릭스,아톰 SV 자켓 남성 - BLACK / AJPFM09901,https://image.msscdn.net/images/goods_img/20250818/5333563/5333563_17573790848253_500.jpg,False
2025-10,A,002006,나일론/코치 재킷,002,아우터,5,4296687,newbalance,뉴발란스,NBNAF31803 / UNI 에센셜 헤리티지 스탠드넥 웜업자켓 (BLACK),https://image.msscdn.net/images/goods_img/20240805/4296687/4296687_17846852180585_500.jpg,False
2025-10,A,002006,나일론/코치 재킷,002,아우터,6,3793565,musinsastandard,무신사 스탠다드,시티 레저 시어 윈드브레이커 재킷 [블랙],https://image.msscdn.net/images/goods_img/20240112/3793565/3793565_17738965169888_500.jpg,False
2025-10,A,002006,나일론/코치 재킷,002,아우터,7,3800080,musinsastandardsp,무신사 스탠다드 스포츠,슈퍼 라이트 바람막이(8colors),https://image.msscdn.net/images/goods_img/20240117/3800080/3800080_17769985197840_500.jpg,False
2025-10,A,002006,나일론/코치 재킷,002,아우터,8,2329532,nomanual,노매뉴얼,PENON WIND SHELL - BLACK,https://image.msscdn.net/images/goods_img/20220126/2329532/2329532_16762491689303_500.jpg,False
2025-10,A,002006,나일론/코치 재킷,002,아우터,9,2534895,slowrecordhouse,슬로우 레코드 하우스,파이핑 라인 나일론 자켓_블랙&베이지,https://image.msscdn.net/images/goods_img/20220502/2534895/2534895_17014068157715_500.jpg,False
2025-10,A,002006,나일론/코치 재킷,002,아우터,10,3212915,compagno,꼼파뇨,크래킹 후드 윈드브레이커 그레이,https://image.msscdn.net/images/goods_img/20230406/3212915/3212915_16902464685664_500.jpg,False
2025-10,A,002006,나일론/코치 재킷,002,아우터,11,3034346,espionage,에스피오나지,Mountain Wind Parka Black,https://image.msscdn.net/images/goods_img/20230119/3034346/3034346_16756599638463_500.jpg,False
2025-10,A,002006,나일론/코치 재킷,002,아우터,12,4728678,filluminate,필루미네이트,커브드 라인 윈드 브레이커-블랙,https://image.msscdn.net/images/goods_img/20250119/4728678/4728678_17881419378579_500.jpg,False
2025-10,A,002006,나일론/코치 재킷,002,아우터,13,3393476,compagno,꼼파뇨,크래킹 후드 윈드브레이커 블랙,https://image.msscdn.net/images/goods_img/20230704/3393476/3393476_17108208598424_500.jpg,False
2025-10,A,002006,나일론/코치 재킷,002,아우터,14,3405532,musinsastandard,무신사 스탠다드,시티 레저 CN 후디드 윈드브레이커 재킷 [블랙],https://image.msscdn.net/images/goods_img/20230712/3405532/3405532_17133389210469_500.jpg,False
2025-10,A,002006,나일론/코치 재킷,002,아우터,15,3455892,filluminate,필루미네이트,타슬란 윈드 테이커 자켓-블랙,https://image.msscdn.net/images/goods_img/20230809/3455892/3455892_17827964402390_500.jpg,False
2025-10,A,002006,나일론/코치 재킷,002,아우터,16,5382928,thenorthface,노스페이스,NJ3BR58J 화이트라벨 빌란 EX 자켓 BLACK,https://image.msscdn.net/images/goods_img/20250901/5382928/5382928_17707916151648_500.jpg,False
2025-10,A,002006,나일론/코치 재킷,002,아우터,17,5202869,atez,아테즈,AERO 테크 후드 윈드 브레이커 자켓 [블랙],https://image.msscdn.net/images/goods_img/20250624/5202869/5202869_17705916791659_500.jpg,False
2025-10,A,002006,나일론/코치 재킷,002,아우터,18,3791014,codegraphy,코드그라피,[기본 OR 후디 선택] [배색Ver.] 2-WAY 테크 숏 자켓_블랙,https://image.msscdn.net/images/prd_img/20240112/3791014/detail_3791014_17429730762331_500.jpg,False
2025-10,A,002006,나일론/코치 재킷,002,아우터,19,5450175,deusexmachina,데우스 엑스 마키나,KOREA COLLEGE COACH JACKET_BLACK,https://image.msscdn.net/images/goods_img/20250912/5450175/5450175_17587556077604_500.png,False
2025-10,A,002006,나일론/코치 재킷,002,아우터,20,2471405,slowrecordhouse,슬로우 레코드 하우스,파이핑 라인 나일론 자켓_네이비,https://image.msscdn.net/images/goods_img/20220406/2471405/2471405_17013952125581_500.jpg,False
2025-10,A,002006,나일론/코치 재킷,002,아우터,21,4709915,musinsastandard,무신사 스탠다드,시티 레저 CN 후디드 윈드브레이커 재킷 [머드 그레이],https://image.msscdn.net/images/goods_img/20250110/4709915/4709915_17423765916813_500.jpg,False
2025-10,A,002006,나일론/코치 재킷,002,아우터,22,3791038,codegraphy,코드그라피,[SET] [배색ver.] 2-WAY 배색 테크 숏 자켓 셋업_블랙,https://image.msscdn.net/images/goods_img/20240112/3791038/3791038_17718150719568_500.jpg,False
2025-10,A,002006,나일론/코치 재킷,002,아우터,23,4873322,whoau,후아유,Reversible Warm-Up Jacket / WHJJF4T13U,https://image.msscdn.net/images/goods_img/20250310/4873322/4873322_17885076720541_500.jpg,False
2025-10,A,002006,나일론/코치 재킷,002,아우터,24,5416584,thenorthface,노스페이스,NJ3BR82K 화이트라벨 여성 노벨티 올레마 자켓 BROWN,https://image.msscdn.net/images/goods_img/20250908/5416584/5416584_17579844883894_500.jpg,False
2025-10,A,002006,나일론/코치 재킷,002,아우터,25,5205810,musinsastandard,무신사 스탠다드,시티 레저 폴라 플리스 하이넥 재킷 [그레이],https://image.msscdn.net/images/goods_img/20250625/5205810/5205810_17574741461887_500.jpg,False
2025-10,A,002006,나일론/코치 재킷,002,아우터,26,3793562,musinsastandard,무신사 스탠다드,오버사이즈 하이넥 윈드브레이커 재킷 [건메탈],https://image.msscdn.net/images/goods_img/20240112/3793562/3793562_17080498105476_500.jpg,False
2025-10,A,002006,나일론/코치 재킷,002,아우터,27,4468857,kalapatthar,칼라파타르,3 Layer Hard Shell Short-Jacket - BEIGE,https://image.msscdn.net/images/goods_img/20240926/4468857/4468857_17893626299270_500.jpg,False
2025-10,A,002006,나일론/코치 재킷,002,아우터,28,5317287,newbalance,뉴발란스,NBNAF31823 / UNI ESCAPE 스탠넥 웜업자켓 (IVORY),https://image.msscdn.net/images/goods_img/20250813/5317287/5317287_17566943361241_500.jpg,False
2025-10,A,002006,나일론/코치 재킷,002,아우터,29,5523317,thenorthface,노스페이스,NJ3BR60K 화이트라벨 노벨티 올레마 자켓 NAVY,https://image.msscdn.net/images/goods_img/20250924/5523317/5523317_17707910221114_500.jpg,False
2025-10,A,002006,나일론/코치 재킷,002,아우터,30,5175562,penfield,펜필드,PacJac 바람막이 네이비_FR3WJ801,https://image.msscdn.net/images/goods_img/20250610/5175562/5175562_17503175913841_500.jpg,False
2025-10,A,002014,사파리/헌팅 재킷,002,아우터,1,2737014,frizmworks,프리즘웍스,VINCENT M1965 FISHTAIL PARKA 004 _ OLIVE,https://image.msscdn.net/images/goods_img/20220823/2737014/2737014_1_500.jpg,False
2025-10,A,002014,사파리/헌팅 재킷,002,아우터,2,4376737,wvproject,더블유브이프로젝트,더프 헤링턴 자켓 브라운 JJOT7732,https://image.msscdn.net/images/goods_img/20240827/4376737/4376737_17247559627478_500.jpg,False
2025-10,A,002014,사파리/헌팅 재킷,002,아우터,3,3790843,musinsastandard,무신사 스탠다드,백 사틴 초어 재킷 [네이비],https://image.msscdn.net/images/goods_img/20240112/3790843/3790843_17128210791358_500.jpg,False
2025-10,A,002014,사파리/헌팅 재킷,002,아우터,4,2737012,frizmworks,프리즘웍스,VINCENT M1965 FISHTAIL PARKA 004 _ BLACK,https://image.msscdn.net/images/goods_img/20220823/2737012/2737012_1_500.jpg,False
2025-10,A,002014,사파리/헌팅 재킷,002,아우터,5,3094153,espionage,에스피오나지,Hunting Blouson Jacket Olive,https://image.msscdn.net/images/goods_img/20230220/3094153/3094153_16771294572861_500.jpg,False
2025-10,A,002014,사파리/헌팅 재킷,002,아우터,6,4376738,wvproject,더블유브이프로젝트,더프 헤링턴 자켓 블랙 JJOT7732,https://image.msscdn.net/images/goods_img/20240827/4376738/4376738_17247559681905_500.jpg,False
2025-10,A,002014,사파리/헌팅 재킷,002,아우터,7,4729709,musinsastandard,무신사 스탠다드,캔버스 워크 재킷 [더스티 카키],https://image.msscdn.net/images/goods_img/20250120/4729709/4729709_17411629669447_500.jpg,False
2025-10,A,002014,사파리/헌팅 재킷,002,아우터,8,4209330,musinsastandard,무신사 스탠다드,캔버스 워크 재킷 [블랙],https://image.msscdn.net/images/goods_img/20240620/4209330/4209330_17242015815606_500.jpg,False
2025-10,A,002014,사파리/헌팅 재킷,002,아우터,9,4262833,outstanding,아웃스탠딩,M-65 FISHTAIL PARKA_OLIVE,https://image.msscdn.net/images/goods_img/20240719/4262833/4262833_17892995081603_500.jpg,False
2025-10,A,002014,사파리/헌팅 재킷,002,아우터,10,5394048,v2,브이투,피쉬테일 패딩 파카 (BLACK),https://image.msscdn.net/images/goods_img/20250903/5394048/5394048_17575755167261_500.jpg,False
2025-10,A,002014,사파리/헌팅 재킷,002,아우터,11,2737008,frizmworks,프리즘웍스,OSCAR FISHTAIL JACKET 003 _ OLIVE,https://image.msscdn.net/images/goods_img/20220823/2737008/2737008_1_500.jpg,False
2025-10,A,002014,사파리/헌팅 재킷,002,아우터,12,3096454,frizmworks,프리즘웍스,HERITAGE HUNTING JACKET 002 _ OLIVE,https://image.msscdn.net/images/goods_img/20230221/3096454/3096454_17562766009565_500.jpg,False
2025-10,A,002014,사파리/헌팅 재킷,002,아우터,13,4209318,musinsastandard,무신사 스탠다드,왁스드 CN 헌팅 재킷 [카키 베이지],https://image.msscdn.net/images/goods_img/20240620/4209318/4209318_17241404850243_500.jpg,False
2025-10,A,002014,사파리/헌팅 재킷,002,아우터,14,5463485,outstanding,아웃스탠딩,[MUT lab] MOLESKIN FRENCH WORK JACKET_D.NAVY,https://image.msscdn.net/images/goods_img/20250915/5463485/5463485_17708705281806_500.jpg,False
2025-10,A,002014,사파리/헌팅 재킷,002,아우터,15,5310847,frizmworks,프리즘웍스,OSCAR FISHTAIL JACKET 003 _ NAVY,https://image.msscdn.net/images/goods_img/20250811/5310847/5310847_17556796786426_500.jpg,False
2025-10,A,002014,사파리/헌팅 재킷,002,아우터,16,2206096,corrs,인더스트,[라이너세트] 리뉴얼 오리지널 M65 피시테일 파카_카키,https://image.msscdn.net/images/goods_img/20211028/2206096/2206096_17900456022813_500.jpg,False
2025-10,A,002014,사파리/헌팅 재킷,002,아우터,17,3094151,espionage,에스피오나지,Hunting Blouson Jacket Black,https://image.msscdn.net/images/goods_img/20230220/3094151/3094151_16771293582073_500.jpg,False
2025-10,A,002014,사파리/헌팅 재킷,002,아우터,18,4619952,musinsastandardwoman,무신사 스탠다드 우먼,우먼즈 워시드 코튼 헌팅 재킷 [베이지],https://image.msscdn.net/images/goods_img/20241118/4619952/4619952_17412178889754_500.jpg,False
2025-10,A,002014,사파리/헌팅 재킷,002,아우터,19,4729710,musinsastandard,무신사 스탠다드,캔버스 워크 재킷 [베이지],https://image.msscdn.net/images/goods_img/20250120/4729710/4729710_17411630293475_500.jpg,False
2025-10,A,002014,사파리/헌팅 재킷,002,아우터,20,4209315,musinsastandard,무신사 스탠다드,왁스드 CN 헌팅 재킷 [블랙],https://image.msscdn.net/images/goods_img/20240620/4209315/4209315_17241412298238_500.jpg,False
2025-10,A,002014,사파리/헌팅 재킷,002,아우터,21,4209331,musinsastandard,무신사 스탠다드,캔버스 워크 재킷 [카키],https://image.msscdn.net/images/goods_img/20240620/4209331/4209331_17242016361025_500.jpg,False
2025-10,A,002014,사파리/헌팅 재킷,002,아우터,22,4709917,musinsastandard,무신사 스탠다드,오버사이즈 M-51 크롭 필드 재킷 [블랙],https://image.msscdn.net/images/goods_img/20250110/4709917/4709917_17557650281835_500.jpg,False
2025-10,A,002014,사파리/헌팅 재킷,002,아우터,23,5393364,trillion,트릴리온,코듀로이 카라 워크 헌팅 자켓_4color,https://image.msscdn.net/images/goods_img/20250902/5393364/5393364_17570551470865_500.jpg,False
2025-10,A,002014,사파리/헌팅 재킷,002,아우터,24,2737007,frizmworks,프리즘웍스,OSCAR FISHTAIL JACKET 003 _ BLACK,https://image.msscdn.net/images/goods_img/20220823/2737007/2737007_1_500.jpg,False
2025-10,A,002014,사파리/헌팅 재킷,002,아우터,25,4770921,espionage,에스피오나지,Short Hunting Jacket Dark Grey,https://image.msscdn.net/images/goods_img/20250210/4770921/4770921_17392634959823_500.jpg,False
2025-10,A,002014,사파리/헌팅 재킷,002,아우터,26,5299124,musinsastandard,무신사 스탠다드,M-65 필드 재킷 [카키],https://image.msscdn.net/images/goods_img/20250807/5299124/5299124_17749416891284_500.jpg,False
2025-10,A,002014,사파리/헌팅 재킷,002,아우터,27,5310849,frizmworks,프리즘웍스,VINCENT M1965 FISHTAIL PARKA 004 _ NAVY,https://image.msscdn.net/images/goods_img/20250811/5310849/5310849_17556796275480_500.jpg,False
2025-10,A,002014,사파리/헌팅 재킷,002,아우터,28,5299122,musinsastandard,무신사 스탠다드,백 사틴 정글 퍼티그 재킷 [카키],https://image.msscdn.net/images/goods_img/20250807/5299122/5299122_17557656306906_500.jpg,False
2025-10,A,002014,사파리/헌팅 재킷,002,아우터,29,3227306,tenc,텐씨,OJJ 피쉬테일 롱 파카 - 블랙 / 13CTCUK04030999,https://image.msscdn.net/images/goods_img/20230412/3227306/3227306_16892227246885_500.jpg,False
2025-10,A,002014,사파리/헌팅 재킷,002,아우터,30,4209332,musinsastandard,무신사 스탠다드,캔버스 워크 재킷 [데저트 브라운],https://image.msscdn.net/images/goods_img/20240620/4209332/4209332_17242015564826_500.jpg,False
2025-10,A,002019,아노락 재킷,002,아우터,1,3466549,kiimuir,키뮤어,2-WAY 릴렉스드 헤링턴 자켓_4 color,https://image.msscdn.net/images/goods_img/20230816/3466549/3466549_17732985666081_500.jpg,False
2025-10,A,002019,아노락 재킷,002,아우터,2,3539725,thenorthface,노스페이스,NA3NP70A 펠릭스 히트 아노락,https://image.msscdn.net/images/goods_img/20230907/3539725/3539725_16940643096345_500.jpg,False
2025-10,A,002019,아노락 재킷,002,아우터,3,3547686,eider,아이더,PERTEX (퍼텍스) UNI 윈드치터 아노락 자켓_Black,https://image.msscdn.net/images/goods_img/20230911/3547686/3547686_16943925248753_500.jpg,False
2025-10,A,002019,아노락 재킷,002,아우터,4,5462014,oheshio,오헤시오,"NTC X OHESHIO REVERSIBLE YACHT PARKA, BLACK",https://image.msscdn.net/images/goods_img/20250915/5462014/5462014_17582607196889_500.jpg,False
2025-10,A,002019,아노락 재킷,002,아우터,5,5290140,likethemost,라이크더모스트,유니섹스 에센셜 벌룬 체크 후디 윈드브레이커_브라운,https://image.msscdn.net/images/goods_img/20250804/5290140/5290140_17546385648306_500.jpg,False
2025-10,A,002019,아노락 재킷,002,아우터,6,4506092,thomasmore,토마스모어,게리하프 집업 - 네이비,https://image.msscdn.net/images/goods_img/20241010/4506092/4506092_17285642346352_500.jpg,False
2025-10,A,002019,아노락 재킷,002,아우터,7,1810261,urbanplayers,어반플레이어스,오리지널핏 아노락 자켓 (블랙),https://image.msscdn.net/images/goods_img/20210223/1810261/1810261_1_500.jpg,False
2025-10,A,002019,아노락 재킷,002,아우터,8,4747261,rife,러닝라이프,스톰실 바람막이 자켓 자외선차단(UPF50+),https://image.msscdn.net/images/goods_img/20250131/4747261/4747261_17736467482084_500.png,False
2025-10,A,002019,아노락 재킷,002,아우터,9,4434372,sportchamber,스포츠챔버,SC 오버사이즈 웜업 셔츠(네이비),https://image.msscdn.net/images/goods_img/20240912/4434372/4434372_17405320847269_500.jpg,False
2025-10,A,002019,아노락 재킷,002,아우터,10,5245678,xtonzwoman,루나키후,WXJ029 히나타 체크 배색 립스탑 윈드브레이커 (NAVY),https://image.msscdn.net/images/goods_img/20250714/5245678/5245678_17551402327183_500.jpg,False
2025-10,A,002019,아노락 재킷,002,아우터,11,4742668,umbro,엄브로,HBL 스포티 캐주얼 후드 아노락 블랙(UQ123CWT21),https://image.msscdn.net/images/goods_img/20250124/4742668/4742668_17749208401747_500.jpg,False
2025-10,A,002019,아노락 재킷,002,아우터,12,2515813,lazybee,레이지비,[SET] 캠프 바람막이 아노락 자켓 + 러닝 조거팬츠 M 블랙,https://image.msscdn.net/images/goods_img/20220426/2515813/2515813_17790908305788_500.jpg,False
2025-10,A,002019,아노락 재킷,002,아우터,13,5290141,likethemost,라이크더모스트,유니섹스 에센셜 벌룬 체크 후디 윈드브레이커_블랙,https://image.msscdn.net/images/goods_img/20250804/5290141/5290141_17546382666620_500.jpg,False
2025-10,A,002019,아노락 재킷,002,아우터,14,2502967,lazybee,레이지비,캠프 멀티스포츠 러닝 바람막이 아노락 자켓 상의 M (3컬러),https://image.msscdn.net/images/goods_img/20220420/2502967/2502967_17606761460746_500.jpg,False
2025-10,A,002019,아노락 재킷,002,아우터,15,2000085,superlit,에스릿 스튜디오,[SET] 스테디 라이트 아노락 3P 셋업 블랙,https://image.msscdn.net/images/prd_img/20210617/2000085/detail_2000085_1_500.jpg,False
2025-10,A,002019,아노락 재킷,002,아우터,16,5562131,thomasmore,토마스모어,게리하프 집업 - 모즈 퍼플,https://image.msscdn.net/images/goods_img/20251001/5562131/5562131_17603237965213_500.jpg,False
2025-10,A,002019,아노락 재킷,002,아우터,17,4259388,bysec,바이젝,[SET] 우븐 라인 머슬 브레이커 자켓 + 우븐스판 머슬 브레이커 팬츠,https://image.msscdn.net/images/goods_img/20240718/4259388/4259388_17435628383078_500.jpg,False
2025-10,A,002019,아노락 재킷,002,아우터,18,3497469,thenorthface,노스페이스,NA3NP70C 펠릭스 히트 아노락,https://image.msscdn.net/images/goods_img/20230825/3497469/3497469_16929400769871_500.jpg,False
2025-10,A,002019,아노락 재킷,002,아우터,19,5406696,atez,아테즈,AERO 테크 후드 아노락 윈드 브레이커 [블랙],https://image.msscdn.net/images/goods_img/20250905/5406696/5406696_17570367252291_500.jpg,False
2025-10,A,002019,아노락 재킷,002,아우터,20,3497471,thenorthface,노스페이스,NA3NP70B 펠릭스 히트 아노락,https://image.msscdn.net/images/goods_img/20230825/3497471/3497471_16929401298693_500.jpg,False
2025-10,A,002019,아노락 재킷,002,아우터,21,1817381,travel,트래블,트래블러 버튼 아노락 네이비,https://image.msscdn.net/images/goods_img/20210226/1817381/1817381_2_500.jpg,False
2025-10,A,002019,아노락 재킷,002,아우터,22,3048204,travel,트래블,트래블러 버튼 아노락 바이올렛 핑크,https://image.msscdn.net/images/goods_img/20230130/3048204/3048204_16765891101181_500.jpg,False
2025-10,A,002019,아노락 재킷,002,아우터,23,4938288,commedesgarconsplay,꼼데가르송 플레이,K-WAY x CDG PLAY 레드하트 패커블 하프 집업 재킷 - 블루 / AZJ5020512,https://image.msscdn.net/images/goods_img/20250325/4938288/4938288_17459854014911_500.jpg,False
2025-10,A,002019,아노락 재킷,002,아우터,24,4400327,borntowin,본투윈,REFLECTIVE LINE BIG SYMBOL ANORAK JACKET [BLACK],https://image.msscdn.net/images/goods_img/20240903/4400327/4400327_17612218023319_500.jpg,False
2025-10,A,002019,아노락 재킷,002,아우터,25,5522171,aeae,에이이에이이,SYMBOL FLEECE ANORAK [LIGHT GREY],https://image.msscdn.net/images/goods_img/20250924/5522171/5522171_17592365400291_500.jpg,False
2025-10,A,002019,아노락 재킷,002,아우터,26,5522142,aeae,에이이에이이,SYMBOL FLEECE ANORAK [NAVY],https://image.msscdn.net/images/goods_img/20250924/5522142/5522142_17592365847231_500.jpg,False
2025-10,A,002019,아노락 재킷,002,아우터,27,4243255,urbandtype,어반디타입,커브드 래글런 윈드브레이커_블루,https://image.msscdn.net/images/goods_img/20240710/4243255/4243255_17412285372483_500.jpg,False
2025-10,A,002019,아노락 재킷,002,아우터,28,4743425,malbongolf,말본 골프,버킷 포인트 하프집업 아노락 GREEN (MAN),https://image.msscdn.net/images/goods_img/20250124/4743425/4743425_17376936644445_500.jpg,False
2025-10,A,002019,아노락 재킷,002,아우터,29,5562142,thomasmore,토마스모어,게리하프 집업 - 더스트 베이지,https://image.msscdn.net/images/goods_img/20251001/5562142/5562142_17603237159810_500.jpg,False
2025-10,A,002019,아노락 재킷,002,아우터,30,5295828,kodak,코닥,레인보우 우븐 긴팔 피스테 BLACK,https://image.msscdn.net/images/goods_img/20250806/5295828/5295828_17544491715954_500.jpg,False
2025-10,A,002018,트레이닝 재킷,002,아우터,1,4945148,adidas,아디다스,아디컬러 클래식 트랙탑 (와플) - 원더화이트 / JW0109,https://image.msscdn.net/images/goods_img/20250326/4945148/4945148_17453139295013_500.jpg,False
2025-10,A,002018,트레이닝 재킷,002,아우터,2,4767374,adidas,아디다스,와플 BB 트랙탑  - 원더화이트 / JV9263,https://image.msscdn.net/images/goods_img/20250207/4767374/4767374_17405511510275_500.jpg,False
2025-10,A,002018,트레이닝 재킷,002,아우터,3,3771149,adidas,아디다스,우븐 파이어버드 트랙탑 - 블랙 / IT2491,https://image.msscdn.net/images/goods_img/20240102/3771149/3771149_17042416430428_500.jpg,False
2025-10,A,002018,트레이닝 재킷,002,아우터,4,3563185,adidas,아디다스,파이어버드 트랙탑 - 블랙 / IJ7058,https://image.msscdn.net/images/goods_img/20230915/3563185/3563185_16950017775747_500.jpg,False
2025-10,A,002018,트레이닝 재킷,002,아우터,5,5329567,adidas,아디다스,BB 트랙탑 - 블랙:크림화이트 / KC9299,https://image.msscdn.net/images/goods_img/20250818/5329567/5329567_17573005097318_500.jpg,False
2025-10,A,002018,트레이닝 재킷,002,아우터,6,2353497,urbandtype,어반디타입,OL209_러닝클럽 트랙 자켓_네이비,https://image.msscdn.net/images/goods_img/20220210/2353497/2353497_17875332753234_500.jpg,False
2025-10,A,002018,트레이닝 재킷,002,아우터,7,5197437,adidas,아디다스,아디컬러 클래식 트랙탑 (젠더 뉴트럴) JW0110,https://image.msscdn.net/images/goods_img/20250620/5197437/5197437_17503838637524_500.jpg,False
2025-10,A,002018,트레이닝 재킷,002,아우터,8,5329564,adidas,아디다스,BB 트랙탑 - 크림화이트 / KC3335,https://image.msscdn.net/images/goods_img/20250818/5329564/5329564_17587641173048_500.jpg,False
2025-10,A,002018,트레이닝 재킷,002,아우터,9,3771089,adidas,아디다스,베켄바우어 트랙탑 - 블랙 / IY8077,https://image.msscdn.net/images/goods_img/20240102/3771089/3771089_17041852509353_500.jpg,False
2025-10,A,002018,트레이닝 재킷,002,아우터,10,4865704,adidas,아디다스,ADILENIUM 3 오버사이즈 트랙탑 - 블랙 / JD3392,https://image.msscdn.net/images/goods_img/20250306/4865704/4865704_17416769168214_500.jpg,False
2025-10,A,002018,트레이닝 재킷,002,아우터,11,5329563,adidas,아디다스,BB 트랙탑 - 클리어핑크 / KC3334,https://image.msscdn.net/images/goods_img/20250818/5329563/5329563_17573004720514_500.jpg,False
2025-10,A,002018,트레이닝 재킷,002,아우터,12,4280527,travel,트래블,져지 트랙 자켓 아이보리,https://image.msscdn.net/images/goods_img/20240729/4280527/4280527_17693915589684_500.jpg,False
2025-10,A,002018,트레이닝 재킷,002,아우터,13,5391584,adidas,아디다스,BB 트랙탑 - 올리브 / KC9261,https://image.msscdn.net/images/goods_img/20250902/5391584/5391584_17592812996671_500.jpg,False
2025-10,A,002018,트레이닝 재킷,002,아우터,14,5200530,adidas,아디다스,베켄바우어 트랙탑 - 블랙:화이트 / HZ3743,https://image.msscdn.net/images/goods_img/20250623/5200530/5200530_17507447516406_500.jpg,False
2025-10,A,002018,트레이닝 재킷,002,아우터,15,4280525,travel,트래블,져지 트랙 자켓 네이비,https://image.msscdn.net/images/goods_img/20240729/4280525/4280525_17230945367525_500.jpg,False
2025-10,A,002018,트레이닝 재킷,002,아우터,16,4336062,adidas,아디다스,파이어버드 니트 탑 - 블랙 / IY7278,https://image.msscdn.net/images/goods_img/20240816/4336062/4336062_17242236131024_500.jpg,False
2025-10,A,002018,트레이닝 재킷,002,아우터,17,5391585,adidas,아디다스,BB 트랙탑 - 쉐도우레드 / KC9262,https://image.msscdn.net/images/goods_img/20250902/5391585/5391585_17592198914838_500.jpg,False
2025-10,A,002018,트레이닝 재킷,002,아우터,18,4280526,travel,트래블,져지 트랙 자켓 브라운,https://image.msscdn.net/images/goods_img/20240729/4280526/4280526_17313741600749_500.jpg,False
2025-10,A,002018,트레이닝 재킷,002,아우터,19,5267786,adidas,아디다스,3-스트라이프 우븐 윈드브레이커 - 블랙:화이트 / JX1451,https://image.msscdn.net/images/goods_img/20250723/5267786/5267786_17533132480154_500.jpg,False
2025-10,A,002018,트레이닝 재킷,002,아우터,20,3735923,musinsastandardsp,무신사 스탠다드 스포츠,스포츠 코어 바람막이 (3color),https://image.msscdn.net/images/goods_img/20231128/3735923/3735923_17556576183067_500.jpg,False
2025-10,A,002018,트레이닝 재킷,002,아우터,21,4764492,secondmonolgue,세컨모놀로그,에어플로우 와플 트랙 자켓 [BEIGE]_SEJK022BEIGE,https://image.msscdn.net/images/goods_img/20250206/4764492/4764492_17769926813801_500.jpg,False
2025-10,A,002018,트레이닝 재킷,002,아우터,22,4799580,borntowin,본투윈,NYLON BLOCK JACKET [BLACK],https://image.msscdn.net/images/goods_img/20250218/4799580/4799580_17579089101576_500.jpg,False
2025-10,A,002018,트레이닝 재킷,002,아우터,23,4759906,adidas,아디다스,파이어버드 루즈 트랙탑 - 블랙 / JC8251,https://image.msscdn.net/images/goods_img/20250205/4759906/4759906_17388280835483_500.jpg,False
2025-10,A,002018,트레이닝 재킷,002,아우터,24,5334862,adidas,아디다스,오버사이즈 트랙탑 - 블랙 / KC2605,https://image.msscdn.net/images/goods_img/20250819/5334862/5334862_17556596235268_500.jpg,False
2025-10,A,002018,트레이닝 재킷,002,아우터,25,4071241,adidas,아디다스,아디컬러 클래식 파이어버드 트랙탑 IR9893,https://image.msscdn.net/images/goods_img/20240420/4071241/4071241_17435764732743_500.jpg,False
2025-10,A,002018,트레이닝 재킷,002,아우터,26,4851406,nike,나이키,스트라이드 리펠 UV 러닝 재킷 M - 블랙 / HV4549-010,https://image.msscdn.net/images/goods_img/20250304/4851406/4851406_17417478253759_500.jpg,False
2025-10,A,002018,트레이닝 재킷,002,아우터,27,4496172,adidas,아디다스,BB 트랙탑 - 네이비:오렌지 / JD5268,https://image.msscdn.net/images/goods_img/20241008/4496172/4496172_17453957498682_500.jpg,False
2025-10,A,002018,트레이닝 재킷,002,아우터,28,4234917,adidas,아디다스,베켄바우어 트랙탑 - 블랙 / IW3174,https://image.msscdn.net/images/goods_img/20240705/4234917/4234917_17205041502880_500.jpg,False
2025-10,A,002018,트레이닝 재킷,002,아우터,29,5435913,adidas,아디다스,파이어버드 메탈릭 트랙탑 - 블랙 / JW5960,https://image.msscdn.net/images/goods_img/20250910/5435913/5435913_17579179276106_500.jpg,False
2025-10,A,002018,트레이닝 재킷,002,아우터,30,5435921,adidas,아디다스,파이어버드 트랙탑 - 브라운 / KA0459,https://image.msscdn.net/images/goods_img/20250910/5435921/5435921_17579177042403_500.jpg,False
2025-10,A,002021,베스트,002,아우터,1,4989964,thenorthface,노스페이스,NV3NR50A 눕시 온볼 베스트_BLACK,https://image.msscdn.net/images/goods_img/20250404/4989964/4989964_17708638263347_500.jpg,False
2025-10,A,002021,베스트,002,아우터,2,4478554,nike,나이키,써마 핏 ADV 리펠 다운 러닝 베스트 M - 블랙 / FB7543-010,https://image.msscdn.net/images/goods_img/20240930/4478554/4478554_17292145240391_500.jpg,False
2025-10,A,002021,베스트,002,아우터,3,4323432,musinsastandard,무신사 스탠다드,시티 레저 유틸리티 패딩 베스트 [블랙],https://image.msscdn.net/images/goods_img/20240813/4323432/4323432_17273403512476_500.jpg,False
2025-10,A,002021,베스트,002,아우터,4,4644497,musinsastandardsp,무신사 스탠다드 스포츠,러닝 베스트 (3color),https://image.msscdn.net/images/goods_img/20241202/4644497/4644497_17846179657550_500.jpg,False
2025-10,A,002021,베스트,002,아우터,5,3493799,poloralphlauren,폴로 랄프 로렌,케이블 니트 코튼 스웨터 베스트 - 네이비,https://image.msscdn.net/images/goods_img/20230824/3493799/3493799_16940628044656_500.jpg,False
2025-10,A,002021,베스트,002,아우터,6,3125671,matinkim,마뗑킴,SPELL POINT STRIPE KNIT VEST,https://image.msscdn.net/images/goods_img/20230306/3125671/3125671_16782581740082_500.jpg,False
2025-10,A,002021,베스트,002,아우터,7,5353061,patagonia,파타고니아,멘즈 클래식 레트로-X 베스트 / 23049Q7,https://image.msscdn.net/images/goods_img/20250822/5353061/5353061_17558247181510_500.jpg,False
2025-10,A,002021,베스트,002,아우터,8,1305385,drawfit,드로우핏,오버핏 울 니트 베스트 [BLACK],https://image.msscdn.net/images/goods_img/20200214/1305385/1305385_16804992777098_500.jpg,False
2025-10,A,002021,베스트,002,아우터,9,4970524,newbalance,뉴발란스,NBGUF45301 / PF 러닝베스트 (BLACK),https://image.msscdn.net/images/goods_img/20250401/4970524/4970524_17890234397702_500.jpg,False
2025-10,A,002021,베스트,002,아우터,10,5354805,nike,나이키,스위프트 써마 핏 러닝 베스트 W - 블랙 / HV2656-010,https://image.msscdn.net/images/goods_img/20250822/5354805/5354805_17562811690551_500.jpg,False
2025-10,A,002021,베스트,002,아우터,11,2729754,snowpeakapparel,스노우피크 어패럴,랜드 경량 다운 베스트 (S25WMGDV60) Black,https://image.msscdn.net/images/goods_img/20220819/2729754/2729754_17870482701380_500.jpg,False
2025-10,A,002021,베스트,002,아우터,12,5402808,snowpeakapparel,스노우피크 어패럴,에어리 라운드넥 경량 다운 베스트 (S25WMTDV58) Dark Charcoal,https://image.msscdn.net/images/goods_img/20250904/5402808/5402808_17633556743067_500.jpg,False
2025-10,A,002021,베스트,002,아우터,13,3851893,musinsastandard,무신사 스탠다드,시티 레저 후디드 베스트 [블랙],https://image.msscdn.net/images/goods_img/20240206/3851893/3851893_17098746779827_500.jpg,False
2025-10,A,002021,베스트,002,아우터,14,5380373,yeseyesee,예스아이씨,Y.E.S Full Zip Fleece Vest Grey,https://image.msscdn.net/images/goods_img/20250829/5380373/5380373_17573209431357_500.jpg,False
2025-10,A,002021,베스트,002,아우터,15,5555326,sunlove,썬러브,Polartec® Alpha® Zip Up Vest Green,https://image.msscdn.net/images/goods_img/20250930/5555326/5555326_17592248963419_500.jpg,False
2025-10,A,002021,베스트,002,아우터,16,2325610,takeasy,테이크이지,케이블 스몰라쿠 니트 베스트(네이비),https://image.msscdn.net/images/goods_img/20220125/2325610/2325610_2_500.jpg,False
2025-10,A,002021,베스트,002,아우터,17,5468836,gramicci,그라미치,써멀 리버시블 플리스 베스트 Chartreuse Stripe,https://image.msscdn.net/images/goods_img/20250916/5468836/5468836_17581670040598_500.jpg,False
2025-10,A,002021,베스트,002,아우터,18,5353054,patagonia,파타고니아,멘즈 레트로 파일 베스트 / 22821Q7,https://image.msscdn.net/images/goods_img/20250822/5353054/5353054_17604276015887_500.jpg,False
2025-10,A,002021,베스트,002,아우터,19,5401713,descente,데상트,에센셜 푸퍼 덕 다운 베스트 블랙(SQ423UDVO1),https://image.msscdn.net/images/goods_img/20250904/5401713/5401713_17900595305368_500.jpg,False
2025-10,A,002021,베스트,002,아우터,20,3450014,snowpeakapparel,스노우피크 어패럴,랜드 여성 경량 다운 베스트 (S25WWGDV61) Black,https://image.msscdn.net/images/goods_img/20230808/3450014/3450014_17877895946882_500.jpg,False
2025-10,A,002021,베스트,002,아우터,21,4281744,levis,리바이스,샌섬 베스트_A8580-0001,https://image.msscdn.net/images/goods_img/20240730/4281744/4281744_17223087496479_500.jpg,False
2025-10,A,002021,베스트,002,아우터,22,3078393,musinsastandardwoman,무신사 스탠다드 우먼,우먼즈 라이트웨이트 테일러드 베스트 [블랙],https://image.msscdn.net/images/goods_img/20230213/3078393/3078393_17467822386615_500.jpg,False
2025-10,A,002021,베스트,002,아우터,23,3481340,lee,리,리버서블 플리스 베스트 아이보리,https://image.msscdn.net/images/goods_img/20230821/3481340/3481340_16927560493931_500.jpg,False
2025-10,A,002021,베스트,002,아우터,24,3607313,eider,아이더,GL (GO LIGHT) UNI 다운 베스트_Black,https://image.msscdn.net/images/goods_img/20231006/3607313/3607313_16965539731872_500.jpg,False
2025-10,A,002021,베스트,002,아우터,25,4548900,thenorthface,노스페이스,NV1DQ56A 남성 1996 노벨티 눕시 베스트 (RDS 다운),https://image.msscdn.net/images/goods_img/20241023/4548900/4548900_17308577061261_500.jpg,False
2025-10,A,002021,베스트,002,아우터,26,4327255,thenorthface,노스페이스,NV4FQ55A 데날리 플리스 베스트_BLACK,https://image.msscdn.net/images/goods_img/20240813/4327255/4327255_17828667462176_500.jpg,False
2025-10,A,002021,베스트,002,아우터,27,5381650,patagonia,파타고니아,리버서블 코튼 다운 베스트 / 26840Q7,https://image.msscdn.net/images/goods_img/20250831/5381650/5381650_17591254643311_500.jpg,False
2025-10,A,002021,베스트,002,아우터,28,2739719,snowpeakapparel,스노우피크 어패럴,랜드 여성 경량 다운베스트 (S25WWGDV61) Light Beige,https://image.msscdn.net/images/goods_img/20220824/2739719/2739719_17893544538922_500.jpg,False
2025-10,A,002021,베스트,002,아우터,29,5353186,patagonia,파타고니아,우먼즈 클래식 레트로-X 베스트 / 23084Q7,https://image.msscdn.net/images/goods_img/20250822/5353186/5353186_17558256529418_500.jpg,False
2025-10,A,002021,베스트,002,아우터,30,3652338,takeasy,테이크이지,오디너리 페어아일 베스트 가디건 - 2 COLOR,https://image.msscdn.net/images/goods_img/20231024/3652338/3652338_16999469117522_500.jpg,False
2025-10,A,002008,환절기 코트,002,아우터,1,5382106,spao,스파오,더플 숏 코트_SPJWF4TGY4,https://image.msscdn.net/images/goods_img/20250901/5382106/5382106_17655180726800_500.jpg,False
2025-10,A,002008,환절기 코트,002,아우터,2,4845466,musinsastandard,무신사 스탠다드,시티 레저 CN 오버사이즈 발마칸 트렌치 코트 [블랙],https://image.msscdn.net/images/goods_img/20250228/4845466/4845466_17416755739427_500.jpg,False
2025-10,A,002008,환절기 코트,002,아우터,3,4845467,musinsastandard,무신사 스탠다드,시티 레저 CN 오버사이즈 발마칸 트렌치 코트 [그레이],https://image.msscdn.net/images/goods_img/20250228/4845467/4845467_17419089858460_500.jpg,False
2025-10,A,002008,환절기 코트,002,아우터,4,4594017,musinsastandard,무신사 스탠다드,오버사이즈 발마칸 트렌치 코트 [블랙],https://image.msscdn.net/images/goods_img/20241106/4594017/4594017_17369119667186_500.jpg,False
2025-10,A,002008,환절기 코트,002,아우터,5,680961,flareup,플레어업,오버사이즈 트렌치코트 (FL-012),https://image.msscdn.net/images/prd_img/20171130/680961/detail_680961_37_500.jpg,False
2025-10,A,002008,환절기 코트,002,아우터,6,2360891,urago,유라고,Mac half trench coat,https://image.msscdn.net/images/goods_img/20220215/2360891/2360891_17901400385390_500.jpg,False
2025-10,A,002008,환절기 코트,002,아우터,7,5536316,artid,아티드,캐시미어 하프 코트_2COLORS,https://image.msscdn.net/images/goods_img/20250926/5536316/5536316_17623089340008_500.jpg,False
2025-10,A,002008,환절기 코트,002,아우터,8,4845468,musinsastandard,무신사 스탠다드,시티 레저 CN 오버사이즈 발마칸 트렌치 코트 [리프 베이지],https://image.msscdn.net/images/goods_img/20250228/4845468/4845468_17416754901222_500.jpg,False
2025-10,A,002008,환절기 코트,002,아우터,9,3307245,thombrowne,톰브라운,4 바 폴로 카라 코트 - 네이비 / MKJ098AY3028415,https://image.msscdn.net/images/goods_img/20230518/3307245/3307245_16867234240617_500.jpg,False
2025-10,A,002008,환절기 코트,002,아우터,10,4659197,burberry,버버리,롱 켄싱턴 헤리티지 W 트렌치 코트 - 허니 / 8079414,https://image.msscdn.net/images/goods_img/20241210/4659197/4659197_17346833458857_500.jpg,False
2025-10,A,002008,환절기 코트,002,아우터,11,3347280,ami,아미,싱글 브레스티드 코트 - 네이비 블루 / HCO003WV0004491,https://image.msscdn.net/images/goods_img/20230605/3347280/3347280_16926705385812_500.jpg,False
2025-10,A,002008,환절기 코트,002,아우터,12,5313665,misekiseoul,미세키서울,Cowl neck button Jacket BLACK,https://image.msscdn.net/images/goods_img/20250812/5313665/5313665_17572951809821_500.jpg,False
2025-10,A,002008,환절기 코트,002,아우터,13,4268575,overdueflair,오버듀플레어,CLASSIC SUEDE JACKET_CAMEL,https://image.msscdn.net/images/goods_img/20240723/4268575/4268575_17242222531735_500.jpg,False
2025-10,A,002008,환절기 코트,002,아우터,14,5288220,noirer,노이어,램스 레더 베지터블 발마칸 코트 (블랙),https://image.msscdn.net/images/goods_img/20250801/5288220/5288220_17575687182268_500.jpg,False
2025-10,A,002008,환절기 코트,002,아우터,15,1744623,flareup,플레어업,Oversized Raglan Trench Coat - Black (FL-020),https://image.msscdn.net/images/goods_img/20210112/1744623/1744623_16925776963117_500.jpg,False
2025-10,A,002008,환절기 코트,002,아우터,16,4552254,nusarchive,너스,Burn Black Coat,https://image.msscdn.net/images/goods_img/20241024/4552254/4552254_17297407047551_500.jpg,False
2025-10,A,002008,환절기 코트,002,아우터,17,4202563,burberry,버버리,롱 켄싱턴 헤리티지 트렌치 코트 - 블랙 / 8079412,https://image.msscdn.net/images/goods_img/20240618/4202563/4202563_17212901997168_500.jpg,False
2025-10,A,002008,환절기 코트,002,아우터,18,3086679,covernat,커버낫,오버핏 래글런 싱글 코트 베이지,https://image.msscdn.net/images/goods_img/20230215/3086679/3086679_16944081498606_500.jpg,False
2025-10,A,002008,환절기 코트,002,아우터,19,4594019,musinsastandard,무신사 스탠다드,오버사이즈 발마칸 트렌치 코트 [네이비],https://image.msscdn.net/images/goods_img/20241106/4594019/4594019_17369119192560_500.jpg,False
2025-10,A,002008,환절기 코트,002,아우터,20,3293824,ami,아미,싱글 브레스티드 코트 - 네이비 블루 / HCO003WV0001491,https://image.msscdn.net/images/goods_img/20230512/3293824/3293824_16867246913637_500.jpg,False
2025-10,A,002008,환절기 코트,002,아우터,21,4594018,musinsastandard,무신사 스탠다드,오버사이즈 발마칸 트렌치 코트 [베이지],https://image.msscdn.net/images/goods_img/20241106/4594018/4594018_17369119384489_500.jpg,False
2025-10,A,002008,환절기 코트,002,아우터,22,5415987,espionage,에스피오나지,British Gas Cape Coat Olive,https://image.msscdn.net/images/goods_img/20250908/5415987/5415987_17574693513544_500.jpg,False
2025-10,A,002008,환절기 코트,002,아우터,23,3598335,lee,리,울 발마칸 코트 카멜,https://image.msscdn.net/images/goods_img/20230927/3598335/3598335_16993255655022_500.jpg,False
2025-10,A,002008,환절기 코트,002,아우터,24,3152655,mindbridge,마인드브릿지,[SMART][COUTURE]더블트렌치코트 라이트베이지 MXCA2101,https://image.msscdn.net/images/goods_img/20230316/3152655/3152655_16789399394204_500.jpg,False
2025-10,A,002008,환절기 코트,002,아우터,25,5404722,thecoldestmoment,더콜디스트모먼트,TCM vintage fishtail jacket (khaki),https://image.msscdn.net/images/goods_img/20250904/5404722/5404722_17580071391959_500.jpg,False
2025-10,A,002008,환절기 코트,002,아우터,26,5415954,espionage,에스피오나지,British Gas Cape Coat Black,https://image.msscdn.net/images/goods_img/20250908/5415954/5415954_17574689567439_500.jpg,False
2025-10,A,002008,환절기 코트,002,아우터,27,2110658,nicknicole,닉앤니콜,OVERSIZED DOUBLE TRENCH COAT_8COLOR,https://image.msscdn.net/images/goods_img/20210906/2110658/2110658_17289677830789_500.jpg,False
2025-10,A,002008,환절기 코트,002,아우터,28,5313681,misekiseoul,미세키서울,Cowl neck button Jacket CHARCOAL,https://image.msscdn.net/images/goods_img/20250812/5313681/5313681_17572952498008_500.jpg,False
2025-10,A,002008,환절기 코트,002,아우터,29,5452794,seo,에스이오,HOURGLASS FAUX LEATHER COAT,https://image.msscdn.net/images/goods_img/20250912/5452794/5452794_17576652155101_500.jpg,False
2025-10,A,002008,환절기 코트,002,아우터,30,4593967,musinsastandardwoman,무신사 스탠다드 우먼,우먼즈 오버사이즈 싱글 트렌치 코트 [라이트 베이지],https://image.msscdn.net/images/goods_img/20241106/4593967/4593967_17368476607026_500.jpg,False
2025-10,A,002015,기타 아우터,002,아우터,1,5360731,salomon,살로몬,모디세이 패딩 자켓_LC2992100,https://image.msscdn.net/images/goods_img/20250825/5360731/5360731_17899800512692_500.jpg,False
2025-10,A,002015,기타 아우터,002,아우터,2,5367614,arcteryx,아크테릭스,아톰 SV 후디 남성 - BLACK / AJPFM09902,https://image.msscdn.net/images/goods_img/20250827/5367614/5367614_17573795222252_500.jpg,False
2025-10,A,002015,기타 아우터,002,아우터,3,5599896,arcteryx,아크테릭스,아톰 후디 남성 - BLACK / AJPFM09556,https://image.msscdn.net/images/goods_img/20251016/5599896/5599896_17616152350008_500.jpg,False
2025-10,A,002015,기타 아우터,002,아우터,4,5445842,hondaxphyps,혼다 모터사이클,Track Zip up Jacket (5Colors),https://image.msscdn.net/images/goods_img/20250911/5445842/5445842_17630862995747_500.jpg,False
2025-10,A,002015,기타 아우터,002,아우터,5,2837405,matinkim,마뗑킴,MATIN KIM LOGO COATING JUMPER,https://image.msscdn.net/images/goods_img/20221004/2837405/2837405_1_500.jpg,False
2025-10,A,002015,기타 아우터,002,아우터,6,3493776,poloralphlauren,폴로 랄프 로렌,코튼 트윌 치노 재킷 - 베이지,https://image.msscdn.net/images/goods_img/20230824/3493776/3493776_16940558616592_500.jpg,False
2025-10,A,002015,기타 아우터,002,아우터,7,5340564,adidas,아디다스,니트 트랙탑  - 화이트:블랙 / KC2649,https://image.msscdn.net/images/goods_img/20250820/5340564/5340564_17557568401721_500.jpg,False
2025-10,A,002015,기타 아우터,002,아우터,8,5445953,hondaxphyps,혼다 모터사이클,Piping Motorcycle Blouson Jacket (3Colors),https://image.msscdn.net/images/goods_img/20250911/5445953/5445953_17636221016104_500.jpg,False
2025-10,A,002015,기타 아우터,002,아우터,9,4439851,dickies,디키즈,트윌 워크 재킷 Khaki,https://image.msscdn.net/images/goods_img/20240913/4439851/4439851_17325800749993_500.jpg,False
2025-10,A,002015,기타 아우터,002,아우터,10,5403193,adidas,아디다스,니트 트랙탑 - 원더알루미나 / KC2618,https://image.msscdn.net/images/goods_img/20250904/5403193/5403193_17569778952082_500.jpg,False
2025-10,A,002015,기타 아우터,002,아우터,11,5502933,nike,나이키,ACG 라바 플로우 써마 핏 ADV 재킷 M - 블랙:서밋 화이트 / HJ3736-010,https://image.msscdn.net/images/goods_img/20250922/5502933/5502933_17586884626594_500.jpg,False
2025-10,A,002015,기타 아우터,002,아우터,12,5364802,adidas,아디다스,오버사이즈 와플 니트 트랙탑  - 블랙 / KC2619,https://image.msscdn.net/images/goods_img/20250826/5364802/5364802_17562568593395_500.jpg,False
2025-10,A,002015,기타 아우터,002,아우터,13,4439849,dickies,디키즈,트윌 워크 재킷 Black,https://image.msscdn.net/images/goods_img/20240913/4439849/4439849_17325800650698_500.jpg,False
2025-10,A,002015,기타 아우터,002,아우터,14,4440721,poloralphlauren,폴로 랄프 로렌,코튼 트윌 재킷-네이비,https://image.msscdn.net/images/goods_img/20240913/4440721/4440721_17292160301994_500.jpg,False
2025-10,A,002015,기타 아우터,002,아우터,15,5360729,salomon,살로몬,모디세이 패딩 자켓_LC2992200,https://image.msscdn.net/images/goods_img/20250825/5360729/5360729_17568113407097_500.jpg,False
2025-10,A,002015,기타 아우터,002,아우터,16,4355292,dunstforwomen,던스트,CLASSIC TWEED JACKET_UDJA5C203_MELANGE GREY,https://image.msscdn.net/images/goods_img/20240821/4355292/4355292_17883291932293_500.jpg,False
2025-10,A,002015,기타 아우터,002,아우터,17,5481343,loeuvre,루에브르,Asymmetric Placket Faux Suede Jacket SL5XJ830-B8,https://image.msscdn.net/images/goods_img/20250917/5481343/5481343_17875346432281_500.jpg,False
2025-10,A,002015,기타 아우터,002,아우터,18,4811740,unionblue,유니온블루,REVERSIBLE LINER JACKET [BLACK/KHAKI],https://image.msscdn.net/images/goods_img/20250220/4811740/4811740_17586905117097_500.jpg,False
2025-10,A,002015,기타 아우터,002,아우터,19,5309552,ason,애즈온,DUMBO WOOL JACKET / GRAY,https://image.msscdn.net/images/goods_img/20250811/5309552/5309552_17580909978201_500.jpg,False
2025-10,A,002015,기타 아우터,002,아우터,20,5316085,hugyourskin,허그유어스킨,체크 리버시블 후드 자켓 (블랙),https://image.msscdn.net/images/goods_img/20250812/5316085/5316085_17575739282604_500.jpg,False
2025-10,A,002015,기타 아우터,002,아우터,21,1620285,poloralphlauren,폴로 랄프 로렌,바이스윙 윈드브레이커 - 네이비,https://image.msscdn.net/images/goods_img/20200923/1620285/1620285_2_500.jpg,False
2025-10,A,002015,기타 아우터,002,아우터,22,5309553,ason,애즈온,DUMBO WOOL JACKET / BLACK,https://image.msscdn.net/images/goods_img/20250811/5309553/5309553_17580906062795_500.jpg,False
2025-10,A,002015,기타 아우터,002,아우터,23,5309549,ason,애즈온,POSET CORDUROY JACKET,https://image.msscdn.net/images/goods_img/20250811/5309549/5309549_17580913907891_500.jpg,False
2025-10,A,002015,기타 아우터,002,아우터,24,3471497,frizmworks,프리즘웍스,CORDUROY BUDDY HARRINGTON JACKET _ BROWN,https://image.msscdn.net/images/goods_img/20230817/3471497/3471497_16927568210912_500.jpg,False
2025-10,A,002015,기타 아우터,002,아우터,25,4641917,arcteryx,아크테릭스,아톰 자켓 남성 - STRATUS / AJOFMX7349,https://image.msscdn.net/images/goods_img/20241128/4641917/4641917_17332123614943_500.jpg,False
2025-10,A,002015,기타 아우터,002,아우터,26,1114845,musinsastandardwoman,무신사 스탠다드 우먼,우먼즈 트랜스폼 라운드 넥 라이트 다운 재킷 [블랙],https://image.msscdn.net/images/goods_img/20190809/1114845/1114845_17625006973499_500.jpg,False
2025-10,A,002015,기타 아우터,002,아우터,27,4794628,arcteryx,아크테릭스,베타 AR 자켓 남성 - BLACK / AJPSM07082,https://image.msscdn.net/images/goods_img/20250217/4794628/4794628_17404592954302_500.jpg,False
2025-10,A,002015,기타 아우터,002,아우터,28,5487934,adidas,아디다스,팀 리버서블 패디드 재킷 - 크림화이트 / KC0094,https://image.msscdn.net/images/goods_img/20250918/5487934/5487934_17585177796361_500.jpg,False
2025-10,A,002015,기타 아우터,002,아우터,29,4514395,trillion,트릴리온,코듀로이 카라 스웨이드 집업 워크 자켓 [블랙],https://image.msscdn.net/images/goods_img/20241014/4514395/4514395_17298226223955_500.jpg,False
2025-10,A,002015,기타 아우터,002,아우터,30,5445109,unionblue,유니온블루,HERRINGBONE REVERSIBLE LINER JACKET [GRAPHITE/GRAY],https://image.msscdn.net/images/goods_img/20250911/5445109/5445109_17591313331542_500.jpg,False
2025-10,A,003,바지,,,1,1844582,brenson,브렌슨,(Renew Ver.) 원턱 와이드 스웨트 팬츠 ( 8Color ) ( 기모선택 ),https://image.msscdn.net/images/goods_img/20210315/1844582/1844582_17774456564921_500.jpg,False
2025-10,A,003,바지,,,2,3791988,filluminate,필루미네이트,데미지 워시드 데님 팬츠-미디엄 블루,https://image.msscdn.net/images/goods_img/20240112/3791988/3791988_17894491801613_500.jpg,False
2025-10,A,003,바지,,,3,1735427,selfesteem,에스이에스티,[2PACK] 와이드핏 트레이닝 스웨트 팬츠 - 6Color,https://image.msscdn.net/images/goods_img/20210104/1735427/1735427_17646558259203_500.jpg,False
2025-10,A,003,바지,,,4,4993414,signature,시그니처,와이드 커브드 다트 코튼 팬츠[베이지],https://image.msscdn.net/images/goods_img/20250407/4993414/4993414_17883391236407_500.jpg,False
2025-10,A,003,바지,,,5,1551839,xero,제로,Deep One Tuck Sweat Pants [Black],https://image.msscdn.net/images/goods_img/20200818/1551839/1551839_1_500.jpg,False
2025-10,A,003,바지,,,6,1168906,musinsastandard,무신사 스탠다드,와이드 히든 밴딩 슬랙스 [블랙],https://image.msscdn.net/images/goods_img/20190927/1168906/1168906_17224121763738_500.jpg,False
2025-10,A,003,바지,,,7,1149329,musinsastandard,무신사 스탠다드,세미 와이드 히든 밴딩 슬랙스 [블랙],https://image.msscdn.net/images/goods_img/20190910/1149329/1149329_17775152531848_500.jpg,False
2025-10,A,003,바지,,,8,2112061,gakka2,가까이 유니언즈,[여름 or 기모 or 사계절 원단 선택] 원턱 와이드 스웨트팬츠 블랙,https://image.msscdn.net/images/goods_img/20210906/2112061/2112061_17459952841713_500.jpg,False
2025-10,A,003,바지,,,9,3674341,boundary,바운더리,투턱 와이드 롱 스웨트 팬츠 [블랙],https://image.msscdn.net/images/goods_img/20231101/3674341/3674341_17042599581270_500.jpg,False
2025-10,A,003,바지,,,10,1168922,musinsastandard,무신사 스탠다드,리얼 와이드 히든 밴딩 슬랙스 [블랙],https://image.msscdn.net/images/goods_img/20190927/1168922/1168922_17784624760417_500.jpg,False
2025-10,A,003,바지,,,11,1551840,xero,제로,Deep One Tuck Sweat Pants [Grey],https://image.msscdn.net/images/goods_img/20200818/1551840/1551840_1_500.jpg,False
2025-10,A,003,바지,,,12,3663072,toffee,토피,모어 와이드 데님 팬츠 (WASHED RAW BLACK),https://image.msscdn.net/images/goods_img/20231027/3663072/3663072_16988871011427_500.jpg,False
2025-10,A,003,바지,,,13,5489728,xero,제로,Deep One Tuck Sweat Pants [15 Colors],https://image.msscdn.net/images/goods_img/20250918/5489728/5489728_17587765479442_500.jpg,False
2025-10,A,003,바지,,,14,2112059,gakka2,가까이 유니언즈,[여름 or 기모 or 사계절 원단 선택] 원턱 와이드 스웨트팬츠 그레이,https://image.msscdn.net/images/goods_img/20210906/2112059/2112059_17473624399256_500.jpg,False
2025-10,A,003,바지,,,15,750908,wholovesart,후러브스아트,[기모 or 논기모] 유니섹스 세미 와이드 밴딩 슬랙스 블랙,https://image.msscdn.net/images/goods_img/20180406/750908/750908_17736379434172_500.jpg,False
2025-10,A,003,바지,,,16,5367961,dimitriblack,디미트리블랙,VLAD 원턱 커브드 트랙 스웻 팬츠_피그먼트 차콜,https://image.msscdn.net/images/goods_img/20250827/5367961/5367961_17564338248285_500.jpg,False
2025-10,A,003,바지,,,17,5338392,ambler,엠블러,Angel Star Patch 자수 원턱 스트링 와이드 스웨트 팬츠 AP903 (블랙),https://image.msscdn.net/images/goods_img/20250819/5338392/5338392_17564331759079_500.jpg,False
2025-10,A,003,바지,,,18,4993411,signature,시그니처,와이드 커브드 다트 코튼 팬츠[블랙],https://image.msscdn.net/images/goods_img/20250407/4993411/4993411_17853022954116_500.jpg,False
2025-10,A,003,바지,,,19,1627892,musinsastandard,무신사 스탠다드,레플리카 퍼티그 팬츠 [카키],https://image.msscdn.net/images/goods_img/20200928/1627892/1627892_17827088773028_500.jpg,False
2025-10,A,003,바지,,,20,5308542,ghostrepublic,고스트리퍼블릭,커브드 사이드 핀턱 벌룬 스웨트팬츠 GLP-650_블랙,https://image.msscdn.net/images/goods_img/20250811/5308542/5308542_17560976834295_500.jpg,False
2025-10,A,003,바지,,,21,4757347,untapped,언탭트 스튜디오,빈티지 프론트 워싱 와이드 벌룬 데님 팬츠 3Color,https://image.msscdn.net/images/goods_img/20250204/4757347/4757347_17389245694198_500.jpg,False
2025-10,A,003,바지,,,22,2820939,musinsastandardwoman,무신사 스탠다드 우먼,우먼즈 더블 니트 투 턱 와이드 라운지 스웨트 팬츠 [블랙],https://image.msscdn.net/images/goods_img/20220927/2820939/2820939_17625014945098_500.jpg,False
2025-10,A,003,바지,,,23,4274049,lemainsecond,리메인세컨드,빈티지 캣워싱 와이드 데님 팬츠 [옐로우 워싱],https://image.msscdn.net/images/prd_img/20240725/4274049/detail_4274049_17757836079460_500.jpg,False
2025-10,A,003,바지,,,24,4747231,leire,르아르,에브리데이 커브드 데님 팬츠 [블랙],https://image.msscdn.net/images/goods_img/20250130/4747231/4747231_17745029104425_500.jpg,False
2025-10,A,003,바지,,,25,4556447,scallywag,스켈리웩,[기모원단추가]벌룬핏 스웨트 팬츠[블랙],https://image.msscdn.net/images/goods_img/20241024/4556447/4556447_17890205647368_500.jpg,False
2025-10,A,003,바지,,,26,2744549,anolorcode,어널러코드,사계절 쓰리턱 트레이닝팬츠 (2color),https://image.msscdn.net/images/goods_img/20220825/2744549/2744549_17848712083816_500.jpg,False
2025-10,A,003,바지,,,27,5308541,ghostrepublic,고스트리퍼블릭,커브드 사이드 핀턱 벌룬 스웨트팬츠 GLP-650_그레이,https://image.msscdn.net/images/goods_img/20250811/5308541/5308541_17560977545600_500.jpg,False
2025-10,A,003,바지,,,28,4258826,buttonseoul,버튼서울,베이직 라인 나일론 스트링 팬츠 (블랙),https://image.msscdn.net/images/goods_img/20240718/4258826/4258826_17246350067348_500.png,False
2025-10,A,003,바지,,,29,5311382,untapped,언탭트 스튜디오,워시드 오버 와이드 코튼 데님팬츠 3Color,https://image.msscdn.net/images/goods_img/20250812/5311382/5311382_17549965010305_500.jpg,False
2025-10,A,003,바지,,,30,2513018,afresh,어프레쉬,[기모버전 추가] 에어스트레치 조거팬츠_블랙 트레이닝,https://image.msscdn.net/images/goods_img/20220425/2513018/2513018_17858061457763_500.jpg,False
2025-10,A,003002,데님 팬츠,003,바지,1,3791988,filluminate,필루미네이트,데미지 워시드 데님 팬츠-미디엄 블루,https://image.msscdn.net/images/goods_img/20240112/3791988/3791988_17894491801613_500.jpg,False
2025-10,A,003002,데님 팬츠,003,바지,2,3663072,toffee,토피,모어 와이드 데님 팬츠 (WASHED RAW BLACK),https://image.msscdn.net/images/goods_img/20231027/3663072/3663072_16988871011427_500.jpg,False
2025-10,A,003002,데님 팬츠,003,바지,3,4757347,untapped,언탭트 스튜디오,빈티지 프론트 워싱 와이드 벌룬 데님 팬츠 3Color,https://image.msscdn.net/images/goods_img/20250204/4757347/4757347_17389245694198_500.jpg,False
2025-10,A,003002,데님 팬츠,003,바지,4,4274049,lemainsecond,리메인세컨드,빈티지 캣워싱 와이드 데님 팬츠 [옐로우 워싱],https://image.msscdn.net/images/prd_img/20240725/4274049/detail_4274049_17757836079460_500.jpg,False
2025-10,A,003002,데님 팬츠,003,바지,5,4747231,leire,르아르,에브리데이 커브드 데님 팬츠 [블랙],https://image.msscdn.net/images/goods_img/20250130/4747231/4747231_17745029104425_500.jpg,False
2025-10,A,003002,데님 팬츠,003,바지,6,5311382,untapped,언탭트 스튜디오,워시드 오버 와이드 코튼 데님팬츠 3Color,https://image.msscdn.net/images/goods_img/20250812/5311382/5311382_17549965010305_500.jpg,False
2025-10,A,003002,데님 팬츠,003,바지,7,3791990,filluminate,필루미네이트,데미지 워시드 데님 팬츠-블랙,https://image.msscdn.net/images/goods_img/20240112/3791990/3791990_17894492105263_500.jpg,False
2025-10,A,003002,데님 팬츠,003,바지,8,4750062,workonbodyoff,워크온바디오프,릴렉스 세미 와이드 데님 팬츠 (5color),https://image.msscdn.net/images/goods_img/20250203/4750062/4750062_17890056901943_500.jpg,False
2025-10,A,003002,데님 팬츠,003,바지,9,5066602,decet,데케트,[패션플래닛X데케트][올시즌]Relaxed Wide Denim Jeans DCPT064,https://image.msscdn.net/images/goods_img/20250425/5066602/5066602_17756144796489_500.jpg,False
2025-10,A,003002,데님 팬츠,003,바지,10,3575430,avan,어반드레스,Side Big Cargo Pants CAMO,https://image.msscdn.net/images/goods_img/20230919/3575430/3575430_17421696736376_500.jpg,False
2025-10,A,003002,데님 팬츠,003,바지,11,1666444,musinsastandard,무신사 스탠다드,와이드 데님 팬츠 [워시드 블랙],https://image.msscdn.net/images/goods_img/20201028/1666444/1666444_17623227820940_500.jpg,False
2025-10,A,003002,데님 팬츠,003,바지,12,4358823,branded,브랜디드,1792 OLD SOUL JEANS [WIDE STRAIGHT],https://image.msscdn.net/images/goods_img/20240822/4358823/4358823_17817666197789_500.jpg,False
2025-10,A,003002,데님 팬츠,003,바지,13,2092852,goodlifeworks,굿라이프웍스,이지 와이드 데님 팬츠 그레이,https://image.msscdn.net/images/goods_img/20210826/2092852/2092852_17086532214128_500.jpg,False
2025-10,A,003002,데님 팬츠,003,바지,14,4954945,era,이알에이,WOMEN ERA WIDE FIT DENIM PANTS - LIGHT BLUE,https://image.msscdn.net/images/prd_img/20250327/4954945/detail_4954945_17890908204525_500.jpg,False
2025-10,A,003002,데님 팬츠,003,바지,15,4164429,untapped,언탭트 스튜디오,빈티지 프론트 워싱 와이드 청바지 데님 팬츠,https://image.msscdn.net/images/goods_img/20240529/4164429/4164429_17201609421486_500.jpg,False
2025-10,A,003002,데님 팬츠,003,바지,16,4300665,decet,데케트,Balloon Wide Jeans DCPT055YLBlackB,https://image.msscdn.net/images/goods_img/20240806/4300665/4300665_17458948768541_500.jpg,False
2025-10,A,003002,데님 팬츠,003,바지,17,4360670,retrieverclub,리트리버클럽,LIL RABBIT DENIM [INDIGO BLACK],https://image.msscdn.net/images/goods_img/20240822/4360670/4360670_17352652730555_500.jpg,False
2025-10,A,003002,데님 팬츠,003,바지,18,2268294,musinsastandard,무신사 스탠다드,레귤러 핏 데님 팬츠 [블랙],https://image.msscdn.net/images/goods_img/20211214/2268294/2268294_17623224322646_500.jpg,False
2025-10,A,003002,데님 팬츠,003,바지,19,4274045,lemainsecond,리메인세컨드,빈티지 캣워싱 와이드 데님 팬츠 [샌드 블루],https://image.msscdn.net/images/goods_img/20240725/4274045/4274045_17888435557697_500.jpg,False
2025-10,A,003002,데님 팬츠,003,바지,20,4309321,anolorcode,어널러코드,엠보워싱 데님팬츠 (그린블루),https://image.msscdn.net/images/goods_img/20240808/4309321/4309321_17653412154290_500.png,False
2025-10,A,003002,데님 팬츠,003,바지,21,5371284,asp,애습,커브드 와이드 데님 - 중청,https://image.msscdn.net/images/prd_img/20250827/5371284/detail_5371284_17768305654727_500.jpg,False
2025-10,A,003002,데님 팬츠,003,바지,22,2208662,musinsastandard,무신사 스탠다드,와이드 데님 팬츠 [블랙],https://image.msscdn.net/images/goods_img/20211101/2208662/2208662_17623229127604_500.jpg,False
2025-10,A,003002,데님 팬츠,003,바지,23,3076306,millo,밀로 아카이브,리플렉트 커브드 팬츠 [블랙],https://image.msscdn.net/images/goods_img/20230210/3076306/3076306_16762672518722_500.jpg,False
2025-10,A,003002,데님 팬츠,003,바지,24,3046316,outstanding,아웃스탠딩,[MUT lab] 40S SELVEDGE STRAIGHT PANTS_INDIGO,https://image.msscdn.net/images/goods_img/20230130/3046316/3046316_17682656713319_500.jpg,False
2025-10,A,003002,데님 팬츠,003,바지,25,4225253,musinsastandard,무신사 스탠다드,플레어 데님 팬츠 [블랙],https://image.msscdn.net/images/goods_img/20240701/4225253/4225253_17569513691239_500.jpg,False
2025-10,A,003002,데님 팬츠,003,바지,26,2391746,musinsastandard,무신사 스탠다드,스트레이트 데님 팬츠 [블랙],https://image.msscdn.net/images/goods_img/20220302/2391746/2391746_17623218812866_500.jpg,False
2025-10,A,003002,데님 팬츠,003,바지,27,4782512,9999archive,9999아카이브,Linking Wide Denim Pants,https://image.msscdn.net/images/goods_img/20250212/4782512/4782512_17398703766040_500.jpg,False
2025-10,A,003002,데님 팬츠,003,바지,28,2028335,musinsastandard,무신사 스탠다드,KIPAS 스트레이트 데님 팬츠 [미디엄 인디고],https://image.msscdn.net/images/goods_img/20210714/2028335/2028335_17137733040326_500.jpg,False
2025-10,A,003002,데님 팬츠,003,바지,29,2208663,musinsastandard,무신사 스탠다드,와이드 데님 팬츠 [그레이],https://image.msscdn.net/images/goods_img/20211101/2208663/2208663_17623226784984_500.jpg,False
2025-10,A,003002,데님 팬츠,003,바지,30,3859521,musinsastandard,무신사 스탠다드,빅 브러쉬 엑스트라 와이드 데님 팬츠 [러스티 블루],https://image.msscdn.net/images/goods_img/20240208/3859521/3859521_17115946344528_500.jpg,False
2025-10,A,003004,트레이닝/조거 팬츠,003,바지,1,1844582,brenson,브렌슨,(Renew Ver.) 원턱 와이드 스웨트 팬츠 ( 8Color ) ( 기모선택 ),https://image.msscdn.net/images/goods_img/20210315/1844582/1844582_17774456564921_500.jpg,False
2025-10,A,003004,트레이닝/조거 팬츠,003,바지,2,1735427,selfesteem,에스이에스티,[2PACK] 와이드핏 트레이닝 스웨트 팬츠 - 6Color,https://image.msscdn.net/images/goods_img/20210104/1735427/1735427_17646558259203_500.jpg,False
2025-10,A,003004,트레이닝/조거 팬츠,003,바지,3,1551839,xero,제로,Deep One Tuck Sweat Pants [Black],https://image.msscdn.net/images/goods_img/20200818/1551839/1551839_1_500.jpg,False
2025-10,A,003004,트레이닝/조거 팬츠,003,바지,4,2112061,gakka2,가까이 유니언즈,[여름 or 기모 or 사계절 원단 선택] 원턱 와이드 스웨트팬츠 블랙,https://image.msscdn.net/images/goods_img/20210906/2112061/2112061_17459952841713_500.jpg,False
2025-10,A,003004,트레이닝/조거 팬츠,003,바지,5,3674341,boundary,바운더리,투턱 와이드 롱 스웨트 팬츠 [블랙],https://image.msscdn.net/images/goods_img/20231101/3674341/3674341_17042599581270_500.jpg,False
2025-10,A,003004,트레이닝/조거 팬츠,003,바지,6,1551840,xero,제로,Deep One Tuck Sweat Pants [Grey],https://image.msscdn.net/images/goods_img/20200818/1551840/1551840_1_500.jpg,False
2025-10,A,003004,트레이닝/조거 팬츠,003,바지,7,5489728,xero,제로,Deep One Tuck Sweat Pants [15 Colors],https://image.msscdn.net/images/goods_img/20250918/5489728/5489728_17587765479442_500.jpg,False
2025-10,A,003004,트레이닝/조거 팬츠,003,바지,8,2112059,gakka2,가까이 유니언즈,[여름 or 기모 or 사계절 원단 선택] 원턱 와이드 스웨트팬츠 그레이,https://image.msscdn.net/images/goods_img/20210906/2112059/2112059_17473624399256_500.jpg,False
2025-10,A,003004,트레이닝/조거 팬츠,003,바지,9,5367961,dimitriblack,디미트리블랙,VLAD 원턱 커브드 트랙 스웻 팬츠_피그먼트 차콜,https://image.msscdn.net/images/goods_img/20250827/5367961/5367961_17564338248285_500.jpg,False
2025-10,A,003004,트레이닝/조거 팬츠,003,바지,10,5338392,ambler,엠블러,Angel Star Patch 자수 원턱 스트링 와이드 스웨트 팬츠 AP903 (블랙),https://image.msscdn.net/images/goods_img/20250819/5338392/5338392_17564331759079_500.jpg,False
2025-10,A,003004,트레이닝/조거 팬츠,003,바지,11,5308542,ghostrepublic,고스트리퍼블릭,커브드 사이드 핀턱 벌룬 스웨트팬츠 GLP-650_블랙,https://image.msscdn.net/images/goods_img/20250811/5308542/5308542_17560976834295_500.jpg,False
2025-10,A,003004,트레이닝/조거 팬츠,003,바지,12,2820939,musinsastandardwoman,무신사 스탠다드 우먼,우먼즈 더블 니트 투 턱 와이드 라운지 스웨트 팬츠 [블랙],https://image.msscdn.net/images/goods_img/20220927/2820939/2820939_17625014945098_500.jpg,False
2025-10,A,003004,트레이닝/조거 팬츠,003,바지,13,4556447,scallywag,스켈리웩,[기모원단추가]벌룬핏 스웨트 팬츠[블랙],https://image.msscdn.net/images/goods_img/20241024/4556447/4556447_17890205647368_500.jpg,False
2025-10,A,003004,트레이닝/조거 팬츠,003,바지,14,2744549,anolorcode,어널러코드,사계절 쓰리턱 트레이닝팬츠 (2color),https://image.msscdn.net/images/goods_img/20220825/2744549/2744549_17848712083816_500.jpg,False
2025-10,A,003004,트레이닝/조거 팬츠,003,바지,15,5308541,ghostrepublic,고스트리퍼블릭,커브드 사이드 핀턱 벌룬 스웨트팬츠 GLP-650_그레이,https://image.msscdn.net/images/goods_img/20250811/5308541/5308541_17560977545600_500.jpg,False
2025-10,A,003004,트레이닝/조거 팬츠,003,바지,16,4258826,buttonseoul,버튼서울,베이직 라인 나일론 스트링 팬츠 (블랙),https://image.msscdn.net/images/goods_img/20240718/4258826/4258826_17246350067348_500.png,False
2025-10,A,003004,트레이닝/조거 팬츠,003,바지,17,2513018,afresh,어프레쉬,[기모버전 추가] 에어스트레치 조거팬츠_블랙 트레이닝,https://image.msscdn.net/images/goods_img/20220425/2513018/2513018_17858061457763_500.jpg,False
2025-10,A,003004,트레이닝/조거 팬츠,003,바지,18,4787238,signature,시그니처,[겨울원단추가]더블턱 와이드 트레이닝 팬츠[2COLORS],https://image.msscdn.net/images/goods_img/20250213/4787238/4787238_17872918377778_500.jpg,False
2025-10,A,003004,트레이닝/조거 팬츠,003,바지,19,4556449,scallywag,스켈리웩,[기모원단추가]벌룬핏 스웨트 팬츠[라이트그레이],https://image.msscdn.net/images/goods_img/20241024/4556449/4556449_17891087880393_500.jpg,False
2025-10,A,003004,트레이닝/조거 팬츠,003,바지,20,5306789,scallywag,스켈리웩,[기모원단추가]88 크로스 백 패치 스웨트 팬츠[그레이],https://image.msscdn.net/images/goods_img/20250808/5306789/5306789_17872035459299_500.jpg,False
2025-10,A,003004,트레이닝/조거 팬츠,003,바지,21,3674342,boundary,바운더리,투턱 와이드 롱 스웨트 팬츠 [그레이],https://image.msscdn.net/images/goods_img/20231101/3674342/3674342_17044188945397_500.jpg,False
2025-10,A,003004,트레이닝/조거 팬츠,003,바지,22,4057732,lemainsecond,리메인세컨드,원턱 와이드 스웨트 팬츠 [그레이],https://image.msscdn.net/images/goods_img/20240416/4057732/4057732_17817553079562_500.jpg,False
2025-10,A,003004,트레이닝/조거 팬츠,003,바지,23,4556448,scallywag,스켈리웩,[기모원단추가]벌룬핏 스웨트 팬츠[브라운],https://image.msscdn.net/images/goods_img/20241024/4556448/4556448_17891088294272_500.jpg,False
2025-10,A,003004,트레이닝/조거 팬츠,003,바지,24,2820940,musinsastandardwoman,무신사 스탠다드 우먼,우먼즈 더블 니트 투 턱 와이드 라운지 스웨트 팬츠 [미디엄 그레이],https://image.msscdn.net/images/goods_img/20220927/2820940/2820940_17625017266952_500.jpg,False
2025-10,A,003004,트레이닝/조거 팬츠,003,바지,25,3404707,musinsastandard,무신사 스탠다드,시티 레저 와이드 벨티드 카고 팬츠 [블랙],https://image.msscdn.net/images/goods_img/20230712/3404707/3404707_17134032325426_500.jpg,False
2025-10,A,003004,트레이닝/조거 팬츠,003,바지,26,5215545,musinsastandard,무신사 스탠다드,시티 레저 속기모 와이드 벨티드 파라슈트 팬츠 [블랙],https://image.msscdn.net/images/goods_img/20250701/5215545/5215545_17576604102980_500.jpg,False
2025-10,A,003004,트레이닝/조거 팬츠,003,바지,27,5205804,musinsastandard,무신사 스탠다드,기모 원 턱 와이드 라운지 스웨트 팬츠 [블랙],https://image.msscdn.net/images/goods_img/20250625/5205804/5205804_17593104402647_500.jpg,False
2025-10,A,003004,트레이닝/조거 팬츠,003,바지,28,2818150,musinsastandardwoman,무신사 스탠다드 우먼,우먼즈 와이드 카고 팬츠 [블랙],https://image.msscdn.net/images/goods_img/20220926/2818150/2818150_17489933476409_500.jpg,False
2025-10,A,003004,트레이닝/조거 팬츠,003,바지,29,3378536,musinsastandard,무신사 스탠다드,코튼 파라슈트 카고 팬츠 [블랙],https://image.msscdn.net/images/goods_img/20230622/3378536/3378536_16982097491877_500.jpg,False
2025-10,A,003004,트레이닝/조거 팬츠,003,바지,30,1212776,musinsastandard,무신사 스탠다드,라운지 스웨트 팬츠 [블랙],https://image.msscdn.net/images/goods_img/20191105/1212776/1212776_17811631850479_500.jpg,False
2025-10,A,003007,코튼 팬츠,003,바지,1,4993414,signature,시그니처,와이드 커브드 다트 코튼 팬츠[베이지],https://image.msscdn.net/images/goods_img/20250407/4993414/4993414_17883391236407_500.jpg,False
2025-10,A,003007,코튼 팬츠,003,바지,2,4993411,signature,시그니처,와이드 커브드 다트 코튼 팬츠[블랙],https://image.msscdn.net/images/goods_img/20250407/4993411/4993411_17853022954116_500.jpg,False
2025-10,A,003007,코튼 팬츠,003,바지,3,1627892,musinsastandard,무신사 스탠다드,레플리카 퍼티그 팬츠 [카키],https://image.msscdn.net/images/goods_img/20200928/1627892/1627892_17827088773028_500.jpg,False
2025-10,A,003007,코튼 팬츠,003,바지,4,4318326,toffee,토피,퍼티그 비조 캔버스 코튼 팬츠 (BROWN),https://image.msscdn.net/images/goods_img/20240812/4318326/4318326_17255032477103_500.jpg,False
2025-10,A,003007,코튼 팬츠,003,바지,5,4832110,intempomood,인템포무드,코튼 레이지보이 벌룬핏 팬츠 : 3컬러,https://image.msscdn.net/images/goods_img/20250225/4832110/4832110_17591290267135_500.jpg,False
2025-10,A,003007,코튼 팬츠,003,바지,6,2611226,musinsastandard,무신사 스탠다드,레플리카 퍼티그 팬츠 [세이지 그린],https://image.msscdn.net/images/goods_img/20220613/2611226/2611226_17827086766776_500.jpg,False
2025-10,A,003007,코튼 팬츠,003,바지,7,3684419,dickies,디키즈,더블니 85283 루즈핏 워크팬츠 Black,https://image.msscdn.net/images/goods_img/20231103/3684419/3684419_17751985153031_500.jpg,False
2025-10,A,003007,코튼 팬츠,003,바지,8,5275962,drawfit,드로우핏,[패션플래닛X드로우핏] 세미 와이드 치노 팬츠 [6color],https://image.msscdn.net/images/goods_img/20250728/5275962/5275962_17564335392185_500.jpg,False
2025-10,A,003007,코튼 팬츠,003,바지,9,1627893,musinsastandard,무신사 스탠다드,레플리카 퍼티그 팬츠 [블랙],https://image.msscdn.net/images/goods_img/20200928/1627893/1627893_17827086367405_500.jpg,False
2025-10,A,003007,코튼 팬츠,003,바지,10,4342152,excontainer,엑스컨테이너,원턱 와이드 코듀로이 팬츠 (BROWN),https://image.msscdn.net/images/goods_img/20240819/4342152/4342152_17754495698251_500.jpg,False
2025-10,A,003007,코튼 팬츠,003,바지,11,4313319,avan,어반드레스,Enter Wide Cargo Cotton Pants - 5COL,https://image.msscdn.net/images/goods_img/20240809/4313319/4313319_17860760632420_500.jpg,False
2025-10,A,003007,코튼 팬츠,003,바지,12,3304652,musinsastandard,무신사 스탠다드,백 사틴 오피서 팬츠 [카키],https://image.msscdn.net/images/goods_img/20230518/3304652/3304652_16914692166478_500.jpg,False
2025-10,A,003007,코튼 팬츠,003,바지,13,3920059,signature,시그니처,원턱 와이드 치노 팬츠[베이지],https://image.msscdn.net/images/goods_img/20240304/3920059/3920059_17888487769046_500.jpg,False
2025-10,A,003007,코튼 팬츠,003,바지,14,3304653,musinsastandard,무신사 스탠다드,백 사틴 오피서 팬츠 [블랙],https://image.msscdn.net/images/goods_img/20230518/3304653/3304653_16914691045461_500.jpg,False
2025-10,A,003007,코튼 팬츠,003,바지,15,4613450,idontwannasell,아이돈워너셀,Soft Suede Twill Balloon Pants,https://image.msscdn.net/images/goods_img/20241113/4613450/4613450_17322612728135_500.jpg,False
2025-10,A,003007,코튼 팬츠,003,바지,16,3758256,musinsastandard,무신사 스탠다드,헤비웨이트 CP 와이드 치노 팬츠 [베이지],https://image.msscdn.net/images/goods_img/20231215/3758256/3758256_17097891109143_500.jpg,False
2025-10,A,003007,코튼 팬츠,003,바지,17,5462424,losersclub,루저스클럽,멀티 카고포켓 와이드 면팬츠 ( 3 Colors ),https://image.msscdn.net/images/goods_img/20250915/5462424/5462424_17891009289054_500.jpg,False
2025-10,A,003007,코튼 팬츠,003,바지,18,5515206,divein,다이브인,WASHED LOOSED WIDE COTTON PANTS (BLACK),https://image.msscdn.net/images/goods_img/20250923/5515206/5515206_17593050999693_500.jpg,False
2025-10,A,003007,코튼 팬츠,003,바지,19,4354890,ason,애즈온,SMOG WIDE PANTS / BLACK,https://image.msscdn.net/images/goods_img/20240821/4354890/4354890_17286367536857_500.jpg,False
2025-10,A,003007,코튼 팬츠,003,바지,20,1253200,bronson,브론슨,1942 US Army Chino Trousers Khaki,https://image.msscdn.net/images/goods_img/20191217/1253200/1253200_17737245176749_500.jpg,False
2025-10,A,003007,코튼 팬츠,003,바지,21,5078664,heleneparis,헬레네파리스,피그먼트 부츠컷 카고 팬츠 [블랙],https://image.msscdn.net/images/goods_img/20250429/5078664/5078664_17468643375282_500.jpg,False
2025-10,A,003007,코튼 팬츠,003,바지,22,2069525,musinsastandard,무신사 스탠다드,원 턱 레귤러 핏 치노 팬츠 [베이지],https://image.msscdn.net/images/goods_img/20210818/2069525/2069525_17217961236716_500.jpg,False
2025-10,A,003007,코튼 팬츠,003,바지,23,4210194,musinsastandard,무신사 스탠다드,코튼 파라슈트 팬츠 [다크 브라운],https://image.msscdn.net/images/goods_img/20240620/4210194/4210194_17320089537394_500.jpg,False
2025-10,A,003007,코튼 팬츠,003,바지,24,5477143,dimitriblack,디미트리블랙,에센셜 페이드 워싱 커브드 팬츠_코듀로이 브라운,https://image.msscdn.net/images/goods_img/20250917/5477143/5477143_17586819577658_500.jpg,False
2025-10,A,003007,코튼 팬츠,003,바지,25,4774998,areuban,아르반,트리플 리프 커브드 팬츠_트리플 블랙,https://image.msscdn.net/images/goods_img/20250211/4774998/4774998_17537637838103_500.jpg,False
2025-10,A,003007,코튼 팬츠,003,바지,26,5313497,signature,시그니처,트위스트 커브드 코튼 팬츠[블랙],https://image.msscdn.net/images/goods_img/20250812/5313497/5313497_17872917179333_500.jpg,False
2025-10,A,003007,코튼 팬츠,003,바지,27,3722417,dickies,디키즈,오리지널 874 워크팬츠 Black,https://image.msscdn.net/images/goods_img/20231120/3722417/3722417_17751984308706_500.jpg,False
2025-10,A,003007,코튼 팬츠,003,바지,28,4458382,millo,밀로 아카이브,더블 라운드 팬츠 [카키 브라운],https://image.msscdn.net/images/goods_img/20240924/4458382/4458382_17273478779591_500.jpg,False
2025-10,A,003007,코튼 팬츠,003,바지,29,2341126,gramicci,그라미치,가젯 팬츠 Black,https://image.msscdn.net/images/goods_img/20220204/2341126/2341126_16816892717059_500.jpg,False
2025-10,A,003007,코튼 팬츠,003,바지,30,5313499,signature,시그니처,트위스트 커브드 코튼 팬츠[브라운],https://image.msscdn.net/images/goods_img/20250812/5313499/5313499_17872916471005_500.jpg,False
2025-10,A,003008,슈트 팬츠/슬랙스,003,바지,1,1168906,musinsastandard,무신사 스탠다드,와이드 히든 밴딩 슬랙스 [블랙],https://image.msscdn.net/images/goods_img/20190927/1168906/1168906_17224121763738_500.jpg,False
2025-10,A,003008,슈트 팬츠/슬랙스,003,바지,2,1149329,musinsastandard,무신사 스탠다드,세미 와이드 히든 밴딩 슬랙스 [블랙],https://image.msscdn.net/images/goods_img/20190910/1149329/1149329_17775152531848_500.jpg,False
2025-10,A,003008,슈트 팬츠/슬랙스,003,바지,3,1168922,musinsastandard,무신사 스탠다드,리얼 와이드 히든 밴딩 슬랙스 [블랙],https://image.msscdn.net/images/goods_img/20190927/1168922/1168922_17784624760417_500.jpg,False
2025-10,A,003008,슈트 팬츠/슬랙스,003,바지,4,750908,wholovesart,후러브스아트,[기모 or 논기모] 유니섹스 세미 와이드 밴딩 슬랙스 블랙,https://image.msscdn.net/images/goods_img/20180406/750908/750908_17736379434172_500.jpg,False
2025-10,A,003008,슈트 팬츠/슬랙스,003,바지,5,1149328,musinsastandard,무신사 스탠다드,테이퍼드 히든 밴딩 크롭 슬랙스 [블랙],https://image.msscdn.net/images/goods_img/20190910/1149328/1149328_17222375113367_500.jpg,False
2025-10,A,003008,슈트 팬츠/슬랙스,003,바지,6,2568748,musinsastandard,무신사 스탠다드,스트레이트 히든 밴딩 슬랙스 [블랙],https://image.msscdn.net/images/goods_img/20220518/2568748/2568748_17518450114735_500.jpg,False
2025-10,A,003008,슈트 팬츠/슬랙스,003,바지,7,1222184,musinsastandard,무신사 스탠다드,와이드 히든 밴딩 슬랙스 [미디엄 그레이],https://image.msscdn.net/images/goods_img/20191113/1222184/1222184_17222997169530_500.jpg,False
2025-10,A,003008,슈트 팬츠/슬랙스,003,바지,8,2032901,musinsastandard,무신사 스탠다드,릴렉스드 테이퍼드 히든 밴딩 크롭 슬랙스 [블랙],https://image.msscdn.net/images/goods_img/20210719/2032901/2032901_17518455282793_500.jpg,False
2025-10,A,003008,슈트 팬츠/슬랙스,003,바지,9,2578996,signature,시그니처,[겨울원단추가]더블턱 와이드 슬랙스[블랙],https://image.msscdn.net/images/goods_img/20220524/2578996/2578996_17870331293023_500.jpg,False
2025-10,A,003008,슈트 팬츠/슬랙스,003,바지,10,5310984,dimitriblack,디미트리블랙,어드저스트 투턱 와이드 슬랙스_스트라이프 차콜,https://image.msscdn.net/images/goods_img/20250811/5310984/5310984_17551515636020_500.jpg,False
2025-10,A,003008,슈트 팬츠/슬랙스,003,바지,11,1596414,musinsastandardwoman,무신사 스탠다드 우먼,우먼즈 와이드 히든 밴딩 슬랙스 [블랙],https://image.msscdn.net/images/goods_img/20200911/1596414/1596414_17537745133548_500.jpg,False
2025-10,A,003008,슈트 팬츠/슬랙스,003,바지,12,2551390,musinsastandardwoman,무신사 스탠다드 우먼,우먼즈 하이 웨이스트 와이드 히든 밴딩 슬랙스 [블랙],https://image.msscdn.net/images/goods_img/20220511/2551390/2551390_17537691701922_500.jpg,False
2025-10,A,003008,슈트 팬츠/슬랙스,003,바지,13,1224095,musinsastandard,무신사 스탠다드,세미 와이드 히든 밴딩 슬랙스 [미디엄 그레이],https://image.msscdn.net/images/goods_img/20191113/1224095/1224095_17518463307099_500.jpg,False
2025-10,A,003008,슈트 팬츠/슬랙스,003,바지,14,1224094,musinsastandard,무신사 스탠다드,세미 와이드 히든 밴딩 슬랙스 [차콜 그레이],https://image.msscdn.net/images/goods_img/20191113/1224094/1224094_17518465836463_500.jpg,False
2025-10,A,003008,슈트 팬츠/슬랙스,003,바지,15,2708877,goodlifeworks,굿라이프웍스,투턱 와이드 슬랙스 블랙,https://image.msscdn.net/images/goods_img/20220810/2708877/2708877_17871103692858_500.jpg,False
2025-10,A,003008,슈트 팬츠/슬랙스,003,바지,16,4750069,workonbodyoff,워크온바디오프,세미 와이드 원턱 슬랙스 (2color),https://image.msscdn.net/images/goods_img/20250203/4750069/4750069_17895471637496_500.jpg,False
2025-10,A,003008,슈트 팬츠/슬랙스,003,바지,17,2792571,musinsastandardwoman,무신사 스탠다드 우먼,우먼즈 세미 부츠 컷 히든 밴딩 슬랙스 [블랙],https://image.msscdn.net/images/goods_img/20220915/2792571/2792571_17851425097064_500.jpg,False
2025-10,A,003008,슈트 팬츠/슬랙스,003,바지,18,4352405,musinsastandard,무신사 스탠다드,플레어 히든 밴딩 슬랙스 [블랙],https://image.msscdn.net/images/goods_img/20240821/4352405/4352405_17896920770433_500.jpg,False
2025-10,A,003008,슈트 팬츠/슬랙스,003,바지,19,1575838,musinsastandard,무신사 스탠다드,슈퍼 와이드 히든 밴딩 슬랙스[블랙],https://image.msscdn.net/images/goods_img/20200901/1575838/1575838_17720071457722_500.jpg,False
2025-10,A,003008,슈트 팬츠/슬랙스,003,바지,20,3826740,lemainsecond,리메인세컨드,원턱 세미 와이드 히든 밴딩 슬랙스 [블랙],https://image.msscdn.net/images/goods_img/20240126/3826740/3826740_17488386109165_500.jpg,False
2025-10,A,003008,슈트 팬츠/슬랙스,003,바지,21,1224096,musinsastandard,무신사 스탠다드,세미 와이드 히든 밴딩 슬랙스 [네이비],https://image.msscdn.net/images/goods_img/20191113/1224096/1224096_17798555600196_500.jpg,False
2025-10,A,003008,슈트 팬츠/슬랙스,003,바지,22,1669809,musinsastandard,무신사 스탠다드,리얼 와이드 히든 밴딩 슬랙스 [브라운],https://image.msscdn.net/images/goods_img/20201029/1669809/1669809_17782048587203_500.jpg,False
2025-10,A,003008,슈트 팬츠/슬랙스,003,바지,23,4761188,begin202,비긴202,록 링크 팬츠 [차콜 스트라이프],https://image.msscdn.net/images/goods_img/20250205/4761188/4761188_17387438502547_500.jpg,False
2025-10,A,003008,슈트 팬츠/슬랙스,003,바지,24,1222183,musinsastandard,무신사 스탠다드,와이드 히든 밴딩 슬랙스 [차콜 그레이],https://image.msscdn.net/images/goods_img/20191113/1222183/1222183_17798577036388_500.jpg,False
2025-10,A,003008,슈트 팬츠/슬랙스,003,바지,25,5163281,musinsastandard,무신사 스탠다드,리사이클 투 턱 와이드 히든 밴딩 슬랙스 2팩,https://image.msscdn.net/images/goods_img/20250602/5163281/5163281_17497815088860_500.jpg,False
2025-10,A,003008,슈트 팬츠/슬랙스,003,바지,26,1669806,musinsastandard,무신사 스탠다드,리얼 와이드 히든 밴딩 슬랙스 [미디엄 그레이],https://image.msscdn.net/images/goods_img/20201029/1669806/1669806_17782047858245_500.jpg,False
2025-10,A,003008,슈트 팬츠/슬랙스,003,바지,27,4663950,musinsastandard,무신사 스탠다드,휩코드 플레어 히든 밴딩 슬랙스 [블랙],https://image.msscdn.net/images/goods_img/20241213/4663950/4663950_17569507184434_500.jpg,False
2025-10,A,003008,슈트 팬츠/슬랙스,003,바지,28,1970106,musinsastandard,무신사 스탠다드,리얼 와이드 히든 밴딩 슬랙스 [그레이],https://image.msscdn.net/images/goods_img/20210527/1970106/1970106_17782040677113_500.jpg,False
2025-10,A,003008,슈트 팬츠/슬랙스,003,바지,29,5310983,dimitriblack,디미트리블랙,어드저스트 투턱 와이드 슬랙스_블랙,https://image.msscdn.net/images/goods_img/20250811/5310983/5310983_17551515833615_500.jpg,False
2025-10,A,003008,슈트 팬츠/슬랙스,003,바지,30,2032903,musinsastandard,무신사 스탠다드,릴렉스드 테이퍼드 히든 밴딩 크롭 슬랙스 [미디엄 그레이],https://image.msscdn.net/images/goods_img/20210719/2032903/2032903_17518454314572_500.jpg,False
2025-10,A,003009,숏 팬츠,003,바지,1,3378570,musinsastandardwoman,무신사 스탠다드 우먼,우먼즈 원 턱 와이드 코듀로이 쇼츠 [블랙],https://image.msscdn.net/images/goods_img/20230622/3378570/3378570_17677815944713_500.jpg,False
2025-10,A,003009,숏 팬츠,003,바지,2,4655528,rife,러닝라이프,스포츠 반바지 쇼츠 프로 (2IN1),https://image.msscdn.net/images/goods_img/20241208/4655528/4655528_17848724072396_500.png,False
2025-10,A,003009,숏 팬츠,003,바지,3,1926034,xero,제로,Deep One Tuck Sweat Shorts [Black],https://image.msscdn.net/images/goods_img/20210428/1926034/1926034_1_500.jpg,False
2025-10,A,003009,숏 팬츠,003,바지,4,4172788,nike,나이키,드라이 핏 챌린저 5인치 브리프 라인드 버서타일 쇼츠 M - 블랙/ DV9364-010,https://image.msscdn.net/images/goods_img/20240603/4172788/4172788_17186043509123_500.jpg,False
2025-10,A,003009,숏 팬츠,003,바지,5,1519475,lazybee,레이지비,컴팩트 2in1 러닝 쇼츠 남녀 스포츠 반바지 레깅스 (헬스 워터 운동) 팬츠 M 3컬러,https://image.msscdn.net/images/goods_img/20200717/1519475/1519475_17730386715982_500.jpg,False
2025-10,A,003009,숏 팬츠,003,바지,6,2971574,afresh,어프레쉬,[2PACK SET]에어스트레치 쇼츠 트레이닝 3COLOR,https://image.msscdn.net/images/goods_img/20221205/2971574/2971574_17851150878712_500.jpg,False
2025-10,A,003009,숏 팬츠,003,바지,7,2574822,brenson,브렌슨,(Renew Ver.) 원턱 와이드 반바지 ( 6Color ),https://image.msscdn.net/images/goods_img/20220523/2574822/2574822_17774456124536_500.jpg,False
2025-10,A,003009,숏 팬츠,003,바지,8,1926048,xero,제로,Deep One Tuck Sweat Shorts [Grey],https://image.msscdn.net/images/goods_img/20210428/1926048/1926048_1_500.jpg,False
2025-10,A,003009,숏 팬츠,003,바지,9,3378572,musinsastandardwoman,무신사 스탠다드 우먼,우먼즈 원 턱 와이드 코듀로이 쇼츠 [카키 브라운],https://image.msscdn.net/images/goods_img/20230622/3378572/3378572_17677815533394_500.jpg,False
2025-10,A,003009,숏 팬츠,003,바지,10,5256111,rife,러닝라이프,스포츠 투인원 러닝 프로 쇼츠 플러스,https://image.msscdn.net/images/goods_img/20250718/5256111/5256111_17736471265189_500.png,False
2025-10,A,003009,숏 팬츠,003,바지,11,2508821,afresh,어프레쉬,에어스트레치 쇼츠_블랙 트레이닝,https://image.msscdn.net/images/goods_img/20220422/2508821/2508821_17858059555654_500.jpg,False
2025-10,A,003009,숏 팬츠,003,바지,12,5132747,etreausommet,에트오소메,Leather Patch Cargo Short Pants (Black),https://image.msscdn.net/images/goods_img/20250520/5132747/5132747_17477939117158_500.jpg,False
2025-10,A,003009,숏 팬츠,003,바지,13,4076337,lemainsecond,리메인세컨드,버뮤다 와이드 원턱 스웨트 쇼츠_3COLOR,https://image.msscdn.net/images/goods_img/20240423/4076337/4076337_17645527519078_500.jpg,False
2025-10,A,003009,숏 팬츠,003,바지,14,3513309,momg,필립페이커,카펜터 버뮤다 스웨트 8부 팬츠 블랙,https://image.msscdn.net/images/goods_img/20230830/3513309/3513309_16934722502141_500.jpg,False
2025-10,A,003009,숏 팬츠,003,바지,15,3735878,musinsastandardsp,무신사 스탠다드 스포츠,짐 코튼메쉬 버뮤다 쇼츠 (6color),https://image.msscdn.net/images/goods_img/20231128/3735878/3735878_17536690759213_500.jpg,False
2025-10,A,003009,숏 팬츠,003,바지,16,4225317,borntowin,본투윈,SIDE B LOGO HALF PANTS [BLACK],https://image.msscdn.net/images/goods_img/20240701/4225317/4225317_17732903015450_500.jpg,False
2025-10,A,003009,숏 팬츠,003,바지,17,4761981,spao,스파오,[COOL] 카고 버뮤다 쇼츠_SPMTF37C03,https://image.msscdn.net/images/goods_img/20250206/4761981/4761981_17539455445198_500.jpg,False
2025-10,A,003009,숏 팬츠,003,바지,18,4255775,underarmour,언더아머,론치 언라인드 7인치 쇼츠 1382622-001,https://image.msscdn.net/images/goods_img/20240717/4255775/4255775_17212064278392_500.jpg,False
2025-10,A,003009,숏 팬츠,003,바지,19,5167870,adidas,아디다스,와플 숏 팬츠 - 다크브라운 / KB5464,https://image.msscdn.net/images/goods_img/20250605/5167870/5167870_17498074441271_500.jpg,False
2025-10,A,003009,숏 팬츠,003,바지,20,4162727,musinsastandardsp,무신사 스탠다드 스포츠,퀵드라이 러닝 7인치 쇼츠 (3color),https://image.msscdn.net/images/goods_img/20240529/4162727/4162727_17744075484634_500.jpg,False
2025-10,A,003009,숏 팬츠,003,바지,21,2439242,hadex,에이치덱스,액티브 쇼츠 8 color,https://image.msscdn.net/images/goods_img/20220323/2439242/2439242_17905565501800_500.jpg,False
2025-10,A,003009,숏 팬츠,003,바지,22,4970624,chicks,칙스,멀티스터드 숏팬츠 블랙,https://image.msscdn.net/images/goods_img/20250401/4970624/4970624_17551596319494_500.jpg,False
2025-10,A,003009,숏 팬츠,003,바지,23,5339040,musinsastandardwoman,무신사 스탠다드 우먼,우먼즈 미니 부클 니트 쇼츠 [블랙],https://image.msscdn.net/images/goods_img/20250819/5339040/5339040_17568827461949_500.jpg,False
2025-10,A,003009,숏 팬츠,003,바지,24,5489744,xero,제로,Deep One Tuck Sweat Shorts [12 Colors],https://image.msscdn.net/images/goods_img/20250918/5489744/5489744_17587765262561_500.jpg,False
2025-10,A,003009,숏 팬츠,003,바지,25,2734514,puma,푸마,팀라이즈 트레이닝 쇼츠(65733603) 남자 반바지,https://image.msscdn.net/images/goods_img/20220823/2734514/2734514_1_500.jpg,False
2025-10,A,003009,숏 팬츠,003,바지,26,3703255,glowny,글로니,G CLASSIC RIB SHORTS (BLACK),https://image.msscdn.net/images/goods_img/20231110/3703255/3703255_17012603094566_500.jpg,False
2025-10,A,003009,숏 팬츠,003,바지,27,5167869,adidas,아디다스,와플 숏 팬츠 - 네이비 / KB5463,https://image.msscdn.net/images/goods_img/20250605/5167869/5167869_17495318179433_500.jpg,False
2025-10,A,003009,숏 팬츠,003,바지,28,3970381,adidas,아디다스,파이어버드 숏 팬츠 - 블랙:화이트 / IU2368,https://image.msscdn.net/images/goods_img/20240320/3970381/3970381_17110023776300_500.jpg,False
2025-10,A,003009,숏 팬츠,003,바지,29,5086823,yosemite,요세미티,핀턱 카펜터 버뮤다 스웨트 팬츠 블랙 YP-501,https://image.msscdn.net/images/goods_img/20250502/5086823/5086823_17461700029379_500.jpg,False
2025-10,A,003009,숏 팬츠,003,바지,30,4643326,hadex,에이치덱스,브레이크 메인로고 버뮤다 쇼츠 (Black),https://image.msscdn.net/images/goods_img/20241129/4643326/4643326_17876236595683_500.jpg,False
2025-10,A,003005,레깅스,003,바지,1,5177971,xexymix,젝시믹스,[2PACK] V업 3D 플러스 레깅스 XP9156T,https://image.msscdn.net/images/goods_img/20250611/5177971/5177971_17719020821265_500.jpg,False
2025-10,A,003005,레깅스,003,바지,2,1466284,musinsastandardsp,무신사 스탠다드 스포츠,[힛탠다드]컴프레션 레깅스 (블랙),https://image.msscdn.net/images/goods_img/20200528/1466284/1466284_17228236161876_500.jpg,False
2025-10,A,003005,레깅스,003,바지,3,3975909,nike,나이키,프로 드라이 핏 피트니스 타이츠 M - 블랙:화이트 / FB7953-010,https://image.msscdn.net/images/goods_img/20240321/3975909/3975909_17115943559810_500.jpg,False
2025-10,A,003005,레깅스,003,바지,4,4851376,nike,나이키,드라이 핏 챌린저 러닝 타이츠 M - 블랙 / CZ8831-010,https://image.msscdn.net/images/goods_img/20250304/4851376/4851376_17417456652249_500.jpg,False
2025-10,A,003005,레깅스,003,바지,5,4655538,rife,러닝라이프,레이싱 하프 타이즈,https://image.msscdn.net/images/goods_img/20241208/4655538/4655538_17814984003273_500.png,False
2025-10,A,003005,레깅스,003,바지,6,1772551,underarmour,언더아머,히트기어 아머 레깅스 1361586-001,https://image.msscdn.net/images/goods_img/20210202/1772551/1772551_1_500.jpg,False
2025-10,A,003005,레깅스,003,바지,7,5236479,xexymix,젝시믹스,젤라 인텐션 부츠컷 팬츠 블랙 XWFLG02H3_XWFLG06J1,https://image.msscdn.net/images/goods_img/20250709/5236479/5236479_17695064111644_500.jpg,False
2025-10,A,003005,레깅스,003,바지,8,4555810,andar,안다르,에어리핏 기모 와이드 팬츠,https://image.msscdn.net/images/goods_img/20241024/4555810/4555810_17605800022531_500.jpg,False
2025-10,A,003005,레깅스,003,바지,9,3572490,physicalgarments,피지컬가먼츠,P5016 우먼 라이트 부츠컷 레깅스 [블랙],https://image.msscdn.net/images/goods_img/20230919/3572490/3572490_16952716547042_500.jpg,False
2025-10,A,003005,레깅스,003,바지,10,4546112,nike,나이키,프로 웜 타이츠 M - 블랙:화이트 / FB7962-010,https://image.msscdn.net/images/goods_img/20241023/4546112/4546112_17304259983083_500.jpg,False
2025-10,A,003005,레깅스,003,바지,11,3720910,bysec,바이젝,우븐스판 머슬 브레이커 팬츠,https://image.msscdn.net/images/goods_img/20231117/3720910/3720910_17653319647389_500.jpg,False
2025-10,A,003005,레깅스,003,바지,12,3449637,xexymix,젝시믹스,블랙라벨 시그니처 360N 더블플러피 기모 레깅스 블랙,https://image.msscdn.net/images/goods_img/20230808/3449637/3449637_17026088164053_500.jpg,False
2025-10,A,003005,레깅스,003,바지,13,4251057,borntowin,본투윈,STROKE B BOOTS CUT LEGGINGS [BLACK],https://image.msscdn.net/images/goods_img/20240716/4251057/4251057_17591062774466_500.jpg,False
2025-10,A,003005,레깅스,003,바지,14,4941789,hadex,에이치덱스,우먼스 서포트 파이핑 부츠컷 레깅스 (Black),https://image.msscdn.net/images/goods_img/20250325/4941789/4941789_17725888825854_500.jpg,False
2025-10,A,003005,레깅스,003,바지,15,3940246,hadex,에이치덱스,우먼스 서포트 부츠컷 레깅스 (Black),https://image.msscdn.net/images/goods_img/20240311/3940246/3940246_17888258046932_500.jpg,False
2025-10,A,003005,레깅스,003,바지,16,4369456,tesla,테슬라,러닝 기모 타이즈 레깅스,https://image.msscdn.net/images/goods_img/20240826/4369456/4369456_17253512623937_500.jpg,False
2025-10,A,003005,레깅스,003,바지,17,4958358,hadex,에이치덱스,우먼스 펌 서포트 부츠컷 레깅스 (Black),https://image.msscdn.net/images/goods_img/20250328/4958358/4958358_17567758755359_500.jpg,False
2025-10,A,003005,레깅스,003,바지,18,4501828,borntowin,본투윈,SYMBOL B PIPING BOOTS CUT LEGGINGS [BLACK],https://image.msscdn.net/images/goods_img/20241010/4501828/4501828_17766499249287_500.jpg,False
2025-10,A,003005,레깅스,003,바지,19,4251372,borntowin,본투윈,OUTBAND 3.5 BIKER SHORTS [BLACK],https://image.msscdn.net/images/goods_img/20240716/4251372/4251372_17591064413250_500.jpg,False
2025-10,A,003005,레깅스,003,바지,20,3379413,andar,안다르,[2 PACK] 에어쿨링 지니 시그니처 레깅스 (8.2부),https://image.msscdn.net/images/goods_img/20230623/3379413/3379413_17236154118022_500.jpg,False
2025-10,A,003005,레깅스,003,바지,21,3750666,borntowin,본투윈,B LOGO 3.5 BIKER SHORTS [BLACK],https://image.msscdn.net/images/goods_img/20231208/3750666/3750666_17579026718469_500.jpg,False
2025-10,A,003005,레깅스,003,바지,22,5234928,xexymix,젝시믹스,젤라 인텐션 바이커 쇼츠 3부 블랙 XP9172F,https://image.msscdn.net/images/goods_img/20250709/5234928/5234928_17816733295961_500.jpg,False
2025-10,A,003005,레깅스,003,바지,23,4186098,lazybee,레이지비,에어셀  멀티 스포츠(짐웨어 러닝 워터) 남성 레깅스 팬츠,https://image.msscdn.net/images/goods_img/20240610/4186098/4186098_17605117851767_500.jpg,False
2025-10,A,003005,레깅스,003,바지,24,4179748,nike,나이키,프로 드라이 핏 피트니스 쇼츠 M - 블랙:화이트 / FB7959-010,https://image.msscdn.net/images/goods_img/20240605/4179748/4179748_17183400956580_500.jpg,False
2025-10,A,003005,레깅스,003,바지,25,4137500,musinsastandardsp,무신사 스탠다드 스포츠,[힛탠다드]짐 컴프레션 기모 레깅스 (2color),https://image.msscdn.net/images/goods_img/20240517/4137500/4137500_17415914328346_500.jpg,False
2025-10,A,003005,레깅스,003,바지,26,4660553,rife,러닝라이프,러닝 컴프레션 레깅스 하프 타이즈,https://image.msscdn.net/images/goods_img/20241211/4660553/4660553_17338929694216_500.jpg,False
2025-10,A,003005,레깅스,003,바지,27,3414542,andar,안다르,[2 PACK] 에어쿨링 지니 시그니처 레깅스 (9부),https://image.msscdn.net/images/goods_img/20230719/3414542/3414542_17236153921524_500.jpg,False
2025-10,A,003005,레깅스,003,바지,28,5278950,lazybee,레이지비,[2PACK] 컴팩트 2in1  러닝 팬츠  남녀 스포츠  레깅스 (런닝 헬스 워터 운동) 바지 W,https://image.msscdn.net/images/goods_img/20250729/5278950/5278950_17660430908032_500.jpg,False
2025-10,A,003005,레깅스,003,바지,29,4002543,borntowin,본투윈,BORNTOWIN LINE BOOTS CUT LEGGINGS [BLACK],https://image.msscdn.net/images/goods_img/20240328/4002543/4002543_17121975424754_500.jpg,False
2025-10,A,003005,레깅스,003,바지,30,3487482,volante,볼란테,Daily Leggings Pants [Black],https://image.msscdn.net/images/goods_img/20230822/3487482/3487482_17484841422034_500.jpg,False
2025-10,A,003010,점프 슈트/오버올,003,바지,1,5365896,somewherebutter,썸웨어버터,Vintage Combi Cotton Overall - Vintage Brown,https://image.msscdn.net/images/goods_img/20250826/5365896/5365896_17575788696460_500.jpg,False
2025-10,A,003010,점프 슈트/오버올,003,바지,2,3983517,magoodgan,맥우드건,파번 5807  나일론 오버핏 블랙 점프수트,https://image.msscdn.net/images/goods_img/20240322/3983517/3983517_17110913251573_500.jpg,False
2025-10,A,003010,점프 슈트/오버올,003,바지,3,3882593,dickies,디키즈,BIB 오버롤 데님팬츠 Indigo,https://image.msscdn.net/images/goods_img/20240220/3882593/3882593_17083946750395_500.jpg,False
2025-10,A,003010,점프 슈트/오버올,003,바지,4,3882592,dickies,디키즈,48799 점프수트 커버올 Dark Navy,https://image.msscdn.net/images/goods_img/20240220/3882592/3882592_17083946690660_500.jpg,False
2025-10,A,003010,점프 슈트/오버올,003,바지,5,3928305,avan,어반드레스,Painter Jumpsuit BLACK,https://image.msscdn.net/images/goods_img/20240306/3928305/3928305_17171286086255_500.jpg,False
2025-10,A,003010,점프 슈트/오버올,003,바지,6,3882591,dickies,디키즈,48799 점프수트 커버올 Black,https://image.msscdn.net/images/goods_img/20240220/3882591/3882591_17083946635450_500.jpg,False
2025-10,A,003010,점프 슈트/오버올,003,바지,7,4894153,thebarnnet,더바넷,Hickory Striped Denim Overall,https://image.msscdn.net/images/goods_img/20250313/4894153/4894153_17418664127518_500.jpg,False
2025-10,A,003010,점프 슈트/오버올,003,바지,8,4992208,dickies,디키즈,BIB 덕 캔버스 오버롤 팬츠 Black,https://image.msscdn.net/images/goods_img/20250407/4992208/4992208_17439910949493_500.jpg,False
2025-10,A,003010,점프 슈트/오버올,003,바지,9,3940871,dickies,디키즈,BIB 덕 캔버스 오버롤 팬츠 Brown,https://image.msscdn.net/images/goods_img/20240312/3940871/3940871_17102073745483_500.jpg,False
2025-10,A,003010,점프 슈트/오버올,003,바지,10,2063625,philogram,필로그램,PLG 데님 점프수트(Blue),https://image.msscdn.net/images/goods_img/20210813/2063625/2063625_16945900853647_500.jpg,False
2025-10,A,003010,점프 슈트/오버올,003,바지,11,4738335,somewherebutter,썸웨어버터,Combi Cotton Overall - Ivory,https://image.msscdn.net/images/goods_img/20250122/4738335/4738335_17401239823088_500.jpg,False
2025-10,A,003010,점프 슈트/오버올,003,바지,12,4328109,unknownplanet,언노운 플라넷,오버롤 미디엄 샌드 블루,https://image.msscdn.net/images/goods_img/20240814/4328109/4328109_17829642557299_500.jpg,False
2025-10,A,003010,점프 슈트/오버올,003,바지,13,944501,thestori,더스토리,[논페이드] 데님 오버롤 멜빵 팬츠 (블루),https://image.msscdn.net/images/goods_img/20190130/944501/944501_17617811599957_500.jpg,False
2025-10,A,003010,점프 슈트/오버올,003,바지,14,5328272,unknownplanet,언노운 플라넷,코듀로이 오버롤 브라운,https://image.msscdn.net/images/goods_img/20250818/5328272/5328272_17895336508089_500.jpg,False
2025-10,A,003010,점프 슈트/오버올,003,바지,15,4300009,lee,리,유니 오버롤 팬츠 블랙,https://image.msscdn.net/images/goods_img/20240806/4300009/4300009_17261035449396_500.jpg,False
2025-10,A,003010,점프 슈트/오버올,003,바지,16,4387589,nain,아틀리에 나인,DENIM OVERALL JUMPSUIT(OP-6231),https://image.msscdn.net/images/goods_img/20240830/4387589/4387589_17249819661926_500.jpg,False
2025-10,A,003010,점프 슈트/오버올,003,바지,17,5036023,somewherebutter,썸웨어버터,Combi Denim Overall - Middle Blue,https://image.msscdn.net/images/goods_img/20250416/5036023/5036023_17554794776577_500.jpg,False
2025-10,A,003010,점프 슈트/오버올,003,바지,18,3103337,magoodgan,맥우드건,파번 5804 카펜터 오버핏 네이비 점프수트,https://image.msscdn.net/images/goods_img/20230223/3103337/3103337_16771181661839_500.jpg,False
2025-10,A,003010,점프 슈트/오버올,003,바지,19,840830,thestori,더스토리,코튼 오버롤 멜빵 팬츠 (블랙),https://image.msscdn.net/images/goods_img/20180829/840830/840830_17617812478863_500.jpg,False
2025-10,A,003010,점프 슈트/오버올,003,바지,20,4227157,whoau,후아유,Denim Overalls(F) / WHTJF4923F,https://image.msscdn.net/images/goods_img/20240702/4227157/4227157_17676722986604_500.jpg,False
2025-10,A,003010,점프 슈트/오버올,003,바지,21,3498066,thisisneverthat,디스이즈네버댓,GORE-TEX 3L Overall Grey,https://image.msscdn.net/images/goods_img/20230825/3498066/3498066_16932995849761_500.jpg,False
2025-10,A,003010,점프 슈트/오버올,003,바지,22,4890748,thebarnnet,더바넷,Farmers Cotton Overall_Khaki,https://image.msscdn.net/images/goods_img/20250312/4890748/4890748_17419280100501_500.jpg,False
2025-10,A,003010,점프 슈트/오버올,003,바지,23,5067322,offroad,오프로드,유니 벨트 점프 수트 (카키)_5LG2912,https://image.msscdn.net/images/goods_img/20250425/5067322/5067322_17455627927890_500.jpg,False
2025-10,A,003010,점프 슈트/오버올,003,바지,24,5365895,somewherebutter,썸웨어버터,Vintage Combi Cotton Overall - Oat Beige,https://image.msscdn.net/images/goods_img/20250826/5365895/5365895_17575788592517_500.jpg,False
2025-10,A,003010,점프 슈트/오버올,003,바지,25,4042628,laugher,라퍼,[논페이드] 멜빵 데님 오버롤 팬츠 - 블랙,https://image.msscdn.net/images/goods_img/20240411/4042628/4042628_17128647133178_500.jpg,False
2025-10,A,003010,점프 슈트/오버올,003,바지,26,4853664,wrangler,랭글러,Loose Denim Overall Mix,https://image.msscdn.net/images/goods_img/20250304/4853664/4853664_17410718392067_500.jpg,False
2025-10,A,003010,점프 슈트/오버올,003,바지,27,4747051,havism,해비즘,ROSE DENIM OVERALLS,https://image.msscdn.net/images/goods_img/20250130/4747051/4747051_17385680377355_500.jpg,False
2025-10,A,003010,점프 슈트/오버올,003,바지,28,5602278,dollouterwear,돌아우터웨어,2526 파로 점프슈트 BLACK 남녀공용,https://image.msscdn.net/images/goods_img/20251016/5602278/5602278_17606028909531_500.jpg,False
2025-10,A,003010,점프 슈트/오버올,003,바지,29,5067318,offroad,오프로드,유니 벨트 점프 수트 (다크 네이비)_5LG2912,https://image.msscdn.net/images/goods_img/20250425/5067318/5067318_17455627119548_500.jpg,False
2025-10,A,003010,점프 슈트/오버올,003,바지,30,3242184,bendavis,벤 데이비스,오리지널 오버롤 블랙,https://image.msscdn.net/images/goods_img/20230418/3242184/3242184_16825750601905_500.jpg,False
2025-10,A,003006,기타 하의,003,바지,1,4210131,musinsastandard,무신사 스탠다드,시티 레저 CN 벨티드 유틸리티 팬츠 [블랙],https://image.msscdn.net/images/goods_img/20240620/4210131/4210131_17294816036943_500.jpg,False
2025-10,A,003006,기타 하의,003,바지,2,4210133,musinsastandard,무신사 스탠다드,시티 레저 CN 벨티드 유틸리티 팬츠 [그레이],https://image.msscdn.net/images/goods_img/20240620/4210133/4210133_17294814021978_500.jpg,False
2025-10,A,003006,기타 하의,003,바지,3,2926541,brenson,브렌슨,(Renew Ver.) 코듀로이 원턱 와이드 밴딩팬츠 ( 5Color ),https://image.msscdn.net/images/goods_img/20221108/2926541/2926541_17623049889755_500.jpg,False
2025-10,A,003006,기타 하의,003,바지,4,4993373,aakam,아캄,Knee Pin-tuck Studded Cotton Pants (Khaki),https://image.msscdn.net/images/goods_img/20250407/4993373/4993373_17453045907117_500.jpg,False
2025-10,A,003006,기타 하의,003,바지,5,3404705,musinsastandard,무신사 스탠다드,시티 레저 CN 와이드 벨티드 파라슈트 팬츠 [블랙],https://image.msscdn.net/images/goods_img/20230712/3404705/3404705_17134029927665_500.jpg,False
2025-10,A,003006,기타 하의,003,바지,6,4798024,aakam,아캄,Knee Pin-tuck Contrast Cargo Pants (Black),https://image.msscdn.net/images/goods_img/20250218/4798024/4798024_17400861432023_500.jpg,False
2025-10,A,003006,기타 하의,003,바지,7,4274065,lemainsecond,리메인세컨드,와이드 빅포켓 파라슈트 밴딩 카고 팬츠 [카키],https://image.msscdn.net/images/goods_img/20240725/4274065/4274065_17616963476707_500.jpg,False
2025-10,A,003006,기타 하의,003,바지,8,3411538,musinsastandard,무신사 스탠다드,나일론 파라슈트 팬츠 [블랙],https://image.msscdn.net/images/goods_img/20230717/3411538/3411538_16938694187008_500.jpg,False
2025-10,A,003006,기타 하의,003,바지,9,4793993,xtonzwoman,루나키후,WXP040 슈팅 스타 스트라이프 벌룬 팬츠 (BLACK),https://image.msscdn.net/images/goods_img/20250217/4793993/4793993_17715625661504_500.jpg,False
2025-10,A,003006,기타 하의,003,바지,10,4993369,aakam,아캄,Knee Pin-tuck Studded Cotton Pants (Black),https://image.msscdn.net/images/goods_img/20250407/4993369/4993369_17453044502327_500.jpg,False
2025-10,A,003006,기타 하의,003,바지,11,3404706,musinsastandard,무신사 스탠다드,시티 레저 CN 와이드 벨티드 파라슈트 팬츠 [그레이쉬 베이지],https://image.msscdn.net/images/goods_img/20230712/3404706/3404706_17134029698179_500.jpg,False
2025-10,A,003006,기타 하의,003,바지,12,4326418,musinsastandard,무신사 스탠다드,시티 레저 폴라 플리스 벨티드 팬츠 [그레이],https://image.msscdn.net/images/goods_img/20240813/4326418/4326418_17294859940371_500.jpg,False
2025-10,A,003006,기타 하의,003,바지,13,4728654,filluminate,필루미네이트,밀리터리 카고 팬츠-블랙,https://image.msscdn.net/images/goods_img/20250119/4728654/4728654_17425206583875_500.jpg,False
2025-10,A,003006,기타 하의,003,바지,14,4790472,nike,나이키,ACG 스미스 서밋 카고 팬츠 W - 블랙:서밋 화이트 / FN1948-010,https://image.msscdn.net/images/goods_img/20250214/4790472/4790472_17397543553219_500.jpg,False
2025-10,A,003006,기타 하의,003,바지,15,3757179,musinsastandard,무신사 스탠다드,시티 레저 CN 와이드 벨티드 파라슈트 팬츠 [그레이],https://image.msscdn.net/images/goods_img/20231215/3757179/3757179_17101165402246_500.jpg,False
2025-10,A,003006,기타 하의,003,바지,16,5480121,misekiseoul,미세키서울,Pleats midi skirt pants SET BLACK,https://image.msscdn.net/images/goods_img/20250917/5480121/5480121_17587897662441_500.jpg,False
2025-10,A,003006,기타 하의,003,바지,17,3757183,musinsastandard,무신사 스탠다드,시티 레저 와이드 벨티드 카고 팬츠 [그레이쉬 베이지],https://image.msscdn.net/images/goods_img/20231215/3757183/3757183_17101182376959_500.jpg,False
2025-10,A,003006,기타 하의,003,바지,18,4326417,musinsastandard,무신사 스탠다드,시티 레저 폴라 플리스 벨티드 팬츠 [블랙],https://image.msscdn.net/images/goods_img/20240813/4326417/4326417_17294860887181_500.jpg,False
2025-10,A,003006,기타 하의,003,바지,19,4577688,nike,나이키,ACG 스미스 서밋 카고 팬츠 M - 블랙:안트라사이트:서밋 화이트 / FN0429-010,https://image.msscdn.net/images/goods_img/20241031/4577688/4577688_17307976345858_500.jpg,False
2025-10,A,003006,기타 하의,003,바지,20,5063526,andar,안다르,[2 PACK] 에어쿨링 맥시 와이드 레깅스,https://image.msscdn.net/images/goods_img/20250424/5063526/5063526_17454829689711_500.jpg,False
2025-10,A,003006,기타 하의,003,바지,21,3758425,musinsastandardwoman,무신사 스탠다드 우먼,우먼즈 세미 부츠 컷 유틸리티 카고 팬츠 [다크 그레이],https://image.msscdn.net/images/goods_img/20231215/3758425/3758425_17267126895773_500.jpg,False
2025-10,A,003006,기타 하의,003,바지,22,3757178,musinsastandard,무신사 스탠다드,시티 레저 CN 와이드 벨티드 파라슈트 팬츠 [카키],https://image.msscdn.net/images/goods_img/20231215/3757178/3757178_17101163541344_500.jpg,False
2025-10,A,003006,기타 하의,003,바지,23,5381241,oy,오와이,CHECK MIX WIDE VOLUME PANTS - BLACK,https://image.msscdn.net/images/goods_img/20250829/5381241/5381241_17569559107970_500.jpg,False
2025-10,A,003006,기타 하의,003,바지,24,5364780,hadex,에이치덱스,메인로고 트랙 팬츠 (Black),https://image.msscdn.net/images/goods_img/20250826/5364780/5364780_17582634992274_500.jpg,False
2025-10,A,003006,기타 하의,003,바지,25,4274062,lemainsecond,리메인세컨드,와이드 빅포켓 파라슈트 밴딩 카고 팬츠 [블랙],https://image.msscdn.net/images/goods_img/20240725/4274062/4274062_17557348882367_500.jpg,False
2025-10,A,003006,기타 하의,003,바지,26,3411543,musinsastandard,무신사 스탠다드,속기모 나일론 와이드 스트링 팬츠 [블랙],https://image.msscdn.net/images/goods_img/20230717/3411543/3411543_16952621327918_500.jpg,False
2025-10,A,003006,기타 하의,003,바지,27,5364743,hadex,에이치덱스,컨트라스트 스웨트 팬츠 (Black),https://image.msscdn.net/images/goods_img/20250826/5364743/5364743_17582635278990_500.jpg,False
2025-10,A,003006,기타 하의,003,바지,28,3411541,musinsastandard,무신사 스탠다드,나일론 파라슈트 팬츠  [그레이],https://image.msscdn.net/images/goods_img/20230717/3411541/3411541_16939020628994_500.jpg,False
2025-10,A,003006,기타 하의,003,바지,29,4969760,aakam,아캄,Knee Pin-tuck Contrast Cargo Pants (Dark Gray),https://image.msscdn.net/images/goods_img/20250331/4969760/4969760_17436576295565_500.jpg,False
2025-10,A,003006,기타 하의,003,바지,30,5468228,etce,이티씨이,(BASE) CARPENTER DENIM PANTS (BLACK),https://image.msscdn.net/images/goods_img/20250916/5468228/5468228_17581585906977_500.jpg,False
2025-10,A,100,원피스/스커트,,,1,4350936,misekiseoul,미세키서울,Unbalanced layered skirt BLACK,https://image.msscdn.net/images/goods_img/20240821/4350936/4350936_17816746257467_500.png,False
2025-10,A,100,원피스/스커트,,,2,5292443,musinsastandardwoman,무신사 스탠다드 우먼,우먼즈 플리츠 니 렝스 스커트 [그레이],https://image.msscdn.net/images/goods_img/20250805/5292443/5292443_17569697231651_500.jpg,False
2025-10,A,100,원피스/스커트,,,3,5292442,musinsastandardwoman,무신사 스탠다드 우먼,우먼즈 플리츠 니 렝스 스커트 [블랙],https://image.msscdn.net/images/goods_img/20250805/5292442/5292442_17549805255560_500.jpg,False
2025-10,A,100,원피스/스커트,,,4,4593352,placestudio,플레이스 스튜디오,슬림핏 베이직 윈터 티어드 밴딩 롱 캉캉스커트 [화이트],https://image.msscdn.net/images/goods_img/20241106/4593352/4593352_17308779637311_500.jpg,False
2025-10,A,100,원피스/스커트,,,5,4593477,placestudio,플레이스 스튜디오,슬림핏 베이직 윈터 티어드 밴딩 롱 캉캉스커트 [블랙],https://image.msscdn.net/images/goods_img/20241106/4593477/4593477_17308782967721_500.jpg,False
2025-10,A,100,원피스/스커트,,,6,2792603,musinsastandardwoman,무신사 스탠다드 우먼,우먼즈 맥시 스커트 [블랙],https://image.msscdn.net/images/goods_img/20220915/2792603/2792603_17536886431375_500.jpg,False
2025-10,A,100,원피스/스커트,,,7,2448899,musinsastandardwoman,무신사 스탠다드 우먼,우먼즈 프론트 슬릿 데님 롱 스커트 [워시드 블랙],https://image.msscdn.net/images/goods_img/20220328/2448899/2448899_17661127529056_500.jpg,False
2025-10,A,100,원피스/스커트,,,8,2117253,musinsastandardwoman,무신사 스탠다드 우먼,우먼즈 플리츠 미디 스커트 [블랙],https://image.msscdn.net/images/goods_img/20210908/2117253/2117253_17467823245909_500.jpg,False
2025-10,A,100,원피스/스커트,,,9,5166584,musinsastandardwoman,무신사 스탠다드 우먼,우먼즈 11W  코듀로이 맥시 스커트 [블랙],https://image.msscdn.net/images/goods_img/20250604/5166584/5166584_17580939770562_500.jpg,False
2025-10,A,100,원피스/스커트,,,10,5480247,misekiseoul,미세키서울,Sei layered midi Skirt BLACK,https://image.msscdn.net/images/goods_img/20250917/5480247/5480247_17587898980992_500.jpg,False
2025-10,A,100,원피스/스커트,,,11,5166587,musinsastandardwoman,무신사 스탠다드 우먼,우먼즈 11W  코듀로이 맥시 스커트 [토프],https://image.msscdn.net/images/goods_img/20250604/5166587/5166587_17580939253383_500.jpg,False
2025-10,A,100,원피스/스커트,,,12,2117254,musinsastandardwoman,무신사 스탠다드 우먼,우먼즈 플리츠 미디 스커트 [차콜 그레이],https://image.msscdn.net/images/goods_img/20210908/2117254/2117254_17467755871427_500.jpg,False
2025-10,A,100,원피스/스커트,,,13,3758437,musinsastandardwoman,무신사 스탠다드 우먼,우먼즈 CP 맥시 스커트 [블랙],https://image.msscdn.net/images/goods_img/20231215/3758437/3758437_17677813885414_500.jpg,False
2025-10,A,100,원피스/스커트,,,14,2257612,musinsastandardwoman,무신사 스탠다드 우먼,우먼즈 플리츠 미디 스커트 [미디엄 그레이],https://image.msscdn.net/images/goods_img/20211206/2257612/2257612_17155615478939_500.jpg,False
2025-10,A,100,원피스/스커트,,,15,5166590,musinsastandardwoman,무신사 스탠다드 우먼,우먼즈 14W 코듀로이 로 라이즈 미니 스코츠 [브라운],https://image.msscdn.net/images/goods_img/20250604/5166590/5166590_17618101156392_500.jpg,False
2025-10,A,100,원피스/스커트,,,16,4298327,musinsastandardwoman,무신사 스탠다드 우먼,우먼즈 로 라이즈 플리츠 미니 스코츠 [블랙],https://image.msscdn.net/images/goods_img/20240806/4298327/4298327_17467829987386_500.jpg,False
2025-10,A,100,원피스/스커트,,,17,5166585,musinsastandardwoman,무신사 스탠다드 우먼,우먼즈 11W  코듀로이 맥시 스커트 [브라운],https://image.msscdn.net/images/goods_img/20250604/5166585/5166585_17580939516658_500.jpg,False
2025-10,A,100,원피스/스커트,,,18,4457754,musinsastandardwoman,무신사 스탠다드 우먼,우먼즈 스트레이트 맥시 스커트 [블랙],https://image.msscdn.net/images/goods_img/20240924/4457754/4457754_17467722878565_500.jpg,False
2025-10,A,100,원피스/스커트,,,19,4800538,placestudio,플레이스 스튜디오,투밸트 로우라이즈 탈부착 플리츠 더블 레이어드 미디스커트[블랙],https://image.msscdn.net/images/goods_img/20250218/4800538/4800538_17524547855251_500.jpg,False
2025-10,A,100,원피스/스커트,,,20,5319968,painorpleasure,페인오어플레져,LIORA JACKET DRESS charcoal,https://image.msscdn.net/images/goods_img/20250813/5319968/5319968_17567790891525_500.jpg,False
2025-10,A,100,원피스/스커트,,,21,5317074,flareup,플레어업,Asymmetrical Draped Layered Long Skirt (FL-256_Black),https://image.msscdn.net/images/goods_img/20250813/5317074/5317074_17630779437723_500.jpg,False
2025-10,A,100,원피스/스커트,,,22,5359238,generalideastandard,제너럴아이디어,빈티지 체크 롱 스커트 [NAVY] / WBE3L13506,https://image.msscdn.net/images/goods_img/20250825/5359238/5359238_17700907256759_500.png,False
2025-10,A,100,원피스/스커트,,,23,5166588,musinsastandardwoman,무신사 스탠다드 우먼,우먼즈 14W 코듀로이 로 라이즈 미니 스코츠 [블랙],https://image.msscdn.net/images/goods_img/20250604/5166588/5166588_17580642021173_500.jpg,False
2025-10,A,100,원피스/스커트,,,24,2792604,musinsastandardwoman,무신사 스탠다드 우먼,우먼즈 맥시 스커트 [미디엄 그레이],https://image.msscdn.net/images/goods_img/20220915/2792604/2792604_16728975851407_500.jpg,False
2025-10,A,100,원피스/스커트,,,25,5292447,musinsastandardwoman,무신사 스탠다드 우먼,우먼즈 버클 플리츠 체크 니 렝스 스커트 [그레이],https://image.msscdn.net/images/goods_img/20250805/5292447/5292447_17635368232070_500.jpg,False
2025-10,A,100,원피스/스커트,,,26,4324777,niceghostclub,나이스고스트클럽,BIG STAR LOGO SWEAT SKIRT_BLACK(NG2EFUPA90A),https://image.msscdn.net/images/goods_img/20240813/4324777/4324777_17708775629904_500.jpg,False
2025-10,A,100,원피스/스커트,,,27,5316072,hugyourskin,허그유어스킨,아가일 케이프 미디 스커트 (차콜),https://image.msscdn.net/images/goods_img/20250812/5316072/5316072_17575742663877_500.jpg,False
2025-10,A,100,원피스/스커트,,,28,5292444,musinsastandardwoman,무신사 스탠다드 우먼,우먼즈 플레어 미니 드레스 [블랙],https://image.msscdn.net/images/goods_img/20250805/5292444/5292444_17568842441359_500.jpg,False
2025-10,A,100,원피스/스커트,,,29,4687212,musinsastandardwoman,무신사 스탠다드 우먼,우먼즈 레이어드 미니 스코츠 [차콜 그레이],https://image.msscdn.net/images/goods_img/20241231/4687212/4687212_17467727936774_500.jpg,False
2025-10,A,100,원피스/스커트,,,30,2830762,painorpleasure,페인오어플레져,NIX MINI SKIRT black,https://image.msscdn.net/images/goods_img/20220929/2830762/2830762_17883362863775_500.jpg,False
2025-10,A,100001,미니원피스,100,원피스/스커트,1,5319968,painorpleasure,페인오어플레져,LIORA JACKET DRESS charcoal,https://image.msscdn.net/images/goods_img/20250813/5319968/5319968_17567790891525_500.jpg,False
2025-10,A,100001,미니원피스,100,원피스/스커트,2,5292444,musinsastandardwoman,무신사 스탠다드 우먼,우먼즈 플레어 미니 드레스 [블랙],https://image.msscdn.net/images/goods_img/20250805/5292444/5292444_17568842441359_500.jpg,False
2025-10,A,100001,미니원피스,100,원피스/스커트,3,5319245,painorpleasure,페인오어플레져,HEART TOP DRESS black,https://image.msscdn.net/images/goods_img/20250813/5319245/5319245_17567790483622_500.jpg,False
2025-10,A,100001,미니원피스,100,원피스/스커트,4,5290325,musinsastandardwoman,무신사 스탠다드 우먼,우먼즈 플리츠 미니 드레스 [그레이],https://image.msscdn.net/images/goods_img/20250804/5290325/5290325_17550618050328_500.jpg,False
2025-10,A,100001,미니원피스,100,원피스/스커트,5,5320054,painorpleasure,페인오어플레져,LIORA JACKET DRESS black,https://image.msscdn.net/images/goods_img/20250813/5320054/5320054_17567791054474_500.jpg,False
2025-10,A,100001,미니원피스,100,원피스/스커트,6,5290322,musinsastandardwoman,무신사 스탠다드 우먼,우먼즈 플리츠 미니 드레스 [블랙],https://image.msscdn.net/images/goods_img/20250804/5290322/5290322_17550527411263_500.jpg,False
2025-10,A,100001,미니원피스,100,원피스/스커트,7,5306463,painorpleasure,페인오어플레져,HEART TOP DRESS grey,https://image.msscdn.net/images/goods_img/20250808/5306463/5306463_17567788767832_500.jpg,False
2025-10,A,100001,미니원피스,100,원피스/스커트,8,4428534,mausoleum,마우솔레움,젠 라운드 넥 플리티드 수트 자켓 드레스-블랙,https://image.msscdn.net/images/goods_img/20240910/4428534/4428534_17581576536722_500.jpg,False
2025-10,A,100001,미니원피스,100,원피스/스커트,9,2714524,avan,어반드레스,Punching Knit Dress BLACK,https://image.msscdn.net/images/goods_img/20220812/2714524/2714524_17207610263763_500.jpg,False
2025-10,A,100001,미니원피스,100,원피스/스커트,10,5282399,cerric,세릭,LACE FRILL DRESS / WHITE,https://image.msscdn.net/images/goods_img/20250730/5282399/5282399_17549066407114_500.jpg,False
2025-10,A,100001,미니원피스,100,원피스/스커트,11,5472964,mireco,미레코,CABLE RECO KNIT OPS GREY,https://image.msscdn.net/images/prd_img/20250916/5472964/detail_5472964_17592076752359_500.jpg,False
2025-10,A,100001,미니원피스,100,원피스/스커트,12,4428543,mausoleum,마우솔레움,젠 플리티드 수트 자켓 드레스 - 블랙,https://image.msscdn.net/images/goods_img/20240910/4428543/4428543_17581579349799_500.jpg,False
2025-10,A,100001,미니원피스,100,원피스/스커트,13,5398834,hyfve,하이파이브,시스루 골드 자수 프릴 원피스 & 스웨이드 벨트,https://image.msscdn.net/images/goods_img/20250903/5398834/5398834_17568892595091_500.jpg,False
2025-10,A,100001,미니원피스,100,원피스/스커트,14,4428494,mausoleum,마우솔레움,젠 라운드 넥 플리티드 수트 자켓 드레스-그레이,https://image.msscdn.net/images/goods_img/20240910/4428494/4428494_17581575766269_500.jpg,False
2025-10,A,100001,미니원피스,100,원피스/스커트,15,5439881,misekiseoul,미세키서울,double button knit one piece BLACK,https://image.msscdn.net/images/goods_img/20250910/5439881/5439881_17582630263293_500.jpg,False
2025-10,A,100001,미니원피스,100,원피스/스커트,16,4428491,mausoleum,마우솔레움,젠 수트 자켓 드레스-블랙,https://image.msscdn.net/images/goods_img/20240910/4428491/4428491_17581570793981_500.jpg,False
2025-10,A,100001,미니원피스,100,원피스/스커트,17,4400958,bibyseob,바이바이섭,[SET] 트위드 울 자켓 + 미니 스커트 블랙,https://image.msscdn.net/images/goods_img/20240904/4400958/4400958_17254096214973_500.jpg,False
2025-10,A,100001,미니원피스,100,원피스/스커트,18,5363403,kijun,기준,Half Zip-Up Knit Dress Black,https://image.msscdn.net/images/goods_img/20250826/5363403/5363403_17575125708487_500.jpg,False
2025-10,A,100001,미니원피스,100,원피스/스커트,19,5315953,hugyourskin,허그유어스킨,캉캉 레이어드 후드 드레스 (아이보리),https://image.msscdn.net/images/goods_img/20250812/5315953/5315953_17575764144768_500.jpg,False
2025-10,A,100001,미니원피스,100,원피스/스커트,20,5311176,illigo,일리고,프레피 리본 플리츠 원피스 차콜,https://image.msscdn.net/images/goods_img/20250811/5311176/5311176_17709530772004_500.jpg,False
2025-10,A,100001,미니원피스,100,원피스/스커트,21,5473013,mireco,미레코,CABLE RECO KNIT OPS CHARCOAL,https://image.msscdn.net/images/prd_img/20250916/5473013/detail_5473013_17592073683724_500.jpg,False
2025-10,A,100001,미니원피스,100,원피스/스커트,22,5316441,hugyourskin,허그유어스킨,스트랩 니트 드레스 (차콜),https://image.msscdn.net/images/goods_img/20250812/5316441/5316441_17561120210730_500.jpg,False
2025-10,A,100001,미니원피스,100,원피스/스커트,23,5304589,tuomio,뚜오미오,CHECK MIXED JERSEY DRESS [CHARCOAL],https://image.msscdn.net/images/goods_img/20250808/5304589/5304589_17670714847282_500.jpg,False
2025-10,A,100001,미니원피스,100,원피스/스커트,24,5443724,sinoon,시눈,Crochet Ribbon Tie Sleeveless Dress (Ivory),https://image.msscdn.net/images/goods_img/20250911/5443724/5443724_17812454395714_500.jpg,False
2025-10,A,100001,미니원피스,100,원피스/스커트,25,4768307,musinsastandardwoman,무신사 스탠다드 우먼,우먼즈 리브드 와이 넥 긴소매 미니 드레스 [블랙],https://image.msscdn.net/images/goods_img/20250207/4768307/4768307_17459783866381_500.jpg,False
2025-10,A,100001,미니원피스,100,원피스/스커트,26,4350231,musinsastandardwoman,무신사 스탠다드 우먼,우먼즈 스퀘어 넥 트위드 미니 드레스 [블랙],https://image.msscdn.net/images/goods_img/20240820/4350231/4350231_17296684962897_500.jpg,False
2025-10,A,100001,미니원피스,100,원피스/스커트,27,5439893,misekiseoul,미세키서울,double button knit one piece DARK GREY,https://image.msscdn.net/images/goods_img/20250910/5439893/5439893_17582631761534_500.jpg,False
2025-10,A,100001,미니원피스,100,원피스/스커트,28,5311167,illigo,일리고,플레어 아일렛 오프숄더 원피스 차콜,https://image.msscdn.net/images/goods_img/20250811/5311167/5311167_17558518025973_500.jpg,False
2025-10,A,100001,미니원피스,100,원피스/스커트,29,5290323,musinsastandardwoman,무신사 스탠다드 우먼,우먼즈 플리츠 미니 드레스 [멜란지 그레이],https://image.msscdn.net/images/goods_img/20250804/5290323/5290323_17550618229169_500.jpg,False
2025-10,A,100001,미니원피스,100,원피스/스커트,30,4428554,mausoleum,마우솔레움,젠 플리티드 수트 자켓 드레스 - 네이비,https://image.msscdn.net/images/goods_img/20240910/4428554/4428554_17582706529274_500.jpg,False
2025-10,A,100002,미디원피스,100,원피스/스커트,1,5503621,mixxo,미쏘,랩 레이어드 원피스_MIWOWFT09G,https://image.msscdn.net/images/goods_img/20250922/5503621/5503621_17602843807881_500.jpg,False
2025-10,A,100002,미디원피스,100,원피스/스커트,2,5319787,painorpleasure,페인오어플레져,HEAVEN DRESS grey,https://image.msscdn.net/images/goods_img/20250813/5319787/5319787_17567790614873_500.jpg,False
2025-10,A,100002,미디원피스,100,원피스/스커트,3,5471082,mixxo,미쏘,레이어드 프릴 원피스_MIWOWFT11G,https://image.msscdn.net/images/goods_img/20250916/5471082/5471082_17602843833277_500.jpg,False
2025-10,A,100002,미디원피스,100,원피스/스커트,4,5493602,snowpeakapparel,스노우피크 어패럴,코듀로이 여성 오버롤 원피스 (S25WWFOP73) Dark Gray,https://image.msscdn.net/images/goods_img/20250919/5493602/5493602_17582498006047_500.jpg,False
2025-10,A,100002,미디원피스,100,원피스/스커트,5,4405675,lee,리,코듀로이 오버롤 원피스 브라운,https://image.msscdn.net/images/goods_img/20240904/4405675/4405675_17579871245029_500.jpg,False
2025-10,A,100002,미디원피스,100,원피스/스커트,6,3789312,marni,마르니,플로럴 프린팅 미디 원피스 - 릴리 화이트 / ABMA1162A0UTC325REW01,https://image.msscdn.net/images/goods_img/20240111/3789312/3789312_17066686289805_500.jpg,False
2025-10,A,100002,미디원피스,100,원피스/스커트,7,5493599,snowpeakapparel,스노우피크 어패럴,코듀로이 여성 오버롤 원피스 (S25WWFOP73) Dark Charcoal,https://image.msscdn.net/images/goods_img/20250919/5493599/5493599_17905720881954_500.jpg,False
2025-10,A,100002,미디원피스,100,원피스/스커트,8,5442102,covernatwoman,커버낫 우먼,우먼 코듀로이 서스펜더 원피스 Brown,https://image.msscdn.net/images/goods_img/20250911/5442102/5442102_17615487802568_500.jpg,False
2025-10,A,100002,미디원피스,100,원피스/스커트,9,5065864,zerostreet,제로스트릿,[긴팔ver.][3컬러] 소프트 셔츠 원피스,https://image.msscdn.net/images/goods_img/20250425/5065864/5065864_17876439513226_500.jpg,False
2025-10,A,100002,미디원피스,100,원피스/스커트,10,5460508,mausoleum,마우솔레움,젠 롱 벨티드 드레스-그레이,https://image.msscdn.net/images/goods_img/20250915/5460508/5460508_17579906717952_500.jpg,False
2025-10,A,100002,미디원피스,100,원피스/스커트,11,4517493,nationalgeographic,내셔널지오그래픽,N244WOP950 여성 아르켈론 더블웜 우븐 원피스 CARBON BLACK,https://image.msscdn.net/images/goods_img/20241015/4517493/4517493_17292124072209_500.jpg,False
2025-10,A,100002,미디원피스,100,원피스/스커트,12,5498415,treemingbird,트리밍버드,Turtleneck Pintuck Jersey One-piece [ Black ],https://image.msscdn.net/images/goods_img/20250919/5498415/5498415_17582712843650_500.jpg,False
2025-10,A,100002,미디원피스,100,원피스/스커트,13,3199619,jacquemus,자크뮈스,라 로브 바리 원피스 - 블랙 / 221DR0161333990,https://image.msscdn.net/images/goods_img/20230331/3199619/3199619_16871637386694_500.jpg,False
2025-10,A,100002,미디원피스,100,원피스/스커트,14,5378595,clor,클로르,TIE SHIRT DRESS - 2 colors,https://image.msscdn.net/images/goods_img/20250829/5378595/5378595_17569048089464_500.jpg,False
2025-10,A,100002,미디원피스,100,원피스/스커트,15,2146591,paperboy,페이퍼보이,뉴욕 후디 원피스-블랙,https://image.msscdn.net/images/goods_img/20210926/2146591/2146591_1_500.jpg,False
2025-10,A,100002,미디원피스,100,원피스/스커트,16,5319877,painorpleasure,페인오어플레져,HEAVEN DRESS pink,https://image.msscdn.net/images/goods_img/20250813/5319877/5319877_17567790731833_500.jpg,False
2025-10,A,100002,미디원피스,100,원피스/스커트,17,5047659,covernatwoman,커버낫 우먼,우먼 셔링 플레어 슬리브리스 원피스 Black,https://image.msscdn.net/images/goods_img/20250421/5047659/5047659_17472862113008_500.jpg,False
2025-10,A,100002,미디원피스,100,원피스/스커트,18,5333373,sunburnproject,썬번프로젝트,"Lace Pleats Midi One-piece, BLACK",https://image.msscdn.net/images/goods_img/20250818/5333373/5333373_17561140463939_500.jpg,False
2025-10,A,100002,미디원피스,100,원피스/스커트,19,5333381,sunburnproject,썬번프로젝트,"Lace Pleats Midi One-piece, IVORY",https://image.msscdn.net/images/goods_img/20250818/5333381/5333381_17561141565593_500.jpg,False
2025-10,A,100002,미디원피스,100,원피스/스커트,20,5327275,lee,리,코듀로이 오버롤 원피스 브라운,https://image.msscdn.net/images/goods_img/20250814/5327275/5327275_17579870256425_500.jpg,False
2025-10,A,100002,미디원피스,100,원피스/스커트,21,5327274,lee,리,코듀로이 오버롤 원피스 아이보리,https://image.msscdn.net/images/goods_img/20250814/5327274/5327274_17568873906761_500.jpg,False
2025-10,A,100002,미디원피스,100,원피스/스커트,22,1254411,betweenaandb,비트윈에이앤비,후드 롱저지 기모 원피스 [블랙],https://image.msscdn.net/images/goods_img/20191219/1254411/1254411_17024436914378_500.jpg,False
2025-10,A,100002,미디원피스,100,원피스/스커트,23,3186176,maisonmargiela,메종 마르지엘라,드라이 모헤어 원피스 - 다크 그레이 / SI0CT0004S52583855,https://image.msscdn.net/images/goods_img/20230328/3186176/3186176_16842186098548_500.jpg,False
2025-10,A,100002,미디원피스,100,원피스/스커트,24,5487542,notknowing,낫노잉,Belted Drop Ruffle Dress (CHECK),https://image.msscdn.net/images/goods_img/20250918/5487542/5487542_17587701245943_500.jpg,False
2025-10,A,100002,미디원피스,100,원피스/스커트,25,5507526,lifework,라이프워크,여성) 호피 라독 프린트 후드 원피스,https://image.msscdn.net/images/goods_img/20250922/5507526/5507526_17605158134011_500.jpg,False
2025-10,A,100002,미디원피스,100,원피스/스커트,26,4340658,plunastudio,플루나 스튜디오,스퀘어 플리츠 원피스_Black,https://image.msscdn.net/images/goods_img/20240819/4340658/4340658_17253737211696_500.jpg,False
2025-10,A,100002,미디원피스,100,원피스/스커트,27,5359962,lucirzu,루시르주,Curve-Line Dress & Ribbon Corsage (black),https://image.msscdn.net/images/goods_img/20250825/5359962/5359962_17561086492024_500.jpg,False
2025-10,A,100002,미디원피스,100,원피스/스커트,28,5370904,snowpeakapparel,스노우피크 어패럴,라고 여성 원피스 (S25FWTOP35) Black,https://image.msscdn.net/images/goods_img/20250827/5370904/5370904_17563424088649_500.jpg,False
2025-10,A,100002,미디원피스,100,원피스/스커트,29,4760142,misekiseoul,미세키서울,Unbalanced layered one piece BLACK,https://image.msscdn.net/images/goods_img/20250205/4760142/4760142_17690674010391_500.jpg,False
2025-10,A,100002,미디원피스,100,원피스/스커트,30,4353559,theatg,더엣지,트위드 플레어 원피스,https://image.msscdn.net/images/goods_img/20240821/4353559/4353559_17313026779021_500.jpg,False
2025-10,A,100003,맥시원피스,100,원피스/스커트,1,5343757,insilencewomen,인사일런스 우먼,빈티지 프릴 맥시 원피스 CREAM,https://image.msscdn.net/images/goods_img/20250820/5343757/5343757_17809834056074_500.jpg,False
2025-10,A,100003,맥시원피스,100,원피스/스커트,2,5487735,glowny,글로니,ENCHANTED COTTON LACE DRESS (WHITE),https://image.msscdn.net/images/goods_img/20250918/5487735/5487735_17581793596167_500.jpg,False
2025-10,A,100003,맥시원피스,100,원피스/스커트,3,5443723,sinoon,시눈,Sinoon Texture Flower Dress (Ash Blue),https://image.msscdn.net/images/goods_img/20250911/5443723/5443723_17757117420963_500.jpg,False
2025-10,A,100003,맥시원피스,100,원피스/스커트,4,5352659,bonienkiye,보니앤키예,Washing hoodie dress,https://image.msscdn.net/images/goods_img/20250822/5352659/5352659_17557899206632_500.jpeg,False
2025-10,A,100003,맥시원피스,100,원피스/스커트,5,4410716,loeuvre,루에브르,Asymetric Placket Sleeveless Dress SW5XO815_3color,https://image.msscdn.net/images/prd_img/20240905/4410716/detail_4410716_17574858096818_500.jpg,False
2025-10,A,100003,맥시원피스,100,원피스/스커트,6,5453196,lalafox,라라폭스,CHECK LONG DRESS NAVY 드레스 BR4WO001,https://image.msscdn.net/images/goods_img/20250912/5453196/5453196_17576694093621_500.jpg,False
2025-10,A,100003,맥시원피스,100,원피스/스커트,7,4487880,reorg,리올그,RIE ROUND JACKET WITH FLARE SLEEVELESS OPS BLACK,https://image.msscdn.net/images/goods_img/20241004/4487880/4487880_17283682628422_500.jpg,False
2025-10,A,100003,맥시원피스,100,원피스/스커트,8,3442344,sincethen,신스덴,로맨티크 롱원피스,https://image.msscdn.net/images/goods_img/20230802/3442344/3442344_17611140466276_500.jpg,False
2025-10,A,100003,맥시원피스,100,원피스/스커트,9,3613114,artid,아티드,플레어 슬리브리스 롱 원피스_BLACK,https://image.msscdn.net/images/goods_img/20231010/3613114/3613114_17802885089251_500.jpg,False
2025-10,A,100003,맥시원피스,100,원피스/스커트,10,5372595,pigment,피그먼트,코튼스트링멜빵원피스 (PBE08F-WOPW001),https://image.msscdn.net/images/goods_img/20250828/5372595/5372595_17563479826173_500.jpg,False
2025-10,A,100003,맥시원피스,100,원피스/스커트,11,4761817,anggae,앙개,Llama Blend Long Dress  Brown,https://image.msscdn.net/images/goods_img/20250205/4761817/4761817_17387528464146_500.jpg,False
2025-10,A,100003,맥시원피스,100,원피스/스커트,12,4494475,naaieen,나이엔,도트 쉬폰 그래픽 드레스,https://image.msscdn.net/images/goods_img/20241008/4494475/4494475_17410711342785_500.jpg,False
2025-10,A,100003,맥시원피스,100,원피스/스커트,13,5369708,tommyjeans,타미진스,배지 스웨트 미디 원피스 (T32F7WOP40TWT2C1G),https://image.msscdn.net/images/goods_img/20250827/5369708/5369708_17562757049081_500.jpg,False
2025-10,A,100003,맥시원피스,100,원피스/스커트,14,5359247,generalideastandard,제너럴아이디어,플레어 슬리브리스 롱 원피스 [BLACK] / WBE3L15504,https://image.msscdn.net/images/goods_img/20250825/5359247/5359247_17561043844955_500.jpg,False
2025-10,A,100003,맥시원피스,100,원피스/스커트,15,4760677,cornell,캔버스,베티붑 레이스 레이어드 프릴 롱 원피스_블랙,https://image.msscdn.net/images/goods_img/20250205/4760677/4760677_17437270874695_500.jpg,False
2025-10,A,100003,맥시원피스,100,원피스/스커트,16,5310898,somewherebutter,썸웨어버터,Della Mini Dress - Ivory,https://image.msscdn.net/images/goods_img/20250811/5310898/5310898_17563673776898_500.jpg,False
2025-10,A,100003,맥시원피스,100,원피스/스커트,17,4025617,citybreeze,시티브리즈,나일론 스트랩 리본 롱 원피스_3COLORS,https://image.msscdn.net/images/goods_img/20240404/4025617/4025617_17815884385767_500.jpg,False
2025-10,A,100003,맥시원피스,100,원피스/스커트,18,3863287,musinsastandardwoman,무신사 스탠다드 우먼,우먼즈 소프트 저지 롱 드레스 [블랙],https://image.msscdn.net/images/goods_img/20240213/3863287/3863287_17191908545674_500.jpg,False
2025-10,A,100003,맥시원피스,100,원피스/스커트,19,5117385,adidas,아디다스,아디컬러 3S 탱크 맥시 드레스 JD4619,https://image.msscdn.net/images/goods_img/20250515/5117385/5117385_17473078732916_500.jpg,False
2025-10,A,100003,맥시원피스,100,원피스/스커트,20,3442340,sincethen,신스덴,타임리스 홀터넥 원피스,https://image.msscdn.net/images/goods_img/20230802/3442340/3442340_17809943300762_500.jpg,False
2025-10,A,100003,맥시원피스,100,원피스/스커트,21,5407635,diagonal,다이애그널,DOUBLE LAYERED LONG DRESS (black),https://image.msscdn.net/images/goods_img/20250905/5407635/5407635_17719857063850_500.jpg,False
2025-10,A,100003,맥시원피스,100,원피스/스커트,22,5376296,levar,르바,Flow Maxi Dress - Off White,https://image.msscdn.net/images/goods_img/20250828/5376296/5376296_17878910221247_500.jpg,False
2025-10,A,100003,맥시원피스,100,원피스/스커트,23,5376295,levar,르바,Flow Maxi Dress - Black,https://image.msscdn.net/images/goods_img/20250828/5376295/5376295_17568896180572_500.jpg,False
2025-10,A,100003,맥시원피스,100,원피스/스커트,24,5306836,treemingbird,트리밍버드,Wrap Shirt One-piece [ Black ],https://image.msscdn.net/images/goods_img/20250808/5306836/5306836_17549859391984_500.jpg,False
2025-10,A,100003,맥시원피스,100,원피스/스커트,25,5306835,treemingbird,트리밍버드,Wrap Shirt One-piece [ White ],https://image.msscdn.net/images/goods_img/20250808/5306835/5306835_17549859558393_500.jpg,False
2025-10,A,100003,맥시원피스,100,원피스/스커트,26,4394976,micane,미케네,클래식컬 트렌치 롱 드레스,https://image.msscdn.net/images/goods_img/20240902/4394976/4394976_17252693262926_500.jpg,False
2025-10,A,100003,맥시원피스,100,원피스/스커트,27,3589029,sincethen,신스덴,디아망 러플 롱원피스 (아이보리),https://image.msscdn.net/images/goods_img/20230922/3589029/3589029_16953764065133_500.jpg,False
2025-10,A,100003,맥시원피스,100,원피스/스커트,28,5564872,snowpeakapparel,스노우피크 어패럴,플리스 여성 원피스 (S25WWFOP77) Charcoal,https://image.msscdn.net/images/goods_img/20251002/5564872/5564872_17611079526568_500.jpg,False
2025-10,A,100003,맥시원피스,100,원피스/스커트,29,4500077,treemingbird,트리밍버드,Drape See-through Long One-piece [ Black ],https://image.msscdn.net/images/goods_img/20241009/4500077/4500077_17288072043061_500.jpg,False
2025-10,A,100003,맥시원피스,100,원피스/스커트,30,2555386,jilsander,질 샌더,플레어 원피스 - 라이트 블루 / JSPU502205WU330300457,https://image.msscdn.net/images/goods_img/20220512/2555386/2555386_1_500.jpg,False
2025-10,A,100004,미니스커트,100,원피스/스커트,1,5166590,musinsastandardwoman,무신사 스탠다드 우먼,우먼즈 14W 코듀로이 로 라이즈 미니 스코츠 [브라운],https://image.msscdn.net/images/goods_img/20250604/5166590/5166590_17618101156392_500.jpg,False
2025-10,A,100004,미니스커트,100,원피스/스커트,2,4298327,musinsastandardwoman,무신사 스탠다드 우먼,우먼즈 로 라이즈 플리츠 미니 스코츠 [블랙],https://image.msscdn.net/images/goods_img/20240806/4298327/4298327_17467829987386_500.jpg,False
2025-10,A,100004,미니스커트,100,원피스/스커트,3,5166588,musinsastandardwoman,무신사 스탠다드 우먼,우먼즈 14W 코듀로이 로 라이즈 미니 스코츠 [블랙],https://image.msscdn.net/images/goods_img/20250604/5166588/5166588_17580642021173_500.jpg,False
2025-10,A,100004,미니스커트,100,원피스/스커트,4,4687212,musinsastandardwoman,무신사 스탠다드 우먼,우먼즈 레이어드 미니 스코츠 [차콜 그레이],https://image.msscdn.net/images/goods_img/20241231/4687212/4687212_17467727936774_500.jpg,False
2025-10,A,100004,미니스커트,100,원피스/스커트,5,2830762,painorpleasure,페인오어플레져,NIX MINI SKIRT black,https://image.msscdn.net/images/goods_img/20220929/2830762/2830762_17883362863775_500.jpg,False
2025-10,A,100004,미니스커트,100,원피스/스커트,6,5292449,musinsastandardwoman,무신사 스탠다드 우먼,우먼즈 18W 코듀로이 티어드 미니 스커트 [블랙],https://image.msscdn.net/images/goods_img/20250805/5292449/5292449_17592896744998_500.jpg,False
2025-10,A,100004,미니스커트,100,원피스/스커트,7,4644489,musinsastandardwoman,무신사 스탠다드 우먼,우먼즈 로 라이즈 플리츠 미니 스코츠 [그레이],https://image.msscdn.net/images/goods_img/20241202/4644489/4644489_17466893080499_500.jpg,False
2025-10,A,100004,미니스커트,100,원피스/스커트,8,2117249,musinsastandardwoman,무신사 스탠다드 우먼,우먼즈 베이식 미니 스커트 [블랙],https://image.msscdn.net/images/goods_img/20210908/2117249/2117249_17625018594051_500.jpg,False
2025-10,A,100004,미니스커트,100,원피스/스커트,9,5311367,khakipoint,카키포인트,Cancan Skirt Pants (black),https://image.msscdn.net/images/goods_img/20250812/5311367/5311367_17574805612546_500.jpg,False
2025-10,A,100004,미니스커트,100,원피스/스커트,10,5166561,musinsastandardwoman,무신사 스탠다드 우먼,우먼즈 코듀로이 플리츠 미니 스커트 [버건디],https://image.msscdn.net/images/goods_img/20250604/5166561/5166561_17580077089471_500.jpg,False
2025-10,A,100004,미니스커트,100,원피스/스커트,11,2568777,musinsastandardwoman,무신사 스탠다드 우먼,우먼즈 코듀로이 플리츠 미니 스커트 [블랙],https://image.msscdn.net/images/goods_img/20220518/2568777/2568777_16975309791978_500.jpg,False
2025-10,A,100004,미니스커트,100,원피스/스커트,12,5313581,misekiseoul,미세키서울,Pleats wrap mini skirt BLACK,https://image.msscdn.net/images/goods_img/20250812/5313581/5313581_17572953284146_500.jpg,False
2025-10,A,100004,미니스커트,100,원피스/스커트,13,3285422,musinsastandardwoman,무신사 스탠다드 우먼,우먼즈 코듀로이 미니 스커트 [브라운],https://image.msscdn.net/images/goods_img/20230509/3285422/3285422_16925740209468_500.jpg,False
2025-10,A,100004,미니스커트,100,원피스/스커트,14,5290315,musinsastandardwoman,무신사 스탠다드 우먼,우먼즈 신세틱 스웨이드 미니 스커트 [블랙],https://image.msscdn.net/images/goods_img/20250804/5290315/5290315_17562001096144_500.jpg,False
2025-10,A,100004,미니스커트,100,원피스/스커트,15,2551401,musinsastandardwoman,무신사 스탠다드 우먼,우먼즈 슬릿 미니 스코츠 [블랙],https://image.msscdn.net/images/goods_img/20220511/2551401/2551401_17678593283428_500.jpg,False
2025-10,A,100004,미니스커트,100,원피스/스커트,16,4298328,musinsastandardwoman,무신사 스탠다드 우먼,우먼즈 로 라이즈 플리츠 미니 스코츠 [멜란지 그레이],https://image.msscdn.net/images/goods_img/20240806/4298328/4298328_17466831047933_500.jpg,False
2025-10,A,100004,미니스커트,100,원피스/스커트,17,4170370,ronron,론론,CANCAN RUFFLE PANTSKIRT BLACK,https://image.msscdn.net/images/goods_img/20240531/4170370/4170370_17175556541226_500.jpg,False
2025-10,A,100004,미니스커트,100,원피스/스커트,18,5290317,musinsastandardwoman,무신사 스탠다드 우먼,우먼즈 신세틱 스웨이드 미니 스커트 [라이트 브라운],https://image.msscdn.net/images/goods_img/20250804/5290317/5290317_17562000505863_500.jpg,False
2025-10,A,100004,미니스커트,100,원피스/스커트,19,5316486,hugyourskin,허그유어스킨,체크 러플 미니 스커트 (블랙),https://image.msscdn.net/images/goods_img/20250812/5316486/5316486_17561118168928_500.jpg,False
2025-10,A,100004,미니스커트,100,원피스/스커트,20,4326509,musinsastandardwoman,무신사 스탠다드 우먼,우먼즈 레이어드 미니 스코츠 [블랙],https://image.msscdn.net/images/goods_img/20240813/4326509/4326509_17536889295210_500.jpg,False
2025-10,A,100004,미니스커트,100,원피스/스커트,21,5439548,forusring,포어링,4US Banding mini skirt (check),https://image.msscdn.net/images/goods_img/20250910/5439548/5439548_17587902778031_500.jpeg,False
2025-10,A,100004,미니스커트,100,원피스/스커트,22,2069547,musinsastandardwoman,무신사 스탠다드 우먼,우먼즈 코듀로이 미니 스커트 [블랙],https://image.msscdn.net/images/goods_img/20210818/2069547/2069547_1_500.jpg,False
2025-10,A,100004,미니스커트,100,원피스/스커트,23,5479649,loeuvre,루에브르,Faux Suede Belted H-Line Mini Skirt SL5XS141-B8,https://image.msscdn.net/images/goods_img/20250917/5479649/5479649_17580924842615_500.jpg,False
2025-10,A,100004,미니스커트,100,원피스/스커트,24,2568778,musinsastandardwoman,무신사 스탠다드 우먼,우먼즈 코듀로이 플리츠 미니 스커트 [카키 브라운],https://image.msscdn.net/images/goods_img/20220518/2568778/2568778_16975308979440_500.jpg,False
2025-10,A,100004,미니스커트,100,원피스/스커트,25,4298330,musinsastandardwoman,무신사 스탠다드 우먼,우먼즈 로 라이즈 플리츠 미니 스코츠 [카키 브라운],https://image.msscdn.net/images/goods_img/20240806/4298330/4298330_17412179444894_500.jpg,False
2025-10,A,100004,미니스커트,100,원피스/스커트,26,1944554,musinsastandardwoman,무신사 스탠다드 우먼,우먼즈 데님 미니 스커트 [워시드 블랙],https://image.msscdn.net/images/goods_img/20210511/1944554/1944554_2_500.jpg,False
2025-10,A,100004,미니스커트,100,원피스/스커트,27,5311368,khakipoint,카키포인트,Cancan Skirt Pants (beige),https://image.msscdn.net/images/goods_img/20250812/5311368/5311368_17574805399911_500.jpg,False
2025-10,A,100004,미니스커트,100,원피스/스커트,28,5311369,khakipoint,카키포인트,Cancan Skirt Pants (ivory),https://image.msscdn.net/images/goods_img/20250812/5311369/5311369_17574805059388_500.jpg,False
2025-10,A,100004,미니스커트,100,원피스/스커트,29,4321077,painorpleasure,페인오어플레져,ECHO PLEATS SKIRT charcoal,https://image.msscdn.net/images/goods_img/20240812/4321077/4321077_17237740271511_500.jpg,False
2025-10,A,100004,미니스커트,100,원피스/스커트,30,5290316,musinsastandardwoman,무신사 스탠다드 우먼,우먼즈 신세틱 스웨이드 미니 스커트 [브라운],https://image.msscdn.net/images/goods_img/20250804/5290316/5290316_17876231820240_500.jpg,False
2025-10,A,100005,미디스커트,100,원피스/스커트,1,4350936,misekiseoul,미세키서울,Unbalanced layered skirt BLACK,https://image.msscdn.net/images/goods_img/20240821/4350936/4350936_17816746257467_500.png,False
2025-10,A,100005,미디스커트,100,원피스/스커트,2,5292443,musinsastandardwoman,무신사 스탠다드 우먼,우먼즈 플리츠 니 렝스 스커트 [그레이],https://image.msscdn.net/images/goods_img/20250805/5292443/5292443_17569697231651_500.jpg,False
2025-10,A,100005,미디스커트,100,원피스/스커트,3,5292442,musinsastandardwoman,무신사 스탠다드 우먼,우먼즈 플리츠 니 렝스 스커트 [블랙],https://image.msscdn.net/images/goods_img/20250805/5292442/5292442_17549805255560_500.jpg,False
2025-10,A,100005,미디스커트,100,원피스/스커트,4,2117253,musinsastandardwoman,무신사 스탠다드 우먼,우먼즈 플리츠 미디 스커트 [블랙],https://image.msscdn.net/images/goods_img/20210908/2117253/2117253_17467823245909_500.jpg,False
2025-10,A,100005,미디스커트,100,원피스/스커트,5,5480247,misekiseoul,미세키서울,Sei layered midi Skirt BLACK,https://image.msscdn.net/images/goods_img/20250917/5480247/5480247_17587898980992_500.jpg,False
2025-10,A,100005,미디스커트,100,원피스/스커트,6,2117254,musinsastandardwoman,무신사 스탠다드 우먼,우먼즈 플리츠 미디 스커트 [차콜 그레이],https://image.msscdn.net/images/goods_img/20210908/2117254/2117254_17467755871427_500.jpg,False
2025-10,A,100005,미디스커트,100,원피스/스커트,7,2257612,musinsastandardwoman,무신사 스탠다드 우먼,우먼즈 플리츠 미디 스커트 [미디엄 그레이],https://image.msscdn.net/images/goods_img/20211206/2257612/2257612_17155615478939_500.jpg,False
2025-10,A,100005,미디스커트,100,원피스/스커트,8,4800538,placestudio,플레이스 스튜디오,투밸트 로우라이즈 탈부착 플리츠 더블 레이어드 미디스커트[블랙],https://image.msscdn.net/images/goods_img/20250218/4800538/4800538_17524547855251_500.jpg,False
2025-10,A,100005,미디스커트,100,원피스/스커트,9,5316072,hugyourskin,허그유어스킨,아가일 케이프 미디 스커트 (차콜),https://image.msscdn.net/images/goods_img/20250812/5316072/5316072_17575742663877_500.jpg,False
2025-10,A,100005,미디스커트,100,원피스/스커트,10,5354304,aeae,에이이에이이,CHECK MIDI TIERED SKIRT [BROWN],https://image.msscdn.net/images/goods_img/20250822/5354304/5354304_17570625766871_500.jpg,False
2025-10,A,100005,미디스커트,100,원피스/스커트,11,2051415,musinsastandardwoman,무신사 스탠다드 우먼,우먼즈 코듀로이 미디 스커트 [카키 브라운],https://image.msscdn.net/images/goods_img/20210806/2051415/2051415_2_500.jpg,False
2025-10,A,100005,미디스커트,100,원피스/스커트,12,5329988,placestudio,플레이스 스튜디오,더블 버튼 체크 미디 레이어드 랩 플리츠 스커트[체크],https://image.msscdn.net/images/goods_img/20250818/5329988/5329988_17563618163909_500.jpg,False
2025-10,A,100005,미디스커트,100,원피스/스커트,13,1581258,musinsastandardwoman,무신사 스탠다드 우먼,우먼즈 코듀로이 미디 스커트 [블랙],https://image.msscdn.net/images/goods_img/20200903/1581258/1581258_2_500.jpg,False
2025-10,A,100005,미디스커트,100,원피스/스커트,14,4757444,hugyourskin,허그유어스킨,스타 플레어드 미디 스커트 (블랙),https://image.msscdn.net/images/goods_img/20250204/4757444/4757444_17392683256673_500.jpg,False
2025-10,A,100005,미디스커트,100,원피스/스커트,15,4117026,musinsastandardwoman,무신사 스탠다드 우먼,우먼즈 데님 미디 스커트 [딥 인디고],https://image.msscdn.net/images/goods_img/20240509/4117026/4117026_17675315652240_500.jpg,False
2025-10,A,100005,미디스커트,100,원피스/스커트,16,5572451,khakipoint,카키포인트,Unbalanced Midi Skirt (black),https://image.msscdn.net/images/goods_img/20251010/5572451/5572451_17611843099503_500.jpg,False
2025-10,A,100005,미디스커트,100,원피스/스커트,17,1581259,musinsastandardwoman,무신사 스탠다드 우먼,우먼즈 코듀로이 미디 스커트 [크림],https://image.msscdn.net/images/goods_img/20200903/1581259/1581259_2_500.jpg,False
2025-10,A,100005,미디스커트,100,원피스/스커트,18,4800505,placestudio,플레이스 스튜디오,투밸트 로우라이즈 탈부착 플리츠 더블 레이어드 미디스커트[차콜],https://image.msscdn.net/images/goods_img/20250218/4800505/4800505_17400313032299_500.jpg,False
2025-10,A,100005,미디스커트,100,원피스/스커트,19,5316068,hugyourskin,허그유어스킨,아가일 케이프 미디 스커트 (블랙),https://image.msscdn.net/images/goods_img/20250812/5316068/5316068_17575744867088_500.jpg,False
2025-10,A,100005,미디스커트,100,원피스/스커트,20,2300718,musinsastandardwoman,무신사 스탠다드 우먼,우먼즈 데님 미디 스커트 [워시드 블랙],https://image.msscdn.net/images/goods_img/20220111/2300718/2300718_17675315035044_500.jpg,False
2025-10,A,100005,미디스커트,100,원피스/스커트,21,5439899,misekiseoul,미세키서울,Wabi origami pleats midi skirt CHARCOAL,https://image.msscdn.net/images/goods_img/20250910/5439899/5439899_17657827643859_500.jpg,False
2025-10,A,100005,미디스커트,100,원피스/스커트,22,5329958,placestudio,플레이스 스튜디오,더블 버튼 미디 레이어드 랩 플리츠 스커트,https://image.msscdn.net/images/goods_img/20250818/5329958/5329958_17554862867099_500.jpg,False
2025-10,A,100005,미디스커트,100,원피스/스커트,23,4354879,ason,애즈온,LONDON CHECK MIDI SKIRT / BLACK,https://image.msscdn.net/images/goods_img/20240821/4354879/4354879_17286374520942_500.jpg,False
2025-10,A,100005,미디스커트,100,원피스/스커트,24,5480262,misekiseoul,미세키서울,Sei layered midi Skirt CHARCOAL,https://image.msscdn.net/images/goods_img/20250917/5480262/5480262_17587899718151_500.jpg,False
2025-10,A,100005,미디스커트,100,원피스/스커트,25,5313092,misekiseoul,미세키서울,Diagonal midi skirt BLACK,https://image.msscdn.net/images/goods_img/20250812/5313092/5313092_17572962339732_500.jpg,False
2025-10,A,100005,미디스커트,100,원피스/스커트,26,5367159,placestudio,플레이스 스튜디오,레이스 프릴 밴딩 미디스커트_3COLOR,https://image.msscdn.net/images/prd_img/20250827/5367159/detail_5367159_17562617239918_500.jpg,False
2025-10,A,100005,미디스커트,100,원피스/스커트,27,5366794,partimentowomen,파르티멘토 우먼,PWC 저지 셔링 티어드 미디 스커트_미드나잇 플럼,https://image.msscdn.net/images/goods_img/20250826/5366794/5366794_17574861168255_500.jpg,False
2025-10,A,100005,미디스커트,100,원피스/스커트,28,4644479,musinsastandardwoman,무신사 스탠다드 우먼,우먼즈 플레어 미디 스커트 [블랙],https://image.msscdn.net/images/goods_img/20241202/4644479/4644479_17447725982646_500.jpg,False
2025-10,A,100005,미디스커트,100,원피스/스커트,29,1645762,musinsastandardwoman,무신사 스탠다드 우먼,우먼즈 데님 미디 스커트 [크림],https://image.msscdn.net/images/goods_img/20201013/1645762/1645762_17675316388880_500.jpg,False
2025-10,A,100005,미디스커트,100,원피스/스커트,30,2568806,musinsastandardwoman,무신사 스탠다드 우먼,우먼즈 코듀로이 미디 스커트 [다크 그레이],https://image.msscdn.net/images/goods_img/20220518/2568806/2568806_2_500.jpg,False
2025-10,A,100006,롱스커트,100,원피스/스커트,1,4593352,placestudio,플레이스 스튜디오,슬림핏 베이직 윈터 티어드 밴딩 롱 캉캉스커트 [화이트],https://image.msscdn.net/images/goods_img/20241106/4593352/4593352_17308779637311_500.jpg,False
2025-10,A,100006,롱스커트,100,원피스/스커트,2,4593477,placestudio,플레이스 스튜디오,슬림핏 베이직 윈터 티어드 밴딩 롱 캉캉스커트 [블랙],https://image.msscdn.net/images/goods_img/20241106/4593477/4593477_17308782967721_500.jpg,False
2025-10,A,100006,롱스커트,100,원피스/스커트,3,2792603,musinsastandardwoman,무신사 스탠다드 우먼,우먼즈 맥시 스커트 [블랙],https://image.msscdn.net/images/goods_img/20220915/2792603/2792603_17536886431375_500.jpg,False
2025-10,A,100006,롱스커트,100,원피스/스커트,4,2448899,musinsastandardwoman,무신사 스탠다드 우먼,우먼즈 프론트 슬릿 데님 롱 스커트 [워시드 블랙],https://image.msscdn.net/images/goods_img/20220328/2448899/2448899_17661127529056_500.jpg,False
2025-10,A,100006,롱스커트,100,원피스/스커트,5,5166584,musinsastandardwoman,무신사 스탠다드 우먼,우먼즈 11W  코듀로이 맥시 스커트 [블랙],https://image.msscdn.net/images/goods_img/20250604/5166584/5166584_17580939770562_500.jpg,False
2025-10,A,100006,롱스커트,100,원피스/스커트,6,5166587,musinsastandardwoman,무신사 스탠다드 우먼,우먼즈 11W  코듀로이 맥시 스커트 [토프],https://image.msscdn.net/images/goods_img/20250604/5166587/5166587_17580939253383_500.jpg,False
2025-10,A,100006,롱스커트,100,원피스/스커트,7,3758437,musinsastandardwoman,무신사 스탠다드 우먼,우먼즈 CP 맥시 스커트 [블랙],https://image.msscdn.net/images/goods_img/20231215/3758437/3758437_17677813885414_500.jpg,False
2025-10,A,100006,롱스커트,100,원피스/스커트,8,5166585,musinsastandardwoman,무신사 스탠다드 우먼,우먼즈 11W  코듀로이 맥시 스커트 [브라운],https://image.msscdn.net/images/goods_img/20250604/5166585/5166585_17580939516658_500.jpg,False
2025-10,A,100006,롱스커트,100,원피스/스커트,9,4457754,musinsastandardwoman,무신사 스탠다드 우먼,우먼즈 스트레이트 맥시 스커트 [블랙],https://image.msscdn.net/images/goods_img/20240924/4457754/4457754_17467722878565_500.jpg,False
2025-10,A,100006,롱스커트,100,원피스/스커트,10,5317074,flareup,플레어업,Asymmetrical Draped Layered Long Skirt (FL-256_Black),https://image.msscdn.net/images/goods_img/20250813/5317074/5317074_17630779437723_500.jpg,False
2025-10,A,100006,롱스커트,100,원피스/스커트,11,5359238,generalideastandard,제너럴아이디어,빈티지 체크 롱 스커트 [NAVY] / WBE3L13506,https://image.msscdn.net/images/goods_img/20250825/5359238/5359238_17700907256759_500.png,False
2025-10,A,100006,롱스커트,100,원피스/스커트,12,2792604,musinsastandardwoman,무신사 스탠다드 우먼,우먼즈 맥시 스커트 [미디엄 그레이],https://image.msscdn.net/images/goods_img/20220915/2792604/2792604_16728975851407_500.jpg,False
2025-10,A,100006,롱스커트,100,원피스/스커트,13,5292447,musinsastandardwoman,무신사 스탠다드 우먼,우먼즈 버클 플리츠 체크 니 렝스 스커트 [그레이],https://image.msscdn.net/images/goods_img/20250805/5292447/5292447_17635368232070_500.jpg,False
2025-10,A,100006,롱스커트,100,원피스/스커트,14,4324777,niceghostclub,나이스고스트클럽,BIG STAR LOGO SWEAT SKIRT_BLACK(NG2EFUPA90A),https://image.msscdn.net/images/goods_img/20240813/4324777/4324777_17708775629904_500.jpg,False
2025-10,A,100006,롱스커트,100,원피스/스커트,15,2117256,musinsastandardwoman,무신사 스탠다드 우먼,우먼즈 하이 웨이스트 롱 스커트 [블랙],https://image.msscdn.net/images/goods_img/20210908/2117256/2117256_1_500.jpg,False
2025-10,A,100006,롱스커트,100,원피스/스커트,16,4228713,musinsastandardwoman,무신사 스탠다드 우먼,우먼즈 데님 카펜터 롱 스커트 [워시드 블랙],https://image.msscdn.net/images/goods_img/20240702/4228713/4228713_17799545745468_500.jpg,False
2025-10,A,100006,롱스커트,100,원피스/스커트,17,1324169,musinsastandardwoman,무신사 스탠다드 우먼,우먼즈 플랫 테리 스웨트 롱 스커트 [블랙],https://image.msscdn.net/images/goods_img/20200226/1324169/1324169_2_500.jpg,False
2025-10,A,100006,롱스커트,100,원피스/스커트,18,5290318,musinsastandardwoman,무신사 스탠다드 우먼,우먼즈 신세틱 스웨이드 맥시 스커트 [블랙],https://image.msscdn.net/images/goods_img/20250804/5290318/5290318_17803641121104_500.jpg,False
2025-10,A,100006,롱스커트,100,원피스/스커트,19,4336061,adidas,아디다스,파이어버드 니트 스커트 - 블랙 / IY7279,https://image.msscdn.net/images/goods_img/20240816/4336061/4336061_17242236525944_500.jpg,False
2025-10,A,100006,롱스커트,100,원피스/스커트,20,2392478,musinsastandardwoman,무신사 스탠다드 우먼,우먼즈 스웨트 맥시 스커트 [블랙],https://image.msscdn.net/images/goods_img/20220302/2392478/2392478_17188496635285_500.jpg,False
2025-10,A,100006,롱스커트,100,원피스/스커트,21,5166586,musinsastandardwoman,무신사 스탠다드 우먼,우먼즈 11W  코듀로이 맥시 스커트 [크림],https://image.msscdn.net/images/goods_img/20250604/5166586/5166586_17580940103800_500.jpg,False
2025-10,A,100006,롱스커트,100,원피스/스커트,22,1931894,musinsastandardwoman,무신사 스탠다드 우먼,우먼즈 하이 웨이스트 슬릿 롱 스커트 [블랙],https://image.msscdn.net/images/goods_img/20210430/1931894/1931894_3_500.jpg,False
2025-10,A,100006,롱스커트,100,원피스/스커트,23,5430844,flareup,플레어업,Asymmetrical Draped Layered Long Skirt (FL-256_Checked),https://image.msscdn.net/images/goods_img/20250909/5430844/5430844_17592250556573_500.jpg,False
2025-10,A,100006,롱스커트,100,원피스/스커트,24,5487924,adidas,아디다스,3-스트라이프 니트 스커트 - 블랙 / JW2661,https://image.msscdn.net/images/goods_img/20250918/5487924/5487924_17585175497620_500.jpg,False
2025-10,A,100006,롱스커트,100,원피스/스커트,25,3051711,musinsastandardwoman,무신사 스탠다드 우먼,우먼즈 데님 맥시 스커트 [미디엄 인디고],https://image.msscdn.net/images/goods_img/20230201/3051711/3051711_16866978207309_500.jpg,False
2025-10,A,100006,롱스커트,100,원피스/스커트,26,4457755,musinsastandardwoman,무신사 스탠다드 우먼,우먼즈 스트레이트 맥시 스커트 [건메탈],https://image.msscdn.net/images/goods_img/20240924/4457755/4457755_17307905958859_500.jpg,False
2025-10,A,100006,롱스커트,100,원피스/스커트,27,4651418,musinsastandardwoman,무신사 스탠다드 우먼,우먼즈 플랫 테리 스웨트 카고 롱 스커트 [블랙],https://image.msscdn.net/images/goods_img/20241205/4651418/4651418_17376188240234_500.jpg,False
2025-10,A,100006,롱스커트,100,원피스/스커트,28,5310265,lauf,바우프,빈티지 프릴 스커트 [체크 블랙],https://image.msscdn.net/images/goods_img/20250811/5310265/5310265_17569728437881_500.jpg,False
2025-10,A,100006,롱스커트,100,원피스/스커트,29,3758436,musinsastandardwoman,무신사 스탠다드 우먼,우먼즈 CP 맥시 스커트 [다크 그레이],https://image.msscdn.net/images/goods_img/20231215/3758436/3758436_17677813303074_500.jpg,False
2025-10,A,100006,롱스커트,100,원피스/스커트,30,5352859,mixxo,미쏘,스터드 맥시 스커트_MIWWHF946C,https://image.msscdn.net/images/goods_img/20250822/5352859/5352859_17822655184036_500.jpg,False
2025-10,M,001,상의,,,1,2086653,musinsastandard,무신사 스탠다드,레이어드 크루 넥 티셔츠_일반 기장 [화이트],https://image.msscdn.net/images/goods_img/20210825/2086653/2086653_17772494800708_500.jpg,False
2025-10,M,001,상의,,,2,2149254,musinsastandard,무신사 스탠다드,베이식 긴소매 티셔츠 2팩,https://image.msscdn.net/images/goods_img/20210928/2149254/2149254_17138588137724_500.jpg,False
2025-10,M,001,상의,,,3,5276013,trillion,트릴리온,레더 패치 데님 카라 럭비 맨투맨_네이비,https://image.msscdn.net/images/goods_img/20250728/5276013/5276013_17545474942483_500.jpg,False
2025-10,M,001,상의,,,4,4757913,trillion,트릴리온,와플 링 스냅 헨리넥 롱 슬리브 [블랙],https://image.msscdn.net/images/goods_img/20250204/4757913/4757913_17388174210742_500.jpg,False
2025-10,M,001,상의,,,5,5453617,suare,수아레,데일리 헨리넥 니트 - 5 COLOR,https://image.msscdn.net/images/goods_img/20250912/5453617/5453617_17593914818524_500.jpg,False
2025-10,M,001,상의,,,6,5269891,musinsastandard,무신사 스탠다드,베이식 긴소매 티셔츠 3팩,https://image.msscdn.net/images/goods_img/20250724/5269891/5269891_17561986258926_500.jpg,False
2025-10,M,001,상의,,,7,2723767,suare,수아레,데일리 라운드 니트 - 12 COLOR,https://image.msscdn.net/images/goods_img/20220818/2723767/2723767_17292130151891_500.jpg,False
2025-10,M,001,상의,,,8,5353112,patagonia,파타고니아,멘즈 라이트웨이트 신칠라 스냅-티 풀오버 / 25551Q7,https://image.msscdn.net/images/goods_img/20250822/5353112/5353112_17631000876867_500.jpg,False
2025-10,M,001,상의,,,9,994588,filluminate,필루미네이트,옵티멀 베이직 셔츠-화이트[린넨＆옥스포드 선택],https://image.msscdn.net/images/goods_img/20190326/994588/994588_17878791359967_500.jpg,False
2025-10,M,001,상의,,,10,1817394,travel,트래블,[3-PACK]베이직 트래블러 피그먼트 스웨트셔츠,https://image.msscdn.net/images/goods_img/20210226/1817394/1817394_17152436181527_500.jpg,False
2025-10,M,001,상의,,,11,5444689,suare,수아레,[수아레X오정규] 워셔블 모크넥 슬리브 니트 - 6 COLOR,https://image.msscdn.net/images/goods_img/20250911/5444689/5444689_17900447404378_500.jpg,False
2025-10,M,001,상의,,,12,2690691,hugvone,허그본,무지 머슬핏 반팔 5컬러,https://image.msscdn.net/images/goods_img/20220801/2690691/2690691_17090175122341_500.jpg,False
2025-10,M,001,상의,,,13,2122566,musinsastandard,무신사 스탠다드,레이어드 크루 넥 티셔츠_일반 기장 2팩,https://image.msscdn.net/images/goods_img/20210910/2122566/2122566_17133406834875_500.jpg,False
2025-10,M,001,상의,,,14,4302685,sorano,소라노,SORANO Basic Logo HOODIE [6Color],https://image.msscdn.net/images/goods_img/20240807/4302685/4302685_17229675684379_500.jpg,False
2025-10,M,001,상의,,,15,854337,musinsastandard,무신사 스탠다드,릴렉스 핏 옥스포드 셔츠 [화이트],https://image.msscdn.net/images/goods_img/20180910/854337/854337_17829584758706_500.jpg,False
2025-10,M,001,상의,,,16,947067,musinsastandard,무신사 스탠다드,스웨트셔츠 [블랙],https://image.msscdn.net/images/goods_img/20190201/947067/947067_17641181220326_500.jpg,False
2025-10,M,001,상의,,,17,5276014,trillion,트릴리온,레더 패치 데님 카라 럭비 맨투맨_블랙,https://image.msscdn.net/images/goods_img/20250728/5276014/5276014_17545475185467_500.jpg,False
2025-10,M,001,상의,,,18,4265248,anotherarchive,어나더 아카이브,그래피티 로고 후드티_네이비,https://image.msscdn.net/images/goods_img/20240722/4265248/4265248_17243380383879_500.jpg,False
2025-10,M,001,상의,,,19,4696321,notonlyfortoday,낫온리포투데이,넘버볼 후드티 [버건디],https://image.msscdn.net/images/goods_img/20250103/4696321/4696321_17675760651546_500.jpg,False
2025-10,M,001,상의,,,20,4711529,seez,시즈,[데일리룸 X 시즈] 오디너리 크롭 스트라이프 셔츠 [WHITE] 단품/SET,https://image.msscdn.net/images/goods_img/20250110/4711529/4711529_17727599688374_500.jpg,False
2025-10,M,001,상의,,,21,983339,musinsastandard,무신사 스탠다드,베이식 드레스 셔츠 [화이트],https://image.msscdn.net/images/goods_img/20190315/983339/983339_17833270978891_500.jpg,False
2025-10,M,001,상의,,,22,5318901,hooves,후브스,VTG 인터록 헨리넥 롱슬리브 [그레이],https://image.msscdn.net/images/goods_img/20250813/5318901/5318901_17562667095205_500.jpg,False
2025-10,M,001,상의,,,23,2034137,musinsastandard,무신사 스탠다드,릴렉스 핏 크루 넥 티셔츠 2팩,https://image.msscdn.net/images/goods_img/20210719/2034137/2034137_17821170123912_500.jpg,False
2025-10,M,001,상의,,,24,4838119,printstar,프린트스타,[2PACK] 14수 7.4oz 헤비웨이트 라운드 오버핏 무지 반팔 티셔츠,https://image.msscdn.net/images/goods_img/20250226/4838119/4838119_17405717515529_500.jpg,False
2025-10,M,001,상의,,,25,4886714,drix,드릭스,특양면 오버핏 롱 슬리브 티셔츠_5color,https://image.msscdn.net/images/goods_img/20250312/4886714/4886714_17417603907744_500.jpg,False
2025-10,M,001,상의,,,26,3494992,suare,수아레,워셔블 케이블 라운드 니트 - 5 COLOR,https://image.msscdn.net/images/goods_img/20230824/3494992/3494992_17296467139345_500.jpg,False
2025-10,M,001,상의,,,27,3973556,untapped,언탭트 스튜디오,[3PACK]퓨어코튼 24수  롱기장 레이어드 무지 반팔 티셔츠,https://image.msscdn.net/images/goods_img/20240320/3973556/3973556_17657835585342_500.jpg,False
2025-10,M,001,상의,,,28,4288950,dimitriblack,디미트리블랙,[기모선택] ASI 포시즌 에센셜 스웻 후드 티셔츠_피그먼트 차콜,https://image.msscdn.net/images/goods_img/20240801/4288950/4288950_17514415750313_500.jpg,False
2025-10,M,001,상의,,,29,2990516,1989standard,1989스탠다드,RV_OUR 1989 후드 (STHSTD-0004),https://image.msscdn.net/images/goods_img/20221220/2990516/2990516_17865211299718_500.jpg,False
2025-10,M,001,상의,,,30,2722805,brownbreath,브라운브레스,TAG OG HOODIE - BURGUNDY,https://image.msscdn.net/images/goods_img/20220817/2722805/2722805_17685233788556_500.jpg,False
2025-10,M,001005,맨투맨/스웨트,001,상의,1,5276013,trillion,트릴리온,레더 패치 데님 카라 럭비 맨투맨_네이비,https://image.msscdn.net/images/goods_img/20250728/5276013/5276013_17545474942483_500.jpg,False
2025-10,M,001005,맨투맨/스웨트,001,상의,2,1817394,travel,트래블,[3-PACK]베이직 트래블러 피그먼트 스웨트셔츠,https://image.msscdn.net/images/goods_img/20210226/1817394/1817394_17152436181527_500.jpg,False
2025-10,M,001005,맨투맨/스웨트,001,상의,3,947067,musinsastandard,무신사 스탠다드,스웨트셔츠 [블랙],https://image.msscdn.net/images/goods_img/20190201/947067/947067_17641181220326_500.jpg,False
2025-10,M,001005,맨투맨/스웨트,001,상의,4,5276014,trillion,트릴리온,레더 패치 데님 카라 럭비 맨투맨_블랙,https://image.msscdn.net/images/goods_img/20250728/5276014/5276014_17545475185467_500.jpg,False
2025-10,M,001005,맨투맨/스웨트,001,상의,5,3475395,wednesdayoasis,웬즈데이오아시스,[기모버전추가]시그니처 오버핏 맨투맨 6COLOR,https://image.msscdn.net/images/goods_img/20230818/3475395/3475395_17905819271368_500.jpg,False
2025-10,M,001005,맨투맨/스웨트,001,상의,6,1582356,sovermentwithlomort,소버먼트,980G 피그먼트 맨투맨-챠콜-,https://image.msscdn.net/images/goods_img/20200903/1582356/1582356_1_500.jpg,False
2025-10,M,001005,맨투맨/스웨트,001,상의,7,5292913,discusathletic,디스커스 애슬레틱,2팩 스웨트 셔츠,https://image.msscdn.net/images/goods_img/20250805/5292913/5292913_17667561980040_500.jpg,False
2025-10,M,001005,맨투맨/스웨트,001,상의,8,2725585,slowacid,슬로우애시드,블러리 로고 스웨트셔츠 [블랙],https://image.msscdn.net/images/goods_img/20220818/2725585/2725585_17253271594882_500.jpg,False
2025-10,M,001005,맨투맨/스웨트,001,상의,9,4424539,notonlyfortoday,낫온리포투데이,NOFT 패치워크 맨투맨 (2Color),https://image.msscdn.net/images/goods_img/20240910/4424539/4424539_17884871132689_500.jpg,False
2025-10,M,001005,맨투맨/스웨트,001,상의,10,2126149,musinsastandard,무신사 스탠다드,플랫 테리 오버사이즈 스트링 스웨트셔츠 [블랙],https://image.msscdn.net/images/goods_img/20210913/2126149/2126149_2_500.jpg,False
2025-10,M,001005,맨투맨/스웨트,001,상의,11,1336836,brenson,브렌슨,(Renew Ver.) 루즈핏 스웨트 셔츠 ( 9Color ) ( 기모선택 ),https://image.msscdn.net/images/goods_img/20200305/1336836/1336836_17297329205750_500.jpg,False
2025-10,M,001005,맨투맨/스웨트,001,상의,12,5291758,jeep,지프,[360g] M-Logo 반집업 맨투맨 (JR5TSU838BR),https://image.msscdn.net/images/goods_img/20250805/5291758/5291758_17568606030806_500.png,False
2025-10,M,001005,맨투맨/스웨트,001,상의,13,4774647,ami,아미,레드 하트로고 맨투맨 - 블랙 / BFUSW035730001,https://image.msscdn.net/images/goods_img/20250211/4774647/4774647_17398461511237_500.jpg,False
2025-10,M,001005,맨투맨/스웨트,001,상의,14,5276012,trillion,트릴리온,레더 패치 데님 카라 럭비 맨투맨_카키,https://image.msscdn.net/images/goods_img/20250728/5276012/5276012_17545474694715_500.jpg,False
2025-10,M,001005,맨투맨/스웨트,001,상의,15,4342389,ghostrepublic,고스트리퍼블릭,심볼 로고 트랙 폴로 맨투맨 GMT-156_블랙,https://image.msscdn.net/images/goods_img/20240819/4342389/4342389_17847048024420_500.jpg,False
2025-10,M,001005,맨투맨/스웨트,001,상의,16,1755605,jeep,지프,[360g] M-Logo 반집업 맨투맨 (JR5TSU838BK),https://image.msscdn.net/images/goods_img/20210120/1755605/1755605_17551317401993_500.jpg,False
2025-10,M,001005,맨투맨/스웨트,001,상의,17,5355751,whoau,후아유,American Flag Sweatshirt / WHMWF4T01U,https://image.msscdn.net/images/goods_img/20250822/5355751/5355751_17573178017663_500.jpg,False
2025-10,M,001005,맨투맨/스웨트,001,상의,18,3578496,themile,더마일,MILE GARMENTS  SWEAT MTM [BLACK],https://image.msscdn.net/images/goods_img/20230920/3578496/3578496_17271518404217_500.jpg,False
2025-10,M,001005,맨투맨/스웨트,001,상의,19,4704341,jeep,지프,[360g] M-Logo 반집업 맨투맨 (JR5TSU838MB),https://image.msscdn.net/images/goods_img/20250108/4704341/4704341_17412474701281_500.jpg,False
2025-10,M,001005,맨투맨/스웨트,001,상의,20,2705740,musinsastandard,무신사 스탠다드,오버사이즈 스웨트셔츠 [블랙],https://image.msscdn.net/images/goods_img/20220809/2705740/2705740_17530785398802_500.jpg,False
2025-10,M,001005,맨투맨/스웨트,001,상의,21,5404950,kaneitei,카네이테이,VINTAGE WASHED HENLEY SWEATSHIRT (OLIVE DRAB),https://image.msscdn.net/images/goods_img/20250904/5404950/5404950_17593023483890_500.jpg,False
2025-10,M,001005,맨투맨/스웨트,001,상의,22,4721695,outstanding,아웃스탠딩,MIGHTY TIGER LOGO SWEAT_3%MELANGE GRAY,https://image.msscdn.net/images/goods_img/20250115/4721695/4721695_17709462227436_500.jpg,False
2025-10,M,001005,맨투맨/스웨트,001,상의,23,1642887,musinsastandard,무신사 스탠다드,헤비웨이트 오버사이즈 스웨트셔츠 [블랙],https://image.msscdn.net/images/goods_img/20201012/1642887/1642887_16941344654704_500.jpg,False
2025-10,M,001005,맨투맨/스웨트,001,상의,24,1208839,grooverhyme,그루브라임,"[2PACK] 유니)C/P기모쭈리 - LOCATION 맨투맨(세미오버핏)(15COLOR)[LRAWCTM704M/712M, 304M, GMT501H43]",https://image.msscdn.net/images/goods_img/20191031/1208839/1208839_17170444397110_500.jpg,False
2025-10,M,001005,맨투맨/스웨트,001,상의,25,2359606,musinsastandard,무신사 스탠다드,오버사이즈 하프 집업 스웨트셔츠 [블랙],https://image.msscdn.net/images/goods_img/20220215/2359606/2359606_17024483892515_500.jpg,False
2025-10,M,001005,맨투맨/스웨트,001,상의,26,2990274,1989standard,1989스탠다드,SMALL CENTER 맨투맨 (STMSTD-0015),https://image.msscdn.net/images/goods_img/20221220/2990274/2990274_17865180516439_500.jpg,False
2025-10,M,001005,맨투맨/스웨트,001,상의,27,4655076,musinsastandard,무신사 스탠다드,[쿨탠다드] 레귤러 스웨트셔츠 [블랙],https://image.msscdn.net/images/goods_img/20241206/4655076/4655076_17441576546811_500.jpg,False
2025-10,M,001005,맨투맨/스웨트,001,상의,28,2359611,musinsastandard,무신사 스탠다드,오버사이즈 칼라드 스웨트셔츠 [블랙],https://image.msscdn.net/images/goods_img/20220215/2359611/2359611_17024446698621_500.jpg,False
2025-10,M,001005,맨투맨/스웨트,001,상의,29,2970541,slowacid,슬로우애시드,피치스킨 러스티 로고 스웨트셔츠 [블랙],https://image.msscdn.net/images/goods_img/20221202/2970541/2970541_17253267722324_500.jpg,False
2025-10,M,001005,맨투맨/스웨트,001,상의,30,2990264,1989standard,1989스탠다드,MAIN LOGO 맨투맨(STMSTD-0017),https://image.msscdn.net/images/goods_img/20221220/2990264/2990264_17865183102754_500.jpg,False
2025-10,M,001004,후드 티셔츠,001,상의,1,4302685,sorano,소라노,SORANO Basic Logo HOODIE [6Color],https://image.msscdn.net/images/goods_img/20240807/4302685/4302685_17229675684379_500.jpg,False
2025-10,M,001004,후드 티셔츠,001,상의,2,4265248,anotherarchive,어나더 아카이브,그래피티 로고 후드티_네이비,https://image.msscdn.net/images/goods_img/20240722/4265248/4265248_17243380383879_500.jpg,False
2025-10,M,001004,후드 티셔츠,001,상의,3,4696321,notonlyfortoday,낫온리포투데이,넘버볼 후드티 [버건디],https://image.msscdn.net/images/goods_img/20250103/4696321/4696321_17675760651546_500.jpg,False
2025-10,M,001004,후드 티셔츠,001,상의,4,4288950,dimitriblack,디미트리블랙,[기모선택] ASI 포시즌 에센셜 스웻 후드 티셔츠_피그먼트 차콜,https://image.msscdn.net/images/goods_img/20240801/4288950/4288950_17514415750313_500.jpg,False
2025-10,M,001004,후드 티셔츠,001,상의,5,2990516,1989standard,1989스탠다드,RV_OUR 1989 후드 (STHSTD-0004),https://image.msscdn.net/images/goods_img/20221220/2990516/2990516_17865211299718_500.jpg,False
2025-10,M,001004,후드 티셔츠,001,상의,6,2722805,brownbreath,브라운브레스,TAG OG HOODIE - BURGUNDY,https://image.msscdn.net/images/goods_img/20220817/2722805/2722805_17685233788556_500.jpg,False
2025-10,M,001004,후드 티셔츠,001,상의,7,4640818,likethemost,라이크더모스트,더즌트 LTMT 오버 후디_블랙,https://image.msscdn.net/images/goods_img/20241128/4640818/4640818_17327532241019_500.jpg,False
2025-10,M,001004,후드 티셔츠,001,상의,8,3533480,ezkaton,에즈카톤,스페이스 헤비코튼 후드 버건디 KMHD6723,https://image.msscdn.net/images/goods_img/20230906/3533480/3533480_16939610292721_500.jpg,False
2025-10,M,001004,후드 티셔츠,001,상의,9,2314616,toffee,토피,에센셜 후드 스웻 셔츠 (MELANGE GREY),https://image.msscdn.net/images/goods_img/20220119/2314616/2314616_1_500.jpg,False
2025-10,M,001004,후드 티셔츠,001,상의,10,4397049,maisonmined,메종미네드,[8COLOR] DOODLE HEART HOODIE,https://image.msscdn.net/images/goods_img/20240903/4397049/4397049_17900410843841_500.jpg,False
2025-10,M,001004,후드 티셔츠,001,상의,11,2058188,brownbreath,브라운브레스,TAG OG HOODIE - BLACK,https://image.msscdn.net/images/goods_img/20210811/2058188/2058188_17685234537443_500.jpg,False
2025-10,M,001004,후드 티셔츠,001,상의,12,5385612,thedreamer,더 드리머,중량담요 후드티 블랙,https://image.msscdn.net/images/goods_img/20250901/5385612/5385612_17574878120481_500.jpg,False
2025-10,M,001004,후드 티셔츠,001,상의,13,4326536,dimitriblack,디미트리블랙,[기모선택] VLAD 컷오프 아플리케 후드 티셔츠_차콜,https://image.msscdn.net/images/goods_img/20240813/4326536/4326536_17514416403147_500.jpg,False
2025-10,M,001004,후드 티셔츠,001,상의,14,1615829,jemut,제멋,로그 오버핏 기모 후드 그레이 YHHD2302,https://image.msscdn.net/images/goods_img/20200922/1615829/1615829_1_500.jpg,False
2025-10,M,001004,후드 티셔츠,001,상의,15,2827221,creamsodalab,크림소다랩,유에스에이 바스켓볼 후드티 블랙,https://image.msscdn.net/images/goods_img/20220929/2827221/2827221_17369004945169_500.jpg,False
2025-10,M,001004,후드 티셔츠,001,상의,16,2990499,1989standard,1989스탠다드,AUTHENTIC 후드 (STHSTD-0007),https://image.msscdn.net/images/goods_img/20221220/2990499/2990499_17865213457390_500.jpg,False
2025-10,M,001004,후드 티셔츠,001,상의,17,5438121,thisisneverthat,디스이즈네버댓,T-Logo Hoodie Heather Grey,https://image.msscdn.net/images/goods_img/20250910/5438121/5438121_17682811390976_500.jpg,False
2025-10,M,001004,후드 티셔츠,001,상의,18,4711280,venhit,벤힛,VH CREW 후드티,https://image.msscdn.net/images/goods_img/20250110/4711280/4711280_17370785218504_500.jpg,False
2025-10,M,001004,후드 티셔츠,001,상의,19,4412404,fp142muji,페플,뉴웨이브 메트로라인 기모 후드 버건디 YKHD1495,https://image.msscdn.net/images/goods_img/20240905/4412404/4412404_17255304296209_500.jpg,False
2025-10,M,001004,후드 티셔츠,001,상의,20,2109937,moo,엠오오,피치스킨 벌룬오버 후드 - 블랙,https://image.msscdn.net/images/goods_img/20210906/2109937/2109937_1_500.jpg,False
2025-10,M,001004,후드 티셔츠,001,상의,21,5438125,thisisneverthat,디스이즈네버댓,T-Logo Hoodie Navy,https://image.msscdn.net/images/goods_img/20250910/5438125/5438125_17682810360369_500.jpg,False
2025-10,M,001004,후드 티셔츠,001,상의,22,5333670,yosemite,요세미티,OG 그래피티 후드티 블랙 YHT-402,https://image.msscdn.net/images/goods_img/20250818/5333670/5333670_17865154506679_500.jpg,False
2025-10,M,001004,후드 티셔츠,001,상의,23,2302738,brownbreath,브라운브레스,TAG OG HOODIE - NAVY,https://image.msscdn.net/images/goods_img/20220112/2302738/2302738_17685234128085_500.jpg,False
2025-10,M,001004,후드 티셔츠,001,상의,24,2759813,saintpain,세인트페인,SP 팀 로고 후드-멜란지 그레이,https://image.msscdn.net/images/goods_img/20220831/2759813/2759813_1_500.jpg,False
2025-10,M,001004,후드 티셔츠,001,상의,25,2990463,1989standard,1989스탠다드,SMALL CENTER 후드 (STHSTD-0015),https://image.msscdn.net/images/goods_img/20221220/2990463/2990463_17865217728190_500.jpg,False
2025-10,M,001004,후드 티셔츠,001,상의,26,5352832,vivalavida,비바라비다,[기모선택] My Youth 헤비테리 후드,https://image.msscdn.net/images/goods_img/20250822/5352832/5352832_17591064550964_500.jpg,False
2025-10,M,001004,후드 티셔츠,001,상의,27,5332183,venhit,벤힛,MRT 카모 아플리케 후드티,https://image.msscdn.net/images/goods_img/20250818/5332183/5332183_17564512100528_500.jpg,False
2025-10,M,001004,후드 티셔츠,001,상의,28,2990504,1989standard,1989스탠다드,BASIC LOGO 후드 (STHSTD-0006),https://image.msscdn.net/images/goods_img/20221220/2990504/2990504_17899650392839_500.jpg,False
2025-10,M,001004,후드 티셔츠,001,상의,29,1642904,musinsastandard,무신사 스탠다드,헤비웨이트 오버사이즈 후디드 스웨트셔츠 [미디엄 그레이],https://image.msscdn.net/images/goods_img/20201012/1642904/1642904_17503170317321_500.jpg,False
2025-10,M,001004,후드 티셔츠,001,상의,30,5315438,madden,매든,[7COLORS] 퍼니 풀오버 후디,https://image.msscdn.net/images/goods_img/20250812/5315438/5315438_17889343170456_500.jpg,False
2025-10,M,001002,셔츠/블라우스,001,상의,1,994588,filluminate,필루미네이트,옵티멀 베이직 셔츠-화이트[린넨＆옥스포드 선택],https://image.msscdn.net/images/goods_img/20190326/994588/994588_17878791359967_500.jpg,False
2025-10,M,001002,셔츠/블라우스,001,상의,2,854337,musinsastandard,무신사 스탠다드,릴렉스 핏 옥스포드 셔츠 [화이트],https://image.msscdn.net/images/goods_img/20180910/854337/854337_17829584758706_500.jpg,False
2025-10,M,001002,셔츠/블라우스,001,상의,3,4711529,seez,시즈,[데일리룸 X 시즈] 오디너리 크롭 스트라이프 셔츠 [WHITE] 단품/SET,https://image.msscdn.net/images/goods_img/20250110/4711529/4711529_17727599688374_500.jpg,False
2025-10,M,001002,셔츠/블라우스,001,상의,4,983339,musinsastandard,무신사 스탠다드,베이식 드레스 셔츠 [화이트],https://image.msscdn.net/images/goods_img/20190315/983339/983339_17833270978891_500.jpg,False
2025-10,M,001002,셔츠/블라우스,001,상의,5,5275916,drawfit,드로우핏,[패션플래닛X드로우핏] 워시드 크롭 옥스퍼드 셔츠 [5color],https://image.msscdn.net/images/goods_img/20250728/5275916/5275916_17564335238263_500.jpg,False
2025-10,M,001002,셔츠/블라우스,001,상의,6,4425073,takeasy,테이크이지,빈티지 오버 듀플린 체크 셔츠 (차콜),https://image.msscdn.net/images/goods_img/20240910/4425073/4425073_17273390280319_500.jpg,False
2025-10,M,001002,셔츠/블라우스,001,상의,7,5401794,untapped,언탭트 스튜디오,시티보이 빅 오버핏 코듀로이 셔츠 3Color,https://image.msscdn.net/images/goods_img/20250904/5401794/5401794_17569565933171_500.jpg,False
2025-10,M,001002,셔츠/블라우스,001,상의,8,4434539,untapped,언탭트 스튜디오,시티보이 빅 오버핏 플레이드 체크 셔츠 2Color,https://image.msscdn.net/images/goods_img/20240912/4434539/4434539_17261220660899_500.jpg,False
2025-10,M,001002,셔츠/블라우스,001,상의,9,1498105,poloralphlauren,폴로 랄프 로렌,커스텀핏 데님 셔츠 - 블루,https://image.msscdn.net/images/goods_img/20200626/1498105/1498105_2_500.jpg,False
2025-10,M,001002,셔츠/블라우스,001,상의,10,4227437,standarderror,스탠다드에러,87-STAN081 원포켓 빈티지 오버핏 긴팔 체크 셔츠 네이비,https://image.msscdn.net/images/goods_img/20240702/4227437/4227437_17738154996351_500.jpg,False
2025-10,M,001002,셔츠/블라우스,001,상의,11,4186471,huke,후크,빈티지 워싱 브라운  체크셔츠,https://image.msscdn.net/images/goods_img/20240610/4186471/4186471_17179929320187_500.jpg,False
2025-10,M,001002,셔츠/블라우스,001,상의,12,5251265,lemainsecond,리메인세컨드,오버핏 플란넬 포켓 체크 셔츠 [딥블루],https://image.msscdn.net/images/goods_img/20250716/5251265/5251265_17872912962879_500.jpg,False
2025-10,M,001002,셔츠/블라우스,001,상의,13,3791891,filluminate,필루미네이트,오버핏 포레스트 체크 셔츠-블랙,https://image.msscdn.net/images/goods_img/20240112/3791891/3791891_17901256505525_500.jpg,False
2025-10,M,001002,셔츠/블라우스,001,상의,14,4306299,bronson,브론슨,Blue Chambray Work Shirt KR Ver.,https://image.msscdn.net/images/goods_img/20240807/4306299/4306299_17737170274339_500.jpg,False
2025-10,M,001002,셔츠/블라우스,001,상의,15,728000,musinsastandard,무신사 스탠다드,베이식 옥스포드 셔츠 [화이트],https://image.msscdn.net/images/goods_img/20180305/728000/728000_17286256542856_500.jpg,False
2025-10,M,001002,셔츠/블라우스,001,상의,16,3856743,untapped,언탭트 스튜디오,시티보이 빅 오버핏 빅사이즈 옥스포드 셔츠 10COLOR,https://image.msscdn.net/images/goods_img/20240207/3856743/3856743_17177615485090_500.jpg,False
2025-10,M,001002,셔츠/블라우스,001,상의,17,3758301,musinsastandard,무신사 스탠다드,릴렉스드 워시드 포플린 셔츠 [화이트],https://image.msscdn.net/images/goods_img/20231215/3758301/3758301_17113286333350_500.jpg,False
2025-10,M,001002,셔츠/블라우스,001,상의,18,1875849,musinsastandard,무신사 스탠다드,링클프리 드레스 셔츠 [화이트],https://image.msscdn.net/images/goods_img/20210401/1875849/1875849_3_500.jpg,False
2025-10,M,001002,셔츠/블라우스,001,상의,19,4705470,lemainsecond,리메인세컨드,오버핏 플란넬 포켓 체크 셔츠 [블랙],https://image.msscdn.net/images/goods_img/20250108/4705470/4705470_17872915557201_500.jpg,False
2025-10,M,001002,셔츠/블라우스,001,상의,20,3889891,mindbridge,마인드브릿지,[이지케어]드레스 셔츠 - 6color,https://image.msscdn.net/images/goods_img/20240221/3889891/3889891_17551379103585_500.jpg,False
2025-10,M,001002,셔츠/블라우스,001,상의,21,1706633,poloralphlauren,폴로 랄프 로렌,커스텀핏 옥스포드 셔츠 - 화이트,https://image.msscdn.net/images/goods_img/20201130/1706633/1706633_16932921087582_500.jpg,False
2025-10,M,001002,셔츠/블라우스,001,상의,22,5370495,kaneitei,카네이테이,EASY FLOW CHECK SHIRTS (NAVY),https://image.msscdn.net/images/goods_img/20250827/5370495/5370495_17566901798654_500.jpg,False
2025-10,M,001002,셔츠/블라우스,001,상의,23,3562068,unionblue,유니온블루,KENSINGTON SHIRT,https://image.msscdn.net/images/goods_img/20230914/3562068/3562068_17150586229620_500.jpg,False
2025-10,M,001002,셔츠/블라우스,001,상의,24,5349501,kiimuir,키뮤어,플란넬 체크 셔츠_4 COLOR,https://image.msscdn.net/images/goods_img/20250821/5349501/5349501_17585272754360_500.jpg,False
2025-10,M,001002,셔츠/블라우스,001,상의,25,4788205,takeasy,테이크이지,자이언트핏 몬스터 체크셔츠 (빈티지네이비),https://image.msscdn.net/images/goods_img/20250214/4788205/4788205_17422640831469_500.jpg,False
2025-10,M,001002,셔츠/블라우스,001,상의,26,983818,musinsastandard,무신사 스탠다드,릴렉스 핏 실키 셔츠 [화이트],https://image.msscdn.net/images/goods_img/20190315/983818/983818_17509061207040_500.jpg,False
2025-10,M,001002,셔츠/블라우스,001,상의,27,4797203,huke,후크,더 시티 스트라이프 셔츠 (차콜블랙),https://image.msscdn.net/images/goods_img/20250218/4797203/4797203_17398583796881_500.jpg,False
2025-10,M,001002,셔츠/블라우스,001,상의,28,3017681,tleyoung,틀영,올데이 스트라이프 셔츠_Gray,https://image.msscdn.net/images/goods_img/20230110/3017681/3017681_17206913946336_500.jpg,False
2025-10,M,001002,셔츠/블라우스,001,상의,29,4968925,asp,애습,코어 체크 셔츠 브라운,https://image.msscdn.net/images/goods_img/20250331/4968925/4968925_17891089193821_500.jpg,False
2025-10,M,001002,셔츠/블라우스,001,상의,30,2305840,thomasmore,토마스모어,프렌치 스트라이프 셔츠 - 네이비,https://image.msscdn.net/images/goods_img/20220113/2305840/2305840_2_500.jpg,False
2025-10,M,001010,긴소매 티셔츠,001,상의,1,2149254,musinsastandard,무신사 스탠다드,베이식 긴소매 티셔츠 2팩,https://image.msscdn.net/images/goods_img/20210928/2149254/2149254_17138588137724_500.jpg,False
2025-10,M,001010,긴소매 티셔츠,001,상의,2,4757913,trillion,트릴리온,와플 링 스냅 헨리넥 롱 슬리브 [블랙],https://image.msscdn.net/images/goods_img/20250204/4757913/4757913_17388174210742_500.jpg,False
2025-10,M,001010,긴소매 티셔츠,001,상의,3,5269891,musinsastandard,무신사 스탠다드,베이식 긴소매 티셔츠 3팩,https://image.msscdn.net/images/goods_img/20250724/5269891/5269891_17561986258926_500.jpg,False
2025-10,M,001010,긴소매 티셔츠,001,상의,4,5318901,hooves,후브스,VTG 인터록 헨리넥 롱슬리브 [그레이],https://image.msscdn.net/images/goods_img/20250813/5318901/5318901_17562667095205_500.jpg,False
2025-10,M,001010,긴소매 티셔츠,001,상의,5,4886714,drix,드릭스,특양면 오버핏 롱 슬리브 티셔츠_5color,https://image.msscdn.net/images/goods_img/20250312/4886714/4886714_17417603907744_500.jpg,False
2025-10,M,001010,긴소매 티셔츠,001,상의,6,4227807,discusathletic,디스커스 애슬레틱,[2PACK] 오버 핏 롱슬리브 블랭크 티셔츠,https://image.msscdn.net/images/goods_img/20240702/4227807/4227807_17881482998978_500.jpg,False
2025-10,M,001010,긴소매 티셔츠,001,상의,7,5369031,mindbridge,마인드브릿지,와플 헨리넥 데일리 티셔츠 - 2color,https://image.msscdn.net/images/goods_img/20250827/5369031/5369031_17754535282278_500.jpg,False
2025-10,M,001010,긴소매 티셔츠,001,상의,8,5484281,brenson,브렌슨,컴포트 크롭 긴팔티 ( 5Color ),https://image.msscdn.net/images/goods_img/20250918/5484281/5484281_17585921240136_500.jpg,False
2025-10,M,001010,긴소매 티셔츠,001,상의,9,2081571,bronson,브론슨,Vintage Long Sleeve Henley Shirt Black,https://image.msscdn.net/images/goods_img/20210823/2081571/2081571_17737267731808_500.jpg,False
2025-10,M,001010,긴소매 티셔츠,001,상의,10,3629823,bysec,바이젝,특양면 무지 오버핏 긴팔 티셔츠_6Color,https://image.msscdn.net/images/goods_img/20231016/3629823/3629823_17871899865586_500.jpg,False
2025-10,M,001010,긴소매 티셔츠,001,상의,11,5479295,vermann,베르만 어패럴,와플 오버핏 롱슬리브 빈티지 차콜,https://image.msscdn.net/images/goods_img/20250917/5479295/5479295_17588798646513_500.png,False
2025-10,M,001010,긴소매 티셔츠,001,상의,12,5377546,bronson,브론슨,[2Pack] Vintage Long Sleeve Henley Shirt,https://image.msscdn.net/images/goods_img/20250829/5377546/5377546_17587631711116_500.jpg,False
2025-10,M,001010,긴소매 티셔츠,001,상의,13,1144989,musinsastandard,무신사 스탠다드,베이식 긴소매 티셔츠 [화이트],https://image.msscdn.net/images/goods_img/20190905/1144989/1144989_17509081256971_500.jpg,False
2025-10,M,001010,긴소매 티셔츠,001,상의,14,404482,brenson,브렌슨,Longsleeve 무지 긴팔티,https://image.msscdn.net/images/goods_img/20160902/404482/404482_17048503090298_500.jpg,False
2025-10,M,001010,긴소매 티셔츠,001,상의,15,4886457,brenson,브렌슨,오버핏 1:1 스트라이프 긴팔티 ( 5Color ),https://image.msscdn.net/images/goods_img/20250312/4886457/4886457_17629959457223_500.jpg,False
2025-10,M,001010,긴소매 티셔츠,001,상의,16,3753856,musinsastandard,무신사 스탠다드,헤비 폰테 릴렉스드 크루 넥 긴소매 티셔츠 [화이트],https://image.msscdn.net/images/goods_img/20231212/3753856/3753856_17067712592018_500.jpg,False
2025-10,M,001010,긴소매 티셔츠,001,상의,17,3134802,musinsastandard,무신사 스탠다드,멀티 스트라이프 릴렉스드 긴소매 티셔츠 1 [블랙/블루],https://image.msscdn.net/images/goods_img/20230309/3134802/3134802_16817879236073_500.jpg,False
2025-10,M,001010,긴소매 티셔츠,001,상의,18,3874367,jeep,지프,[2PACK] 16수 싱글 에어그램 롱슬리브 티셔츠 (JQ5TSU754BK),https://image.msscdn.net/images/prd_img/20240215/3874367/detail_3874367_17834737247478_500.jpg,False
2025-10,M,001010,긴소매 티셔츠,001,상의,19,5279192,drix,드릭스,립브드 머슬핏 헨리넥 롱 슬리브_5color,https://image.msscdn.net/images/goods_img/20250729/5279192/5279192_17550661415773_500.jpg,False
2025-10,M,001010,긴소매 티셔츠,001,상의,20,3727277,aaa,트리플에이,2PACK 1304 베이식 긴팔 티셔츠 18수,https://image.msscdn.net/images/goods_img/20231121/3727277/3727277_17171377395896_500.jpg,False
2025-10,M,001010,긴소매 티셔츠,001,상의,21,4757911,trillion,트릴리온,와플 링 스냅 헨리넥 롱 슬리브 [그레이],https://image.msscdn.net/images/goods_img/20250204/4757911/4757911_17388174389419_500.jpg,False
2025-10,M,001010,긴소매 티셔츠,001,상의,22,4327239,drawfit,드로우핏,코튼 와플 헨리넥 티셔츠 [BLACK],https://image.msscdn.net/images/goods_img/20240813/4327239/4327239_17697518491366_500.jpg,False
2025-10,M,001010,긴소매 티셔츠,001,상의,23,5369253,jeleve,제이엘브,와플 루즈핏 롱슬리브,https://image.msscdn.net/images/goods_img/20250827/5369253/5369253_17694713321497_500.png,False
2025-10,M,001010,긴소매 티셔츠,001,상의,24,1129745,musinsastandard,무신사 스탠다드,베이식 긴소매 티셔츠 [블랙],https://image.msscdn.net/images/goods_img/20190826/1129745/1129745_17509079382483_500.jpg,False
2025-10,M,001010,긴소매 티셔츠,001,상의,25,404474,brenson,브렌슨,베이직 긴팔티셔츠 4종 ( 5Color ),https://image.msscdn.net/images/goods_img/20160902/404474/404474_17896942545657_500.jpg,False
2025-10,M,001010,긴소매 티셔츠,001,상의,26,5276003,trillion,트릴리온,와플 링 스냅 헨리넥 롱 슬리브_피그먼트 차콜,https://image.msscdn.net/images/goods_img/20250728/5276003/5276003_17546370480014_500.jpg,False
2025-10,M,001010,긴소매 티셔츠,001,상의,27,5576872,deusexmachina,데우스 엑스 마키나,Seoul College Address Ls Tee_Black,https://image.msscdn.net/images/goods_img/20251010/5576872/5576872_17604334142314_500.jpg,False
2025-10,M,001010,긴소매 티셔츠,001,상의,28,4806435,brenson,브렌슨,( Waffle ) 루즈핏 와플 헨리넥 긴팔티 ( 4Color ),https://image.msscdn.net/images/goods_img/20250219/4806435/4806435_17636925465058_500.jpg,False
2025-10,M,001010,긴소매 티셔츠,001,상의,29,3581743,outstanding,아웃스탠딩,[2PACK]VINTAGE WASHING LONG SLEEVE TEE_VINTAGE OLIVE/VINTAGE CHARCOAL,https://image.msscdn.net/images/goods_img/20230921/3581743/3581743_17863310526444_500.jpg,False
2025-10,M,001010,긴소매 티셔츠,001,상의,30,4749434,workonbodyoff,워크온바디오프,세미 오버핏 릴렉스드 긴팔 니트 티셔츠 (4color),https://image.msscdn.net/images/goods_img/20250131/4749434/4749434_17587857431827_500.jpg,False
2025-10,M,001001,반소매 티셔츠,001,상의,1,2086653,musinsastandard,무신사 스탠다드,레이어드 크루 넥 티셔츠_일반 기장 [화이트],https://image.msscdn.net/images/goods_img/20210825/2086653/2086653_17772494800708_500.jpg,False
2025-10,M,001001,반소매 티셔츠,001,상의,2,2690691,hugvone,허그본,무지 머슬핏 반팔 5컬러,https://image.msscdn.net/images/goods_img/20220801/2690691/2690691_17090175122341_500.jpg,False
2025-10,M,001001,반소매 티셔츠,001,상의,3,2122566,musinsastandard,무신사 스탠다드,레이어드 크루 넥 티셔츠_일반 기장 2팩,https://image.msscdn.net/images/goods_img/20210910/2122566/2122566_17133406834875_500.jpg,False
2025-10,M,001001,반소매 티셔츠,001,상의,4,2034137,musinsastandard,무신사 스탠다드,릴렉스 핏 크루 넥 티셔츠 2팩,https://image.msscdn.net/images/goods_img/20210719/2034137/2034137_17821170123912_500.jpg,False
2025-10,M,001001,반소매 티셔츠,001,상의,5,4838119,printstar,프린트스타,[2PACK] 14수 7.4oz 헤비웨이트 라운드 오버핏 무지 반팔 티셔츠,https://image.msscdn.net/images/goods_img/20250226/4838119/4838119_17405717515529_500.jpg,False
2025-10,M,001001,반소매 티셔츠,001,상의,6,3973556,untapped,언탭트 스튜디오,[3PACK]퓨어코튼 24수  롱기장 레이어드 무지 반팔 티셔츠,https://image.msscdn.net/images/goods_img/20240320/3973556/3973556_17657835585342_500.jpg,False
2025-10,M,001001,반소매 티셔츠,001,상의,7,5255063,musinsastandard,무신사 스탠다드,릴렉스 핏 크루 넥 티셔츠 3팩,https://image.msscdn.net/images/goods_img/20250718/5255063/5255063_17750308150702_500.jpg,False
2025-10,M,001001,반소매 티셔츠,001,상의,8,5167907,brenson,브렌슨,컴포트 크롭 반팔티 ( 8Color ),https://image.msscdn.net/images/goods_img/20250605/5167907/5167907_17774455330031_500.jpg,False
2025-10,M,001001,반소매 티셔츠,001,상의,9,996497,musinsastandard,무신사 스탠다드,베이식 크루 넥 티셔츠 [화이트],https://image.msscdn.net/images/goods_img/20190327/996497/996497_17507502602097_500.jpg,False
2025-10,M,001001,반소매 티셔츠,001,상의,10,2050094,musinsastandard,무신사 스탠다드,베이식 크루 넥 티셔츠 2팩,https://image.msscdn.net/images/goods_img/20210805/2050094/2050094_17138592561124_500.jpg,False
2025-10,M,001001,반소매 티셔츠,001,상의,11,996177,musinsastandard,무신사 스탠다드,릴렉스 핏 크루 넥 티셔츠 [화이트],https://image.msscdn.net/images/goods_img/20190327/996177/996177_17845258066104_500.jpg,False
2025-10,M,001001,반소매 티셔츠,001,상의,12,1487679,bronson,브론슨,Tompkins Loopwheeled Tubular Tee White,https://image.msscdn.net/images/goods_img/20200617/1487679/1487679_17738107008359_500.jpg,False
2025-10,M,001001,반소매 티셔츠,001,상의,13,3727165,aaa,트리플에이,2PACK 1301 베이식 반팔 티셔츠 18수,https://image.msscdn.net/images/goods_img/20231121/3727165/3727165_17303367797569_500.jpg,False
2025-10,M,001001,반소매 티셔츠,001,상의,14,4237360,polham,폴햄,공용) 레이어드 반팔티 2팩_PHE5TR3788,https://image.msscdn.net/images/goods_img/20240708/4237360/4237360_17204064890849_500.jpg,False
2025-10,M,001001,반소매 티셔츠,001,상의,15,5255062,musinsastandard,무신사 스탠다드,베이식 크루 넥 티셔츠 3팩,https://image.msscdn.net/images/goods_img/20250718/5255062/5255062_17750309579097_500.jpg,False
2025-10,M,001001,반소매 티셔츠,001,상의,16,3223006,brenson,브렌슨,( 2PACK ) 퓨어코튼 루즈핏 체인 반팔티,https://image.msscdn.net/images/goods_img/20230411/3223006/3223006_17152355560427_500.jpg,False
2025-10,M,001001,반소매 티셔츠,001,상의,17,2518417,jeep,지프,[2PACK] 190g 싱글 에어그램  반팔 티셔츠 (JR5TSU159BK),https://image.msscdn.net/images/goods_img/20220427/2518417/2518417_17685218387430_500.jpg,False
2025-10,M,001001,반소매 티셔츠,001,상의,18,345889,fp142muji,페플,[2PACK] 더블코튼 무지반팔  2PACK KHST1011,https://image.msscdn.net/images/goods_img/20160429/345889/345889_17156464525677_500.jpg,False
2025-10,M,001001,반소매 티셔츠,001,상의,19,2628632,ninez,나인제트,시그니처 코튼 머슬핏 티셔츠,https://image.msscdn.net/images/goods_img/20220622/2628632/2628632_17737220538980_500.jpg,False
2025-10,M,001001,반소매 티셔츠,001,상의,20,4931677,puma,푸마,1+1 티 팩 - 블랙:화이트 / 950408-03,https://image.msscdn.net/images/goods_img/20250324/4931677/4931677_17500626312844_500.jpg,False
2025-10,M,001001,반소매 티셔츠,001,상의,21,3223007,brenson,브렌슨,( 2PACK ) 퓨어코튼 레이어드 체인 반팔티,https://image.msscdn.net/images/goods_img/20230411/3223007/3223007_17152355484963_500.jpg,False
2025-10,M,001001,반소매 티셔츠,001,상의,22,1685307,mindbridge,마인드브릿지,[3팩]고밀도순면기본반팔티셔츠  MATS0101,https://image.msscdn.net/images/goods_img/20201110/1685307/1685307_17247259744795_500.jpg,False
2025-10,M,001001,반소매 티셔츠,001,상의,23,5152785,hooves,후브스,유넥 크롭 반팔티 [5 COL],https://image.msscdn.net/images/goods_img/20250528/5152785/5152785_17786367273477_500.jpg,False
2025-10,M,001001,반소매 티셔츠,001,상의,24,4987047,jemut,제멋,[2PACK] 보이 크롭 반팔티셔츠 KJST2619,https://image.msscdn.net/images/goods_img/20250404/4987047/4987047_17440029336330_500.jpg,False
2025-10,M,001001,반소매 티셔츠,001,상의,25,2442409,yale,예일,[16수 코마사] 2PACK 스몰아치 반팔티셔츠 화이트/블랙,https://image.msscdn.net/images/goods_img/20220324/2442409/2442409_17424359787816_500.jpg,False
2025-10,M,001001,반소매 티셔츠,001,상의,26,3158061,hadex,에이치덱스,[2pack] 메인 스몰 로고 에어 머슬핏 숏 슬리브,https://image.msscdn.net/images/goods_img/20230317/3158061/3158061_17581635208529_500.jpg,False
2025-10,M,001001,반소매 티셔츠,001,상의,27,4587753,nande,난데,20수 스텐다드 핏 프리미엄 코튼 티셔츠,https://image.msscdn.net/images/goods_img/20241105/4587753/4587753_17310541420099_500.jpg,False
2025-10,M,001001,반소매 티셔츠,001,상의,28,3268602,bronson,브론슨,Tompkins Loopwheeled Tubular Tee Vintage Black,https://image.msscdn.net/images/goods_img/20230428/3268602/3268602_17557380116819_500.jpg,False
2025-10,M,001001,반소매 티셔츠,001,상의,29,1382658,musinsastandard,무신사 스탠다드,레이어드 크루 넥 티셔츠_긴 기장 [화이트],https://image.msscdn.net/images/goods_img/20200402/1382658/1382658_17048730367124_500.jpg,False
2025-10,M,001001,반소매 티셔츠,001,상의,30,1783115,basichouse,베이직하우스,[3PACK] 도톰한 순면 헤비웨이트 반팔티셔츠 3팩 LATS0121,https://image.msscdn.net/images/goods_img/20210208/1783115/1783115_17865806235039_500.png,False
2025-10,M,001003,피케/카라 티셔츠,001,상의,1,5507067,hooves,후브스,하이드 버튼 카라 니트 [4COL],https://image.msscdn.net/images/goods_img/20250922/5507067/5507067_17586071782539_500.jpg,False
2025-10,M,001003,피케/카라 티셔츠,001,상의,2,4375159,adidas,아디다스,럭비 폴로 셔츠 - 블랙 / IZ4806,https://image.msscdn.net/images/goods_img/20240827/4375159/4375159_17248303115071_500.jpg,False
2025-10,M,001003,피케/카라 티셔츠,001,상의,3,4299296,untapped,언탭트 스튜디오,[기모버전 추가]시티보이 오버핏 럭비 카라 맨투맨 스웻 티셔츠 4COLOR,https://image.msscdn.net/images/goods_img/20240806/4299296/4299296_17261233960748_500.jpg,False
2025-10,M,001003,피케/카라 티셔츠,001,상의,4,1387953,musinsastandard,무신사 스탠다드,롱 슬리브 피케 폴로 셔츠 [블랙],https://image.msscdn.net/images/goods_img/20200407/1387953/1387953_1_500.jpg,False
2025-10,M,001003,피케/카라 티셔츠,001,상의,5,4757945,trillion,트릴리온,스트라이프 럭비 오버핏 피케 폴로 셔츠 [네이비],https://image.msscdn.net/images/goods_img/20250204/4757945/4757945_17388081982654_500.jpg,False
2025-10,M,001003,피케/카라 티셔츠,001,상의,6,5339797,bronson,브론슨,Classic Fit Striped Jersey Rugby Shirt Green/Navy/Red,https://image.msscdn.net/images/goods_img/20250819/5339797/5339797_17737254532028_500.jpg,False
2025-10,M,001003,피케/카라 티셔츠,001,상의,7,4752756,untapped,언탭트 스튜디오,오버핏 헨리넥 카라 니트 티셔츠 2Color,https://image.msscdn.net/images/goods_img/20250203/4752756/4752756_17592845980941_500.jpg,False
2025-10,M,001003,피케/카라 티셔츠,001,상의,8,4285815,untapped,언탭트 스튜디오,오버핏 케이블 카라 니트 3COLOR,https://image.msscdn.net/images/goods_img/20240731/4285815/4285815_17307814421798_500.jpg,False
2025-10,M,001003,피케/카라 티셔츠,001,상의,9,1620273,poloralphlauren,폴로 랄프 로렌,커스텀 슬림핏 롱 슬리브 메시 폴로 - 블랙,https://image.msscdn.net/images/goods_img/20200923/1620273/1620273_2_500.jpg,False
2025-10,M,001003,피케/카라 티셔츠,001,상의,10,1633322,musinsastandard,무신사 스탠다드,스트라이프 럭비 셔츠 [네이비/그린],https://image.msscdn.net/images/goods_img/20201005/1633322/1633322_1_500.jpg,False
2025-10,M,001003,피케/카라 티셔츠,001,상의,11,5355217,jeep,지프,레트로 마운틴 1941 스트라이프 카라 맨투맨 (JQ5TSU825BK),https://image.msscdn.net/images/goods_img/20250822/5355217/5355217_17841847843694_500.jpg,False
2025-10,M,001003,피케/카라 티셔츠,001,상의,12,4856461,trillion,트릴리온,워셔블 스트라이프 버튼 카라넥 니트 [네이비],https://image.msscdn.net/images/goods_img/20250304/4856461/4856461_17416597957935_500.jpg,False
2025-10,M,001003,피케/카라 티셔츠,001,상의,13,4992830,suare,수아레,데일리 쿨 하프 니트,https://image.msscdn.net/images/goods_img/20250407/4992830/4992830_17455602368529_500.jpg,False
2025-10,M,001003,피케/카라 티셔츠,001,상의,14,1387956,musinsastandard,무신사 스탠다드,롱 슬리브 피케 폴로 셔츠 [네이비],https://image.msscdn.net/images/goods_img/20200407/1387956/1387956_1_500.jpg,False
2025-10,M,001003,피케/카라 티셔츠,001,상의,15,4315233,ninez,나인제트,시그니처 코튼 머슬핏 긴팔 카라티 (3color),https://image.msscdn.net/images/goods_img/20240809/4315233/4315233_17900625395704_500.jpg,False
2025-10,M,001003,피케/카라 티셔츠,001,상의,16,2765431,brenson,브렌슨,릴렉스드 더블코튼 카라 긴팔티 ( 8Color ),https://image.msscdn.net/images/goods_img/20220902/2765431/2765431_17152175223066_500.jpg,False
2025-10,M,001003,피케/카라 티셔츠,001,상의,17,1387960,musinsastandard,무신사 스탠다드,베이식 피케 폴로 셔츠 [블랙],https://image.msscdn.net/images/goods_img/20200407/1387960/1387960_17507503016609_500.jpg,False
2025-10,M,001003,피케/카라 티셔츠,001,상의,18,4750001,workonbodyoff,워크온바디오프,코튼 세미 오버핏 피케 티셔츠-네이비,https://image.msscdn.net/images/goods_img/20250202/4750001/4750001_17411395595073_500.jpg,False
2025-10,M,001003,피케/카라 티셔츠,001,상의,19,4759885,untapped,언탭트 스튜디오,심볼 트랙 럭비카라 오버핏 맨투맨 스웻 티셔츠 3Color,https://image.msscdn.net/images/goods_img/20250205/4759885/4759885_17399410449404_500.jpg,False
2025-10,M,001003,피케/카라 티셔츠,001,상의,20,4361494,endoor,엔도어,Vintage stripe polo shirt (Vintage gray),https://image.msscdn.net/images/goods_img/20240822/4361494/4361494_17258659703877_500.jpg,False
2025-10,M,001003,피케/카라 티셔츠,001,상의,21,4938275,maisonkitsune,메종 키츠네,볼드 폭스 헤드 패치 컴포트 폴로 셔츠 - 슬레이트 그레이 / OM00202KT10990076,https://image.msscdn.net/images/goods_img/20250325/4938275/4938275_17653350505781_500.jpg,False
2025-10,M,001003,피케/카라 티셔츠,001,상의,22,2568852,musinsastandardsp,무신사 스탠다드 스포츠,골프 에센셜 피케 폴로 롱슬리브 [블랙],https://image.msscdn.net/images/goods_img/20220518/2568852/2568852_17204903648058_500.jpg,False
2025-10,M,001003,피케/카라 티셔츠,001,상의,23,3827552,musinsastandard,무신사 스탠다드,슬릿 넥 긴소매 피케 폴로 셔츠 [블랙],https://image.msscdn.net/images/goods_img/20240129/3827552/3827552_17116072273020_500.jpg,False
2025-10,M,001003,피케/카라 티셔츠,001,상의,24,4758875,untapped,언탭트 스튜디오,트랙 럭비 카라 오버핏 맨투맨 스웻 티셔츠 3 COLOR,https://image.msscdn.net/images/goods_img/20250205/4758875/4758875_17394977548952_500.jpg,False
2025-10,M,001003,피케/카라 티셔츠,001,상의,25,5355219,jeep,지프,레트로 마운틴 1941 스트라이프 카라 맨투맨 (JQ5TSU825NA),https://image.msscdn.net/images/goods_img/20250822/5355219/5355219_17689745595459_500.png,False
2025-10,M,001003,피케/카라 티셔츠,001,상의,26,1387957,musinsastandard,무신사 스탠다드,롱 슬리브 피케 폴로 셔츠 [머쉬룸],https://image.msscdn.net/images/goods_img/20200407/1387957/1387957_1_500.jpg,False
2025-10,M,001003,피케/카라 티셔츠,001,상의,27,3274144,ninez,나인제트,시그니처 코튼 머슬핏 카라티,https://image.msscdn.net/images/goods_img/20230503/3274144/3274144_17809819177876_500.jpg,False
2025-10,M,001003,피케/카라 티셔츠,001,상의,28,4757941,trillion,트릴리온,스트라이프 럭비 오버핏 피케 폴로 셔츠 [그린],https://image.msscdn.net/images/goods_img/20250204/4757941/4757941_17388081046507_500.jpg,False
2025-10,M,001003,피케/카라 티셔츠,001,상의,29,5379226,guernseywoollens,건지 울른스,머서라이즈 코튼 새들 카라 니트 컬렉션,https://image.msscdn.net/images/goods_img/20250829/5379226/5379226_17564459868296_500.jpg,False
2025-10,M,001003,피케/카라 티셔츠,001,상의,30,3052053,drawfit,드로우핏,오버사이즈 벌룬 피케 스웨트 셔츠 [BLACK],https://image.msscdn.net/images/goods_img/20230201/3052053/3052053_16753905569091_500.jpg,False
2025-10,M,001006,니트/스웨터,001,상의,1,5453617,suare,수아레,데일리 헨리넥 니트 - 5 COLOR,https://image.msscdn.net/images/goods_img/20250912/5453617/5453617_17593914818524_500.jpg,False
2025-10,M,001006,니트/스웨터,001,상의,2,2723767,suare,수아레,데일리 라운드 니트 - 12 COLOR,https://image.msscdn.net/images/goods_img/20220818/2723767/2723767_17292130151891_500.jpg,False
2025-10,M,001006,니트/스웨터,001,상의,3,5444689,suare,수아레,[수아레X오정규] 워셔블 모크넥 슬리브 니트 - 6 COLOR,https://image.msscdn.net/images/goods_img/20250911/5444689/5444689_17900447404378_500.jpg,False
2025-10,M,001006,니트/스웨터,001,상의,4,3494992,suare,수아레,워셔블 케이블 라운드 니트 - 5 COLOR,https://image.msscdn.net/images/goods_img/20230824/3494992/3494992_17296467139345_500.jpg,False
2025-10,M,001006,니트/스웨터,001,상의,5,5311166,untapped,언탭트 스튜디오,오버핏 케이블 헨리넥 라운드 니트 4Color,https://image.msscdn.net/images/goods_img/20250811/5311166/5311166_17549219787236_500.jpg,False
2025-10,M,001006,니트/스웨터,001,상의,6,1628939,musinsastandard,무신사 스탠다드,미니멀 크루 넥 니트 [블랙],https://image.msscdn.net/images/goods_img/20200928/1628939/1628939_17509083037775_500.jpg,False
2025-10,M,001006,니트/스웨터,001,상의,7,5487078,hooves,후브스,[2PACK] 울 블랜드 크롭 니트,https://image.msscdn.net/images/goods_img/20250918/5487078/5487078_17582845187951_500.jpg,False
2025-10,M,001006,니트/스웨터,001,상의,8,4441592,millo,밀로 아카이브,크롭 실루엣 니트 [멜란지 그레이],https://image.msscdn.net/images/goods_img/20240916/4441592/4441592_17268183875497_500.jpg,False
2025-10,M,001006,니트/스웨터,001,상의,9,4871107,decoroso,데꼬로소,베일 헨리넥 니트 [블랙],https://image.msscdn.net/images/goods_img/20250307/4871107/4871107_17421236799393_500.jpg,False
2025-10,M,001006,니트/스웨터,001,상의,10,4509977,workonbodyoff,워크온바디오프,반폴라 세미 오버핏 모크넥 니트 (4color),https://image.msscdn.net/images/goods_img/20241011/4509977/4509977_17642271545231_500.jpg,False
2025-10,M,001006,니트/스웨터,001,상의,11,3039153,poloralphlauren,폴로 랄프 로렌,케이블 니트 코튼 스웨터 - 블랙,https://image.msscdn.net/images/goods_img/20230126/3039153/3039153_16764213820086_500.jpg,False
2025-10,M,001006,니트/스웨터,001,상의,12,5328224,hyojinoriko,효지,25 FW 워셔블 케이블 크롭 헨리넥 니트 (5컬러),https://image.msscdn.net/images/goods_img/20250817/5328224/5328224_17882470563523_500.jpg,False
2025-10,M,001006,니트/스웨터,001,상의,13,5290694,drawfit,드로우핏,소프트 울 크롭 라운드 니트 [4color],https://image.msscdn.net/images/goods_img/20250804/5290694/5290694_17878801647145_500.jpg,False
2025-10,M,001006,니트/스웨터,001,상의,14,4285909,untapped,언탭트 스튜디오,오버핏 케이블 라운드 니트 6COLOR,https://image.msscdn.net/images/goods_img/20240731/4285909/4285909_17247442451593_500.jpg,False
2025-10,M,001006,니트/스웨터,001,상의,15,5392014,hooves,후브스,울블랜드 라운드 크롭 니트 [머드],https://image.msscdn.net/images/goods_img/20250902/5392014/5392014_17585181458796_500.jpg,False
2025-10,M,001006,니트/스웨터,001,상의,16,3476073,wednesdayoasis,웬즈데이오아시스,올웨이즈 워셔블 헨리넥 니트_8COLOR,https://image.msscdn.net/images/goods_img/20230818/3476073/3476073_17691332323880_500.jpg,False
2025-10,M,001006,니트/스웨터,001,상의,17,5215594,musinsastandard,무신사 스탠다드,[빅토리아 울] 미니멀 리브드 크루 넥 니트 [블랙],https://image.msscdn.net/images/goods_img/20250701/5215594/5215594_17872900004453_500.jpg,False
2025-10,M,001006,니트/스웨터,001,상의,18,2139132,drawfit,드로우핏,모크넥 니트 티셔츠 [9COLORS],https://image.msscdn.net/images/goods_img/20210917/2139132/2139132_17567928056584_500.jpg,False
2025-10,M,001006,니트/스웨터,001,상의,19,4682241,musinsastandard,무신사 스탠다드,워셔블 수피마 코튼 크루 넥 니트 [블랙],https://image.msscdn.net/images/goods_img/20241227/4682241/4682241_17706792867348_500.jpg,False
2025-10,M,001006,니트/스웨터,001,상의,20,4871108,decoroso,데꼬로소,베일 헨리넥 니트 [그레이],https://image.msscdn.net/images/goods_img/20250307/4871108/4871108_17421237043754_500.jpg,False
2025-10,M,001006,니트/스웨터,001,상의,21,4970392,whoau,후아유,American Flag Intarsia Pullover / WHKAF4T81U,https://image.msscdn.net/images/goods_img/20250401/4970392/4970392_17888492392785_500.jpg,False
2025-10,M,001006,니트/스웨터,001,상의,22,1558847,suare,수아레,하프 터틀넥 니트 세트,https://image.msscdn.net/images/goods_img/20200821/1558847/1558847_17303488335987_500.jpg,False
2025-10,M,001006,니트/스웨터,001,상의,23,5391993,hooves,후브스,울블랜드 라운드 크롭 니트 [레드],https://image.msscdn.net/images/goods_img/20250902/5391993/5391993_17582861380273_500.jpg,False
2025-10,M,001006,니트/스웨터,001,상의,24,4709538,kiimuir,키뮤어,워셔블 카라니트 하프집업_4 COLOR,https://image.msscdn.net/images/goods_img/20250110/4709538/4709538_17573921978659_500.jpg,False
2025-10,M,001006,니트/스웨터,001,상의,25,5395163,takeasy,테이크이지,[2PACK] 울 크롭 니트 카키멜 (+솔리드 크롭 티셔츠 증정),https://image.msscdn.net/images/goods_img/20250903/5395163/5395163_17576401759546_500.jpg,False
2025-10,M,001006,니트/스웨터,001,상의,26,1620237,poloralphlauren,폴로 랄프 로렌,케이블니트 코튼 스웨터 - 네이비,https://image.msscdn.net/images/goods_img/20200923/1620237/1620237_2_500.jpg,False
2025-10,M,001006,니트/스웨터,001,상의,27,2139143,drawfit,드로우핏,터틀넥 니트 티셔츠 [9COLORS],https://image.msscdn.net/images/goods_img/20210917/2139143/2139143_17567927826682_500.jpg,False
2025-10,M,001006,니트/스웨터,001,상의,28,3481826,musinsastandard,무신사 스탠다드,리브드 니트 후디드 집업 [미디엄 그레이],https://image.msscdn.net/images/goods_img/20230821/3481826/3481826_17086552674504_500.jpg,False
2025-10,M,001006,니트/스웨터,001,상의,29,5324341,alyss,알리스,투톤 믹스 코튼 크롭 브이넥 니트 [블랙],https://image.msscdn.net/images/goods_img/20250814/5324341/5324341_17556580317058_500.jpg,False
2025-10,M,001006,니트/스웨터,001,상의,30,5223880,musinsastandard,무신사 스탠다드,[빅토리아 울] 미니멀 칼라드 니트 [블랙],https://image.msscdn.net/images/goods_img/20250703/5223880/5223880_17586705331985_500.jpg,False
2025-10,M,001011,민소매 티셔츠,001,상의,1,5106377,giordano,지오다노,립 베이직 탱크탑 025561 [5color],https://image.msscdn.net/images/goods_img/20250513/5106377/5106377_17471120271827_500.jpg,False
2025-10,M,001011,민소매 티셔츠,001,상의,2,2005542,bronson,브론슨,10.5 oz Cotton Tank Top,https://image.msscdn.net/images/goods_img/20210622/2005542/2005542_17761449719794_500.jpg,False
2025-10,M,001011,민소매 티셔츠,001,상의,3,4767951,musinsastandard,무신사 스탠다드,에센셜 탱크 탑 2팩,https://image.msscdn.net/images/goods_img/20250207/4767951/4767951_17461712582659_500.jpg,False
2025-10,M,001011,민소매 티셔츠,001,상의,4,4057918,musinsastandard,무신사 스탠다드,에센셜 탱크 탑 [블랙],https://image.msscdn.net/images/goods_img/20240416/4057918/4057918_17170471959238_500.jpg,False
2025-10,M,001011,민소매 티셔츠,001,상의,5,4057917,musinsastandard,무신사 스탠다드,에센셜 탱크 탑 [화이트],https://image.msscdn.net/images/goods_img/20240416/4057917/4057917_17775153738661_500.jpg,False
2025-10,M,001011,민소매 티셔츠,001,상의,6,5079642,grandiosity,그랜디오시티,[2PACK] 헤비 골지 머슬핏 슬리브리스 나시 (3컬러),https://image.msscdn.net/images/goods_img/20250429/5079642/5079642_17516005491473_500.jpg,False
2025-10,M,001011,민소매 티셔츠,001,상의,7,2122564,musinsastandard,무신사 스탠다드,레이어드 슬리브리스 탑_일반 기장 2팩,https://image.msscdn.net/images/goods_img/20210910/2122564/2122564_17133411609203_500.jpg,False
2025-10,M,001011,민소매 티셔츠,001,상의,8,4888736,drix,드릭스,시그니처 머슬핏 립브드 슬리브리스_5color,https://image.msscdn.net/images/goods_img/20250312/4888736/4888736_17421913895057_500.jpg,False
2025-10,M,001011,민소매 티셔츠,001,상의,9,4148441,bowlow,바우로 프로덕트,리브드 로고 슬리브리스 [블랙],https://image.msscdn.net/images/goods_img/20240522/4148441/4148441_17163625167792_500.jpg,False
2025-10,M,001011,민소매 티셔츠,001,상의,10,3794829,borntowin,본투윈,B-SYMBOL LOGO SLEEVELESS_NON MESH VER [BLACK],https://image.msscdn.net/images/goods_img/20240115/3794829/3794829_17732868360970_500.jpg,False
2025-10,M,001011,민소매 티셔츠,001,상의,11,2086660,musinsastandard,무신사 스탠다드,레이어드 슬리브리스 탑_일반 기장 [화이트],https://image.msscdn.net/images/goods_img/20210825/2086660/2086660_17048492714259_500.jpg,False
2025-10,M,001011,민소매 티셔츠,001,상의,12,3075253,musinsastandard,무신사 스탠다드,[쿨탠다드] 레이어드 슬리브리스 탑_일반기장 2팩,https://image.msscdn.net/images/goods_img/20230210/3075253/3075253_17138588522656_500.jpg,False
2025-10,M,001011,민소매 티셔츠,001,상의,13,1855218,underarmour,언더아머,히트기어 아머 컴프레션 슬리브리스 1361522-001,https://image.msscdn.net/images/goods_img/20210319/1855218/1855218_17738150960244_500.jpg,False
2025-10,M,001011,민소매 티셔츠,001,상의,14,3859446,musinsastandard,무신사 스탠다드,스쿱 넥 슬리브리스 탑 [화이트],https://image.msscdn.net/images/goods_img/20240208/3859446/3859446_17147004001866_500.jpg,False
2025-10,M,001011,민소매 티셔츠,001,상의,15,4936661,esfai,에스파이,VTG SLEEVELESS (CHARCOAL),https://image.msscdn.net/images/goods_img/20250324/4936661/4936661_17715571268626_500.jpg,False
2025-10,M,001011,민소매 티셔츠,001,상의,16,4602668,carmid,카미드,카미드 슬리브리스,https://image.msscdn.net/images/goods_img/20241111/4602668/4602668_17314720439088_500.png,False
2025-10,M,001011,민소매 티셔츠,001,상의,17,4148465,bowlow,바우로 프로덕트,리브드 로고 슬리브리스 [아이보리],https://image.msscdn.net/images/goods_img/20240522/4148465/4148465_17163627271968_500.jpg,False
2025-10,M,001011,민소매 티셔츠,001,상의,18,4655184,musinsastandard,무신사 스탠다드,와이드 리브드 탱크 탑 [블랙],https://image.msscdn.net/images/goods_img/20241206/4655184/4655184_17471227922189_500.jpg,False
2025-10,M,001011,민소매 티셔츠,001,상의,19,4148431,bowlow,바우로 프로덕트,리브드 로고 슬리브리스 [그레이],https://image.msscdn.net/images/goods_img/20240522/4148431/4148431_17163622368551_500.jpg,False
2025-10,M,001011,민소매 티셔츠,001,상의,20,4655183,musinsastandard,무신사 스탠다드,와이드 리브드 탱크 탑 [화이트],https://image.msscdn.net/images/goods_img/20241206/4655183/4655183_17721587361674_500.jpg,False
2025-10,M,001011,민소매 티셔츠,001,상의,21,1466673,gainsboro,게인스보로,[2PACK] 오버핏 쿨 마이크로아이스 슬리브리스 6COLOR,https://image.msscdn.net/images/goods_img/20200528/1466673/1466673_17477879236093_500.jpg,False
2025-10,M,001011,민소매 티셔츠,001,상의,22,5026628,trillion,트릴리온,리브드 링 스냅 헨리넥 슬리브리스_4color,https://image.msscdn.net/images/goods_img/20250414/5026628/5026628_17458116815775_500.jpg,False
2025-10,M,001011,민소매 티셔츠,001,상의,23,5159260,divein,다이브인,UNIFORM SLEEVELESS (6COLOR),https://image.msscdn.net/images/goods_img/20250530/5159260/5159260_17521108066561_500.jpg,False
2025-10,M,001011,민소매 티셔츠,001,상의,24,4074761,fabregat,파브레가,오가닉 코튼 슬리브리스 (3COLOR),https://image.msscdn.net/images/goods_img/20240422/4074761/4074761_17391729185950_500.jpg,False
2025-10,M,001011,민소매 티셔츠,001,상의,25,4655185,musinsastandard,무신사 스탠다드,와이드 리브드 탱크 탑 [크림],https://image.msscdn.net/images/goods_img/20241206/4655185/4655185_17471227796784_500.jpg,False
2025-10,M,001011,민소매 티셔츠,001,상의,26,1920859,musinsastandard,무신사 스탠다드,릴렉스드 슬리브리스 탑 [화이트],https://image.msscdn.net/images/goods_img/20210426/1920859/1920859_17048497898901_500.jpg,False
2025-10,M,001011,민소매 티셔츠,001,상의,27,5174377,borntowin,본투윈,BRNT RIBBED SLEEVELESS [BLACK],https://image.msscdn.net/images/goods_img/20250610/5174377/5174377_17507363852291_500.jpg,False
2025-10,M,001011,민소매 티셔츠,001,상의,28,4993670,jeep,지프,[2PACK] 아스킨 쿨 에어그램 민소매 티셔츠 (JR5TSU054BK),https://image.msscdn.net/images/goods_img/20250407/4993670/4993670_17449495137523_500.jpg,False
2025-10,M,001011,민소매 티셔츠,001,상의,29,5204576,vermann,베르만 어패럴,무지 골지 머슬핏 나시 2colors,https://image.msscdn.net/images/goods_img/20250624/5204576/5204576_17851176672291_500.jpg,False
2025-10,M,001011,민소매 티셔츠,001,상의,30,4216823,physicalgarments,피지컬가먼츠,P2447 절개 골지 슬림 나시 [2 COLOR],https://image.msscdn.net/images/goods_img/20240625/4216823/4216823_17200709972787_500.jpg,False
2025-10,M,001008,기타 상의,001,상의,1,5353112,patagonia,파타고니아,멘즈 라이트웨이트 신칠라 스냅-티 풀오버 / 25551Q7,https://image.msscdn.net/images/goods_img/20250822/5353112/5353112_17631000876867_500.jpg,False
2025-10,M,001008,기타 상의,001,상의,2,5038868,musinsastandardsp,무신사 스탠다드 스포츠,[시티러닝]테크그리드 후드 풀오버 (2color),https://image.msscdn.net/images/goods_img/20250417/5038868/5038868_17579118375676_500.jpg,False
2025-10,M,001008,기타 상의,001,상의,3,5411989,divein,다이브인,LIGHT UNIFORM ZIP-UP JERSEY (MELANGE GRAY),https://image.msscdn.net/images/goods_img/20250906/5411989/5411989_17610199833715_500.jpg,False
2025-10,M,001008,기타 상의,001,상의,4,5021628,musinsastandardsp,무신사 스탠다드 스포츠,[시티러닝]러닝 웜업 하프 집업 (2color),https://image.msscdn.net/images/goods_img/20250414/5021628/5021628_17893770533668_500.jpg,False
2025-10,M,001008,기타 상의,001,상의,5,4407815,spyder,스파이더,남성 프로웹 하프 집업 SPGWCNFT212MBLK,https://image.msscdn.net/images/goods_img/20240905/4407815/4407815_17703580147082_500.jpg,False
2025-10,M,001008,기타 상의,001,상의,6,5562193,thomasmore,토마스모어,플리스 하프집업 - 네이비,https://image.msscdn.net/images/goods_img/20251001/5562193/5562193_17603317593138_500.jpg,False
2025-10,M,001008,기타 상의,001,상의,7,5411990,divein,다이브인,LIGHT UNIFORM ZIP-UP JERSEY (BLACK),https://image.msscdn.net/images/goods_img/20250906/5411990/5411990_17610198540392_500.jpg,False
2025-10,M,001008,기타 상의,001,상의,8,5562203,thomasmore,토마스모어,플리스 하프집업 - 올리브그린,https://image.msscdn.net/images/goods_img/20251001/5562203/5562203_17603319729501_500.jpg,False
2025-10,M,001008,기타 상의,001,상의,9,2372710,sovermentwithlomort,소버먼트,860G 피그먼트 하프 짚업-챠콜-,https://image.msscdn.net/images/goods_img/20220221/2372710/2372710_17243908846193_500.jpg,False
2025-10,M,001008,기타 상의,001,상의,10,3584689,nautica,노티카,83플래그 폴라 하프집업(네이비) NFL2145NAZ,https://image.msscdn.net/images/goods_img/20230921/3584689/3584689_17891030125322_500.jpg,False
2025-10,M,001008,기타 상의,001,상의,11,4423657,hadex,에이치덱스,액티브 에센셜 하프 집업 (Black),https://image.msscdn.net/images/goods_img/20240910/4423657/4423657_17876236630916_500.jpg,False
2025-10,M,001008,기타 상의,001,상의,12,4369729,nautica,노티카,83플래그 폴라 하프집업(멜란지그레이) NFL2145MGZ,https://image.msscdn.net/images/goods_img/20240826/4369729/4369729_17894562363051_500.jpg,False
2025-10,M,001008,기타 상의,001,상의,13,4660780,rife,러닝라이프,러닝 컴프레션 롱 슬리브,https://image.msscdn.net/images/goods_img/20241211/4660780/4660780_17338963629029_500.jpg,False
2025-10,M,001008,기타 상의,001,상의,14,5272222,not4nerd,낫포너드,4 Symbol Pigment Incision High Neck Zip Up - Black,https://image.msscdn.net/images/goods_img/20250725/5272222/5272222_17543735813676_500.jpg,False
2025-10,M,001008,기타 상의,001,상의,15,2028348,musinsastandardsp,무신사 스탠다드 스포츠,[힛탠다드]컴프레션 롱슬리브 (블랙),https://image.msscdn.net/images/goods_img/20210714/2028348/2028348_17321576612223_500.jpg,False
2025-10,M,001008,기타 상의,001,상의,16,5243044,mizuno,미즈노,HIGH NECK WOVEN PISTE_32YE5F40,https://image.msscdn.net/images/goods_img/20250711/5243044/5243044_17534262604546_500.jpg,False
2025-10,M,001008,기타 상의,001,상의,17,5562201,thomasmore,토마스모어,플리스 하프집업 - 필드브라운,https://image.msscdn.net/images/goods_img/20251001/5562201/5562201_17603318458787_500.jpg,False
2025-10,M,001008,기타 상의,001,상의,18,5383374,umbro,엄브로,PTR 하이넥 OCTA 피스테 네이비(UQ421SWTO4),https://image.msscdn.net/images/goods_img/20250901/5383374/5383374_17627630410389_500.jpg,False
2025-10,M,001008,기타 상의,001,상의,19,5383380,umbro,엄브로,PTR 하이넥 OCTA 피스테 블랙(UQ421SWTO4),https://image.msscdn.net/images/goods_img/20250901/5383380/5383380_17627630145570_500.jpg,False
2025-10,M,001008,기타 상의,001,상의,20,3412307,underarmour,언더아머,퀄리파이어 런 1/2집 1379288-001,https://image.msscdn.net/images/goods_img/20230717/3412307/3412307_16898989726151_500.jpg,False
2025-10,M,001008,기타 상의,001,상의,21,5383377,umbro,엄브로,PTR 하이넥 OCTA 피스테 화이트(UQ421SWTO4),https://image.msscdn.net/images/goods_img/20250901/5383377/5383377_17627630283314_500.jpg,False
2025-10,M,001008,기타 상의,001,상의,22,5391212,thisisneverthat,디스이즈네버댓,TNT_Mickey_Frame Half Zip Sweatshirt Brown,https://image.msscdn.net/images/goods_img/20250902/5391212/5391212_17569681932114_500.jpg,False
2025-10,M,001008,기타 상의,001,상의,23,4322628,covernat,커버낫,스몰 C 로고 코듀로이 하프 집업 네이비,https://image.msscdn.net/images/goods_img/20240812/4322628/4322628_17260442251184_500.jpg,False
2025-10,M,001008,기타 상의,001,상의,24,5596806,repximum,렙시멈,백로고 컴포트 오버핏 플란넬셔츠 (4Colors),https://image.msscdn.net/images/goods_img/20251015/5596806/5596806_17781451865868_500.jpg,False
2025-10,M,001008,기타 상의,001,상의,25,5202842,mizuno,미즈노,ROUND WOVEN PISTE_32YE5F41,https://image.msscdn.net/images/goods_img/20250624/5202842/5202842_17544468764651_500.jpg,False
2025-10,M,001008,기타 상의,001,상의,26,5411988,divein,다이브인,LIGHT UNIFORM ZIP-UP JERSEY (CHARCOAL),https://image.msscdn.net/images/goods_img/20250906/5411988/5411988_17610200921475_500.jpg,False
2025-10,M,001008,기타 상의,001,상의,27,5556710,huey,휴이,Side-Zip Neck Track Top Black,https://image.msscdn.net/images/goods_img/20251001/5556710/5556710_17592637290948_500.jpg,False
2025-10,M,001008,기타 상의,001,상의,28,4649193,keephustling,킵허슬링,허슬클럽 하프 집업 맨투맨 스웨트셔츠 (네이비),https://image.msscdn.net/images/goods_img/20241204/4649193/4649193_17573366006405_500.jpg,False
2025-10,M,001008,기타 상의,001,상의,29,5300687,freedomathletic,프리덤,진보 레터링 져지 자켓 (블랙),https://image.msscdn.net/images/goods_img/20250807/5300687/5300687_17545470733543_500.jpg,False
2025-10,M,001008,기타 상의,001,상의,30,5554796,moif,모이프,[AW25] BAGGY HALF-ZIP SWEAT / HEATHER GRAY,https://image.msscdn.net/images/goods_img/20250930/5554796/5554796_17604117638016_500.jpg,False
2025-10,M,002,아우터,,,1,5532467,suare,수아레,라이트 시어쉘 패딩 점퍼 - 3 COLOR,https://image.msscdn.net/images/goods_img/20250925/5532467/5532467_17875486261088_500.jpg,False
2025-10,M,002,아우터,,,2,2108160,spao,스파오,베이직 퍼플리스 집업_SPFZF4TC01,https://image.msscdn.net/images/goods_img/20210903/2108160/2108160_17605996485185_500.jpg,False
2025-10,M,002,아우터,,,3,3783092,dimitriblack,디미트리블랙,[기모선택] ASI 포시즌 에센셜 피그먼트 후드집업_차콜 그레이,https://image.msscdn.net/images/goods_img/20240109/3783092/3783092_17708794030062_500.jpg,False
2025-10,M,002,아우터,,,4,1778404,toffee,토피,2WAY 스웻 후드 집업 (MELANGE GREY),https://image.msscdn.net/images/goods_img/20210204/1778404/1778404_1_500.jpg,False
2025-10,M,002,아우터,,,5,3390508,standarderror,스탠다드에러,87-STAN009  [리뉴얼] 스탠다드 블루종 스웨이드 자켓 블랙,https://image.msscdn.net/images/goods_img/20230630/3390508/3390508_17551524634252_500.jpg,False
2025-10,M,002,아우터,,,6,5329359,adidas,아디다스,후드 집업 - 블랙:크림화이트 / KC9315,https://image.msscdn.net/images/goods_img/20250818/5329359/5329359_17569461399483_500.jpg,False
2025-10,M,002,아우터,,,7,3440440,costumeoclock,커스텀어클락,[2PACK] 소프트 베이직 가디건 COOSCD001CD020CD021,https://image.msscdn.net/images/goods_img/20230801/3440440/3440440_17585191785388_500.jpg,False
2025-10,M,002,아우터,,,8,3650861,matinkim,마뗑킴,SPELL POINT STRIPE KNIT CARDIGAN IN BLACK,https://image.msscdn.net/images/goods_img/20231023/3650861/3650861_17582530640437_500.jpg,False
2025-10,M,002,아우터,,,9,4356794,musinsastandard,무신사 스탠다드,시티 레저 후디드 라이트 다운 재킷 [블랙],https://image.msscdn.net/images/goods_img/20240822/4356794/4356794_17890558965193_500.jpg,False
2025-10,M,002,아우터,,,10,1558197,musinsastandard,무신사 스탠다드,릴렉스드 베이식 블레이저 [블랙],https://image.msscdn.net/images/goods_img/20200820/1558197/1558197_17791521338764_500.jpg,False
2025-10,M,002,아우터,,,11,5360731,salomon,살로몬,모디세이 패딩 자켓_LC2992100,https://image.msscdn.net/images/goods_img/20250825/5360731/5360731_17899800512692_500.jpg,False
2025-10,M,002,아우터,,,12,5360472,spao,스파오,[씬라이트] 후드 재킷_SPJPF4TC24,https://image.msscdn.net/images/goods_img/20250825/5360472/5360472_17617884957420_500.png,False
2025-10,M,002,아우터,,,13,4945148,adidas,아디다스,아디컬러 클래식 트랙탑 (와플) - 원더화이트 / JW0109,https://image.msscdn.net/images/goods_img/20250326/4945148/4945148_17453139295013_500.jpg,False
2025-10,M,002,아우터,,,14,1576682,doffjason,도프제이슨,오버핏 램스킨 싱글 자켓,https://image.msscdn.net/images/goods_img/20200901/1576682/1576682_6_500.jpg,False
2025-10,M,002,아우터,,,15,5215532,musinsastandard,무신사 스탠다드,시티 레저 시어 립스탑 후디드 라이트 다운 재킷 [블랙],https://image.msscdn.net/images/goods_img/20250701/5215532/5215532_17580948242906_500.jpg,False
2025-10,M,002,아우터,,,16,4356796,musinsastandard,무신사 스탠다드,시티 레저 후디드 라이트 다운 재킷 [클라우디 블루],https://image.msscdn.net/images/goods_img/20240822/4356796/4356796_17890958178016_500.jpg,False
2025-10,M,002,아우터,,,17,5329361,adidas,아디다스,후드 집업 - 그레이:블랙 / KC9317,https://image.msscdn.net/images/goods_img/20250818/5329361/5329361_17569461783112_500.jpg,False
2025-10,M,002,아우터,,,18,3563185,adidas,아디다스,파이어버드 트랙탑 - 블랙 / IJ7058,https://image.msscdn.net/images/goods_img/20230915/3563185/3563185_16950017775747_500.jpg,False
2025-10,M,002,아우터,,,19,3771149,adidas,아디다스,우븐 파이어버드 트랙탑 - 블랙 / IT2491,https://image.msscdn.net/images/goods_img/20240102/3771149/3771149_17042416430428_500.jpg,False
2025-10,M,002,아우터,,,20,1620287,poloralphlauren,폴로 랄프 로렌,바이스윙 윈드브레이커 - 블랙,https://image.msscdn.net/images/goods_img/20200923/1620287/1620287_2_500.jpg,False
2025-10,M,002,아우터,,,21,3793560,musinsastandard,무신사 스탠다드,오버사이즈 하이넥 윈드브레이커 재킷 [블랙],https://image.msscdn.net/images/goods_img/20240112/3793560/3793560_17080496946411_500.jpg,False
2025-10,M,002,아우터,,,22,5311114,untapped,언탭트 스튜디오,2WAY 비건 스웨이드 블루종 자켓 3Color,https://image.msscdn.net/images/goods_img/20250811/5311114/5311114_17890239121962_500.jpg,False
2025-10,M,002,아우터,,,23,5367614,arcteryx,아크테릭스,아톰 SV 후디 남성 - BLACK / AJPFM09902,https://image.msscdn.net/images/goods_img/20250827/5367614/5367614_17573795222252_500.jpg,False
2025-10,M,002,아우터,,,24,5438735,trillion,트릴리온,라이트 후디 패딩 자켓_그레이,https://image.msscdn.net/images/goods_img/20250910/5438735/5438735_17575615961166_500.jpg,False
2025-10,M,002,아우터,,,25,4306408,musinsastandardsp,무신사 스탠다드 스포츠,아이언 라이트 다운 자켓 (5color),https://image.msscdn.net/images/goods_img/20240807/4306408/4306408_17888533943086_500.jpg,False
2025-10,M,002,아우터,,,26,4767374,adidas,아디다스,와플 BB 트랙탑  - 원더화이트 / JV9263,https://image.msscdn.net/images/goods_img/20250207/4767374/4767374_17405511510275_500.jpg,False
2025-10,M,002,아우터,,,27,5299767,begin202,비긴202,커브라이트 다운 점퍼 [라이트 그레이],https://image.msscdn.net/images/goods_img/20250807/5299767/5299767_17551387554338_500.jpg,False
2025-10,M,002,아우터,,,28,2723218,dimitriblack,디미트리블랙,ASI 2WAY 어센틱 후드 윈드브레이커 자켓_블랙,https://image.msscdn.net/images/goods_img/20220817/2723218/2723218_17603312716294_500.jpg,False
2025-10,M,002,아우터,,,29,4368559,musinsastandard,무신사 스탠다드,폴라 플리스 래글런 하이넥 재킷 [다크 그레이],https://image.msscdn.net/images/goods_img/20240826/4368559/4368559_17320814390926_500.jpg,False
2025-10,M,002,아우터,,,30,3790860,musinsastandard,무신사 스탠다드,릴렉스드 미니멀 재킷 [블랙],https://image.msscdn.net/images/goods_img/20240112/3790860/3790860_17217992992120_500.jpg,False
2025-10,M,002012,숏패딩/헤비 아우터,002,아우터,1,5532467,suare,수아레,라이트 시어쉘 패딩 점퍼 - 3 COLOR,https://image.msscdn.net/images/goods_img/20250925/5532467/5532467_17875486261088_500.jpg,False
2025-10,M,002012,숏패딩/헤비 아우터,002,아우터,2,4356794,musinsastandard,무신사 스탠다드,시티 레저 후디드 라이트 다운 재킷 [블랙],https://image.msscdn.net/images/goods_img/20240822/4356794/4356794_17890558965193_500.jpg,False
2025-10,M,002012,숏패딩/헤비 아우터,002,아우터,3,5360472,spao,스파오,[씬라이트] 후드 재킷_SPJPF4TC24,https://image.msscdn.net/images/goods_img/20250825/5360472/5360472_17617884957420_500.png,False
2025-10,M,002012,숏패딩/헤비 아우터,002,아우터,4,5215532,musinsastandard,무신사 스탠다드,시티 레저 시어 립스탑 후디드 라이트 다운 재킷 [블랙],https://image.msscdn.net/images/goods_img/20250701/5215532/5215532_17580948242906_500.jpg,False
2025-10,M,002012,숏패딩/헤비 아우터,002,아우터,5,4356796,musinsastandard,무신사 스탠다드,시티 레저 후디드 라이트 다운 재킷 [클라우디 블루],https://image.msscdn.net/images/goods_img/20240822/4356796/4356796_17890958178016_500.jpg,False
2025-10,M,002012,숏패딩/헤비 아우터,002,아우터,6,5438735,trillion,트릴리온,라이트 후디 패딩 자켓_그레이,https://image.msscdn.net/images/goods_img/20250910/5438735/5438735_17575615961166_500.jpg,False
2025-10,M,002012,숏패딩/헤비 아우터,002,아우터,7,4306408,musinsastandardsp,무신사 스탠다드 스포츠,아이언 라이트 다운 자켓 (5color),https://image.msscdn.net/images/goods_img/20240807/4306408/4306408_17888533943086_500.jpg,False
2025-10,M,002012,숏패딩/헤비 아우터,002,아우터,8,5299767,begin202,비긴202,커브라이트 다운 점퍼 [라이트 그레이],https://image.msscdn.net/images/goods_img/20250807/5299767/5299767_17551387554338_500.jpg,False
2025-10,M,002012,숏패딩/헤비 아우터,002,아우터,9,5493938,newbalance,뉴발란스,NBNPF41973 / UNI 플라잉77 슈퍼라이트 후드 구스다운 (LIGHT GRAY),https://image.msscdn.net/images/goods_img/20250919/5493938/5493938_17830416769181_500.jpg,False
2025-10,M,002012,숏패딩/헤비 아우터,002,아우터,10,5544484,thenorthface,노스페이스,NJ3NR55K 화이트라벨 데이드라이브 EX 온 자켓 LIGHT GRAY,https://image.msscdn.net/images/goods_img/20250929/5544484/5544484_17617146696356_500.jpg,False
2025-10,M,002012,숏패딩/헤비 아우터,002,아우터,11,5148065,musinsastandard,무신사 스탠다드,시티 레저 후디드 라이트 다운 재킷 [문 블루],https://image.msscdn.net/images/goods_img/20250527/5148065/5148065_17585243005812_500.jpg,False
2025-10,M,002012,숏패딩/헤비 아우터,002,아우터,12,3378514,musinsastandard,무신사 스탠다드,데일리 푸퍼 숏 패딩 재킷 [블랙],https://image.msscdn.net/images/goods_img/20230622/3378514/3378514_17800303461768_500.jpg,False
2025-10,M,002012,숏패딩/헤비 아우터,002,아우터,13,2145689,fluke,플루크,3M신슐레이트 퀼팅 경량패딩 자켓 FPJ201 / 6color,https://image.msscdn.net/images/goods_img/20210924/2145689/2145689_17328422507917_500.jpg,False
2025-10,M,002012,숏패딩/헤비 아우터,002,아우터,14,5549649,thisisneverthat,디스이즈네버댓,PERTEX T Down Jacket Black,https://image.msscdn.net/images/goods_img/20250930/5549649/5549649_17592979752281_500.jpg,False
2025-10,M,002012,숏패딩/헤비 아우터,002,아우터,15,5407535,thenorthface,노스페이스,NJ1DR57A 남성 루타 다운 자켓 (RDS) BLACK,https://image.msscdn.net/images/goods_img/20250905/5407535/5407535_17707877441502_500.jpg,False
2025-10,M,002012,숏패딩/헤비 아우터,002,아우터,16,5401751,descente,데상트,에센셜 라이트 다운 자켓 블랙(SQ323UDJ99),https://image.msscdn.net/images/goods_img/20250904/5401751/5401751_17696489401669_500.jpg,False
2025-10,M,002012,숏패딩/헤비 아우터,002,아우터,17,5552100,thenorthface,노스페이스,NJ3NR55L 화이트라벨 데이드라이브 EX 온 자켓 KHAKI,https://image.msscdn.net/images/goods_img/20250930/5552100/5552100_17707903158656_500.jpg,False
2025-10,M,002012,숏패딩/헤비 아우터,002,아우터,18,5148060,musinsastandard,무신사 스탠다드,시티 레저 후디드 라이트 다운 재킷 [그레이],https://image.msscdn.net/images/goods_img/20250527/5148060/5148060_17581835575935_500.jpg,False
2025-10,M,002012,숏패딩/헤비 아우터,002,아우터,19,5369990,ntbc,엔티비씨,2Way 후드 경량 패딩 점퍼,https://image.msscdn.net/images/goods_img/20250827/5369990/5369990_17896988478854_500.jpg,False
2025-10,M,002012,숏패딩/헤비 아우터,002,아우터,20,5148059,musinsastandard,무신사 스탠다드,시티 레저 후디드 라이트 다운 재킷 [라이트 그레이],https://image.msscdn.net/images/goods_img/20250527/5148059/5148059_17890557888857_500.jpg,False
2025-10,M,002012,숏패딩/헤비 아우터,002,아우터,21,5401055,dimitriblack,디미트리블랙,VLAD 라이트 쉘 경량 다운 자켓_후디드 블랙,https://image.msscdn.net/images/goods_img/20250904/5401055/5401055_17881514883584_500.jpg,False
2025-10,M,002012,숏패딩/헤비 아우터,002,아우터,22,4541364,untapped,언탭트 스튜디오,2WAY 에센셜 푸퍼 베이직 헤비 숏패딩 2Color,https://image.msscdn.net/images/goods_img/20241021/4541364/4541364_17297550419602_500.jpg,False
2025-10,M,002012,숏패딩/헤비 아우터,002,아우터,23,5148062,musinsastandard,무신사 스탠다드,시티 레저 후디드 라이트 다운 재킷 [스톤 화이트],https://image.msscdn.net/images/goods_img/20250527/5148062/5148062_17890954956308_500.jpg,False
2025-10,M,002012,숏패딩/헤비 아우터,002,아우터,24,5438737,trillion,트릴리온,라이트 후디 패딩 자켓_블랙,https://image.msscdn.net/images/goods_img/20250910/5438737/5438737_17575616254192_500.jpg,False
2025-10,M,002012,숏패딩/헤비 아우터,002,아우터,25,5016792,musinsastandardsp,무신사 스탠다드 스포츠,탱커 라이트 벤트 패딩 자켓 (4color),https://image.msscdn.net/images/goods_img/20250411/5016792/5016792_17883313932700_500.jpg,False
2025-10,M,002012,숏패딩/헤비 아우터,002,아우터,26,5215535,musinsastandard,무신사 스탠다드,시티 레저 시어 립스탑 후디드 라이트 다운 재킷 [클라우디 블루],https://image.msscdn.net/images/goods_img/20250701/5215535/5215535_17588541296129_500.jpg,False
2025-10,M,002012,숏패딩/헤비 아우터,002,아우터,27,5479465,leire,르아르,에센셜 후디드 라이트 패딩 자켓 (8color),https://image.msscdn.net/images/goods_img/20250917/5479465/5479465_17587931781985_500.jpg,False
2025-10,M,002012,숏패딩/헤비 아우터,002,아우터,28,5403502,umbro,엄브로,페더플렉스 경량 후드형 다운 자켓 카키(UQ321CDJ95),https://image.msscdn.net/images/goods_img/20250904/5403502/5403502_17901443741530_500.jpg,False
2025-10,M,002012,숏패딩/헤비 아우터,002,아우터,29,3780728,maninstore,무드인사이드,남여공용 푸퍼 숏패딩_7Color,https://image.msscdn.net/images/goods_img/20240108/3780728/3780728_17605828944256_500.jpg,False
2025-10,M,002012,숏패딩/헤비 아우터,002,아우터,30,5299849,begin202,비긴202,커브라이트 다운 점퍼 [블랙],https://image.msscdn.net/images/goods_img/20250807/5299849/5299849_17551382954817_500.jpg,False
2025-10,M,002013,롱패딩/헤비 아우터,002,아우터,1,4469334,covernat,커버낫,24FW RDS 씨빅 롱 다운 블랙,https://image.msscdn.net/images/goods_img/20240926/4469334/4469334_17321676769014_500.jpg,False
2025-10,M,002013,롱패딩/헤비 아우터,002,아우터,2,2222924,musinsastandard,무신사 스탠다드,롱 다운 벤치 파카 [블랙],https://image.msscdn.net/images/goods_img/20211109/2222924/2222924_17649252759332_500.jpg,False
2025-10,M,002013,롱패딩/헤비 아우터,002,아우터,3,5511372,discoveryexpedition,디스커버리 익스페디션,레스터G RDS 구스다운 롱패딩 (BLACK),https://image.msscdn.net/images/goods_img/20250923/5511372/5511372_17586746085896_500.jpg,False
2025-10,M,002013,롱패딩/헤비 아우터,002,아우터,4,5498292,leathery,레더리,M-65 피쉬테일 오버핏 롱파카 [2COLOR],https://image.msscdn.net/images/goods_img/20250919/5498292/5498292_17628429956754_500.jpg,False
2025-10,M,002013,롱패딩/헤비 아우터,002,아우터,5,3716632,wednesdayoasis,웬즈데이오아시스,M-65 피쉬테일 야상 패딩 코트(3col),https://image.msscdn.net/images/goods_img/20231116/3716632/3716632_17591147104039_500.jpg,False
2025-10,M,002013,롱패딩/헤비 아우터,002,아우터,6,4495052,sierradesigns,시에라디자인,하프돔(HALFDOME) 경량 구스다운 후드자켓 LIGHT GREY,https://image.msscdn.net/images/goods_img/20241008/4495052/4495052_17884960908487_500.jpg,False
2025-10,M,002013,롱패딩/헤비 아우터,002,아우터,7,5290730,eider,아이더,POP 벤치 UNI 다운 자켓_Black,https://image.msscdn.net/images/goods_img/20250804/5290730/5290730_17542912101545_500.jpg,False
2025-10,M,002013,롱패딩/헤비 아우터,002,아우터,8,1647181,maisonmined,메종미네드,BLACK DOUBLE LONG GOOSE DOWN,https://image.msscdn.net/images/goods_img/20201014/1647181/1647181_2_500.jpg,False
2025-10,M,002013,롱패딩/헤비 아우터,002,아우터,9,5585671,descente,데상트,스위스 스키 롱 유러피언 구스 다운 자켓 블랙 SQ421SDJN1,https://image.msscdn.net/images/goods_img/20251014/5585671/5585671_17806182169277_500.jpg,False
2025-10,M,002013,롱패딩/헤비 아우터,002,아우터,10,3203394,tenc,텐씨,OJJ 피쉬테일 롱 파카 - 카키 / 13CTCUK04030659,https://image.msscdn.net/images/goods_img/20230404/3203394/3203394_16862174684864_500.jpg,False
2025-10,M,002013,롱패딩/헤비 아우터,002,아우터,11,3661123,discoveryexpedition,디스커버리 익스페디션,남성 베르겐 고어 윈드스토퍼 구스다운 롱패딩 (BLACK),https://image.msscdn.net/images/goods_img/20231026/3661123/3661123_17338206923729_500.jpg,False
2025-10,M,002013,롱패딩/헤비 아우터,002,아우터,12,4297594,musinsastandard,무신사 스탠다드,미니멀 후디드 롱 다운 파카 [블랙],https://image.msscdn.net/images/goods_img/20240805/4297594/4297594_17314852672987_500.jpg,False
2025-10,M,002013,롱패딩/헤비 아우터,002,아우터,13,4470056,suare,수아레,서스테인 발마칸 패딩 코트 - 3 COLOR,https://image.msscdn.net/images/goods_img/20240927/4470056/4470056_17593708342462_500.jpg,False
2025-10,M,002013,롱패딩/헤비 아우터,002,아우터,14,5295345,spao,스파오,베이직 롱패딩_SPJPF4VC11,https://image.msscdn.net/images/goods_img/20250806/5295345/5295345_17544472384457_500.jpg,False
2025-10,M,002013,롱패딩/헤비 아우터,002,아우터,15,4297630,musinsastandard,무신사 스탠다드,데일리 푸퍼 롱 패딩 파카 [블랙],https://image.msscdn.net/images/goods_img/20240805/4297630/4297630_17649137181620_500.jpg,False
2025-10,M,002013,롱패딩/헤비 아우터,002,아우터,16,3597791,dynafit,다이나핏,BREAKER (브레이커) 코트 다운_Black,https://image.msscdn.net/images/goods_img/20230927/3597791/3597791_16957773067242_500.jpg,False
2025-10,M,002013,롱패딩/헤비 아우터,002,아우터,17,4647847,thenorthface,노스페이스,NC1DQ55A 남성 슈퍼플렉스 RDS 다운 코트_BLACK,https://image.msscdn.net/images/goods_img/20241203/4647847/4647847_17332083009740_500.jpg,False
2025-10,M,002013,롱패딩/헤비 아우터,002,아우터,18,4297595,musinsastandard,무신사 스탠다드,미니멀 후디드 롱 다운 파카 [다크 그레이],https://image.msscdn.net/images/goods_img/20240805/4297595/4297595_17314852504827_500.jpg,False
2025-10,M,002013,롱패딩/헤비 아우터,002,아우터,19,5562221,codegraphy,코드그라피,피쉬테일 후드 롱파카_카키,https://image.msscdn.net/images/goods_img/20251001/5562221/5562221_17888496976422_500.jpg,False
2025-10,M,002013,롱패딩/헤비 아우터,002,아우터,20,5483785,k2,케이투,E_벤치파카(공용)_Black,https://image.msscdn.net/images/goods_img/20250918/5483785/5483785_17581570324757_500.jpg,False
2025-10,M,002013,롱패딩/헤비 아우터,002,아우터,21,3477392,descente,데상트,2025 캐논 롱 구스 다운 자켓 블랙(SQ323SDJ91),https://image.msscdn.net/images/goods_img/20230818/3477392/3477392_17889177628381_500.jpg,False
2025-10,M,002013,롱패딩/헤비 아우터,002,아우터,22,3600909,discoveryexpedition,디스커버리 익스페디션,남성 고쉬 구스다운 롱패딩 (BLACK),https://image.msscdn.net/images/goods_img/20231004/3600909/3600909_17290631503389_500.jpg,False
2025-10,M,002013,롱패딩/헤비 아우터,002,아우터,23,4477474,nationalgeographic,내셔널지오그래픽,N244UDW860 카이만 프로 롱기장 구스 다운 점퍼 CARBON BLACK,https://image.msscdn.net/images/goods_img/20240930/4477474/4477474_17276893068534_500.jpg,False
2025-10,M,002013,롱패딩/헤비 아우터,002,아우터,24,3633663,covernat,커버낫,RDS 몬스터 다운 파카 차콜,https://image.msscdn.net/images/goods_img/20231017/3633663/3633663_16988053668270_500.png,False
2025-10,M,002013,롱패딩/헤비 아우터,002,아우터,25,2682099,musinsastandard,무신사 스탠다드,몬스터 다운 파카 [블랙],https://image.msscdn.net/images/goods_img/20220726/2682099/2682099_17139283532855_500.jpg,False
2025-10,M,002013,롱패딩/헤비 아우터,002,아우터,26,4397937,toffee,토피,오버핏 클래식 롱 파카 (KHAKI),https://image.msscdn.net/images/goods_img/20240903/4397937/4397937_17253529315164_500.jpg,False
2025-10,M,002013,롱패딩/헤비 아우터,002,아우터,27,4397922,toffee,토피,오버핏 클래식 롱 파카 (BLACK),https://image.msscdn.net/images/goods_img/20240903/4397922/4397922_17253529158742_500.jpg,False
2025-10,M,002013,롱패딩/헤비 아우터,002,아우터,28,4504371,discoveryexpedition,디스커버리 익스페디션,남성 베른 구스다운 롱패딩 (D/GREY),https://image.msscdn.net/images/goods_img/20241010/4504371/4504371_17338206907731_500.jpg,False
2025-10,M,002013,롱패딩/헤비 아우터,002,아우터,29,5562222,codegraphy,코드그라피,피쉬테일 후드 롱파카_블랙,https://image.msscdn.net/images/prd_img/20251001/5562222/detail_5562222_17888491248118_500.jpg,False
2025-10,M,002013,롱패딩/헤비 아우터,002,아우터,30,5427032,blackyak,블랙야크,공용 맥스벤치 다운자켓#3_BK,https://image.msscdn.net/images/goods_img/20250909/5427032/5427032_17573946228127_500.jpg,False
2025-10,M,002023,플리스/뽀글이,002,아우터,1,2108160,spao,스파오,베이직 퍼플리스 집업_SPFZF4TC01,https://image.msscdn.net/images/goods_img/20210903/2108160/2108160_17605996485185_500.jpg,False
2025-10,M,002023,플리스/뽀글이,002,아우터,2,4368559,musinsastandard,무신사 스탠다드,폴라 플리스 래글런 하이넥 재킷 [다크 그레이],https://image.msscdn.net/images/goods_img/20240826/4368559/4368559_17320814390926_500.jpg,False
2025-10,M,002023,플리스/뽀글이,002,아우터,3,4368558,musinsastandard,무신사 스탠다드,폴라 플리스 래글런 하이넥 재킷 [블랙],https://image.msscdn.net/images/goods_img/20240826/4368558/4368558_17320814634533_500.jpg,False
2025-10,M,002023,플리스/뽀글이,002,아우터,4,1567317,jeep,지프,2WAY 레트로 마운틴 1941 플리스 집업 (JR5TZU191BK),https://image.msscdn.net/images/goods_img/20200827/1567317/1567317_17871103144956_500.jpg,False
2025-10,M,002023,플리스/뽀글이,002,아우터,5,1180665,musinsastandard,무신사 스탠다드,샤기 플리스 집업 재킷 [블랙],https://image.msscdn.net/images/goods_img/20191008/1180665/1180665_1_500.jpg,False
2025-10,M,002023,플리스/뽀글이,002,아우터,6,5477159,dimitriblack,디미트리블랙,쉐르파 플리스 슬래쉬 후드 자켓_차콜,https://image.msscdn.net/images/goods_img/20250917/5477159/5477159_17581840830008_500.jpg,False
2025-10,M,002023,플리스/뽀글이,002,아우터,7,2100470,musinsastandard,무신사 스탠다드,오버사이즈 폴라 플리스 하이넥 재킷 [블랙],https://image.msscdn.net/images/goods_img/20210831/2100470/2100470_1_500.jpg,False
2025-10,M,002023,플리스/뽀글이,002,아우터,8,5353064,patagonia,파타고니아,멘즈 클래식 레트로-X 재킷 / 23057Q7,https://image.msscdn.net/images/goods_img/20250822/5353064/5353064_17604275162285_500.jpg,False
2025-10,M,002023,플리스/뽀글이,002,아우터,9,5205817,musinsastandard,무신사 스탠다드,시티 레저 스트럭처드 폴라 플리스 하이넥 재킷 [블랙],https://image.msscdn.net/images/goods_img/20250625/5205817/5205817_17580928595182_500.jpg,False
2025-10,M,002023,플리스/뽀글이,002,아우터,10,5205818,musinsastandard,무신사 스탠다드,시티 레저 스트럭처드 폴라 플리스 하이넥 재킷 [머드 그레이],https://image.msscdn.net/images/goods_img/20250625/5205818/5205818_17580927603301_500.jpg,False
2025-10,M,002023,플리스/뽀글이,002,아우터,11,4432439,jeep,지프,2WAY 레트로 마운틴 1941 플리스 집업 4COLOR (JR5TZU191),https://image.msscdn.net/images/goods_img/20240911/4432439/4432439_17560810698333_500.jpg,False
2025-10,M,002023,플리스/뽀글이,002,아우터,12,4447527,untapped,언탭트 스튜디오,소프트 베이직 퍼 플리스 집업 자켓 3color,https://image.msscdn.net/images/goods_img/20240920/4447527/4447527_17297527898175_500.jpg,False
2025-10,M,002023,플리스/뽀글이,002,아우터,13,4518011,mucent,무센트,노르망 뽀글 양털 후리스 플리스 집업 남녀공용 (2컬러),https://image.msscdn.net/images/goods_img/20241015/4518011/4518011_17289597034340_500.jpg,False
2025-10,M,002023,플리스/뽀글이,002,아우터,14,3591748,physicalgarments,피지컬가먼츠,P9023 PCGS 후리스 집업 [블랙],https://image.msscdn.net/images/goods_img/20230925/3591748/3591748_16965739803425_500.jpg,False
2025-10,M,002023,플리스/뽀글이,002,아우터,15,1670498,jeep,지프,2WAY 레트로 마운틴 1941 플리스 집업 (JR5TZU191IV),https://image.msscdn.net/images/goods_img/20201030/1670498/1670498_17615290574286_500.jpg,False
2025-10,M,002023,플리스/뽀글이,002,아우터,16,5533877,winder,윈더,COLLAR CONTRAST FLEECE JUMPER - MELANGE GREY,https://image.msscdn.net/images/goods_img/20250926/5533877/5533877_17896189490497_500.jpg,False
2025-10,M,002023,플리스/뽀글이,002,아우터,17,4326414,musinsastandard,무신사 스탠다드,시티 레저 폴라 플리스 하프 집업 풀오버 [그레이],https://image.msscdn.net/images/goods_img/20240813/4326414/4326414_17273409603974_500.jpg,False
2025-10,M,002023,플리스/뽀글이,002,아우터,18,5477158,dimitriblack,디미트리블랙,쉐르파 플리스 슬래쉬 후드 자켓_모카,https://image.msscdn.net/images/goods_img/20250917/5477158/5477158_17581852552058_500.jpg,False
2025-10,M,002023,플리스/뽀글이,002,아우터,19,4517298,espionage,에스피오나지,Expl. Fleece Pullover Anorak Charcoal Navy,https://image.msscdn.net/images/goods_img/20241015/4517298/4517298_17591206297954_500.jpg,False
2025-10,M,002023,플리스/뽀글이,002,아우터,20,5468972,thisisneverthat,디스이즈네버댓,SP Sherpa Fleece Jacket Black,https://image.msscdn.net/images/goods_img/20250916/5468972/5468972_17587667403169_500.jpg,False
2025-10,M,002023,플리스/뽀글이,002,아우터,21,5310056,zplish,지플리시,플리스 후디 집업 자켓 다크그레이,https://image.msscdn.net/images/goods_img/20250811/5310056/5310056_17881421351845_500.jpg,False
2025-10,M,002023,플리스/뽀글이,002,아우터,22,5529570,thenorthface,노스페이스,NJ4FR62A 남성 퍼리 EX 플리스 자켓 BLACK,https://image.msscdn.net/images/goods_img/20250925/5529570/5529570_17715562529143_500.jpg,False
2025-10,M,002023,플리스/뽀글이,002,아우터,23,4326413,musinsastandard,무신사 스탠다드,시티 레저 폴라 플리스 하프 집업 풀오버 [블랙],https://image.msscdn.net/images/goods_img/20240813/4326413/4326413_17273410021294_500.jpg,False
2025-10,M,002023,플리스/뽀글이,002,아우터,24,5205819,musinsastandard,무신사 스탠다드,시티 레저 스트럭처드 폴라 플리스 하이넥 재킷 [머드 베이지],https://image.msscdn.net/images/goods_img/20250625/5205819/5205819_17580927845271_500.jpg,False
2025-10,M,002023,플리스/뽀글이,002,아우터,25,5594893,thenorthface,노스페이스,NJ4FR50J 화이트라벨 컴피 알파 플리스 집업 BLACK,https://image.msscdn.net/images/goods_img/20251015/5594893/5594893_17605062558995_500.jpg,False
2025-10,M,002023,플리스/뽀글이,002,아우터,26,5408780,thenorthface,노스페이스,NJ4FR50A 남성 퍼리 플리스 자켓 BLACK,https://image.msscdn.net/images/goods_img/20250905/5408780/5408780_17827966634501_500.jpg,False
2025-10,M,002023,플리스/뽀글이,002,아우터,27,3498228,thisisneverthat,디스이즈네버댓,SP Sherpa Fleece Jacket Brown,https://image.msscdn.net/images/goods_img/20230825/3498228/3498228_16932968688813_500.jpg,False
2025-10,M,002023,플리스/뽀글이,002,아우터,28,4280313,nomanual,노매뉴얼,T.S FLEECE JACKET - BLACK,https://image.msscdn.net/images/goods_img/20240729/4280313/4280313_17231682347853_500.jpg,False
2025-10,M,002023,플리스/뽀글이,002,아우터,29,5374735,filluminate,필루미네이트,쉐르파 플리스 자켓-블랙,https://image.msscdn.net/images/goods_img/20250828/5374735/5374735_17582843427076_500.jpg,False
2025-10,M,002023,플리스/뽀글이,002,아우터,30,4576931,cqr,씨큐알,아웃도어 방한 그리드 플리스 자켓,https://image.msscdn.net/images/goods_img/20241031/4576931/4576931_17303385884962_500.jpg,False
2025-10,M,002025,무스탕/퍼,002,아우터,1,1582142,left,레프트서울,에비에이터 B-3 무스탕 자켓 [블랙],https://image.msscdn.net/images/goods_img/20200903/1582142/1582142_17888321003811_500.jpg,False
2025-10,M,002025,무스탕/퍼,002,아우터,2,4424968,drawfit,드로우핏,오버사이즈 라인 무스탕 자켓 [BLACK],https://image.msscdn.net/images/goods_img/20240910/4424968/4424968_17592953517737_500.jpg,False
2025-10,M,002025,무스탕/퍼,002,아우터,3,2985378,left,레프트서울,에비에이터 B-3 무스탕 자켓 [블랙/화이트],https://image.msscdn.net/images/goods_img/20221216/2985378/2985378_17888316910045_500.jpg,False
2025-10,M,002025,무스탕/퍼,002,아우터,4,5546451,alyss,알리스,컨투어 시어링 스웨이드 크롭 무스탕 자켓 [블랙],https://image.msscdn.net/images/goods_img/20250929/5546451/5546451_17593180241940_500.jpg,False
2025-10,M,002025,무스탕/퍼,002,아우터,5,5546450,alyss,알리스,컨투어 시어링 레더 크롭 무스탕 자켓 [블랙],https://image.msscdn.net/images/goods_img/20250929/5546450/5546450_17593180146151_500.jpg,False
2025-10,M,002025,무스탕/퍼,002,아우터,6,5478133,dimitriblack,디미트리블랙,VTG 워시드 시어링 무스탕_블랙,https://image.msscdn.net/images/goods_img/20250917/5478133/5478133_17591955702057_500.jpg,False
2025-10,M,002025,무스탕/퍼,002,아우터,7,4424970,drawfit,드로우핏,오버사이즈 스웨이드 라인 무스탕 자켓 [BLACK],https://image.msscdn.net/images/goods_img/20240910/4424970/4424970_17592954376614_500.jpg,False
2025-10,M,002025,무스탕/퍼,002,아우터,8,3696651,v2,브이투,70263 빈티지코팅무스탕_브라운,https://image.msscdn.net/images/goods_img/20231108/3696651/3696651_16995836179892_500.jpg,False
2025-10,M,002025,무스탕/퍼,002,아우터,9,5543151,drawfit,드로우핏,오버사이즈 스웨이드 라인 무스탕 자켓 [ALL BLACK],https://image.msscdn.net/images/goods_img/20250929/5543151/5543151_17592851478106_500.jpg,False
2025-10,M,002025,무스탕/퍼,002,아우터,10,4544921,sperone,스페로네,A-2 워싱 레더 무스탕 자켓 (브라운),https://image.msscdn.net/images/goods_img/20241022/4544921/4544921_17306962358139_500.jpg,False
2025-10,M,002025,무스탕/퍼,002,아우터,11,5506667,noise,노이즈,빈티지 워시드 시어링 무스탕 - 블랙,https://image.msscdn.net/images/goods_img/20250922/5506667/5506667_17810704420898_500.jpg,False
2025-10,M,002025,무스탕/퍼,002,아우터,12,452483,doffjason,도프제이슨,솔리드 무톤 자켓,https://image.msscdn.net/images/goods_img/20161123/452483/452483_2_500.jpg,False
2025-10,M,002025,무스탕/퍼,002,아우터,13,4638415,maisonmaster,메종마스터,M 프리미엄 버팔로 무스탕 브라운,https://image.msscdn.net/images/goods_img/20241127/4638415/4638415_17333678994005_500.jpg,False
2025-10,M,002025,무스탕/퍼,002,아우터,14,2270236,officialgarment,덴아워,밍크 퍼 오버핏 후드집업 (블랙),https://image.msscdn.net/images/goods_img/20211215/2270236/2270236_17592521840217_500.jpg,False
2025-10,M,002025,무스탕/퍼,002,아우터,15,5543150,drawfit,드로우핏,오버사이즈 라인 무스탕 자켓 [BROWN],https://image.msscdn.net/images/goods_img/20250929/5543150/5543150_17592851249206_500.jpg,False
2025-10,M,002025,무스탕/퍼,002,아우터,16,4616751,doffjason,도프제이슨,크리즈 빈티지 무톤 봄버 BLACK,https://image.msscdn.net/images/goods_img/20241115/4616751/4616751_17319963006662_500.jpg,False
2025-10,M,002025,무스탕/퍼,002,아우터,17,4580059,lanarchive,랜 아카이브,[0032] 더블 버클 하이넥 무스탕 (BK),https://image.msscdn.net/images/goods_img/20241031/4580059/4580059_17591918433510_500.jpg,False
2025-10,M,002025,무스탕/퍼,002,아우터,18,2871598,v2,브이투,70103 VEGAN LEATHER MUSTANG_BLACK,https://image.msscdn.net/images/goods_img/20221018/2871598/2871598_3_500.jpg,False
2025-10,M,002025,무스탕/퍼,002,아우터,19,3736126,vdr,비디알,TANKER JUMPER [Coca Mocha],https://image.msscdn.net/images/goods_img/20231128/3736126/3736126_17011565379596_500.jpg,False
2025-10,M,002025,무스탕/퍼,002,아우터,20,1582120,left,레프트서울,에비에이터 B-3 무스탕 자켓 [브라운],https://image.msscdn.net/images/goods_img/20200903/1582120/1582120_17888321761223_500.jpg,False
2025-10,M,002025,무스탕/퍼,002,아우터,21,3441876,left,레프트서울,에비에이터 B-3 무스탕 자켓 [말보로],https://image.msscdn.net/images/goods_img/20230802/3441876/3441876_17888337150641_500.jpg,False
2025-10,M,002025,무스탕/퍼,002,아우터,22,5478132,dimitriblack,디미트리블랙,VTG 워시드 시어링 무스탕_브라운,https://image.msscdn.net/images/goods_img/20250917/5478132/5478132_17591955861532_500.jpg,False
2025-10,M,002025,무스탕/퍼,002,아우터,23,2822486,doffjason,도프제이슨,하이넥 레더 무톤 자켓 BROWN,https://image.msscdn.net/images/goods_img/20220927/2822486/2822486_17333592828229_500.jpg,False
2025-10,M,002025,무스탕/퍼,002,아우터,24,3635002,kinloch,커넥트킨록,하이넥 라인 무스탕 자켓 (4Color),https://image.msscdn.net/images/goods_img/20231017/3635002/3635002_17633603048478_500.jpg,False
2025-10,M,002025,무스탕/퍼,002,아우터,25,5302121,rshemiste,알에스에스씨,DENIM MIXED MUSTANG JACKET - BROWN,https://image.msscdn.net/images/goods_img/20250807/5302121/5302121_17545548566090_500.jpg,False
2025-10,M,002025,무스탕/퍼,002,아우터,26,3826284,diafvine,디아프바인,DV.LOT 693 Type B-3 -Cream-,https://image.msscdn.net/images/goods_img/20240126/3826284/3826284_17062544018973_500.jpg,False
2025-10,M,002025,무스탕/퍼,002,아우터,27,4424969,drawfit,드로우핏,오버사이즈 라인 무스탕 자켓 [IVORY],https://image.msscdn.net/images/goods_img/20240910/4424969/4424969_17268073356193_500.jpg,False
2025-10,M,002025,무스탕/퍼,002,아우터,28,4437631,dimitriblack,디미트리블랙,페이드 워싱 B-3 무스탕 자켓_블랙,https://image.msscdn.net/images/goods_img/20240912/4437631/4437631_17618009093017_500.jpg,False
2025-10,M,002025,무스탕/퍼,002,아우터,29,5589547,espionage,에스피오나지,Type B - 6 Mouton Bomber Jacket Black,https://image.msscdn.net/images/goods_img/20251014/5589547/5589547_17609407547477_500.jpg,False
2025-10,M,002025,무스탕/퍼,002,아우터,30,5415913,spao,스파오,[신세틱레더] 무스탕 점퍼_SPJLF4VM07,https://image.msscdn.net/images/goods_img/20250908/5415913/5415913_17582412839260_500.png,False
2025-10,M,002002,레더/라이더스 재킷,002,아우터,1,1576682,doffjason,도프제이슨,오버핏 램스킨 싱글 자켓,https://image.msscdn.net/images/goods_img/20200901/1576682/1576682_6_500.jpg,False
2025-10,M,002002,레더/라이더스 재킷,002,아우터,2,3927174,maninstore,무드인사이드,비건 스웨이드 바이커 자켓_3Color,https://image.msscdn.net/images/goods_img/20240306/3927174/3927174_17568668915223_500.jpg,False
2025-10,M,002002,레더/라이더스 재킷,002,아우터,3,4209352,musinsastandard,무신사 스탠다드,신세틱 스웨이드 미니멀 블루종 재킷 [브라운],https://image.msscdn.net/images/goods_img/20240620/4209352/4209352_17333854866699_500.jpg,False
2025-10,M,002002,레더/라이더스 재킷,002,아우터,4,5424825,they,데이,크롭 스웨이드 바이커 자켓_BROWN,https://image.msscdn.net/images/goods_img/20250909/5424825/5424825_17905693642139_500.jpg,False
2025-10,M,002002,레더/라이더스 재킷,002,아우터,5,4347122,doffjason,도프제이슨,[리뉴얼] 풀업 스웨이드 클래식 싱글 자켓 모카,https://image.msscdn.net/images/goods_img/20240820/4347122/4347122_17253284523829_500.jpg,False
2025-10,M,002002,레더/라이더스 재킷,002,아우터,6,4346922,doffjason,도프제이슨,[리뉴얼] 오버핏 풀업 스웨이드 싱글 자켓 모카,https://image.msscdn.net/images/goods_img/20240820/4346922/4346922_17249831351015_500.jpg,False
2025-10,M,002002,레더/라이더스 재킷,002,아우터,7,3551101,blackmoment,블랙모먼트,비건 스웨이드 오버핏 미니멀 인시전 스트레이트 집업 자켓 [브라운],https://image.msscdn.net/images/goods_img/20230912/3551101/3551101_16970790961650_500.jpg,False
2025-10,M,002002,레더/라이더스 재킷,002,아우터,8,4767935,doffjason,도프제이슨,프리미엄 베지터블 클래식 A-2 자켓 BLACK,https://image.msscdn.net/images/goods_img/20250207/4767935/4767935_17391981703822_500.jpg,False
2025-10,M,002002,레더/라이더스 재킷,002,아우터,9,1576700,doffjason,도프제이슨,오버핏 비건레더 싱글 자켓,https://image.msscdn.net/images/goods_img/20200901/1576700/1576700_17591199589640_500.jpg,False
2025-10,M,002002,레더/라이더스 재킷,002,아우터,10,3783694,drawfit,드로우핏,인시전 레더 블루종 자켓 [BLACK],https://image.msscdn.net/images/goods_img/20240109/3783694/3783694_17568603377156_500.jpg,False
2025-10,M,002002,레더/라이더스 재킷,002,아우터,11,4619904,musinsastandard,무신사 스탠다드,신세틱 스웨이드 워크 재킷 [라이트 브라운],https://image.msscdn.net/images/goods_img/20241118/4619904/4619904_17398677589070_500.jpg,False
2025-10,M,002002,레더/라이더스 재킷,002,아우터,12,4369047,frizmworks,프리즘웍스,DESTROYED COWHIDE LEATHER JACKET _ WASHED BLACK,https://image.msscdn.net/images/goods_img/20240826/4369047/4369047_17247594980414_500.jpg,False
2025-10,M,002002,레더/라이더스 재킷,002,아우터,13,5516713,doffjason,도프제이슨,워시드 티 코어 레더 싱글 자켓 BLACK,https://image.msscdn.net/images/goods_img/20250923/5516713/5516713_17588699762580_500.jpg,False
2025-10,M,002002,레더/라이더스 재킷,002,아우터,14,4497969,doffjason,도프제이슨,프리미엄 베지터블 A-2 자켓 BLACK,https://image.msscdn.net/images/goods_img/20241008/4497969/4497969_17283728328562_500.jpg,False
2025-10,M,002002,레더/라이더스 재킷,002,아우터,15,4209351,musinsastandard,무신사 스탠다드,신세틱 스웨이드 미니멀 블루종 재킷 [블랙],https://image.msscdn.net/images/goods_img/20240620/4209351/4209351_17364969613372_500.jpg,False
2025-10,M,002002,레더/라이더스 재킷,002,아우터,16,2093254,v2,브이투,465-3 VEGAN LEATHER OVERFIT JACKET_BLACK,https://image.msscdn.net/images/goods_img/20210827/2093254/2093254_1_500.jpg,False
2025-10,M,002002,레더/라이더스 재킷,002,아우터,17,5323513,doffjason,도프제이슨,풀업 스웨이드 버튼 해링턴 자켓 BLACK,https://image.msscdn.net/images/goods_img/20250814/5323513/5323513_17564522282157_500.jpg,False
2025-10,M,002002,레더/라이더스 재킷,002,아우터,18,4287889,supersub,슈퍼서브,빈티지 트랙 바이커 레더 점퍼 - 브라운,https://image.msscdn.net/images/goods_img/20240801/4287889/4287889_17394098566884_500.jpg,False
2025-10,M,002002,레더/라이더스 재킷,002,아우터,19,5350848,coor,쿠어,빈티지 카우 스킨 A-2 레더 자켓 (다크브라운),https://image.msscdn.net/images/goods_img/20250821/5350848/5350848_17562763514851_500.png,False
2025-10,M,002002,레더/라이더스 재킷,002,아우터,20,4619902,musinsastandard,무신사 스탠다드,신세틱 스웨이드 미니멀 트러커 재킷 [라이트 브라운],https://image.msscdn.net/images/goods_img/20241118/4619902/4619902_17392630771626_500.jpg,False
2025-10,M,002002,레더/라이더스 재킷,002,아우터,21,5424518,they,데이,크롭 스웨이드 카라 자켓_BROWN,https://image.msscdn.net/images/goods_img/20250909/5424518/5424518_17905697842662_500.jpg,False
2025-10,M,002002,레더/라이더스 재킷,002,아우터,22,5205783,musinsastandard,무신사 스탠다드,신세틱 스웨이드 카코트 [브라운],https://image.msscdn.net/images/goods_img/20250625/5205783/5205783_17569525313796_500.jpg,False
2025-10,M,002002,레더/라이더스 재킷,002,아우터,23,4209353,musinsastandard,무신사 스탠다드,신세틱 스웨이드 미니멀 블루종 재킷 [더스티 카키],https://image.msscdn.net/images/goods_img/20240620/4209353/4209353_17308710753468_500.jpg,False
2025-10,M,002002,레더/라이더스 재킷,002,아우터,24,4671616,musinsastandard,무신사 스탠다드,페이디드 신세틱 레더 레이서 재킷 [블랙],https://image.msscdn.net/images/goods_img/20241218/4671616/4671616_17412433995065_500.jpg,False
2025-10,M,002002,레더/라이더스 재킷,002,아우터,25,1593755,partimento,파르티멘토,[비건 레더] 필드 자켓 블랙,https://image.msscdn.net/images/goods_img/20200909/1593755/1593755_1_500.jpg,False
2025-10,M,002002,레더/라이더스 재킷,002,아우터,26,5290700,drawfit,드로우핏,레이어 미니멀 스웨이드 자켓 [BROWN],https://image.msscdn.net/images/goods_img/20250804/5290700/5290700_17567147283857_500.jpg,False
2025-10,M,002002,레더/라이더스 재킷,002,아우터,27,5392266,outstanding,아웃스탠딩,TEA-CORE LEATHER W.W. II 1ST JACKET_BLACK,https://image.msscdn.net/images/goods_img/20250902/5392266/5392266_17881572082553_500.jpg,False
2025-10,M,002002,레더/라이더스 재킷,002,아우터,28,5514061,doffjason,도프제이슨,크리즈 레더 A-2 자켓 BLACK,https://image.msscdn.net/images/goods_img/20250923/5514061/5514061_17588718390183_500.jpg,False
2025-10,M,002002,레더/라이더스 재킷,002,아우터,29,5516708,doffjason,도프제이슨,워시드 티 코어 레더 싱글 자켓 BROWN,https://image.msscdn.net/images/goods_img/20250923/5516708/5516708_17588700559923_500.jpg,False
2025-10,M,002002,레더/라이더스 재킷,002,아우터,30,3927181,maninstore,무드인사이드,비건 스웨이드 바이커 자켓_Black,https://image.msscdn.net/images/goods_img/20240306/3927181/3927181_17567071509011_500.jpg,False
2025-10,M,002007,겨울 싱글 코트,002,아우터,1,2098325,drawfit,드로우핏,프리미어 퓨어 캐시미어 발마칸 코트 [BLACK],https://image.msscdn.net/images/goods_img/20210830/2098325/2098325_17621500792692_500.jpg,False
2025-10,M,002007,겨울 싱글 코트,002,아우터,2,3481219,coor,쿠어,벨란디 캐시미어 블렌드 발마칸 코트 (블랙),https://image.msscdn.net/images/goods_img/20230821/3481219/3481219_17896080593391_500.jpg,False
2025-10,M,002007,겨울 싱글 코트,002,아우터,3,4523070,nonblank,넌블랭크,[넌블랭크 x 삭형] 발마칸 코트_BLACK,https://image.msscdn.net/images/goods_img/20241016/4523070/4523070_17606817026627_500.png,False
2025-10,M,002007,겨울 싱글 코트,002,아우터,4,2116411,musinsastandard,무신사 스탠다드,캐시미어 블렌드 오버사이즈 발마칸 코트 [블랙],https://image.msscdn.net/images/goods_img/20210908/2116411/2116411_17616270483710_500.jpg,False
2025-10,M,002007,겨울 싱글 코트,002,아우터,5,4523072,nonblank,넌블랭크,[넌블랭크 x 삭형] 발마칸 코트_MELANGE GREY,https://image.msscdn.net/images/goods_img/20241016/4523072/4523072_17606814168003_500.png,False
2025-10,M,002007,겨울 싱글 코트,002,아우터,6,4209266,musinsastandard,무신사 스탠다드,울 블렌드 오버사이즈 머프 발마칸 코트 [블랙],https://image.msscdn.net/images/goods_img/20240620/4209266/4209266_17657748481924_500.jpg,False
2025-10,M,002007,겨울 싱글 코트,002,아우터,7,1684196,avan,어반드레스,유니섹스 프렌치 롱 가운 오버핏 코트 7 COLOR,https://image.msscdn.net/images/goods_img/20201110/1684196/1684196_16771165785098_500.jpg,False
2025-10,M,002007,겨울 싱글 코트,002,아우터,8,865862,musinsastandard,무신사 스탠다드,캐시미어 블렌드 오버사이즈 싱글 코트 [블랙],https://image.msscdn.net/images/goods_img/20180921/865862/865862_17657673085739_500.jpg,False
2025-10,M,002007,겨울 싱글 코트,002,아우터,9,2156295,kiimuir,키뮤어,[Drape Wool] 캐시미어블렌드 세미오버핏 발마칸 코트_블랙,https://image.msscdn.net/images/goods_img/20210930/2156295/2156295_17899664304676_500.jpg,False
2025-10,M,002007,겨울 싱글 코트,002,아우터,10,655610,drawfit,드로우핏,프리미어 퓨어 캐시미어 히든 싱글 코트 [BLACK],https://image.msscdn.net/images/goods_img/20171019/655610/655610_17621505186202_500.jpg,False
2025-10,M,002007,겨울 싱글 코트,002,아우터,11,4209289,musinsastandard,무신사 스탠다드,캐시미어 블렌드 오버사이즈 미니멀 발마칸 코트 [블랙],https://image.msscdn.net/images/goods_img/20240620/4209289/4209289_17297471108137_500.jpg,False
2025-10,M,002007,겨울 싱글 코트,002,아우터,12,2782764,beslow,비슬로우,OVERSIZED CASHMERE BALMACAAN COAT BLACK,https://image.msscdn.net/images/goods_img/20220908/2782764/2782764_17272251996978_500.jpg,False
2025-10,M,002007,겨울 싱글 코트,002,아우터,13,4499477,kiimuir,키뮤어,[Drape Wool] 캐시미어블렌드 소프트오버핏 발마칸 로브코트_블랙,https://image.msscdn.net/images/goods_img/20241008/4499477/4499477_17900657231479_500.jpg,False
2025-10,M,002007,겨울 싱글 코트,002,아우터,14,4438290,mindbridge,마인드브릿지,두굿_[COUTURE]울 혼방 하프 발마칸 코트 - 2color,https://image.msscdn.net/images/goods_img/20240912/4438290/4438290_17679313562859_500.jpg,False
2025-10,M,002007,겨울 싱글 코트,002,아우터,15,3405547,musinsastandard,무신사 스탠다드,울 블렌드 오버사이즈 쇼트 발마칸 코트 [블랙],https://image.msscdn.net/images/goods_img/20230712/3405547/3405547_16964760456668_500.jpg,False
2025-10,M,002007,겨울 싱글 코트,002,아우터,16,3405535,musinsastandard,무신사 스탠다드,울 블렌드 빅 대디 싱글 맥시 코트 [블랙],https://image.msscdn.net/images/goods_img/20230712/3405535/3405535_16982098607707_500.jpg,False
2025-10,M,002007,겨울 싱글 코트,002,아우터,17,4523048,nonblank,넌블랭크,[넌블랭크 X 삭형] 싱글 코트_BLACK,https://image.msscdn.net/images/goods_img/20241016/4523048/4523048_17610941223563_500.png,False
2025-10,M,002007,겨울 싱글 코트,002,아우터,18,4500646,alyss,알리스,[WOOL 90] 리파인드 울 발마칸 코트 [블랙],https://image.msscdn.net/images/goods_img/20241010/4500646/4500646_17621546127845_500.jpg,False
2025-10,M,002007,겨울 싱글 코트,002,아우터,19,2939628,choiyoung,최영,오버사이즈 체스터 필드 코트 블랙,https://image.msscdn.net/images/goods_img/20221112/2939628/2939628_2_500.jpg,False
2025-10,M,002007,겨울 싱글 코트,002,아우터,20,1618313,musinsastandard,무신사 스탠다드,캐시미어 블렌드 대디 숄더 싱글 롱 코트 [블랙],https://image.msscdn.net/images/goods_img/20200923/1618313/1618313_17569514851734_500.jpg,False
2025-10,M,002007,겨울 싱글 코트,002,아우터,21,3563303,beslow,비슬로우,OVERSIZED CASHMERE BALMACAAN COAT NAVY,https://image.msscdn.net/images/goods_img/20230915/3563303/3563303_17272254920490_500.jpg,False
2025-10,M,002007,겨울 싱글 코트,002,아우터,22,4209299,musinsastandard,무신사 스탠다드,데일리 발마칸 코트 [블랙],https://image.msscdn.net/images/goods_img/20240620/4209299/4209299_17260174440762_500.jpg,False
2025-10,M,002007,겨울 싱글 코트,002,아우터,23,5408632,urbandtype,어반디타입,보스턴 울 발마칸 하프 코트_베이지 브라운,https://image.msscdn.net/images/goods_img/20250905/5408632/5408632_17603214260508_500.jpg,False
2025-10,M,002007,겨울 싱글 코트,002,아우터,24,4620431,lemainsecond,리메인세컨드,울 블렌드 오버핏 베스트 코트 컬렉션_3STYLE,https://image.msscdn.net/images/goods_img/20241118/4620431/4620431_17356225195812_500.jpg,False
2025-10,M,002007,겨울 싱글 코트,002,아우터,25,4499476,kiimuir,키뮤어,[Drape Wool] 캐시미어블렌드 소프트오버핏 발마칸 로브코트_그레이,https://image.msscdn.net/images/goods_img/20241008/4499476/4499476_17602639191471_500.jpg,False
2025-10,M,002007,겨울 싱글 코트,002,아우터,26,4209274,musinsastandard,무신사 스탠다드,울 블렌드 오버사이즈 하프 발마칸 코트 [블랙],https://image.msscdn.net/images/goods_img/20240620/4209274/4209274_17325139997884_500.jpg,False
2025-10,M,002007,겨울 싱글 코트,002,아우터,27,3585125,kiimuir,키뮤어,[Drape Wool] 캐시미어블렌드 세미오버핏 발마칸 코트_웜그레이,https://image.msscdn.net/images/goods_img/20230921/3585125/3585125_17602646269882_500.jpg,False
2025-10,M,002007,겨울 싱글 코트,002,아우터,28,4209292,musinsastandard,무신사 스탠다드,캐시미어 블렌드 오버사이즈 미니멀 발마칸 코트 [토프],https://image.msscdn.net/images/goods_img/20240620/4209292/4209292_17364968941519_500.jpg,False
2025-10,M,002007,겨울 싱글 코트,002,아우터,29,5478155,dimitriblack,디미트리블랙,에센셜 캐시미어 발마칸 코트_차콜,https://image.msscdn.net/images/goods_img/20250917/5478155/5478155_17600801370189_500.jpg,False
2025-10,M,002007,겨울 싱글 코트,002,아우터,30,4452218,coor,쿠어,벨란디 캐시미어 블렌드 하프 코트 (블랙),https://image.msscdn.net/images/goods_img/20240923/4452218/4452218_17271834854716_500.jpg,False
2025-10,M,002024,겨울 더블 코트,002,아우터,1,885715,drawfit,드로우핏,프리미어 퓨어 캐시미어 로브 더블 코트 [BLACK],https://image.msscdn.net/images/goods_img/20181019/885715/885715_17588736968691_500.jpg,False
2025-10,M,002024,겨울 더블 코트,002,아우터,2,1618207,musinsastandard,무신사 스탠다드,캐시미어 블렌드 대디 숄더 더블 롱 코트 [블랙],https://image.msscdn.net/images/goods_img/20200923/1618207/1618207_17659591931858_500.jpg,False
2025-10,M,002024,겨울 더블 코트,002,아우터,3,4475734,lmood,엘무드,발렌티누스 더블 코트 그레이 스트라이프,https://image.msscdn.net/images/goods_img/20240930/4475734/4475734_17604269233502_500.png,False
2025-10,M,002024,겨울 더블 코트,002,아우터,4,4500661,alyss,알리스,[WOOL 90] 오블리크 울 더블 코트 [블랙],https://image.msscdn.net/images/goods_img/20241010/4500661/4500661_17301633718778_500.jpg,False
2025-10,M,002024,겨울 더블 코트,002,아우터,5,1635199,musinsastandard,무신사 스탠다드,캐시미어 20 오버사이즈 더블 코트 [블랙],https://image.msscdn.net/images/goods_img/20201006/1635199/1635199_17137722539173_500.jpg,False
2025-10,M,002024,겨울 더블 코트,002,아우터,6,1115974,insilence,인사일런스,캐시미어 더블 롱 코트 BLACK,https://image.msscdn.net/images/goods_img/20190812/1115974/1115974_17586915131267_500.jpg,False
2025-10,M,002024,겨울 더블 코트,002,아우터,7,4461075,costumeoclock,커스텀어클락,울 블렌드 핸드 메이드 더블 코트 블랙 COOSCT025BLACK,https://image.msscdn.net/images/goods_img/20240925/4461075/4461075_17871987097403_500.jpg,False
2025-10,M,002024,겨울 더블 코트,002,아우터,8,4523065,nonblank,넌블랭크,[넌블랭크 x 삭형] 더블 브레스티드 코트_BLACK,https://image.msscdn.net/images/goods_img/20241016/4523065/4523065_17606819589347_500.png,False
2025-10,M,002024,겨울 더블 코트,002,아우터,9,4512999,lmood,엘무드,그레이웨일 더블 코트 FELTRO 블랙,https://image.msscdn.net/images/goods_img/20241014/4512999/4512999_17645601264932_500.png,False
2025-10,M,002024,겨울 더블 코트,002,아우터,10,2217531,avan,어반드레스,125CM 슈퍼 롱 오버핏 더블 코트,https://image.msscdn.net/images/goods_img/20211104/2217531/2217531_16722043899054_500.jpg,False
2025-10,M,002024,겨울 더블 코트,002,아우터,11,668822,coor,쿠어,MTR 오버핏 더블 롱 코트 (블랙),https://image.msscdn.net/images/goods_img/20171110/668822/668822_17271832549450_500.jpg,False
2025-10,M,002024,겨울 더블 코트,002,아우터,12,2085823,drawfit,드로우핏,프리미어 퓨어 캐시미어 로브 더블 코트 [CHESTNUT BROWN],https://image.msscdn.net/images/goods_img/20210825/2085823/2085823_17588739997509_500.jpg,False
2025-10,M,002024,겨울 더블 코트,002,아우터,13,5493519,belier,벨리에,버티컬 더블 코트 - 솔리드 블랙,https://image.msscdn.net/images/goods_img/20250919/5493519/5493519_17592096119654_500.jpg,False
2025-10,M,002024,겨울 더블 코트,002,아우터,14,3405537,musinsastandard,무신사 스탠다드,울 블렌드 빅 대디 더블 맥시 코트 [블랙],https://image.msscdn.net/images/goods_img/20230712/3405537/3405537_17364970341314_500.jpg,False
2025-10,M,002024,겨울 더블 코트,002,아우터,15,4412855,ilcorso,일꼬르소,[캐시미어 블렌드] 대디 피크드 더블 코트 블랙 IECO4F002BK,https://image.msscdn.net/images/goods_img/20240905/4412855/4412855_17659511474920_500.jpg,False
2025-10,M,002024,겨울 더블 코트,002,아우터,16,4209277,musinsastandard,무신사 스탠다드,울 블렌드 대디 숄더 롱 폴로 코트 [블랙],https://image.msscdn.net/images/goods_img/20240620/4209277/4209277_17297469060524_500.jpg,False
2025-10,M,002024,겨울 더블 코트,002,아우터,17,3578874,insilence,인사일런스,마펠 캐시미어 피크드 더블 코트 BLACK,https://image.msscdn.net/images/goods_img/20230920/3578874/3578874_17586917097074_500.jpg,False
2025-10,M,002024,겨울 더블 코트,002,아우터,18,4512998,lmood,엘무드,그레이웨일 더블 코트 카키,https://image.msscdn.net/images/goods_img/20241014/4512998/4512998_17645601804819_500.png,False
2025-10,M,002024,겨울 더블 코트,002,아우터,19,4523069,nonblank,넌블랭크,[넌블랭크 x 삭형] 더블 브레스티드 코트_MELANGE GREY,https://image.msscdn.net/images/goods_img/20241016/4523069/4523069_17606819081208_500.png,False
2025-10,M,002024,겨울 더블 코트,002,아우터,20,879625,musinsastandard,무신사 스탠다드,캐시미어 블렌드 오버사이즈 더블 코트 [블랙],https://image.msscdn.net/images/goods_img/20181012/879625/879625_16941406333404_500.jpg,False
2025-10,M,002024,겨울 더블 코트,002,아우터,21,3563284,beslow,비슬로우,OVERSIZED CASHMERE DOUBLE BREASTED COAT BLACK,https://image.msscdn.net/images/goods_img/20230915/3563284/3563284_17282608161391_500.jpg,False
2025-10,M,002024,겨울 더블 코트,002,아우터,22,4134309,musinsastandard,무신사 스탠다드,캐시미어 블렌드 대디 숄더 더블 롱 코트 [바로크 브라운],https://image.msscdn.net/images/goods_img/20240516/4134309/4134309_17364974716415_500.jpg,False
2025-10,M,002024,겨울 더블 코트,002,아우터,23,2825478,drawfit,드로우핏,프리미어 퓨어 울 로브 더블 코트 [MELANGE TAUPE],https://image.msscdn.net/images/goods_img/20220928/2825478/2825478_17588740794903_500.jpg,False
2025-10,M,002024,겨울 더블 코트,002,아우터,24,3578872,insilence,인사일런스,마펠 캐시미어 피크드 더블 코트 MELANGE GREY,https://image.msscdn.net/images/goods_img/20230920/3578872/3578872_17586917703635_500.jpg,False
2025-10,M,002024,겨울 더블 코트,002,아우터,25,3614260,drawfit,드로우핏,핸드메이드 캐시미어 더블 로브 코트 [BLACK],https://image.msscdn.net/images/goods_img/20231010/3614260/3614260_17588551320268_500.jpg,False
2025-10,M,002024,겨울 더블 코트,002,아우터,26,2991563,ami,아미,더블 페이스 코트 - 블랙 / UCO002251001,https://image.msscdn.net/images/goods_img/20221221/2991563/2991563_16741008287270_500.jpg,False
2025-10,M,002024,겨울 더블 코트,002,아우터,27,2518442,musinsastandard,무신사 스탠다드,캐시미어 블렌드 오버사이즈 더블 코트 [차콜 그레이],https://image.msscdn.net/images/goods_img/20220427/2518442/2518442_1_500.jpg,False
2025-10,M,002024,겨울 더블 코트,002,아우터,28,2113503,musinsastandard,무신사 스탠다드,캐시미어 20 오버사이즈 더블 코트 [모카],https://image.msscdn.net/images/goods_img/20210907/2113503/2113503_17137722940513_500.jpg,False
2025-10,M,002024,겨울 더블 코트,002,아우터,29,2518450,musinsastandard,무신사 스탠다드,캐시미어 블렌드 대디 숄더 더블 롱 코트 [미디엄 그레이],https://image.msscdn.net/images/goods_img/20220427/2518450/2518450_2_500.jpg,False
2025-10,M,002024,겨울 더블 코트,002,아우터,30,3614220,drawfit,드로우핏,프리미어 울 맥시 더블 체스터 코트 [BLACK],https://image.msscdn.net/images/goods_img/20231010/3614220/3614220_17588650023777_500.jpg,False
2025-10,M,002009,겨울 기타 코트,002,아우터,1,5588777,nonblank,넌블랭크,[넌블랭크 x 삭형] 발마칸 코트_MELANGE TAUPE,https://image.msscdn.net/images/goods_img/20251014/5588777/5588777_17606799374810_500.png,False
2025-10,M,002009,겨울 기타 코트,002,아우터,2,2863075,trillion,트릴리온,유니섹스 발마칸 더플 숏 코트 (BLACK),https://image.msscdn.net/images/goods_img/20221014/2863075/2863075_1_500.jpg,False
2025-10,M,002009,겨울 기타 코트,002,아우터,3,3405552,musinsastandard,무신사 스탠다드,울 블렌드 오버사이즈 더플 코트 [네이비],https://image.msscdn.net/images/goods_img/20230712/3405552/3405552_17364971561413_500.jpg,False
2025-10,M,002009,겨울 기타 코트,002,아우터,4,5515748,coor,쿠어,캐시미어 블렌드 발마칸 코트 (다크소일그레이),https://image.msscdn.net/images/goods_img/20250923/5515748/5515748_17586129600858_500.png,False
2025-10,M,002009,겨울 기타 코트,002,아우터,5,2238440,partimento,파르티멘토,오버사이즈 멜톤 더플 롱 코트 네이비,https://image.msscdn.net/images/goods_img/20211117/2238440/2238440_1_500.jpg,False
2025-10,M,002009,겨울 기타 코트,002,아우터,6,4407566,lemainsecond,리메인세컨드,울 블렌드 오버핏 발마칸 코트 [블랙],https://image.msscdn.net/images/goods_img/20240905/4407566/4407566_17609349341809_500.jpg,False
2025-10,M,002009,겨울 기타 코트,002,아우터,7,2594255,decoroso,데꼬로소,마엘 로브 롱 코트 [블랙],https://image.msscdn.net/images/goods_img/20220531/2594255/2594255_17593717886496_500.jpg,False
2025-10,M,002009,겨울 기타 코트,002,아우터,8,5515325,coor,쿠어,리버서블 페이크 시어링 코트 (다크브라운),https://image.msscdn.net/images/goods_img/20250923/5515325/5515325_17586108140675_500.png,False
2025-10,M,002009,겨울 기타 코트,002,아우터,9,4500676,alyss,알리스,[WOOL 90] 디테쳐블 울 발마칸 후드 코트 [블랙],https://image.msscdn.net/images/goods_img/20241010/4500676/4500676_17301633557031_500.jpg,False
2025-10,M,002009,겨울 기타 코트,002,아우터,10,5590446,anotheroffice,어나더 오피스,Voyager Handmade Half Balmacaan Coat (Black),https://image.msscdn.net/images/goods_img/20251014/5590446/5590446_17605863988467_500.jpg,False
2025-10,M,002009,겨울 기타 코트,002,아우터,11,2866837,goodlifeworks,굿라이프웍스,오버핏 더플 코트 네이비,https://image.msscdn.net/images/goods_img/20221017/2866837/2866837_2_500.jpg,False
2025-10,M,002009,겨울 기타 코트,002,아우터,12,2863073,trillion,트릴리온,유니섹스 발마칸 더플 숏 코트 (BROWN),https://image.msscdn.net/images/goods_img/20221014/2863073/2863073_1_500.jpg,False
2025-10,M,002009,겨울 기타 코트,002,아우터,13,5598132,pottery,포터리,Melton Wool Half Coat - 3 Color,https://image.msscdn.net/images/goods_img/20251015/5598132/5598132_17694887628220_500.jpg,False
2025-10,M,002009,겨울 기타 코트,002,아우터,14,4541334,untapped,언탭트 스튜디오,오버사이즈 헤비 더플 롱 코트 네이비,https://image.msscdn.net/images/goods_img/20241021/4541334/4541334_17588668445631_500.jpg,False
2025-10,M,002009,겨울 기타 코트,002,아우터,15,5515743,coor,쿠어,알파카 롱 싱글 쓰리 버튼 코트 (멜란지그레이),https://image.msscdn.net/images/goods_img/20250923/5515743/5515743_17586129394805_500.png,False
2025-10,M,002009,겨울 기타 코트,002,아우터,16,4313833,westgrandblvd,웨스트 그랜드 블러바드,하버 발마칸 펠티드 울 숏 코트 GREY,https://image.msscdn.net/images/goods_img/20240809/4313833/4313833_17256046368605_500.jpg,False
2025-10,M,002009,겨울 기타 코트,002,아우터,17,4313832,westgrandblvd,웨스트 그랜드 블러바드,하버 발마칸 펠티드 울 숏 코트 BLACK,https://image.msscdn.net/images/goods_img/20240809/4313832/4313832_17256045739902_500.jpg,False
2025-10,M,002009,겨울 기타 코트,002,아우터,18,5348289,belier,벨리에,맥시 멜톤 울 발마칸 코트 - 블랙,https://image.msscdn.net/images/goods_img/20250821/5348289/5348289_17585172041577_500.jpg,False
2025-10,M,002009,겨울 기타 코트,002,아우터,19,4452118,beslow,비슬로우,OVERSIZED DUFFLE COAT BLACK,https://image.msscdn.net/images/goods_img/20240923/4452118/4452118_17270679175195_500.jpg,False
2025-10,M,002009,겨울 기타 코트,002,아우터,20,5205707,musinsastandard,무신사 스탠다드,캐시미어 블렌드 오버사이즈 더블 로브 코트 [블랙],https://image.msscdn.net/images/goods_img/20250625/5205707/5205707_17610116051142_500.jpg,False
2025-10,M,002009,겨울 기타 코트,002,아우터,21,4451828,beslow,비슬로우,OVERSIZED PEA COAT BLACK,https://image.msscdn.net/images/goods_img/20240923/4451828/4451828_17270640240026_500.jpg,False
2025-10,M,002009,겨울 기타 코트,002,아우터,22,420779,lofi,로파이,오버핏 스테디 더플 코트 (네이비),https://image.msscdn.net/images/goods_img/20160929/420779/420779_17292266904127_500.jpg,False
2025-10,M,002009,겨울 기타 코트,002,아우터,23,3405551,musinsastandard,무신사 스탠다드,울 블렌드 오버사이즈 더플 코트 [블랙],https://image.msscdn.net/images/goods_img/20230712/3405551/3405551_16957097530371_500.jpg,False
2025-10,M,002009,겨울 기타 코트,002,아우터,24,5480764,horlisun,홀리선,Baron Wool Half Coat Dark Navy,https://image.msscdn.net/images/goods_img/20250917/5480764/5480764_17891838746682_500.jpg,False
2025-10,M,002009,겨울 기타 코트,002,아우터,25,3585098,kiimuir,키뮤어,[WOOL 80] 울 세미오버핏 더플 코트_네이비,https://image.msscdn.net/images/goods_img/20230921/3585098/3585098_17611010184143_500.jpg,False
2025-10,M,002009,겨울 기타 코트,002,아우터,26,2594256,decoroso,데꼬로소,마엘 로브 롱 코트 [그레이],https://image.msscdn.net/images/goods_img/20220531/2594256/2594256_17593717642896_500.jpg,False
2025-10,M,002009,겨울 기타 코트,002,아우터,27,5515740,coor,쿠어,알파카 롱 싱글 쓰리 버튼 코트 (멜란지베이지),https://image.msscdn.net/images/goods_img/20250923/5515740/5515740_17586129220695_500.png,False
2025-10,M,002009,겨울 기타 코트,002,아우터,28,3585021,kiimuir,키뮤어,울(WOOL) 후드 더플 하프 코트_네이비,https://image.msscdn.net/images/goods_img/20230921/3585021/3585021_17345081650279_500.jpg,False
2025-10,M,002009,겨울 기타 코트,002,아우터,29,1676170,malen,말렌,유니섹스 더플코트 네이비,https://image.msscdn.net/images/goods_img/20201103/1676170/1676170_1_500.jpg,False
2025-10,M,002009,겨울 기타 코트,002,아우터,30,4419205,bottegaveneta,보테가베네타,쉐브론 더플 코트 - 네이비 / 792954V4BQ04003,https://image.msscdn.net/images/goods_img/20240909/4419205/4419205_17278378082796_500.jpg,False
2025-10,M,002020,카디건,002,아우터,1,3440440,costumeoclock,커스텀어클락,[2PACK] 소프트 베이직 가디건 COOSCD001CD020CD021,https://image.msscdn.net/images/goods_img/20230801/3440440/3440440_17585191785388_500.jpg,False
2025-10,M,002020,카디건,002,아우터,2,3650861,matinkim,마뗑킴,SPELL POINT STRIPE KNIT CARDIGAN IN BLACK,https://image.msscdn.net/images/goods_img/20231023/3650861/3650861_17582530640437_500.jpg,False
2025-10,M,002020,카디건,002,아우터,3,3881570,millo,밀로 아카이브,크롭 무브 가디건 [레드],https://image.msscdn.net/images/goods_img/20240219/3881570/3881570_17084242695126_500.jpg,False
2025-10,M,002020,카디건,002,아우터,4,3981315,millo,밀로 아카이브,크롭 무브 가디건 [블랙],https://image.msscdn.net/images/goods_img/20240322/3981315/3981315_17110720298305_500.jpg,False
2025-10,M,002020,카디건,002,아우터,5,5393988,excontainer,엑스컨테이너,미니멀 버튼 라운드넥 가디건 (7 COLOR),https://image.msscdn.net/images/goods_img/20250903/5393988/5393988_17587631597381_500.jpg,False
2025-10,M,002020,카디건,002,아우터,6,4752550,untapped,언탭트 스튜디오,오버핏 케이블 라운드 니트 가디건 4Color,https://image.msscdn.net/images/goods_img/20250203/4752550/4752550_17385831445336_500.jpg,False
2025-10,M,002020,카디건,002,아우터,7,4947266,nodu,노드유,노즈 골지 라운드 소프트 가디건 [2color],https://image.msscdn.net/images/goods_img/20250326/4947266/4947266_17634487222224_500.jpg,False
2025-10,M,002020,카디건,002,아우터,8,4419822,millo,밀로 아카이브,크롭 무브 가디건 [차콜],https://image.msscdn.net/images/goods_img/20240909/4419822/4419822_17259530199997_500.jpg,False
2025-10,M,002020,카디건,002,아우터,9,5437995,nmx,언더오프,세미 오버 크롭핏 라운드 가디건 다크그레이,https://image.msscdn.net/images/goods_img/20250910/5437995/5437995_17574914279504_500.jpg,False
2025-10,M,002020,카디건,002,아우터,10,4419823,millo,밀로 아카이브,크롭 무브 가디건 [네이비],https://image.msscdn.net/images/goods_img/20240909/4419823/4419823_17259531168323_500.jpg,False
2025-10,M,002020,카디건,002,아우터,11,1608372,espionage,에스피오나지,Miller Heavyweight Cardigan Dust,https://image.msscdn.net/images/goods_img/20200917/1608372/1608372_17875619588098_500.jpg,False
2025-10,M,002020,카디건,002,아우터,12,2172006,espionage,에스피오나지,Miller Heavyweight Cardigan Navy,https://image.msscdn.net/images/goods_img/20211012/2172006/2172006_17875615016761_500.jpg,False
2025-10,M,002020,카디건,002,아우터,13,5290721,drawfit,드로우핏,울 헤어리 노르딕 라운드 가디건 [M.CHARCOAL],https://image.msscdn.net/images/goods_img/20250804/5290721/5290721_17567148277479_500.jpg,False
2025-10,M,002020,카디건,002,아우터,14,5307563,knitted,니티드,[니티드X패션플래닛] 코튼 와플 라운드 가디건 BLACK,https://image.msscdn.net/images/goods_img/20250811/5307563/5307563_17593849290316_500.jpg,False
2025-10,M,002020,카디건,002,아우터,15,4959964,veryvain,베리베인,BREATHABLE ROUND CARDIGAN (BLACK),https://image.msscdn.net/images/goods_img/20250328/4959964/4959964_17431474849237_500.jpg,False
2025-10,M,002020,카디건,002,아우터,16,5308630,knitted,니티드,[니티드X패션플래닛] 코튼 와플 라운드 가디건 NAVY,https://image.msscdn.net/images/goods_img/20250811/5308630/5308630_17593848997132_500.jpg,False
2025-10,M,002020,카디건,002,아우터,17,5424776,millo,밀로 아카이브,크롭 무브 가디건 [인디고 블루],https://image.msscdn.net/images/goods_img/20250909/5424776/5424776_17573868171938_500.jpg,False
2025-10,M,002020,카디건,002,아우터,18,5301310,seez,시즈,[데일리룸 X 시즈] 아카이브 코튼 크롭 니트 가디건 [ 8 COLOR ],https://image.msscdn.net/images/goods_img/20250807/5301310/5301310_17560981792024_500.jpg,False
2025-10,M,002020,카디건,002,아우터,19,5328219,hyojinoriko,효지,25 FW 워셔블 에센셜 라운드 크롭 니트 가디건 (7컬러),https://image.msscdn.net/images/goods_img/20250817/5328219/5328219_17882420171560_500.jpg,False
2025-10,M,002020,카디건,002,아우터,20,4785350,ami,아미,레드 하트로고 메리노 울 가디건 - 블랙 / BFHKC111KN0025001,https://image.msscdn.net/images/goods_img/20250213/4785350/4785350_17400130474256_500.jpg,False
2025-10,M,002020,카디건,002,아우터,21,5324252,alyss,알리스,헤어리 스트라이프 크롭 니트 가디건 [브라운],https://image.msscdn.net/images/goods_img/20250814/5324252/5324252_17556578977022_500.jpg,False
2025-10,M,002020,카디건,002,아우터,22,4336623,excontainer,엑스컨테이너,미니멀 버튼 라운드넥 가디건 (CHARCOAL),https://image.msscdn.net/images/goods_img/20240816/4336623/4336623_17702721756132_500.jpg,False
2025-10,M,002020,카디건,002,아우터,23,3650860,matinkim,마뗑킴,SPELL POINT STRIPE KNIT CARDIGAN IN IVORY,https://image.msscdn.net/images/goods_img/20231023/3650860/3650860_17582531018308_500.jpg,False
2025-10,M,002020,카디건,002,아우터,24,4315500,leire,르아르,에브리데이 라운드 니트 가디건 [그레이],https://image.msscdn.net/images/goods_img/20240809/4315500/4315500_17399364912037_500.jpg,False
2025-10,M,002020,카디건,002,아우터,25,2288704,espionage,에스피오나지,Miller Heavyweight Cardigan Burnt Orange,https://image.msscdn.net/images/goods_img/20220103/2288704/2288704_17875617307364_500.jpg,False
2025-10,M,002020,카디건,002,아우터,26,4702387,drawfit,드로우핏,어베인 울 크롭 니트 가디건 [MELANGE GREY],https://image.msscdn.net/images/goods_img/20250107/4702387/4702387_17568575608324_500.jpg,False
2025-10,M,002020,카디건,002,아우터,27,2815323,musinsastandard,무신사 스탠다드,릴렉스드 리브드 라운드 넥 가디건 [블랙],https://image.msscdn.net/images/goods_img/20220923/2815323/2815323_17794093883481_500.jpg,False
2025-10,M,002020,카디건,002,아우터,28,918039,compagno,꼼파뇨,헤비오버핏 램스울 가디건 챠콜,https://image.msscdn.net/images/goods_img/20181205/918039/918039_1_500.jpg,False
2025-10,M,002020,카디건,002,아우터,29,2100438,musinsastandard,무신사 스탠다드,미니멀 가디건 [블랙],https://image.msscdn.net/images/goods_img/20210831/2100438/2100438_17513583754983_500.jpg,False
2025-10,M,002020,카디건,002,아우터,30,4315498,leire,르아르,에브리데이 라운드 니트 가디건 [블랙],https://image.msscdn.net/images/goods_img/20240809/4315498/4315498_17399364629633_500.jpg,False
2025-10,M,002022,후드 집업,002,아우터,1,3783092,dimitriblack,디미트리블랙,[기모선택] ASI 포시즌 에센셜 피그먼트 후드집업_차콜 그레이,https://image.msscdn.net/images/goods_img/20240109/3783092/3783092_17708794030062_500.jpg,False
2025-10,M,002022,후드 집업,002,아우터,2,1778404,toffee,토피,2WAY 스웻 후드 집업 (MELANGE GREY),https://image.msscdn.net/images/goods_img/20210204/1778404/1778404_1_500.jpg,False
2025-10,M,002022,후드 집업,002,아우터,3,5329359,adidas,아디다스,후드 집업 - 블랙:크림화이트 / KC9315,https://image.msscdn.net/images/goods_img/20250818/5329359/5329359_17569461399483_500.jpg,False
2025-10,M,002022,후드 집업,002,아우터,4,5329361,adidas,아디다스,후드 집업 - 그레이:블랙 / KC9317,https://image.msscdn.net/images/goods_img/20250818/5329361/5329361_17569461783112_500.jpg,False
2025-10,M,002022,후드 집업,002,아우터,5,3783094,dimitriblack,디미트리블랙,[기모선택] ASI 포시즌 에센셜 스웻 후드집업_멜란지,https://image.msscdn.net/images/goods_img/20240109/3783094/3783094_17752015012983_500.jpg,False
2025-10,M,002022,후드 집업,002,아우터,6,3651031,illigo,일리고,129 로고 패치 후드 집업 블랙,https://image.msscdn.net/images/goods_img/20231023/3651031/3651031_17706941887137_500.jpg,False
2025-10,M,002022,후드 집업,002,아우터,7,3697526,compagno,꼼파뇨,[2-WAY] 슬리브 스타 피그먼트 후드 집업 스모크블랙,https://image.msscdn.net/images/goods_img/20231108/3697526/3697526_17002041370481_500.jpg,False
2025-10,M,002022,후드 집업,002,아우터,8,1778408,toffee,토피,2WAY 스웻 후드 집업 (BLACK),https://image.msscdn.net/images/goods_img/20210204/1778408/1778408_17168650383792_500.jpg,False
2025-10,M,002022,후드 집업,002,아우터,9,5231584,anotherarchive,어나더 아카이브,2WAY 그래피티 후드 집업_블랙,https://image.msscdn.net/images/goods_img/20250708/5231584/5231584_17558399946788_500.jpg,False
2025-10,M,002022,후드 집업,002,아우터,10,2122596,fp142muji,페플,유스풀 벌룬 후드집업 그레이 SJHD1327,https://image.msscdn.net/images/goods_img/20210910/2122596/2122596_17182428329624_500.jpg,False
2025-10,M,002022,후드 집업,002,아우터,11,5513850,yeezy,이지,HD-10,https://image.msscdn.net/images/goods_img/20250923/5513850/5513850_17586061995065_500.jpg,False
2025-10,M,002022,후드 집업,002,아우터,12,2122594,fp142muji,페플,유스풀 벌룬 후드집업 네이비 SJHD1327,https://image.msscdn.net/images/goods_img/20210910/2122594/2122594_17165380553188_500.jpg,False
2025-10,M,002022,후드 집업,002,아우터,13,5276036,trillion,트릴리온,빈티지 워싱 데님 워크 후드 집업_옐로우 블랙,https://image.msscdn.net/images/goods_img/20250728/5276036/5276036_17545484459388_500.jpg,False
2025-10,M,002022,후드 집업,002,아우터,14,4272899,lemainsecond,리메인세컨드,2WAY 오버핏 스웨트 후드 집업 [그레이],https://image.msscdn.net/images/goods_img/20240725/4272899/4272899_17593684983163_500.jpg,False
2025-10,M,002022,후드 집업,002,아우터,15,2122590,fp142muji,페플,유스풀 벌룬 후드집업 블랙 SJHD1327,https://image.msscdn.net/images/goods_img/20210910/2122590/2122590_17165381555529_500.jpg,False
2025-10,M,002022,후드 집업,002,아우터,16,4288927,dimitriblack,디미트리블랙,[기모선택] ASI 포시즌 에센셜 스웻 후드집업_블랙,https://image.msscdn.net/images/goods_img/20240801/4288927/4288927_17751949366972_500.jpg,False
2025-10,M,002022,후드 집업,002,아우터,17,4796679,dimitriblack,디미트리블랙,2WAY OG 에센셜 디트로이트 후드 집업_데님 더스트 인디고,https://image.msscdn.net/images/goods_img/20250217/4796679/4796679_17628359047962_500.jpg,False
2025-10,M,002022,후드 집업,002,아우터,18,5329362,adidas,아디다스,후드 집업 - 로얄블루:화이트 / KC9318,https://image.msscdn.net/images/goods_img/20250818/5329362/5329362_17569462382750_500.jpg,False
2025-10,M,002022,후드 집업,002,아우터,19,3801654,alyss,알리스,플레인 피그먼트 스웻 후드 집업 [워시드블랙],https://image.msscdn.net/images/goods_img/20240117/3801654/3801654_17697372812308_500.jpg,False
2025-10,M,002022,후드 집업,002,아우터,20,947088,musinsastandard,무신사 스탠다드,후디드 스웨트 집업 [멜란지 그레이],https://image.msscdn.net/images/goods_img/20190201/947088/947088_17217964884017_500.jpg,False
2025-10,M,002022,후드 집업,002,아우터,21,1642916,musinsastandard,무신사 스탠다드,헤비웨이트 오버사이즈 후디드 스웨트 집업 [미디엄 그레이],https://image.msscdn.net/images/goods_img/20201012/1642916/1642916_17526404082761_500.jpg,False
2025-10,M,002022,후드 집업,002,아우터,22,2831374,poloralphlauren,폴로 랄프 로렌,더블 니트 풀 지퍼 후디 - 네이비,https://image.msscdn.net/images/goods_img/20220930/2831374/2831374_2_500.jpg,False
2025-10,M,002022,후드 집업,002,아우터,23,5316297,sovermentwithlomort,소버먼트,780G 솔리드 크롭 후디 집업-8%멜란지 그레이-,https://image.msscdn.net/images/goods_img/20250812/5316297/5316297_17631077014607_500.jpg,False
2025-10,M,002022,후드 집업,002,아우터,24,2105470,sovermentwithlomort,소버먼트,980G 피그먼트 컷 후디 집업-차콜-,https://image.msscdn.net/images/goods_img/20210902/2105470/2105470_17631074294899_500.jpg,False
2025-10,M,002022,후드 집업,002,아우터,25,5314397,signature,시그니처,투웨이 크롭 후드 집업[그레이],https://image.msscdn.net/images/goods_img/20250812/5314397/5314397_17755495863528_500.jpg,False
2025-10,M,002022,후드 집업,002,아우터,26,5478147,dimitriblack,디미트리블랙,2WAY 디트로이트 패딩 자켓_블랙,https://image.msscdn.net/images/goods_img/20250917/5478147/5478147_17612717782333_500.jpg,False
2025-10,M,002022,후드 집업,002,아우터,27,1642914,musinsastandard,무신사 스탠다드,헤비웨이트 오버사이즈 후디드 스웨트 집업 [블랙],https://image.msscdn.net/images/goods_img/20201012/1642914/1642914_17526403710213_500.jpg,False
2025-10,M,002022,후드 집업,002,아우터,28,5231576,anotherarchive,어나더 아카이브,2WAY 그래피티 후드 집업_그레이,https://image.msscdn.net/images/goods_img/20250708/5231576/5231576_17558400104114_500.jpg,False
2025-10,M,002022,후드 집업,002,아우터,29,5385272,thedreamer,더 드리머,중량담요 후드집업 블랙,https://image.msscdn.net/images/goods_img/20250901/5385272/5385272_17574869270347_500.jpg,False
2025-10,M,002022,후드 집업,002,아우터,30,4726000,trillion,트릴리온,빈티지 워싱 캔버스 워크 후드 집업 [블랙],https://image.msscdn.net/images/goods_img/20250116/4726000/4726000_17376039764106_500.jpg,False
2025-10,M,002016,패딩 베스트,002,아우터,1,5214304,spao,스파오,베이직 패쪼_SPJVF4TC11,https://image.msscdn.net/images/goods_img/20250630/5214304/5214304_17621323718971_500.png,False
2025-10,M,002016,패딩 베스트,002,아우터,2,2682109,musinsastandardsp,무신사 스탠다드 스포츠,[시티러닝]하이브리드 패딩 베스트,https://image.msscdn.net/images/goods_img/20220726/2682109/2682109_17895238742490_500.jpg,False
2025-10,M,002016,패딩 베스트,002,아우터,3,5373158,thenorthface,노스페이스,NV3NR53A 남성 퍼피 온 EX 베스트 BLACK,https://image.msscdn.net/images/goods_img/20250828/5373158/5373158_17715559684144_500.jpg,False
2025-10,M,002016,패딩 베스트,002,아우터,4,4297636,musinsastandard,무신사 스탠다드,데일리 푸퍼 패딩 베스트 [블랙],https://image.msscdn.net/images/goods_img/20240805/4297636/4297636_17649029228262_500.jpg,False
2025-10,M,002016,패딩 베스트,002,아우터,5,3378526,musinsastandard,무신사 스탠다드,시티 레저 다운 패딩 베스트 [블랙],https://image.msscdn.net/images/goods_img/20230622/3378526/3378526_17133382296821_500.jpg,False
2025-10,M,002016,패딩 베스트,002,아우터,6,1645209,saintpain,세인트페인,[리뉴얼 ver.] SP 베이직 패딩 베스트-블랙,https://image.msscdn.net/images/goods_img/20201013/1645209/1645209_2_500.jpg,False
2025-10,M,002016,패딩 베스트,002,아우터,7,5357339,thenorthface,노스페이스,NV3NR50B 눕시 온볼 베스트 REAL BLACK,https://image.msscdn.net/images/goods_img/20250825/5357339/5357339_17560868459904_500.jpg,False
2025-10,M,002016,패딩 베스트,002,아우터,8,5267096,nationalgeographic,내셔널지오그래픽,N254UDV920 헤론 U넥 경량 구스다운 베스트 BLACK,https://image.msscdn.net/images/goods_img/20250723/5267096/5267096_17580901318942_500.jpg,False
2025-10,M,002016,패딩 베스트,002,아우터,9,1635329,musinsastandard,무신사 스탠다드,다운 푸퍼 패딩 베스트 [블랙],https://image.msscdn.net/images/goods_img/20201006/1635329/1635329_17799287530514_500.jpg,False
2025-10,M,002016,패딩 베스트,002,아우터,10,4410189,lemainsecond,리메인세컨드,2WAY 오버핏 볼륨 웰론 푸퍼 패딩 베스트 [블랙],https://image.msscdn.net/images/goods_img/20240905/4410189/4410189_17611098548841_500.jpg,False
2025-10,M,002016,패딩 베스트,002,아우터,11,5549639,thisisneverthat,디스이즈네버댓,PERTEX T Down Vest Black,https://image.msscdn.net/images/goods_img/20250930/5549639/5549639_17592999609150_500.jpg,False
2025-10,M,002016,패딩 베스트,002,아우터,12,3667963,minimalproject,미니멀프로젝트,MNMP 하이넥 패딩 베스트 MVT102 [BLACK],https://image.msscdn.net/images/goods_img/20231030/3667963/3667963_17606004212693_500.jpg,False
2025-10,M,002016,패딩 베스트,002,아우터,13,5622555,helinoxwear,헬리녹스 웨어,이클립스 팩 다운 베스트 Dark Navy,https://image.msscdn.net/images/goods_img/20251021/5622555/5622555_17611093891873_500.jpg,False
2025-10,M,002016,패딩 베스트,002,아우터,14,5215529,musinsastandard,무신사 스탠다드,시티 레저 후디드 라이트 다운 베스트 [블랙],https://image.msscdn.net/images/goods_img/20250701/5215529/5215529_17580887143593_500.jpg,False
2025-10,M,002016,패딩 베스트,002,아우터,15,3378527,musinsastandard,무신사 스탠다드,시티 레저 다운 패딩 베스트 [그레이쉬 베이지],https://image.msscdn.net/images/goods_img/20230622/3378527/3378527_17133382041972_500.jpg,False
2025-10,M,002016,패딩 베스트,002,아우터,16,5441122,workoutdna,워크아웃디엔에이,리그너 오리털 패딩조끼,https://image.msscdn.net/images/goods_img/20250911/5441122/5441122_17871150334170_500.jpg,False
2025-10,M,002016,패딩 베스트,002,아우터,17,4356820,musinsastandard,무신사 스탠다드,시티 레저 하이넥 라이트 다운 베스트 [블랙],https://image.msscdn.net/images/goods_img/20240822/4356820/4356820_17273408455300_500.jpg,False
2025-10,M,002016,패딩 베스트,002,아우터,18,4323433,musinsastandard,무신사 스탠다드,시티 레저 유틸리티 패딩 베스트 [그레이],https://image.msscdn.net/images/goods_img/20240813/4323433/4323433_17273403404746_500.jpg,False
2025-10,M,002016,패딩 베스트,002,아우터,19,4297640,musinsastandard,무신사 스탠다드,데일리 푸퍼 패딩 베스트 [바로크 브라운],https://image.msscdn.net/images/goods_img/20240805/4297640/4297640_17319213005764_500.jpg,False
2025-10,M,002016,패딩 베스트,002,아우터,20,4480501,espionage,에스피오나지,PCU Level 7 Insulated Vest Dark Grey,https://image.msscdn.net/images/goods_img/20241002/4480501/4480501_17604933510557_500.jpg,False
2025-10,M,002016,패딩 베스트,002,아우터,21,1114785,musinsastandard,무신사 스탠다드,트랜스폼 라운드 넥 라이트 다운 베스트 [블랙],https://image.msscdn.net/images/goods_img/20190809/1114785/1114785_17139441650013_500.jpg,False
2025-10,M,002016,패딩 베스트,002,아우터,22,4477232,matinkim,마뗑킴,BIG LOGO POINT DOWN VEST FOR MEN IN SILVER,https://image.msscdn.net/images/goods_img/20240930/4477232/4477232_17276797473059_500.jpg,False
2025-10,M,002016,패딩 베스트,002,아우터,23,5215539,musinsastandard,무신사 스탠다드,시티 레저 시어 립스탑 하이넥 라이트 다운 베스트 [블랙],https://image.msscdn.net/images/goods_img/20250701/5215539/5215539_17574075689830_500.jpg,False
2025-10,M,002016,패딩 베스트,002,아우터,24,5382513,moif,모이프,[AW25] REVERSIBLE PUFF VEST / SKY BLUE/BLACK,https://image.msscdn.net/images/goods_img/20250901/5382513/5382513_17566917063626_500.jpg,False
2025-10,M,002016,패딩 베스트,002,아우터,25,5215565,musinsastandard,무신사 스탠다드,시티 레저 시어 립스탑 더블 포켓 다운 패딩 베스트 [블랙],https://image.msscdn.net/images/goods_img/20250701/5215565/5215565_17582492130118_500.jpg,False
2025-10,M,002016,패딩 베스트,002,아우터,26,5373160,thenorthface,노스페이스,NV1DR92A 남성 클라우드 눕시 다운 베스트 (RDS) BLACK,https://image.msscdn.net/images/goods_img/20250828/5373160/5373160_17827987245226_500.jpg,False
2025-10,M,002016,패딩 베스트,002,아우터,27,4323434,musinsastandard,무신사 스탠다드,시티 레저 유틸리티 패딩 베스트 [카키],https://image.msscdn.net/images/goods_img/20240813/4323434/4323434_17273403617168_500.jpg,False
2025-10,M,002016,패딩 베스트,002,아우터,28,5267094,nationalgeographic,내셔널지오그래픽,N254UDV920 헤론 U넥 경량 구스다운 베스트 CRYSTAL BEIGE,https://image.msscdn.net/images/goods_img/20250723/5267094/5267094_17545515801257_500.jpg,False
2025-10,M,002016,패딩 베스트,002,아우터,29,5469645,umbro,엄브로,플라이트 덕 다운 베스트 블랙(UQ423CDVO9),https://image.msscdn.net/images/goods_img/20250916/5469645/5469645_17669751860460_500.jpg,False
2025-10,M,002016,패딩 베스트,002,아우터,30,5215540,musinsastandard,무신사 스탠다드,시티 레저 시어 립스탑 하이넥 라이트 다운 베스트 [머드 그레이],https://image.msscdn.net/images/goods_img/20250701/5215540/5215540_17573766871328_500.jpg,False
2025-10,M,002003,슈트/블레이저 재킷,002,아우터,1,1558197,musinsastandard,무신사 스탠다드,릴렉스드 베이식 블레이저 [블랙],https://image.msscdn.net/images/goods_img/20200820/1558197/1558197_17791521338764_500.jpg,False
2025-10,M,002003,슈트/블레이저 재킷,002,아우터,2,1108007,musinsastandard,무신사 스탠다드,베이식 블레이저 [블랙],https://image.msscdn.net/images/goods_img/20190802/1108007/1108007_17896970765683_500.jpg,False
2025-10,M,002003,슈트/블레이저 재킷,002,아우터,3,1283757,musinsastandard,무신사 스탠다드,오버사이즈 블레이저 [블랙],https://image.msscdn.net/images/goods_img/20200130/1283757/1283757_17514309817123_500.jpg,False
2025-10,M,002003,슈트/블레이저 재킷,002,아우터,4,4390860,coor,쿠어,페이크 스웨이드 쓰리 버튼 블레이저 (다크브라운),https://image.msscdn.net/images/goods_img/20240831/4390860/4390860_17696617147965_500.jpg,False
2025-10,M,002003,슈트/블레이저 재킷,002,아우터,5,5289775,mindbridge,마인드브릿지,[COUTURE]스웨이드 오버핏 자켓,https://image.msscdn.net/images/goods_img/20250804/5289775/5289775_17635385008200_500.jpg,False
2025-10,M,002003,슈트/블레이저 재킷,002,아우터,6,1558683,musinsastandard,무신사 스탠다드,릴렉스드 베이식 블레이저 [미디엄 그레이],https://image.msscdn.net/images/goods_img/20200821/1558683/1558683_17514474604010_500.jpg,False
2025-10,M,002003,슈트/블레이저 재킷,002,아우터,7,2572705,nonblank,넌블랭크,[SAINT YEAR] 세미 오버 핏 셋업 수트_GREY,https://image.msscdn.net/images/goods_img/20220520/2572705/2572705_17769899182977_500.jpg,False
2025-10,M,002003,슈트/블레이저 재킷,002,아우터,8,5205781,musinsastandard,무신사 스탠다드,신세틱 스웨이드 오버사이즈 3버튼 블레이저 [라이트 브라운],https://image.msscdn.net/images/goods_img/20250625/5205781/5205781_17555933546918_500.jpg,False
2025-10,M,002003,슈트/블레이저 재킷,002,아우터,9,2572700,nonblank,넌블랭크,[SAINT YEAR] 세미 오버 핏 셋업 수트_BLACK,https://image.msscdn.net/images/goods_img/20220520/2572700/2572700_17769897170778_500.jpg,False
2025-10,M,002003,슈트/블레이저 재킷,002,아우터,10,3825573,lemainsecond,리메인세컨드,[SET UP] 베이식 세미 오버핏 셋업 수트,https://image.msscdn.net/images/goods_img/20240126/3825573/3825573_17151317585846_500.jpg,False
2025-10,M,002003,슈트/블레이저 재킷,002,아우터,11,1558671,musinsastandard,무신사 스탠다드,릴렉스드 베이식 블레이저 [차콜 그레이],https://image.msscdn.net/images/goods_img/20200821/1558671/1558671_17514475628467_500.jpg,False
2025-10,M,002003,슈트/블레이저 재킷,002,아우터,12,2375909,musinsastandard,무신사 스탠다드,빅 대디 오버사이즈 블레이저 [블랙],https://image.msscdn.net/images/goods_img/20220222/2375909/2375909_17790837176470_500.jpg,False
2025-10,M,002003,슈트/블레이저 재킷,002,아우터,13,2808735,tradclubvintage,트래드클럽,캔터베리 클래식 레귤러 셋업 수트(3컬러),https://image.msscdn.net/images/goods_img/20220921/2808735/2808735_17116072363778_500.jpg,False
2025-10,M,002003,슈트/블레이저 재킷,002,아우터,14,4619870,musinsastandard,무신사 스탠다드,휩코드 릴렉스드 블레이저 [블랙],https://image.msscdn.net/images/goods_img/20241118/4619870/4619870_17569504887094_500.jpg,False
2025-10,M,002003,슈트/블레이저 재킷,002,아우터,15,1873073,musinsastandard,무신사 스탠다드,오버사이즈 블레이저 [미디엄 그레이],https://image.msscdn.net/images/goods_img/20210331/1873073/1873073_17775139886227_500.jpg,False
2025-10,M,002003,슈트/블레이저 재킷,002,아우터,16,4293554,tngt,티엔지티,Redford Wool Blended Herringbone Jacket (Deep Brown) TNJA5F105W2,https://image.msscdn.net/images/goods_img/20240802/4293554/4293554_17579870502159_500.jpg,False
2025-10,M,002003,슈트/블레이저 재킷,002,아우터,17,3790870,musinsastandard,무신사 스탠다드,시티 레저 CN 루즈 핏 블레이저 [블랙],https://image.msscdn.net/images/goods_img/20240112/3790870/3790870_17101368224107_500.jpg,False
2025-10,M,002003,슈트/블레이저 재킷,002,아우터,18,5258798,musinsastandard,무신사 스탠다드,[노홍철 컬래버] 럭키 가이 블레이저 [블랙],https://image.msscdn.net/images/goods_img/20250721/5258798/5258798_17761386959408_500.jpg,False
2025-10,M,002003,슈트/블레이저 재킷,002,아우터,19,4384039,suare,수아레,프렌치 울 트위드 블레이저,https://image.msscdn.net/images/goods_img/20240829/4384039/4384039_17258778553515_500.jpg,False
2025-10,M,002003,슈트/블레이저 재킷,002,아우터,20,3543033,hyojinoriko,효지,[사계절][세트상품] 커스터마이징 핏 셋업 수트 (차콜),https://image.msscdn.net/images/goods_img/20230908/3543033/3543033_17171237154598_500.jpg,False
2025-10,M,002003,슈트/블레이저 재킷,002,아우터,21,2792419,hyojinoriko,효지,[사계절][세트상품] 커스터마이징 핏 셋업 수트 (블랙),https://image.msscdn.net/images/goods_img/20220914/2792419/2792419_17171237843031_500.jpg,False
2025-10,M,002003,슈트/블레이저 재킷,002,아우터,22,5366938,hyojinoriko,효지,25 FW 커스터마이징 셋업 수트 세트 (F01-차콜),https://image.msscdn.net/images/goods_img/20250826/5366938/5366938_17720727936617_500.jpg,False
2025-10,M,002003,슈트/블레이저 재킷,002,아우터,23,3809740,nonblank,넌블랭크,W11 세미 오버 핏 셋업 수트_CHARCOAL GREY,https://image.msscdn.net/images/goods_img/20240119/3809740/3809740_17770091932615_500.jpg,False
2025-10,M,002003,슈트/블레이저 재킷,002,아우터,24,841230,insilence,인사일런스,오버사이즈 울 블레이저 BLACK,https://image.msscdn.net/images/goods_img/20180829/841230/841230_17875456744812_500.jpg,False
2025-10,M,002003,슈트/블레이저 재킷,002,아우터,25,3826106,lemainsecond,리메인세컨드,베이식 오버핏 싱글 블레이저 자켓 [블랙],https://image.msscdn.net/images/goods_img/20240126/3826106/3826106_17440056280597_500.jpg,False
2025-10,M,002003,슈트/블레이저 재킷,002,아우터,26,4766136,lemard,르마드,테일러 페이크 스웨이드 자켓 - DARK BROWN,https://image.msscdn.net/images/goods_img/20250206/4766136/4766136_17570555730729_500.jpg,False
2025-10,M,002003,슈트/블레이저 재킷,002,아우터,27,2723772,suare,수아레,헤리티지 블레이저 시리즈,https://image.msscdn.net/images/goods_img/20220818/2723772/2723772_17152500620750_500.jpg,False
2025-10,M,002003,슈트/블레이저 재킷,002,아우터,28,5205797,musinsastandard,무신사 스탠다드,시티 워커스 8W 코듀로이 블레이저 [블랙],https://image.msscdn.net/images/goods_img/20250625/5205797/5205797_17576444490934_500.jpg,False
2025-10,M,002003,슈트/블레이저 재킷,002,아우터,29,5205780,musinsastandard,무신사 스탠다드,신세틱 스웨이드 오버사이즈 3버튼 블레이저 [블랙],https://image.msscdn.net/images/goods_img/20250625/5205780/5205780_17615426976978_500.jpg,False
2025-10,M,002003,슈트/블레이저 재킷,002,아우터,30,1558677,musinsastandard,무신사 스탠다드,릴렉스드 베이식 블레이저 [네이비],https://image.msscdn.net/images/goods_img/20200821/1558677/1558677_17514471253820_500.jpg,False
2025-10,M,002001,블루종/MA-1,002,아우터,1,3390508,standarderror,스탠다드에러,87-STAN009  [리뉴얼] 스탠다드 블루종 스웨이드 자켓 블랙,https://image.msscdn.net/images/goods_img/20230630/3390508/3390508_17551524634252_500.jpg,False
2025-10,M,002001,블루종/MA-1,002,아우터,2,5311114,untapped,언탭트 스튜디오,2WAY 비건 스웨이드 블루종 자켓 3Color,https://image.msscdn.net/images/goods_img/20250811/5311114/5311114_17890239121962_500.jpg,False
2025-10,M,002001,블루종/MA-1,002,아우터,3,3790860,musinsastandard,무신사 스탠다드,릴렉스드 미니멀 재킷 [블랙],https://image.msscdn.net/images/goods_img/20240112/3790860/3790860_17217992992120_500.jpg,False
2025-10,M,002001,블루종/MA-1,002,아우터,4,1291017,jemut,제멋,리치 오버 MA-1 자켓 블랙 YHJK2269,https://image.msscdn.net/images/goods_img/20200205/1291017/1291017_1_500.jpg,False
2025-10,M,002001,블루종/MA-1,002,아우터,5,3585225,kiimuir,키뮤어,코듀로이 헤링턴 RDS 다운점퍼_네이비,https://image.msscdn.net/images/goods_img/20230921/3585225/3585225_17887666504691_500.jpg,False
2025-10,M,002001,블루종/MA-1,002,아우터,6,3790838,musinsastandard,무신사 스탠다드,헤비웨이트 CP 워크 재킷 [블랙],https://image.msscdn.net/images/goods_img/20240112/3790838/3790838_17171293041266_500.jpg,False
2025-10,M,002001,블루종/MA-1,002,아우터,7,5310906,untapped,언탭트 스튜디오,2WAY 코튼 해링턴 자켓 3Color,https://image.msscdn.net/images/goods_img/20250811/5310906/5310906_17890236645811_500.jpg,False
2025-10,M,002001,블루종/MA-1,002,아우터,8,2996683,kiimuir,키뮤어,울(WOOL) 헤링턴 자켓_블랙,https://image.msscdn.net/images/goods_img/20221226/2996683/2996683_17901348850178_500.jpg,False
2025-10,M,002001,블루종/MA-1,002,아우터,9,4499463,kiimuir,키뮤어,코듀로이 헤링턴 RDS 다운점퍼_블랙,https://image.msscdn.net/images/goods_img/20241008/4499463/4499463_17887662877453_500.jpg,False
2025-10,M,002001,블루종/MA-1,002,아우터,10,1760177,drawfit,드로우핏,도브 울 블루종 자켓 [BLACK],https://image.msscdn.net/images/goods_img/20210125/1760177/1760177_17568597040774_500.jpg,False
2025-10,M,002001,블루종/MA-1,002,아우터,11,5588810,nonblank,넌블랭크,[넌블랭크x삭형] 캐시미어 블렌드 블루종_BLACK,https://image.msscdn.net/images/goods_img/20251014/5588810/5588810_17606641263423_500.png,False
2025-10,M,002001,블루종/MA-1,002,아우터,12,5386037,alyss,알리스,[데일리룸X알리스] 페이디드 그레인 코튼 블루종 자켓 [빈티지그레이],https://image.msscdn.net/images/goods_img/20250901/5386037/5386037_17580105143984_500.jpg,False
2025-10,M,002001,블루종/MA-1,002,아우터,13,4502391,kiimuir,키뮤어,울 (WOOL) 숏카라 블루종_블랙,https://image.msscdn.net/images/goods_img/20241010/4502391/4502391_17574647705415_500.jpg,False
2025-10,M,002001,블루종/MA-1,002,아우터,14,1674248,bronson,브론슨,1950s USAF Type MA-1 Flight Jacket KR Ver. Olive,https://image.msscdn.net/images/goods_img/20201102/1674248/1674248_17896939163881_500.jpg,False
2025-10,M,002001,블루종/MA-1,002,아우터,15,3390511,standarderror,스탠다드에러,87-STAN009 [리뉴얼] 스탠다드 블루종 스웨이드 자켓 카키,https://image.msscdn.net/images/goods_img/20230630/3390511/3390511_17551525806450_500.jpg,False
2025-10,M,002001,블루종/MA-1,002,아우터,16,5318976,kiimuir,키뮤어,스웨이드 바이커 자켓_브라운,https://image.msscdn.net/images/goods_img/20250813/5318976/5318976_17870118559641_500.jpg,False
2025-10,M,002001,블루종/MA-1,002,아우터,17,3783380,maninstore,무드인사이드,프리미엄 스웨이드 자켓_4Color,https://image.msscdn.net/images/goods_img/20240109/3783380/3783380_17888674046976_500.jpg,False
2025-10,M,002001,블루종/MA-1,002,아우터,18,5588818,nonblank,넌블랭크,[넌블랭크x삭형] 캐시미어 블렌드 블루종_CAMEL BROWN,https://image.msscdn.net/images/goods_img/20251014/5588818/5588818_17606644354595_500.png,False
2025-10,M,002001,블루종/MA-1,002,아우터,19,4667383,branded,브랜디드,SHIRRING HOOD BOMBER JACKET [VINTAGE BLACK],https://image.msscdn.net/images/goods_img/20241216/4667383/4667383_17900560164439_500.jpg,False
2025-10,M,002001,블루종/MA-1,002,아우터,20,5441759,outstanding,아웃스탠딩,MA-1 FLIGHT JACKET(WOOL INSULATION)_SAGE GREEN,https://image.msscdn.net/images/goods_img/20250911/5441759/5441759_17892993373631_500.jpg,False
2025-10,M,002001,블루종/MA-1,002,아우터,21,411209,alphaindustries,알파 인더스트리,MA-1 플라이트 자켓 블랙,https://image.msscdn.net/images/goods_img/20160912/411209/411209_17401286845355_500.jpeg,False
2025-10,M,002001,블루종/MA-1,002,아우터,22,3772800,blackmoment,블랙모먼트,비건 스웨이드 오버핏 미니멀 인시전 바이커 집업 자켓,https://image.msscdn.net/images/goods_img/20240103/3772800/3772800_17042502051036_500.jpg,False
2025-10,M,002001,블루종/MA-1,002,아우터,23,4702333,drawfit,드로우핏,도브 울 크롭 미니멀 블루종 자켓 [BLACK],https://image.msscdn.net/images/goods_img/20250107/4702333/4702333_17697388609886_500.jpg,False
2025-10,M,002001,블루종/MA-1,002,아우터,24,5384864,drawfit,드로우핏,핀 스트라이프 크롭 블루종 자켓 [DARK NAVY],https://image.msscdn.net/images/goods_img/20250901/5384864/5384864_17727860174331_500.jpg,False
2025-10,M,002001,블루종/MA-1,002,아우터,25,2108673,musinsastandard,무신사 스탠다드,오버사이즈 디태처블 후드 MA-1 보머 재킷 [블랙],https://image.msscdn.net/images/goods_img/20210903/2108673/2108673_17651809199028_500.jpg,False
2025-10,M,002001,블루종/MA-1,002,아우터,26,4209328,musinsastandard,무신사 스탠다드,14W 코듀로이 미니멀 블루종 재킷 [토프 베이지],https://image.msscdn.net/images/goods_img/20240620/4209328/4209328_17333857907569_500.jpg,False
2025-10,M,002001,블루종/MA-1,002,아우터,27,4321493,begin202,비긴202,리노 워시드 마원 점퍼 [세이지],https://image.msscdn.net/images/goods_img/20240812/4321493/4321493_17551572861144_500.jpg,False
2025-10,M,002001,블루종/MA-1,002,아우터,28,5557731,rshemiste,알에스에스씨,LEATHER MIXED COTTON BOMBER JACKET - BLACK,https://image.msscdn.net/images/goods_img/20251001/5557731/5557731_17592836019306_500.jpg,False
2025-10,M,002001,블루종/MA-1,002,아우터,29,5621007,branded,브랜디드,SHIRRING HOOD BOMBER JACKET [VINTAGE KHAKI],https://image.msscdn.net/images/goods_img/20251021/5621007/5621007_17900553640333_500.jpg,False
2025-10,M,002001,블루종/MA-1,002,아우터,30,3783677,drawfit,드로우핏,헤리티지 헌팅 블루종 자켓 [KHAKI],https://image.msscdn.net/images/goods_img/20240109/3783677/3783677_17254157464100_500.jpg,False
2025-10,M,002017,트러커 재킷,002,아우터,1,4287413,trillion,트릴리온,코듀로이 카라 데님 집업 워크 자켓 (BLACK),https://image.msscdn.net/images/goods_img/20240731/4287413/4287413_17228544866344_500.jpg,False
2025-10,M,002017,트러커 재킷,002,아우터,2,3046279,outstanding,아웃스탠딩,SELVEDGE DENIM 2ND JACKET_INDIGO,https://image.msscdn.net/images/goods_img/20230130/3046279/3046279_17684404870062_500.jpg,False
2025-10,M,002017,트러커 재킷,002,아우터,3,1790383,trillion,트릴리온,워싱 스티치 데님자켓 (BLACK),https://image.msscdn.net/images/goods_img/20210210/1790383/1790383_2_500.jpg,False
2025-10,M,002017,트러커 재킷,002,아우터,4,5289752,mindbridge,마인드브릿지,스웨이드 집업 트러커 - 2color,https://image.msscdn.net/images/goods_img/20250804/5289752/5289752_17864240272223_500.jpg,False
2025-10,M,002017,트러커 재킷,002,아우터,5,2028925,mindbridge,마인드브릿지,스웨이드트러커 - 2color MYJP6101,https://image.msscdn.net/images/goods_img/20210714/2028925/2028925_17894374890214_500.jpg,False
2025-10,M,002017,트러커 재킷,002,아우터,6,3596063,dimitriblack,디미트리블랙,2WAY 크롭 코듀로이 드리즐러 자켓_브라운,https://image.msscdn.net/images/goods_img/20230926/3596063/3596063_17621457230668_500.jpg,False
2025-10,M,002017,트러커 재킷,002,아우터,7,1337094,musinsastandard,무신사 스탠다드,릴렉스드 데님 트러커 재킷 [워시드 블랙],https://image.msscdn.net/images/goods_img/20200305/1337094/1337094_17514465029686_500.jpg,False
2025-10,M,002017,트러커 재킷,002,아우터,8,4693591,outstanding,아웃스탠딩,[MUT lab] SELVEDGE DENIM 1ST JACKET_INDIGO,https://image.msscdn.net/images/goods_img/20250102/4693591/4693591_17860676827501_500.jpg,False
2025-10,M,002017,트러커 재킷,002,아우터,9,3836318,toffee,토피,빈티지 스냅 데님 블루종 자켓 (WASHED INDIGO),https://image.msscdn.net/images/goods_img/20240131/3836318/3836318_17071205288194_500.jpg,False
2025-10,M,002017,트러커 재킷,002,아우터,10,2091622,poloralphlauren,폴로 랄프 로렌,페이디드 데님 트럭커 재킷 - 블루,https://image.msscdn.net/images/goods_img/20210826/2091622/2091622_2_500.jpg,False
2025-10,M,002017,트러커 재킷,002,아우터,11,4262843,outstanding,아웃스탠딩,W.W. II SELVEDGE DENIM 1ST JACKET_INDIGO,https://image.msscdn.net/images/goods_img/20240719/4262843/4262843_17682659790914_500.jpg,False
2025-10,M,002017,트러커 재킷,002,아우터,12,5327171,espionage,에스피오나지,Type 1 Selvedge Denim Trucker Jacket Dark Indigo,https://image.msscdn.net/images/goods_img/20250814/5327171/5327171_17563639027276_500.jpg,False
2025-10,M,002017,트러커 재킷,002,아우터,13,3035562,levis,리바이스,타입 III 트러커 자켓_72334-0134,https://image.msscdn.net/images/goods_img/20230120/3035562/3035562_17562811423420_500.jpg,False
2025-10,M,002017,트러커 재킷,002,아우터,14,5391406,minav,미나브,[미나브X후디진호] 웨스턴 크롭 자켓 [차콜],https://image.msscdn.net/images/goods_img/20250902/5391406/5391406_17609412938637_500.jpg,False
2025-10,M,002017,트러커 재킷,002,아우터,15,4644774,musinsastandard,무신사 스탠다드,셀비지 데님 트러커 재킷 2 [딥 인디고],https://image.msscdn.net/images/goods_img/20241202/4644774/4644774_17569509485027_500.jpg,False
2025-10,M,002017,트러커 재킷,002,아우터,16,3801342,supersub,슈퍼서브,워싱 크롭 데님 재킷 - 워시드 브라운,https://image.msscdn.net/images/goods_img/20240117/3801342/3801342_17065954658593_500.jpg,False
2025-10,M,002017,트러커 재킷,002,아우터,17,4705537,lmood,엘무드,마르코스 울 트러커 자켓 네이비,https://image.msscdn.net/images/goods_img/20250108/4705537/4705537_17569499860274_500.png,False
2025-10,M,002017,트러커 재킷,002,아우터,18,3827748,toffee,토피,워시드 데님 트러커 자켓 (WASHED BLACK),https://image.msscdn.net/images/goods_img/20240129/3827748/3827748_17071118135840_500.jpg,False
2025-10,M,002017,트러커 재킷,002,아우터,19,4287892,supersub,슈퍼서브,워싱 크롭 데님 재킷 - 워시드 블루,https://image.msscdn.net/images/goods_img/20240801/4287892/4287892_17224927839087_500.jpg,False
2025-10,M,002017,트러커 재킷,002,아우터,20,3836510,espionage,에스피오나지,French Wide Work Jacket (Moleskin) Washed Blue,https://image.msscdn.net/images/goods_img/20240131/3836510/3836510_17152161493815_500.jpg,False
2025-10,M,002017,트러커 재킷,002,아우터,21,4791832,ersco,이알에스코,데님 트러커 자켓_블랙,https://image.msscdn.net/images/goods_img/20250214/4791832/4791832_17685420204073_500.jpg,False
2025-10,M,002017,트러커 재킷,002,아우터,22,5384865,drawfit,드로우핏,워싱 릴렉스 데님 트러커 자켓 [BLACK INDIGO],https://image.msscdn.net/images/goods_img/20250901/5384865/5384865_17567119994983_500.jpg,False
2025-10,M,002017,트러커 재킷,002,아우터,23,4750982,espionage,에스피오나지,Washed Track Jacket Navy,https://image.msscdn.net/images/goods_img/20250203/4750982/4750982_17388092326767_500.jpg,False
2025-10,M,002017,트러커 재킷,002,아우터,24,4750984,espionage,에스피오나지,Washed Track Jacket Grey,https://image.msscdn.net/images/goods_img/20250203/4750984/4750984_17388097345427_500.jpg,False
2025-10,M,002017,트러커 재킷,002,아우터,25,5289751,mindbridge,마인드브릿지,스탠에리 스웨이드 트러커 - 2color,https://image.msscdn.net/images/goods_img/20250804/5289751/5289751_17579900298453_500.jpg,False
2025-10,M,002017,트러커 재킷,002,아우터,26,3622977,trillion,트릴리온,페이드 워싱 바이커 데님 자켓 (BLACK),https://image.msscdn.net/images/goods_img/20231012/3622977/3622977_16977691200340_500.jpg,False
2025-10,M,002017,트러커 재킷,002,아우터,27,4353364,noirer,노이어,벨벳 텍스쳐 데님 트러커 자켓 (블랙),https://image.msscdn.net/images/goods_img/20240821/4353364/4353364_17392886821736_500.jpg,False
2025-10,M,002017,트러커 재킷,002,아우터,28,5350736,coor,쿠어,엠보 워시드 더블 포켓 트러커 자켓 (블랙),https://image.msscdn.net/images/goods_img/20250821/5350736/5350736_17562764232821_500.png,False
2025-10,M,002017,트러커 재킷,002,아우터,29,4790623,coor,쿠어,파이어맨 크롭 보머 자켓 (워시드블랙),https://image.msscdn.net/images/goods_img/20250214/4790623/4790623_17563616614854_500.png,False
2025-10,M,002017,트러커 재킷,002,아우터,30,4846421,decoroso,데꼬로소,다트 워싱 데님 트러커 자켓 [로우 블랙],https://image.msscdn.net/images/goods_img/20250228/4846421/4846421_17421201039875_500.jpg,False
2025-10,M,002004,스타디움 재킷,002,아우터,1,2752807,kiimuir,키뮤어,울(WOOL) 바시티 자켓_블랙,https://image.msscdn.net/images/goods_img/20220830/2752807/2752807_17664729093372_500.jpg,False
2025-10,M,002004,스타디움 재킷,002,아우터,2,5589288,geng,젠지,무신사 X 젠지 나일론 바시티 재킷,https://image.msscdn.net/images/goods_img/20251014/5589288/5589288_17609574518655_500.jpg,False
2025-10,M,002004,스타디움 재킷,002,아우터,3,4525862,newera,뉴에라,AP MLB STADIUM JK43 NEYYAN D BLU,https://image.msscdn.net/images/goods_img/20241016/4525862/4525862_17291420872439_500.jpg,False
2025-10,M,002004,스타디움 재킷,002,아우터,4,4744746,kolonsport,코오롱스포츠,HERO 남성 프리마로프트 LIGHT 인슐레이션 자켓 JWJJX25015BLK,https://image.msscdn.net/images/goods_img/20250124/4744746/4744746_17415828191935_500.jpg,False
2025-10,M,002004,스타디움 재킷,002,아우터,5,4525859,newera,뉴에라,MLB LA다저스 스타디움 재킷 블랙,https://image.msscdn.net/images/goods_img/20241016/4525859/4525859_17303410419130_500.jpg,False
2025-10,M,002004,스타디움 재킷,002,아우터,6,5472997,newera,뉴에라,MLB 뉴욕 양키스 어센틱 스타디움 재킷 네이비,https://image.msscdn.net/images/goods_img/20250916/5472997/5472997_17588797460747_500.jpg,False
2025-10,M,002004,스타디움 재킷,002,아우터,7,3557760,newera,뉴에라,MLB 뉴욕양키스 스타디움 재킷 네이비,https://image.msscdn.net/images/goods_img/20230913/3557760/3557760_16946558019097_500.jpg,False
2025-10,M,002004,스타디움 재킷,002,아우터,8,2093817,takeasy,테이크이지,라쿠 베이스볼 오버자켓(네이비),https://image.msscdn.net/images/goods_img/20210827/2093817/2093817_4_500.jpg,False
2025-10,M,002004,스타디움 재킷,002,아우터,9,2752809,kiimuir,키뮤어,울(WOOL) 바시티 자켓_네이비,https://image.msscdn.net/images/goods_img/20220830/2752809/2752809_17388178850129_500.jpg,False
2025-10,M,002004,스타디움 재킷,002,아우터,10,4448314,hangten1,행텐,남성 레더 바시티 패딩점퍼_100(10490-011-802-69),https://image.msscdn.net/images/goods_img/20240920/4448314/4448314_17268123580511_500.jpg,False
2025-10,M,002004,스타디움 재킷,002,아우터,11,3030682,drawfit,드로우핏,울 스타디움 라인 집업 자켓 [BLACK],https://image.msscdn.net/images/goods_img/20230118/3030682/3030682_17629152428707_500.jpg,False
2025-10,M,002004,스타디움 재킷,002,아우터,12,3557766,newera,뉴에라,MLB 뉴욕양키스 월드시리즈 패치 스타디움 재킷 블랙,https://image.msscdn.net/images/goods_img/20230913/3557766/3557766_16946555757159_500.jpg,False
2025-10,M,002004,스타디움 재킷,002,아우터,13,2959465,rawlab,로우랩,R 시티 헤비 바시티자켓 (네이비),https://image.msscdn.net/images/goods_img/20221124/2959465/2959465_1_500.jpg,False
2025-10,M,002004,스타디움 재킷,002,아우터,14,5038386,poloralphlauren,폴로 랄프 로렌,RL 플리스 베이스볼 재킷-네이비,https://image.msscdn.net/images/goods_img/20250417/5038386/5038386_17471917279357_500.jpg,False
2025-10,M,002004,스타디움 재킷,002,아우터,15,5472971,newera,뉴에라,MLB LA 다저스 어센틱 스타디움 재킷 블루,https://image.msscdn.net/images/goods_img/20250916/5472971/5472971_17588799129088_500.jpg,False
2025-10,M,002004,스타디움 재킷,002,아우터,16,3028088,perstep,퍼스텝,리메인 바시티 자켓 블랙/크림 JUOT4536,https://image.msscdn.net/images/goods_img/20230117/3028088/3028088_16739191097660_500.jpg,False
2025-10,M,002004,스타디움 재킷,002,아우터,17,5472994,newera,뉴에라,MLB 디트로이트 타이거즈 어센틱 스타디움 재킷 네이비,https://image.msscdn.net/images/goods_img/20250916/5472994/5472994_17588800003791_500.jpg,False
2025-10,M,002004,스타디움 재킷,002,아우터,18,3812672,thisisneverthat,디스이즈네버댓,Satin Jacket Navy,https://image.msscdn.net/images/goods_img/20240122/3812672/3812672_17065160162781_500.jpg,False
2025-10,M,002004,스타디움 재킷,002,아우터,19,5043754,poloralphlauren,폴로 랄프 로렌,폴로 랄프 로렌 양키스 플리스 재킷-블루,https://image.msscdn.net/images/goods_img/20250418/5043754/5043754_17465812763719_500.jpg,False
2025-10,M,002004,스타디움 재킷,002,아우터,20,3812670,thisisneverthat,디스이즈네버댓,Satin Jacket Olive,https://image.msscdn.net/images/goods_img/20240122/3812670/3812670_17068501308934_500.jpg,False
2025-10,M,002004,스타디움 재킷,002,아우터,21,2782958,1993studio,1993스튜디오,빈티지 바시티 자켓_네이비,https://image.msscdn.net/images/goods_img/20220908/2782958/2782958_1_500.jpg,False
2025-10,M,002004,스타디움 재킷,002,아우터,22,2959460,rawlab,로우랩,R 시티 헤비 바시티자켓 (블랙),https://image.msscdn.net/images/goods_img/20221124/2959460/2959460_1_500.jpg,False
2025-10,M,002004,스타디움 재킷,002,아우터,23,5524816,kiimuir,키뮤어,울(WOOL) 2-WAY 헤링턴 자켓_3COLOR,https://image.msscdn.net/images/goods_img/20250924/5524816/5524816_17587024209796_500.jpg,False
2025-10,M,002004,스타디움 재킷,002,아우터,24,3730463,poloralphlauren,폴로 랄프 로렌,바시티 스타일 재킷 - 그린,https://image.msscdn.net/images/goods_img/20231123/3730463/3730463_17152312522806_500.jpg,False
2025-10,M,002004,스타디움 재킷,002,아우터,25,5396662,mlb,엠엘비,나일론 블로킹 컬시브 바시티 자켓 NY (Navy),https://image.msscdn.net/images/goods_img/20250903/5396662/5396662_17610977407006_500.jpg,False
2025-10,M,002004,스타디움 재킷,002,아우터,26,5472985,newera,뉴에라,MLB 시카고 화이트삭스 어센틱 스타디움 재킷 블랙,https://image.msscdn.net/images/goods_img/20250916/5472985/5472985_17588803066521_500.jpg,False
2025-10,M,002004,스타디움 재킷,002,아우터,27,3520523,v2,브이투,70227 울 바시티 자켓_블랙,https://image.msscdn.net/images/goods_img/20230901/3520523/3520523_16935306610004_500.jpg,False
2025-10,M,002004,스타디움 재킷,002,아우터,28,3154420,grayblvd,그레이블러밧,엠씨 트윌코튼 바시티 자켓 (BLACK),https://image.msscdn.net/images/goods_img/20230316/3154420/3154420_16925951678322_500.jpg,False
2025-10,M,002004,스타디움 재킷,002,아우터,29,4461863,not4nerd,낫포너드,Athena Varsity Jacket - Black,https://image.msscdn.net/images/goods_img/20240925/4461863/4461863_17322563866604_500.jpg,False
2025-10,M,002004,스타디움 재킷,002,아우터,30,2977715,ezkaton,에즈카톤,울른 바시티 자켓 블랙 SHOT6672,https://image.msscdn.net/images/goods_img/20221209/2977715/2977715_1_500.jpg,False
2025-10,M,002014,사파리/헌팅 재킷,002,아우터,1,2737014,frizmworks,프리즘웍스,VINCENT M1965 FISHTAIL PARKA 004 _ OLIVE,https://image.msscdn.net/images/goods_img/20220823/2737014/2737014_1_500.jpg,False
2025-10,M,002014,사파리/헌팅 재킷,002,아우터,2,4376737,wvproject,더블유브이프로젝트,더프 헤링턴 자켓 브라운 JJOT7732,https://image.msscdn.net/images/goods_img/20240827/4376737/4376737_17247559627478_500.jpg,False
2025-10,M,002014,사파리/헌팅 재킷,002,아우터,3,3790843,musinsastandard,무신사 스탠다드,백 사틴 초어 재킷 [네이비],https://image.msscdn.net/images/goods_img/20240112/3790843/3790843_17128210791358_500.jpg,False
2025-10,M,002014,사파리/헌팅 재킷,002,아우터,4,3094153,espionage,에스피오나지,Hunting Blouson Jacket Olive,https://image.msscdn.net/images/goods_img/20230220/3094153/3094153_16771294572861_500.jpg,False
2025-10,M,002014,사파리/헌팅 재킷,002,아우터,5,2737012,frizmworks,프리즘웍스,VINCENT M1965 FISHTAIL PARKA 004 _ BLACK,https://image.msscdn.net/images/goods_img/20220823/2737012/2737012_1_500.jpg,False
2025-10,M,002014,사파리/헌팅 재킷,002,아우터,6,4376738,wvproject,더블유브이프로젝트,더프 헤링턴 자켓 블랙 JJOT7732,https://image.msscdn.net/images/goods_img/20240827/4376738/4376738_17247559681905_500.jpg,False
2025-10,M,002014,사파리/헌팅 재킷,002,아우터,7,4729709,musinsastandard,무신사 스탠다드,캔버스 워크 재킷 [더스티 카키],https://image.msscdn.net/images/goods_img/20250120/4729709/4729709_17411629669447_500.jpg,False
2025-10,M,002014,사파리/헌팅 재킷,002,아우터,8,4262833,outstanding,아웃스탠딩,M-65 FISHTAIL PARKA_OLIVE,https://image.msscdn.net/images/goods_img/20240719/4262833/4262833_17892995081603_500.jpg,False
2025-10,M,002014,사파리/헌팅 재킷,002,아우터,9,4209330,musinsastandard,무신사 스탠다드,캔버스 워크 재킷 [블랙],https://image.msscdn.net/images/goods_img/20240620/4209330/4209330_17242015815606_500.jpg,False
2025-10,M,002014,사파리/헌팅 재킷,002,아우터,10,5463485,outstanding,아웃스탠딩,[MUT lab] MOLESKIN FRENCH WORK JACKET_D.NAVY,https://image.msscdn.net/images/goods_img/20250915/5463485/5463485_17708705281806_500.jpg,False
2025-10,M,002014,사파리/헌팅 재킷,002,아우터,11,3096454,frizmworks,프리즘웍스,HERITAGE HUNTING JACKET 002 _ OLIVE,https://image.msscdn.net/images/goods_img/20230221/3096454/3096454_17562766009565_500.jpg,False
2025-10,M,002014,사파리/헌팅 재킷,002,아우터,12,3094151,espionage,에스피오나지,Hunting Blouson Jacket Black,https://image.msscdn.net/images/goods_img/20230220/3094151/3094151_16771293582073_500.jpg,False
2025-10,M,002014,사파리/헌팅 재킷,002,아우터,13,2737008,frizmworks,프리즘웍스,OSCAR FISHTAIL JACKET 003 _ OLIVE,https://image.msscdn.net/images/goods_img/20220823/2737008/2737008_1_500.jpg,False
2025-10,M,002014,사파리/헌팅 재킷,002,아우터,14,2206096,corrs,인더스트,[라이너세트] 리뉴얼 오리지널 M65 피시테일 파카_카키,https://image.msscdn.net/images/goods_img/20211028/2206096/2206096_17900456022813_500.jpg,False
2025-10,M,002014,사파리/헌팅 재킷,002,아우터,15,5310847,frizmworks,프리즘웍스,OSCAR FISHTAIL JACKET 003 _ NAVY,https://image.msscdn.net/images/goods_img/20250811/5310847/5310847_17556796786426_500.jpg,False
2025-10,M,002014,사파리/헌팅 재킷,002,아우터,16,3227306,tenc,텐씨,OJJ 피쉬테일 롱 파카 - 블랙 / 13CTCUK04030999,https://image.msscdn.net/images/goods_img/20230412/3227306/3227306_16892227246885_500.jpg,False
2025-10,M,002014,사파리/헌팅 재킷,002,아우터,17,4209318,musinsastandard,무신사 스탠다드,왁스드 CN 헌팅 재킷 [카키 베이지],https://image.msscdn.net/images/goods_img/20240620/4209318/4209318_17241404850243_500.jpg,False
2025-10,M,002014,사파리/헌팅 재킷,002,아우터,18,4770921,espionage,에스피오나지,Short Hunting Jacket Dark Grey,https://image.msscdn.net/images/goods_img/20250210/4770921/4770921_17392634959823_500.jpg,False
2025-10,M,002014,사파리/헌팅 재킷,002,아우터,19,4729710,musinsastandard,무신사 스탠다드,캔버스 워크 재킷 [베이지],https://image.msscdn.net/images/goods_img/20250120/4729710/4729710_17411630293475_500.jpg,False
2025-10,M,002014,사파리/헌팅 재킷,002,아우터,20,4209315,musinsastandard,무신사 스탠다드,왁스드 CN 헌팅 재킷 [블랙],https://image.msscdn.net/images/goods_img/20240620/4209315/4209315_17241412298238_500.jpg,False
2025-10,M,002014,사파리/헌팅 재킷,002,아우터,21,5299124,musinsastandard,무신사 스탠다드,M-65 필드 재킷 [카키],https://image.msscdn.net/images/goods_img/20250807/5299124/5299124_17749416891284_500.jpg,False
2025-10,M,002014,사파리/헌팅 재킷,002,아우터,22,4209331,musinsastandard,무신사 스탠다드,캔버스 워크 재킷 [카키],https://image.msscdn.net/images/goods_img/20240620/4209331/4209331_17242016361025_500.jpg,False
2025-10,M,002014,사파리/헌팅 재킷,002,아우터,23,5299122,musinsastandard,무신사 스탠다드,백 사틴 정글 퍼티그 재킷 [카키],https://image.msscdn.net/images/goods_img/20250807/5299122/5299122_17557656306906_500.jpg,False
2025-10,M,002014,사파리/헌팅 재킷,002,아우터,24,4742098,roughside,러프사이드,Dune Parka Black,https://image.msscdn.net/images/goods_img/20250123/4742098/4742098_17567252449542_500.jpg,False
2025-10,M,002014,사파리/헌팅 재킷,002,아우터,25,4709917,musinsastandard,무신사 스탠다드,오버사이즈 M-51 크롭 필드 재킷 [블랙],https://image.msscdn.net/images/goods_img/20250110/4709917/4709917_17557650281835_500.jpg,False
2025-10,M,002014,사파리/헌팅 재킷,002,아우터,26,5310849,frizmworks,프리즘웍스,VINCENT M1965 FISHTAIL PARKA 004 _ NAVY,https://image.msscdn.net/images/goods_img/20250811/5310849/5310849_17556796275480_500.jpg,False
2025-10,M,002014,사파리/헌팅 재킷,002,아우터,27,2737007,frizmworks,프리즘웍스,OSCAR FISHTAIL JACKET 003 _ BLACK,https://image.msscdn.net/images/goods_img/20220823/2737007/2737007_1_500.jpg,False
2025-10,M,002014,사파리/헌팅 재킷,002,아우터,28,4742372,wvproject,더블유브이프로젝트,더프 헌팅자켓 브라운 MJOT7770,https://image.msscdn.net/images/goods_img/20250124/4742372/4742372_17376769699842_500.jpg,False
2025-10,M,002014,사파리/헌팅 재킷,002,아우터,29,4209332,musinsastandard,무신사 스탠다드,캔버스 워크 재킷 [데저트 브라운],https://image.msscdn.net/images/goods_img/20240620/4209332/4209332_17242015564826_500.jpg,False
2025-10,M,002014,사파리/헌팅 재킷,002,아우터,30,3790844,musinsastandard,무신사 스탠다드,백 사틴 초어 재킷 [프렌치 블루],https://image.msscdn.net/images/goods_img/20240112/3790844/3790844_17113273413915_500.jpg,False
2025-10,M,002019,아노락 재킷,002,아우터,1,3466549,kiimuir,키뮤어,2-WAY 릴렉스드 헤링턴 자켓_4 color,https://image.msscdn.net/images/goods_img/20230816/3466549/3466549_17732985666081_500.jpg,False
2025-10,M,002019,아노락 재킷,002,아우터,2,3539725,thenorthface,노스페이스,NA3NP70A 펠릭스 히트 아노락,https://image.msscdn.net/images/goods_img/20230907/3539725/3539725_16940643096345_500.jpg,False
2025-10,M,002019,아노락 재킷,002,아우터,3,3547686,eider,아이더,PERTEX (퍼텍스) UNI 윈드치터 아노락 자켓_Black,https://image.msscdn.net/images/goods_img/20230911/3547686/3547686_16943925248753_500.jpg,False
2025-10,M,002019,아노락 재킷,002,아우터,4,4506092,thomasmore,토마스모어,게리하프 집업 - 네이비,https://image.msscdn.net/images/goods_img/20241010/4506092/4506092_17285642346352_500.jpg,False
2025-10,M,002019,아노락 재킷,002,아우터,5,1810261,urbanplayers,어반플레이어스,오리지널핏 아노락 자켓 (블랙),https://image.msscdn.net/images/goods_img/20210223/1810261/1810261_1_500.jpg,False
2025-10,M,002019,아노락 재킷,002,아우터,6,4747261,rife,러닝라이프,스톰실 바람막이 자켓 자외선차단(UPF50+),https://image.msscdn.net/images/goods_img/20250131/4747261/4747261_17736467482084_500.png,False
2025-10,M,002019,아노락 재킷,002,아우터,7,2515813,lazybee,레이지비,[SET] 캠프 바람막이 아노락 자켓 + 러닝 조거팬츠 M 블랙,https://image.msscdn.net/images/goods_img/20220426/2515813/2515813_17790908305788_500.jpg,False
2025-10,M,002019,아노락 재킷,002,아우터,8,4742668,umbro,엄브로,HBL 스포티 캐주얼 후드 아노락 블랙(UQ123CWT21),https://image.msscdn.net/images/goods_img/20250124/4742668/4742668_17749208401747_500.jpg,False
2025-10,M,002019,아노락 재킷,002,아우터,9,5562131,thomasmore,토마스모어,게리하프 집업 - 모즈 퍼플,https://image.msscdn.net/images/goods_img/20251001/5562131/5562131_17603237965213_500.jpg,False
2025-10,M,002019,아노락 재킷,002,아우터,10,2502967,lazybee,레이지비,캠프 멀티스포츠 러닝 바람막이 아노락 자켓 상의 M (3컬러),https://image.msscdn.net/images/goods_img/20220420/2502967/2502967_17606761460746_500.jpg,False
2025-10,M,002019,아노락 재킷,002,아우터,11,4259388,bysec,바이젝,[SET] 우븐 라인 머슬 브레이커 자켓 + 우븐스판 머슬 브레이커 팬츠,https://image.msscdn.net/images/goods_img/20240718/4259388/4259388_17435628383078_500.jpg,False
2025-10,M,002019,아노락 재킷,002,아우터,12,3497471,thenorthface,노스페이스,NA3NP70B 펠릭스 히트 아노락,https://image.msscdn.net/images/goods_img/20230825/3497471/3497471_16929401298693_500.jpg,False
2025-10,M,002019,아노락 재킷,002,아우터,13,3497469,thenorthface,노스페이스,NA3NP70C 펠릭스 히트 아노락,https://image.msscdn.net/images/goods_img/20230825/3497469/3497469_16929400769871_500.jpg,False
2025-10,M,002019,아노락 재킷,002,아우터,14,2000085,superlit,에스릿 스튜디오,[SET] 스테디 라이트 아노락 3P 셋업 블랙,https://image.msscdn.net/images/prd_img/20210617/2000085/detail_2000085_1_500.jpg,False
2025-10,M,002019,아노락 재킷,002,아우터,15,4434372,sportchamber,스포츠챔버,SC 오버사이즈 웜업 셔츠(네이비),https://image.msscdn.net/images/goods_img/20240912/4434372/4434372_17405320847269_500.jpg,False
2025-10,M,002019,아노락 재킷,002,아우터,16,4400327,borntowin,본투윈,REFLECTIVE LINE BIG SYMBOL ANORAK JACKET [BLACK],https://image.msscdn.net/images/goods_img/20240903/4400327/4400327_17612218023319_500.jpg,False
2025-10,M,002019,아노락 재킷,002,아우터,17,4743425,malbongolf,말본 골프,버킷 포인트 하프집업 아노락 GREEN (MAN),https://image.msscdn.net/images/goods_img/20250124/4743425/4743425_17376936644445_500.jpg,False
2025-10,M,002019,아노락 재킷,002,아우터,18,5406696,atez,아테즈,AERO 테크 후드 아노락 윈드 브레이커 [블랙],https://image.msscdn.net/images/goods_img/20250905/5406696/5406696_17570367252291_500.jpg,False
2025-10,M,002019,아노락 재킷,002,아우터,19,5586894,hummel,험멜,반지퍼 패딩 바람막이 - 블랙 (HM-4271),https://image.msscdn.net/images/goods_img/20251014/5586894/5586894_17604085107439_500.jpg,False
2025-10,M,002019,아노락 재킷,002,아우터,20,5562142,thomasmore,토마스모어,게리하프 집업 - 더스트 베이지,https://image.msscdn.net/images/goods_img/20251001/5562142/5562142_17603237159810_500.jpg,False
2025-10,M,002019,아노락 재킷,002,아우터,21,4331077,armedes,아르메데스,아노락 후드 바람막이 AR-102 (3컬러),https://image.msscdn.net/images/goods_img/20240814/4331077/4331077_17764093161597_500.jpg,False
2025-10,M,002019,아노락 재킷,002,아우터,22,5295828,kodak,코닥,레인보우 우븐 긴팔 피스테 BLACK,https://image.msscdn.net/images/goods_img/20250806/5295828/5295828_17544491715954_500.jpg,False
2025-10,M,002019,아노락 재킷,002,아우터,23,5462014,oheshio,오헤시오,"NTC X OHESHIO REVERSIBLE YACHT PARKA, BLACK",https://image.msscdn.net/images/goods_img/20250915/5462014/5462014_17582607196889_500.jpg,False
2025-10,M,002019,아노락 재킷,002,아우터,24,5233024,malbongolf,말본 골프,[LAST FRONTIER] LAST FRONTIER 바람막이 아노락 BLACK (MAN),https://image.msscdn.net/images/goods_img/20250708/5233024/5233024_17519584943740_500.jpg,False
2025-10,M,002019,아노락 재킷,002,아우터,25,4636477,afresh,어프레쉬,라이트 프레쉬 윈드자켓_3color,https://image.msscdn.net/images/goods_img/20241126/4636477/4636477_17514180224380_500.jpg,False
2025-10,M,002019,아노락 재킷,002,아우터,26,4331852,kodak,코닥,컬러블럭 로고 후드 아노락 자켓 BLACK,https://image.msscdn.net/images/goods_img/20240814/4331852/4331852_17339046242146_500.jpg,False
2025-10,M,002019,아노락 재킷,002,아우터,27,1310246,secondmonolgue,세컨모놀로그,나일론 윈드 필드 자켓 [DGRAY]_COOSJP026DGRAY,https://image.msscdn.net/images/goods_img/20200218/1310246/1310246_17718209658273_500.jpg,False
2025-10,M,002019,아노락 재킷,002,아우터,28,3547685,eider,아이더,PERTEX (퍼텍스) UNI 윈드치터 아노락 자켓_Moss,https://image.msscdn.net/images/goods_img/20230911/3547685/3547685_16943925120396_500.jpg,False
2025-10,M,002019,아노락 재킷,002,아우터,29,3904798,thisisneverthat,디스이즈네버댓,PERTEX® QA Half Zip Pullover Sage,https://image.msscdn.net/images/goods_img/20240227/3904798/3904798_17090245733760_500.jpg,False
2025-10,M,002019,아노락 재킷,002,아우터,30,3904797,thisisneverthat,디스이즈네버댓,PERTEX® QA Half Zip Pullover Black,https://image.msscdn.net/images/goods_img/20240227/3904797/3904797_17090246307838_500.jpg,False
2025-10,M,002006,나일론/코치 재킷,002,아우터,1,1620287,poloralphlauren,폴로 랄프 로렌,바이스윙 윈드브레이커 - 블랙,https://image.msscdn.net/images/goods_img/20200923/1620287/1620287_2_500.jpg,False
2025-10,M,002006,나일론/코치 재킷,002,아우터,2,3793560,musinsastandard,무신사 스탠다드,오버사이즈 하이넥 윈드브레이커 재킷 [블랙],https://image.msscdn.net/images/goods_img/20240112/3793560/3793560_17080496946411_500.jpg,False
2025-10,M,002006,나일론/코치 재킷,002,아우터,3,2723218,dimitriblack,디미트리블랙,ASI 2WAY 어센틱 후드 윈드브레이커 자켓_블랙,https://image.msscdn.net/images/goods_img/20220817/2723218/2723218_17603312716294_500.jpg,False
2025-10,M,002006,나일론/코치 재킷,002,아우터,4,5333563,arcteryx,아크테릭스,아톰 SV 자켓 남성 - BLACK / AJPFM09901,https://image.msscdn.net/images/goods_img/20250818/5333563/5333563_17573790848253_500.jpg,False
2025-10,M,002006,나일론/코치 재킷,002,아우터,5,3793565,musinsastandard,무신사 스탠다드,시티 레저 시어 윈드브레이커 재킷 [블랙],https://image.msscdn.net/images/goods_img/20240112/3793565/3793565_17738965169888_500.jpg,False
2025-10,M,002006,나일론/코치 재킷,002,아우터,6,3800080,musinsastandardsp,무신사 스탠다드 스포츠,슈퍼 라이트 바람막이(8colors),https://image.msscdn.net/images/goods_img/20240117/3800080/3800080_17769985197840_500.jpg,False
2025-10,M,002006,나일론/코치 재킷,002,아우터,7,3034346,espionage,에스피오나지,Mountain Wind Parka Black,https://image.msscdn.net/images/goods_img/20230119/3034346/3034346_16756599638463_500.jpg,False
2025-10,M,002006,나일론/코치 재킷,002,아우터,8,2329532,nomanual,노매뉴얼,PENON WIND SHELL - BLACK,https://image.msscdn.net/images/goods_img/20220126/2329532/2329532_16762491689303_500.jpg,False
2025-10,M,002006,나일론/코치 재킷,002,아우터,9,4296687,newbalance,뉴발란스,NBNAF31803 / UNI 에센셜 헤리티지 스탠드넥 웜업자켓 (BLACK),https://image.msscdn.net/images/goods_img/20240805/4296687/4296687_17846852180585_500.jpg,False
2025-10,M,002006,나일론/코치 재킷,002,아우터,10,3405532,musinsastandard,무신사 스탠다드,시티 레저 CN 후디드 윈드브레이커 재킷 [블랙],https://image.msscdn.net/images/goods_img/20230712/3405532/3405532_17133389210469_500.jpg,False
2025-10,M,002006,나일론/코치 재킷,002,아우터,11,2534895,slowrecordhouse,슬로우 레코드 하우스,파이핑 라인 나일론 자켓_블랙&베이지,https://image.msscdn.net/images/goods_img/20220502/2534895/2534895_17014068157715_500.jpg,False
2025-10,M,002006,나일론/코치 재킷,002,아우터,12,5382928,thenorthface,노스페이스,NJ3BR58J 화이트라벨 빌란 EX 자켓 BLACK,https://image.msscdn.net/images/goods_img/20250901/5382928/5382928_17707916151648_500.jpg,False
2025-10,M,002006,나일론/코치 재킷,002,아우터,13,4728678,filluminate,필루미네이트,커브드 라인 윈드 브레이커-블랙,https://image.msscdn.net/images/goods_img/20250119/4728678/4728678_17881419378579_500.jpg,False
2025-10,M,002006,나일론/코치 재킷,002,아우터,14,4468857,kalapatthar,칼라파타르,3 Layer Hard Shell Short-Jacket - BEIGE,https://image.msscdn.net/images/goods_img/20240926/4468857/4468857_17893626299270_500.jpg,False
2025-10,M,002006,나일론/코치 재킷,002,아우터,15,3793562,musinsastandard,무신사 스탠다드,오버사이즈 하이넥 윈드브레이커 재킷 [건메탈],https://image.msscdn.net/images/goods_img/20240112/3793562/3793562_17080498105476_500.jpg,False
2025-10,M,002006,나일론/코치 재킷,002,아우터,16,5205810,musinsastandard,무신사 스탠다드,시티 레저 폴라 플리스 하이넥 재킷 [그레이],https://image.msscdn.net/images/goods_img/20250625/5205810/5205810_17574741461887_500.jpg,False
2025-10,M,002006,나일론/코치 재킷,002,아우터,17,5450175,deusexmachina,데우스 엑스 마키나,KOREA COLLEGE COACH JACKET_BLACK,https://image.msscdn.net/images/goods_img/20250912/5450175/5450175_17587556077604_500.png,False
2025-10,M,002006,나일론/코치 재킷,002,아우터,18,2471405,slowrecordhouse,슬로우 레코드 하우스,파이핑 라인 나일론 자켓_네이비,https://image.msscdn.net/images/goods_img/20220406/2471405/2471405_17013952125581_500.jpg,False
2025-10,M,002006,나일론/코치 재킷,002,아우터,19,3034336,espionage,에스피오나지,Ray Yacht Parka Carrot,https://image.msscdn.net/images/goods_img/20230119/3034336/3034336_16756599080513_500.jpg,False
2025-10,M,002006,나일론/코치 재킷,002,아우터,20,5310357,musinsastandard,무신사 스탠다드,시티 레저 CN 후디드 쉘 파카 [라이트 카키],https://image.msscdn.net/images/goods_img/20250811/5310357/5310357_17580850499799_500.jpg,False
2025-10,M,002006,나일론/코치 재킷,002,아우터,21,4564413,musinsastandardsp,무신사 스탠다드 스포츠,슈퍼 벤트 바람막이 (4color),https://image.msscdn.net/images/goods_img/20241028/4564413/4564413_17427793499167_500.jpg,False
2025-10,M,002006,나일론/코치 재킷,002,아우터,22,3051559,toffee,토피,라이트웨이트 윈드 점퍼 (BLACK),https://image.msscdn.net/images/prd_img/20230201/3051559/detail_3051559_16765215304381_500.jpg,False
2025-10,M,002006,나일론/코치 재킷,002,아우터,23,4709915,musinsastandard,무신사 스탠다드,시티 레저 CN 후디드 윈드브레이커 재킷 [머드 그레이],https://image.msscdn.net/images/goods_img/20250110/4709915/4709915_17423765916813_500.jpg,False
2025-10,M,002006,나일론/코치 재킷,002,아우터,24,3455892,filluminate,필루미네이트,타슬란 윈드 테이커 자켓-블랙,https://image.msscdn.net/images/goods_img/20230809/3455892/3455892_17827964402390_500.jpg,False
2025-10,M,002006,나일론/코치 재킷,002,아우터,25,5527374,spao,스파오,[대한민국 해군] 배색 윈드브레이커_SPJJF4TU02,https://image.msscdn.net/images/goods_img/20250925/5527374/5527374_17611810095564_500.jpg,False
2025-10,M,002006,나일론/코치 재킷,002,아우터,26,5202869,atez,아테즈,AERO 테크 후드 윈드 브레이커 자켓 [블랙],https://image.msscdn.net/images/goods_img/20250624/5202869/5202869_17705916791659_500.jpg,False
2025-10,M,002006,나일론/코치 재킷,002,아우터,27,2343198,espionage,에스피오나지,Ray Yacht Parka Black,https://image.msscdn.net/images/goods_img/20220207/2343198/2343198_2_500.jpg,False
2025-10,M,002006,나일론/코치 재킷,002,아우터,28,5175562,penfield,펜필드,PacJac 바람막이 네이비_FR3WJ801,https://image.msscdn.net/images/goods_img/20250610/5175562/5175562_17503175913841_500.jpg,False
2025-10,M,002006,나일론/코치 재킷,002,아우터,29,5394832,thenorthface,노스페이스,NJ3BR51J 화이트라벨 닐튼 자켓 BLACK,https://image.msscdn.net/images/goods_img/20250903/5394832/5394832_17707929516589_500.jpg,False
2025-10,M,002006,나일론/코치 재킷,002,아우터,30,5523317,thenorthface,노스페이스,NJ3BR60K 화이트라벨 노벨티 올레마 자켓 NAVY,https://image.msscdn.net/images/goods_img/20250924/5523317/5523317_17707910221114_500.jpg,False
2025-10,M,002018,트레이닝 재킷,002,아우터,1,4945148,adidas,아디다스,아디컬러 클래식 트랙탑 (와플) - 원더화이트 / JW0109,https://image.msscdn.net/images/goods_img/20250326/4945148/4945148_17453139295013_500.jpg,False
2025-10,M,002018,트레이닝 재킷,002,아우터,2,3563185,adidas,아디다스,파이어버드 트랙탑 - 블랙 / IJ7058,https://image.msscdn.net/images/goods_img/20230915/3563185/3563185_16950017775747_500.jpg,False
2025-10,M,002018,트레이닝 재킷,002,아우터,3,3771149,adidas,아디다스,우븐 파이어버드 트랙탑 - 블랙 / IT2491,https://image.msscdn.net/images/goods_img/20240102/3771149/3771149_17042416430428_500.jpg,False
2025-10,M,002018,트레이닝 재킷,002,아우터,4,4767374,adidas,아디다스,와플 BB 트랙탑  - 원더화이트 / JV9263,https://image.msscdn.net/images/goods_img/20250207/4767374/4767374_17405511510275_500.jpg,False
2025-10,M,002018,트레이닝 재킷,002,아우터,5,5329567,adidas,아디다스,BB 트랙탑 - 블랙:크림화이트 / KC9299,https://image.msscdn.net/images/goods_img/20250818/5329567/5329567_17573005097318_500.jpg,False
2025-10,M,002018,트레이닝 재킷,002,아우터,6,5197437,adidas,아디다스,아디컬러 클래식 트랙탑 (젠더 뉴트럴) JW0110,https://image.msscdn.net/images/goods_img/20250620/5197437/5197437_17503838637524_500.jpg,False
2025-10,M,002018,트레이닝 재킷,002,아우터,7,2353497,urbandtype,어반디타입,OL209_러닝클럽 트랙 자켓_네이비,https://image.msscdn.net/images/goods_img/20220210/2353497/2353497_17875332753234_500.jpg,False
2025-10,M,002018,트레이닝 재킷,002,아우터,8,5329563,adidas,아디다스,BB 트랙탑 - 클리어핑크 / KC3334,https://image.msscdn.net/images/goods_img/20250818/5329563/5329563_17573004720514_500.jpg,False
2025-10,M,002018,트레이닝 재킷,002,아우터,9,3771089,adidas,아디다스,베켄바우어 트랙탑 - 블랙 / IY8077,https://image.msscdn.net/images/goods_img/20240102/3771089/3771089_17041852509353_500.jpg,False
2025-10,M,002018,트레이닝 재킷,002,아우터,10,5329564,adidas,아디다스,BB 트랙탑 - 크림화이트 / KC3335,https://image.msscdn.net/images/goods_img/20250818/5329564/5329564_17587641173048_500.jpg,False
2025-10,M,002018,트레이닝 재킷,002,아우터,11,5391584,adidas,아디다스,BB 트랙탑 - 올리브 / KC9261,https://image.msscdn.net/images/goods_img/20250902/5391584/5391584_17592812996671_500.jpg,False
2025-10,M,002018,트레이닝 재킷,002,아우터,12,5391585,adidas,아디다스,BB 트랙탑 - 쉐도우레드 / KC9262,https://image.msscdn.net/images/goods_img/20250902/5391585/5391585_17592198914838_500.jpg,False
2025-10,M,002018,트레이닝 재킷,002,아우터,13,3735923,musinsastandardsp,무신사 스탠다드 스포츠,스포츠 코어 바람막이 (3color),https://image.msscdn.net/images/goods_img/20231128/3735923/3735923_17556576183067_500.jpg,False
2025-10,M,002018,트레이닝 재킷,002,아우터,14,4799580,borntowin,본투윈,NYLON BLOCK JACKET [BLACK],https://image.msscdn.net/images/goods_img/20250218/4799580/4799580_17579089101576_500.jpg,False
2025-10,M,002018,트레이닝 재킷,002,아우터,15,4280526,travel,트래블,져지 트랙 자켓 브라운,https://image.msscdn.net/images/goods_img/20240729/4280526/4280526_17313741600749_500.jpg,False
2025-10,M,002018,트레이닝 재킷,002,아우터,16,4851406,nike,나이키,스트라이드 리펠 UV 러닝 재킷 M - 블랙 / HV4549-010,https://image.msscdn.net/images/goods_img/20250304/4851406/4851406_17417478253759_500.jpg,False
2025-10,M,002018,트레이닝 재킷,002,아우터,17,4280527,travel,트래블,져지 트랙 자켓 아이보리,https://image.msscdn.net/images/goods_img/20240729/4280527/4280527_17693915589684_500.jpg,False
2025-10,M,002018,트레이닝 재킷,002,아우터,18,5334862,adidas,아디다스,오버사이즈 트랙탑 - 블랙 / KC2605,https://image.msscdn.net/images/goods_img/20250819/5334862/5334862_17556596235268_500.jpg,False
2025-10,M,002018,트레이닝 재킷,002,아우터,19,4280525,travel,트래블,져지 트랙 자켓 네이비,https://image.msscdn.net/images/goods_img/20240729/4280525/4280525_17230945367525_500.jpg,False
2025-10,M,002018,트레이닝 재킷,002,아우터,20,5435913,adidas,아디다스,파이어버드 메탈릭 트랙탑 - 블랙 / JW5960,https://image.msscdn.net/images/goods_img/20250910/5435913/5435913_17579179276106_500.jpg,False
2025-10,M,002018,트레이닝 재킷,002,아우터,21,4945922,adidas,아디다스,아디컬러 클래식 베켄바우어 트랙탑 IP0418,https://image.msscdn.net/images/goods_img/20250326/4945922/4945922_17449669675839_500.jpg,False
2025-10,M,002018,트레이닝 재킷,002,아우터,22,4489823,adidas,아디다스,BB 트랙탑 - 다크브라운 / JD5267,https://image.msscdn.net/images/goods_img/20241007/4489823/4489823_17453957713625_500.jpg,False
2025-10,M,002018,트레이닝 재킷,002,아우터,23,4701879,puma,푸마,런 PLCD 그래픽 우븐 후디드 재킷 RUN PLCD GRAPHIC WOVEN HOODED JACKET (52241501),https://image.msscdn.net/images/goods_img/20250107/4701879/4701879_17362193764945_500.jpg,False
2025-10,M,002018,트레이닝 재킷,002,아우터,24,4071241,adidas,아디다스,아디컬러 클래식 파이어버드 트랙탑 IR9893,https://image.msscdn.net/images/goods_img/20240420/4071241/4071241_17435764732743_500.jpg,False
2025-10,M,002018,트레이닝 재킷,002,아우터,25,3588413,adidas,아디다스,베켄바우어 트랙탑 - 블랙:화이트 / II5763,https://image.msscdn.net/images/goods_img/20230922/3588413/3588413_16957743454348_500.jpg,False
2025-10,M,002018,트레이닝 재킷,002,아우터,26,4496172,adidas,아디다스,BB 트랙탑 - 네이비:오렌지 / JD5268,https://image.msscdn.net/images/goods_img/20241008/4496172/4496172_17453957498682_500.jpg,False
2025-10,M,002018,트레이닝 재킷,002,아우터,27,4719224,cpcompany,씨피 컴퍼니,CP 쉘 R 미디움 재킷 - 블랙 / 18CMOW001A005968A999,https://image.msscdn.net/images/goods_img/20250114/4719224/4719224_17375989207237_500.jpg,False
2025-10,M,002018,트레이닝 재킷,002,아우터,28,3976156,nike,나이키,스포츠웨어 윈드러너 후드 재킷 M - 블랙:화이트 / DA0002-010,https://image.msscdn.net/images/goods_img/20240321/3976156/3976156_17115806053307_500.jpg,False
2025-10,M,002018,트레이닝 재킷,002,아우터,29,3999802,adidas,아디다스,파이어버드 트랙탑 - 인디고 / IR9893,https://image.msscdn.net/images/goods_img/20240328/3999802/3999802_17116109248923_500.jpg,False
2025-10,M,002018,트레이닝 재킷,002,아우터,30,5537051,descente,데상트,트레이닝 기모 하이브리드 자켓 블랙 SQ423TKTO1,https://image.msscdn.net/images/goods_img/20250926/5537051/5537051_17639666218873_500.jpg,False
2025-10,M,002021,베스트,002,아우터,1,4989964,thenorthface,노스페이스,NV3NR50A 눕시 온볼 베스트_BLACK,https://image.msscdn.net/images/goods_img/20250404/4989964/4989964_17708638263347_500.jpg,False
2025-10,M,002021,베스트,002,아우터,2,4478554,nike,나이키,써마 핏 ADV 리펠 다운 러닝 베스트 M - 블랙 / FB7543-010,https://image.msscdn.net/images/goods_img/20240930/4478554/4478554_17292145240391_500.jpg,False
2025-10,M,002021,베스트,002,아우터,3,4323432,musinsastandard,무신사 스탠다드,시티 레저 유틸리티 패딩 베스트 [블랙],https://image.msscdn.net/images/goods_img/20240813/4323432/4323432_17273403512476_500.jpg,False
2025-10,M,002021,베스트,002,아우터,4,4644497,musinsastandardsp,무신사 스탠다드 스포츠,러닝 베스트 (3color),https://image.msscdn.net/images/goods_img/20241202/4644497/4644497_17846179657550_500.jpg,False
2025-10,M,002021,베스트,002,아우터,5,3493799,poloralphlauren,폴로 랄프 로렌,케이블 니트 코튼 스웨터 베스트 - 네이비,https://image.msscdn.net/images/goods_img/20230824/3493799/3493799_16940628044656_500.jpg,False
2025-10,M,002021,베스트,002,아우터,6,5353061,patagonia,파타고니아,멘즈 클래식 레트로-X 베스트 / 23049Q7,https://image.msscdn.net/images/goods_img/20250822/5353061/5353061_17558247181510_500.jpg,False
2025-10,M,002021,베스트,002,아우터,7,1305385,drawfit,드로우핏,오버핏 울 니트 베스트 [BLACK],https://image.msscdn.net/images/goods_img/20200214/1305385/1305385_16804992777098_500.jpg,False
2025-10,M,002021,베스트,002,아우터,8,4970524,newbalance,뉴발란스,NBGUF45301 / PF 러닝베스트 (BLACK),https://image.msscdn.net/images/goods_img/20250401/4970524/4970524_17890234397702_500.jpg,False
2025-10,M,002021,베스트,002,아우터,9,2729754,snowpeakapparel,스노우피크 어패럴,랜드 경량 다운 베스트 (S25WMGDV60) Black,https://image.msscdn.net/images/goods_img/20220819/2729754/2729754_17870482701380_500.jpg,False
2025-10,M,002021,베스트,002,아우터,10,2325610,takeasy,테이크이지,케이블 스몰라쿠 니트 베스트(네이비),https://image.msscdn.net/images/goods_img/20220125/2325610/2325610_2_500.jpg,False
2025-10,M,002021,베스트,002,아우터,11,4281744,levis,리바이스,샌섬 베스트_A8580-0001,https://image.msscdn.net/images/goods_img/20240730/4281744/4281744_17223087496479_500.jpg,False
2025-10,M,002021,베스트,002,아우터,12,5402808,snowpeakapparel,스노우피크 어패럴,에어리 라운드넥 경량 다운 베스트 (S25WMTDV58) Dark Charcoal,https://image.msscdn.net/images/goods_img/20250904/5402808/5402808_17633556743067_500.jpg,False
2025-10,M,002021,베스트,002,아우터,13,5605553,descente,데상트,스위스 스키 미들 다운 베스트 블랙 SQ421SDVO1,https://image.msscdn.net/images/goods_img/20251017/5605553/5605553_17624063270283_500.jpg,False
2025-10,M,002021,베스트,002,아우터,14,3652338,takeasy,테이크이지,오디너리 페어아일 베스트 가디건 - 2 COLOR,https://image.msscdn.net/images/goods_img/20231024/3652338/3652338_16999469117522_500.jpg,False
2025-10,M,002021,베스트,002,아우터,15,3851893,musinsastandard,무신사 스탠다드,시티 레저 후디드 베스트 [블랙],https://image.msscdn.net/images/goods_img/20240206/3851893/3851893_17098746779827_500.jpg,False
2025-10,M,002021,베스트,002,아우터,16,5401713,descente,데상트,에센셜 푸퍼 덕 다운 베스트 블랙(SQ423UDVO1),https://image.msscdn.net/images/goods_img/20250904/5401713/5401713_17900595305368_500.jpg,False
2025-10,M,002021,베스트,002,아우터,17,5497900,reveofficial,레브,REVELO V.01 트레일러닝 베스트 / 2color,https://image.msscdn.net/images/goods_img/20250919/5497900/5497900_17700117032455_500.png,False
2025-10,M,002021,베스트,002,아우터,18,1305386,drawfit,드로우핏,오버핏 울 니트 베스트 [L.BEIGE],https://image.msscdn.net/images/goods_img/20200214/1305386/1305386_16804992518493_500.jpg,False
2025-10,M,002021,베스트,002,아우터,19,5468836,gramicci,그라미치,써멀 리버시블 플리스 베스트 Chartreuse Stripe,https://image.msscdn.net/images/goods_img/20250916/5468836/5468836_17581670040598_500.jpg,False
2025-10,M,002021,베스트,002,아우터,20,3863373,frizmworks,프리즘웍스,HERITAGE HUNTING VEST _ OLIVE,https://image.msscdn.net/images/goods_img/20240213/3863373/3863373_17562767144673_500.jpg,False
2025-10,M,002021,베스트,002,아우터,21,4744810,kolonsport,코오롱스포츠,HERO 남성 프리마로프트 LIGHT 인슐레이션 베스트 JWVAX25017BLK,https://image.msscdn.net/images/goods_img/20250124/4744810/4744810_17415830887942_500.jpg,False
2025-10,M,002021,베스트,002,아우터,22,5381650,patagonia,파타고니아,리버서블 코튼 다운 베스트 / 26840Q7,https://image.msscdn.net/images/goods_img/20250831/5381650/5381650_17591254643311_500.jpg,False
2025-10,M,002021,베스트,002,아우터,23,4548900,thenorthface,노스페이스,NV1DQ56A 남성 1996 노벨티 눕시 베스트 (RDS 다운),https://image.msscdn.net/images/goods_img/20241023/4548900/4548900_17308577061261_500.jpg,False
2025-10,M,002021,베스트,002,아우터,24,5353055,patagonia,파타고니아,멘즈 베터 스웨터 베스트 / 25882Q7,https://image.msscdn.net/images/goods_img/20250822/5353055/5353055_17581679709828_500.jpg,False
2025-10,M,002021,베스트,002,아우터,25,5353054,patagonia,파타고니아,멘즈 레트로 파일 베스트 / 22821Q7,https://image.msscdn.net/images/goods_img/20250822/5353054/5353054_17604276015887_500.jpg,False
2025-10,M,002021,베스트,002,아우터,26,3758338,musinsastandard,무신사 스탠다드,시티 레저 CN 멀티 포켓 베스트 [블랙],https://image.msscdn.net/images/goods_img/20231215/3758338/3758338_17098740195896_500.jpg,False
2025-10,M,002021,베스트,002,아우터,27,3797852,knitted,니티드,쉐기독 울 100% 라운드 베스트 GREY,https://image.msscdn.net/images/goods_img/20240116/3797852/3797852_17247336464052_500.jpg,False
2025-10,M,002021,베스트,002,아우터,28,4709931,musinsastandard,무신사 스탠다드,시티 레저 유틸리티 피싱 베스트 [블랙],https://image.msscdn.net/images/goods_img/20250110/4709931/4709931_17419112531902_500.jpg,False
2025-10,M,002021,베스트,002,아우터,29,5402836,takeasy,테이크이지,헤리티지 포켓 워크 베스트 (블랙),https://image.msscdn.net/images/goods_img/20250904/5402836/5402836_17630856250760_500.jpg,False
2025-10,M,002021,베스트,002,아우터,30,3607313,eider,아이더,GL (GO LIGHT) UNI 다운 베스트_Black,https://image.msscdn.net/images/goods_img/20231006/3607313/3607313_16965539731872_500.jpg,False
2025-10,M,002008,환절기 코트,002,아우터,1,4594017,musinsastandard,무신사 스탠다드,오버사이즈 발마칸 트렌치 코트 [블랙],https://image.msscdn.net/images/goods_img/20241106/4594017/4594017_17369119667186_500.jpg,False
2025-10,M,002008,환절기 코트,002,아우터,2,4845466,musinsastandard,무신사 스탠다드,시티 레저 CN 오버사이즈 발마칸 트렌치 코트 [블랙],https://image.msscdn.net/images/goods_img/20250228/4845466/4845466_17416755739427_500.jpg,False
2025-10,M,002008,환절기 코트,002,아우터,3,4845467,musinsastandard,무신사 스탠다드,시티 레저 CN 오버사이즈 발마칸 트렌치 코트 [그레이],https://image.msscdn.net/images/goods_img/20250228/4845467/4845467_17419089858460_500.jpg,False
2025-10,M,002008,환절기 코트,002,아우터,4,680961,flareup,플레어업,오버사이즈 트렌치코트 (FL-012),https://image.msscdn.net/images/prd_img/20171130/680961/detail_680961_37_500.jpg,False
2025-10,M,002008,환절기 코트,002,아우터,5,3347280,ami,아미,싱글 브레스티드 코트 - 네이비 블루 / HCO003WV0004491,https://image.msscdn.net/images/goods_img/20230605/3347280/3347280_16926705385812_500.jpg,False
2025-10,M,002008,환절기 코트,002,아우터,6,5288220,noirer,노이어,램스 레더 베지터블 발마칸 코트 (블랙),https://image.msscdn.net/images/goods_img/20250801/5288220/5288220_17575687182268_500.jpg,False
2025-10,M,002008,환절기 코트,002,아우터,7,1744623,flareup,플레어업,Oversized Raglan Trench Coat - Black (FL-020),https://image.msscdn.net/images/goods_img/20210112/1744623/1744623_16925776963117_500.jpg,False
2025-10,M,002008,환절기 코트,002,아우터,8,4552254,nusarchive,너스,Burn Black Coat,https://image.msscdn.net/images/goods_img/20241024/4552254/4552254_17297407047551_500.jpg,False
2025-10,M,002008,환절기 코트,002,아우터,9,4845468,musinsastandard,무신사 스탠다드,시티 레저 CN 오버사이즈 발마칸 트렌치 코트 [리프 베이지],https://image.msscdn.net/images/goods_img/20250228/4845468/4845468_17416754901222_500.jpg,False
2025-10,M,002008,환절기 코트,002,아우터,10,3293824,ami,아미,싱글 브레스티드 코트 - 네이비 블루 / HCO003WV0001491,https://image.msscdn.net/images/goods_img/20230512/3293824/3293824_16867246913637_500.jpg,False
2025-10,M,002008,환절기 코트,002,아우터,11,4594019,musinsastandard,무신사 스탠다드,오버사이즈 발마칸 트렌치 코트 [네이비],https://image.msscdn.net/images/goods_img/20241106/4594019/4594019_17369119192560_500.jpg,False
2025-10,M,002008,환절기 코트,002,아우터,12,5415987,espionage,에스피오나지,British Gas Cape Coat Olive,https://image.msscdn.net/images/goods_img/20250908/5415987/5415987_17574693513544_500.jpg,False
2025-10,M,002008,환절기 코트,002,아우터,13,3307245,thombrowne,톰브라운,4 바 폴로 카라 코트 - 네이비 / MKJ098AY3028415,https://image.msscdn.net/images/goods_img/20230518/3307245/3307245_16867234240617_500.jpg,False
2025-10,M,002008,환절기 코트,002,아우터,14,3152655,mindbridge,마인드브릿지,[SMART][COUTURE]더블트렌치코트 라이트베이지 MXCA2101,https://image.msscdn.net/images/goods_img/20230316/3152655/3152655_16789399394204_500.jpg,False
2025-10,M,002008,환절기 코트,002,아우터,15,5415954,espionage,에스피오나지,British Gas Cape Coat Black,https://image.msscdn.net/images/goods_img/20250908/5415954/5415954_17574689567439_500.jpg,False
2025-10,M,002008,환절기 코트,002,아우터,16,3598335,lee,리,울 발마칸 코트 카멜,https://image.msscdn.net/images/goods_img/20230927/3598335/3598335_16993255655022_500.jpg,False
2025-10,M,002008,환절기 코트,002,아우터,17,1744568,flareup,플레어업,Oversized Raglan Trench Coat - Beige (FL-020),https://image.msscdn.net/images/goods_img/20210112/1744568/1744568_2_500.jpg,False
2025-10,M,002008,환절기 코트,002,아우터,18,4594018,musinsastandard,무신사 스탠다드,오버사이즈 발마칸 트렌치 코트 [베이지],https://image.msscdn.net/images/goods_img/20241106/4594018/4594018_17369119384489_500.jpg,False
2025-10,M,002008,환절기 코트,002,아우터,19,3086679,covernat,커버낫,오버핏 래글런 싱글 코트 베이지,https://image.msscdn.net/images/goods_img/20230215/3086679/3086679_16944081498606_500.jpg,False
2025-10,M,002008,환절기 코트,002,아우터,20,4353585,noirer,노이어,신서틱 레이어드 트렌치 코트 (블랙),https://image.msscdn.net/images/goods_img/20240821/4353585/4353585_17255172410260_500.jpg,False
2025-10,M,002008,환절기 코트,002,아우터,21,4659087,burberry,버버리,롱 켄싱턴 헤리티지 M 트렌치 코트 - 블랙 / 8079384,https://image.msscdn.net/images/goods_img/20241210/4659087/4659087_17349152285141_500.jpg,False
2025-10,M,002008,환절기 코트,002,아우터,22,4552250,nusarchive,너스,Burn Beige Coat,https://image.msscdn.net/images/goods_img/20241024/4552250/4552250_17297406714449_500.jpg,False
2025-10,M,002008,환절기 코트,002,아우터,23,4659204,burberry,버버리,롱 켄싱턴 헤리티지 M 트렌치 코트 - 허니 / 8079385,https://image.msscdn.net/images/goods_img/20241210/4659204/4659204_17346830913046_500.jpg,False
2025-10,M,002008,환절기 코트,002,아우터,24,5483099,belier,벨리에,센티널 후디드 필드 파카 - 워시드 블랙,https://image.msscdn.net/images/goods_img/20250918/5483099/5483099_17585175566283_500.jpg,False
2025-10,M,002008,환절기 코트,002,아우터,25,4388444,brooksbrothers,브룩스 브라더스,1818 스톰 시스템 탑 코트 (블랙) (BBCSMM5000UEF),https://image.msscdn.net/images/goods_img/20240830/4388444/4388444_17839997042659_500.jpg,False
2025-10,M,002008,환절기 코트,002,아우터,26,2994627,mindbridge,마인드브릿지,[22SS][SMART][COUTURE]더블트렌치코트 - 3color MWCA2101,https://image.msscdn.net/images/goods_img/20221223/2994627/2994627_5_500.jpg,False
2025-10,M,002008,환절기 코트,002,아우터,27,2748158,coor,쿠어,발마칸 트렌치 로브 코트 (다크브라운),https://image.msscdn.net/images/goods_img/20220828/2748158/2748158_1_500.jpg,False
2025-10,M,002008,환절기 코트,002,아우터,28,5441829,siegfahrenheit,파렌하이트,[GRANDCRU] 마르조또 세레머니 싱글 수트 세트 (FHJAH2141_FHPAH2041),https://image.msscdn.net/images/goods_img/20250911/5441829/5441829_17575547656098_500.jpg,False
2025-10,M,002008,환절기 코트,002,아우터,29,2720025,insilence,인사일런스,오버사이즈 슬로시 울 트렌치 코트 BEIGE,https://image.msscdn.net/images/goods_img/20220816/2720025/2720025_2_500.jpg,False
2025-10,M,002008,환절기 코트,002,아우터,30,3003552,mindbridge,마인드브릿지,하프코트 - 2color MYCA2102,https://image.msscdn.net/images/goods_img/20230103/3003552/3003552_17044190887800_500.jpg,False
2025-10,M,002015,기타 아우터,002,아우터,1,5360731,salomon,살로몬,모디세이 패딩 자켓_LC2992100,https://image.msscdn.net/images/goods_img/20250825/5360731/5360731_17899800512692_500.jpg,False
2025-10,M,002015,기타 아우터,002,아우터,2,5367614,arcteryx,아크테릭스,아톰 SV 후디 남성 - BLACK / AJPFM09902,https://image.msscdn.net/images/goods_img/20250827/5367614/5367614_17573795222252_500.jpg,False
2025-10,M,002015,기타 아우터,002,아우터,3,5599896,arcteryx,아크테릭스,아톰 후디 남성 - BLACK / AJPFM09556,https://image.msscdn.net/images/goods_img/20251016/5599896/5599896_17616152350008_500.jpg,False
2025-10,M,002015,기타 아우터,002,아우터,4,5445842,hondaxphyps,혼다 모터사이클,Track Zip up Jacket (5Colors),https://image.msscdn.net/images/goods_img/20250911/5445842/5445842_17630862995747_500.jpg,False
2025-10,M,002015,기타 아우터,002,아우터,5,3493776,poloralphlauren,폴로 랄프 로렌,코튼 트윌 치노 재킷 - 베이지,https://image.msscdn.net/images/goods_img/20230824/3493776/3493776_16940558616592_500.jpg,False
2025-10,M,002015,기타 아우터,002,아우터,6,2837405,matinkim,마뗑킴,MATIN KIM LOGO COATING JUMPER,https://image.msscdn.net/images/goods_img/20221004/2837405/2837405_1_500.jpg,False
2025-10,M,002015,기타 아우터,002,아우터,7,4439851,dickies,디키즈,트윌 워크 재킷 Khaki,https://image.msscdn.net/images/goods_img/20240913/4439851/4439851_17325800749993_500.jpg,False
2025-10,M,002015,기타 아우터,002,아우터,8,5403193,adidas,아디다스,니트 트랙탑 - 원더알루미나 / KC2618,https://image.msscdn.net/images/goods_img/20250904/5403193/5403193_17569778952082_500.jpg,False
2025-10,M,002015,기타 아우터,002,아우터,9,4439849,dickies,디키즈,트윌 워크 재킷 Black,https://image.msscdn.net/images/goods_img/20240913/4439849/4439849_17325800650698_500.jpg,False
2025-10,M,002015,기타 아우터,002,아우터,10,4811740,unionblue,유니온블루,REVERSIBLE LINER JACKET [BLACK/KHAKI],https://image.msscdn.net/images/goods_img/20250220/4811740/4811740_17586905117097_500.jpg,False
2025-10,M,002015,기타 아우터,002,아우터,11,5445953,hondaxphyps,혼다 모터사이클,Piping Motorcycle Blouson Jacket (3Colors),https://image.msscdn.net/images/goods_img/20250911/5445953/5445953_17636221016104_500.jpg,False
2025-10,M,002015,기타 아우터,002,아우터,12,5502933,nike,나이키,ACG 라바 플로우 써마 핏 ADV 재킷 M - 블랙:서밋 화이트 / HJ3736-010,https://image.msscdn.net/images/goods_img/20250922/5502933/5502933_17586884626594_500.jpg,False
2025-10,M,002015,기타 아우터,002,아우터,13,4440721,poloralphlauren,폴로 랄프 로렌,코튼 트윌 재킷-네이비,https://image.msscdn.net/images/goods_img/20240913/4440721/4440721_17292160301994_500.jpg,False
2025-10,M,002015,기타 아우터,002,아우터,14,3471497,frizmworks,프리즘웍스,CORDUROY BUDDY HARRINGTON JACKET _ BROWN,https://image.msscdn.net/images/goods_img/20230817/3471497/3471497_16927568210912_500.jpg,False
2025-10,M,002015,기타 아우터,002,아우터,15,5360729,salomon,살로몬,모디세이 패딩 자켓_LC2992200,https://image.msscdn.net/images/goods_img/20250825/5360729/5360729_17568113407097_500.jpg,False
2025-10,M,002015,기타 아우터,002,아우터,16,1620285,poloralphlauren,폴로 랄프 로렌,바이스윙 윈드브레이커 - 네이비,https://image.msscdn.net/images/goods_img/20200923/1620285/1620285_2_500.jpg,False
2025-10,M,002015,기타 아우터,002,아우터,17,5445109,unionblue,유니온블루,HERRINGBONE REVERSIBLE LINER JACKET [GRAPHITE/GRAY],https://image.msscdn.net/images/goods_img/20250911/5445109/5445109_17591313331542_500.jpg,False
2025-10,M,002015,기타 아우터,002,아우터,18,4641917,arcteryx,아크테릭스,아톰 자켓 남성 - STRATUS / AJOFMX7349,https://image.msscdn.net/images/goods_img/20241128/4641917/4641917_17332123614943_500.jpg,False
2025-10,M,002015,기타 아우터,002,아우터,19,4506787,jeleve,제이엘브,퍼 하이넥 자켓,https://image.msscdn.net/images/goods_img/20241011/4506787/4506787_17900527424447_500.jpg,False
2025-10,M,002015,기타 아우터,002,아우터,20,1620288,poloralphlauren,폴로 랄프 로렌,바이스윙 윈드브레이커 - 베이지,https://image.msscdn.net/images/goods_img/20200923/1620288/1620288_2_500.jpg,False
2025-10,M,002015,기타 아우터,002,아우터,21,5364802,adidas,아디다스,오버사이즈 와플 니트 트랙탑  - 블랙 / KC2619,https://image.msscdn.net/images/goods_img/20250826/5364802/5364802_17562568593395_500.jpg,False
2025-10,M,002015,기타 아우터,002,아우터,22,5482501,borntowin,본투윈,BRN HYBRID PADDED MUSCLE FIT JACKET [BLACK],https://image.msscdn.net/images/goods_img/20250917/5482501/5482501_17587943273383_500.jpg,False
2025-10,M,002015,기타 아우터,002,아우터,23,4514395,trillion,트릴리온,코듀로이 카라 스웨이드 집업 워크 자켓 [블랙],https://image.msscdn.net/images/goods_img/20241014/4514395/4514395_17298226223955_500.jpg,False
2025-10,M,002015,기타 아우터,002,아우터,24,5391465,minav,미나브,[미나브X후디진호] 후디드 니트 집업 자켓 [다크그레이],https://image.msscdn.net/images/goods_img/20250902/5391465/5391465_17609410315428_500.jpg,False
2025-10,M,002015,기타 아우터,002,아우터,25,4439852,dickies,디키즈,트윌 워크 재킷 Olive,https://image.msscdn.net/images/goods_img/20240913/4439852/4439852_17325800807282_500.jpg,False
2025-10,M,002015,기타 아우터,002,아우터,26,5367617,arcteryx,아크테릭스,아톰 SV 후디 남성 - SOLITUDE / AJPFM09902,https://image.msscdn.net/images/goods_img/20250827/5367617/5367617_17573795760128_500.jpg,False
2025-10,M,002015,기타 아우터,002,아우터,27,4794628,arcteryx,아크테릭스,베타 AR 자켓 남성 - BLACK / AJPSM07082,https://image.msscdn.net/images/goods_img/20250217/4794628/4794628_17404592954302_500.jpg,False
2025-10,M,002015,기타 아우터,002,아우터,28,3242493,thombrowne,톰브라운,RWB 스트라이프 셔츠 재킷 - 네이비 / MJO193A00898415,https://image.msscdn.net/images/goods_img/20230418/3242493/3242493_16891282050933_500.jpg,False
2025-10,M,002015,기타 아우터,002,아우터,29,5381620,patagonia,파타고니아,멘즈 토렌트쉘 3L 레인 재킷 / 85241Q7,https://image.msscdn.net/images/goods_img/20250831/5381620/5381620_17604008559153_500.jpg,False
2025-10,M,002015,기타 아우터,002,아우터,30,3542948,frizmworks,프리즘웍스,SMOCK HOODED PARKA 002 _ OLIVE,https://image.msscdn.net/images/goods_img/20230907/3542948/3542948_16947080035174_500.jpg,False
2025-10,M,003,바지,,,1,1168906,musinsastandard,무신사 스탠다드,와이드 히든 밴딩 슬랙스 [블랙],https://image.msscdn.net/images/goods_img/20190927/1168906/1168906_17224121763738_500.jpg,False
2025-10,M,003,바지,,,2,1149329,musinsastandard,무신사 스탠다드,세미 와이드 히든 밴딩 슬랙스 [블랙],https://image.msscdn.net/images/goods_img/20190910/1149329/1149329_17775152531848_500.jpg,False
2025-10,M,003,바지,,,3,1844582,brenson,브렌슨,(Renew Ver.) 원턱 와이드 스웨트 팬츠 ( 8Color ) ( 기모선택 ),https://image.msscdn.net/images/goods_img/20210315/1844582/1844582_17774456564921_500.jpg,False
2025-10,M,003,바지,,,4,3791988,filluminate,필루미네이트,데미지 워시드 데님 팬츠-미디엄 블루,https://image.msscdn.net/images/goods_img/20240112/3791988/3791988_17894491801613_500.jpg,False
2025-10,M,003,바지,,,5,1168922,musinsastandard,무신사 스탠다드,리얼 와이드 히든 밴딩 슬랙스 [블랙],https://image.msscdn.net/images/goods_img/20190927/1168922/1168922_17784624760417_500.jpg,False
2025-10,M,003,바지,,,6,4993414,signature,시그니처,와이드 커브드 다트 코튼 팬츠[베이지],https://image.msscdn.net/images/goods_img/20250407/4993414/4993414_17883391236407_500.jpg,False
2025-10,M,003,바지,,,7,3674341,boundary,바운더리,투턱 와이드 롱 스웨트 팬츠 [블랙],https://image.msscdn.net/images/goods_img/20231101/3674341/3674341_17042599581270_500.jpg,False
2025-10,M,003,바지,,,8,1551839,xero,제로,Deep One Tuck Sweat Pants [Black],https://image.msscdn.net/images/goods_img/20200818/1551839/1551839_1_500.jpg,False
2025-10,M,003,바지,,,9,3663072,toffee,토피,모어 와이드 데님 팬츠 (WASHED RAW BLACK),https://image.msscdn.net/images/goods_img/20231027/3663072/3663072_16988871011427_500.jpg,False
2025-10,M,003,바지,,,10,1551840,xero,제로,Deep One Tuck Sweat Pants [Grey],https://image.msscdn.net/images/goods_img/20200818/1551840/1551840_1_500.jpg,False
2025-10,M,003,바지,,,11,1735427,selfesteem,에스이에스티,[2PACK] 와이드핏 트레이닝 스웨트 팬츠 - 6Color,https://image.msscdn.net/images/goods_img/20210104/1735427/1735427_17646558259203_500.jpg,False
2025-10,M,003,바지,,,12,5489728,xero,제로,Deep One Tuck Sweat Pants [15 Colors],https://image.msscdn.net/images/goods_img/20250918/5489728/5489728_17587765479442_500.jpg,False
2025-10,M,003,바지,,,13,2112061,gakka2,가까이 유니언즈,[여름 or 기모 or 사계절 원단 선택] 원턱 와이드 스웨트팬츠 블랙,https://image.msscdn.net/images/goods_img/20210906/2112061/2112061_17459952841713_500.jpg,False
2025-10,M,003,바지,,,14,1627892,musinsastandard,무신사 스탠다드,레플리카 퍼티그 팬츠 [카키],https://image.msscdn.net/images/goods_img/20200928/1627892/1627892_17827088773028_500.jpg,False
2025-10,M,003,바지,,,15,750908,wholovesart,후러브스아트,[기모 or 논기모] 유니섹스 세미 와이드 밴딩 슬랙스 블랙,https://image.msscdn.net/images/goods_img/20180406/750908/750908_17736379434172_500.jpg,False
2025-10,M,003,바지,,,16,4993411,signature,시그니처,와이드 커브드 다트 코튼 팬츠[블랙],https://image.msscdn.net/images/goods_img/20250407/4993411/4993411_17853022954116_500.jpg,False
2025-10,M,003,바지,,,17,2112059,gakka2,가까이 유니언즈,[여름 or 기모 or 사계절 원단 선택] 원턱 와이드 스웨트팬츠 그레이,https://image.msscdn.net/images/goods_img/20210906/2112059/2112059_17473624399256_500.jpg,False
2025-10,M,003,바지,,,18,4747231,leire,르아르,에브리데이 커브드 데님 팬츠 [블랙],https://image.msscdn.net/images/goods_img/20250130/4747231/4747231_17745029104425_500.jpg,False
2025-10,M,003,바지,,,19,4757347,untapped,언탭트 스튜디오,빈티지 프론트 워싱 와이드 벌룬 데님 팬츠 3Color,https://image.msscdn.net/images/goods_img/20250204/4757347/4757347_17389245694198_500.jpg,False
2025-10,M,003,바지,,,20,5367961,dimitriblack,디미트리블랙,VLAD 원턱 커브드 트랙 스웻 팬츠_피그먼트 차콜,https://image.msscdn.net/images/goods_img/20250827/5367961/5367961_17564338248285_500.jpg,False
2025-10,M,003,바지,,,21,4274049,lemainsecond,리메인세컨드,빈티지 캣워싱 와이드 데님 팬츠 [옐로우 워싱],https://image.msscdn.net/images/prd_img/20240725/4274049/detail_4274049_17757836079460_500.jpg,False
2025-10,M,003,바지,,,22,5311382,untapped,언탭트 스튜디오,워시드 오버 와이드 코튼 데님팬츠 3Color,https://image.msscdn.net/images/goods_img/20250812/5311382/5311382_17549965010305_500.jpg,False
2025-10,M,003,바지,,,23,4258826,buttonseoul,버튼서울,베이직 라인 나일론 스트링 팬츠 (블랙),https://image.msscdn.net/images/goods_img/20240718/4258826/4258826_17246350067348_500.png,False
2025-10,M,003,바지,,,24,2513018,afresh,어프레쉬,[기모버전 추가] 에어스트레치 조거팬츠_블랙 트레이닝,https://image.msscdn.net/images/goods_img/20220425/2513018/2513018_17858061457763_500.jpg,False
2025-10,M,003,바지,,,25,1149328,musinsastandard,무신사 스탠다드,테이퍼드 히든 밴딩 크롭 슬랙스 [블랙],https://image.msscdn.net/images/goods_img/20190910/1149328/1149328_17222375113367_500.jpg,False
2025-10,M,003,바지,,,26,1222184,musinsastandard,무신사 스탠다드,와이드 히든 밴딩 슬랙스 [미디엄 그레이],https://image.msscdn.net/images/goods_img/20191113/1222184/1222184_17222997169530_500.jpg,False
2025-10,M,003,바지,,,27,2744549,anolorcode,어널러코드,사계절 쓰리턱 트레이닝팬츠 (2color),https://image.msscdn.net/images/goods_img/20220825/2744549/2744549_17848712083816_500.jpg,False
2025-10,M,003,바지,,,28,4318326,toffee,토피,퍼티그 비조 캔버스 코튼 팬츠 (BROWN),https://image.msscdn.net/images/goods_img/20240812/4318326/4318326_17255032477103_500.jpg,False
2025-10,M,003,바지,,,29,2568748,musinsastandard,무신사 스탠다드,스트레이트 히든 밴딩 슬랙스 [블랙],https://image.msscdn.net/images/goods_img/20220518/2568748/2568748_17518450114735_500.jpg,False
2025-10,M,003,바지,,,30,5308542,ghostrepublic,고스트리퍼블릭,커브드 사이드 핀턱 벌룬 스웨트팬츠 GLP-650_블랙,https://image.msscdn.net/images/goods_img/20250811/5308542/5308542_17560976834295_500.jpg,False
2025-10,M,003002,데님 팬츠,003,바지,1,3791988,filluminate,필루미네이트,데미지 워시드 데님 팬츠-미디엄 블루,https://image.msscdn.net/images/goods_img/20240112/3791988/3791988_17894491801613_500.jpg,False
2025-10,M,003002,데님 팬츠,003,바지,2,3663072,toffee,토피,모어 와이드 데님 팬츠 (WASHED RAW BLACK),https://image.msscdn.net/images/goods_img/20231027/3663072/3663072_16988871011427_500.jpg,False
2025-10,M,003002,데님 팬츠,003,바지,3,4747231,leire,르아르,에브리데이 커브드 데님 팬츠 [블랙],https://image.msscdn.net/images/goods_img/20250130/4747231/4747231_17745029104425_500.jpg,False
2025-10,M,003002,데님 팬츠,003,바지,4,4757347,untapped,언탭트 스튜디오,빈티지 프론트 워싱 와이드 벌룬 데님 팬츠 3Color,https://image.msscdn.net/images/goods_img/20250204/4757347/4757347_17389245694198_500.jpg,False
2025-10,M,003002,데님 팬츠,003,바지,5,4274049,lemainsecond,리메인세컨드,빈티지 캣워싱 와이드 데님 팬츠 [옐로우 워싱],https://image.msscdn.net/images/prd_img/20240725/4274049/detail_4274049_17757836079460_500.jpg,False
2025-10,M,003002,데님 팬츠,003,바지,6,5311382,untapped,언탭트 스튜디오,워시드 오버 와이드 코튼 데님팬츠 3Color,https://image.msscdn.net/images/goods_img/20250812/5311382/5311382_17549965010305_500.jpg,False
2025-10,M,003002,데님 팬츠,003,바지,7,4750062,workonbodyoff,워크온바디오프,릴렉스 세미 와이드 데님 팬츠 (5color),https://image.msscdn.net/images/goods_img/20250203/4750062/4750062_17890056901943_500.jpg,False
2025-10,M,003002,데님 팬츠,003,바지,8,5066602,decet,데케트,[패션플래닛X데케트][올시즌]Relaxed Wide Denim Jeans DCPT064,https://image.msscdn.net/images/goods_img/20250425/5066602/5066602_17756144796489_500.jpg,False
2025-10,M,003002,데님 팬츠,003,바지,9,4358823,branded,브랜디드,1792 OLD SOUL JEANS [WIDE STRAIGHT],https://image.msscdn.net/images/goods_img/20240822/4358823/4358823_17817666197789_500.jpg,False
2025-10,M,003002,데님 팬츠,003,바지,10,1666444,musinsastandard,무신사 스탠다드,와이드 데님 팬츠 [워시드 블랙],https://image.msscdn.net/images/goods_img/20201028/1666444/1666444_17623227820940_500.jpg,False
2025-10,M,003002,데님 팬츠,003,바지,11,3791990,filluminate,필루미네이트,데미지 워시드 데님 팬츠-블랙,https://image.msscdn.net/images/goods_img/20240112/3791990/3791990_17894492105263_500.jpg,False
2025-10,M,003002,데님 팬츠,003,바지,12,4164429,untapped,언탭트 스튜디오,빈티지 프론트 워싱 와이드 청바지 데님 팬츠,https://image.msscdn.net/images/goods_img/20240529/4164429/4164429_17201609421486_500.jpg,False
2025-10,M,003002,데님 팬츠,003,바지,13,2092852,goodlifeworks,굿라이프웍스,이지 와이드 데님 팬츠 그레이,https://image.msscdn.net/images/goods_img/20210826/2092852/2092852_17086532214128_500.jpg,False
2025-10,M,003002,데님 팬츠,003,바지,14,5371284,asp,애습,커브드 와이드 데님 - 중청,https://image.msscdn.net/images/prd_img/20250827/5371284/detail_5371284_17768305654727_500.jpg,False
2025-10,M,003002,데님 팬츠,003,바지,15,2268294,musinsastandard,무신사 스탠다드,레귤러 핏 데님 팬츠 [블랙],https://image.msscdn.net/images/goods_img/20211214/2268294/2268294_17623224322646_500.jpg,False
2025-10,M,003002,데님 팬츠,003,바지,16,4300665,decet,데케트,Balloon Wide Jeans DCPT055YLBlackB,https://image.msscdn.net/images/goods_img/20240806/4300665/4300665_17458948768541_500.jpg,False
2025-10,M,003002,데님 팬츠,003,바지,17,3046316,outstanding,아웃스탠딩,[MUT lab] 40S SELVEDGE STRAIGHT PANTS_INDIGO,https://image.msscdn.net/images/goods_img/20230130/3046316/3046316_17682656713319_500.jpg,False
2025-10,M,003002,데님 팬츠,003,바지,18,4225253,musinsastandard,무신사 스탠다드,플레어 데님 팬츠 [블랙],https://image.msscdn.net/images/goods_img/20240701/4225253/4225253_17569513691239_500.jpg,False
2025-10,M,003002,데님 팬츠,003,바지,19,2208662,musinsastandard,무신사 스탠다드,와이드 데님 팬츠 [블랙],https://image.msscdn.net/images/goods_img/20211101/2208662/2208662_17623229127604_500.jpg,False
2025-10,M,003002,데님 팬츠,003,바지,20,3076306,millo,밀로 아카이브,리플렉트 커브드 팬츠 [블랙],https://image.msscdn.net/images/goods_img/20230210/3076306/3076306_16762672518722_500.jpg,False
2025-10,M,003002,데님 팬츠,003,바지,21,4782512,9999archive,9999아카이브,Linking Wide Denim Pants,https://image.msscdn.net/images/goods_img/20250212/4782512/4782512_17398703766040_500.jpg,False
2025-10,M,003002,데님 팬츠,003,바지,22,2391746,musinsastandard,무신사 스탠다드,스트레이트 데님 팬츠 [블랙],https://image.msscdn.net/images/goods_img/20220302/2391746/2391746_17623218812866_500.jpg,False
2025-10,M,003002,데님 팬츠,003,바지,23,2028335,musinsastandard,무신사 스탠다드,KIPAS 스트레이트 데님 팬츠 [미디엄 인디고],https://image.msscdn.net/images/goods_img/20210714/2028335/2028335_17137733040326_500.jpg,False
2025-10,M,003002,데님 팬츠,003,바지,24,3046300,outstanding,아웃스탠딩,30S CINCH BACK SELVEDGE WIDE PANTS_INDIGO,https://image.msscdn.net/images/goods_img/20230130/3046300/3046300_17682655726680_500.jpg,False
2025-10,M,003002,데님 팬츠,003,바지,25,2208663,musinsastandard,무신사 스탠다드,와이드 데님 팬츠 [그레이],https://image.msscdn.net/images/goods_img/20211101/2208663/2208663_17623226784984_500.jpg,False
2025-10,M,003002,데님 팬츠,003,바지,26,1322222,musinsastandard,무신사 스탠다드,레귤러 핏 데님 팬츠 [크림],https://image.msscdn.net/images/goods_img/20200225/1322222/1322222_17623225976100_500.jpg,False
2025-10,M,003002,데님 팬츠,003,바지,27,4274045,lemainsecond,리메인세컨드,빈티지 캣워싱 와이드 데님 팬츠 [샌드 블루],https://image.msscdn.net/images/goods_img/20240725/4274045/4274045_17888435557697_500.jpg,False
2025-10,M,003002,데님 팬츠,003,바지,28,5128859,nombre,놈브레,캣워싱 키링 플레어 데님 부츠컷 팬츠 [블루],https://image.msscdn.net/images/goods_img/20250520/5128859/5128859_17588518767485_500.jpg,False
2025-10,M,003002,데님 팬츠,003,바지,29,396185,uniformbridge,유니폼브릿지,selvedge denim pants deep indigo,https://image.msscdn.net/images/goods_img/20160818/396185/396185_17772738948330_500.jpg,False
2025-10,M,003002,데님 팬츠,003,바지,30,3859521,musinsastandard,무신사 스탠다드,빅 브러쉬 엑스트라 와이드 데님 팬츠 [러스티 블루],https://image.msscdn.net/images/goods_img/20240208/3859521/3859521_17115946344528_500.jpg,False
2025-10,M,003004,트레이닝/조거 팬츠,003,바지,1,1844582,brenson,브렌슨,(Renew Ver.) 원턱 와이드 스웨트 팬츠 ( 8Color ) ( 기모선택 ),https://image.msscdn.net/images/goods_img/20210315/1844582/1844582_17774456564921_500.jpg,False
2025-10,M,003004,트레이닝/조거 팬츠,003,바지,2,3674341,boundary,바운더리,투턱 와이드 롱 스웨트 팬츠 [블랙],https://image.msscdn.net/images/goods_img/20231101/3674341/3674341_17042599581270_500.jpg,False
2025-10,M,003004,트레이닝/조거 팬츠,003,바지,3,1551839,xero,제로,Deep One Tuck Sweat Pants [Black],https://image.msscdn.net/images/goods_img/20200818/1551839/1551839_1_500.jpg,False
2025-10,M,003004,트레이닝/조거 팬츠,003,바지,4,1551840,xero,제로,Deep One Tuck Sweat Pants [Grey],https://image.msscdn.net/images/goods_img/20200818/1551840/1551840_1_500.jpg,False
2025-10,M,003004,트레이닝/조거 팬츠,003,바지,5,1735427,selfesteem,에스이에스티,[2PACK] 와이드핏 트레이닝 스웨트 팬츠 - 6Color,https://image.msscdn.net/images/goods_img/20210104/1735427/1735427_17646558259203_500.jpg,False
2025-10,M,003004,트레이닝/조거 팬츠,003,바지,6,5489728,xero,제로,Deep One Tuck Sweat Pants [15 Colors],https://image.msscdn.net/images/goods_img/20250918/5489728/5489728_17587765479442_500.jpg,False
2025-10,M,003004,트레이닝/조거 팬츠,003,바지,7,2112061,gakka2,가까이 유니언즈,[여름 or 기모 or 사계절 원단 선택] 원턱 와이드 스웨트팬츠 블랙,https://image.msscdn.net/images/goods_img/20210906/2112061/2112061_17459952841713_500.jpg,False
2025-10,M,003004,트레이닝/조거 팬츠,003,바지,8,2112059,gakka2,가까이 유니언즈,[여름 or 기모 or 사계절 원단 선택] 원턱 와이드 스웨트팬츠 그레이,https://image.msscdn.net/images/goods_img/20210906/2112059/2112059_17473624399256_500.jpg,False
2025-10,M,003004,트레이닝/조거 팬츠,003,바지,9,5367961,dimitriblack,디미트리블랙,VLAD 원턱 커브드 트랙 스웻 팬츠_피그먼트 차콜,https://image.msscdn.net/images/goods_img/20250827/5367961/5367961_17564338248285_500.jpg,False
2025-10,M,003004,트레이닝/조거 팬츠,003,바지,10,4258826,buttonseoul,버튼서울,베이직 라인 나일론 스트링 팬츠 (블랙),https://image.msscdn.net/images/goods_img/20240718/4258826/4258826_17246350067348_500.png,False
2025-10,M,003004,트레이닝/조거 팬츠,003,바지,11,2513018,afresh,어프레쉬,[기모버전 추가] 에어스트레치 조거팬츠_블랙 트레이닝,https://image.msscdn.net/images/goods_img/20220425/2513018/2513018_17858061457763_500.jpg,False
2025-10,M,003004,트레이닝/조거 팬츠,003,바지,12,2744549,anolorcode,어널러코드,사계절 쓰리턱 트레이닝팬츠 (2color),https://image.msscdn.net/images/goods_img/20220825/2744549/2744549_17848712083816_500.jpg,False
2025-10,M,003004,트레이닝/조거 팬츠,003,바지,13,5308542,ghostrepublic,고스트리퍼블릭,커브드 사이드 핀턱 벌룬 스웨트팬츠 GLP-650_블랙,https://image.msscdn.net/images/goods_img/20250811/5308542/5308542_17560976834295_500.jpg,False
2025-10,M,003004,트레이닝/조거 팬츠,003,바지,14,4556447,scallywag,스켈리웩,[기모원단추가]벌룬핏 스웨트 팬츠[블랙],https://image.msscdn.net/images/goods_img/20241024/4556447/4556447_17890205647368_500.jpg,False
2025-10,M,003004,트레이닝/조거 팬츠,003,바지,15,3404707,musinsastandard,무신사 스탠다드,시티 레저 와이드 벨티드 카고 팬츠 [블랙],https://image.msscdn.net/images/goods_img/20230712/3404707/3404707_17134032325426_500.jpg,False
2025-10,M,003004,트레이닝/조거 팬츠,003,바지,16,3674342,boundary,바운더리,투턱 와이드 롱 스웨트 팬츠 [그레이],https://image.msscdn.net/images/goods_img/20231101/3674342/3674342_17044188945397_500.jpg,False
2025-10,M,003004,트레이닝/조거 팬츠,003,바지,17,5308541,ghostrepublic,고스트리퍼블릭,커브드 사이드 핀턱 벌룬 스웨트팬츠 GLP-650_그레이,https://image.msscdn.net/images/goods_img/20250811/5308541/5308541_17560977545600_500.jpg,False
2025-10,M,003004,트레이닝/조거 팬츠,003,바지,18,4787238,signature,시그니처,[겨울원단추가]더블턱 와이드 트레이닝 팬츠[2COLORS],https://image.msscdn.net/images/goods_img/20250213/4787238/4787238_17872918377778_500.jpg,False
2025-10,M,003004,트레이닝/조거 팬츠,003,바지,19,3378536,musinsastandard,무신사 스탠다드,코튼 파라슈트 카고 팬츠 [블랙],https://image.msscdn.net/images/goods_img/20230622/3378536/3378536_16982097491877_500.jpg,False
2025-10,M,003004,트레이닝/조거 팬츠,003,바지,20,4556449,scallywag,스켈리웩,[기모원단추가]벌룬핏 스웨트 팬츠[라이트그레이],https://image.msscdn.net/images/goods_img/20241024/4556449/4556449_17891087880393_500.jpg,False
2025-10,M,003004,트레이닝/조거 팬츠,003,바지,21,5215545,musinsastandard,무신사 스탠다드,시티 레저 속기모 와이드 벨티드 파라슈트 팬츠 [블랙],https://image.msscdn.net/images/goods_img/20250701/5215545/5215545_17576604102980_500.jpg,False
2025-10,M,003004,트레이닝/조거 팬츠,003,바지,22,4556448,scallywag,스켈리웩,[기모원단추가]벌룬핏 스웨트 팬츠[브라운],https://image.msscdn.net/images/goods_img/20241024/4556448/4556448_17891088294272_500.jpg,False
2025-10,M,003004,트레이닝/조거 팬츠,003,바지,23,3238724,leathery,레더리,(기모VER 추가) 파라슈트 와이드 카고 팬츠 [7COLOR],https://image.msscdn.net/images/goods_img/20230417/3238724/3238724_17875353244658_500.jpg,False
2025-10,M,003004,트레이닝/조거 팬츠,003,바지,24,3037465,dimitriblack,디미트리블랙,VLAD 워터프루프 와이드 카고 팬츠_블랙,https://image.msscdn.net/images/goods_img/20230125/3037465/3037465_17727796661503_500.jpg,False
2025-10,M,003004,트레이닝/조거 팬츠,003,바지,25,1212776,musinsastandard,무신사 스탠다드,라운지 스웨트 팬츠 [블랙],https://image.msscdn.net/images/goods_img/20191105/1212776/1212776_17811631850479_500.jpg,False
2025-10,M,003004,트레이닝/조거 팬츠,003,바지,26,4067457,suade,스웨이드,TWO TUCK LONG PANTS [GRAY],https://image.msscdn.net/images/goods_img/20240418/4067457/4067457_17134293376311_500.jpg,False
2025-10,M,003004,트레이닝/조거 팬츠,003,바지,27,5205804,musinsastandard,무신사 스탠다드,기모 원 턱 와이드 라운지 스웨트 팬츠 [블랙],https://image.msscdn.net/images/goods_img/20250625/5205804/5205804_17593104402647_500.jpg,False
2025-10,M,003004,트레이닝/조거 팬츠,003,바지,28,2307747,musinsastandard,무신사 스탠다드,원 턱 와이드 라운지 스웨트 팬츠 [블랙],https://image.msscdn.net/images/goods_img/20220114/2307747/2307747_17515267961733_500.jpg,False
2025-10,M,003004,트레이닝/조거 팬츠,003,바지,29,3439140,toffee,토피,파이핑 라인 트랙 스트링 팬츠 (BLACK),https://image.msscdn.net/images/goods_img/20230801/3439140/3439140_17821119476674_500.png,False
2025-10,M,003004,트레이닝/조거 팬츠,003,바지,30,4057732,lemainsecond,리메인세컨드,원턱 와이드 스웨트 팬츠 [그레이],https://image.msscdn.net/images/goods_img/20240416/4057732/4057732_17817553079562_500.jpg,False
2025-10,M,003007,코튼 팬츠,003,바지,1,4993414,signature,시그니처,와이드 커브드 다트 코튼 팬츠[베이지],https://image.msscdn.net/images/goods_img/20250407/4993414/4993414_17883391236407_500.jpg,False
2025-10,M,003007,코튼 팬츠,003,바지,2,1627892,musinsastandard,무신사 스탠다드,레플리카 퍼티그 팬츠 [카키],https://image.msscdn.net/images/goods_img/20200928/1627892/1627892_17827088773028_500.jpg,False
2025-10,M,003007,코튼 팬츠,003,바지,3,4993411,signature,시그니처,와이드 커브드 다트 코튼 팬츠[블랙],https://image.msscdn.net/images/goods_img/20250407/4993411/4993411_17853022954116_500.jpg,False
2025-10,M,003007,코튼 팬츠,003,바지,4,4318326,toffee,토피,퍼티그 비조 캔버스 코튼 팬츠 (BROWN),https://image.msscdn.net/images/goods_img/20240812/4318326/4318326_17255032477103_500.jpg,False
2025-10,M,003007,코튼 팬츠,003,바지,5,2611226,musinsastandard,무신사 스탠다드,레플리카 퍼티그 팬츠 [세이지 그린],https://image.msscdn.net/images/goods_img/20220613/2611226/2611226_17827086766776_500.jpg,False
2025-10,M,003007,코튼 팬츠,003,바지,6,5275962,drawfit,드로우핏,[패션플래닛X드로우핏] 세미 와이드 치노 팬츠 [6color],https://image.msscdn.net/images/goods_img/20250728/5275962/5275962_17564335392185_500.jpg,False
2025-10,M,003007,코튼 팬츠,003,바지,7,3304652,musinsastandard,무신사 스탠다드,백 사틴 오피서 팬츠 [카키],https://image.msscdn.net/images/goods_img/20230518/3304652/3304652_16914692166478_500.jpg,False
2025-10,M,003007,코튼 팬츠,003,바지,8,4832110,intempomood,인템포무드,코튼 레이지보이 벌룬핏 팬츠 : 3컬러,https://image.msscdn.net/images/goods_img/20250225/4832110/4832110_17591290267135_500.jpg,False
2025-10,M,003007,코튼 팬츠,003,바지,9,4342152,excontainer,엑스컨테이너,원턱 와이드 코듀로이 팬츠 (BROWN),https://image.msscdn.net/images/goods_img/20240819/4342152/4342152_17754495698251_500.jpg,False
2025-10,M,003007,코튼 팬츠,003,바지,10,1627893,musinsastandard,무신사 스탠다드,레플리카 퍼티그 팬츠 [블랙],https://image.msscdn.net/images/goods_img/20200928/1627893/1627893_17827086367405_500.jpg,False
2025-10,M,003007,코튼 팬츠,003,바지,11,3304653,musinsastandard,무신사 스탠다드,백 사틴 오피서 팬츠 [블랙],https://image.msscdn.net/images/goods_img/20230518/3304653/3304653_16914691045461_500.jpg,False
2025-10,M,003007,코튼 팬츠,003,바지,12,3920059,signature,시그니처,원턱 와이드 치노 팬츠[베이지],https://image.msscdn.net/images/goods_img/20240304/3920059/3920059_17888487769046_500.jpg,False
2025-10,M,003007,코튼 팬츠,003,바지,13,3684419,dickies,디키즈,더블니 85283 루즈핏 워크팬츠 Black,https://image.msscdn.net/images/goods_img/20231103/3684419/3684419_17751985153031_500.jpg,False
2025-10,M,003007,코튼 팬츠,003,바지,14,3758256,musinsastandard,무신사 스탠다드,헤비웨이트 CP 와이드 치노 팬츠 [베이지],https://image.msscdn.net/images/goods_img/20231215/3758256/3758256_17097891109143_500.jpg,False
2025-10,M,003007,코튼 팬츠,003,바지,15,4613450,idontwannasell,아이돈워너셀,Soft Suede Twill Balloon Pants,https://image.msscdn.net/images/goods_img/20241113/4613450/4613450_17322612728135_500.jpg,False
2025-10,M,003007,코튼 팬츠,003,바지,16,1253200,bronson,브론슨,1942 US Army Chino Trousers Khaki,https://image.msscdn.net/images/goods_img/20191217/1253200/1253200_17737245176749_500.jpg,False
2025-10,M,003007,코튼 팬츠,003,바지,17,5515206,divein,다이브인,WASHED LOOSED WIDE COTTON PANTS (BLACK),https://image.msscdn.net/images/goods_img/20250923/5515206/5515206_17593050999693_500.jpg,False
2025-10,M,003007,코튼 팬츠,003,바지,18,4774998,areuban,아르반,트리플 리프 커브드 팬츠_트리플 블랙,https://image.msscdn.net/images/goods_img/20250211/4774998/4774998_17537637838103_500.jpg,False
2025-10,M,003007,코튼 팬츠,003,바지,19,2069525,musinsastandard,무신사 스탠다드,원 턱 레귤러 핏 치노 팬츠 [베이지],https://image.msscdn.net/images/goods_img/20210818/2069525/2069525_17217961236716_500.jpg,False
2025-10,M,003007,코튼 팬츠,003,바지,20,4210194,musinsastandard,무신사 스탠다드,코튼 파라슈트 팬츠 [다크 브라운],https://image.msscdn.net/images/goods_img/20240620/4210194/4210194_17320089537394_500.jpg,False
2025-10,M,003007,코튼 팬츠,003,바지,21,4458382,millo,밀로 아카이브,더블 라운드 팬츠 [카키 브라운],https://image.msscdn.net/images/goods_img/20240924/4458382/4458382_17273478779591_500.jpg,False
2025-10,M,003007,코튼 팬츠,003,바지,22,2341126,gramicci,그라미치,가젯 팬츠 Black,https://image.msscdn.net/images/goods_img/20220204/2341126/2341126_16816892717059_500.jpg,False
2025-10,M,003007,코튼 팬츠,003,바지,23,3722417,dickies,디키즈,오리지널 874 워크팬츠 Black,https://image.msscdn.net/images/goods_img/20231120/3722417/3722417_17751984308706_500.jpg,False
2025-10,M,003007,코튼 팬츠,003,바지,24,5477143,dimitriblack,디미트리블랙,에센셜 페이드 워싱 커브드 팬츠_코듀로이 브라운,https://image.msscdn.net/images/goods_img/20250917/5477143/5477143_17586819577658_500.jpg,False
2025-10,M,003007,코튼 팬츠,003,바지,25,5131681,9999archive,9999아카이브,Technical Curved Jeans,https://image.msscdn.net/images/goods_img/20250520/5131681/5131681_17803771078111_500.jpg,False
2025-10,M,003007,코튼 팬츠,003,바지,26,4210167,musinsastandard,무신사 스탠다드,코듀로이 파라슈트 팬츠 [토프],https://image.msscdn.net/images/goods_img/20240620/4210167/4210167_17320675865823_500.jpg,False
2025-10,M,003007,코튼 팬츠,003,바지,27,4787012,gramicci,그라미치,가젯 팬츠 Fossil Grey Pigment,https://image.msscdn.net/images/goods_img/20250213/4787012/4787012_17429642779553_500.jpg,False
2025-10,M,003007,코튼 팬츠,003,바지,28,1627891,musinsastandard,무신사 스탠다드,레플리카 퍼티그 팬츠 [베이지],https://image.msscdn.net/images/goods_img/20200928/1627891/1627891_17827084981914_500.jpg,False
2025-10,M,003007,코튼 팬츠,003,바지,29,3837367,begin202,비긴202,워시드 코튼 도비 팬츠 [워시드 블랙],https://image.msscdn.net/images/goods_img/20240131/3837367/3837367_17066945929716_500.jpg,False
2025-10,M,003007,코튼 팬츠,003,바지,30,2069531,musinsastandard,무신사 스탠다드,코튼 와이드 벌룬 팬츠 [베이지],https://image.msscdn.net/images/goods_img/20210818/2069531/2069531_2_500.jpg,False
2025-10,M,003008,슈트 팬츠/슬랙스,003,바지,1,1168906,musinsastandard,무신사 스탠다드,와이드 히든 밴딩 슬랙스 [블랙],https://image.msscdn.net/images/goods_img/20190927/1168906/1168906_17224121763738_500.jpg,False
2025-10,M,003008,슈트 팬츠/슬랙스,003,바지,2,1149329,musinsastandard,무신사 스탠다드,세미 와이드 히든 밴딩 슬랙스 [블랙],https://image.msscdn.net/images/goods_img/20190910/1149329/1149329_17775152531848_500.jpg,False
2025-10,M,003008,슈트 팬츠/슬랙스,003,바지,3,1168922,musinsastandard,무신사 스탠다드,리얼 와이드 히든 밴딩 슬랙스 [블랙],https://image.msscdn.net/images/goods_img/20190927/1168922/1168922_17784624760417_500.jpg,False
2025-10,M,003008,슈트 팬츠/슬랙스,003,바지,4,750908,wholovesart,후러브스아트,[기모 or 논기모] 유니섹스 세미 와이드 밴딩 슬랙스 블랙,https://image.msscdn.net/images/goods_img/20180406/750908/750908_17736379434172_500.jpg,False
2025-10,M,003008,슈트 팬츠/슬랙스,003,바지,5,1149328,musinsastandard,무신사 스탠다드,테이퍼드 히든 밴딩 크롭 슬랙스 [블랙],https://image.msscdn.net/images/goods_img/20190910/1149328/1149328_17222375113367_500.jpg,False
2025-10,M,003008,슈트 팬츠/슬랙스,003,바지,6,1222184,musinsastandard,무신사 스탠다드,와이드 히든 밴딩 슬랙스 [미디엄 그레이],https://image.msscdn.net/images/goods_img/20191113/1222184/1222184_17222997169530_500.jpg,False
2025-10,M,003008,슈트 팬츠/슬랙스,003,바지,7,2568748,musinsastandard,무신사 스탠다드,스트레이트 히든 밴딩 슬랙스 [블랙],https://image.msscdn.net/images/goods_img/20220518/2568748/2568748_17518450114735_500.jpg,False
2025-10,M,003008,슈트 팬츠/슬랙스,003,바지,8,2032901,musinsastandard,무신사 스탠다드,릴렉스드 테이퍼드 히든 밴딩 크롭 슬랙스 [블랙],https://image.msscdn.net/images/goods_img/20210719/2032901/2032901_17518455282793_500.jpg,False
2025-10,M,003008,슈트 팬츠/슬랙스,003,바지,9,2578996,signature,시그니처,[겨울원단추가]더블턱 와이드 슬랙스[블랙],https://image.msscdn.net/images/goods_img/20220524/2578996/2578996_17870331293023_500.jpg,False
2025-10,M,003008,슈트 팬츠/슬랙스,003,바지,10,5310984,dimitriblack,디미트리블랙,어드저스트 투턱 와이드 슬랙스_스트라이프 차콜,https://image.msscdn.net/images/goods_img/20250811/5310984/5310984_17551515636020_500.jpg,False
2025-10,M,003008,슈트 팬츠/슬랙스,003,바지,11,1224095,musinsastandard,무신사 스탠다드,세미 와이드 히든 밴딩 슬랙스 [미디엄 그레이],https://image.msscdn.net/images/goods_img/20191113/1224095/1224095_17518463307099_500.jpg,False
2025-10,M,003008,슈트 팬츠/슬랙스,003,바지,12,4750069,workonbodyoff,워크온바디오프,세미 와이드 원턱 슬랙스 (2color),https://image.msscdn.net/images/goods_img/20250203/4750069/4750069_17895471637496_500.jpg,False
2025-10,M,003008,슈트 팬츠/슬랙스,003,바지,13,1224094,musinsastandard,무신사 스탠다드,세미 와이드 히든 밴딩 슬랙스 [차콜 그레이],https://image.msscdn.net/images/goods_img/20191113/1224094/1224094_17518465836463_500.jpg,False
2025-10,M,003008,슈트 팬츠/슬랙스,003,바지,14,2708877,goodlifeworks,굿라이프웍스,투턱 와이드 슬랙스 블랙,https://image.msscdn.net/images/goods_img/20220810/2708877/2708877_17871103692858_500.jpg,False
2025-10,M,003008,슈트 팬츠/슬랙스,003,바지,15,4352405,musinsastandard,무신사 스탠다드,플레어 히든 밴딩 슬랙스 [블랙],https://image.msscdn.net/images/goods_img/20240821/4352405/4352405_17896920770433_500.jpg,False
2025-10,M,003008,슈트 팬츠/슬랙스,003,바지,16,1669809,musinsastandard,무신사 스탠다드,리얼 와이드 히든 밴딩 슬랙스 [브라운],https://image.msscdn.net/images/goods_img/20201029/1669809/1669809_17782048587203_500.jpg,False
2025-10,M,003008,슈트 팬츠/슬랙스,003,바지,17,4761188,begin202,비긴202,록 링크 팬츠 [차콜 스트라이프],https://image.msscdn.net/images/goods_img/20250205/4761188/4761188_17387438502547_500.jpg,False
2025-10,M,003008,슈트 팬츠/슬랙스,003,바지,18,1575838,musinsastandard,무신사 스탠다드,슈퍼 와이드 히든 밴딩 슬랙스[블랙],https://image.msscdn.net/images/goods_img/20200901/1575838/1575838_17720071457722_500.jpg,False
2025-10,M,003008,슈트 팬츠/슬랙스,003,바지,19,1224096,musinsastandard,무신사 스탠다드,세미 와이드 히든 밴딩 슬랙스 [네이비],https://image.msscdn.net/images/goods_img/20191113/1224096/1224096_17798555600196_500.jpg,False
2025-10,M,003008,슈트 팬츠/슬랙스,003,바지,20,1222183,musinsastandard,무신사 스탠다드,와이드 히든 밴딩 슬랙스 [차콜 그레이],https://image.msscdn.net/images/goods_img/20191113/1222183/1222183_17798577036388_500.jpg,False
2025-10,M,003008,슈트 팬츠/슬랙스,003,바지,21,3826740,lemainsecond,리메인세컨드,원턱 세미 와이드 히든 밴딩 슬랙스 [블랙],https://image.msscdn.net/images/goods_img/20240126/3826740/3826740_17488386109165_500.jpg,False
2025-10,M,003008,슈트 팬츠/슬랙스,003,바지,22,5163281,musinsastandard,무신사 스탠다드,리사이클 투 턱 와이드 히든 밴딩 슬랙스 2팩,https://image.msscdn.net/images/goods_img/20250602/5163281/5163281_17497815088860_500.jpg,False
2025-10,M,003008,슈트 팬츠/슬랙스,003,바지,23,1669806,musinsastandard,무신사 스탠다드,리얼 와이드 히든 밴딩 슬랙스 [미디엄 그레이],https://image.msscdn.net/images/goods_img/20201029/1669806/1669806_17782047858245_500.jpg,False
2025-10,M,003008,슈트 팬츠/슬랙스,003,바지,24,4663950,musinsastandard,무신사 스탠다드,휩코드 플레어 히든 밴딩 슬랙스 [블랙],https://image.msscdn.net/images/goods_img/20241213/4663950/4663950_17569507184434_500.jpg,False
2025-10,M,003008,슈트 팬츠/슬랙스,003,바지,25,3510971,anotheroffice,어나더 오피스,[AW] Santiago Slacks (Black),https://image.msscdn.net/images/goods_img/20230829/3510971/3510971_17872955305131_500.jpg,False
2025-10,M,003008,슈트 팬츠/슬랙스,003,바지,26,2032903,musinsastandard,무신사 스탠다드,릴렉스드 테이퍼드 히든 밴딩 크롭 슬랙스 [미디엄 그레이],https://image.msscdn.net/images/goods_img/20210719/2032903/2032903_17518454314572_500.jpg,False
2025-10,M,003008,슈트 팬츠/슬랙스,003,바지,27,1970106,musinsastandard,무신사 스탠다드,리얼 와이드 히든 밴딩 슬랙스 [그레이],https://image.msscdn.net/images/goods_img/20210527/1970106/1970106_17782040677113_500.jpg,False
2025-10,M,003008,슈트 팬츠/슬랙스,003,바지,28,5310983,dimitriblack,디미트리블랙,어드저스트 투턱 와이드 슬랙스_블랙,https://image.msscdn.net/images/goods_img/20250811/5310983/5310983_17551515833615_500.jpg,False
2025-10,M,003008,슈트 팬츠/슬랙스,003,바지,29,2032916,musinsastandard,무신사 스탠다드,릴렉스드 테이퍼드 히든 밴딩 크롭 슬랙스 [차콜 그레이],https://image.msscdn.net/images/goods_img/20210719/2032916/2032916_17518456194707_500.jpg,False
2025-10,M,003008,슈트 팬츠/슬랙스,003,바지,30,1458942,signature,시그니처,[겨울원단추가]세미 부츠컷 슬랙스 [블랙],https://image.msscdn.net/images/goods_img/20200522/1458942/1458942_17870329488948_500.jpg,False
2025-10,M,003009,숏 팬츠,003,바지,1,4172788,nike,나이키,드라이 핏 챌린저 5인치 브리프 라인드 버서타일 쇼츠 M - 블랙/ DV9364-010,https://image.msscdn.net/images/goods_img/20240603/4172788/4172788_17186043509123_500.jpg,False
2025-10,M,003009,숏 팬츠,003,바지,2,1519475,lazybee,레이지비,컴팩트 2in1 러닝 쇼츠 남녀 스포츠 반바지 레깅스 (헬스 워터 운동) 팬츠 M 3컬러,https://image.msscdn.net/images/goods_img/20200717/1519475/1519475_17730386715982_500.jpg,False
2025-10,M,003009,숏 팬츠,003,바지,3,4655528,rife,러닝라이프,스포츠 반바지 쇼츠 프로 (2IN1),https://image.msscdn.net/images/goods_img/20241208/4655528/4655528_17848724072396_500.png,False
2025-10,M,003009,숏 팬츠,003,바지,4,1926034,xero,제로,Deep One Tuck Sweat Shorts [Black],https://image.msscdn.net/images/goods_img/20210428/1926034/1926034_1_500.jpg,False
2025-10,M,003009,숏 팬츠,003,바지,5,2971574,afresh,어프레쉬,[2PACK SET]에어스트레치 쇼츠 트레이닝 3COLOR,https://image.msscdn.net/images/goods_img/20221205/2971574/2971574_17851150878712_500.jpg,False
2025-10,M,003009,숏 팬츠,003,바지,6,1926048,xero,제로,Deep One Tuck Sweat Shorts [Grey],https://image.msscdn.net/images/goods_img/20210428/1926048/1926048_1_500.jpg,False
2025-10,M,003009,숏 팬츠,003,바지,7,2574822,brenson,브렌슨,(Renew Ver.) 원턱 와이드 반바지 ( 6Color ),https://image.msscdn.net/images/goods_img/20220523/2574822/2574822_17774456124536_500.jpg,False
2025-10,M,003009,숏 팬츠,003,바지,8,2508821,afresh,어프레쉬,에어스트레치 쇼츠_블랙 트레이닝,https://image.msscdn.net/images/goods_img/20220422/2508821/2508821_17858059555654_500.jpg,False
2025-10,M,003009,숏 팬츠,003,바지,9,3735878,musinsastandardsp,무신사 스탠다드 스포츠,짐 코튼메쉬 버뮤다 쇼츠 (6color),https://image.msscdn.net/images/goods_img/20231128/3735878/3735878_17536690759213_500.jpg,False
2025-10,M,003009,숏 팬츠,003,바지,10,4162727,musinsastandardsp,무신사 스탠다드 스포츠,퀵드라이 러닝 7인치 쇼츠 (3color),https://image.msscdn.net/images/goods_img/20240529/4162727/4162727_17744075484634_500.jpg,False
2025-10,M,003009,숏 팬츠,003,바지,11,3513309,momg,필립페이커,카펜터 버뮤다 스웨트 8부 팬츠 블랙,https://image.msscdn.net/images/goods_img/20230830/3513309/3513309_16934722502141_500.jpg,False
2025-10,M,003009,숏 팬츠,003,바지,12,4255775,underarmour,언더아머,론치 언라인드 7인치 쇼츠 1382622-001,https://image.msscdn.net/images/goods_img/20240717/4255775/4255775_17212064278392_500.jpg,False
2025-10,M,003009,숏 팬츠,003,바지,13,4225317,borntowin,본투윈,SIDE B LOGO HALF PANTS [BLACK],https://image.msscdn.net/images/goods_img/20240701/4225317/4225317_17732903015450_500.jpg,False
2025-10,M,003009,숏 팬츠,003,바지,14,2439242,hadex,에이치덱스,액티브 쇼츠 8 color,https://image.msscdn.net/images/goods_img/20220323/2439242/2439242_17905565501800_500.jpg,False
2025-10,M,003009,숏 팬츠,003,바지,15,5256111,rife,러닝라이프,스포츠 투인원 러닝 프로 쇼츠 플러스,https://image.msscdn.net/images/goods_img/20250718/5256111/5256111_17736471265189_500.png,False
2025-10,M,003009,숏 팬츠,003,바지,16,2734514,puma,푸마,팀라이즈 트레이닝 쇼츠(65733603) 남자 반바지,https://image.msscdn.net/images/goods_img/20220823/2734514/2734514_1_500.jpg,False
2025-10,M,003009,숏 팬츠,003,바지,17,4076337,lemainsecond,리메인세컨드,버뮤다 와이드 원턱 스웨트 쇼츠_3COLOR,https://image.msscdn.net/images/goods_img/20240423/4076337/4076337_17645527519078_500.jpg,False
2025-10,M,003009,숏 팬츠,003,바지,18,3056133,musinsastandardsp,무신사 스탠다드 스포츠,러닝 라이트웨이트 2in1 5인치 쇼츠 [4colors],https://image.msscdn.net/images/goods_img/20230202/3056133/3056133_17744087896760_500.jpg,False
2025-10,M,003009,숏 팬츠,003,바지,19,5489744,xero,제로,Deep One Tuck Sweat Shorts [12 Colors],https://image.msscdn.net/images/goods_img/20250918/5489744/5489744_17587765262561_500.jpg,False
2025-10,M,003009,숏 팬츠,003,바지,20,4643326,hadex,에이치덱스,브레이크 메인로고 버뮤다 쇼츠 (Black),https://image.msscdn.net/images/goods_img/20241129/4643326/4643326_17876236595683_500.jpg,False
2025-10,M,003009,숏 팬츠,003,바지,21,4887245,drix,드릭스,럭비 그래픽 매쉬 버뮤다 팬츠_블랙,https://image.msscdn.net/images/goods_img/20250312/4887245/4887245_17428879756803_500.jpg,False
2025-10,M,003009,숏 팬츠,003,바지,22,4888335,drix,드릭스,맥시 와이드 스웨트 버뮤다 쇼츠_블랙,https://image.msscdn.net/images/goods_img/20250312/4888335/4888335_17421958701529_500.jpg,False
2025-10,M,003009,숏 팬츠,003,바지,23,4643327,hadex,에이치덱스,브레이크 메인로고 버뮤다 쇼츠 (Melange Gray),https://image.msscdn.net/images/goods_img/20241129/4643327/4643327_17876236554050_500.jpg,False
2025-10,M,003009,숏 팬츠,003,바지,24,4225318,borntowin,본투윈,SIDE B LOGO HALF PANTS [MELANGE GREY],https://image.msscdn.net/images/goods_img/20240701/4225318/4225318_17732904513785_500.jpg,False
2025-10,M,003009,숏 팬츠,003,바지,25,3970381,adidas,아디다스,파이어버드 숏 팬츠 - 블랙:화이트 / IU2368,https://image.msscdn.net/images/goods_img/20240320/3970381/3970381_17110023776300_500.jpg,False
2025-10,M,003009,숏 팬츠,003,바지,26,4528675,musinsastandardsp,무신사 스탠다드 스포츠,러닝 라이트 하이브리드 5인치 쇼츠 (3color),https://image.msscdn.net/images/goods_img/20241017/4528675/4528675_17744175876973_500.jpg,False
2025-10,M,003009,숏 팬츠,003,바지,27,3947336,borntowin,본투윈,CHROME B LOGO HALF PANTS LONG VER [BLACK],https://image.msscdn.net/images/goods_img/20240313/3947336/3947336_17732891274050_500.jpg,False
2025-10,M,003009,숏 팬츠,003,바지,28,4832276,freedomathletic,프리덤,프리덤 레터링 버뮤다 코튼 쇼츠 (블랙),https://image.msscdn.net/images/goods_img/20250225/4832276/4832276_17554968030107_500.jpg,False
2025-10,M,003009,숏 팬츠,003,바지,29,5028601,tolance,토런스,액티브 엘리트 리플렉티브 쇼츠 - Black,https://image.msscdn.net/images/goods_img/20250415/5028601/5028601_17453006921388_500.jpg,False
2025-10,M,003009,숏 팬츠,003,바지,30,1436218,codegraphy,코드그라피,[2PACK] [기본핏 OR +5CM 선택] 크리스피 나일론 쇼츠_11COLOR,https://image.msscdn.net/images/goods_img/20200508/1436218/1436218_17435538557459_500.jpg,False
2025-10,M,003005,레깅스,003,바지,1,1466284,musinsastandardsp,무신사 스탠다드 스포츠,[힛탠다드]컴프레션 레깅스 (블랙),https://image.msscdn.net/images/goods_img/20200528/1466284/1466284_17228236161876_500.jpg,False
2025-10,M,003005,레깅스,003,바지,2,3975909,nike,나이키,프로 드라이 핏 피트니스 타이츠 M - 블랙:화이트 / FB7953-010,https://image.msscdn.net/images/goods_img/20240321/3975909/3975909_17115943559810_500.jpg,False
2025-10,M,003005,레깅스,003,바지,3,4655538,rife,러닝라이프,레이싱 하프 타이즈,https://image.msscdn.net/images/goods_img/20241208/4655538/4655538_17814984003273_500.png,False
2025-10,M,003005,레깅스,003,바지,4,4851376,nike,나이키,드라이 핏 챌린저 러닝 타이츠 M - 블랙 / CZ8831-010,https://image.msscdn.net/images/goods_img/20250304/4851376/4851376_17417456652249_500.jpg,False
2025-10,M,003005,레깅스,003,바지,5,1772551,underarmour,언더아머,히트기어 아머 레깅스 1361586-001,https://image.msscdn.net/images/goods_img/20210202/1772551/1772551_1_500.jpg,False
2025-10,M,003005,레깅스,003,바지,6,4546112,nike,나이키,프로 웜 타이츠 M - 블랙:화이트 / FB7962-010,https://image.msscdn.net/images/goods_img/20241023/4546112/4546112_17304259983083_500.jpg,False
2025-10,M,003005,레깅스,003,바지,7,3720910,bysec,바이젝,우븐스판 머슬 브레이커 팬츠,https://image.msscdn.net/images/goods_img/20231117/3720910/3720910_17653319647389_500.jpg,False
2025-10,M,003005,레깅스,003,바지,8,4369456,tesla,테슬라,러닝 기모 타이즈 레깅스,https://image.msscdn.net/images/goods_img/20240826/4369456/4369456_17253512623937_500.jpg,False
2025-10,M,003005,레깅스,003,바지,9,4186098,lazybee,레이지비,에어셀  멀티 스포츠(짐웨어 러닝 워터) 남성 레깅스 팬츠,https://image.msscdn.net/images/goods_img/20240610/4186098/4186098_17605117851767_500.jpg,False
2025-10,M,003005,레깅스,003,바지,10,4660553,rife,러닝라이프,러닝 컴프레션 레깅스 하프 타이즈,https://image.msscdn.net/images/goods_img/20241211/4660553/4660553_17338929694216_500.jpg,False
2025-10,M,003005,레깅스,003,바지,11,4137500,musinsastandardsp,무신사 스탠다드 스포츠,[힛탠다드]짐 컴프레션 기모 레깅스 (2color),https://image.msscdn.net/images/goods_img/20240517/4137500/4137500_17415914328346_500.jpg,False
2025-10,M,003005,레깅스,003,바지,12,4179748,nike,나이키,프로 드라이 핏 피트니스 쇼츠 M - 블랙:화이트 / FB7959-010,https://image.msscdn.net/images/goods_img/20240605/4179748/4179748_17183400956580_500.jpg,False
2025-10,M,003005,레깅스,003,바지,13,5278950,lazybee,레이지비,[2PACK] 컴팩트 2in1  러닝 팬츠  남녀 스포츠  레깅스 (런닝 헬스 워터 운동) 바지 W,https://image.msscdn.net/images/goods_img/20250729/5278950/5278950_17660430908032_500.jpg,False
2025-10,M,003005,레깅스,003,바지,14,3487482,volante,볼란테,Daily Leggings Pants [Black],https://image.msscdn.net/images/goods_img/20230822/3487482/3487482_17484841422034_500.jpg,False
2025-10,M,003005,레깅스,003,바지,15,3056184,musinsastandardsp,무신사 스탠다드 스포츠,[힛탠다드]짐 컴프레션 레깅스 (2color),https://image.msscdn.net/images/goods_img/20230202/3056184/3056184_17472917906447_500.jpg,False
2025-10,M,003005,레깅스,003,바지,16,4659652,rife,러닝라이프,러닝 컴프레션 레깅스 롱 타이즈,https://image.msscdn.net/images/goods_img/20241210/4659652/4659652_17338272446191_500.jpg,False
2025-10,M,003005,레깅스,003,바지,17,4747263,rife,러닝라이프,레이싱 롱 러닝 운동 타이즈,https://image.msscdn.net/images/goods_img/20250131/4747263/4747263_17757180922044_500.png,False
2025-10,M,003005,레깅스,003,바지,18,4637965,musinsastandardsp,무신사 스탠다드 스포츠,러닝 숏 타이즈,https://image.msscdn.net/images/goods_img/20241126/4637965/4637965_17496987065353_500.jpg,False
2025-10,M,003005,레깅스,003,바지,19,5400740,goyowear,고요웨어,M 액티브 하프 타이츠 (블랙),https://image.msscdn.net/images/goods_img/20250904/5400740/5400740_17758278343278_500.jpg,False
2025-10,M,003005,레깅스,003,바지,20,5237055,xexymix,젝시믹스,RX 하이브리드 레깅스 XWMTP01J3,https://image.msscdn.net/images/goods_img/20250709/5237055/5237055_17688004021210_500.png,False
2025-10,M,003005,레깅스,003,바지,21,2811873,underarmour,언더아머,콜드기어 아머 레깅스 1366075-001,https://image.msscdn.net/images/goods_img/20220922/2811873/2811873_2_500.jpg,False
2025-10,M,003005,레깅스,003,바지,22,4367066,jeleve,제이엘브,데일리 우븐 팬츠,https://image.msscdn.net/images/goods_img/20240823/4367066/4367066_17248946649119_500.jpg,False
2025-10,M,003005,레깅스,003,바지,23,4683423,determined,디터민드,다크마블 3부 타이즈,https://image.msscdn.net/images/goods_img/20241229/4683423/4683423_17443584258129_500.jpg,False
2025-10,M,003005,레깅스,003,바지,24,5036169,thewarld,더왈드,AT SYMBOL HALF TIGHTS BLACK,https://image.msscdn.net/images/goods_img/20250416/5036169/5036169_17447986892008_500.png,False
2025-10,M,003005,레깅스,003,바지,25,4683428,determined,디터민드,결의 _ 다크 3부 타이즈,https://image.msscdn.net/images/goods_img/20241229/4683428/4683428_17442613678454_500.jpg,False
2025-10,M,003005,레깅스,003,바지,26,2496925,underarmour,언더아머,히트기어 3/4 레깅스 1361588-001,https://image.msscdn.net/images/goods_img/20220418/2496925/2496925_1_500.jpg,False
2025-10,M,003005,레깅스,003,바지,27,5310506,kaleg,칼렉,에어블레이드 레이스 숏타이츠 7 남성 (블랙),https://image.msscdn.net/images/goods_img/20250811/5310506/5310506_17549018042217_500.jpg,False
2025-10,M,003005,레깅스,003,바지,28,4331687,puma,푸마,리가 베이스레이어 롱 타이츠(65592503),https://image.msscdn.net/images/goods_img/20240814/4331687/4331687_17236213368711_500.jpg,False
2025-10,M,003005,레깅스,003,바지,29,3056212,musinsastandardsp,무신사 스탠다드 스포츠,짐 하이브리드 레깅스 팬츠 (2color),https://image.msscdn.net/images/goods_img/20230202/3056212/3056212_17434000375192_500.jpg,False
2025-10,M,003005,레깅스,003,바지,30,4915410,nike,나이키,프로 드라이 핏 브리프 쇼츠 M - 블랙:화이트 / FD0686-010,https://image.msscdn.net/images/goods_img/20250319/4915410/4915410_17428094735396_500.jpg,False
2025-10,M,003010,점프 슈트/오버올,003,바지,1,3882592,dickies,디키즈,48799 점프수트 커버올 Dark Navy,https://image.msscdn.net/images/goods_img/20240220/3882592/3882592_17083946690660_500.jpg,False
2025-10,M,003010,점프 슈트/오버올,003,바지,2,3928305,avan,어반드레스,Painter Jumpsuit BLACK,https://image.msscdn.net/images/goods_img/20240306/3928305/3928305_17171286086255_500.jpg,False
2025-10,M,003010,점프 슈트/오버올,003,바지,3,3882591,dickies,디키즈,48799 점프수트 커버올 Black,https://image.msscdn.net/images/goods_img/20240220/3882591/3882591_17083946635450_500.jpg,False
2025-10,M,003010,점프 슈트/오버올,003,바지,4,3882593,dickies,디키즈,BIB 오버롤 데님팬츠 Indigo,https://image.msscdn.net/images/goods_img/20240220/3882593/3882593_17083946750395_500.jpg,False
2025-10,M,003010,점프 슈트/오버올,003,바지,5,944501,thestori,더스토리,[논페이드] 데님 오버롤 멜빵 팬츠 (블루),https://image.msscdn.net/images/goods_img/20190130/944501/944501_17617811599957_500.jpg,False
2025-10,M,003010,점프 슈트/오버올,003,바지,6,4992208,dickies,디키즈,BIB 덕 캔버스 오버롤 팬츠 Black,https://image.msscdn.net/images/goods_img/20250407/4992208/4992208_17439910949493_500.jpg,False
2025-10,M,003010,점프 슈트/오버올,003,바지,7,3940871,dickies,디키즈,BIB 덕 캔버스 오버롤 팬츠 Brown,https://image.msscdn.net/images/goods_img/20240312/3940871/3940871_17102073745483_500.jpg,False
2025-10,M,003010,점프 슈트/오버올,003,바지,8,3498066,thisisneverthat,디스이즈네버댓,GORE-TEX 3L Overall Grey,https://image.msscdn.net/images/goods_img/20230825/3498066/3498066_16932995849761_500.jpg,False
2025-10,M,003010,점프 슈트/오버올,003,바지,9,5602278,dollouterwear,돌아우터웨어,2526 파로 점프슈트 BLACK 남녀공용,https://image.msscdn.net/images/goods_img/20251016/5602278/5602278_17606028909531_500.jpg,False
2025-10,M,003010,점프 슈트/오버올,003,바지,10,5067322,offroad,오프로드,유니 벨트 점프 수트 (카키)_5LG2912,https://image.msscdn.net/images/goods_img/20250425/5067322/5067322_17455627927890_500.jpg,False
2025-10,M,003010,점프 슈트/오버올,003,바지,11,3983517,magoodgan,맥우드건,파번 5807  나일론 오버핏 블랙 점프수트,https://image.msscdn.net/images/goods_img/20240322/3983517/3983517_17110913251573_500.jpg,False
2025-10,M,003010,점프 슈트/오버올,003,바지,12,3730780,gripswany,그립스와니,파이어프루프 오버롤 블랙,https://image.msscdn.net/images/goods_img/20231123/3730780/3730780_17007295506304_500.jpg,False
2025-10,M,003010,점프 슈트/오버올,003,바지,13,3834260,raver1,레이버,RAVER 겨울 오토바이 방수 방한 일체형 상하분리 배달 스즈끼 전신 방한복 스즈키복 우주복 낚시복 작업복 정비복 스키복 점프슈트,https://image.msscdn.net/images/goods_img/20240131/3834260/3834260_17067720801133_500.jpg,False
2025-10,M,003010,점프 슈트/오버올,003,바지,14,4042630,laugher,라퍼,[논페이드] 멜빵 데님 오버롤 팬츠 - 딥블루,https://image.msscdn.net/images/goods_img/20240411/4042630/4042630_17128652112790_500.jpg,False
2025-10,M,003010,점프 슈트/오버올,003,바지,15,4992213,dickies,디키즈,33999 점프수트 커버올 Charcoal,https://image.msscdn.net/images/goods_img/20250407/4992213/4992213_17439911235158_500.jpg,False
2025-10,M,003010,점프 슈트/오버올,003,바지,16,4232440,montbell,몽벨,필드 트윌 커버올 GRAY JBWXSUPL781,https://image.msscdn.net/images/goods_img/20240704/4232440/4232440_17200618204333_500.jpg,False
2025-10,M,003010,점프 슈트/오버올,003,바지,17,1968511,bendavis,벤 데이비스,화이트라벨 오버롤 브라운,https://image.msscdn.net/images/goods_img/20210526/1968511/1968511_2_500.jpg,False
2025-10,M,003010,점프 슈트/오버올,003,바지,18,5340818,lee,리,유니 오버롤 인디고 다크,https://image.msscdn.net/images/goods_img/20250820/5340818/5340818_17556518109325_500.jpg,False
2025-10,M,003010,점프 슈트/오버올,003,바지,19,5221640,doublejd,더블제이디,지퍼 점프슈트(블랙),https://image.msscdn.net/images/goods_img/20250702/5221640/5221640_17514393040747_500.jpg,False
2025-10,M,003010,점프 슈트/오버올,003,바지,20,2096437,philogram,필로그램,PLG 네프 생지 점프수트,https://image.msscdn.net/images/goods_img/20210829/2096437/2096437_16945907798336_500.jpg,False
2025-10,M,003010,점프 슈트/오버올,003,바지,21,2063625,philogram,필로그램,PLG 데님 점프수트(Blue),https://image.msscdn.net/images/goods_img/20210813/2063625/2063625_16945900853647_500.jpg,False
2025-10,M,003010,점프 슈트/오버올,003,바지,22,2761011,instantfunk,인스턴트펑크,Ms 집업 점프수트 - 네이비,https://image.msscdn.net/images/goods_img/20220901/2761011/2761011_1_500.jpg,False
2025-10,M,003010,점프 슈트/오버올,003,바지,23,2761008,instantfunk,인스턴트펑크,Ms 집업 점프수트 - 베이지,https://image.msscdn.net/images/goods_img/20220901/2761008/2761008_1_500.jpg,False
2025-10,M,003010,점프 슈트/오버올,003,바지,24,4751787,levis,리바이스,REDTAB™ 오버롤_79107-0031,https://image.msscdn.net/images/goods_img/20250203/4751787/4751787_17385671813648_500.jpg,False
2025-10,M,003010,점프 슈트/오버올,003,바지,25,4489011,dimito,디미토,APEX JUMPSUIT P-WORK BLACK,https://image.msscdn.net/images/goods_img/20241006/4489011/4489011_17285379722387_500.jpg,False
2025-10,M,003010,점프 슈트/오버올,003,바지,26,4042628,laugher,라퍼,[논페이드] 멜빵 데님 오버롤 팬츠 - 블랙,https://image.msscdn.net/images/goods_img/20240411/4042628/4042628_17128647133178_500.jpg,False
2025-10,M,003010,점프 슈트/오버올,003,바지,27,4562325,anglan,앵글런,Backsatin Work Wide Overall - Navy,https://image.msscdn.net/images/goods_img/20241027/4562325/4562325_17306403102865_500.jpg,False
2025-10,M,003010,점프 슈트/오버올,003,바지,28,5473647,hondaxphyps,혼다 모터사이클,Motorcycle Long sleeve Overall Black,https://image.msscdn.net/images/goods_img/20250916/5473647/5473647_17582585790066_500.jpg,False
2025-10,M,003010,점프 슈트/오버올,003,바지,29,3983417,magoodgan,맥우드건,파번 5807  나일론 오버핏 그레이시블루 점프수트,https://image.msscdn.net/images/goods_img/20240322/3983417/3983417_17110910937037_500.jpg,False
2025-10,M,003010,점프 슈트/오버올,003,바지,30,3103337,magoodgan,맥우드건,파번 5804 카펜터 오버핏 네이비 점프수트,https://image.msscdn.net/images/goods_img/20230223/3103337/3103337_16771181661839_500.jpg,False
2025-10,M,003006,기타 하의,003,바지,1,4210131,musinsastandard,무신사 스탠다드,시티 레저 CN 벨티드 유틸리티 팬츠 [블랙],https://image.msscdn.net/images/goods_img/20240620/4210131/4210131_17294816036943_500.jpg,False
2025-10,M,003006,기타 하의,003,바지,2,4210133,musinsastandard,무신사 스탠다드,시티 레저 CN 벨티드 유틸리티 팬츠 [그레이],https://image.msscdn.net/images/goods_img/20240620/4210133/4210133_17294814021978_500.jpg,False
2025-10,M,003006,기타 하의,003,바지,3,2926541,brenson,브렌슨,(Renew Ver.) 코듀로이 원턱 와이드 밴딩팬츠 ( 5Color ),https://image.msscdn.net/images/goods_img/20221108/2926541/2926541_17623049889755_500.jpg,False
2025-10,M,003006,기타 하의,003,바지,4,3404705,musinsastandard,무신사 스탠다드,시티 레저 CN 와이드 벨티드 파라슈트 팬츠 [블랙],https://image.msscdn.net/images/goods_img/20230712/3404705/3404705_17134029927665_500.jpg,False
2025-10,M,003006,기타 하의,003,바지,5,3411538,musinsastandard,무신사 스탠다드,나일론 파라슈트 팬츠 [블랙],https://image.msscdn.net/images/goods_img/20230717/3411538/3411538_16938694187008_500.jpg,False
2025-10,M,003006,기타 하의,003,바지,6,4274065,lemainsecond,리메인세컨드,와이드 빅포켓 파라슈트 밴딩 카고 팬츠 [카키],https://image.msscdn.net/images/goods_img/20240725/4274065/4274065_17616963476707_500.jpg,False
2025-10,M,003006,기타 하의,003,바지,7,4326418,musinsastandard,무신사 스탠다드,시티 레저 폴라 플리스 벨티드 팬츠 [그레이],https://image.msscdn.net/images/goods_img/20240813/4326418/4326418_17294859940371_500.jpg,False
2025-10,M,003006,기타 하의,003,바지,8,3404706,musinsastandard,무신사 스탠다드,시티 레저 CN 와이드 벨티드 파라슈트 팬츠 [그레이쉬 베이지],https://image.msscdn.net/images/goods_img/20230712/3404706/3404706_17134029698179_500.jpg,False
2025-10,M,003006,기타 하의,003,바지,9,3757179,musinsastandard,무신사 스탠다드,시티 레저 CN 와이드 벨티드 파라슈트 팬츠 [그레이],https://image.msscdn.net/images/goods_img/20231215/3757179/3757179_17101165402246_500.jpg,False
2025-10,M,003006,기타 하의,003,바지,10,4728654,filluminate,필루미네이트,밀리터리 카고 팬츠-블랙,https://image.msscdn.net/images/goods_img/20250119/4728654/4728654_17425206583875_500.jpg,False
2025-10,M,003006,기타 하의,003,바지,11,4326417,musinsastandard,무신사 스탠다드,시티 레저 폴라 플리스 벨티드 팬츠 [블랙],https://image.msscdn.net/images/goods_img/20240813/4326417/4326417_17294860887181_500.jpg,False
2025-10,M,003006,기타 하의,003,바지,12,3757183,musinsastandard,무신사 스탠다드,시티 레저 와이드 벨티드 카고 팬츠 [그레이쉬 베이지],https://image.msscdn.net/images/goods_img/20231215/3757183/3757183_17101182376959_500.jpg,False
2025-10,M,003006,기타 하의,003,바지,13,4577688,nike,나이키,ACG 스미스 서밋 카고 팬츠 M - 블랙:안트라사이트:서밋 화이트 / FN0429-010,https://image.msscdn.net/images/goods_img/20241031/4577688/4577688_17307976345858_500.jpg,False
2025-10,M,003006,기타 하의,003,바지,14,5364780,hadex,에이치덱스,메인로고 트랙 팬츠 (Black),https://image.msscdn.net/images/goods_img/20250826/5364780/5364780_17582634992274_500.jpg,False
2025-10,M,003006,기타 하의,003,바지,15,3757178,musinsastandard,무신사 스탠다드,시티 레저 CN 와이드 벨티드 파라슈트 팬츠 [카키],https://image.msscdn.net/images/goods_img/20231215/3757178/3757178_17101163541344_500.jpg,False
2025-10,M,003006,기타 하의,003,바지,16,5468228,etce,이티씨이,(BASE) CARPENTER DENIM PANTS (BLACK),https://image.msscdn.net/images/goods_img/20250916/5468228/5468228_17581585906977_500.jpg,False
2025-10,M,003006,기타 하의,003,바지,17,3411541,musinsastandard,무신사 스탠다드,나일론 파라슈트 팬츠  [그레이],https://image.msscdn.net/images/goods_img/20230717/3411541/3411541_16939020628994_500.jpg,False
2025-10,M,003006,기타 하의,003,바지,18,5364772,hadex,에이치덱스,파이핑 나일론 팬츠 (Black),https://image.msscdn.net/images/goods_img/20250826/5364772/5364772_17582635078794_500.jpg,False
2025-10,M,003006,기타 하의,003,바지,19,5364743,hadex,에이치덱스,컨트라스트 스웨트 팬츠 (Black),https://image.msscdn.net/images/goods_img/20250826/5364743/5364743_17582635278990_500.jpg,False
2025-10,M,003006,기타 하의,003,바지,20,5352011,noun,노운,track sweat pants (black),https://image.msscdn.net/images/goods_img/20250821/5352011/5352011_17561993523577_500.jpg,False
2025-10,M,003006,기타 하의,003,바지,21,4798024,aakam,아캄,Knee Pin-tuck Contrast Cargo Pants (Black),https://image.msscdn.net/images/goods_img/20250218/4798024/4798024_17400861432023_500.jpg,False
2025-10,M,003006,기타 하의,003,바지,22,3757184,musinsastandard,무신사 스탠다드,시티 레저 와이드 벨티드 카고 팬츠 [그레이],https://image.msscdn.net/images/goods_img/20231215/3757184/3757184_17101180921509_500.jpg,False
2025-10,M,003006,기타 하의,003,바지,23,3411543,musinsastandard,무신사 스탠다드,속기모 나일론 와이드 스트링 팬츠 [블랙],https://image.msscdn.net/images/goods_img/20230717/3411543/3411543_16952621327918_500.jpg,False
2025-10,M,003006,기타 하의,003,바지,24,5503860,etce,이티씨이,SIDE POCKET CURVED DENIM (BEIGE),https://image.msscdn.net/images/goods_img/20250922/5503860/5503860_17587002720733_500.jpg,False
2025-10,M,003006,기타 하의,003,바지,25,4210136,musinsastandard,무신사 스탠다드,시티 레저 CN 벨티드 유틸리티 팬츠 [라이트 그레이],https://image.msscdn.net/images/goods_img/20240620/4210136/4210136_17294815287398_500.jpg,False
2025-10,M,003006,기타 하의,003,바지,26,5503791,etce,이티씨이,CURVED PANEL DENIM PANTS 2.0 (GRAY),https://image.msscdn.net/images/goods_img/20250922/5503791/5503791_17587004712538_500.jpg,False
2025-10,M,003006,기타 하의,003,바지,27,5516184,danswer,디앤에스알,니티드 밴딩 와이드 팬츠 차콜,https://image.msscdn.net/images/goods_img/20250923/5516184/5516184_17588721908946_500.jpg,False
2025-10,M,003006,기타 하의,003,바지,28,4323440,musinsastandard,무신사 스탠다드,시티 레저 어니언 패딩 벨티드 카고 팬츠 [블랙],https://image.msscdn.net/images/goods_img/20240813/4323440/4323440_17294862569151_500.jpg,False
2025-10,M,003006,기타 하의,003,바지,29,4210145,musinsastandard,무신사 스탠다드,시티 레저 벨티드 멀티 포켓 카고 팬츠 [머드 그레이],https://image.msscdn.net/images/goods_img/20240620/4210145/4210145_17294809216343_500.jpg,False
2025-10,M,003006,기타 하의,003,바지,30,4993373,aakam,아캄,Knee Pin-tuck Studded Cotton Pants (Khaki),https://image.msscdn.net/images/goods_img/20250407/4993373/4993373_17453045907117_500.jpg,False
2025-10,F,001,상의,,,1,5276013,trillion,트릴리온,레더 패치 데님 카라 럭비 맨투맨_네이비,https://image.msscdn.net/images/goods_img/20250728/5276013/5276013_17545474942483_500.jpg,False
2025-10,F,001,상의,,,2,5555157,compagno,꼼파뇨,캣 스티치 레글런 피그먼트 맨투맨 고스트그레이,https://image.msscdn.net/images/goods_img/20250930/5555157/5555157_17592806978863_500.jpg,False
2025-10,F,001,상의,,,3,4375639,compagno,꼼파뇨,happy day 피그먼트 스웨트셔츠 스모크블랙,https://image.msscdn.net/images/goods_img/20240827/4375639/4375639_17727551128659_500.jpg,False
2025-10,F,001,상의,,,4,3417709,musinsastandardwoman,무신사 스탠다드 우먼,우먼즈 슬림 크루 넥 긴소매 티셔츠 [화이트],https://image.msscdn.net/images/goods_img/20230720/3417709/3417709_16964869253825_500.jpg,False
2025-10,F,001,상의,,,5,2722805,brownbreath,브라운브레스,TAG OG HOODIE - BURGUNDY,https://image.msscdn.net/images/goods_img/20220817/2722805/2722805_17685233788556_500.jpg,False
2025-10,F,001,상의,,,6,4302685,sorano,소라노,SORANO Basic Logo HOODIE [6Color],https://image.msscdn.net/images/goods_img/20240807/4302685/4302685_17229675684379_500.jpg,False
2025-10,F,001,상의,,,7,4265248,anotherarchive,어나더 아카이브,그래피티 로고 후드티_네이비,https://image.msscdn.net/images/goods_img/20240722/4265248/4265248_17243380383879_500.jpg,False
2025-10,F,001,상의,,,8,2058188,brownbreath,브라운브레스,TAG OG HOODIE - BLACK,https://image.msscdn.net/images/goods_img/20210811/2058188/2058188_17685234537443_500.jpg,False
2025-10,F,001,상의,,,9,4440029,amesworldwide,아메스 월드와이드,BIG TYPO HOODIE GREY,https://image.msscdn.net/images/goods_img/20240913/4440029/4440029_17623208002122_500.jpg,False
2025-10,F,001,상의,,,10,2759813,saintpain,세인트페인,SP 팀 로고 후드-멜란지 그레이,https://image.msscdn.net/images/goods_img/20220831/2759813/2759813_1_500.jpg,False
2025-10,F,001,상의,,,11,4326536,dimitriblack,디미트리블랙,[기모선택] VLAD 컷오프 아플리케 후드 티셔츠_차콜,https://image.msscdn.net/images/goods_img/20240813/4326536/4326536_17514416403147_500.jpg,False
2025-10,F,001,상의,,,12,4704341,jeep,지프,[360g] M-Logo 반집업 맨투맨 (JR5TSU838MB),https://image.msscdn.net/images/goods_img/20250108/4704341/4704341_17412474701281_500.jpg,False
2025-10,F,001,상의,,,13,5376547,tansanmagnesium,탄산마그네슘,마운틴 롱슬리브 네이비 (우먼),https://image.msscdn.net/images/goods_img/20250828/5376547/5376547_17718144833063_500.jpg,False
2025-10,F,001,상의,,,14,3417707,musinsastandardwoman,무신사 스탠다드 우먼,우먼즈 슬림 크루 넥 긴소매 티셔츠 [블랙],https://image.msscdn.net/images/goods_img/20230720/3417707/3417707_17678587648003_500.jpg,False
2025-10,F,001,상의,,,15,2990516,1989standard,1989스탠다드,RV_OUR 1989 후드 (STHSTD-0004),https://image.msscdn.net/images/goods_img/20221220/2990516/2990516_17865211299718_500.jpg,False
2025-10,F,001,상의,,,16,2302738,brownbreath,브라운브레스,TAG OG HOODIE - NAVY,https://image.msscdn.net/images/goods_img/20220112/2302738/2302738_17685234128085_500.jpg,False
2025-10,F,001,상의,,,17,5429421,tansanmagnesium,탄산마그네슘,드라이어 프리 롱슬리브 화이트,https://image.msscdn.net/images/goods_img/20250909/5429421/5429421_17635374631283_500.jpg,False
2025-10,F,001,상의,,,18,5484873,lee,리,빅 트위치 로고 후드 티셔츠_5Color,https://image.msscdn.net/images/goods_img/20250918/5484873/5484873_17587057641221_500.jpg,False
2025-10,F,001,상의,,,19,4651404,musinsastandardwoman,무신사 스탠다드 우먼,우먼즈 슬림 크루 넥 긴소매 티셔츠 2팩,https://image.msscdn.net/images/goods_img/20241205/4651404/4651404_17393260312543_500.jpg,False
2025-10,F,001,상의,,,20,3469214,avan,어반드레스,Pigment Felt Overfit Hoody  - 3COL,https://image.msscdn.net/images/goods_img/20230816/3469214/3469214_17189570977574_500.jpg,False
2025-10,F,001,상의,,,21,1275020,compagno,꼼파뇨,스트라이프 와펜 로고 롱슬리브 네이비그린,https://image.msscdn.net/images/goods_img/20200118/1275020/1275020_17726685321611_500.jpg,False
2025-10,F,001,상의,,,22,5404516,comieu,쏘비,세미크롭 CH 긴팔티,https://image.msscdn.net/images/goods_img/20250904/5404516/5404516_17569705957799_500.png,False
2025-10,F,001,상의,,,23,3907161,ruddycheeks,아이필블루씨에스엠,Ifeelbluecsm Hoodie [5Color],https://image.msscdn.net/images/goods_img/20240227/3907161/3907161_17591081389486_500.jpg,False
2025-10,F,001,상의,,,24,5332183,venhit,벤힛,MRT 카모 아플리케 후드티,https://image.msscdn.net/images/goods_img/20250818/5332183/5332183_17564512100528_500.jpg,False
2025-10,F,001,상의,,,25,3876972,muahmuah,무아무아,[쭈리/기모] 스티치 콤비 후디 [6color],https://image.msscdn.net/images/goods_img/20240216/3876972/3876972_17514208391640_500.jpg,False
2025-10,F,001,상의,,,26,5421502,ruddycheeks,아이필블루씨에스엠,CSM CAMO LOGO HOODIE [3Color],https://image.msscdn.net/images/goods_img/20250909/5421502/5421502_17573476770031_500.jpg,False
2025-10,F,001,상의,,,27,5422209,apr8,에이프릴에잇,APR8 36 Logo Patch Hoodie[4Color],https://image.msscdn.net/images/goods_img/20250909/5422209/5422209_17573504725806_500.jpg,False
2025-10,F,001,상의,,,28,5432652,tansanmagnesium,탄산마그네슘,마운틴 롱슬리브 화이트/레드(우먼),https://image.msscdn.net/images/goods_img/20250909/5432652/5432652_17605981290104_500.jpg,False
2025-10,F,001,상의,,,29,5385612,thedreamer,더 드리머,중량담요 후드티 블랙,https://image.msscdn.net/images/goods_img/20250901/5385612/5385612_17574878120481_500.jpg,False
2025-10,F,001,상의,,,30,5367572,mimthewardrobe,밈더워드로브,헬로 월드 패치워크 LOVE 후드티_그레이,https://image.msscdn.net/images/goods_img/20250827/5367572/5367572_17683684783499_500.jpg,False
2025-10,F,001005,맨투맨/스웨트,001,상의,1,5276013,trillion,트릴리온,레더 패치 데님 카라 럭비 맨투맨_네이비,https://image.msscdn.net/images/goods_img/20250728/5276013/5276013_17545474942483_500.jpg,False
2025-10,F,001005,맨투맨/스웨트,001,상의,2,5555157,compagno,꼼파뇨,캣 스티치 레글런 피그먼트 맨투맨 고스트그레이,https://image.msscdn.net/images/goods_img/20250930/5555157/5555157_17592806978863_500.jpg,False
2025-10,F,001005,맨투맨/스웨트,001,상의,3,4375639,compagno,꼼파뇨,happy day 피그먼트 스웨트셔츠 스모크블랙,https://image.msscdn.net/images/goods_img/20240827/4375639/4375639_17727551128659_500.jpg,False
2025-10,F,001005,맨투맨/스웨트,001,상의,4,4704341,jeep,지프,[360g] M-Logo 반집업 맨투맨 (JR5TSU838MB),https://image.msscdn.net/images/goods_img/20250108/4704341/4704341_17412474701281_500.jpg,False
2025-10,F,001005,맨투맨/스웨트,001,상의,5,5322192,nastyfancyclub,팬시클럽,로저리 노이어 스웻셔츠 (BLACK) F25ZB016,https://image.msscdn.net/images/goods_img/20250813/5322192/5322192_17893616742328_500.png,False
2025-10,F,001005,맨투맨/스웨트,001,상의,6,5291758,jeep,지프,[360g] M-Logo 반집업 맨투맨 (JR5TSU838BR),https://image.msscdn.net/images/goods_img/20250805/5291758/5291758_17568606030806_500.png,False
2025-10,F,001005,맨투맨/스웨트,001,상의,7,1755605,jeep,지프,[360g] M-Logo 반집업 맨투맨 (JR5TSU838BK),https://image.msscdn.net/images/goods_img/20210120/1755605/1755605_17551317401993_500.jpg,False
2025-10,F,001005,맨투맨/스웨트,001,상의,8,1755609,jeep,지프,[360g] M-Logo 반집업 맨투맨 (JQ5TSU838MG),https://image.msscdn.net/images/goods_img/20210120/1755609/1755609_17681942816847_500.png,False
2025-10,F,001005,맨투맨/스웨트,001,상의,9,3824749,letterfrommoon,레터프롬문,에딘 오프숄더 스웻셔츠 ( 피그먼트 차콜 ),https://image.msscdn.net/images/goods_img/20240126/3824749/3824749_17440748068838_500.jpg,False
2025-10,F,001005,맨투맨/스웨트,001,상의,10,5259072,youhee,유희,YOUHEETIC HOTFIX OFF-SHOULDER SWEATSHIRTS WHITE,https://image.msscdn.net/images/goods_img/20250721/5259072/5259072_17557444166673_500.jpg,False
2025-10,F,001005,맨투맨/스웨트,001,상의,11,5371534,mozmoz,모즈모즈,[SET] 트윙클 오버핏 맨투맨 + 코듀로이 원턱 와이드 팬츠 오트밀,https://image.msscdn.net/images/goods_img/20250828/5371534/5371534_17883324642295_500.jpg,False
2025-10,F,001005,맨투맨/스웨트,001,상의,12,3056893,compagno,꼼파뇨,슈팅 로고 레글런 스웨트셔츠 베이지브라운,https://image.msscdn.net/images/goods_img/20230202/3056893/3056893_16759355110509_500.jpg,False
2025-10,F,001005,맨투맨/스웨트,001,상의,13,2725585,slowacid,슬로우애시드,블러리 로고 스웨트셔츠 [블랙],https://image.msscdn.net/images/goods_img/20220818/2725585/2725585_17253271594882_500.jpg,False
2025-10,F,001005,맨투맨/스웨트,001,상의,14,1817394,travel,트래블,[3-PACK]베이직 트래블러 피그먼트 스웨트셔츠,https://image.msscdn.net/images/goods_img/20210226/1817394/1817394_17152436181527_500.jpg,False
2025-10,F,001005,맨투맨/스웨트,001,상의,15,4342389,ghostrepublic,고스트리퍼블릭,심볼 로고 트랙 폴로 맨투맨 GMT-156_블랙,https://image.msscdn.net/images/goods_img/20240819/4342389/4342389_17847048024420_500.jpg,False
2025-10,F,001005,맨투맨/스웨트,001,상의,16,4424539,notonlyfortoday,낫온리포투데이,NOFT 패치워크 맨투맨 (2Color),https://image.msscdn.net/images/goods_img/20240910/4424539/4424539_17884871132689_500.jpg,False
2025-10,F,001005,맨투맨/스웨트,001,상의,17,1208839,grooverhyme,그루브라임,"[2PACK] 유니)C/P기모쭈리 - LOCATION 맨투맨(세미오버핏)(15COLOR)[LRAWCTM704M/712M, 304M, GMT501H43]",https://image.msscdn.net/images/goods_img/20191031/1208839/1208839_17170444397110_500.jpg,False
2025-10,F,001005,맨투맨/스웨트,001,상의,18,5276014,trillion,트릴리온,레더 패치 데님 카라 럭비 맨투맨_블랙,https://image.msscdn.net/images/goods_img/20250728/5276014/5276014_17545475185467_500.jpg,False
2025-10,F,001005,맨투맨/스웨트,001,상의,19,5290998,ghostrepublic,고스트리퍼블릭,심볼 로고 트랙 폴로 맨투맨 GMT-156_네이비,https://image.msscdn.net/images/goods_img/20250804/5290998/5290998_17542950782493_500.jpg,False
2025-10,F,001005,맨투맨/스웨트,001,상의,20,2697813,prendafromplant,프렌다,PRDA DENIM PATCH CREWNECK SHIRT BLACK,https://image.msscdn.net/images/goods_img/20220804/2697813/2697813_16759892051756_500.jpg,False
2025-10,F,001005,맨투맨/스웨트,001,상의,21,2990264,1989standard,1989스탠다드,MAIN LOGO 맨투맨(STMSTD-0017),https://image.msscdn.net/images/goods_img/20221220/2990264/2990264_17865183102754_500.jpg,False
2025-10,F,001005,맨투맨/스웨트,001,상의,22,4261941,nmx,언더오프,어센틱 릴렉스드 브루클린 맨투맨 스웨트 오트밀,https://image.msscdn.net/images/goods_img/20240719/4261941/4261941_17228318526349_500.jpg,False
2025-10,F,001005,맨투맨/스웨트,001,상의,23,5308372,ghostrepublic,고스트리퍼블릭,심볼 로고 래글런 트랙 맨투맨 GMT-155_피그먼트 블랙,https://image.msscdn.net/images/goods_img/20250811/5308372/5308372_17847039852088_500.jpg,False
2025-10,F,001005,맨투맨/스웨트,001,상의,24,3475395,wednesdayoasis,웬즈데이오아시스,[기모버전추가]시그니처 오버핏 맨투맨 6COLOR,https://image.msscdn.net/images/goods_img/20230818/3475395/3475395_17905819271368_500.jpg,False
2025-10,F,001005,맨투맨/스웨트,001,상의,25,4492307,codegraphy,코드그라피,스퀘어 로고 맨투맨_블랙,https://image.msscdn.net/images/goods_img/20241007/4492307/4492307_17576419893877_500.jpg,False
2025-10,F,001005,맨투맨/스웨트,001,상의,26,4823573,mucent,무센트,시그니처 베이직 로고 맨투맨 남녀공용 (5컬러),https://image.msscdn.net/images/goods_img/20250224/4823573/4823573_17403776079706_500.jpg,False
2025-10,F,001005,맨투맨/스웨트,001,상의,27,3444706,brownbreath,브라운브레스,TAG OG CREWNECK - BLACK,https://image.msscdn.net/images/goods_img/20230804/3444706/3444706_17231911605372_500.jpg,False
2025-10,F,001005,맨투맨/스웨트,001,상의,28,2313388,1993studio,1993스튜디오,90S 트랙 스웨트셔츠_그레이,https://image.msscdn.net/images/goods_img/20220118/2313388/2313388_17592092127579_500.jpg,False
2025-10,F,001005,맨투맨/스웨트,001,상의,29,5320344,typeservice,타입서비스,Buttoned Fleece Top [Blue],https://image.msscdn.net/images/goods_img/20250813/5320344/5320344_17905786656707_500.jpg,False
2025-10,F,001005,맨투맨/스웨트,001,상의,30,2090950,jeep,지프,[360g] M-Logo 반집업 맨투맨 (JR5TSU838DA),https://image.msscdn.net/images/goods_img/20210826/2090950/2090950_17689757503583_500.png,False
2025-10,F,001004,후드 티셔츠,001,상의,1,2722805,brownbreath,브라운브레스,TAG OG HOODIE - BURGUNDY,https://image.msscdn.net/images/goods_img/20220817/2722805/2722805_17685233788556_500.jpg,False
2025-10,F,001004,후드 티셔츠,001,상의,2,4302685,sorano,소라노,SORANO Basic Logo HOODIE [6Color],https://image.msscdn.net/images/goods_img/20240807/4302685/4302685_17229675684379_500.jpg,False
2025-10,F,001004,후드 티셔츠,001,상의,3,4265248,anotherarchive,어나더 아카이브,그래피티 로고 후드티_네이비,https://image.msscdn.net/images/goods_img/20240722/4265248/4265248_17243380383879_500.jpg,False
2025-10,F,001004,후드 티셔츠,001,상의,4,2058188,brownbreath,브라운브레스,TAG OG HOODIE - BLACK,https://image.msscdn.net/images/goods_img/20210811/2058188/2058188_17685234537443_500.jpg,False
2025-10,F,001004,후드 티셔츠,001,상의,5,4440029,amesworldwide,아메스 월드와이드,BIG TYPO HOODIE GREY,https://image.msscdn.net/images/goods_img/20240913/4440029/4440029_17623208002122_500.jpg,False
2025-10,F,001004,후드 티셔츠,001,상의,6,2759813,saintpain,세인트페인,SP 팀 로고 후드-멜란지 그레이,https://image.msscdn.net/images/goods_img/20220831/2759813/2759813_1_500.jpg,False
2025-10,F,001004,후드 티셔츠,001,상의,7,4326536,dimitriblack,디미트리블랙,[기모선택] VLAD 컷오프 아플리케 후드 티셔츠_차콜,https://image.msscdn.net/images/goods_img/20240813/4326536/4326536_17514416403147_500.jpg,False
2025-10,F,001004,후드 티셔츠,001,상의,8,2990516,1989standard,1989스탠다드,RV_OUR 1989 후드 (STHSTD-0004),https://image.msscdn.net/images/goods_img/20221220/2990516/2990516_17865211299718_500.jpg,False
2025-10,F,001004,후드 티셔츠,001,상의,9,2302738,brownbreath,브라운브레스,TAG OG HOODIE - NAVY,https://image.msscdn.net/images/goods_img/20220112/2302738/2302738_17685234128085_500.jpg,False
2025-10,F,001004,후드 티셔츠,001,상의,10,5484873,lee,리,빅 트위치 로고 후드 티셔츠_5Color,https://image.msscdn.net/images/goods_img/20250918/5484873/5484873_17587057641221_500.jpg,False
2025-10,F,001004,후드 티셔츠,001,상의,11,3469214,avan,어반드레스,Pigment Felt Overfit Hoody  - 3COL,https://image.msscdn.net/images/goods_img/20230816/3469214/3469214_17189570977574_500.jpg,False
2025-10,F,001004,후드 티셔츠,001,상의,12,3907161,ruddycheeks,아이필블루씨에스엠,Ifeelbluecsm Hoodie [5Color],https://image.msscdn.net/images/goods_img/20240227/3907161/3907161_17591081389486_500.jpg,False
2025-10,F,001004,후드 티셔츠,001,상의,13,5332183,venhit,벤힛,MRT 카모 아플리케 후드티,https://image.msscdn.net/images/goods_img/20250818/5332183/5332183_17564512100528_500.jpg,False
2025-10,F,001004,후드 티셔츠,001,상의,14,3876972,muahmuah,무아무아,[쭈리/기모] 스티치 콤비 후디 [6color],https://image.msscdn.net/images/goods_img/20240216/3876972/3876972_17514208391640_500.jpg,False
2025-10,F,001004,후드 티셔츠,001,상의,15,5421502,ruddycheeks,아이필블루씨에스엠,CSM CAMO LOGO HOODIE [3Color],https://image.msscdn.net/images/goods_img/20250909/5421502/5421502_17573476770031_500.jpg,False
2025-10,F,001004,후드 티셔츠,001,상의,16,5422209,apr8,에이프릴에잇,APR8 36 Logo Patch Hoodie[4Color],https://image.msscdn.net/images/goods_img/20250909/5422209/5422209_17573504725806_500.jpg,False
2025-10,F,001004,후드 티셔츠,001,상의,17,5385612,thedreamer,더 드리머,중량담요 후드티 블랙,https://image.msscdn.net/images/goods_img/20250901/5385612/5385612_17574878120481_500.jpg,False
2025-10,F,001004,후드 티셔츠,001,상의,18,5367572,mimthewardrobe,밈더워드로브,헬로 월드 패치워크 LOVE 후드티_그레이,https://image.msscdn.net/images/goods_img/20250827/5367572/5367572_17683684783499_500.jpg,False
2025-10,F,001004,후드 티셔츠,001,상의,19,2990499,1989standard,1989스탠다드,AUTHENTIC 후드 (STHSTD-0007),https://image.msscdn.net/images/goods_img/20221220/2990499/2990499_17865213457390_500.jpg,False
2025-10,F,001004,후드 티셔츠,001,상의,20,5438125,thisisneverthat,디스이즈네버댓,T-Logo Hoodie Navy,https://image.msscdn.net/images/goods_img/20250910/5438125/5438125_17682810360369_500.jpg,False
2025-10,F,001004,후드 티셔츠,001,상의,21,5438121,thisisneverthat,디스이즈네버댓,T-Logo Hoodie Heather Grey,https://image.msscdn.net/images/goods_img/20250910/5438121/5438121_17682811390976_500.jpg,False
2025-10,F,001004,후드 티셔츠,001,상의,22,5333670,yosemite,요세미티,OG 그래피티 후드티 블랙 YHT-402,https://image.msscdn.net/images/goods_img/20250818/5333670/5333670_17865154506679_500.jpg,False
2025-10,F,001004,후드 티셔츠,001,상의,23,5397080,itzavibe,잇자바이브,I LOVE CAT NOT YOU CAT EAR HOODIE,https://image.msscdn.net/images/goods_img/20250903/5397080/5397080_17618847217078_500.jpg,False
2025-10,F,001004,후드 티셔츠,001,상의,24,3445872,apr8,에이프릴에잇,APR8 STAR LOGO HOODIE [6Color],https://image.msscdn.net/images/goods_img/20230804/3445872/3445872_16944857555770_500.jpg,False
2025-10,F,001004,후드 티셔츠,001,상의,25,5396899,brownbreath,브라운브레스,PAISLEY TAG HOODIE - ASH,https://image.msscdn.net/images/goods_img/20250903/5396899/5396899_17605792678190_500.jpg,False
2025-10,F,001004,후드 티셔츠,001,상의,26,5308455,ghostrepublic,고스트리퍼블릭,래글런 트랙 후드배색 헨리넥 후드티 GHT-483_네이비,https://image.msscdn.net/images/goods_img/20250811/5308455/5308455_17848598615368_500.jpg,False
2025-10,F,001004,후드 티셔츠,001,상의,27,5367638,mimthewardrobe,밈더워드로브,헬로 월드 패치워크 LOVE 후드티_네이비,https://image.msscdn.net/images/goods_img/20250827/5367638/5367638_17683679026317_500.jpg,False
2025-10,F,001004,후드 티셔츠,001,상의,28,4696321,notonlyfortoday,낫온리포투데이,넘버볼 후드티 [버건디],https://image.msscdn.net/images/goods_img/20250103/4696321/4696321_17675760651546_500.jpg,False
2025-10,F,001004,후드 티셔츠,001,상의,29,4711280,venhit,벤힛,VH CREW 후드티,https://image.msscdn.net/images/goods_img/20250110/4711280/4711280_17370785218504_500.jpg,False
2025-10,F,001004,후드 티셔츠,001,상의,30,2043056,codegraphy,코드그라피,[SET] [후드티 OR 맨투맨 선택] CGP 아치 로고 셋업_네이비,https://image.msscdn.net/images/goods_img/20210728/2043056/2043056_17827161407701_500.jpg,False
2025-10,F,001002,셔츠/블라우스,001,상의,1,3323598,musinsastandardwoman,무신사 스탠다드 우먼,우먼즈 슬림 핏 셔츠 [화이트],https://image.msscdn.net/images/goods_img/20230525/3323598/3323598_16969793437240_500.jpg,False
2025-10,F,001002,셔츠/블라우스,001,상의,2,3791891,filluminate,필루미네이트,오버핏 포레스트 체크 셔츠-블랙,https://image.msscdn.net/images/goods_img/20240112/3791891/3791891_17901256505525_500.jpg,False
2025-10,F,001002,셔츠/블라우스,001,상의,3,4424923,nain,아틀리에 나인,론드투 웨이스트 턱 블라우스(Z-BL-4287),https://image.msscdn.net/images/goods_img/20240910/4424923/4424923_17900440716409_500.jpg,False
2025-10,F,001002,셔츠/블라우스,001,상의,4,5251265,lemainsecond,리메인세컨드,오버핏 플란넬 포켓 체크 셔츠 [딥블루],https://image.msscdn.net/images/goods_img/20250716/5251265/5251265_17872912962879_500.jpg,False
2025-10,F,001002,셔츠/블라우스,001,상의,5,4306872,codegraphy,코드그라피,90S VTG THE NERD 오버핏 체크셔츠_라이트 핑크,https://image.msscdn.net/images/goods_img/20240807/4306872/4306872_17718107079304_500.jpg,False
2025-10,F,001002,셔츠/블라우스,001,상의,6,5251282,lemainsecond,리메인세컨드,오버핏 플란넬 포켓 체크 셔츠 [딥핑크],https://image.msscdn.net/images/goods_img/20250716/5251282/5251282_17872912389970_500.jpg,False
2025-10,F,001002,셔츠/블라우스,001,상의,7,1647895,avan,어반드레스,마르스 오버핏 울 체크 셔츠-네이비,https://image.msscdn.net/images/goods_img/20201014/1647895/1647895_17306765714622_500.jpg,False
2025-10,F,001002,셔츠/블라우스,001,상의,8,2085005,citybreeze,시티브리즈,링클 프리 베이직 셔츠_19COLORS,https://image.msscdn.net/images/prd_img/20210824/2085005/detail_2085005_17524690165032_500.jpg,False
2025-10,F,001002,셔츠/블라우스,001,상의,9,4425073,takeasy,테이크이지,빈티지 오버 듀플린 체크 셔츠 (차콜),https://image.msscdn.net/images/goods_img/20240910/4425073/4425073_17273390280319_500.jpg,False
2025-10,F,001002,셔츠/블라우스,001,상의,10,994588,filluminate,필루미네이트,옵티멀 베이직 셔츠-화이트[린넨＆옥스포드 선택],https://image.msscdn.net/images/goods_img/20190326/994588/994588_17878791359967_500.jpg,False
2025-10,F,001002,셔츠/블라우스,001,상의,11,4705470,lemainsecond,리메인세컨드,오버핏 플란넬 포켓 체크 셔츠 [블랙],https://image.msscdn.net/images/goods_img/20250108/4705470/4705470_17872915557201_500.jpg,False
2025-10,F,001002,셔츠/블라우스,001,상의,12,4227437,standarderror,스탠다드에러,87-STAN081 원포켓 빈티지 오버핏 긴팔 체크 셔츠 네이비,https://image.msscdn.net/images/goods_img/20240702/4227437/4227437_17738154996351_500.jpg,False
2025-10,F,001002,셔츠/블라우스,001,상의,13,4313634,avan,어반드레스,Peter Check Shirt PINK,https://image.msscdn.net/images/goods_img/20240809/4313634/4313634_17241418821727_500.jpg,False
2025-10,F,001002,셔츠/블라우스,001,상의,14,4755788,acover,어커버,타탄 스웻후드 체크셔츠 3color,https://image.msscdn.net/images/goods_img/20250204/4755788/4755788_17891133480992_500.jpg,False
2025-10,F,001002,셔츠/블라우스,001,상의,15,4755245,generalideastandard,제너럴아이디어,링클프리 리벳 셔츠 [WHITE] / WBE1L03507,https://image.msscdn.net/images/goods_img/20250204/4755245/4755245_17570578220501_500.jpg,False
2025-10,F,001002,셔츠/블라우스,001,상의,16,3825677,lemainsecond,리메인세컨드,[NPACK] 시티보이 오버핏 워싱 데님 셔츠_4COLOR,https://image.msscdn.net/images/goods_img/20240126/3825677/3825677_17562729866799_500.jpg,False
2025-10,F,001002,셔츠/블라우스,001,상의,17,4705635,lemainsecond,리메인세컨드,레트로 오버핏 코튼 플란넬 포켓 체크 셔츠 [그린],https://image.msscdn.net/images/goods_img/20250108/4705635/4705635_17670774272725_500.jpg,False
2025-10,F,001002,셔츠/블라우스,001,상의,18,3056564,musinsastandardwoman,무신사 스탠다드 우먼,우먼즈 링클프리 셔츠 [화이트],https://image.msscdn.net/images/goods_img/20230202/3056564/3056564_17466830192731_500.jpg,False
2025-10,F,001002,셔츠/블라우스,001,상의,19,3323599,musinsastandardwoman,무신사 스탠다드 우먼,우먼즈 슬림 핏 셔츠 [스카이 블루],https://image.msscdn.net/images/goods_img/20230525/3323599/3323599_17678587147206_500.jpg,False
2025-10,F,001002,셔츠/블라우스,001,상의,20,5343537,euggen,유젠,엔틱 스몰 로고 클래식 데님 셔츠_라이트 인디고,https://image.msscdn.net/images/goods_img/20250820/5343537/5343537_17558257958900_500.jpg,False
2025-10,F,001002,셔츠/블라우스,001,상의,21,4186471,huke,후크,빈티지 워싱 브라운  체크셔츠,https://image.msscdn.net/images/goods_img/20240610/4186471/4186471_17179929320187_500.jpg,False
2025-10,F,001002,셔츠/블라우스,001,상의,22,5186952,musinsastandardwoman,무신사 스탠다드 우먼,우먼즈 릴렉스드 옥스포드 셔츠 [화이트],https://image.msscdn.net/images/goods_img/20250616/5186952/5186952_17562612616309_500.jpg,False
2025-10,F,001002,셔츠/블라우스,001,상의,23,5244165,bittercells,비터셀즈,오버사이즈드 코니 체크 셔츠-블랙,https://image.msscdn.net/images/goods_img/20250711/5244165/5244165_17550625626961_500.jpg,False
2025-10,F,001002,셔츠/블라우스,001,상의,24,4705589,lemainsecond,리메인세컨드,오버핏 플란넬 포켓 체크 셔츠 [네이비],https://image.msscdn.net/images/goods_img/20250108/4705589/4705589_17872914484784_500.jpg,False
2025-10,F,001002,셔츠/블라우스,001,상의,25,4900216,muahmuah,무아무아,루즈핏 체크 긴팔 셔츠 [5color],https://image.msscdn.net/images/goods_img/20250314/4900216/4900216_17877996164541_500.jpg,False
2025-10,F,001002,셔츠/블라우스,001,상의,26,5308429,ghostrepublic,고스트리퍼블릭,빈티지 워싱 더블포켓 데님 셔츠 GLS-716_더스트인디고,https://image.msscdn.net/images/goods_img/20250811/5308429/5308429_17847041958656_500.jpg,False
2025-10,F,001002,셔츠/블라우스,001,상의,27,5244137,bittercells,비터셀즈,오버사이즈드 샤샤 스트라이프 셔츠-아이보리,https://image.msscdn.net/images/goods_img/20250711/5244137/5244137_17550624506068_500.jpg,False
2025-10,F,001002,셔츠/블라우스,001,상의,28,3825639,lemainsecond,리메인세컨드,[NPACK] 시티보이 오버핏 옥스포드 셔츠_3COLOR,https://image.msscdn.net/images/goods_img/20240126/3825639/3825639_17562730433653_500.jpg,False
2025-10,F,001002,셔츠/블라우스,001,상의,29,5349501,kiimuir,키뮤어,플란넬 체크 셔츠_4 COLOR,https://image.msscdn.net/images/goods_img/20250821/5349501/5349501_17585272754360_500.jpg,False
2025-10,F,001002,셔츠/블라우스,001,상의,30,5253332,lemainsecond,리메인세컨드,프리미엄 오버핏 플란넬 포켓 체크 셔츠 [오렌지],https://image.msscdn.net/images/goods_img/20250717/5253332/5253332_17901450613224_500.jpg,False
2025-10,F,001010,긴소매 티셔츠,001,상의,1,3417709,musinsastandardwoman,무신사 스탠다드 우먼,우먼즈 슬림 크루 넥 긴소매 티셔츠 [화이트],https://image.msscdn.net/images/goods_img/20230720/3417709/3417709_16964869253825_500.jpg,False
2025-10,F,001010,긴소매 티셔츠,001,상의,2,5376547,tansanmagnesium,탄산마그네슘,마운틴 롱슬리브 네이비 (우먼),https://image.msscdn.net/images/goods_img/20250828/5376547/5376547_17718144833063_500.jpg,False
2025-10,F,001010,긴소매 티셔츠,001,상의,3,3417707,musinsastandardwoman,무신사 스탠다드 우먼,우먼즈 슬림 크루 넥 긴소매 티셔츠 [블랙],https://image.msscdn.net/images/goods_img/20230720/3417707/3417707_17678587648003_500.jpg,False
2025-10,F,001010,긴소매 티셔츠,001,상의,4,5429421,tansanmagnesium,탄산마그네슘,드라이어 프리 롱슬리브 화이트,https://image.msscdn.net/images/goods_img/20250909/5429421/5429421_17635374631283_500.jpg,False
2025-10,F,001010,긴소매 티셔츠,001,상의,5,4651404,musinsastandardwoman,무신사 스탠다드 우먼,우먼즈 슬림 크루 넥 긴소매 티셔츠 2팩,https://image.msscdn.net/images/goods_img/20241205/4651404/4651404_17393260312543_500.jpg,False
2025-10,F,001010,긴소매 티셔츠,001,상의,6,1275020,compagno,꼼파뇨,스트라이프 와펜 로고 롱슬리브 네이비그린,https://image.msscdn.net/images/goods_img/20200118/1275020/1275020_17726685321611_500.jpg,False
2025-10,F,001010,긴소매 티셔츠,001,상의,7,5404516,comieu,쏘비,세미크롭 CH 긴팔티,https://image.msscdn.net/images/goods_img/20250904/5404516/5404516_17569705957799_500.png,False
2025-10,F,001010,긴소매 티셔츠,001,상의,8,5432652,tansanmagnesium,탄산마그네슘,마운틴 롱슬리브 화이트/레드(우먼),https://image.msscdn.net/images/goods_img/20250909/5432652/5432652_17605981290104_500.jpg,False
2025-10,F,001010,긴소매 티셔츠,001,상의,9,3874367,jeep,지프,[2PACK] 16수 싱글 에어그램 롱슬리브 티셔츠 (JQ5TSU754BK),https://image.msscdn.net/images/prd_img/20240215/3874367/detail_3874367_17834737247478_500.jpg,False
2025-10,F,001010,긴소매 티셔츠,001,상의,10,5410425,hangten1,행텐,여성 웨일 슬림핏 가디건 레이어드 티셔츠(10530-131-613-45),https://image.msscdn.net/images/goods_img/20250905/5410425/5410425_17755254600209_500.jpg,False
2025-10,F,001010,긴소매 티셔츠,001,상의,11,3417708,musinsastandardwoman,무신사 스탠다드 우먼,우먼즈 슬림 크루 넥 긴소매 티셔츠 [크림],https://image.msscdn.net/images/goods_img/20230720/3417708/3417708_16975309529153_500.jpg,False
2025-10,F,001010,긴소매 티셔츠,001,상의,12,4227807,discusathletic,디스커스 애슬레틱,[2PACK] 오버 핏 롱슬리브 블랭크 티셔츠,https://image.msscdn.net/images/goods_img/20240702/4227807/4227807_17881482998978_500.jpg,False
2025-10,F,001010,긴소매 티셔츠,001,상의,13,5375907,tansanmagnesium,탄산마그네슘,혼 아플리케 롱슬리브 네이비 (우먼),https://image.msscdn.net/images/goods_img/20250828/5375907/5375907_17605984059616_500.jpg,False
2025-10,F,001010,긴소매 티셔츠,001,상의,14,5429440,tansanmagnesium,탄산마그네슘,드라이어 프리 롱슬리브 그레이,https://image.msscdn.net/images/goods_img/20250909/5429440/5429440_17578669057837_500.jpg,False
2025-10,F,001010,긴소매 티셔츠,001,상의,15,5311132,compagno,꼼파뇨,체리포크 레글런 피그먼트 롱슬리브 스모크블랙,https://image.msscdn.net/images/goods_img/20250811/5311132/5311132_17549597658861_500.jpg,False
2025-10,F,001010,긴소매 티셔츠,001,상의,16,3921829,brownbreath,브라운브레스,PAISLEY TAG LONGSLEEVE - WHITE,https://image.msscdn.net/images/goods_img/20240305/3921829/3921829_17605793893397_500.jpg,False
2025-10,F,001010,긴소매 티셔츠,001,상의,17,5376111,tansanmagnesium,탄산마그네슘,마운틴 롱슬리브 스카이블루 (우먼),https://image.msscdn.net/images/goods_img/20250828/5376111/5376111_17621500295885_500.jpg,False
2025-10,F,001010,긴소매 티셔츠,001,상의,18,5429264,tansanmagnesium,탄산마그네슘,드라이어 프리 롱슬리브 블랙,https://image.msscdn.net/images/goods_img/20250909/5429264/5429264_17578668708063_500.jpg,False
2025-10,F,001010,긴소매 티셔츠,001,상의,19,2773137,musinsastandardwoman,무신사 스탠다드 우먼,우먼즈 플렉서블 크루 넥 긴소매 티셔츠 [크림],https://image.msscdn.net/images/goods_img/20220906/2773137/2773137_17840988750212_500.jpg,False
2025-10,F,001010,긴소매 티셔츠,001,상의,20,3005822,brownbreath,브라운브레스,TAG OG LONGSLEEVE - WHITE,https://image.msscdn.net/images/goods_img/20230104/3005822/3005822_17392559844752_500.jpg,False
2025-10,F,001010,긴소매 티셔츠,001,상의,21,5278121,misekiseoul,미세키서울,Slash button long sleeves BLACK,https://image.msscdn.net/images/goods_img/20250729/5278121/5278121_17572938421995_500.jpg,False
2025-10,F,001010,긴소매 티셔츠,001,상의,22,2773135,musinsastandardwoman,무신사 스탠다드 우먼,우먼즈 플렉서블 크루 넥 긴소매 티셔츠 [화이트],https://image.msscdn.net/images/goods_img/20220906/2773135/2773135_17840992007560_500.jpg,False
2025-10,F,001010,긴소매 티셔츠,001,상의,23,3066189,lmc,엘엠씨,AEROCOOL LONG SLV TEE 2PACK none,https://image.msscdn.net/images/goods_img/20230207/3066189/3066189_17797561475320_500.jpg,False
2025-10,F,001010,긴소매 티셔츠,001,상의,24,4708446,prendafromplant,프렌다,LACE NECK BUTTON LONG SLEEVE OATMEAL,https://image.msscdn.net/images/goods_img/20250109/4708446/4708446_17695856977578_500.jpg,False
2025-10,F,001010,긴소매 티셔츠,001,상의,25,2724648,musinsastandardwoman,무신사 스탠다드 우먼,우먼즈 릴렉스드 크루 넥 긴팔 티셔츠 2팩,https://image.msscdn.net/images/goods_img/20220818/2724648/2724648_17133399681916_500.jpg,False
2025-10,F,001010,긴소매 티셔츠,001,상의,26,4251981,musinsastandardwoman,무신사 스탠다드 우먼,우먼즈 슬림 크루 넥 긴소매 티셔츠 [멜란지 그레이],https://image.msscdn.net/images/goods_img/20240716/4251981/4251981_17436385459639_500.jpg,False
2025-10,F,001010,긴소매 티셔츠,001,상의,27,2773136,musinsastandardwoman,무신사 스탠다드 우먼,우먼즈 플렉서블 크루 넥 긴소매 티셔츠 [블랙],https://image.msscdn.net/images/goods_img/20220906/2773136/2773136_17840987826103_500.jpg,False
2025-10,F,001010,긴소매 티셔츠,001,상의,28,2058133,brownbreath,브라운브레스,TAG OG LONGSLEEVE - BLACK,https://image.msscdn.net/images/goods_img/20210811/2058133/2058133_17385429891236_500.jpg,False
2025-10,F,001010,긴소매 티셔츠,001,상의,29,4755834,ason,애즈온,WISH RIBBED BUTTON TEE / IVORY,https://image.msscdn.net/images/goods_img/20250204/4755834/4755834_17721789754782_500.jpg,False
2025-10,F,001010,긴소매 티셔츠,001,상의,30,3417710,musinsastandardwoman,무신사 스탠다드 우먼,우먼즈 슬림 크루 넥 긴소매 티셔츠 [라이트 모스],https://image.msscdn.net/images/goods_img/20230720/3417710/3417710_16975308484506_500.jpg,False
2025-10,F,001001,반소매 티셔츠,001,상의,1,1417691,musinsastandardwoman,무신사 스탠다드 우먼,우먼즈 베이식 크루 넥 반팔 티셔츠 [화이트],https://image.msscdn.net/images/goods_img/20200423/1417691/1417691_17828975022011_500.jpg,False
2025-10,F,001001,반소매 티셔츠,001,상의,2,2442409,yale,예일,[16수 코마사] 2PACK 스몰아치 반팔티셔츠 화이트/블랙,https://image.msscdn.net/images/goods_img/20220324/2442409/2442409_17424359787816_500.jpg,False
2025-10,F,001001,반소매 티셔츠,001,상의,3,3973556,untapped,언탭트 스튜디오,[3PACK]퓨어코튼 24수  롱기장 레이어드 무지 반팔 티셔츠,https://image.msscdn.net/images/goods_img/20240320/3973556/3973556_17657835585342_500.jpg,False
2025-10,F,001001,반소매 티셔츠,001,상의,4,5168794,marithefrancoisgirbaud,마리떼 프랑소와 저버,(UNISEX / WOMEN) 3PACK SMALL REGULAR LOGO TEE MIX,https://image.msscdn.net/images/goods_img/20250605/5168794/5168794_17490981845184_500.jpg,False
2025-10,F,001001,반소매 티셔츠,001,상의,5,2724650,musinsastandardwoman,무신사 스탠다드 우먼,우먼즈 베이식 크루 넥 반팔 티셔츠 2팩,https://image.msscdn.net/images/goods_img/20220818/2724650/2724650_17828109022105_500.jpg,False
2025-10,F,001001,반소매 티셔츠,001,상의,6,2518417,jeep,지프,[2PACK] 190g 싱글 에어그램  반팔 티셔츠 (JR5TSU159BK),https://image.msscdn.net/images/goods_img/20220427/2518417/2518417_17685218387430_500.jpg,False
2025-10,F,001001,반소매 티셔츠,001,상의,7,3753637,musinsastandardwoman,무신사 스탠다드 우먼,우먼즈 슬림 크루 넥 티셔츠 [화이트],https://image.msscdn.net/images/goods_img/20231212/3753637/3753637_17852906274308_500.jpg,False
2025-10,F,001001,반소매 티셔츠,001,상의,8,1417692,musinsastandardwoman,무신사 스탠다드 우먼,우먼즈 베이식 크루 넥 반팔 티셔츠 [블랙],https://image.msscdn.net/images/goods_img/20200423/1417692/1417692_17828971603419_500.jpg,False
2025-10,F,001001,반소매 티셔츠,001,상의,9,3341803,elimeno,엘리메노,[2PACK] EL 스트리트 아트워크 오버핏 반팔티 2종 2PACK,https://image.msscdn.net/images/goods_img/20230601/3341803/3341803_17152378354266_500.jpg,False
2025-10,F,001001,반소매 티셔츠,001,상의,10,4212002,hangten1,행텐,공용 4PACK 베이직 크루넥 반팔 티셔츠(10520-298-456-05),https://image.msscdn.net/images/goods_img/20240621/4212002/4212002_17811366777474_500.jpg,False
2025-10,F,001001,반소매 티셔츠,001,상의,11,4931677,puma,푸마,1+1 티 팩 - 블랙:화이트 / 950408-03,https://image.msscdn.net/images/goods_img/20250324/4931677/4931677_17500626312844_500.jpg,False
2025-10,F,001001,반소매 티셔츠,001,상의,12,3943019,compagno,꼼파뇨,DTP 해피 데이 반팔티 화이트,https://image.msscdn.net/images/goods_img/20240312/3943019/3943019_17108267959953_500.jpg,False
2025-10,F,001001,반소매 티셔츠,001,상의,13,5223338,compagno,꼼파뇨,캣 스티치 피그먼트 반팔티 스모크블랙,https://image.msscdn.net/images/goods_img/20250702/5223338/5223338_17514498459374_500.jpg,False
2025-10,F,001001,반소매 티셔츠,001,상의,14,1848166,covernat,커버낫,[2PACK] 쿨 코튼 티셔츠 Black+White,https://image.msscdn.net/images/goods_img/20210316/1848166/1848166_17731083991583_500.jpg,False
2025-10,F,001001,반소매 티셔츠,001,상의,15,3458174,topten,탑텐,공용) 코튼 베이직 반팔티 3PACK_MSE5TS3001,https://image.msscdn.net/images/goods_img/20230810/3458174/3458174_17905771600299_500.jpg,False
2025-10,F,001001,반소매 티셔츠,001,상의,16,4002344,rolarola,로라로라,MAISON DE ROLA EMBROIDERY T-SHIRT WHITE,https://image.msscdn.net/images/goods_img/20240328/4002344/4002344_17863206145486_500.jpg,False
2025-10,F,001001,반소매 티셔츠,001,상의,17,4661463,youhee,유희,YOUHEE X LITTLE TWIN STAR BACK LOGO HOODIE ZIP UP BLACK,https://image.msscdn.net/images/goods_img/20241211/4661463/4661463_17459148200113_500.jpg,False
2025-10,F,001001,반소매 티셔츠,001,상의,18,3223007,brenson,브렌슨,( 2PACK ) 퓨어코튼 레이어드 체인 반팔티,https://image.msscdn.net/images/goods_img/20230411/3223007/3223007_17152355484963_500.jpg,False
2025-10,F,001001,반소매 티셔츠,001,상의,19,3214223,secondmonolgue,세컨모놀로그,[2PACK] 키홀 릴렉스드 쿨 코튼 반팔 티셔츠_SETS005TWOPACK,https://image.msscdn.net/images/goods_img/20230406/3214223/3214223_17581727054032_500.jpg,False
2025-10,F,001001,반소매 티셔츠,001,상의,20,4838119,printstar,프린트스타,[2PACK] 14수 7.4oz 헤비웨이트 라운드 오버핏 무지 반팔 티셔츠,https://image.msscdn.net/images/goods_img/20250226/4838119/4838119_17405717515529_500.jpg,False
2025-10,F,001001,반소매 티셔츠,001,상의,21,3223006,brenson,브렌슨,( 2PACK ) 퓨어코튼 루즈핏 체인 반팔티,https://image.msscdn.net/images/goods_img/20230411/3223006/3223006_17152355560427_500.jpg,False
2025-10,F,001001,반소매 티셔츠,001,상의,22,3753656,musinsastandardwoman,무신사 스탠다드 우먼,우먼즈 모달 블렌드 베이식 크루 넥 티셔츠 [화이트],https://image.msscdn.net/images/goods_img/20231212/3753656/3753656_17484115200003_500.jpg,False
2025-10,F,001001,반소매 티셔츠,001,상의,23,5588805,wilson,윌슨,KCC EGIS 베이스볼 저지,https://image.msscdn.net/images/goods_img/20251014/5588805/5588805_17605100456520_500.jpg,False
2025-10,F,001001,반소매 티셔츠,001,상의,24,4659092,ganni,가니,베이직 저지 키튼 릴렉스핏 반소매 티셔츠 - 화이트 / T4060151,https://image.msscdn.net/images/goods_img/20241210/4659092/4659092_17351740560792_500.jpg,False
2025-10,F,001001,반소매 티셔츠,001,상의,25,2462040,prendafromplant,프렌다,PRDA DENIM PATCH CREWNECK TEE WHITE,https://image.msscdn.net/images/goods_img/20220401/2462040/2462040_17501470976915_500.jpg,False
2025-10,F,001001,반소매 티셔츠,001,상의,26,1783115,basichouse,베이직하우스,[3PACK] 도톰한 순면 헤비웨이트 반팔티셔츠 3팩 LATS0121,https://image.msscdn.net/images/goods_img/20210208/1783115/1783115_17865806235039_500.png,False
2025-10,F,001001,반소매 티셔츠,001,상의,27,4651407,musinsastandardwoman,무신사 스탠다드 우먼,우먼즈 슬림 크루 넥 티셔츠 2팩,https://image.msscdn.net/images/goods_img/20241205/4651407/4651407_17841016038249_500.jpg,False
2025-10,F,001001,반소매 티셔츠,001,상의,28,1943792,covernat,커버낫,[2PACK] 쿨 코튼 티셔츠 White+White,https://image.msscdn.net/images/goods_img/20210510/1943792/1943792_17731084087503_500.jpg,False
2025-10,F,001001,반소매 티셔츠,001,상의,29,4038037,compagno,꼼파뇨,익스플로 버니 피그먼트 반팔티 스모크블랙,https://image.msscdn.net/images/goods_img/20240409/4038037/4038037_17744206027335_500.jpg,False
2025-10,F,001001,반소매 티셔츠,001,상의,30,2377269,marithefrancoisgirbaud,마리떼 프랑소와 저버,W CLASSIC LOGO TEE white,https://image.msscdn.net/images/goods_img/20220222/2377269/2377269_17725118252376_500.jpg,False
2025-10,F,001003,피케/카라 티셔츠,001,상의,1,4800569,placestudio,플레이스 스튜디오,스트라이프 럭비 롱슬리브 오버핏 피케 카라 긴팔 폴로 티셔츠_3COLOR,https://image.msscdn.net/images/goods_img/20250218/4800569/4800569_17399621247900_500.jpg,False
2025-10,F,001003,피케/카라 티셔츠,001,상의,2,4787728,sculptor,스컬프터,Shirring Tennis Shirt Pink,https://image.msscdn.net/images/goods_img/20250213/4787728/4787728_17546363539546_500.jpg,False
2025-10,F,001003,피케/카라 티셔츠,001,상의,3,5344842,secondmonolgue,세컨모놀로그,W. 슬림핏 스트라이프 셔링 카라 롱슬리브 [BROWN]_SEWTS014BROWN,https://image.msscdn.net/images/goods_img/20250820/5344842/5344842_17769933457866_500.jpg,False
2025-10,F,001003,피케/카라 티셔츠,001,상의,4,4706584,bittercells,비터셀즈,유니온 스트라이프 카라 티-스카이 블루,https://image.msscdn.net/images/goods_img/20250109/4706584/4706584_17640497947124_500.jpg,False
2025-10,F,001003,피케/카라 티셔츠,001,상의,5,4746876,havism,해비즘,FF STRIPE COLLAR L/S TEE(BROWN),https://image.msscdn.net/images/goods_img/20250130/4746876/4746876_17385662240948_500.jpg,False
2025-10,F,001003,피케/카라 티셔츠,001,상의,6,3549188,havism,해비즘,OVERSIZE VELOUR V-NECK L/S TEE(GREY),https://image.msscdn.net/images/goods_img/20230911/3549188/3549188_16944107720806_500.jpg,False
2025-10,F,001003,피케/카라 티셔츠,001,상의,7,5243483,bittercells,비터셀즈,제미니 스트라이프 카라 티-그레이,https://image.msscdn.net/images/goods_img/20250711/5243483/5243483_17622251844863_500.jpg,False
2025-10,F,001003,피케/카라 티셔츠,001,상의,8,4406512,sculptor,스컬프터,Shirring Tennis Shirt Navy/Green Stripe,https://image.msscdn.net/images/goods_img/20240904/4406512/4406512_17581619966456_500.jpg,False
2025-10,F,001003,피케/카라 티셔츠,001,상의,9,4651487,musinsastandardwoman,무신사 스탠다드 우먼,우먼즈 릴렉스드 멀티 스트라이프 럭비 셔츠 [네이비],https://image.msscdn.net/images/goods_img/20241205/4651487/4651487_17519299098511_500.jpg,False
2025-10,F,001003,피케/카라 티셔츠,001,상의,10,4757945,trillion,트릴리온,스트라이프 럭비 오버핏 피케 폴로 셔츠 [네이비],https://image.msscdn.net/images/goods_img/20250204/4757945/4757945_17388081982654_500.jpg,False
2025-10,F,001003,피케/카라 티셔츠,001,상의,11,5314240,setupexe,셋업이엑스이,WAFFEN LINE COLLAR TEE / BLACK,https://image.msscdn.net/images/goods_img/20250812/5314240/5314240_17606800997330_500.jpg,False
2025-10,F,001003,피케/카라 티셔츠,001,상의,12,4448521,rockcake,락케이크,Striped Polo T-Shirt - Navy,https://image.msscdn.net/images/goods_img/20240920/4448521/4448521_17574665813594_500.jpg,False
2025-10,F,001003,피케/카라 티셔츠,001,상의,13,4856461,trillion,트릴리온,워셔블 스트라이프 버튼 카라넥 니트 [네이비],https://image.msscdn.net/images/goods_img/20250304/4856461/4856461_17416597957935_500.jpg,False
2025-10,F,001003,피케/카라 티셔츠,001,상의,14,5344843,secondmonolgue,세컨모놀로그,W. 슬림핏 스트라이프 셔링 카라 롱슬리브 [GRAY]_SEWTS014GRAY,https://image.msscdn.net/images/goods_img/20250820/5344843/5344843_17769933739648_500.jpg,False
2025-10,F,001003,피케/카라 티셔츠,001,상의,15,4308601,crank,크랭크,멀티 스트라이프 폴로 셔츠_브라운,https://image.msscdn.net/images/goods_img/20240808/4308601/4308601_17669727242846_500.jpg,False
2025-10,F,001003,피케/카라 티셔츠,001,상의,16,5355219,jeep,지프,레트로 마운틴 1941 스트라이프 카라 맨투맨 (JQ5TSU825NA),https://image.msscdn.net/images/goods_img/20250822/5355219/5355219_17689745595459_500.png,False
2025-10,F,001003,피케/카라 티셔츠,001,상의,17,5355217,jeep,지프,레트로 마운틴 1941 스트라이프 카라 맨투맨 (JQ5TSU825BK),https://image.msscdn.net/images/goods_img/20250822/5355217/5355217_17841847843694_500.jpg,False
2025-10,F,001003,피케/카라 티셔츠,001,상의,18,4719954,urbandtype,어반디타입,오버핏 스트라이프 럭비 카라 롱슬리브_블루,https://image.msscdn.net/images/goods_img/20250114/4719954/4719954_17446183229684_500.jpg,False
2025-10,F,001003,피케/카라 티셔츠,001,상의,19,4323064,unknownplanet,언노운 플라넷,스트라이프 럭비 카라 셔츠 핑크,https://image.msscdn.net/images/goods_img/20240813/4323064/4323064_17239511225486_500.jpg,False
2025-10,F,001003,피케/카라 티셔츠,001,상의,20,5355218,jeep,지프,레트로 마운틴 1941 스트라이프 카라 맨투맨 (JQ5TSU825BR),https://image.msscdn.net/images/goods_img/20250822/5355218/5355218_17841848224716_500.jpg,False
2025-10,F,001003,피케/카라 티셔츠,001,상의,21,2286564,compagno,꼼파뇨,TEDDY PIQUE SWEATER NAVY,https://image.msscdn.net/images/goods_img/20211230/2286564/2286564_1_500.jpg,False
2025-10,F,001003,피케/카라 티셔츠,001,상의,22,4960040,bittercells,비터셀즈,듀 스트라이프 카라 티-블루,https://image.msscdn.net/images/goods_img/20250328/4960040/4960040_17467543446650_500.jpg,False
2025-10,F,001003,피케/카라 티셔츠,001,상의,23,4448520,rockcake,락케이크,Striped Polo T-Shirt - Brown,https://image.msscdn.net/images/goods_img/20240920/4448520/4448520_17326848867466_500.jpg,False
2025-10,F,001003,피케/카라 티셔츠,001,상의,24,4854080,satur,세터,럭비 스트라이프 피케 롱 슬리브 네이비,https://image.msscdn.net/images/goods_img/20250304/4854080/4854080_17417565014715_500.jpg,False
2025-10,F,001003,피케/카라 티셔츠,001,상의,25,4797096,giordano,지오다노,버튼 카라 니트 스웨터(14GG) 355513 [4color],https://image.msscdn.net/images/goods_img/20250218/4797096/4797096_17439907027530_500.jpg,False
2025-10,F,001003,피케/카라 티셔츠,001,상의,26,5243491,bittercells,비터셀즈,제미니 스트라이프 카라 티-차콜,https://image.msscdn.net/images/goods_img/20250711/5243491/5243491_17671405634837_500.jpg,False
2025-10,F,001003,피케/카라 티셔츠,001,상의,27,5300427,dunstforwomen,던스트,UNISEX MULTI STRIPE COLLARED T-SHIRT_UDTS5C119_BROWN STRIPE,https://image.msscdn.net/images/goods_img/20250807/5300427/5300427_17871307175019_500.jpg,False
2025-10,F,001003,피케/카라 티셔츠,001,상의,28,4417329,partimentowomen,파르티멘토 우먼,스트라이프 롱슬리브 폴로 티_버건디,https://image.msscdn.net/images/goods_img/20240906/4417329/4417329_17257779571271_500.jpg,False
2025-10,F,001003,피케/카라 티셔츠,001,상의,29,4706583,bittercells,비터셀즈,유니온 스트라이프 카라 티-네이비,https://image.msscdn.net/images/goods_img/20250109/4706583/4706583_17400111921855_500.jpg,False
2025-10,F,001003,피케/카라 티셔츠,001,상의,30,4704286,havism,해비즘,FF STRIPE RUGBY SWEATSHIRT(PINK),https://image.msscdn.net/images/goods_img/20250108/4704286/4704286_17386326102190_500.jpg,False
2025-10,F,001006,니트/스웨터,001,상의,1,5336051,generalideastandard,제너럴아이디어,레이어드 브이넥 니트 풀오버 [MELANGE GREY] / WBE3L05512,https://image.msscdn.net/images/goods_img/20250819/5336051/5336051_17555737510190_500.jpg,False
2025-10,F,001006,니트/스웨터,001,상의,2,3511387,niceghostclub,나이스고스트클럽,3STARS LOGO KNIT HOODIE_IVORY(NG2DFUK610A),https://image.msscdn.net/images/goods_img/20230829/3511387/3511387_17586734242171_500.jpg,False
2025-10,F,001006,니트/스웨터,001,상의,3,4401124,suarewomen,수아레 우먼,[보라끌레르X수아레] 우먼 캐시미어 홀가먼트 니트 (단품/2팩),https://image.msscdn.net/images/goods_img/20240904/4401124/4401124_17585227609519_500.jpg,False
2025-10,F,001006,니트/스웨터,001,상의,4,5399594,suarewomen,수아레 우먼,[보라끌레르X수아레] 우먼 캐시미어 홀가먼트 니트 2 (단품/2팩),https://image.msscdn.net/images/goods_img/20250903/5399594/5399594_17574011045277_500.jpg,False
2025-10,F,001006,니트/스웨터,001,상의,5,4385991,suarewomen,수아레 우먼,[보라끌레르X수아레](우먼)캐시미어 100 홀가먼트 니트 - 14 COLOR,https://image.msscdn.net/images/goods_img/20240829/4385991/4385991_17582601007705_500.jpg,False
2025-10,F,001006,니트/스웨터,001,상의,6,4385997,suarewomen,수아레 우먼,[보라끌레르X수아레](우먼)캐시미어 100 홀가먼트 브이넥 니트 - 8 COLOR,https://image.msscdn.net/images/goods_img/20240829/4385997/4385997_17585225944934_500.jpg,False
2025-10,F,001006,니트/스웨터,001,상의,7,5480434,misekiseoul,미세키서울,Double button bold knit GREY,https://image.msscdn.net/images/goods_img/20250917/5480434/5480434_17587907884275_500.jpg,False
2025-10,F,001006,니트/스웨터,001,상의,8,5451065,oafish,오피쉬,TWIN BUTTON CARDIGAN BLACK,https://image.msscdn.net/images/goods_img/20250912/5451065/5451065_17576574171688_500.jpg,False
2025-10,F,001006,니트/스웨터,001,상의,9,4970392,whoau,후아유,American Flag Intarsia Pullover / WHKAF4T81U,https://image.msscdn.net/images/goods_img/20250401/4970392/4970392_17888492392785_500.jpg,False
2025-10,F,001006,니트/스웨터,001,상의,10,5343540,euggen,유젠,에센셜 스트라이프 니트_카키&브라운,https://image.msscdn.net/images/goods_img/20250820/5343540/5343540_17558256653518_500.jpg,False
2025-10,F,001006,니트/스웨터,001,상의,11,5259085,youhee,유희,STAR KNIT HOODIE NAVY,https://image.msscdn.net/images/goods_img/20250721/5259085/5259085_17568886265432_500.jpg,False
2025-10,F,001006,니트/스웨터,001,상의,12,5321066,suarewomen,수아레 우먼,[보라끌레르X수아레](우먼)캐시미어 100 홀가먼트 터틀넥 니트 - 5 COLOR,https://image.msscdn.net/images/goods_img/20250813/5321066/5321066_17569716578791_500.jpg,False
2025-10,F,001006,니트/스웨터,001,상의,13,2723767,suare,수아레,데일리 라운드 니트 - 12 COLOR,https://image.msscdn.net/images/goods_img/20220818/2723767/2723767_17292130151891_500.jpg,False
2025-10,F,001006,니트/스웨터,001,상의,14,3494992,suare,수아레,워셔블 케이블 라운드 니트 - 5 COLOR,https://image.msscdn.net/images/goods_img/20230824/3494992/3494992_17296467139345_500.jpg,False
2025-10,F,001006,니트/스웨터,001,상의,15,4754806,rockcake,락케이크,Off Shoulder Damaged Knit - Brown,https://image.msscdn.net/images/goods_img/20250204/4754806/4754806_17434776458934_500.jpg,False
2025-10,F,001006,니트/스웨터,001,상의,16,5480427,misekiseoul,미세키서울,Double button bold knit CHARCOAL,https://image.msscdn.net/images/goods_img/20250917/5480427/5480427_17657824021476_500.jpg,False
2025-10,F,001006,니트/스웨터,001,상의,17,5487939,adidas,아디다스,블록코어 풀오버 니트 - 미네랄그린 / KQ5082,https://image.msscdn.net/images/goods_img/20250918/5487939/5487939_17585178891527_500.jpg,False
2025-10,F,001006,니트/스웨터,001,상의,18,3097200,poloralphlauren,폴로 랄프 로렌,케이블 니트 코튼 V넥 스웨터-내추럴,https://image.msscdn.net/images/goods_img/20230221/3097200/3097200_16780734470921_500.jpg,False
2025-10,F,001006,니트/스웨터,001,상의,19,5195015,musinsastandardwoman,무신사 스탠다드 우먼,우먼즈 에센셜 라운드 넥 니트 [블랙],https://image.msscdn.net/images/goods_img/20250619/5195015/5195015_17562778564533_500.jpg,False
2025-10,F,001006,니트/스웨터,001,상의,20,5355027,oder,오디에르,모헤어 스트라이프 카라 풀오버-와인,https://image.msscdn.net/images/goods_img/20250822/5355027/5355027_17558449861033_500.jpg,False
2025-10,F,001006,니트/스웨터,001,상의,21,5520026,drawfitwomen,드로우핏 우먼,[드로우핏우먼 X 알로하] 펜스 노르딕 풀오버 니트 [IVORY],https://image.msscdn.net/images/goods_img/20250924/5520026/5520026_17600672823576_500.jpg,False
2025-10,F,001006,니트/스웨터,001,상의,22,2683549,satur,세터,파로 오버 사이즈 부클 가디건 클래식 블랙,https://image.msscdn.net/images/prd_img/20220726/2683549/detail_2683549_17582476224564_500.jpg,False
2025-10,F,001006,니트/스웨터,001,상의,23,5195021,musinsastandardwoman,무신사 스탠다드 우먼,우먼즈 에센셜 브이 넥 니트 [블랙],https://image.msscdn.net/images/goods_img/20250619/5195021/5195021_17612062446319_500.jpg,False
2025-10,F,001006,니트/스웨터,001,상의,24,5195034,musinsastandardwoman,무신사 스탠다드 우먼,우먼즈 멀티 스트라이프 칼라드 니트 [그레이],https://image.msscdn.net/images/goods_img/20250619/5195034/5195034_17585980559082_500.jpg,False
2025-10,F,001006,니트/스웨터,001,상의,25,4531158,cornell,캔버스,베티붑 오버핏 브이넥 니트_레드,https://image.msscdn.net/images/goods_img/20241017/4531158/4531158_17298281177002_500.jpg,False
2025-10,F,001006,니트/스웨터,001,상의,26,5360987,rolarola,로라로라,LOOSE FIT COLLAR STRIPE KNIT PINK,https://image.msscdn.net/images/goods_img/20250825/5360987/5360987_17568013865930_500.jpg,False
2025-10,F,001006,니트/스웨터,001,상의,27,5303462,mongdol,몽돌,[머플러 SET] 브이넥 슬림 골지 니트 탑 MDKT122_6 Colors,https://image.msscdn.net/images/goods_img/20250808/5303462/5303462_17878037502221_500.jpg,False
2025-10,F,001006,니트/스웨터,001,상의,28,5495194,lanarchive,랜 아카이브,[0084] 디스트로이드 스트라이프 니트 - 라이트 핑크,https://image.msscdn.net/images/goods_img/20250919/5495194/5495194_17603171032320_500.jpg,False
2025-10,F,001006,니트/스웨터,001,상의,29,5505856,lmr65,엘엠알,레터링 자가드 풀오버 니트 DARK NAVY,https://image.msscdn.net/images/goods_img/20250922/5505856/5505856_17703466508107_500.jpg,False
2025-10,F,001006,니트/스웨터,001,상의,30,5195033,musinsastandardwoman,무신사 스탠다드 우먼,우먼즈 볼드 스트라이프 칼라드 니트 [버건디],https://image.msscdn.net/images/goods_img/20250619/5195033/5195033_17580777374676_500.jpg,False
2025-10,F,001011,민소매 티셔츠,001,상의,1,3730358,musinsastandardwoman,무신사 스탠다드 우먼,우먼즈 슬림 스트링 슬리브리스 탑 2팩,https://image.msscdn.net/images/goods_img/20231123/3730358/3730358_17133337971681_500.jpg,False
2025-10,F,001011,민소매 티셔츠,001,상의,2,2724649,musinsastandardwoman,무신사 스탠다드 우먼,우먼즈 스트링 슬리브리스 탑 2팩,https://image.msscdn.net/images/goods_img/20220818/2724649/2724649_17490161912803_500.jpg,False
2025-10,F,001011,민소매 티셔츠,001,상의,3,5572498,khakipoint,카키포인트,Ruffle Layered Sleeveless (cream),https://image.msscdn.net/images/goods_img/20251010/5572498/5572498_17611842005078_500.jpg,False
2025-10,F,001011,민소매 티셔츠,001,상의,4,5572474,khakipoint,카키포인트,Ruffle Layered Sleeveless (black),https://image.msscdn.net/images/goods_img/20251010/5572474/5572474_17611842691433_500.jpg,False
2025-10,F,001011,민소매 티셔츠,001,상의,5,3135346,musinsastandardwoman,무신사 스탠다드 우먼,우먼즈 에센셜 탱크 탑 [화이트],https://image.msscdn.net/images/goods_img/20230309/3135346/3135346_17775390513402_500.jpg,False
2025-10,F,001011,민소매 티셔츠,001,상의,6,1452270,musinsastandardwoman,무신사 스탠다드 우먼,우먼즈 베이식 슬리브리스 탑 [화이트],https://image.msscdn.net/images/goods_img/20200519/1452270/1452270_17484949895657_500.jpg,False
2025-10,F,001011,민소매 티셔츠,001,상의,7,3863280,musinsastandardwoman,무신사 스탠다드 우먼,우먼즈 스퀘어 넥 탱크 탑 [화이트],https://image.msscdn.net/images/goods_img/20240213/3863280/3863280_17479556029250_500.jpg,False
2025-10,F,001011,민소매 티셔츠,001,상의,8,5054365,forusring,포어링,B.tiny ribbon knit (pink),https://image.msscdn.net/images/goods_img/20250422/5054365/5054365_17476421668925_500.jpg,False
2025-10,F,001011,민소매 티셔츠,001,상의,9,4651614,musinsastandardwoman,무신사 스탠다드 우먼,우먼즈 에센셜 탱크 탑 2팩,https://image.msscdn.net/images/goods_img/20241205/4651614/4651614_17828821571987_500.jpg,False
2025-10,F,001011,민소매 티셔츠,001,상의,10,3135345,musinsastandardwoman,무신사 스탠다드 우먼,우먼즈 에센셜 탱크 탑 [블랙],https://image.msscdn.net/images/goods_img/20230309/3135345/3135345_17775390922598_500.jpg,False
2025-10,F,001011,민소매 티셔츠,001,상의,11,3662683,ods,오디에스,로제 니트 뷔스티에 (블랙),https://image.msscdn.net/images/goods_img/20231026/3662683/3662683_17109866220205_500.jpg,False
2025-10,F,001011,민소매 티셔츠,001,상의,12,2005542,bronson,브론슨,10.5 oz Cotton Tank Top,https://image.msscdn.net/images/goods_img/20210622/2005542/2005542_17761449719794_500.jpg,False
2025-10,F,001011,민소매 티셔츠,001,상의,13,1452272,musinsastandardwoman,무신사 스탠다드 우먼,우먼즈 베이식 슬리브리스 탑 [블랙],https://image.msscdn.net/images/goods_img/20200519/1452272/1452272_17484948876543_500.jpg,False
2025-10,F,001011,민소매 티셔츠,001,상의,14,5546304,pleasenofollow,플리즈노팔로우,Meli Lace Shirring Sleeveless Top (Mocha Brown),https://image.msscdn.net/images/goods_img/20250929/5546304/5546304_17605189383955_500.jpg,False
2025-10,F,001011,민소매 티셔츠,001,상의,15,5352840,mixxo,미쏘,스터드 홀터넥 슬리브리스_MIWHNF918A,https://image.msscdn.net/images/goods_img/20250822/5352840/5352840_17569824999171_500.jpg,False
2025-10,F,001011,민소매 티셔츠,001,상의,16,3704268,glowny,글로니,G CLASSIC RIB TANK (WHITE),https://image.msscdn.net/images/goods_img/20231110/3704268/3704268_17012605090599_500.jpg,False
2025-10,F,001011,민소매 티셔츠,001,상의,17,3863279,musinsastandardwoman,무신사 스탠다드 우먼,우먼즈 스퀘어 넥 탱크 탑 [블랙],https://image.msscdn.net/images/goods_img/20240213/3863279/3863279_17191911850487_500.jpg,False
2025-10,F,001011,민소매 티셔츠,001,상의,18,5306195,painorpleasure,페인오어플레져,HEART RIBBON TOP black,https://image.msscdn.net/images/goods_img/20250808/5306195/5306195_17550699025086_500.jpg,False
2025-10,F,001011,민소매 티셔츠,001,상의,19,5572495,khakipoint,카키포인트,Ruffle Layered Sleeveless (brown),https://image.msscdn.net/images/goods_img/20251010/5572495/5572495_17611842187428_500.jpg,False
2025-10,F,001011,민소매 티셔츠,001,상의,20,3704288,glowny,글로니,G CLASSIC RIB TANK (BLACK),https://image.msscdn.net/images/goods_img/20231110/3704288/3704288_17012606312420_500.jpg,False
2025-10,F,001011,민소매 티셔츠,001,상의,21,5572490,khakipoint,카키포인트,Ruffle Layered Sleeveless (gray),https://image.msscdn.net/images/goods_img/20251010/5572490/5572490_17611842527446_500.jpg,False
2025-10,F,001011,민소매 티셔츠,001,상의,22,5260497,painorpleasure,페인오어플레져,HEART RIBBON TOP charcoal,https://image.msscdn.net/images/goods_img/20250721/5260497/5260497_17550699202860_500.jpg,False
2025-10,F,001011,민소매 티셔츠,001,상의,23,5322664,sculptor,스컬프터,Classic Sleeveless Hoodie Black,https://image.msscdn.net/images/goods_img/20250814/5322664/5322664_17774240769412_500.jpg,False
2025-10,F,001011,민소매 티셔츠,001,상의,24,4993670,jeep,지프,[2PACK] 아스킨 쿨 에어그램 민소매 티셔츠 (JR5TSU054BK),https://image.msscdn.net/images/goods_img/20250407/4993670/4993670_17449495137523_500.jpg,False
2025-10,F,001011,민소매 티셔츠,001,상의,25,5036078,placestudio,플레이스 스튜디오,레이스 프릴 레이어드 슬림핏 사이드 셔링 나시 슬리브리스 _ 3COLOR,https://image.msscdn.net/images/goods_img/20250416/5036078/5036078_17482508990710_500.jpg,False
2025-10,F,001011,민소매 티셔츠,001,상의,26,5433386,letterfrommoon,레터프롬문,레터즈 프릴 라벨 홀터넥 탑 ( 화이트 ),https://image.msscdn.net/images/goods_img/20250910/5433386/5433386_17580953718692_500.jpg,False
2025-10,F,001011,민소매 티셔츠,001,상의,27,3934690,dorosiwa,도로시와,풀샷 소프트골지 홀터 캡나시(캡고정)_8colors,https://image.msscdn.net/images/goods_img/20240308/3934690/3934690_17530630719221_500.jpg,False
2025-10,F,001011,민소매 티셔츠,001,상의,28,4809123,illio,일리오,Black leopard cross necklace sleeveless,https://image.msscdn.net/images/goods_img/20250220/4809123/4809123_17406635696792_500.jpg,False
2025-10,F,001011,민소매 티셔츠,001,상의,29,5309230,ason,애즈온,BACK RIBBON SLEEVELESS / BLACK,https://image.msscdn.net/images/goods_img/20250811/5309230/5309230_17580928289866_500.jpg,False
2025-10,F,001011,민소매 티셔츠,001,상의,30,5170153,partimentowomen,파르티멘토 우먼,PWC 버튼업 저지 홀터넥 탑_8컬러,https://image.msscdn.net/images/goods_img/20250606/5170153/5170153_17526373322398_500.jpg,False
2025-10,F,001008,기타 상의,001,상의,1,3483542,comfortlab,컴포트랩,울트라서포트 제로무브 쿨러닝 스포츠브라 단품 (후크형),https://image.msscdn.net/images/goods_img/20230822/3483542/3483542_17561016803801_500.jpg,False
2025-10,F,001008,기타 상의,001,상의,2,3483540,comfortlab,컴포트랩,하이서포트 집업 스포츠브라 단품,https://image.msscdn.net/images/goods_img/20230822/3483540/3483540_17615378842984_500.jpg,False
2025-10,F,001008,기타 상의,001,상의,3,3927876,dorosiwa,도로시와,[2PACK] 풀샷브라 볼륨업 서포트_12colors,https://image.msscdn.net/images/goods_img/20240306/3927876/3927876_17860013590160_500.png,False
2025-10,F,001008,기타 상의,001,상의,4,5038867,musinsastandardsp,무신사 스탠다드 스포츠,[시티러닝]우먼즈 테크그리드 후드 풀오버 (2color),https://image.msscdn.net/images/goods_img/20250417/5038867/5038867_17586766705312_500.jpg,False
2025-10,F,001008,기타 상의,001,상의,5,3783941,comfortlab,컴포트랩,하이서포트 쿨러닝 스포츠브라(후크형),https://image.msscdn.net/images/goods_img/20240109/3783941/3783941_17618906226061_500.jpg,False
2025-10,F,001008,기타 상의,001,상의,6,3976042,nike,나이키,스우시 미디엄 서포트 패드 스포츠 브라 W - 블랙:화이트 / DX6822-010,https://image.msscdn.net/images/goods_img/20240321/3976042/3976042_17116938003546_500.jpg,False
2025-10,F,001008,기타 상의,001,상의,7,5439237,ason,애즈온,MARON KNIT ZIP-UP / BLACK,https://image.msscdn.net/images/goods_img/20250910/5439237/5439237_17580161779827_500.jpg,False
2025-10,F,001008,기타 상의,001,상의,8,5304599,tuomio,뚜오미오,WRAP SKIRT TUCKED PANTS [BLACK],https://image.msscdn.net/images/goods_img/20250808/5304599/5304599_17558285454415_500.jpg,False
2025-10,F,001008,기타 상의,001,상의,9,5451030,oafish,오피쉬,BUTTON STRIPE TWO-WAY ZIP UP MELANGE,https://image.msscdn.net/images/goods_img/20250912/5451030/5451030_17576572619155_500.jpg,False
2025-10,F,001008,기타 상의,001,상의,10,5234758,xexymix,젝시믹스,[2PACK] 하이디 베이직 브라탑 XT8102E,https://image.msscdn.net/images/goods_img/20250709/5234758/5234758_17702555679024_500.jpg,False
2025-10,F,001008,기타 상의,001,상의,11,5022825,musinsastandardsp,무신사 스탠다드 스포츠,[시티러닝]우먼즈 러닝 웜업 하프 집업 (2color),https://image.msscdn.net/images/goods_img/20250414/5022825/5022825_17894310518881_500.jpg,False
2025-10,F,001008,기타 상의,001,상의,12,4369729,nautica,노티카,83플래그 폴라 하프집업(멜란지그레이) NFL2145MGZ,https://image.msscdn.net/images/goods_img/20240826/4369729/4369729_17894562363051_500.jpg,False
2025-10,F,001008,기타 상의,001,상의,13,5338408,matinkim,마뗑킴,CUT OUT HALF ZIP SWEATSHIRT FOR WOMEN IN BLACK,https://image.msscdn.net/images/goods_img/20250819/5338408/5338408_17582547488060_500.jpg,False
2025-10,F,001008,기타 상의,001,상의,14,3584689,nautica,노티카,83플래그 폴라 하프집업(네이비) NFL2145NAZ,https://image.msscdn.net/images/goods_img/20230921/3584689/3584689_17891030125322_500.jpg,False
2025-10,F,001008,기타 상의,001,상의,15,3913527,dorosiwa,도로시와,풀샷브라 볼륨업 서포트_12colors,https://image.msscdn.net/images/goods_img/20240229/3913527/3913527_17858269879799_500.png,False
2025-10,F,001008,기타 상의,001,상의,16,5488026,enzoblues,엔조 블루스,레트로 스냅 플리스 아노락 (Lavender),https://image.msscdn.net/images/goods_img/20250918/5488026/5488026_17592122993047_500.jpg,False
2025-10,F,001008,기타 상의,001,상의,17,3351097,andar,안다르,[2 PACK] 비 프리 올데이 크롭탑,https://image.msscdn.net/images/goods_img/20230607/3351097/3351097_17636939400912_500.jpg,False
2025-10,F,001008,기타 상의,001,상의,18,5304611,tuomio,뚜오미오,FRILL CHIFFON HOODIE [HEATHER GREY],https://image.msscdn.net/images/goods_img/20250808/5304611/5304611_17630827552061_500.jpg,False
2025-10,F,001008,기타 상의,001,상의,19,4322628,covernat,커버낫,스몰 C 로고 코듀로이 하프 집업 네이비,https://image.msscdn.net/images/goods_img/20240812/4322628/4322628_17260442251184_500.jpg,False
2025-10,F,001008,기타 상의,001,상의,20,5108069,bluegrain,블루그레인,[일체형] 잘만브라 3 PACK,https://image.msscdn.net/images/goods_img/20250513/5108069/5108069_17840945507768_500.png,False
2025-10,F,001008,기타 상의,001,상의,21,5214391,codescombineinnerwear,코데즈컴바인 이너웨어,아웃밴드 오프숄더 노와이어 브라,https://image.msscdn.net/images/goods_img/20250630/5214391/5214391_17527330475772_500.jpg,False
2025-10,F,001008,기타 상의,001,상의,22,4483980,nike,나이키,인디 하이 서포트 패드 어저스터블 스포츠 브라 W - 블랙:블랙:블랙 / FD1069-010,https://image.msscdn.net/images/goods_img/20241002/4483980/4483980_17289699257261_500.jpg,False
2025-10,F,001008,기타 상의,001,상의,23,4660780,rife,러닝라이프,러닝 컴프레션 롱 슬리브,https://image.msscdn.net/images/goods_img/20241211/4660780/4660780_17338963629029_500.jpg,False
2025-10,F,001008,기타 상의,001,상의,24,5243564,nike,나이키,프로 라이트 서포트 논패드 스포츠 브라 W - 블랙:화이트 / IF3974-010,https://image.msscdn.net/images/goods_img/20250711/5243564/5243564_17525385923436_500.jpg,False
2025-10,F,001008,기타 상의,001,상의,25,4501898,borntowin,본투윈,ACTIVE LINE FULL ZIP-UP TANK TOP [BLACK],https://image.msscdn.net/images/goods_img/20241010/4501898/4501898_17286268812278_500.jpg,False
2025-10,F,001008,기타 상의,001,상의,26,3976043,nike,나이키,스우시 미디엄 서포트 패드 스포츠 브라 W - 화이트:스톤 모브:블랙 / DX6822-100,https://image.msscdn.net/images/goods_img/20240321/3976043/3976043_17116935810242_500.jpg,False
2025-10,F,001008,기타 상의,001,상의,27,5573854,thisisneverthat,디스이즈네버댓,GD Fleece Pullover Light Pink,https://image.msscdn.net/images/goods_img/20251010/5573854/5573854_17604932101363_500.jpg,False
2025-10,F,001008,기타 상의,001,상의,28,4322420,covernat,커버낫,C 로고 하프 집업 맨투맨 네이비,https://image.msscdn.net/images/goods_img/20240812/4322420/4322420_17260442802335_500.jpg,False
2025-10,F,001008,기타 상의,001,상의,29,5488027,enzoblues,엔조 블루스,레트로 스냅 플리스 아노락 (Blue),https://image.msscdn.net/images/goods_img/20250918/5488027/5488027_17592123960740_500.jpg,False
2025-10,F,001008,기타 상의,001,상의,30,5451445,hadex,에이치덱스,우먼스 서포트 파이핑 레이어드 브라탑 (Black),https://image.msscdn.net/images/goods_img/20250912/5451445/5451445_17588525827978_500.jpg,False
2025-10,F,002,아우터,,,1,3697526,compagno,꼼파뇨,[2-WAY] 슬리브 스타 피그먼트 후드 집업 스모크블랙,https://image.msscdn.net/images/goods_img/20231108/3697526/3697526_17002041370481_500.jpg,False
2025-10,F,002,아우터,,,2,3783092,dimitriblack,디미트리블랙,[기모선택] ASI 포시즌 에센셜 피그먼트 후드집업_차콜 그레이,https://image.msscdn.net/images/goods_img/20240109/3783092/3783092_17708794030062_500.jpg,False
2025-10,F,002,아우터,,,3,4945148,adidas,아디다스,아디컬러 클래식 트랙탑 (와플) - 원더화이트 / JW0109,https://image.msscdn.net/images/goods_img/20250326/4945148/4945148_17453139295013_500.jpg,False
2025-10,F,002,아우터,,,4,1778404,toffee,토피,2WAY 스웻 후드 집업 (MELANGE GREY),https://image.msscdn.net/images/goods_img/20210204/1778404/1778404_1_500.jpg,False
2025-10,F,002,아우터,,,5,5541815,chicks,칙스,커브라인 후디드 라이트 패딩 스카이블루,https://image.msscdn.net/images/goods_img/20250929/5541815/5541815_17630972241762_500.jpg,False
2025-10,F,002,아우터,,,6,3650861,matinkim,마뗑킴,SPELL POINT STRIPE KNIT CARDIGAN IN BLACK,https://image.msscdn.net/images/goods_img/20231023/3650861/3650861_17582530640437_500.jpg,False
2025-10,F,002,아우터,,,7,4767374,adidas,아디다스,와플 BB 트랙탑  - 원더화이트 / JV9263,https://image.msscdn.net/images/goods_img/20250207/4767374/4767374_17405511510275_500.jpg,False
2025-10,F,002,아우터,,,8,5329384,placestudio,플레이스 스튜디오,하이넥 스탠다드 스트랩 비조 포인트 블루종 집업 자켓 [블랙],https://image.msscdn.net/images/goods_img/20250818/5329384/5329384_17554829609253_500.jpg,False
2025-10,F,002,아우터,,,9,5329359,adidas,아디다스,후드 집업 - 블랙:크림화이트 / KC9315,https://image.msscdn.net/images/goods_img/20250818/5329359/5329359_17569461399483_500.jpg,False
2025-10,F,002,아우터,,,10,5360731,salomon,살로몬,모디세이 패딩 자켓_LC2992100,https://image.msscdn.net/images/goods_img/20250825/5360731/5360731_17899800512692_500.jpg,False
2025-10,F,002,아우터,,,11,2700048,musinsastandardwoman,무신사 스탠다드 우먼,우먼즈 캐시미어 블렌드 발마칸 로브 코트 [블랙],https://image.msscdn.net/images/goods_img/20220805/2700048/2700048_17661148134527_500.jpg,False
2025-10,F,002,아우터,,,12,4290697,typeservice,타입서비스,Hooded Half Coat [Gray],https://image.msscdn.net/images/goods_img/20240801/4290697/4290697_17883979451202_500.jpg,False
2025-10,F,002,아우터,,,13,5162177,musinsastandardwoman,무신사 스탠다드 우먼,시티 레저 우먼즈 후디드 라이트 다운 재킷 [블랙],https://image.msscdn.net/images/goods_img/20250602/5162177/5162177_17888605119271_500.jpg,False
2025-10,F,002,아우터,,,14,3788815,amesworldwide,아메스 월드와이드,BASIC LOGO HOODIE ZIP UP NAVY,https://image.msscdn.net/images/goods_img/20240111/3788815/3788815_17893582036516_500.jpg,False
2025-10,F,002,아우터,,,15,2139011,ladyvolume,레이디 볼륨,465-1 비건 레더 오버핏 자켓,https://image.msscdn.net/images/goods_img/20210917/2139011/2139011_3_500.jpg,False
2025-10,F,002,아우터,,,16,1618312,musinsastandardwoman,무신사 스탠다드 우먼,우먼즈 오버사이즈 블레이저 [블랙],https://image.msscdn.net/images/goods_img/20200923/1618312/1618312_17840158746923_500.jpg,False
2025-10,F,002,아우터,,,17,5315802,hugyourskin,허그유어스킨,후드 하프 코트 (차콜),https://image.msscdn.net/images/goods_img/20250812/5315802/5315802_17901502512763_500.jpg,False
2025-10,F,002,아우터,,,18,3783094,dimitriblack,디미트리블랙,[기모선택] ASI 포시즌 에센셜 스웻 후드집업_멜란지,https://image.msscdn.net/images/goods_img/20240109/3783094/3783094_17752015012983_500.jpg,False
2025-10,F,002,아우터,,,19,1567317,jeep,지프,2WAY 레트로 마운틴 1941 플리스 집업 (JR5TZU191BK),https://image.msscdn.net/images/goods_img/20200827/1567317/1567317_17871103144956_500.jpg,False
2025-10,F,002,아우터,,,20,4432439,jeep,지프,2WAY 레트로 마운틴 1941 플리스 집업 4COLOR (JR5TZU191),https://image.msscdn.net/images/goods_img/20240911/4432439/4432439_17560810698333_500.jpg,False
2025-10,F,002,아우터,,,21,4508986,moo,엠오오,레오파드 아플리케 후드집업 - 브라운,https://image.msscdn.net/images/goods_img/20241011/4508986/4508986_17286292097229_500.jpg,False
2025-10,F,002,아우터,,,22,5493938,newbalance,뉴발란스,NBNPF41973 / UNI 플라잉77 슈퍼라이트 후드 구스다운 (LIGHT GRAY),https://image.msscdn.net/images/goods_img/20250919/5493938/5493938_17830416769181_500.jpg,False
2025-10,F,002,아우터,,,23,3651031,illigo,일리고,129 로고 패치 후드 집업 블랙,https://image.msscdn.net/images/goods_img/20231023/3651031/3651031_17706941887137_500.jpg,False
2025-10,F,002,아우터,,,24,4808075,lowclassic,로우클래식,LOW SOFT SWEAT ZIP-UP HOODIE_CHARCOAL_LC253TS12CC,https://image.msscdn.net/images/goods_img/20250220/4808075/4808075_17720778823866_500.jpg,False
2025-10,F,002,아우터,,,25,4403731,frenchchic,프렌치시크,코스에그 자수 투웨이 니트집업 가디건,https://image.msscdn.net/images/prd_img/20240904/4403731/detail_4403731_17388925781886_500.jpg,False
2025-10,F,002,아우터,,,26,5438735,trillion,트릴리온,라이트 후디 패딩 자켓_그레이,https://image.msscdn.net/images/goods_img/20250910/5438735/5438735_17575615961166_500.jpg,False
2025-10,F,002,아우터,,,27,5237259,teket,테켓,CT Lightweight Down Jacket Light Gray,https://image.msscdn.net/images/goods_img/20250709/5237259/5237259_17528049239215_500.jpg,False
2025-10,F,002,아우터,,,28,4241903,thenorthface,노스페이스,NJ1DR85J 화이트라벨 여성 노벨티 눕시 RDS 다운 자켓 BLACK,https://image.msscdn.net/images/goods_img/20240710/4241903/4241903_17828662716555_500.jpg,False
2025-10,F,002,아우터,,,29,5477159,dimitriblack,디미트리블랙,쉐르파 플리스 슬래쉬 후드 자켓_차콜,https://image.msscdn.net/images/goods_img/20250917/5477159/5477159_17581840830008_500.jpg,False
2025-10,F,002,아우터,,,30,5322235,nastyfancyclub,팬시클럽,아일렛 퍼 MA-1 (BLACK) F25ZA003,https://image.msscdn.net/images/goods_img/20250813/5322235/5322235_17900639520668_500.jpg,False
2025-10,F,002012,숏패딩/헤비 아우터,002,아우터,1,5541815,chicks,칙스,커브라인 후디드 라이트 패딩 스카이블루,https://image.msscdn.net/images/goods_img/20250929/5541815/5541815_17630972241762_500.jpg,False
2025-10,F,002012,숏패딩/헤비 아우터,002,아우터,2,5162177,musinsastandardwoman,무신사 스탠다드 우먼,시티 레저 우먼즈 후디드 라이트 다운 재킷 [블랙],https://image.msscdn.net/images/goods_img/20250602/5162177/5162177_17888605119271_500.jpg,False
2025-10,F,002012,숏패딩/헤비 아우터,002,아우터,3,5493938,newbalance,뉴발란스,NBNPF41973 / UNI 플라잉77 슈퍼라이트 후드 구스다운 (LIGHT GRAY),https://image.msscdn.net/images/goods_img/20250919/5493938/5493938_17830416769181_500.jpg,False
2025-10,F,002012,숏패딩/헤비 아우터,002,아우터,4,5438735,trillion,트릴리온,라이트 후디 패딩 자켓_그레이,https://image.msscdn.net/images/goods_img/20250910/5438735/5438735_17575615961166_500.jpg,False
2025-10,F,002012,숏패딩/헤비 아우터,002,아우터,5,5237259,teket,테켓,CT Lightweight Down Jacket Light Gray,https://image.msscdn.net/images/goods_img/20250709/5237259/5237259_17528049239215_500.jpg,False
2025-10,F,002012,숏패딩/헤비 아우터,002,아우터,6,4241903,thenorthface,노스페이스,NJ1DR85J 화이트라벨 여성 노벨티 눕시 RDS 다운 자켓 BLACK,https://image.msscdn.net/images/goods_img/20240710/4241903/4241903_17828662716555_500.jpg,False
2025-10,F,002012,숏패딩/헤비 아우터,002,아우터,7,5401055,dimitriblack,디미트리블랙,VLAD 라이트 쉘 경량 다운 자켓_후디드 블랙,https://image.msscdn.net/images/goods_img/20250904/5401055/5401055_17881514883584_500.jpg,False
2025-10,F,002012,숏패딩/헤비 아우터,002,아우터,8,5562220,codegraphy,코드그라피,경량 후드 패딩_카키,https://image.msscdn.net/images/prd_img/20251001/5562220/detail_5562220_17888365357077_500.jpg,False
2025-10,F,002012,숏패딩/헤비 아우터,002,아우터,9,4483824,covernat,커버낫,RDS 컬리지 볼륨 후디 다운 블랙,https://image.msscdn.net/images/goods_img/20241002/4483824/4483824_17321677138940_500.jpg,False
2025-10,F,002012,숏패딩/헤비 아우터,002,아우터,10,5401056,dimitriblack,디미트리블랙,VLAD 라이트 쉘 경량 다운 자켓_후디드 스카이 블루,https://image.msscdn.net/images/goods_img/20250904/5401056/5401056_17872887675931_500.jpg,False
2025-10,F,002012,숏패딩/헤비 아우터,002,아우터,11,5395664,thenorthface,노스페이스,NJ1DR85K 화이트라벨 여성 노벨티 눕시 다운 자켓 (RDS) REAL BLACK,https://image.msscdn.net/images/goods_img/20250903/5395664/5395664_17568685988915_500.jpg,False
2025-10,F,002012,숏패딩/헤비 아우터,002,아우터,12,5550560,suarewomen,수아레 우먼,(우먼)라이트 시어쉘 패딩 점퍼 - 3 COLOR,https://image.msscdn.net/images/goods_img/20250930/5550560/5550560_17593152299893_500.jpg,False
2025-10,F,002012,숏패딩/헤비 아우터,002,아우터,13,5549649,thisisneverthat,디스이즈네버댓,PERTEX T Down Jacket Black,https://image.msscdn.net/images/goods_img/20250930/5549649/5549649_17592979752281_500.jpg,False
2025-10,F,002012,숏패딩/헤비 아우터,002,아우터,14,5479465,leire,르아르,에센셜 후디드 라이트 패딩 자켓 (8color),https://image.msscdn.net/images/goods_img/20250917/5479465/5479465_17587931781985_500.jpg,False
2025-10,F,002012,숏패딩/헤비 아우터,002,아우터,15,5401052,dimitriblack,디미트리블랙,VLAD 라이트 쉘 경량 다운 자켓_후디드 오트밀,https://image.msscdn.net/images/goods_img/20250904/5401052/5401052_17872888634860_500.jpg,False
2025-10,F,002012,숏패딩/헤비 아우터,002,아우터,16,5301746,nautica,노티카,세일링 후디드 다운 자켓 NDW1085,https://image.msscdn.net/images/goods_img/20250807/5301746/5301746_17890859435866_500.jpg,False
2025-10,F,002012,숏패딩/헤비 아우터,002,아우터,17,5488095,salomon,살로몬,컨투어 크롭 다운 자켓_LC3003600,https://image.msscdn.net/images/goods_img/20250918/5488095/5488095_17657623538119_500.jpg,False
2025-10,F,002012,숏패딩/헤비 아우터,002,아우터,18,5536342,thenorthface,노스페이스,NJ1DR82J 화이트라벨 여성 엘라 다운 자켓 (RDS) BLACK,https://image.msscdn.net/images/goods_img/20250926/5536342/5536342_17834034874866_500.jpg,False
2025-10,F,002012,숏패딩/헤비 아우터,002,아우터,19,5016792,musinsastandardsp,무신사 스탠다드 스포츠,탱커 라이트 벤트 패딩 자켓 (4color),https://image.msscdn.net/images/goods_img/20250411/5016792/5016792_17883313932700_500.jpg,False
2025-10,F,002012,숏패딩/헤비 아우터,002,아우터,20,2704962,yale,예일,웜업 퀼팅자켓_블랙,https://image.msscdn.net/images/goods_img/20220808/2704962/2704962_17592064508547_500.jpg,False
2025-10,F,002012,숏패딩/헤비 아우터,002,아우터,21,5396188,sunlove,썬러브,Hooded Fly Light Down Jacket Stone,https://image.msscdn.net/images/goods_img/20250903/5396188/5396188_17568740363504_500.jpg,False
2025-10,F,002012,숏패딩/헤비 아우터,002,아우터,22,5541817,chicks,칙스,커브라인 후디드 라이트 패딩 블랙,https://image.msscdn.net/images/goods_img/20250929/5541817/5541817_17622532894423_500.jpg,False
2025-10,F,002012,숏패딩/헤비 아우터,002,아우터,23,5438737,trillion,트릴리온,라이트 후디 패딩 자켓_블랙,https://image.msscdn.net/images/goods_img/20250910/5438737/5438737_17575616254192_500.jpg,False
2025-10,F,002012,숏패딩/헤비 아우터,002,아우터,24,5488094,salomon,살로몬,컨투어 크롭 다운 자켓_LC3003700,https://image.msscdn.net/images/goods_img/20250918/5488094/5488094_17657623698087_500.jpg,False
2025-10,F,002012,숏패딩/헤비 아우터,002,아우터,25,2739703,snowpeakapparel,스노우피크 어패럴,랜드 여성 경량 다운 자켓 (S25WWGDJ61) Light Beige,https://image.msscdn.net/images/goods_img/20220824/2739703/2739703_17877895575949_500.jpg,False
2025-10,F,002012,숏패딩/헤비 아우터,002,아우터,26,4503335,covernat,커버낫,24FW RDS 커버라이트 패커블 후디 다운 블랙,https://image.msscdn.net/images/goods_img/20241010/4503335/4503335_17308707518732_500.jpg,False
2025-10,F,002012,숏패딩/헤비 아우터,002,아우터,27,5571045,matinkim,마뗑킴,SMALL LOGO VOLUME DOWN JUMPER FOR WOMEN IN BLACK,https://image.msscdn.net/images/goods_img/20251005/5571045/5571045_17721534526421_500.jpg,False
2025-10,F,002012,숏패딩/헤비 아우터,002,아우터,28,5373201,thenorthface,노스페이스,NJ3NR80A 여성 눕시 온볼 자켓 BLACK,https://image.msscdn.net/images/goods_img/20250828/5373201/5373201_17707943659025_500.jpg,False
2025-10,F,002012,숏패딩/헤비 아우터,002,아우터,29,5395921,fcmm,에프씨엠엠,에어라이트 경량 패딩 자켓 3color,https://image.msscdn.net/images/goods_img/20250903/5395921/5395921_17887444229495_500.jpg,False
2025-10,F,002012,숏패딩/헤비 아우터,002,아우터,30,5162180,musinsastandardwoman,무신사 스탠다드 우먼,시티 레저 우먼즈 후디드 라이트 다운 재킷 [퍼플 그레이],https://image.msscdn.net/images/goods_img/20250602/5162180/5162180_17568732517959_500.jpg,False
2025-10,F,002013,롱패딩/헤비 아우터,002,아우터,1,5511372,discoveryexpedition,디스커버리 익스페디션,레스터G RDS 구스다운 롱패딩 (BLACK),https://image.msscdn.net/images/goods_img/20250923/5511372/5511372_17586746085896_500.jpg,False
2025-10,F,002013,롱패딩/헤비 아우터,002,아우터,2,5498292,leathery,레더리,M-65 피쉬테일 오버핏 롱파카 [2COLOR],https://image.msscdn.net/images/goods_img/20250919/5498292/5498292_17628429956754_500.jpg,False
2025-10,F,002013,롱패딩/헤비 아우터,002,아우터,3,4469334,covernat,커버낫,24FW RDS 씨빅 롱 다운 블랙,https://image.msscdn.net/images/goods_img/20240926/4469334/4469334_17321676769014_500.jpg,False
2025-10,F,002013,롱패딩/헤비 아우터,002,아우터,4,3716632,wednesdayoasis,웬즈데이오아시스,M-65 피쉬테일 야상 패딩 코트(3col),https://image.msscdn.net/images/goods_img/20231116/3716632/3716632_17591147104039_500.jpg,False
2025-10,F,002013,롱패딩/헤비 아우터,002,아우터,5,2801731,blackyak,블랙야크,아이스제로 레이디 다운자켓 블랙,https://image.msscdn.net/images/goods_img/20220919/2801731/2801731_17718286527817_500.jpg,False
2025-10,F,002013,롱패딩/헤비 아우터,002,아우터,6,4525082,nationalgeographic,내셔널지오그래픽,N244WDW860 여성 카이만 프로 롱기장 구스 다운 점퍼 CARBON BLACK,https://image.msscdn.net/images/goods_img/20241016/4525082/4525082_17291459329736_500.jpg,False
2025-10,F,002013,롱패딩/헤비 아우터,002,아우터,7,5562221,codegraphy,코드그라피,피쉬테일 후드 롱파카_카키,https://image.msscdn.net/images/goods_img/20251001/5562221/5562221_17888496976422_500.jpg,False
2025-10,F,002013,롱패딩/헤비 아우터,002,아우터,8,4499590,fluke,플루크,어드벤처 피쉬테일 퀼팅 롱파카 블랙 FPJ222,https://image.msscdn.net/images/goods_img/20241008/4499590/4499590_17308628645336_500.jpg,False
2025-10,F,002013,롱패딩/헤비 아우터,002,아우터,9,2758335,discoveryexpedition,디스커버리 익스페디션,여성 레스터G RDS 구스다운 롱패딩 (WHITE),https://image.msscdn.net/images/goods_img/20220831/2758335/2758335_17313016121180_500.jpg,False
2025-10,F,002013,롱패딩/헤비 아우터,002,아우터,10,3600895,discoveryexpedition,디스커버리 익스페디션,여성 고쉬 구스다운 롱패딩 (BLACK),https://image.msscdn.net/images/goods_img/20231004/3600895/3600895_17290634468342_500.jpg,False
2025-10,F,002013,롱패딩/헤비 아우터,002,아우터,11,4499578,blackyak,블랙야크,아이스제로 레이디 다운자켓 라이트그레이,https://image.msscdn.net/images/goods_img/20241008/4499578/4499578_17718285773844_500.jpg,False
2025-10,F,002013,롱패딩/헤비 아우터,002,아우터,12,5502223,k2,케이투,시그니처 도로시(DOROTHY) LONG W_Black,https://image.msscdn.net/images/goods_img/20250922/5502223/5502223_17676753605394_500.jpg,False
2025-10,F,002013,롱패딩/헤비 아우터,002,아우터,13,5390400,k2,케이투,BOOST_아이린(IRENE) FUR 다운 W_Black,https://image.msscdn.net/images/goods_img/20250902/5390400/5390400_17669971714016_500.jpg,False
2025-10,F,002013,롱패딩/헤비 아우터,002,아우터,14,920520,fcmm,에프씨엠엠,클럽 팀 풋볼 벤치 롱 패딩 4color,https://image.msscdn.net/images/goods_img/20181212/920520/920520_17588685279951_500.jpg,False
2025-10,F,002013,롱패딩/헤비 아우터,002,아우터,15,4468657,urago,유라고,Raglan padded long coat,https://image.msscdn.net/images/goods_img/20240926/4468657/4468657_17642257256385_500.jpg,False
2025-10,F,002013,롱패딩/헤비 아우터,002,아우터,16,5347092,eider,아이더,La Belle (라벨르) 여성 W/S 캐시미어 롱 코트 다운 자켓 (HOOD)_Black,https://image.msscdn.net/images/goods_img/20250821/5347092/5347092_17564429918711_500.jpg,False
2025-10,F,002013,롱패딩/헤비 아우터,002,아우터,17,4587909,lingseoul,링서울,hooded reversible goose down long padding jumper-black,https://image.msscdn.net/images/goods_img/20241105/4587909/4587909_17313915827338_500.jpg,False
2025-10,F,002013,롱패딩/헤비 아우터,002,아우터,18,4499589,fluke,플루크,어드벤처 피쉬테일 퀼팅 롱파카 카키 FPJ222,https://image.msscdn.net/images/goods_img/20241008/4499589/4499589_17308628949188_500.jpg,False
2025-10,F,002013,롱패딩/헤비 아우터,002,아우터,19,5267301,nationalgeographic,내셔널지오그래픽,N254WDW860 여성 카이만 프로 롱기장 구스다운 점퍼 BLACK,https://image.msscdn.net/images/goods_img/20250723/5267301/5267301_17661284253983_500.jpg,False
2025-10,F,002013,롱패딩/헤비 아우터,002,아우터,20,4470687,discoveryexpedition,디스커버리 익스페디션,여성 베로니 구스다운 롱패딩 (BLACK),https://image.msscdn.net/images/goods_img/20240927/4470687/4470687_17313016270121_500.jpg,False
2025-10,F,002013,롱패딩/헤비 아우터,002,아우터,21,4223517,musinsastandardwoman,무신사 스탠다드 우먼,우먼즈 후디드 더플 패딩 파카 [라이트 베이지],https://image.msscdn.net/images/goods_img/20240628/4223517/4223517_17314796448635_500.jpg,False
2025-10,F,002013,롱패딩/헤비 아우터,002,아우터,22,4492349,codegraphy,코드그라피,롱 더플 패딩_카키,https://image.msscdn.net/images/goods_img/20241007/4492349/4492349_17629978815237_500.jpg,False
2025-10,F,002013,롱패딩/헤비 아우터,002,아우터,23,5426194,k2,케이투,BOOST_벤치파카(공용)_Black,https://image.msscdn.net/images/goods_img/20250909/5426194/5426194_17669970975299_500.jpg,False
2025-10,F,002013,롱패딩/헤비 아우터,002,아우터,24,5587224,topten,탑텐,여성 AIRTECH 볼륨 점퍼_MSF4JP2912,https://image.msscdn.net/images/goods_img/20251014/5587224/5587224_17905765123185_500.jpg,False
2025-10,F,002013,롱패딩/헤비 아우터,002,아우터,25,5470044,blackyak,블랙야크,여성 히마 WSP 다운자켓#2_BK,https://image.msscdn.net/images/goods_img/20250916/5470044/5470044_17610100912103_500.jpg,False
2025-10,F,002013,롱패딩/헤비 아우터,002,아우터,26,5347282,eider,아이더,La Reine (라헨느) 여성 윈드스타퍼 미들 다운 자켓_Black,https://image.msscdn.net/images/goods_img/20250821/5347282/5347282_17557421915715_500.jpg,False
2025-10,F,002013,롱패딩/헤비 아우터,002,아우터,27,5347087,eider,아이더,La Belle (라벨르) 여성 W/S 캐시미어 롱 코트 다운 자켓 (HOOD)_Grayish BEIGE,https://image.msscdn.net/images/goods_img/20250821/5347087/5347087_17564439811253_500.jpg,False
2025-10,F,002013,롱패딩/헤비 아우터,002,아우터,28,5274132,discoveryexpedition,디스커버리 익스페디션,여성 켈리 구스다운 롱패딩 (BLACK),https://image.msscdn.net/images/goods_img/20250725/5274132/5274132_17600631334928_500.jpg,False
2025-10,F,002013,롱패딩/헤비 아우터,002,아우터,29,5245201,musinsastandardwoman,무신사 스탠다드 우먼,우먼즈 롱 다운 파카 [블랙],https://image.msscdn.net/images/goods_img/20250714/5245201/5245201_17828795911070_500.jpg,False
2025-10,F,002013,롱패딩/헤비 아우터,002,아우터,30,3553551,thenorthface,노스페이스,NC1DP50K 화이트라벨 액션 테크 다운 코트,https://image.msscdn.net/images/goods_img/20230912/3553551/3553551_16945041285205_500.jpg,False
2025-10,F,002023,플리스/뽀글이,002,아우터,1,1567317,jeep,지프,2WAY 레트로 마운틴 1941 플리스 집업 (JR5TZU191BK),https://image.msscdn.net/images/goods_img/20200827/1567317/1567317_17871103144956_500.jpg,False
2025-10,F,002023,플리스/뽀글이,002,아우터,2,4432439,jeep,지프,2WAY 레트로 마운틴 1941 플리스 집업 4COLOR (JR5TZU191),https://image.msscdn.net/images/goods_img/20240911/4432439/4432439_17560810698333_500.jpg,False
2025-10,F,002023,플리스/뽀글이,002,아우터,3,5477159,dimitriblack,디미트리블랙,쉐르파 플리스 슬래쉬 후드 자켓_차콜,https://image.msscdn.net/images/goods_img/20250917/5477159/5477159_17581840830008_500.jpg,False
2025-10,F,002023,플리스/뽀글이,002,아우터,4,4507542,jeep,지프,2way Peak-logo 라운드넥 플리스 BLACK (JQ5TZU192BK),https://image.msscdn.net/images/goods_img/20241011/4507542/4507542_17307634527729_500.png,False
2025-10,F,002023,플리스/뽀글이,002,아우터,5,1670498,jeep,지프,2WAY 레트로 마운틴 1941 플리스 집업 (JR5TZU191IV),https://image.msscdn.net/images/goods_img/20201030/1670498/1670498_17615290574286_500.jpg,False
2025-10,F,002023,플리스/뽀글이,002,아우터,6,5270140,bittercells,비터셀즈,포디 플리스 하프 집업-차콜,https://image.msscdn.net/images/goods_img/20250724/5270140/5270140_17557512212341_500.jpg,False
2025-10,F,002023,플리스/뽀글이,002,아우터,7,4425981,lee,리,폴라플리스 집업 자켓 블랙,https://image.msscdn.net/images/goods_img/20240910/4425981/4425981_17261156335045_500.jpg,False
2025-10,F,002023,플리스/뽀글이,002,아우터,8,4518011,mucent,무센트,노르망 뽀글 양털 후리스 플리스 집업 남녀공용 (2컬러),https://image.msscdn.net/images/goods_img/20241015/4518011/4518011_17289597034340_500.jpg,False
2025-10,F,002023,플리스/뽀글이,002,아우터,9,5353203,patagonia,파타고니아,우먼즈 라이트웨이트 신칠라 스냅 티 풀오버 / 25455Q7,https://image.msscdn.net/images/goods_img/20250822/5353203/5353203_17604272128758_500.jpg,False
2025-10,F,002023,플리스/뽀글이,002,아우터,10,5477158,dimitriblack,디미트리블랙,쉐르파 플리스 슬래쉬 후드 자켓_모카,https://image.msscdn.net/images/goods_img/20250917/5477158/5477158_17581852552058_500.jpg,False
2025-10,F,002023,플리스/뽀글이,002,아우터,11,4340520,famacollection,더파코,LOZENGE  LOGO FLEECE ZIPUP PURPLE,https://image.msscdn.net/images/goods_img/20240819/4340520/4340520_17261082949884_500.jpg,False
2025-10,F,002023,플리스/뽀글이,002,아우터,12,1180676,musinsastandardwoman,무신사 스탠다드 우먼,우먼즈 샤기 플리스 집업 재킷 [블랙],https://image.msscdn.net/images/goods_img/20191008/1180676/1180676_1_500.jpg,False
2025-10,F,002023,플리스/뽀글이,002,아우터,13,5346770,marithefrancoisgirbaud,마리떼 프랑소와 저버,ETHNIC PATTERN FLEECE JACKET navy,https://image.msscdn.net/images/goods_img/20250821/5346770/5346770_17569420423884_500.jpg,False
2025-10,F,002023,플리스/뽀글이,002,아우터,14,5355276,jeep,지프,2WAY 레트로 마운틴 1941 셰르파 플리스 집업 (JQ5TZU195BR),https://image.msscdn.net/images/goods_img/20250822/5355276/5355276_17871038223001_500.jpg,False
2025-10,F,002023,플리스/뽀글이,002,아우터,15,2850102,yale,예일,엠브로이더리 댄 카라리스 보아 플리스 자켓_아이보리,https://image.msscdn.net/images/goods_img/20221011/2850102/2850102_17653340845444_500.jpg,False
2025-10,F,002023,플리스/뽀글이,002,아우터,16,1180677,musinsastandardwoman,무신사 스탠다드 우먼,우먼즈 샤기 플리스 집업 재킷 [아이보리],https://image.msscdn.net/images/goods_img/20191008/1180677/1180677_1_500.jpg,False
2025-10,F,002023,플리스/뽀글이,002,아우터,17,4668841,covernat,커버낫,CVNT 플리스 오버핏 후디 집업 아이보리,https://image.msscdn.net/images/goods_img/20241216/4668841/4668841_17344271639578_500.jpg,False
2025-10,F,002023,플리스/뽀글이,002,아우터,18,3498228,thisisneverthat,디스이즈네버댓,SP Sherpa Fleece Jacket Brown,https://image.msscdn.net/images/goods_img/20230825/3498228/3498228_16932968688813_500.jpg,False
2025-10,F,002023,플리스/뽀글이,002,아우터,19,5355274,jeep,지프,레트로 마운틴 코지 플리스 가디건 (JQ5TZU193IV),https://image.msscdn.net/images/goods_img/20250822/5355274/5355274_17652457886139_500.png,False
2025-10,F,002023,플리스/뽀글이,002,아우터,20,4372353,yale,예일,엠브로이더리 댄 카라리스 퀼팅 플리스 자켓_아이보리,https://image.msscdn.net/images/goods_img/20240826/4372353/4372353_17683610513675_500.png,False
2025-10,F,002023,플리스/뽀글이,002,아우터,21,5618188,homebodythings,홈바디띵즈,HOMEBODY FLEECE PATTERN JACKET (BEIGE),https://image.msscdn.net/images/goods_img/20251021/5618188/5618188_17637113918205_500.jpg,False
2025-10,F,002023,플리스/뽀글이,002,아우터,22,5374735,filluminate,필루미네이트,쉐르파 플리스 자켓-블랙,https://image.msscdn.net/images/goods_img/20250828/5374735/5374735_17582843427076_500.jpg,False
2025-10,F,002023,플리스/뽀글이,002,아우터,23,4302690,sorano,소라노,SORANO Basic Logo FLEECE JACKET [2Color],https://image.msscdn.net/images/goods_img/20240807/4302690/4302690_17229692410197_500.jpg,False
2025-10,F,002023,플리스/뽀글이,002,아우터,24,5355275,jeep,지프,2WAY 레트로 마운틴 1941 셰르파 플리스 집업 (JQ5TZU195BK),https://image.msscdn.net/images/goods_img/20250822/5355275/5355275_17871038865548_500.jpg,False
2025-10,F,002023,플리스/뽀글이,002,아우터,25,5353192,patagonia,파타고니아,우먼즈 클래식 레트로-X 재킷 / 23075Q7,https://image.msscdn.net/images/goods_img/20250822/5353192/5353192_17558257086667_500.jpg,False
2025-10,F,002023,플리스/뽀글이,002,아우터,26,5325515,jeep,지프,M-Logo 레인보우 라벨 하프넥 플리스 집업 2 COLOR (JQ5TZU191),https://image.msscdn.net/images/goods_img/20250814/5325515/5325515_17551514636860_500.jpg,False
2025-10,F,002023,플리스/뽀글이,002,아우터,27,4455056,wackywilly,와키윌리,플러피 후드 점퍼 크림,https://image.msscdn.net/images/goods_img/20240924/4455056/4455056_17273400472944_500.jpg,False
2025-10,F,002023,플리스/뽀글이,002,아우터,28,5343574,jeep,지프,에센셜 스몰로고 하프집업 플리스 (JQ5TSF192BK),https://image.msscdn.net/images/goods_img/20250820/5343574/5343574_17586066796408_500.jpg,False
2025-10,F,002023,플리스/뽀글이,002,아우터,29,5618127,homebodythings,홈바디띵즈,HOMEBODY FLEECE PATTERN JACKET (NAVY),https://image.msscdn.net/images/goods_img/20251021/5618127/5618127_17637114634744_500.jpg,False
2025-10,F,002023,플리스/뽀글이,002,아우터,30,5468972,thisisneverthat,디스이즈네버댓,SP Sherpa Fleece Jacket Black,https://image.msscdn.net/images/goods_img/20250916/5468972/5468972_17587667403169_500.jpg,False
2025-10,F,002025,무스탕/퍼,002,아우터,1,4648957,thegreenlab,더그린랩,FAUX 퍼 하이넥 무스탕 쟈켓 [밍크/아이보리],https://image.msscdn.net/images/goods_img/20241204/4648957/4648957_17889386753405_500.jpg,False
2025-10,F,002025,무스탕/퍼,002,아우터,2,1582142,left,레프트서울,에비에이터 B-3 무스탕 자켓 [블랙],https://image.msscdn.net/images/goods_img/20200903/1582142/1582142_17888321003811_500.jpg,False
2025-10,F,002025,무스탕/퍼,002,아우터,3,5589721,leathery,레더리,리버시블 시어링 퍼 자켓 [CREAM],https://image.msscdn.net/images/goods_img/20251014/5589721/5589721_17691508756206_500.jpg,False
2025-10,F,002025,무스탕/퍼,002,아우터,4,4422571,roughneck,러프넥,워싱 레더 무스탕 자켓,https://image.msscdn.net/images/goods_img/20240909/4422571/4422571_17259543259384_500.jpg,False
2025-10,F,002025,무스탕/퍼,002,아우터,5,2985378,left,레프트서울,에비에이터 B-3 무스탕 자켓 [블랙/화이트],https://image.msscdn.net/images/goods_img/20221216/2985378/2985378_17888316910045_500.jpg,False
2025-10,F,002025,무스탕/퍼,002,아우터,6,4459465,mongdol,몽돌,리버시블 스웨이드 무스탕 브라운 MDJK038BROWN,https://image.msscdn.net/images/goods_img/20240924/4459465/4459465_17901312308637_500.jpg,False
2025-10,F,002025,무스탕/퍼,002,아우터,7,5315766,hugyourskin,허그유어스킨,시어링 무스탕 자켓 (핑크),https://image.msscdn.net/images/goods_img/20250812/5315766/5315766_17575804906641_500.jpg,False
2025-10,F,002025,무스탕/퍼,002,아우터,8,4398156,mongdol,몽돌,리버시블 페이크 퍼 자켓 라이트베이지 MDJK031LBEIGE,https://image.msscdn.net/images/goods_img/20240903/4398156/4398156_17653446118193_500.jpg,False
2025-10,F,002025,무스탕/퍼,002,아우터,9,5309360,roughneck,러프넥,워싱 레더 무스탕 자켓 그레이,https://image.msscdn.net/images/goods_img/20250811/5309360/5309360_17567135762013_500.jpg,False
2025-10,F,002025,무스탕/퍼,002,아우터,10,3435483,musinsastandardwoman,무신사 스탠다드 우먼,우먼즈 리버서블 신세틱 레더 시어링 하프 코트 [블랙],https://image.msscdn.net/images/goods_img/20230731/3435483/3435483_17610122417764_500.jpg,False
2025-10,F,002025,무스탕/퍼,002,아우터,11,4598251,thegreenlab,더그린랩,FAUX 퍼 하이넥 무스탕 쟈켓 [밍크/블랙],https://image.msscdn.net/images/goods_img/20241108/4598251/4598251_17905811768713_500.jpg,False
2025-10,F,002025,무스탕/퍼,002,아우터,12,4644905,spao,스파오,퍼배색 무스탕_SPJLF4VW04,https://image.msscdn.net/images/goods_img/20241202/4644905/4644905_17580108193796_500.jpeg,False
2025-10,F,002025,무스탕/퍼,002,아우터,13,4459466,mongdol,몽돌,리버시블 스웨이드 무스탕 베이지 MDJK038BEIGE,https://image.msscdn.net/images/goods_img/20240924/4459466/4459466_17905735846373_500.jpg,False
2025-10,F,002025,무스탕/퍼,002,아우터,14,4498805,leathery,레더리,오블리크 스웨이드 무스탕 자켓 [BLACK],https://image.msscdn.net/images/goods_img/20241008/4498805/4498805_17286101050603_500.jpg,False
2025-10,F,002025,무스탕/퍼,002,아우터,15,3696651,v2,브이투,70263 빈티지코팅무스탕_브라운,https://image.msscdn.net/images/goods_img/20231108/3696651/3696651_16995836179892_500.jpg,False
2025-10,F,002025,무스탕/퍼,002,아우터,16,5579004,kiimuir,키뮤어,(우먼) 무스탕 하프코트_베이지,https://image.msscdn.net/images/goods_img/20251012/5579004/5579004_17622355961054_500.jpg,False
2025-10,F,002025,무스탕/퍼,002,아우터,17,3511220,mongdol,몽돌,페이크 퍼 무스탕 자켓 브라운 MDJK025BROWN,https://image.msscdn.net/images/goods_img/20230829/3511220/3511220_17653444781083_500.jpg,False
2025-10,F,002025,무스탕/퍼,002,아우터,18,4629564,khakipoint,카키포인트,MINI MUSTANG (black),https://image.msscdn.net/images/goods_img/20241121/4629564/4629564_17321910610078_500.jpeg,False
2025-10,F,002025,무스탕/퍼,002,아우터,19,4545078,heleneparis,헬레네파리스,피티드 스웨이드 무스탕 [블랙],https://image.msscdn.net/images/goods_img/20241022/4545078/4545078_17296454400437_500.jpg,False
2025-10,F,002025,무스탕/퍼,002,아우터,20,3676631,thegreenlab,더그린랩,FAUX 퍼 하이넥 무스탕 쟈켓 [블랙/아이보리],https://image.msscdn.net/images/goods_img/20231101/3676631/3676631_17652382927889_500.jpg,False
2025-10,F,002025,무스탕/퍼,002,아우터,21,5478133,dimitriblack,디미트리블랙,VTG 워시드 시어링 무스탕_블랙,https://image.msscdn.net/images/goods_img/20250917/5478133/5478133_17591955702057_500.jpg,False
2025-10,F,002025,무스탕/퍼,002,아우터,22,5315764,hugyourskin,허그유어스킨,시어링 무스탕 자켓 (블랙),https://image.msscdn.net/images/goods_img/20250812/5315764/5315764_17575805879733_500.jpg,False
2025-10,F,002025,무스탕/퍼,002,아우터,23,5409345,glowny,글로니,MOOR REVERSIBLE FUR JACKET (BROWN),https://image.msscdn.net/images/goods_img/20250905/5409345/5409345_17622363846577_500.jpg,False
2025-10,F,002025,무스탕/퍼,002,아우터,24,3661328,lingseoul,링서울,suede mustang coat-beige,https://image.msscdn.net/images/goods_img/20231026/3661328/3661328_16995757835262_500.jpg,False
2025-10,F,002025,무스탕/퍼,002,아우터,25,5416921,uglyshadow,어글리쉐도우,리버시블 시어링 자켓 (블루),https://image.msscdn.net/images/goods_img/20250908/5416921/5416921_17575581976116_500.jpg,False
2025-10,F,002025,무스탕/퍼,002,아우터,26,3661835,etmon,에트몽,"High-Neck Suede Mustang Coat, Brown",https://image.msscdn.net/images/goods_img/20231026/3661835/3661835_16983045835575_500.jpg,False
2025-10,F,002025,무스탕/퍼,002,아우터,27,5427579,mixxo,미쏘,스탠카라 무스탕_MIWJLFV1PC,https://image.msscdn.net/images/goods_img/20250909/5427579/5427579_17901277163428_500.jpg,False
2025-10,F,002025,무스탕/퍼,002,아우터,28,5547106,highschooldisco,하이스쿨디스코,도트 리버시블 퍼자켓_블랙,https://image.msscdn.net/images/goods_img/20250929/5547106/5547106_17593006707949_500.jpg,False
2025-10,F,002025,무스탕/퍼,002,아우터,29,4534105,millowomen,밀로 우먼,버클 롱 헤어 퍼 자켓 [브라운],https://image.msscdn.net/images/goods_img/20241018/4534105/4534105_17624004119723_500.jpg,False
2025-10,F,002025,무스탕/퍼,002,아우터,30,5572122,rolarola,로라로라,HIGH NECK SUEDE MUSTANG JACKET BEIGE,https://image.msscdn.net/images/goods_img/20251010/5572122/5572122_17696667360941_500.jpg,False
2025-10,F,002002,레더/라이더스 재킷,002,아우터,1,2139011,ladyvolume,레이디 볼륨,465-1 비건 레더 오버핏 자켓,https://image.msscdn.net/images/goods_img/20210917/2139011/2139011_3_500.jpg,False
2025-10,F,002002,레더/라이더스 재킷,002,아우터,2,5151494,musinsastandardwoman,무신사 스탠다드 우먼,우먼즈 신세틱 스웨이드 카 코트 [라이트 브라운],https://image.msscdn.net/images/goods_img/20250528/5151494/5151494_17585862581831_500.jpg,False
2025-10,F,002002,레더/라이더스 재킷,002,아우터,3,2140335,placestudio,플레이스 스튜디오,비건 레더 오버핏 블루종 [블랙],https://image.msscdn.net/images/goods_img/20210917/2140335/2140335_9_500.jpg,False
2025-10,F,002002,레더/라이더스 재킷,002,아우터,4,3551101,blackmoment,블랙모먼트,비건 스웨이드 오버핏 미니멀 인시전 스트레이트 집업 자켓 [브라운],https://image.msscdn.net/images/goods_img/20230912/3551101/3551101_16970790961650_500.jpg,False
2025-10,F,002002,레더/라이더스 재킷,002,아우터,5,4794421,lingseoul,링서울,over fit leather blouson jacket-black,https://image.msscdn.net/images/goods_img/20250217/4794421/4794421_17893459629967_500.jpg,False
2025-10,F,002002,레더/라이더스 재킷,002,아우터,6,4619959,musinsastandardwoman,무신사 스탠다드 우먼,우먼즈 신세틱 레더 오버 숄더 오버사이즈 블레이저 [블랙],https://image.msscdn.net/images/goods_img/20241118/4619959/4619959_17550675072952_500.jpg,False
2025-10,F,002002,레더/라이더스 재킷,002,아우터,7,1593755,partimento,파르티멘토,[비건 레더] 필드 자켓 블랙,https://image.msscdn.net/images/goods_img/20200909/1593755/1593755_1_500.jpg,False
2025-10,F,002002,레더/라이더스 재킷,002,아우터,8,4460549,vivacious,비바셔스,Beau Art Leather Jacket CAMEL,https://image.msscdn.net/images/goods_img/20240925/4460549/4460549_17291382186060_500.jpg,False
2025-10,F,002002,레더/라이더스 재킷,002,아우터,9,2093254,v2,브이투,465-3 VEGAN LEATHER OVERFIT JACKET_BLACK,https://image.msscdn.net/images/goods_img/20210827/2093254/2093254_1_500.jpg,False
2025-10,F,002002,레더/라이더스 재킷,002,아우터,10,4782735,ladyvolume,레이디 볼륨,9193 워싱 레더 자켓 (BLACK),https://image.msscdn.net/images/goods_img/20250212/4782735/4782735_17403860123033_500.jpg,False
2025-10,F,002002,레더/라이더스 재킷,002,아우터,11,4356914,musinsastandardwoman,무신사 스탠다드 우먼,우먼즈 페이디드 신세틱 레더 하이넥 블루종 재킷 [그레이],https://image.msscdn.net/images/goods_img/20240822/4356914/4356914_17296635565828_500.jpg,False
2025-10,F,002002,레더/라이더스 재킷,002,아우터,12,4209445,musinsastandardwoman,무신사 스탠다드 우먼,우먼즈 신세틱 스웨이드 레이서 재킷 [데저트 브라운],https://image.msscdn.net/images/goods_img/20240620/4209445/4209445_17295769847197_500.jpg,False
2025-10,F,002002,레더/라이더스 재킷,002,아우터,13,5151493,musinsastandardwoman,무신사 스탠다드 우먼,우먼즈 신세틱 스웨이드 카 코트 [블랙],https://image.msscdn.net/images/goods_img/20250528/5151493/5151493_17585861806993_500.jpg,False
2025-10,F,002002,레더/라이더스 재킷,002,아우터,14,3927174,maninstore,무드인사이드,비건 스웨이드 바이커 자켓_3Color,https://image.msscdn.net/images/goods_img/20240306/3927174/3927174_17568668915223_500.jpg,False
2025-10,F,002002,레더/라이더스 재킷,002,아우터,15,1576682,doffjason,도프제이슨,오버핏 램스킨 싱글 자켓,https://image.msscdn.net/images/goods_img/20200901/1576682/1576682_6_500.jpg,False
2025-10,F,002002,레더/라이더스 재킷,002,아우터,16,5316507,aakam,아캄,High-Neck Leather Jacket (Black),https://image.msscdn.net/images/goods_img/20250812/5316507/5316507_17582508013714_500.jpg,False
2025-10,F,002002,레더/라이더스 재킷,002,아우터,17,5505893,raive,레이브,High-neck Leather Blouson Jacket VL5AJ093_2color,https://image.msscdn.net/images/goods_img/20250922/5505893/5505893_17715502335800_500.jpg,False
2025-10,F,002002,레더/라이더스 재킷,002,아우터,18,5424825,they,데이,크롭 스웨이드 바이커 자켓_BROWN,https://image.msscdn.net/images/goods_img/20250909/5424825/5424825_17905693642139_500.jpg,False
2025-10,F,002002,레더/라이더스 재킷,002,아우터,19,4411402,loeuvre,루에브르,Asymmetric Placket Faux Leather Jacket SL4AJ820-10,https://image.msscdn.net/images/goods_img/20240905/4411402/4411402_17255249390888_500.jpg,False
2025-10,F,002002,레더/라이더스 재킷,002,아우터,20,5297133,mixxo,미쏘,스탠카라 집업자켓_MIWJLFT0PB,https://image.msscdn.net/images/goods_img/20250806/5297133/5297133_17737270034709_500.jpg,False
2025-10,F,002002,레더/라이더스 재킷,002,아우터,21,3922203,lingseoul,링서울,leather blouson jacket-black,https://image.msscdn.net/images/goods_img/20240305/3922203/3922203_17096073391557_500.jpg,False
2025-10,F,002002,레더/라이더스 재킷,002,아우터,22,4209444,musinsastandardwoman,무신사 스탠다드 우먼,우먼즈 신세틱 스웨이드 레이서 재킷 [블랙],https://image.msscdn.net/images/goods_img/20240620/4209444/4209444_17576348265431_500.jpg,False
2025-10,F,002002,레더/라이더스 재킷,002,아우터,23,2764540,tillidie,틸아이다이,Faux leather pocket jacket_Black,https://image.msscdn.net/images/goods_img/20220902/2764540/2764540_17532603265109_500.jpg,False
2025-10,F,002002,레더/라이더스 재킷,002,아우터,24,3434596,musinsastandardwoman,무신사 스탠다드 우먼,우먼즈 신세틱 레더 블루종 재킷 [블랙],https://image.msscdn.net/images/goods_img/20230731/3434596/3434596_17661143550258_500.jpg,False
2025-10,F,002002,레더/라이더스 재킷,002,아우터,25,4411403,loeuvre,루에브르,Asymmetric Placket Faux Leather Jacket SL4AJ820-91,https://image.msscdn.net/images/goods_img/20240905/4411403/4411403_17255249444214_500.jpg,False
2025-10,F,002002,레더/라이더스 재킷,002,아우터,26,2140314,placestudio,플레이스 스튜디오,비건 레더 오버핏 블루종 [브라운],https://image.msscdn.net/images/goods_img/20210917/2140314/2140314_11_500.jpg,False
2025-10,F,002002,레더/라이더스 재킷,002,아우터,27,4668275,musinsastandardwoman,무신사 스탠다드 우먼,우먼즈 신세틱 레더 카코트 [블랙],https://image.msscdn.net/images/goods_img/20241216/4668275/4668275_17537442547001_500.jpg,False
2025-10,F,002002,레더/라이더스 재킷,002,아우터,28,3783494,drawfitwomen,드로우핏 우먼,버튼 레더 하프 자켓 [BLACK],https://image.msscdn.net/images/goods_img/20240109/3783494/3783494_17628454085551_500.jpg,False
2025-10,F,002002,레더/라이더스 재킷,002,아우터,29,4353152,ladyvolume,레이디 볼륨,9160 VINTAGE COATING LEATHER JUMPER_BROWN,https://image.msscdn.net/images/goods_img/20240821/4353152/4353152_17260139958871_500.jpg,False
2025-10,F,002002,레더/라이더스 재킷,002,아우터,30,5319315,dunstforwomen,던스트,UNISEX OVERSIZED VINTAGE LEATHER BLOUSON_UDJU5C104_BLACK,https://image.msscdn.net/images/goods_img/20250813/5319315/5319315_17563485403009_500.jpg,False
2025-10,F,002007,겨울 싱글 코트,002,아우터,1,2700048,musinsastandardwoman,무신사 스탠다드 우먼,우먼즈 캐시미어 블렌드 발마칸 로브 코트 [블랙],https://image.msscdn.net/images/goods_img/20220805/2700048/2700048_17661148134527_500.jpg,False
2025-10,F,002007,겨울 싱글 코트,002,아우터,2,4290697,typeservice,타입서비스,Hooded Half Coat [Gray],https://image.msscdn.net/images/goods_img/20240801/4290697/4290697_17883979451202_500.jpg,False
2025-10,F,002007,겨울 싱글 코트,002,아우터,3,5589459,leathery,레더리,캐시미어 발마칸 로브 코트 [BLACK],https://image.msscdn.net/images/goods_img/20251014/5589459/5589459_17691509511547_500.jpg,False
2025-10,F,002007,겨울 싱글 코트,002,아우터,4,5314995,typeservice,타입서비스,Hooded Half Coat [Oatmeal],https://image.msscdn.net/images/goods_img/20250812/5314995/5314995_17883979779390_500.jpg,False
2025-10,F,002007,겨울 싱글 코트,002,아우터,5,3810060,lingseoul,링서울,handmade wool trench coat-black,https://image.msscdn.net/images/goods_img/20240119/3810060/3810060_17337247076702_500.jpg,False
2025-10,F,002007,겨울 싱글 코트,002,아우터,6,5427562,mixxo,미쏘,울 블렌디드 스탠카라 하프 코트_MIWJHFV0PG,https://image.msscdn.net/images/goods_img/20250909/5427562/5427562_17897166481117_500.jpg,False
2025-10,F,002007,겨울 싱글 코트,002,아우터,7,5444273,musinsastandardwoman,무신사 스탠다드 우먼,우먼즈 캐시미어 블렌드 핸드메이드 하프 발마칸 로브 코트 [블랙],https://image.msscdn.net/images/goods_img/20250911/5444273/5444273_17587005147986_500.jpg,False
2025-10,F,002007,겨울 싱글 코트,002,아우터,8,5151442,musinsastandardwoman,무신사 스탠다드 우먼,우먼즈 캐시미어 블렌드 하프 발마칸 코트 [블랙],https://image.msscdn.net/images/goods_img/20250528/5151442/5151442_17587549966111_500.jpg,False
2025-10,F,002007,겨울 싱글 코트,002,아우터,9,5444275,musinsastandardwoman,무신사 스탠다드 우먼,우먼즈 캐시미어 블렌드 핸드메이드 하프 발마칸 로브 코트 [토프],https://image.msscdn.net/images/goods_img/20250911/5444275/5444275_17587004740023_500.jpg,False
2025-10,F,002007,겨울 싱글 코트,002,아우터,10,3809881,lingseoul,링서울,handmade wool trench coat-brown,https://image.msscdn.net/images/goods_img/20240119/3809881/3809881_17337248358943_500.jpg,False
2025-10,F,002007,겨울 싱글 코트,002,아우터,11,2124214,musinsastandardwoman,무신사 스탠다드 우먼,우먼즈 캐시미어 블렌드 핸드메이드 발마칸 로브 코트 [블랙],https://image.msscdn.net/images/goods_img/20210910/2124214/2124214_17603400988280_500.jpg,False
2025-10,F,002007,겨울 싱글 코트,002,아우터,12,2124215,musinsastandardwoman,무신사 스탠다드 우먼,우먼즈 캐시미어 블렌드 핸드메이드 발마칸 로브 코트 [헤더 브라운],https://image.msscdn.net/images/goods_img/20210910/2124215/2124215_17603423302311_500.jpg,False
2025-10,F,002007,겨울 싱글 코트,002,아우터,13,3809977,lingseoul,링서울,handmade wool trench coat-oatmeal,https://image.msscdn.net/images/goods_img/20240119/3809977/3809977_17337251882627_500.jpg,False
2025-10,F,002007,겨울 싱글 코트,002,아우터,14,3346087,musinsastandardwoman,무신사 스탠다드 우먼,우먼즈 캐시미어 블렌드 발마칸 로브 코트 [토프],https://image.msscdn.net/images/goods_img/20230605/3346087/3346087_17675824043796_500.jpg,False
2025-10,F,002007,겨울 싱글 코트,002,아우터,15,4213377,musinsastandardwoman,무신사 스탠다드 우먼,우먼즈 캐시미어 블렌드 핸드메이드 쇼트 맥 코트 [오트밀],https://image.msscdn.net/images/goods_img/20240621/4213377/4213377_17262132806625_500.jpg,False
2025-10,F,002007,겨울 싱글 코트,002,아우터,16,4213375,musinsastandardwoman,무신사 스탠다드 우먼,우먼즈 캐시미어 블렌드 핸드메이드 쇼트 맥 코트 [블랙],https://image.msscdn.net/images/goods_img/20240621/4213375/4213375_17262132621879_500.jpg,False
2025-10,F,002007,겨울 싱글 코트,002,아우터,17,2700049,musinsastandardwoman,무신사 스탠다드 우먼,우먼즈 캐시미어 블렌드 발마칸 로브 코트 [미디엄 그레이],https://image.msscdn.net/images/goods_img/20220805/2700049/2700049_17358857683569_500.jpg,False
2025-10,F,002007,겨울 싱글 코트,002,아우터,18,4211910,musinsastandardwoman,무신사 스탠다드 우먼,우먼즈 캐시미어 블렌드 발마칸 로브 코트 [오트밀],https://image.msscdn.net/images/goods_img/20240621/4211910/4211910_17278573603543_500.jpg,False
2025-10,F,002007,겨울 싱글 코트,002,아우터,19,4431837,oafish,오피쉬,"RICH WOOL HALF COAT, GRAY",https://image.msscdn.net/images/goods_img/20240911/4431837/4431837_17261708836000_500.jpg,False
2025-10,F,002007,겨울 싱글 코트,002,아우터,20,5151445,musinsastandardwoman,무신사 스탠다드 우먼,우먼즈 캐시미어 블렌드 하프 발마칸 코트 [오트밀],https://image.msscdn.net/images/goods_img/20250528/5151445/5151445_17587007629687_500.jpg,False
2025-10,F,002007,겨울 싱글 코트,002,아우터,21,4507500,dunstforwomen,던스트,UNISEX 2-WAY 3 BUTTON CASHMERE COAT_UDCO5D121_BLACK,https://image.msscdn.net/images/goods_img/20241011/4507500/4507500_17587645821046_500.jpg,False
2025-10,F,002007,겨울 싱글 코트,002,아우터,22,5449130,mongdol,몽돌,캐시미어 울 핸드메이드 하프 코트 그레이 MDCT013GRAY,https://image.msscdn.net/images/goods_img/20250912/5449130/5449130_17905734212463_500.jpg,False
2025-10,F,002007,겨울 싱글 코트,002,아우터,23,4213376,musinsastandardwoman,무신사 스탠다드 우먼,우먼즈 캐시미어 블렌드 핸드메이드 쇼트 맥 코트 [미디엄 그레이],https://image.msscdn.net/images/goods_img/20240621/4213376/4213376_17262132434796_500.jpg,False
2025-10,F,002007,겨울 싱글 코트,002,아우터,24,4329195,lookast,룩캐스트,리앤 울 핸드메이드 하프 코트_베이지 / LEANNE WOOL HANDMADE HALF COAT_BEIGE,https://image.msscdn.net/images/prd_img/20240814/4329195/detail_4329195_17247341391161_500.jpg,False
2025-10,F,002007,겨울 싱글 코트,002,아우터,25,5151443,musinsastandardwoman,무신사 스탠다드 우먼,우먼즈 캐시미어 블렌드 하프 발마칸 코트 [미디엄 그레이],https://image.msscdn.net/images/goods_img/20250528/5151443/5151443_17587549899057_500.jpg,False
2025-10,F,002007,겨울 싱글 코트,002,아우터,26,5384908,lingseoul,링서울,handmade wool trench coat-charoal,https://image.msscdn.net/images/goods_img/20250901/5384908/5384908_17579984560257_500.jpg,False
2025-10,F,002007,겨울 싱글 코트,002,아우터,27,2159721,lingseoul,링서울,handmade wool trench coat-camel,https://image.msscdn.net/images/goods_img/20211001/2159721/2159721_17871055344035_500.jpg,False
2025-10,F,002007,겨울 싱글 코트,002,아우터,28,4495810,lookast,룩캐스트,헤일리 울 부클 하프 코트_버터 / HAILY WOOL BOUCLE HALF COAT_BUTTER,https://image.msscdn.net/images/goods_img/20241008/4495810/4495810_17283548252572_500.jpg,False
2025-10,F,002007,겨울 싱글 코트,002,아우터,29,5151444,musinsastandardwoman,무신사 스탠다드 우먼,우먼즈 캐시미어 블렌드 하프 발마칸 코트 [토프],https://image.msscdn.net/images/goods_img/20250528/5151444/5151444_17876233065734_500.jpg,False
2025-10,F,002007,겨울 싱글 코트,002,아우터,30,4483087,kiimuir,키뮤어,[Drape Wool] (우먼) 캐시미어블렌드 세미오버핏 발마칸 로브코트_블랙,https://image.msscdn.net/images/goods_img/20241002/4483087/4483087_17622355369991_500.jpg,False
2025-10,F,002024,겨울 더블 코트,002,아우터,1,5315802,hugyourskin,허그유어스킨,후드 하프 코트 (차콜),https://image.msscdn.net/images/goods_img/20250812/5315802/5315802_17901502512763_500.jpg,False
2025-10,F,002024,겨울 더블 코트,002,아우터,2,5515190,misekiseoul,미세키서울,Hoodie double button coat CHARCOAL,https://image.msscdn.net/images/goods_img/20250923/5515190/5515190_17904146919467_500.jpg,False
2025-10,F,002024,겨울 더블 코트,002,아우터,3,5315799,hugyourskin,허그유어스킨,후드 하프 코트 (블랙),https://image.msscdn.net/images/goods_img/20250812/5315799/5315799_17901493074628_500.jpg,False
2025-10,F,002024,겨울 더블 코트,002,아우터,4,4598301,treemingbird,트리밍버드,Handmade) Wide Long Coat [ Khaki Gray ],https://image.msscdn.net/images/goods_img/20241108/4598301/4598301_17670747375728_500.jpg,False
2025-10,F,002024,겨울 더블 코트,002,아우터,5,5515207,misekiseoul,미세키서울,Hoodie double button coat GREY,https://image.msscdn.net/images/goods_img/20250923/5515207/5515207_17601724031288_500.jpg,False
2025-10,F,002024,겨울 더블 코트,002,아우터,6,1611799,musinsastandardwoman,무신사 스탠다드 우먼,우먼즈 캐시미어 블렌드 더블 체스터 롱 코트 [블랙],https://image.msscdn.net/images/goods_img/20200918/1611799/1611799_16998418525655_500.jpg,False
2025-10,F,002024,겨울 더블 코트,002,아우터,7,5515102,misekiseoul,미세키서울,Double button long coat BLACK,https://image.msscdn.net/images/goods_img/20250923/5515102/5515102_17609231743295_500.jpg,False
2025-10,F,002024,겨울 더블 코트,002,아우터,8,2992131,jilsander,질 샌더,카라리스 더블 코트 - 블랙 / J02AA0010J35002001,https://image.msscdn.net/images/goods_img/20221221/2992131/2992131_16747842259833_500.jpg,False
2025-10,F,002024,겨울 더블 코트,002,아우터,9,3405568,musinsastandardwoman,무신사 스탠다드 우먼,우먼즈 캐시미어 블렌드 트렌치 코트 [블랙],https://image.msscdn.net/images/goods_img/20230712/3405568/3405568_17358860312105_500.jpg,False
2025-10,F,002024,겨울 더블 코트,002,아우터,10,5151440,musinsastandardwoman,무신사 스탠다드 우먼,우먼즈 울 블렌드 오버 숄더 더블 하프 코트 [블랙],https://image.msscdn.net/images/goods_img/20250528/5151440/5151440_17586929114642_500.jpg,False
2025-10,F,002024,겨울 더블 코트,002,아우터,11,5151480,musinsastandardwoman,무신사 스탠다드 우먼,우먼즈 캐시미어 블렌드 신치드 더블 롱 코트 [블랙],https://image.msscdn.net/images/goods_img/20250528/5151480/5151480_17603427932705_500.jpg,False
2025-10,F,002024,겨울 더블 코트,002,아우터,12,5515129,misekiseoul,미세키서울,Double button long coat CHARCOAL,https://image.msscdn.net/images/goods_img/20250923/5515129/5515129_17657813042495_500.jpg,False
2025-10,F,002024,겨울 더블 코트,002,아우터,13,1611801,musinsastandardwoman,무신사 스탠다드 우먼,우먼즈 캐시미어 블렌드 더블 체스터 롱 코트 [미디엄 그레이],https://image.msscdn.net/images/goods_img/20200918/1611801/1611801_16998419183951_500.jpg,False
2025-10,F,002024,겨울 더블 코트,002,아우터,14,4598300,treemingbird,트리밍버드,Handmade) Wide Long Coat [ Black ],https://image.msscdn.net/images/goods_img/20241108/4598300/4598300_17549822814479_500.jpg,False
2025-10,F,002024,겨울 더블 코트,002,아우터,15,4638786,8seconds,에잇세컨즈,후드 더플 핸드메이드 코트  브라운,https://image.msscdn.net/images/goods_img/20241127/4638786/4638786_17326796550644_500.jpg,False
2025-10,F,002024,겨울 더블 코트,002,아우터,16,4779711,kiimuir,키뮤어,(우먼) 시어링 더플 울 자켓_아이보리,https://image.msscdn.net/images/goods_img/20250212/4779711/4779711_17509001904313_500.jpg,False
2025-10,F,002024,겨울 더블 코트,002,아우터,17,2217531,avan,어반드레스,125CM 슈퍼 롱 오버핏 더블 코트,https://image.msscdn.net/images/goods_img/20211104/2217531/2217531_16722043899054_500.jpg,False
2025-10,F,002024,겨울 더블 코트,002,아우터,18,5151484,musinsastandardwoman,무신사 스탠다드 우먼,우먼즈 울 블렌드 오버 숄더 세미 더블 맥시 코트 [블랙],https://image.msscdn.net/images/goods_img/20250528/5151484/5151484_17586848621161_500.jpg,False
2025-10,F,002024,겨울 더블 코트,002,아우터,19,4656257,treemingbird,트리밍버드,High Neck Double Button Wool Long Coat [ Black ],https://image.msscdn.net/images/goods_img/20241209/4656257/4656257_17337319614528_500.jpg,False
2025-10,F,002024,겨울 더블 코트,002,아우터,20,4211917,musinsastandardwoman,무신사 스탠다드 우먼,우먼즈 캐시미어 블렌드 더블 체스터 롱 코트 [헤더 올리브],https://image.msscdn.net/images/goods_img/20240621/4211917/4211917_17241313716355_500.jpg,False
2025-10,F,002024,겨울 더블 코트,002,아우터,21,4495800,lookast,룩캐스트,니야 울 하프 피코트_네이비 / NIYA WOOL HALF PEACOAT_NAVY,https://image.msscdn.net/images/goods_img/20241008/4495800/4495800_17283547740219_500.jpg,False
2025-10,F,002024,겨울 더블 코트,002,아우터,22,3405570,musinsastandardwoman,무신사 스탠다드 우먼,우먼즈 캐시미어 블렌드 트렌치 코트 [차콜 그레이],https://image.msscdn.net/images/goods_img/20230712/3405570/3405570_16970883902516_500.jpg,False
2025-10,F,002024,겨울 더블 코트,002,아우터,23,3405569,musinsastandardwoman,무신사 스탠다드 우먼,우먼즈 캐시미어 블렌드 트렌치 코트 [토프],https://image.msscdn.net/images/goods_img/20230712/3405569/3405569_17126523392809_500.jpg,False
2025-10,F,002024,겨울 더블 코트,002,아우터,24,5492381,oafish,오피쉬,"QUAD BUTTON SHORT COAT, BLACK",https://image.msscdn.net/images/goods_img/20250919/5492381/5492381_17583813181310_500.jpg,False
2025-10,F,002024,겨울 더블 코트,002,아우터,25,3612117,avan,어반드레스,Anna Double Long Coat BLACK,https://image.msscdn.net/images/goods_img/20231008/3612117/3612117_16976041397349_500.jpg,False
2025-10,F,002024,겨울 더블 코트,002,아우터,26,2124218,musinsastandardwoman,무신사 스탠다드 우먼,우먼즈 캐시미어 블렌드 핸드메이드 더블 코트 [블랙],https://image.msscdn.net/images/goods_img/20210910/2124218/2124218_17821830930854_500.jpg,False
2025-10,F,002024,겨울 더블 코트,002,아우터,27,4512196,musinsastandardwoman,무신사 스탠다드 우먼,[제현경 컬래버] 우먼즈 캐시미어 블렌드 맥시 더블 로브 코트 [블랙],https://image.msscdn.net/images/goods_img/20241014/4512196/4512196_17313867198993_500.jpg,False
2025-10,F,002024,겨울 더블 코트,002,아우터,28,5151486,musinsastandardwoman,무신사 스탠다드 우먼,우먼즈 울 블렌드 오버 숄더 세미 더블 맥시 코트 [차콜 그레이],https://image.msscdn.net/images/goods_img/20250528/5151486/5151486_17586848897391_500.jpg,False
2025-10,F,002024,겨울 더블 코트,002,아우터,29,2518475,musinsastandardwoman,무신사 스탠다드 우먼,우먼즈 캐시미어 블렌드 더블 체스터 롱 코트 [차콜 그레이],https://image.msscdn.net/images/goods_img/20220427/2518475/2518475_16998417058060_500.jpg,False
2025-10,F,002024,겨울 더블 코트,002,아우터,30,4517044,rosefrantz,로제프란츠,Double Button Maxi Long Coat [Black],https://image.msscdn.net/images/goods_img/20241015/4517044/4517044_17289518981730_500.jpg,False
2025-10,F,002009,겨울 기타 코트,002,아우터,1,5151452,musinsastandardwoman,무신사 스탠다드 우먼,우먼즈 울 블렌드 쇼트 더플 코트 [네이비],https://image.msscdn.net/images/goods_img/20250528/5151452/5151452_17569690846557_500.jpg,False
2025-10,F,002009,겨울 기타 코트,002,아우터,2,4351669,misekiseoul,미세키서울,Duffle hoodie short coat CHARCOAL,https://image.msscdn.net/images/goods_img/20240821/4351669/4351669_17582644885283_500.jpg,False
2025-10,F,002009,겨울 기타 코트,002,아우터,3,3512902,typeservice,타입서비스,Hooded Half Coat [Charcoal],https://image.msscdn.net/images/goods_img/20230830/3512902/3512902_17883978690900_500.jpg,False
2025-10,F,002009,겨울 기타 코트,002,아우터,4,5589488,leathery,레더리,캐시미어 멜톤 더플 후디 숏 코트 [GREY],https://image.msscdn.net/images/goods_img/20251014/5589488/5589488_17691509210963_500.jpg,False
2025-10,F,002009,겨울 기타 코트,002,아우터,5,5151453,musinsastandardwoman,무신사 스탠다드 우먼,우먼즈 울 블렌드 쇼트 더플 코트 [미디엄 그레이],https://image.msscdn.net/images/goods_img/20250528/5151453/5151453_17568695311493_500.jpg,False
2025-10,F,002009,겨울 기타 코트,002,아우터,6,2830320,dunstforwomen,던스트,UNISEX BELTED CASHMERE MAC COAT_UDCO5D123_BLACK,https://image.msscdn.net/images/goods_img/20220929/2830320/2830320_17587646363122_500.jpg,False
2025-10,F,002009,겨울 기타 코트,002,아우터,7,2238440,partimento,파르티멘토,오버사이즈 멜톤 더플 롱 코트 네이비,https://image.msscdn.net/images/goods_img/20211117/2238440/2238440_1_500.jpg,False
2025-10,F,002009,겨울 기타 코트,002,아우터,8,5151449,musinsastandardwoman,무신사 스탠다드 우먼,우먼즈 울 블렌드 부클 하프 더플 코트 [네이비],https://image.msscdn.net/images/goods_img/20250528/5151449/5151449_17592992130388_500.jpg,False
2025-10,F,002009,겨울 기타 코트,002,아우터,9,5151450,musinsastandardwoman,무신사 스탠다드 우먼,우먼즈 울 블렌드 오버사이즈 더플 코트 [네이비],https://image.msscdn.net/images/goods_img/20250528/5151450/5151450_17585916128712_500.jpg,False
2025-10,F,002009,겨울 기타 코트,002,아우터,10,4351348,misekiseoul,미세키서울,Hoodie long duffle Coat CHARCOAL,https://image.msscdn.net/images/goods_img/20240821/4351348/4351348_17621492767638_500.jpg,False
2025-10,F,002009,겨울 기타 코트,002,아우터,11,5151454,musinsastandardwoman,무신사 스탠다드 우먼,우먼즈 울 블렌드 쇼트 더플 코트 [블랙],https://image.msscdn.net/images/goods_img/20250528/5151454/5151454_17568695986044_500.jpg,False
2025-10,F,002009,겨울 기타 코트,002,아우터,12,2863075,trillion,트릴리온,유니섹스 발마칸 더플 숏 코트 (BLACK),https://image.msscdn.net/images/goods_img/20221014/2863075/2863075_1_500.jpg,False
2025-10,F,002009,겨울 기타 코트,002,아우터,13,5444279,musinsastandardwoman,무신사 스탠다드 우먼,우먼즈 캐시미어 블랜드 핸드메이드 집업 재킷 [다크 브라운],https://image.msscdn.net/images/goods_img/20250911/5444279/5444279_17586982683753_500.jpg,False
2025-10,F,002009,겨울 기타 코트,002,아우터,14,5556582,fad,에프에이디,헤링본 숏 코트(브라운),https://image.msscdn.net/images/goods_img/20251001/5556582/5556582_17592492167331_500.jpg,False
2025-10,F,002009,겨울 기타 코트,002,아우터,15,5151457,musinsastandardwoman,무신사 스탠다드 우먼,우먼즈 알파카 블렌드 체크 쇼트 더플 코트 [머스타드],https://image.msscdn.net/images/goods_img/20250528/5151457/5151457_17618099686898_500.jpg,False
2025-10,F,002009,겨울 기타 코트,002,아우터,16,3588784,dunstforwomen,던스트,UNISEX TAILORED DOUBLE-BREASTED CASHMERE COAT_UDCO5D125_BLACK,https://image.msscdn.net/images/goods_img/20230922/3588784/3588784_17587646688824_500.jpg,False
2025-10,F,002009,겨울 기타 코트,002,아우터,17,5444276,musinsastandardwoman,무신사 스탠다드 우먼,우먼즈 캐시미어 블랜드 핸드메이드 집업 재킷 [블랙],https://image.msscdn.net/images/goods_img/20250911/5444276/5444276_17586983850406_500.jpg,False
2025-10,F,002009,겨울 기타 코트,002,아우터,18,5151455,musinsastandardwoman,무신사 스탠다드 우먼,우먼즈 울 블렌드 헤어리 오버 숄더 블레이저 코트 [크림],https://image.msscdn.net/images/goods_img/20250528/5151455/5151455_17610140639932_500.jpg,False
2025-10,F,002009,겨울 기타 코트,002,아우터,19,4407566,lemainsecond,리메인세컨드,울 블렌드 오버핏 발마칸 코트 [블랙],https://image.msscdn.net/images/goods_img/20240905/4407566/4407566_17609349341809_500.jpg,False
2025-10,F,002009,겨울 기타 코트,002,아우터,20,4493144,dunstforwomen,던스트,UNISEX BELTED CASHMERE MAC COAT_UDCO5D123_MELANGE GREY,https://image.msscdn.net/images/goods_img/20241007/4493144/4493144_17587646459854_500.jpg,False
2025-10,F,002009,겨울 기타 코트,002,아우터,21,5151451,musinsastandardwoman,무신사 스탠다드 우먼,우먼즈 울 블렌드 오버사이즈 더플 코트 [토프],https://image.msscdn.net/images/goods_img/20250528/5151451/5151451_17585916269138_500.jpg,False
2025-10,F,002009,겨울 기타 코트,002,아우터,22,4483800,covernatwoman,커버낫 우먼,우먼 롱 더플 코트 Ivory,https://image.msscdn.net/images/goods_img/20241002/4483800/4483800_17416576336875_500.jpg,False
2025-10,F,002009,겨울 기타 코트,002,아우터,23,5151446,musinsastandardwoman,무신사 스탠다드 우먼,우먼즈 울 블렌드 부클 하프 더플 코트 [블랙],https://image.msscdn.net/images/goods_img/20250528/5151446/5151446_17592992519897_500.jpg,False
2025-10,F,002009,겨울 기타 코트,002,아우터,24,3397886,musinsastandardwoman,무신사 스탠다드 우먼,우먼즈 울 블렌드 더플 쇼트 코트 [블랙],https://image.msscdn.net/images/goods_img/20230706/3397886/3397886_17799446298899_500.jpg,False
2025-10,F,002009,겨울 기타 코트,002,아우터,25,2866837,goodlifeworks,굿라이프웍스,오버핏 더플 코트 네이비,https://image.msscdn.net/images/goods_img/20221017/2866837/2866837_2_500.jpg,False
2025-10,F,002009,겨울 기타 코트,002,아우터,26,5151447,musinsastandardwoman,무신사 스탠다드 우먼,우먼즈 울 블렌드 부클 하프 더플 코트 [라이트 베이지],https://image.msscdn.net/images/goods_img/20250528/5151447/5151447_17592992269575_500.jpg,False
2025-10,F,002009,겨울 기타 코트,002,아우터,27,5444278,musinsastandardwoman,무신사 스탠다드 우먼,우먼즈 캐시미어 블랜드 핸드메이드 집업 재킷 [오트밀],https://image.msscdn.net/images/goods_img/20250911/5444278/5444278_17586983113304_500.jpg,False
2025-10,F,002009,겨울 기타 코트,002,아우터,28,5028930,toteme,토템,시그니처 울 캐시미어 코트 - 블랙 / 211110717200,https://image.msscdn.net/images/goods_img/20250415/5028930/5028930_17449650765465_500.jpg,False
2025-10,F,002009,겨울 기타 코트,002,아우터,29,2172957,mainbooth,메인부스,[울90%]Oversized Duffle Coat(IVORY),https://image.msscdn.net/images/goods_img/20211012/2172957/2172957_17191966075289_500.jpg,False
2025-10,F,002009,겨울 기타 코트,002,아우터,30,2172953,mainbooth,메인부스,[울90%]Oversized Duffle Coat(ASH BLUE),https://image.msscdn.net/images/goods_img/20211012/2172953/2172953_17191966288270_500.jpg,False
2025-10,F,002020,카디건,002,아우터,1,3650861,matinkim,마뗑킴,SPELL POINT STRIPE KNIT CARDIGAN IN BLACK,https://image.msscdn.net/images/goods_img/20231023/3650861/3650861_17582530640437_500.jpg,False
2025-10,F,002020,카디건,002,아우터,2,4403731,frenchchic,프렌치시크,코스에그 자수 투웨이 니트집업 가디건,https://image.msscdn.net/images/prd_img/20240904/4403731/detail_4403731_17388925781886_500.jpg,False
2025-10,F,002020,카디건,002,아우터,3,4762551,generalideastandard,제너럴아이디어,에센셜 가디건 2TYPE [SET],https://image.msscdn.net/images/goods_img/20250206/4762551/4762551_17678611211161_500.jpg,False
2025-10,F,002020,카디건,002,아우터,4,4386012,suarewomen,수아레 우먼,[보라끌레르X수아레](우먼)캐시미어 100 라운드 가디건 - 9 COLOR,https://image.msscdn.net/images/goods_img/20240829/4386012/4386012_17572925124747_500.jpg,False
2025-10,F,002020,카디건,002,아우터,5,5319127,rolarola,로라로라,ONE OFF SHOULDER STRIPE WOOL BLENDED CARDIGAN BLACK,https://image.msscdn.net/images/goods_img/20250813/5319127/5319127_17567737605497_500.jpg,False
2025-10,F,002020,카디건,002,아우터,6,3697580,compagno,꼼파뇨,[2-WAY] 커브드 블록 니트 집업 블랙,https://image.msscdn.net/images/goods_img/20231108/3697580/3697580_17047815740073_500.jpg,False
2025-10,F,002020,카디건,002,아우터,7,5321103,suarewomen,수아레 우먼,[보라끌레르X수아레](우먼)캐시미어 100 케이블 라운드 가디건 - 8 COLOR,https://image.msscdn.net/images/goods_img/20250813/5321103/5321103_17569716124962_500.jpg,False
2025-10,F,002020,카디건,002,아우터,8,2731598,musinsastandardwoman,무신사 스탠다드 우먼,우먼즈 램스울 가디건 [미디엄 그레이],https://image.msscdn.net/images/goods_img/20220822/2731598/2731598_17625000865738_500.jpg,False
2025-10,F,002020,카디건,002,아우터,9,4346438,leathery,레더리,레글런 트랙 니트 집업 [5COLOR],https://image.msscdn.net/images/goods_img/20240820/4346438/4346438_17633573397137_500.jpg,False
2025-10,F,002020,카디건,002,아우터,10,5230403,tommyjeans,타미진스,케이블 배지 가디건 (T32F6KCD10TWT2C1G),https://image.msscdn.net/images/goods_img/20250707/5230403/5230403_17591078715941_500.jpg,False
2025-10,F,002020,카디건,002,아우터,11,5361037,rolarola,로라로라,ONE OFF SHOULDER STRIPE WOOL BLENDED CARDIGAN BLUE,https://image.msscdn.net/images/goods_img/20250825/5361037/5361037_17568609174771_500.jpg,False
2025-10,F,002020,카디건,002,아우터,12,5519956,drawfitwomen,드로우핏 우먼,[드로우핏우먼 X 알로하] 폰드 노르딕 니트 가디건 [PINK],https://image.msscdn.net/images/goods_img/20250924/5519956/5519956_17600649880649_500.jpg,False
2025-10,F,002020,카디건,002,아우터,13,3650860,matinkim,마뗑킴,SPELL POINT STRIPE KNIT CARDIGAN IN IVORY,https://image.msscdn.net/images/goods_img/20231023/3650860/3650860_17582531018308_500.jpg,False
2025-10,F,002020,카디건,002,아우터,14,4787726,sculptor,스컬프터,Polka Dot Cardigan Baby Pink/Brown,https://image.msscdn.net/images/goods_img/20250213/4787726/4787726_17401144388196_500.jpg,False
2025-10,F,002020,카디건,002,아우터,15,4865513,ronron,론론,CHECK SHIRT POINTED KNIT CARDIGAN GREY,https://image.msscdn.net/images/goods_img/20250306/4865513/4865513_17417614499435_500.jpg,False
2025-10,F,002020,카디건,002,아우터,16,5519907,drawfitwomen,드로우핏 우먼,[드로우핏우먼 X 알로하] 폰드 노르딕 니트 가디건 [IVORY],https://image.msscdn.net/images/goods_img/20250924/5519907/5519907_17600647445981_500.jpg,False
2025-10,F,002020,카디건,002,아우터,17,3440440,costumeoclock,커스텀어클락,[2PACK] 소프트 베이직 가디건 COOSCD001CD020CD021,https://image.msscdn.net/images/goods_img/20230801/3440440/3440440_17585191785388_500.jpg,False
2025-10,F,002020,카디건,002,아우터,18,4506977,rosefrantz,로제프란츠,Eyelet Round Cardigan [9color],https://image.msscdn.net/images/goods_img/20241011/4506977/4506977_17286135568142_500.jpg,False
2025-10,F,002020,카디건,002,아우터,19,4719340,viviennewestwood,비비안 웨스트우드,베아 가디건 - 블랙 / 1803002PY001AN402,https://image.msscdn.net/images/goods_img/20250114/4719340/4719340_17374674801820_500.jpg,False
2025-10,F,002020,카디건,002,아우터,20,3821705,rolarola,로라로라,V NECK BASIC CARDIGAN GRAY,https://image.msscdn.net/images/goods_img/20240125/3821705/3821705_17086551793917_500.jpg,False
2025-10,F,002020,카디건,002,아우터,21,5316181,hugyourskin,허그유어스킨,엔젤 윙 후드 폼폼 가디건 (브라운),https://image.msscdn.net/images/goods_img/20250812/5316181/5316181_17575725548451_500.jpg,False
2025-10,F,002020,카디건,002,아우터,22,4790091,maisonkitsune,메종 키츠네,베이비 폭스 패치 레귤러 가디건 - 블랙 / MW00507KT1036P199,https://image.msscdn.net/images/goods_img/20250214/4790091/4790091_17404740339066_500.jpg,False
2025-10,F,002020,카디건,002,아우터,23,5336520,likethemost,라이크더모스트,소프트 에센셜 브이넥 니트 가디건_와인,https://image.msscdn.net/images/goods_img/20250819/5336520/5336520_17560901321887_500.jpg,False
2025-10,F,002020,카디건,002,아우터,24,4225523,musinsastandardwoman,무신사 스탠다드 우먼,우먼즈 투 톤 리브드 슬림 니트 집업 [웜 그레이],https://image.msscdn.net/images/goods_img/20240701/4225523/4225523_17231676599785_500.jpg,False
2025-10,F,002020,카디건,002,아우터,25,4727702,mucent,무센트,마레 7 버튼 크롭 헨리 넥 가디건 (8컬러),https://image.msscdn.net/images/goods_img/20250117/4727702/4727702_17477876468835_500.jpg,False
2025-10,F,002020,카디건,002,아우터,26,2731596,musinsastandardwoman,무신사 스탠다드 우먼,우먼즈 램스울 가디건 [블랙],https://image.msscdn.net/images/goods_img/20220822/2731596/2731596_17625000499234_500.jpg,False
2025-10,F,002020,카디건,002,아우터,27,4250949,generalideastandard,제너럴아이디어,GNRL 에센셜 가디건 [CHARCOAL] / WBD3L04503,https://image.msscdn.net/images/goods_img/20240716/4250949/4250949_17676887325367_500.jpg,False
2025-10,F,002020,카디건,002,아우터,28,4251250,musinsastandardwoman,무신사 스탠다드 우먼,우먼즈 에센셜 라운드 넥 가디건 [블랙],https://image.msscdn.net/images/goods_img/20240716/4251250/4251250_17603416830082_500.jpg,False
2025-10,F,002020,카디건,002,아우터,29,5494446,bhpoloclub,비버리힐스 폴로클럽,여성 투웨이 스트링 니트 후드 집업 6Color TK027,https://image.msscdn.net/images/goods_img/20250919/5494446/5494446_17591362688985_500.jpg,False
2025-10,F,002020,카디건,002,아우터,30,5164968,musinsastandardwoman,무신사 스탠다드 우먼,우먼즈 시어 텍스처드 라운드 넥 가디건 [차콜 그레이],https://image.msscdn.net/images/goods_img/20250604/5164968/5164968_17586930312235_500.jpg,False
2025-10,F,002022,후드 집업,002,아우터,1,3697526,compagno,꼼파뇨,[2-WAY] 슬리브 스타 피그먼트 후드 집업 스모크블랙,https://image.msscdn.net/images/goods_img/20231108/3697526/3697526_17002041370481_500.jpg,False
2025-10,F,002022,후드 집업,002,아우터,2,3783092,dimitriblack,디미트리블랙,[기모선택] ASI 포시즌 에센셜 피그먼트 후드집업_차콜 그레이,https://image.msscdn.net/images/goods_img/20240109/3783092/3783092_17708794030062_500.jpg,False
2025-10,F,002022,후드 집업,002,아우터,3,1778404,toffee,토피,2WAY 스웻 후드 집업 (MELANGE GREY),https://image.msscdn.net/images/goods_img/20210204/1778404/1778404_1_500.jpg,False
2025-10,F,002022,후드 집업,002,아우터,4,5329359,adidas,아디다스,후드 집업 - 블랙:크림화이트 / KC9315,https://image.msscdn.net/images/goods_img/20250818/5329359/5329359_17569461399483_500.jpg,False
2025-10,F,002022,후드 집업,002,아우터,5,3788815,amesworldwide,아메스 월드와이드,BASIC LOGO HOODIE ZIP UP NAVY,https://image.msscdn.net/images/goods_img/20240111/3788815/3788815_17893582036516_500.jpg,False
2025-10,F,002022,후드 집업,002,아우터,6,3783094,dimitriblack,디미트리블랙,[기모선택] ASI 포시즌 에센셜 스웻 후드집업_멜란지,https://image.msscdn.net/images/goods_img/20240109/3783094/3783094_17752015012983_500.jpg,False
2025-10,F,002022,후드 집업,002,아우터,7,4508986,moo,엠오오,레오파드 아플리케 후드집업 - 브라운,https://image.msscdn.net/images/goods_img/20241011/4508986/4508986_17286292097229_500.jpg,False
2025-10,F,002022,후드 집업,002,아우터,8,3651031,illigo,일리고,129 로고 패치 후드 집업 블랙,https://image.msscdn.net/images/goods_img/20231023/3651031/3651031_17706941887137_500.jpg,False
2025-10,F,002022,후드 집업,002,아우터,9,4808075,lowclassic,로우클래식,LOW SOFT SWEAT ZIP-UP HOODIE_CHARCOAL_LC253TS12CC,https://image.msscdn.net/images/goods_img/20250220/4808075/4808075_17720778823866_500.jpg,False
2025-10,F,002022,후드 집업,002,아우터,10,5329361,adidas,아디다스,후드 집업 - 그레이:블랙 / KC9317,https://image.msscdn.net/images/goods_img/20250818/5329361/5329361_17569461783112_500.jpg,False
2025-10,F,002022,후드 집업,002,아우터,11,2990542,1989standard,1989스탠다드,SMALL CENTER 후드집업 (STJSTD-0015),https://image.msscdn.net/images/goods_img/20221220/2990542/2990542_17869526004117_500.jpg,False
2025-10,F,002022,후드 집업,002,아우터,12,2273084,whoau,후아유,(기모ver.)Signature Patch Hood Zip-up / WHMZF4911U,https://image.msscdn.net/images/goods_img/20211220/2273084/2273084_17896007309503_500.jpg,False
2025-10,F,002022,후드 집업,002,아우터,13,5333962,sunburnproject,썬번프로젝트,"Logo Patch Hoodie Zip-up, PURPLE",https://image.msscdn.net/images/goods_img/20250818/5333962/5333962_17561216344109_500.jpg,False
2025-10,F,002022,후드 집업,002,아우터,14,4757563,wackywilly,와키윌리,그래픽 키키 와펜 후드집업 블랙,https://image.msscdn.net/images/goods_img/20250204/4757563/4757563_17393532191098_500.jpg,False
2025-10,F,002022,후드 집업,002,아우터,15,1778408,toffee,토피,2WAY 스웻 후드 집업 (BLACK),https://image.msscdn.net/images/goods_img/20210204/1778408/1778408_17168650383792_500.jpg,False
2025-10,F,002022,후드 집업,002,아우터,16,5329362,adidas,아디다스,후드 집업 - 로얄블루:화이트 / KC9318,https://image.msscdn.net/images/goods_img/20250818/5329362/5329362_17569462382750_500.jpg,False
2025-10,F,002022,후드 집업,002,아우터,17,4288927,dimitriblack,디미트리블랙,[기모선택] ASI 포시즌 에센셜 스웻 후드집업_블랙,https://image.msscdn.net/images/goods_img/20240801/4288927/4288927_17751949366972_500.jpg,False
2025-10,F,002022,후드 집업,002,아우터,18,3466424,havism,해비즘,FLOWER ZIP UP HOOD(WINE),https://image.msscdn.net/images/goods_img/20230816/3466424/3466424_16927694120869_500.jpg,False
2025-10,F,002022,후드 집업,002,아우터,19,5385272,thedreamer,더 드리머,중량담요 후드집업 블랙,https://image.msscdn.net/images/goods_img/20250901/5385272/5385272_17574869270347_500.jpg,False
2025-10,F,002022,후드 집업,002,아우터,20,5284258,luvistrue,러브이즈트루,GT FUR UNBALANCE HOOD ZIP UP(GRAY),https://image.msscdn.net/images/goods_img/20250731/5284258/5284258_17647222382807_500.jpg,False
2025-10,F,002022,후드 집업,002,아우터,21,5404492,thecoldestmoment,더콜디스트모먼트,TCM frame hooded zip-up (navy),https://image.msscdn.net/images/goods_img/20250904/5404492/5404492_17580081843864_500.jpg,False
2025-10,F,002022,후드 집업,002,아우터,22,2126173,musinsastandardwoman,무신사 스탠다드 우먼,우먼즈 후디드 스웨트 집업 [미디엄 그레이],https://image.msscdn.net/images/goods_img/20210913/2126173/2126173_17676669957840_500.jpg,False
2025-10,F,002022,후드 집업,002,아우터,23,3452584,yeseyesee,예스아이씨,Y.E.S Snail Logo Zip-up Hoodie Navy,https://image.msscdn.net/images/goods_img/20230808/3452584/3452584_17560999856551_500.jpg,False
2025-10,F,002022,후드 집업,002,아우터,24,2897004,jeep,지프,2WAY 오버핏 스몰 지프 후드집업 (JR5TZU051BK),https://image.msscdn.net/images/goods_img/20221027/2897004/2897004_17546412699345_500.jpg,False
2025-10,F,002022,후드 집업,002,아우터,25,4322935,sculptor,스컬프터,Beaded Saint Hoodie Zip-Up Dirty White,https://image.msscdn.net/images/goods_img/20240812/4322935/4322935_17786328270603_500.jpg,False
2025-10,F,002022,후드 집업,002,아우터,26,4324664,niceghostclub,나이스고스트클럽,3STAR LOGO ZIP HOODIE_6colors(NG2EFUM480A),https://image.msscdn.net/images/goods_img/20240813/4324664/4324664_17683539375896_500.jpg,False
2025-10,F,002022,후드 집업,002,아우터,27,4302415,wkndrs,위캔더스,H.O.F ZIPUP HOODIE (CAMO),https://image.msscdn.net/images/goods_img/20240806/4302415/4302415_17737352652270_500.png,False
2025-10,F,002022,후드 집업,002,아우터,28,5259063,youhee,유희,I LOVE APPLIQUE HOOD ZIP-UP MELANGE GREY,https://image.msscdn.net/images/goods_img/20250721/5259063/5259063_17561011643365_500.jpg,False
2025-10,F,002022,후드 집업,002,아우터,29,3800636,gainsboro,게인스보로,아플리케 스타로고 후드집업_오트밀,https://image.msscdn.net/images/goods_img/20240117/3800636/3800636_17425227643808_500.jpg,False
2025-10,F,002022,후드 집업,002,아우터,30,3052673,musinsastandardwoman,무신사 스탠다드 우먼,우먼즈 볼륨 크롭 후디드 스웨트 집업 [미디엄 그레이],https://image.msscdn.net/images/goods_img/20230201/3052673/3052673_17231666709153_500.jpg,False
2025-10,F,002016,패딩 베스트,002,아우터,1,4477216,matinkim,마뗑킴,BIG LOGO POINT DOWN VEST FOR WOMEN IN SILVER,https://image.msscdn.net/images/goods_img/20240930/4477216/4477216_17276796801882_500.jpg,False
2025-10,F,002016,패딩 베스트,002,아우터,2,4477217,matinkim,마뗑킴,BIG LOGO POINT DOWN VEST FOR WOMEN IN BLACK,https://image.msscdn.net/images/goods_img/20240930/4477217/4477217_17405399635187_500.jpg,False
2025-10,F,002016,패딩 베스트,002,아우터,3,4410189,lemainsecond,리메인세컨드,2WAY 오버핏 볼륨 웰론 푸퍼 패딩 베스트 [블랙],https://image.msscdn.net/images/goods_img/20240905/4410189/4410189_17611098548841_500.jpg,False
2025-10,F,002016,패딩 베스트,002,아우터,4,5539934,matinkim,마뗑킴,UNBALANCE QUILTED DOWN VEST FOR WOMEN IN BLACK,https://image.msscdn.net/images/goods_img/20250926/5539934/5539934_17721535473848_500.jpg,False
2025-10,F,002016,패딩 베스트,002,아우터,5,5443298,thenorthface,노스페이스,NV1DR81J 화이트라벨 여성 노벨티 눕시 베스트 (RDS) BLACK,https://image.msscdn.net/images/goods_img/20250911/5443298/5443298_17828880172946_500.jpg,False
2025-10,F,002016,패딩 베스트,002,아우터,6,5399854,spao,스파오,여성 베이직 패쪼_SPJVF4TG01,https://image.msscdn.net/images/goods_img/20250904/5399854/5399854_17569468865788_500.jpg,False
2025-10,F,002016,패딩 베스트,002,아우터,7,4484015,nike,나이키,스포츠웨어 클래식 패딩 써마 핏 루즈 베스트 W - 블랙:화이트 / FZ5923-010,https://image.msscdn.net/images/goods_img/20241002/4484015/4484015_17307847150890_500.jpg,False
2025-10,F,002016,패딩 베스트,002,아우터,8,4469305,covernat,커버낫,RDS 씨빅 코튼필 다운 베스트 블랙,https://image.msscdn.net/images/goods_img/20240926/4469305/4469305_17321677302679_500.jpg,False
2025-10,F,002016,패딩 베스트,002,아우터,9,4267004,whoau,후아유,Reversible Corduroy Padding Vest / WHVWF4912F,https://image.msscdn.net/images/goods_img/20240723/4267004/4267004_17622352359161_500.jpg,False
2025-10,F,002016,패딩 베스트,002,아우터,10,1114855,musinsastandardwoman,무신사 스탠다드 우먼,우먼즈 트랜스폼 라운드 넥 라이트 다운 베스트 [블랙],https://image.msscdn.net/images/goods_img/20190809/1114855/1114855_17625009396289_500.jpg,False
2025-10,F,002016,패딩 베스트,002,아우터,11,3667963,minimalproject,미니멀프로젝트,MNMP 하이넥 패딩 베스트 MVT102 [BLACK],https://image.msscdn.net/images/goods_img/20231030/3667963/3667963_17606004212693_500.jpg,False
2025-10,F,002016,패딩 베스트,002,아우터,12,5487156,marithefrancoisgirbaud,마리떼 프랑소와 저버,CLASSIC LOGO DOWN VEST black,https://image.msscdn.net/images/goods_img/20250918/5487156/5487156_17621304011002_500.jpg,False
2025-10,F,002016,패딩 베스트,002,아우터,13,5236741,teket,테켓,Footsteps Lightweight Down Vest Brown,https://image.msscdn.net/images/goods_img/20250709/5236741/5236741_17528049896920_500.jpg,False
2025-10,F,002016,패딩 베스트,002,아우터,14,4457933,lee,리,어센틱 다운 베스트 블랙,https://image.msscdn.net/images/goods_img/20240924/4457933/4457933_17593003690543_500.jpg,False
2025-10,F,002016,패딩 베스트,002,아우터,15,4477232,matinkim,마뗑킴,BIG LOGO POINT DOWN VEST FOR MEN IN SILVER,https://image.msscdn.net/images/goods_img/20240930/4477232/4477232_17276797473059_500.jpg,False
2025-10,F,002016,패딩 베스트,002,아우터,16,1114864,musinsastandardwoman,무신사 스탠다드 우먼,우먼즈 트랜스폼 라운드 넥 라이트 다운 베스트 [차콜 그레이],https://image.msscdn.net/images/goods_img/20190809/1114864/1114864_17139429644663_500.jpg,False
2025-10,F,002016,패딩 베스트,002,아우터,17,2820356,lettercomo,레테르코모,아워 인피니엄 패딩베스트 블랙,https://image.msscdn.net/images/goods_img/20220926/2820356/2820356_1_500.jpg,False
2025-10,F,002016,패딩 베스트,002,아우터,18,5539928,matinkim,마뗑킴,UNBALANCE QUILTED DOWN VEST FOR WOMEN IN GREY,https://image.msscdn.net/images/goods_img/20250926/5539928/5539928_17591385779701_500.jpg,False
2025-10,F,002016,패딩 베스트,002,아우터,19,5279500,spao,스파오,여성 크롭 패쪼_SPJVF4TG11,https://image.msscdn.net/images/goods_img/20250730/5279500/5279500_17612677886610_500.jpg,False
2025-10,F,002016,패딩 베스트,002,아우터,20,4469303,covernat,커버낫,RDS 씨빅 코튼필 다운 베스트 아이보리,https://image.msscdn.net/images/goods_img/20240926/4469303/4469303_17322407168704_500.jpg,False
2025-10,F,002016,패딩 베스트,002,아우터,21,4410205,lemainsecond,리메인세컨드,2WAY 오버핏 볼륨 타슬란 푸퍼 패딩 베스트 [블랙],https://image.msscdn.net/images/goods_img/20240905/4410205/4410205_17604225284246_500.jpg,False
2025-10,F,002016,패딩 베스트,002,아우터,22,5549639,thisisneverthat,디스이즈네버댓,PERTEX T Down Vest Black,https://image.msscdn.net/images/goods_img/20250930/5549639/5549639_17592999609150_500.jpg,False
2025-10,F,002016,패딩 베스트,002,아우터,23,4341030,lee,리,우먼 릿지 크롭 다운 베스트 아이보리,https://image.msscdn.net/images/goods_img/20240819/4341030/4341030_17890213249075_500.jpg,False
2025-10,F,002016,패딩 베스트,002,아우터,24,3571712,covernat,커버낫,RDS 유틸리티 다운 베스트 네이비,https://image.msscdn.net/images/goods_img/20230919/3571712/3571712_17592378256501_500.jpg,False
2025-10,F,002016,패딩 베스트,002,아우터,25,4604459,thenorthface,노스페이스,NV1DQ85B 여성 1996 눕시 베스트 SAND SHELL,https://image.msscdn.net/images/goods_img/20241111/4604459/4604459_17313107505370_500.jpg,False
2025-10,F,002016,패딩 베스트,002,아우터,26,2807867,lmc,엘엠씨,OG PUFFER DUCK DOWN VEST black,https://image.msscdn.net/images/goods_img/20220921/2807867/2807867_17604354806792_500.jpg,False
2025-10,F,002016,패딩 베스트,002,아우터,27,4552237,mucent,무센트,텐비 레더 패치 패딩 베스트 (남녀공용),https://image.msscdn.net/images/goods_img/20241024/4552237/4552237_17297407640327_500.jpeg,False
2025-10,F,002016,패딩 베스트,002,아우터,28,4343907,lee,리,우먼 릿지 크롭 다운 베스트 블랙,https://image.msscdn.net/images/goods_img/20240819/4343907/4343907_17593003803164_500.jpg,False
2025-10,F,002016,패딩 베스트,002,아우터,29,5539922,matinkim,마뗑킴,UNBALANCE QUILTED DOWN VEST FOR MEN IN BLACK,https://image.msscdn.net/images/goods_img/20250926/5539922/5539922_17593192986253_500.jpg,False
2025-10,F,002016,패딩 베스트,002,아우터,30,4453120,covernatwoman,커버낫 우먼,RDS 우먼 씨빅 후드 다운 베스트 Black,https://image.msscdn.net/images/goods_img/20240923/4453120/4453120_17301033556667_500.jpg,False
2025-10,F,002003,슈트/블레이저 재킷,002,아우터,1,1618312,musinsastandardwoman,무신사 스탠다드 우먼,우먼즈 오버사이즈 블레이저 [블랙],https://image.msscdn.net/images/goods_img/20200923/1618312/1618312_17840158746923_500.jpg,False
2025-10,F,002003,슈트/블레이저 재킷,002,아우터,2,3845890,citybreeze,시티브리즈,루즈핏 사선 절개 싱글 자켓_GREY,https://image.msscdn.net/images/goods_img/20240205/3845890/3845890_17800354662108_500.jpg,False
2025-10,F,002003,슈트/블레이저 재킷,002,아우터,3,1803462,musinsastandardwoman,무신사 스탠다드 우먼,우먼즈 베이식 블레이저 [블랙],https://image.msscdn.net/images/goods_img/20210219/1803462/1803462_17834925402814_500.jpg,False
2025-10,F,002003,슈트/블레이저 재킷,002,아우터,4,2149536,musinsastandardwoman,무신사 스탠다드 우먼,우먼즈 오버사이즈 블레이저 [미디엄 그레이],https://image.msscdn.net/images/goods_img/20210928/2149536/2149536_17536890796842_500.jpg,False
2025-10,F,002003,슈트/블레이저 재킷,002,아우터,5,4629644,khakipoint,카키포인트,Antique Tweed Jacket (black),https://image.msscdn.net/images/goods_img/20241121/4629644/4629644_17321913808802_500.jpg,False
2025-10,F,002003,슈트/블레이저 재킷,002,아우터,6,2626657,musinsastandardwoman,무신사 스탠다드 우먼,우먼즈 울 블렌드 멜톤 오버 숄더 블레이저 [미디엄 그레이],https://image.msscdn.net/images/goods_img/20220621/2626657/2626657_17231651209150_500.jpg,False
2025-10,F,002003,슈트/블레이저 재킷,002,아우터,7,1618309,musinsastandardwoman,무신사 스탠다드 우먼,우먼즈 오버사이즈 블레이저 [그레이],https://image.msscdn.net/images/goods_img/20200923/1618309/1618309_17673379872616_500.jpg,False
2025-10,F,002003,슈트/블레이저 재킷,002,아우터,8,5151490,musinsastandardwoman,무신사 스탠다드 우먼,우먼즈 울 블렌드 부클 트위드 재킷 [블랙],https://image.msscdn.net/images/goods_img/20250528/5151490/5151490_17568863836939_500.jpg,False
2025-10,F,002003,슈트/블레이저 재킷,002,아우터,9,3790874,musinsastandardwoman,무신사 스탠다드 우먼,우먼즈 라운드 넥 트위드 재킷 [블랙],https://image.msscdn.net/images/goods_img/20240112/3790874/3790874_17155599574003_500.jpg,False
2025-10,F,002003,슈트/블레이저 재킷,002,아우터,10,1797622,musinsastandardwoman,무신사 스탠다드 우먼,우먼즈 오버사이즈 블레이저 [더스티 베이지],https://image.msscdn.net/images/goods_img/20210217/1797622/1797622_17536902767703_500.jpg,False
2025-10,F,002003,슈트/블레이저 재킷,002,아우터,11,4629700,khakipoint,카키포인트,Antique Crop Tweed Jacket (ivory),https://image.msscdn.net/images/goods_img/20241121/4629700/4629700_17321888901998_500.jpg,False
2025-10,F,002003,슈트/블레이저 재킷,002,아우터,12,5151491,musinsastandardwoman,무신사 스탠다드 우먼,우먼즈 울 블렌드 부클 트위드 재킷 [크림],https://image.msscdn.net/images/goods_img/20250528/5151491/5151491_17569513046091_500.jpg,False
2025-10,F,002003,슈트/블레이저 재킷,002,아우터,13,4629664,khakipoint,카키포인트,Antique Tweed Jacket (ivory),https://image.msscdn.net/images/goods_img/20241121/4629664/4629664_17321914730101_500.jpg,False
2025-10,F,002003,슈트/블레이저 재킷,002,아우터,14,4411464,loeuvre,루에브르,Spangle Tweed Jacket SW4AJ809-11,https://image.msscdn.net/images/goods_img/20240905/4411464/4411464_17255252256818_500.jpg,False
2025-10,F,002003,슈트/블레이저 재킷,002,아우터,15,5297139,mixxo,미쏘,테일러드 오버핏 울자켓_MIWJKFT2PB,https://image.msscdn.net/images/goods_img/20250806/5297139/5297139_17893609523499_500.jpg,False
2025-10,F,002003,슈트/블레이저 재킷,002,아우터,16,4629685,khakipoint,카키포인트,Antique Crop Tweed Jacket (black),https://image.msscdn.net/images/goods_img/20241121/4629685/4629685_17321889067063_500.jpg,False
2025-10,F,002003,슈트/블레이저 재킷,002,아우터,17,5373607,overdueflair,오버듀플레어,WESTERN SUEDE JACKET_BROWN,https://image.msscdn.net/images/goods_img/20250828/5373607/5373607_17574912845340_500.jpg,False
2025-10,F,002003,슈트/블레이저 재킷,002,아우터,18,5151497,musinsastandardwoman,무신사 스탠다드 우먼,우먼즈 11W 코듀로이 오버사이즈 블레이저 [블랙],https://image.msscdn.net/images/goods_img/20250528/5151497/5151497_17580130896422_500.jpg,False
2025-10,F,002003,슈트/블레이저 재킷,002,아우터,19,5151471,musinsastandardwoman,무신사 스탠다드 우먼,우먼즈 박시 블레이저 [블랙],https://image.msscdn.net/images/goods_img/20250528/5151471/5151471_17636199422987_500.jpg,False
2025-10,F,002003,슈트/블레이저 재킷,002,아우터,20,4568064,moodinsidewoman,무드인사이드 우먼,(woman) 프리미엄 울 블레이저 자켓_Brown,https://image.msscdn.net/images/goods_img/20241029/4568064/4568064_17301767069377_500.jpg,False
2025-10,F,002003,슈트/블레이저 재킷,002,아우터,21,5151472,musinsastandardwoman,무신사 스탠다드 우먼,우먼즈 박시 블레이저 [그레이],https://image.msscdn.net/images/goods_img/20250528/5151472/5151472_17636198073714_500.jpg,False
2025-10,F,002003,슈트/블레이저 재킷,002,아우터,22,4211920,musinsastandardwoman,무신사 스탠다드 우먼,우먼즈 라운드 넥 트위드 재킷 [브라운],https://image.msscdn.net/images/goods_img/20240621/4211920/4211920_17309698051179_500.jpg,False
2025-10,F,002003,슈트/블레이저 재킷,002,아우터,23,1803463,musinsastandardwoman,무신사 스탠다드 우먼,우먼즈 베이식 블레이저 [차콜 그레이],https://image.msscdn.net/images/goods_img/20210219/1803463/1803463_17835520881216_500.jpg,False
2025-10,F,002003,슈트/블레이저 재킷,002,아우터,24,3845882,citybreeze,시티브리즈,루즈핏 사선 절개 싱글 자켓_BLACK,https://image.msscdn.net/images/goods_img/20240205/3845882/3845882_17800355468865_500.jpg,False
2025-10,F,002003,슈트/블레이저 재킷,002,아우터,25,5151492,musinsastandardwoman,무신사 스탠다드 우먼,우먼즈 울 블렌드 부클 트위드 재킷 [라이트 카키],https://image.msscdn.net/images/goods_img/20250528/5151492/5151492_17568863082384_500.jpg,False
2025-10,F,002003,슈트/블레이저 재킷,002,아우터,26,2626655,musinsastandardwoman,무신사 스탠다드 우먼,우먼즈 울 블렌드 멜톤 오버 숄더 블레이저 [블랙],https://image.msscdn.net/images/goods_img/20220621/2626655/2626655_17358862223273_500.jpg,False
2025-10,F,002003,슈트/블레이저 재킷,002,아우터,27,5151462,musinsastandardwoman,무신사 스탠다드 우먼,우먼즈 더블 브레스티드 롱 블레이저 [블랙],https://image.msscdn.net/images/goods_img/20250528/5151462/5151462_17569694145743_500.jpg,False
2025-10,F,002003,슈트/블레이저 재킷,002,아우터,28,4514116,trillion,트릴리온,스웨이드 엘보우 패치 3 버튼 블레이저 자켓 [브라운],https://image.msscdn.net/images/goods_img/20241014/4514116/4514116_17297462407218_500.jpg,False
2025-10,F,002003,슈트/블레이저 재킷,002,아우터,29,4683119,leathery,레더리,후크 트위드 자켓 [BLACK],https://image.msscdn.net/images/goods_img/20241227/4683119/4683119_17719013665204_500.jpg,False
2025-10,F,002003,슈트/블레이저 재킷,002,아우터,30,3445828,dunstforwomen,던스트,ESSENTIAL 2 BUTTON WOOL BLAZER_UDJA5C202_BLACK,https://image.msscdn.net/images/goods_img/20230804/3445828/3445828_17883291824945_500.jpg,False
2025-10,F,002001,블루종/MA-1,002,아우터,1,5322235,nastyfancyclub,팬시클럽,아일렛 퍼 MA-1 (BLACK) F25ZA003,https://image.msscdn.net/images/goods_img/20250813/5322235/5322235_17900639520668_500.jpg,False
2025-10,F,002001,블루종/MA-1,002,아우터,2,3390508,standarderror,스탠다드에러,87-STAN009  [리뉴얼] 스탠다드 블루종 스웨이드 자켓 블랙,https://image.msscdn.net/images/goods_img/20230630/3390508/3390508_17551524634252_500.jpg,False
2025-10,F,002001,블루종/MA-1,002,아우터,3,5424792,badblood,배드블러드,바이퍼31-1 라이트웨이트 후드 푸퍼 - 블랙,https://image.msscdn.net/images/goods_img/20250909/5424792/5424792_17576544265890_500.jpg,False
2025-10,F,002001,블루종/MA-1,002,아우터,4,5151474,musinsastandardwoman,무신사 스탠다드 우먼,우먼즈 신세틱 스웨이드 하이넥 블루종 재킷 [브라운],https://image.msscdn.net/images/goods_img/20250528/5151474/5151474_17574086973948_500.jpg,False
2025-10,F,002001,블루종/MA-1,002,아우터,5,5151459,musinsastandardwoman,무신사 스탠다드 우먼,우먼즈 코듀로이 블루종 재킷 [토프],https://image.msscdn.net/images/goods_img/20250528/5151459/5151459_17606685718971_500.jpg,False
2025-10,F,002001,블루종/MA-1,002,아우터,6,4619950,musinsastandardwoman,무신사 스탠다드 우먼,우먼즈 신세틱 스웨이드 블루종 재킷 [브라운],https://image.msscdn.net/images/goods_img/20241118/4619950/4619950_17585859098739_500.jpg,False
2025-10,F,002001,블루종/MA-1,002,아우터,7,4619949,musinsastandardwoman,무신사 스탠다드 우먼,우먼즈 신세틱 스웨이드 블루종 재킷 [머쉬룸],https://image.msscdn.net/images/goods_img/20241118/4619949/4619949_17585859956875_500.jpg,False
2025-10,F,002001,블루종/MA-1,002,아우터,8,5406074,lesatelier,레스아뜰리에,오보 캐주얼 레더 블루종 (브라운),https://image.msscdn.net/images/goods_img/20250904/5406074/5406074_17569944332821_500.jpg,False
2025-10,F,002001,블루종/MA-1,002,아우터,9,5535653,badblood,배드블러드,바이퍼31-2 미드웨이트 바이커 후드 푸퍼 - 블랙,https://image.msscdn.net/images/goods_img/20250926/5535653/5535653_17591144174760_500.jpg,False
2025-10,F,002001,블루종/MA-1,002,아우터,10,5279482,musinsastandardwoman,무신사 스탠다드 우먼,우먼즈 신세틱 스웨이드 블루종 재킷 [블랙],https://image.msscdn.net/images/goods_img/20250730/5279482/5279482_17585858256963_500.jpg,False
2025-10,F,002001,블루종/MA-1,002,아우터,11,5151475,musinsastandardwoman,무신사 스탠다드 우먼,우먼즈 신세틱 스웨이드 하이넥 블루종 재킷 [라이트 브라운],https://image.msscdn.net/images/goods_img/20250528/5151475/5151475_17585863388298_500.jpg,False
2025-10,F,002001,블루종/MA-1,002,아우터,12,5151458,musinsastandardwoman,무신사 스탠다드 우먼,우먼즈 코듀로이 블루종 재킷 [아이언 그레이],https://image.msscdn.net/images/goods_img/20250528/5151458/5151458_17580649540305_500.jpg,False
2025-10,F,002001,블루종/MA-1,002,아우터,13,5406068,lesatelier,레스아뜰리에,오보 캐주얼 레더 블루종 (블랙),https://image.msscdn.net/images/goods_img/20250904/5406068/5406068_17569943179919_500.jpg,False
2025-10,F,002001,블루종/MA-1,002,아우터,14,5322236,nastyfancyclub,팬시클럽,아일렛 퍼 MA-1 (BURGUNDY) F25ZA003,https://image.msscdn.net/images/goods_img/20250813/5322236/5322236_17900638431844_500.jpg,False
2025-10,F,002001,블루종/MA-1,002,아우터,15,4705734,heleneparis,헬레네파리스,워시드 레더 블루종 점퍼 [빈티지 그레이],https://image.msscdn.net/images/goods_img/20250108/4705734/4705734_17376965576219_500.jpg,False
2025-10,F,002001,블루종/MA-1,002,아우터,16,5512663,misekiseoul,미세키서울,Wellon bomber jacket BLACK,https://image.msscdn.net/images/goods_img/20250923/5512663/5512663_17587910202529_500.jpg,False
2025-10,F,002001,블루종/MA-1,002,아우터,17,5470363,glack,글랙,GJ098 러스티 N2B 숏 파카 (GRAY),https://image.msscdn.net/images/goods_img/20250916/5470363/5470363_17603251611301_500.jpg,False
2025-10,F,002001,블루종/MA-1,002,아우터,18,4575686,aakam,아캄,High-Neck Bomber Jacket (Black),https://image.msscdn.net/images/goods_img/20241030/4575686/4575686_17319836380570_500.jpg,False
2025-10,F,002001,블루종/MA-1,002,아우터,19,4427489,urbanstoff,어반스터프,오버 다잉 후드 워크 자켓 (챠콜),https://image.msscdn.net/images/goods_img/20240910/4427489/4427489_17259557234759_500.jpg,False
2025-10,F,002001,블루종/MA-1,002,아우터,20,3551114,blackmoment,블랙모먼트,비건 스웨이드 오버핏 미니멀 인시전 스트레이트 집업 자켓 [블랙],https://image.msscdn.net/images/goods_img/20230912/3551114/3551114_17567882505384_500.jpg,False
2025-10,F,002001,블루종/MA-1,002,아우터,21,3783380,maninstore,무드인사이드,프리미엄 스웨이드 자켓_4Color,https://image.msscdn.net/images/goods_img/20240109/3783380/3783380_17888674046976_500.jpg,False
2025-10,F,002001,블루종/MA-1,002,아우터,22,4604538,maninstore,무드인사이드,페이디드 워크 후드 블루종_Black,https://image.msscdn.net/images/goods_img/20241111/4604538/4604538_17612056290897_500.jpg,False
2025-10,F,002001,블루종/MA-1,002,아우터,23,4798841,aakam,아캄,High-Neck Button Jacket (Black),https://image.msscdn.net/images/goods_img/20250218/4798841/4798841_17405532033671_500.jpg,False
2025-10,F,002001,블루종/MA-1,002,아우터,24,5470357,glack,글랙,GJ098 러스티 N2B 숏 파카 (BLACK),https://image.msscdn.net/images/goods_img/20250916/5470357/5470357_17592944088806_500.jpg,False
2025-10,F,002001,블루종/MA-1,002,아우터,25,3613942,xtonz,엑스톤즈,XJ107 인시전 셔링 MA-1 자켓 (KHAKI),https://image.msscdn.net/images/goods_img/20231010/3613942/3613942_17575594978802_500.jpg,False
2025-10,F,002001,블루종/MA-1,002,아우터,26,5375085,hondaxphyps,혼다 모터사이클,Honda Racing Blouson_Black,https://image.msscdn.net/images/goods_img/20250828/5375085/5375085_17763087371804_500.jpg,False
2025-10,F,002001,블루종/MA-1,002,아우터,27,2996683,kiimuir,키뮤어,울(WOOL) 헤링턴 자켓_블랙,https://image.msscdn.net/images/goods_img/20221226/2996683/2996683_17901348850178_500.jpg,False
2025-10,F,002001,블루종/MA-1,002,아우터,28,2701875,placestudio,플레이스 스튜디오,투웨이 블루종 스웨이드 밴딩 점퍼 자켓 [브라운],https://image.msscdn.net/images/goods_img/20220805/2701875/2701875_17592162151190_500.jpg,False
2025-10,F,002001,블루종/MA-1,002,아우터,29,5377308,standarderror,스탠다드에러,87-STAN009 [리뉴얼] 스탠다드 블루종 스웨이드 자켓 11COLOR,https://image.msscdn.net/images/goods_img/20250829/5377308/5377308_17738935049490_500.jpg,False
2025-10,F,002001,블루종/MA-1,002,아우터,30,3650974,trillion,트릴리온,스웨이드 리벳 블루종 집업 자켓 (BROWN),https://image.msscdn.net/images/goods_img/20231023/3650974/3650974_17171419683595_500.jpg,False
2025-10,F,002017,트러커 재킷,002,아우터,1,5329384,placestudio,플레이스 스튜디오,하이넥 스탠다드 스트랩 비조 포인트 블루종 집업 자켓 [블랙],https://image.msscdn.net/images/goods_img/20250818/5329384/5329384_17554829609253_500.jpg,False
2025-10,F,002017,트러커 재킷,002,아우터,2,4287413,trillion,트릴리온,코듀로이 카라 데님 집업 워크 자켓 (BLACK),https://image.msscdn.net/images/goods_img/20240731/4287413/4287413_17228544866344_500.jpg,False
2025-10,F,002017,트러커 재킷,002,아우터,3,5316468,aakam,아캄,Washed Field Jacket (Khaki),https://image.msscdn.net/images/goods_img/20250812/5316468/5316468_17567789051671_500.jpg,False
2025-10,F,002017,트러커 재킷,002,아우터,4,3596063,dimitriblack,디미트리블랙,2WAY 크롭 코듀로이 드리즐러 자켓_브라운,https://image.msscdn.net/images/goods_img/20230926/3596063/3596063_17621457230668_500.jpg,False
2025-10,F,002017,트러커 재킷,002,아우터,5,4664466,musinsastandardwoman,무신사 스탠다드 우먼,우먼즈 데님 레이서 재킷 [워시드 블랙],https://image.msscdn.net/images/goods_img/20241213/4664466/4664466_17585830496655_500.jpg,False
2025-10,F,002017,트러커 재킷,002,아우터,6,5329364,placestudio,플레이스 스튜디오,하이넥 스탠다드 스트랩 비조 포인트 블루종 집업 자켓 [차콜],https://image.msscdn.net/images/goods_img/20250818/5329364/5329364_17569751039389_500.jpg,False
2025-10,F,002017,트러커 재킷,002,아우터,7,4209454,musinsastandardwoman,무신사 스탠다드 우먼,우먼즈 캔버스 워크 재킷 [크림],https://image.msscdn.net/images/goods_img/20240620/4209454/4209454_17286141001779_500.jpg,False
2025-10,F,002017,트러커 재킷,002,아우터,8,1790383,trillion,트릴리온,워싱 스티치 데님자켓 (BLACK),https://image.msscdn.net/images/goods_img/20210210/1790383/1790383_2_500.jpg,False
2025-10,F,002017,트러커 재킷,002,아우터,9,4344269,someplace,썸플레이스,배색 골덴 카라 바버 헌팅 트러커 자켓 점퍼 [차콜],https://image.msscdn.net/images/goods_img/20240819/4344269/4344269_17683713684775_500.jpg,False
2025-10,F,002017,트러커 재킷,002,아우터,10,5278294,placestudio,플레이스 스튜디오,트와일라잇 비즈 디테일 레오파드 워크 자켓 [차콜],https://image.msscdn.net/images/goods_img/20250729/5278294/5278294_17563430028212_500.jpg,False
2025-10,F,002017,트러커 재킷,002,아우터,11,3823872,dimitriblack,디미트리블랙,프렌치 워크 자켓_코튼 블루,https://image.msscdn.net/images/goods_img/20240125/3823872/3823872_17564437646968_500.jpg,False
2025-10,F,002017,트러커 재킷,002,아우터,12,3046279,outstanding,아웃스탠딩,SELVEDGE DENIM 2ND JACKET_INDIGO,https://image.msscdn.net/images/goods_img/20230130/3046279/3046279_17684404870062_500.jpg,False
2025-10,F,002017,트러커 재킷,002,아우터,13,4209446,musinsastandardwoman,무신사 스탠다드 우먼,우먼즈 코듀로이 트러커 재킷 [다크 그레이],https://image.msscdn.net/images/goods_img/20240620/4209446/4209446_17320096284819_500.jpg,False
2025-10,F,002017,트러커 재킷,002,아우터,14,4515005,trillion,트릴리온,워시드 트러커 플리스 데님 후드 자켓 [블루],https://image.msscdn.net/images/goods_img/20241014/4515005/4515005_17296792911848_500.jpg,False
2025-10,F,002017,트러커 재킷,002,아우터,15,5361107,placestudio,플레이스 스튜디오,아일렛 디테일 스냅 버튼 빈티지 워싱 데님 코튼 자켓_2COLOR,https://image.msscdn.net/images/goods_img/20250825/5361107/5361107_17575710867289_500.jpg,False
2025-10,F,002017,트러커 재킷,002,아우터,16,4209453,musinsastandardwoman,무신사 스탠다드 우먼,우먼즈 캔버스 워크 재킷 [데저트 브라운],https://image.msscdn.net/images/goods_img/20240620/4209453/4209453_17286140766921_500.jpg,False
2025-10,F,002017,트러커 재킷,002,아우터,17,5357737,citybreeze,시티브리즈,코튼 포켓 점퍼_2COLORS,https://image.msscdn.net/images/goods_img/20250825/5357737/5357737_17642108336679_500.jpg,False
2025-10,F,002017,트러커 재킷,002,아우터,18,3518760,oddstudio,오드스튜디오,샌드 워싱 바이커 데님 크롭 자켓 - BLACK,https://image.msscdn.net/images/goods_img/20230831/3518760/3518760_17315535804206_500.jpg,False
2025-10,F,002017,트러커 재킷,002,아우터,19,3622977,trillion,트릴리온,페이드 워싱 바이커 데님 자켓 (BLACK),https://image.msscdn.net/images/goods_img/20231012/3622977/3622977_16977691200340_500.jpg,False
2025-10,F,002017,트러커 재킷,002,아우터,20,5316473,aakam,아캄,Washed Field Jacket (Black),https://image.msscdn.net/images/goods_img/20250812/5316473/5316473_17567788584835_500.jpg,False
2025-10,F,002017,트러커 재킷,002,아우터,21,5325105,depound,드파운드,스웨이드 루즈핏 자켓 [브라운],https://image.msscdn.net/images/goods_img/20250814/5325105/5325105_17742652929513_500.jpg,False
2025-10,F,002017,트러커 재킷,002,아우터,22,3518763,oddstudio,오드스튜디오,샌드 워싱 바이커 데님 크롭 자켓 - BLUE,https://image.msscdn.net/images/goods_img/20230831/3518763/3518763_17315535641246_500.jpg,False
2025-10,F,002017,트러커 재킷,002,아우터,23,4684048,thecoldestmoment,더콜디스트모먼트,TCM washed mini logo jacket (black),https://image.msscdn.net/images/goods_img/20241230/4684048/4684048_17370151015554_500.jpg,False
2025-10,F,002017,트러커 재킷,002,아우터,24,5329432,placestudio,플레이스 스튜디오,컴포트 바시티 비조 코튼 절개 트러커 워크 자켓 [블랙],https://image.msscdn.net/images/goods_img/20250818/5329432/5329432_17554832754878_500.jpg,False
2025-10,F,002017,트러커 재킷,002,아우터,25,5301946,thecoldestmoment,더콜디스트모먼트,(w) TCM mini logo work jacket (navy),https://image.msscdn.net/images/goods_img/20250807/5301946/5301946_17556777341933_500.png,False
2025-10,F,002017,트러커 재킷,002,아우터,26,4743584,chicks,칙스,스탠다드 데님 크롭 자켓 딥블루,https://image.msscdn.net/images/goods_img/20250124/4743584/4743584_17667182680939_500.jpg,False
2025-10,F,002017,트러커 재킷,002,아우터,27,4403578,avan,어반드레스,Bart Art Suede Western Jacket CAMEL,https://image.msscdn.net/images/goods_img/20240904/4403578/4403578_17261226715500_500.jpg,False
2025-10,F,002017,트러커 재킷,002,아우터,28,4287892,supersub,슈퍼서브,워싱 크롭 데님 재킷 - 워시드 블루,https://image.msscdn.net/images/goods_img/20240801/4287892/4287892_17224927839087_500.jpg,False
2025-10,F,002017,트러커 재킷,002,아우터,29,3801342,supersub,슈퍼서브,워싱 크롭 데님 재킷 - 워시드 브라운,https://image.msscdn.net/images/goods_img/20240117/3801342/3801342_17065954658593_500.jpg,False
2025-10,F,002017,트러커 재킷,002,아우터,30,4810809,jucyjudy,쥬시쥬디,오버핏하프블랙데님자켓 JZJK021B,https://image.msscdn.net/images/goods_img/20250220/4810809/4810809_17708758481879_500.jpg,False
2025-10,F,002004,스타디움 재킷,002,아우터,1,3439975,urbandtype,어반디타입,(패딩or논패딩 선택) 코듀로이 래글런 자켓_핑크,https://image.msscdn.net/images/goods_img/20230801/3439975/3439975_17346618498463_500.jpg,False
2025-10,F,002004,스타디움 재킷,002,아우터,2,5589288,geng,젠지,무신사 X 젠지 나일론 바시티 재킷,https://image.msscdn.net/images/goods_img/20251014/5589288/5589288_17609574518655_500.jpg,False
2025-10,F,002004,스타디움 재킷,002,아우터,3,2752807,kiimuir,키뮤어,울(WOOL) 바시티 자켓_블랙,https://image.msscdn.net/images/goods_img/20220830/2752807/2752807_17664729093372_500.jpg,False
2025-10,F,002004,스타디움 재킷,002,아우터,4,5472997,newera,뉴에라,MLB 뉴욕 양키스 어센틱 스타디움 재킷 네이비,https://image.msscdn.net/images/goods_img/20250916/5472997/5472997_17588797460747_500.jpg,False
2025-10,F,002004,스타디움 재킷,002,아우터,5,4525862,newera,뉴에라,AP MLB STADIUM JK43 NEYYAN D BLU,https://image.msscdn.net/images/goods_img/20241016/4525862/4525862_17291420872439_500.jpg,False
2025-10,F,002004,스타디움 재킷,002,아우터,6,4525859,newera,뉴에라,MLB LA다저스 스타디움 재킷 블랙,https://image.msscdn.net/images/goods_img/20241016/4525859/4525859_17303410419130_500.jpg,False
2025-10,F,002004,스타디움 재킷,002,아우터,7,2782958,1993studio,1993스튜디오,빈티지 바시티 자켓_네이비,https://image.msscdn.net/images/goods_img/20220908/2782958/2782958_1_500.jpg,False
2025-10,F,002004,스타디움 재킷,002,아우터,8,5588803,wilson,윌슨,KCC EGIS 스타디움 자켓,https://image.msscdn.net/images/goods_img/20251014/5588803/5588803_17605099925245_500.jpg,False
2025-10,F,002004,스타디움 재킷,002,아우터,9,3557766,newera,뉴에라,MLB 뉴욕양키스 월드시리즈 패치 스타디움 재킷 블랙,https://image.msscdn.net/images/goods_img/20230913/3557766/3557766_16946555757159_500.jpg,False
2025-10,F,002004,스타디움 재킷,002,아우터,10,5396662,mlb,엠엘비,나일론 블로킹 컬시브 바시티 자켓 NY (Navy),https://image.msscdn.net/images/goods_img/20250903/5396662/5396662_17610977407006_500.jpg,False
2025-10,F,002004,스타디움 재킷,002,아우터,11,5038386,poloralphlauren,폴로 랄프 로렌,RL 플리스 베이스볼 재킷-네이비,https://image.msscdn.net/images/goods_img/20250417/5038386/5038386_17471917279357_500.jpg,False
2025-10,F,002004,스타디움 재킷,002,아우터,12,4721430,lee,리,리 라이더스 바시티 자켓 네이비,https://image.msscdn.net/images/goods_img/20250115/4721430/4721430_17369164124111_500.jpg,False
2025-10,F,002004,스타디움 재킷,002,아우터,13,4483820,covernat,커버낫,24FW 컬리지 C 울 바시티 네이비,https://image.msscdn.net/images/goods_img/20241002/4483820/4483820_17321677372498_500.jpg,False
2025-10,F,002004,스타디움 재킷,002,아우터,14,4627952,ason,애즈온,MIGOS VARSITY JACKET,https://image.msscdn.net/images/goods_img/20241120/4627952/4627952_17320945443529_500.png,False
2025-10,F,002004,스타디움 재킷,002,아우터,15,4366008,whoau,후아유,Hood Varsity  Jumper / WHJPF4T33U,https://image.msscdn.net/images/goods_img/20240823/4366008/4366008_17676726064747_500.jpg,False
2025-10,F,002004,스타디움 재킷,002,아우터,16,3557760,newera,뉴에라,MLB 뉴욕양키스 스타디움 재킷 네이비,https://image.msscdn.net/images/goods_img/20230913/3557760/3557760_16946558019097_500.jpg,False
2025-10,F,002004,스타디움 재킷,002,아우터,17,2352895,partimento,파르티멘토,코듀로이 바시티 자켓 네이비,https://image.msscdn.net/images/goods_img/20220210/2352895/2352895_1_500.jpg,False
2025-10,F,002004,스타디움 재킷,002,아우터,18,5472971,newera,뉴에라,MLB LA 다저스 어센틱 스타디움 재킷 블루,https://image.msscdn.net/images/goods_img/20250916/5472971/5472971_17588799129088_500.jpg,False
2025-10,F,002004,스타디움 재킷,002,아우터,19,5472985,newera,뉴에라,MLB 시카고 화이트삭스 어센틱 스타디움 재킷 블랙,https://image.msscdn.net/images/goods_img/20250916/5472985/5472985_17588803066521_500.jpg,False
2025-10,F,002004,스타디움 재킷,002,아우터,20,4650183,compagno,꼼파뇨,캣 홀릭 수베니어 자켓 블랙,https://image.msscdn.net/images/goods_img/20241204/4650183/4650183_17333608607247_500.jpg,False
2025-10,F,002004,스타디움 재킷,002,아우터,21,3812672,thisisneverthat,디스이즈네버댓,Satin Jacket Navy,https://image.msscdn.net/images/goods_img/20240122/3812672/3812672_17065160162781_500.jpg,False
2025-10,F,002004,스타디움 재킷,002,아우터,22,3520523,v2,브이투,70227 울 바시티 자켓_블랙,https://image.msscdn.net/images/goods_img/20230901/3520523/3520523_16935306610004_500.jpg,False
2025-10,F,002004,스타디움 재킷,002,아우터,23,3614353,hoodhood,후드후드,에일리언 바시티 자켓 네이비,https://image.msscdn.net/images/goods_img/20231010/3614353/3614353_16970140043327_500.jpg,False
2025-10,F,002004,스타디움 재킷,002,아우터,24,3448522,amesworldwide,아메스 월드와이드,NYLON STADIUM JACKET NAVY (AM2DFUJ240A),https://image.msscdn.net/images/goods_img/20230807/3448522/3448522_16926029585018_500.jpg,False
2025-10,F,002004,스타디움 재킷,002,아우터,25,3557758,newera,뉴에라,MLB 뉴욕양키스 멜튼 스타디움 재킷 네이비,https://image.msscdn.net/images/goods_img/20230913/3557758/3557758_16946559345229_500.jpg,False
2025-10,F,002004,스타디움 재킷,002,아우터,26,3049469,prendafromplant,프렌다,SWEAT VARSITY JACKET NAVY,https://image.msscdn.net/images/goods_img/20230131/3049469/3049469_16751367130837_500.png,False
2025-10,F,002004,스타디움 재킷,002,아우터,27,5346780,marithefrancoisgirbaud,마리떼 프랑소와 저버,WOOL VARSITY JACKET dark navy,https://image.msscdn.net/images/goods_img/20250821/5346780/5346780_17694729137010_500.jpg,False
2025-10,F,002004,스타디움 재킷,002,아우터,28,3830371,covernat,커버낫,C 로고 바시티 자켓 네이비,https://image.msscdn.net/images/goods_img/20240129/3830371/3830371_17068752493953_500.jpg,False
2025-10,F,002004,스타디움 재킷,002,아우터,29,5555240,compagno,꼼파뇨,PAPILLON 수베니어 자켓 블랙,https://image.msscdn.net/images/goods_img/20250930/5555240/5555240_17592801584151_500.jpg,False
2025-10,F,002004,스타디움 재킷,002,아우터,30,4354762,saintlaurent,생로랑,클래식 테디 재킷 - 블랙:화이트 / 376283Y180W1900,https://image.msscdn.net/images/goods_img/20240821/4354762/4354762_17249779128059_500.jpg,False
2025-10,F,002014,사파리/헌팅 재킷,002,아우터,1,4619952,musinsastandardwoman,무신사 스탠다드 우먼,우먼즈 워시드 코튼 헌팅 재킷 [베이지],https://image.msscdn.net/images/goods_img/20241118/4619952/4619952_17412178889754_500.jpg,False
2025-10,F,002014,사파리/헌팅 재킷,002,아우터,2,5394048,v2,브이투,피쉬테일 패딩 파카 (BLACK),https://image.msscdn.net/images/goods_img/20250903/5394048/5394048_17575755167261_500.jpg,False
2025-10,F,002014,사파리/헌팅 재킷,002,아우터,3,4619953,musinsastandardwoman,무신사 스탠다드 우먼,우먼즈 워시드 코튼 헌팅 재킷 [크림],https://image.msscdn.net/images/goods_img/20241118/4619953/4619953_17430426420978_500.jpg,False
2025-10,F,002014,사파리/헌팅 재킷,002,아우터,4,5450061,moodinsidewoman,무드인사이드 우먼,(woman) 스탠 하이넥 하프 야상_Khaki,https://image.msscdn.net/images/goods_img/20250912/5450061/5450061_17893514170485_500.jpg,False
2025-10,F,002014,사파리/헌팅 재킷,002,아우터,5,5393364,trillion,트릴리온,코듀로이 카라 워크 헌팅 자켓_4color,https://image.msscdn.net/images/goods_img/20250902/5393364/5393364_17570551470865_500.jpg,False
2025-10,F,002014,사파리/헌팅 재킷,002,아우터,6,3094153,espionage,에스피오나지,Hunting Blouson Jacket Olive,https://image.msscdn.net/images/goods_img/20230220/3094153/3094153_16771294572861_500.jpg,False
2025-10,F,002014,사파리/헌팅 재킷,002,아우터,7,2206096,corrs,인더스트,[라이너세트] 리뉴얼 오리지널 M65 피시테일 파카_카키,https://image.msscdn.net/images/goods_img/20211028/2206096/2206096_17900456022813_500.jpg,False
2025-10,F,002014,사파리/헌팅 재킷,002,아우터,8,5151488,musinsastandardwoman,무신사 스탠다드 우먼,우먼즈 울 블렌드 헌팅 재킷 [토프],https://image.msscdn.net/images/goods_img/20250528/5151488/5151488_17586998933135_500.jpg,False
2025-10,F,002014,사파리/헌팅 재킷,002,아우터,9,5452981,seo,에스이오,WASHED COTTON FIELD JACKET BLACK,https://image.msscdn.net/images/goods_img/20250912/5452981/5452981_17576665269170_500.jpg,False
2025-10,F,002014,사파리/헌팅 재킷,002,아우터,10,3692494,someplace,썸플레이스,덤블 카라 디테일 오버핏 롱 야상 점퍼 자켓 [블랙],https://image.msscdn.net/images/goods_img/20231107/3692494/3692494_17677487087605_500.jpg,False
2025-10,F,002014,사파리/헌팅 재킷,002,아우터,11,5346168,hane,하네,오버핏 피쉬테일 파카_Khaki,https://image.msscdn.net/images/goods_img/20250820/5346168/5346168_17558387872894_500.jpg,False
2025-10,F,002014,사파리/헌팅 재킷,002,아우터,12,4393713,frenchchic,프렌치시크,벤리드 오버핏 투웨이 야상점퍼,https://image.msscdn.net/images/goods_img/20240902/4393713/4393713_17358697131383_500.jpg,False
2025-10,F,002014,사파리/헌팅 재킷,002,아우터,13,4619951,musinsastandardwoman,무신사 스탠다드 우먼,우먼즈 워시드 코튼 헌팅 재킷 [카키],https://image.msscdn.net/images/goods_img/20241118/4619951/4619951_17392619742721_500.jpg,False
2025-10,F,002014,사파리/헌팅 재킷,002,아우터,14,5151489,musinsastandardwoman,무신사 스탠다드 우먼,우먼즈 울 블렌드 헌팅 재킷 [블랙],https://image.msscdn.net/images/goods_img/20250528/5151489/5151489_17586998784013_500.jpg,False
2025-10,F,002014,사파리/헌팅 재킷,002,아우터,15,5319337,dunstforwomen,던스트,UNISEX WAXED COTTON HUNTING JACKET_UDJU5C111_KHAKI,https://image.msscdn.net/images/goods_img/20250813/5319337/5319337_17563484932431_500.jpg,False
2025-10,F,002014,사파리/헌팅 재킷,002,아우터,16,4867398,cargobrosforwomen,카고브로스 포 우먼,피쉬테일 숏 야상 후드 점퍼  (카키),https://image.msscdn.net/images/goods_img/20250306/4867398/4867398_17412633095985_500.jpg,False
2025-10,F,002014,사파리/헌팅 재킷,002,아우터,17,5369294,toffeewomen,토피 우먼,W 워시드 M65 후드 피쉬테일 (NAVY),https://image.msscdn.net/images/goods_img/20250827/5369294/5369294_17574872877449_500.jpg,False
2025-10,F,002014,사파리/헌팅 재킷,002,아우터,18,2859075,corrs,인더스트,오리지널 M65 피시테일 숏파카_블랙,https://image.msscdn.net/images/goods_img/20221013/2859075/2859075_17893705691365_500.jpg,False
2025-10,F,002014,사파리/헌팅 재킷,002,아우터,19,5319340,dunstforwomen,던스트,UNISEX WAXED COTTON HUNTING JACKET_UDJU5C111_NAVY,https://image.msscdn.net/images/goods_img/20250813/5319340/5319340_17563484805451_500.jpg,False
2025-10,F,002014,사파리/헌팅 재킷,002,아우터,20,5452956,seo,에스이오,WASHED COTTON FIELD JACKET NAVY,https://image.msscdn.net/images/goods_img/20250912/5452956/5452956_17576662766659_500.jpg,False
2025-10,F,002014,사파리/헌팅 재킷,002,아우터,21,3484627,frizmworks,프리즘웍스,HERITAGE HUNTING JACKET 002 _ NAVY,https://image.msscdn.net/images/goods_img/20230822/3484627/3484627_17562765410117_500.jpg,False
2025-10,F,002014,사파리/헌팅 재킷,002,아우터,22,5319334,dunstforwomen,던스트,UNISEX VINTAGE PADDED WORK JACKET_UDJU5C108_BLACK,https://image.msscdn.net/images/goods_img/20250813/5319334/5319334_17563485056710_500.jpg,False
2025-10,F,002014,사파리/헌팅 재킷,002,아우터,23,3094151,espionage,에스피오나지,Hunting Blouson Jacket Black,https://image.msscdn.net/images/goods_img/20230220/3094151/3094151_16771293582073_500.jpg,False
2025-10,F,002014,사파리/헌팅 재킷,002,아우터,24,5303358,marithefrancoisgirbaud,마리떼 프랑소와 저버,CORDUROY HUNTING JACKET khaki,https://image.msscdn.net/images/goods_img/20250808/5303358/5303358_17569422209382_500.jpg,False
2025-10,F,002014,사파리/헌팅 재킷,002,아우터,25,5420239,oheshio,오헤시오,"CORDUROY COLLAR QUILTED JACKET, NAVY",https://image.msscdn.net/images/goods_img/20250908/5420239/5420239_17579384970280_500.jpg,False
2025-10,F,002014,사파리/헌팅 재킷,002,아우터,26,4804776,nocontent,노컨텐츠,166. 코튼 캐주얼 점퍼 _ 베이지,https://image.msscdn.net/images/goods_img/20250219/4804776/4804776_17572940422403_500.jpg,False
2025-10,F,002014,사파리/헌팅 재킷,002,아우터,27,5299834,olivedesolive,올리브 데 올리브,[해삐 착용]코듀로이 배색 루즈핏 포켓 데님 점퍼 OJ5XM2770,https://image.msscdn.net/images/goods_img/20250807/5299834/5299834_17718069810972_500.jpg,False
2025-10,F,002014,사파리/헌팅 재킷,002,아우터,28,4252179,urbandtype,어반디타입,배색 카라 코튼 워크 자켓_블랙,https://image.msscdn.net/images/goods_img/20240716/4252179/4252179_17248245899455_500.jpg,False
2025-10,F,002014,사파리/헌팅 재킷,002,아우터,29,5358366,codegraphy,코드그라피,(우먼) 워시드 프렌치 자켓_다크브라운,https://image.msscdn.net/images/goods_img/20250825/5358366/5358366_17567718619441_500.jpg,False
2025-10,F,002014,사파리/헌팅 재킷,002,아우터,30,3692461,someplace,썸플레이스,덤블 카라 디테일 오버핏 롱 야상 점퍼 자켓 [그레이],https://image.msscdn.net/images/goods_img/20231107/3692461/3692461_17664675287395_500.jpg,False
2025-10,F,002019,아노락 재킷,002,아우터,1,5462014,oheshio,오헤시오,"NTC X OHESHIO REVERSIBLE YACHT PARKA, BLACK",https://image.msscdn.net/images/goods_img/20250915/5462014/5462014_17582607196889_500.jpg,False
2025-10,F,002019,아노락 재킷,002,아우터,2,5290140,likethemost,라이크더모스트,유니섹스 에센셜 벌룬 체크 후디 윈드브레이커_브라운,https://image.msscdn.net/images/goods_img/20250804/5290140/5290140_17546385648306_500.jpg,False
2025-10,F,002019,아노락 재킷,002,아우터,3,5245678,xtonzwoman,루나키후,WXJ029 히나타 체크 배색 립스탑 윈드브레이커 (NAVY),https://image.msscdn.net/images/goods_img/20250714/5245678/5245678_17551402327183_500.jpg,False
2025-10,F,002019,아노락 재킷,002,아우터,4,4434372,sportchamber,스포츠챔버,SC 오버사이즈 웜업 셔츠(네이비),https://image.msscdn.net/images/goods_img/20240912/4434372/4434372_17405320847269_500.jpg,False
2025-10,F,002019,아노락 재킷,002,아우터,5,5290141,likethemost,라이크더모스트,유니섹스 에센셜 벌룬 체크 후디 윈드브레이커_블랙,https://image.msscdn.net/images/goods_img/20250804/5290141/5290141_17546382666620_500.jpg,False
2025-10,F,002019,아노락 재킷,002,아우터,6,3466549,kiimuir,키뮤어,2-WAY 릴렉스드 헤링턴 자켓_4 color,https://image.msscdn.net/images/goods_img/20230816/3466549/3466549_17732985666081_500.jpg,False
2025-10,F,002019,아노락 재킷,002,아우터,7,4747261,rife,러닝라이프,스톰실 바람막이 자켓 자외선차단(UPF50+),https://image.msscdn.net/images/goods_img/20250131/4747261/4747261_17736467482084_500.png,False
2025-10,F,002019,아노락 재킷,002,아우터,8,5522171,aeae,에이이에이이,SYMBOL FLEECE ANORAK [LIGHT GREY],https://image.msscdn.net/images/goods_img/20250924/5522171/5522171_17592365400291_500.jpg,False
2025-10,F,002019,아노락 재킷,002,아우터,9,5522142,aeae,에이이에이이,SYMBOL FLEECE ANORAK [NAVY],https://image.msscdn.net/images/goods_img/20250924/5522142/5522142_17592365847231_500.jpg,False
2025-10,F,002019,아노락 재킷,002,아우터,10,5290139,likethemost,라이크더모스트,유니섹스 에센셜 벌룬 체크 후디 윈드브레이커_크림,https://image.msscdn.net/images/goods_img/20250804/5290139/5290139_17555651509645_500.jpg,False
2025-10,F,002019,아노락 재킷,002,아우터,11,4938288,commedesgarconsplay,꼼데가르송 플레이,K-WAY x CDG PLAY 레드하트 패커블 하프 집업 재킷 - 블루 / AZJ5020512,https://image.msscdn.net/images/goods_img/20250325/4938288/4938288_17459854014911_500.jpg,False
2025-10,F,002019,아노락 재킷,002,아우터,12,2000085,superlit,에스릿 스튜디오,[SET] 스테디 라이트 아노락 3P 셋업 블랙,https://image.msscdn.net/images/prd_img/20210617/2000085/detail_2000085_1_500.jpg,False
2025-10,F,002019,아노락 재킷,002,아우터,13,4243255,urbandtype,어반디타입,커브드 래글런 윈드브레이커_블루,https://image.msscdn.net/images/goods_img/20240710/4243255/4243255_17412285372483_500.jpg,False
2025-10,F,002019,아노락 재킷,002,아우터,14,4506092,thomasmore,토마스모어,게리하프 집업 - 네이비,https://image.msscdn.net/images/goods_img/20241010/4506092/4506092_17285642346352_500.jpg,False
2025-10,F,002019,아노락 재킷,002,아우터,15,5413168,tansanmagnesium,탄산마그네슘,도트 패턴 점퍼 블랙 (우먼),https://image.msscdn.net/images/goods_img/20250907/5413168/5413168_17616272675030_500.jpg,False
2025-10,F,002019,아노락 재킷,002,아우터,16,1810261,urbanplayers,어반플레이어스,오리지널핏 아노락 자켓 (블랙),https://image.msscdn.net/images/goods_img/20210223/1810261/1810261_1_500.jpg,False
2025-10,F,002019,아노락 재킷,002,아우터,17,2502967,lazybee,레이지비,캠프 멀티스포츠 러닝 바람막이 아노락 자켓 상의 M (3컬러),https://image.msscdn.net/images/goods_img/20220420/2502967/2502967_17606761460746_500.jpg,False
2025-10,F,002019,아노락 재킷,002,아우터,18,4460031,lmc,엘엠씨,OG CORDUROY ANORAK JACKET black,https://image.msscdn.net/images/goods_img/20240924/4460031/4460031_17271790055610_500.jpg,False
2025-10,F,002019,아노락 재킷,002,아우터,19,2515813,lazybee,레이지비,[SET] 캠프 바람막이 아노락 자켓 + 러닝 조거팬츠 M 블랙,https://image.msscdn.net/images/goods_img/20220426/2515813/2515813_17790908305788_500.jpg,False
2025-10,F,002019,아노락 재킷,002,아우터,20,5406696,atez,아테즈,AERO 테크 후드 아노락 윈드 브레이커 [블랙],https://image.msscdn.net/images/goods_img/20250905/5406696/5406696_17570367252291_500.jpg,False
2025-10,F,002019,아노락 재킷,002,아우터,21,4460030,lmc,엘엠씨,OG CORDUROY ANORAK JACKET beige,https://image.msscdn.net/images/goods_img/20240924/4460030/4460030_17271789913844_500.jpg,False
2025-10,F,002019,아노락 재킷,002,아우터,22,5367282,wilson,윌슨,임팩트 모션 아노락 W (2color),https://image.msscdn.net/images/goods_img/20250827/5367282/5367282_17573972139805_500.png,False
2025-10,F,002019,아노락 재킷,002,아우터,23,850405,search410,써치410,[UNISEX] TRIPLE COMBINATION WINDBREAKER_VIOLET,https://image.msscdn.net/images/goods_img/20180906/850405/850405_5_500.jpg,False
2025-10,F,002019,아노락 재킷,002,아우터,24,5522161,aeae,에이이에이이,SYMBOL FLEECE ANORAK [OLIVE],https://image.msscdn.net/images/goods_img/20250924/5522161/5522161_17592365634190_500.jpg,False
2025-10,F,002019,아노락 재킷,002,아우터,25,3996828,fluke,플루크,스케이트보드 브이넥 웜업 자켓 블랙 FJK114,https://image.msscdn.net/images/goods_img/20240327/3996828/3996828_17116878575217_500.jpg,False
2025-10,F,002019,아노락 재킷,002,아우터,26,3487607,covernat,커버낫,쉐르파 컴피보아 후디 아노락 블랙,https://image.msscdn.net/images/goods_img/20230822/3487607/3487607_16928622797037_500.png,False
2025-10,F,002019,아노락 재킷,002,아우터,27,5245673,xtonzwoman,루나키후,WXJ029 히나타 체크 배색 립스탑 윈드브레이커 (VINTAGE PINK),https://image.msscdn.net/images/goods_img/20250714/5245673/5245673_17556712891195_500.jpg,False
2025-10,F,002019,아노락 재킷,002,아우터,28,4584342,ami,아미,알렉산드르 마티우시 후드 바람막이 점퍼 - 블랙 / UJK101PA0007001,https://image.msscdn.net/images/goods_img/20241104/4584342/4584342_17313850464080_500.jpg,False
2025-10,F,002019,아노락 재킷,002,아우터,29,5374743,filluminate,필루미네이트,트래블러 플리스 아노락-블랙,https://image.msscdn.net/images/goods_img/20250828/5374743/5374743_17586778889948_500.jpg,False
2025-10,F,002019,아노락 재킷,002,아우터,30,5306852,treemingbird,트리밍버드,Crinkle Zipper Anorak [ Black ],https://image.msscdn.net/images/goods_img/20250808/5306852/5306852_17546550208981_500.jpg,False
2025-10,F,002006,나일론/코치 재킷,002,아우터,1,2723218,dimitriblack,디미트리블랙,ASI 2WAY 어센틱 후드 윈드브레이커 자켓_블랙,https://image.msscdn.net/images/goods_img/20220817/2723218/2723218_17603312716294_500.jpg,False
2025-10,F,002006,나일론/코치 재킷,002,아우터,2,5333563,arcteryx,아크테릭스,아톰 SV 자켓 남성 - BLACK / AJPFM09901,https://image.msscdn.net/images/goods_img/20250818/5333563/5333563_17573790848253_500.jpg,False
2025-10,F,002006,나일론/코치 재킷,002,아우터,3,4296687,newbalance,뉴발란스,NBNAF31803 / UNI 에센셜 헤리티지 스탠드넥 웜업자켓 (BLACK),https://image.msscdn.net/images/goods_img/20240805/4296687/4296687_17846852180585_500.jpg,False
2025-10,F,002006,나일론/코치 재킷,002,아우터,4,3212915,compagno,꼼파뇨,크래킹 후드 윈드브레이커 그레이,https://image.msscdn.net/images/goods_img/20230406/3212915/3212915_16902464685664_500.jpg,False
2025-10,F,002006,나일론/코치 재킷,002,아우터,5,3393476,compagno,꼼파뇨,크래킹 후드 윈드브레이커 블랙,https://image.msscdn.net/images/goods_img/20230704/3393476/3393476_17108208598424_500.jpg,False
2025-10,F,002006,나일론/코치 재킷,002,아우터,6,5416584,thenorthface,노스페이스,NJ3BR82K 화이트라벨 여성 노벨티 올레마 자켓 BROWN,https://image.msscdn.net/images/goods_img/20250908/5416584/5416584_17579844883894_500.jpg,False
2025-10,F,002006,나일론/코치 재킷,002,아우터,7,3791014,codegraphy,코드그라피,[기본 OR 후디 선택] [배색Ver.] 2-WAY 테크 숏 자켓_블랙,https://image.msscdn.net/images/prd_img/20240112/3791014/detail_3791014_17429730762331_500.jpg,False
2025-10,F,002006,나일론/코치 재킷,002,아우터,8,3791038,codegraphy,코드그라피,[SET] [배색ver.] 2-WAY 배색 테크 숏 자켓 셋업_블랙,https://image.msscdn.net/images/goods_img/20240112/3791038/3791038_17718150719568_500.jpg,False
2025-10,F,002006,나일론/코치 재킷,002,아우터,9,3455892,filluminate,필루미네이트,타슬란 윈드 테이커 자켓-블랙,https://image.msscdn.net/images/goods_img/20230809/3455892/3455892_17827964402390_500.jpg,False
2025-10,F,002006,나일론/코치 재킷,002,아우터,10,2329532,nomanual,노매뉴얼,PENON WIND SHELL - BLACK,https://image.msscdn.net/images/goods_img/20220126/2329532/2329532_16762491689303_500.jpg,False
2025-10,F,002006,나일론/코치 재킷,002,아우터,11,4873322,whoau,후아유,Reversible Warm-Up Jacket / WHJJF4T13U,https://image.msscdn.net/images/goods_img/20250310/4873322/4873322_17885076720541_500.jpg,False
2025-10,F,002006,나일론/코치 재킷,002,아우터,12,5175563,penfield,펜필드,PacJac 바람막이 레드_FR3WJ800,https://image.msscdn.net/images/goods_img/20250610/5175563/5175563_17503175331095_500.jpg,False
2025-10,F,002006,나일론/코치 재킷,002,아우터,13,2534895,slowrecordhouse,슬로우 레코드 하우스,파이핑 라인 나일론 자켓_블랙&베이지,https://image.msscdn.net/images/goods_img/20220502/2534895/2534895_17014068157715_500.jpg,False
2025-10,F,002006,나일론/코치 재킷,002,아우터,14,5317287,newbalance,뉴발란스,NBNAF31823 / UNI ESCAPE 스탠넥 웜업자켓 (IVORY),https://image.msscdn.net/images/goods_img/20250813/5317287/5317287_17566943361241_500.jpg,False
2025-10,F,002006,나일론/코치 재킷,002,아우터,15,5202869,atez,아테즈,AERO 테크 후드 윈드 브레이커 자켓 [블랙],https://image.msscdn.net/images/goods_img/20250624/5202869/5202869_17705916791659_500.jpg,False
2025-10,F,002006,나일론/코치 재킷,002,아우터,16,1530516,codegraphy,코드그라피,2-WAY 테크 숏 자켓_블랙,https://image.msscdn.net/images/goods_img/20200729/1530516/1530516_17773571044222_500.jpg,False
2025-10,F,002006,나일론/코치 재킷,002,아우터,17,4728678,filluminate,필루미네이트,커브드 라인 윈드 브레이커-블랙,https://image.msscdn.net/images/goods_img/20250119/4728678/4728678_17881419378579_500.jpg,False
2025-10,F,002006,나일론/코치 재킷,002,아우터,18,3455882,filluminate,필루미네이트,타슬란 윈드 테이커 자켓-라이트그레이,https://image.msscdn.net/images/goods_img/20230809/3455882/3455882_17827964138309_500.jpg,False
2025-10,F,002006,나일론/코치 재킷,002,아우터,19,5158592,musinsastandardwoman,무신사 스탠다드 우먼,우먼즈 CN 후디드 볼륨 윈드브레이커 재킷 [블랙],https://image.msscdn.net/images/goods_img/20250530/5158592/5158592_17574968362204_500.jpg,False
2025-10,F,002006,나일론/코치 재킷,002,아우터,20,4795582,supersub,슈퍼서브,스티치 절개 윈드브레이커 - 블랙,https://image.msscdn.net/images/goods_img/20250217/4795582/4795582_17889997264700_500.jpg,False
2025-10,F,002006,나일론/코치 재킷,002,아우터,21,5095281,mucent,무센트,밀란 시그니처 로고 후드 바람막이 윈드브레이커,https://image.msscdn.net/images/goods_img/20250508/5095281/5095281_17576584535397_500.png,False
2025-10,F,002006,나일론/코치 재킷,002,아우터,22,3791037,codegraphy,코드그라피,[SET] [배색ver.] 2-WAY 배색 테크 숏 자켓 셋업_크림,https://image.msscdn.net/images/goods_img/20240112/3791037/3791037_17593650526189_500.jpg,False
2025-10,F,002006,나일론/코치 재킷,002,아우터,23,4522508,matinkim,마뗑킴,MATIN ROUGH COATING CROP BOMBER IN KHAKI,https://image.msscdn.net/images/goods_img/20241016/4522508/4522508_17509039002425_500.jpg,False
2025-10,F,002006,나일론/코치 재킷,002,아우터,24,3514473,travel,트래블,벌룬 윈드 브레이커 블랙,https://image.msscdn.net/images/goods_img/20230830/3514473/3514473_17309645267347_500.jpg,False
2025-10,F,002006,나일론/코치 재킷,002,아우터,25,5158594,musinsastandardwoman,무신사 스탠다드 우먼,우먼즈 CN 후디드 볼륨 윈드브레이커 재킷 [바로크 브라운],https://image.msscdn.net/images/goods_img/20250530/5158594/5158594_17574821846929_500.jpg,False
2025-10,F,002006,나일론/코치 재킷,002,아우터,26,2471405,slowrecordhouse,슬로우 레코드 하우스,파이핑 라인 나일론 자켓_네이비,https://image.msscdn.net/images/goods_img/20220406/2471405/2471405_17013952125581_500.jpg,False
2025-10,F,002006,나일론/코치 재킷,002,아우터,27,5276074,trillion,트릴리온,체크 패턴 후드 집업 윈드브레이커_카키 브라운,https://image.msscdn.net/images/goods_img/20250728/5276074/5276074_17545510547216_500.jpg,False
2025-10,F,002006,나일론/코치 재킷,002,아우터,28,5175562,penfield,펜필드,PacJac 바람막이 네이비_FR3WJ801,https://image.msscdn.net/images/goods_img/20250610/5175562/5175562_17503175913841_500.jpg,False
2025-10,F,002006,나일론/코치 재킷,002,아우터,29,3773921,covernat,커버낫,컴피 나일론 윈드브레이커 점퍼 블랙,https://image.msscdn.net/images/goods_img/20240103/3773921/3773921_17101504233195_500.jpg,False
2025-10,F,002006,나일론/코치 재킷,002,아우터,30,4522509,matinkim,마뗑킴,MATIN ROUGH COATING CROP BOMBER IN DARK BROWN,https://image.msscdn.net/images/goods_img/20241016/4522509/4522509_17509038150541_500.jpg,False
2025-10,F,002018,트레이닝 재킷,002,아우터,1,4945148,adidas,아디다스,아디컬러 클래식 트랙탑 (와플) - 원더화이트 / JW0109,https://image.msscdn.net/images/goods_img/20250326/4945148/4945148_17453139295013_500.jpg,False
2025-10,F,002018,트레이닝 재킷,002,아우터,2,4767374,adidas,아디다스,와플 BB 트랙탑  - 원더화이트 / JV9263,https://image.msscdn.net/images/goods_img/20250207/4767374/4767374_17405511510275_500.jpg,False
2025-10,F,002018,트레이닝 재킷,002,아우터,3,5329567,adidas,아디다스,BB 트랙탑 - 블랙:크림화이트 / KC9299,https://image.msscdn.net/images/goods_img/20250818/5329567/5329567_17573005097318_500.jpg,False
2025-10,F,002018,트레이닝 재킷,002,아우터,4,5329564,adidas,아디다스,BB 트랙탑 - 크림화이트 / KC3335,https://image.msscdn.net/images/goods_img/20250818/5329564/5329564_17587641173048_500.jpg,False
2025-10,F,002018,트레이닝 재킷,002,아우터,5,4280527,travel,트래블,져지 트랙 자켓 아이보리,https://image.msscdn.net/images/goods_img/20240729/4280527/4280527_17693915589684_500.jpg,False
2025-10,F,002018,트레이닝 재킷,002,아우터,6,2353497,urbandtype,어반디타입,OL209_러닝클럽 트랙 자켓_네이비,https://image.msscdn.net/images/goods_img/20220210/2353497/2353497_17875332753234_500.jpg,False
2025-10,F,002018,트레이닝 재킷,002,아우터,7,4865704,adidas,아디다스,ADILENIUM 3 오버사이즈 트랙탑 - 블랙 / JD3392,https://image.msscdn.net/images/goods_img/20250306/4865704/4865704_17416769168214_500.jpg,False
2025-10,F,002018,트레이닝 재킷,002,아우터,8,4336062,adidas,아디다스,파이어버드 니트 탑 - 블랙 / IY7278,https://image.msscdn.net/images/goods_img/20240816/4336062/4336062_17242236131024_500.jpg,False
2025-10,F,002018,트레이닝 재킷,002,아우터,9,4280525,travel,트래블,져지 트랙 자켓 네이비,https://image.msscdn.net/images/goods_img/20240729/4280525/4280525_17230945367525_500.jpg,False
2025-10,F,002018,트레이닝 재킷,002,아우터,10,5200530,adidas,아디다스,베켄바우어 트랙탑 - 블랙:화이트 / HZ3743,https://image.msscdn.net/images/goods_img/20250623/5200530/5200530_17507447516406_500.jpg,False
2025-10,F,002018,트레이닝 재킷,002,아우터,11,5329563,adidas,아디다스,BB 트랙탑 - 클리어핑크 / KC3334,https://image.msscdn.net/images/goods_img/20250818/5329563/5329563_17573004720514_500.jpg,False
2025-10,F,002018,트레이닝 재킷,002,아우터,12,5267786,adidas,아디다스,3-스트라이프 우븐 윈드브레이커 - 블랙:화이트 / JX1451,https://image.msscdn.net/images/goods_img/20250723/5267786/5267786_17533132480154_500.jpg,False
2025-10,F,002018,트레이닝 재킷,002,아우터,13,4759906,adidas,아디다스,파이어버드 루즈 트랙탑 - 블랙 / JC8251,https://image.msscdn.net/images/goods_img/20250205/4759906/4759906_17388280835483_500.jpg,False
2025-10,F,002018,트레이닝 재킷,002,아우터,14,4764492,secondmonolgue,세컨모놀로그,에어플로우 와플 트랙 자켓 [BEIGE]_SEJK022BEIGE,https://image.msscdn.net/images/goods_img/20250206/4764492/4764492_17769926813801_500.jpg,False
2025-10,F,002018,트레이닝 재킷,002,아우터,15,5391584,adidas,아디다스,BB 트랙탑 - 올리브 / KC9261,https://image.msscdn.net/images/goods_img/20250902/5391584/5391584_17592812996671_500.jpg,False
2025-10,F,002018,트레이닝 재킷,002,아우터,16,4280526,travel,트래블,져지 트랙 자켓 브라운,https://image.msscdn.net/images/goods_img/20240729/4280526/4280526_17313741600749_500.jpg,False
2025-10,F,002018,트레이닝 재킷,002,아우터,17,5391585,adidas,아디다스,BB 트랙탑 - 쉐도우레드 / KC9262,https://image.msscdn.net/images/goods_img/20250902/5391585/5391585_17592198914838_500.jpg,False
2025-10,F,002018,트레이닝 재킷,002,아우터,18,5342880,adidas,아디다스,데님 차이나 칼라 트랙탑 - 미드블루 / JY8274,https://image.msscdn.net/images/goods_img/20250820/5342880/5342880_17557588334630_500.jpg,False
2025-10,F,002018,트레이닝 재킷,002,아우터,19,4694108,travel,트래블,져지 트랙 자켓 블랙,https://image.msscdn.net/images/goods_img/20250102/4694108/4694108_17362322773285_500.jpg,False
2025-10,F,002018,트레이닝 재킷,002,아우터,20,4596658,setupexe,셋업이엑스이,STAR SPORTY ZIP-UP / WHITE,https://image.msscdn.net/images/goods_img/20241107/4596658/4596658_17318523033039_500.jpg,False
2025-10,F,002018,트레이닝 재킷,002,아우터,21,4694111,travel,트래블,져지 트랙 자켓 블루,https://image.msscdn.net/images/goods_img/20250102/4694111/4694111_17362323572007_500.jpg,False
2025-10,F,002018,트레이닝 재킷,002,아우터,22,4234917,adidas,아디다스,베켄바우어 트랙탑 - 블랙 / IW3174,https://image.msscdn.net/images/goods_img/20240705/4234917/4234917_17205041502880_500.jpg,False
2025-10,F,002018,트레이닝 재킷,002,아우터,23,5522887,adidas,아디다스,컬러 재킷 - 크림화이트 / JN0722,https://image.msscdn.net/images/goods_img/20250924/5522887/5522887_17587031272672_500.jpg,False
2025-10,F,002018,트레이닝 재킷,002,아우터,24,4496172,adidas,아디다스,BB 트랙탑 - 네이비:오렌지 / JD5268,https://image.msscdn.net/images/goods_img/20241008/4496172/4496172_17453957498682_500.jpg,False
2025-10,F,002018,트레이닝 재킷,002,아우터,25,3010431,satur,세터,로턴 올 데이 트랙 집업 자켓 캐비어 블랙,https://image.msscdn.net/images/goods_img/20230109/3010431/3010431_17255123428915_500.jpg,False
2025-10,F,002018,트레이닝 재킷,002,아우터,26,5269606,fila,휠라,1911 니트 트랙 집업(FS253FT01F001001),https://image.msscdn.net/images/goods_img/20250724/5269606/5269606_17714741527626_500.jpg,False
2025-10,F,002018,트레이닝 재킷,002,아우터,27,4720611,travel,트래블,콤비네이션 테이프 져지 트랙 자켓 아이보리,https://image.msscdn.net/images/goods_img/20250115/4720611/4720611_17733770442001_500.jpg,False
2025-10,F,002018,트레이닝 재킷,002,아우터,28,3874736,satur,세터,로턴 칼라 트랙 집업 자켓 캐비어 블랙,https://image.msscdn.net/images/goods_img/20240215/3874736/3874736_17580830363608_500.jpg,False
2025-10,F,002018,트레이닝 재킷,002,아우터,29,4694112,travel,트래블,져지 트랙 자켓 핑크,https://image.msscdn.net/images/goods_img/20250102/4694112/4694112_17362323806955_500.jpg,False
2025-10,F,002018,트레이닝 재킷,002,아우터,30,4319020,prendafromplant,프렌다,RAGLAN TRACK JERSEY JACKET LIGHT GRAY NAVY,https://image.msscdn.net/images/goods_img/20240812/4319020/4319020_17242869098676_500.jpg,False
2025-10,F,002021,베스트,002,아우터,1,3125671,matinkim,마뗑킴,SPELL POINT STRIPE KNIT VEST,https://image.msscdn.net/images/goods_img/20230306/3125671/3125671_16782581740082_500.jpg,False
2025-10,F,002021,베스트,002,아우터,2,5354805,nike,나이키,스위프트 써마 핏 러닝 베스트 W - 블랙 / HV2656-010,https://image.msscdn.net/images/goods_img/20250822/5354805/5354805_17562811690551_500.jpg,False
2025-10,F,002021,베스트,002,아우터,3,5380373,yeseyesee,예스아이씨,Y.E.S Full Zip Fleece Vest Grey,https://image.msscdn.net/images/goods_img/20250829/5380373/5380373_17573209431357_500.jpg,False
2025-10,F,002021,베스트,002,아우터,4,3450014,snowpeakapparel,스노우피크 어패럴,랜드 여성 경량 다운 베스트 (S25WWGDV61) Black,https://image.msscdn.net/images/goods_img/20230808/3450014/3450014_17877895946882_500.jpg,False
2025-10,F,002021,베스트,002,아우터,5,3078393,musinsastandardwoman,무신사 스탠다드 우먼,우먼즈 라이트웨이트 테일러드 베스트 [블랙],https://image.msscdn.net/images/goods_img/20230213/3078393/3078393_17467822386615_500.jpg,False
2025-10,F,002021,베스트,002,아우터,6,3481340,lee,리,리버서블 플리스 베스트 아이보리,https://image.msscdn.net/images/goods_img/20230821/3481340/3481340_16927560493931_500.jpg,False
2025-10,F,002021,베스트,002,아우터,7,5353186,patagonia,파타고니아,우먼즈 클래식 레트로-X 베스트 / 23084Q7,https://image.msscdn.net/images/goods_img/20250822/5353186/5353186_17558256529418_500.jpg,False
2025-10,F,002021,베스트,002,아우터,8,4327255,thenorthface,노스페이스,NV4FQ55A 데날리 플리스 베스트_BLACK,https://image.msscdn.net/images/goods_img/20240813/4327255/4327255_17828667462176_500.jpg,False
2025-10,F,002021,베스트,002,아우터,9,4970524,newbalance,뉴발란스,NBGUF45301 / PF 러닝베스트 (BLACK),https://image.msscdn.net/images/goods_img/20250401/4970524/4970524_17890234397702_500.jpg,False
2025-10,F,002021,베스트,002,아우터,10,5289166,snowpeakapparel,스노우피크 어패럴,랜드 여성 경량 다운 베스트 (S25WWGDV61) Choco Brown,https://image.msscdn.net/images/goods_img/20250804/5289166/5289166_17893545537170_500.jpg,False
2025-10,F,002021,베스트,002,아우터,11,2739719,snowpeakapparel,스노우피크 어패럴,랜드 여성 경량 다운베스트 (S25WWGDV61) Light Beige,https://image.msscdn.net/images/goods_img/20220824/2739719/2739719_17893544538922_500.jpg,False
2025-10,F,002021,베스트,002,아우터,12,5468836,gramicci,그라미치,써멀 리버시블 플리스 베스트 Chartreuse Stripe,https://image.msscdn.net/images/goods_img/20250916/5468836/5468836_17581670040598_500.jpg,False
2025-10,F,002021,베스트,002,아우터,13,4143053,covernatwoman,커버낫 우먼,우먼 플리스 베스트 Melange Gray,https://image.msscdn.net/images/goods_img/20240520/4143053/4143053_17171206548424_500.jpg,False
2025-10,F,002021,베스트,002,아우터,14,4678592,ganni,가니,그래픽 울 믹스 캐츠 베스트 - 그레이 퀼 / K2375084,https://image.msscdn.net/images/goods_img/20241223/4678592/4678592_17364714969072_500.jpg,False
2025-10,F,002021,베스트,002,아우터,15,2352328,nicknicole,닉앤니콜,[ESSENTIAL] CREW NECK VEST_3 COLOR,https://image.msscdn.net/images/goods_img/20220210/2352328/2352328_2_500.jpg,False
2025-10,F,002021,베스트,002,아우터,16,5380372,yeseyesee,예스아이씨,Y.E.S Full Zip Fleece Vest Navy,https://image.msscdn.net/images/goods_img/20250829/5380372/5380372_17573211446999_500.jpg,False
2025-10,F,002021,베스트,002,아우터,17,5554661,8seconds,에잇세컨즈,글로시 패딩 베스트  블랙,https://image.msscdn.net/images/goods_img/20250930/5554661/5554661_17592209608699_500.jpg,False
2025-10,F,002021,베스트,002,아우터,18,3125670,matinkim,마뗑킴,SPELL POINT STRIPE KNIT VEST IN IVORY,https://image.msscdn.net/images/goods_img/20230306/3125670/3125670_16782582117207_500.jpg,False
2025-10,F,002021,베스트,002,아우터,19,1305385,drawfit,드로우핏,오버핏 울 니트 베스트 [BLACK],https://image.msscdn.net/images/goods_img/20200214/1305385/1305385_16804992777098_500.jpg,False
2025-10,F,002021,베스트,002,아우터,20,5316616,nike,나이키,써마 핏 ADV 리펠 에어로로프트 러닝 베스트 W - 블랙 / FB7607-010,https://image.msscdn.net/images/goods_img/20250812/5316616/5316616_17575751643065_500.jpg,False
2025-10,F,002021,베스트,002,아우터,21,5433470,letterfrommoon,레터프롬문,레터즈 헤어리 뷔스티에 울 니트 ( 그레이 ),https://image.msscdn.net/images/goods_img/20250910/5433470/5433470_17581635917080_500.jpg,False
2025-10,F,002021,베스트,002,아우터,22,4684263,8seconds,에잇세컨즈,랩 슬리브리스 니트  그레이,https://image.msscdn.net/images/goods_img/20241230/4684263/4684263_17355341551958_500.jpg,False
2025-10,F,002021,베스트,002,아우터,23,4457932,lee,리,다운 베스트 베이지,https://image.msscdn.net/images/goods_img/20240924/4457932/4457932_17310281373702_500.jpg,False
2025-10,F,002021,베스트,002,아우터,24,5586341,8seconds,에잇세컨즈,아가일 베스트  블랙,https://image.msscdn.net/images/goods_img/20251014/5586341/5586341_17604056158172_500.jpg,False
2025-10,F,002021,베스트,002,아우터,25,3148952,poloralphlauren,폴로 랄프 로렌,W 케이블 니트 코튼 V넥 스웨터 베스트 - 화이트,https://image.msscdn.net/images/goods_img/20230315/3148952/3148952_16801438767727_500.jpg,False
2025-10,F,002021,베스트,002,아우터,26,4355171,malbongolf,말본 골프,말본 라운드 넥 니트 베스트 MELANGE GRAY (WOMAN),https://image.msscdn.net/images/goods_img/20240821/4355171/4355171_17242343306715_500.jpg,False
2025-10,F,002021,베스트,002,아우터,27,5472920,snowpeakapparel,스노우피크 어패럴,퍼피나 여성 후드 다운 베스트 (S25WWFDV21) Black,https://image.msscdn.net/images/goods_img/20250916/5472920/5472920_17604228301359_500.jpg,False
2025-10,F,002021,베스트,002,아우터,28,3487608,covernat,커버낫,쉐르파 베스트 아이보리,https://image.msscdn.net/images/goods_img/20230822/3487608/3487608_16928622698401_500.png,False
2025-10,F,002021,베스트,002,아우터,29,4718503,generalideastandard,제너럴아이디어,에센셜 오픈 베스트 [BLACK] / WBE1L06510,https://image.msscdn.net/images/goods_img/20250114/4718503/4718503_17368359385119_500.jpg,False
2025-10,F,002021,베스트,002,아우터,30,4322633,covernat,커버낫,미들 C 로고 자수 와펜 니트 베스트 멜란지 그레이,https://image.msscdn.net/images/goods_img/20240812/4322633/4322633_17321683746916_500.jpg,False
2025-10,F,002008,환절기 코트,002,아우터,1,5382106,spao,스파오,더플 숏 코트_SPJWF4TGY4,https://image.msscdn.net/images/goods_img/20250901/5382106/5382106_17655180726800_500.jpg,False
2025-10,F,002008,환절기 코트,002,아우터,2,2360891,urago,유라고,Mac half trench coat,https://image.msscdn.net/images/goods_img/20220215/2360891/2360891_17901400385390_500.jpg,False
2025-10,F,002008,환절기 코트,002,아우터,3,5536316,artid,아티드,캐시미어 하프 코트_2COLORS,https://image.msscdn.net/images/goods_img/20250926/5536316/5536316_17623089340008_500.jpg,False
2025-10,F,002008,환절기 코트,002,아우터,4,4268575,overdueflair,오버듀플레어,CLASSIC SUEDE JACKET_CAMEL,https://image.msscdn.net/images/goods_img/20240723/4268575/4268575_17242222531735_500.jpg,False
2025-10,F,002008,환절기 코트,002,아우터,5,5313665,misekiseoul,미세키서울,Cowl neck button Jacket BLACK,https://image.msscdn.net/images/goods_img/20250812/5313665/5313665_17572951809821_500.jpg,False
2025-10,F,002008,환절기 코트,002,아우터,6,680961,flareup,플레어업,오버사이즈 트렌치코트 (FL-012),https://image.msscdn.net/images/prd_img/20171130/680961/detail_680961_37_500.jpg,False
2025-10,F,002008,환절기 코트,002,아우터,7,4659197,burberry,버버리,롱 켄싱턴 헤리티지 W 트렌치 코트 - 허니 / 8079414,https://image.msscdn.net/images/goods_img/20241210/4659197/4659197_17346833458857_500.jpg,False
2025-10,F,002008,환절기 코트,002,아우터,8,4202563,burberry,버버리,롱 켄싱턴 헤리티지 트렌치 코트 - 블랙 / 8079412,https://image.msscdn.net/images/goods_img/20240618/4202563/4202563_17212901997168_500.jpg,False
2025-10,F,002008,환절기 코트,002,아우터,9,5313681,misekiseoul,미세키서울,Cowl neck button Jacket CHARCOAL,https://image.msscdn.net/images/goods_img/20250812/5313681/5313681_17572952498008_500.jpg,False
2025-10,F,002008,환절기 코트,002,아우터,10,2110658,nicknicole,닉앤니콜,OVERSIZED DOUBLE TRENCH COAT_8COLOR,https://image.msscdn.net/images/goods_img/20210906/2110658/2110658_17289677830789_500.jpg,False
2025-10,F,002008,환절기 코트,002,아우터,11,4593967,musinsastandardwoman,무신사 스탠다드 우먼,우먼즈 오버사이즈 싱글 트렌치 코트 [라이트 베이지],https://image.msscdn.net/images/goods_img/20241106/4593967/4593967_17368476607026_500.jpg,False
2025-10,F,002008,환절기 코트,002,아우터,12,5404722,thecoldestmoment,더콜디스트모먼트,TCM vintage fishtail jacket (khaki),https://image.msscdn.net/images/goods_img/20250904/5404722/5404722_17580071391959_500.jpg,False
2025-10,F,002008,환절기 코트,002,아우터,13,4202562,burberry,버버리,롱 켄싱턴 헤리티지 트렌치 코트 - 허니 / 8079414,https://image.msscdn.net/images/goods_img/20240618/4202562/4202562_17217899298658_500.jpg,False
2025-10,F,002008,환절기 코트,002,아우터,14,5452794,seo,에스이오,HOURGLASS FAUX LEATHER COAT,https://image.msscdn.net/images/goods_img/20250912/5452794/5452794_17576652155101_500.jpg,False
2025-10,F,002008,환절기 코트,002,아우터,15,3468915,tillidie,틸아이다이,Stitch raglan trench coat_Navy,https://image.msscdn.net/images/goods_img/20230816/3468915/3468915_16921776096216_500.jpg,False
2025-10,F,002008,환절기 코트,002,아우터,16,3086679,covernat,커버낫,오버핏 래글런 싱글 코트 베이지,https://image.msscdn.net/images/goods_img/20230215/3086679/3086679_16944081498606_500.jpg,False
2025-10,F,002008,환절기 코트,002,아우터,17,5380614,generalideastandard,제너럴아이디어,하이넥 사파리 하프 자켓 [BLACK] / WBE3L09504,https://image.msscdn.net/images/goods_img/20250829/5380614/5380614_17564549964628_500.jpg,False
2025-10,F,002008,환절기 코트,002,아우터,18,4484861,moiremoa,무아르모아,Soft Padding Mod Coat-Black,https://image.msscdn.net/images/goods_img/20241004/4484861/4484861_17279787454710_500.jpg,False
2025-10,F,002008,환절기 코트,002,아우터,19,5536183,artid,아티드,캐시미어 오버사이즈 롱 코트_BROWN,https://image.msscdn.net/images/goods_img/20250926/5536183/5536183_17621344009134_500.jpg,False
2025-10,F,002008,환절기 코트,002,아우터,20,5404720,thecoldestmoment,더콜디스트모먼트,TCM vintage fishtail jacket (brown),https://image.msscdn.net/images/goods_img/20250904/5404720/5404720_17580071612121_500.jpg,False
2025-10,F,002008,환절기 코트,002,아우터,21,3604928,lemaire,르메르,하이넥 후드 트렌치 코트 - 블랙 / CO1028LF1154BK995,https://image.msscdn.net/images/goods_img/20231005/3604928/3604928_17018426286450_500.jpg,False
2025-10,F,002008,환절기 코트,002,아우터,22,4479782,lee,리,울 더플 코트 네이비,https://image.msscdn.net/images/goods_img/20241002/4479782/4479782_17304278642395_500.jpg,False
2025-10,F,002008,환절기 코트,002,아우터,23,4479777,lee,리,패딩 더플 코트 블랙,https://image.msscdn.net/images/goods_img/20241002/4479777/4479777_17304286562124_500.jpg,False
2025-10,F,002008,환절기 코트,002,아우터,24,5434638,archaic,아르카익,suade half coat_khaki brown,https://image.msscdn.net/images/goods_img/20250910/5434638/5434638_17574806308017_500.jpg,False
2025-10,F,002008,환절기 코트,002,아우터,25,5349383,knownbetter,노운베러,[미전시] Rollup check half coat [KNFW02CT01]_Black,https://image.msscdn.net/images/goods_img/20250821/5349383/5349383_17561708270867_500.jpg,False
2025-10,F,002008,환절기 코트,002,아우터,26,5306874,treemingbird,트리밍버드,Traum Short Zip-up [ Gray ],https://image.msscdn.net/images/goods_img/20250808/5306874/5306874_17546558146910_500.jpg,False
2025-10,F,002008,환절기 코트,002,아우터,27,2770867,malen,말렌,유니섹스 트렌치 레더코트 블랙,https://image.msscdn.net/images/goods_img/20220905/2770867/2770867_1_500.jpg,False
2025-10,F,002008,환절기 코트,002,아우터,28,4475884,frenchchic,프렌치시크,메이수 하프 트렌치코트,https://image.msscdn.net/images/goods_img/20240930/4475884/4475884_17576421234314_500.jpg,False
2025-10,F,002008,환절기 코트,002,아우터,29,4791578,partimentowomen,파르티멘토 우먼,워시드 데미지 초어 코트_카키 베이지,https://image.msscdn.net/images/goods_img/20250214/4791578/4791578_17417685142769_500.jpg,False
2025-10,F,002008,환절기 코트,002,아우터,30,4765314,somewherebutter,썸웨어버터,Breeze Half Trench Coat - Beige,https://image.msscdn.net/images/goods_img/20250206/4765314/4765314_17401237162934_500.jpg,False
2025-10,F,002015,기타 아우터,002,아우터,1,5360731,salomon,살로몬,모디세이 패딩 자켓_LC2992100,https://image.msscdn.net/images/goods_img/20250825/5360731/5360731_17899800512692_500.jpg,False
2025-10,F,002015,기타 아우터,002,아우터,2,2837405,matinkim,마뗑킴,MATIN KIM LOGO COATING JUMPER,https://image.msscdn.net/images/goods_img/20221004/2837405/2837405_1_500.jpg,False
2025-10,F,002015,기타 아우터,002,아우터,3,5367614,arcteryx,아크테릭스,아톰 SV 후디 남성 - BLACK / AJPFM09902,https://image.msscdn.net/images/goods_img/20250827/5367614/5367614_17573795222252_500.jpg,False
2025-10,F,002015,기타 아우터,002,아우터,4,5445842,hondaxphyps,혼다 모터사이클,Track Zip up Jacket (5Colors),https://image.msscdn.net/images/goods_img/20250911/5445842/5445842_17630862995747_500.jpg,False
2025-10,F,002015,기타 아우터,002,아우터,5,5599896,arcteryx,아크테릭스,아톰 후디 남성 - BLACK / AJPFM09556,https://image.msscdn.net/images/goods_img/20251016/5599896/5599896_17616152350008_500.jpg,False
2025-10,F,002015,기타 아우터,002,아우터,6,5340564,adidas,아디다스,니트 트랙탑  - 화이트:블랙 / KC2649,https://image.msscdn.net/images/goods_img/20250820/5340564/5340564_17557568401721_500.jpg,False
2025-10,F,002015,기타 아우터,002,아우터,7,4355292,dunstforwomen,던스트,CLASSIC TWEED JACKET_UDJA5C203_MELANGE GREY,https://image.msscdn.net/images/goods_img/20240821/4355292/4355292_17883291932293_500.jpg,False
2025-10,F,002015,기타 아우터,002,아우터,8,5481343,loeuvre,루에브르,Asymmetric Placket Faux Suede Jacket SL5XJ830-B8,https://image.msscdn.net/images/goods_img/20250917/5481343/5481343_17875346432281_500.jpg,False
2025-10,F,002015,기타 아우터,002,아우터,9,5309552,ason,애즈온,DUMBO WOOL JACKET / GRAY,https://image.msscdn.net/images/goods_img/20250811/5309552/5309552_17580909978201_500.jpg,False
2025-10,F,002015,기타 아우터,002,아우터,10,5316085,hugyourskin,허그유어스킨,체크 리버시블 후드 자켓 (블랙),https://image.msscdn.net/images/goods_img/20250812/5316085/5316085_17575739282604_500.jpg,False
2025-10,F,002015,기타 아우터,002,아우터,11,5309553,ason,애즈온,DUMBO WOOL JACKET / BLACK,https://image.msscdn.net/images/goods_img/20250811/5309553/5309553_17580906062795_500.jpg,False
2025-10,F,002015,기타 아우터,002,아우터,12,5309549,ason,애즈온,POSET CORDUROY JACKET,https://image.msscdn.net/images/goods_img/20250811/5309549/5309549_17580913907891_500.jpg,False
2025-10,F,002015,기타 아우터,002,아우터,13,1114845,musinsastandardwoman,무신사 스탠다드 우먼,우먼즈 트랜스폼 라운드 넥 라이트 다운 재킷 [블랙],https://image.msscdn.net/images/goods_img/20190809/1114845/1114845_17625006973499_500.jpg,False
2025-10,F,002015,기타 아우터,002,아우터,14,5445953,hondaxphyps,혼다 모터사이클,Piping Motorcycle Blouson Jacket (3Colors),https://image.msscdn.net/images/goods_img/20250911/5445953/5445953_17636221016104_500.jpg,False
2025-10,F,002015,기타 아우터,002,아우터,15,5409377,glowny,글로니,URBAN SUEDE JUMPER (BROWN),https://image.msscdn.net/images/goods_img/20250905/5409377/5409377_17574824687468_500.jpg,False
2025-10,F,002015,기타 아우터,002,아우터,16,5309413,ason,애즈온,SALT ZIP-UP / WHITE,https://image.msscdn.net/images/goods_img/20250811/5309413/5309413_17580915487506_500.jpg,False
2025-10,F,002015,기타 아우터,002,아우터,17,5527085,mixxo,미쏘,체크 후드 점퍼_MIWJJFT31C,https://image.msscdn.net/images/goods_img/20250925/5527085/5527085_17772683192855_500.jpg,False
2025-10,F,002015,기타 아우터,002,아우터,18,5409376,glowny,글로니,URBAN SUEDE JUMPER (BLACK),https://image.msscdn.net/images/goods_img/20250905/5409376/5409376_17574825155109_500.jpg,False
2025-10,F,002015,기타 아우터,002,아우터,19,5502933,nike,나이키,ACG 라바 플로우 써마 핏 ADV 재킷 M - 블랙:서밋 화이트 / HJ3736-010,https://image.msscdn.net/images/goods_img/20250922/5502933/5502933_17586884626594_500.jpg,False
2025-10,F,002015,기타 아우터,002,아우터,20,5338640,matinkim,마뗑킴,FAUX LEATHER HOODY CROP JUMPER IN BLACK,https://image.msscdn.net/images/goods_img/20250819/5338640/5338640_17582534098708_500.jpg,False
2025-10,F,002015,기타 아우터,002,아우터,21,5512833,ertr,이알티알,Frontier Corduroy Harrington Jacket Black,https://image.msscdn.net/images/goods_img/20250923/5512833/5512833_17586017212735_500.png,False
2025-10,F,002015,기타 아우터,002,아우터,22,5360729,salomon,살로몬,모디세이 패딩 자켓_LC2992200,https://image.msscdn.net/images/goods_img/20250825/5360729/5360729_17568113407097_500.jpg,False
2025-10,F,002015,기타 아우터,002,아우터,23,5463478,wellbeingexpress,웰빙익스프레스,Thinsulate Padded Jacket Brown,https://image.msscdn.net/images/goods_img/20250915/5463478/5463478_17579316529875_500.jpg,False
2025-10,F,002015,기타 아우터,002,아우터,24,5264561,bittercells,비터셀즈,스타 스포티 후드집업-오트밀,https://image.msscdn.net/images/goods_img/20250722/5264561/5264561_17671406103261_500.jpg,False
2025-10,F,002015,기타 아우터,002,아우터,25,5364805,adidas,아디다스,니트 트랙탑  - 차콜 / KC2650,https://image.msscdn.net/images/goods_img/20250826/5364805/5364805_17562569424744_500.jpg,False
2025-10,F,002015,기타 아우터,002,아우터,26,4440721,poloralphlauren,폴로 랄프 로렌,코튼 트윌 재킷-네이비,https://image.msscdn.net/images/goods_img/20240913/4440721/4440721_17292160301994_500.jpg,False
2025-10,F,002015,기타 아우터,002,아우터,27,4882190,thenorthface,노스페이스,NJ2HR03M 화이트라벨 포트렉 자켓_OFF WHITE,https://image.msscdn.net/images/goods_img/20250311/4882190/4882190_17416824520501_500.jpg,False
2025-10,F,002015,기타 아우터,002,아우터,28,1882525,umbro,엄브로,클래식 웜업 자켓 블랙(UQ321CJK93),https://image.msscdn.net/images/goods_img/20210406/1882525/1882525_17872779924432_500.jpg,False
2025-10,F,002015,기타 아우터,002,아우터,29,4439851,dickies,디키즈,트윌 워크 재킷 Khaki,https://image.msscdn.net/images/goods_img/20240913/4439851/4439851_17325800749993_500.jpg,False
2025-10,F,002015,기타 아우터,002,아우터,30,5487915,adidas,아디다스,컬러 재킷 - 다크블루 / JN0724,https://image.msscdn.net/images/goods_img/20250918/5487915/5487915_17585170098628_500.jpg,False
2025-10,F,003,바지,,,1,1735427,selfesteem,에스이에스티,[2PACK] 와이드핏 트레이닝 스웨트 팬츠 - 6Color,https://image.msscdn.net/images/goods_img/20210104/1735427/1735427_17646558259203_500.jpg,False
2025-10,F,003,바지,,,2,1844582,brenson,브렌슨,(Renew Ver.) 원턱 와이드 스웨트 팬츠 ( 8Color ) ( 기모선택 ),https://image.msscdn.net/images/goods_img/20210315/1844582/1844582_17774456564921_500.jpg,False
2025-10,F,003,바지,,,3,5338392,ambler,엠블러,Angel Star Patch 자수 원턱 스트링 와이드 스웨트 팬츠 AP903 (블랙),https://image.msscdn.net/images/goods_img/20250819/5338392/5338392_17564331759079_500.jpg,False
2025-10,F,003,바지,,,4,2112061,gakka2,가까이 유니언즈,[여름 or 기모 or 사계절 원단 선택] 원턱 와이드 스웨트팬츠 블랙,https://image.msscdn.net/images/goods_img/20210906/2112061/2112061_17459952841713_500.jpg,False
2025-10,F,003,바지,,,5,3791988,filluminate,필루미네이트,데미지 워시드 데님 팬츠-미디엄 블루,https://image.msscdn.net/images/goods_img/20240112/3791988/3791988_17894491801613_500.jpg,False
2025-10,F,003,바지,,,6,2820939,musinsastandardwoman,무신사 스탠다드 우먼,우먼즈 더블 니트 투 턱 와이드 라운지 스웨트 팬츠 [블랙],https://image.msscdn.net/images/goods_img/20220927/2820939/2820939_17625014945098_500.jpg,False
2025-10,F,003,바지,,,7,1551839,xero,제로,Deep One Tuck Sweat Pants [Black],https://image.msscdn.net/images/goods_img/20200818/1551839/1551839_1_500.jpg,False
2025-10,F,003,바지,,,8,2112059,gakka2,가까이 유니언즈,[여름 or 기모 or 사계절 원단 선택] 원턱 와이드 스웨트팬츠 그레이,https://image.msscdn.net/images/goods_img/20210906/2112059/2112059_17473624399256_500.jpg,False
2025-10,F,003,바지,,,9,1551840,xero,제로,Deep One Tuck Sweat Pants [Grey],https://image.msscdn.net/images/goods_img/20200818/1551840/1551840_1_500.jpg,False
2025-10,F,003,바지,,,10,4993414,signature,시그니처,와이드 커브드 다트 코튼 팬츠[베이지],https://image.msscdn.net/images/goods_img/20250407/4993414/4993414_17883391236407_500.jpg,False
2025-10,F,003,바지,,,11,5367961,dimitriblack,디미트리블랙,VLAD 원턱 커브드 트랙 스웻 팬츠_피그먼트 차콜,https://image.msscdn.net/images/goods_img/20250827/5367961/5367961_17564338248285_500.jpg,False
2025-10,F,003,바지,,,12,3674341,boundary,바운더리,투턱 와이드 롱 스웨트 팬츠 [블랙],https://image.msscdn.net/images/goods_img/20231101/3674341/3674341_17042599581270_500.jpg,False
2025-10,F,003,바지,,,13,2820940,musinsastandardwoman,무신사 스탠다드 우먼,우먼즈 더블 니트 투 턱 와이드 라운지 스웨트 팬츠 [미디엄 그레이],https://image.msscdn.net/images/goods_img/20220927/2820940/2820940_17625017266952_500.jpg,False
2025-10,F,003,바지,,,14,5308542,ghostrepublic,고스트리퍼블릭,커브드 사이드 핀턱 벌룬 스웨트팬츠 GLP-650_블랙,https://image.msscdn.net/images/goods_img/20250811/5308542/5308542_17560976834295_500.jpg,False
2025-10,F,003,바지,,,15,2818150,musinsastandardwoman,무신사 스탠다드 우먼,우먼즈 와이드 카고 팬츠 [블랙],https://image.msscdn.net/images/goods_img/20220926/2818150/2818150_17489933476409_500.jpg,False
2025-10,F,003,바지,,,16,5306789,scallywag,스켈리웩,[기모원단추가]88 크로스 백 패치 스웨트 팬츠[그레이],https://image.msscdn.net/images/goods_img/20250808/5306789/5306789_17872035459299_500.jpg,False
2025-10,F,003,바지,,,17,5290236,likethemost,라이크더모스트,레오파드 하트 포켓 아플리케 트레이닝 핀턱 와이드 팬츠_블랙,https://image.msscdn.net/images/goods_img/20250804/5290236/5290236_17546325692187_500.jpg,False
2025-10,F,003,바지,,,18,5308541,ghostrepublic,고스트리퍼블릭,커브드 사이드 핀턱 벌룬 스웨트팬츠 GLP-650_그레이,https://image.msscdn.net/images/goods_img/20250811/5308541/5308541_17560977545600_500.jpg,False
2025-10,F,003,바지,,,19,1596414,musinsastandardwoman,무신사 스탠다드 우먼,우먼즈 와이드 히든 밴딩 슬랙스 [블랙],https://image.msscdn.net/images/goods_img/20200911/1596414/1596414_17537745133548_500.jpg,False
2025-10,F,003,바지,,,20,4954945,era,이알에이,WOMEN ERA WIDE FIT DENIM PANTS - LIGHT BLUE,https://image.msscdn.net/images/prd_img/20250327/4954945/detail_4954945_17890908204525_500.jpg,False
2025-10,F,003,바지,,,21,750908,wholovesart,후러브스아트,[기모 or 논기모] 유니섹스 세미 와이드 밴딩 슬랙스 블랙,https://image.msscdn.net/images/goods_img/20180406/750908/750908_17736379434172_500.jpg,False
2025-10,F,003,바지,,,22,3575430,avan,어반드레스,Side Big Cargo Pants CAMO,https://image.msscdn.net/images/goods_img/20230919/3575430/3575430_17421696736376_500.jpg,False
2025-10,F,003,바지,,,23,4309321,anolorcode,어널러코드,엠보워싱 데님팬츠 (그린블루),https://image.msscdn.net/images/goods_img/20240808/4309321/4309321_17653412154290_500.png,False
2025-10,F,003,바지,,,24,4057732,lemainsecond,리메인세컨드,원턱 와이드 스웨트 팬츠 [그레이],https://image.msscdn.net/images/goods_img/20240416/4057732/4057732_17817553079562_500.jpg,False
2025-10,F,003,바지,,,25,4556447,scallywag,스켈리웩,[기모원단추가]벌룬핏 스웨트 팬츠[블랙],https://image.msscdn.net/images/goods_img/20241024/4556447/4556447_17890205647368_500.jpg,False
2025-10,F,003,바지,,,26,4993411,signature,시그니처,와이드 커브드 다트 코튼 팬츠[블랙],https://image.msscdn.net/images/goods_img/20250407/4993411/4993411_17853022954116_500.jpg,False
2025-10,F,003,바지,,,27,2551390,musinsastandardwoman,무신사 스탠다드 우먼,우먼즈 하이 웨이스트 와이드 히든 밴딩 슬랙스 [블랙],https://image.msscdn.net/images/goods_img/20220511/2551390/2551390_17537691701922_500.jpg,False
2025-10,F,003,바지,,,28,5078664,heleneparis,헬레네파리스,피그먼트 부츠컷 카고 팬츠 [블랙],https://image.msscdn.net/images/goods_img/20250429/5078664/5078664_17468643375282_500.jpg,False
2025-10,F,003,바지,,,29,2392464,musinsastandardwoman,무신사 스탠다드 우먼,우먼즈 릴렉스드 라운지 스웨트 팬츠 [블랙],https://image.msscdn.net/images/goods_img/20220302/2392464/2392464_17025395111179_500.jpg,False
2025-10,F,003,바지,,,30,4354890,ason,애즈온,SMOG WIDE PANTS / BLACK,https://image.msscdn.net/images/goods_img/20240821/4354890/4354890_17286367536857_500.jpg,False
2025-10,F,003002,데님 팬츠,003,바지,1,3791988,filluminate,필루미네이트,데미지 워시드 데님 팬츠-미디엄 블루,https://image.msscdn.net/images/goods_img/20240112/3791988/3791988_17894491801613_500.jpg,False
2025-10,F,003002,데님 팬츠,003,바지,2,4954945,era,이알에이,WOMEN ERA WIDE FIT DENIM PANTS - LIGHT BLUE,https://image.msscdn.net/images/prd_img/20250327/4954945/detail_4954945_17890908204525_500.jpg,False
2025-10,F,003002,데님 팬츠,003,바지,3,3575430,avan,어반드레스,Side Big Cargo Pants CAMO,https://image.msscdn.net/images/goods_img/20230919/3575430/3575430_17421696736376_500.jpg,False
2025-10,F,003002,데님 팬츠,003,바지,4,4309321,anolorcode,어널러코드,엠보워싱 데님팬츠 (그린블루),https://image.msscdn.net/images/goods_img/20240808/4309321/4309321_17653412154290_500.png,False
2025-10,F,003002,데님 팬츠,003,바지,5,4274049,lemainsecond,리메인세컨드,빈티지 캣워싱 와이드 데님 팬츠 [옐로우 워싱],https://image.msscdn.net/images/prd_img/20240725/4274049/detail_4274049_17757836079460_500.jpg,False
2025-10,F,003002,데님 팬츠,003,바지,6,3791990,filluminate,필루미네이트,데미지 워시드 데님 팬츠-블랙,https://image.msscdn.net/images/goods_img/20240112/3791990/3791990_17894492105263_500.jpg,False
2025-10,F,003002,데님 팬츠,003,바지,7,5546209,pleasenofollow,플리즈노팔로우,25Vintage Washing Boots-Cut Denim (Deep Grey),https://image.msscdn.net/images/goods_img/20250929/5546209/5546209_17809824687593_500.jpg,False
2025-10,F,003002,데님 팬츠,003,바지,8,1357768,musinsastandardwoman,무신사 스탠다드 우먼,우먼즈 와이드 데님 팬츠 [워시드 블랙],https://image.msscdn.net/images/goods_img/20200318/1357768/1357768_17673383440289_500.jpg,False
2025-10,F,003002,데님 팬츠,003,바지,9,4841127,pleasenofollow,플리즈노팔로우,25Vintage Washing Boots-Cut Denim (Blue),https://image.msscdn.net/images/goods_img/20250227/4841127/4841127_17412458947195_500.jpg,False
2025-10,F,003002,데님 팬츠,003,바지,10,1357771,musinsastandardwoman,무신사 스탠다드 우먼,우먼즈 와이드 데님 팬츠 [미디엄 인디고],https://image.msscdn.net/images/goods_img/20200318/1357771/1357771_17827149117318_500.jpg,False
2025-10,F,003002,데님 팬츠,003,바지,11,3826875,retrieverclub,리트리버클럽,TOMBOY DOG RAW DENIM [RAW INDIGO],https://image.msscdn.net/images/goods_img/20240126/3826875/3826875_17403767189600_500.jpg,False
2025-10,F,003002,데님 팬츠,003,바지,12,4798431,chambros,챔브로스,우먼즈 원턱 와이드 코튼 데님팬츠[블랙],https://image.msscdn.net/images/goods_img/20250218/4798431/4798431_17398485985913_500.jpg,False
2025-10,F,003002,데님 팬츠,003,바지,13,4786310,synerjyn,시너진,CAT WASHING DENIM PANTS DEEP BLUE,https://image.msscdn.net/images/goods_img/20250213/4786310/4786310_17720843745254_500.jpg,False
2025-10,F,003002,데님 팬츠,003,바지,14,4783444,wkndrs,위캔더스,FACE DENIM PANTS (S.GREY),https://image.msscdn.net/images/goods_img/20250212/4783444/4783444_17792579418828_500.png,False
2025-10,F,003002,데님 팬츠,003,바지,15,2303284,musinsastandardwoman,무신사 스탠다드 우먼,우먼즈 스트레이트 데님 팬츠 [미디엄 인디고],https://image.msscdn.net/images/goods_img/20220112/2303284/2303284_16903269603818_500.jpg,False
2025-10,F,003002,데님 팬츠,003,바지,16,3537134,artid,아티드,셀비 포켓 데님 팬츠_3COLORS,https://image.msscdn.net/images/goods_img/20230906/3537134/3537134_17887586767696_500.jpg,False
2025-10,F,003002,데님 팬츠,003,바지,17,5064188,suade,스웨이드,CONTOUR POCKET DENIM [WHITE],https://image.msscdn.net/images/goods_img/20250424/5064188/5064188_17454967027447_500.jpg,False
2025-10,F,003002,데님 팬츠,003,바지,18,4969769,aakam,아캄,Cinch Back Denim Pants (Black),https://image.msscdn.net/images/goods_img/20250331/4969769/4969769_17436563496409_500.jpg,False
2025-10,F,003002,데님 팬츠,003,바지,19,3455332,musinsastandardwoman,무신사 스탠다드 우먼,우먼즈 패널 와이드 데님 팬츠 [딥 인디고],https://image.msscdn.net/images/goods_img/20230809/3455332/3455332_16956129961589_500.jpg,False
2025-10,F,003002,데님 팬츠,003,바지,20,5383873,mimthewardrobe,밈더워드로브,유스 커브드  어웨이 팬츠_블루,https://image.msscdn.net/images/goods_img/20250901/5383873/5383873_17570535489848_500.jpg,False
2025-10,F,003002,데님 팬츠,003,바지,21,5364819,adidas,아디다스,ADILENIUM 3 바나나 워시드 데님 팬츠 - 라이트데님 / KG0200,https://image.msscdn.net/images/goods_img/20250826/5364819/5364819_17567742410796_500.jpg,False
2025-10,F,003002,데님 팬츠,003,바지,22,4316264,mongdol,몽돌,워싱 와이드 데님 진 그레이 MDPT060GRAY,https://image.msscdn.net/images/goods_img/20240809/4316264/4316264_17236238728225_500.jpg,False
2025-10,F,003002,데님 팬츠,003,바지,23,4642930,musinsastandardwoman,무신사 스탠다드 우먼,우먼즈 와이드 데님 팬츠 [블랙],https://image.msscdn.net/images/goods_img/20241129/4642930/4642930_17827152570227_500.jpg,False
2025-10,F,003002,데님 팬츠,003,바지,24,5360236,guess,게스,[CORE] 흑청 와이드 YP3D9135,https://image.msscdn.net/images/goods_img/20250825/5360236/5360236_17561972717809_500.jpg,False
2025-10,F,003002,데님 팬츠,003,바지,25,4072132,dysfunct,디스펑트,KEY RING WASHING DENIM PANTS(BLUE),https://image.msscdn.net/images/goods_img/20240422/4072132/4072132_17137526006998_500.jpg,False
2025-10,F,003002,데님 팬츠,003,바지,26,4396830,millowomen,밀로 우먼,스트라이프 벌룬 진 [워시드 블랙],https://image.msscdn.net/images/goods_img/20240903/4396830/4396830_17605812315816_500.jpg,False
2025-10,F,003002,데님 팬츠,003,바지,27,4274045,lemainsecond,리메인세컨드,빈티지 캣워싱 와이드 데님 팬츠 [샌드 블루],https://image.msscdn.net/images/goods_img/20240725/4274045/4274045_17888435557697_500.jpg,False
2025-10,F,003002,데님 팬츠,003,바지,28,4959798,era,이알에이,WOMEN ERA WIDE FIT DENIM PANTS - BLACK,https://image.msscdn.net/images/prd_img/20250328/4959798/detail_4959798_17890912739176_500.jpg,False
2025-10,F,003002,데님 팬츠,003,바지,29,5347636,urbanstoff,어반스터프,언커버 체크 데님 팬츠 (다크 블루),https://image.msscdn.net/images/goods_img/20250821/5347636/5347636_17570397321265_500.jpg,False
2025-10,F,003002,데님 팬츠,003,바지,30,2092852,goodlifeworks,굿라이프웍스,이지 와이드 데님 팬츠 그레이,https://image.msscdn.net/images/goods_img/20210826/2092852/2092852_17086532214128_500.jpg,False
2025-10,F,003004,트레이닝/조거 팬츠,003,바지,1,1735427,selfesteem,에스이에스티,[2PACK] 와이드핏 트레이닝 스웨트 팬츠 - 6Color,https://image.msscdn.net/images/goods_img/20210104/1735427/1735427_17646558259203_500.jpg,False
2025-10,F,003004,트레이닝/조거 팬츠,003,바지,2,1844582,brenson,브렌슨,(Renew Ver.) 원턱 와이드 스웨트 팬츠 ( 8Color ) ( 기모선택 ),https://image.msscdn.net/images/goods_img/20210315/1844582/1844582_17774456564921_500.jpg,False
2025-10,F,003004,트레이닝/조거 팬츠,003,바지,3,5338392,ambler,엠블러,Angel Star Patch 자수 원턱 스트링 와이드 스웨트 팬츠 AP903 (블랙),https://image.msscdn.net/images/goods_img/20250819/5338392/5338392_17564331759079_500.jpg,False
2025-10,F,003004,트레이닝/조거 팬츠,003,바지,4,2112061,gakka2,가까이 유니언즈,[여름 or 기모 or 사계절 원단 선택] 원턱 와이드 스웨트팬츠 블랙,https://image.msscdn.net/images/goods_img/20210906/2112061/2112061_17459952841713_500.jpg,False
2025-10,F,003004,트레이닝/조거 팬츠,003,바지,5,2820939,musinsastandardwoman,무신사 스탠다드 우먼,우먼즈 더블 니트 투 턱 와이드 라운지 스웨트 팬츠 [블랙],https://image.msscdn.net/images/goods_img/20220927/2820939/2820939_17625014945098_500.jpg,False
2025-10,F,003004,트레이닝/조거 팬츠,003,바지,6,1551839,xero,제로,Deep One Tuck Sweat Pants [Black],https://image.msscdn.net/images/goods_img/20200818/1551839/1551839_1_500.jpg,False
2025-10,F,003004,트레이닝/조거 팬츠,003,바지,7,2112059,gakka2,가까이 유니언즈,[여름 or 기모 or 사계절 원단 선택] 원턱 와이드 스웨트팬츠 그레이,https://image.msscdn.net/images/goods_img/20210906/2112059/2112059_17473624399256_500.jpg,False
2025-10,F,003004,트레이닝/조거 팬츠,003,바지,8,1551840,xero,제로,Deep One Tuck Sweat Pants [Grey],https://image.msscdn.net/images/goods_img/20200818/1551840/1551840_1_500.jpg,False
2025-10,F,003004,트레이닝/조거 팬츠,003,바지,9,5367961,dimitriblack,디미트리블랙,VLAD 원턱 커브드 트랙 스웻 팬츠_피그먼트 차콜,https://image.msscdn.net/images/goods_img/20250827/5367961/5367961_17564338248285_500.jpg,False
2025-10,F,003004,트레이닝/조거 팬츠,003,바지,10,3674341,boundary,바운더리,투턱 와이드 롱 스웨트 팬츠 [블랙],https://image.msscdn.net/images/goods_img/20231101/3674341/3674341_17042599581270_500.jpg,False
2025-10,F,003004,트레이닝/조거 팬츠,003,바지,11,2820940,musinsastandardwoman,무신사 스탠다드 우먼,우먼즈 더블 니트 투 턱 와이드 라운지 스웨트 팬츠 [미디엄 그레이],https://image.msscdn.net/images/goods_img/20220927/2820940/2820940_17625017266952_500.jpg,False
2025-10,F,003004,트레이닝/조거 팬츠,003,바지,12,5308542,ghostrepublic,고스트리퍼블릭,커브드 사이드 핀턱 벌룬 스웨트팬츠 GLP-650_블랙,https://image.msscdn.net/images/goods_img/20250811/5308542/5308542_17560976834295_500.jpg,False
2025-10,F,003004,트레이닝/조거 팬츠,003,바지,13,2818150,musinsastandardwoman,무신사 스탠다드 우먼,우먼즈 와이드 카고 팬츠 [블랙],https://image.msscdn.net/images/goods_img/20220926/2818150/2818150_17489933476409_500.jpg,False
2025-10,F,003004,트레이닝/조거 팬츠,003,바지,14,5306789,scallywag,스켈리웩,[기모원단추가]88 크로스 백 패치 스웨트 팬츠[그레이],https://image.msscdn.net/images/goods_img/20250808/5306789/5306789_17872035459299_500.jpg,False
2025-10,F,003004,트레이닝/조거 팬츠,003,바지,15,5290236,likethemost,라이크더모스트,레오파드 하트 포켓 아플리케 트레이닝 핀턱 와이드 팬츠_블랙,https://image.msscdn.net/images/goods_img/20250804/5290236/5290236_17546325692187_500.jpg,False
2025-10,F,003004,트레이닝/조거 팬츠,003,바지,16,5308541,ghostrepublic,고스트리퍼블릭,커브드 사이드 핀턱 벌룬 스웨트팬츠 GLP-650_그레이,https://image.msscdn.net/images/goods_img/20250811/5308541/5308541_17560977545600_500.jpg,False
2025-10,F,003004,트레이닝/조거 팬츠,003,바지,17,4057732,lemainsecond,리메인세컨드,원턱 와이드 스웨트 팬츠 [그레이],https://image.msscdn.net/images/goods_img/20240416/4057732/4057732_17817553079562_500.jpg,False
2025-10,F,003004,트레이닝/조거 팬츠,003,바지,18,4556447,scallywag,스켈리웩,[기모원단추가]벌룬핏 스웨트 팬츠[블랙],https://image.msscdn.net/images/goods_img/20241024/4556447/4556447_17890205647368_500.jpg,False
2025-10,F,003004,트레이닝/조거 팬츠,003,바지,19,2392464,musinsastandardwoman,무신사 스탠다드 우먼,우먼즈 릴렉스드 라운지 스웨트 팬츠 [블랙],https://image.msscdn.net/images/goods_img/20220302/2392464/2392464_17025395111179_500.jpg,False
2025-10,F,003004,트레이닝/조거 팬츠,003,바지,20,1324127,musinsastandardwoman,무신사 스탠다드 우먼,우먼즈 플랫 테리 와이드 라운지 스웨트 팬츠 [블랙],https://image.msscdn.net/images/goods_img/20200226/1324127/1324127_17155613959754_500.jpg,False
2025-10,F,003004,트레이닝/조거 팬츠,003,바지,21,2837340,prendafromplant,프렌다,COOL TO WORK JOGGER PANTS NAVY,https://image.msscdn.net/images/goods_img/20221004/2837340/2837340_1_500.jpg,False
2025-10,F,003004,트레이닝/조거 팬츠,003,바지,22,4787238,signature,시그니처,[겨울원단추가]더블턱 와이드 트레이닝 팬츠[2COLORS],https://image.msscdn.net/images/goods_img/20250213/4787238/4787238_17872918377778_500.jpg,False
2025-10,F,003004,트레이닝/조거 팬츠,003,바지,23,4556449,scallywag,스켈리웩,[기모원단추가]벌룬핏 스웨트 팬츠[라이트그레이],https://image.msscdn.net/images/goods_img/20241024/4556449/4556449_17891087880393_500.jpg,False
2025-10,F,003004,트레이닝/조거 팬츠,003,바지,24,2744549,anolorcode,어널러코드,사계절 쓰리턱 트레이닝팬츠 (2color),https://image.msscdn.net/images/goods_img/20220825/2744549/2744549_17848712083816_500.jpg,False
2025-10,F,003004,트레이닝/조거 팬츠,003,바지,25,5333542,yosemite,요세미티,핀턱 카펜터 와이드 스웨트 팬츠 YLP-601,https://image.msscdn.net/images/goods_img/20250818/5333542/5333542_17857334672259_500.jpg,False
2025-10,F,003004,트레이닝/조거 팬츠,003,바지,26,3443300,likethemost,라이크더모스트,트레이닝 핀턱 와이드 팬츠 7colors,https://image.msscdn.net/images/goods_img/20230803/3443300/3443300_16913680049186_500.jpg,False
2025-10,F,003004,트레이닝/조거 팬츠,003,바지,27,4057671,lemainsecond,리메인세컨드,원턱 와이드 스웨트 팬츠 [블랙],https://image.msscdn.net/images/goods_img/20240416/4057671/4057671_17817553340054_500.jpg,False
2025-10,F,003004,트레이닝/조거 팬츠,003,바지,28,5306791,scallywag,스켈리웩,[기모원단추가]88 크로스 백 패치 스웨트 팬츠[블랙],https://image.msscdn.net/images/goods_img/20250808/5306791/5306791_17872033867218_500.jpg,False
2025-10,F,003004,트레이닝/조거 팬츠,003,바지,29,1324128,musinsastandardwoman,무신사 스탠다드 우먼,우먼즈 플랫 테리 와이드 라운지 스웨트 팬츠 [미디엄 그레이],https://image.msscdn.net/images/goods_img/20200226/1324128/1324128_2_500.jpg,False
2025-10,F,003004,트레이닝/조거 팬츠,003,바지,30,4723172,luvistrue,러브이즈트루,IM POCKET TRANING PANTS(2COLOR),https://image.msscdn.net/images/goods_img/20250115/4723172/4723172_17369330727182_500.jpg,False
2025-10,F,003007,코튼 팬츠,003,바지,1,4993414,signature,시그니처,와이드 커브드 다트 코튼 팬츠[베이지],https://image.msscdn.net/images/goods_img/20250407/4993414/4993414_17883391236407_500.jpg,False
2025-10,F,003007,코튼 팬츠,003,바지,2,4993411,signature,시그니처,와이드 커브드 다트 코튼 팬츠[블랙],https://image.msscdn.net/images/goods_img/20250407/4993411/4993411_17853022954116_500.jpg,False
2025-10,F,003007,코튼 팬츠,003,바지,3,5078664,heleneparis,헬레네파리스,피그먼트 부츠컷 카고 팬츠 [블랙],https://image.msscdn.net/images/goods_img/20250429/5078664/5078664_17468643375282_500.jpg,False
2025-10,F,003007,코튼 팬츠,003,바지,4,4354890,ason,애즈온,SMOG WIDE PANTS / BLACK,https://image.msscdn.net/images/goods_img/20240821/4354890/4354890_17286367536857_500.jpg,False
2025-10,F,003007,코튼 팬츠,003,바지,5,5322177,nastyfancyclub,팬시클럽,크로스 포켓 카고 팬츠 (PINK BEIGE) F25ZD976,https://image.msscdn.net/images/goods_img/20250813/5322177/5322177_17579107060050_500.jpg,False
2025-10,F,003007,코튼 팬츠,003,바지,6,4483611,thecoldestmoment,더콜디스트모먼트,TCM starfish sweat pants (black),https://image.msscdn.net/images/goods_img/20241002/4483611/4483611_17306794095498_500.jpg,False
2025-10,F,003007,코튼 팬츠,003,바지,7,4293032,thecoldestmoment,더콜디스트모먼트,TCM starfish chino pants (black),https://image.msscdn.net/images/goods_img/20240802/4293032/4293032_17231900851488_500.jpg,False
2025-10,F,003007,코튼 팬츠,003,바지,8,5313017,heleneparis,헬레네파리스,피그먼트 스터드 부츠컷 팬츠 [블랙],https://image.msscdn.net/images/goods_img/20250812/5313017/5313017_17554916382684_500.jpg,False
2025-10,F,003007,코튼 팬츠,003,바지,9,4293047,thecoldestmoment,더콜디스트모먼트,TCM starfish chino pants (brown),https://image.msscdn.net/images/goods_img/20240802/4293047/4293047_17231900499261_500.jpg,False
2025-10,F,003007,코튼 팬츠,003,바지,10,5322174,nastyfancyclub,팬시클럽,크로스 포켓 카고 팬츠 (BLACK) F25ZD976,https://image.msscdn.net/images/goods_img/20250813/5322174/5322174_17787220128839_500.png,False
2025-10,F,003007,코튼 팬츠,003,바지,11,4483613,thecoldestmoment,더콜디스트모먼트,TCM starfish sweat pants (grey),https://image.msscdn.net/images/goods_img/20241002/4483613/4483613_17306793467842_500.jpg,False
2025-10,F,003007,코튼 팬츠,003,바지,12,5404586,thecoldestmoment,더콜디스트모먼트,TCM multi cargo pants (beige),https://image.msscdn.net/images/goods_img/20250904/5404586/5404586_17581807700969_500.jpg,False
2025-10,F,003007,코튼 팬츠,003,바지,13,5338367,anolorcodewoman,어널러코드 우먼,로우 커브드 와이드팬츠 (3color),https://image.msscdn.net/images/goods_img/20250819/5338367/5338367_17652429676327_500.png,False
2025-10,F,003007,코튼 팬츠,003,바지,14,4250210,urbandtype,어반디타입,홈보이 벌룬 워크 팬츠_베이지,https://image.msscdn.net/images/goods_img/20240715/4250210/4250210_17877232200000_500.jpg,False
2025-10,F,003007,코튼 팬츠,003,바지,15,3684419,dickies,디키즈,더블니 85283 루즈핏 워크팬츠 Black,https://image.msscdn.net/images/goods_img/20231103/3684419/3684419_17751985153031_500.jpg,False
2025-10,F,003007,코튼 팬츠,003,바지,16,4761176,misekiseoul,미세키서울,Line pocket cargo pants BLACK,https://image.msscdn.net/images/goods_img/20250205/4761176/4761176_17816747200609_500.jpg,False
2025-10,F,003007,코튼 팬츠,003,바지,17,5306799,scallywag,스켈리웩,포인트 체크 논페이드 데님 팬츠[인디고],https://image.msscdn.net/images/goods_img/20250808/5306799/5306799_17560943642681_500.jpg,False
2025-10,F,003007,코튼 팬츠,003,바지,18,5306798,scallywag,스켈리웩,포인트 체크 논페이드 데님 팬츠[브라운],https://image.msscdn.net/images/goods_img/20250808/5306798/5306798_17560943963976_500.jpg,False
2025-10,F,003007,코튼 팬츠,003,바지,19,2818151,musinsastandardwoman,무신사 스탠다드 우먼,우먼즈 와이드 카고 팬츠 [크림],https://image.msscdn.net/images/goods_img/20220926/2818151/2818151_17273159150473_500.jpg,False
2025-10,F,003007,코튼 팬츠,003,바지,20,5392298,thecoldestmoment,더콜디스트모먼트,TCM on sweat pants (navy),https://image.msscdn.net/images/goods_img/20250902/5392298/5392298_17581808161555_500.jpg,False
2025-10,F,003007,코튼 팬츠,003,바지,21,5166562,musinsastandardwoman,무신사 스탠다드 우먼,우먼즈 딥 턱 엑스트라 와이드 치노 팬츠 [베이지],https://image.msscdn.net/images/goods_img/20250604/5166562/5166562_17568822639075_500.jpg,False
2025-10,F,003007,코튼 팬츠,003,바지,22,4768374,someplace,썸플레이스,레터링 프린티드 베이직 벌룬핏 와이드 코튼 팬츠[블랙],https://image.msscdn.net/images/goods_img/20250207/4768374/4768374_17422602488664_500.jpg,False
2025-10,F,003007,코튼 팬츠,003,바지,23,5404596,thecoldestmoment,더콜디스트모먼트,TCM multi cargo pants (black),https://image.msscdn.net/images/goods_img/20250904/5404596/5404596_17581807496361_500.jpg,False
2025-10,F,003007,코튼 팬츠,003,바지,24,4768378,someplace,썸플레이스,레터링 프린티드 베이직 벌룬핏 와이드 코튼 팬츠[베이지],https://image.msscdn.net/images/goods_img/20250207/4768378/4768378_17422602120821_500.jpg,False
2025-10,F,003007,코튼 팬츠,003,바지,25,3378574,musinsastandardwoman,무신사 스탠다드 우먼,우먼즈 와이드 카펜터 팬츠 [베이지],https://image.msscdn.net/images/goods_img/20230622/3378574/3378574_16950909311453_500.jpg,False
2025-10,F,003007,코튼 팬츠,003,바지,26,5271284,xtonzwoman,루나키후,WXP060 치토세 스냅 코튼 벌룬 팬츠 (BLACK),https://image.msscdn.net/images/goods_img/20250724/5271284/5271284_17573825924543_500.jpg,False
2025-10,F,003007,코튼 팬츠,003,바지,27,5313497,signature,시그니처,트위스트 커브드 코튼 팬츠[블랙],https://image.msscdn.net/images/goods_img/20250812/5313497/5313497_17872917179333_500.jpg,False
2025-10,F,003007,코튼 팬츠,003,바지,28,5313499,signature,시그니처,트위스트 커브드 코튼 팬츠[브라운],https://image.msscdn.net/images/goods_img/20250812/5313499/5313499_17872916471005_500.jpg,False
2025-10,F,003007,코튼 팬츠,003,바지,29,3285424,musinsastandardwoman,무신사 스탠다드 우먼,우먼즈 와이드 카고 팬츠 [다크 그레이],https://image.msscdn.net/images/goods_img/20230509/3285424/3285424_16964871233361_500.jpg,False
2025-10,F,003007,코튼 팬츠,003,바지,30,5158802,tansanmagnesium,탄산마그네슘,77 아플리케 팬츠 블랙,https://image.msscdn.net/images/goods_img/20250530/5158802/5158802_17490318656329_500.jpg,False
2025-10,F,003008,슈트 팬츠/슬랙스,003,바지,1,1596414,musinsastandardwoman,무신사 스탠다드 우먼,우먼즈 와이드 히든 밴딩 슬랙스 [블랙],https://image.msscdn.net/images/goods_img/20200911/1596414/1596414_17537745133548_500.jpg,False
2025-10,F,003008,슈트 팬츠/슬랙스,003,바지,2,750908,wholovesart,후러브스아트,[기모 or 논기모] 유니섹스 세미 와이드 밴딩 슬랙스 블랙,https://image.msscdn.net/images/goods_img/20180406/750908/750908_17736379434172_500.jpg,False
2025-10,F,003008,슈트 팬츠/슬랙스,003,바지,3,2551390,musinsastandardwoman,무신사 스탠다드 우먼,우먼즈 하이 웨이스트 와이드 히든 밴딩 슬랙스 [블랙],https://image.msscdn.net/images/goods_img/20220511/2551390/2551390_17537691701922_500.jpg,False
2025-10,F,003008,슈트 팬츠/슬랙스,003,바지,4,2792571,musinsastandardwoman,무신사 스탠다드 우먼,우먼즈 세미 부츠 컷 히든 밴딩 슬랙스 [블랙],https://image.msscdn.net/images/goods_img/20220915/2792571/2792571_17851425097064_500.jpg,False
2025-10,F,003008,슈트 팬츠/슬랙스,003,바지,5,2551384,musinsastandardwoman,무신사 스탠다드 우먼,우먼즈 스트레이트 히든 밴딩 슬랙스 [블랙],https://image.msscdn.net/images/goods_img/20220511/2551384/2551384_17852055625618_500.jpg,False
2025-10,F,003008,슈트 팬츠/슬랙스,003,바지,6,1853715,musinsastandardwoman,무신사 스탠다드 우먼,우먼즈 웨이스트밴들리스 와이드 슬랙스 [블랙],https://image.msscdn.net/images/goods_img/20210319/1853715/1853715_17851447163608_500.jpg,False
2025-10,F,003008,슈트 팬츠/슬랙스,003,바지,7,1600384,musinsastandardwoman,무신사 스탠다드 우먼,우먼즈 리얼 와이드 벨티드 슬랙스 [블랙],https://image.msscdn.net/images/goods_img/20200914/1600384/1600384_1_500.jpg,False
2025-10,F,003008,슈트 팬츠/슬랙스,003,바지,8,1851966,musinsastandardwoman,무신사 스탠다드 우먼,우먼즈 와이드 히든 밴딩 슬랙스 [차콜 그레이],https://image.msscdn.net/images/goods_img/20210318/1851966/1851966_2_500.jpg,False
2025-10,F,003008,슈트 팬츠/슬랙스,003,바지,9,2093494,musinsastandardwoman,무신사 스탠다드 우먼,우먼즈 와이드 히든 밴딩 슬랙스 [미디엄 그레이],https://image.msscdn.net/images/goods_img/20210827/2093494/2093494_17851411192153_500.jpg,False
2025-10,F,003008,슈트 팬츠/슬랙스,003,바지,10,4624151,musinsastandardwoman,무신사 스탠다드 우먼,우먼즈 하이 웨이스트 와이드 히든 밴딩 슬랙스 [차콜 그레이],https://image.msscdn.net/images/goods_img/20241119/4624151/4624151_17520409941835_500.jpg,False
2025-10,F,003008,슈트 팬츠/슬랙스,003,바지,11,5310984,dimitriblack,디미트리블랙,어드저스트 투턱 와이드 슬랙스_스트라이프 차콜,https://image.msscdn.net/images/goods_img/20250811/5310984/5310984_17551515636020_500.jpg,False
2025-10,F,003008,슈트 팬츠/슬랙스,003,바지,12,2093493,musinsastandardwoman,무신사 스탠다드 우먼,우먼즈 리얼 와이드 벨티드 슬랙스 [미디엄 그레이],https://image.msscdn.net/images/goods_img/20210827/2093493/2093493_4_500.jpg,False
2025-10,F,003008,슈트 팬츠/슬랙스,003,바지,13,4459426,mongdol,몽돌,윈터ver) 원 턱 와이드 슬랙스 블랙 MDPT025FWBLACK,https://image.msscdn.net/images/goods_img/20240924/4459426/4459426_17586015278527_500.jpg,False
2025-10,F,003008,슈트 팬츠/슬랙스,003,바지,14,2568732,musinsastandard,무신사 스탠다드,젠더리스 와이드 밴딩 슬랙스 [블랙],https://image.msscdn.net/images/goods_img/20220518/2568732/2568732_1_500.jpg,False
2025-10,F,003008,슈트 팬츠/슬랙스,003,바지,15,2578996,signature,시그니처,[겨울원단추가]더블턱 와이드 슬랙스[블랙],https://image.msscdn.net/images/goods_img/20220524/2578996/2578996_17870331293023_500.jpg,False
2025-10,F,003008,슈트 팬츠/슬랙스,003,바지,16,2551372,musinsastandardwoman,무신사 스탠다드 우먼,우먼즈 리버스 투 턱 와이드 히든 밴딩 슬랙스 [블랙],https://image.msscdn.net/images/goods_img/20220511/2551372/2551372_1_500.jpg,False
2025-10,F,003008,슈트 팬츠/슬랙스,003,바지,17,4326492,musinsastandardwoman,무신사 스탠다드 우먼,우먼즈 로 웨이스트 딥 턱 와이드 히든 밴딩 슬랙스 [블랙],https://image.msscdn.net/images/goods_img/20240813/4326492/4326492_17296613610958_500.jpg,False
2025-10,F,003008,슈트 팬츠/슬랙스,003,바지,18,2551392,musinsastandardwoman,무신사 스탠다드 우먼,우먼즈 하이 웨이스트 와이드 히든 밴딩 슬랙스 [더스티 베이지],https://image.msscdn.net/images/goods_img/20220511/2551392/2551392_17851429480633_500.jpg,False
2025-10,F,003008,슈트 팬츠/슬랙스,003,바지,19,2117266,musinsastandardwoman,무신사 스탠다드 우먼,우먼즈 헤비웨이트 속기모 스트레이트 히든 밴딩 슬랙스 [블랙],https://image.msscdn.net/images/goods_img/20210908/2117266/2117266_2_500.jpg,False
2025-10,F,003008,슈트 팬츠/슬랙스,003,바지,20,2240942,musinsastandardwoman,무신사 스탠다드 우먼,우먼즈 웨이스트밴들리스 와이드 슬랙스 [미디엄 그레이],https://image.msscdn.net/images/goods_img/20211119/2240942/2240942_17851442018439_500.jpg,False
2025-10,F,003008,슈트 팬츠/슬랙스,003,바지,21,4624150,musinsastandardwoman,무신사 스탠다드 우먼,우먼즈 하이 웨이스트 와이드 히든 밴딩 슬랙스 [다크 브라운],https://image.msscdn.net/images/goods_img/20241119/4624150/4624150_17520410083027_500.jpg,False
2025-10,F,003008,슈트 팬츠/슬랙스,003,바지,22,3084033,mongdol,몽돌,원턱 와이드 슬랙스 블랙 MDPT025BLACK,https://image.msscdn.net/images/goods_img/20230215/3084033/3084033_17877205800632_500.jpg,False
2025-10,F,003008,슈트 팬츠/슬랙스,003,바지,23,5292437,musinsastandardwoman,무신사 스탠다드 우먼,우먼즈 랩 스커트 레이어드 슬랙스 [그레이],https://image.msscdn.net/images/goods_img/20250805/5292437/5292437_17612062002798_500.jpg,False
2025-10,F,003008,슈트 팬츠/슬랙스,003,바지,24,1595815,musinsastandardwoman,무신사 스탠다드 우먼,우먼즈 슬림 스트레이트 히든 밴딩 슬랙스 [블랙],https://image.msscdn.net/images/goods_img/20200910/1595815/1595815_3_500.jpg,False
2025-10,F,003008,슈트 팬츠/슬랙스,003,바지,25,2551391,musinsastandardwoman,무신사 스탠다드 우먼,우먼즈 하이 웨이스트 와이드 히든 밴딩 슬랙스 [그레이],https://image.msscdn.net/images/goods_img/20220511/2551391/2551391_17155660467685_500.jpg,False
2025-10,F,003008,슈트 팬츠/슬랙스,003,바지,26,4327580,vivacious,비바셔스,Par Pintuck Bootscut Slacks BLACK,https://image.msscdn.net/images/goods_img/20240813/4327580/4327580_17252606602623_500.jpg,False
2025-10,F,003008,슈트 팬츠/슬랙스,003,바지,27,4644447,musinsastandardwoman,무신사 스탠다드 우먼,우먼즈 로 웨이스트 딥 턱 엑스트라 와이드 히든 밴딩 슬랙스 [블랙],https://image.msscdn.net/images/goods_img/20241202/4644447/4644447_17721598312537_500.jpg,False
2025-10,F,003008,슈트 팬츠/슬랙스,003,바지,28,5292436,musinsastandardwoman,무신사 스탠다드 우먼,우먼즈 랩 스커트 레이어드 슬랙스 [블랙],https://image.msscdn.net/images/goods_img/20250805/5292436/5292436_17563645707070_500.jpg,False
2025-10,F,003008,슈트 팬츠/슬랙스,003,바지,29,2551394,musinsastandardwoman,무신사 스탠다드 우먼,우먼즈 하이 웨이스트 와이드 히든 밴딩 슬랙스 [미디엄 그레이],https://image.msscdn.net/images/goods_img/20220511/2551394/2551394_17155598636097_500.jpg,False
2025-10,F,003008,슈트 팬츠/슬랙스,003,바지,30,2792605,musinsastandardwoman,무신사 스탠다드 우먼,우먼즈 헤비웨이트 속기모 하이 웨이스트 와이드 히든 밴딩 슬랙스 [블랙],https://image.msscdn.net/images/goods_img/20220915/2792605/2792605_16896643176515_500.jpg,False
2025-10,F,003009,숏 팬츠,003,바지,1,3378570,musinsastandardwoman,무신사 스탠다드 우먼,우먼즈 원 턱 와이드 코듀로이 쇼츠 [블랙],https://image.msscdn.net/images/goods_img/20230622/3378570/3378570_17677815944713_500.jpg,False
2025-10,F,003009,숏 팬츠,003,바지,2,3378572,musinsastandardwoman,무신사 스탠다드 우먼,우먼즈 원 턱 와이드 코듀로이 쇼츠 [카키 브라운],https://image.msscdn.net/images/goods_img/20230622/3378572/3378572_17677815533394_500.jpg,False
2025-10,F,003009,숏 팬츠,003,바지,3,5132747,etreausommet,에트오소메,Leather Patch Cargo Short Pants (Black),https://image.msscdn.net/images/goods_img/20250520/5132747/5132747_17477939117158_500.jpg,False
2025-10,F,003009,숏 팬츠,003,바지,4,4655528,rife,러닝라이프,스포츠 반바지 쇼츠 프로 (2IN1),https://image.msscdn.net/images/goods_img/20241208/4655528/4655528_17848724072396_500.png,False
2025-10,F,003009,숏 팬츠,003,바지,5,5167870,adidas,아디다스,와플 숏 팬츠 - 다크브라운 / KB5464,https://image.msscdn.net/images/goods_img/20250605/5167870/5167870_17498074441271_500.jpg,False
2025-10,F,003009,숏 팬츠,003,바지,6,1926034,xero,제로,Deep One Tuck Sweat Shorts [Black],https://image.msscdn.net/images/goods_img/20210428/1926034/1926034_1_500.jpg,False
2025-10,F,003009,숏 팬츠,003,바지,7,5256111,rife,러닝라이프,스포츠 투인원 러닝 프로 쇼츠 플러스,https://image.msscdn.net/images/goods_img/20250718/5256111/5256111_17736471265189_500.png,False
2025-10,F,003009,숏 팬츠,003,바지,8,5339040,musinsastandardwoman,무신사 스탠다드 우먼,우먼즈 미니 부클 니트 쇼츠 [블랙],https://image.msscdn.net/images/goods_img/20250819/5339040/5339040_17568827461949_500.jpg,False
2025-10,F,003009,숏 팬츠,003,바지,9,3703255,glowny,글로니,G CLASSIC RIB SHORTS (BLACK),https://image.msscdn.net/images/goods_img/20231110/3703255/3703255_17012603094566_500.jpg,False
2025-10,F,003009,숏 팬츠,003,바지,10,4970624,chicks,칙스,멀티스터드 숏팬츠 블랙,https://image.msscdn.net/images/goods_img/20250401/4970624/4970624_17551596319494_500.jpg,False
2025-10,F,003009,숏 팬츠,003,바지,11,2574822,brenson,브렌슨,(Renew Ver.) 원턱 와이드 반바지 ( 6Color ),https://image.msscdn.net/images/goods_img/20220523/2574822/2574822_17774456124536_500.jpg,False
2025-10,F,003009,숏 팬츠,003,바지,12,5167869,adidas,아디다스,와플 숏 팬츠 - 네이비 / KB5463,https://image.msscdn.net/images/goods_img/20250605/5167869/5167869_17495318179433_500.jpg,False
2025-10,F,003009,숏 팬츠,003,바지,13,4076337,lemainsecond,리메인세컨드,버뮤다 와이드 원턱 스웨트 쇼츠_3COLOR,https://image.msscdn.net/images/goods_img/20240423/4076337/4076337_17645527519078_500.jpg,False
2025-10,F,003009,숏 팬츠,003,바지,14,3378571,musinsastandardwoman,무신사 스탠다드 우먼,우먼즈 원 턱 와이드 코듀로이 쇼츠 [크림],https://image.msscdn.net/images/goods_img/20230622/3378571/3378571_17677814993888_500.jpg,False
2025-10,F,003009,숏 팬츠,003,바지,15,3868162,michikolondon,미치코런던,유니언잭 골지 쇼츠 블랙,https://image.msscdn.net/images/goods_img/20240214/3868162/3868162_17084924878082_500.jpg,False
2025-10,F,003009,숏 팬츠,003,바지,16,5166578,musinsastandardwoman,무신사 스탠다드 우먼,우먼즈 11W 코듀로이 버뮤다 팬츠 [블랙],https://image.msscdn.net/images/goods_img/20250604/5166578/5166578_17580756917878_500.jpg,False
2025-10,F,003009,숏 팬츠,003,바지,17,5166579,musinsastandardwoman,무신사 스탠다드 우먼,우먼즈 11W 코듀로이 버뮤다 팬츠 [브라운],https://image.msscdn.net/images/goods_img/20250604/5166579/5166579_17580756759831_500.jpg,False
2025-10,F,003009,숏 팬츠,003,바지,18,5445448,41pray,사일프레이,Layered Shorts / Black,https://image.msscdn.net/images/goods_img/20250911/5445448/5445448_17586895618382_500.jpg,False
2025-10,F,003009,숏 팬츠,003,바지,19,5260737,leathery,레더리,다즐링 메테오 마이크로 쇼츠 [BLACK],https://image.msscdn.net/images/goods_img/20250721/5260737/5260737_17566906377499_500.jpg,False
2025-10,F,003009,숏 팬츠,003,바지,20,1519475,lazybee,레이지비,컴팩트 2in1 러닝 쇼츠 남녀 스포츠 반바지 레깅스 (헬스 워터 운동) 팬츠 M 3컬러,https://image.msscdn.net/images/goods_img/20200717/1519475/1519475_17730386715982_500.jpg,False
2025-10,F,003009,숏 팬츠,003,바지,21,1926048,xero,제로,Deep One Tuck Sweat Shorts [Grey],https://image.msscdn.net/images/goods_img/20210428/1926048/1926048_1_500.jpg,False
2025-10,F,003009,숏 팬츠,003,바지,22,4672474,hillda,힐다,퍼 니트 쇼츠 [블랙],https://image.msscdn.net/images/goods_img/20241218/4672474/4672474_17580143962222_500.jpg,False
2025-10,F,003009,숏 팬츠,003,바지,23,5086823,yosemite,요세미티,핀턱 카펜터 버뮤다 스웨트 팬츠 블랙 YP-501,https://image.msscdn.net/images/goods_img/20250502/5086823/5086823_17461700029379_500.jpg,False
2025-10,F,003009,숏 팬츠,003,바지,24,4536956,wednesdayoasisforwomen,웬즈데이오아시스 포 우먼,포시즌 코듀로이 하프 밴딩 팬츠 4COLOR,https://image.msscdn.net/images/goods_img/20241020/4536956/4536956_17301790445614_500.jpg,False
2025-10,F,003009,숏 팬츠,003,바지,25,4216280,nike,나이키,스포츠웨어 클래식 우븐 미드라이즈 쇼츠 W - 블랙:화이트 / FV7558-010,https://image.msscdn.net/images/goods_img/20240624/4216280/4216280_17199732785683_500.jpg,False
2025-10,F,003009,숏 팬츠,003,바지,26,5086826,yosemite,요세미티,핀턱 카펜터 버뮤다 스웨트 팬츠 그레이 YP-501,https://image.msscdn.net/images/goods_img/20250502/5086826/5086826_17461700113382_500.jpg,False
2025-10,F,003009,숏 팬츠,003,바지,27,5373167,adidas,아디다스,3-스트라이프 숏 팬츠 프렌치 테리 - 블랙:화이트 / JW5109,https://image.msscdn.net/images/goods_img/20250828/5373167/5373167_17566882940133_500.jpg,False
2025-10,F,003009,숏 팬츠,003,바지,28,2971574,afresh,어프레쉬,[2PACK SET]에어스트레치 쇼츠 트레이닝 3COLOR,https://image.msscdn.net/images/goods_img/20221205/2971574/2971574_17851150878712_500.jpg,False
2025-10,F,003009,숏 팬츠,003,바지,29,4896638,opus0012,오퍼스 0012,Op. 08 BOO MICRO CARGO PANTS BLACK,https://image.msscdn.net/images/goods_img/20250313/4896638/4896638_17430458701875_500.jpg,False
2025-10,F,003009,숏 팬츠,003,바지,30,4664060,musinsastandardwoman,무신사 스탠다드 우먼,우먼즈 히든 밴딩 쇼트 슬랙스 [블랙],https://image.msscdn.net/images/goods_img/20241213/4664060/4664060_17828804072225_500.jpg,False
2025-10,F,003005,레깅스,003,바지,1,5177971,xexymix,젝시믹스,[2PACK] V업 3D 플러스 레깅스 XP9156T,https://image.msscdn.net/images/goods_img/20250611/5177971/5177971_17719020821265_500.jpg,False
2025-10,F,003005,레깅스,003,바지,2,5236479,xexymix,젝시믹스,젤라 인텐션 부츠컷 팬츠 블랙 XWFLG02H3_XWFLG06J1,https://image.msscdn.net/images/goods_img/20250709/5236479/5236479_17695064111644_500.jpg,False
2025-10,F,003005,레깅스,003,바지,3,3572490,physicalgarments,피지컬가먼츠,P5016 우먼 라이트 부츠컷 레깅스 [블랙],https://image.msscdn.net/images/goods_img/20230919/3572490/3572490_16952716547042_500.jpg,False
2025-10,F,003005,레깅스,003,바지,4,4555810,andar,안다르,에어리핏 기모 와이드 팬츠,https://image.msscdn.net/images/goods_img/20241024/4555810/4555810_17605800022531_500.jpg,False
2025-10,F,003005,레깅스,003,바지,5,3449637,xexymix,젝시믹스,블랙라벨 시그니처 360N 더블플러피 기모 레깅스 블랙,https://image.msscdn.net/images/goods_img/20230808/3449637/3449637_17026088164053_500.jpg,False
2025-10,F,003005,레깅스,003,바지,6,4941789,hadex,에이치덱스,우먼스 서포트 파이핑 부츠컷 레깅스 (Black),https://image.msscdn.net/images/goods_img/20250325/4941789/4941789_17725888825854_500.jpg,False
2025-10,F,003005,레깅스,003,바지,7,4251057,borntowin,본투윈,STROKE B BOOTS CUT LEGGINGS [BLACK],https://image.msscdn.net/images/goods_img/20240716/4251057/4251057_17591062774466_500.jpg,False
2025-10,F,003005,레깅스,003,바지,8,3940246,hadex,에이치덱스,우먼스 서포트 부츠컷 레깅스 (Black),https://image.msscdn.net/images/goods_img/20240311/3940246/3940246_17888258046932_500.jpg,False
2025-10,F,003005,레깅스,003,바지,9,4958358,hadex,에이치덱스,우먼스 펌 서포트 부츠컷 레깅스 (Black),https://image.msscdn.net/images/goods_img/20250328/4958358/4958358_17567758755359_500.jpg,False
2025-10,F,003005,레깅스,003,바지,10,4251372,borntowin,본투윈,OUTBAND 3.5 BIKER SHORTS [BLACK],https://image.msscdn.net/images/goods_img/20240716/4251372/4251372_17591064413250_500.jpg,False
2025-10,F,003005,레깅스,003,바지,11,3379413,andar,안다르,[2 PACK] 에어쿨링 지니 시그니처 레깅스 (8.2부),https://image.msscdn.net/images/goods_img/20230623/3379413/3379413_17236154118022_500.jpg,False
2025-10,F,003005,레깅스,003,바지,12,4501828,borntowin,본투윈,SYMBOL B PIPING BOOTS CUT LEGGINGS [BLACK],https://image.msscdn.net/images/goods_img/20241010/4501828/4501828_17766499249287_500.jpg,False
2025-10,F,003005,레깅스,003,바지,13,3750666,borntowin,본투윈,B LOGO 3.5 BIKER SHORTS [BLACK],https://image.msscdn.net/images/goods_img/20231208/3750666/3750666_17579026718469_500.jpg,False
2025-10,F,003005,레깅스,003,바지,14,5234928,xexymix,젝시믹스,젤라 인텐션 바이커 쇼츠 3부 블랙 XP9172F,https://image.msscdn.net/images/goods_img/20250709/5234928/5234928_17816733295961_500.jpg,False
2025-10,F,003005,레깅스,003,바지,15,3414542,andar,안다르,[2 PACK] 에어쿨링 지니 시그니처 레깅스 (9부),https://image.msscdn.net/images/goods_img/20230719/3414542/3414542_17236153921524_500.jpg,False
2025-10,F,003005,레깅스,003,바지,16,4002543,borntowin,본투윈,BORNTOWIN LINE BOOTS CUT LEGGINGS [BLACK],https://image.msscdn.net/images/goods_img/20240328/4002543/4002543_17121975424754_500.jpg,False
2025-10,F,003005,레깅스,003,바지,17,4216275,nike,나이키,프로 365 8인치 쇼츠 W - 블랙:화이트 / CZ9841-010,https://image.msscdn.net/images/goods_img/20240624/4216275/4216275_17199758081501_500.jpg,False
2025-10,F,003005,레깅스,003,바지,18,5132516,xexymix,젝시믹스,[2 PACK] 블랙라벨 시그니처 360N 레깅스 XP9157T,https://image.msscdn.net/images/goods_img/20250520/5132516/5132516_17719014666256_500.jpg,False
2025-10,F,003005,레깅스,003,바지,19,5236483,xexymix,젝시믹스,젤라 인텐션 부츠컷 팬츠 제트차콜 XWFLG02H3_XWFLG06J1,https://image.msscdn.net/images/goods_img/20250709/5236483/5236483_17695063593175_500.jpg,False
2025-10,F,003005,레깅스,003,바지,20,5179511,andar,안다르,에어쿨링 포켓 3.5부 레깅스,https://image.msscdn.net/images/goods_img/20250612/5179511/5179511_17496990313313_500.jpg,False
2025-10,F,003005,레깅스,003,바지,21,4617723,physicalgarments,피지컬가먼츠,P5032 우먼 기모 부츠컷 레깅스  [2 COLOR],https://image.msscdn.net/images/goods_img/20241115/4617723/4617723_17319908540895_500.jpg,False
2025-10,F,003005,레깅스,003,바지,22,5234840,xexymix,젝시믹스,블랙라벨 시그니처 360N 레깅스 블랙 XP9157T,https://image.msscdn.net/images/goods_img/20250709/5234840/5234840_17719034394219_500.jpg,False
2025-10,F,003005,레깅스,003,바지,23,5256104,rife,러닝라이프,핸즈프리 러닝 스포츠 레깅스 4.5부,https://image.msscdn.net/images/goods_img/20250718/5256104/5256104_17841645597602_500.png,False
2025-10,F,003005,레깅스,003,바지,24,5482518,borntowin,본투윈,W STROKE B 3.5 BIKER SHORTS [BLACK],https://image.msscdn.net/images/goods_img/20250917/5482518/5482518_17587942765214_500.jpg,False
2025-10,F,003005,레깅스,003,바지,25,5451333,hadex,에이치덱스,우먼스 서플 힙커버 레깅스 (Black),https://image.msscdn.net/images/goods_img/20250912/5451333/5451333_17610939763644_500.jpg,False
2025-10,F,003005,레깅스,003,바지,26,5236304,xexymix,젝시믹스,RX 블랙라벨 시그니처 360N 포켓 레깅스 4.5부 블랙 XWFSG02J1,https://image.msscdn.net/images/goods_img/20250709/5236304/5236304_17708910918708_500.png,False
2025-10,F,003005,레깅스,003,바지,27,5235349,xexymix,젝시믹스,젤라 인텐션 바이커 쇼츠 5부 블랙 XWFSG01H2,https://image.msscdn.net/images/goods_img/20250709/5235349/5235349_17778711416479_500.jpg,False
2025-10,F,003005,레깅스,003,바지,28,4893136,physicalgarments,피지컬가먼츠,P5036 우먼 PCGS 부츠컷 레깅스 [3COLOR],https://image.msscdn.net/images/goods_img/20250313/4893136/4893136_17418496402846_500.jpg,False
2025-10,F,003005,레깅스,003,바지,29,5374305,freedomathletic,프리덤,우먼스 올림피아 슬림 부츠컷 팬츠 (블랙),https://image.msscdn.net/images/goods_img/20250828/5374305/5374305_17567947662014_500.jpg,False
2025-10,F,003005,레깅스,003,바지,30,5369616,lazybee,레이지비,컴팩트 멀티 스포츠 2in1 러닝 남녀 운동복 짐웨어 레깅스 팬츠 바지 W (2컬러),https://image.msscdn.net/images/goods_img/20250827/5369616/5369616_17562752301999_500.jpg,False
2025-10,F,003010,점프 슈트/오버올,003,바지,1,5365896,somewherebutter,썸웨어버터,Vintage Combi Cotton Overall - Vintage Brown,https://image.msscdn.net/images/goods_img/20250826/5365896/5365896_17575788696460_500.jpg,False
2025-10,F,003010,점프 슈트/오버올,003,바지,2,4894153,thebarnnet,더바넷,Hickory Striped Denim Overall,https://image.msscdn.net/images/goods_img/20250313/4894153/4894153_17418664127518_500.jpg,False
2025-10,F,003010,점프 슈트/오버올,003,바지,3,3882593,dickies,디키즈,BIB 오버롤 데님팬츠 Indigo,https://image.msscdn.net/images/goods_img/20240220/3882593/3882593_17083946750395_500.jpg,False
2025-10,F,003010,점프 슈트/오버올,003,바지,4,4738335,somewherebutter,썸웨어버터,Combi Cotton Overall - Ivory,https://image.msscdn.net/images/goods_img/20250122/4738335/4738335_17401239823088_500.jpg,False
2025-10,F,003010,점프 슈트/오버올,003,바지,5,5328272,unknownplanet,언노운 플라넷,코듀로이 오버롤 브라운,https://image.msscdn.net/images/goods_img/20250818/5328272/5328272_17895336508089_500.jpg,False
2025-10,F,003010,점프 슈트/오버올,003,바지,6,4328109,unknownplanet,언노운 플라넷,오버롤 미디엄 샌드 블루,https://image.msscdn.net/images/goods_img/20240814/4328109/4328109_17829642557299_500.jpg,False
2025-10,F,003010,점프 슈트/오버올,003,바지,7,4300009,lee,리,유니 오버롤 팬츠 블랙,https://image.msscdn.net/images/goods_img/20240806/4300009/4300009_17261035449396_500.jpg,False
2025-10,F,003010,점프 슈트/오버올,003,바지,8,4387589,nain,아틀리에 나인,DENIM OVERALL JUMPSUIT(OP-6231),https://image.msscdn.net/images/goods_img/20240830/4387589/4387589_17249819661926_500.jpg,False
2025-10,F,003010,점프 슈트/오버올,003,바지,9,5036023,somewherebutter,썸웨어버터,Combi Denim Overall - Middle Blue,https://image.msscdn.net/images/goods_img/20250416/5036023/5036023_17554794776577_500.jpg,False
2025-10,F,003010,점프 슈트/오버올,003,바지,10,3940871,dickies,디키즈,BIB 덕 캔버스 오버롤 팬츠 Brown,https://image.msscdn.net/images/goods_img/20240312/3940871/3940871_17102073745483_500.jpg,False
2025-10,F,003010,점프 슈트/오버올,003,바지,11,4992208,dickies,디키즈,BIB 덕 캔버스 오버롤 팬츠 Black,https://image.msscdn.net/images/goods_img/20250407/4992208/4992208_17439910949493_500.jpg,False
2025-10,F,003010,점프 슈트/오버올,003,바지,12,4890748,thebarnnet,더바넷,Farmers Cotton Overall_Khaki,https://image.msscdn.net/images/goods_img/20250312/4890748/4890748_17419280100501_500.jpg,False
2025-10,F,003010,점프 슈트/오버올,003,바지,13,5365895,somewherebutter,썸웨어버터,Vintage Combi Cotton Overall - Oat Beige,https://image.msscdn.net/images/goods_img/20250826/5365895/5365895_17575788592517_500.jpg,False
2025-10,F,003010,점프 슈트/오버올,003,바지,14,3882591,dickies,디키즈,48799 점프수트 커버올 Black,https://image.msscdn.net/images/goods_img/20240220/3882591/3882591_17083946635450_500.jpg,False
2025-10,F,003010,점프 슈트/오버올,003,바지,15,4853664,wrangler,랭글러,Loose Denim Overall Mix,https://image.msscdn.net/images/goods_img/20250304/4853664/4853664_17410718392067_500.jpg,False
2025-10,F,003010,점프 슈트/오버올,003,바지,16,4227157,whoau,후아유,Denim Overalls(F) / WHTJF4923F,https://image.msscdn.net/images/goods_img/20240702/4227157/4227157_17676722986604_500.jpg,False
2025-10,F,003010,점프 슈트/오버올,003,바지,17,3928305,avan,어반드레스,Painter Jumpsuit BLACK,https://image.msscdn.net/images/goods_img/20240306/3928305/3928305_17171286086255_500.jpg,False
2025-10,F,003010,점프 슈트/오버올,003,바지,18,3152653,nocontent,노컨텐츠,데님 서스펜더스 팬츠,https://image.msscdn.net/images/goods_img/20230316/3152653/3152653_17061574273834_500.jpg,False
2025-10,F,003010,점프 슈트/오버올,003,바지,19,4562084,dollouterwear,돌아우터웨어,2425 볼칸 보드복 워크 점프슈트 데님 프린트 남녀공용,https://image.msscdn.net/images/goods_img/20241027/4562084/4562084_17300015226245_500.jpg,False
2025-10,F,003010,점프 슈트/오버올,003,바지,20,3944428,ronron,론론,OVERALLS DENIM PANTS MEDIUM BLUE,https://image.msscdn.net/images/goods_img/20240312/3944428/3944428_17198865714805_500.jpg,False
2025-10,F,003010,점프 슈트/오버올,003,바지,21,4219321,whoau,후아유,Corduroy Overalls (F) / WHTAF4T52F,https://image.msscdn.net/images/goods_img/20240626/4219321/4219321_17894534529851_500.jpg,False
2025-10,F,003010,점프 슈트/오버올,003,바지,22,4747051,havism,해비즘,ROSE DENIM OVERALLS,https://image.msscdn.net/images/goods_img/20250130/4747051/4747051_17385680377355_500.jpg,False
2025-10,F,003010,점프 슈트/오버올,003,바지,23,5071363,levis,리바이스,XL 오버롤_001V0-0005,https://image.msscdn.net/images/goods_img/20250428/5071363/5071363_17458179618157_500.jpg,False
2025-10,F,003010,점프 슈트/오버올,003,바지,24,4042628,laugher,라퍼,[논페이드] 멜빵 데님 오버롤 팬츠 - 블랙,https://image.msscdn.net/images/goods_img/20240411/4042628/4042628_17128647133178_500.jpg,False
2025-10,F,003010,점프 슈트/오버올,003,바지,25,5206672,thebarnnet,더바넷,Hickory Striped Denim Overall_White,https://image.msscdn.net/images/goods_img/20250625/5206672/5206672_17508338908974_500.jpg,False
2025-10,F,003010,점프 슈트/오버올,003,바지,26,840830,thestori,더스토리,코튼 오버롤 멜빵 팬츠 (블랙),https://image.msscdn.net/images/goods_img/20180829/840830/840830_17617812478863_500.jpg,False
2025-10,F,003010,점프 슈트/오버올,003,바지,27,5528798,funfromfun,펀프롬펀,"Cozy Home Overall, Brown",https://image.msscdn.net/images/goods_img/20250925/5528798/5528798_17590694221969_500.png,False
2025-10,F,003010,점프 슈트/오버올,003,바지,28,3882592,dickies,디키즈,48799 점프수트 커버올 Dark Navy,https://image.msscdn.net/images/goods_img/20240220/3882592/3882592_17083946690660_500.jpg,False
2025-10,F,003010,점프 슈트/오버올,003,바지,29,5340816,lee,리,유니 오버롤 인디고 로우,https://image.msscdn.net/images/goods_img/20250820/5340816/5340816_17556517923526_500.jpg,False
2025-10,F,003010,점프 슈트/오버올,003,바지,30,4300008,lee,리,유니 오버롤 팬츠 인디고 다크,https://image.msscdn.net/images/goods_img/20240806/4300008/4300008_17270796940952_500.jpg,False
2025-10,F,003006,기타 하의,003,바지,1,4993373,aakam,아캄,Knee Pin-tuck Studded Cotton Pants (Khaki),https://image.msscdn.net/images/goods_img/20250407/4993373/4993373_17453045907117_500.jpg,False
2025-10,F,003006,기타 하의,003,바지,2,4798024,aakam,아캄,Knee Pin-tuck Contrast Cargo Pants (Black),https://image.msscdn.net/images/goods_img/20250218/4798024/4798024_17400861432023_500.jpg,False
2025-10,F,003006,기타 하의,003,바지,3,4793993,xtonzwoman,루나키후,WXP040 슈팅 스타 스트라이프 벌룬 팬츠 (BLACK),https://image.msscdn.net/images/goods_img/20250217/4793993/4793993_17715625661504_500.jpg,False
2025-10,F,003006,기타 하의,003,바지,4,4993369,aakam,아캄,Knee Pin-tuck Studded Cotton Pants (Black),https://image.msscdn.net/images/goods_img/20250407/4993369/4993369_17453044502327_500.jpg,False
2025-10,F,003006,기타 하의,003,바지,5,4790472,nike,나이키,ACG 스미스 서밋 카고 팬츠 W - 블랙:서밋 화이트 / FN1948-010,https://image.msscdn.net/images/goods_img/20250214/4790472/4790472_17397543553219_500.jpg,False
2025-10,F,003006,기타 하의,003,바지,6,5480121,misekiseoul,미세키서울,Pleats midi skirt pants SET BLACK,https://image.msscdn.net/images/goods_img/20250917/5480121/5480121_17587897662441_500.jpg,False
2025-10,F,003006,기타 하의,003,바지,7,3758425,musinsastandardwoman,무신사 스탠다드 우먼,우먼즈 세미 부츠 컷 유틸리티 카고 팬츠 [다크 그레이],https://image.msscdn.net/images/goods_img/20231215/3758425/3758425_17267126895773_500.jpg,False
2025-10,F,003006,기타 하의,003,바지,8,5063526,andar,안다르,[2 PACK] 에어쿨링 맥시 와이드 레깅스,https://image.msscdn.net/images/goods_img/20250424/5063526/5063526_17454829689711_500.jpg,False
2025-10,F,003006,기타 하의,003,바지,9,2926541,brenson,브렌슨,(Renew Ver.) 코듀로이 원턱 와이드 밴딩팬츠 ( 5Color ),https://image.msscdn.net/images/goods_img/20221108/2926541/2926541_17623049889755_500.jpg,False
2025-10,F,003006,기타 하의,003,바지,10,4274065,lemainsecond,리메인세컨드,와이드 빅포켓 파라슈트 밴딩 카고 팬츠 [카키],https://image.msscdn.net/images/goods_img/20240725/4274065/4274065_17616963476707_500.jpg,False
2025-10,F,003006,기타 하의,003,바지,11,2701466,niceghostclub,나이스고스트클럽,LOGO SWEAT LAYERED PANTS_BLACK(NG2DFUPA91A),https://image.msscdn.net/images/goods_img/20220805/2701466/2701466_17683538441423_500.jpg,False
2025-10,F,003006,기타 하의,003,바지,12,4969760,aakam,아캄,Knee Pin-tuck Contrast Cargo Pants (Dark Gray),https://image.msscdn.net/images/goods_img/20250331/4969760/4969760_17436576295565_500.jpg,False
2025-10,F,003006,기타 하의,003,바지,13,4332771,tuomio,뚜오미오,STRAPPY SKIRT PANTS [BLACK],https://image.msscdn.net/images/goods_img/20240814/4332771/4332771_17876194381027_500.jpg,False
2025-10,F,003006,기타 하의,003,바지,14,5430967,someplace,썸플레이스,올데이 데이지 옆선 체크배색 미디 스커트 레이어드 와이드 핏 치마바지_2COLOR,https://image.msscdn.net/images/goods_img/20250909/5430967/5430967_17580037122030_500.jpg,False
2025-10,F,003006,기타 하의,003,바지,15,3868565,misekiseoul,미세키서울,Pocket cargo bootscut pants BLACK,https://image.msscdn.net/images/goods_img/20240214/3868565/3868565_17816741879898_500.jpg,False
2025-10,F,003006,기타 하의,003,바지,16,5444039,kashiko,카시코,Layered Strap Pants Black,https://image.msscdn.net/images/goods_img/20250911/5444039/5444039_17575697332724_500.jpg,False
2025-10,F,003006,기타 하의,003,바지,17,5364674,hadex,에이치덱스,밴딩 리트릿 더블 레이어 스웨트 팬츠 (Black),https://image.msscdn.net/images/goods_img/20250826/5364674/5364674_17585066732418_500.jpg,False
2025-10,F,003006,기타 하의,003,바지,18,4760154,misekiseoul,미세키서울,Draped shirt skirt pants SET BLACK,https://image.msscdn.net/images/goods_img/20250205/4760154/4760154_17690674945841_500.jpg,False
2025-10,F,003006,기타 하의,003,바지,19,5429581,flareup,플레어업,3-Layered Ruffle Skirt Pants (FL-260_Black),https://image.msscdn.net/images/goods_img/20250909/5429581/5429581_17578292540577_500.jpg,False
2025-10,F,003006,기타 하의,003,바지,20,5546200,pleasenofollow,플리즈노팔로우,Ava Parachute Wide Pants (Black),https://image.msscdn.net/images/goods_img/20250929/5546200/5546200_17605276010935_500.jpg,False
2025-10,F,003006,기타 하의,003,바지,21,5480205,misekiseoul,미세키서울,Pleats midi skirt pants SET CHARCOAL,https://image.msscdn.net/images/goods_img/20250917/5480205/5480205_17587898205328_500.jpg,False
2025-10,F,003006,기타 하의,003,바지,22,4821766,andar,안다르,에어데님 와이드 그레이진,https://image.msscdn.net/images/goods_img/20250224/4821766/4821766_17403645656569_500.jpg,False
2025-10,F,003006,기타 하의,003,바지,23,5336163,defgarments,데프가먼츠,STUD PARACHUTE PANTS [BLACK],https://image.msscdn.net/images/goods_img/20250819/5336163/5336163_17564329236117_500.jpg,False
2025-10,F,003006,기타 하의,003,바지,24,4728654,filluminate,필루미네이트,밀리터리 카고 팬츠-블랙,https://image.msscdn.net/images/goods_img/20250119/4728654/4728654_17425206583875_500.jpg,False
2025-10,F,003006,기타 하의,003,바지,25,3730347,musinsastandardwoman,무신사 스탠다드 우먼,우먼즈 스커트 레이어드 저지 팬츠 [블랙],https://image.msscdn.net/images/goods_img/20231123/3730347/3730347_17056442290002_500.jpg,False
2025-10,F,003006,기타 하의,003,바지,26,5429579,flareup,플레어업,3-Layered Ruffle Skirt Pants (FL-260_Charcoal),https://image.msscdn.net/images/goods_img/20250909/5429579/5429579_17578292959707_500.jpg,False
2025-10,F,003006,기타 하의,003,바지,27,5009966,lmr65,엘엠알,투웨이 벌룬 스트링 팬츠 BROWN,https://image.msscdn.net/images/goods_img/20250410/5009966/5009966_17684717083045_500.jpg,False
2025-10,F,003006,기타 하의,003,바지,28,3758422,musinsastandardwoman,무신사 스탠다드 우먼,우먼즈 세미 부츠 컷 유틸리티 카고 팬츠 [블랙],https://image.msscdn.net/images/goods_img/20231215/3758422/3758422_17086597985894_500.jpg,False
2025-10,F,003006,기타 하의,003,바지,29,5546201,pleasenofollow,플리즈노팔로우,Ava Parachute Wide Pants (Dark Brown),https://image.msscdn.net/images/goods_img/20250929/5546201/5546201_17606799098744_500.jpg,False
2025-10,F,003006,기타 하의,003,바지,30,4768372,someplace,썸플레이스,레이어드 플리츠 미니스커트 스트링 팬츠 코튼 셋업[블랙],https://image.msscdn.net/images/goods_img/20250207/4768372/4768372_17394374516018_500.jpg,False
2025-10,F,100,원피스/스커트,,,1,4350936,misekiseoul,미세키서울,Unbalanced layered skirt BLACK,https://image.msscdn.net/images/goods_img/20240821/4350936/4350936_17816746257467_500.png,False
2025-10,F,100,원피스/스커트,,,2,5292443,musinsastandardwoman,무신사 스탠다드 우먼,우먼즈 플리츠 니 렝스 스커트 [그레이],https://image.msscdn.net/images/goods_img/20250805/5292443/5292443_17569697231651_500.jpg,False
2025-10,F,100,원피스/스커트,,,3,5292442,musinsastandardwoman,무신사 스탠다드 우먼,우먼즈 플리츠 니 렝스 스커트 [블랙],https://image.msscdn.net/images/goods_img/20250805/5292442/5292442_17549805255560_500.jpg,False
2025-10,F,100,원피스/스커트,,,4,4593352,placestudio,플레이스 스튜디오,슬림핏 베이직 윈터 티어드 밴딩 롱 캉캉스커트 [화이트],https://image.msscdn.net/images/goods_img/20241106/4593352/4593352_17308779637311_500.jpg,False
2025-10,F,100,원피스/스커트,,,5,4593477,placestudio,플레이스 스튜디오,슬림핏 베이직 윈터 티어드 밴딩 롱 캉캉스커트 [블랙],https://image.msscdn.net/images/goods_img/20241106/4593477/4593477_17308782967721_500.jpg,False
2025-10,F,100,원피스/스커트,,,6,2792603,musinsastandardwoman,무신사 스탠다드 우먼,우먼즈 맥시 스커트 [블랙],https://image.msscdn.net/images/goods_img/20220915/2792603/2792603_17536886431375_500.jpg,False
2025-10,F,100,원피스/스커트,,,7,2448899,musinsastandardwoman,무신사 스탠다드 우먼,우먼즈 프론트 슬릿 데님 롱 스커트 [워시드 블랙],https://image.msscdn.net/images/goods_img/20220328/2448899/2448899_17661127529056_500.jpg,False
2025-10,F,100,원피스/스커트,,,8,2117253,musinsastandardwoman,무신사 스탠다드 우먼,우먼즈 플리츠 미디 스커트 [블랙],https://image.msscdn.net/images/goods_img/20210908/2117253/2117253_17467823245909_500.jpg,False
2025-10,F,100,원피스/스커트,,,9,5166584,musinsastandardwoman,무신사 스탠다드 우먼,우먼즈 11W  코듀로이 맥시 스커트 [블랙],https://image.msscdn.net/images/goods_img/20250604/5166584/5166584_17580939770562_500.jpg,False
2025-10,F,100,원피스/스커트,,,10,5480247,misekiseoul,미세키서울,Sei layered midi Skirt BLACK,https://image.msscdn.net/images/goods_img/20250917/5480247/5480247_17587898980992_500.jpg,False
2025-10,F,100,원피스/스커트,,,11,2117254,musinsastandardwoman,무신사 스탠다드 우먼,우먼즈 플리츠 미디 스커트 [차콜 그레이],https://image.msscdn.net/images/goods_img/20210908/2117254/2117254_17467755871427_500.jpg,False
2025-10,F,100,원피스/스커트,,,12,5166587,musinsastandardwoman,무신사 스탠다드 우먼,우먼즈 11W  코듀로이 맥시 스커트 [토프],https://image.msscdn.net/images/goods_img/20250604/5166587/5166587_17580939253383_500.jpg,False
2025-10,F,100,원피스/스커트,,,13,5166590,musinsastandardwoman,무신사 스탠다드 우먼,우먼즈 14W 코듀로이 로 라이즈 미니 스코츠 [브라운],https://image.msscdn.net/images/goods_img/20250604/5166590/5166590_17618101156392_500.jpg,False
2025-10,F,100,원피스/스커트,,,14,2257612,musinsastandardwoman,무신사 스탠다드 우먼,우먼즈 플리츠 미디 스커트 [미디엄 그레이],https://image.msscdn.net/images/goods_img/20211206/2257612/2257612_17155615478939_500.jpg,False
2025-10,F,100,원피스/스커트,,,15,3758437,musinsastandardwoman,무신사 스탠다드 우먼,우먼즈 CP 맥시 스커트 [블랙],https://image.msscdn.net/images/goods_img/20231215/3758437/3758437_17677813885414_500.jpg,False
2025-10,F,100,원피스/스커트,,,16,4298327,musinsastandardwoman,무신사 스탠다드 우먼,우먼즈 로 라이즈 플리츠 미니 스코츠 [블랙],https://image.msscdn.net/images/goods_img/20240806/4298327/4298327_17467829987386_500.jpg,False
2025-10,F,100,원피스/스커트,,,17,4457754,musinsastandardwoman,무신사 스탠다드 우먼,우먼즈 스트레이트 맥시 스커트 [블랙],https://image.msscdn.net/images/goods_img/20240924/4457754/4457754_17467722878565_500.jpg,False
2025-10,F,100,원피스/스커트,,,18,4800538,placestudio,플레이스 스튜디오,투밸트 로우라이즈 탈부착 플리츠 더블 레이어드 미디스커트[블랙],https://image.msscdn.net/images/goods_img/20250218/4800538/4800538_17524547855251_500.jpg,False
2025-10,F,100,원피스/스커트,,,19,5166585,musinsastandardwoman,무신사 스탠다드 우먼,우먼즈 11W  코듀로이 맥시 스커트 [브라운],https://image.msscdn.net/images/goods_img/20250604/5166585/5166585_17580939516658_500.jpg,False
2025-10,F,100,원피스/스커트,,,20,5319968,painorpleasure,페인오어플레져,LIORA JACKET DRESS charcoal,https://image.msscdn.net/images/goods_img/20250813/5319968/5319968_17567790891525_500.jpg,False
2025-10,F,100,원피스/스커트,,,21,5359238,generalideastandard,제너럴아이디어,빈티지 체크 롱 스커트 [NAVY] / WBE3L13506,https://image.msscdn.net/images/goods_img/20250825/5359238/5359238_17700907256759_500.png,False
2025-10,F,100,원피스/스커트,,,22,5317074,flareup,플레어업,Asymmetrical Draped Layered Long Skirt (FL-256_Black),https://image.msscdn.net/images/goods_img/20250813/5317074/5317074_17630779437723_500.jpg,False
2025-10,F,100,원피스/스커트,,,23,5166588,musinsastandardwoman,무신사 스탠다드 우먼,우먼즈 14W 코듀로이 로 라이즈 미니 스코츠 [블랙],https://image.msscdn.net/images/goods_img/20250604/5166588/5166588_17580642021173_500.jpg,False
2025-10,F,100,원피스/스커트,,,24,2792604,musinsastandardwoman,무신사 스탠다드 우먼,우먼즈 맥시 스커트 [미디엄 그레이],https://image.msscdn.net/images/goods_img/20220915/2792604/2792604_16728975851407_500.jpg,False
2025-10,F,100,원피스/스커트,,,25,5292447,musinsastandardwoman,무신사 스탠다드 우먼,우먼즈 버클 플리츠 체크 니 렝스 스커트 [그레이],https://image.msscdn.net/images/goods_img/20250805/5292447/5292447_17635368232070_500.jpg,False
2025-10,F,100,원피스/스커트,,,26,4324777,niceghostclub,나이스고스트클럽,BIG STAR LOGO SWEAT SKIRT_BLACK(NG2EFUPA90A),https://image.msscdn.net/images/goods_img/20240813/4324777/4324777_17708775629904_500.jpg,False
2025-10,F,100,원피스/스커트,,,27,5316072,hugyourskin,허그유어스킨,아가일 케이프 미디 스커트 (차콜),https://image.msscdn.net/images/goods_img/20250812/5316072/5316072_17575742663877_500.jpg,False
2025-10,F,100,원피스/스커트,,,28,4687212,musinsastandardwoman,무신사 스탠다드 우먼,우먼즈 레이어드 미니 스코츠 [차콜 그레이],https://image.msscdn.net/images/goods_img/20241231/4687212/4687212_17467727936774_500.jpg,False
2025-10,F,100,원피스/스커트,,,29,5292444,musinsastandardwoman,무신사 스탠다드 우먼,우먼즈 플레어 미니 드레스 [블랙],https://image.msscdn.net/images/goods_img/20250805/5292444/5292444_17568842441359_500.jpg,False
2025-10,F,100,원피스/스커트,,,30,2830762,painorpleasure,페인오어플레져,NIX MINI SKIRT black,https://image.msscdn.net/images/goods_img/20220929/2830762/2830762_17883362863775_500.jpg,False
2025-10,F,100001,미니원피스,100,원피스/스커트,1,5319968,painorpleasure,페인오어플레져,LIORA JACKET DRESS charcoal,https://image.msscdn.net/images/goods_img/20250813/5319968/5319968_17567790891525_500.jpg,False
2025-10,F,100001,미니원피스,100,원피스/스커트,2,5292444,musinsastandardwoman,무신사 스탠다드 우먼,우먼즈 플레어 미니 드레스 [블랙],https://image.msscdn.net/images/goods_img/20250805/5292444/5292444_17568842441359_500.jpg,False
2025-10,F,100001,미니원피스,100,원피스/스커트,3,5319245,painorpleasure,페인오어플레져,HEART TOP DRESS black,https://image.msscdn.net/images/goods_img/20250813/5319245/5319245_17567790483622_500.jpg,False
2025-10,F,100001,미니원피스,100,원피스/스커트,4,5320054,painorpleasure,페인오어플레져,LIORA JACKET DRESS black,https://image.msscdn.net/images/goods_img/20250813/5320054/5320054_17567791054474_500.jpg,False
2025-10,F,100001,미니원피스,100,원피스/스커트,5,5290325,musinsastandardwoman,무신사 스탠다드 우먼,우먼즈 플리츠 미니 드레스 [그레이],https://image.msscdn.net/images/goods_img/20250804/5290325/5290325_17550618050328_500.jpg,False
2025-10,F,100001,미니원피스,100,원피스/스커트,6,5306463,painorpleasure,페인오어플레져,HEART TOP DRESS grey,https://image.msscdn.net/images/goods_img/20250808/5306463/5306463_17567788767832_500.jpg,False
2025-10,F,100001,미니원피스,100,원피스/스커트,7,5290322,musinsastandardwoman,무신사 스탠다드 우먼,우먼즈 플리츠 미니 드레스 [블랙],https://image.msscdn.net/images/goods_img/20250804/5290322/5290322_17550527411263_500.jpg,False
2025-10,F,100001,미니원피스,100,원피스/스커트,8,4428534,mausoleum,마우솔레움,젠 라운드 넥 플리티드 수트 자켓 드레스-블랙,https://image.msscdn.net/images/goods_img/20240910/4428534/4428534_17581576536722_500.jpg,False
2025-10,F,100001,미니원피스,100,원피스/스커트,9,2714524,avan,어반드레스,Punching Knit Dress BLACK,https://image.msscdn.net/images/goods_img/20220812/2714524/2714524_17207610263763_500.jpg,False
2025-10,F,100001,미니원피스,100,원피스/스커트,10,5472964,mireco,미레코,CABLE RECO KNIT OPS GREY,https://image.msscdn.net/images/prd_img/20250916/5472964/detail_5472964_17592076752359_500.jpg,False
2025-10,F,100001,미니원피스,100,원피스/스커트,11,4428543,mausoleum,마우솔레움,젠 플리티드 수트 자켓 드레스 - 블랙,https://image.msscdn.net/images/goods_img/20240910/4428543/4428543_17581579349799_500.jpg,False
2025-10,F,100001,미니원피스,100,원피스/스커트,12,5282399,cerric,세릭,LACE FRILL DRESS / WHITE,https://image.msscdn.net/images/goods_img/20250730/5282399/5282399_17549066407114_500.jpg,False
2025-10,F,100001,미니원피스,100,원피스/스커트,13,5398834,hyfve,하이파이브,시스루 골드 자수 프릴 원피스 & 스웨이드 벨트,https://image.msscdn.net/images/goods_img/20250903/5398834/5398834_17568892595091_500.jpg,False
2025-10,F,100001,미니원피스,100,원피스/스커트,14,4428494,mausoleum,마우솔레움,젠 라운드 넥 플리티드 수트 자켓 드레스-그레이,https://image.msscdn.net/images/goods_img/20240910/4428494/4428494_17581575766269_500.jpg,False
2025-10,F,100001,미니원피스,100,원피스/스커트,15,5439881,misekiseoul,미세키서울,double button knit one piece BLACK,https://image.msscdn.net/images/goods_img/20250910/5439881/5439881_17582630263293_500.jpg,False
2025-10,F,100001,미니원피스,100,원피스/스커트,16,5363403,kijun,기준,Half Zip-Up Knit Dress Black,https://image.msscdn.net/images/goods_img/20250826/5363403/5363403_17575125708487_500.jpg,False
2025-10,F,100001,미니원피스,100,원피스/스커트,17,5311176,illigo,일리고,프레피 리본 플리츠 원피스 차콜,https://image.msscdn.net/images/goods_img/20250811/5311176/5311176_17709530772004_500.jpg,False
2025-10,F,100001,미니원피스,100,원피스/스커트,18,4428491,mausoleum,마우솔레움,젠 수트 자켓 드레스-블랙,https://image.msscdn.net/images/goods_img/20240910/4428491/4428491_17581570793981_500.jpg,False
2025-10,F,100001,미니원피스,100,원피스/스커트,19,4400958,bibyseob,바이바이섭,[SET] 트위드 울 자켓 + 미니 스커트 블랙,https://image.msscdn.net/images/goods_img/20240904/4400958/4400958_17254096214973_500.jpg,False
2025-10,F,100001,미니원피스,100,원피스/스커트,20,5315953,hugyourskin,허그유어스킨,캉캉 레이어드 후드 드레스 (아이보리),https://image.msscdn.net/images/goods_img/20250812/5315953/5315953_17575764144768_500.jpg,False
2025-10,F,100001,미니원피스,100,원피스/스커트,21,5473013,mireco,미레코,CABLE RECO KNIT OPS CHARCOAL,https://image.msscdn.net/images/prd_img/20250916/5473013/detail_5473013_17592073683724_500.jpg,False
2025-10,F,100001,미니원피스,100,원피스/스커트,22,5443724,sinoon,시눈,Crochet Ribbon Tie Sleeveless Dress (Ivory),https://image.msscdn.net/images/goods_img/20250911/5443724/5443724_17812454395714_500.jpg,False
2025-10,F,100001,미니원피스,100,원피스/스커트,23,5304589,tuomio,뚜오미오,CHECK MIXED JERSEY DRESS [CHARCOAL],https://image.msscdn.net/images/goods_img/20250808/5304589/5304589_17670714847282_500.jpg,False
2025-10,F,100001,미니원피스,100,원피스/스커트,24,4768307,musinsastandardwoman,무신사 스탠다드 우먼,우먼즈 리브드 와이 넥 긴소매 미니 드레스 [블랙],https://image.msscdn.net/images/goods_img/20250207/4768307/4768307_17459783866381_500.jpg,False
2025-10,F,100001,미니원피스,100,원피스/스커트,25,5316441,hugyourskin,허그유어스킨,스트랩 니트 드레스 (차콜),https://image.msscdn.net/images/goods_img/20250812/5316441/5316441_17561120210730_500.jpg,False
2025-10,F,100001,미니원피스,100,원피스/스커트,26,5439893,misekiseoul,미세키서울,double button knit one piece DARK GREY,https://image.msscdn.net/images/goods_img/20250910/5439893/5439893_17582631761534_500.jpg,False
2025-10,F,100001,미니원피스,100,원피스/스커트,27,5311167,illigo,일리고,플레어 아일렛 오프숄더 원피스 차콜,https://image.msscdn.net/images/goods_img/20250811/5311167/5311167_17558518025973_500.jpg,False
2025-10,F,100001,미니원피스,100,원피스/스커트,28,4428554,mausoleum,마우솔레움,젠 플리티드 수트 자켓 드레스 - 네이비,https://image.msscdn.net/images/goods_img/20240910/4428554/4428554_17582706529274_500.jpg,False
2025-10,F,100001,미니원피스,100,원피스/스커트,29,4428540,mausoleum,마우솔레움,젠 수트 자켓 드레스 - 그레이,https://image.msscdn.net/images/goods_img/20240910/4428540/4428540_17581571557864_500.jpg,False
2025-10,F,100001,미니원피스,100,원피스/스커트,30,5365913,somewherebutter,썸웨어버터,Trench Ribbon Dress - Beige,https://image.msscdn.net/images/goods_img/20250826/5365913/5365913_17575795415880_500.jpg,False
2025-10,F,100002,미디원피스,100,원피스/스커트,1,5503621,mixxo,미쏘,랩 레이어드 원피스_MIWOWFT09G,https://image.msscdn.net/images/goods_img/20250922/5503621/5503621_17602843807881_500.jpg,False
2025-10,F,100002,미디원피스,100,원피스/스커트,2,5319787,painorpleasure,페인오어플레져,HEAVEN DRESS grey,https://image.msscdn.net/images/goods_img/20250813/5319787/5319787_17567790614873_500.jpg,False
2025-10,F,100002,미디원피스,100,원피스/스커트,3,5471082,mixxo,미쏘,레이어드 프릴 원피스_MIWOWFT11G,https://image.msscdn.net/images/goods_img/20250916/5471082/5471082_17602843833277_500.jpg,False
2025-10,F,100002,미디원피스,100,원피스/스커트,4,4405675,lee,리,코듀로이 오버롤 원피스 브라운,https://image.msscdn.net/images/goods_img/20240904/4405675/4405675_17579871245029_500.jpg,False
2025-10,F,100002,미디원피스,100,원피스/스커트,5,5493602,snowpeakapparel,스노우피크 어패럴,코듀로이 여성 오버롤 원피스 (S25WWFOP73) Dark Gray,https://image.msscdn.net/images/goods_img/20250919/5493602/5493602_17582498006047_500.jpg,False
2025-10,F,100002,미디원피스,100,원피스/스커트,6,3789312,marni,마르니,플로럴 프린팅 미디 원피스 - 릴리 화이트 / ABMA1162A0UTC325REW01,https://image.msscdn.net/images/goods_img/20240111/3789312/3789312_17066686289805_500.jpg,False
2025-10,F,100002,미디원피스,100,원피스/스커트,7,5442102,covernatwoman,커버낫 우먼,우먼 코듀로이 서스펜더 원피스 Brown,https://image.msscdn.net/images/goods_img/20250911/5442102/5442102_17615487802568_500.jpg,False
2025-10,F,100002,미디원피스,100,원피스/스커트,8,5493599,snowpeakapparel,스노우피크 어패럴,코듀로이 여성 오버롤 원피스 (S25WWFOP73) Dark Charcoal,https://image.msscdn.net/images/goods_img/20250919/5493599/5493599_17905720881954_500.jpg,False
2025-10,F,100002,미디원피스,100,원피스/스커트,9,5065864,zerostreet,제로스트릿,[긴팔ver.][3컬러] 소프트 셔츠 원피스,https://image.msscdn.net/images/goods_img/20250425/5065864/5065864_17876439513226_500.jpg,False
2025-10,F,100002,미디원피스,100,원피스/스커트,10,5460508,mausoleum,마우솔레움,젠 롱 벨티드 드레스-그레이,https://image.msscdn.net/images/goods_img/20250915/5460508/5460508_17579906717952_500.jpg,False
2025-10,F,100002,미디원피스,100,원피스/스커트,11,4517493,nationalgeographic,내셔널지오그래픽,N244WOP950 여성 아르켈론 더블웜 우븐 원피스 CARBON BLACK,https://image.msscdn.net/images/goods_img/20241015/4517493/4517493_17292124072209_500.jpg,False
2025-10,F,100002,미디원피스,100,원피스/스커트,12,5498415,treemingbird,트리밍버드,Turtleneck Pintuck Jersey One-piece [ Black ],https://image.msscdn.net/images/goods_img/20250919/5498415/5498415_17582712843650_500.jpg,False
2025-10,F,100002,미디원피스,100,원피스/스커트,13,3199619,jacquemus,자크뮈스,라 로브 바리 원피스 - 블랙 / 221DR0161333990,https://image.msscdn.net/images/goods_img/20230331/3199619/3199619_16871637386694_500.jpg,False
2025-10,F,100002,미디원피스,100,원피스/스커트,14,5378595,clor,클로르,TIE SHIRT DRESS - 2 colors,https://image.msscdn.net/images/goods_img/20250829/5378595/5378595_17569048089464_500.jpg,False
2025-10,F,100002,미디원피스,100,원피스/스커트,15,5319877,painorpleasure,페인오어플레져,HEAVEN DRESS pink,https://image.msscdn.net/images/goods_img/20250813/5319877/5319877_17567790731833_500.jpg,False
2025-10,F,100002,미디원피스,100,원피스/스커트,16,2146591,paperboy,페이퍼보이,뉴욕 후디 원피스-블랙,https://image.msscdn.net/images/goods_img/20210926/2146591/2146591_1_500.jpg,False
2025-10,F,100002,미디원피스,100,원피스/스커트,17,5333381,sunburnproject,썬번프로젝트,"Lace Pleats Midi One-piece, IVORY",https://image.msscdn.net/images/goods_img/20250818/5333381/5333381_17561141565593_500.jpg,False
2025-10,F,100002,미디원피스,100,원피스/스커트,18,5333373,sunburnproject,썬번프로젝트,"Lace Pleats Midi One-piece, BLACK",https://image.msscdn.net/images/goods_img/20250818/5333373/5333373_17561140463939_500.jpg,False
2025-10,F,100002,미디원피스,100,원피스/스커트,19,5487542,notknowing,낫노잉,Belted Drop Ruffle Dress (CHECK),https://image.msscdn.net/images/goods_img/20250918/5487542/5487542_17587701245943_500.jpg,False
2025-10,F,100002,미디원피스,100,원피스/스커트,20,5507526,lifework,라이프워크,여성) 호피 라독 프린트 후드 원피스,https://image.msscdn.net/images/goods_img/20250922/5507526/5507526_17605158134011_500.jpg,False
2025-10,F,100002,미디원피스,100,원피스/스커트,21,4340658,plunastudio,플루나 스튜디오,스퀘어 플리츠 원피스_Black,https://image.msscdn.net/images/goods_img/20240819/4340658/4340658_17253737211696_500.jpg,False
2025-10,F,100002,미디원피스,100,원피스/스커트,22,1254411,betweenaandb,비트윈에이앤비,후드 롱저지 기모 원피스 [블랙],https://image.msscdn.net/images/goods_img/20191219/1254411/1254411_17024436914378_500.jpg,False
2025-10,F,100002,미디원피스,100,원피스/스커트,23,5327275,lee,리,코듀로이 오버롤 원피스 브라운,https://image.msscdn.net/images/goods_img/20250814/5327275/5327275_17579870256425_500.jpg,False
2025-10,F,100002,미디원피스,100,원피스/스커트,24,5370904,snowpeakapparel,스노우피크 어패럴,라고 여성 원피스 (S25FWTOP35) Black,https://image.msscdn.net/images/goods_img/20250827/5370904/5370904_17563424088649_500.jpg,False
2025-10,F,100002,미디원피스,100,원피스/스커트,25,4513365,ganni,가니,보타니컬 자카드 스트랩 미디 원피스 - 피코트 / F9705268,https://image.msscdn.net/images/goods_img/20241014/4513365/4513365_17301622321949_500.jpg,False
2025-10,F,100002,미디원피스,100,원피스/스커트,26,5327274,lee,리,코듀로이 오버롤 원피스 아이보리,https://image.msscdn.net/images/goods_img/20250814/5327274/5327274_17568873906761_500.jpg,False
2025-10,F,100002,미디원피스,100,원피스/스커트,27,5299735,nocontent,노컨텐츠,251. 체크 밴딩 슬리브리스 원피스 _ 카키,https://image.msscdn.net/images/goods_img/20250807/5299735/5299735_17558358350443_500.jpg,False
2025-10,F,100002,미디원피스,100,원피스/스커트,28,3785486,thombrowne,톰브라운,코튼 셔츠 드레스 - 라이트 블루 / FDSD91AF0184480,https://image.msscdn.net/images/goods_img/20240110/3785486/3785486_17103800756612_500.jpg,False
2025-10,F,100002,미디원피스,100,원피스/스커트,29,5493598,snowpeakapparel,스노우피크 어패럴,코듀로이 여성 오버롤 원피스 (S25WWFOP73) Brick,https://image.msscdn.net/images/goods_img/20250919/5493598/5493598_17582497583190_500.jpg,False
2025-10,F,100002,미디원피스,100,원피스/스커트,30,5359962,lucirzu,루시르주,Curve-Line Dress & Ribbon Corsage (black),https://image.msscdn.net/images/goods_img/20250825/5359962/5359962_17561086492024_500.jpg,False
2025-10,F,100003,맥시원피스,100,원피스/스커트,1,5343757,insilencewomen,인사일런스 우먼,빈티지 프릴 맥시 원피스 CREAM,https://image.msscdn.net/images/goods_img/20250820/5343757/5343757_17809834056074_500.jpg,False
2025-10,F,100003,맥시원피스,100,원피스/스커트,2,5443723,sinoon,시눈,Sinoon Texture Flower Dress (Ash Blue),https://image.msscdn.net/images/goods_img/20250911/5443723/5443723_17757117420963_500.jpg,False
2025-10,F,100003,맥시원피스,100,원피스/스커트,3,5352659,bonienkiye,보니앤키예,Washing hoodie dress,https://image.msscdn.net/images/goods_img/20250822/5352659/5352659_17557899206632_500.jpeg,False
2025-10,F,100003,맥시원피스,100,원피스/스커트,4,5487735,glowny,글로니,ENCHANTED COTTON LACE DRESS (WHITE),https://image.msscdn.net/images/goods_img/20250918/5487735/5487735_17581793596167_500.jpg,False
2025-10,F,100003,맥시원피스,100,원피스/스커트,5,4410716,loeuvre,루에브르,Asymetric Placket Sleeveless Dress SW5XO815_3color,https://image.msscdn.net/images/prd_img/20240905/4410716/detail_4410716_17574858096818_500.jpg,False
2025-10,F,100003,맥시원피스,100,원피스/스커트,6,4487880,reorg,리올그,RIE ROUND JACKET WITH FLARE SLEEVELESS OPS BLACK,https://image.msscdn.net/images/goods_img/20241004/4487880/4487880_17283682628422_500.jpg,False
2025-10,F,100003,맥시원피스,100,원피스/스커트,7,3442344,sincethen,신스덴,로맨티크 롱원피스,https://image.msscdn.net/images/goods_img/20230802/3442344/3442344_17611140466276_500.jpg,False
2025-10,F,100003,맥시원피스,100,원피스/스커트,8,5372595,pigment,피그먼트,코튼스트링멜빵원피스 (PBE08F-WOPW001),https://image.msscdn.net/images/goods_img/20250828/5372595/5372595_17563479826173_500.jpg,False
2025-10,F,100003,맥시원피스,100,원피스/스커트,9,5453196,lalafox,라라폭스,CHECK LONG DRESS NAVY 드레스 BR4WO001,https://image.msscdn.net/images/goods_img/20250912/5453196/5453196_17576694093621_500.jpg,False
2025-10,F,100003,맥시원피스,100,원피스/스커트,10,4761817,anggae,앙개,Llama Blend Long Dress  Brown,https://image.msscdn.net/images/goods_img/20250205/4761817/4761817_17387528464146_500.jpg,False
2025-10,F,100003,맥시원피스,100,원피스/스커트,11,3613114,artid,아티드,플레어 슬리브리스 롱 원피스_BLACK,https://image.msscdn.net/images/goods_img/20231010/3613114/3613114_17802885089251_500.jpg,False
2025-10,F,100003,맥시원피스,100,원피스/스커트,12,4494475,naaieen,나이엔,도트 쉬폰 그래픽 드레스,https://image.msscdn.net/images/goods_img/20241008/4494475/4494475_17410711342785_500.jpg,False
2025-10,F,100003,맥시원피스,100,원피스/스커트,13,5359247,generalideastandard,제너럴아이디어,플레어 슬리브리스 롱 원피스 [BLACK] / WBE3L15504,https://image.msscdn.net/images/goods_img/20250825/5359247/5359247_17561043844955_500.jpg,False
2025-10,F,100003,맥시원피스,100,원피스/스커트,14,5310898,somewherebutter,썸웨어버터,Della Mini Dress - Ivory,https://image.msscdn.net/images/goods_img/20250811/5310898/5310898_17563673776898_500.jpg,False
2025-10,F,100003,맥시원피스,100,원피스/스커트,15,4760677,cornell,캔버스,베티붑 레이스 레이어드 프릴 롱 원피스_블랙,https://image.msscdn.net/images/goods_img/20250205/4760677/4760677_17437270874695_500.jpg,False
2025-10,F,100003,맥시원피스,100,원피스/스커트,16,5407635,diagonal,다이애그널,DOUBLE LAYERED LONG DRESS (black),https://image.msscdn.net/images/goods_img/20250905/5407635/5407635_17719857063850_500.jpg,False
2025-10,F,100003,맥시원피스,100,원피스/스커트,17,5376295,levar,르바,Flow Maxi Dress - Black,https://image.msscdn.net/images/goods_img/20250828/5376295/5376295_17568896180572_500.jpg,False
2025-10,F,100003,맥시원피스,100,원피스/스커트,18,5306836,treemingbird,트리밍버드,Wrap Shirt One-piece [ Black ],https://image.msscdn.net/images/goods_img/20250808/5306836/5306836_17549859391984_500.jpg,False
2025-10,F,100003,맥시원피스,100,원피스/스커트,19,5306835,treemingbird,트리밍버드,Wrap Shirt One-piece [ White ],https://image.msscdn.net/images/goods_img/20250808/5306835/5306835_17549859558393_500.jpg,False
2025-10,F,100003,맥시원피스,100,원피스/스커트,20,5117385,adidas,아디다스,아디컬러 3S 탱크 맥시 드레스 JD4619,https://image.msscdn.net/images/goods_img/20250515/5117385/5117385_17473078732916_500.jpg,False
2025-10,F,100003,맥시원피스,100,원피스/스커트,21,3589029,sincethen,신스덴,디아망 러플 롱원피스 (아이보리),https://image.msscdn.net/images/goods_img/20230922/3589029/3589029_16953764065133_500.jpg,False
2025-10,F,100003,맥시원피스,100,원피스/스커트,22,3863287,musinsastandardwoman,무신사 스탠다드 우먼,우먼즈 소프트 저지 롱 드레스 [블랙],https://image.msscdn.net/images/goods_img/20240213/3863287/3863287_17191908545674_500.jpg,False
2025-10,F,100003,맥시원피스,100,원피스/스커트,23,4025617,citybreeze,시티브리즈,나일론 스트랩 리본 롱 원피스_3COLORS,https://image.msscdn.net/images/goods_img/20240404/4025617/4025617_17815884385767_500.jpg,False
2025-10,F,100003,맥시원피스,100,원피스/스커트,24,4500077,treemingbird,트리밍버드,Drape See-through Long One-piece [ Black ],https://image.msscdn.net/images/goods_img/20241009/4500077/4500077_17288072043061_500.jpg,False
2025-10,F,100003,맥시원피스,100,원피스/스커트,25,2555386,jilsander,질 샌더,플레어 원피스 - 라이트 블루 / JSPU502205WU330300457,https://image.msscdn.net/images/goods_img/20220512/2555386/2555386_1_500.jpg,False
2025-10,F,100003,맥시원피스,100,원피스/스커트,26,4178516,sincethen,신스덴,아우로라 스트랩 롱원피스,https://image.msscdn.net/images/goods_img/20240605/4178516/4178516_17531677595822_500.jpg,False
2025-10,F,100003,맥시원피스,100,원피스/스커트,27,3442340,sincethen,신스덴,타임리스 홀터넥 원피스,https://image.msscdn.net/images/goods_img/20230802/3442340/3442340_17809943300762_500.jpg,False
2025-10,F,100003,맥시원피스,100,원피스/스커트,28,5376296,levar,르바,Flow Maxi Dress - Off White,https://image.msscdn.net/images/goods_img/20250828/5376296/5376296_17878910221247_500.jpg,False
2025-10,F,100003,맥시원피스,100,원피스/스커트,29,5564872,snowpeakapparel,스노우피크 어패럴,플리스 여성 원피스 (S25WWFOP77) Charcoal,https://image.msscdn.net/images/goods_img/20251002/5564872/5564872_17611079526568_500.jpg,False
2025-10,F,100003,맥시원피스,100,원피스/스커트,30,4394976,micane,미케네,클래식컬 트렌치 롱 드레스,https://image.msscdn.net/images/goods_img/20240902/4394976/4394976_17252693262926_500.jpg,False
2025-10,F,100004,미니스커트,100,원피스/스커트,1,5166590,musinsastandardwoman,무신사 스탠다드 우먼,우먼즈 14W 코듀로이 로 라이즈 미니 스코츠 [브라운],https://image.msscdn.net/images/goods_img/20250604/5166590/5166590_17618101156392_500.jpg,False
2025-10,F,100004,미니스커트,100,원피스/스커트,2,4298327,musinsastandardwoman,무신사 스탠다드 우먼,우먼즈 로 라이즈 플리츠 미니 스코츠 [블랙],https://image.msscdn.net/images/goods_img/20240806/4298327/4298327_17467829987386_500.jpg,False
2025-10,F,100004,미니스커트,100,원피스/스커트,3,5166588,musinsastandardwoman,무신사 스탠다드 우먼,우먼즈 14W 코듀로이 로 라이즈 미니 스코츠 [블랙],https://image.msscdn.net/images/goods_img/20250604/5166588/5166588_17580642021173_500.jpg,False
2025-10,F,100004,미니스커트,100,원피스/스커트,4,4687212,musinsastandardwoman,무신사 스탠다드 우먼,우먼즈 레이어드 미니 스코츠 [차콜 그레이],https://image.msscdn.net/images/goods_img/20241231/4687212/4687212_17467727936774_500.jpg,False
2025-10,F,100004,미니스커트,100,원피스/스커트,5,2830762,painorpleasure,페인오어플레져,NIX MINI SKIRT black,https://image.msscdn.net/images/goods_img/20220929/2830762/2830762_17883362863775_500.jpg,False
2025-10,F,100004,미니스커트,100,원피스/스커트,6,5292449,musinsastandardwoman,무신사 스탠다드 우먼,우먼즈 18W 코듀로이 티어드 미니 스커트 [블랙],https://image.msscdn.net/images/goods_img/20250805/5292449/5292449_17592896744998_500.jpg,False
2025-10,F,100004,미니스커트,100,원피스/스커트,7,2117249,musinsastandardwoman,무신사 스탠다드 우먼,우먼즈 베이식 미니 스커트 [블랙],https://image.msscdn.net/images/goods_img/20210908/2117249/2117249_17625018594051_500.jpg,False
2025-10,F,100004,미니스커트,100,원피스/스커트,8,5311367,khakipoint,카키포인트,Cancan Skirt Pants (black),https://image.msscdn.net/images/goods_img/20250812/5311367/5311367_17574805612546_500.jpg,False
2025-10,F,100004,미니스커트,100,원피스/스커트,9,4644489,musinsastandardwoman,무신사 스탠다드 우먼,우먼즈 로 라이즈 플리츠 미니 스코츠 [그레이],https://image.msscdn.net/images/goods_img/20241202/4644489/4644489_17466893080499_500.jpg,False
2025-10,F,100004,미니스커트,100,원피스/스커트,10,5166561,musinsastandardwoman,무신사 스탠다드 우먼,우먼즈 코듀로이 플리츠 미니 스커트 [버건디],https://image.msscdn.net/images/goods_img/20250604/5166561/5166561_17580077089471_500.jpg,False
2025-10,F,100004,미니스커트,100,원피스/스커트,11,2568777,musinsastandardwoman,무신사 스탠다드 우먼,우먼즈 코듀로이 플리츠 미니 스커트 [블랙],https://image.msscdn.net/images/goods_img/20220518/2568777/2568777_16975309791978_500.jpg,False
2025-10,F,100004,미니스커트,100,원피스/스커트,12,3285422,musinsastandardwoman,무신사 스탠다드 우먼,우먼즈 코듀로이 미니 스커트 [브라운],https://image.msscdn.net/images/goods_img/20230509/3285422/3285422_16925740209468_500.jpg,False
2025-10,F,100004,미니스커트,100,원피스/스커트,13,4170370,ronron,론론,CANCAN RUFFLE PANTSKIRT BLACK,https://image.msscdn.net/images/goods_img/20240531/4170370/4170370_17175556541226_500.jpg,False
2025-10,F,100004,미니스커트,100,원피스/스커트,14,5313581,misekiseoul,미세키서울,Pleats wrap mini skirt BLACK,https://image.msscdn.net/images/goods_img/20250812/5313581/5313581_17572953284146_500.jpg,False
2025-10,F,100004,미니스커트,100,원피스/스커트,15,5290315,musinsastandardwoman,무신사 스탠다드 우먼,우먼즈 신세틱 스웨이드 미니 스커트 [블랙],https://image.msscdn.net/images/goods_img/20250804/5290315/5290315_17562001096144_500.jpg,False
2025-10,F,100004,미니스커트,100,원피스/스커트,16,4298328,musinsastandardwoman,무신사 스탠다드 우먼,우먼즈 로 라이즈 플리츠 미니 스코츠 [멜란지 그레이],https://image.msscdn.net/images/goods_img/20240806/4298328/4298328_17466831047933_500.jpg,False
2025-10,F,100004,미니스커트,100,원피스/스커트,17,2551401,musinsastandardwoman,무신사 스탠다드 우먼,우먼즈 슬릿 미니 스코츠 [블랙],https://image.msscdn.net/images/goods_img/20220511/2551401/2551401_17678593283428_500.jpg,False
2025-10,F,100004,미니스커트,100,원피스/스커트,18,4326509,musinsastandardwoman,무신사 스탠다드 우먼,우먼즈 레이어드 미니 스코츠 [블랙],https://image.msscdn.net/images/goods_img/20240813/4326509/4326509_17536889295210_500.jpg,False
2025-10,F,100004,미니스커트,100,원피스/스커트,19,5316486,hugyourskin,허그유어스킨,체크 러플 미니 스커트 (블랙),https://image.msscdn.net/images/goods_img/20250812/5316486/5316486_17561118168928_500.jpg,False
2025-10,F,100004,미니스커트,100,원피스/스커트,20,5290317,musinsastandardwoman,무신사 스탠다드 우먼,우먼즈 신세틱 스웨이드 미니 스커트 [라이트 브라운],https://image.msscdn.net/images/goods_img/20250804/5290317/5290317_17562000505863_500.jpg,False
2025-10,F,100004,미니스커트,100,원피스/스커트,21,5439548,forusring,포어링,4US Banding mini skirt (check),https://image.msscdn.net/images/goods_img/20250910/5439548/5439548_17587902778031_500.jpeg,False
2025-10,F,100004,미니스커트,100,원피스/스커트,22,2069547,musinsastandardwoman,무신사 스탠다드 우먼,우먼즈 코듀로이 미니 스커트 [블랙],https://image.msscdn.net/images/goods_img/20210818/2069547/2069547_1_500.jpg,False
2025-10,F,100004,미니스커트,100,원피스/스커트,23,5479649,loeuvre,루에브르,Faux Suede Belted H-Line Mini Skirt SL5XS141-B8,https://image.msscdn.net/images/goods_img/20250917/5479649/5479649_17580924842615_500.jpg,False
2025-10,F,100004,미니스커트,100,원피스/스커트,24,2568778,musinsastandardwoman,무신사 스탠다드 우먼,우먼즈 코듀로이 플리츠 미니 스커트 [카키 브라운],https://image.msscdn.net/images/goods_img/20220518/2568778/2568778_16975308979440_500.jpg,False
2025-10,F,100004,미니스커트,100,원피스/스커트,25,4298330,musinsastandardwoman,무신사 스탠다드 우먼,우먼즈 로 라이즈 플리츠 미니 스코츠 [카키 브라운],https://image.msscdn.net/images/goods_img/20240806/4298330/4298330_17412179444894_500.jpg,False
2025-10,F,100004,미니스커트,100,원피스/스커트,26,4321077,painorpleasure,페인오어플레져,ECHO PLEATS SKIRT charcoal,https://image.msscdn.net/images/goods_img/20240812/4321077/4321077_17237740271511_500.jpg,False
2025-10,F,100004,미니스커트,100,원피스/스커트,27,1944554,musinsastandardwoman,무신사 스탠다드 우먼,우먼즈 데님 미니 스커트 [워시드 블랙],https://image.msscdn.net/images/goods_img/20210511/1944554/1944554_2_500.jpg,False
2025-10,F,100004,미니스커트,100,원피스/스커트,28,5290316,musinsastandardwoman,무신사 스탠다드 우먼,우먼즈 신세틱 스웨이드 미니 스커트 [브라운],https://image.msscdn.net/images/goods_img/20250804/5290316/5290316_17876231820240_500.jpg,False
2025-10,F,100004,미니스커트,100,원피스/스커트,29,5292450,musinsastandardwoman,무신사 스탠다드 우먼,우먼즈 18W 코듀로이 티어드 미니 스커트 [브라운],https://image.msscdn.net/images/goods_img/20250805/5292450/5292450_17592896630073_500.jpg,False
2025-10,F,100004,미니스커트,100,원피스/스커트,30,5311353,khakipoint,카키포인트,Atelier Tweed Skirt (black),https://image.msscdn.net/images/goods_img/20250812/5311353/5311353_17574875981009_500.jpg,False
2025-10,F,100005,미디스커트,100,원피스/스커트,1,4350936,misekiseoul,미세키서울,Unbalanced layered skirt BLACK,https://image.msscdn.net/images/goods_img/20240821/4350936/4350936_17816746257467_500.png,False
2025-10,F,100005,미디스커트,100,원피스/스커트,2,5292443,musinsastandardwoman,무신사 스탠다드 우먼,우먼즈 플리츠 니 렝스 스커트 [그레이],https://image.msscdn.net/images/goods_img/20250805/5292443/5292443_17569697231651_500.jpg,False
2025-10,F,100005,미디스커트,100,원피스/스커트,3,5292442,musinsastandardwoman,무신사 스탠다드 우먼,우먼즈 플리츠 니 렝스 스커트 [블랙],https://image.msscdn.net/images/goods_img/20250805/5292442/5292442_17549805255560_500.jpg,False
2025-10,F,100005,미디스커트,100,원피스/스커트,4,2117253,musinsastandardwoman,무신사 스탠다드 우먼,우먼즈 플리츠 미디 스커트 [블랙],https://image.msscdn.net/images/goods_img/20210908/2117253/2117253_17467823245909_500.jpg,False
2025-10,F,100005,미디스커트,100,원피스/스커트,5,5480247,misekiseoul,미세키서울,Sei layered midi Skirt BLACK,https://image.msscdn.net/images/goods_img/20250917/5480247/5480247_17587898980992_500.jpg,False
2025-10,F,100005,미디스커트,100,원피스/스커트,6,2117254,musinsastandardwoman,무신사 스탠다드 우먼,우먼즈 플리츠 미디 스커트 [차콜 그레이],https://image.msscdn.net/images/goods_img/20210908/2117254/2117254_17467755871427_500.jpg,False
2025-10,F,100005,미디스커트,100,원피스/스커트,7,2257612,musinsastandardwoman,무신사 스탠다드 우먼,우먼즈 플리츠 미디 스커트 [미디엄 그레이],https://image.msscdn.net/images/goods_img/20211206/2257612/2257612_17155615478939_500.jpg,False
2025-10,F,100005,미디스커트,100,원피스/스커트,8,4800538,placestudio,플레이스 스튜디오,투밸트 로우라이즈 탈부착 플리츠 더블 레이어드 미디스커트[블랙],https://image.msscdn.net/images/goods_img/20250218/4800538/4800538_17524547855251_500.jpg,False
2025-10,F,100005,미디스커트,100,원피스/스커트,9,5316072,hugyourskin,허그유어스킨,아가일 케이프 미디 스커트 (차콜),https://image.msscdn.net/images/goods_img/20250812/5316072/5316072_17575742663877_500.jpg,False
2025-10,F,100005,미디스커트,100,원피스/스커트,10,5354304,aeae,에이이에이이,CHECK MIDI TIERED SKIRT [BROWN],https://image.msscdn.net/images/goods_img/20250822/5354304/5354304_17570625766871_500.jpg,False
2025-10,F,100005,미디스커트,100,원피스/스커트,11,5329988,placestudio,플레이스 스튜디오,더블 버튼 체크 미디 레이어드 랩 플리츠 스커트[체크],https://image.msscdn.net/images/goods_img/20250818/5329988/5329988_17563618163909_500.jpg,False
2025-10,F,100005,미디스커트,100,원피스/스커트,12,2051415,musinsastandardwoman,무신사 스탠다드 우먼,우먼즈 코듀로이 미디 스커트 [카키 브라운],https://image.msscdn.net/images/goods_img/20210806/2051415/2051415_2_500.jpg,False
2025-10,F,100005,미디스커트,100,원피스/스커트,13,4757444,hugyourskin,허그유어스킨,스타 플레어드 미디 스커트 (블랙),https://image.msscdn.net/images/goods_img/20250204/4757444/4757444_17392683256673_500.jpg,False
2025-10,F,100005,미디스커트,100,원피스/스커트,14,1581258,musinsastandardwoman,무신사 스탠다드 우먼,우먼즈 코듀로이 미디 스커트 [블랙],https://image.msscdn.net/images/goods_img/20200903/1581258/1581258_2_500.jpg,False
2025-10,F,100005,미디스커트,100,원피스/스커트,15,4117026,musinsastandardwoman,무신사 스탠다드 우먼,우먼즈 데님 미디 스커트 [딥 인디고],https://image.msscdn.net/images/goods_img/20240509/4117026/4117026_17675315652240_500.jpg,False
2025-10,F,100005,미디스커트,100,원피스/스커트,16,4800505,placestudio,플레이스 스튜디오,투밸트 로우라이즈 탈부착 플리츠 더블 레이어드 미디스커트[차콜],https://image.msscdn.net/images/goods_img/20250218/4800505/4800505_17400313032299_500.jpg,False
2025-10,F,100005,미디스커트,100,원피스/스커트,17,5572451,khakipoint,카키포인트,Unbalanced Midi Skirt (black),https://image.msscdn.net/images/goods_img/20251010/5572451/5572451_17611843099503_500.jpg,False
2025-10,F,100005,미디스커트,100,원피스/스커트,18,1581259,musinsastandardwoman,무신사 스탠다드 우먼,우먼즈 코듀로이 미디 스커트 [크림],https://image.msscdn.net/images/goods_img/20200903/1581259/1581259_2_500.jpg,False
2025-10,F,100005,미디스커트,100,원피스/스커트,19,5316068,hugyourskin,허그유어스킨,아가일 케이프 미디 스커트 (블랙),https://image.msscdn.net/images/goods_img/20250812/5316068/5316068_17575744867088_500.jpg,False
2025-10,F,100005,미디스커트,100,원피스/스커트,20,5329958,placestudio,플레이스 스튜디오,더블 버튼 미디 레이어드 랩 플리츠 스커트,https://image.msscdn.net/images/goods_img/20250818/5329958/5329958_17554862867099_500.jpg,False
2025-10,F,100005,미디스커트,100,원피스/스커트,21,2300718,musinsastandardwoman,무신사 스탠다드 우먼,우먼즈 데님 미디 스커트 [워시드 블랙],https://image.msscdn.net/images/goods_img/20220111/2300718/2300718_17675315035044_500.jpg,False
2025-10,F,100005,미디스커트,100,원피스/스커트,22,5439899,misekiseoul,미세키서울,Wabi origami pleats midi skirt CHARCOAL,https://image.msscdn.net/images/goods_img/20250910/5439899/5439899_17657827643859_500.jpg,False
2025-10,F,100005,미디스커트,100,원피스/스커트,23,4354879,ason,애즈온,LONDON CHECK MIDI SKIRT / BLACK,https://image.msscdn.net/images/goods_img/20240821/4354879/4354879_17286374520942_500.jpg,False
2025-10,F,100005,미디스커트,100,원피스/스커트,24,5480262,misekiseoul,미세키서울,Sei layered midi Skirt CHARCOAL,https://image.msscdn.net/images/goods_img/20250917/5480262/5480262_17587899718151_500.jpg,False
2025-10,F,100005,미디스커트,100,원피스/스커트,25,5313092,misekiseoul,미세키서울,Diagonal midi skirt BLACK,https://image.msscdn.net/images/goods_img/20250812/5313092/5313092_17572962339732_500.jpg,False
2025-10,F,100005,미디스커트,100,원피스/스커트,26,5367159,placestudio,플레이스 스튜디오,레이스 프릴 밴딩 미디스커트_3COLOR,https://image.msscdn.net/images/prd_img/20250827/5367159/detail_5367159_17562617239918_500.jpg,False
2025-10,F,100005,미디스커트,100,원피스/스커트,27,5366794,partimentowomen,파르티멘토 우먼,PWC 저지 셔링 티어드 미디 스커트_미드나잇 플럼,https://image.msscdn.net/images/goods_img/20250826/5366794/5366794_17574861168255_500.jpg,False
2025-10,F,100005,미디스커트,100,원피스/스커트,28,4644479,musinsastandardwoman,무신사 스탠다드 우먼,우먼즈 플레어 미디 스커트 [블랙],https://image.msscdn.net/images/goods_img/20241202/4644479/4644479_17447725982646_500.jpg,False
2025-10,F,100005,미디스커트,100,원피스/스커트,29,1645762,musinsastandardwoman,무신사 스탠다드 우먼,우먼즈 데님 미디 스커트 [크림],https://image.msscdn.net/images/goods_img/20201013/1645762/1645762_17675316388880_500.jpg,False
2025-10,F,100005,미디스커트,100,원피스/스커트,30,2568806,musinsastandardwoman,무신사 스탠다드 우먼,우먼즈 코듀로이 미디 스커트 [다크 그레이],https://image.msscdn.net/images/goods_img/20220518/2568806/2568806_2_500.jpg,False
2025-10,F,100006,롱스커트,100,원피스/스커트,1,4593352,placestudio,플레이스 스튜디오,슬림핏 베이직 윈터 티어드 밴딩 롱 캉캉스커트 [화이트],https://image.msscdn.net/images/goods_img/20241106/4593352/4593352_17308779637311_500.jpg,False
2025-10,F,100006,롱스커트,100,원피스/스커트,2,4593477,placestudio,플레이스 스튜디오,슬림핏 베이직 윈터 티어드 밴딩 롱 캉캉스커트 [블랙],https://image.msscdn.net/images/goods_img/20241106/4593477/4593477_17308782967721_500.jpg,False
2025-10,F,100006,롱스커트,100,원피스/스커트,3,2792603,musinsastandardwoman,무신사 스탠다드 우먼,우먼즈 맥시 스커트 [블랙],https://image.msscdn.net/images/goods_img/20220915/2792603/2792603_17536886431375_500.jpg,False
2025-10,F,100006,롱스커트,100,원피스/스커트,4,2448899,musinsastandardwoman,무신사 스탠다드 우먼,우먼즈 프론트 슬릿 데님 롱 스커트 [워시드 블랙],https://image.msscdn.net/images/goods_img/20220328/2448899/2448899_17661127529056_500.jpg,False
2025-10,F,100006,롱스커트,100,원피스/스커트,5,5166584,musinsastandardwoman,무신사 스탠다드 우먼,우먼즈 11W  코듀로이 맥시 스커트 [블랙],https://image.msscdn.net/images/goods_img/20250604/5166584/5166584_17580939770562_500.jpg,False
2025-10,F,100006,롱스커트,100,원피스/스커트,6,5166587,musinsastandardwoman,무신사 스탠다드 우먼,우먼즈 11W  코듀로이 맥시 스커트 [토프],https://image.msscdn.net/images/goods_img/20250604/5166587/5166587_17580939253383_500.jpg,False
2025-10,F,100006,롱스커트,100,원피스/스커트,7,3758437,musinsastandardwoman,무신사 스탠다드 우먼,우먼즈 CP 맥시 스커트 [블랙],https://image.msscdn.net/images/goods_img/20231215/3758437/3758437_17677813885414_500.jpg,False
2025-10,F,100006,롱스커트,100,원피스/스커트,8,4457754,musinsastandardwoman,무신사 스탠다드 우먼,우먼즈 스트레이트 맥시 스커트 [블랙],https://image.msscdn.net/images/goods_img/20240924/4457754/4457754_17467722878565_500.jpg,False
2025-10,F,100006,롱스커트,100,원피스/스커트,9,5166585,musinsastandardwoman,무신사 스탠다드 우먼,우먼즈 11W  코듀로이 맥시 스커트 [브라운],https://image.msscdn.net/images/goods_img/20250604/5166585/5166585_17580939516658_500.jpg,False
2025-10,F,100006,롱스커트,100,원피스/스커트,10,5359238,generalideastandard,제너럴아이디어,빈티지 체크 롱 스커트 [NAVY] / WBE3L13506,https://image.msscdn.net/images/goods_img/20250825/5359238/5359238_17700907256759_500.png,False
2025-10,F,100006,롱스커트,100,원피스/스커트,11,5317074,flareup,플레어업,Asymmetrical Draped Layered Long Skirt (FL-256_Black),https://image.msscdn.net/images/goods_img/20250813/5317074/5317074_17630779437723_500.jpg,False
2025-10,F,100006,롱스커트,100,원피스/스커트,12,2792604,musinsastandardwoman,무신사 스탠다드 우먼,우먼즈 맥시 스커트 [미디엄 그레이],https://image.msscdn.net/images/goods_img/20220915/2792604/2792604_16728975851407_500.jpg,False
2025-10,F,100006,롱스커트,100,원피스/스커트,13,5292447,musinsastandardwoman,무신사 스탠다드 우먼,우먼즈 버클 플리츠 체크 니 렝스 스커트 [그레이],https://image.msscdn.net/images/goods_img/20250805/5292447/5292447_17635368232070_500.jpg,False
2025-10,F,100006,롱스커트,100,원피스/스커트,14,4324777,niceghostclub,나이스고스트클럽,BIG STAR LOGO SWEAT SKIRT_BLACK(NG2EFUPA90A),https://image.msscdn.net/images/goods_img/20240813/4324777/4324777_17708775629904_500.jpg,False
2025-10,F,100006,롱스커트,100,원피스/스커트,15,5290318,musinsastandardwoman,무신사 스탠다드 우먼,우먼즈 신세틱 스웨이드 맥시 스커트 [블랙],https://image.msscdn.net/images/goods_img/20250804/5290318/5290318_17803641121104_500.jpg,False
2025-10,F,100006,롱스커트,100,원피스/스커트,16,2117256,musinsastandardwoman,무신사 스탠다드 우먼,우먼즈 하이 웨이스트 롱 스커트 [블랙],https://image.msscdn.net/images/goods_img/20210908/2117256/2117256_1_500.jpg,False
2025-10,F,100006,롱스커트,100,원피스/스커트,17,4228713,musinsastandardwoman,무신사 스탠다드 우먼,우먼즈 데님 카펜터 롱 스커트 [워시드 블랙],https://image.msscdn.net/images/goods_img/20240702/4228713/4228713_17799545745468_500.jpg,False
2025-10,F,100006,롱스커트,100,원피스/스커트,18,1324169,musinsastandardwoman,무신사 스탠다드 우먼,우먼즈 플랫 테리 스웨트 롱 스커트 [블랙],https://image.msscdn.net/images/goods_img/20200226/1324169/1324169_2_500.jpg,False
2025-10,F,100006,롱스커트,100,원피스/스커트,19,2392478,musinsastandardwoman,무신사 스탠다드 우먼,우먼즈 스웨트 맥시 스커트 [블랙],https://image.msscdn.net/images/goods_img/20220302/2392478/2392478_17188496635285_500.jpg,False
2025-10,F,100006,롱스커트,100,원피스/스커트,20,4336061,adidas,아디다스,파이어버드 니트 스커트 - 블랙 / IY7279,https://image.msscdn.net/images/goods_img/20240816/4336061/4336061_17242236525944_500.jpg,False
2025-10,F,100006,롱스커트,100,원피스/스커트,21,5430844,flareup,플레어업,Asymmetrical Draped Layered Long Skirt (FL-256_Checked),https://image.msscdn.net/images/goods_img/20250909/5430844/5430844_17592250556573_500.jpg,False
2025-10,F,100006,롱스커트,100,원피스/스커트,22,1931894,musinsastandardwoman,무신사 스탠다드 우먼,우먼즈 하이 웨이스트 슬릿 롱 스커트 [블랙],https://image.msscdn.net/images/goods_img/20210430/1931894/1931894_3_500.jpg,False
2025-10,F,100006,롱스커트,100,원피스/스커트,23,5166586,musinsastandardwoman,무신사 스탠다드 우먼,우먼즈 11W  코듀로이 맥시 스커트 [크림],https://image.msscdn.net/images/goods_img/20250604/5166586/5166586_17580940103800_500.jpg,False
2025-10,F,100006,롱스커트,100,원피스/스커트,24,5487924,adidas,아디다스,3-스트라이프 니트 스커트 - 블랙 / JW2661,https://image.msscdn.net/images/goods_img/20250918/5487924/5487924_17585175497620_500.jpg,False
2025-10,F,100006,롱스커트,100,원피스/스커트,25,3051711,musinsastandardwoman,무신사 스탠다드 우먼,우먼즈 데님 맥시 스커트 [미디엄 인디고],https://image.msscdn.net/images/goods_img/20230201/3051711/3051711_16866978207309_500.jpg,False
2025-10,F,100006,롱스커트,100,원피스/스커트,26,5352859,mixxo,미쏘,스터드 맥시 스커트_MIWWHF946C,https://image.msscdn.net/images/goods_img/20250822/5352859/5352859_17822655184036_500.jpg,False
2025-10,F,100006,롱스커트,100,원피스/스커트,27,4457755,musinsastandardwoman,무신사 스탠다드 우먼,우먼즈 스트레이트 맥시 스커트 [건메탈],https://image.msscdn.net/images/goods_img/20240924/4457755/4457755_17307905958859_500.jpg,False
2025-10,F,100006,롱스커트,100,원피스/스커트,28,5310265,lauf,바우프,빈티지 프릴 스커트 [체크 블랙],https://image.msscdn.net/images/goods_img/20250811/5310265/5310265_17569728437881_500.jpg,False
2025-10,F,100006,롱스커트,100,원피스/스커트,29,3758436,musinsastandardwoman,무신사 스탠다드 우먼,우먼즈 CP 맥시 스커트 [다크 그레이],https://image.msscdn.net/images/goods_img/20231215/3758436/3758436_17677813303074_500.jpg,False
2025-10,F,100006,롱스커트,100,원피스/스커트,30,4651418,musinsastandardwoman,무신사 스탠다드 우먼,우먼즈 플랫 테리 스웨트 카고 롱 스커트 [블랙],https://image.msscdn.net/images/goods_img/20241205/4651418/4651418_17376188240234_500.jpg,False
