year_month,gender,category_code,category_name,parent_code,parent_name,rank,product_id,brand,brand_name,product_name,image_url,discontinued
2025-09,A,001,상의,,,1,5276013,trillion,트릴리온,레더 패치 데님 카라 럭비 맨투맨_네이비,https://image.msscdn.net/images/goods_img/20250728/5276013/5276013_17545474942483_500.jpg,False
2025-09,A,001,상의,,,2,5167907,brenson,브렌슨,컴포트 크롭 반팔티 ( 6Color ),https://image.msscdn.net/images/goods_img/20250605/5167907/5167907_17774455330031_500.jpg,False
2025-09,A,001,상의,,,3,2086653,musinsastandard,무신사 스탠다드,레이어드 크루 넥 반팔 티셔츠_일반 기장 [화이트],https://image.msscdn.net/images/goods_img/20210825/2086653/2086653_17772494800708_500.jpg,False
2025-09,A,001,상의,,,4,4302685,sorano,소라노,SORANO Basic Logo HOODIE [6Color],https://image.msscdn.net/images/goods_img/20240807/4302685/4302685_17229675684379_500.jpg,False
2025-09,A,001,상의,,,5,4757913,trillion,트릴리온,와플 링 스냅 헨리넥 롱 슬리브 [블랙],https://image.msscdn.net/images/goods_img/20250204/4757913/4757913_17388174210742_500.jpg,False
2025-09,A,001,상의,,,6,4227437,standarderror,스탠다드에러,87-STAN081 원포켓 빈티지 오버핏 긴팔 체크 셔츠 네이비,https://image.msscdn.net/images/goods_img/20240702/4227437/4227437_17738154996351_500.jpg,False
2025-09,A,001,상의,,,7,4992830,suare,수아레,데일리 쿨 하프 니트,https://image.msscdn.net/images/goods_img/20250407/4992830/4992830_17455602368529_500.jpg,False
2025-09,A,001,상의,,,8,4375159,adidas,아디다스,럭비 폴로 셔츠 - 블랙 / IZ4806,https://image.msscdn.net/images/goods_img/20240827/4375159/4375159_17248303115071_500.jpg,False
2025-09,A,001,상의,,,9,2690691,hugvone,허그본,무지 머슬핏 반팔 5컬러,https://image.msscdn.net/images/goods_img/20220801/2690691/2690691_17090175122341_500.jpg,False
2025-09,A,001,상의,,,10,4227807,discusathletic,디스커스 애슬레틱,[2PACK] 오버 핏 롱슬리브 블랭크 티셔츠,https://image.msscdn.net/images/goods_img/20240702/4227807/4227807_17881482998978_500.jpg,False
2025-09,A,001,상의,,,11,4886457,brenson,브렌슨,오버핏 1:1 스트라이프 긴팔티 ( 5Color ),https://image.msscdn.net/images/goods_img/20250312/4886457/4886457_17629959457223_500.jpg,False
2025-09,A,001,상의,,,12,5253326,lemainsecond,리메인세컨드,프리미엄 오버핏 플란넬 포켓 체크 셔츠 [네이비],https://image.msscdn.net/images/goods_img/20250717/5253326/5253326_17870318719244_500.jpg,False
2025-09,A,001,상의,,,13,2722805,brownbreath,브라운브레스,TAG OG HOODIE - BURGUNDY,https://image.msscdn.net/images/goods_img/20220817/2722805/2722805_17685233788556_500.jpg,False
2025-09,A,001,상의,,,14,4711529,seez,시즈,[데일리룸 X 시즈] 오디너리 크롭 스트라이프 셔츠 [WHITE] 단품/SET,https://image.msscdn.net/images/goods_img/20250110/4711529/4711529_17727599688374_500.jpg,False
2025-09,A,001,상의,,,15,2149254,musinsastandard,무신사 스탠다드,베이식 긴팔 티셔츠 2팩,https://image.msscdn.net/images/goods_img/20210928/2149254/2149254_17138588137724_500.jpg,False
2025-09,A,001,상의,,,16,5275916,drawfit,드로우핏,[패션플래닛X드로우핏] 워시드 크롭 옥스퍼드 셔츠 [5color],https://image.msscdn.net/images/goods_img/20250728/5275916/5275916_17564335238263_500.jpg,False
2025-09,A,001,상의,,,17,2518417,jeep,지프,[2PACK] 190g 싱글 에어그램  반팔 티셔츠 (JR5TSU159BK),https://image.msscdn.net/images/goods_img/20220427/2518417/2518417_17685218387430_500.jpg,False
2025-09,A,001,상의,,,18,5376547,tansanmagnesium,탄산마그네슘,마운틴 롱슬리브 네이비 (우먼),https://image.msscdn.net/images/goods_img/20250828/5376547/5376547_17718144833063_500.jpg,False
2025-09,A,001,상의,,,19,4172293,maninstore,무드인사이드,빈티지 링클 체크셔츠_4Color,https://image.msscdn.net/images/goods_img/20240603/4172293/4172293_17567770391050_500.jpg,False
2025-09,A,001,상의,,,20,3533480,ezkaton,에즈카톤,스페이스 헤비코튼 후드 버건디 KMHD6723,https://image.msscdn.net/images/goods_img/20230906/3533480/3533480_16939610292721_500.jpg,False
2025-09,A,001,상의,,,21,5318901,hooves,후브스,VTG 인터록 헨리넥 롱슬리브 [그레이],https://image.msscdn.net/images/goods_img/20250813/5318901/5318901_17562667095205_500.jpg,False
2025-09,A,001,상의,,,22,2058188,brownbreath,브라운브레스,TAG OG HOODIE - BLACK,https://image.msscdn.net/images/goods_img/20210811/2058188/2058188_17685234537443_500.jpg,False
2025-09,A,001,상의,,,23,983339,musinsastandard,무신사 스탠다드,베이식 드레스 셔츠 [화이트],https://image.msscdn.net/images/goods_img/20190315/983339/983339_17833270978891_500.jpg,False
2025-09,A,001,상의,,,24,3791891,filluminate,필루미네이트,오버핏 포레스트 체크 셔츠-블랙,https://image.msscdn.net/images/goods_img/20240112/3791891/3791891_17901256505525_500.jpg,False
2025-09,A,001,상의,,,25,4434539,untapped,언탭트 스튜디오,시티보이 빅 오버핏 플레이드 체크 셔츠 2Color,https://image.msscdn.net/images/goods_img/20240912/4434539/4434539_17261220660899_500.jpg,False
2025-09,A,001,상의,,,26,2034137,musinsastandard,무신사 스탠다드,릴렉스 핏 크루 넥 반팔 티셔츠 2팩,https://image.msscdn.net/images/goods_img/20210719/2034137/2034137_17821170123912_500.jpg,False
2025-09,A,001,상의,,,27,5251265,lemainsecond,리메인세컨드,오버핏 플란넬 포켓 체크 셔츠 [딥블루],https://image.msscdn.net/images/goods_img/20250716/5251265/5251265_17872912962879_500.jpg,False
2025-09,A,001,상의,,,28,4705470,lemainsecond,리메인세컨드,오버핏 플란넬 포켓 체크 셔츠 [블랙],https://image.msscdn.net/images/goods_img/20250108/4705470/4705470_17872915557201_500.jpg,False
2025-09,A,001,상의,,,29,3005822,brownbreath,브라운브레스,TAG OG LONGSLEEVE - WHITE,https://image.msscdn.net/images/goods_img/20230104/3005822/3005822_17392559844752_500.jpg,False
2025-09,A,001,상의,,,30,2759813,saintpain,세인트페인,SP 팀 로고 후드-멜란지 그레이,https://image.msscdn.net/images/goods_img/20220831/2759813/2759813_1_500.jpg,False
2025-09,A,001005,맨투맨/스웨트,001,상의,1,5276013,trillion,트릴리온,레더 패치 데님 카라 럭비 맨투맨_네이비,https://image.msscdn.net/images/goods_img/20250728/5276013/5276013_17545474942483_500.jpg,False
2025-09,A,001005,맨투맨/스웨트,001,상의,2,4704341,jeep,지프,[360g] M-Logo 반집업 맨투맨 (JR5TSU838MB),https://image.msscdn.net/images/goods_img/20250108/4704341/4704341_17412474701281_500.jpg,False
2025-09,A,001005,맨투맨/스웨트,001,상의,3,5516541,yeezy,이지,SS-01,https://image.msscdn.net/images/goods_img/20250923/5516541/5516541_17586170812711_500.jpg,False
2025-09,A,001005,맨투맨/스웨트,001,상의,4,5292913,discusathletic,디스커스 애슬레틱,2팩 스웨트 셔츠,https://image.msscdn.net/images/goods_img/20250805/5292913/5292913_17667561980040_500.jpg,False
2025-09,A,001005,맨투맨/스웨트,001,상의,5,4330179,codegraphy,코드그라피,CGP 스몰 스퀘어 로고 스트라이프 럭비 맨투맨_버건디,https://image.msscdn.net/images/goods_img/20240814/4330179/4330179_17556489229431_500.jpg,False
2025-09,A,001005,맨투맨/스웨트,001,상의,6,1755605,jeep,지프,[360g] M-Logo 반집업 맨투맨 (JR5TSU838BK),https://image.msscdn.net/images/goods_img/20210120/1755605/1755605_17551317401993_500.jpg,False
2025-09,A,001005,맨투맨/스웨트,001,상의,7,4342389,ghostrepublic,고스트리퍼블릭,심볼 로고 트랙 폴로 맨투맨 GMT-156_블랙,https://image.msscdn.net/images/goods_img/20240819/4342389/4342389_17847048024420_500.jpg,False
2025-09,A,001005,맨투맨/스웨트,001,상의,8,5276014,trillion,트릴리온,레더 패치 데님 카라 럭비 맨투맨_블랙,https://image.msscdn.net/images/goods_img/20250728/5276014/5276014_17545475185467_500.jpg,False
2025-09,A,001005,맨투맨/스웨트,001,상의,9,5289708,codegraphy,코드그라피,스트라이프 럭비 맨투맨_다크 레드,https://image.msscdn.net/images/goods_img/20250804/5289708/5289708_17770114550266_500.jpg,False
2025-09,A,001005,맨투맨/스웨트,001,상의,10,4774647,ami,아미,레드 하트로고 맨투맨 - 블랙 / BFUSW035730001,https://image.msscdn.net/images/goods_img/20250211/4774647/4774647_17398461511237_500.jpg,False
2025-09,A,001005,맨투맨/스웨트,001,상의,11,1817394,travel,트래블,[3-PACK]베이직 트래블러 피그먼트 스웨트셔츠,https://image.msscdn.net/images/goods_img/20210226/1817394/1817394_17152436181527_500.jpg,False
2025-09,A,001005,맨투맨/스웨트,001,상의,12,5355751,whoau,후아유,American Flag Sweatshirt / WHMWF4T01U,https://image.msscdn.net/images/goods_img/20250822/5355751/5355751_17573178017663_500.jpg,False
2025-09,A,001005,맨투맨/스웨트,001,상의,13,5291758,jeep,지프,[360g] M-Logo 반집업 맨투맨 (JR5TSU838BR),https://image.msscdn.net/images/goods_img/20250805/5291758/5291758_17568606030806_500.png,False
2025-09,A,001005,맨투맨/스웨트,001,상의,14,5259072,youhee,유희,YOUHEETIC HOTFIX OFF-SHOULDER SWEATSHIRTS WHITE,https://image.msscdn.net/images/goods_img/20250721/5259072/5259072_17557444166673_500.jpg,False
2025-09,A,001005,맨투맨/스웨트,001,상의,15,1755609,jeep,지프,[360g] M-Logo 반집업 맨투맨 (JQ5TSU838MG),https://image.msscdn.net/images/goods_img/20210120/1755609/1755609_17681942816847_500.png,False
2025-09,A,001005,맨투맨/스웨트,001,상의,16,1582356,sovermentwithlomort,소버먼트,980G 피그먼트 맨투맨-챠콜-,https://image.msscdn.net/images/goods_img/20200903/1582356/1582356_1_500.jpg,False
2025-09,A,001005,맨투맨/스웨트,001,상의,17,2090950,jeep,지프,[360g] M-Logo 반집업 맨투맨 (JQ5TSU838DA),https://image.msscdn.net/images/goods_img/20210826/2090950/2090950_17689757503583_500.png,False
2025-09,A,001005,맨투맨/스웨트,001,상의,18,3948632,mucent,무센트,빅 로고 루즈핏 롱슬리브 맨투맨 (3컬러),https://image.msscdn.net/images/goods_img/20240313/3948632/3948632_17300845807043_500.jpg,False
2025-09,A,001005,맨투맨/스웨트,001,상의,19,4338882,nastyfancyclub,팬시클럽,원숄더 버클 스웻셔츠 (MELANGE GRAY)_F24ZB063,https://image.msscdn.net/images/goods_img/20240816/4338882/4338882_17896114306537_500.jpg,False
2025-09,A,001005,맨투맨/스웨트,001,상의,20,3475395,wednesdayoasis,웬즈데이오아시스,[기모버전추가]시그니처 오버핏 맨투맨 6COLOR,https://image.msscdn.net/images/goods_img/20230818/3475395/3475395_17905819271368_500.jpg,False
2025-09,A,001005,맨투맨/스웨트,001,상의,21,5268251,espionage,에스피오나지,Lightweight Border Sweatshirt Navy,https://image.msscdn.net/images/goods_img/20250723/5268251/5268251_17551365385646_500.jpg,False
2025-09,A,001005,맨투맨/스웨트,001,상의,22,3444706,brownbreath,브라운브레스,TAG OG CREWNECK - BLACK,https://image.msscdn.net/images/goods_img/20230804/3444706/3444706_17231911605372_500.jpg,False
2025-09,A,001005,맨투맨/스웨트,001,상의,23,5290998,ghostrepublic,고스트리퍼블릭,심볼 로고 트랙 폴로 맨투맨 GMT-156_네이비,https://image.msscdn.net/images/goods_img/20250804/5290998/5290998_17542950782493_500.jpg,False
2025-09,A,001005,맨투맨/스웨트,001,상의,24,5289709,codegraphy,코드그라피,스트라이프 럭비 맨투맨_블루,https://image.msscdn.net/images/goods_img/20250804/5289709/5289709_17645548545022_500.jpg,False
2025-09,A,001005,맨투맨/스웨트,001,상의,25,5461667,champion,챔피온,챔피온 X 빠더너스 리버스위브 WIT 로고 스웨트셔츠 Blue,https://image.msscdn.net/images/goods_img/20250915/5461667/5461667_17585015792525_500.jpg,False
2025-09,A,001005,맨투맨/스웨트,001,상의,26,5284439,luvistrue,러브이즈트루,GT ONE SHOULDER SWEATSHIRT(GRAY),https://image.msscdn.net/images/goods_img/20250731/5284439/5284439_17560908639406_500.jpg,False
2025-09,A,001005,맨투맨/스웨트,001,상의,27,5303110,marithefrancoisgirbaud,마리떼 프랑소와 저버,CLASSIC LOGO STRIPE RUGBY SWEATSHIRT light pink,https://image.msscdn.net/images/goods_img/20250808/5303110/5303110_17569423061625_500.jpg,False
2025-09,A,001005,맨투맨/스웨트,001,상의,28,5461666,champion,챔피온,챔피온 X 빠더너스 리버스위브 BDNS 로고 스웨트셔츠 Navy,https://image.msscdn.net/images/goods_img/20250915/5461666/5461666_17585015731311_500.jpg,False
2025-09,A,001005,맨투맨/스웨트,001,상의,29,5276012,trillion,트릴리온,레더 패치 데님 카라 럭비 맨투맨_카키,https://image.msscdn.net/images/goods_img/20250728/5276012/5276012_17545474694715_500.jpg,False
2025-09,A,001005,맨투맨/스웨트,001,상의,30,4655076,musinsastandard,무신사 스탠다드,[쿨탠다드] 레귤러 스웨트셔츠 [블랙],https://image.msscdn.net/images/goods_img/20241206/4655076/4655076_17441576546811_500.jpg,False
2025-09,A,001004,후드 티셔츠,001,상의,1,4302685,sorano,소라노,SORANO Basic Logo HOODIE [6Color],https://image.msscdn.net/images/goods_img/20240807/4302685/4302685_17229675684379_500.jpg,False
2025-09,A,001004,후드 티셔츠,001,상의,2,2722805,brownbreath,브라운브레스,TAG OG HOODIE - BURGUNDY,https://image.msscdn.net/images/goods_img/20220817/2722805/2722805_17685233788556_500.jpg,False
2025-09,A,001004,후드 티셔츠,001,상의,3,3533480,ezkaton,에즈카톤,스페이스 헤비코튼 후드 버건디 KMHD6723,https://image.msscdn.net/images/goods_img/20230906/3533480/3533480_16939610292721_500.jpg,False
2025-09,A,001004,후드 티셔츠,001,상의,4,2058188,brownbreath,브라운브레스,TAG OG HOODIE - BLACK,https://image.msscdn.net/images/goods_img/20210811/2058188/2058188_17685234537443_500.jpg,False
2025-09,A,001004,후드 티셔츠,001,상의,5,2759813,saintpain,세인트페인,SP 팀 로고 후드-멜란지 그레이,https://image.msscdn.net/images/goods_img/20220831/2759813/2759813_1_500.jpg,False
2025-09,A,001004,후드 티셔츠,001,상의,6,3907161,ruddycheeks,아이필블루씨에스엠,Ifeelbluecsm Hoodie [5Color],https://image.msscdn.net/images/goods_img/20240227/3907161/3907161_17591081389486_500.jpg,False
2025-09,A,001004,후드 티셔츠,001,상의,7,2302738,brownbreath,브라운브레스,TAG OG HOODIE - NAVY,https://image.msscdn.net/images/goods_img/20220112/2302738/2302738_17685234128085_500.jpg,False
2025-09,A,001004,후드 티셔츠,001,상의,8,4725152,yale,예일,투톤아치 후드_그레이,https://image.msscdn.net/images/goods_img/20250116/4725152/4725152_17685333172148_500.jpg,False
2025-09,A,001004,후드 티셔츠,001,상의,9,4640818,likethemost,라이크더모스트,더즌트 LTMT 오버 후디_블랙,https://image.msscdn.net/images/goods_img/20241128/4640818/4640818_17327532241019_500.jpg,False
2025-09,A,001004,후드 티셔츠,001,상의,10,4326536,dimitriblack,디미트리블랙,VLAD 컷오프 아플리케 후드 티셔츠_차콜,https://image.msscdn.net/images/goods_img/20240813/4326536/4326536_17514416403147_500.jpg,False
2025-09,A,001004,후드 티셔츠,001,상의,11,3464998,venhit,벤힛,MRT 후드티,https://image.msscdn.net/images/goods_img/20230814/3464998/3464998_16964023450202_500.jpg,False
2025-09,A,001004,후드 티셔츠,001,상의,12,4711280,venhit,벤힛,VH CREW 후드티,https://image.msscdn.net/images/goods_img/20250110/4711280/4711280_17370785218504_500.jpg,False
2025-09,A,001004,후드 티셔츠,001,상의,13,4440029,amesworldwide,아메스 월드와이드,BIG TYPO HOODIE (6 colors),https://image.msscdn.net/images/goods_img/20240913/4440029/4440029_17623208002122_500.jpg,False
2025-09,A,001004,후드 티셔츠,001,상의,14,4281004,lee,리,빅 트위치 로고 후드 티셔츠 네이비,https://image.msscdn.net/images/goods_img/20240729/4281004/4281004_17695628096256_500.jpg,False
2025-09,A,001004,후드 티셔츠,001,상의,15,4265248,anotherarchive,어나더 아카이브,그래피티 로고 후드티_네이비,https://image.msscdn.net/images/goods_img/20240722/4265248/4265248_17243380383879_500.jpg,False
2025-09,A,001004,후드 티셔츠,001,상의,16,5332183,venhit,벤힛,MRT 카모 아플리케 후드티,https://image.msscdn.net/images/goods_img/20250818/5332183/5332183_17564512100528_500.jpg,False
2025-09,A,001004,후드 티셔츠,001,상의,17,5484873,lee,리,빅 트위치 로고 후드 티셔츠_5Color,https://image.msscdn.net/images/goods_img/20250918/5484873/5484873_17587057641221_500.jpg,False
2025-09,A,001004,후드 티셔츠,001,상의,18,3445872,apr8,에이프릴에잇,APR8 STAR LOGO HOODIE [6Color],https://image.msscdn.net/images/goods_img/20230804/3445872/3445872_16944857555770_500.jpg,False
2025-09,A,001004,후드 티셔츠,001,상의,19,5332216,venhit,벤힛,MRT 체크 아플리케 후드티_모카무스,https://image.msscdn.net/images/goods_img/20250818/5332216/5332216_17564505914264_500.jpg,False
2025-09,A,001004,후드 티셔츠,001,상의,20,2990516,1989standard,1989스탠다드,RV_OUR 1989 후드 (STHSTD-0004),https://image.msscdn.net/images/goods_img/20221220/2990516/2990516_17865211299718_500.jpg,False
2025-09,A,001004,후드 티셔츠,001,상의,21,5322382,lee,리,빅 트위치 로고 후드 티셔츠 오트밀,https://image.msscdn.net/images/goods_img/20250813/5322382/5322382_17581060515109_500.jpg,False
2025-09,A,001004,후드 티셔츠,001,상의,22,5395272,lacoste,라코스테,남성 가먼트워싱 하프집업 후드 [블랙],https://image.msscdn.net/images/goods_img/20250903/5395272/5395272_17585898669212_500.jpg,False
2025-09,A,001004,후드 티셔츠,001,상의,23,5385612,thedreamer,더 드리머,중량담요 후드티 블랙,https://image.msscdn.net/images/goods_img/20250901/5385612/5385612_17574878120481_500.jpg,False
2025-09,A,001004,후드 티셔츠,001,상의,24,4784450,mucent,무센트,시그니처 베이직 로고 후드 티 남녀공용 (6컬러),https://image.msscdn.net/images/goods_img/20250213/4784450/4784450_17394070343043_500.jpg,False
2025-09,A,001004,후드 티셔츠,001,상의,25,2870838,satur,세터,리벳 아플리케 포켓 로고 후드 오가닉 블랙,https://image.msscdn.net/images/goods_img/20221017/2870838/2870838_17338957959074_500.jpg,False
2025-09,A,001004,후드 티셔츠,001,상의,26,5308455,ghostrepublic,고스트리퍼블릭,래글런 트랙 후드배색 헨리넥 후드티 GHT-483_네이비,https://image.msscdn.net/images/goods_img/20250811/5308455/5308455_17848598615368_500.jpg,False
2025-09,A,001004,후드 티셔츠,001,상의,27,5438121,thisisneverthat,디스이즈네버댓,T-Logo Hoodie Heather Grey,https://image.msscdn.net/images/goods_img/20250910/5438121/5438121_17682811390976_500.jpg,False
2025-09,A,001004,후드 티셔츠,001,상의,28,4804544,mimthewardrobe,밈더워드로브,헬로 월드 LOVE 후드티_카모,https://image.msscdn.net/images/goods_img/20250219/4804544/4804544_17683684205480_500.jpg,False
2025-09,A,001004,후드 티셔츠,001,상의,29,5421502,ruddycheeks,아이필블루씨에스엠,CSM CAMO LOGO HOODIE [3Color],https://image.msscdn.net/images/goods_img/20250909/5421502/5421502_17573476770031_500.jpg,False
2025-09,A,001004,후드 티셔츠,001,상의,30,3876972,muahmuah,무아무아,[쭈리/기모] 스티치 콤비 후디 [6color],https://image.msscdn.net/images/goods_img/20240216/3876972/3876972_17514208391640_500.jpg,False
2025-09,A,001002,셔츠/블라우스,001,상의,1,4227437,standarderror,스탠다드에러,87-STAN081 원포켓 빈티지 오버핏 긴팔 체크 셔츠 네이비,https://image.msscdn.net/images/goods_img/20240702/4227437/4227437_17738154996351_500.jpg,False
2025-09,A,001002,셔츠/블라우스,001,상의,2,5253326,lemainsecond,리메인세컨드,프리미엄 오버핏 플란넬 포켓 체크 셔츠 [네이비],https://image.msscdn.net/images/goods_img/20250717/5253326/5253326_17870318719244_500.jpg,False
2025-09,A,001002,셔츠/블라우스,001,상의,3,4711529,seez,시즈,[데일리룸 X 시즈] 오디너리 크롭 스트라이프 셔츠 [WHITE] 단품/SET,https://image.msscdn.net/images/goods_img/20250110/4711529/4711529_17727599688374_500.jpg,False
2025-09,A,001002,셔츠/블라우스,001,상의,4,5275916,drawfit,드로우핏,[패션플래닛X드로우핏] 워시드 크롭 옥스퍼드 셔츠 [5color],https://image.msscdn.net/images/goods_img/20250728/5275916/5275916_17564335238263_500.jpg,False
2025-09,A,001002,셔츠/블라우스,001,상의,5,4172293,maninstore,무드인사이드,빈티지 링클 체크셔츠_4Color,https://image.msscdn.net/images/goods_img/20240603/4172293/4172293_17567770391050_500.jpg,False
2025-09,A,001002,셔츠/블라우스,001,상의,6,983339,musinsastandard,무신사 스탠다드,베이식 드레스 셔츠 [화이트],https://image.msscdn.net/images/goods_img/20190315/983339/983339_17833270978891_500.jpg,False
2025-09,A,001002,셔츠/블라우스,001,상의,7,3791891,filluminate,필루미네이트,오버핏 포레스트 체크 셔츠-블랙,https://image.msscdn.net/images/goods_img/20240112/3791891/3791891_17901256505525_500.jpg,False
2025-09,A,001002,셔츠/블라우스,001,상의,8,4434539,untapped,언탭트 스튜디오,시티보이 빅 오버핏 플레이드 체크 셔츠 2Color,https://image.msscdn.net/images/goods_img/20240912/4434539/4434539_17261220660899_500.jpg,False
2025-09,A,001002,셔츠/블라우스,001,상의,9,5251265,lemainsecond,리메인세컨드,오버핏 플란넬 포켓 체크 셔츠 [딥블루],https://image.msscdn.net/images/goods_img/20250716/5251265/5251265_17872912962879_500.jpg,False
2025-09,A,001002,셔츠/블라우스,001,상의,10,4705470,lemainsecond,리메인세컨드,오버핏 플란넬 포켓 체크 셔츠 [블랙],https://image.msscdn.net/images/goods_img/20250108/4705470/4705470_17872915557201_500.jpg,False
2025-09,A,001002,셔츠/블라우스,001,상의,11,4306299,bronson,브론슨,Blue Chambray Work Shirt KR Ver.,https://image.msscdn.net/images/goods_img/20240807/4306299/4306299_17737170274339_500.jpg,False
2025-09,A,001002,셔츠/블라우스,001,상의,12,994588,filluminate,필루미네이트,옵티멀 베이직 셔츠-화이트[린넨＆옥스포드 선택],https://image.msscdn.net/images/goods_img/20190326/994588/994588_17878791359967_500.jpg,False
2025-09,A,001002,셔츠/블라우스,001,상의,13,4705635,lemainsecond,리메인세컨드,레트로 오버핏 코튼 플란넬 포켓 체크 셔츠 [그린],https://image.msscdn.net/images/goods_img/20250108/4705635/4705635_17670774272725_500.jpg,False
2025-09,A,001002,셔츠/블라우스,001,상의,14,4288935,dimitriblack,디미트리블랙,ASI 에센셜 바이오워싱 데님 셔츠_더스트 인디고,https://image.msscdn.net/images/goods_img/20240801/4288935/4288935_17234533281193_500.jpg,False
2025-09,A,001002,셔츠/블라우스,001,상의,15,5026626,trillion,트릴리온,레더 패치 오버핏 워크 데님 반팔 셔츠 [옐로우 블랙],https://image.msscdn.net/images/goods_img/20250414/5026626/5026626_17458963897203_500.jpg,False
2025-09,A,001002,셔츠/블라우스,001,상의,16,3856743,untapped,언탭트 스튜디오,시티보이 빅 오버핏 빅사이즈 옥스포드 셔츠 8COLOR,https://image.msscdn.net/images/goods_img/20240207/3856743/3856743_17177615485090_500.jpg,False
2025-09,A,001002,셔츠/블라우스,001,상의,17,4763978,mongdol,몽돌,텐셀 시스루 루즈핏 셔츠 차콜 MDSH019CHARCOAL,https://image.msscdn.net/images/goods_img/20250206/4763978/4763978_17412403361244_500.jpg,False
2025-09,A,001002,셔츠/블라우스,001,상의,18,1498105,poloralphlauren,폴로 랄프 로렌,커스텀핏 데님 셔츠 - 블루,https://image.msscdn.net/images/goods_img/20200626/1498105/1498105_2_500.jpg,False
2025-09,A,001002,셔츠/블라우스,001,상의,19,4306872,codegraphy,코드그라피,90S VTG THE NERD 오버핏 체크셔츠_2COLOR,https://image.msscdn.net/images/goods_img/20240807/4306872/4306872_17718107079304_500.jpg,False
2025-09,A,001002,셔츠/블라우스,001,상의,20,4425073,takeasy,테이크이지,빈티지 오버 듀플린 체크 셔츠 (차콜),https://image.msscdn.net/images/goods_img/20240910/4425073/4425073_17273390280319_500.jpg,False
2025-09,A,001002,셔츠/블라우스,001,상의,21,4788205,takeasy,테이크이지,자이언트핏 몬스터 체크셔츠 (빈티지네이비),https://image.msscdn.net/images/goods_img/20250214/4788205/4788205_17422640831469_500.jpg,False
2025-09,A,001002,셔츠/블라우스,001,상의,22,3812096,secondmonolgue,세컨모놀로그,(넥타이 SET)사이드 슬릿 오버핏 코튼 셔츠 [WHITE]_SESH008WHITE,https://image.msscdn.net/images/goods_img/20240122/3812096/3812096_17809748690640_500.jpg,False
2025-09,A,001002,셔츠/블라우스,001,상의,23,3042516,suare,수아레,에센셜 텐셀 린넨 셔츠 - 9 COLOR,https://image.msscdn.net/images/goods_img/20230127/3042516/3042516_17150418369060_500.jpg,False
2025-09,A,001002,셔츠/블라우스,001,상의,24,4143736,maninstore,무드인사이드,써머 링클 오션 체크남방 _5Color,https://image.msscdn.net/images/goods_img/20240521/4143736/4143736_17567131668806_500.jpg,False
2025-09,A,001002,셔츠/블라우스,001,상의,25,854337,musinsastandard,무신사 스탠다드,릴렉스 핏 옥스포드 셔츠 [화이트],https://image.msscdn.net/images/goods_img/20180910/854337/854337_17829584758706_500.jpg,False
2025-09,A,001002,셔츠/블라우스,001,상의,26,4186471,huke,후크,빈티지 워싱 브라운  체크셔츠,https://image.msscdn.net/images/goods_img/20240610/4186471/4186471_17179929320187_500.jpg,False
2025-09,A,001002,셔츠/블라우스,001,상의,27,1706633,poloralphlauren,폴로 랄프 로렌,커스텀핏 옥스포드 셔츠 - 화이트,https://image.msscdn.net/images/goods_img/20201130/1706633/1706633_16932921087582_500.jpg,False
2025-09,A,001002,셔츠/블라우스,001,상의,28,5395229,lacoste,라코스테,남성 깅엄체크 오버 셔츠 [다크브라운],https://image.msscdn.net/images/goods_img/20250903/5395229/5395229_17585902838562_500.jpg,False
2025-09,A,001002,셔츠/블라우스,001,상의,29,4312727,musinsastandard,무신사 스탠다드,데님 웨스턴 셔츠 [블랙],https://image.msscdn.net/images/goods_img/20240809/4312727/4312727_17297484208550_500.jpg,False
2025-09,A,001002,셔츠/블라우스,001,상의,30,4871138,decoroso,데꼬로소,웨스턴 투 포켓 셔츠 [브라운],https://image.msscdn.net/images/goods_img/20250307/4871138/4871138_17425347986004_500.jpg,False
2025-09,A,001010,긴소매 티셔츠,001,상의,1,4757913,trillion,트릴리온,와플 링 스냅 헨리넥 롱 슬리브 [블랙],https://image.msscdn.net/images/goods_img/20250204/4757913/4757913_17388174210742_500.jpg,False
2025-09,A,001010,긴소매 티셔츠,001,상의,2,4227807,discusathletic,디스커스 애슬레틱,[2PACK] 오버 핏 롱슬리브 블랭크 티셔츠,https://image.msscdn.net/images/goods_img/20240702/4227807/4227807_17881482998978_500.jpg,False
2025-09,A,001010,긴소매 티셔츠,001,상의,3,4886457,brenson,브렌슨,오버핏 1:1 스트라이프 긴팔티 ( 5Color ),https://image.msscdn.net/images/goods_img/20250312/4886457/4886457_17629959457223_500.jpg,False
2025-09,A,001010,긴소매 티셔츠,001,상의,4,2149254,musinsastandard,무신사 스탠다드,베이식 긴팔 티셔츠 2팩,https://image.msscdn.net/images/goods_img/20210928/2149254/2149254_17138588137724_500.jpg,False
2025-09,A,001010,긴소매 티셔츠,001,상의,5,5376547,tansanmagnesium,탄산마그네슘,마운틴 롱슬리브 네이비 (우먼),https://image.msscdn.net/images/goods_img/20250828/5376547/5376547_17718144833063_500.jpg,False
2025-09,A,001010,긴소매 티셔츠,001,상의,6,5318901,hooves,후브스,VTG 인터록 헨리넥 롱슬리브 [그레이],https://image.msscdn.net/images/goods_img/20250813/5318901/5318901_17562667095205_500.jpg,False
2025-09,A,001010,긴소매 티셔츠,001,상의,7,3005822,brownbreath,브라운브레스,TAG OG LONGSLEEVE - WHITE,https://image.msscdn.net/images/goods_img/20230104/3005822/3005822_17392559844752_500.jpg,False
2025-09,A,001010,긴소매 티셔츠,001,상의,8,2081571,bronson,브론슨,Vintage Long Sleeve Henley Shirt Black,https://image.msscdn.net/images/goods_img/20210823/2081571/2081571_17737267731808_500.jpg,False
2025-09,A,001010,긴소매 티셔츠,001,상의,9,2058133,brownbreath,브라운브레스,TAG OG LONGSLEEVE - BLACK,https://image.msscdn.net/images/goods_img/20210811/2058133/2058133_17385429891236_500.jpg,False
2025-09,A,001010,긴소매 티셔츠,001,상의,10,4886714,drix,드릭스,특양면 오버핏 롱 슬리브 티셔츠_5color,https://image.msscdn.net/images/goods_img/20250312/4886714/4886714_17417603907744_500.jpg,False
2025-09,A,001010,긴소매 티셔츠,001,상의,11,4755834,ason,애즈온,WISH RIBBED BUTTON TEE / IVORY,https://image.msscdn.net/images/goods_img/20250204/4755834/4755834_17721789754782_500.jpg,False
2025-09,A,001010,긴소매 티셔츠,001,상의,12,5301590,thecoldestmoment,더콜디스트모먼트,TCM twist button long sleeve (black),https://image.msscdn.net/images/goods_img/20250807/5301590/5301590_17556793978080_500.png,False
2025-09,A,001010,긴소매 티셔츠,001,상의,13,4348635,thecoldestmoment,더콜디스트모먼트,TCM mini logo stripe long sleeve (pink/red),https://image.msscdn.net/images/goods_img/20240820/4348635/4348635_17254110112634_500.jpg,False
2025-09,A,001010,긴소매 티셔츠,001,상의,14,3874367,jeep,지프,[2PACK] 16수 싱글 에어그램 롱슬리브 티셔츠 (JQ5TSU754BK),https://image.msscdn.net/images/prd_img/20240215/3874367/detail_3874367_17834737247478_500.jpg,False
2025-09,A,001010,긴소매 티셔츠,001,상의,15,5404516,comieu,쏘비,세미크롭 CH 긴팔티,https://image.msscdn.net/images/goods_img/20250904/5404516/5404516_17569705957799_500.png,False
2025-09,A,001010,긴소매 티셔츠,001,상의,16,5269891,musinsastandard,무신사 스탠다드,베이식 긴팔 티셔츠 3팩,https://image.msscdn.net/images/goods_img/20250724/5269891/5269891_17561986258926_500.jpg,False
2025-09,A,001010,긴소매 티셔츠,001,상의,17,4708446,prendafromplant,프렌다,LACE NECK BUTTON LONG SLEEVE OATMEAL,https://image.msscdn.net/images/goods_img/20250109/4708446/4708446_17695856977578_500.jpg,False
2025-09,A,001010,긴소매 티셔츠,001,상의,18,3625615,rockcake,락케이크,Funk Mesh Top - Black,https://image.msscdn.net/images/goods_img/20231013/3625615/3625615_17168719123899_500.jpg,False
2025-09,A,001010,긴소매 티셔츠,001,상의,19,5293181,divein,다이브인,UNIFORM CROP LONG SLEEVE (MELANGE GRAY),https://image.msscdn.net/images/goods_img/20250805/5293181/5293181_17561961865377_500.jpg,False
2025-09,A,001010,긴소매 티셔츠,001,상의,20,4258358,adidas,아디다스,브이넥 긴팔 셔츠 - 블랙 / IY7247,https://image.msscdn.net/images/goods_img/20240718/4258358/4258358_17217088351214_500.jpg,False
2025-09,A,001010,긴소매 티셔츠,001,상의,21,4327239,drawfit,드로우핏,코튼 와플 헨리넥 티셔츠 [BLACK],https://image.msscdn.net/images/goods_img/20240813/4327239/4327239_17697518491366_500.jpg,False
2025-09,A,001010,긴소매 티셔츠,001,상의,22,4243340,urbandtype,어반디타입,풋볼 져지 롱슬리브_화이트,https://image.msscdn.net/images/goods_img/20240710/4243340/4243340_17556568883984_500.jpg,False
2025-09,A,001010,긴소매 티셔츠,001,상의,23,4439881,dickies,디키즈,루즈핏 빅로고 긴소매 White,https://image.msscdn.net/images/goods_img/20240913/4439881/4439881_17883982230613_500.jpg,False
2025-09,A,001010,긴소매 티셔츠,001,상의,24,4803671,jeep,지프,[2PACK] 210g 싱글 에어그램 롱슬리브 티셔츠 (JQ5TSU154BK),https://image.msscdn.net/images/goods_img/20250219/4803671/4803671_17404489170265_500.jpg,False
2025-09,A,001010,긴소매 티셔츠,001,상의,25,4243327,urbandtype,어반디타입,풋볼 져지 롱슬리브_네이비,https://image.msscdn.net/images/goods_img/20240710/4243327/4243327_17556570889011_500.jpg,False
2025-09,A,001010,긴소매 티셔츠,001,상의,26,5276006,trillion,트릴리온,스트라이프 와플 링 스냅 헨리넥 롱 슬리브_4color,https://image.msscdn.net/images/goods_img/20250728/5276006/5276006_17545473270548_500.jpg,False
2025-09,A,001010,긴소매 티셔츠,001,상의,27,4306628,vannworks,밴웍스,BALANCE TYPO 롱슬리브 (VLS0074) 블랙,https://image.msscdn.net/images/goods_img/20240807/4306628/4306628_17393279696253_500.jpg,False
2025-09,A,001010,긴소매 티셔츠,001,상의,28,4762776,gilaarchive,길라아카이브,STAR WING SHEER LONG SLEEVE_GY,https://image.msscdn.net/images/goods_img/20250206/4762776/4762776_17610961951773_500.jpg,False
2025-09,A,001010,긴소매 티셔츠,001,상의,29,5338925,comieu,쏘비,세미크롭 Kyooo 긴팔티,https://image.msscdn.net/images/goods_img/20250819/5338925/5338925_17556490719825_500.png,False
2025-09,A,001010,긴소매 티셔츠,001,상의,30,4265181,teket,테켓,Plan L/S Tee White,https://image.msscdn.net/images/goods_img/20240722/4265181/4265181_17871239896515_500.jpg,False
2025-09,A,001001,반소매 티셔츠,001,상의,1,5167907,brenson,브렌슨,컴포트 크롭 반팔티 ( 6Color ),https://image.msscdn.net/images/goods_img/20250605/5167907/5167907_17774455330031_500.jpg,False
2025-09,A,001001,반소매 티셔츠,001,상의,2,2086653,musinsastandard,무신사 스탠다드,레이어드 크루 넥 반팔 티셔츠_일반 기장 [화이트],https://image.msscdn.net/images/goods_img/20210825/2086653/2086653_17772494800708_500.jpg,False
2025-09,A,001001,반소매 티셔츠,001,상의,3,2690691,hugvone,허그본,무지 머슬핏 반팔 5컬러,https://image.msscdn.net/images/goods_img/20220801/2690691/2690691_17090175122341_500.jpg,False
2025-09,A,001001,반소매 티셔츠,001,상의,4,2518417,jeep,지프,[2PACK] 190g 싱글 에어그램  반팔 티셔츠 (JR5TSU159BK),https://image.msscdn.net/images/goods_img/20220427/2518417/2518417_17685218387430_500.jpg,False
2025-09,A,001001,반소매 티셔츠,001,상의,5,2034137,musinsastandard,무신사 스탠다드,릴렉스 핏 크루 넥 반팔 티셔츠 2팩,https://image.msscdn.net/images/goods_img/20210719/2034137/2034137_17821170123912_500.jpg,False
2025-09,A,001001,반소매 티셔츠,001,상의,6,4838119,printstar,프린트스타,[2PACK] 14수 7.4oz 헤비웨이트 라운드 오버핏 무지 반팔 티셔츠,https://image.msscdn.net/images/goods_img/20250226/4838119/4838119_17405717515529_500.jpg,False
2025-09,A,001001,반소매 티셔츠,001,상의,7,4774342,grooverhyme,그루브라임,유니)C100 18수싱글 - LOCATION 티셔츠 (레귤러핏) (23COLOR) LRAMCTR702P,https://image.msscdn.net/images/goods_img/20250211/4774342/4774342_17417655661526_500.jpg,False
2025-09,A,001001,반소매 티셔츠,001,상의,8,4782996,mozmoz,모즈모즈,[SET] 그래픽 피그먼트 오버핏 반팔티셔츠 PART04,https://image.msscdn.net/images/goods_img/20250212/4782996/4782996_17419458346504_500.jpg,False
2025-09,A,001001,반소매 티셔츠,001,상의,9,1487679,bronson,브론슨,Tompkins Loopwheeled Tubular Tee White,https://image.msscdn.net/images/goods_img/20200617/1487679/1487679_17738107008359_500.jpg,False
2025-09,A,001001,반소매 티셔츠,001,상의,10,3609916,bysec,바이젝,퍼펙트 특양면 오버핏 숄더 2중절개 무지 반팔 티셔츠_7Color,https://image.msscdn.net/images/goods_img/20231006/3609916/3609916_17871227359471_500.png,False
2025-09,A,001001,반소매 티셔츠,001,상의,11,5187827,drix,드릭스,[SET-UP] 럭비 오버핏 메시 하프 셋업_3color,https://image.msscdn.net/images/goods_img/20250616/5187827/5187827_17504003447171_500.jpg,False
2025-09,A,001001,반소매 티셔츠,001,상의,12,2479911,coor,쿠어,[2PACK] 수피마 코튼 티셔츠,https://image.msscdn.net/images/goods_img/20220411/2479911/2479911_17731079454756_500.jpg,False
2025-09,A,001001,반소매 티셔츠,001,상의,13,5255063,musinsastandard,무신사 스탠다드,릴렉스 핏 크루 넥 반팔 티셔츠 3팩,https://image.msscdn.net/images/goods_img/20250718/5255063/5255063_17750308150702_500.jpg,False
2025-09,A,001001,반소매 티셔츠,001,상의,14,4182646,compagno,꼼파뇨,HUFF Hoppi 피그먼트 반팔티 스모크블랙,https://image.msscdn.net/images/goods_img/20240607/4182646/4182646_17177373346475_500.jpg,False
2025-09,A,001001,반소매 티셔츠,001,상의,15,3886780,hugvone,허그본,[2PACK]무지 머슬핏 반팔 5컬러,https://image.msscdn.net/images/goods_img/20240221/3886780/3886780_17701039174536_500.jpg,False
2025-09,A,001001,반소매 티셔츠,001,상의,16,2442409,yale,예일,[16수 코마사] 2PACK 스몰아치 반팔티셔츠 화이트/블랙,https://image.msscdn.net/images/goods_img/20220324/2442409/2442409_17424359787816_500.jpg,False
2025-09,A,001001,반소매 티셔츠,001,상의,17,4038037,compagno,꼼파뇨,익스플로 버니 피그먼트 반팔티 스모크블랙,https://image.msscdn.net/images/goods_img/20240409/4038037/4038037_17744206027335_500.jpg,False
2025-09,A,001001,반소매 티셔츠,001,상의,18,4002344,rolarola,로라로라,MAISON DE ROLA EMBROIDERY T-SHIRT WHITE,https://image.msscdn.net/images/goods_img/20240328/4002344/4002344_17863206145486_500.jpg,False
2025-09,A,001001,반소매 티셔츠,001,상의,19,5045551,drix,드릭스,럭비 오버핏 메시 저지 하프 슬리브_블랙,https://image.msscdn.net/images/goods_img/20250420/5045551/5045551_17459121286173_500.jpg,False
2025-09,A,001001,반소매 티셔츠,001,상의,20,4374422,bubblpiece,버블피스,노스텔지아 피그먼트 티셔츠_차콜,https://image.msscdn.net/images/goods_img/20240827/4374422/4374422_17532369782844_500.jpg,False
2025-09,A,001001,반소매 티셔츠,001,상의,21,5170644,leire,르아르,에센셜 크롭 티셔츠 [블랙],https://image.msscdn.net/images/goods_img/20250608/5170644/5170644_17500421531984_500.jpg,False
2025-09,A,001001,반소매 티셔츠,001,상의,22,4055771,dimitriblack,디미트리블랙,VLAD 피그먼트 슬래쉬 반팔 티셔츠_차콜,https://image.msscdn.net/images/goods_img/20240415/4055771/4055771_17164413957204_500.png,False
2025-09,A,001001,반소매 티셔츠,001,상의,23,4949728,compagno,꼼파뇨,키튼 패치 피그먼트 반팔티 브라운,https://image.msscdn.net/images/goods_img/20250326/4949728/4949728_17430646128881_500.jpg,False
2025-09,A,001001,반소매 티셔츠,001,상의,24,3727165,aaa,트리플에이,2PACK 1301 베이식 반팔 티셔츠 18수,https://image.msscdn.net/images/goods_img/20231121/3727165/3727165_17303367797569_500.jpg,False
2025-09,A,001001,반소매 티셔츠,001,상의,25,996177,musinsastandard,무신사 스탠다드,릴렉스 핏 크루 넥 반팔 티셔츠 [화이트],https://image.msscdn.net/images/goods_img/20190327/996177/996177_17845258066104_500.jpg,False
2025-09,A,001001,반소매 티셔츠,001,상의,26,5093305,spao,스파오,[가나디] 반팔 티셔츠(WHITE)_SPRLF38U02,https://image.msscdn.net/images/goods_img/20250508/5093305/5093305_17470949517563_500.jpg,False
2025-09,A,001001,반소매 티셔츠,001,상의,27,5190806,vivalavida,비바라비다,Graychill 피그먼트 워싱 반팔 티셔츠,https://image.msscdn.net/images/goods_img/20250617/5190806/5190806_17501458480730_500.jpg,False
2025-09,A,001001,반소매 티셔츠,001,상의,28,1417691,musinsastandardwoman,무신사 스탠다드 우먼,우먼즈 베이식 크루 넥 반팔 티셔츠 [화이트],https://image.msscdn.net/images/goods_img/20200423/1417691/1417691_17828975022011_500.jpg,False
2025-09,A,001001,반소매 티셔츠,001,상의,29,3943019,compagno,꼼파뇨,DTP 해피 데이 반팔티 화이트,https://image.msscdn.net/images/goods_img/20240312/3943019/3943019_17108267959953_500.jpg,False
2025-09,A,001001,반소매 티셔츠,001,상의,30,3973556,untapped,언탭트 스튜디오,[3PACK]퓨어코튼 24수  롱기장 레이어드 무지 반팔 티셔츠,https://image.msscdn.net/images/goods_img/20240320/3973556/3973556_17657835585342_500.jpg,False
2025-09,A,001003,피케/카라 티셔츠,001,상의,1,4992830,suare,수아레,데일리 쿨 하프 니트,https://image.msscdn.net/images/goods_img/20250407/4992830/4992830_17455602368529_500.jpg,False
2025-09,A,001003,피케/카라 티셔츠,001,상의,2,4375159,adidas,아디다스,럭비 폴로 셔츠 - 블랙 / IZ4806,https://image.msscdn.net/images/goods_img/20240827/4375159/4375159_17248303115071_500.jpg,False
2025-09,A,001003,피케/카라 티셔츠,001,상의,3,5292858,adidas,아디다스,럭비 폴로 셔츠 - 나이트인디고:화이트 / JY1400,https://image.msscdn.net/images/goods_img/20250805/5292858/5292858_17544653612292_500.jpg,False
2025-09,A,001003,피케/카라 티셔츠,001,상의,4,4854080,satur,세터,럭비 스트라이프 피케 롱 슬리브 네이비,https://image.msscdn.net/images/goods_img/20250304/4854080/4854080_17417565014715_500.jpg,False
2025-09,A,001003,피케/카라 티셔츠,001,상의,5,3927583,suare,수아레,워셔블 케이블 반팔 니트 - 14 COLOR,https://image.msscdn.net/images/goods_img/20240306/3927583/3927583_17791544001352_500.jpg,False
2025-09,A,001003,피케/카라 티셔츠,001,상의,6,4800569,placestudio,플레이스 스튜디오,스트라이프 럭비 롱슬리브 오버핏 피케 카라 긴팔 폴로 티셔츠_3COLOR,https://image.msscdn.net/images/goods_img/20250218/4800569/4800569_17399621247900_500.jpg,False
2025-09,A,001003,피케/카라 티셔츠,001,상의,7,4992561,suare,수아레,쿨 코튼 워셔블 하프 니트,https://image.msscdn.net/images/goods_img/20250407/4992561/4992561_17455602873600_500.jpg,False
2025-09,A,001003,피케/카라 티셔츠,001,상의,8,4939651,untapped,언탭트 스튜디오,워셔블 쿨 코튼 케이블 반팔 카라 니트 4Color,https://image.msscdn.net/images/goods_img/20250325/4939651/4939651_17429820374939_500.jpg,False
2025-09,A,001003,피케/카라 티셔츠,001,상의,9,5292857,adidas,아디다스,럭비 폴로 셔츠 - 그레이:블랙 / JY1399,https://image.msscdn.net/images/goods_img/20250805/5292857/5292857_17544653297627_500.jpg,False
2025-09,A,001003,피케/카라 티셔츠,001,상의,10,4651487,musinsastandardwoman,무신사 스탠다드 우먼,우먼즈 릴렉스드 멀티 스트라이프 럭비 셔츠 [네이비],https://image.msscdn.net/images/goods_img/20241205/4651487/4651487_17519299098511_500.jpg,False
2025-09,A,001003,피케/카라 티셔츠,001,상의,11,1387960,musinsastandard,무신사 스탠다드,베이식 피케 폴로 셔츠 [블랙],https://image.msscdn.net/images/goods_img/20200407/1387960/1387960_17507503016609_500.jpg,False
2025-09,A,001003,피케/카라 티셔츠,001,상의,12,3274144,ninez,나인제트,시그니처 코튼 머슬핏 카라티 NSPK01,https://image.msscdn.net/images/goods_img/20230503/3274144/3274144_17809819177876_500.jpg,False
2025-09,A,001003,피케/카라 티셔츠,001,상의,13,4787728,sculptor,스컬프터,Shirring Tennis Shirt Pink,https://image.msscdn.net/images/goods_img/20250213/4787728/4787728_17546363539546_500.jpg,False
2025-09,A,001003,피케/카라 티셔츠,001,상의,14,4299296,untapped,언탭트 스튜디오,시티보이 오버핏 럭비 카라 맨투맨 스웻 티셔츠 4COLOR,https://image.msscdn.net/images/goods_img/20240806/4299296/4299296_17261233960748_500.jpg,False
2025-09,A,001003,피케/카라 티셔츠,001,상의,15,5300427,dunstforwomen,던스트,UNISEX MULTI STRIPE COLLARED T-SHIRT_UDTS5C119_BROWN STRIPE,https://image.msscdn.net/images/goods_img/20250807/5300427/5300427_17871307175019_500.jpg,False
2025-09,A,001003,피케/카라 티셔츠,001,상의,16,5390845,kolonsport,코오롱스포츠,남성 베이직 폴로 티셔츠 TLTBA25401BLK,https://image.msscdn.net/images/goods_img/20250902/5390845/5390845_17573069948708_500.jpg,False
2025-09,A,001003,피케/카라 티셔츠,001,상의,17,4746876,havism,해비즘,FF STRIPE COLLAR L/S TEE(BROWN),https://image.msscdn.net/images/goods_img/20250130/4746876/4746876_17385662240948_500.jpg,False
2025-09,A,001003,피케/카라 티셔츠,001,상의,18,1498092,poloralphlauren,폴로 랄프 로렌,커스텀 슬림핏 메시 폴로 셔츠 - 블랙,https://image.msscdn.net/images/goods_img/20200626/1498092/1498092_2_500.jpg,False
2025-09,A,001003,피케/카라 티셔츠,001,상의,19,5339797,bronson,브론슨,Classic Fit Striped Jersey Rugby Shirt Green/Navy/Red,https://image.msscdn.net/images/goods_img/20250819/5339797/5339797_17737254532028_500.jpg,False
2025-09,A,001003,피케/카라 티셔츠,001,상의,20,5005313,workonbodyoff,워크온바디오프,클래식 세미 오버핏 코튼 피케 티셔츠 [블랙],https://image.msscdn.net/images/goods_img/20250409/5005313/5005313_17461659308163_500.jpg,False
2025-09,A,001003,피케/카라 티셔츠,001,상의,21,3549188,havism,해비즘,OVERSIZE VELOUR V-NECK L/S TEE(GREY),https://image.msscdn.net/images/goods_img/20230911/3549188/3549188_16944107720806_500.jpg,False
2025-09,A,001003,피케/카라 티셔츠,001,상의,22,5507067,hooves,후브스,하이드 버튼 카라 니트 [4COL],https://image.msscdn.net/images/goods_img/20250922/5507067/5507067_17586071782539_500.jpg,False
2025-09,A,001003,피케/카라 티셔츠,001,상의,23,3075261,musinsastandard,무신사 스탠다드,[쿨탠다드] 릴렉스 핏 피케 폴로 셔츠 [블랙],https://image.msscdn.net/images/goods_img/20230210/3075261/3075261_16895877432633_500.jpg,False
2025-09,A,001003,피케/카라 티셔츠,001,상의,24,4706584,bittercells,비터셀즈,유니온 스트라이프 카라 티-스카이 블루,https://image.msscdn.net/images/goods_img/20250109/4706584/4706584_17640497947124_500.jpg,False
2025-09,A,001003,피케/카라 티셔츠,001,상의,25,5277967,placestudio,플레이스 스튜디오,코튼 배색 스트라이프 오버핏 카라 롱슬리브 티셔츠 _ 2COLOR,https://image.msscdn.net/images/goods_img/20250729/5277967/5277967_17592131085461_500.jpg,False
2025-09,A,001003,피케/카라 티셔츠,001,상의,26,1633322,musinsastandard,무신사 스탠다드,스트라이프 럭비 셔츠 [네이비/그린],https://image.msscdn.net/images/goods_img/20201005/1633322/1633322_1_500.jpg,False
2025-09,A,001003,피케/카라 티셔츠,001,상의,27,5481458,codegraphy,코드그라피,CGP 아치 로고 하프 집업_멜란지그레이,https://image.msscdn.net/images/goods_img/20250917/5481458/5481458_17770116653877_500.jpg,False
2025-09,A,001003,피케/카라 티셔츠,001,상의,28,4992652,untapped,언탭트 스튜디오,시티보이 오버핏 럭비 카라 반팔 티셔츠 3Color,https://image.msscdn.net/images/goods_img/20250407/4992652/4992652_17442721498917_500.jpg,False
2025-09,A,001003,피케/카라 티셔츠,001,상의,29,3904799,suare,수아레,워셔블 에센셜 쿨 니트 - 17 COLOR,https://image.msscdn.net/images/goods_img/20240227/3904799/3904799_17152336564181_500.jpg,False
2025-09,A,001003,피케/카라 티셔츠,001,상의,30,4757945,trillion,트릴리온,스트라이프 럭비 오버핏 피케 폴로 셔츠 [네이비],https://image.msscdn.net/images/goods_img/20250204/4757945/4757945_17388081982654_500.jpg,False
2025-09,A,001006,니트/스웨터,001,상의,1,5336051,generalideastandard,제너럴아이디어,레이어드 브이넥 니트 풀오버 [MELANGE GREY] / WBE3L05512,https://image.msscdn.net/images/goods_img/20250819/5336051/5336051_17555737510190_500.jpg,False
2025-09,A,001006,니트/스웨터,001,상의,2,3494992,suare,수아레,워셔블 케이블 라운드 니트 - 5 COLOR,https://image.msscdn.net/images/goods_img/20230824/3494992/3494992_17296467139345_500.jpg,False
2025-09,A,001006,니트/스웨터,001,상의,3,2723767,suare,수아레,데일리 라운드 니트 - 12 COLOR,https://image.msscdn.net/images/goods_img/20220818/2723767/2723767_17292130151891_500.jpg,False
2025-09,A,001006,니트/스웨터,001,상의,4,4871107,decoroso,데꼬로소,베일 헨리넥 니트 [블랙],https://image.msscdn.net/images/goods_img/20250307/4871107/4871107_17421236799393_500.jpg,False
2025-09,A,001006,니트/스웨터,001,상의,5,2683549,satur,세터,파로 오버 사이즈 부클 가디건 클래식 블랙,https://image.msscdn.net/images/prd_img/20220726/2683549/detail_2683549_17582476224564_500.jpg,False
2025-09,A,001006,니트/스웨터,001,상의,6,4385997,suarewomen,수아레 우먼,[보라끌레르X수아레](우먼)캐시미어 100 홀가먼트 브이넥 니트 - 8 COLOR,https://image.msscdn.net/images/goods_img/20240829/4385997/4385997_17585225944934_500.jpg,False
2025-09,A,001006,니트/스웨터,001,상의,7,4385991,suarewomen,수아레 우먼,[보라끌레르X수아레](우먼)캐시미어 100 홀가먼트 니트 - 14 COLOR,https://image.msscdn.net/images/goods_img/20240829/4385991/4385991_17582601007705_500.jpg,False
2025-09,A,001006,니트/스웨터,001,상의,8,4970392,whoau,후아유,American Flag Intarsia Pullover / WHKAF4T81U,https://image.msscdn.net/images/goods_img/20250401/4970392/4970392_17888492392785_500.jpg,False
2025-09,A,001006,니트/스웨터,001,상의,9,4401124,suarewomen,수아레 우먼,[SET][보라끌레르X수아레] 우먼 캐시미어 홀가먼트 니트 세트,https://image.msscdn.net/images/goods_img/20240904/4401124/4401124_17585227609519_500.jpg,False
2025-09,A,001006,니트/스웨터,001,상의,10,4871108,decoroso,데꼬로소,베일 헨리넥 니트 [그레이],https://image.msscdn.net/images/goods_img/20250307/4871108/4871108_17421237043754_500.jpg,False
2025-09,A,001006,니트/스웨터,001,상의,11,5410570,knitted,니티드,[니티드X패션플래닛] 코튼 와플 라운드 니트 CHARCOAL,https://image.msscdn.net/images/goods_img/20250905/5410570/5410570_17593844521856_500.jpg,False
2025-09,A,001006,니트/스웨터,001,상의,12,5351938,suare,수아레,[핏더사이즈 콜라보] 울 워셔블 헨리넥 크롭 니트 - 6 COLOR,https://image.msscdn.net/images/goods_img/20250821/5351938/5351938_17606831618154_500.jpg,False
2025-09,A,001006,니트/스웨터,001,상의,13,5223884,musinsastandard,무신사 스탠다드,[빅토리아 울] 리브드 후디드 니트 [토프],https://image.msscdn.net/images/goods_img/20250703/5223884/5223884_17586714391198_500.jpg,False
2025-09,A,001006,니트/스웨터,001,상의,14,5343540,euggen,유젠,에센셜 스트라이프 니트_카키&브라운,https://image.msscdn.net/images/goods_img/20250820/5343540/5343540_17558256653518_500.jpg,False
2025-09,A,001006,니트/스웨터,001,상의,15,5395163,takeasy,테이크이지,[2PACK] 울 크롭 니트 (카키멜) + (솔리드 크롭 티셔츠 증정),https://image.msscdn.net/images/goods_img/20250903/5395163/5395163_17576401759546_500.jpg,False
2025-09,A,001006,니트/스웨터,001,상의,16,3039153,poloralphlauren,폴로 랄프 로렌,케이블 니트 코튼 스웨터 - 블랙,https://image.msscdn.net/images/goods_img/20230126/3039153/3039153_16764213820086_500.jpg,False
2025-09,A,001006,니트/스웨터,001,상의,17,5399594,suarewomen,수아레 우먼,[SET][보라끌레르X수아레] 우먼 캐시미어 홀가먼트 니트 세트 2,https://image.msscdn.net/images/goods_img/20250903/5399594/5399594_17574011045277_500.jpg,False
2025-09,A,001006,니트/스웨터,001,상의,18,5290694,drawfit,드로우핏,소프트 울 크롭 라운드 니트 [4color],https://image.msscdn.net/images/goods_img/20250804/5290694/5290694_17878801647145_500.jpg,False
2025-09,A,001006,니트/스웨터,001,상의,19,5321066,suarewomen,수아레 우먼,[보라끌레르X수아레](우먼)캐시미어 100 홀가먼트 터틀넥 니트 - 5 COLOR,https://image.msscdn.net/images/goods_img/20250813/5321066/5321066_17569716578791_500.jpg,False
2025-09,A,001006,니트/스웨터,001,상의,20,5410550,knitted,니티드,[니티드X패션플래닛] 코튼 와플 라운드 니트 BLACK,https://image.msscdn.net/images/goods_img/20250905/5410550/5410550_17593845015926_500.jpg,False
2025-09,A,001006,니트/스웨터,001,상의,21,5311166,untapped,언탭트 스튜디오,오버핏 케이블 헨리넥 라운드 니트 4Color,https://image.msscdn.net/images/goods_img/20250811/5311166/5311166_17549219787236_500.jpg,False
2025-09,A,001006,니트/스웨터,001,상의,22,5410580,knitted,니티드,[니티드X패션플래닛] 코튼 와플 라운드 니트 GREY,https://image.msscdn.net/images/goods_img/20250905/5410580/5410580_17593844226073_500.jpg,False
2025-09,A,001006,니트/스웨터,001,상의,23,4441592,millo,밀로 아카이브,크롭 실루엣 니트 [멜란지 그레이],https://image.msscdn.net/images/goods_img/20240916/4441592/4441592_17268183875497_500.jpg,False
2025-09,A,001006,니트/스웨터,001,상의,24,5119025,suare,수아레,코튼 헨리넥 워셔블 니트 - 6 COLOR,https://image.msscdn.net/images/goods_img/20250516/5119025/5119025_17508193690665_500.jpg,False
2025-09,A,001006,니트/스웨터,001,상의,25,4348898,kiimuir,키뮤어,워셔블 카라니트 풀집업_5 COLOR,https://image.msscdn.net/images/goods_img/20240820/4348898/4348898_17573922224842_500.jpg,False
2025-09,A,001006,니트/스웨터,001,상의,26,4899057,mindbridge,마인드브릿지,[ON][케이블or베이직 선택]린넨라이크 반팔 니트 시리즈 - 14color,https://image.msscdn.net/images/goods_img/20250314/4899057/4899057_17812467640328_500.jpg,False
2025-09,A,001006,니트/스웨터,001,상의,27,2775711,trillion,트릴리온,워셔블 하프 집업 카라넥 하찌 니트 (NEUTRAL GRAY),https://image.msscdn.net/images/goods_img/20220906/2775711/2775711_17171478169450_500.jpg,False
2025-09,A,001006,니트/스웨터,001,상의,28,2702396,kiimuir,키뮤어,[하프집업 OR 풀집업] 워셔블 하찌니트_10 COLOR,https://image.msscdn.net/images/goods_img/20220807/2702396/2702396_17578953823468_500.jpg,False
2025-09,A,001006,니트/스웨터,001,상의,29,5294611,divein,다이브인,LOOSED FINE WOOL V-NECK KNIT (NAVY),https://image.msscdn.net/images/goods_img/20250805/5294611/5294611_17642066097241_500.jpg,False
2025-09,A,001006,니트/스웨터,001,상의,30,4682241,musinsastandard,무신사 스탠다드,워셔블 수피마 코튼 크루 넥 니트 [블랙],https://image.msscdn.net/images/goods_img/20241227/4682241/4682241_17706792867348_500.jpg,False
2025-09,A,001011,민소매 티셔츠,001,상의,1,2005542,bronson,브론슨,10.5 oz Cotton Tank Top,https://image.msscdn.net/images/goods_img/20210622/2005542/2005542_17761449719794_500.jpg,False
2025-09,A,001011,민소매 티셔츠,001,상의,2,5106377,giordano,지오다노,립 베이직 탱크탑 025561 [5color],https://image.msscdn.net/images/goods_img/20250513/5106377/5106377_17471120271827_500.jpg,False
2025-09,A,001011,민소매 티셔츠,001,상의,3,4057918,musinsastandard,무신사 스탠다드,에센셜 탱크 탑 [블랙],https://image.msscdn.net/images/goods_img/20240416/4057918/4057918_17170471959238_500.jpg,False
2025-09,A,001011,민소매 티셔츠,001,상의,4,5079642,grandiosity,그랜디오시티,[2PACK] 헤비 골지 머슬핏 슬리브리스 나시 (3컬러),https://image.msscdn.net/images/goods_img/20250429/5079642/5079642_17516005491473_500.jpg,False
2025-09,A,001011,민소매 티셔츠,001,상의,5,4057917,musinsastandard,무신사 스탠다드,에센셜 탱크 탑 [화이트],https://image.msscdn.net/images/goods_img/20240416/4057917/4057917_17775153738661_500.jpg,False
2025-09,A,001011,민소매 티셔츠,001,상의,6,4936661,esfai,에스파이,VTG SLEEVELESS (CHARCOAL),https://image.msscdn.net/images/goods_img/20250324/4936661/4936661_17715571268626_500.jpg,False
2025-09,A,001011,민소매 티셔츠,001,상의,7,4148441,bowlow,바우로 프로덕트,리브드 로고 슬리브리스 [블랙],https://image.msscdn.net/images/goods_img/20240522/4148441/4148441_17163625167792_500.jpg,False
2025-09,A,001011,민소매 티셔츠,001,상의,8,4767951,musinsastandard,무신사 스탠다드,에센셜 탱크 탑 2팩,https://image.msscdn.net/images/goods_img/20250207/4767951/4767951_17461712582659_500.jpg,False
2025-09,A,001011,민소매 티셔츠,001,상의,9,4888736,drix,드릭스,시그니처 머슬핏 립브드 슬리브리스_5color,https://image.msscdn.net/images/goods_img/20250312/4888736/4888736_17421913895057_500.jpg,False
2025-09,A,001011,민소매 티셔츠,001,상의,10,3075253,musinsastandard,무신사 스탠다드,[쿨탠다드] 레이어드 슬리브리스 탑_일반기장 2팩,https://image.msscdn.net/images/goods_img/20230210/3075253/3075253_17138588522656_500.jpg,False
2025-09,A,001011,민소매 티셔츠,001,상의,11,3135346,musinsastandardwoman,무신사 스탠다드 우먼,우먼즈 에센셜 탱크 탑 [화이트],https://image.msscdn.net/images/goods_img/20230309/3135346/3135346_17775390513402_500.jpg,False
2025-09,A,001011,민소매 티셔츠,001,상의,12,4655184,musinsastandard,무신사 스탠다드,와이드 리브드 탱크 탑 [블랙],https://image.msscdn.net/images/goods_img/20241206/4655184/4655184_17471227922189_500.jpg,False
2025-09,A,001011,민소매 티셔츠,001,상의,13,4993670,jeep,지프,[2PACK] 아스킨 쿨 에어그램 민소매 티셔츠 (JR5TSU054BK),https://image.msscdn.net/images/goods_img/20250407/4993670/4993670_17449495137523_500.jpg,False
2025-09,A,001011,민소매 티셔츠,001,상의,14,4148465,bowlow,바우로 프로덕트,리브드 로고 슬리브리스 [아이보리],https://image.msscdn.net/images/goods_img/20240522/4148465/4148465_17163627271968_500.jpg,False
2025-09,A,001011,민소매 티셔츠,001,상의,15,3859446,musinsastandard,무신사 스탠다드,스쿱 넥 슬리브리스 탑 [화이트],https://image.msscdn.net/images/goods_img/20240208/3859446/3859446_17147004001866_500.jpg,False
2025-09,A,001011,민소매 티셔츠,001,상의,16,4148431,bowlow,바우로 프로덕트,리브드 로고 슬리브리스 [그레이],https://image.msscdn.net/images/goods_img/20240522/4148431/4148431_17163622368551_500.jpg,False
2025-09,A,001011,민소매 티셔츠,001,상의,17,1466055,musinsastandardsp,무신사 스탠다드 스포츠,드라이액트 벤트 슬리브리스 (4color),https://image.msscdn.net/images/goods_img/20200528/1466055/1466055_17488344127454_500.jpg,False
2025-09,A,001011,민소매 티셔츠,001,상의,18,1466673,gainsboro,게인스보로,[2PACK] 오버핏 쿨 마이크로아이스 슬리브리스 6COLOR,https://image.msscdn.net/images/goods_img/20200528/1466673/1466673_17477879236093_500.jpg,False
2025-09,A,001011,민소매 티셔츠,001,상의,19,3863280,musinsastandardwoman,무신사 스탠다드 우먼,우먼즈 스퀘어 넥 탱크 탑 [화이트],https://image.msscdn.net/images/goods_img/20240213/3863280/3863280_17479556029250_500.jpg,False
2025-09,A,001011,민소매 티셔츠,001,상의,20,2724649,musinsastandardwoman,무신사 스탠다드 우먼,우먼즈 스트링 슬리브리스 탑 2팩,https://image.msscdn.net/images/goods_img/20220818/2724649/2724649_17490161912803_500.jpg,False
2025-09,A,001011,민소매 티셔츠,001,상의,21,3794829,borntowin,본투윈,B-SYMBOL LOGO SLEEVELESS_NON MESH VER [BLACK],https://image.msscdn.net/images/goods_img/20240115/3794829/3794829_17732868360970_500.jpg,False
2025-09,A,001011,민소매 티셔츠,001,상의,22,5067656,giordano,지오다노,슬리브리스 머슬티 025560 [4color],https://image.msscdn.net/images/goods_img/20250425/5067656/5067656_17466901624833_500.jpg,False
2025-09,A,001011,민소매 티셔츠,001,상의,23,4216823,physicalgarments,피지컬가먼츠,P2447 절개 골지 슬림 나시 [2 COLOR],https://image.msscdn.net/images/goods_img/20240625/4216823/4216823_17200709972787_500.jpg,False
2025-09,A,001011,민소매 티셔츠,001,상의,24,1452270,musinsastandardwoman,무신사 스탠다드 우먼,우먼즈 베이식 슬리브리스 탑 [화이트],https://image.msscdn.net/images/goods_img/20200519/1452270/1452270_17484949895657_500.jpg,False
2025-09,A,001011,민소매 티셔츠,001,상의,25,4602668,carmid,카미드,카미드 슬리브리스,https://image.msscdn.net/images/goods_img/20241111/4602668/4602668_17314720439088_500.png,False
2025-09,A,001011,민소매 티셔츠,001,상의,26,5054365,forusring,포어링,B.tiny ribbon knit (pink),https://image.msscdn.net/images/goods_img/20250422/5054365/5054365_17476421668925_500.jpg,False
2025-09,A,001011,민소매 티셔츠,001,상의,27,5147112,drix,드릭스,바스켓볼 메시 저지 사이드 패널 슬리브리스_화이트,https://image.msscdn.net/images/goods_img/20250526/5147112/5147112_17485879866427_500.jpg,False
2025-09,A,001011,민소매 티셔츠,001,상의,28,5159260,divein,다이브인,UNIFORM SLEEVELESS (6COLOR),https://image.msscdn.net/images/goods_img/20250530/5159260/5159260_17521108066561_500.jpg,False
2025-09,A,001011,민소매 티셔츠,001,상의,29,5152963,not4nerd,낫포너드,4 Symbol Ribbed Sleeveless - Black,https://image.msscdn.net/images/goods_img/20250528/5152963/5152963_17496099576810_500.jpg,False
2025-09,A,001011,민소매 티셔츠,001,상의,30,3135345,musinsastandardwoman,무신사 스탠다드 우먼,우먼즈 에센셜 탱크 탑 [블랙],https://image.msscdn.net/images/goods_img/20230309/3135345/3135345_17775390922598_500.jpg,False
2025-09,A,001008,기타 상의,001,상의,1,5353112,patagonia,파타고니아,멘즈 라이트웨이트 신칠라 스냅-티 풀오버 / 25551Q7,https://image.msscdn.net/images/goods_img/20250822/5353112/5353112_17631000876867_500.jpg,False
2025-09,A,001008,기타 상의,001,상의,2,5411989,divein,다이브인,LIGHT UNIFORM ZIP-UP JERSEY (MELANGE GRAY),https://image.msscdn.net/images/goods_img/20250906/5411989/5411989_17610199833715_500.jpg,False
2025-09,A,001008,기타 상의,001,상의,3,5411990,divein,다이브인,LIGHT UNIFORM ZIP-UP JERSEY (BLACK),https://image.msscdn.net/images/goods_img/20250906/5411990/5411990_17610198540392_500.jpg,False
2025-09,A,001008,기타 상의,001,상의,4,3927876,dorosiwa,도로시와,[2PACK] 풀샷브라 볼륨업 서포트_12colors,https://image.msscdn.net/images/goods_img/20240306/3927876/3927876_17860013590160_500.png,False
2025-09,A,001008,기타 상의,001,상의,5,3483542,comfortlab,컴포트랩,울트라서포트 제로무브 쿨러닝 스포츠브라 단품 (후크형),https://image.msscdn.net/images/goods_img/20230822/3483542/3483542_17561016803801_500.jpg,False
2025-09,A,001008,기타 상의,001,상의,6,5411988,divein,다이브인,LIGHT UNIFORM ZIP-UP JERSEY (CHARCOAL),https://image.msscdn.net/images/goods_img/20250906/5411988/5411988_17610200921475_500.jpg,False
2025-09,A,001008,기타 상의,001,상의,7,5234758,xexymix,젝시믹스,[2PACK] 하이디 베이직 브라탑 XT8102E,https://image.msscdn.net/images/goods_img/20250709/5234758/5234758_17702555679024_500.jpg,False
2025-09,A,001008,기타 상의,001,상의,8,3783941,comfortlab,컴포트랩,하이서포트 쿨러닝 스포츠브라(후크형),https://image.msscdn.net/images/goods_img/20240109/3783941/3783941_17618906226061_500.jpg,False
2025-09,A,001008,기타 상의,001,상의,9,3976042,nike,나이키,스우시 미디엄 서포트 패드 스포츠 브라 W - 블랙:화이트 / DX6822-010,https://image.msscdn.net/images/goods_img/20240321/3976042/3976042_17116938003546_500.jpg,False
2025-09,A,001008,기타 상의,001,상의,10,3483540,comfortlab,컴포트랩,하이서포트 집업 스포츠브라 단품,https://image.msscdn.net/images/goods_img/20230822/3483540/3483540_17615378842984_500.jpg,False
2025-09,A,001008,기타 상의,001,상의,11,5319545,matinkim,마뗑킴,SNAP DETAIL SLIM TOP IN BLACK,https://image.msscdn.net/images/goods_img/20250813/5319545/5319545_17550615704518_500.jpg,False
2025-09,A,001008,기타 상의,001,상의,12,5272222,not4nerd,낫포너드,4 Symbol Pigment Incision High Neck Zip Up - Black,https://image.msscdn.net/images/goods_img/20250725/5272222/5272222_17543735813676_500.jpg,False
2025-09,A,001008,기타 상의,001,상의,13,5086034,nike,나이키,스위프트 드라이 핏 러닝 탱크 탑 W - 블랙 / HQ0621-010,https://image.msscdn.net/images/goods_img/20250502/5086034/5086034_17466959786406_500.jpg,False
2025-09,A,001008,기타 상의,001,상의,14,3913527,dorosiwa,도로시와,풀샷브라 볼륨업 서포트_12colors,https://image.msscdn.net/images/goods_img/20240229/3913527/3913527_17858269879799_500.png,False
2025-09,A,001008,기타 상의,001,상의,15,4483980,nike,나이키,인디 하이 서포트 패드 어저스터블 스포츠 브라 W - 블랙:블랙:블랙 / FD1069-010,https://image.msscdn.net/images/goods_img/20241002/4483980/4483980_17289699257261_500.jpg,False
2025-09,A,001008,기타 상의,001,상의,16,5202842,mizuno,미즈노,ROUND WOVEN PISTE_32YE5F41,https://image.msscdn.net/images/goods_img/20250624/5202842/5202842_17544468764651_500.jpg,False
2025-09,A,001008,기타 상의,001,상의,17,3351097,andar,안다르,[2 PACK] 비 프리 올데이 크롭탑,https://image.msscdn.net/images/goods_img/20230607/3351097/3351097_17636939400912_500.jpg,False
2025-09,A,001008,기타 상의,001,상의,18,3976043,nike,나이키,스우시 미디엄 서포트 패드 스포츠 브라 W - 화이트:스톤 모브:블랙 / DX6822-100,https://image.msscdn.net/images/goods_img/20240321/3976043/3976043_17116935810242_500.jpg,False
2025-09,A,001008,기타 상의,001,상의,19,2710158,underarmour,언더아머,테크 1/2 집 긴팔 1328495-014,https://image.msscdn.net/images/goods_img/20220810/2710158/2710158_1_500.jpg,False
2025-09,A,001008,기타 상의,001,상의,20,2992082,bluegrain,블루그레인,잘만브라 3 PACK,https://image.msscdn.net/images/goods_img/20221221/2992082/2992082_17471249108793_500.jpg,False
2025-09,A,001008,기타 상의,001,상의,21,4423657,hadex,에이치덱스,액티브 에센셜 하프 집업 (Black),https://image.msscdn.net/images/goods_img/20240910/4423657/4423657_17876236630916_500.jpg,False
2025-09,A,001008,기타 상의,001,상의,22,5338407,matinkim,마뗑킴,CUT OUT HALF ZIP SWEATSHIRT FOR WOMEN IN GREY,https://image.msscdn.net/images/goods_img/20250819/5338407/5338407_17555869371149_500.jpg,False
2025-09,A,001008,기타 상의,001,상의,23,2372710,sovermentwithlomort,소버먼트,860G 피그먼트 하프 짚업-챠콜-,https://image.msscdn.net/images/goods_img/20220221/2372710/2372710_17243908846193_500.jpg,False
2025-09,A,001008,기타 상의,001,상의,24,4798747,aakam,아캄,CROS2 Off-shoulder Zip-Up (Khaki),https://image.msscdn.net/images/goods_img/20250218/4798747/4798747_17400804255578_500.jpg,False
2025-09,A,001008,기타 상의,001,상의,25,5243564,nike,나이키,프로 라이트 서포트 논패드 스포츠 브라 W - 블랙:화이트 / IF3974-010,https://image.msscdn.net/images/goods_img/20250711/5243564/5243564_17525385923436_500.jpg,False
2025-09,A,001008,기타 상의,001,상의,26,4628727,puma,푸마,팀골 트레이닝 1/4 집(65862903) 긴팔티,https://image.msscdn.net/images/goods_img/20241121/4628727/4628727_17321550883378_500.jpg,False
2025-09,A,001008,기타 상의,001,상의,27,2945362,bluegrain,블루그레인,잘만브라 [블랙],https://image.msscdn.net/images/goods_img/20221116/2945362/2945362_17490197684846_500.jpg,False
2025-09,A,001008,기타 상의,001,상의,28,3584689,nautica,노티카,83플래그 폴라 하프집업(네이비) NFL2145NAZ,https://image.msscdn.net/images/goods_img/20230921/3584689/3584689_17891030125322_500.jpg,False
2025-09,A,001008,기타 상의,001,상의,29,5383374,umbro,엄브로,PTR 하이넥 OCTA 피스테 네이비(UQ421SWTO4),https://image.msscdn.net/images/goods_img/20250901/5383374/5383374_17627630410389_500.jpg,False
2025-09,A,001008,기타 상의,001,상의,30,5393168,typeservice,타입서비스,타입서비스 럭키박스,https://image.msscdn.net/images/goods_img/20250902/5393168/5393168_17570398592488_500.png,False
2025-09,A,002,아우터,,,1,5513850,yeezy,이지,HD-10,https://image.msscdn.net/images/goods_img/20250923/5513850/5513850_17586061995065_500.jpg,False
2025-09,A,002,아우터,,,2,3783092,dimitriblack,디미트리블랙,ASI 포시즌 에센셜 피그먼트 후드집업_차콜 그레이,https://image.msscdn.net/images/goods_img/20240109/3783092/3783092_17708794030062_500.jpg,False
2025-09,A,002,아우터,,,3,3771089,adidas,아디다스,베켄바우어 트랙탑 - 블랙 / IY8077,https://image.msscdn.net/images/goods_img/20240102/3771089/3771089_17041852509353_500.jpg,False
2025-09,A,002,아우터,,,4,4356794,musinsastandard,무신사 스탠다드,시티 레저 후디드 라이트 다운 재킷 [블랙],https://image.msscdn.net/images/goods_img/20240822/4356794/4356794_17890558965193_500.jpg,False
2025-09,A,002,아우터,,,5,1778404,toffee,토피,2WAY 스웻 후드 집업 (MELANGE GREY),https://image.msscdn.net/images/goods_img/20210204/1778404/1778404_1_500.jpg,False
2025-09,A,002,아우터,,,6,5329359,adidas,아디다스,후드 집업 - 블랙:크림화이트 / KC9315,https://image.msscdn.net/images/goods_img/20250818/5329359/5329359_17569461399483_500.jpg,False
2025-09,A,002,아우터,,,7,4767374,adidas,아디다스,와플 BB 트랙탑  - 원더화이트 / JV9263,https://image.msscdn.net/images/goods_img/20250207/4767374/4767374_17405511510275_500.jpg,False
2025-09,A,002,아우터,,,8,5329384,placestudio,플레이스 스튜디오,하이넥 스탠다드 스트랩 비조 포인트 블루종 집업 자켓 [블랙],https://image.msscdn.net/images/goods_img/20250818/5329384/5329384_17554829609253_500.jpg,False
2025-09,A,002,아우터,,,9,5360472,spao,스파오,[씬라이트] 후드 재킷_SPJPF4TC24,https://image.msscdn.net/images/goods_img/20250825/5360472/5360472_17617884957420_500.png,False
2025-09,A,002,아우터,,,10,3563185,adidas,아디다스,파이어버드 트랙탑 - 블랙 / IJ7058,https://image.msscdn.net/images/goods_img/20230915/3563185/3563185_16950017775747_500.jpg,False
2025-09,A,002,아우터,,,11,4356796,musinsastandard,무신사 스탠다드,시티 레저 후디드 라이트 다운 재킷 [클라우디 블루],https://image.msscdn.net/images/goods_img/20240822/4356796/4356796_17890958178016_500.jpg,False
2025-09,A,002,아우터,,,12,3697526,compagno,꼼파뇨,[2-WAY] 슬리브 스타 피그먼트 후드 집업 스모크블랙,https://image.msscdn.net/images/goods_img/20231108/3697526/3697526_17002041370481_500.jpg,False
2025-09,A,002,아우터,,,13,5264797,untitledseoul,언타이틀 서울,언타이틀 스테리나잇 스트라이프 후드집업 블랙,https://image.msscdn.net/images/goods_img/20250722/5264797/5264797_17689759273536_500.jpg,False
2025-09,A,002,아우터,,,14,3390508,standarderror,스탠다드에러,87-STAN009  [리뉴얼] 스탠다드 블루종 스웨이드 자켓 블랙,https://image.msscdn.net/images/goods_img/20230630/3390508/3390508_17551524634252_500.jpg,False
2025-09,A,002,아우터,,,15,5197436,adidas,아디다스,아디컬러 클래식 트랙탑 (와플) - 원더화이트 / JW0109,https://image.msscdn.net/images/goods_img/20250620/5197436/5197436_17503838923480_500.jpg,False
2025-09,A,002,아우터,,,16,4808075,lowclassic,로우클래식,LOW SOFT SWEAT ZIP-UP HOODIE_CHARCOAL_LC253TS12CC,https://image.msscdn.net/images/goods_img/20250220/4808075/4808075_17720778823866_500.jpg,False
2025-09,A,002,아우터,,,17,1558197,musinsastandard,무신사 스탠다드,릴렉스드 베이식 블레이저 [블랙],https://image.msscdn.net/images/goods_img/20200820/1558197/1558197_17791521338764_500.jpg,False
2025-09,A,002,아우터,,,18,3783094,dimitriblack,디미트리블랙,ASI 포시즌 에센셜 스웻 후드집업_멜란지,https://image.msscdn.net/images/goods_img/20240109/3783094/3783094_17752015012983_500.jpg,False
2025-09,A,002,아우터,,,19,5329563,adidas,아디다스,BB 트랙탑 - 클리어핑크 / KC3334,https://image.msscdn.net/images/goods_img/20250818/5329563/5329563_17573004720514_500.jpg,False
2025-09,A,002,아우터,,,20,5329567,adidas,아디다스,BB 트랙탑 - 블랙:크림화이트 / KC9299,https://image.msscdn.net/images/goods_img/20250818/5329567/5329567_17573005097318_500.jpg,False
2025-09,A,002,아우터,,,21,4945922,adidas,아디다스,아디컬러 클래식 베켄바우어 트랙탑 IP0418,https://image.msscdn.net/images/goods_img/20250326/4945922/4945922_17449669675839_500.jpg,False
2025-09,A,002,아우터,,,22,4306408,musinsastandardsp,무신사 스탠다드 스포츠,아이언 라이트 다운 자켓 (5color),https://image.msscdn.net/images/goods_img/20240807/4306408/4306408_17888533943086_500.jpg,False
2025-09,A,002,아우터,,,23,4280527,travel,트래블,져지 트랙 자켓 아이보리,https://image.msscdn.net/images/goods_img/20240729/4280527/4280527_17693915589684_500.jpg,False
2025-09,A,002,아우터,,,24,2723218,dimitriblack,디미트리블랙,ASI 2WAY 어센틱 후드 윈드브레이커 자켓_블랙,https://image.msscdn.net/images/goods_img/20220817/2723218/2723218_17603312716294_500.jpg,False
2025-09,A,002,아우터,,,25,4376737,wvproject,더블유브이프로젝트,더프 헤링턴 자켓 브라운 JJOT7732,https://image.msscdn.net/images/goods_img/20240827/4376737/4376737_17247559627478_500.jpg,False
2025-09,A,002,아우터,,,26,4945148,adidas,아디다스,아디컬러 클래식 트랙탑 (와플) - 원더화이트 / JW0109,https://image.msscdn.net/images/goods_img/20250326/4945148/4945148_17453139295013_500.jpg,False
2025-09,A,002,아우터,,,27,4356798,musinsastandard,무신사 스탠다드,시티 레저 후디드 라이트 다운 재킷 [카키],https://image.msscdn.net/images/goods_img/20240822/4356798/4356798_17890957744690_500.jpg,False
2025-09,A,002,아우터,,,28,1620287,poloralphlauren,폴로 랄프 로렌,바이스윙 윈드브레이커 - 블랙,https://image.msscdn.net/images/goods_img/20200923/1620287/1620287_2_500.jpg,False
2025-09,A,002,아우터,,,29,1760177,drawfit,드로우핏,도브 울 블루종 자켓 [BLACK],https://image.msscdn.net/images/goods_img/20210125/1760177/1760177_17568597040774_500.jpg,False
2025-09,A,002,아우터,,,30,5299767,begin202,비긴202,커브라이트 다운 점퍼 [라이트 그레이],https://image.msscdn.net/images/goods_img/20250807/5299767/5299767_17551387554338_500.jpg,False
2025-09,A,002022,후드 집업,002,아우터,1,5513850,yeezy,이지,HD-10,https://image.msscdn.net/images/goods_img/20250923/5513850/5513850_17586061995065_500.jpg,False
2025-09,A,002022,후드 집업,002,아우터,2,3783092,dimitriblack,디미트리블랙,ASI 포시즌 에센셜 피그먼트 후드집업_차콜 그레이,https://image.msscdn.net/images/goods_img/20240109/3783092/3783092_17708794030062_500.jpg,False
2025-09,A,002022,후드 집업,002,아우터,3,1778404,toffee,토피,2WAY 스웻 후드 집업 (MELANGE GREY),https://image.msscdn.net/images/goods_img/20210204/1778404/1778404_1_500.jpg,False
2025-09,A,002022,후드 집업,002,아우터,4,5329359,adidas,아디다스,후드 집업 - 블랙:크림화이트 / KC9315,https://image.msscdn.net/images/goods_img/20250818/5329359/5329359_17569461399483_500.jpg,False
2025-09,A,002022,후드 집업,002,아우터,5,3697526,compagno,꼼파뇨,[2-WAY] 슬리브 스타 피그먼트 후드 집업 스모크블랙,https://image.msscdn.net/images/goods_img/20231108/3697526/3697526_17002041370481_500.jpg,False
2025-09,A,002022,후드 집업,002,아우터,6,5264797,untitledseoul,언타이틀 서울,언타이틀 스테리나잇 스트라이프 후드집업 블랙,https://image.msscdn.net/images/goods_img/20250722/5264797/5264797_17689759273536_500.jpg,False
2025-09,A,002022,후드 집업,002,아우터,7,4808075,lowclassic,로우클래식,LOW SOFT SWEAT ZIP-UP HOODIE_CHARCOAL_LC253TS12CC,https://image.msscdn.net/images/goods_img/20250220/4808075/4808075_17720778823866_500.jpg,False
2025-09,A,002022,후드 집업,002,아우터,8,3783094,dimitriblack,디미트리블랙,ASI 포시즌 에센셜 스웻 후드집업_멜란지,https://image.msscdn.net/images/goods_img/20240109/3783094/3783094_17752015012983_500.jpg,False
2025-09,A,002022,후드 집업,002,아우터,9,4508986,moo,엠오오,레오파드 아플리케 후드집업 - 브라운,https://image.msscdn.net/images/goods_img/20241011/4508986/4508986_17286292097229_500.jpg,False
2025-09,A,002022,후드 집업,002,아우터,10,3788815,amesworldwide,아메스 월드와이드,BASIC LOGO HOODIE ZIP UP (6 colors),https://image.msscdn.net/images/goods_img/20240111/3788815/3788815_17893582036516_500.jpg,False
2025-09,A,002022,후드 집업,002,아우터,11,4796679,dimitriblack,디미트리블랙,2WAY OG 에센셜 디트로이트 후드 집업_데님 더스트 인디고,https://image.msscdn.net/images/goods_img/20250217/4796679/4796679_17628359047962_500.jpg,False
2025-09,A,002022,후드 집업,002,아우터,12,5276036,trillion,트릴리온,빈티지 워싱 데님 워크 후드 집업_옐로우 블랙,https://image.msscdn.net/images/goods_img/20250728/5276036/5276036_17545484459388_500.jpg,False
2025-09,A,002022,후드 집업,002,아우터,13,5514438,yeezy,이지,WB-10,https://image.msscdn.net/images/goods_img/20250923/5514438/5514438_17586077420564_500.jpg,False
2025-09,A,002022,후드 집업,002,아우터,14,5329171,placestudio,플레이스 스튜디오,절개 라인 오버핏 큐빅 리벳 포인트 스웨트 후드집업 [크림],https://image.msscdn.net/images/goods_img/20250818/5329171/5329171_17562765700652_500.jpg,False
2025-09,A,002022,후드 집업,002,아우터,15,2954589,satur,세터,테오 코튼 올 데이 후드 집업 팔레트 블랙,https://image.msscdn.net/images/goods_img/20221122/2954589/2954589_17241610712825_500.jpg,False
2025-09,A,002022,후드 집업,002,아우터,16,1778408,toffee,토피,2WAY 스웻 후드 집업 (BLACK),https://image.msscdn.net/images/goods_img/20210204/1778408/1778408_17168650383792_500.jpg,False
2025-09,A,002022,후드 집업,002,아우터,17,5329361,adidas,아디다스,후드 집업 - 그레이:블랙 / KC9317,https://image.msscdn.net/images/goods_img/20250818/5329361/5329361_17569461783112_500.jpg,False
2025-09,A,002022,후드 집업,002,아우터,18,5383782,mimthewardrobe,밈더워드로브,[밈더 X 유정] 유스 패치워크 후드집업_그레이,https://image.msscdn.net/images/goods_img/20250901/5383782/5383782_17573128030352_500.jpg,False
2025-09,A,002022,후드 집업,002,아우터,19,5333962,sunburnproject,썬번프로젝트,"Logo Patch Hoodie Zip-up, PURPLE",https://image.msscdn.net/images/goods_img/20250818/5333962/5333962_17561216344109_500.jpg,False
2025-09,A,002022,후드 집업,002,아우터,20,4289728,thecoldestmoment,더콜디스트모먼트,TCM stripe hooded zip-up (charcoal/black),https://image.msscdn.net/images/goods_img/20240801/4289728/4289728_17231062832659_500.jpg,False
2025-09,A,002022,후드 집업,002,아우터,21,4288927,dimitriblack,디미트리블랙,ASI 포시즌 에센셜 스웻 후드집업_블랙,https://image.msscdn.net/images/goods_img/20240801/4288927/4288927_17751949366972_500.jpg,False
2025-09,A,002022,후드 집업,002,아우터,22,4826665,ertr,이알티알,Ad Astra Appliqué 2way Hoodie Zip Up Grey,https://image.msscdn.net/images/goods_img/20250224/4826665/4826665_17445941372270_500.jpg,False
2025-09,A,002022,후드 집업,002,아우터,23,2273084,whoau,후아유,(기모ver.)Signature Patch Hood Zip-up / WHMZF4911U,https://image.msscdn.net/images/goods_img/20211220/2273084/2273084_17896007309503_500.jpg,False
2025-09,A,002022,후드 집업,002,아우터,24,4272899,lemainsecond,리메인세컨드,2WAY 오버핏 스웨트 후드 집업 [그레이],https://image.msscdn.net/images/goods_img/20240725/4272899/4272899_17593684983163_500.jpg,False
2025-09,A,002022,후드 집업,002,아우터,25,5355364,mixxo,미쏘,스트라이프 후드집업_MIWJMF921C,https://image.msscdn.net/images/prd_img/20250822/5355364/detail_5355364_17586698877714_500.jpg,False
2025-09,A,002022,후드 집업,002,아우터,26,4738347,physicaleducation,피지컬 디파트먼트,체크 스타테일 엘보우 패치 후드집업_그레이,https://image.msscdn.net/images/goods_img/20250122/4738347/4738347_17567941187869_500.jpg,False
2025-09,A,002022,후드 집업,002,아우터,27,2122596,fp142muji,페플,유스풀 벌룬 후드집업 그레이 SJHD1327,https://image.msscdn.net/images/goods_img/20210910/2122596/2122596_17182428329624_500.jpg,False
2025-09,A,002022,후드 집업,002,아우터,28,3651031,illigo,일리고,129 로고 패치 후드 집업 - 6 COLOR,https://image.msscdn.net/images/goods_img/20231023/3651031/3651031_17706941887137_500.jpg,False
2025-09,A,002022,후드 집업,002,아우터,29,5310142,rolarola,로라로라,MAISON DE ROLA EMBROIDERY HOOD ZIP-UP GRAY,https://image.msscdn.net/images/goods_img/20250811/5310142/5310142_17572963814643_500.jpg,False
2025-09,A,002022,후드 집업,002,아우터,30,4826663,ertr,이알티알,Ad Astra Appliqué 2way Hoodie Zip Up Navy,https://image.msscdn.net/images/goods_img/20250224/4826663/4826663_17445940883290_500.jpg,False
2025-09,A,002001,블루종/MA-1,002,아우터,1,3390508,standarderror,스탠다드에러,87-STAN009  [리뉴얼] 스탠다드 블루종 스웨이드 자켓 블랙,https://image.msscdn.net/images/goods_img/20230630/3390508/3390508_17551524634252_500.jpg,False
2025-09,A,002001,블루종/MA-1,002,아우터,2,1760177,drawfit,드로우핏,도브 울 블루종 자켓 [BLACK],https://image.msscdn.net/images/goods_img/20210125/1760177/1760177_17568597040774_500.jpg,False
2025-09,A,002001,블루종/MA-1,002,아우터,3,5386037,alyss,알리스,[데일리룸X알리스] 페이디드 그레인 코튼 블루종 자켓 [빈티지그레이],https://image.msscdn.net/images/goods_img/20250901/5386037/5386037_17580105143984_500.jpg,False
2025-09,A,002001,블루종/MA-1,002,아우터,4,1674248,bronson,브론슨,1950s USAF Type MA-1 Flight Jacket KR Ver. Olive,https://image.msscdn.net/images/goods_img/20201102/1674248/1674248_17896939163881_500.jpg,False
2025-09,A,002001,블루종/MA-1,002,아우터,5,5311114,untapped,언탭트 스튜디오,2WAY 비건 스웨이드 블루종 자켓 3Color,https://image.msscdn.net/images/goods_img/20250811/5311114/5311114_17890239121962_500.jpg,False
2025-09,A,002001,블루종/MA-1,002,아우터,6,4619950,musinsastandardwoman,무신사 스탠다드 우먼,우먼즈 신세틱 스웨이드 블루종 재킷 [브라운],https://image.msscdn.net/images/goods_img/20241118/4619950/4619950_17585859098739_500.jpg,False
2025-09,A,002001,블루종/MA-1,002,아우터,7,5384864,drawfit,드로우핏,핀 스트라이프 크롭 블루종 자켓 [DARK NAVY],https://image.msscdn.net/images/goods_img/20250901/5384864/5384864_17727860174331_500.jpg,False
2025-09,A,002001,블루종/MA-1,002,아우터,8,5151474,musinsastandardwoman,무신사 스탠다드 우먼,우먼즈 신세틱 스웨이드 하이넥 블루종 재킷 [브라운],https://image.msscdn.net/images/goods_img/20250528/5151474/5151474_17574086973948_500.jpg,False
2025-09,A,002001,블루종/MA-1,002,아우터,9,3790860,musinsastandard,무신사 스탠다드,릴렉스드 미니멀 재킷 [블랙],https://image.msscdn.net/images/goods_img/20240112/3790860/3790860_17217992992120_500.jpg,False
2025-09,A,002001,블루종/MA-1,002,아우터,10,4344495,hondaxphyps,혼다 모터사이클,Piping Motorcycle Blouson Jacket Black,https://image.msscdn.net/images/goods_img/20240819/4344495/4344495_17763089781557_500.jpg,False
2025-09,A,002001,블루종/MA-1,002,아우터,11,4347271,kiimuir,키뮤어,빈티지 워크 자켓_차콜,https://image.msscdn.net/images/goods_img/20240820/4347271/4347271_17569580908087_500.jpg,False
2025-09,A,002001,블루종/MA-1,002,아우터,12,3549808,musinsastandard,무신사 스탠다드,울 블렌드 칼라드 바시티 재킷 [블랙],https://image.msscdn.net/images/goods_img/20230911/3549808/3549808_16964870323413_500.jpg,False
2025-09,A,002001,블루종/MA-1,002,아우터,13,3390511,standarderror,스탠다드에러,87-STAN009 [리뉴얼] 스탠다드 블루종 스웨이드 자켓 카키,https://image.msscdn.net/images/goods_img/20230630/3390511/3390511_17551525806450_500.jpg,False
2025-09,A,002001,블루종/MA-1,002,아우터,14,5310906,untapped,언탭트 스튜디오,2WAY 코튼 해링턴 자켓 3Color,https://image.msscdn.net/images/goods_img/20250811/5310906/5310906_17890236645811_500.jpg,False
2025-09,A,002001,블루종/MA-1,002,아우터,15,3772800,blackmoment,블랙모먼트,비건 스웨이드 오버핏 미니멀 인시전 바이커 집업 자켓,https://image.msscdn.net/images/goods_img/20240103/3772800/3772800_17042502051036_500.jpg,False
2025-09,A,002001,블루종/MA-1,002,아우터,16,5384863,drawfit,드로우핏,핀 스트라이프 크롭 블루종 자켓 [CHARCOAL],https://image.msscdn.net/images/goods_img/20250901/5384863/5384863_17709604176387_500.jpg,False
2025-09,A,002001,블루종/MA-1,002,아우터,17,5305246,tngt,티엔지티,Corduroy Swing Top Jumper (Brown) TNJU5F105W2,https://image.msscdn.net/images/goods_img/20250808/5305246/5305246_17550609642518_500.jpg,False
2025-09,A,002001,블루종/MA-1,002,아우터,18,4502391,kiimuir,키뮤어,울 (WOOL) 숏카라 블루종_블랙,https://image.msscdn.net/images/goods_img/20241010/4502391/4502391_17574647705415_500.jpg,False
2025-09,A,002001,블루종/MA-1,002,아우터,19,5318976,kiimuir,키뮤어,스웨이드 바이커 자켓_브라운,https://image.msscdn.net/images/goods_img/20250813/5318976/5318976_17870118559641_500.jpg,False
2025-09,A,002001,블루종/MA-1,002,아우터,20,4738409,hondaxphyps,혼다 모터사이클,Honda Racing Blouson_Blue,https://image.msscdn.net/images/goods_img/20250122/4738409/4738409_17642111073977_500.jpg,False
2025-09,A,002001,블루종/MA-1,002,아우터,21,3503945,espionage,에스피오나지,Washed Canvas Blouson Jacket Charcoal Navy,https://image.msscdn.net/images/goods_img/20230828/3503945/3503945_16934498398540_500.jpg,False
2025-09,A,002001,블루종/MA-1,002,아우터,22,3783380,maninstore,무드인사이드,프리미엄 스웨이드 자켓_4Color,https://image.msscdn.net/images/goods_img/20240109/3783380/3783380_17888674046976_500.jpg,False
2025-09,A,002001,블루종/MA-1,002,아우터,23,5151475,musinsastandardwoman,무신사 스탠다드 우먼,우먼즈 신세틱 스웨이드 하이넥 블루종 재킷 [라이트 브라운],https://image.msscdn.net/images/goods_img/20250528/5151475/5151475_17585863388298_500.jpg,False
2025-09,A,002001,블루종/MA-1,002,아우터,24,1291017,jemut,제멋,리치 오버 MA-1 자켓 블랙 YHJK2269,https://image.msscdn.net/images/goods_img/20200205/1291017/1291017_1_500.jpg,False
2025-09,A,002001,블루종/MA-1,002,아우터,25,4717151,urbandtype,어반디타입,코튼 카라 블루종 자켓_블랙,https://image.msscdn.net/images/goods_img/20250113/4717151/4717151_17556545014187_500.jpg,False
2025-09,A,002001,블루종/MA-1,002,아우터,26,5385779,alyss,알리스,[데일리룸X알리스] 소프트 그레인 울 블루종 자켓 [브라운],https://image.msscdn.net/images/goods_img/20250901/5385779/5385779_17580104651839_500.jpg,False
2025-09,A,002001,블루종/MA-1,002,아우터,27,4683069,kiimuir,키뮤어,빈티지 워크 자켓_올리브,https://image.msscdn.net/images/goods_img/20241227/4683069/4683069_17436577285650_500.jpg,False
2025-09,A,002001,블루종/MA-1,002,아우터,28,3551114,blackmoment,블랙모먼트,비건 스웨이드 오버핏 미니멀 인시전 스트레이트 집업 자켓 [블랙],https://image.msscdn.net/images/goods_img/20230912/3551114/3551114_17567882505384_500.jpg,False
2025-09,A,002001,블루종/MA-1,002,아우터,29,4738410,hondaxphyps,혼다 모터사이클,Honda Racing Blouson_Red,https://image.msscdn.net/images/goods_img/20250122/4738410/4738410_17579007609581_500.jpg,False
2025-09,A,002001,블루종/MA-1,002,아우터,30,5386035,alyss,알리스,[데일리룸X알리스] 페이디드 그레인 코튼 블루종 자켓 [빈티지블랙],https://image.msscdn.net/images/goods_img/20250901/5386035/5386035_17604946767281_500.jpg,False
2025-09,A,002002,레더/라이더스 재킷,002,아우터,1,3551101,blackmoment,블랙모먼트,비건 스웨이드 오버핏 미니멀 인시전 스트레이트 집업 자켓 [브라운],https://image.msscdn.net/images/goods_img/20230912/3551101/3551101_16970790961650_500.jpg,False
2025-09,A,002002,레더/라이더스 재킷,002,아우터,2,1576682,doffjason,도프제이슨,오버핏 램스킨 싱글 자켓,https://image.msscdn.net/images/goods_img/20200901/1576682/1576682_6_500.jpg,False
2025-09,A,002002,레더/라이더스 재킷,002,아우터,3,4619905,musinsastandard,무신사 스탠다드,신세틱 스웨이드 워크 재킷 [브라운],https://image.msscdn.net/images/goods_img/20241118/4619905/4619905_17569512962986_500.jpg,False
2025-09,A,002002,레더/라이더스 재킷,002,아우터,4,3927174,maninstore,무드인사이드,비건 스웨이드 바이커 자켓_3Color,https://image.msscdn.net/images/goods_img/20240306/3927174/3927174_17568668915223_500.jpg,False
2025-09,A,002002,레더/라이더스 재킷,002,아우터,5,2139011,ladyvolume,레이디 볼륨,465-1 비건 레더 오버핏 자켓,https://image.msscdn.net/images/goods_img/20210917/2139011/2139011_3_500.jpg,False
2025-09,A,002002,레더/라이더스 재킷,002,아우터,6,4619899,musinsastandard,무신사 스탠다드,신세틱 스웨이드 레이서 재킷 [브라운],https://image.msscdn.net/images/goods_img/20241118/4619899/4619899_17392629267675_500.jpg,False
2025-09,A,002002,레더/라이더스 재킷,002,아우터,7,4729576,alyss,알리스,다이애그널 스웨이드 트러커 자켓 [브라운],https://image.msscdn.net/images/goods_img/20250120/4729576/4729576_17873892269400_500.jpeg,False
2025-09,A,002002,레더/라이더스 재킷,002,아우터,8,4209352,musinsastandard,무신사 스탠다드,신세틱 스웨이드 미니멀 블루종 재킷 [브라운],https://image.msscdn.net/images/goods_img/20240620/4209352/4209352_17333854866699_500.jpg,False
2025-09,A,002002,레더/라이더스 재킷,002,아우터,9,1576700,doffjason,도프제이슨,오버핏 비건레더 싱글 자켓,https://image.msscdn.net/images/goods_img/20200901/1576700/1576700_17591199589640_500.jpg,False
2025-09,A,002002,레더/라이더스 재킷,002,아우터,10,4729711,musinsastandardwoman,무신사 스탠다드 우먼,우먼즈 신세틱 스웨이드 레이서 재킷 [브라운],https://image.msscdn.net/images/goods_img/20250120/4729711/4729711_17585860884517_500.jpg,False
2025-09,A,002002,레더/라이더스 재킷,002,아우터,11,4347122,doffjason,도프제이슨,[리뉴얼] 풀업 스웨이드 클래식 싱글 자켓 모카,https://image.msscdn.net/images/goods_img/20240820/4347122/4347122_17253284523829_500.jpg,False
2025-09,A,002002,레더/라이더스 재킷,002,아우터,12,4369047,frizmworks,프리즘웍스,DESTROYED COWHIDE LEATHER JACKET _ WASHED BLACK,https://image.msscdn.net/images/goods_img/20240826/4369047/4369047_17247594980414_500.jpg,False
2025-09,A,002002,레더/라이더스 재킷,002,아우터,13,4209444,musinsastandardwoman,무신사 스탠다드 우먼,우먼즈 신세틱 스웨이드 레이서 재킷 [블랙],https://image.msscdn.net/images/goods_img/20240620/4209444/4209444_17576348265431_500.jpg,False
2025-09,A,002002,레더/라이더스 재킷,002,아우터,14,2093254,v2,브이투,465-3 VEGAN LEATHER OVERFIT JACKET_BLACK,https://image.msscdn.net/images/goods_img/20210827/2093254/2093254_1_500.jpg,False
2025-09,A,002002,레더/라이더스 재킷,002,아우터,15,5323513,doffjason,도프제이슨,풀업 스웨이드 버튼 해링턴 자켓 BLACK,https://image.msscdn.net/images/goods_img/20250814/5323513/5323513_17564522282157_500.jpg,False
2025-09,A,002002,레더/라이더스 재킷,002,아우터,16,5338278,remeler,리멜러,램스킨 에센셜 싱글 자켓,https://image.msscdn.net/images/goods_img/20250819/5338278/5338278_17566906420398_500.jpg,False
2025-09,A,002002,레더/라이더스 재킷,002,아우터,17,3783694,drawfit,드로우핏,인시전 레더 블루종 자켓 [BLACK],https://image.msscdn.net/images/goods_img/20240109/3783694/3783694_17568603377156_500.jpg,False
2025-09,A,002002,레더/라이더스 재킷,002,아우터,18,4619903,musinsastandard,무신사 스탠다드,신세틱 스웨이드 워크 재킷 [블랙],https://image.msscdn.net/images/goods_img/20241118/4619903/4619903_17398678029571_500.jpg,False
2025-09,A,002002,레더/라이더스 재킷,002,아우터,19,5290700,drawfit,드로우핏,레이어 미니멀 스웨이드 자켓 [BROWN],https://image.msscdn.net/images/goods_img/20250804/5290700/5290700_17567147283857_500.jpg,False
2025-09,A,002002,레더/라이더스 재킷,002,아우터,20,4619904,musinsastandard,무신사 스탠다드,신세틱 스웨이드 워크 재킷 [라이트 브라운],https://image.msscdn.net/images/goods_img/20241118/4619904/4619904_17398677589070_500.jpg,False
2025-09,A,002002,레더/라이더스 재킷,002,아우터,21,5392250,outstanding,아웃스탠딩,TEA-CORE LEATHER SPORTS JACKET_BLACK,https://image.msscdn.net/images/goods_img/20250902/5392250/5392250_17688038264488_500.jpg,False
2025-09,A,002002,레더/라이더스 재킷,002,아우터,22,4619898,musinsastandard,무신사 스탠다드,신세틱 스웨이드 레이서 재킷 [블랙],https://image.msscdn.net/images/goods_img/20241118/4619898/4619898_17392629475544_500.jpg,False
2025-09,A,002002,레더/라이더스 재킷,002,아우터,23,4619959,musinsastandardwoman,무신사 스탠다드 우먼,우먼즈 신세틱 레더 오버 숄더 오버사이즈 블레이저 [블랙],https://image.msscdn.net/images/goods_img/20241118/4619959/4619959_17550675072952_500.jpg,False
2025-09,A,002002,레더/라이더스 재킷,002,아우터,24,4350371,coor,쿠어,베지터블 레더 A-2 자켓 (블랙),https://image.msscdn.net/images/goods_img/20240820/4350371/4350371_17877112920676_500.jpg,False
2025-09,A,002002,레더/라이더스 재킷,002,아우터,25,5278535,placestudio,플레이스 스튜디오,빈티지 피그먼트 워싱 투웨이 넥 버튼 레더 자켓 점퍼 [블랙],https://image.msscdn.net/images/goods_img/20250729/5278535/5278535_17682670943641_500.jpg,False
2025-09,A,002002,레더/라이더스 재킷,002,아우터,26,1593755,partimento,파르티멘토,[비건 레더] 필드 자켓 블랙,https://image.msscdn.net/images/goods_img/20200909/1593755/1593755_1_500.jpg,False
2025-09,A,002002,레더/라이더스 재킷,002,아우터,27,4782735,ladyvolume,레이디 볼륨,9193 워싱 레더 자켓 (BLACK),https://image.msscdn.net/images/goods_img/20250212/4782735/4782735_17403860123033_500.jpg,False
2025-09,A,002002,레더/라이더스 재킷,002,아우터,28,4671616,musinsastandard,무신사 스탠다드,페이디드 신세틱 레더 레이서 재킷 [블랙],https://image.msscdn.net/images/goods_img/20241218/4671616/4671616_17412433995065_500.jpg,False
2025-09,A,002002,레더/라이더스 재킷,002,아우터,29,4369048,frizmworks,프리즘웍스,DESTROYED COWHIDE LEATHER JACKET _ WASHED BROWN,https://image.msscdn.net/images/goods_img/20240826/4369048/4369048_17247594653321_500.jpg,False
2025-09,A,002002,레더/라이더스 재킷,002,아우터,30,5392266,outstanding,아웃스탠딩,TEA-CORE LEATHER W.W. II 1ST JACKET_BLACK,https://image.msscdn.net/images/goods_img/20250902/5392266/5392266_17881572082553_500.jpg,False
2025-09,A,002020,카디건,002,아우터,1,3881570,millo,밀로 아카이브,크롭 무브 가디건 [레드],https://image.msscdn.net/images/goods_img/20240219/3881570/3881570_17084242695126_500.jpg,False
2025-09,A,002020,카디건,002,아우터,2,3650861,matinkim,마뗑킴,SPELL POINT STRIPE KNIT CARDIGAN IN BLACK,https://image.msscdn.net/images/goods_img/20231023/3650861/3650861_17582530640437_500.jpg,False
2025-09,A,002020,카디건,002,아우터,3,3981315,millo,밀로 아카이브,크롭 무브 가디건 [블랙],https://image.msscdn.net/images/goods_img/20240322/3981315/3981315_17110720298305_500.jpg,False
2025-09,A,002020,카디건,002,아우터,4,5307563,knitted,니티드,[니티드X패션플래닛] 코튼 와플 라운드 가디건 BLACK,https://image.msscdn.net/images/goods_img/20250811/5307563/5307563_17593849290316_500.jpg,False
2025-09,A,002020,카디건,002,아우터,5,3650860,matinkim,마뗑킴,SPELL POINT STRIPE KNIT CARDIGAN IN IVORY,https://image.msscdn.net/images/goods_img/20231023/3650860/3650860_17582531018308_500.jpg,False
2025-09,A,002020,카디건,002,아우터,6,5301310,seez,시즈,[데일리룸 X 시즈] 아카이브 코튼 크롭 니트 가디건 [ 8 COLOR ],https://image.msscdn.net/images/goods_img/20250807/5301310/5301310_17560981792024_500.jpg,False
2025-09,A,002020,카디건,002,아우터,7,4386012,suarewomen,수아레 우먼,[보라끌레르X수아레](우먼)캐시미어 100 라운드 가디건 - 9 COLOR,https://image.msscdn.net/images/goods_img/20240829/4386012/4386012_17572925124747_500.jpg,False
2025-09,A,002020,카디건,002,아우터,8,5308630,knitted,니티드,[니티드X패션플래닛] 코튼 와플 라운드 가디건 NAVY,https://image.msscdn.net/images/goods_img/20250811/5308630/5308630_17593848997132_500.jpg,False
2025-09,A,002020,카디건,002,아우터,9,4419822,millo,밀로 아카이브,크롭 무브 가디건 [차콜],https://image.msscdn.net/images/goods_img/20240909/4419822/4419822_17259530199997_500.jpg,False
2025-09,A,002020,카디건,002,아우터,10,4403731,frenchchic,프렌치시크,코스에그 자수 투웨이 니트집업 가디건,https://image.msscdn.net/images/prd_img/20240904/4403731/detail_4403731_17388925781886_500.jpg,False
2025-09,A,002020,카디건,002,아우터,11,4419823,millo,밀로 아카이브,크롭 무브 가디건 [네이비],https://image.msscdn.net/images/goods_img/20240909/4419823/4419823_17259531168323_500.jpg,False
2025-09,A,002020,카디건,002,아우터,12,4947266,nodu,노드유,노즈 골지 라운드 소프트 가디건 [2color],https://image.msscdn.net/images/goods_img/20250326/4947266/4947266_17634487222224_500.jpg,False
2025-09,A,002020,카디건,002,아우터,13,3440440,costumeoclock,커스텀어클락,[2PACK] 소프트 베이직 가디건 COOSCD001CD020CD021,https://image.msscdn.net/images/goods_img/20230801/3440440/3440440_17585191785388_500.jpg,False
2025-09,A,002020,카디건,002,아우터,14,4752550,untapped,언탭트 스튜디오,오버핏 케이블 라운드 니트 가디건 4Color,https://image.msscdn.net/images/goods_img/20250203/4752550/4752550_17385831445336_500.jpg,False
2025-09,A,002020,카디건,002,아우터,15,5351882,suare,수아레,[핏더사이즈 콜라보] 울 워셔블 크롭 가디건 - 12 COLOR,https://image.msscdn.net/images/goods_img/20250821/5351882/5351882_17604942864462_500.jpg,False
2025-09,A,002020,카디건,002,아우터,16,5308721,knitted,니티드,[니티드X패션플래닛] 코튼 와플 라운드 가디건 CHARCOAL,https://image.msscdn.net/images/goods_img/20250811/5308721/5308721_17593848353190_500.jpg,False
2025-09,A,002020,카디건,002,아우터,17,4702566,excontainer,엑스컨테이너,미니멀 버튼 라운드넥 가디건 (MUTE BROWN),https://image.msscdn.net/images/goods_img/20250107/4702566/4702566_17697375122622_500.jpg,False
2025-09,A,002020,카디건,002,아우터,18,5319127,rolarola,로라로라,ONE OFF SHOULDER STRIPE WOOL BLENDED CARDIGAN BLACK,https://image.msscdn.net/images/goods_img/20250813/5319127/5319127_17567737605497_500.jpg,False
2025-09,A,002020,카디건,002,아우터,19,4785350,ami,아미,레드 하트로고 메리노 울 가디건 - 블랙 / BFHKC111KN0025001,https://image.msscdn.net/images/goods_img/20250213/4785350/4785350_17400130474256_500.jpg,False
2025-09,A,002020,카디건,002,아우터,20,5321103,suarewomen,수아레 우먼,[보라끌레르X수아레](우먼)캐시미어 100 케이블 라운드 가디건 - 8 COLOR,https://image.msscdn.net/images/goods_img/20250813/5321103/5321103_17569716124962_500.jpg,False
2025-09,A,002020,카디건,002,아우터,21,4336624,excontainer,엑스컨테이너,미니멀 버튼 라운드넥 가디건 (DARK RED),https://image.msscdn.net/images/goods_img/20240816/4336624/4336624_17706226040291_500.jpg,False
2025-09,A,002020,카디건,002,아우터,22,4702387,drawfit,드로우핏,어베인 울 크롭 니트 가디건 [MELANGE GREY],https://image.msscdn.net/images/goods_img/20250107/4702387/4702387_17568575608324_500.jpg,False
2025-09,A,002020,카디건,002,아우터,23,4336623,excontainer,엑스컨테이너,미니멀 버튼 라운드넥 가디건 (CHARCOAL),https://image.msscdn.net/images/goods_img/20240816/4336623/4336623_17702721756132_500.jpg,False
2025-09,A,002020,카디건,002,아우터,24,5311375,khakipoint,카키포인트,Signature Knit Cardigan (black),https://image.msscdn.net/images/goods_img/20250812/5311375/5311375_17574804625086_500.jpg,False
2025-09,A,002020,카디건,002,아우터,25,4959964,veryvain,베리베인,BREATHABLE ROUND CARDIGAN (BLACK),https://image.msscdn.net/images/goods_img/20250328/4959964/4959964_17431474849237_500.jpg,False
2025-09,A,002020,카디건,002,아우터,26,5314366,signature,시그니처,라운드넥 크롭 니트 가디건[블랙],https://image.msscdn.net/images/goods_img/20250812/5314366/5314366_17866893469147_500.jpg,False
2025-09,A,002020,카디건,002,아우터,27,5290721,drawfit,드로우핏,울 헤어리 노르딕 라운드 가디건 [M.CHARCOAL],https://image.msscdn.net/images/goods_img/20250804/5290721/5290721_17567148277479_500.jpg,False
2025-09,A,002020,카디건,002,아우터,28,3025211,suare,수아레,에센셜 라운드 니트 가디건 - 8 COLOR,https://image.msscdn.net/images/goods_img/20230116/3025211/3025211_17592115636850_500.jpg,False
2025-09,A,002020,카디건,002,아우터,29,4506977,rosefrantz,로제프란츠,Eyelet Round Cardigan [9color],https://image.msscdn.net/images/goods_img/20241011/4506977/4506977_17286135568142_500.jpg,False
2025-09,A,002020,카디건,002,아우터,30,3881573,millo,밀로 아카이브,크롭 무브 가디건 [블루 그레이],https://image.msscdn.net/images/goods_img/20240219/3881573/3881573_17084243533327_500.jpg,False
2025-09,A,002017,트러커 재킷,002,아우터,1,5329384,placestudio,플레이스 스튜디오,하이넥 스탠다드 스트랩 비조 포인트 블루종 집업 자켓 [블랙],https://image.msscdn.net/images/goods_img/20250818/5329384/5329384_17554829609253_500.jpg,False
2025-09,A,002017,트러커 재킷,002,아우터,2,3046279,outstanding,아웃스탠딩,SELVEDGE DENIM 2ND JACKET_INDIGO,https://image.msscdn.net/images/goods_img/20230130/3046279/3046279_17684404870062_500.jpg,False
2025-09,A,002017,트러커 재킷,002,아우터,3,4287413,trillion,트릴리온,코듀로이 카라 데님 집업 워크 자켓 (BLACK),https://image.msscdn.net/images/goods_img/20240731/4287413/4287413_17228544866344_500.jpg,False
2025-09,A,002017,트러커 재킷,002,아우터,4,4705537,lmood,엘무드,마르코스 울 트러커 자켓 네이비,https://image.msscdn.net/images/goods_img/20250108/4705537/4705537_17569499860274_500.png,False
2025-09,A,002017,트러커 재킷,002,아우터,5,5285666,outstanding,아웃스탠딩,SET-UP_SELVEDGE DENIM 2ND JACKET_INDIGO,https://image.msscdn.net/images/goods_img/20250731/5285666/5285666_17551532222979_500.jpg,False
2025-09,A,002017,트러커 재킷,002,아우터,6,5278294,placestudio,플레이스 스튜디오,트와일라잇 비즈 디테일 레오파드 워크 자켓 [차콜],https://image.msscdn.net/images/goods_img/20250729/5278294/5278294_17563430028212_500.jpg,False
2025-09,A,002017,트러커 재킷,002,아우터,7,4693591,outstanding,아웃스탠딩,[MUT lab] SELVEDGE DENIM 1ST JACKET_INDIGO,https://image.msscdn.net/images/goods_img/20250102/4693591/4693591_17860676827501_500.jpg,False
2025-09,A,002017,트러커 재킷,002,아우터,8,3836510,espionage,에스피오나지,French Wide Work Jacket (Moleskin) Washed Blue,https://image.msscdn.net/images/goods_img/20240131/3836510/3836510_17152161493815_500.jpg,False
2025-09,A,002017,트러커 재킷,002,아우터,9,3622977,trillion,트릴리온,페이드 워싱 바이커 데님 자켓 (BLACK),https://image.msscdn.net/images/goods_img/20231012/3622977/3622977_16977691200340_500.jpg,False
2025-09,A,002017,트러커 재킷,002,아우터,10,1790383,trillion,트릴리온,워싱 스티치 데님자켓 (BLACK),https://image.msscdn.net/images/goods_img/20210210/1790383/1790383_2_500.jpg,False
2025-09,A,002017,트러커 재킷,002,아우터,11,4262843,outstanding,아웃스탠딩,[MUT lab] W.W. II SELVEDGE DENIM 1ST JACKET_INDIGO,https://image.msscdn.net/images/goods_img/20240719/4262843/4262843_17682659790914_500.jpg,False
2025-09,A,002017,트러커 재킷,002,아우터,12,5283279,outstanding,아웃스탠딩,SET-UP_SELVEDGE DENIM 1ST JACKET_INDIGO,https://image.msscdn.net/images/goods_img/20250731/5283279/5283279_17551533049569_500.jpg,False
2025-09,A,002017,트러커 재킷,002,아우터,13,5384865,drawfit,드로우핏,워싱 릴렉스 데님 트러커 자켓 [BLACK INDIGO],https://image.msscdn.net/images/goods_img/20250901/5384865/5384865_17567119994983_500.jpg,False
2025-09,A,002017,트러커 재킷,002,아우터,14,5289752,mindbridge,마인드브릿지,스웨이드 집업 트러커 - 2color,https://image.msscdn.net/images/goods_img/20250804/5289752/5289752_17864240272223_500.jpg,False
2025-09,A,002017,트러커 재킷,002,아우터,15,5316468,aakam,아캄,Washed Field Jacket (Khaki),https://image.msscdn.net/images/goods_img/20250812/5316468/5316468_17567789051671_500.jpg,False
2025-09,A,002017,트러커 재킷,002,아우터,16,3596063,dimitriblack,디미트리블랙,2WAY 크롭 코듀로이 드리즐러 자켓_브라운,https://image.msscdn.net/images/goods_img/20230926/3596063/3596063_17621457230668_500.jpg,False
2025-09,A,002017,트러커 재킷,002,아우터,17,5316473,aakam,아캄,Washed Field Jacket (Black),https://image.msscdn.net/images/goods_img/20250812/5316473/5316473_17567788584835_500.jpg,False
2025-09,A,002017,트러커 재킷,002,아우터,18,5316715,lmood,엘무드,프리먼 코튼 트러커 자켓 벨벳틴브라운,https://image.msscdn.net/images/goods_img/20250812/5316715/5316715_17574044456124_500.png,False
2025-09,A,002017,트러커 재킷,002,아우터,19,4644774,musinsastandard,무신사 스탠다드,셀비지 데님 트러커 재킷 2 [딥 인디고],https://image.msscdn.net/images/goods_img/20241202/4644774/4644774_17569509485027_500.jpg,False
2025-09,A,002017,트러커 재킷,002,아우터,20,3823872,dimitriblack,디미트리블랙,프렌치 워크 자켓_코튼 블루,https://image.msscdn.net/images/goods_img/20240125/3823872/3823872_17564437646968_500.jpg,False
2025-09,A,002017,트러커 재킷,002,아우터,21,3836318,toffee,토피,빈티지 스냅 데님 블루종 자켓 (WASHED INDIGO),https://image.msscdn.net/images/goods_img/20240131/3836318/3836318_17071205288194_500.jpg,False
2025-09,A,002017,트러커 재킷,002,아우터,22,4791832,ersco,이알에스코,데님 트러커 자켓_블랙,https://image.msscdn.net/images/goods_img/20250214/4791832/4791832_17685420204073_500.jpg,False
2025-09,A,002017,트러커 재킷,002,아우터,23,2028925,mindbridge,마인드브릿지,스웨이드트러커 - 2color MYJP6101,https://image.msscdn.net/images/goods_img/20210714/2028925/2028925_17894374890214_500.jpg,False
2025-09,A,002017,트러커 재킷,002,아우터,24,4282916,espionage,에스피오나지,French Wide Work Jacket (Moleskin) Washed Mocha,https://image.msscdn.net/images/goods_img/20240730/4282916/4282916_17236182759600_500.jpg,False
2025-09,A,002017,트러커 재킷,002,아우터,25,4614595,bronson,브론슨,WW2 Lot S101J Cowboys Jacket,https://image.msscdn.net/images/goods_img/20241114/4614595/4614595_17737255953621_500.jpg,False
2025-09,A,002017,트러커 재킷,002,아우터,26,5283276,outstanding,아웃스탠딩,SET-UP_W.W. II SELVEDGE DENIM 1ST JACKET_INDIGO,https://image.msscdn.net/images/goods_img/20250731/5283276/5283276_17551532379895_500.jpg,False
2025-09,A,002017,트러커 재킷,002,아우터,27,4287892,supersub,슈퍼서브,워싱 크롭 데님 재킷 - 워시드 블루,https://image.msscdn.net/images/goods_img/20240801/4287892/4287892_17224927839087_500.jpg,False
2025-09,A,002017,트러커 재킷,002,아우터,28,5324155,havehad,해브해드,시티 워커 프렌치 자켓 (카키 그레이),https://image.msscdn.net/images/goods_img/20250814/5324155/5324155_17561016547364_500.jpg,False
2025-09,A,002017,트러커 재킷,002,아우터,29,2091622,poloralphlauren,폴로 랄프 로렌,페이디드 데님 트럭커 재킷 - 블루,https://image.msscdn.net/images/goods_img/20210826/2091622/2091622_2_500.jpg,False
2025-09,A,002017,트러커 재킷,002,아우터,30,3801342,supersub,슈퍼서브,워싱 크롭 데님 재킷 - 워시드 브라운,https://image.msscdn.net/images/goods_img/20240117/3801342/3801342_17065954658593_500.jpg,False
2025-09,A,002003,슈트/블레이저 재킷,002,아우터,1,1558197,musinsastandard,무신사 스탠다드,릴렉스드 베이식 블레이저 [블랙],https://image.msscdn.net/images/goods_img/20200820/1558197/1558197_17791521338764_500.jpg,False
2025-09,A,002003,슈트/블레이저 재킷,002,아우터,2,1618312,musinsastandardwoman,무신사 스탠다드 우먼,우먼즈 오버사이즈 블레이저 [블랙],https://image.msscdn.net/images/goods_img/20200923/1618312/1618312_17840158746923_500.jpg,False
2025-09,A,002003,슈트/블레이저 재킷,002,아우터,3,2572705,nonblank,넌블랭크,[SAINT YEAR] 세미 오버 핏 셋업 수트_GREY,https://image.msscdn.net/images/goods_img/20220520/2572705/2572705_17769899182977_500.jpg,False
2025-09,A,002003,슈트/블레이저 재킷,002,아우터,4,1108007,musinsastandard,무신사 스탠다드,베이식 블레이저 [블랙],https://image.msscdn.net/images/goods_img/20190802/1108007/1108007_17896970765683_500.jpg,False
2025-09,A,002003,슈트/블레이저 재킷,002,아우터,5,3845890,citybreeze,시티브리즈,루즈핏 사선 절개 싱글 자켓_GREY,https://image.msscdn.net/images/goods_img/20240205/3845890/3845890_17800354662108_500.jpg,False
2025-09,A,002003,슈트/블레이저 재킷,002,아우터,6,3825573,lemainsecond,리메인세컨드,[SET UP] 베이식 세미 오버핏 셋업 수트,https://image.msscdn.net/images/goods_img/20240126/3825573/3825573_17151317585846_500.jpg,False
2025-09,A,002003,슈트/블레이저 재킷,002,아우터,7,4390860,coor,쿠어,페이크 스웨이드 쓰리 버튼 블레이저 (다크브라운),https://image.msscdn.net/images/goods_img/20240831/4390860/4390860_17696617147965_500.jpg,False
2025-09,A,002003,슈트/블레이저 재킷,002,아우터,8,5151435,musinsastandardwoman,무신사 스탠다드 우먼,우먼즈 신세틱 스웨이드 오버사이즈 블레이저 [라이트 브라운],https://image.msscdn.net/images/goods_img/20250528/5151435/5151435_17562621249102_500.jpg,False
2025-09,A,002003,슈트/블레이저 재킷,002,아우터,9,5151434,musinsastandardwoman,무신사 스탠다드 우먼,우먼즈 신세틱 스웨이드 오버사이즈 블레이저 [브라운],https://image.msscdn.net/images/goods_img/20250528/5151434/5151434_17562621557732_500.jpg,False
2025-09,A,002003,슈트/블레이저 재킷,002,아우터,10,2444808,musinsastandard,무신사 스탠다드,[쿨탠다드] 릴렉스드 베이식 블레이저 [블랙],https://image.msscdn.net/images/goods_img/20220325/2444808/2444808_17791528728073_500.jpg,False
2025-09,A,002003,슈트/블레이저 재킷,002,아우터,11,1283757,musinsastandard,무신사 스탠다드,오버사이즈 블레이저 [블랙],https://image.msscdn.net/images/goods_img/20200130/1283757/1283757_17514309817123_500.jpg,False
2025-09,A,002003,슈트/블레이저 재킷,002,아우터,12,5305264,tngt,티엔지티,Faux Suede Oversized Jacket (Camel Brown) TNJA5F203W2,https://image.msscdn.net/images/goods_img/20250808/5305264/5305264_17550609535045_500.jpg,False
2025-09,A,002003,슈트/블레이저 재킷,002,아우터,13,2572700,nonblank,넌블랭크,[SAINT YEAR] 세미 오버 핏 셋업 수트_BLACK,https://image.msscdn.net/images/goods_img/20220520/2572700/2572700_17769897170778_500.jpg,False
2025-09,A,002003,슈트/블레이저 재킷,002,아우터,14,5258798,musinsastandard,무신사 스탠다드,[노홍철 컬래버] 럭키 가이 블레이저 [블랙],https://image.msscdn.net/images/goods_img/20250721/5258798/5258798_17761386959408_500.jpg,False
2025-09,A,002003,슈트/블레이저 재킷,002,아우터,15,3809740,nonblank,넌블랭크,W11 세미 오버 핏 셋업 수트_CHARCOAL GREY,https://image.msscdn.net/images/goods_img/20240119/3809740/3809740_17770091932615_500.jpg,False
2025-09,A,002003,슈트/블레이저 재킷,002,아우터,16,1558671,musinsastandard,무신사 스탠다드,릴렉스드 베이식 블레이저 [차콜 그레이],https://image.msscdn.net/images/goods_img/20200821/1558671/1558671_17514475628467_500.jpg,False
2025-09,A,002003,슈트/블레이저 재킷,002,아우터,17,1558683,musinsastandard,무신사 스탠다드,릴렉스드 베이식 블레이저 [미디엄 그레이],https://image.msscdn.net/images/goods_img/20200821/1558683/1558683_17514474604010_500.jpg,False
2025-09,A,002003,슈트/블레이저 재킷,002,아우터,18,709191,drawfit,드로우핏,오버사이즈 도브 울 블레이저 [BLACK],https://image.msscdn.net/images/goods_img/20180205/709191/709191_17567966175458_500.jpg,False
2025-09,A,002003,슈트/블레이저 재킷,002,아우터,19,1803462,musinsastandardwoman,무신사 스탠다드 우먼,우먼즈 베이식 블레이저 [블랙],https://image.msscdn.net/images/goods_img/20210219/1803462/1803462_17834925402814_500.jpg,False
2025-09,A,002003,슈트/블레이저 재킷,002,아우터,20,2149536,musinsastandardwoman,무신사 스탠다드 우먼,우먼즈 오버사이즈 블레이저 [미디엄 그레이],https://image.msscdn.net/images/goods_img/20210928/2149536/2149536_17536890796842_500.jpg,False
2025-09,A,002003,슈트/블레이저 재킷,002,아우터,21,4766136,lemard,르마드,테일러 페이크 스웨이드 자켓 - DARK BROWN,https://image.msscdn.net/images/goods_img/20250206/4766136/4766136_17570555730729_500.jpg,False
2025-09,A,002003,슈트/블레이저 재킷,002,아우터,22,4619870,musinsastandard,무신사 스탠다드,휩코드 릴렉스드 블레이저 [블랙],https://image.msscdn.net/images/goods_img/20241118/4619870/4619870_17569504887094_500.jpg,False
2025-09,A,002003,슈트/블레이저 재킷,002,아우터,23,2375909,musinsastandard,무신사 스탠다드,빅 대디 오버사이즈 블레이저 [블랙],https://image.msscdn.net/images/goods_img/20220222/2375909/2375909_17790837176470_500.jpg,False
2025-09,A,002003,슈트/블레이저 재킷,002,아우터,24,4209346,musinsastandard,무신사 스탠다드,시티 워커스 코튼 블레이저 [네이비],https://image.msscdn.net/images/goods_img/20240620/4209346/4209346_17241614820187_500.jpg,False
2025-09,A,002003,슈트/블레이저 재킷,002,아우터,25,4770863,espionage,에스피오나지,Cotton Notched Jacket Black,https://image.msscdn.net/images/goods_img/20250210/4770863/4770863_17392600422544_500.jpg,False
2025-09,A,002003,슈트/블레이저 재킷,002,아우터,26,5151462,musinsastandardwoman,무신사 스탠다드 우먼,우먼즈 더블 브레스티드 롱 블레이저 [블랙],https://image.msscdn.net/images/goods_img/20250528/5151462/5151462_17569694145743_500.jpg,False
2025-09,A,002003,슈트/블레이저 재킷,002,아우터,27,3271709,thombrowne,톰브라운,언컨스트럭트 클래식 자켓 - 네이비 / MJU490AF0114415,https://image.msscdn.net/images/goods_img/20230502/3271709/3271709_16926709652179_500.jpg,False
2025-09,A,002003,슈트/블레이저 재킷,002,아우터,28,4349435,anotheroffice,어나더 오피스,Bonjour Single Jacket (Almost Black),https://image.msscdn.net/images/goods_img/20240820/4349435/4349435_17707749981301_500.jpg,False
2025-09,A,002003,슈트/블레이저 재킷,002,아우터,29,2792419,hyojinoriko,효지,[사계절][세트상품] 커스터마이징 핏 셋업 수트 (블랙),https://image.msscdn.net/images/goods_img/20220914/2792419/2792419_17171237843031_500.jpg,False
2025-09,A,002003,슈트/블레이저 재킷,002,아우터,30,5151495,musinsastandardwoman,무신사 스탠다드 우먼,우먼즈 4버튼 숏 블레이저 [블랙],https://image.msscdn.net/images/goods_img/20250528/5151495/5151495_17569694788155_500.jpg,False
2025-09,A,002004,스타디움 재킷,002,아우터,1,2752807,kiimuir,키뮤어,울(WOOL) 바시티 자켓_블랙,https://image.msscdn.net/images/goods_img/20220830/2752807/2752807_17664729093372_500.jpg,False
2025-09,A,002004,스타디움 재킷,002,아우터,2,4525862,newera,뉴에라,AP MLB STADIUM JK43 NEYYAN D BLU,https://image.msscdn.net/images/goods_img/20241016/4525862/4525862_17291420872439_500.jpg,False
2025-09,A,002004,스타디움 재킷,002,아우터,3,4525859,newera,뉴에라,MLB LA다저스 스타디움 재킷 블랙,https://image.msscdn.net/images/goods_img/20241016/4525859/4525859_17303410419130_500.jpg,False
2025-09,A,002004,스타디움 재킷,002,아우터,4,3439975,urbandtype,어반디타입,(패딩or논패딩 선택) 코듀로이 래글런 자켓_핑크,https://image.msscdn.net/images/goods_img/20230801/3439975/3439975_17346618498463_500.jpg,False
2025-09,A,002004,스타디움 재킷,002,아우터,5,4744746,kolonsport,코오롱스포츠,HERO 남성 프리마로프트 LIGHT 인슐레이션 자켓 JWJJX25015BLK,https://image.msscdn.net/images/goods_img/20250124/4744746/4744746_17415828191935_500.jpg,False
2025-09,A,002004,스타디움 재킷,002,아우터,6,3489372,romanticcrown,로맨틱크라운,아웃 폰트 울 바시티 자켓_블랙,https://image.msscdn.net/images/goods_img/20230823/3489372/3489372_17364757550542_500.jpg,False
2025-09,A,002004,스타디움 재킷,002,아우터,7,5472997,newera,뉴에라,MLB 뉴욕 양키스 어센틱 스타디움 재킷 네이비,https://image.msscdn.net/images/goods_img/20250916/5472997/5472997_17588797460747_500.jpg,False
2025-09,A,002004,스타디움 재킷,002,아우터,8,3557760,newera,뉴에라,MLB 뉴욕양키스 스타디움 재킷 네이비,https://image.msscdn.net/images/goods_img/20230913/3557760/3557760_16946558019097_500.jpg,False
2025-09,A,002004,스타디움 재킷,002,아우터,9,5327612,satur,세터,테오 저지 자켓 블랙,https://image.msscdn.net/images/goods_img/20250814/5327612/5327612_17630005435775_500.jpg,False
2025-09,A,002004,스타디움 재킷,002,아우터,10,5038386,poloralphlauren,폴로 랄프 로렌,RL 플리스 베이스볼 재킷-네이비,https://image.msscdn.net/images/goods_img/20250417/5038386/5038386_17471917279357_500.jpg,False
2025-09,A,002004,스타디움 재킷,002,아우터,11,2782958,1993studio,1993스튜디오,빈티지 바시티 자켓_네이비,https://image.msscdn.net/images/goods_img/20220908/2782958/2782958_1_500.jpg,False
2025-09,A,002004,스타디움 재킷,002,아우터,12,3290310,kenzo,겐조,세일러 카라 스타디움 재킷 - 네이비 / FD55BL1339ON77,https://image.msscdn.net/images/goods_img/20230511/3290310/3290310_16867218853604_500.jpg,False
2025-09,A,002004,스타디움 재킷,002,아우터,13,3730463,poloralphlauren,폴로 랄프 로렌,바시티 스타일 재킷 - 그린,https://image.msscdn.net/images/goods_img/20231123/3730463/3730463_17152312522806_500.jpg,False
2025-09,A,002004,스타디움 재킷,002,아우터,14,5472985,newera,뉴에라,MLB 시카고 화이트삭스 어센틱 스타디움 재킷 블랙,https://image.msscdn.net/images/goods_img/20250916/5472985/5472985_17588803066521_500.jpg,False
2025-09,A,002004,스타디움 재킷,002,아우터,15,4419282,saintlaurent,생로랑,클래식 테디 재킷 - 블랙:화이트 / 354718Y180W1070,https://image.msscdn.net/images/goods_img/20240909/4419282/4419282_17273163887589_500.jpg,False
2025-09,A,002004,스타디움 재킷,002,아우터,16,5472994,newera,뉴에라,MLB 디트로이트 타이거즈 어센틱 스타디움 재킷 네이비,https://image.msscdn.net/images/goods_img/20250916/5472994/5472994_17588800003791_500.jpg,False
2025-09,A,002004,스타디움 재킷,002,아우터,17,2959465,rawlab,로우랩,R 시티 헤비 바시티자켓 (네이비),https://image.msscdn.net/images/goods_img/20221124/2959465/2959465_1_500.jpg,False
2025-09,A,002004,스타디움 재킷,002,아우터,18,5043754,poloralphlauren,폴로 랄프 로렌,폴로 랄프 로렌 양키스 플리스 재킷-블루,https://image.msscdn.net/images/goods_img/20250418/5043754/5043754_17465812763719_500.jpg,False
2025-09,A,002004,스타디움 재킷,002,아우터,19,3557766,newera,뉴에라,MLB 뉴욕양키스 월드시리즈 패치 스타디움 재킷 블랙,https://image.msscdn.net/images/goods_img/20230913/3557766/3557766_16946555757159_500.jpg,False
2025-09,A,002004,스타디움 재킷,002,아우터,20,3154420,grayblvd,그레이블러밧,엠씨 트윌코튼 바시티 자켓 (BLACK),https://image.msscdn.net/images/goods_img/20230316/3154420/3154420_16925951678322_500.jpg,False
2025-09,A,002004,스타디움 재킷,002,아우터,21,5472971,newera,뉴에라,MLB LA 다저스 어센틱 스타디움 재킷 블루,https://image.msscdn.net/images/goods_img/20250916/5472971/5472971_17588799129088_500.jpg,False
2025-09,A,002004,스타디움 재킷,002,아우터,22,3812672,thisisneverthat,디스이즈네버댓,Satin Jacket Navy,https://image.msscdn.net/images/goods_img/20240122/3812672/3812672_17065160162781_500.jpg,False
2025-09,A,002004,스타디움 재킷,002,아우터,23,3784619,romanticcrown,로맨틱크라운,카센티노 울 바시티 자켓_네이비,https://image.msscdn.net/images/goods_img/20240109/3784619/3784619_17415727910246_500.jpg,False
2025-09,A,002004,스타디움 재킷,002,아우터,24,2752809,kiimuir,키뮤어,울(WOOL) 바시티 자켓_네이비,https://image.msscdn.net/images/goods_img/20220830/2752809/2752809_17388178850129_500.jpg,False
2025-09,A,002004,스타디움 재킷,002,아우터,25,3945943,poloralphlauren,폴로 랄프 로렌,플리스 베이스볼 재킷 - 네이비,https://image.msscdn.net/images/goods_img/20240313/3945943/3945943_17114450447249_500.jpg,False
2025-09,A,002004,스타디움 재킷,002,아우터,26,5364480,bendavis,벤 데이비스,코튼 덕 수베니어 재킷 블랙,https://image.msscdn.net/images/goods_img/20250826/5364480/5364480_17561896852698_500.jpg,False
2025-09,A,002004,스타디움 재킷,002,아우터,27,2093817,takeasy,테이크이지,라쿠 베이스볼 오버자켓(네이비),https://image.msscdn.net/images/goods_img/20210827/2093817/2093817_4_500.jpg,False
2025-09,A,002004,스타디움 재킷,002,아우터,28,3466620,thisisneverthat,디스이즈네버댓,Satin Varsity Jacket Gold,https://image.msscdn.net/images/goods_img/20230816/3466620/3466620_16921757161671_500.jpg,False
2025-09,A,002004,스타디움 재킷,002,아우터,29,5428278,mlb,엠엘비,베이직 나일론 후드탈착 바시티자켓 NY (Black),https://image.msscdn.net/images/goods_img/20250909/5428278/5428278_17610965524517_500.jpg,False
2025-09,A,002004,스타디움 재킷,002,아우터,30,5472975,newera,뉴에라,MLB 필라델피아 필리스 어센틱 스타디움 재킷 아이보리,https://image.msscdn.net/images/goods_img/20250916/5472975/5472975_17588796541588_500.jpg,False
2025-09,A,002006,나일론/코치 재킷,002,아우터,1,2723218,dimitriblack,디미트리블랙,ASI 2WAY 어센틱 후드 윈드브레이커 자켓_블랙,https://image.msscdn.net/images/goods_img/20220817/2723218/2723218_17603312716294_500.jpg,False
2025-09,A,002006,나일론/코치 재킷,002,아우터,2,1620287,poloralphlauren,폴로 랄프 로렌,바이스윙 윈드브레이커 - 블랙,https://image.msscdn.net/images/goods_img/20200923/1620287/1620287_2_500.jpg,False
2025-09,A,002006,나일론/코치 재킷,002,아우터,3,3212915,compagno,꼼파뇨,크래킹 후드 윈드브레이커 그레이,https://image.msscdn.net/images/goods_img/20230406/3212915/3212915_16902464685664_500.jpg,False
2025-09,A,002006,나일론/코치 재킷,002,아우터,4,4296687,newbalance,뉴발란스,NBNAF31803 / UNI 에센셜 헤리티지 스탠드넥 웜업자켓 (BLACK),https://image.msscdn.net/images/goods_img/20240805/4296687/4296687_17846852180585_500.jpg,False
2025-09,A,002006,나일론/코치 재킷,002,아우터,5,3034336,espionage,에스피오나지,Ray Yacht Parka Carrot,https://image.msscdn.net/images/goods_img/20230119/3034336/3034336_16756599080513_500.jpg,False
2025-09,A,002006,나일론/코치 재킷,002,아우터,6,3791038,codegraphy,코드그라피,[SET] [배색ver.] 2-WAY 배색 테크 숏 자켓 셋업_블랙,https://image.msscdn.net/images/goods_img/20240112/3791038/3791038_17718150719568_500.jpg,False
2025-09,A,002006,나일론/코치 재킷,002,아우터,7,4861340,spao,스파오,[UV차단] 라이트 패커블 윈드브레이커_SPJJF25C21,https://image.msscdn.net/images/goods_img/20250305/4861340/4861340_17501350826957_500.jpg,False
2025-09,A,002006,나일론/코치 재킷,002,아우터,8,3758212,musinsastandard,무신사 스탠다드,시티 레저 라이트웨이트 패커블 윈드브레이커 재킷 [블랙],https://image.msscdn.net/images/goods_img/20231215/3758212/3758212_17764183712161_500.jpg,False
2025-09,A,002006,나일론/코치 재킷,002,아우터,9,5317287,newbalance,뉴발란스,NBNAF31823 / UNI ESCAPE 스탠넥 웜업자켓 (IVORY),https://image.msscdn.net/images/goods_img/20250813/5317287/5317287_17566943361241_500.jpg,False
2025-09,A,002006,나일론/코치 재킷,002,아우터,10,3455892,filluminate,필루미네이트,타슬란 윈드 테이커 자켓-블랙,https://image.msscdn.net/images/goods_img/20230809/3455892/3455892_17827964402390_500.jpg,False
2025-09,A,002006,나일론/코치 재킷,002,아우터,11,2343198,espionage,에스피오나지,Ray Yacht Parka Black,https://image.msscdn.net/images/goods_img/20220207/2343198/2343198_2_500.jpg,False
2025-09,A,002006,나일론/코치 재킷,002,아우터,12,3791014,codegraphy,코드그라피,[기본 OR 후디 선택] [배색Ver.] 2-WAY 테크 숏 자켓_블랙,https://image.msscdn.net/images/prd_img/20240112/3791014/detail_3791014_17429730762331_500.jpg,False
2025-09,A,002006,나일론/코치 재킷,002,아우터,13,2329532,nomanual,노매뉴얼,PENON WIND SHELL - BLACK,https://image.msscdn.net/images/goods_img/20220126/2329532/2329532_16762491689303_500.jpg,False
2025-09,A,002006,나일론/코치 재킷,002,아우터,14,3793560,musinsastandard,무신사 스탠다드,오버사이즈 하이넥 윈드브레이커 재킷 [블랙],https://image.msscdn.net/images/goods_img/20240112/3793560/3793560_17080496946411_500.jpg,False
2025-09,A,002006,나일론/코치 재킷,002,아우터,15,3836941,dimitriblack,디미트리블랙,VLAD 2WAY 어센틱 후드 윈드브레이커 자켓_차콜/블랙,https://image.msscdn.net/images/goods_img/20240131/3836941/3836941_17164425315381_500.png,False
2025-09,A,002006,나일론/코치 재킷,002,아우터,16,3034346,espionage,에스피오나지,Mountain Wind Parka Black,https://image.msscdn.net/images/goods_img/20230119/3034346/3034346_16756599638463_500.jpg,False
2025-09,A,002006,나일론/코치 재킷,002,아우터,17,3455882,filluminate,필루미네이트,타슬란 윈드 테이커 자켓-라이트그레이,https://image.msscdn.net/images/goods_img/20230809/3455882/3455882_17827964138309_500.jpg,False
2025-09,A,002006,나일론/코치 재킷,002,아우터,18,5202869,atez,아테즈,AERO 테크 후드 윈드 브레이커 자켓 [블랙],https://image.msscdn.net/images/goods_img/20250624/5202869/5202869_17705916791659_500.jpg,False
2025-09,A,002006,나일론/코치 재킷,002,아우터,19,3791037,codegraphy,코드그라피,[SET] [배색ver.] 2-WAY 배색 테크 숏 자켓 셋업_크림,https://image.msscdn.net/images/goods_img/20240112/3791037/3791037_17593650526189_500.jpg,False
2025-09,A,002006,나일론/코치 재킷,002,아우터,20,1530516,codegraphy,코드그라피,2-WAY 테크 숏 자켓_블랙,https://image.msscdn.net/images/goods_img/20200729/1530516/1530516_17773571044222_500.jpg,False
2025-09,A,002006,나일론/코치 재킷,002,아우터,21,5416584,thenorthface,노스페이스,NJ3BR82K 화이트라벨 여성 노벨티 올레마 자켓 BROWN,https://image.msscdn.net/images/goods_img/20250908/5416584/5416584_17579844883894_500.jpg,False
2025-09,A,002006,나일론/코치 재킷,002,아우터,22,4652859,musinsastandard,무신사 스탠다드,시티 레저 라이트웨이트 패커블 윈드브레이커 재킷 2 [블랙],https://image.msscdn.net/images/goods_img/20241206/4652859/4652859_17417737223948_500.jpg,False
2025-09,A,002006,나일론/코치 재킷,002,아우터,23,3800080,musinsastandardsp,무신사 스탠다드 스포츠,슈퍼 라이트 바람막이(8colors),https://image.msscdn.net/images/goods_img/20240117/3800080/3800080_17769985197840_500.jpg,False
2025-09,A,002006,나일론/코치 재킷,002,아우터,24,5394845,thenorthface,노스페이스,NJ3BR50J 화이트라벨 마티스 자켓 BLACK,https://image.msscdn.net/images/goods_img/20250903/5394845/5394845_17568646154778_500.jpg,False
2025-09,A,002006,나일론/코치 재킷,002,아우터,25,5276074,trillion,트릴리온,체크 패턴 후드 집업 윈드브레이커_카키 브라운,https://image.msscdn.net/images/goods_img/20250728/5276074/5276074_17545510547216_500.jpg,False
2025-09,A,002006,나일론/코치 재킷,002,아우터,26,5317263,newbalance,뉴발란스,NBNAF31823 / UNI ESCAPE 스탠넥 웜업자켓 (CHARCOAL),https://image.msscdn.net/images/goods_img/20250813/5317263/5317263_17554737595959_500.jpg,False
2025-09,A,002006,나일론/코치 재킷,002,아우터,27,3051559,toffee,토피,라이트웨이트 윈드 점퍼 (BLACK),https://image.msscdn.net/images/prd_img/20230201/3051559/detail_3051559_16765215304381_500.jpg,False
2025-09,A,002006,나일론/코치 재킷,002,아우터,28,2471405,slowrecordhouse,슬로우 레코드 하우스,파이핑 라인 나일론 자켓_네이비,https://image.msscdn.net/images/goods_img/20220406/2471405/2471405_17013952125581_500.jpg,False
2025-09,A,002006,나일론/코치 재킷,002,아우터,29,4728678,filluminate,필루미네이트,커브드 라인 윈드 브레이커-블랙,https://image.msscdn.net/images/goods_img/20250119/4728678/4728678_17881419378579_500.jpg,False
2025-09,A,002006,나일론/코치 재킷,002,아우터,30,2534895,slowrecordhouse,슬로우 레코드 하우스,파이핑 라인 나일론 자켓_블랙&베이지,https://image.msscdn.net/images/goods_img/20220502/2534895/2534895_17014068157715_500.jpg,False
2025-09,A,002019,아노락 재킷,002,아우터,1,4742668,umbro,엄브로,HBL 스포티 캐주얼 후드 아노락 블랙(UQ123CWT21),https://image.msscdn.net/images/goods_img/20250124/4742668/4742668_17749208401747_500.jpg,False
2025-09,A,002019,아노락 재킷,002,아우터,2,5290140,likethemost,라이크더모스트,유니섹스 에센셜 벌룬 체크 후디 윈드브레이커_브라운,https://image.msscdn.net/images/goods_img/20250804/5290140/5290140_17546385648306_500.jpg,False
2025-09,A,002019,아노락 재킷,002,아우터,3,4434372,sportchamber,스포츠챔버,SC 오버사이즈 웜업 셔츠(네이비),https://image.msscdn.net/images/goods_img/20240912/4434372/4434372_17405320847269_500.jpg,False
2025-09,A,002019,아노락 재킷,002,아우터,4,4742667,umbro,엄브로,HBL 스포티 캐주얼 후드 아노락 아이보리(UQ123CWT21),https://image.msscdn.net/images/goods_img/20250124/4742667/4742667_17749208510491_500.jpg,False
2025-09,A,002019,아노락 재킷,002,아우터,5,3466549,kiimuir,키뮤어,2-WAY 릴렉스드 헤링턴 자켓_4 color,https://image.msscdn.net/images/goods_img/20230816/3466549/3466549_17732985666081_500.jpg,False
2025-09,A,002019,아노락 재킷,002,아우터,6,2502967,lazybee,레이지비,캠프 멀티스포츠 러닝 바람막이 아노락 자켓 상의 M 블랙,https://image.msscdn.net/images/goods_img/20220420/2502967/2502967_17606761460746_500.jpg,False
2025-09,A,002019,아노락 재킷,002,아우터,7,5462015,oheshio,오헤시오,"NTC X OHESHIO REVERSIBLE YACHT PARKA, PURPLE",https://image.msscdn.net/images/goods_img/20250915/5462015/5462015_17582607944146_500.jpg,False
2025-09,A,002019,아노락 재킷,002,아우터,8,5245678,xtonzwoman,루나키후,WXJ029 히나타 체크 배색 립스탑 윈드브레이커 (NAVY),https://image.msscdn.net/images/goods_img/20250714/5245678/5245678_17551402327183_500.jpg,False
2025-09,A,002019,아노락 재킷,002,아우터,9,4747261,rife,러닝라이프,스톰실 바람막이 자켓 자외선차단(UPF50+),https://image.msscdn.net/images/goods_img/20250131/4747261/4747261_17736467482084_500.png,False
2025-09,A,002019,아노락 재킷,002,아우터,10,2000085,superlit,에스릿 스튜디오,[SET] 스테디 라이트 아노락 3P 셋업 블랙,https://image.msscdn.net/images/prd_img/20210617/2000085/detail_2000085_1_500.jpg,False
2025-09,A,002019,아노락 재킷,002,아우터,11,5290141,likethemost,라이크더모스트,유니섹스 에센셜 벌룬 체크 후디 윈드브레이커_블랙,https://image.msscdn.net/images/goods_img/20250804/5290141/5290141_17546382666620_500.jpg,False
2025-09,A,002019,아노락 재킷,002,아우터,12,4742666,umbro,엄브로,HBL 스포티 캐주얼 후드 아노락 레드(UQ123CWT21),https://image.msscdn.net/images/goods_img/20250124/4742666/4742666_17749208635668_500.jpg,False
2025-09,A,002019,아노락 재킷,002,아우터,13,2792669,tenc,텐씨,템페스트 아노락 재킷 - 블랙 / 17CTCUC04055999FW22,https://image.msscdn.net/images/goods_img/20220915/2792669/2792669_1_500.jpg,False
2025-09,A,002019,아노락 재킷,002,아우터,14,1810261,urbanplayers,어반플레이어스,오리지널핏 아노락 자켓 (블랙),https://image.msscdn.net/images/goods_img/20210223/1810261/1810261_1_500.jpg,False
2025-09,A,002019,아노락 재킷,002,아우터,15,5462014,oheshio,오헤시오,"NTC X OHESHIO REVERSIBLE YACHT PARKA, BLACK",https://image.msscdn.net/images/goods_img/20250915/5462014/5462014_17582607196889_500.jpg,False
2025-09,A,002019,아노락 재킷,002,아우터,16,5350060,thisisneverthat,디스이즈네버댓,Anorak Jacket Camo,https://image.msscdn.net/images/goods_img/20250821/5350060/5350060_17562592832040_500.jpg,False
2025-09,A,002019,아노락 재킷,002,아우터,17,4938278,commedesgarconsplay,꼼데가르송 플레이,K-WAY x CDG PLAY 레드하트 패커블 하프 집업 재킷 - 베이지 / AZJ5020513,https://image.msscdn.net/images/goods_img/20250325/4938278/4938278_17441023299317_500.jpg,False
2025-09,A,002019,아노락 재킷,002,아우터,18,2515813,lazybee,레이지비,[SET] 캠프 바람막이 아노락 자켓 + 러닝 조거팬츠 M 블랙,https://image.msscdn.net/images/goods_img/20220426/2515813/2515813_17790908305788_500.jpg,False
2025-09,A,002019,아노락 재킷,002,아우터,19,5434474,umbro,엄브로,HBL 로얄 컬리지 솔리드 피스테 베이지(UQ321CWT98),https://image.msscdn.net/images/goods_img/20250910/5434474/5434474_17748528534474_500.jpg,False
2025-09,A,002019,아노락 재킷,002,아우터,20,5434477,umbro,엄브로,HBL 로얄 컬리지 스탠넥 아노락 그린(UQ323CWT99),https://image.msscdn.net/images/goods_img/20250910/5434477/5434477_17748528290365_500.jpg,False
2025-09,A,002019,아노락 재킷,002,아우터,21,3904798,thisisneverthat,디스이즈네버댓,PERTEX® QA Half Zip Pullover Sage,https://image.msscdn.net/images/goods_img/20240227/3904798/3904798_17090245733760_500.jpg,False
2025-09,A,002019,아노락 재킷,002,아우터,22,5434470,umbro,엄브로,HBL 로얄 컬리지 솔리드 피스테 네이비(UQ321CWT98),https://image.msscdn.net/images/goods_img/20250910/5434470/5434470_17748528701875_500.jpg,False
2025-09,A,002019,아노락 재킷,002,아우터,23,4861839,umbro,엄브로,팝러쉬 컬러블럭 후드 아노락 블랙(UQ123CWT31),https://image.msscdn.net/images/goods_img/20250305/4861839/4861839_17496940781274_500.jpg,False
2025-09,A,002019,아노락 재킷,002,아우터,24,5434485,umbro,엄브로,HBL 엔지니어드 크루 후드 아노락 블랙(UQ323CWT97),https://image.msscdn.net/images/goods_img/20250910/5434485/5434485_17748528035878_500.jpg,False
2025-09,A,002019,아노락 재킷,002,아우터,25,3904797,thisisneverthat,디스이즈네버댓,PERTEX® QA Half Zip Pullover Black,https://image.msscdn.net/images/goods_img/20240227/3904797/3904797_17090246307838_500.jpg,False
2025-09,A,002019,아노락 재킷,002,아우터,26,5082747,lazybee,레이지비,캠프 멀티스포츠 러닝 바람막이 아노락 자켓 상의 W 블랙,https://image.msscdn.net/images/goods_img/20250430/5082747/5082747_17600776479856_500.jpg,False
2025-09,A,002019,아노락 재킷,002,아우터,27,4400327,borntowin,본투윈,REFLECTIVE LINE BIG SYMBOL ANORAK JAKET [BLACK],https://image.msscdn.net/images/goods_img/20240903/4400327/4400327_17612218023319_500.jpg,False
2025-09,A,002019,아노락 재킷,002,아우터,28,4368042,malbongolf,말본 골프,버킷 포인트 하프집업 아노락 OFF WHITE (MAN),https://image.msscdn.net/images/goods_img/20240825/4368042/4368042_17245600055664_500.jpg,False
2025-09,A,002019,아노락 재킷,002,아우터,29,5290139,likethemost,라이크더모스트,유니섹스 에센셜 벌룬 체크 후디 윈드브레이커_크림,https://image.msscdn.net/images/goods_img/20250804/5290139/5290139_17555651509645_500.jpg,False
2025-09,A,002019,아노락 재킷,002,아우터,30,5406696,atez,아테즈,AERO 테크 후드 아노락 윈드 브레이커 [블랙],https://image.msscdn.net/images/goods_img/20250905/5406696/5406696_17570367252291_500.jpg,False
2025-09,A,002018,트레이닝 재킷,002,아우터,1,3771089,adidas,아디다스,베켄바우어 트랙탑 - 블랙 / IY8077,https://image.msscdn.net/images/goods_img/20240102/3771089/3771089_17041852509353_500.jpg,False
2025-09,A,002018,트레이닝 재킷,002,아우터,2,4767374,adidas,아디다스,와플 BB 트랙탑  - 원더화이트 / JV9263,https://image.msscdn.net/images/goods_img/20250207/4767374/4767374_17405511510275_500.jpg,False
2025-09,A,002018,트레이닝 재킷,002,아우터,3,3563185,adidas,아디다스,파이어버드 트랙탑 - 블랙 / IJ7058,https://image.msscdn.net/images/goods_img/20230915/3563185/3563185_16950017775747_500.jpg,False
2025-09,A,002018,트레이닝 재킷,002,아우터,4,5197436,adidas,아디다스,아디컬러 클래식 트랙탑 (와플) - 원더화이트 / JW0109,https://image.msscdn.net/images/goods_img/20250620/5197436/5197436_17503838923480_500.jpg,False
2025-09,A,002018,트레이닝 재킷,002,아우터,5,5329563,adidas,아디다스,BB 트랙탑 - 클리어핑크 / KC3334,https://image.msscdn.net/images/goods_img/20250818/5329563/5329563_17573004720514_500.jpg,False
2025-09,A,002018,트레이닝 재킷,002,아우터,6,5329567,adidas,아디다스,BB 트랙탑 - 블랙:크림화이트 / KC9299,https://image.msscdn.net/images/goods_img/20250818/5329567/5329567_17573005097318_500.jpg,False
2025-09,A,002018,트레이닝 재킷,002,아우터,7,4945922,adidas,아디다스,아디컬러 클래식 베켄바우어 트랙탑 IP0418,https://image.msscdn.net/images/goods_img/20250326/4945922/4945922_17449669675839_500.jpg,False
2025-09,A,002018,트레이닝 재킷,002,아우터,8,4280527,travel,트래블,져지 트랙 자켓 아이보리,https://image.msscdn.net/images/goods_img/20240729/4280527/4280527_17693915589684_500.jpg,False
2025-09,A,002018,트레이닝 재킷,002,아우터,9,4945148,adidas,아디다스,아디컬러 클래식 트랙탑 (와플) - 원더화이트 / JW0109,https://image.msscdn.net/images/goods_img/20250326/4945148/4945148_17453139295013_500.jpg,False
2025-09,A,002018,트레이닝 재킷,002,아우터,10,3771149,adidas,아디다스,우븐 파이어버드 트랙탑 - 블랙 / IT2491,https://image.msscdn.net/images/goods_img/20240102/3771149/3771149_17042416430428_500.jpg,False
2025-09,A,002018,트레이닝 재킷,002,아우터,11,4865704,adidas,아디다스,ADILENIUM 3 오버사이즈 트랙탑 - 블랙 / JD3392,https://image.msscdn.net/images/goods_img/20250306/4865704/4865704_17416769168214_500.jpg,False
2025-09,A,002018,트레이닝 재킷,002,아우터,12,2353497,urbandtype,어반디타입,OL209_러닝클럽 트랙 자켓_네이비,https://image.msscdn.net/images/goods_img/20220210/2353497/2353497_17875332753234_500.jpg,False
2025-09,A,002018,트레이닝 재킷,002,아우터,13,4234917,adidas,아디다스,베켄바우어 트랙탑 - 블랙 / IW3174,https://image.msscdn.net/images/goods_img/20240705/4234917/4234917_17205041502880_500.jpg,False
2025-09,A,002018,트레이닝 재킷,002,아우터,14,3588413,adidas,아디다스,베켄바우어 트랙탑 - 블랙:화이트 / II5763,https://image.msscdn.net/images/goods_img/20230922/3588413/3588413_16957743454348_500.jpg,False
2025-09,A,002018,트레이닝 재킷,002,아우터,15,5197437,adidas,아디다스,아디컬러 클래식 트랙탑 (젠더 뉴트럴) JW0110,https://image.msscdn.net/images/goods_img/20250620/5197437/5197437_17503838637524_500.jpg,False
2025-09,A,002018,트레이닝 재킷,002,아우터,16,4945149,adidas,아디다스,아디컬러 클래식 트랙탑 (와플) - 블랙 / JW0110,https://image.msscdn.net/images/goods_img/20250326/4945149/4945149_17453139535405_500.jpg,False
2025-09,A,002018,트레이닝 재킷,002,아우터,17,5200530,adidas,아디다스,베켄바우어 트랙탑 - 블랙:화이트 / HZ3743,https://image.msscdn.net/images/goods_img/20250623/5200530/5200530_17507447516406_500.jpg,False
2025-09,A,002018,트레이닝 재킷,002,아우터,18,3999802,adidas,아디다스,파이어버드 트랙탑 - 인디고 / IR9893,https://image.msscdn.net/images/goods_img/20240328/3999802/3999802_17116109248923_500.jpg,False
2025-09,A,002018,트레이닝 재킷,002,아우터,19,4280525,travel,트래블,져지 트랙 자켓 네이비,https://image.msscdn.net/images/goods_img/20240729/4280525/4280525_17230945367525_500.jpg,False
2025-09,A,002018,트레이닝 재킷,002,아우터,20,4280526,travel,트래블,져지 트랙 자켓 브라운,https://image.msscdn.net/images/goods_img/20240729/4280526/4280526_17313741600749_500.jpg,False
2025-09,A,002018,트레이닝 재킷,002,아우터,21,4759906,adidas,아디다스,파이어버드 루즈 트랙탑 - 블랙 / JC8251,https://image.msscdn.net/images/goods_img/20250205/4759906/4759906_17388280835483_500.jpg,False
2025-09,A,002018,트레이닝 재킷,002,아우터,22,4793690,adidas,아디다스,와플 BB 트랙탑 - 블랙 / JV9264,https://image.msscdn.net/images/goods_img/20250217/4793690/4793690_17453136746025_500.jpg,False
2025-09,A,002018,트레이닝 재킷,002,아우터,23,4943735,adidas,아디다스,SST 트랙탑 JX8971,https://image.msscdn.net/images/goods_img/20250325/4943735/4943735_17428947031862_500.jpg,False
2025-09,A,002018,트레이닝 재킷,002,아우터,24,4336062,adidas,아디다스,파이어버드 니트 탑 - 블랙 / IY7278,https://image.msscdn.net/images/goods_img/20240816/4336062/4336062_17242236131024_500.jpg,False
2025-09,A,002018,트레이닝 재킷,002,아우터,25,4694108,travel,트래블,져지 트랙 자켓 블랙,https://image.msscdn.net/images/goods_img/20250102/4694108/4694108_17362322773285_500.jpg,False
2025-09,A,002018,트레이닝 재킷,002,아우터,26,4489823,adidas,아디다스,BB 트랙탑 - 다크브라운 / JD5267,https://image.msscdn.net/images/goods_img/20241007/4489823/4489823_17453957713625_500.jpg,False
2025-09,A,002018,트레이닝 재킷,002,아우터,27,3797838,adidas,아디다스,베켄바우어 트랙탑 - 인디고 / IP0418,https://image.msscdn.net/images/goods_img/20240116/3797838/3797838_17054696094278_500.jpg,False
2025-09,A,002018,트레이닝 재킷,002,아우터,28,3422706,adidas,아디다스,파이어버드 트랙탑  - 블랙 / IL8764,https://image.msscdn.net/images/goods_img/20230724/3422706/3422706_16904232602323_500.jpg,False
2025-09,A,002018,트레이닝 재킷,002,아우터,29,3010431,satur,세터,로턴 올 데이 트랙 집업 자켓 캐비어 블랙,https://image.msscdn.net/images/goods_img/20230109/3010431/3010431_17255123428915_500.jpg,False
2025-09,A,002018,트레이닝 재킷,002,아우터,30,4945920,adidas,아디다스,아디컬러 클래식 파이어버드 트랙탑 JP2542,https://image.msscdn.net/images/goods_img/20250326/4945920/4945920_17449669901594_500.jpg,False
2025-09,A,002008,환절기 코트,002,아우터,1,2360891,urago,유라고,Mac half trench coat,https://image.msscdn.net/images/goods_img/20220215/2360891/2360891_17901400385390_500.jpg,False
2025-09,A,002008,환절기 코트,002,아우터,2,3307245,thombrowne,톰브라운,4 바 폴로 카라 코트 - 네이비 / MKJ098AY3028415,https://image.msscdn.net/images/goods_img/20230518/3307245/3307245_16867234240617_500.jpg,False
2025-09,A,002008,환절기 코트,002,아우터,3,4845467,musinsastandard,무신사 스탠다드,시티 레저 CN 오버사이즈 발마칸 트렌치 코트 [그레이],https://image.msscdn.net/images/goods_img/20250228/4845467/4845467_17419089858460_500.jpg,False
2025-09,A,002008,환절기 코트,002,아우터,4,3182686,isabelmarant,이자벨마랑,가브리엘 코트 - 오렌지 / MA0019FAA1D24E11OR,https://image.msscdn.net/images/goods_img/20230327/3182686/3182686_16830816783894_500.jpg,False
2025-09,A,002008,환절기 코트,002,아우터,5,4845466,musinsastandard,무신사 스탠다드,시티 레저 CN 오버사이즈 발마칸 트렌치 코트 [블랙],https://image.msscdn.net/images/goods_img/20250228/4845466/4845466_17416755739427_500.jpg,False
2025-09,A,002008,환절기 코트,002,아우터,6,5288220,noirer,노이어,램스 레더 베지터블 발마칸 코트 (블랙),https://image.msscdn.net/images/goods_img/20250801/5288220/5288220_17575687182268_500.jpg,False
2025-09,A,002008,환절기 코트,002,아우터,7,680961,flareup,플레어업,오버사이즈 트렌치코트 (FL-012),https://image.msscdn.net/images/prd_img/20171130/680961/detail_680961_37_500.jpg,False
2025-09,A,002008,환절기 코트,002,아우터,8,4202570,burberry,버버리,미드 렝스 캠던 헤리티지 카 코트 - 블랙 / 8079394,https://image.msscdn.net/images/goods_img/20240618/4202570/4202570_17217898234515_500.jpg,False
2025-09,A,002008,환절기 코트,002,아우터,9,4594017,musinsastandard,무신사 스탠다드,오버사이즈 발마칸 트렌치 코트 [블랙],https://image.msscdn.net/images/goods_img/20241106/4594017/4594017_17369119667186_500.jpg,False
2025-09,A,002008,환절기 코트,002,아우터,10,4268575,overdueflair,오버듀플레어,CLASSIC SUEDE JACKET_CAMEL,https://image.msscdn.net/images/goods_img/20240723/4268575/4268575_17242222531735_500.jpg,False
2025-09,A,002008,환절기 코트,002,아우터,11,4202567,burberry,버버리,롱 켄싱턴 헤리티지 트렌치 코트 - 블랙 / 8079384,https://image.msscdn.net/images/goods_img/20240618/4202567/4202567_17217896805637_500.jpg,False
2025-09,A,002008,환절기 코트,002,아우터,12,4845468,musinsastandard,무신사 스탠다드,시티 레저 CN 오버사이즈 발마칸 트렌치 코트 [리프 베이지],https://image.msscdn.net/images/goods_img/20250228/4845468/4845468_17416754901222_500.jpg,False
2025-09,A,002008,환절기 코트,002,아우터,13,5313681,misekiseoul,미세키서울,Cowl neck button Jacket CHARCOAL,https://image.msscdn.net/images/goods_img/20250812/5313681/5313681_17572952498008_500.jpg,False
2025-09,A,002008,환절기 코트,002,아우터,14,5313665,misekiseoul,미세키서울,Cowl neck button Jacket BLACK,https://image.msscdn.net/images/goods_img/20250812/5313665/5313665_17572951809821_500.jpg,False
2025-09,A,002008,환절기 코트,002,아우터,15,2994627,mindbridge,마인드브릿지,[22SS][SMART][COUTURE]더블트렌치코트 - 3color MWCA2101,https://image.msscdn.net/images/goods_img/20221223/2994627/2994627_5_500.jpg,False
2025-09,A,002008,환절기 코트,002,아우터,16,5429255,calvinkleinjeans,캘빈클라인 진,[컨템포러리 라인] 유니섹스 롱슬리브 레더 카 코트 40EM573 BAE,https://image.msscdn.net/images/goods_img/20250909/5429255/5429255_17574874499449_500.jpg,False
2025-09,A,002008,환절기 코트,002,아우터,17,4914725,taille,타일레,PIGALLE OVER TRENCH COAT BLACK,https://image.msscdn.net/images/goods_img/20250319/4914725/4914725_17424657750145_500.jpg,False
2025-09,A,002008,환절기 코트,002,아우터,18,1269066,insilence,인사일런스,오버사이즈 트렌치 코트 BLACK,https://image.msscdn.net/images/goods_img/20200113/1269066/1269066_16928568810552_500.jpg,False
2025-09,A,002008,환절기 코트,002,아우터,19,2110658,nicknicole,닉앤니콜,OVERSIZED DOUBLE TRENCH COAT_8COLOR,https://image.msscdn.net/images/goods_img/20210906/2110658/2110658_17289677830789_500.jpg,False
2025-09,A,002008,환절기 코트,002,아우터,20,3152655,mindbridge,마인드브릿지,[SMART][COUTURE]더블트렌치코트 라이트베이지 MXCA2101,https://image.msscdn.net/images/goods_img/20230316/3152655/3152655_16789399394204_500.jpg,False
2025-09,A,002008,환절기 코트,002,아우터,21,2662637,maxmara,막스마라,바코 데님 코드 - 울트라 마린 / 10110122600001,https://image.msscdn.net/images/goods_img/20220713/2662637/2662637_1_500.jpg,False
2025-09,A,002008,환절기 코트,002,아우터,22,5415954,espionage,에스피오나지,British Gas Cape Coat Black,https://image.msscdn.net/images/goods_img/20250908/5415954/5415954_17574689567439_500.jpg,False
2025-09,A,002008,환절기 코트,002,아우터,23,1744623,flareup,플레어업,Oversized Raglan Trench Coat - Black (FL-020),https://image.msscdn.net/images/goods_img/20210112/1744623/1744623_16925776963117_500.jpg,False
2025-09,A,002008,환절기 코트,002,아우터,24,4659087,burberry,버버리,롱 켄싱턴 헤리티지 M 트렌치 코트 - 블랙 / 8079384,https://image.msscdn.net/images/goods_img/20241210/4659087/4659087_17349152285141_500.jpg,False
2025-09,A,002008,환절기 코트,002,아우터,25,5335465,slowlolli,슬로우롤리,Metal emblem half trench coat,https://image.msscdn.net/images/goods_img/20250819/5335465/5335465_17560820549869_500.png,False
2025-09,A,002008,환절기 코트,002,아우터,26,4957868,hane,하네,벨티드 롱 트렌치 코트_Beige,https://image.msscdn.net/images/goods_img/20250328/4957868/4957868_17549878391663_500.jpg,False
2025-09,A,002008,환절기 코트,002,아우터,27,4957892,hane,하네,발마칸 하프 트렌치 코트_Dark Navy,https://image.msscdn.net/images/goods_img/20250328/4957892/4957892_17431519327569_500.jpg,False
2025-09,A,002008,환절기 코트,002,아우터,28,5391422,spao,스파오,[신세틱레더] 하프코트 (스웨이드/레더)_SPJLF49W15,https://image.msscdn.net/images/goods_img/20250902/5391422/5391422_17582546064446_500.png,False
2025-09,A,002008,환절기 코트,002,아우터,29,4799299,pottery,포터리,Easy Mac Coat - 2 Color,https://image.msscdn.net/images/goods_img/20250218/4799299/4799299_17399329213359_500.jpg,False
2025-09,A,002008,환절기 코트,002,아우터,30,3530685,maisonmargiela,메종 마르지엘라,백 스티치 코트 - 네이비 / SI0AA0003S54959511,https://image.msscdn.net/images/goods_img/20230905/3530685/3530685_16953542201340_500.jpg,False
2025-09,A,002014,사파리/헌팅 재킷,002,아우터,1,4376737,wvproject,더블유브이프로젝트,더프 헤링턴 자켓 브라운 JJOT7732,https://image.msscdn.net/images/goods_img/20240827/4376737/4376737_17247559627478_500.jpg,False
2025-09,A,002014,사파리/헌팅 재킷,002,아우터,2,3094153,espionage,에스피오나지,Hunting Blouson Jacket Olive,https://image.msscdn.net/images/goods_img/20230220/3094153/3094153_16771294572861_500.jpg,False
2025-09,A,002014,사파리/헌팅 재킷,002,아우터,3,5441768,outstanding,아웃스탠딩,[MUT lab] MOLESKIN FRENCH WORK JACKET_WASHED BLUE,https://image.msscdn.net/images/goods_img/20250911/5441768/5441768_17708709973646_500.jpg,False
2025-09,A,002014,사파리/헌팅 재킷,002,아우터,4,2737014,frizmworks,프리즘웍스,VINCENT M1965 FISHTAIL PARKA 004 _ OLIVE,https://image.msscdn.net/images/goods_img/20220823/2737014/2737014_1_500.jpg,False
2025-09,A,002014,사파리/헌팅 재킷,002,아우터,5,3094151,espionage,에스피오나지,Hunting Blouson Jacket Black,https://image.msscdn.net/images/goods_img/20230220/3094151/3094151_16771293582073_500.jpg,False
2025-09,A,002014,사파리/헌팅 재킷,002,아우터,6,4619952,musinsastandardwoman,무신사 스탠다드 우먼,우먼즈 워시드 코튼 헌팅 재킷 [베이지],https://image.msscdn.net/images/goods_img/20241118/4619952/4619952_17412178889754_500.jpg,False
2025-09,A,002014,사파리/헌팅 재킷,002,아우터,7,4376738,wvproject,더블유브이프로젝트,더프 헤링턴 자켓 블랙 JJOT7732,https://image.msscdn.net/images/goods_img/20240827/4376738/4376738_17247559681905_500.jpg,False
2025-09,A,002014,사파리/헌팅 재킷,002,아우터,8,2349901,outstanding,아웃스탠딩,CORDUROY COLLAR SHORT JACKET_OLIVE GREEN,https://image.msscdn.net/images/goods_img/20220209/2349901/2349901_17687996624748_500.jpg,False
2025-09,A,002014,사파리/헌팅 재킷,002,아우터,9,4209316,musinsastandard,무신사 스탠다드,왁스드 CN 헌팅 재킷 [카키],https://image.msscdn.net/images/goods_img/20240620/4209316/4209316_17241405617860_500.jpg,False
2025-09,A,002014,사파리/헌팅 재킷,002,아우터,10,2737012,frizmworks,프리즘웍스,VINCENT M1965 FISHTAIL PARKA 004 _ BLACK,https://image.msscdn.net/images/goods_img/20220823/2737012/2737012_1_500.jpg,False
2025-09,A,002014,사파리/헌팅 재킷,002,아우터,11,5463486,outstanding,아웃스탠딩,[MUT lab] MOLESKIN FRENCH WORK JACKET_BLACK,https://image.msscdn.net/images/goods_img/20250915/5463486/5463486_17708702966078_500.jpg,False
2025-09,A,002014,사파리/헌팅 재킷,002,아우터,12,5357169,bronson,브론슨,[Liner Set] U.S. Army M-65 Parka,https://image.msscdn.net/images/goods_img/20250825/5357169/5357169_17573013744077_500.jpg,False
2025-09,A,002014,사파리/헌팅 재킷,002,아우터,13,4209318,musinsastandard,무신사 스탠다드,왁스드 CN 헌팅 재킷 [카키 베이지],https://image.msscdn.net/images/goods_img/20240620/4209318/4209318_17241404850243_500.jpg,False
2025-09,A,002014,사파리/헌팅 재킷,002,아우터,14,5463485,outstanding,아웃스탠딩,[MUT lab] MOLESKIN FRENCH WORK JACKET_D.NAVY,https://image.msscdn.net/images/goods_img/20250915/5463485/5463485_17708705281806_500.jpg,False
2025-09,A,002014,사파리/헌팅 재킷,002,아우터,15,4619953,musinsastandardwoman,무신사 스탠다드 우먼,우먼즈 워시드 코튼 헌팅 재킷 [크림],https://image.msscdn.net/images/goods_img/20241118/4619953/4619953_17430426420978_500.jpg,False
2025-09,A,002014,사파리/헌팅 재킷,002,아우터,16,4619951,musinsastandardwoman,무신사 스탠다드 우먼,우먼즈 워시드 코튼 헌팅 재킷 [카키],https://image.msscdn.net/images/goods_img/20241118/4619951/4619951_17392619742721_500.jpg,False
2025-09,A,002014,사파리/헌팅 재킷,002,아우터,17,4736344,outstanding,아웃스탠딩,2ND POPLIN JUNGLE FATIGUE JACKET_OLIVE,https://image.msscdn.net/images/goods_img/20250122/4736344/4736344_17870178124670_500.jpg,False
2025-09,A,002014,사파리/헌팅 재킷,002,아우터,18,4729709,musinsastandard,무신사 스탠다드,캔버스 워크 재킷 [더스티 카키],https://image.msscdn.net/images/goods_img/20250120/4729709/4729709_17411629669447_500.jpg,False
2025-09,A,002014,사파리/헌팅 재킷,002,아우터,19,5258797,musinsastandard,무신사 스탠다드,[노홍철 컬래버] 럭키 가이 신세틱 레더 카코트 [블랙],https://image.msscdn.net/images/goods_img/20250721/5258797/5258797_17580650261571_500.jpg,False
2025-09,A,002014,사파리/헌팅 재킷,002,아우터,20,2737008,frizmworks,프리즘웍스,OSCAR FISHTAIL JACKET 003 _ OLIVE,https://image.msscdn.net/images/goods_img/20220823/2737008/2737008_1_500.jpg,False
2025-09,A,002014,사파리/헌팅 재킷,002,아우터,21,4729710,musinsastandard,무신사 스탠다드,캔버스 워크 재킷 [베이지],https://image.msscdn.net/images/goods_img/20250120/4729710/4729710_17411630293475_500.jpg,False
2025-09,A,002014,사파리/헌팅 재킷,002,아우터,22,5299122,musinsastandard,무신사 스탠다드,백 사틴 정글 퍼티그 재킷 [카키],https://image.msscdn.net/images/goods_img/20250807/5299122/5299122_17557656306906_500.jpg,False
2025-09,A,002014,사파리/헌팅 재킷,002,아우터,23,5387029,espionage,에스피오나지,Short Hunting Jacket Taupe,https://image.msscdn.net/images/goods_img/20250902/5387029/5387029_17568895424689_500.jpg,False
2025-09,A,002014,사파리/헌팅 재킷,002,아우터,24,3406372,lmood,엘무드,체스터 헌팅 블루종 자켓 카키,https://image.msscdn.net/images/goods_img/20230712/3406372/3406372_17443376925419_500.jpg,False
2025-09,A,002014,사파리/헌팅 재킷,002,아우터,25,3790843,musinsastandard,무신사 스탠다드,백 사틴 초어 재킷 [네이비],https://image.msscdn.net/images/goods_img/20240112/3790843/3790843_17128210791358_500.jpg,False
2025-09,A,002014,사파리/헌팅 재킷,002,아우터,26,4770921,espionage,에스피오나지,Short Hunting Jacket Dark Grey,https://image.msscdn.net/images/goods_img/20250210/4770921/4770921_17392634959823_500.jpg,False
2025-09,A,002014,사파리/헌팅 재킷,002,아우터,27,3096454,frizmworks,프리즘웍스,HERITAGE HUNTING JACKET 002 _ OLIVE,https://image.msscdn.net/images/goods_img/20230221/3096454/3096454_17562766009565_500.jpg,False
2025-09,A,002014,사파리/헌팅 재킷,002,아우터,28,4209322,musinsastandard,무신사 스탠다드,CP 트윌 초어 재킷 [네이비],https://image.msscdn.net/images/goods_img/20240620/4209322/4209322_17242023394218_500.jpg,False
2025-09,A,002014,사파리/헌팅 재킷,002,아우터,29,4209315,musinsastandard,무신사 스탠다드,왁스드 CN 헌팅 재킷 [블랙],https://image.msscdn.net/images/goods_img/20240620/4209315/4209315_17241412298238_500.jpg,False
2025-09,A,002014,사파리/헌팅 재킷,002,아우터,30,3790836,musinsastandard,무신사 스탠다드,크리즈 레이어 필드 재킷 [블랙],https://image.msscdn.net/images/goods_img/20240112/3790836/3790836_17083169993079_500.jpg,False
2025-09,A,002021,베스트,002,아우터,1,3851893,musinsastandard,무신사 스탠다드,시티 레저 후디드 베스트 [블랙],https://image.msscdn.net/images/goods_img/20240206/3851893/3851893_17098746779827_500.jpg,False
2025-09,A,002021,베스트,002,아우터,2,4989964,thenorthface,노스페이스,NV3NR50A 눕시 온볼 베스트_BLACK,https://image.msscdn.net/images/goods_img/20250404/4989964/4989964_17708638263347_500.jpg,False
2025-09,A,002021,베스트,002,아우터,3,4644497,musinsastandardsp,무신사 스탠다드 스포츠,러닝 베스트,https://image.msscdn.net/images/goods_img/20241202/4644497/4644497_17846179657550_500.jpg,False
2025-09,A,002021,베스트,002,아우터,4,3349832,partimento,파르티멘토,시어 후드 베스트 블랙,https://image.msscdn.net/images/goods_img/20230607/3349832/3349832_16862761419940_500.jpg,False
2025-09,A,002021,베스트,002,아우터,5,3158825,toffee,토피,하이넥 나일론 후드 집업 베스트 (BLACK),https://image.msscdn.net/images/goods_img/20230317/3158825/3158825_16794732798145_500.jpg,False
2025-09,A,002021,베스트,002,아우터,6,3078393,musinsastandardwoman,무신사 스탠다드 우먼,우먼즈 라이트웨이트 테일러드 베스트 [블랙],https://image.msscdn.net/images/goods_img/20230213/3078393/3078393_17467822386615_500.jpg,False
2025-09,A,002021,베스트,002,아우터,7,3296752,trillion,트릴리온,디비전 나일론 후드 집업 베스트 (BLACK),https://image.msscdn.net/images/goods_img/20230515/3296752/3296752_17171445475065_500.jpg,False
2025-09,A,002021,베스트,002,아우터,8,4709931,musinsastandard,무신사 스탠다드,시티 레저 유틸리티 피싱 베스트 [블랙],https://image.msscdn.net/images/goods_img/20250110/4709931/4709931_17419112531902_500.jpg,False
2025-09,A,002021,베스트,002,아우터,9,2325610,takeasy,테이크이지,케이블 스몰라쿠 니트 베스트(네이비),https://image.msscdn.net/images/goods_img/20220125/2325610/2325610_2_500.jpg,False
2025-09,A,002021,베스트,002,아우터,10,5201005,thenorthface,노스페이스,NA5AR80A 선라이저 런 베스트 8 BLACK,https://image.msscdn.net/images/goods_img/20250623/5201005/5201005_17506618296006_500.jpg,False
2025-09,A,002021,베스트,002,아우터,11,3851894,musinsastandard,무신사 스탠다드,시티 레저 후디드 베스트 [라이트 그레이],https://image.msscdn.net/images/goods_img/20240206/3851894/3851894_17098747237288_500.jpg,False
2025-09,A,002021,베스트,002,아우터,12,3493799,poloralphlauren,폴로 랄프 로렌,케이블 니트 코튼 스웨터 베스트 - 네이비,https://image.msscdn.net/images/goods_img/20230824/3493799/3493799_16940628044656_500.jpg,False
2025-09,A,002021,베스트,002,아우터,13,4993748,signature,시그니처,리벳 후드 슬리브리스 베스트[블랙],https://image.msscdn.net/images/goods_img/20250407/4993748/4993748_17446033240714_500.jpg,False
2025-09,A,002021,베스트,002,아우터,14,3781560,romanticcrown,로맨틱크라운,투 톤 패턴 베스트_버건디,https://image.msscdn.net/images/goods_img/20240108/3781560/3781560_17415749043621_500.jpg,False
2025-09,A,002021,베스트,002,아우터,15,3948581,mucent,무센트,"테크 나일론 후드 베스트 민소매 아노락 바람막이 조끼 (블랙, 차콜)",https://image.msscdn.net/images/goods_img/20240313/3948581/3948581_17141126477129_500.jpg,False
2025-09,A,002021,베스트,002,아우터,16,4325928,snowpeak,스노우피크,TAKIBI 립스탑 베스트 - 베이지 / JK-24AU106BG,https://image.msscdn.net/images/goods_img/20240813/4325928/4325928_17240707664583_500.jpg,False
2025-09,A,002021,베스트,002,아우터,17,3758338,musinsastandard,무신사 스탠다드,시티 레저 CN 멀티 포켓 베스트 [블랙],https://image.msscdn.net/images/goods_img/20231215/3758338/3758338_17098740195896_500.jpg,False
2025-09,A,002021,베스트,002,아우터,18,5144829,descente,데상트,경량 트레일 러닝 베스트 블랙(SQ323RBG71),https://image.msscdn.net/images/goods_img/20250526/5144829/5144829_17509040513522_500.jpg,False
2025-09,A,002021,베스트,002,아우터,19,3863373,frizmworks,프리즘웍스,HERITAGE HUNTING VEST _ OLIVE,https://image.msscdn.net/images/goods_img/20240213/3863373/3863373_17562767144673_500.jpg,False
2025-09,A,002021,베스트,002,아우터,20,1305385,drawfit,드로우핏,오버핏 울 니트 베스트 [BLACK],https://image.msscdn.net/images/goods_img/20200214/1305385/1305385_16804992777098_500.jpg,False
2025-09,A,002021,베스트,002,아우터,21,3786488,brenson,브렌슨,B. 오버핏 스트링 후드 베스트 ( 3Color ),https://image.msscdn.net/images/goods_img/20240110/3786488/3786488_17301820619640_500.jpg,False
2025-09,A,002021,베스트,002,아우터,22,5079078,notonlyfortoday,낫온리포투데이,하이넥 3D 포켓 후드 베스트 [블랙],https://image.msscdn.net/images/goods_img/20250429/5079078/5079078_17784665249883_500.jpg,False
2025-09,A,002021,베스트,002,아우터,23,3125670,matinkim,마뗑킴,SPELL POINT STRIPE KNIT VEST IN IVORY,https://image.msscdn.net/images/goods_img/20230306/3125670/3125670_16782582117207_500.jpg,False
2025-09,A,002021,베스트,002,아우터,24,4906021,arcteryx,아크테릭스,아톰 베스트 남성 - BLACK / ATPSM09559,https://image.msscdn.net/images/goods_img/20250317/4906021/4906021_17429535388913_500.jpg,False
2025-09,A,002021,베스트,002,아우터,25,4399522,thenorthface,노스페이스,NV4FQ55B 데날리 플리스 베스트_LIGHT BEIGE,https://image.msscdn.net/images/goods_img/20240903/4399522/4399522_17253515854736_500.jpg,False
2025-09,A,002021,베스트,002,아우터,26,5353054,patagonia,파타고니아,멘즈 레트로 파일 베스트 / 22821Q7,https://image.msscdn.net/images/goods_img/20250822/5353054/5353054_17604276015887_500.jpg,False
2025-09,A,002021,베스트,002,아우터,27,5380373,yeseyesee,예스아이씨,Y.E.S Full Zip Fleece Vest Grey,https://image.msscdn.net/images/goods_img/20250829/5380373/5380373_17573209431357_500.jpg,False
2025-09,A,002021,베스트,002,아우터,28,2729754,snowpeakapparel,스노우피크 어패럴,랜드 경량 다운 베스트 (S25WMGDV60) Black,https://image.msscdn.net/images/goods_img/20220819/2729754/2729754_17870482701380_500.jpg,False
2025-09,A,002021,베스트,002,아우터,29,4744711,thenorthface,노스페이스,NV5VR02A 남성 베스티 베스트_BLACK,https://image.msscdn.net/images/goods_img/20250124/4744711/4744711_17828910959943_500.jpg,False
2025-09,A,002021,베스트,002,아우터,30,1293166,lettercomo,레테르코모,미니멀 브이넥 니트 베스트 블랙,https://image.msscdn.net/images/goods_img/20200205/1293166/1293166_17218818865419_500.jpg,False
2025-09,A,002012,숏패딩/헤비 아우터,002,아우터,1,4356794,musinsastandard,무신사 스탠다드,시티 레저 후디드 라이트 다운 재킷 [블랙],https://image.msscdn.net/images/goods_img/20240822/4356794/4356794_17890558965193_500.jpg,False
2025-09,A,002012,숏패딩/헤비 아우터,002,아우터,2,5360472,spao,스파오,[씬라이트] 후드 재킷_SPJPF4TC24,https://image.msscdn.net/images/goods_img/20250825/5360472/5360472_17617884957420_500.png,False
2025-09,A,002012,숏패딩/헤비 아우터,002,아우터,3,4356796,musinsastandard,무신사 스탠다드,시티 레저 후디드 라이트 다운 재킷 [클라우디 블루],https://image.msscdn.net/images/goods_img/20240822/4356796/4356796_17890958178016_500.jpg,False
2025-09,A,002012,숏패딩/헤비 아우터,002,아우터,4,4306408,musinsastandardsp,무신사 스탠다드 스포츠,아이언 라이트 다운 자켓 (5color),https://image.msscdn.net/images/goods_img/20240807/4306408/4306408_17888533943086_500.jpg,False
2025-09,A,002012,숏패딩/헤비 아우터,002,아우터,5,4356798,musinsastandard,무신사 스탠다드,시티 레저 후디드 라이트 다운 재킷 [카키],https://image.msscdn.net/images/goods_img/20240822/4356798/4356798_17890957744690_500.jpg,False
2025-09,A,002012,숏패딩/헤비 아우터,002,아우터,6,5299767,begin202,비긴202,커브라이트 다운 점퍼 [라이트 그레이],https://image.msscdn.net/images/goods_img/20250807/5299767/5299767_17551387554338_500.jpg,False
2025-09,A,002012,숏패딩/헤비 아우터,002,아우터,7,5378491,thenorthface,노스페이스,NJ1DR72A 남성 마티에 EX 다운 후디 (RDS) BLACK,https://image.msscdn.net/images/goods_img/20250829/5378491/5378491_17827983278089_500.jpg,False
2025-09,A,002012,숏패딩/헤비 아우터,002,아우터,8,5162177,musinsastandardwoman,무신사 스탠다드 우먼,시티 레저 우먼즈 후디드 라이트 다운 재킷 [블랙],https://image.msscdn.net/images/goods_img/20250602/5162177/5162177_17888605119271_500.jpg,False
2025-09,A,002012,숏패딩/헤비 아우터,002,아우터,9,5148061,musinsastandard,무신사 스탠다드,시티 레저 후디드 라이트 다운 재킷 [더스티 베이지],https://image.msscdn.net/images/goods_img/20250527/5148061/5148061_17890955821538_500.jpg,False
2025-09,A,002012,숏패딩/헤비 아우터,002,아우터,10,5148059,musinsastandard,무신사 스탠다드,시티 레저 후디드 라이트 다운 재킷 [라이트 그레이],https://image.msscdn.net/images/goods_img/20250527/5148059/5148059_17890557888857_500.jpg,False
2025-09,A,002012,숏패딩/헤비 아우터,002,아우터,11,5162178,musinsastandardwoman,무신사 스탠다드 우먼,시티 레저 우먼즈 후디드 라이트 다운 재킷 [스톤 화이트],https://image.msscdn.net/images/goods_img/20250602/5162178/5162178_17888650510734_500.jpg,False
2025-09,A,002012,숏패딩/헤비 아우터,002,아우터,12,4356795,musinsastandard,무신사 스탠다드,시티 레저 후디드 라이트 다운 재킷 [브라운],https://image.msscdn.net/images/goods_img/20240822/4356795/4356795_17890558590128_500.jpg,False
2025-09,A,002012,숏패딩/헤비 아우터,002,아우터,13,5514397,thenorthface,노스페이스,NJ1DR96A 마테호른 다운 자켓 BLACK,https://image.msscdn.net/images/goods_img/20250923/5514397/5514397_17835658354202_500.jpg,False
2025-09,A,002012,숏패딩/헤비 아우터,002,아우터,14,5450108,thenorthface,노스페이스,NJ3NR55J 화이트라벨 데이드라이브 EX 온 자켓 BLACK,https://image.msscdn.net/images/goods_img/20250912/5450108/5450108_17576519536341_500.jpg,False
2025-09,A,002012,숏패딩/헤비 아우터,002,아우터,15,5301746,nautica,노티카,세일링 후디드 다운 자켓 NDW1085,https://image.msscdn.net/images/goods_img/20250807/5301746/5301746_17890859435866_500.jpg,False
2025-09,A,002012,숏패딩/헤비 아우터,002,아우터,16,5462622,rab,랩,마이크로라이트 알파인 자켓 Black,https://image.msscdn.net/images/goods_img/20250915/5462622/5462622_17706851400002_500.jpg,False
2025-09,A,002012,숏패딩/헤비 아우터,002,아우터,17,5378495,thenorthface,노스페이스,NJ1DR72B 남성 마티에 EX 다운 후디 (RDS) LIGHT GRAY,https://image.msscdn.net/images/goods_img/20250829/5378495/5378495_17564425549921_500.jpg,False
2025-09,A,002012,숏패딩/헤비 아우터,002,아우터,18,5299849,begin202,비긴202,커브라이트 다운 점퍼 [블랙],https://image.msscdn.net/images/goods_img/20250807/5299849/5299849_17551382954817_500.jpg,False
2025-09,A,002012,숏패딩/헤비 아우터,002,아우터,19,5215534,musinsastandard,무신사 스탠다드,시티 레저 시어 립스탑 후디드 라이트 다운 재킷 [라이트 그레이],https://image.msscdn.net/images/goods_img/20250701/5215534/5215534_17610119106335_500.jpg,False
2025-09,A,002012,숏패딩/헤비 아우터,002,아우터,20,5381274,oy,오와이,CURVED ZIPPER LIGHTWEIGHT PUFFER JACKET - GLOSSY LIGHT GREY,https://image.msscdn.net/images/goods_img/20250829/5381274/5381274_17570517570779_500.jpg,False
2025-09,A,002012,숏패딩/헤비 아우터,002,아우터,21,5148060,musinsastandard,무신사 스탠다드,시티 레저 후디드 라이트 다운 재킷 [그레이],https://image.msscdn.net/images/goods_img/20250527/5148060/5148060_17581835575935_500.jpg,False
2025-09,A,002012,숏패딩/헤비 아우터,002,아우터,22,5016792,musinsastandardsp,무신사 스탠다드 스포츠,탱커 라이트 벤트 패딩 자켓 (4color),https://image.msscdn.net/images/goods_img/20250411/5016792/5016792_17883313932700_500.jpg,False
2025-09,A,002012,숏패딩/헤비 아우터,002,아우터,23,2824184,eider,아이더,AIRBORNE IGLOO (에어본 이글루) UNI 다운 자켓_Light Grey,https://image.msscdn.net/images/goods_img/20220928/2824184/2824184_1_500.jpg,False
2025-09,A,002012,숏패딩/헤비 아우터,002,아우터,24,5529655,thenorthface,노스페이스,NJ1DR96B 마테호른 다운 자켓 LIGHT GRAY,https://image.msscdn.net/images/goods_img/20250925/5529655/5529655_17624103292498_500.jpg,False
2025-09,A,002012,숏패딩/헤비 아우터,002,아우터,25,5215535,musinsastandard,무신사 스탠다드,시티 레저 시어 립스탑 후디드 라이트 다운 재킷 [클라우디 블루],https://image.msscdn.net/images/goods_img/20250701/5215535/5215535_17588541296129_500.jpg,False
2025-09,A,002012,숏패딩/헤비 아우터,002,아우터,26,5162181,musinsastandardwoman,무신사 스탠다드 우먼,시티 레저 우먼즈 후디드 라이트 다운 재킷 [모카 브라운],https://image.msscdn.net/images/goods_img/20250602/5162181/5162181_17888604816626_500.jpg,False
2025-09,A,002012,숏패딩/헤비 아우터,002,아우터,27,5396260,sunlove,썬러브,Hooded Fly Light Down Jacket Grey,https://image.msscdn.net/images/goods_img/20250903/5396260/5396260_17568745926104_500.jpg,False
2025-09,A,002012,숏패딩/헤비 아우터,002,아우터,28,5407535,thenorthface,노스페이스,NJ1DR57A 남성 루타 다운 자켓 (RDS) BLACK,https://image.msscdn.net/images/goods_img/20250905/5407535/5407535_17707877441502_500.jpg,False
2025-09,A,002012,숏패딩/헤비 아우터,002,아우터,29,5148065,musinsastandard,무신사 스탠다드,시티 레저 후디드 라이트 다운 재킷 [문 블루],https://image.msscdn.net/images/goods_img/20250527/5148065/5148065_17585243005812_500.jpg,False
2025-09,A,002012,숏패딩/헤비 아우터,002,아우터,30,5383204,thenorthface,노스페이스,NJ3NR54K 화이트라벨 웨이브 LT 온 자켓 GRAY,https://image.msscdn.net/images/goods_img/20250901/5383204/5383204_17708720788127_500.jpg,False
2025-09,A,002025,무스탕/퍼,002,아우터,1,4648957,thegreenlab,더그린랩,FAUX 퍼 하이넥 무스탕 쟈켓 [밍크/아이보리],https://image.msscdn.net/images/goods_img/20241204/4648957/4648957_17889386753405_500.jpg,False
2025-09,A,002025,무스탕/퍼,002,아우터,2,3489998,romanticcrown,로맨틱크라운,바이커 무톤 자켓_블랙,https://image.msscdn.net/images/goods_img/20230823/3489998/3489998_17364757278706_500.jpg,False
2025-09,A,002025,무스탕/퍼,002,아우터,3,3490001,romanticcrown,로맨틱크라운,바이커 무톤 자켓_브라운,https://image.msscdn.net/images/goods_img/20230823/3490001/3490001_16940473585672_500.jpg,False
2025-09,A,002025,무스탕/퍼,002,아우터,4,4422571,roughneck,러프넥,워싱 레더 무스탕 자켓,https://image.msscdn.net/images/goods_img/20240909/4422571/4422571_17259543259384_500.jpg,False
2025-09,A,002025,무스탕/퍼,002,아우터,5,1582142,left,레프트서울,에비에이터 B-3 무스탕 자켓 [블랙],https://image.msscdn.net/images/goods_img/20200903/1582142/1582142_17888321003811_500.jpg,False
2025-09,A,002025,무스탕/퍼,002,아우터,6,4424968,drawfit,드로우핏,오버사이즈 라인 무스탕 자켓 [BLACK],https://image.msscdn.net/images/goods_img/20240910/4424968/4424968_17592953517737_500.jpg,False
2025-09,A,002025,무스탕/퍼,002,아우터,7,5409348,glowny,글로니,MOOR REVERSIBLE FUR JACKET (CHARCOAL),https://image.msscdn.net/images/goods_img/20250905/5409348/5409348_17574668934634_500.jpg,False
2025-09,A,002025,무스탕/퍼,002,아우터,8,5409345,glowny,글로니,MOOR REVERSIBLE FUR JACKET (BROWN),https://image.msscdn.net/images/goods_img/20250905/5409345/5409345_17622363846577_500.jpg,False
2025-09,A,002025,무스탕/퍼,002,아우터,9,3635002,kinloch,커넥트킨록,하이넥 라인 무스탕 자켓 (4Color),https://image.msscdn.net/images/goods_img/20231017/3635002/3635002_17633603048478_500.jpg,False
2025-09,A,002025,무스탕/퍼,002,아우터,10,3696651,v2,브이투,70263 빈티지코팅무스탕_브라운,https://image.msscdn.net/images/goods_img/20231108/3696651/3696651_16995836179892_500.jpg,False
2025-09,A,002025,무스탕/퍼,002,아우터,11,3661328,lingseoul,링서울,suede mustang coat-beige,https://image.msscdn.net/images/goods_img/20231026/3661328/3661328_16995757835262_500.jpg,False
2025-09,A,002025,무스탕/퍼,002,아우터,12,3676631,thegreenlab,더그린랩,FAUX 퍼 하이넥 무스탕 쟈켓 [블랙/아이보리],https://image.msscdn.net/images/goods_img/20231101/3676631/3676631_17652382927889_500.jpg,False
2025-09,A,002025,무스탕/퍼,002,아우터,13,5446711,anderssonbell,앤더슨벨,UNISEX CURVED PLACKET REVERSIBLE FAUX-FUR VEST awa723u(BLACK),https://image.msscdn.net/images/goods_img/20250911/5446711/5446711_17576432862900_500.jpg,False
2025-09,A,002025,무스탕/퍼,002,아우터,14,5309360,roughneck,러프넥,워싱 레더 무스탕 자켓 그레이,https://image.msscdn.net/images/goods_img/20250811/5309360/5309360_17567135762013_500.jpg,False
2025-09,A,002025,무스탕/퍼,002,아우터,15,2985378,left,레프트서울,에비에이터 B-3 무스탕 자켓 [블랙/화이트],https://image.msscdn.net/images/goods_img/20221216/2985378/2985378_17888316910045_500.jpg,False
2025-09,A,002025,무스탕/퍼,002,아우터,16,4380303,romanticcrown,로맨틱크라운,모터사이클 무톤 자켓_카키,https://image.msscdn.net/images/goods_img/20240828/4380303/4380303_17412409926499_500.jpg,False
2025-09,A,002025,무스탕/퍼,002,아우터,17,5365595,coor,쿠어,리버서블 페이크 시어링 베스트 (다크브라운),https://image.msscdn.net/images/goods_img/20250826/5365595/5365595_17564388606780_500.png,False
2025-09,A,002025,무스탕/퍼,002,아우터,18,4379472,romanticcrown,로맨틱크라운,크롭 무톤 자켓_카키,https://image.msscdn.net/images/goods_img/20240828/4379472/4379472_17412410908307_500.jpg,False
2025-09,A,002025,무스탕/퍼,002,아우터,19,4488756,uniformbridge,유니폼브릿지,B-3 mouton leather jacket black,https://image.msscdn.net/images/goods_img/20241005/4488756/4488756_17431323653735_500.jpg,False
2025-09,A,002025,무스탕/퍼,002,아우터,20,3826284,diafvine,디아프바인,DV.LOT 693 Type B-3 -Cream-,https://image.msscdn.net/images/goods_img/20240126/3826284/3826284_17062544018973_500.jpg,False
2025-09,A,002025,무스탕/퍼,002,아우터,21,4649268,diafvine,디아프바인,DV.LOT 709 Type B-4 Sheep Shearling 18-20mm -Plain,https://image.msscdn.net/images/goods_img/20241204/4649268/4649268_17332857472438_500.jpg,False
2025-09,A,002025,무스탕/퍼,002,아우터,22,4598251,thegreenlab,더그린랩,FAUX 퍼 하이넥 무스탕 쟈켓 [밍크/블랙],https://image.msscdn.net/images/goods_img/20241108/4598251/4598251_17905811768713_500.jpg,False
2025-09,A,002025,무스탕/퍼,002,아우터,23,4498805,leathery,레더리,오블리크 스웨이드 무스탕 자켓 [BLACK],https://image.msscdn.net/images/goods_img/20241008/4498805/4498805_17286101050603_500.jpg,False
2025-09,A,002025,무스탕/퍼,002,아우터,24,4638415,maisonmaster,메종마스터,M 프리미엄 버팔로 무스탕 브라운,https://image.msscdn.net/images/goods_img/20241127/4638415/4638415_17333678994005_500.jpg,False
2025-09,A,002025,무스탕/퍼,002,아우터,25,4644905,spao,스파오,퍼배색 무스탕_SPJLF4VW04,https://image.msscdn.net/images/goods_img/20241202/4644905/4644905_17580108193796_500.jpeg,False
2025-09,A,002025,무스탕/퍼,002,아우터,26,3661835,etmon,에트몽,"High-Neck Suede Mustang Coat, Brown",https://image.msscdn.net/images/goods_img/20231026/3661835/3661835_16983045835575_500.jpg,False
2025-09,A,002025,무스탕/퍼,002,아우터,27,4630351,khakipoint,카키포인트,Stitch Fur Mustang (ivory),https://image.msscdn.net/images/goods_img/20241121/4630351/4630351_17321881799576_500.jpg,False
2025-09,A,002025,무스탕/퍼,002,아우터,28,3441876,left,레프트서울,에비에이터 B-3 무스탕 자켓 [말보로],https://image.msscdn.net/images/goods_img/20230802/3441876/3441876_17888337150641_500.jpg,False
2025-09,A,002025,무스탕/퍼,002,아우터,29,4498804,leathery,레더리,오블리크 스웨이드 무스탕 자켓 [BROWN],https://image.msscdn.net/images/goods_img/20241008/4498804/4498804_17286102809563_500.jpg,False
2025-09,A,002025,무스탕/퍼,002,아우터,30,4424969,drawfit,드로우핏,오버사이즈 라인 무스탕 자켓 [IVORY],https://image.msscdn.net/images/goods_img/20240910/4424969/4424969_17268073356193_500.jpg,False
2025-09,A,002023,플리스/뽀글이,002,아우터,1,2108160,spao,스파오,베이직 퍼플리스 집업_SPFZF4TC01,https://image.msscdn.net/images/goods_img/20210903/2108160/2108160_17605996485185_500.jpg,False
2025-09,A,002023,플리스/뽀글이,002,아우터,2,1567317,jeep,지프,2WAY 레트로 마운틴 1941 플리스 집업 (JR5TZU191BK),https://image.msscdn.net/images/goods_img/20200827/1567317/1567317_17871103144956_500.jpg,False
2025-09,A,002023,플리스/뽀글이,002,아우터,3,4507542,jeep,지프,2way Peak-logo 라운드넥 플리스 BLACK (JQ5TZU192BK),https://image.msscdn.net/images/goods_img/20241011/4507542/4507542_17307634527729_500.png,False
2025-09,A,002023,플리스/뽀글이,002,아우터,4,4432439,jeep,지프,2WAY 레트로 마운틴 1941 플리스 집업 4COLOR (JR5TZU191),https://image.msscdn.net/images/goods_img/20240911/4432439/4432439_17560810698333_500.jpg,False
2025-09,A,002023,플리스/뽀글이,002,아우터,5,1670498,jeep,지프,2WAY 레트로 마운틴 1941 플리스 집업 (JR5TZU191IV),https://image.msscdn.net/images/goods_img/20201030/1670498/1670498_17615290574286_500.jpg,False
2025-09,A,002023,플리스/뽀글이,002,아우터,6,3498228,thisisneverthat,디스이즈네버댓,SP Sherpa Fleece Jacket Brown,https://image.msscdn.net/images/goods_img/20230825/3498228/3498228_16932968688813_500.jpg,False
2025-09,A,002023,플리스/뽀글이,002,아우터,7,4447527,untapped,언탭트 스튜디오,소프트 베이직 퍼 플리스 집업 자켓 3color,https://image.msscdn.net/images/goods_img/20240920/4447527/4447527_17297527898175_500.jpg,False
2025-09,A,002023,플리스/뽀글이,002,아우터,8,5373170,adidas,아디다스,스케이트보딩 테크니컬 플리스 재킷 - 라이트그레이 / JX5436,https://image.msscdn.net/images/goods_img/20250828/5373170/5373170_17573846736797_500.jpg,False
2025-09,A,002023,플리스/뽀글이,002,아우터,9,5270140,bittercells,비터셀즈,포디 플리스 하프 집업-차콜,https://image.msscdn.net/images/goods_img/20250724/5270140/5270140_17557512212341_500.jpg,False
2025-09,A,002023,플리스/뽀글이,002,아우터,10,5353064,patagonia,파타고니아,멘즈 클래식 레트로-X 재킷 / 23057Q7,https://image.msscdn.net/images/goods_img/20250822/5353064/5353064_17604275162285_500.jpg,False
2025-09,A,002023,플리스/뽀글이,002,아우터,11,5342888,adidas,아디다스,스케이트보딩 테크니컬 플리스 재킷 - 블랙:화이트 / JX5437,https://image.msscdn.net/images/goods_img/20250820/5342888/5342888_17557583756744_500.jpg,False
2025-09,A,002023,플리스/뽀글이,002,아우터,12,5325515,jeep,지프,M-Logo 레인보우 라벨 하프넥 플리스 집업 2 COLOR (JQ5TZU191),https://image.msscdn.net/images/goods_img/20250814/5325515/5325515_17551514636860_500.jpg,False
2025-09,A,002023,플리스/뽀글이,002,아우터,13,5461886,oheshio,오헤시오,"NTC X OHESHIO LINING FLEECE, GRAY",https://image.msscdn.net/images/goods_img/20250915/5461886/5461886_17582605743234_500.jpg,False
2025-09,A,002023,플리스/뽀글이,002,아우터,14,5353192,patagonia,파타고니아,우먼즈 클래식 레트로-X 재킷 / 23075Q7,https://image.msscdn.net/images/goods_img/20250822/5353192/5353192_17558257086667_500.jpg,False
2025-09,A,002023,플리스/뽀글이,002,아우터,15,4425981,lee,리,폴라플리스 집업 자켓 블랙,https://image.msscdn.net/images/goods_img/20240910/4425981/4425981_17261156335045_500.jpg,False
2025-09,A,002023,플리스/뽀글이,002,아우터,16,5325522,jeep,지프,2WAY 레트로 마운틴 1941 플리스 집업 (JR5TZU191BG),https://image.msscdn.net/images/goods_img/20250814/5325522/5325522_17592763367589_500.jpg,False
2025-09,A,002023,플리스/뽀글이,002,아우터,17,2850102,yale,예일,엠브로이더리 댄 카라리스 보아 플리스 자켓_아이보리,https://image.msscdn.net/images/goods_img/20221011/2850102/2850102_17653340845444_500.jpg,False
2025-09,A,002023,플리스/뽀글이,002,아우터,18,5353203,patagonia,파타고니아,우먼즈 라이트웨이트 신칠라 스냅 티 풀오버 / 25455Q7,https://image.msscdn.net/images/goods_img/20250822/5353203/5353203_17604272128758_500.jpg,False
2025-09,A,002023,플리스/뽀글이,002,아우터,19,4506570,enzoblues,엔조 블루스,플리스 집업 후디 (Blue Grey),https://image.msscdn.net/images/goods_img/20241011/4506570/4506570_17291544086460_500.jpg,False
2025-09,A,002023,플리스/뽀글이,002,아우터,20,5353038,patagonia,파타고니아,멘즈 레트로 파일 재킷 / 22801Q7,https://image.msscdn.net/images/goods_img/20250822/5353038/5353038_17561016601870_500.jpg,False
2025-09,A,002023,플리스/뽀글이,002,아우터,21,5310060,zplish,지플리시,플리스 후디 집업 자켓 블랙,https://image.msscdn.net/images/goods_img/20250811/5310060/5310060_17883088344230_500.jpg,False
2025-09,A,002023,플리스/뽀글이,002,아우터,22,5310056,zplish,지플리시,플리스 후디 집업 자켓 다크그레이,https://image.msscdn.net/images/goods_img/20250811/5310056/5310056_17881421351845_500.jpg,False
2025-09,A,002023,플리스/뽀글이,002,아우터,23,4668841,covernat,커버낫,CVNT 플리스 오버핏 후디 집업 아이보리,https://image.msscdn.net/images/goods_img/20241216/4668841/4668841_17344271639578_500.jpg,False
2025-09,A,002023,플리스/뽀글이,002,아우터,24,5343574,jeep,지프,에센셜 스몰로고 하프집업 플리스 (JQ5TSF192BK),https://image.msscdn.net/images/goods_img/20250820/5343574/5343574_17586066796408_500.jpg,False
2025-09,A,002023,플리스/뽀글이,002,아우터,25,5480512,covernat,커버낫,웜온 CVNT 플리스 후드집업 Ivory,https://image.msscdn.net/images/goods_img/20250917/5480512/5480512_17612854949638_500.jpg,False
2025-09,A,002023,플리스/뽀글이,002,아우터,26,2755493,yale,예일,엠브로이더리 댄 플리스 트랙자켓_블랙,https://image.msscdn.net/images/goods_img/20220830/2755493/2755493_17316472306441_500.jpg,False
2025-09,A,002023,플리스/뽀글이,002,아우터,27,5364115,patagonia,파타고니아,멘즈 레트로-X 후디 / 23125Q7,https://image.msscdn.net/images/goods_img/20250826/5364115/5364115_17561862956216_500.jpg,False
2025-09,A,002023,플리스/뽀글이,002,아우터,28,4517380,nationalgeographic,내셔널지오그래픽,N244UFJ150 하이넥 플리스 자켓 CARBON BLACK,https://image.msscdn.net/images/goods_img/20241015/4517380/4517380_17289553151129_500.jpg,False
2025-09,A,002023,플리스/뽀글이,002,아우터,29,5325521,jeep,지프,2WAY 레트로 마운틴 1941 플리스 집업 (JR5TZU191BR),https://image.msscdn.net/images/goods_img/20250814/5325521/5325521_17592763150969_500.jpg,False
2025-09,A,002023,플리스/뽀글이,002,아우터,30,4340520,famacollection,더파코,LOZENGE  LOGO FLEECE ZIPUP PURPLE,https://image.msscdn.net/images/goods_img/20240819/4340520/4340520_17261082949884_500.jpg,False
2025-09,A,002007,겨울 싱글 코트,002,아우터,1,2700048,musinsastandardwoman,무신사 스탠다드 우먼,우먼즈 캐시미어 블렌드 발마칸 로브 코트 [블랙],https://image.msscdn.net/images/goods_img/20220805/2700048/2700048_17661148134527_500.jpg,False
2025-09,A,002007,겨울 싱글 코트,002,아우터,2,5314995,typeservice,타입서비스,Hooded Half Coat [Oatmeal],https://image.msscdn.net/images/goods_img/20250812/5314995/5314995_17883979779390_500.jpg,False
2025-09,A,002007,겨울 싱글 코트,002,아우터,3,2098325,drawfit,드로우핏,프리미어 퓨어 캐시미어 발마칸 코트 [BLACK],https://image.msscdn.net/images/goods_img/20210830/2098325/2098325_17621500792692_500.jpg,False
2025-09,A,002007,겨울 싱글 코트,002,아우터,4,4290697,typeservice,타입서비스,Hooded Half Coat [Gray],https://image.msscdn.net/images/goods_img/20240801/4290697/4290697_17883979451202_500.jpg,False
2025-09,A,002007,겨울 싱글 코트,002,아우터,5,2782764,beslow,비슬로우,OVERSIZED CASHMERE BALMACAAN COAT BLACK,https://image.msscdn.net/images/goods_img/20220908/2782764/2782764_17272251996978_500.jpg,False
2025-09,A,002007,겨울 싱글 코트,002,아우터,6,3563303,beslow,비슬로우,OVERSIZED CASHMERE BALMACAAN COAT NAVY,https://image.msscdn.net/images/goods_img/20230915/3563303/3563303_17272254920490_500.jpg,False
2025-09,A,002007,겨울 싱글 코트,002,아우터,7,3810060,lingseoul,링서울,handmade wool trench coat-black,https://image.msscdn.net/images/goods_img/20240119/3810060/3810060_17337247076702_500.jpg,False
2025-09,A,002007,겨울 싱글 코트,002,아우터,8,1684196,avan,어반드레스,유니섹스 프렌치 롱 가운 오버핏 코트 7 COLOR,https://image.msscdn.net/images/goods_img/20201110/1684196/1684196_16771165785098_500.jpg,False
2025-09,A,002007,겨울 싱글 코트,002,아우터,9,4209266,musinsastandard,무신사 스탠다드,울 블렌드 오버사이즈 머프 발마칸 코트 [블랙],https://image.msscdn.net/images/goods_img/20240620/4209266/4209266_17657748481924_500.jpg,False
2025-09,A,002007,겨울 싱글 코트,002,아우터,10,5258792,musinsastandard,무신사 스탠다드,[노홍철 컬래버] 럭키 가이 머스큘린 체스터필드 롱 코트 [블랙],https://image.msscdn.net/images/goods_img/20250721/5258792/5258792_17580095667338_500.jpg,False
2025-09,A,002007,겨울 싱글 코트,002,아우터,11,3809881,lingseoul,링서울,handmade wool trench coat-brown,https://image.msscdn.net/images/goods_img/20240119/3809881/3809881_17337248358943_500.jpg,False
2025-09,A,002007,겨울 싱글 코트,002,아우터,12,4431837,oafish,오피쉬,"RICH WOOL HALF COAT, GRAY",https://image.msscdn.net/images/goods_img/20240911/4431837/4431837_17261708836000_500.jpg,False
2025-09,A,002007,겨울 싱글 코트,002,아우터,13,2159721,lingseoul,링서울,handmade wool trench coat-camel,https://image.msscdn.net/images/goods_img/20211001/2159721/2159721_17871055344035_500.jpg,False
2025-09,A,002007,겨울 싱글 코트,002,아우터,14,3481219,coor,쿠어,벨란디 캐시미어 블렌드 발마칸 코트 (블랙),https://image.msscdn.net/images/goods_img/20230821/3481219/3481219_17896080593391_500.jpg,False
2025-09,A,002007,겨울 싱글 코트,002,아우터,15,3809977,lingseoul,링서울,handmade wool trench coat-oatmeal,https://image.msscdn.net/images/goods_img/20240119/3809977/3809977_17337251882627_500.jpg,False
2025-09,A,002007,겨울 싱글 코트,002,아우터,16,2700049,musinsastandardwoman,무신사 스탠다드 우먼,우먼즈 캐시미어 블렌드 발마칸 로브 코트 [미디엄 그레이],https://image.msscdn.net/images/goods_img/20220805/2700049/2700049_17358857683569_500.jpg,False
2025-09,A,002007,겨울 싱글 코트,002,아우터,17,3671003,grayblvd,그레이블러밧,피엠 발마칸 코트(BLACK),https://image.msscdn.net/images/goods_img/20231031/3671003/3671003_17574807787176_500.jpg,False
2025-09,A,002007,겨울 싱글 코트,002,아우터,18,865862,musinsastandard,무신사 스탠다드,캐시미어 블렌드 오버사이즈 싱글 코트 [블랙],https://image.msscdn.net/images/goods_img/20180921/865862/865862_17657673085739_500.jpg,False
2025-09,A,002007,겨울 싱글 코트,002,아우터,19,3646678,treemingbird,트리밍버드,Traum Balmacaan Long Coat [ Black ],https://image.msscdn.net/images/goods_img/20231022/3646678/3646678_17670747895614_500.jpg,False
2025-09,A,002007,겨울 싱글 코트,002,아우터,20,2939628,choiyoung,최영,오버사이즈 체스터 필드 코트 블랙,https://image.msscdn.net/images/goods_img/20221112/2939628/2939628_2_500.jpg,False
2025-09,A,002007,겨울 싱글 코트,002,아우터,21,1618313,musinsastandard,무신사 스탠다드,캐시미어 블렌드 대디 숄더 싱글 롱 코트 [블랙],https://image.msscdn.net/images/goods_img/20200923/1618313/1618313_17569514851734_500.jpg,False
2025-09,A,002007,겨울 싱글 코트,002,아우터,22,3603814,covernat,커버낫,울 발마칸 코트 블랙,https://image.msscdn.net/images/goods_img/20231005/3603814/3603814_16964734145867_500.png,False
2025-09,A,002007,겨울 싱글 코트,002,아우터,23,4454277,coor,쿠어,캐시미어 블렌드 하이넥 코트 (신더그레이),https://image.msscdn.net/images/goods_img/20240923/4454277/4454277_17896080619990_500.jpg,False
2025-09,A,002007,겨울 싱글 코트,002,아우터,24,655610,drawfit,드로우핏,프리미어 퓨어 캐시미어 히든 싱글 코트 [BLACK],https://image.msscdn.net/images/goods_img/20171019/655610/655610_17621505186202_500.jpg,False
2025-09,A,002007,겨울 싱글 코트,002,아우터,25,2116411,musinsastandard,무신사 스탠다드,캐시미어 블렌드 오버사이즈 발마칸 코트 [블랙],https://image.msscdn.net/images/goods_img/20210908/2116411/2116411_17616270483710_500.jpg,False
2025-09,A,002007,겨울 싱글 코트,002,아우터,26,4620431,lemainsecond,리메인세컨드,울 블렌드 오버핏 베스트 코트 컬렉션_3STYLE,https://image.msscdn.net/images/goods_img/20241118/4620431/4620431_17356225195812_500.jpg,False
2025-09,A,002007,겨울 싱글 코트,002,아우터,27,2159734,lingseoul,링서울,handmade wool trench coat-yellow beige,https://image.msscdn.net/images/goods_img/20211001/2159734/2159734_17337249284633_500.jpg,False
2025-09,A,002007,겨울 싱글 코트,002,아우터,28,4407148,lemainsecond,리메인세컨드,울 블렌드 오버핏 싱글 코트 [블랙],https://image.msscdn.net/images/goods_img/20240905/4407148/4407148_17573935336197_500.jpg,False
2025-09,A,002007,겨울 싱글 코트,002,아우터,29,3563309,beslow,비슬로우,OVERSIZED CASHMERE BALMACAAN COAT MELANGE DARK OLIVE,https://image.msscdn.net/images/goods_img/20230915/3563309/3563309_17272257905638_500.jpg,False
2025-09,A,002007,겨울 싱글 코트,002,아우터,30,5450932,tngt,티엔지티,Wool Blended Balmacaan Coat (Black) TNCO5F100BK,https://image.msscdn.net/images/goods_img/20250912/5450932/5450932_17582442812759_500.jpg,False
2025-09,A,002024,겨울 더블 코트,002,아우터,1,4516320,glowny,글로니,G WOOL COAT - LONG (BLACK),https://image.msscdn.net/images/goods_img/20241014/4516320/4516320_17296637180951_500.jpg,False
2025-09,A,002024,겨울 더블 코트,002,아우터,2,4516317,glowny,글로니,G WOOL COAT - LONG (GRAY),https://image.msscdn.net/images/goods_img/20241014/4516317/4516317_17296631588848_500.jpg,False
2025-09,A,002024,겨울 더블 코트,002,아우터,3,4516319,glowny,글로니,G WOOL COAT - LONG (BROWN),https://image.msscdn.net/images/goods_img/20241014/4516319/4516319_17296636840406_500.jpg,False
2025-09,A,002024,겨울 더블 코트,002,아우터,4,4598301,treemingbird,트리밍버드,Handmade) Wide Long Coat [ Khaki Gray ],https://image.msscdn.net/images/goods_img/20241108/4598301/4598301_17670747375728_500.jpg,False
2025-09,A,002024,겨울 더블 코트,002,아우터,5,885715,drawfit,드로우핏,프리미어 퓨어 캐시미어 로브 더블 코트 [BLACK],https://image.msscdn.net/images/goods_img/20181019/885715/885715_17588736968691_500.jpg,False
2025-09,A,002024,겨울 더블 코트,002,아우터,6,3213771,studionicholson,스튜디오니콜슨,소프트 더블 코트 - 다크 네이비 / WILFFSNM998DARKESTNAVY,https://image.msscdn.net/images/goods_img/20230406/3213771/3213771_16856844870926_500.jpg,False
2025-09,A,002024,겨울 더블 코트,002,아우터,7,4516313,glowny,글로니,G WOOL COAT - HALF (BLACK),https://image.msscdn.net/images/goods_img/20241014/4516313/4516313_17296628638722_500.jpg,False
2025-09,A,002024,겨울 더블 코트,002,아우터,8,5440297,8seconds,에잇세컨즈,칼라넥 하프 트렌치 코트  베이지,https://image.msscdn.net/images/goods_img/20250910/5440297/5440297_17575139580730_500.jpg,False
2025-09,A,002024,겨울 더블 코트,002,아우터,9,3747741,gucci,구찌,로고 라벨 더블 브레스티드 울 코트 - 네이비 / 761734Z582J4080,https://image.msscdn.net/images/goods_img/20231207/3747741/3747741_17049568773608_500.jpg,False
2025-09,A,002024,겨울 더블 코트,002,아우터,10,3563284,beslow,비슬로우,OVERSIZED CASHMERE DOUBLE BREASTED COAT BLACK,https://image.msscdn.net/images/goods_img/20230915/3563284/3563284_17282608161391_500.jpg,False
2025-09,A,002024,겨울 더블 코트,002,아우터,11,4763725,maxmaras,에스 막스 마라,파볼라 코트 - 네이비 / 2519011061600081,https://image.msscdn.net/images/goods_img/20250206/4763725/4763725_17399604880280_500.jpg,False
2025-09,A,002024,겨울 더블 코트,002,아우터,12,1611799,musinsastandardwoman,무신사 스탠다드 우먼,우먼즈 캐시미어 블렌드 더블 체스터 롱 코트 [블랙],https://image.msscdn.net/images/goods_img/20200918/1611799/1611799_16998418525655_500.jpg,False
2025-09,A,002024,겨울 더블 코트,002,아우터,13,4516312,glowny,글로니,G WOOL COAT - HALF (BROWN),https://image.msscdn.net/images/goods_img/20241014/4516312/4516312_17296630805708_500.jpg,False
2025-09,A,002024,겨울 더블 코트,002,아우터,14,4247977,brooksbrothers,브룩스 브라더스,울 헤링본 폴로 코트 (네이비) (BBCDMM1470QDW),https://image.msscdn.net/images/goods_img/20240712/4247977/4247977_17207731136596_500.jpg,False
2025-09,A,002024,겨울 더블 코트,002,아우터,15,4452604,beslow,비슬로우,OVERSIZED CASHMERE DOUBLE BREASTED COAT MELANGE CHARCOAL,https://image.msscdn.net/images/goods_img/20240923/4452604/4452604_17270718393888_500.jpg,False
2025-09,A,002024,겨울 더블 코트,002,아우터,16,2991564,ami,아미,더블 페이스 코트 - 그레이 / UCO002251050,https://image.msscdn.net/images/goods_img/20221221/2991564/2991564_16741007830341_500.jpg,False
2025-09,A,002024,겨울 더블 코트,002,아우터,17,3405568,musinsastandardwoman,무신사 스탠다드 우먼,우먼즈 캐시미어 블렌드 트렌치 코트 [블랙],https://image.msscdn.net/images/goods_img/20230712/3405568/3405568_17358860312105_500.jpg,False
2025-09,A,002024,겨울 더블 코트,002,아우터,18,2821697,urbandtype,어반디타입,히티드울 멜턴 더플코트(Wool 60)_네이비,https://image.msscdn.net/images/goods_img/20220927/2821697/2821697_17268010763691_500.jpg,False
2025-09,A,002024,겨울 더블 코트,002,아우터,19,1115974,insilence,인사일런스,캐시미어 더블 롱 코트 BLACK,https://image.msscdn.net/images/goods_img/20190812/1115974/1115974_17586915131267_500.jpg,False
2025-09,A,002024,겨울 더블 코트,002,아우터,20,4412855,ilcorso,일꼬르소,[캐시미어 블렌드] 대디 피크드 더블 코트 블랙 IECO4F002BK,https://image.msscdn.net/images/goods_img/20240905/4412855/4412855_17659511474920_500.jpg,False
2025-09,A,002024,겨울 더블 코트,002,아우터,21,1575552,coor,쿠어,MTR 오버핏 피코트 (다크네이비),https://image.msscdn.net/images/goods_img/20200901/1575552/1575552_1_500.jpg,False
2025-09,A,002024,겨울 더블 코트,002,아우터,22,3405537,musinsastandard,무신사 스탠다드,울 블렌드 빅 대디 더블 맥시 코트 [블랙],https://image.msscdn.net/images/goods_img/20230712/3405537/3405537_17364970341314_500.jpg,False
2025-09,A,002024,겨울 더블 코트,002,아우터,23,4495800,lookast,룩캐스트,니야 울 하프 피코트_네이비 / NIYA WOOL HALF PEACOAT_NAVY,https://image.msscdn.net/images/goods_img/20241008/4495800/4495800_17283547740219_500.jpg,False
2025-09,A,002024,겨울 더블 코트,002,아우터,24,2518474,musinsastandardwoman,무신사 스탠다드 우먼,우먼즈 캐시미어 블렌드 더블 체스터 롱 코트 [오트밀],https://image.msscdn.net/images/goods_img/20220427/2518474/2518474_16998417712990_500.jpg,False
2025-09,A,002024,겨울 더블 코트,002,아우터,25,2991563,ami,아미,더블 페이스 코트 - 블랙 / UCO002251001,https://image.msscdn.net/images/goods_img/20221221/2991563/2991563_16741008287270_500.jpg,False
2025-09,A,002024,겨울 더블 코트,002,아우터,26,4407440,lemainsecond,리메인세컨드,울 블렌드 오버핏 더블 코트 [블랙],https://image.msscdn.net/images/goods_img/20240905/4407440/4407440_17580709942394_500.jpg,False
2025-09,A,002024,겨울 더블 코트,002,아우터,27,1618208,musinsastandard,무신사 스탠다드,캐시미어 블렌드 대디 숄더 더블 롱 코트 [탠 브라운],https://image.msscdn.net/images/goods_img/20200923/1618208/1618208_1_500.jpg,False
2025-09,A,002024,겨울 더블 코트,002,아우터,28,4656257,treemingbird,트리밍버드,High Neck Double Button Wool Long Coat [ Black ],https://image.msscdn.net/images/goods_img/20241209/4656257/4656257_17337319614528_500.jpg,False
2025-09,A,002024,겨울 더블 코트,002,아우터,29,2116421,musinsastandard,무신사 스탠다드,MANTECO 헤링본 대디 숄더 더블 롱 코트 [다크 그레이],https://image.msscdn.net/images/goods_img/20210908/2116421/2116421_17138672163311_500.jpg,False
2025-09,A,002024,겨울 더블 코트,002,아우터,30,3615387,sortie,솔티,Bonheur Wool Polo Coat (Khaki),https://image.msscdn.net/images/goods_img/20231010/3615387/3615387_16980497255860_500.jpg,False
2025-09,A,002009,겨울 기타 코트,002,아우터,1,5028931,toteme,토템,시그니처 울 캐시미어 코트 - 카멜 / 211110717835,https://image.msscdn.net/images/goods_img/20250415/5028931/5028931_17449649874717_500.jpg,False
2025-09,A,002009,겨울 기타 코트,002,아우터,2,2238440,partimento,파르티멘토,오버사이즈 멜톤 더플 롱 코트 네이비,https://image.msscdn.net/images/goods_img/20211117/2238440/2238440_1_500.jpg,False
2025-09,A,002009,겨울 기타 코트,002,아우터,3,2866837,goodlifeworks,굿라이프웍스,오버핏 더플 코트 네이비,https://image.msscdn.net/images/goods_img/20221017/2866837/2866837_2_500.jpg,False
2025-09,A,002009,겨울 기타 코트,002,아우터,4,2863075,trillion,트릴리온,유니섹스 발마칸 더플 숏 코트 (BLACK),https://image.msscdn.net/images/goods_img/20221014/2863075/2863075_1_500.jpg,False
2025-09,A,002009,겨울 기타 코트,002,아우터,5,4722934,celine,셀린느,트리옹프 후드 코트 - 네이비 / 2W97C863C07MR,https://image.msscdn.net/images/goods_img/20250115/4722934/4722934_17382230568417_500.jpg,False
2025-09,A,002009,겨울 기타 코트,002,아우터,6,4291496,maxmara,막스마라,릴리아 코트 - 카멜 / 21016061600068,https://image.msscdn.net/images/goods_img/20240802/4291496/4291496_17243747261540_500.jpg,False
2025-09,A,002009,겨울 기타 코트,002,아우터,7,4247838,maxmara,막스마라,릴리아 코트 - 브라운 / 21016061600057,https://image.msscdn.net/images/goods_img/20240712/4247838/4247838_17229083141325_500.jpg,False
2025-09,A,002009,겨울 기타 코트,002,아우터,8,4351348,misekiseoul,미세키서울,Hoodie long duffle Coat CHARCOAL,https://image.msscdn.net/images/goods_img/20240821/4351348/4351348_17621492767638_500.jpg,False
2025-09,A,002009,겨울 기타 코트,002,아우터,9,4341057,bottegaveneta,보테가베네타,쉐브론 더플 코트 - 네이비 / 791195V4BQ04003,https://image.msscdn.net/images/goods_img/20240819/4341057/4341057_17254325240296_500.jpg,False
2025-09,A,002009,겨울 기타 코트,002,아우터,10,4588542,lingseoul,링서울,handmade wool duffle coat-charcoal,https://image.msscdn.net/images/goods_img/20241105/4588542/4588542_17313942341641_500.jpg,False
2025-09,A,002009,겨울 기타 코트,002,아우터,11,5151454,musinsastandardwoman,무신사 스탠다드 우먼,우먼즈 울 블렌드 쇼트 더플 코트 [블랙],https://image.msscdn.net/images/goods_img/20250528/5151454/5151454_17568695986044_500.jpg,False
2025-09,A,002009,겨울 기타 코트,002,아우터,12,2978638,jilsander,질 샌더,포켓 코트 - 네이비 / J02AM0005J40004401,https://image.msscdn.net/images/goods_img/20221212/2978638/2978638_16735841645413_500.jpg,False
2025-09,A,002009,겨울 기타 코트,002,아우터,13,3603817,covernat,커버낫,울 더플 코트 네이비,https://image.msscdn.net/images/goods_img/20231005/3603817/3603817_16964733971272_500.png,False
2025-09,A,002009,겨울 기타 코트,002,아우터,14,4508076,maxmara,막스마라,올가 코트 - 블랙 / 21086032600008,https://image.msscdn.net/images/goods_img/20241011/4508076/4508076_17295873354265_500.jpg,False
2025-09,A,002009,겨울 기타 코트,002,아우터,15,3747776,maxmara,막스마라,테드걸 더블 브레스티드 울 실크 블렌드 코트 - 로사 / 2310160133600003,https://image.msscdn.net/images/goods_img/20231207/3747776/3747776_17050503351871_500.jpg,False
2025-09,A,002009,겨울 기타 코트,002,아우터,16,4452118,beslow,비슬로우,OVERSIZED DUFFLE COAT BLACK,https://image.msscdn.net/images/goods_img/20240923/4452118/4452118_17270679175195_500.jpg,False
2025-09,A,002009,겨울 기타 코트,002,아우터,17,3603818,covernat,커버낫,울 더플 코트 차콜,https://image.msscdn.net/images/goods_img/20231005/3603818/3603818_16964733895118_500.png,False
2025-09,A,002009,겨울 기타 코트,002,아우터,18,3241992,loewe,로에베,워크웨어 리버시블 재킷 - 블랙:세이지 / H526Y03W658728,https://image.msscdn.net/images/goods_img/20230418/3241992/3241992_16868811739221_500.jpg,False
2025-09,A,002009,겨울 기타 코트,002,아우터,19,4351669,misekiseoul,미세키서울,Duffle hoodie short coat CHARCOAL,https://image.msscdn.net/images/goods_img/20240821/4351669/4351669_17582644885283_500.jpg,False
2025-09,A,002009,겨울 기타 코트,002,아우터,20,5151452,musinsastandardwoman,무신사 스탠다드 우먼,우먼즈 울 블렌드 쇼트 더플 코트 [네이비],https://image.msscdn.net/images/goods_img/20250528/5151452/5151452_17569690846557_500.jpg,False
2025-09,A,002009,겨울 기타 코트,002,아우터,21,4266475,urbandtype,어반디타입,히티드울 멜턴 더플코트(Wool 61)_차콜,https://image.msscdn.net/images/goods_img/20240722/4266475/4266475_17630980496740_500.jpg,False
2025-09,A,002009,겨울 기타 코트,002,아우터,22,4451828,beslow,비슬로우,OVERSIZED PEA COAT BLACK,https://image.msscdn.net/images/goods_img/20240923/4451828/4451828_17270640240026_500.jpg,False
2025-09,A,002009,겨울 기타 코트,002,아우터,23,3512902,typeservice,타입서비스,Hooded Half Coat [Charcoal],https://image.msscdn.net/images/goods_img/20230830/3512902/3512902_17883978690900_500.jpg,False
2025-09,A,002009,겨울 기타 코트,002,아우터,24,4143141,covernatwoman,커버낫 우먼,우먼 숏 더플 코트 Navy,https://image.msscdn.net/images/goods_img/20240520/4143141/4143141_17171205863730_500.jpg,False
2025-09,A,002009,겨울 기타 코트,002,아우터,25,4382111,maxmara,막스마라,PAZZO 코트 - 블랙 / 26016081600010,https://image.msscdn.net/images/goods_img/20240829/4382111/4382111_17262023119002_500.jpg,False
2025-09,A,002009,겨울 기타 코트,002,아우터,26,4407566,lemainsecond,리메인세컨드,울 블렌드 오버핏 발마칸 코트 [블랙],https://image.msscdn.net/images/goods_img/20240905/4407566/4407566_17609349341809_500.jpg,False
2025-09,A,002009,겨울 기타 코트,002,아우터,27,4415994,lingseoul,링서울,standard wool half coat-camel,https://image.msscdn.net/images/goods_img/20240906/4415994/4415994_17256028251136_500.jpg,False
2025-09,A,002009,겨울 기타 코트,002,아우터,28,5444275,musinsastandardwoman,무신사 스탠다드 우먼,우먼즈 캐시미어 블렌드 핸드메이드 하프 발마칸 로브 코트 [토프],https://image.msscdn.net/images/goods_img/20250911/5444275/5444275_17587004740023_500.jpg,False
2025-09,A,002009,겨울 기타 코트,002,아우터,29,5348295,belier,벨리에,맥시 멜톤 울 발마칸 코트 - 차콜 그레이,https://image.msscdn.net/images/goods_img/20250821/5348295/5348295_17629206983559_500.jpg,False
2025-09,A,002009,겨울 기타 코트,002,아우터,30,4382100,maxmara,막스마라,USA 코트 - 블랙 / 26016071600005,https://image.msscdn.net/images/goods_img/20240829/4382100/4382100_17261876923281_500.jpg,False
2025-09,A,002013,롱패딩/헤비 아우터,002,아우터,1,4525082,nationalgeographic,내셔널지오그래픽,N244WDW860 여성 카이만 프로 롱기장 구스 다운 점퍼 CARBON BLACK,https://image.msscdn.net/images/goods_img/20241016/4525082/4525082_17291459329736_500.jpg,False
2025-09,A,002013,롱패딩/헤비 아우터,002,아우터,2,4477474,nationalgeographic,내셔널지오그래픽,N244UDW860 카이만 프로 롱기장 구스 다운 점퍼 CARBON BLACK,https://image.msscdn.net/images/goods_img/20240930/4477474/4477474_17276893068534_500.jpg,False
2025-09,A,002013,롱패딩/헤비 아우터,002,아우터,3,4504369,discoveryexpedition,디스커버리 익스페디션,남성 베른 구스다운 롱패딩 (BLACK),https://image.msscdn.net/images/goods_img/20241010/4504369/4504369_17307054905899_500.jpg,False
2025-09,A,002013,롱패딩/헤비 아우터,002,아우터,4,3730296,nepa,네파,7JF2022 공용 사이폰 다운 자켓 (3color),https://image.msscdn.net/images/goods_img/20231123/3730296/3730296_17455467048688_500.jpg,False
2025-09,A,002013,롱패딩/헤비 아우터,002,아우터,5,3600895,discoveryexpedition,디스커버리 익스페디션,여성 고쉬 구스다운 롱패딩 (BLACK),https://image.msscdn.net/images/goods_img/20231004/3600895/3600895_17290634468342_500.jpg,False
2025-09,A,002013,롱패딩/헤비 아우터,002,아우터,6,4499578,blackyak,블랙야크,아이스제로 레이디 다운자켓 라이트그레이,https://image.msscdn.net/images/goods_img/20241008/4499578/4499578_17718285773844_500.jpg,False
2025-09,A,002013,롱패딩/헤비 아우터,002,아우터,7,5347092,eider,아이더,La Belle (라벨르) 여성 W/S 캐시미어 롱 다운 자켓_Black,https://image.msscdn.net/images/goods_img/20250821/5347092/5347092_17564429918711_500.jpg,False
2025-09,A,002013,롱패딩/헤비 아우터,002,아우터,8,5290730,eider,아이더,POP 벤치 UNI 다운 자켓_Black,https://image.msscdn.net/images/goods_img/20250804/5290730/5290730_17542912101545_500.jpg,False
2025-09,A,002013,롱패딩/헤비 아우터,002,아우터,9,4495052,sierradesigns,시에라디자인,하프돔(HALFDOME) 경량 구스다운 후드자켓 LIGHT GREY,https://image.msscdn.net/images/goods_img/20241008/4495052/4495052_17884960908487_500.jpg,False
2025-09,A,002013,롱패딩/헤비 아우터,002,아우터,10,5347087,eider,아이더,La Belle (라벨르) 여성 W/S 캐시미어 롱 다운 자켓_Grayish BEIGE,https://image.msscdn.net/images/goods_img/20250821/5347087/5347087_17564439811253_500.jpg,False
2025-09,A,002013,롱패딩/헤비 아우터,002,아우터,11,3600909,discoveryexpedition,디스커버리 익스페디션,남성 고쉬 구스다운 롱패딩 (BLACK),https://image.msscdn.net/images/goods_img/20231004/3600909/3600909_17290631503389_500.jpg,False
2025-09,A,002013,롱패딩/헤비 아우터,002,아우터,12,4469334,covernat,커버낫,24FW RDS 씨빅 롱 다운 블랙,https://image.msscdn.net/images/goods_img/20240926/4469334/4469334_17321676769014_500.jpg,False
2025-09,A,002013,롱패딩/헤비 아우터,002,아우터,13,2715913,5252byoioi,오아이오아이 컬렉션,SIGNATURE LONG DOWN JACKET [WHITE],https://image.msscdn.net/images/goods_img/20220812/2715913/2715913_17198282328143_500.jpg,False
2025-09,A,002013,롱패딩/헤비 아우터,002,아우터,14,5267301,nationalgeographic,내셔널지오그래픽,N254WDW860 여성 카이만 프로 롱기장 구스다운 점퍼 BLACK,https://image.msscdn.net/images/goods_img/20250723/5267301/5267301_17661284253983_500.jpg,False
2025-09,A,002013,롱패딩/헤비 아우터,002,아우터,15,5511372,discoveryexpedition,디스커버리 익스페디션,레스터G RDS 구스다운 롱패딩 (BLACK),https://image.msscdn.net/images/goods_img/20250923/5511372/5511372_17586746085896_500.jpg,False
2025-09,A,002013,롱패딩/헤비 아우터,002,아우터,16,3716632,wednesdayoasis,웬즈데이오아시스,M-65 피쉬테일 야상 패딩 코트(3col),https://image.msscdn.net/images/goods_img/20231116/3716632/3716632_17591147104039_500.jpg,False
2025-09,A,002013,롱패딩/헤비 아우터,002,아우터,17,2823769,columbiauniversity,컬럼비아 유니버시티,CU SIGNATURE MONSTER LONG PARKA 블랙,https://image.msscdn.net/images/goods_img/20220927/2823769/2823769_17241448553942_500.jpg,False
2025-09,A,002013,롱패딩/헤비 아우터,002,아우터,18,3574919,nationalgeographic,내셔널지오그래픽,N234UDW860 카이만 프로 롱기장 구스 다운 점퍼 F KHAKI,https://image.msscdn.net/images/goods_img/20230919/3574919/3574919_16998524413147_500.jpg,False
2025-09,A,002013,롱패딩/헤비 아우터,002,아우터,19,5347282,eider,아이더,La Reine (라헨느) 여성 윈드스타퍼 미들 다운 자켓_Black,https://image.msscdn.net/images/goods_img/20250821/5347282/5347282_17557421915715_500.jpg,False
2025-09,A,002013,롱패딩/헤비 아우터,002,아우터,20,4504371,discoveryexpedition,디스커버리 익스페디션,남성 베른 구스다운 롱패딩 (D/GREY),https://image.msscdn.net/images/goods_img/20241010/4504371/4504371_17338206907731_500.jpg,False
2025-09,A,002013,롱패딩/헤비 아우터,002,아우터,21,5390400,k2,케이투,BOOST_아이린(IRENE) FUR 다운 W_Black,https://image.msscdn.net/images/goods_img/20250902/5390400/5390400_17669971714016_500.jpg,False
2025-09,A,002013,롱패딩/헤비 아우터,002,아우터,22,4728151,nakedsurfclub,네이키드서프클럽,페트 드라이 코트 3M™ (2colors),https://image.msscdn.net/images/goods_img/20250117/4728151/4728151_17377073703521_500.jpg,False
2025-09,A,002013,롱패딩/헤비 아우터,002,아우터,23,4554141,columbia,컬럼비아,여성 패스 대쉬 포레스트 다운 자켓 C54YL3483010,https://image.msscdn.net/images/goods_img/20241024/4554141/4554141_17297511108475_500.jpg,False
2025-09,A,002013,롱패딩/헤비 아우터,002,아우터,24,4522547,columbia,컬럼비아,공용 마운틴 후드 롱 다운 자켓 C54YM3479010,https://image.msscdn.net/images/goods_img/20241016/4522547/4522547_17290471385663_500.jpg,False
2025-09,A,002013,롱패딩/헤비 아우터,002,아우터,25,4643400,thenorthface,노스페이스,NC1DQ70B 남성 아스펜 테크 RDS 다운 코트_DARK GRAY,https://image.msscdn.net/images/goods_img/20241129/4643400/4643400_17328602065159_500.jpg,False
2025-09,A,002013,롱패딩/헤비 아우터,002,아우터,26,3633667,covernat,커버낫,RDS 몬스터 다운 파카 블랙,https://image.msscdn.net/images/goods_img/20231017/3633667/3633667_16988053588210_500.png,False
2025-09,A,002013,롱패딩/헤비 아우터,002,아우터,27,3574908,nationalgeographic,내셔널지오그래픽,N234WDW860 여성 카이만 프로 롱기장 구스 다운 점퍼 JADE,https://image.msscdn.net/images/goods_img/20230919/3574908/3574908_16998516555882_500.jpg,False
2025-09,A,002013,롱패딩/헤비 아우터,002,아우터,28,4600218,thenorthface,노스페이스,NC1DQ81A 여성 고어 마테라 RDS 다운 코트_BLACK,https://image.msscdn.net/images/goods_img/20241108/4600218/4600218_17828656258629_500.jpg,False
2025-09,A,002013,롱패딩/헤비 아우터,002,아우터,29,5347277,eider,아이더,La Reine (라헨느) 여성 윈드스타퍼 미들 다운 자켓_Grayish BEIGE,https://image.msscdn.net/images/goods_img/20250821/5347277/5347277_17557421749617_500.jpg,False
2025-09,A,002013,롱패딩/헤비 아우터,002,아우터,30,2900572,fifaolp,피파 1904,스위퍼 노 퀼팅 벤치다운 블랙(FF24DJ11U_160),https://image.msscdn.net/images/goods_img/20221027/2900572/2900572_17023687769360_500.jpg,False
2025-09,A,002016,패딩 베스트,002,아우터,1,4477216,matinkim,마뗑킴,BIG LOGO POINT DOWN VEST FOR WOMEN IN SILVER,https://image.msscdn.net/images/goods_img/20240930/4477216/4477216_17276796801882_500.jpg,False
2025-09,A,002016,패딩 베스트,002,아우터,2,4477217,matinkim,마뗑킴,BIG LOGO POINT DOWN VEST FOR WOMEN IN BLACK,https://image.msscdn.net/images/goods_img/20240930/4477217/4477217_17405399635187_500.jpg,False
2025-09,A,002016,패딩 베스트,002,아우터,3,5357339,thenorthface,노스페이스,NV3NR50B 눕시 온볼 베스트 REAL BLACK,https://image.msscdn.net/images/goods_img/20250825/5357339/5357339_17560868459904_500.jpg,False
2025-09,A,002016,패딩 베스트,002,아우터,4,4410189,lemainsecond,리메인세컨드,2WAY 오버핏 볼륨 웰론 푸퍼 패딩 베스트 [블랙],https://image.msscdn.net/images/goods_img/20240905/4410189/4410189_17611098548841_500.jpg,False
2025-09,A,002016,패딩 베스트,002,아우터,5,3515669,nationalgeographic,내셔널지오그래픽,N234UPV910 오스쿠디 퀼팅 리버시블 U넥 베스트 BEIGE,https://image.msscdn.net/images/goods_img/20230830/3515669/3515669_16933980710115_500.jpg,False
2025-09,A,002016,패딩 베스트,002,아우터,6,3515667,nationalgeographic,내셔널지오그래픽,N234UPV910 오스쿠디 퀼팅 리버시블 U넥 베스트 CARBON BLACK,https://image.msscdn.net/images/goods_img/20230830/3515667/3515667_16933979699532_500.jpg,False
2025-09,A,002016,패딩 베스트,002,아우터,7,4477232,matinkim,마뗑킴,BIG LOGO POINT DOWN VEST FOR MEN IN SILVER,https://image.msscdn.net/images/goods_img/20240930/4477232/4477232_17276797473059_500.jpg,False
2025-09,A,002016,패딩 베스트,002,아우터,8,4460694,thisisneverthat,디스이즈네버댓,PERTEX® T Down Vest Black,https://image.msscdn.net/images/goods_img/20240925/4460694/4460694_17272538155749_500.jpg,False
2025-09,A,002016,패딩 베스트,002,아우터,9,5267096,nationalgeographic,내셔널지오그래픽,N254UDV920 헤론 U넥 경량 구스다운 베스트 BLACK,https://image.msscdn.net/images/goods_img/20250723/5267096/5267096_17580901318942_500.jpg,False
2025-09,A,002016,패딩 베스트,002,아우터,10,4887876,moncler,몽클레어,구이 베스트 패딩 - 나이트 블루 / K10911A1070053029776,https://image.msscdn.net/images/goods_img/20250312/4887876/4887876_17428707390070_500.jpg,False
2025-09,A,002016,패딩 베스트,002,아우터,11,3515671,nationalgeographic,내셔널지오그래픽,N234UPV910 오스쿠디 퀼팅 리버시블 U넥 베스트 KHAKI,https://image.msscdn.net/images/goods_img/20230830/3515671/3515671_16933981272896_500.jpg,False
2025-09,A,002016,패딩 베스트,002,아우터,12,4457933,lee,리,다운 베스트 블랙,https://image.msscdn.net/images/goods_img/20240924/4457933/4457933_17593003690543_500.jpg,False
2025-09,A,002016,패딩 베스트,002,아우터,13,4584374,canadagoose,캐나다구스,로다 후드 베스트 - 블랙 / 4831W61,https://image.msscdn.net/images/goods_img/20241104/4584374/4584374_17315735922923_500.jpg,False
2025-09,A,002016,패딩 베스트,002,아우터,14,5373158,thenorthface,노스페이스,NV3NR53A 남성 퍼피 온 EX 베스트 BLACK,https://image.msscdn.net/images/goods_img/20250828/5373158/5373158_17715559684144_500.jpg,False
2025-09,A,002016,패딩 베스트,002,아우터,15,4323433,musinsastandard,무신사 스탠다드,시티 레저 유틸리티 패딩 베스트 [그레이],https://image.msscdn.net/images/goods_img/20240813/4323433/4323433_17273403404746_500.jpg,False
2025-09,A,002016,패딩 베스트,002,아우터,16,5303643,henrycottons,헨리코튼,[British Sporting Club] Quilting Down Vest ABVAW25701PPX,https://image.msscdn.net/images/goods_img/20250808/5303643/5303643_17546173284469_500.jpg,False
2025-09,A,002016,패딩 베스트,002,아우터,17,5377352,umbro,엄브로,네오 라이트 경량 덕 다운베스트 블랙(UQ323CDV91),https://image.msscdn.net/images/goods_img/20250829/5377352/5377352_17669755287882_500.jpg,False
2025-09,A,002016,패딩 베스트,002,아우터,18,3667963,minimalproject,미니멀프로젝트,MNMP 하이넥 패딩 베스트 MVT102 / 4COLOR,https://image.msscdn.net/images/goods_img/20231030/3667963/3667963_17606004212693_500.jpg,False
2025-09,A,002016,패딩 베스트,002,아우터,19,3571712,covernat,커버낫,RDS 유틸리티 다운 베스트 네이비,https://image.msscdn.net/images/goods_img/20230919/3571712/3571712_17592378256501_500.jpg,False
2025-09,A,002016,패딩 베스트,002,아우터,20,3188184,mooseknuckles,무스너클,에어 다운 베스트 - 블랙 / M13LV458292,https://image.msscdn.net/images/goods_img/20230329/3188184/3188184_16836158053646_500.jpg,False
2025-09,A,002016,패딩 베스트,002,아우터,21,5215529,musinsastandard,무신사 스탠다드,시티 레저 후디드 라이트 다운 베스트 [블랙],https://image.msscdn.net/images/goods_img/20250701/5215529/5215529_17580887143593_500.jpg,False
2025-09,A,002016,패딩 베스트,002,아우터,22,3451293,nomanual,노매뉴얼,TRACK DUCK DOWN VEST - GLOSSY BLACK,https://image.msscdn.net/images/goods_img/20230808/3451293/3451293_17260538086539_500.jpg,False
2025-09,A,002016,패딩 베스트,002,아우터,23,4341030,lee,리,우먼 크롭 다운 베스트 화이트,https://image.msscdn.net/images/goods_img/20240819/4341030/4341030_17890213249075_500.jpg,False
2025-09,A,002016,패딩 베스트,002,아우터,24,3766816,tolance,토런스,컴포트 필드 경량 점퍼,https://image.msscdn.net/images/goods_img/20231226/3766816/3766816_17641418333689_500.jpg,False
2025-09,A,002016,패딩 베스트,002,아우터,25,5443298,thenorthface,노스페이스,NV1DR81J 화이트라벨 여성 노벨티 눕시 베스트 (RDS) BLACK,https://image.msscdn.net/images/goods_img/20250911/5443298/5443298_17828880172946_500.jpg,False
2025-09,A,002016,패딩 베스트,002,아우터,26,4397047,frizmworks,프리즘웍스,KARAKORAM DOWN VEST _ ORANGE,https://image.msscdn.net/images/goods_img/20240903/4397047/4397047_17253822647593_500.jpg,False
2025-09,A,002016,패딩 베스트,002,아우터,27,4772392,arcteryx,아크테릭스,세륨 베스트 남성 - BLACK / ATPSM07455,https://image.msscdn.net/images/goods_img/20250210/4772392/4772392_17397754840827_500.jpg,False
2025-09,A,002016,패딩 베스트,002,아우터,28,5215541,musinsastandard,무신사 스탠다드,시티 레저 시어 립스탑 하이넥 라이트 다운 베스트 [브라운],https://image.msscdn.net/images/goods_img/20250701/5215541/5215541_17574075511412_500.jpg,False
2025-09,A,002016,패딩 베스트,002,아우터,29,4887873,moncler,몽클레어,플래럿 베스트 패딩 - 블랙 / K10911A00001598AL999,https://image.msscdn.net/images/goods_img/20250312/4887873/4887873_17428706120910_500.jpg,False
2025-09,A,002016,패딩 베스트,002,아우터,30,2807867,lmc,엘엠씨,OG PUFFER DUCK DOWN VEST black,https://image.msscdn.net/images/goods_img/20220921/2807867/2807867_17604354806792_500.jpg,False
2025-09,A,002015,기타 아우터,002,아우터,1,5367607,arcteryx,아크테릭스,스쿼미시 후디 남성 - BLACK / AJPFM07411,https://image.msscdn.net/images/goods_img/20250827/5367607/5367607_17573793104179_500.jpg,False
2025-09,A,002015,기타 아우터,002,아우터,2,5367614,arcteryx,아크테릭스,아톰 SV 후디 남성 - BLACK / AJPFM09902,https://image.msscdn.net/images/goods_img/20250827/5367614/5367614_17573795222252_500.jpg,False
2025-09,A,002015,기타 아우터,002,아우터,3,5367599,arcteryx,아크테릭스,감마 MX 후디 남성 - BLACK / AJPFM08485,https://image.msscdn.net/images/goods_img/20250827/5367599/5367599_17573791513151_500.jpg,False
2025-09,A,002015,기타 아우터,002,아우터,4,2837405,matinkim,마뗑킴,MATIN KIM LOGO COATING JUMPER,https://image.msscdn.net/images/goods_img/20221004/2837405/2837405_1_500.jpg,False
2025-09,A,002015,기타 아우터,002,아우터,5,5367608,arcteryx,아크테릭스,스쿼미시 후디 남성 - BLACK SAPPHIRE / AJPFM07411,https://image.msscdn.net/images/goods_img/20250827/5367608/5367608_17573793348815_500.jpg,False
2025-09,A,002015,기타 아우터,002,아우터,6,4440721,poloralphlauren,폴로 랄프 로렌,코튼 트윌 재킷-네이비,https://image.msscdn.net/images/goods_img/20240913/4440721/4440721_17292160301994_500.jpg,False
2025-09,A,002015,기타 아우터,002,아우터,7,5360731,salomon,살로몬,모디세이 패딩 자켓_LC2992100,https://image.msscdn.net/images/goods_img/20250825/5360731/5360731_17899800512692_500.jpg,False
2025-09,A,002015,기타 아우터,002,아우터,8,5331649,divein,다이브인,WASHED VERN WORKER JACKET (BLACK),https://image.msscdn.net/images/goods_img/20250818/5331649/5331649_17610224956980_500.jpg,False
2025-09,A,002015,기타 아우터,002,아우터,9,4811740,unionblue,유니온블루,REVERSIBLE LINER JACKET [BLACK/KHAKI],https://image.msscdn.net/images/goods_img/20250220/4811740/4811740_17586905117097_500.jpg,False
2025-09,A,002015,기타 아우터,002,아우터,10,3481679,salomon,살로몬,모디세이 패딩 자켓_LC2992100,https://image.msscdn.net/images/goods_img/20230821/3481679/3481679_17569757995405_500.png,False
2025-09,A,002015,기타 아우터,002,아우터,11,5364802,adidas,아디다스,오버사이즈 와플 니트 트랙탑  - 블랙 / KC2619,https://image.msscdn.net/images/goods_img/20250826/5364802/5364802_17562568593395_500.jpg,False
2025-09,A,002015,기타 아우터,002,아우터,12,5367606,arcteryx,아크테릭스,스쿼미시 후디 남성 - ARCTIC SILK / AJPFM07411,https://image.msscdn.net/images/goods_img/20250827/5367606/5367606_17573792854016_500.jpg,False
2025-09,A,002015,기타 아우터,002,아우터,13,5360727,salomon,살로몬,모디세이 패딩 자켓_LC2992400,https://image.msscdn.net/images/goods_img/20250825/5360727/5360727_17568112701904_500.jpg,False
2025-09,A,002015,기타 아우터,002,아우터,14,3493776,poloralphlauren,폴로 랄프 로렌,코튼 트윌 치노 재킷 - 베이지,https://image.msscdn.net/images/goods_img/20230824/3493776/3493776_16940558616592_500.jpg,False
2025-09,A,002015,기타 아우터,002,아우터,15,5445109,unionblue,유니온블루,HERRINGBONE REVERSIBLE LINER JACKET [GRAPHITE/GRAY],https://image.msscdn.net/images/goods_img/20250911/5445109/5445109_17591313331542_500.jpg,False
2025-09,A,002015,기타 아우터,002,아우터,16,4439851,dickies,디키즈,트윌 워크 재킷 Khaki,https://image.msscdn.net/images/goods_img/20240913/4439851/4439851_17325800749993_500.jpg,False
2025-09,A,002015,기타 아우터,002,아우터,17,5340564,adidas,아디다스,니트 트랙탑  - 화이트:블랙 / KC2649,https://image.msscdn.net/images/goods_img/20250820/5340564/5340564_17557568401721_500.jpg,False
2025-09,A,002015,기타 아우터,002,아우터,18,5367609,arcteryx,아크테릭스,스쿼미시 후디 남성 - FORAGE / AJPFM07411,https://image.msscdn.net/images/goods_img/20250827/5367609/5367609_17573793583287_500.jpg,False
2025-09,A,002015,기타 아우터,002,아우터,19,5364800,adidas,아디다스,오버사이즈 와플 니트 트랙탑  - 알루미나 / KC2618,https://image.msscdn.net/images/goods_img/20250826/5364800/5364800_17562568309087_500.jpg,False
2025-09,A,002015,기타 아우터,002,아우터,20,4439849,dickies,디키즈,트윌 워크 재킷 Black,https://image.msscdn.net/images/goods_img/20240913/4439849/4439849_17325800650698_500.jpg,False
2025-09,A,002015,기타 아우터,002,아우터,21,4915934,poloralphlauren,폴로 랄프 로렌,[WORKWEAR CAPSULE] 캔버스 보머 재킷-브라운,https://image.msscdn.net/images/goods_img/20250319/4915934/4915934_17443364280889_500.jpg,False
2025-09,A,002015,기타 아우터,002,아우터,22,5360729,salomon,살로몬,모디세이 패딩 자켓_LC2992200,https://image.msscdn.net/images/goods_img/20250825/5360729/5360729_17568113407097_500.jpg,False
2025-09,A,002015,기타 아우터,002,아우터,23,5436331,umbro,엄브로,팝러쉬 기모 바람막이 자켓 블루(UQ323CJK95),https://image.msscdn.net/images/goods_img/20250910/5436331/5436331_17749174112400_500.jpg,False
2025-09,A,002015,기타 아우터,002,아우터,24,5367617,arcteryx,아크테릭스,아톰 SV 후디 남성 - SOLITUDE / AJPFM09902,https://image.msscdn.net/images/goods_img/20250827/5367617/5367617_17573795760128_500.jpg,False
2025-09,A,002015,기타 아우터,002,아우터,25,4794628,arcteryx,아크테릭스,베타 AR 자켓 남성 - BLACK / AJPSM07082,https://image.msscdn.net/images/goods_img/20250217/4794628/4794628_17404592954302_500.jpg,False
2025-09,A,002015,기타 아우터,002,아우터,26,1882525,umbro,엄브로,클래식 웜업 자켓 블랙(UQ321CJK93),https://image.msscdn.net/images/goods_img/20210406/1882525/1882525_17872779924432_500.jpg,False
2025-09,A,002015,기타 아우터,002,아우터,27,5434386,umbro,엄브로,HBL 로얄 컬리지 리버서블 패딩 자켓 블랙(UQ323CPJ99),https://image.msscdn.net/images/goods_img/20250910/5434386/5434386_17749174678237_500.jpg,False
2025-09,A,002015,기타 아우터,002,아우터,28,5403193,adidas,아디다스,니트 트랙탑 - 원더알루미나 / KC2618,https://image.msscdn.net/images/goods_img/20250904/5403193/5403193_17569778952082_500.jpg,False
2025-09,A,002015,기타 아우터,002,아우터,29,5309413,ason,애즈온,SALT ZIP-UP / WHITE,https://image.msscdn.net/images/goods_img/20250811/5309413/5309413_17580915487506_500.jpg,False
2025-09,A,002015,기타 아우터,002,아우터,30,4282756,arcteryx,아크테릭스,아톰 후디 남성 - CANVAS / AJOFMX7487,https://image.msscdn.net/images/goods_img/20240730/4282756/4282756_17240340386046_500.jpg,False
2025-09,A,003,바지,,,1,3791988,filluminate,필루미네이트,데미지 워시드 데님 팬츠-미디엄 블루,https://image.msscdn.net/images/goods_img/20240112/3791988/3791988_17894491801613_500.jpg,False
2025-09,A,003,바지,,,2,4993414,signature,시그니처,와이드 커브드 다트 코튼 팬츠[베이지],https://image.msscdn.net/images/goods_img/20250407/4993414/4993414_17883391236407_500.jpg,False
2025-09,A,003,바지,,,3,1149329,musinsastandard,무신사 스탠다드,세미 와이드 히든 밴딩 슬랙스 [블랙],https://image.msscdn.net/images/goods_img/20190910/1149329/1149329_17775152531848_500.jpg,False
2025-09,A,003,바지,,,4,1844582,brenson,브렌슨,(Renew Ver.) 원턱 와이드 스웨트 팬츠 ( 7Color ) ( 기모선택 ),https://image.msscdn.net/images/goods_img/20210315/1844582/1844582_17774456564921_500.jpg,False
2025-09,A,003,바지,,,5,1551840,xero,제로,Deep One Tuck Sweat Pants [Grey],https://image.msscdn.net/images/goods_img/20200818/1551840/1551840_1_500.jpg,False
2025-09,A,003,바지,,,6,1168922,musinsastandard,무신사 스탠다드,리얼 와이드 히든 밴딩 슬랙스 [블랙],https://image.msscdn.net/images/goods_img/20190927/1168922/1168922_17784624760417_500.jpg,False
2025-09,A,003,바지,,,7,3674341,boundary,바운더리,투턱 와이드 롱 스웨트 팬츠 [블랙],https://image.msscdn.net/images/goods_img/20231101/3674341/3674341_17042599581270_500.jpg,False
2025-09,A,003,바지,,,8,1168906,musinsastandard,무신사 스탠다드,와이드 히든 밴딩 슬랙스 [블랙],https://image.msscdn.net/images/goods_img/20190927/1168906/1168906_17224121763738_500.jpg,False
2025-09,A,003,바지,,,9,2112061,gakka2,가까이 유니언즈,[여름 or 기모 or 사계절 원단 선택] 원턱 와이드 스웨트팬츠 블랙,https://image.msscdn.net/images/goods_img/20210906/2112061/2112061_17459952841713_500.jpg,False
2025-09,A,003,바지,,,10,1551839,xero,제로,Deep One Tuck Sweat Pants [Black],https://image.msscdn.net/images/goods_img/20200818/1551839/1551839_1_500.jpg,False
2025-09,A,003,바지,,,11,1735427,selfesteem,에스이에스티,[2PACK] 와이드핏 트레이닝 스웨트 팬츠 - 6Color,https://image.msscdn.net/images/goods_img/20210104/1735427/1735427_17646558259203_500.jpg,False
2025-09,A,003,바지,,,12,750908,wholovesart,후러브스아트,유니섹스 세미 와이드 밴딩 슬랙스 블랙,https://image.msscdn.net/images/goods_img/20180406/750908/750908_17736379434172_500.jpg,False
2025-09,A,003,바지,,,13,4993411,signature,시그니처,와이드 커브드 다트 코튼 팬츠[블랙],https://image.msscdn.net/images/goods_img/20250407/4993411/4993411_17853022954116_500.jpg,False
2025-09,A,003,바지,,,14,2112059,gakka2,가까이 유니언즈,[여름 or 기모 or 사계절 원단 선택] 원턱 와이드 스웨트팬츠 그레이,https://image.msscdn.net/images/goods_img/20210906/2112059/2112059_17473624399256_500.jpg,False
2025-09,A,003,바지,,,15,3663072,toffee,토피,모어 와이드 데님 팬츠 (WASHED RAW BLACK),https://image.msscdn.net/images/goods_img/20231027/3663072/3663072_16988871011427_500.jpg,False
2025-09,A,003,바지,,,16,2578996,signature,시그니처,더블턱 와이드 슬랙스[블랙],https://image.msscdn.net/images/goods_img/20220524/2578996/2578996_17870331293023_500.jpg,False
2025-09,A,003,바지,,,17,1926034,xero,제로,Deep One Tuck Sweat Shorts [Black],https://image.msscdn.net/images/goods_img/20210428/1926034/1926034_1_500.jpg,False
2025-09,A,003,바지,,,18,4757347,untapped,언탭트 스튜디오,빈티지 프론트 워싱 와이드 벌룬 데님 팬츠 3Color,https://image.msscdn.net/images/goods_img/20250204/4757347/4757347_17389245694198_500.jpg,False
2025-09,A,003,바지,,,19,1926048,xero,제로,Deep One Tuck Sweat Shorts [Grey],https://image.msscdn.net/images/goods_img/20210428/1926048/1926048_1_500.jpg,False
2025-09,A,003,바지,,,20,5383873,mimthewardrobe,밈더워드로브,[밈더 X 유정] 유스 커브드  어웨이 팬츠_블루,https://image.msscdn.net/images/goods_img/20250901/5383873/5383873_17570535489848_500.jpg,False
2025-09,A,003,바지,,,21,4274049,lemainsecond,리메인세컨드,빈티지 캣워싱 와이드 데님 팬츠 [옐로우 워싱],https://image.msscdn.net/images/prd_img/20240725/4274049/detail_4274049_17757836079460_500.jpg,False
2025-09,A,003,바지,,,22,5275962,drawfit,드로우핏,[패션플래닛X드로우핏] 세미 와이드 치노 팬츠 [6color],https://image.msscdn.net/images/goods_img/20250728/5275962/5275962_17564335392185_500.jpg,False
2025-09,A,003,바지,,,23,1627892,musinsastandard,무신사 스탠다드,레플리카 퍼티그 팬츠 [카키],https://image.msscdn.net/images/goods_img/20200928/1627892/1627892_17827088773028_500.jpg,False
2025-09,A,003,바지,,,24,5306789,scallywag,스켈리웩,88 크로스 백 패치 스웨트 팬츠[그레이],https://image.msscdn.net/images/goods_img/20250808/5306789/5306789_17872035459299_500.jpg,False
2025-09,A,003,바지,,,25,4057732,lemainsecond,리메인세컨드,원턱 와이드 스웨트 팬츠 [그레이],https://image.msscdn.net/images/goods_img/20240416/4057732/4057732_17817553079562_500.jpg,False
2025-09,A,003,바지,,,26,5338392,ambler,엠블러,Angel Star Patch 자수 원턱 스트링 와이드 스웨트 팬츠 AP903 (블랙),https://image.msscdn.net/images/goods_img/20250819/5338392/5338392_17564331759079_500.jpg,False
2025-09,A,003,바지,,,27,2818150,musinsastandardwoman,무신사 스탠다드 우먼,우먼즈 와이드 카고 팬츠 [블랙],https://image.msscdn.net/images/goods_img/20220926/2818150/2818150_17489933476409_500.jpg,False
2025-09,A,003,바지,,,28,5066602,decet,데케트,[올시즌]Relaxed Wide Denim Jeans DCPT064,https://image.msscdn.net/images/goods_img/20250425/5066602/5066602_17756144796489_500.jpg,False
2025-09,A,003,바지,,,29,2611226,musinsastandard,무신사 스탠다드,레플리카 퍼티그 팬츠 [세이지 그린],https://image.msscdn.net/images/goods_img/20220613/2611226/2611226_17827086766776_500.jpg,False
2025-09,A,003,바지,,,30,4747231,leire,르아르,에브리데이 커브드 데님 팬츠 [블랙],https://image.msscdn.net/images/goods_img/20250130/4747231/4747231_17745029104425_500.jpg,False
2025-09,A,003002,데님 팬츠,003,바지,1,3791988,filluminate,필루미네이트,데미지 워시드 데님 팬츠-미디엄 블루,https://image.msscdn.net/images/goods_img/20240112/3791988/3791988_17894491801613_500.jpg,False
2025-09,A,003002,데님 팬츠,003,바지,2,3663072,toffee,토피,모어 와이드 데님 팬츠 (WASHED RAW BLACK),https://image.msscdn.net/images/goods_img/20231027/3663072/3663072_16988871011427_500.jpg,False
2025-09,A,003002,데님 팬츠,003,바지,3,4757347,untapped,언탭트 스튜디오,빈티지 프론트 워싱 와이드 벌룬 데님 팬츠 3Color,https://image.msscdn.net/images/goods_img/20250204/4757347/4757347_17389245694198_500.jpg,False
2025-09,A,003002,데님 팬츠,003,바지,4,5383873,mimthewardrobe,밈더워드로브,[밈더 X 유정] 유스 커브드  어웨이 팬츠_블루,https://image.msscdn.net/images/goods_img/20250901/5383873/5383873_17570535489848_500.jpg,False
2025-09,A,003002,데님 팬츠,003,바지,5,4274049,lemainsecond,리메인세컨드,빈티지 캣워싱 와이드 데님 팬츠 [옐로우 워싱],https://image.msscdn.net/images/prd_img/20240725/4274049/detail_4274049_17757836079460_500.jpg,False
2025-09,A,003002,데님 팬츠,003,바지,6,5066602,decet,데케트,[올시즌]Relaxed Wide Denim Jeans DCPT064,https://image.msscdn.net/images/goods_img/20250425/5066602/5066602_17756144796489_500.jpg,False
2025-09,A,003002,데님 팬츠,003,바지,7,4747231,leire,르아르,에브리데이 커브드 데님 팬츠 [블랙],https://image.msscdn.net/images/goods_img/20250130/4747231/4747231_17745029104425_500.jpg,False
2025-09,A,003002,데님 팬츠,003,바지,8,3575430,avan,어반드레스,Side Big Cargo Pants CAMO,https://image.msscdn.net/images/goods_img/20230919/3575430/3575430_17421696736376_500.jpg,False
2025-09,A,003002,데님 팬츠,003,바지,9,4360670,retrieverclub,리트리버클럽,LIL RABBIT DENIM [INDIGO BLACK],https://image.msscdn.net/images/goods_img/20240822/4360670/4360670_17352652730555_500.jpg,False
2025-09,A,003002,데님 팬츠,003,바지,10,4786310,synerjyn,시너진,CAT WASHING DENIM PANTS DEEP BLUE,https://image.msscdn.net/images/goods_img/20250213/4786310/4786310_17720843745254_500.jpg,False
2025-09,A,003002,데님 팬츠,003,바지,11,5311382,untapped,언탭트 스튜디오,워시드 오버 와이드 코튼 데님팬츠 3Color,https://image.msscdn.net/images/goods_img/20250812/5311382/5311382_17549965010305_500.jpg,False
2025-09,A,003002,데님 팬츠,003,바지,12,2092852,goodlifeworks,굿라이프웍스,이지 와이드 데님 팬츠 그레이,https://image.msscdn.net/images/goods_img/20210826/2092852/2092852_17086532214128_500.jpg,False
2025-09,A,003002,데님 팬츠,003,바지,13,3791990,filluminate,필루미네이트,데미지 워시드 데님 팬츠-블랙,https://image.msscdn.net/images/goods_img/20240112/3791990/3791990_17894492105263_500.jpg,False
2025-09,A,003002,데님 팬츠,003,바지,14,3046300,outstanding,아웃스탠딩,30S CINCH BACK SELVEDGE WIDE PANTS_INDIGO,https://image.msscdn.net/images/goods_img/20230130/3046300/3046300_17682655726680_500.jpg,False
2025-09,A,003002,데님 팬츠,003,바지,15,4164429,untapped,언탭트 스튜디오,빈티지 프론트 워싱 와이드 청바지 데님 팬츠,https://image.msscdn.net/images/goods_img/20240529/4164429/4164429_17201609421486_500.jpg,False
2025-09,A,003002,데님 팬츠,003,바지,16,4782512,9999archive,9999아카이브,Linking Wide Denim Pants,https://image.msscdn.net/images/goods_img/20250212/4782512/4782512_17398703766040_500.jpg,False
2025-09,A,003002,데님 팬츠,003,바지,17,3794791,ourdayz,아워데이즈,웨이비 커브드 와이드 데님 팬츠 [BLUE],https://image.msscdn.net/images/goods_img/20240115/3794791/3794791_17900634212592_500.jpg,False
2025-09,A,003002,데님 팬츠,003,바지,18,3046316,outstanding,아웃스탠딩,[MUT lab] 40S SELVEDGE STRAIGHT PANTS_INDIGO,https://image.msscdn.net/images/goods_img/20230130/3046316/3046316_17682656713319_500.jpg,False
2025-09,A,003002,데님 팬츠,003,바지,19,4358823,branded,브랜디드,1792 OLD SOUL JEANS [WIDE STRAIGHT],https://image.msscdn.net/images/goods_img/20240822/4358823/4358823_17817666197789_500.jpg,False
2025-09,A,003002,데님 팬츠,003,바지,20,4072132,dysfunct,디스펑트,KEY RING WASHING DENIM PANTS(BLUE),https://image.msscdn.net/images/goods_img/20240422/4072132/4072132_17137526006998_500.jpg,False
2025-09,A,003002,데님 팬츠,003,바지,21,4674672,ertr,이알티알,Essential Relaxed Raw Denim Pants (Indigo),https://image.msscdn.net/images/goods_img/20241219/4674672/4674672_17537575671311_500.png,False
2025-09,A,003002,데님 팬츠,003,바지,22,4149670,toffee,토피,SL01 섬머 데님 와이드 팬츠 (FADE LIGHT BLUE),https://image.msscdn.net/images/goods_img/20240523/4149670/4149670_17164526388049_500.jpg,False
2025-09,A,003002,데님 팬츠,003,바지,23,4274045,lemainsecond,리메인세컨드,빈티지 캣워싱 와이드 데님 팬츠 [샌드 블루],https://image.msscdn.net/images/goods_img/20240725/4274045/4274045_17888435557697_500.jpg,False
2025-09,A,003002,데님 팬츠,003,바지,24,5092112,grailz,그레일즈,[GRAILZ X KOIN SEOUL] CARPENTER RAW DENIM PANTS [INDIGO],https://image.msscdn.net/images/goods_img/20250507/5092112/5092112_17466845824585_500.jpg,False
2025-09,A,003002,데님 팬츠,003,바지,25,4225253,musinsastandard,무신사 스탠다드,플레어 데님 팬츠 [블랙],https://image.msscdn.net/images/goods_img/20240701/4225253/4225253_17569513691239_500.jpg,False
2025-09,A,003002,데님 팬츠,003,바지,26,3794792,ourdayz,아워데이즈,웨이비 커브드 와이드 데님 팬츠 [BLACK],https://image.msscdn.net/images/goods_img/20240115/3794792/3794792_17900634017266_500.jpg,False
2025-09,A,003002,데님 팬츠,003,바지,27,5301341,seez,시즈,[데일리룸 X 시즈] 벌룬 레그 밀 데님 카고 팬츠 [인디고],https://image.msscdn.net/images/goods_img/20250807/5301341/5301341_17556640448489_500.jpg,False
2025-09,A,003002,데님 팬츠,003,바지,28,2711142,trillion,트릴리온,바이오스톤 워싱 와이드 데님 팬츠 (CREAM),https://image.msscdn.net/images/goods_img/20220810/2711142/2711142_1_500.jpg,False
2025-09,A,003002,데님 팬츠,003,바지,29,4783444,wkndrs,위캔더스,FACE DENIM PANTS (S.GREY),https://image.msscdn.net/images/goods_img/20250212/4783444/4783444_17792579418828_500.png,False
2025-09,A,003002,데님 팬츠,003,바지,30,4747233,leire,르아르,에브리데이 커브드 데님 팬츠 [브라운],https://image.msscdn.net/images/goods_img/20250130/4747233/4747233_17575537474321_500.jpg,False
2025-09,A,003004,트레이닝/조거 팬츠,003,바지,1,1844582,brenson,브렌슨,(Renew Ver.) 원턱 와이드 스웨트 팬츠 ( 7Color ) ( 기모선택 ),https://image.msscdn.net/images/goods_img/20210315/1844582/1844582_17774456564921_500.jpg,False
2025-09,A,003004,트레이닝/조거 팬츠,003,바지,2,1551840,xero,제로,Deep One Tuck Sweat Pants [Grey],https://image.msscdn.net/images/goods_img/20200818/1551840/1551840_1_500.jpg,False
2025-09,A,003004,트레이닝/조거 팬츠,003,바지,3,3674341,boundary,바운더리,투턱 와이드 롱 스웨트 팬츠 [블랙],https://image.msscdn.net/images/goods_img/20231101/3674341/3674341_17042599581270_500.jpg,False
2025-09,A,003004,트레이닝/조거 팬츠,003,바지,4,2112061,gakka2,가까이 유니언즈,[여름 or 기모 or 사계절 원단 선택] 원턱 와이드 스웨트팬츠 블랙,https://image.msscdn.net/images/goods_img/20210906/2112061/2112061_17459952841713_500.jpg,False
2025-09,A,003004,트레이닝/조거 팬츠,003,바지,5,1551839,xero,제로,Deep One Tuck Sweat Pants [Black],https://image.msscdn.net/images/goods_img/20200818/1551839/1551839_1_500.jpg,False
2025-09,A,003004,트레이닝/조거 팬츠,003,바지,6,1735427,selfesteem,에스이에스티,[2PACK] 와이드핏 트레이닝 스웨트 팬츠 - 6Color,https://image.msscdn.net/images/goods_img/20210104/1735427/1735427_17646558259203_500.jpg,False
2025-09,A,003004,트레이닝/조거 팬츠,003,바지,7,2112059,gakka2,가까이 유니언즈,[여름 or 기모 or 사계절 원단 선택] 원턱 와이드 스웨트팬츠 그레이,https://image.msscdn.net/images/goods_img/20210906/2112059/2112059_17473624399256_500.jpg,False
2025-09,A,003004,트레이닝/조거 팬츠,003,바지,8,5306789,scallywag,스켈리웩,88 크로스 백 패치 스웨트 팬츠[그레이],https://image.msscdn.net/images/goods_img/20250808/5306789/5306789_17872035459299_500.jpg,False
2025-09,A,003004,트레이닝/조거 팬츠,003,바지,9,4057732,lemainsecond,리메인세컨드,원턱 와이드 스웨트 팬츠 [그레이],https://image.msscdn.net/images/goods_img/20240416/4057732/4057732_17817553079562_500.jpg,False
2025-09,A,003004,트레이닝/조거 팬츠,003,바지,10,5338392,ambler,엠블러,Angel Star Patch 자수 원턱 스트링 와이드 스웨트 팬츠 AP903 (블랙),https://image.msscdn.net/images/goods_img/20250819/5338392/5338392_17564331759079_500.jpg,False
2025-09,A,003004,트레이닝/조거 팬츠,003,바지,11,2818150,musinsastandardwoman,무신사 스탠다드 우먼,우먼즈 와이드 카고 팬츠 [블랙],https://image.msscdn.net/images/goods_img/20220926/2818150/2818150_17489933476409_500.jpg,False
2025-09,A,003004,트레이닝/조거 팬츠,003,바지,12,4787238,signature,시그니처,더블턱 와이드 트레이닝 팬츠[2COLORS],https://image.msscdn.net/images/goods_img/20250213/4787238/4787238_17872918377778_500.jpg,False
2025-09,A,003004,트레이닝/조거 팬츠,003,바지,13,3037465,dimitriblack,디미트리블랙,VLAD 워터프루프 와이드 카고 팬츠_블랙,https://image.msscdn.net/images/goods_img/20230125/3037465/3037465_17727796661503_500.jpg,False
2025-09,A,003004,트레이닝/조거 팬츠,003,바지,14,2820939,musinsastandardwoman,무신사 스탠다드 우먼,우먼즈 더블 니트 투 턱 와이드 라운지 스웨트 팬츠 [블랙],https://image.msscdn.net/images/goods_img/20220927/2820939/2820939_17625014945098_500.jpg,False
2025-09,A,003004,트레이닝/조거 팬츠,003,바지,15,3238724,leathery,레더리,파라슈트 와이드 카고 팬츠 [4COLOR],https://image.msscdn.net/images/goods_img/20230417/3238724/3238724_17875353244658_500.jpg,False
2025-09,A,003004,트레이닝/조거 팬츠,003,바지,16,2744549,anolorcode,어널러코드,사계절 쓰리턱 트레이닝팬츠 (2color),https://image.msscdn.net/images/goods_img/20220825/2744549/2744549_17848712083816_500.jpg,False
2025-09,A,003004,트레이닝/조거 팬츠,003,바지,17,3674342,boundary,바운더리,투턱 와이드 롱 스웨트 팬츠 [그레이],https://image.msscdn.net/images/goods_img/20231101/3674342/3674342_17044188945397_500.jpg,False
2025-09,A,003004,트레이닝/조거 팬츠,003,바지,18,4556449,scallywag,스켈리웩,벌룬핏 스웨트 팬츠[라이트그레이],https://image.msscdn.net/images/goods_img/20241024/4556449/4556449_17891087880393_500.jpg,False
2025-09,A,003004,트레이닝/조거 팬츠,003,바지,19,5290236,likethemost,라이크더모스트,레오파드 하트 포켓 아플리케 트레이닝 핀턱 와이드 팬츠_블랙,https://image.msscdn.net/images/goods_img/20250804/5290236/5290236_17546325692187_500.jpg,False
2025-09,A,003004,트레이닝/조거 팬츠,003,바지,20,3792018,filluminate,필루미네이트,나일론 투 턱 테이핑 팬츠-블랙,https://image.msscdn.net/images/goods_img/20240112/3792018/3792018_17894495787885_500.jpg,False
2025-09,A,003004,트레이닝/조거 팬츠,003,바지,21,5308541,ghostrepublic,고스트리퍼블릭,커브드 사이드 핀턱 벌룬 스웨트팬츠 GLP-650_그레이,https://image.msscdn.net/images/goods_img/20250811/5308541/5308541_17560977545600_500.jpg,False
2025-09,A,003004,트레이닝/조거 팬츠,003,바지,22,2820940,musinsastandardwoman,무신사 스탠다드 우먼,우먼즈 더블 니트 투 턱 와이드 라운지 스웨트 팬츠 [미디엄 그레이],https://image.msscdn.net/images/goods_img/20220927/2820940/2820940_17625017266952_500.jpg,False
2025-09,A,003004,트레이닝/조거 팬츠,003,바지,23,4258826,buttonseoul,버튼서울,베이직 라인 나일론 스트링 팬츠 (블랙),https://image.msscdn.net/images/goods_img/20240718/4258826/4258826_17246350067348_500.png,False
2025-09,A,003004,트레이닝/조거 팬츠,003,바지,24,5306791,scallywag,스켈리웩,88 크로스 백 패치 스웨트 팬츠[블랙],https://image.msscdn.net/images/goods_img/20250808/5306791/5306791_17872033867218_500.jpg,False
2025-09,A,003004,트레이닝/조거 팬츠,003,바지,25,3439140,toffee,토피,파이핑 라인 트랙 스트링 팬츠 (BLACK),https://image.msscdn.net/images/goods_img/20230801/3439140/3439140_17821119476674_500.png,False
2025-09,A,003004,트레이닝/조거 팬츠,003,바지,26,5367961,dimitriblack,디미트리블랙,VLAD 원턱 커브드 트랙 스웻 팬츠_피그먼트 차콜,https://image.msscdn.net/images/goods_img/20250827/5367961/5367961_17564338248285_500.jpg,False
2025-09,A,003004,트레이닝/조거 팬츠,003,바지,27,3443300,likethemost,라이크더모스트,트레이닝 핀턱 와이드 팬츠 7colors,https://image.msscdn.net/images/goods_img/20230803/3443300/3443300_16913680049186_500.jpg,False
2025-09,A,003004,트레이닝/조거 팬츠,003,바지,28,3467384,againstallodds,에이지오디,와이드 빅포켓 코튼 카고 밴딩 팬츠 [카키],https://image.msscdn.net/images/goods_img/20230816/3467384/3467384_17895319440164_500.jpg,False
2025-09,A,003004,트레이닝/조거 팬츠,003,바지,29,4556447,scallywag,스켈리웩,벌룬핏 스웨트 팬츠[블랙],https://image.msscdn.net/images/goods_img/20241024/4556447/4556447_17890205647368_500.jpg,False
2025-09,A,003004,트레이닝/조거 팬츠,003,바지,30,5308542,ghostrepublic,고스트리퍼블릭,커브드 사이드 핀턱 벌룬 스웨트팬츠 GLP-650_블랙,https://image.msscdn.net/images/goods_img/20250811/5308542/5308542_17560976834295_500.jpg,False
2025-09,A,003007,코튼 팬츠,003,바지,1,4993414,signature,시그니처,와이드 커브드 다트 코튼 팬츠[베이지],https://image.msscdn.net/images/goods_img/20250407/4993414/4993414_17883391236407_500.jpg,False
2025-09,A,003007,코튼 팬츠,003,바지,2,4993411,signature,시그니처,와이드 커브드 다트 코튼 팬츠[블랙],https://image.msscdn.net/images/goods_img/20250407/4993411/4993411_17853022954116_500.jpg,False
2025-09,A,003007,코튼 팬츠,003,바지,3,5275962,drawfit,드로우핏,[패션플래닛X드로우핏] 세미 와이드 치노 팬츠 [6color],https://image.msscdn.net/images/goods_img/20250728/5275962/5275962_17564335392185_500.jpg,False
2025-09,A,003007,코튼 팬츠,003,바지,4,1627892,musinsastandard,무신사 스탠다드,레플리카 퍼티그 팬츠 [카키],https://image.msscdn.net/images/goods_img/20200928/1627892/1627892_17827088773028_500.jpg,False
2025-09,A,003007,코튼 팬츠,003,바지,5,2611226,musinsastandard,무신사 스탠다드,레플리카 퍼티그 팬츠 [세이지 그린],https://image.msscdn.net/images/goods_img/20220613/2611226/2611226_17827086766776_500.jpg,False
2025-09,A,003007,코튼 팬츠,003,바지,6,3684419,dickies,디키즈,더블니 85283 루즈핏 워크팬츠 Black,https://image.msscdn.net/images/goods_img/20231103/3684419/3684419_17751985153031_500.jpg,False
2025-09,A,003007,코튼 팬츠,003,바지,7,4354890,ason,애즈온,SMOG WIDE PANTS / BLACK,https://image.msscdn.net/images/goods_img/20240821/4354890/4354890_17286367536857_500.jpg,False
2025-09,A,003007,코튼 팬츠,003,바지,8,4441725,divein,다이브인,VERN CARGO PANTS V2 (4 COLOR),https://image.msscdn.net/images/goods_img/20240917/4441725/4441725_17769091775185_500.jpg,False
2025-09,A,003007,코튼 팬츠,003,바지,9,4318326,toffee,토피,퍼티그 비조 캔버스 코튼 팬츠 (BROWN),https://image.msscdn.net/images/goods_img/20240812/4318326/4318326_17255032477103_500.jpg,False
2025-09,A,003007,코튼 팬츠,003,바지,10,241111,uniformbridge,유니폼브릿지,cotton fatigue pants regular fit beige,https://image.msscdn.net/images/goods_img/20150826/241111/241111_17772739092913_500.jpg,False
2025-09,A,003007,코튼 팬츠,003,바지,11,1924274,suare,수아레,린넨 라이크 세미 와이드 밴딩 팬츠 - 10 COLOR,https://image.msscdn.net/images/goods_img/20210428/1924274/1924274_17152551704806_500.jpg,False
2025-09,A,003007,코튼 팬츠,003,바지,12,4613450,idontwannasell,아이돈워너셀,Soft Suede Twill Balloon Pants,https://image.msscdn.net/images/goods_img/20241113/4613450/4613450_17322612728135_500.jpg,False
2025-09,A,003007,코튼 팬츠,003,바지,13,3920059,signature,시그니처,원턱 와이드 치노 팬츠[베이지],https://image.msscdn.net/images/goods_img/20240304/3920059/3920059_17888487769046_500.jpg,False
2025-09,A,003007,코튼 팬츠,003,바지,14,4441726,divein,다이브인,VERN CARGO PANTS V2 (BLACK),https://image.msscdn.net/images/goods_img/20240917/4441726/4441726_17769090427302_500.jpg,False
2025-09,A,003007,코튼 팬츠,003,바지,15,1253200,bronson,브론슨,1942 US Army Chino Trousers Khaki,https://image.msscdn.net/images/goods_img/20191217/1253200/1253200_17737245176749_500.jpg,False
2025-09,A,003007,코튼 팬츠,003,바지,16,3837367,begin202,비긴202,워시드 코튼 도비 팬츠 [워시드 블랙],https://image.msscdn.net/images/goods_img/20240131/3837367/3837367_17066945929716_500.jpg,False
2025-09,A,003007,코튼 팬츠,003,바지,17,4734764,noun,노운,washed cargo pants (khaki),https://image.msscdn.net/images/goods_img/20250121/4734764/4734764_17417484391501_500.jpg,False
2025-09,A,003007,코튼 팬츠,003,바지,18,5131681,9999archive,9999아카이브,Technical Curved Jeans,https://image.msscdn.net/images/goods_img/20250520/5131681/5131681_17803771078111_500.jpg,False
2025-09,A,003007,코튼 팬츠,003,바지,19,4832110,intempomood,인템포무드,코튼 레이지보이 벌룬핏 팬츠 : 3컬러,https://image.msscdn.net/images/goods_img/20250225/4832110/4832110_17591290267135_500.jpg,False
2025-09,A,003007,코튼 팬츠,003,바지,20,4993190,untapped,언탭트 스튜디오,라이크린넨 원턱 와이드 밴딩 팬츠 3Color,https://image.msscdn.net/images/goods_img/20250407/4993190/4993190_17442590013409_500.jpg,False
2025-09,A,003007,코튼 팬츠,003,바지,21,1115290,musinsastandard,무신사 스탠다드,와이드 치노 팬츠 [베이지],https://image.msscdn.net/images/goods_img/20190809/1115290/1115290_1_500.jpg,False
2025-09,A,003007,코튼 팬츠,003,바지,22,4458382,millo,밀로 아카이브,더블 라운드 팬츠 [카키 브라운],https://image.msscdn.net/images/goods_img/20240924/4458382/4458382_17273478779591_500.jpg,False
2025-09,A,003007,코튼 팬츠,003,바지,23,5313497,signature,시그니처,트위스트 커브드 코튼 팬츠[블랙],https://image.msscdn.net/images/goods_img/20250812/5313497/5313497_17872917179333_500.jpg,False
2025-09,A,003007,코튼 팬츠,003,바지,24,5252479,losersclub,루저스클럽,멀티 카고포켓 와이드 면팬츠 베이지,https://image.msscdn.net/images/goods_img/20250716/5252479/5252479_17527336864868_500.jpg,False
2025-09,A,003007,코튼 팬츠,003,바지,25,3304652,musinsastandard,무신사 스탠다드,백 사틴 오피서 팬츠 [카키],https://image.msscdn.net/images/goods_img/20230518/3304652/3304652_16914692166478_500.jpg,False
2025-09,A,003007,코튼 팬츠,003,바지,26,4319523,toffee,토피,카펜터 퍼티그 워크 코튼 팬츠 (SAND GREY),https://image.msscdn.net/images/goods_img/20240812/4319523/4319523_17242056584363_500.jpg,False
2025-09,A,003007,코튼 팬츠,003,바지,27,1627893,musinsastandard,무신사 스탠다드,레플리카 퍼티그 팬츠 [블랙],https://image.msscdn.net/images/goods_img/20200928/1627893/1627893_17827086367405_500.jpg,False
2025-09,A,003007,코튼 팬츠,003,바지,28,2060759,goodlifeworks,굿라이프웍스,와이드 절개 벌룬팬츠 코튼 카키,https://image.msscdn.net/images/goods_img/20210812/2060759/2060759_17080505871544_500.jpg,False
2025-09,A,003007,코튼 팬츠,003,바지,29,4293032,thecoldestmoment,더콜디스트모먼트,TCM starfish chino pants (black),https://image.msscdn.net/images/goods_img/20240802/4293032/4293032_17231900851488_500.jpg,False
2025-09,A,003007,코튼 팬츠,003,바지,30,5313499,signature,시그니처,트위스트 커브드 코튼 팬츠[브라운],https://image.msscdn.net/images/goods_img/20250812/5313499/5313499_17872916471005_500.jpg,False
2025-09,A,003008,슈트 팬츠/슬랙스,003,바지,1,1149329,musinsastandard,무신사 스탠다드,세미 와이드 히든 밴딩 슬랙스 [블랙],https://image.msscdn.net/images/goods_img/20190910/1149329/1149329_17775152531848_500.jpg,False
2025-09,A,003008,슈트 팬츠/슬랙스,003,바지,2,1168922,musinsastandard,무신사 스탠다드,리얼 와이드 히든 밴딩 슬랙스 [블랙],https://image.msscdn.net/images/goods_img/20190927/1168922/1168922_17784624760417_500.jpg,False
2025-09,A,003008,슈트 팬츠/슬랙스,003,바지,3,1168906,musinsastandard,무신사 스탠다드,와이드 히든 밴딩 슬랙스 [블랙],https://image.msscdn.net/images/goods_img/20190927/1168906/1168906_17224121763738_500.jpg,False
2025-09,A,003008,슈트 팬츠/슬랙스,003,바지,4,750908,wholovesart,후러브스아트,유니섹스 세미 와이드 밴딩 슬랙스 블랙,https://image.msscdn.net/images/goods_img/20180406/750908/750908_17736379434172_500.jpg,False
2025-09,A,003008,슈트 팬츠/슬랙스,003,바지,5,2578996,signature,시그니처,더블턱 와이드 슬랙스[블랙],https://image.msscdn.net/images/goods_img/20220524/2578996/2578996_17870331293023_500.jpg,False
2025-09,A,003008,슈트 팬츠/슬랙스,003,바지,6,5310984,dimitriblack,디미트리블랙,어드저스트 투턱 와이드 슬랙스_스트라이프 차콜,https://image.msscdn.net/images/goods_img/20250811/5310984/5310984_17551515636020_500.jpg,False
2025-09,A,003008,슈트 팬츠/슬랙스,003,바지,7,1436504,musinsastandard,무신사 스탠다드,[쿨탠다드] 세미 와이드 히든 밴딩 슬랙스 [블랙],https://image.msscdn.net/images/goods_img/20200508/1436504/1436504_17516080113500_500.jpg,False
2025-09,A,003008,슈트 팬츠/슬랙스,003,바지,8,1149328,musinsastandard,무신사 스탠다드,테이퍼드 히든 밴딩 크롭 슬랙스 [블랙],https://image.msscdn.net/images/goods_img/20190910/1149328/1149328_17222375113367_500.jpg,False
2025-09,A,003008,슈트 팬츠/슬랙스,003,바지,9,2568748,musinsastandard,무신사 스탠다드,스트레이트 히든 밴딩 슬랙스 [블랙],https://image.msscdn.net/images/goods_img/20220518/2568748/2568748_17518450114735_500.jpg,False
2025-09,A,003008,슈트 팬츠/슬랙스,003,바지,10,2032901,musinsastandard,무신사 스탠다드,릴렉스드 테이퍼드 히든 밴딩 크롭 슬랙스 [블랙],https://image.msscdn.net/images/goods_img/20210719/2032901/2032901_17518455282793_500.jpg,False
2025-09,A,003008,슈트 팬츠/슬랙스,003,바지,11,1222184,musinsastandard,무신사 스탠다드,와이드 히든 밴딩 슬랙스 [미디엄 그레이],https://image.msscdn.net/images/goods_img/20191113/1222184/1222184_17222997169530_500.jpg,False
2025-09,A,003008,슈트 팬츠/슬랙스,003,바지,12,4761188,begin202,비긴202,록 링크 팬츠 [차콜 스트라이프],https://image.msscdn.net/images/goods_img/20250205/4761188/4761188_17387438502547_500.jpg,False
2025-09,A,003008,슈트 팬츠/슬랙스,003,바지,13,2477843,musinsastandard,무신사 스탠다드,리사이클 원 턱 릴렉스드 테이퍼드 히든 밴딩 크롭 슬랙스 [블랙],https://image.msscdn.net/images/goods_img/20220408/2477843/2477843_17137361962270_500.jpg,False
2025-09,A,003008,슈트 팬츠/슬랙스,003,바지,14,2708877,goodlifeworks,굿라이프웍스,투턱 와이드 슬랙스 블랙,https://image.msscdn.net/images/goods_img/20220810/2708877/2708877_17871103692858_500.jpg,False
2025-09,A,003008,슈트 팬츠/슬랙스,003,바지,15,5258799,musinsastandard,무신사 스탠다드,[노홍철 컬래버] 럭키 가이 플레어 슬랙스 [블랙],https://image.msscdn.net/images/goods_img/20250721/5258799/5258799_17761388571579_500.jpg,False
2025-09,A,003008,슈트 팬츠/슬랙스,003,바지,16,4352405,musinsastandard,무신사 스탠다드,플레어 히든 밴딩 슬랙스 [블랙],https://image.msscdn.net/images/goods_img/20240821/4352405/4352405_17896920770433_500.jpg,False
2025-09,A,003008,슈트 팬츠/슬랙스,003,바지,17,4163350,toffee,토피,섬머 내츄럴 와이드 밴딩 슬랙스 (5 COLOURS),https://image.msscdn.net/images/goods_img/20240529/4163350/4163350_17169624361130_500.jpg,False
2025-09,A,003008,슈트 팬츠/슬랙스,003,바지,18,2578997,signature,시그니처,더블턱 와이드 슬랙스[그레이],https://image.msscdn.net/images/goods_img/20220524/2578997/2578997_17870331107183_500.jpg,False
2025-09,A,003008,슈트 팬츠/슬랙스,003,바지,19,1596414,musinsastandardwoman,무신사 스탠다드 우먼,우먼즈 와이드 히든 밴딩 슬랙스 [블랙],https://image.msscdn.net/images/goods_img/20200911/1596414/1596414_17537745133548_500.jpg,False
2025-09,A,003008,슈트 팬츠/슬랙스,003,바지,20,1989228,musinsastandard,무신사 스탠다드,[쿨탠다드] 와이드 히든 밴딩 슬랙스 [블랙],https://image.msscdn.net/images/goods_img/20210609/1989228/1989228_17454727818337_500.jpg,False
2025-09,A,003008,슈트 팬츠/슬랙스,003,바지,21,4750069,workonbodyoff,워크온바디오프,세미 와이드 원턱 슬랙스 (2color),https://image.msscdn.net/images/goods_img/20250203/4750069/4750069_17895471637496_500.jpg,False
2025-09,A,003008,슈트 팬츠/슬랙스,003,바지,22,1575838,musinsastandard,무신사 스탠다드,슈퍼 와이드 히든 밴딩 슬랙스[블랙],https://image.msscdn.net/images/goods_img/20200901/1575838/1575838_17720071457722_500.jpg,False
2025-09,A,003008,슈트 팬츠/슬랙스,003,바지,23,2551390,musinsastandardwoman,무신사 스탠다드 우먼,우먼즈 하이 웨이스트 와이드 히든 밴딩 슬랙스 [블랙],https://image.msscdn.net/images/goods_img/20220511/2551390/2551390_17537691701922_500.jpg,False
2025-09,A,003008,슈트 팬츠/슬랙스,003,바지,24,1224095,musinsastandard,무신사 스탠다드,세미 와이드 히든 밴딩 슬랙스 [미디엄 그레이],https://image.msscdn.net/images/goods_img/20191113/1224095/1224095_17518463307099_500.jpg,False
2025-09,A,003008,슈트 팬츠/슬랙스,003,바지,25,4741265,begin202,비긴202,록 링크 팬츠 [블랙],https://image.msscdn.net/images/goods_img/20250123/4741265/4741265_17387431511841_500.jpg,False
2025-09,A,003008,슈트 팬츠/슬랙스,003,바지,26,1224094,musinsastandard,무신사 스탠다드,세미 와이드 히든 밴딩 슬랙스 [차콜 그레이],https://image.msscdn.net/images/goods_img/20191113/1224094/1224094_17518465836463_500.jpg,False
2025-09,A,003008,슈트 팬츠/슬랙스,003,바지,27,2792571,musinsastandardwoman,무신사 스탠다드 우먼,우먼즈 세미 부츠 컷 히든 밴딩 슬랙스 [블랙],https://image.msscdn.net/images/goods_img/20220915/2792571/2792571_17851425097064_500.jpg,False
2025-09,A,003008,슈트 팬츠/슬랙스,003,바지,28,4663961,musinsastandard,무신사 스탠다드,라이트 플레인 원 턱 와이드 히든 밴딩 슬랙스 [블랙],https://image.msscdn.net/images/goods_img/20241213/4663961/4663961_17441656109455_500.jpg,False
2025-09,A,003008,슈트 팬츠/슬랙스,003,바지,29,1458942,signature,시그니처,세미 부츠컷 슬랙스 [블랙],https://image.msscdn.net/images/goods_img/20200522/1458942/1458942_17870329488948_500.jpg,False
2025-09,A,003008,슈트 팬츠/슬랙스,003,바지,30,4826028,signature,시그니처,멀티턱 와이드 슬랙스[블랙스트라이프],https://image.msscdn.net/images/goods_img/20250224/4826028/4826028_17865134806707_500.jpg,False
2025-09,A,003009,숏 팬츠,003,바지,1,1926034,xero,제로,Deep One Tuck Sweat Shorts [Black],https://image.msscdn.net/images/goods_img/20210428/1926034/1926034_1_500.jpg,False
2025-09,A,003009,숏 팬츠,003,바지,2,1926048,xero,제로,Deep One Tuck Sweat Shorts [Grey],https://image.msscdn.net/images/goods_img/20210428/1926048/1926048_1_500.jpg,False
2025-09,A,003009,숏 팬츠,003,바지,3,4655528,rife,러닝라이프,스포츠 반바지 쇼츠 프로 (2IN1),https://image.msscdn.net/images/goods_img/20241208/4655528/4655528_17848724072396_500.png,False
2025-09,A,003009,숏 팬츠,003,바지,4,2574822,brenson,브렌슨,(Renew Ver.) 원턱 와이드 반바지 ( 6Color ),https://image.msscdn.net/images/goods_img/20220523/2574822/2574822_17774456124536_500.jpg,False
2025-09,A,003009,숏 팬츠,003,바지,5,2971574,afresh,어프레쉬,[2PACK SET]에어스트레치 쇼츠 트레이닝 3COLOR,https://image.msscdn.net/images/goods_img/20221205/2971574/2971574_17851150878712_500.jpg,False
2025-09,A,003009,숏 팬츠,003,바지,6,1519475,lazybee,레이지비,컴팩트 2in1 러닝 쇼츠 남녀 스포츠 반바지 레깅스 (헬스 워터 운동) 팬츠 M 3컬러,https://image.msscdn.net/images/goods_img/20200717/1519475/1519475_17730386715982_500.jpg,False
2025-09,A,003009,숏 팬츠,003,바지,7,2508821,afresh,어프레쉬,에어스트레치 쇼츠_블랙 트레이닝,https://image.msscdn.net/images/goods_img/20220422/2508821/2508821_17858059555654_500.jpg,False
2025-09,A,003009,숏 팬츠,003,바지,8,4172788,nike,나이키,드라이 핏 챌린저 5인치 브리프 라인드 버서타일 쇼츠 M - 블랙/ DV9364-010,https://image.msscdn.net/images/goods_img/20240603/4172788/4172788_17186043509123_500.jpg,False
2025-09,A,003009,숏 팬츠,003,바지,9,5012749,dimitriblack,디미트리블랙,바이오워싱 카펜터 버뮤다 데님 팬츠_더스트 인디고,https://image.msscdn.net/images/goods_img/20250410/5012749/5012749_17739932409819_500.jpg,False
2025-09,A,003009,숏 팬츠,003,바지,10,3228764,dimitriblack,디미트리블랙,바이오워싱 카펜터 버뮤다 데님 팬츠_라이트블루,https://image.msscdn.net/images/goods_img/20230412/3228764/3228764_17769946291978_500.jpg,False
2025-09,A,003009,숏 팬츠,003,바지,11,5086823,yosemite,요세미티,핀턱 카펜터 버뮤다 스웨트 팬츠 블랙 YP-501,https://image.msscdn.net/images/goods_img/20250502/5086823/5086823_17461700029379_500.jpg,False
2025-09,A,003009,숏 팬츠,003,바지,12,5086826,yosemite,요세미티,핀턱 카펜터 버뮤다 스웨트 팬츠 그레이 YP-501,https://image.msscdn.net/images/goods_img/20250502/5086826/5086826_17461700113382_500.jpg,False
2025-09,A,003009,숏 팬츠,003,바지,13,544003,grooverhyme,그루브라임,[2PACK] BASIC HALF PANTS (C100 30S트윌 풀밴딩 4부 쇼츠) (19COLOR) [LRAMCNH750P],https://image.msscdn.net/images/goods_img/20170424/544003/544003_17430626093637_500.jpg,False
2025-09,A,003009,숏 팬츠,003,바지,14,3513309,momg,필립페이커,카펜터 버뮤다 스웨트 8부 팬츠 블랙,https://image.msscdn.net/images/goods_img/20230830/3513309/3513309_16934722502141_500.jpg,False
2025-09,A,003009,숏 팬츠,003,바지,15,5256111,rife,러닝라이프,스포츠 투인원 러닝 프로 쇼츠 플러스,https://image.msscdn.net/images/goods_img/20250718/5256111/5256111_17736471265189_500.png,False
2025-09,A,003009,숏 팬츠,003,바지,16,4076337,lemainsecond,리메인세컨드,버뮤다 와이드 원턱 스웨트 쇼츠_3COLOR,https://image.msscdn.net/images/goods_img/20240423/4076337/4076337_17645527519078_500.jpg,False
2025-09,A,003009,숏 팬츠,003,바지,17,4989763,leire,르아르,에브리데이 버뮤다 데님 쇼츠 [블랙],https://image.msscdn.net/images/goods_img/20250404/4989763/4989763_17496921703038_500.jpg,False
2025-09,A,003009,숏 팬츠,003,바지,18,3056133,musinsastandardsp,무신사 스탠다드 스포츠,러닝 라이트웨이트 2in1 5인치 쇼츠 [4colors],https://image.msscdn.net/images/goods_img/20230202/3056133/3056133_17744087896760_500.jpg,False
2025-09,A,003009,숏 팬츠,003,바지,19,4097271,dimitriblack,디미트리블랙,ASI 에센셜 버뮤다 스웻 팬츠_피그먼트 그레이,https://image.msscdn.net/images/goods_img/20240430/4097271/4097271_17167912046664_500.png,False
2025-09,A,003009,숏 팬츠,003,바지,20,3735878,musinsastandardsp,무신사 스탠다드 스포츠,짐 코튼메쉬 버뮤다 쇼츠 (6color),https://image.msscdn.net/images/goods_img/20231128/3735878/3735878_17536690759213_500.jpg,False
2025-09,A,003009,숏 팬츠,003,바지,21,5167870,adidas,아디다스,와플 숏 팬츠 - 다크브라운 / KB5464,https://image.msscdn.net/images/goods_img/20250605/5167870/5167870_17498074441271_500.jpg,False
2025-09,A,003009,숏 팬츠,003,바지,22,2439242,hadex,에이치덱스,액티브 쇼츠 8 color,https://image.msscdn.net/images/goods_img/20220323/2439242/2439242_17905565501800_500.jpg,False
2025-09,A,003009,숏 팬츠,003,바지,23,4162727,musinsastandardsp,무신사 스탠다드 스포츠,퀵드라이 러닝 7인치 쇼츠 (3color),https://image.msscdn.net/images/goods_img/20240529/4162727/4162727_17744075484634_500.jpg,False
2025-09,A,003009,숏 팬츠,003,바지,24,3231055,againstallodds,에이지오디,버뮤다 와이드 원턱 스웨트 쇼츠 [그레이],https://image.msscdn.net/images/goods_img/20230413/3231055/3231055_17108290911916_500.jpg,False
2025-09,A,003009,숏 팬츠,003,바지,25,4111296,trillion,트릴리온,캣 브러쉬 워시드 버뮤다 데님 쇼츠 (NORMAL BLACK),https://image.msscdn.net/images/goods_img/20240507/4111296/4111296_17471253413933_500.jpg,False
2025-09,A,003009,숏 팬츠,003,바지,26,4096918,toffee,토피,워시드 버뮤다 데님 팬츠 (GREY),https://image.msscdn.net/images/goods_img/20240430/4096918/4096918_17187556835563_500.jpg,False
2025-09,A,003009,숏 팬츠,003,바지,27,5026019,scallywag,스켈리웩,사이드 빅 로고 버뮤다 스웨트 쇼츠[블랙],https://image.msscdn.net/images/goods_img/20250414/5026019/5026019_17839265880170_500.jpg,False
2025-09,A,003009,숏 팬츠,003,바지,28,3285871,adidas,아디다스,스프린터 숏 팬츠 - 블랙 / HS2069,https://image.msscdn.net/images/goods_img/20230509/3285871/3285871_16847194849401_500.jpg,False
2025-09,A,003009,숏 팬츠,003,바지,29,4099269,unionstudio,유니온스튜디오,원턱 버뮤다 스웨트 팬츠 ( 4Color ),https://image.msscdn.net/images/goods_img/20240501/4099269/4099269_17853070777243_500.jpg,False
2025-09,A,003009,숏 팬츠,003,바지,30,4655062,musinsastandard,무신사 스탠다드,원 턱 카고 버뮤다 스웨트 팬츠 [미디엄 그레이],https://image.msscdn.net/images/goods_img/20241206/4655062/4655062_17447888034410_500.jpg,False
2025-09,A,003005,레깅스,003,바지,1,5177971,xexymix,젝시믹스,[2PACK] V업 3D 플러스 레깅스 XP9156T,https://image.msscdn.net/images/goods_img/20250611/5177971/5177971_17719020821265_500.jpg,False
2025-09,A,003005,레깅스,003,바지,2,4655538,rife,러닝라이프,레이싱 하프 타이즈,https://image.msscdn.net/images/goods_img/20241208/4655538/4655538_17814984003273_500.png,False
2025-09,A,003005,레깅스,003,바지,3,5253069,xexymix,젝시믹스,[2PACK] 젤라 인텐션 바이커 쇼츠 5부 XWFSG01H2,https://image.msscdn.net/images/goods_img/20250717/5253069/5253069_17709515399841_500.jpg,False
2025-09,A,003005,레깅스,003,바지,4,3572490,physicalgarments,피지컬가먼츠,P5016 우먼 라이트 부츠컷 레깅스 [블랙],https://image.msscdn.net/images/goods_img/20230919/3572490/3572490_16952716547042_500.jpg,False
2025-09,A,003005,레깅스,003,바지,5,5234928,xexymix,젝시믹스,젤라 인텐션 바이커 쇼츠 3부 블랙 XP9172F,https://image.msscdn.net/images/goods_img/20250709/5234928/5234928_17816733295961_500.jpg,False
2025-09,A,003005,레깅스,003,바지,6,5252900,xexymix,젝시믹스,[2PACK] 젤라 인텐션 바이커 쇼츠 3부 XP9172F,https://image.msscdn.net/images/goods_img/20250717/5252900/5252900_17708702174576_500.png,False
2025-09,A,003005,레깅스,003,바지,7,5252982,xexymix,젝시믹스,[2PACK] 젤라 인텐션 부츠컷 팬츠 숏&롱 XWFLG02H3_XWFLG06J1,https://image.msscdn.net/images/goods_img/20250717/5252982/5252982_17695059663346_500.jpg,False
2025-09,A,003005,레깅스,003,바지,8,4941789,hadex,에이치덱스,우먼스 서포트 파이핑 부츠컷 레깅스 (Black),https://image.msscdn.net/images/goods_img/20250325/4941789/4941789_17725888825854_500.jpg,False
2025-09,A,003005,레깅스,003,바지,9,3487482,volante,볼란테,Daily Leggings Pants [Black],https://image.msscdn.net/images/goods_img/20230822/3487482/3487482_17484841422034_500.jpg,False
2025-09,A,003005,레깅스,003,바지,10,3750666,borntowin,본투윈,B LOGO 3.5 BIKER SHORTS [BLACK],https://image.msscdn.net/images/goods_img/20231208/3750666/3750666_17579026718469_500.jpg,False
2025-09,A,003005,레깅스,003,바지,11,4501828,borntowin,본투윈,SYMBOL B PIPING BOOTS CUT LEGGINGS [BLACK],https://image.msscdn.net/images/goods_img/20241010/4501828/4501828_17766499249287_500.jpg,False
2025-09,A,003005,레깅스,003,바지,12,5374305,freedomathletic,프리덤,우먼스 올림피아 슬림 부츠컷 팬츠 (블랙),https://image.msscdn.net/images/goods_img/20250828/5374305/5374305_17567947662014_500.jpg,False
2025-09,A,003005,레깅스,003,바지,13,3975909,nike,나이키,프로 드라이 핏 피트니스 타이츠 M - 블랙:화이트 / FB7953-010,https://image.msscdn.net/images/goods_img/20240321/3975909/3975909_17115943559810_500.jpg,False
2025-09,A,003005,레깅스,003,바지,14,1772548,underarmour,언더아머,히트기어 아머 컴프레션 쇼츠 1361596-001,https://image.msscdn.net/images/goods_img/20210202/1772548/1772548_1_500.jpg,False
2025-09,A,003005,레깅스,003,바지,15,4179748,nike,나이키,프로 드라이 핏 피트니스 쇼츠 M - 블랙:화이트 / FB7959-010,https://image.msscdn.net/images/goods_img/20240605/4179748/4179748_17183400956580_500.jpg,False
2025-09,A,003005,레깅스,003,바지,16,3940246,hadex,에이치덱스,우먼스 서포트 부츠컷 레깅스 (Black),https://image.msscdn.net/images/goods_img/20240311/3940246/3940246_17888258046932_500.jpg,False
2025-09,A,003005,레깅스,003,바지,17,5236479,xexymix,젝시믹스,젤라 인텐션 부츠컷 팬츠 블랙 XWFLG02H3_XWFLG06J1,https://image.msscdn.net/images/goods_img/20250709/5236479/5236479_17695064111644_500.jpg,False
2025-09,A,003005,레깅스,003,바지,18,4637965,musinsastandardsp,무신사 스탠다드 스포츠,러닝 숏 타이즈,https://image.msscdn.net/images/goods_img/20241126/4637965/4637965_17496987065353_500.jpg,False
2025-09,A,003005,레깅스,003,바지,19,3449637,xexymix,젝시믹스,블랙라벨 시그니처 360N 더블플러피 기모 레깅스 블랙,https://image.msscdn.net/images/goods_img/20230808/3449637/3449637_17026088164053_500.jpg,False
2025-09,A,003005,레깅스,003,바지,20,5337143,hadex,에이치덱스,우먼스 서포트 파이핑 부츠컷 레깅스 (Navy),https://image.msscdn.net/images/goods_img/20250819/5337143/5337143_17564577436131_500.jpg,False
2025-09,A,003005,레깅스,003,바지,21,3720910,bysec,바이젝,우븐스판 머슬 브레이커 팬츠,https://image.msscdn.net/images/goods_img/20231117/3720910/3720910_17653319647389_500.jpg,False
2025-09,A,003005,레깅스,003,바지,22,5132516,xexymix,젝시믹스,[2 PACK] 블랙라벨 시그니처 360N 레깅스 XP9157T,https://image.msscdn.net/images/goods_img/20250520/5132516/5132516_17719014666256_500.jpg,False
2025-09,A,003005,레깅스,003,바지,23,4216275,nike,나이키,프로 365 8인치 쇼츠 W - 블랙:화이트 / CZ9841-010,https://image.msscdn.net/images/goods_img/20240624/4216275/4216275_17199758081501_500.jpg,False
2025-09,A,003005,레깅스,003,바지,24,1466284,musinsastandardsp,무신사 스탠다드 스포츠,컴프레션 레깅스 [블랙],https://image.msscdn.net/images/goods_img/20200528/1466284/1466284_17228236161876_500.jpg,False
2025-09,A,003005,레깅스,003,바지,25,4251057,borntowin,본투윈,STROKE B BOOTS CUT LEGGINGS [BLACK],https://image.msscdn.net/images/goods_img/20240716/4251057/4251057_17591062774466_500.jpg,False
2025-09,A,003005,레깅스,003,바지,26,4660553,rife,러닝라이프,러닝 컴프레션 레깅스 하프 타이즈,https://image.msscdn.net/images/goods_img/20241211/4660553/4660553_17338929694216_500.jpg,False
2025-09,A,003005,레깅스,003,바지,27,5256104,rife,러닝라이프,핸즈프리 러닝 스포츠 레깅스 4.5부,https://image.msscdn.net/images/goods_img/20250718/5256104/5256104_17841645597602_500.png,False
2025-09,A,003005,레깅스,003,바지,28,3379413,andar,안다르,[2 PACK] 에어쿨링 지니 시그니처 레깅스 (8.2부),https://image.msscdn.net/images/goods_img/20230623/3379413/3379413_17236154118022_500.jpg,False
2025-09,A,003005,레깅스,003,바지,29,2579768,cielcoco,씨엘코코,CLWP3013 텐션 업 바이커 쇼츠 블랙,https://image.msscdn.net/images/goods_img/20220524/2579768/2579768_17554927910484_500.jpg,False
2025-09,A,003005,레깅스,003,바지,30,5319852,nike,나이키,패스트 드라이 핏 하프 러닝 타이츠 M - 블랙 / IH4518-010,https://image.msscdn.net/images/goods_img/20250813/5319852/5319852_17556473518128_500.jpg,False
2025-09,A,003010,점프 슈트/오버올,003,바지,1,3882593,dickies,디키즈,BIB 오버롤 데님팬츠 Indigo,https://image.msscdn.net/images/goods_img/20240220/3882593/3882593_17083946750395_500.jpg,False
2025-09,A,003010,점프 슈트/오버올,003,바지,2,5365896,somewherebutter,썸웨어버터,Vintage Combi Cotton Overall - Vintage Brown,https://image.msscdn.net/images/goods_img/20250826/5365896/5365896_17575788696460_500.jpg,False
2025-09,A,003010,점프 슈트/오버올,003,바지,3,4328109,unknownplanet,언노운 플라넷,[여름원단추가]오버롤 미디엄 샌드 블루,https://image.msscdn.net/images/goods_img/20240814/4328109/4328109_17829642557299_500.jpg,False
2025-09,A,003010,점프 슈트/오버올,003,바지,4,3882592,dickies,디키즈,48799 점프수트 커버올 Dark Navy,https://image.msscdn.net/images/goods_img/20240220/3882592/3882592_17083946690660_500.jpg,False
2025-09,A,003010,점프 슈트/오버올,003,바지,5,5036023,somewherebutter,썸웨어버터,Combi Denim Overall - Middle Blue,https://image.msscdn.net/images/goods_img/20250416/5036023/5036023_17554794776577_500.jpg,False
2025-09,A,003010,점프 슈트/오버올,003,바지,6,4738335,somewherebutter,썸웨어버터,Combi Cotton Overall - Ivory,https://image.msscdn.net/images/goods_img/20250122/4738335/4738335_17401239823088_500.jpg,False
2025-09,A,003010,점프 슈트/오버올,003,바지,7,3882591,dickies,디키즈,48799 점프수트 커버올 Black,https://image.msscdn.net/images/goods_img/20240220/3882591/3882591_17083946635450_500.jpg,False
2025-09,A,003010,점프 슈트/오버올,003,바지,8,3928305,avan,어반드레스,Painter Jumpsuit BLACK,https://image.msscdn.net/images/goods_img/20240306/3928305/3928305_17171286086255_500.jpg,False
2025-09,A,003010,점프 슈트/오버올,003,바지,9,4890748,thebarnnet,더바넷,Farmers Cotton Overall_Khaki,https://image.msscdn.net/images/goods_img/20250312/4890748/4890748_17419280100501_500.jpg,False
2025-09,A,003010,점프 슈트/오버올,003,바지,10,4894153,thebarnnet,더바넷,Hickory Striped Denim Overall,https://image.msscdn.net/images/goods_img/20250313/4894153/4894153_17418664127518_500.jpg,False
2025-09,A,003010,점프 슈트/오버올,003,바지,11,3242498,thombrowne,톰브라운,스포츠 코트 점프수트 - 그레이 / MUU020AF0169035,https://image.msscdn.net/images/goods_img/20230418/3242498/3242498_16890531404515_500.jpg,False
2025-09,A,003010,점프 슈트/오버올,003,바지,12,3040868,nastyfancyclub,팬시클럽,[NF] 유쓰 데님 오버롤_F23QD844,https://image.msscdn.net/images/goods_img/20230126/3040868/3040868_17423452286743_500.jpg,False
2025-09,A,003010,점프 슈트/오버올,003,바지,13,4992208,dickies,디키즈,BIB 덕 캔버스 오버롤 팬츠 Black,https://image.msscdn.net/images/goods_img/20250407/4992208/4992208_17439910949493_500.jpg,False
2025-09,A,003010,점프 슈트/오버올,003,바지,14,3983417,magoodgan,맥우드건,파번 5807  나일론 오버핏 그레이시블루 점프수트,https://image.msscdn.net/images/goods_img/20240322/3983417/3983417_17110910937037_500.jpg,False
2025-09,A,003010,점프 슈트/오버올,003,바지,15,2775784,unknownplanet,언노운 플라넷,UP-305 오버롤 빈티지 데님 팬츠,https://image.msscdn.net/images/goods_img/20220907/2775784/2775784_17282857086683_500.jpg,False
2025-09,A,003010,점프 슈트/오버올,003,바지,16,3242184,bendavis,벤 데이비스,오리지널 오버롤 블랙,https://image.msscdn.net/images/goods_img/20230418/3242184/3242184_16825750601905_500.jpg,False
2025-09,A,003010,점프 슈트/오버올,003,바지,17,5365895,somewherebutter,썸웨어버터,Vintage Combi Cotton Overall - Oat Beige,https://image.msscdn.net/images/goods_img/20250826/5365895/5365895_17575788592517_500.jpg,False
2025-09,A,003010,점프 슈트/오버올,003,바지,18,4300008,lee,리,유니 오버롤 팬츠 인디고 다크,https://image.msscdn.net/images/goods_img/20240806/4300008/4300008_17270796940952_500.jpg,False
2025-09,A,003010,점프 슈트/오버올,003,바지,19,4972257,piretti,피레티,마테라 점프수트 W_White,https://image.msscdn.net/images/goods_img/20250401/4972257/4972257_17670668454163_500.jpg,False
2025-09,A,003010,점프 슈트/오버올,003,바지,20,2063625,philogram,필로그램,PLG 데님 점프수트(Blue),https://image.msscdn.net/images/goods_img/20210813/2063625/2063625_16945900853647_500.jpg,False
2025-09,A,003010,점프 슈트/오버올,003,바지,21,4562325,anglan,앵글런,Backsatin Work Wide Overall - Navy,https://image.msscdn.net/images/goods_img/20241027/4562325/4562325_17306403102865_500.jpg,False
2025-09,A,003010,점프 슈트/오버올,003,바지,22,3940871,dickies,디키즈,BIB 덕 캔버스 오버롤 팬츠 Brown,https://image.msscdn.net/images/goods_img/20240312/3940871/3940871_17102073745483_500.jpg,False
2025-09,A,003010,점프 슈트/오버올,003,바지,23,4798034,lee,리,유니 오버롤 팬츠 인디고 미듐,https://image.msscdn.net/images/goods_img/20250218/4798034/4798034_17422614188036_500.jpg,False
2025-09,A,003010,점프 슈트/오버올,003,바지,24,5235193,levis,리바이스,빈티지 데님 오버롤_85315-0036,https://image.msscdn.net/images/goods_img/20250709/5235193/5235193_17520436275713_500.jpg,False
2025-09,A,003010,점프 슈트/오버올,003,바지,25,5221640,doublejd,더블제이디,지퍼 점프슈트(블랙),https://image.msscdn.net/images/goods_img/20250702/5221640/5221640_17514393040747_500.jpg,False
2025-09,A,003010,점프 슈트/오버올,003,바지,26,3049156,snowpeakapparel,스노우피크 어패럴,루트 점프 수트 Dark Khaki (S23MUROP27),https://image.msscdn.net/images/goods_img/20230131/3049156/3049156_16757501494545_500.jpg,False
2025-09,A,003010,점프 슈트/오버올,003,바지,27,5206672,thebarnnet,더바넷,Hickory Striped Denim Overall_White,https://image.msscdn.net/images/goods_img/20250625/5206672/5206672_17508338908974_500.jpg,False
2025-09,A,003010,점프 슈트/오버올,003,바지,28,3049154,snowpeakapparel,스노우피크 어패럴,루트 점프 수트 Black (S23MUROP27),https://image.msscdn.net/images/goods_img/20230131/3049154/3049154_16757501689711_500.jpg,False
2025-09,A,003010,점프 슈트/오버올,003,바지,29,4729424,overdueflair,오버듀플레어,TAILORED PLEATS JUMPSUIT_WHITE,https://image.msscdn.net/images/goods_img/20250120/4729424/4729424_17388206360287_500.jpg,False
2025-09,A,003010,점프 슈트/오버올,003,바지,30,4760876,millowomen,밀로 우먼,더블니 크로스 오버롤 [블랙],https://image.msscdn.net/images/goods_img/20250205/4760876/4760876_17586792003409_500.jpg,False
2025-09,A,003006,기타 하의,003,바지,1,3404705,musinsastandard,무신사 스탠다드,시티 레저 CN 와이드 벨티드 파라슈트 팬츠 [블랙],https://image.msscdn.net/images/goods_img/20230712/3404705/3404705_17134029927665_500.jpg,False
2025-09,A,003006,기타 하의,003,바지,2,4993373,aakam,아캄,Knee Pin-tuck Studded Cotton Pants (Khaki),https://image.msscdn.net/images/goods_img/20250407/4993373/4993373_17453045907117_500.jpg,False
2025-09,A,003006,기타 하의,003,바지,3,4210131,musinsastandard,무신사 스탠다드,시티 레저 CN 벨티드 유틸리티 팬츠 [블랙],https://image.msscdn.net/images/goods_img/20240620/4210131/4210131_17294816036943_500.jpg,False
2025-09,A,003006,기타 하의,003,바지,4,4274065,lemainsecond,리메인세컨드,와이드 빅포켓 파라슈트 밴딩 카고 팬츠 [카키],https://image.msscdn.net/images/goods_img/20240725/4274065/4274065_17616963476707_500.jpg,False
2025-09,A,003006,기타 하의,003,바지,5,2978123,musinsastandardwoman,무신사 스탠다드 우먼,우먼즈 파라슈트 팬츠 [블랙],https://image.msscdn.net/images/goods_img/20221209/2978123/2978123_17677822252857_500.jpg,False
2025-09,A,003006,기타 하의,003,바지,6,4210133,musinsastandard,무신사 스탠다드,시티 레저 CN 벨티드 유틸리티 팬츠 [그레이],https://image.msscdn.net/images/goods_img/20240620/4210133/4210133_17294814021978_500.jpg,False
2025-09,A,003006,기타 하의,003,바지,7,3411538,musinsastandard,무신사 스탠다드,나일론 파라슈트 팬츠 [블랙],https://image.msscdn.net/images/goods_img/20230717/3411538/3411538_16938694187008_500.jpg,False
2025-09,A,003006,기타 하의,003,바지,8,4969760,aakam,아캄,Knee Pin-tuck Contrast Cargo Pants (Dark Gray),https://image.msscdn.net/images/goods_img/20250331/4969760/4969760_17436576295565_500.jpg,False
2025-09,A,003006,기타 하의,003,바지,9,4798024,aakam,아캄,Knee Pin-tuck Contrast Cargo Pants (Black),https://image.msscdn.net/images/goods_img/20250218/4798024/4798024_17400861432023_500.jpg,False
2025-09,A,003006,기타 하의,003,바지,10,2978126,musinsastandardwoman,무신사 스탠다드 우먼,우먼즈 파라슈트 팬츠 [건메탈],https://image.msscdn.net/images/goods_img/20221209/2978126/2978126_17677824398044_500.jpg,False
2025-09,A,003006,기타 하의,003,바지,11,4793993,xtonzwoman,루나키후,WXP040 슈팅 스타 스트라이프 벌룬 팬츠 (BLACK),https://image.msscdn.net/images/goods_img/20250217/4793993/4793993_17715625661504_500.jpg,False
2025-09,A,003006,기타 하의,003,바지,12,5516599,yeezy,이지,PT-01,https://image.msscdn.net/images/goods_img/20250923/5516599/5516599_17586178882514_500.jpg,False
2025-09,A,003006,기타 하의,003,바지,13,4993369,aakam,아캄,Knee Pin-tuck Studded Cotton Pants (Black),https://image.msscdn.net/images/goods_img/20250407/4993369/4993369_17453044502327_500.jpg,False
2025-09,A,003006,기타 하의,003,바지,14,4577688,nike,나이키,ACG 스미스 서밋 카고 팬츠 M - 블랙:안트라사이트:서밋 화이트 / FN0429-010,https://image.msscdn.net/images/goods_img/20241031/4577688/4577688_17307976345858_500.jpg,False
2025-09,A,003006,기타 하의,003,바지,15,4274062,lemainsecond,리메인세컨드,와이드 빅포켓 파라슈트 밴딩 카고 팬츠 [블랙],https://image.msscdn.net/images/goods_img/20240725/4274062/4274062_17557348882367_500.jpg,False
2025-09,A,003006,기타 하의,003,바지,16,4728654,filluminate,필루미네이트,밀리터리 카고 팬츠-블랙,https://image.msscdn.net/images/goods_img/20250119/4728654/4728654_17425206583875_500.jpg,False
2025-09,A,003006,기타 하의,003,바지,17,3730368,musinsastandardwoman,무신사 스탠다드 우먼,우먼즈 브라이트 나일론 파라슈트 팬츠 [다크 그레이],https://image.msscdn.net/images/goods_img/20231123/3730368/3730368_17071165657261_500.jpg,False
2025-09,A,003006,기타 하의,003,바지,18,3758422,musinsastandardwoman,무신사 스탠다드 우먼,우먼즈 세미 부츠 컷 유틸리티 카고 팬츠 [블랙],https://image.msscdn.net/images/goods_img/20231215/3758422/3758422_17086597985894_500.jpg,False
2025-09,A,003006,기타 하의,003,바지,19,2926541,brenson,브렌슨,(Renew Ver.) 코듀로이 원턱 와이드 밴딩팬츠 ( 5Color ),https://image.msscdn.net/images/goods_img/20221108/2926541/2926541_17623049889755_500.jpg,False
2025-09,A,003006,기타 하의,003,바지,20,3758425,musinsastandardwoman,무신사 스탠다드 우먼,우먼즈 세미 부츠 컷 유틸리티 카고 팬츠 [다크 그레이],https://image.msscdn.net/images/goods_img/20231215/3758425/3758425_17267126895773_500.jpg,False
2025-09,A,003006,기타 하의,003,바지,21,3757179,musinsastandard,무신사 스탠다드,시티 레저 CN 와이드 벨티드 파라슈트 팬츠 [그레이],https://image.msscdn.net/images/goods_img/20231215/3757179/3757179_17101165402246_500.jpg,False
2025-09,A,003006,기타 하의,003,바지,22,5367618,arcteryx,아크테릭스,크로닌 팬츠 남성 - BLACK / APPFM10549,https://image.msscdn.net/images/goods_img/20250827/5367618/5367618_17573796012029_500.jpg,False
2025-09,A,003006,기타 하의,003,바지,23,3868565,misekiseoul,미세키서울,Pocket cargo bootscut pants BLACK,https://image.msscdn.net/images/goods_img/20240214/3868565/3868565_17816741879898_500.jpg,False
2025-09,A,003006,기타 하의,003,바지,24,4790472,nike,나이키,ACG 스미스 서밋 카고 팬츠 W - 블랙:서밋 화이트 / FN1948-010,https://image.msscdn.net/images/goods_img/20250214/4790472/4790472_17397543553219_500.jpg,False
2025-09,A,003006,기타 하의,003,바지,25,5095277,danswer,디앤에스알,벨티드 드레이프 슬랙스 인디고,https://image.msscdn.net/images/goods_img/20250508/5095277/5095277_17761411957188_500.jpg,False
2025-09,A,003006,기타 하의,003,바지,26,4304163,aakam,아캄,Knee Pin-tuck Camouflage Twill Pants (Black),https://image.msscdn.net/images/goods_img/20240807/4304163/4304163_17243269019342_500.jpg,False
2025-09,A,003006,기타 하의,003,바지,27,3411541,musinsastandard,무신사 스탠다드,나일론 파라슈트 팬츠  [그레이],https://image.msscdn.net/images/goods_img/20230717/3411541/3411541_16939020628994_500.jpg,False
2025-09,A,003006,기타 하의,003,바지,28,5045835,giordano,지오다노,나일론 파라슈트 카고 팬츠 115536 [3color],https://image.msscdn.net/images/goods_img/20250421/5045835/5045835_17491058970988_500.jpg,False
2025-09,A,003006,기타 하의,003,바지,29,3404706,musinsastandard,무신사 스탠다드,시티 레저 CN 와이드 벨티드 파라슈트 팬츠 [그레이쉬 베이지],https://image.msscdn.net/images/goods_img/20230712/3404706/3404706_17134029698179_500.jpg,False
2025-09,A,003006,기타 하의,003,바지,30,5381241,oy,오와이,CHECK MIX WIDE VOLUME PANTS - BLACK,https://image.msscdn.net/images/goods_img/20250829/5381241/5381241_17569559107970_500.jpg,False
2025-09,A,100,원피스/스커트,,,1,4326509,musinsastandardwoman,무신사 스탠다드 우먼,우먼즈 레이어드 미니 스코츠 [블랙],https://image.msscdn.net/images/goods_img/20240813/4326509/4326509_17536889295210_500.jpg,False
2025-09,A,100,원피스/스커트,,,2,2792603,musinsastandardwoman,무신사 스탠다드 우먼,우먼즈 맥시 스커트 [블랙],https://image.msscdn.net/images/goods_img/20220915/2792603/2792603_17536886431375_500.jpg,False
2025-09,A,100,원피스/스커트,,,3,5292443,musinsastandardwoman,무신사 스탠다드 우먼,우먼즈 플리츠 니 렝스 스커트 [그레이],https://image.msscdn.net/images/goods_img/20250805/5292443/5292443_17569697231651_500.jpg,False
2025-09,A,100,원피스/스커트,,,4,2978105,musinsastandardwoman,무신사 스탠다드 우먼,우먼즈 카고 맥시 스커트 [블랙],https://image.msscdn.net/images/goods_img/20221209/2978105/2978105_17374230845113_500.jpg,False
2025-09,A,100,원피스/스커트,,,5,2792604,musinsastandardwoman,무신사 스탠다드 우먼,우먼즈 맥시 스커트 [미디엄 그레이],https://image.msscdn.net/images/goods_img/20220915/2792604/2792604_16728975851407_500.jpg,False
2025-09,A,100,원피스/스커트,,,6,4350936,misekiseoul,미세키서울,Unbalanced layered skirt BLACK,https://image.msscdn.net/images/goods_img/20240821/4350936/4350936_17816746257467_500.png,False
2025-09,A,100,원피스/스커트,,,7,4326511,musinsastandardwoman,무신사 스탠다드 우먼,우먼즈 레이어드 미니 스코츠 [미디엄 그레이],https://image.msscdn.net/images/goods_img/20240813/4326511/4326511_17295662280683_500.jpg,False
2025-09,A,100,원피스/스커트,,,8,5311368,khakipoint,카키포인트,Cancan Skirt Pants (beige),https://image.msscdn.net/images/goods_img/20250812/5311368/5311368_17574805399911_500.jpg,False
2025-09,A,100,원피스/스커트,,,9,3758437,musinsastandardwoman,무신사 스탠다드 우먼,우먼즈 CP 맥시 스커트 [블랙],https://image.msscdn.net/images/goods_img/20231215/3758437/3758437_17677813885414_500.jpg,False
2025-09,A,100,원피스/스커트,,,10,5292442,musinsastandardwoman,무신사 스탠다드 우먼,우먼즈 플리츠 니 렝스 스커트 [블랙],https://image.msscdn.net/images/goods_img/20250805/5292442/5292442_17549805255560_500.jpg,False
2025-09,A,100,원피스/스커트,,,11,2117253,musinsastandardwoman,무신사 스탠다드 우먼,우먼즈 플리츠 미디 스커트 [블랙],https://image.msscdn.net/images/goods_img/20210908/2117253/2117253_17467823245909_500.jpg,False
2025-09,A,100,원피스/스커트,,,12,5311367,khakipoint,카키포인트,Cancan Skirt Pants (black),https://image.msscdn.net/images/goods_img/20250812/5311367/5311367_17574805612546_500.jpg,False
2025-09,A,100,원피스/스커트,,,13,2117254,musinsastandardwoman,무신사 스탠다드 우먼,우먼즈 플리츠 미디 스커트 [차콜 그레이],https://image.msscdn.net/images/goods_img/20210908/2117254/2117254_17467755871427_500.jpg,False
2025-09,A,100,원피스/스커트,,,14,4593352,placestudio,플레이스 스튜디오,슬림핏 베이직 윈터 티어드 밴딩 롱 캉캉스커트 [화이트],https://image.msscdn.net/images/goods_img/20241106/4593352/4593352_17308779637311_500.jpg,False
2025-09,A,100,원피스/스커트,,,15,2448899,musinsastandardwoman,무신사 스탠다드 우먼,우먼즈 프론트 슬릿 데님 롱 스커트 [워시드 블랙],https://image.msscdn.net/images/goods_img/20220328/2448899/2448899_17661127529056_500.jpg,False
2025-09,A,100,원피스/스커트,,,16,4298327,musinsastandardwoman,무신사 스탠다드 우먼,우먼즈 로 라이즈 플리츠 미니 스코츠 [블랙],https://image.msscdn.net/images/goods_img/20240806/4298327/4298327_17467829987386_500.jpg,False
2025-09,A,100,원피스/스커트,,,17,5354304,aeae,에이이에이이,CHECK MIDI TIERED SKIRT [BROWN],https://image.msscdn.net/images/goods_img/20250822/5354304/5354304_17570625766871_500.jpg,False
2025-09,A,100,원피스/스커트,,,18,5342890,adidas,아디다스,3-스트라이프 데님 롱 스커트 - 차콜블랙 / JW2659,https://image.msscdn.net/images/goods_img/20250820/5342890/5342890_17557583233095_500.jpg,False
2025-09,A,100,원피스/스커트,,,19,5351690,musinsastandardwoman,무신사 스탠다드 우먼,우먼즈 버클 플리츠 니 렝스 스커트 [블랙],https://image.msscdn.net/images/goods_img/20250821/5351690/5351690_17569696588194_500.jpg,False
2025-09,A,100,원피스/스커트,,,20,3758435,musinsastandardwoman,무신사 스탠다드 우먼,우먼즈 CP 맥시 스커트 [화이트],https://image.msscdn.net/images/goods_img/20231215/3758435/3758435_17259588422783_500.jpg,False
2025-09,A,100,원피스/스커트,,,21,5290316,musinsastandardwoman,무신사 스탠다드 우먼,우먼즈 신세틱 스웨이드 미니 스커트 [브라운],https://image.msscdn.net/images/goods_img/20250804/5290316/5290316_17876231820240_500.jpg,False
2025-09,A,100,원피스/스커트,,,22,2117249,musinsastandardwoman,무신사 스탠다드 우먼,우먼즈 베이식 미니 스커트 [블랙],https://image.msscdn.net/images/goods_img/20210908/2117249/2117249_17625018594051_500.jpg,False
2025-09,A,100,원피스/스커트,,,23,5151511,musinsastandardwoman,무신사 스탠다드 우먼,우먼즈 맥시 스커트 [다크 브라운],https://image.msscdn.net/images/goods_img/20250528/5151511/5151511_17556698343636_500.jpg,False
2025-09,A,100,원피스/스커트,,,24,5333455,sunburnproject,썬번프로젝트,"Lace Layered Midi Skirt, BLACK",https://image.msscdn.net/images/goods_img/20250818/5333455/5333455_17567085812658_500.jpg,False
2025-09,A,100,원피스/스커트,,,25,5292444,musinsastandardwoman,무신사 스탠다드 우먼,우먼즈 플레어 미니 드레스 [블랙],https://image.msscdn.net/images/goods_img/20250805/5292444/5292444_17568842441359_500.jpg,False
2025-09,A,100,원피스/스커트,,,26,4170370,ronron,론론,CANCAN RUFFLE PANTSKIRT BLACK,https://image.msscdn.net/images/goods_img/20240531/4170370/4170370_17175556541226_500.jpg,False
2025-09,A,100,원피스/스커트,,,27,5329988,placestudio,플레이스 스튜디오,더블 버튼 체크 미디 레이어드 랩 플리츠 스커트[체크],https://image.msscdn.net/images/goods_img/20250818/5329988/5329988_17563618163909_500.jpg,False
2025-09,A,100,원피스/스커트,,,28,3757210,musinsastandardwoman,무신사 스탠다드 우먼,우먼즈 카고 맥시 스커트 [건메탈],https://image.msscdn.net/images/goods_img/20231215/3757210/3757210_17452274208695_500.jpg,False
2025-09,A,100,원피스/스커트,,,29,5290325,musinsastandardwoman,무신사 스탠다드 우먼,우먼즈 플리츠 미니 드레스 [그레이],https://image.msscdn.net/images/goods_img/20250804/5290325/5290325_17550618050328_500.jpg,False
2025-09,A,100,원피스/스커트,,,30,3051711,musinsastandardwoman,무신사 스탠다드 우먼,우먼즈 데님 맥시 스커트 [미디엄 인디고],https://image.msscdn.net/images/goods_img/20230201/3051711/3051711_16866978207309_500.jpg,False
2025-09,A,100001,미니원피스,100,원피스/스커트,1,5292444,musinsastandardwoman,무신사 스탠다드 우먼,우먼즈 플레어 미니 드레스 [블랙],https://image.msscdn.net/images/goods_img/20250805/5292444/5292444_17568842441359_500.jpg,False
2025-09,A,100001,미니원피스,100,원피스/스커트,2,5290325,musinsastandardwoman,무신사 스탠다드 우먼,우먼즈 플리츠 미니 드레스 [그레이],https://image.msscdn.net/images/goods_img/20250804/5290325/5290325_17550618050328_500.jpg,False
2025-09,A,100001,미니원피스,100,원피스/스커트,3,5311176,illigo,일리고,프레피 리본 플리츠 원피스 차콜,https://image.msscdn.net/images/goods_img/20250811/5311176/5311176_17709530772004_500.jpg,False
2025-09,A,100001,미니원피스,100,원피스/스커트,4,5290322,musinsastandardwoman,무신사 스탠다드 우먼,우먼즈 플리츠 미니 드레스 [블랙],https://image.msscdn.net/images/goods_img/20250804/5290322/5290322_17550527411263_500.jpg,False
2025-09,A,100001,미니원피스,100,원피스/스커트,5,5304410,partimentowomen,파르티멘토 우먼,콘트라스트 버튼업 레이어드 드레스 탑_오프 화이트,https://image.msscdn.net/images/goods_img/20250808/5304410/5304410_17574135154859_500.jpg,False
2025-09,A,100001,미니원피스,100,원피스/스커트,6,2392489,musinsastandardwoman,무신사 스탠다드 우먼,우먼즈 슬릿 넥 폴로 원피스 [블랙],https://image.msscdn.net/images/goods_img/20220302/2392489/2392489_17046911936990_500.jpg,False
2025-09,A,100001,미니원피스,100,원피스/스커트,7,5253864,painorpleasure,페인오어플레져,BIANCA DRESS deep navy,https://image.msscdn.net/images/goods_img/20250717/5253864/5253864_17546432318612_500.jpg,False
2025-09,A,100001,미니원피스,100,원피스/스커트,8,4651612,musinsastandardwoman,무신사 스탠다드 우먼,우먼즈 오버사이즈 럭비 드레스 [네이비],https://image.msscdn.net/images/goods_img/20241205/4651612/4651612_17524697901711_500.jpg,False
2025-09,A,100001,미니원피스,100,원피스/스커트,9,5270345,someplace,썸플레이스,러플 레이어드 단가라 프릴 롱 슬리브리스 후드 티셔츠 [블루],https://image.msscdn.net/images/goods_img/20250724/5270345/5270345_17683536670043_500.jpg,False
2025-09,A,100001,미니원피스,100,원피스/스커트,10,4624162,musinsastandardwoman,무신사 스탠다드 우먼,우먼즈 코튼 티어드 미니 드레스 [블랙],https://image.msscdn.net/images/goods_img/20241119/4624162/4624162_17447824324330_500.jpg,False
2025-09,A,100001,미니원피스,100,원피스/스커트,11,2714524,avan,어반드레스,Punching Knit Dress BLACK,https://image.msscdn.net/images/goods_img/20220812/2714524/2714524_17207610263763_500.jpg,False
2025-09,A,100001,미니원피스,100,원피스/스커트,12,5290323,musinsastandardwoman,무신사 스탠다드 우먼,우먼즈 플리츠 미니 드레스 [멜란지 그레이],https://image.msscdn.net/images/goods_img/20250804/5290323/5290323_17550618229169_500.jpg,False
2025-09,A,100001,미니원피스,100,원피스/스커트,13,5320054,painorpleasure,페인오어플레져,LIORA JACKET DRESS black,https://image.msscdn.net/images/goods_img/20250813/5320054/5320054_17567791054474_500.jpg,False
2025-09,A,100001,미니원피스,100,원피스/스커트,14,4997115,flareup,플레어업,Hooded High Neck Dress (FL-155_Charcoal),https://image.msscdn.net/images/goods_img/20250407/4997115/4997115_17440798362390_500.jpg,False
2025-09,A,100001,미니원피스,100,원피스/스커트,15,5082822,badblood,배드블러드,[AQUA] 빈티지 클럽 폴로 미니 드레스 - 체크블랙,https://image.msscdn.net/images/goods_img/20250430/5082822/5082822_17461678897643_500.jpg,False
2025-09,A,100001,미니원피스,100,원피스/스커트,16,5361249,placestudio,플레이스 스튜디오,뒷판 홀트임 롱슬리브리스 미니 랩스커트 원피스_2COLOR,https://image.msscdn.net/images/goods_img/20250825/5361249/5361249_17575560212430_500.jpg,False
2025-09,A,100001,미니원피스,100,원피스/스커트,17,4428534,mausoleum,마우솔레움,젠 라운드 넥 플리티드 수트 자켓 드레스-블랙,https://image.msscdn.net/images/goods_img/20240910/4428534/4428534_17581576536722_500.jpg,False
2025-09,A,100001,미니원피스,100,원피스/스커트,18,5311173,illigo,일리고,플레어 아일렛 오프숄더 원피스 블랙,https://image.msscdn.net/images/goods_img/20250811/5311173/5311173_17560878448927_500.jpg,False
2025-09,A,100001,미니원피스,100,원피스/스커트,19,4775493,loulouseoul,루루서울,Urban Dream Mini Dress (Brown),https://image.msscdn.net/images/goods_img/20250211/4775493/4775493_17647352997773_500.jpg,False
2025-09,A,100001,미니원피스,100,원피스/스커트,20,5052044,reisemiya,레이즈미야,페어리 샤샤 미니 드레스 [WHITE],https://image.msscdn.net/images/goods_img/20250422/5052044/5052044_17858951541795_500.jpg,False
2025-09,A,100001,미니원피스,100,원피스/스커트,21,5398834,hyfve,하이파이브,시스루 골드 자수 프릴 원피스 & 스웨이드 벨트,https://image.msscdn.net/images/goods_img/20250903/5398834/5398834_17568892595091_500.jpg,False
2025-09,A,100001,미니원피스,100,원피스/스커트,22,4768307,musinsastandardwoman,무신사 스탠다드 우먼,우먼즈 리브드 와이 넥 긴소매 미니 드레스 [블랙],https://image.msscdn.net/images/goods_img/20250207/4768307/4768307_17459783866381_500.jpg,False
2025-09,A,100001,미니원피스,100,원피스/스커트,23,5186977,flareup,플레어업,Asymmetrical Draped Strap Roll-Up Dress (FL-171_Black),https://image.msscdn.net/images/goods_img/20250616/5186977/5186977_17515164755988_500.jpg,False
2025-09,A,100001,미니원피스,100,원피스/스커트,24,5319968,painorpleasure,페인오어플레져,LIORA JACKET DRESS charcoal,https://image.msscdn.net/images/goods_img/20250813/5319968/5319968_17567790891525_500.jpg,False
2025-09,A,100001,미니원피스,100,원피스/스커트,25,4807210,tuomio,뚜오미오,CHECK MINI HOODED DRESS [BLACK],https://image.msscdn.net/images/goods_img/20250219/4807210/4807210_17512424871669_500.jpg,False
2025-09,A,100001,미니원피스,100,원피스/스커트,26,5270443,someplace,썸플레이스,러플 레이어드 단가라 프릴 롱 슬리브리스 후드 티셔츠 [차콜],https://image.msscdn.net/images/goods_img/20250724/5270443/5270443_17569731836292_500.jpg,False
2025-09,A,100001,미니원피스,100,원피스/스커트,27,5282399,cerric,세릭,LACE FRILL DRESS / WHITE,https://image.msscdn.net/images/goods_img/20250730/5282399/5282399_17549066407114_500.jpg,False
2025-09,A,100001,미니원피스,100,원피스/스커트,28,4428543,mausoleum,마우솔레움,젠 플리티드 수트 자켓 드레스 - 블랙,https://image.msscdn.net/images/goods_img/20240910/4428543/4428543_17581579349799_500.jpg,False
2025-09,A,100001,미니원피스,100,원피스/스커트,29,4428537,mausoleum,마우솔레움,젠 플리티드 수트 자켓 드레스-그레이,https://image.msscdn.net/images/goods_img/20240910/4428537/4428537_17581578386868_500.jpg,False
2025-09,A,100001,미니원피스,100,원피스/스커트,30,5304413,partimentowomen,파르티멘토 우먼,콘트라스트 버튼업 레이어드 드레스 탑_차콜,https://image.msscdn.net/images/goods_img/20250808/5304413/5304413_17574700614386_500.jpg,False
2025-09,A,100002,미디원피스,100,원피스/스커트,1,5065864,zerostreet,제로스트릿,[긴팔ver.][3컬러] 소프트 셔츠 원피스,https://image.msscdn.net/images/goods_img/20250425/5065864/5065864_17876439513226_500.jpg,False
2025-09,A,100002,미디원피스,100,원피스/스커트,2,3199619,jacquemus,자크뮈스,라 로브 바리 원피스 - 블랙 / 221DR0161333990,https://image.msscdn.net/images/goods_img/20230331/3199619/3199619_16871637386694_500.jpg,False
2025-09,A,100002,미디원피스,100,원피스/스커트,3,4312916,poloralphlauren,폴로 랄프 로렌,W 스트라이프 코튼 저지 럭비 드레스-그린,https://image.msscdn.net/images/goods_img/20240809/4312916/4312916_17253546597863_500.jpg,False
2025-09,A,100002,미디원피스,100,원피스/스커트,4,4860275,lee,리,우먼 오버핏 셔츠 미디 원피스 네이비,https://image.msscdn.net/images/goods_img/20250305/4860275/4860275_17429761439830_500.jpg,False
2025-09,A,100002,미디원피스,100,원피스/스커트,5,5409385,glowny,글로니,DUNE TWOTONE DRESS (GRAY),https://image.msscdn.net/images/goods_img/20250905/5409385/5409385_17574822439023_500.jpg,False
2025-09,A,100002,미디원피스,100,원피스/스커트,6,5409662,glowny,글로니,DUNE TWOTONE DRESS (BROWN),https://image.msscdn.net/images/goods_img/20250905/5409662/5409662_17574821104311_500.jpg,False
2025-09,A,100002,미디원피스,100,원피스/스커트,7,5271664,adidas,아디다스,벌룬 드레스 - 블랙 / KC8798,https://image.msscdn.net/images/goods_img/20250724/5271664/5271664_17533650889996_500.jpg,False
2025-09,A,100002,미디원피스,100,원피스/스커트,8,5333381,sunburnproject,썬번프로젝트,"Lace Pleats Midi One-piece, IVORY",https://image.msscdn.net/images/goods_img/20250818/5333381/5333381_17561141565593_500.jpg,False
2025-09,A,100002,미디원피스,100,원피스/스커트,9,5065808,zerostreet,제로스트릿,[반팔&긴팔ver.] 레인 셔츠 원피스 / 블루,https://image.msscdn.net/images/goods_img/20250425/5065808/5065808_17878891584308_500.jpg,False
2025-09,A,100002,미디원피스,100,원피스/스커트,10,4784515,snowpeakapparel,스노우피크 어패럴,워크 오버롤 원피스 (S25SWFOP11) Light Khaki,https://image.msscdn.net/images/goods_img/20250213/4784515/4784515_17406385888300_500.jpg,False
2025-09,A,100002,미디원피스,100,원피스/스커트,11,4760145,misekiseoul,미세키서울,Unbalanced layered one piece CHARCOAL,https://image.msscdn.net/images/goods_img/20250205/4760145/4760145_17690673781796_500.jpg,False
2025-09,A,100002,미디원피스,100,원피스/스커트,12,5333373,sunburnproject,썬번프로젝트,"Lace Pleats Midi One-piece, BLACK",https://image.msscdn.net/images/goods_img/20250818/5333373/5333373_17561140463939_500.jpg,False
2025-09,A,100002,미디원피스,100,원피스/스커트,13,5442102,covernatwoman,커버낫 우먼,우먼 코듀로이 서스펜더 원피스 Brown,https://image.msscdn.net/images/goods_img/20250911/5442102/5442102_17615487802568_500.jpg,False
2025-09,A,100002,미디원피스,100,원피스/스커트,14,4760142,misekiseoul,미세키서울,Unbalanced layered one piece BLACK,https://image.msscdn.net/images/goods_img/20250205/4760142/4760142_17690674010391_500.jpg,False
2025-09,A,100002,미디원피스,100,원피스/스커트,15,3937667,partimentowomen,파르티멘토 우먼,쉬어 언발란스 레이어드 드레스_에크루,https://image.msscdn.net/images/goods_img/20240311/3937667/3937667_17109201409360_500.jpg,False
2025-09,A,100002,미디원피스,100,원피스/스커트,16,5029542,soup,숲,리넨 라이크 원피스 셔츠 세트(SB5TXF3),https://image.msscdn.net/images/goods_img/20250415/5029542/5029542_17502204928463_500.jpg,False
2025-09,A,100002,미디원피스,100,원피스/스커트,17,4899480,mindbridgewomen,마인드브릿지 우먼,[W]벨티드 셔츠형 원피스 - 2color,https://image.msscdn.net/images/goods_img/20250314/4899480/4899480_17461529585993_500.jpg,False
2025-09,A,100002,미디원피스,100,원피스/스커트,18,5214360,mixxo,미쏘,나시 플레어 롱 원피스_MIWOWF704G,https://image.msscdn.net/images/goods_img/20250630/5214360/5214360_17515282288498_500.jpeg,False
2025-09,A,100002,미디원피스,100,원피스/스커트,19,5327273,lee,리,코듀로이 오버롤 원피스 네이비,https://image.msscdn.net/images/goods_img/20250814/5327273/5327273_17884230670859_500.jpg,False
2025-09,A,100002,미디원피스,100,원피스/스커트,20,4804688,nordisk,노르디스크,버튼 카라 원피스 - W_Black,https://image.msscdn.net/images/goods_img/20250219/4804688/4804688_17399403069574_500.jpg,False
2025-09,A,100002,미디원피스,100,원피스/스커트,21,2745522,balenciaga,발렌시아가,메탈 로고 프린트 반소매 티셔츠 원피스 - 블랙 / 671398TMV881055,https://image.msscdn.net/images/goods_img/20220826/2745522/2745522_1_500.jpg,False
2025-09,A,100002,미디원피스,100,원피스/스커트,22,5299735,nocontent,노컨텐츠,251. 체크 밴딩 슬리브리스 원피스 _ 카키,https://image.msscdn.net/images/goods_img/20250807/5299735/5299735_17558358350443_500.jpg,False
2025-09,A,100002,미디원피스,100,원피스/스커트,23,4784516,snowpeakapparel,스노우피크 어패럴,워크 오버롤 원피스 (S25SWFOP11) Fog Gray,https://image.msscdn.net/images/goods_img/20250213/4784516/4784516_17406385751958_500.jpg,False
2025-09,A,100002,미디원피스,100,원피스/스커트,24,4784517,snowpeakapparel,스노우피크 어패럴,워크 오버롤 원피스 (S25SWFOP11) Charcoal,https://image.msscdn.net/images/goods_img/20250213/4784517/4784517_17394089703467_500.jpg,False
2025-09,A,100002,미디원피스,100,원피스/스커트,25,4353559,theatg,더엣지,트위드 플레어 원피스,https://image.msscdn.net/images/goods_img/20240821/4353559/4353559_17313026779021_500.jpg,False
2025-09,A,100002,미디원피스,100,원피스/스커트,26,1920867,musinsastandardwoman,무신사 스탠다드 우먼,우먼즈 크루 넥 롱 티셔츠 드레스 [블랙],https://image.msscdn.net/images/goods_img/20210426/1920867/1920867_2_500.jpg,False
2025-09,A,100002,미디원피스,100,원피스/스커트,27,4379449,romanticcrown,로맨틱크라운,그라데이션 니트 드레스_그레이,https://image.msscdn.net/images/goods_img/20240828/4379449/4379449_17412411619922_500.jpg,False
2025-09,A,100002,미디원피스,100,원피스/스커트,28,5319787,painorpleasure,페인오어플레져,HEAVEN DRESS grey,https://image.msscdn.net/images/goods_img/20250813/5319787/5319787_17567790614873_500.jpg,False
2025-09,A,100002,미디원피스,100,원피스/스커트,29,4918311,nationalgeographic,내셔널지오그래픽,N252WOP880 여성 프로즌큐브 라운드넥 원피스 CARBON BLACK,https://image.msscdn.net/images/goods_img/20250319/4918311/4918311_17423724199586_500.jpg,False
2025-09,A,100002,미디원피스,100,원피스/스커트,30,5493599,snowpeakapparel,스노우피크 어패럴,코듀로이 여성 오버롤 원피스 (S25WWFOP73) Dark Charcoal,https://image.msscdn.net/images/goods_img/20250919/5493599/5493599_17905720881954_500.jpg,False
2025-09,A,100003,맥시원피스,100,원피스/스커트,1,4923114,dunstforwomen,던스트,MAXI SHIRRING DRESS_UDDR5B228_IVORY,https://image.msscdn.net/images/goods_img/20250320/4923114/4923114_17494307904931_500.jpg,False
2025-09,A,100003,맥시원피스,100,원피스/스커트,2,4761817,anggae,앙개,Llama Blend Long Dress  Brown,https://image.msscdn.net/images/goods_img/20250205/4761817/4761817_17387528464146_500.jpg,False
2025-09,A,100003,맥시원피스,100,원피스/스커트,3,3863287,musinsastandardwoman,무신사 스탠다드 우먼,우먼즈 소프트 저지 롱 드레스 [블랙],https://image.msscdn.net/images/goods_img/20240213/3863287/3863287_17191908545674_500.jpg,False
2025-09,A,100003,맥시원피스,100,원피스/스커트,4,4025617,citybreeze,시티브리즈,나일론 스트랩 리본 롱 원피스_3COLORS,https://image.msscdn.net/images/goods_img/20240404/4025617/4025617_17815884385767_500.jpg,False
2025-09,A,100003,맥시원피스,100,원피스/스커트,5,4664456,musinsastandardwoman,무신사 스탠다드 우먼,우먼즈 패널드 데님 맥시 드레스 [미디엄 인디고],https://image.msscdn.net/images/goods_img/20241213/4664456/4664456_17429739920894_500.jpg,False
2025-09,A,100003,맥시원피스,100,원피스/스커트,6,4260172,lemaire,르메르,스트레이트 카라 트위스티드 원피스 - 라이트 크림 / DR1092LF839WH048,https://image.msscdn.net/images/goods_img/20240719/4260172/4260172_17231651297893_500.jpg,False
2025-09,A,100003,맥시원피스,100,원피스/스커트,7,5329523,avan,어반드레스,Diagonal Line Sleeveless Dress CHARCOAL,https://image.msscdn.net/images/goods_img/20250818/5329523/5329523_17558358190458_500.jpg,False
2025-09,A,100003,맥시원피스,100,원피스/스커트,8,5453196,lalafox,라라폭스,CHECK LONG DRESS NAVY 드레스 BR4WO001,https://image.msscdn.net/images/goods_img/20250912/5453196/5453196_17576694093621_500.jpg,False
2025-09,A,100003,맥시원피스,100,원피스/스커트,9,5117385,adidas,아디다스,아디컬러 3S 탱크 맥시 드레스 JD4619,https://image.msscdn.net/images/goods_img/20250515/5117385/5117385_17473078732916_500.jpg,False
2025-09,A,100003,맥시원피스,100,원피스/스커트,10,4651400,musinsastandardwoman,무신사 스탠다드 우먼,우먼즈 소프트 저지 플레어 롱 드레스 [블랙],https://image.msscdn.net/images/goods_img/20241205/4651400/4651400_17398634001368_500.jpg,False
2025-09,A,100003,맥시원피스,100,원피스/스커트,11,4178516,sincethen,신스덴,아우로라 스트랩 롱원피스,https://image.msscdn.net/images/goods_img/20240605/4178516/4178516_17531677595822_500.jpg,False
2025-09,A,100003,맥시원피스,100,원피스/스커트,12,5069341,generalideastandard,제너럴아이디어,브이넥 퍼프 롱 원피스 [BLACK] / WBE2L15510,https://image.msscdn.net/images/goods_img/20250428/5069341/5069341_17785533325547_500.jpg,False
2025-09,A,100003,맥시원피스,100,원피스/스커트,13,4664049,musinsastandardwoman,무신사 스탠다드 우먼,우먼즈 나일론 컷아웃 롱 드레스 [블랙],https://image.msscdn.net/images/goods_img/20241213/4664049/4664049_17739057896919_500.jpg,False
2025-09,A,100003,맥시원피스,100,원피스/스커트,14,4354741,lemaire,르메르,스트레이트 카라 트위스티드 원피스 - 캐비어 / DR1092LF839BK997,https://image.msscdn.net/images/goods_img/20240821/4354741/4354741_17254311407300_500.jpg,False
2025-09,A,100003,맥시원피스,100,원피스/스커트,15,5372595,pigment,피그먼트,코튼스트링멜빵원피스 (PBE08F-WOPW001),https://image.msscdn.net/images/goods_img/20250828/5372595/5372595_17563479826173_500.jpg,False
2025-09,A,100003,맥시원피스,100,원피스/스커트,16,3613114,artid,아티드,플레어 슬리브리스 롱 원피스_BLACK,https://image.msscdn.net/images/goods_img/20231010/3613114/3613114_17802885089251_500.jpg,False
2025-09,A,100003,맥시원피스,100,원피스/스커트,17,5369708,tommyjeans,타미진스,배지 스웨트 미디 원피스 (T32F7WOP40TWT2C1G),https://image.msscdn.net/images/goods_img/20250827/5369708/5369708_17562757049081_500.jpg,False
2025-09,A,100003,맥시원피스,100,원피스/스커트,18,5310898,somewherebutter,썸웨어버터,Della Mini Dress - Ivory,https://image.msscdn.net/images/goods_img/20250811/5310898/5310898_17563673776898_500.jpg,False
2025-09,A,100003,맥시원피스,100,원피스/스커트,19,4154987,frenchchic,프렌치시크,블룸 오브 조이 아노락 원피스,https://image.msscdn.net/images/goods_img/20240524/4154987/4154987_17171521987302_500.jpg,False
2025-09,A,100003,맥시원피스,100,원피스/스커트,20,5343759,insilencewomen,인사일런스 우먼,빈티지 프릴 맥시 원피스 BLACK,https://image.msscdn.net/images/goods_img/20250820/5343759/5343759_17766755762463_500.jpg,False
2025-09,A,100003,맥시원피스,100,원피스/스커트,21,5443723,sinoon,시눈,Sinoon Texture Flower Dress (Ash Blue),https://image.msscdn.net/images/goods_img/20250911/5443723/5443723_17757117420963_500.jpg,False
2025-09,A,100003,맥시원피스,100,원피스/스커트,22,4494475,naaieen,나이엔,도트 쉬폰 그래픽 드레스,https://image.msscdn.net/images/goods_img/20241008/4494475/4494475_17410711342785_500.jpg,False
2025-09,A,100003,맥시원피스,100,원피스/스커트,23,4664051,musinsastandardwoman,무신사 스탠다드 우먼,우먼즈 나일론 컷아웃 롱 드레스 [다크 그레이],https://image.msscdn.net/images/goods_img/20241213/4664051/4664051_17739060308287_500.jpg,False
2025-09,A,100003,맥시원피스,100,원피스/스커트,24,4636893,loulouseoul,루루서울,Mermaid of the City Dress (Cream),https://image.msscdn.net/images/goods_img/20241126/4636893/4636893_17325994146796_500.jpg,False
2025-09,A,100003,맥시원피스,100,원피스/스커트,25,4687004,tommyjeans,타미진스,폴로 스웨터 드레스 (T32F0WOP10TWT2BDS),https://image.msscdn.net/images/goods_img/20241231/4687004/4687004_17397532297072_500.jpg,False
2025-09,A,100003,맥시원피스,100,원피스/스커트,26,5390898,seo,에스이오,CHECK TIE SLIP DRESS,https://image.msscdn.net/images/goods_img/20250902/5390898/5390898_17573261350934_500.jpg,False
2025-09,A,100003,맥시원피스,100,원피스/스커트,27,4394976,micane,미케네,클래식컬 트렌치 롱 드레스,https://image.msscdn.net/images/goods_img/20240902/4394976/4394976_17252693262926_500.jpg,False
2025-09,A,100003,맥시원피스,100,원피스/스커트,28,4241481,micane,미케네,딥 스퀘어 넥 블라우스-롱 스커트 셋업,https://image.msscdn.net/images/goods_img/20240710/4241481/4241481_17205765312469_500.jpg,False
2025-09,A,100003,맥시원피스,100,원피스/스커트,29,5343757,insilencewomen,인사일런스 우먼,빈티지 프릴 맥시 원피스 CREAM,https://image.msscdn.net/images/goods_img/20250820/5343757/5343757_17809834056074_500.jpg,False
2025-09,A,100003,맥시원피스,100,원피스/스커트,30,3102177,etmon,에트몽,"Half Sleeve Pleats Dress, Black",https://image.msscdn.net/images/goods_img/20230222/3102177/3102177_16770640898263_500.jpg,False
2025-09,A,100004,미니스커트,100,원피스/스커트,1,4326509,musinsastandardwoman,무신사 스탠다드 우먼,우먼즈 레이어드 미니 스코츠 [블랙],https://image.msscdn.net/images/goods_img/20240813/4326509/4326509_17536889295210_500.jpg,False
2025-09,A,100004,미니스커트,100,원피스/스커트,2,4326511,musinsastandardwoman,무신사 스탠다드 우먼,우먼즈 레이어드 미니 스코츠 [미디엄 그레이],https://image.msscdn.net/images/goods_img/20240813/4326511/4326511_17295662280683_500.jpg,False
2025-09,A,100004,미니스커트,100,원피스/스커트,3,5311368,khakipoint,카키포인트,Cancan Skirt Pants (beige),https://image.msscdn.net/images/goods_img/20250812/5311368/5311368_17574805399911_500.jpg,False
2025-09,A,100004,미니스커트,100,원피스/스커트,4,5311367,khakipoint,카키포인트,Cancan Skirt Pants (black),https://image.msscdn.net/images/goods_img/20250812/5311367/5311367_17574805612546_500.jpg,False
2025-09,A,100004,미니스커트,100,원피스/스커트,5,4298327,musinsastandardwoman,무신사 스탠다드 우먼,우먼즈 로 라이즈 플리츠 미니 스코츠 [블랙],https://image.msscdn.net/images/goods_img/20240806/4298327/4298327_17467829987386_500.jpg,False
2025-09,A,100004,미니스커트,100,원피스/스커트,6,5290316,musinsastandardwoman,무신사 스탠다드 우먼,우먼즈 신세틱 스웨이드 미니 스커트 [브라운],https://image.msscdn.net/images/goods_img/20250804/5290316/5290316_17876231820240_500.jpg,False
2025-09,A,100004,미니스커트,100,원피스/스커트,7,2117249,musinsastandardwoman,무신사 스탠다드 우먼,우먼즈 베이식 미니 스커트 [블랙],https://image.msscdn.net/images/goods_img/20210908/2117249/2117249_17625018594051_500.jpg,False
2025-09,A,100004,미니스커트,100,원피스/스커트,8,4170370,ronron,론론,CANCAN RUFFLE PANTSKIRT BLACK,https://image.msscdn.net/images/goods_img/20240531/4170370/4170370_17175556541226_500.jpg,False
2025-09,A,100004,미니스커트,100,원피스/스커트,9,5311358,khakipoint,카키포인트,Atelier Tweed Skirt (ivory),https://image.msscdn.net/images/goods_img/20250812/5311358/5311358_17574875762416_500.jpg,False
2025-09,A,100004,미니스커트,100,원피스/스커트,10,4871887,wilson,윌슨,더블메쉬 스커트 W (3color),https://image.msscdn.net/images/goods_img/20250307/4871887/4871887_17888500812364_500.jpg,False
2025-09,A,100004,미니스커트,100,원피스/스커트,11,2551401,musinsastandardwoman,무신사 스탠다드 우먼,우먼즈 슬릿 미니 스코츠 [블랙],https://image.msscdn.net/images/goods_img/20220511/2551401/2551401_17678593283428_500.jpg,False
2025-09,A,100004,미니스커트,100,원피스/스커트,12,4687212,musinsastandardwoman,무신사 스탠다드 우먼,우먼즈 레이어드 미니 스코츠 [차콜 그레이],https://image.msscdn.net/images/goods_img/20241231/4687212/4687212_17467727936774_500.jpg,False
2025-09,A,100004,미니스커트,100,원피스/스커트,13,4644489,musinsastandardwoman,무신사 스탠다드 우먼,우먼즈 로 라이즈 플리츠 미니 스코츠 [그레이],https://image.msscdn.net/images/goods_img/20241202/4644489/4644489_17466893080499_500.jpg,False
2025-09,A,100004,미니스커트,100,원피스/스커트,14,5290317,musinsastandardwoman,무신사 스탠다드 우먼,우먼즈 신세틱 스웨이드 미니 스커트 [라이트 브라운],https://image.msscdn.net/images/goods_img/20250804/5290317/5290317_17562000505863_500.jpg,False
2025-09,A,100004,미니스커트,100,원피스/스커트,15,5311369,khakipoint,카키포인트,Cancan Skirt Pants (ivory),https://image.msscdn.net/images/goods_img/20250812/5311369/5311369_17574805059388_500.jpg,False
2025-09,A,100004,미니스커트,100,원피스/스커트,16,1944554,musinsastandardwoman,무신사 스탠다드 우먼,우먼즈 데님 미니 스커트 [워시드 블랙],https://image.msscdn.net/images/goods_img/20210511/1944554/1944554_2_500.jpg,False
2025-09,A,100004,미니스커트,100,원피스/스커트,17,5166590,musinsastandardwoman,무신사 스탠다드 우먼,우먼즈 14W 코듀로이 로 라이즈 미니 스코츠 [브라운],https://image.msscdn.net/images/goods_img/20250604/5166590/5166590_17618101156392_500.jpg,False
2025-09,A,100004,미니스커트,100,원피스/스커트,18,4761169,misekiseoul,미세키서울,Unbalanced flow mini skirt BLACK,https://image.msscdn.net/images/goods_img/20250205/4761169/4761169_17690675551733_500.jpg,False
2025-09,A,100004,미니스커트,100,원피스/스커트,19,4298328,musinsastandardwoman,무신사 스탠다드 우먼,우먼즈 로 라이즈 플리츠 미니 스코츠 [멜란지 그레이],https://image.msscdn.net/images/goods_img/20240806/4298328/4298328_17466831047933_500.jpg,False
2025-09,A,100004,미니스커트,100,원피스/스커트,20,5311353,khakipoint,카키포인트,Atelier Tweed Skirt (black),https://image.msscdn.net/images/goods_img/20250812/5311353/5311353_17574875981009_500.jpg,False
2025-09,A,100004,미니스커트,100,원피스/스커트,21,4298330,musinsastandardwoman,무신사 스탠다드 우먼,우먼즈 로 라이즈 플리츠 미니 스코츠 [카키 브라운],https://image.msscdn.net/images/goods_img/20240806/4298330/4298330_17412179444894_500.jpg,False
2025-09,A,100004,미니스커트,100,원피스/스커트,22,2830762,painorpleasure,페인오어플레져,NIX MINI SKIRT black,https://image.msscdn.net/images/goods_img/20220929/2830762/2830762_17883362863775_500.jpg,False
2025-09,A,100004,미니스커트,100,원피스/스커트,23,4990533,ason,애즈온,POG SKIRT,https://image.msscdn.net/images/goods_img/20250404/4990533/4990533_17437561121898_500.jpg,False
2025-09,A,100004,미니스커트,100,원피스/스커트,24,2551407,musinsastandardwoman,무신사 스탠다드 우먼,우먼즈 플리츠 미니 스커트 [그레이],https://image.msscdn.net/images/goods_img/20220511/2551407/2551407_17188462525168_500.jpg,False
2025-09,A,100004,미니스커트,100,원피스/스커트,25,5313581,misekiseoul,미세키서울,Pleats wrap mini skirt BLACK,https://image.msscdn.net/images/goods_img/20250812/5313581/5313581_17572953284146_500.jpg,False
2025-09,A,100004,미니스커트,100,원피스/스커트,26,2551402,musinsastandardwoman,무신사 스탠다드 우먼,우먼즈 슬릿 미니 스코츠 [그레이],https://image.msscdn.net/images/goods_img/20220511/2551402/2551402_17678594127607_500.jpg,False
2025-09,A,100004,미니스커트,100,원피스/스커트,27,5290315,musinsastandardwoman,무신사 스탠다드 우먼,우먼즈 신세틱 스웨이드 미니 스커트 [블랙],https://image.msscdn.net/images/goods_img/20250804/5290315/5290315_17562001096144_500.jpg,False
2025-09,A,100004,미니스커트,100,원피스/스커트,28,5275905,wilson,윌슨,더블메쉬 옴브레 스커트 W (2color),https://image.msscdn.net/images/goods_img/20250728/5275905/5275905_17854785142664_500.jpg,False
2025-09,A,100004,미니스커트,100,원피스/스커트,29,2551406,musinsastandardwoman,무신사 스탠다드 우먼,우먼즈 플리츠 미니 스커트 [블랙],https://image.msscdn.net/images/goods_img/20220511/2551406/2551406_17466940579553_500.jpg,False
2025-09,A,100004,미니스커트,100,원피스/스커트,30,4170372,ronron,론론,CANCAN RUFFLE PANTSKIRT WHITE,https://image.msscdn.net/images/goods_img/20240531/4170372/4170372_17419158665075_500.jpg,False
2025-09,A,100005,미디스커트,100,원피스/스커트,1,5292443,musinsastandardwoman,무신사 스탠다드 우먼,우먼즈 플리츠 니 렝스 스커트 [그레이],https://image.msscdn.net/images/goods_img/20250805/5292443/5292443_17569697231651_500.jpg,False
2025-09,A,100005,미디스커트,100,원피스/스커트,2,4350936,misekiseoul,미세키서울,Unbalanced layered skirt BLACK,https://image.msscdn.net/images/goods_img/20240821/4350936/4350936_17816746257467_500.png,False
2025-09,A,100005,미디스커트,100,원피스/스커트,3,5292442,musinsastandardwoman,무신사 스탠다드 우먼,우먼즈 플리츠 니 렝스 스커트 [블랙],https://image.msscdn.net/images/goods_img/20250805/5292442/5292442_17549805255560_500.jpg,False
2025-09,A,100005,미디스커트,100,원피스/스커트,4,2117253,musinsastandardwoman,무신사 스탠다드 우먼,우먼즈 플리츠 미디 스커트 [블랙],https://image.msscdn.net/images/goods_img/20210908/2117253/2117253_17467823245909_500.jpg,False
2025-09,A,100005,미디스커트,100,원피스/스커트,5,2117254,musinsastandardwoman,무신사 스탠다드 우먼,우먼즈 플리츠 미디 스커트 [차콜 그레이],https://image.msscdn.net/images/goods_img/20210908/2117254/2117254_17467755871427_500.jpg,False
2025-09,A,100005,미디스커트,100,원피스/스커트,6,5354304,aeae,에이이에이이,CHECK MIDI TIERED SKIRT [BROWN],https://image.msscdn.net/images/goods_img/20250822/5354304/5354304_17570625766871_500.jpg,False
2025-09,A,100005,미디스커트,100,원피스/스커트,7,5333455,sunburnproject,썬번프로젝트,"Lace Layered Midi Skirt, BLACK",https://image.msscdn.net/images/goods_img/20250818/5333455/5333455_17567085812658_500.jpg,False
2025-09,A,100005,미디스커트,100,원피스/스커트,8,5329988,placestudio,플레이스 스튜디오,더블 버튼 체크 미디 레이어드 랩 플리츠 스커트[체크],https://image.msscdn.net/images/goods_img/20250818/5329988/5329988_17563618163909_500.jpg,False
2025-09,A,100005,미디스커트,100,원피스/스커트,9,4813453,misekiseoul,미세키서울,Shirring ruffle midi skirt BLACK,https://image.msscdn.net/images/goods_img/20250220/4813453/4813453_17835667240022_500.png,False
2025-09,A,100005,미디스커트,100,원피스/스커트,10,2257612,musinsastandardwoman,무신사 스탠다드 우먼,우먼즈 플리츠 미디 스커트 [미디엄 그레이],https://image.msscdn.net/images/goods_img/20211206/2257612/2257612_17155615478939_500.jpg,False
2025-09,A,100005,미디스커트,100,원피스/스커트,11,1645762,musinsastandardwoman,무신사 스탠다드 우먼,우먼즈 데님 미디 스커트 [크림],https://image.msscdn.net/images/goods_img/20201013/1645762/1645762_17675316388880_500.jpg,False
2025-09,A,100005,미디스커트,100,원피스/스커트,12,4229174,musinsastandardwoman,무신사 스탠다드 우먼,우먼즈 패널 슬릿 니 렝스 스커트 [블랙],https://image.msscdn.net/images/goods_img/20240702/4229174/4229174_17466935812150_500.jpg,False
2025-09,A,100005,미디스커트,100,원피스/스커트,13,4117026,musinsastandardwoman,무신사 스탠다드 우먼,우먼즈 데님 미디 스커트 [딥 인디고],https://image.msscdn.net/images/goods_img/20240509/4117026/4117026_17675315652240_500.jpg,False
2025-09,A,100005,미디스커트,100,원피스/스커트,14,4800538,placestudio,플레이스 스튜디오,투밸트 로우라이즈 탈부착 플리츠 더블 레이어드 미디스커트[블랙],https://image.msscdn.net/images/goods_img/20250218/4800538/4800538_17524547855251_500.jpg,False
2025-09,A,100005,미디스커트,100,원피스/스커트,15,5367159,placestudio,플레이스 스튜디오,[아네딘X플레이스스튜디오]  레이스 프릴 밴딩 미디스커트_3COLOR,https://image.msscdn.net/images/prd_img/20250827/5367159/detail_5367159_17562617239918_500.jpg,False
2025-09,A,100005,미디스커트,100,원피스/스커트,16,4757444,hugyourskin,허그유어스킨,스타 플레어드 미디 스커트 (블랙),https://image.msscdn.net/images/goods_img/20250204/4757444/4757444_17392683256673_500.jpg,False
2025-09,A,100005,미디스커트,100,원피스/스커트,17,4354879,ason,애즈온,LONDON CHECK MIDI SKIRT / BLACK,https://image.msscdn.net/images/goods_img/20240821/4354879/4354879_17286374520942_500.jpg,False
2025-09,A,100005,미디스커트,100,원피스/스커트,18,2300718,musinsastandardwoman,무신사 스탠다드 우먼,우먼즈 데님 미디 스커트 [워시드 블랙],https://image.msscdn.net/images/goods_img/20220111/2300718/2300718_17675315035044_500.jpg,False
2025-09,A,100005,미디스커트,100,원피스/스커트,19,5329958,placestudio,플레이스 스튜디오,더블 버튼 미디 레이어드 랩 플리츠 스커트,https://image.msscdn.net/images/goods_img/20250818/5329958/5329958_17554862867099_500.jpg,False
2025-09,A,100005,미디스커트,100,원피스/스커트,20,5354274,aeae,에이이에이이,CHECK MIDI TIERED SKIRT [NAVY],https://image.msscdn.net/images/goods_img/20250822/5354274/5354274_17570624924331_500.jpg,False
2025-09,A,100005,미디스커트,100,원피스/스커트,21,4441405,flareup,플레어업,Pleats Midi Skirt (FL-243_Black),https://image.msscdn.net/images/goods_img/20240915/4441405/4441405_17267922032591_500.jpg,False
2025-09,A,100005,미디스커트,100,원피스/스커트,22,5304442,partimentowomen,파르티멘토 우먼,2 IN 1 도트 프린티드 쉬어 미디 스커트_베이지,https://image.msscdn.net/images/goods_img/20250808/5304442/5304442_17550648364751_500.jpg,False
2025-09,A,100005,미디스커트,100,원피스/스커트,23,5304443,partimentowomen,파르티멘토 우먼,2 IN 1 도트 프린티드 쉬어 미디 스커트_브라운,https://image.msscdn.net/images/goods_img/20250808/5304443/5304443_17574702530796_500.jpg,False
2025-09,A,100005,미디스커트,100,원피스/스커트,24,3850173,nastyfancyclub,팬시클럽,[NF] 포멀 버튼 플리츠 미디 스커트 (GRAY)_F24QD871,https://image.msscdn.net/images/goods_img/20240206/3850173/3850173_17400317848206_500.jpg,False
2025-09,A,100005,미디스커트,100,원피스/스커트,25,4644479,musinsastandardwoman,무신사 스탠다드 우먼,우먼즈 플레어 미디 스커트 [블랙],https://image.msscdn.net/images/goods_img/20241202/4644479/4644479_17447725982646_500.jpg,False
2025-09,A,100005,미디스커트,100,원피스/스커트,26,5315173,typeservice,타입서비스,Camo Volume Skirt [Charcoal],https://image.msscdn.net/images/goods_img/20250812/5315173/5315173_17569567186658_500.jpg,False
2025-09,A,100005,미디스커트,100,원피스/스커트,27,5344113,ojos,오호스,Button Slit Midi Skirt / Black,https://image.msscdn.net/images/goods_img/20250820/5344113/5344113_17780541929799_500.jpg,False
2025-09,A,100005,미디스커트,100,원피스/스커트,28,4963294,flareup,플레어업,Asymmetrical Draped Midi Skirt (FL-248_Black),https://image.msscdn.net/images/goods_img/20250330/4963294/4963294_17433524602083_500.jpg,False
2025-09,A,100005,미디스커트,100,원피스/스커트,29,1645760,musinsastandardwoman,무신사 스탠다드 우먼,우먼즈 데님 미디 스커트 [라이트 인디고],https://image.msscdn.net/images/goods_img/20201013/1645760/1645760_17677818822457_500.jpg,False
2025-09,A,100005,미디스커트,100,원피스/스커트,30,5310939,oheshio,오헤시오,"LAYERED SHEER FRILL SKIRT, KHAKI CHECK",https://image.msscdn.net/images/goods_img/20250811/5310939/5310939_17550811009635_500.jpg,False
2025-09,A,100006,롱스커트,100,원피스/스커트,1,2792603,musinsastandardwoman,무신사 스탠다드 우먼,우먼즈 맥시 스커트 [블랙],https://image.msscdn.net/images/goods_img/20220915/2792603/2792603_17536886431375_500.jpg,False
2025-09,A,100006,롱스커트,100,원피스/스커트,2,2978105,musinsastandardwoman,무신사 스탠다드 우먼,우먼즈 카고 맥시 스커트 [블랙],https://image.msscdn.net/images/goods_img/20221209/2978105/2978105_17374230845113_500.jpg,False
2025-09,A,100006,롱스커트,100,원피스/스커트,3,2792604,musinsastandardwoman,무신사 스탠다드 우먼,우먼즈 맥시 스커트 [미디엄 그레이],https://image.msscdn.net/images/goods_img/20220915/2792604/2792604_16728975851407_500.jpg,False
2025-09,A,100006,롱스커트,100,원피스/스커트,4,3758437,musinsastandardwoman,무신사 스탠다드 우먼,우먼즈 CP 맥시 스커트 [블랙],https://image.msscdn.net/images/goods_img/20231215/3758437/3758437_17677813885414_500.jpg,False
2025-09,A,100006,롱스커트,100,원피스/스커트,5,4593352,placestudio,플레이스 스튜디오,슬림핏 베이직 윈터 티어드 밴딩 롱 캉캉스커트 [화이트],https://image.msscdn.net/images/goods_img/20241106/4593352/4593352_17308779637311_500.jpg,False
2025-09,A,100006,롱스커트,100,원피스/스커트,6,2448899,musinsastandardwoman,무신사 스탠다드 우먼,우먼즈 프론트 슬릿 데님 롱 스커트 [워시드 블랙],https://image.msscdn.net/images/goods_img/20220328/2448899/2448899_17661127529056_500.jpg,False
2025-09,A,100006,롱스커트,100,원피스/스커트,7,5342890,adidas,아디다스,3-스트라이프 데님 롱 스커트 - 차콜블랙 / JW2659,https://image.msscdn.net/images/goods_img/20250820/5342890/5342890_17557583233095_500.jpg,False
2025-09,A,100006,롱스커트,100,원피스/스커트,8,5351690,musinsastandardwoman,무신사 스탠다드 우먼,우먼즈 버클 플리츠 니 렝스 스커트 [블랙],https://image.msscdn.net/images/goods_img/20250821/5351690/5351690_17569696588194_500.jpg,False
2025-09,A,100006,롱스커트,100,원피스/스커트,9,3758435,musinsastandardwoman,무신사 스탠다드 우먼,우먼즈 CP 맥시 스커트 [화이트],https://image.msscdn.net/images/goods_img/20231215/3758435/3758435_17259588422783_500.jpg,False
2025-09,A,100006,롱스커트,100,원피스/스커트,10,5151511,musinsastandardwoman,무신사 스탠다드 우먼,우먼즈 맥시 스커트 [다크 브라운],https://image.msscdn.net/images/goods_img/20250528/5151511/5151511_17556698343636_500.jpg,False
2025-09,A,100006,롱스커트,100,원피스/스커트,11,3757210,musinsastandardwoman,무신사 스탠다드 우먼,우먼즈 카고 맥시 스커트 [건메탈],https://image.msscdn.net/images/goods_img/20231215/3757210/3757210_17452274208695_500.jpg,False
2025-09,A,100006,롱스커트,100,원피스/스커트,12,3051711,musinsastandardwoman,무신사 스탠다드 우먼,우먼즈 데님 맥시 스커트 [미디엄 인디고],https://image.msscdn.net/images/goods_img/20230201/3051711/3051711_16866978207309_500.jpg,False
2025-09,A,100006,롱스커트,100,원피스/스커트,13,4210257,musinsastandardwoman,무신사 스탠다드 우먼,우먼즈 CP 맥시 스커트 [베이지],https://image.msscdn.net/images/goods_img/20240620/4210257/4210257_17259587111258_500.jpg,False
2025-09,A,100006,롱스커트,100,원피스/스커트,14,4593477,placestudio,플레이스 스튜디오,슬림핏 베이직 윈터 티어드 밴딩 롱 캉캉스커트 [블랙],https://image.msscdn.net/images/goods_img/20241106/4593477/4593477_17308782967721_500.jpg,False
2025-09,A,100006,롱스커트,100,원피스/스커트,15,5290319,musinsastandardwoman,무신사 스탠다드 우먼,우먼즈 신세틱 스웨이드 맥시 스커트 [브라운],https://image.msscdn.net/images/goods_img/20250804/5290319/5290319_17803640414934_500.jpg,False
2025-09,A,100006,롱스커트,100,원피스/스커트,16,2117256,musinsastandardwoman,무신사 스탠다드 우먼,우먼즈 하이 웨이스트 롱 스커트 [블랙],https://image.msscdn.net/images/goods_img/20210908/2117256/2117256_1_500.jpg,False
2025-09,A,100006,롱스커트,100,원피스/스커트,17,1931894,musinsastandardwoman,무신사 스탠다드 우먼,우먼즈 하이 웨이스트 슬릿 롱 스커트 [블랙],https://image.msscdn.net/images/goods_img/20210430/1931894/1931894_3_500.jpg,False
2025-09,A,100006,롱스커트,100,원피스/스커트,18,3758436,musinsastandardwoman,무신사 스탠다드 우먼,우먼즈 CP 맥시 스커트 [다크 그레이],https://image.msscdn.net/images/goods_img/20231215/3758436/3758436_17677813303074_500.jpg,False
2025-09,A,100006,롱스커트,100,원피스/스커트,19,4457754,musinsastandardwoman,무신사 스탠다드 우먼,우먼즈 스트레이트 맥시 스커트 [블랙],https://image.msscdn.net/images/goods_img/20240924/4457754/4457754_17467722878565_500.jpg,False
2025-09,A,100006,롱스커트,100,원피스/스커트,20,4353972,chambros,챔브로스,우먼즈 베이직 코튼 데님 롱 스커트[인디고],https://image.msscdn.net/images/goods_img/20240821/4353972/4353972_17242248021341_500.jpg,False
2025-09,A,100006,롱스커트,100,원피스/스커트,21,4324777,niceghostclub,나이스고스트클럽,BIG STAR LOGO SWEAT SKIRT_BLACK(NG2EFUPA90A),https://image.msscdn.net/images/goods_img/20240813/4324777/4324777_17708775629904_500.jpg,False
2025-09,A,100006,롱스커트,100,원피스/스커트,22,5290318,musinsastandardwoman,무신사 스탠다드 우먼,우먼즈 신세틱 스웨이드 맥시 스커트 [블랙],https://image.msscdn.net/images/goods_img/20250804/5290318/5290318_17803641121104_500.jpg,False
2025-09,A,100006,롱스커트,100,원피스/스커트,23,5272918,adidas,아디다스,리본 플리티드 맥시 스커트 - 블랙 / JW0114,https://image.msscdn.net/images/goods_img/20250725/5272918/5272918_17536621623410_500.jpg,False
2025-09,A,100006,롱스커트,100,원피스/스커트,24,4107449,millowomen,밀로 우먼,벌룬 셔링 맥시 스커트 [블랙],https://image.msscdn.net/images/goods_img/20240505/4107449/4107449_17206686828137_500.jpg,False
2025-09,A,100006,롱스커트,100,원피스/스커트,25,3233106,travel,트래블,워크샵 지퍼 포켓 스커트 차콜,https://image.msscdn.net/images/goods_img/20230413/3233106/3233106_16832089079307_500.jpg,False
2025-09,A,100006,롱스커트,100,원피스/스커트,26,5359238,generalideastandard,제너럴아이디어,빈티지 체크 롱 스커트 [NAVY] / WBE3L13506,https://image.msscdn.net/images/goods_img/20250825/5359238/5359238_17700907256759_500.png,False
2025-09,A,100006,롱스커트,100,원피스/스커트,27,4228713,musinsastandardwoman,무신사 스탠다드 우먼,우먼즈 데님 카펜터 롱 스커트 [워시드 블랙],https://image.msscdn.net/images/goods_img/20240702/4228713/4228713_17799545745468_500.jpg,False
2025-09,A,100006,롱스커트,100,원피스/스커트,28,4146787,placestudio,플레이스 스튜디오,캉캉 프릴 플레어 리본 셔링 롱 코튼 스커트 [블랙],https://image.msscdn.net/images/goods_img/20240522/4146787/4146787_17163345079315_500.jpg,False
2025-09,A,100006,롱스커트,100,원피스/스커트,29,4624153,musinsastandardwoman,무신사 스탠다드 우먼,우먼즈 CP 맥시 스커트 [더스티 크림],https://image.msscdn.net/images/goods_img/20241119/4624153/4624153_17525699609616_500.jpg,False
2025-09,A,100006,롱스커트,100,원피스/스커트,30,4336061,adidas,아디다스,파이어버드 니트 스커트 - 블랙 / IY7279,https://image.msscdn.net/images/goods_img/20240816/4336061/4336061_17242236525944_500.jpg,False
2025-09,M,001,상의,,,1,5167907,brenson,브렌슨,컴포트 크롭 반팔티 ( 6Color ),https://image.msscdn.net/images/goods_img/20250605/5167907/5167907_17774455330031_500.jpg,False
2025-09,M,001,상의,,,2,2086653,musinsastandard,무신사 스탠다드,레이어드 크루 넥 반팔 티셔츠_일반 기장 [화이트],https://image.msscdn.net/images/goods_img/20210825/2086653/2086653_17772494800708_500.jpg,False
2025-09,M,001,상의,,,3,4757913,trillion,트릴리온,와플 링 스냅 헨리넥 롱 슬리브 [블랙],https://image.msscdn.net/images/goods_img/20250204/4757913/4757913_17388174210742_500.jpg,False
2025-09,M,001,상의,,,4,5276013,trillion,트릴리온,레더 패치 데님 카라 럭비 맨투맨_네이비,https://image.msscdn.net/images/goods_img/20250728/5276013/5276013_17545474942483_500.jpg,False
2025-09,M,001,상의,,,5,4992830,suare,수아레,데일리 쿨 하프 니트,https://image.msscdn.net/images/goods_img/20250407/4992830/4992830_17455602368529_500.jpg,False
2025-09,M,001,상의,,,6,2690691,hugvone,허그본,무지 머슬핏 반팔 5컬러,https://image.msscdn.net/images/goods_img/20220801/2690691/2690691_17090175122341_500.jpg,False
2025-09,M,001,상의,,,7,4227437,standarderror,스탠다드에러,87-STAN081 원포켓 빈티지 오버핏 긴팔 체크 셔츠 네이비,https://image.msscdn.net/images/goods_img/20240702/4227437/4227437_17738154996351_500.jpg,False
2025-09,M,001,상의,,,8,4711529,seez,시즈,[데일리룸 X 시즈] 오디너리 크롭 스트라이프 셔츠 [WHITE] 단품/SET,https://image.msscdn.net/images/goods_img/20250110/4711529/4711529_17727599688374_500.jpg,False
2025-09,M,001,상의,,,9,5275916,drawfit,드로우핏,[패션플래닛X드로우핏] 워시드 크롭 옥스퍼드 셔츠 [5color],https://image.msscdn.net/images/goods_img/20250728/5275916/5275916_17564335238263_500.jpg,False
2025-09,M,001,상의,,,10,5253326,lemainsecond,리메인세컨드,프리미엄 오버핏 플란넬 포켓 체크 셔츠 [네이비],https://image.msscdn.net/images/goods_img/20250717/5253326/5253326_17870318719244_500.jpg,False
2025-09,M,001,상의,,,11,2149254,musinsastandard,무신사 스탠다드,베이식 긴팔 티셔츠 2팩,https://image.msscdn.net/images/goods_img/20210928/2149254/2149254_17138588137724_500.jpg,False
2025-09,M,001,상의,,,12,5318901,hooves,후브스,VTG 인터록 헨리넥 롱슬리브 [그레이],https://image.msscdn.net/images/goods_img/20250813/5318901/5318901_17562667095205_500.jpg,False
2025-09,M,001,상의,,,13,4886457,brenson,브렌슨,오버핏 1:1 스트라이프 긴팔티 ( 5Color ),https://image.msscdn.net/images/goods_img/20250312/4886457/4886457_17629959457223_500.jpg,False
2025-09,M,001,상의,,,14,983339,musinsastandard,무신사 스탠다드,베이식 드레스 셔츠 [화이트],https://image.msscdn.net/images/goods_img/20190315/983339/983339_17833270978891_500.jpg,False
2025-09,M,001,상의,,,15,4227807,discusathletic,디스커스 애슬레틱,[2PACK] 오버 핏 롱슬리브 블랭크 티셔츠,https://image.msscdn.net/images/goods_img/20240702/4227807/4227807_17881482998978_500.jpg,False
2025-09,M,001,상의,,,16,4306299,bronson,브론슨,Blue Chambray Work Shirt KR Ver.,https://image.msscdn.net/images/goods_img/20240807/4306299/4306299_17737170274339_500.jpg,False
2025-09,M,001,상의,,,17,4172293,maninstore,무드인사이드,빈티지 링클 체크셔츠_4Color,https://image.msscdn.net/images/goods_img/20240603/4172293/4172293_17567770391050_500.jpg,False
2025-09,M,001,상의,,,18,2034137,musinsastandard,무신사 스탠다드,릴렉스 핏 크루 넥 반팔 티셔츠 2팩,https://image.msscdn.net/images/goods_img/20210719/2034137/2034137_17821170123912_500.jpg,False
2025-09,M,001,상의,,,19,5516541,yeezy,이지,SS-01,https://image.msscdn.net/images/goods_img/20250923/5516541/5516541_17586170812711_500.jpg,False
2025-09,M,001,상의,,,20,5292913,discusathletic,디스커스 애슬레틱,2팩 스웨트 셔츠,https://image.msscdn.net/images/goods_img/20250805/5292913/5292913_17667561980040_500.jpg,False
2025-09,M,001,상의,,,21,4838119,printstar,프린트스타,[2PACK] 14수 7.4oz 헤비웨이트 라운드 오버핏 무지 반팔 티셔츠,https://image.msscdn.net/images/goods_img/20250226/4838119/4838119_17405717515529_500.jpg,False
2025-09,M,001,상의,,,22,4434539,untapped,언탭트 스튜디오,시티보이 빅 오버핏 플레이드 체크 셔츠 2Color,https://image.msscdn.net/images/goods_img/20240912/4434539/4434539_17261220660899_500.jpg,False
2025-09,M,001,상의,,,23,4302685,sorano,소라노,SORANO Basic Logo HOODIE [6Color],https://image.msscdn.net/images/goods_img/20240807/4302685/4302685_17229675684379_500.jpg,False
2025-09,M,001,상의,,,24,2081571,bronson,브론슨,Vintage Long Sleeve Henley Shirt Black,https://image.msscdn.net/images/goods_img/20210823/2081571/2081571_17737267731808_500.jpg,False
2025-09,M,001,상의,,,25,4375159,adidas,아디다스,럭비 폴로 셔츠 - 블랙 / IZ4806,https://image.msscdn.net/images/goods_img/20240827/4375159/4375159_17248303115071_500.jpg,False
2025-09,M,001,상의,,,26,4705470,lemainsecond,리메인세컨드,오버핏 플란넬 포켓 체크 셔츠 [블랙],https://image.msscdn.net/images/goods_img/20250108/4705470/4705470_17872915557201_500.jpg,False
2025-09,M,001,상의,,,27,994588,filluminate,필루미네이트,옵티멀 베이직 셔츠-화이트[린넨＆옥스포드 선택],https://image.msscdn.net/images/goods_img/20190326/994588/994588_17878791359967_500.jpg,False
2025-09,M,001,상의,,,28,5251265,lemainsecond,리메인세컨드,오버핏 플란넬 포켓 체크 셔츠 [딥블루],https://image.msscdn.net/images/goods_img/20250716/5251265/5251265_17872912962879_500.jpg,False
2025-09,M,001,상의,,,29,1487679,bronson,브론슨,Tompkins Loopwheeled Tubular Tee White,https://image.msscdn.net/images/goods_img/20200617/1487679/1487679_17738107008359_500.jpg,False
2025-09,M,001,상의,,,30,3791891,filluminate,필루미네이트,오버핏 포레스트 체크 셔츠-블랙,https://image.msscdn.net/images/goods_img/20240112/3791891/3791891_17901256505525_500.jpg,False
2025-09,M,001005,맨투맨/스웨트,001,상의,1,5276013,trillion,트릴리온,레더 패치 데님 카라 럭비 맨투맨_네이비,https://image.msscdn.net/images/goods_img/20250728/5276013/5276013_17545474942483_500.jpg,False
2025-09,M,001005,맨투맨/스웨트,001,상의,2,5516541,yeezy,이지,SS-01,https://image.msscdn.net/images/goods_img/20250923/5516541/5516541_17586170812711_500.jpg,False
2025-09,M,001005,맨투맨/스웨트,001,상의,3,5292913,discusathletic,디스커스 애슬레틱,2팩 스웨트 셔츠,https://image.msscdn.net/images/goods_img/20250805/5292913/5292913_17667561980040_500.jpg,False
2025-09,M,001005,맨투맨/스웨트,001,상의,4,5276014,trillion,트릴리온,레더 패치 데님 카라 럭비 맨투맨_블랙,https://image.msscdn.net/images/goods_img/20250728/5276014/5276014_17545475185467_500.jpg,False
2025-09,M,001005,맨투맨/스웨트,001,상의,5,4704341,jeep,지프,[360g] M-Logo 반집업 맨투맨 (JR5TSU838MB),https://image.msscdn.net/images/goods_img/20250108/4704341/4704341_17412474701281_500.jpg,False
2025-09,M,001005,맨투맨/스웨트,001,상의,6,1582356,sovermentwithlomort,소버먼트,980G 피그먼트 맨투맨-챠콜-,https://image.msscdn.net/images/goods_img/20200903/1582356/1582356_1_500.jpg,False
2025-09,M,001005,맨투맨/스웨트,001,상의,7,1817394,travel,트래블,[3-PACK]베이직 트래블러 피그먼트 스웨트셔츠,https://image.msscdn.net/images/goods_img/20210226/1817394/1817394_17152436181527_500.jpg,False
2025-09,M,001005,맨투맨/스웨트,001,상의,8,1755605,jeep,지프,[360g] M-Logo 반집업 맨투맨 (JR5TSU838BK),https://image.msscdn.net/images/goods_img/20210120/1755605/1755605_17551317401993_500.jpg,False
2025-09,M,001005,맨투맨/스웨트,001,상의,9,5355751,whoau,후아유,American Flag Sweatshirt / WHMWF4T01U,https://image.msscdn.net/images/goods_img/20250822/5355751/5355751_17573178017663_500.jpg,False
2025-09,M,001005,맨투맨/스웨트,001,상의,10,5268251,espionage,에스피오나지,Lightweight Border Sweatshirt Navy,https://image.msscdn.net/images/goods_img/20250723/5268251/5268251_17551365385646_500.jpg,False
2025-09,M,001005,맨투맨/스웨트,001,상의,11,4342389,ghostrepublic,고스트리퍼블릭,심볼 로고 트랙 폴로 맨투맨 GMT-156_블랙,https://image.msscdn.net/images/goods_img/20240819/4342389/4342389_17847048024420_500.jpg,False
2025-09,M,001005,맨투맨/스웨트,001,상의,12,4774647,ami,아미,레드 하트로고 맨투맨 - 블랙 / BFUSW035730001,https://image.msscdn.net/images/goods_img/20250211/4774647/4774647_17398461511237_500.jpg,False
2025-09,M,001005,맨투맨/스웨트,001,상의,13,5291758,jeep,지프,[360g] M-Logo 반집업 맨투맨 (JR5TSU838BR),https://image.msscdn.net/images/goods_img/20250805/5291758/5291758_17568606030806_500.png,False
2025-09,M,001005,맨투맨/스웨트,001,상의,14,3475395,wednesdayoasis,웬즈데이오아시스,[기모버전추가]시그니처 오버핏 맨투맨 6COLOR,https://image.msscdn.net/images/goods_img/20230818/3475395/3475395_17905819271368_500.jpg,False
2025-09,M,001005,맨투맨/스웨트,001,상의,15,3578496,themile,더마일,MILE GARMENTS  SWEAT MTM [BLACK],https://image.msscdn.net/images/goods_img/20230920/3578496/3578496_17271518404217_500.jpg,False
2025-09,M,001005,맨투맨/스웨트,001,상의,16,5395252,lacoste,라코스테,남성 가먼트워싱 크루넥 스웨트셔츠 [블랙],https://image.msscdn.net/images/goods_img/20250903/5395252/5395252_17585900262881_500.jpg,False
2025-09,M,001005,맨투맨/스웨트,001,상의,17,5276012,trillion,트릴리온,레더 패치 데님 카라 럭비 맨투맨_카키,https://image.msscdn.net/images/goods_img/20250728/5276012/5276012_17545474694715_500.jpg,False
2025-09,M,001005,맨투맨/스웨트,001,상의,18,5461667,champion,챔피온,챔피온 X 빠더너스 리버스위브 WIT 로고 스웨트셔츠 Blue,https://image.msscdn.net/images/goods_img/20250915/5461667/5461667_17585015792525_500.jpg,False
2025-09,M,001005,맨투맨/스웨트,001,상의,19,4655076,musinsastandard,무신사 스탠다드,[쿨탠다드] 레귤러 스웨트셔츠 [블랙],https://image.msscdn.net/images/goods_img/20241206/4655076/4655076_17441576546811_500.jpg,False
2025-09,M,001005,맨투맨/스웨트,001,상의,20,1755609,jeep,지프,[360g] M-Logo 반집업 맨투맨 (JQ5TSU838MG),https://image.msscdn.net/images/goods_img/20210120/1755609/1755609_17681942816847_500.png,False
2025-09,M,001005,맨투맨/스웨트,001,상의,21,5461666,champion,챔피온,챔피온 X 빠더너스 리버스위브 BDNS 로고 스웨트셔츠 Navy,https://image.msscdn.net/images/goods_img/20250915/5461666/5461666_17585015731311_500.jpg,False
2025-09,M,001005,맨투맨/스웨트,001,상의,22,947067,musinsastandard,무신사 스탠다드,스웨트셔츠 [블랙],https://image.msscdn.net/images/goods_img/20190201/947067/947067_17641181220326_500.jpg,False
2025-09,M,001005,맨투맨/스웨트,001,상의,23,2090950,jeep,지프,[360g] M-Logo 반집업 맨투맨 (JQ5TSU838DA),https://image.msscdn.net/images/goods_img/20210826/2090950/2090950_17689757503583_500.png,False
2025-09,M,001005,맨투맨/스웨트,001,상의,24,5339762,bronson,브론슨,17.5oz Basic Sweatshirt KR Ver. Navy,https://image.msscdn.net/images/goods_img/20250819/5339762/5339762_17761454616713_500.jpg,False
2025-09,M,001005,맨투맨/스웨트,001,상의,25,5395264,lacoste,라코스테,남성 가먼트다잉 크루넥 스웨트셔츠 [그레이],https://image.msscdn.net/images/goods_img/20250903/5395264/5395264_17585899484306_500.jpg,False
2025-09,M,001005,맨투맨/스웨트,001,상의,26,4719246,cpcompany,씨피 컴퍼니,다이애그널 레이즈드 플리스 맨투맨 - 블랙 / 18CMSS023A005086W999,https://image.msscdn.net/images/goods_img/20250114/4719246/4719246_17375999555412_500.jpg,False
2025-09,M,001005,맨투맨/스웨트,001,상의,27,2792629,poloralphlauren,폴로 랄프 로렌,더블니트 스웨트셔츠 - 블랙,https://image.msscdn.net/images/goods_img/20220915/2792629/2792629_3_500.jpg,False
2025-09,M,001005,맨투맨/스웨트,001,상의,28,5290998,ghostrepublic,고스트리퍼블릭,심볼 로고 트랙 폴로 맨투맨 GMT-156_네이비,https://image.msscdn.net/images/goods_img/20250804/5290998/5290998_17542950782493_500.jpg,False
2025-09,M,001005,맨투맨/스웨트,001,상의,29,1336836,brenson,브렌슨,(Renew Ver.) 루즈핏 스웨트 셔츠 ( 9Color ) ( 기모선택 ),https://image.msscdn.net/images/goods_img/20200305/1336836/1336836_17297329205750_500.jpg,False
2025-09,M,001005,맨투맨/스웨트,001,상의,30,5339755,bronson,브론슨,17.5oz Basic Sweatshirt KR Ver. Grey,https://image.msscdn.net/images/goods_img/20250819/5339755/5339755_17761455131172_500.jpg,False
2025-09,M,001004,후드 티셔츠,001,상의,1,4302685,sorano,소라노,SORANO Basic Logo HOODIE [6Color],https://image.msscdn.net/images/goods_img/20240807/4302685/4302685_17229675684379_500.jpg,False
2025-09,M,001004,후드 티셔츠,001,상의,2,3533480,ezkaton,에즈카톤,스페이스 헤비코튼 후드 버건디 KMHD6723,https://image.msscdn.net/images/goods_img/20230906/3533480/3533480_16939610292721_500.jpg,False
2025-09,M,001004,후드 티셔츠,001,상의,3,2722805,brownbreath,브라운브레스,TAG OG HOODIE - BURGUNDY,https://image.msscdn.net/images/goods_img/20220817/2722805/2722805_17685233788556_500.jpg,False
2025-09,M,001004,후드 티셔츠,001,상의,4,4640818,likethemost,라이크더모스트,더즌트 LTMT 오버 후디_블랙,https://image.msscdn.net/images/goods_img/20241128/4640818/4640818_17327532241019_500.jpg,False
2025-09,M,001004,후드 티셔츠,001,상의,5,2058188,brownbreath,브라운브레스,TAG OG HOODIE - BLACK,https://image.msscdn.net/images/goods_img/20210811/2058188/2058188_17685234537443_500.jpg,False
2025-09,M,001004,후드 티셔츠,001,상의,6,5395272,lacoste,라코스테,남성 가먼트워싱 하프집업 후드 [블랙],https://image.msscdn.net/images/goods_img/20250903/5395272/5395272_17585898669212_500.jpg,False
2025-09,M,001004,후드 티셔츠,001,상의,7,5319744,hooves,후브스,멀티 스트라이프 후드 롱슬리브 [크림그레이],https://image.msscdn.net/images/goods_img/20250813/5319744/5319744_17562669010261_500.jpg,False
2025-09,M,001004,후드 티셔츠,001,상의,8,4711280,venhit,벤힛,VH CREW 후드티,https://image.msscdn.net/images/goods_img/20250110/4711280/4711280_17370785218504_500.jpg,False
2025-09,M,001004,후드 티셔츠,001,상의,9,2302738,brownbreath,브라운브레스,TAG OG HOODIE - NAVY,https://image.msscdn.net/images/goods_img/20220112/2302738/2302738_17685234128085_500.jpg,False
2025-09,M,001004,후드 티셔츠,001,상의,10,3907161,ruddycheeks,아이필블루씨에스엠,Ifeelbluecsm Hoodie [5Color],https://image.msscdn.net/images/goods_img/20240227/3907161/3907161_17591081389486_500.jpg,False
2025-09,M,001004,후드 티셔츠,001,상의,11,3464998,venhit,벤힛,MRT 후드티,https://image.msscdn.net/images/goods_img/20230814/3464998/3464998_16964023450202_500.jpg,False
2025-09,M,001004,후드 티셔츠,001,상의,12,2759813,saintpain,세인트페인,SP 팀 로고 후드-멜란지 그레이,https://image.msscdn.net/images/goods_img/20220831/2759813/2759813_1_500.jpg,False
2025-09,M,001004,후드 티셔츠,001,상의,13,4725152,yale,예일,투톤아치 후드_그레이,https://image.msscdn.net/images/goods_img/20250116/4725152/4725152_17685333172148_500.jpg,False
2025-09,M,001004,후드 티셔츠,001,상의,14,4326536,dimitriblack,디미트리블랙,VLAD 컷오프 아플리케 후드 티셔츠_차콜,https://image.msscdn.net/images/goods_img/20240813/4326536/4326536_17514416403147_500.jpg,False
2025-09,M,001004,후드 티셔츠,001,상의,15,5385612,thedreamer,더 드리머,중량담요 후드티 블랙,https://image.msscdn.net/images/goods_img/20250901/5385612/5385612_17574878120481_500.jpg,False
2025-09,M,001004,후드 티셔츠,001,상의,16,4774648,ami,아미,레드 하트로고 후드 - 블랙 / BFUSW235730001,https://image.msscdn.net/images/goods_img/20250211/4774648/4774648_17398703598205_500.jpg,False
2025-09,M,001004,후드 티셔츠,001,상의,17,2314616,toffee,토피,에센셜 후드 스웻 셔츠 (MELANGE GREY),https://image.msscdn.net/images/goods_img/20220119/2314616/2314616_1_500.jpg,False
2025-09,M,001004,후드 티셔츠,001,상의,18,2990516,1989standard,1989스탠다드,RV_OUR 1989 후드 (STHSTD-0004),https://image.msscdn.net/images/goods_img/20221220/2990516/2990516_17865211299718_500.jpg,False
2025-09,M,001004,후드 티셔츠,001,상의,19,4412404,fp142muji,페플,뉴웨이브 메트로라인 기모 후드 버건디 YKHD1495,https://image.msscdn.net/images/goods_img/20240905/4412404/4412404_17255304296209_500.jpg,False
2025-09,M,001004,후드 티셔츠,001,상의,20,4288950,dimitriblack,디미트리블랙,ASI 포시즌 에센셜 스웻 후드 티셔츠_피그먼트 차콜,https://image.msscdn.net/images/goods_img/20240801/4288950/4288950_17514415750313_500.jpg,False
2025-09,M,001004,후드 티셔츠,001,상의,21,5319765,hooves,후브스,멀티 스트라이프 후드 롱슬리브 [차콜블랙],https://image.msscdn.net/images/goods_img/20250813/5319765/5319765_17562669220567_500.jpg,False
2025-09,M,001004,후드 티셔츠,001,상의,22,4265248,anotherarchive,어나더 아카이브,그래피티 로고 후드티_네이비,https://image.msscdn.net/images/goods_img/20240722/4265248/4265248_17243380383879_500.jpg,False
2025-09,M,001004,후드 티셔츠,001,상의,23,5395279,lacoste,라코스테,남성 가먼트다잉 하프집업 후드 [그레이],https://image.msscdn.net/images/goods_img/20250903/5395279/5395279_17585897732759_500.jpg,False
2025-09,M,001004,후드 티셔츠,001,상의,24,2109937,moo,엠오오,피치스킨 벌룬오버 후드 - 블랙,https://image.msscdn.net/images/goods_img/20210906/2109937/2109937_1_500.jpg,False
2025-09,M,001004,후드 티셔츠,001,상의,25,5315438,madden,매든,[7COLORS] 퍼니 풀오버 후디,https://image.msscdn.net/images/goods_img/20250812/5315438/5315438_17889343170456_500.jpg,False
2025-09,M,001004,후드 티셔츠,001,상의,26,5438121,thisisneverthat,디스이즈네버댓,T-Logo Hoodie Heather Grey,https://image.msscdn.net/images/goods_img/20250910/5438121/5438121_17682811390976_500.jpg,False
2025-09,M,001004,후드 티셔츠,001,상의,27,3582805,pots,퍼츠,ALL DAY HOODIE [BROWN],https://image.msscdn.net/images/goods_img/20230921/3582805/3582805_16952730244833_500.jpg,False
2025-09,M,001004,후드 티셔츠,001,상의,28,3533479,ezkaton,에즈카톤,스페이스 헤비코튼 후드 딥그레이 KMHD6723,https://image.msscdn.net/images/goods_img/20230906/3533479/3533479_16939610237936_500.jpg,False
2025-09,M,001004,후드 티셔츠,001,상의,29,2827221,creamsodalab,크림소다랩,유에스에이 바스켓볼 후드티 블랙,https://image.msscdn.net/images/goods_img/20220929/2827221/2827221_17369004945169_500.jpg,False
2025-09,M,001004,후드 티셔츠,001,상의,30,4696321,notonlyfortoday,낫온리포투데이,넘버볼 후드티 [버건디],https://image.msscdn.net/images/goods_img/20250103/4696321/4696321_17675760651546_500.jpg,False
2025-09,M,001002,셔츠/블라우스,001,상의,1,4227437,standarderror,스탠다드에러,87-STAN081 원포켓 빈티지 오버핏 긴팔 체크 셔츠 네이비,https://image.msscdn.net/images/goods_img/20240702/4227437/4227437_17738154996351_500.jpg,False
2025-09,M,001002,셔츠/블라우스,001,상의,2,4711529,seez,시즈,[데일리룸 X 시즈] 오디너리 크롭 스트라이프 셔츠 [WHITE] 단품/SET,https://image.msscdn.net/images/goods_img/20250110/4711529/4711529_17727599688374_500.jpg,False
2025-09,M,001002,셔츠/블라우스,001,상의,3,5275916,drawfit,드로우핏,[패션플래닛X드로우핏] 워시드 크롭 옥스퍼드 셔츠 [5color],https://image.msscdn.net/images/goods_img/20250728/5275916/5275916_17564335238263_500.jpg,False
2025-09,M,001002,셔츠/블라우스,001,상의,4,5253326,lemainsecond,리메인세컨드,프리미엄 오버핏 플란넬 포켓 체크 셔츠 [네이비],https://image.msscdn.net/images/goods_img/20250717/5253326/5253326_17870318719244_500.jpg,False
2025-09,M,001002,셔츠/블라우스,001,상의,5,983339,musinsastandard,무신사 스탠다드,베이식 드레스 셔츠 [화이트],https://image.msscdn.net/images/goods_img/20190315/983339/983339_17833270978891_500.jpg,False
2025-09,M,001002,셔츠/블라우스,001,상의,6,4306299,bronson,브론슨,Blue Chambray Work Shirt KR Ver.,https://image.msscdn.net/images/goods_img/20240807/4306299/4306299_17737170274339_500.jpg,False
2025-09,M,001002,셔츠/블라우스,001,상의,7,4172293,maninstore,무드인사이드,빈티지 링클 체크셔츠_4Color,https://image.msscdn.net/images/goods_img/20240603/4172293/4172293_17567770391050_500.jpg,False
2025-09,M,001002,셔츠/블라우스,001,상의,8,4434539,untapped,언탭트 스튜디오,시티보이 빅 오버핏 플레이드 체크 셔츠 2Color,https://image.msscdn.net/images/goods_img/20240912/4434539/4434539_17261220660899_500.jpg,False
2025-09,M,001002,셔츠/블라우스,001,상의,9,4705470,lemainsecond,리메인세컨드,오버핏 플란넬 포켓 체크 셔츠 [블랙],https://image.msscdn.net/images/goods_img/20250108/4705470/4705470_17872915557201_500.jpg,False
2025-09,M,001002,셔츠/블라우스,001,상의,10,994588,filluminate,필루미네이트,옵티멀 베이직 셔츠-화이트[린넨＆옥스포드 선택],https://image.msscdn.net/images/goods_img/20190326/994588/994588_17878791359967_500.jpg,False
2025-09,M,001002,셔츠/블라우스,001,상의,11,5251265,lemainsecond,리메인세컨드,오버핏 플란넬 포켓 체크 셔츠 [딥블루],https://image.msscdn.net/images/goods_img/20250716/5251265/5251265_17872912962879_500.jpg,False
2025-09,M,001002,셔츠/블라우스,001,상의,12,3791891,filluminate,필루미네이트,오버핏 포레스트 체크 셔츠-블랙,https://image.msscdn.net/images/goods_img/20240112/3791891/3791891_17901256505525_500.jpg,False
2025-09,M,001002,셔츠/블라우스,001,상의,13,3856743,untapped,언탭트 스튜디오,시티보이 빅 오버핏 빅사이즈 옥스포드 셔츠 8COLOR,https://image.msscdn.net/images/goods_img/20240207/3856743/3856743_17177615485090_500.jpg,False
2025-09,M,001002,셔츠/블라우스,001,상의,14,4288935,dimitriblack,디미트리블랙,ASI 에센셜 바이오워싱 데님 셔츠_더스트 인디고,https://image.msscdn.net/images/goods_img/20240801/4288935/4288935_17234533281193_500.jpg,False
2025-09,M,001002,셔츠/블라우스,001,상의,15,5026626,trillion,트릴리온,레더 패치 오버핏 워크 데님 반팔 셔츠 [옐로우 블랙],https://image.msscdn.net/images/goods_img/20250414/5026626/5026626_17458963897203_500.jpg,False
2025-09,M,001002,셔츠/블라우스,001,상의,16,1498105,poloralphlauren,폴로 랄프 로렌,커스텀핏 데님 셔츠 - 블루,https://image.msscdn.net/images/goods_img/20200626/1498105/1498105_2_500.jpg,False
2025-09,M,001002,셔츠/블라우스,001,상의,17,4788205,takeasy,테이크이지,자이언트핏 몬스터 체크셔츠 (빈티지네이비),https://image.msscdn.net/images/goods_img/20250214/4788205/4788205_17422640831469_500.jpg,False
2025-09,M,001002,셔츠/블라우스,001,상의,18,5395229,lacoste,라코스테,남성 깅엄체크 오버 셔츠 [다크브라운],https://image.msscdn.net/images/goods_img/20250903/5395229/5395229_17585902838562_500.jpg,False
2025-09,M,001002,셔츠/블라우스,001,상의,19,854337,musinsastandard,무신사 스탠다드,릴렉스 핏 옥스포드 셔츠 [화이트],https://image.msscdn.net/images/goods_img/20180910/854337/854337_17829584758706_500.jpg,False
2025-09,M,001002,셔츠/블라우스,001,상의,20,4705635,lemainsecond,리메인세컨드,레트로 오버핏 코튼 플란넬 포켓 체크 셔츠 [그린],https://image.msscdn.net/images/goods_img/20250108/4705635/4705635_17670774272725_500.jpg,False
2025-09,M,001002,셔츠/블라우스,001,상의,21,4425073,takeasy,테이크이지,빈티지 오버 듀플린 체크 셔츠 (차콜),https://image.msscdn.net/images/goods_img/20240910/4425073/4425073_17273390280319_500.jpg,False
2025-09,M,001002,셔츠/블라우스,001,상의,22,3812096,secondmonolgue,세컨모놀로그,(넥타이 SET)사이드 슬릿 오버핏 코튼 셔츠 [WHITE]_SESH008WHITE,https://image.msscdn.net/images/goods_img/20240122/3812096/3812096_17809748690640_500.jpg,False
2025-09,M,001002,셔츠/블라우스,001,상의,23,3042516,suare,수아레,에센셜 텐셀 린넨 셔츠 - 9 COLOR,https://image.msscdn.net/images/goods_img/20230127/3042516/3042516_17150418369060_500.jpg,False
2025-09,M,001002,셔츠/블라우스,001,상의,24,4871138,decoroso,데꼬로소,웨스턴 투 포켓 셔츠 [브라운],https://image.msscdn.net/images/goods_img/20250307/4871138/4871138_17425347986004_500.jpg,False
2025-09,M,001002,셔츠/블라우스,001,상의,25,4186471,huke,후크,빈티지 워싱 브라운  체크셔츠,https://image.msscdn.net/images/goods_img/20240610/4186471/4186471_17179929320187_500.jpg,False
2025-09,M,001002,셔츠/블라우스,001,상의,26,5371402,asp,애습,페이디드 셔츠 - 차콜 브라운,https://image.msscdn.net/images/goods_img/20250827/5371402/5371402_17889235192261_500.jpg,False
2025-09,M,001002,셔츠/블라우스,001,상의,27,1706633,poloralphlauren,폴로 랄프 로렌,커스텀핏 옥스포드 셔츠 - 화이트,https://image.msscdn.net/images/goods_img/20201130/1706633/1706633_16932921087582_500.jpg,False
2025-09,M,001002,셔츠/블라우스,001,상의,28,5488590,247series,247시리즈,[247 X VANA] 컴포트 플란넬 체크 셔츠 KHAKI,https://image.msscdn.net/images/goods_img/20250918/5488590/5488590_17585002777302_500.jpg,False
2025-09,M,001002,셔츠/블라우스,001,상의,29,4312727,musinsastandard,무신사 스탠다드,데님 웨스턴 셔츠 [블랙],https://image.msscdn.net/images/goods_img/20240809/4312727/4312727_17297484208550_500.jpg,False
2025-09,M,001002,셔츠/블라우스,001,상의,30,3017681,tleyoung,틀영,올데이 스트라이프 셔츠_Gray,https://image.msscdn.net/images/goods_img/20230110/3017681/3017681_17206913946336_500.jpg,False
2025-09,M,001010,긴소매 티셔츠,001,상의,1,4757913,trillion,트릴리온,와플 링 스냅 헨리넥 롱 슬리브 [블랙],https://image.msscdn.net/images/goods_img/20250204/4757913/4757913_17388174210742_500.jpg,False
2025-09,M,001010,긴소매 티셔츠,001,상의,2,2149254,musinsastandard,무신사 스탠다드,베이식 긴팔 티셔츠 2팩,https://image.msscdn.net/images/goods_img/20210928/2149254/2149254_17138588137724_500.jpg,False
2025-09,M,001010,긴소매 티셔츠,001,상의,3,5318901,hooves,후브스,VTG 인터록 헨리넥 롱슬리브 [그레이],https://image.msscdn.net/images/goods_img/20250813/5318901/5318901_17562667095205_500.jpg,False
2025-09,M,001010,긴소매 티셔츠,001,상의,4,4886457,brenson,브렌슨,오버핏 1:1 스트라이프 긴팔티 ( 5Color ),https://image.msscdn.net/images/goods_img/20250312/4886457/4886457_17629959457223_500.jpg,False
2025-09,M,001010,긴소매 티셔츠,001,상의,5,4227807,discusathletic,디스커스 애슬레틱,[2PACK] 오버 핏 롱슬리브 블랭크 티셔츠,https://image.msscdn.net/images/goods_img/20240702/4227807/4227807_17881482998978_500.jpg,False
2025-09,M,001010,긴소매 티셔츠,001,상의,6,2081571,bronson,브론슨,Vintage Long Sleeve Henley Shirt Black,https://image.msscdn.net/images/goods_img/20210823/2081571/2081571_17737267731808_500.jpg,False
2025-09,M,001010,긴소매 티셔츠,001,상의,7,4886714,drix,드릭스,특양면 오버핏 롱 슬리브 티셔츠_5color,https://image.msscdn.net/images/goods_img/20250312/4886714/4886714_17417603907744_500.jpg,False
2025-09,M,001010,긴소매 티셔츠,001,상의,8,5293181,divein,다이브인,UNIFORM CROP LONG SLEEVE (MELANGE GRAY),https://image.msscdn.net/images/goods_img/20250805/5293181/5293181_17561961865377_500.jpg,False
2025-09,M,001010,긴소매 티셔츠,001,상의,9,4327239,drawfit,드로우핏,코튼 와플 헨리넥 티셔츠 [BLACK],https://image.msscdn.net/images/goods_img/20240813/4327239/4327239_17697518491366_500.jpg,False
2025-09,M,001010,긴소매 티셔츠,001,상의,10,5269891,musinsastandard,무신사 스탠다드,베이식 긴팔 티셔츠 3팩,https://image.msscdn.net/images/goods_img/20250724/5269891/5269891_17561986258926_500.jpg,False
2025-09,M,001010,긴소매 티셔츠,001,상의,11,5287968,alyss,알리스,링 스터드 크롭 헨리넥 티셔츠 [블랙],https://image.msscdn.net/images/goods_img/20250801/5287968/5287968_17549854384360_500.jpg,False
2025-09,M,001010,긴소매 티셔츠,001,상의,12,5395247,lacoste,라코스테,남성 멀티 스트라이프 롱슬리브 티셔츠 [네이비],https://image.msscdn.net/images/goods_img/20250903/5395247/5395247_17585901489061_500.jpg,False
2025-09,M,001010,긴소매 티셔츠,001,상의,13,3134802,musinsastandard,무신사 스탠다드,멀티 스트라이프 릴렉스드 긴팔 티셔츠 1 [블랙/블루],https://image.msscdn.net/images/goods_img/20230309/3134802/3134802_16817879236073_500.jpg,False
2025-09,M,001010,긴소매 티셔츠,001,상의,14,5243209,nomanual,노매뉴얼,HEAVY WAFFLE HALF ZIP-UP - GRAY,https://image.msscdn.net/images/goods_img/20250711/5243209/5243209_17545569373704_500.jpg,False
2025-09,M,001010,긴소매 티셔츠,001,상의,15,5377546,bronson,브론슨,[2Pack] Vintage Long Sleeve Henley Shirt,https://image.msscdn.net/images/goods_img/20250829/5377546/5377546_17587631711116_500.jpg,False
2025-09,M,001010,긴소매 티셔츠,001,상의,16,1375682,bronson,브론슨,Breton Stripe Long Sleeve Tee KR ver. A/N,https://image.msscdn.net/images/goods_img/20200331/1375682/1375682_17737170695717_500.jpg,False
2025-09,M,001010,긴소매 티셔츠,001,상의,17,5293163,divein,다이브인,UNIFORM CROP LONG SLEEVE (BLACK),https://image.msscdn.net/images/goods_img/20250805/5293163/5293163_17561962510779_500.jpg,False
2025-09,M,001010,긴소매 티셔츠,001,상의,18,5444596,unionblue,유니온블루,CRAFT HENLEY L/S T-SHIRT [GRAPHITE],https://image.msscdn.net/images/goods_img/20250911/5444596/5444596_17582685133083_500.jpg,False
2025-09,M,001010,긴소매 티셔츠,001,상의,19,5319155,hooves,후브스,VTG 인터록 헨리넥 롱슬리브 [블랙],https://image.msscdn.net/images/goods_img/20250813/5319155/5319155_17562668099697_500.jpg,False
2025-09,M,001010,긴소매 티셔츠,001,상의,20,5313582,signature,시그니처,크롭 긴팔 티셔츠[스트라이프],https://image.msscdn.net/images/goods_img/20250812/5313582/5313582_17866894048697_500.jpg,False
2025-09,M,001010,긴소매 티셔츠,001,상의,21,1248490,bronson,브론슨,Vintage Long Sleeve Henley Shirt White,https://image.msscdn.net/images/goods_img/20191210/1248490/1248490_17737268855625_500.jpg,False
2025-09,M,001010,긴소매 티셔츠,001,상의,22,5276006,trillion,트릴리온,스트라이프 와플 링 스냅 헨리넥 롱 슬리브_4color,https://image.msscdn.net/images/goods_img/20250728/5276006/5276006_17545473270548_500.jpg,False
2025-09,M,001010,긴소매 티셔츠,001,상의,23,3005822,brownbreath,브라운브레스,TAG OG LONGSLEEVE - WHITE,https://image.msscdn.net/images/goods_img/20230104/3005822/3005822_17392559844752_500.jpg,False
2025-09,M,001010,긴소매 티셔츠,001,상의,24,3134801,musinsastandard,무신사 스탠다드,멀티 스트라이프 릴렉스드 긴팔 티셔츠 1 [블랙/화이트],https://image.msscdn.net/images/goods_img/20230309/3134801/3134801_16818787426428_500.jpg,False
2025-09,M,001010,긴소매 티셔츠,001,상의,25,4757911,trillion,트릴리온,와플 링 스냅 헨리넥 롱 슬리브 [그레이],https://image.msscdn.net/images/goods_img/20250204/4757911/4757911_17388174389419_500.jpg,False
2025-09,M,001010,긴소매 티셔츠,001,상의,26,5313579,signature,시그니처,크롭 긴팔 티셔츠[그레이],https://image.msscdn.net/images/goods_img/20250812/5313579/5313579_17866894543150_500.jpg,False
2025-09,M,001010,긴소매 티셔츠,001,상의,27,5279192,drix,드릭스,립브드 머슬핏 헨리넥 롱 슬리브_5color,https://image.msscdn.net/images/goods_img/20250729/5279192/5279192_17550661415773_500.jpg,False
2025-09,M,001010,긴소매 티셔츠,001,상의,28,2081541,bronson,브론슨,Vintage Long Sleeve Henley Shirt Navy,https://image.msscdn.net/images/goods_img/20210823/2081541/2081541_17737268498481_500.jpg,False
2025-09,M,001010,긴소매 티셔츠,001,상의,29,4380185,intempomood,인템포무드,리브드 스웨트 헨리넥 : 3컬러,https://image.msscdn.net/images/goods_img/20240828/4380185/4380185_17509958170569_500.jpg,False
2025-09,M,001010,긴소매 티셔츠,001,상의,30,4655189,musinsastandard,무신사 스탠다드,핀 스트라이프 릴렉스드 긴소매 티셔츠 [블랙/화이트],https://image.msscdn.net/images/goods_img/20241206/4655189/4655189_17544578966955_500.jpg,False
2025-09,M,001001,반소매 티셔츠,001,상의,1,5167907,brenson,브렌슨,컴포트 크롭 반팔티 ( 6Color ),https://image.msscdn.net/images/goods_img/20250605/5167907/5167907_17774455330031_500.jpg,False
2025-09,M,001001,반소매 티셔츠,001,상의,2,2086653,musinsastandard,무신사 스탠다드,레이어드 크루 넥 반팔 티셔츠_일반 기장 [화이트],https://image.msscdn.net/images/goods_img/20210825/2086653/2086653_17772494800708_500.jpg,False
2025-09,M,001001,반소매 티셔츠,001,상의,3,2690691,hugvone,허그본,무지 머슬핏 반팔 5컬러,https://image.msscdn.net/images/goods_img/20220801/2690691/2690691_17090175122341_500.jpg,False
2025-09,M,001001,반소매 티셔츠,001,상의,4,2034137,musinsastandard,무신사 스탠다드,릴렉스 핏 크루 넥 반팔 티셔츠 2팩,https://image.msscdn.net/images/goods_img/20210719/2034137/2034137_17821170123912_500.jpg,False
2025-09,M,001001,반소매 티셔츠,001,상의,5,4838119,printstar,프린트스타,[2PACK] 14수 7.4oz 헤비웨이트 라운드 오버핏 무지 반팔 티셔츠,https://image.msscdn.net/images/goods_img/20250226/4838119/4838119_17405717515529_500.jpg,False
2025-09,M,001001,반소매 티셔츠,001,상의,6,1487679,bronson,브론슨,Tompkins Loopwheeled Tubular Tee White,https://image.msscdn.net/images/goods_img/20200617/1487679/1487679_17738107008359_500.jpg,False
2025-09,M,001001,반소매 티셔츠,001,상의,7,3609916,bysec,바이젝,퍼펙트 특양면 오버핏 숄더 2중절개 무지 반팔 티셔츠_7Color,https://image.msscdn.net/images/goods_img/20231006/3609916/3609916_17871227359471_500.png,False
2025-09,M,001001,반소매 티셔츠,001,상의,8,2518417,jeep,지프,[2PACK] 190g 싱글 에어그램  반팔 티셔츠 (JR5TSU159BK),https://image.msscdn.net/images/goods_img/20220427/2518417/2518417_17685218387430_500.jpg,False
2025-09,M,001001,반소매 티셔츠,001,상의,9,4774342,grooverhyme,그루브라임,유니)C100 18수싱글 - LOCATION 티셔츠 (레귤러핏) (23COLOR) LRAMCTR702P,https://image.msscdn.net/images/goods_img/20250211/4774342/4774342_17417655661526_500.jpg,False
2025-09,M,001001,반소매 티셔츠,001,상의,10,2479911,coor,쿠어,[2PACK] 수피마 코튼 티셔츠,https://image.msscdn.net/images/goods_img/20220411/2479911/2479911_17731079454756_500.jpg,False
2025-09,M,001001,반소매 티셔츠,001,상의,11,4782996,mozmoz,모즈모즈,[SET] 그래픽 피그먼트 오버핏 반팔티셔츠 PART04,https://image.msscdn.net/images/goods_img/20250212/4782996/4782996_17419458346504_500.jpg,False
2025-09,M,001001,반소매 티셔츠,001,상의,12,3886780,hugvone,허그본,[2PACK]무지 머슬핏 반팔 5컬러,https://image.msscdn.net/images/goods_img/20240221/3886780/3886780_17701039174536_500.jpg,False
2025-09,M,001001,반소매 티셔츠,001,상의,13,5255063,musinsastandard,무신사 스탠다드,릴렉스 핏 크루 넥 반팔 티셔츠 3팩,https://image.msscdn.net/images/goods_img/20250718/5255063/5255063_17750308150702_500.jpg,False
2025-09,M,001001,반소매 티셔츠,001,상의,14,5187827,drix,드릭스,[SET-UP] 럭비 오버핏 메시 하프 셋업_3color,https://image.msscdn.net/images/goods_img/20250616/5187827/5187827_17504003447171_500.jpg,False
2025-09,M,001001,반소매 티셔츠,001,상의,15,5170644,leire,르아르,에센셜 크롭 티셔츠 [블랙],https://image.msscdn.net/images/goods_img/20250608/5170644/5170644_17500421531984_500.jpg,False
2025-09,M,001001,반소매 티셔츠,001,상의,16,5045551,drix,드릭스,럭비 오버핏 메시 저지 하프 슬리브_블랙,https://image.msscdn.net/images/goods_img/20250420/5045551/5045551_17459121286173_500.jpg,False
2025-09,M,001001,반소매 티셔츠,001,상의,17,3269419,bronson,브론슨,10.6 oz Cotton Short Sleeve Henley Tee Dark Grey,https://image.msscdn.net/images/goods_img/20230428/3269419/3269419_17761451609521_500.jpg,False
2025-09,M,001001,반소매 티셔츠,001,상의,18,3727165,aaa,트리플에이,2PACK 1301 베이식 반팔 티셔츠 18수,https://image.msscdn.net/images/goods_img/20231121/3727165/3727165_17303367797569_500.jpg,False
2025-09,M,001001,반소매 티셔츠,001,상의,19,996177,musinsastandard,무신사 스탠다드,릴렉스 핏 크루 넥 반팔 티셔츠 [화이트],https://image.msscdn.net/images/goods_img/20190327/996177/996177_17845258066104_500.jpg,False
2025-09,M,001001,반소매 티셔츠,001,상의,20,4896305,drix,드릭스,시그니처 코튼 머슬핏 하프 슬리브_7color,https://image.msscdn.net/images/goods_img/20250313/4896305/4896305_17421924886586_500.jpg,False
2025-09,M,001001,반소매 티셔츠,001,상의,21,3268602,bronson,브론슨,Tompkins Loopwheeled Tubular Tee Vintage Black,https://image.msscdn.net/images/goods_img/20230428/3268602/3268602_17557380116819_500.jpg,False
2025-09,M,001001,반소매 티셔츠,001,상의,22,4987047,jemut,제멋,[2PACK] 보이 크롭 반팔티셔츠 KJST2619,https://image.msscdn.net/images/goods_img/20250404/4987047/4987047_17440029336330_500.jpg,False
2025-09,M,001001,반소매 티셔츠,001,상의,23,3158061,hadex,에이치덱스,[2pack] 메인 스몰 로고 에어 머슬핏 숏 슬리브,https://image.msscdn.net/images/goods_img/20230317/3158061/3158061_17581635208529_500.jpg,False
2025-09,M,001001,반소매 티셔츠,001,상의,24,3973556,untapped,언탭트 스튜디오,[3PACK]퓨어코튼 24수  롱기장 레이어드 무지 반팔 티셔츠,https://image.msscdn.net/images/goods_img/20240320/3973556/3973556_17657835585342_500.jpg,False
2025-09,M,001001,반소매 티셔츠,001,상의,25,2050094,musinsastandard,무신사 스탠다드,베이식 크루 넥 반팔 티셔츠 2팩,https://image.msscdn.net/images/goods_img/20210805/2050094/2050094_17138592561124_500.jpg,False
2025-09,M,001001,반소매 티셔츠,001,상의,26,5170638,leire,르아르,에센셜 크롭 티셔츠 [화이트],https://image.msscdn.net/images/goods_img/20250608/5170638/5170638_17531669031094_500.png,False
2025-09,M,001001,반소매 티셔츠,001,상의,27,996497,musinsastandard,무신사 스탠다드,베이식 크루 넥 반팔 티셔츠 [화이트],https://image.msscdn.net/images/goods_img/20190327/996497/996497_17507502602097_500.jpg,False
2025-09,M,001001,반소매 티셔츠,001,상의,28,5170639,leire,르아르,에센셜 크롭 티셔츠 [헤더 그레이],https://image.msscdn.net/images/goods_img/20250608/5170639/5170639_17518700877306_500.jpg,False
2025-09,M,001001,반소매 티셔츠,001,상의,29,5152785,hooves,후브스,유넥 크롭 반팔티 [5 COL],https://image.msscdn.net/images/goods_img/20250528/5152785/5152785_17786367273477_500.jpg,False
2025-09,M,001001,반소매 티셔츠,001,상의,30,2628632,ninez,나인제트,시그니처 코튼 머슬핏 티셔츠 NSTS01,https://image.msscdn.net/images/goods_img/20220622/2628632/2628632_17737220538980_500.jpg,False
2025-09,M,001003,피케/카라 티셔츠,001,상의,1,4992830,suare,수아레,데일리 쿨 하프 니트,https://image.msscdn.net/images/goods_img/20250407/4992830/4992830_17455602368529_500.jpg,False
2025-09,M,001003,피케/카라 티셔츠,001,상의,2,4375159,adidas,아디다스,럭비 폴로 셔츠 - 블랙 / IZ4806,https://image.msscdn.net/images/goods_img/20240827/4375159/4375159_17248303115071_500.jpg,False
2025-09,M,001003,피케/카라 티셔츠,001,상의,3,3927583,suare,수아레,워셔블 케이블 반팔 니트 - 14 COLOR,https://image.msscdn.net/images/goods_img/20240306/3927583/3927583_17791544001352_500.jpg,False
2025-09,M,001003,피케/카라 티셔츠,001,상의,4,4939651,untapped,언탭트 스튜디오,워셔블 쿨 코튼 케이블 반팔 카라 니트 4Color,https://image.msscdn.net/images/goods_img/20250325/4939651/4939651_17429820374939_500.jpg,False
2025-09,M,001003,피케/카라 티셔츠,001,상의,5,4992561,suare,수아레,쿨 코튼 워셔블 하프 니트,https://image.msscdn.net/images/goods_img/20250407/4992561/4992561_17455602873600_500.jpg,False
2025-09,M,001003,피케/카라 티셔츠,001,상의,6,4854080,satur,세터,럭비 스트라이프 피케 롱 슬리브 네이비,https://image.msscdn.net/images/goods_img/20250304/4854080/4854080_17417565014715_500.jpg,False
2025-09,M,001003,피케/카라 티셔츠,001,상의,7,5292858,adidas,아디다스,럭비 폴로 셔츠 - 나이트인디고:화이트 / JY1400,https://image.msscdn.net/images/goods_img/20250805/5292858/5292858_17544653612292_500.jpg,False
2025-09,M,001003,피케/카라 티셔츠,001,상의,8,1387960,musinsastandard,무신사 스탠다드,베이식 피케 폴로 셔츠 [블랙],https://image.msscdn.net/images/goods_img/20200407/1387960/1387960_17507503016609_500.jpg,False
2025-09,M,001003,피케/카라 티셔츠,001,상의,9,3274144,ninez,나인제트,시그니처 코튼 머슬핏 카라티 NSPK01,https://image.msscdn.net/images/goods_img/20230503/3274144/3274144_17809819177876_500.jpg,False
2025-09,M,001003,피케/카라 티셔츠,001,상의,10,5339797,bronson,브론슨,Classic Fit Striped Jersey Rugby Shirt Green/Navy/Red,https://image.msscdn.net/images/goods_img/20250819/5339797/5339797_17737254532028_500.jpg,False
2025-09,M,001003,피케/카라 티셔츠,001,상의,11,4299296,untapped,언탭트 스튜디오,시티보이 오버핏 럭비 카라 맨투맨 스웻 티셔츠 4COLOR,https://image.msscdn.net/images/goods_img/20240806/4299296/4299296_17261233960748_500.jpg,False
2025-09,M,001003,피케/카라 티셔츠,001,상의,12,5507067,hooves,후브스,하이드 버튼 카라 니트 [4COL],https://image.msscdn.net/images/goods_img/20250922/5507067/5507067_17586071782539_500.jpg,False
2025-09,M,001003,피케/카라 티셔츠,001,상의,13,1498092,poloralphlauren,폴로 랄프 로렌,커스텀 슬림핏 메시 폴로 셔츠 - 블랙,https://image.msscdn.net/images/goods_img/20200626/1498092/1498092_2_500.jpg,False
2025-09,M,001003,피케/카라 티셔츠,001,상의,14,3075261,musinsastandard,무신사 스탠다드,[쿨탠다드] 릴렉스 핏 피케 폴로 셔츠 [블랙],https://image.msscdn.net/images/goods_img/20230210/3075261/3075261_16895877432633_500.jpg,False
2025-09,M,001003,피케/카라 티셔츠,001,상의,15,5390845,kolonsport,코오롱스포츠,남성 베이직 폴로 티셔츠 TLTBA25401BLK,https://image.msscdn.net/images/goods_img/20250902/5390845/5390845_17573069948708_500.jpg,False
2025-09,M,001003,피케/카라 티셔츠,001,상의,16,5005313,workonbodyoff,워크온바디오프,클래식 세미 오버핏 코튼 피케 티셔츠 [블랙],https://image.msscdn.net/images/goods_img/20250409/5005313/5005313_17461659308163_500.jpg,False
2025-09,M,001003,피케/카라 티셔츠,001,상의,17,5292857,adidas,아디다스,럭비 폴로 셔츠 - 그레이:블랙 / JY1399,https://image.msscdn.net/images/goods_img/20250805/5292857/5292857_17544653297627_500.jpg,False
2025-09,M,001003,피케/카라 티셔츠,001,상의,18,3904799,suare,수아레,워셔블 에센셜 쿨 니트 - 17 COLOR,https://image.msscdn.net/images/goods_img/20240227/3904799/3904799_17152336564181_500.jpg,False
2025-09,M,001003,피케/카라 티셔츠,001,상의,19,1387524,musinsastandard,무신사 스탠다드,슬릿 넥 피케 폴로 셔츠 [블랙],https://image.msscdn.net/images/goods_img/20200406/1387524/1387524_17181686942704_500.jpg,False
2025-09,M,001003,피케/카라 티셔츠,001,상의,20,4992652,untapped,언탭트 스튜디오,시티보이 오버핏 럭비 카라 반팔 티셔츠 3Color,https://image.msscdn.net/images/goods_img/20250407/4992652/4992652_17442721498917_500.jpg,False
2025-09,M,001003,피케/카라 티셔츠,001,상의,21,4361494,endoor,엔도어,Vintage stripe polo shirt (Vintage gray),https://image.msscdn.net/images/goods_img/20240822/4361494/4361494_17258659703877_500.jpg,False
2025-09,M,001003,피케/카라 티셔츠,001,상의,22,5339798,bronson,브론슨,Classic Fit Striped Jersey Rugby Shirt Yellow/Navy,https://image.msscdn.net/images/goods_img/20250819/5339798/5339798_17737254335922_500.jpg,False
2025-09,M,001003,피케/카라 티셔츠,001,상의,23,4873767,lmood,엘무드,옴므 코튼 PK 하프 니트 (5 COLOR),https://image.msscdn.net/images/goods_img/20250310/4873767/4873767_17865964881858_500.png,False
2025-09,M,001003,피케/카라 티셔츠,001,상의,24,3273391,jeleve,제이엘브,스탠다드 머슬핏 카라티,https://image.msscdn.net/images/goods_img/20230503/3273391/3273391_17102125662096_500.jpg,False
2025-09,M,001003,피케/카라 티셔츠,001,상의,25,1633322,musinsastandard,무신사 스탠다드,스트라이프 럭비 셔츠 [네이비/그린],https://image.msscdn.net/images/goods_img/20201005/1633322/1633322_1_500.jpg,False
2025-09,M,001003,피케/카라 티셔츠,001,상의,26,5107625,they,데이,부클 스트라이프 버튼카라 니트_(2COLOR),https://image.msscdn.net/images/goods_img/20250513/5107625/5107625_17540207766194_500.jpg,False
2025-09,M,001003,피케/카라 티셔츠,001,상의,27,4758875,untapped,언탭트 스튜디오,트랙 럭비 카라 오버핏 맨투맨 스웻 티셔츠 3 COLOR,https://image.msscdn.net/images/goods_img/20250205/4758875/4758875_17394977548952_500.jpg,False
2025-09,M,001003,피케/카라 티셔츠,001,상의,28,1387953,musinsastandard,무신사 스탠다드,롱 슬리브 피케 폴로 셔츠 [블랙],https://image.msscdn.net/images/goods_img/20200407/1387953/1387953_1_500.jpg,False
2025-09,M,001003,피케/카라 티셔츠,001,상의,29,4759885,untapped,언탭트 스튜디오,심볼 트랙 럭비카라 오버핏 맨투맨 스웻 티셔츠 3Color,https://image.msscdn.net/images/goods_img/20250205/4759885/4759885_17399410449404_500.jpg,False
2025-09,M,001003,피케/카라 티셔츠,001,상의,30,5017539,giordano,지오다노,피케 폴로 반팔 카라티 015502 [28color],https://image.msscdn.net/images/goods_img/20250411/5017539/5017539_17512666257471_500.jpg,False
2025-09,M,001006,니트/스웨터,001,상의,1,4871107,decoroso,데꼬로소,베일 헨리넥 니트 [블랙],https://image.msscdn.net/images/goods_img/20250307/4871107/4871107_17421236799393_500.jpg,False
2025-09,M,001006,니트/스웨터,001,상의,2,2723767,suare,수아레,데일리 라운드 니트 - 12 COLOR,https://image.msscdn.net/images/goods_img/20220818/2723767/2723767_17292130151891_500.jpg,False
2025-09,M,001006,니트/스웨터,001,상의,3,4871108,decoroso,데꼬로소,베일 헨리넥 니트 [그레이],https://image.msscdn.net/images/goods_img/20250307/4871108/4871108_17421237043754_500.jpg,False
2025-09,M,001006,니트/스웨터,001,상의,4,3494992,suare,수아레,워셔블 케이블 라운드 니트 - 5 COLOR,https://image.msscdn.net/images/goods_img/20230824/3494992/3494992_17296467139345_500.jpg,False
2025-09,M,001006,니트/스웨터,001,상의,5,5410570,knitted,니티드,[니티드X패션플래닛] 코튼 와플 라운드 니트 CHARCOAL,https://image.msscdn.net/images/goods_img/20250905/5410570/5410570_17593844521856_500.jpg,False
2025-09,M,001006,니트/스웨터,001,상의,6,4970392,whoau,후아유,American Flag Intarsia Pullover / WHKAF4T81U,https://image.msscdn.net/images/goods_img/20250401/4970392/4970392_17888492392785_500.jpg,False
2025-09,M,001006,니트/스웨터,001,상의,7,5351938,suare,수아레,[핏더사이즈 콜라보] 울 워셔블 헨리넥 크롭 니트 - 6 COLOR,https://image.msscdn.net/images/goods_img/20250821/5351938/5351938_17606831618154_500.jpg,False
2025-09,M,001006,니트/스웨터,001,상의,8,5223884,musinsastandard,무신사 스탠다드,[빅토리아 울] 리브드 후디드 니트 [토프],https://image.msscdn.net/images/goods_img/20250703/5223884/5223884_17586714391198_500.jpg,False
2025-09,M,001006,니트/스웨터,001,상의,9,2683549,satur,세터,파로 오버 사이즈 부클 가디건 클래식 블랙,https://image.msscdn.net/images/prd_img/20220726/2683549/detail_2683549_17582476224564_500.jpg,False
2025-09,M,001006,니트/스웨터,001,상의,10,5395163,takeasy,테이크이지,[2PACK] 울 크롭 니트 (카키멜) + (솔리드 크롭 티셔츠 증정),https://image.msscdn.net/images/goods_img/20250903/5395163/5395163_17576401759546_500.jpg,False
2025-09,M,001006,니트/스웨터,001,상의,11,5290694,drawfit,드로우핏,소프트 울 크롭 라운드 니트 [4color],https://image.msscdn.net/images/goods_img/20250804/5290694/5290694_17878801647145_500.jpg,False
2025-09,M,001006,니트/스웨터,001,상의,12,5410550,knitted,니티드,[니티드X패션플래닛] 코튼 와플 라운드 니트 BLACK,https://image.msscdn.net/images/goods_img/20250905/5410550/5410550_17593845015926_500.jpg,False
2025-09,M,001006,니트/스웨터,001,상의,13,5410580,knitted,니티드,[니티드X패션플래닛] 코튼 와플 라운드 니트 GREY,https://image.msscdn.net/images/goods_img/20250905/5410580/5410580_17593844226073_500.jpg,False
2025-09,M,001006,니트/스웨터,001,상의,14,5119025,suare,수아레,코튼 헨리넥 워셔블 니트 - 6 COLOR,https://image.msscdn.net/images/goods_img/20250516/5119025/5119025_17508193690665_500.jpg,False
2025-09,M,001006,니트/스웨터,001,상의,15,4441592,millo,밀로 아카이브,크롭 실루엣 니트 [멜란지 그레이],https://image.msscdn.net/images/goods_img/20240916/4441592/4441592_17268183875497_500.jpg,False
2025-09,M,001006,니트/스웨터,001,상의,16,3039153,poloralphlauren,폴로 랄프 로렌,케이블 니트 코튼 스웨터 - 블랙,https://image.msscdn.net/images/goods_img/20230126/3039153/3039153_16764213820086_500.jpg,False
2025-09,M,001006,니트/스웨터,001,상의,17,5311166,untapped,언탭트 스튜디오,오버핏 케이블 헨리넥 라운드 니트 4Color,https://image.msscdn.net/images/goods_img/20250811/5311166/5311166_17549219787236_500.jpg,False
2025-09,M,001006,니트/스웨터,001,상의,18,4348898,kiimuir,키뮤어,워셔블 카라니트 풀집업_5 COLOR,https://image.msscdn.net/images/goods_img/20240820/4348898/4348898_17573922224842_500.jpg,False
2025-09,M,001006,니트/스웨터,001,상의,19,4899057,mindbridge,마인드브릿지,[ON][케이블or베이직 선택]린넨라이크 반팔 니트 시리즈 - 14color,https://image.msscdn.net/images/goods_img/20250314/4899057/4899057_17812467640328_500.jpg,False
2025-09,M,001006,니트/스웨터,001,상의,20,5294611,divein,다이브인,LOOSED FINE WOOL V-NECK KNIT (NAVY),https://image.msscdn.net/images/goods_img/20250805/5294611/5294611_17642066097241_500.jpg,False
2025-09,M,001006,니트/스웨터,001,상의,21,5215596,musinsastandard,무신사 스탠다드,[빅토리아 울] 미니멀 리브드 크루 넥 니트 [미디엄 그레이],https://image.msscdn.net/images/goods_img/20250701/5215596/5215596_17872898481715_500.jpg,False
2025-09,M,001006,니트/스웨터,001,상의,22,5410584,knitted,니티드,[니티드X패션플래닛] 코튼 와플 라운드 니트 NAVY,https://image.msscdn.net/images/goods_img/20250905/5410584/5410584_17593843656254_500.jpg,False
2025-09,M,001006,니트/스웨터,001,상의,23,5215594,musinsastandard,무신사 스탠다드,[빅토리아 울] 미니멀 리브드 크루 넥 니트 [블랙],https://image.msscdn.net/images/goods_img/20250701/5215594/5215594_17872900004453_500.jpg,False
2025-09,M,001006,니트/스웨터,001,상의,24,2702396,kiimuir,키뮤어,[하프집업 OR 풀집업] 워셔블 하찌니트_10 COLOR,https://image.msscdn.net/images/goods_img/20220807/2702396/2702396_17578953823468_500.jpg,False
2025-09,M,001006,니트/스웨터,001,상의,25,4863411,unionblue,유니온블루,HARD TWIST HENLEY-NECK KNIT [BLACK],https://image.msscdn.net/images/goods_img/20250306/4863411/4863411_17423481702457_500.jpg,False
2025-09,M,001006,니트/스웨터,001,상의,26,5328224,hyojinoriko,효지,25 FW 워셔블 케이블 크롭 헨리넥 니트 (5컬러),https://image.msscdn.net/images/goods_img/20250817/5328224/5328224_17882470563523_500.jpg,False
2025-09,M,001006,니트/스웨터,001,상의,27,5215616,musinsastandard,무신사 스탠다드,[빅토리아 울] 미니멀 리브드 헨리 넥 니트 [토프],https://image.msscdn.net/images/goods_img/20250701/5215616/5215616_17592159971828_500.jpg,False
2025-09,M,001006,니트/스웨터,001,상의,28,5223883,musinsastandard,무신사 스탠다드,[빅토리아 울] 미니멀 칼라드 니트 [토프],https://image.msscdn.net/images/goods_img/20250703/5223883/5223883_17586705481853_500.jpg,False
2025-09,M,001006,니트/스웨터,001,상의,29,5223882,musinsastandard,무신사 스탠다드,[빅토리아 울] 미니멀 칼라드 니트 [네이비],https://image.msscdn.net/images/goods_img/20250703/5223882/5223882_17586704753884_500.jpg,False
2025-09,M,001006,니트/스웨터,001,상의,30,4682241,musinsastandard,무신사 스탠다드,워셔블 수피마 코튼 크루 넥 니트 [블랙],https://image.msscdn.net/images/goods_img/20241227/4682241/4682241_17706792867348_500.jpg,False
2025-09,M,001011,민소매 티셔츠,001,상의,1,2005542,bronson,브론슨,10.5 oz Cotton Tank Top,https://image.msscdn.net/images/goods_img/20210622/2005542/2005542_17761449719794_500.jpg,False
2025-09,M,001011,민소매 티셔츠,001,상의,2,4057918,musinsastandard,무신사 스탠다드,에센셜 탱크 탑 [블랙],https://image.msscdn.net/images/goods_img/20240416/4057918/4057918_17170471959238_500.jpg,False
2025-09,M,001011,민소매 티셔츠,001,상의,3,5106377,giordano,지오다노,립 베이직 탱크탑 025561 [5color],https://image.msscdn.net/images/goods_img/20250513/5106377/5106377_17471120271827_500.jpg,False
2025-09,M,001011,민소매 티셔츠,001,상의,4,5079642,grandiosity,그랜디오시티,[2PACK] 헤비 골지 머슬핏 슬리브리스 나시 (3컬러),https://image.msscdn.net/images/goods_img/20250429/5079642/5079642_17516005491473_500.jpg,False
2025-09,M,001011,민소매 티셔츠,001,상의,5,4936661,esfai,에스파이,VTG SLEEVELESS (CHARCOAL),https://image.msscdn.net/images/goods_img/20250324/4936661/4936661_17715571268626_500.jpg,False
2025-09,M,001011,민소매 티셔츠,001,상의,6,4057917,musinsastandard,무신사 스탠다드,에센셜 탱크 탑 [화이트],https://image.msscdn.net/images/goods_img/20240416/4057917/4057917_17775153738661_500.jpg,False
2025-09,M,001011,민소매 티셔츠,001,상의,7,4148441,bowlow,바우로 프로덕트,리브드 로고 슬리브리스 [블랙],https://image.msscdn.net/images/goods_img/20240522/4148441/4148441_17163625167792_500.jpg,False
2025-09,M,001011,민소매 티셔츠,001,상의,8,4767951,musinsastandard,무신사 스탠다드,에센셜 탱크 탑 2팩,https://image.msscdn.net/images/goods_img/20250207/4767951/4767951_17461712582659_500.jpg,False
2025-09,M,001011,민소매 티셔츠,001,상의,9,4888736,drix,드릭스,시그니처 머슬핏 립브드 슬리브리스_5color,https://image.msscdn.net/images/goods_img/20250312/4888736/4888736_17421913895057_500.jpg,False
2025-09,M,001011,민소매 티셔츠,001,상의,10,3075253,musinsastandard,무신사 스탠다드,[쿨탠다드] 레이어드 슬리브리스 탑_일반기장 2팩,https://image.msscdn.net/images/goods_img/20230210/3075253/3075253_17138588522656_500.jpg,False
2025-09,M,001011,민소매 티셔츠,001,상의,11,4655184,musinsastandard,무신사 스탠다드,와이드 리브드 탱크 탑 [블랙],https://image.msscdn.net/images/goods_img/20241206/4655184/4655184_17471227922189_500.jpg,False
2025-09,M,001011,민소매 티셔츠,001,상의,12,3859446,musinsastandard,무신사 스탠다드,스쿱 넥 슬리브리스 탑 [화이트],https://image.msscdn.net/images/goods_img/20240208/3859446/3859446_17147004001866_500.jpg,False
2025-09,M,001011,민소매 티셔츠,001,상의,13,4148465,bowlow,바우로 프로덕트,리브드 로고 슬리브리스 [아이보리],https://image.msscdn.net/images/goods_img/20240522/4148465/4148465_17163627271968_500.jpg,False
2025-09,M,001011,민소매 티셔츠,001,상의,14,4148431,bowlow,바우로 프로덕트,리브드 로고 슬리브리스 [그레이],https://image.msscdn.net/images/goods_img/20240522/4148431/4148431_17163622368551_500.jpg,False
2025-09,M,001011,민소매 티셔츠,001,상의,15,1466055,musinsastandardsp,무신사 스탠다드 스포츠,드라이액트 벤트 슬리브리스 (4color),https://image.msscdn.net/images/goods_img/20200528/1466055/1466055_17488344127454_500.jpg,False
2025-09,M,001011,민소매 티셔츠,001,상의,16,3794829,borntowin,본투윈,B-SYMBOL LOGO SLEEVELESS_NON MESH VER [BLACK],https://image.msscdn.net/images/goods_img/20240115/3794829/3794829_17732868360970_500.jpg,False
2025-09,M,001011,민소매 티셔츠,001,상의,17,1466673,gainsboro,게인스보로,[2PACK] 오버핏 쿨 마이크로아이스 슬리브리스 6COLOR,https://image.msscdn.net/images/goods_img/20200528/1466673/1466673_17477879236093_500.jpg,False
2025-09,M,001011,민소매 티셔츠,001,상의,18,4602668,carmid,카미드,카미드 슬리브리스,https://image.msscdn.net/images/goods_img/20241111/4602668/4602668_17314720439088_500.png,False
2025-09,M,001011,민소매 티셔츠,001,상의,19,4216823,physicalgarments,피지컬가먼츠,P2447 절개 골지 슬림 나시 [2 COLOR],https://image.msscdn.net/images/goods_img/20240625/4216823/4216823_17200709972787_500.jpg,False
2025-09,M,001011,민소매 티셔츠,001,상의,20,5159260,divein,다이브인,UNIFORM SLEEVELESS (6COLOR),https://image.msscdn.net/images/goods_img/20250530/5159260/5159260_17521108066561_500.jpg,False
2025-09,M,001011,민소매 티셔츠,001,상의,21,4993670,jeep,지프,[2PACK] 아스킨 쿨 에어그램 민소매 티셔츠 (JR5TSU054BK),https://image.msscdn.net/images/goods_img/20250407/4993670/4993670_17449495137523_500.jpg,False
2025-09,M,001011,민소매 티셔츠,001,상의,22,5147112,drix,드릭스,바스켓볼 메시 저지 사이드 패널 슬리브리스_화이트,https://image.msscdn.net/images/goods_img/20250526/5147112/5147112_17485879866427_500.jpg,False
2025-09,M,001011,민소매 티셔츠,001,상의,23,5067656,giordano,지오다노,슬리브리스 머슬티 025560 [4color],https://image.msscdn.net/images/goods_img/20250425/5067656/5067656_17466901624833_500.jpg,False
2025-09,M,001011,민소매 티셔츠,001,상의,24,5152963,not4nerd,낫포너드,4 Symbol Ribbed Sleeveless - Black,https://image.msscdn.net/images/goods_img/20250528/5152963/5152963_17496099576810_500.jpg,False
2025-09,M,001011,민소매 티셔츠,001,상의,25,2028353,musinsastandardsp,무신사 스탠다드 스포츠,러닝 하이브리드 슬리브리스 (2color),https://image.msscdn.net/images/goods_img/20210714/2028353/2028353_17488336819605_500.jpg,False
2025-09,M,001011,민소매 티셔츠,001,상의,26,4074761,fabregat,파브레가,오가닉 코튼 슬리브리스 (3COLOR),https://image.msscdn.net/images/goods_img/20240422/4074761/4074761_17391729185950_500.jpg,False
2025-09,M,001011,민소매 티셔츠,001,상의,27,3112617,malden,몰든,에어리즈 슬리브리스,https://image.msscdn.net/images/goods_img/20230228/3112617/3112617_17721087221169_500.jpg,False
2025-09,M,001011,민소매 티셔츠,001,상의,28,1920860,musinsastandard,무신사 스탠다드,릴렉스드 슬리브리스 탑 [블랙],https://image.msscdn.net/images/goods_img/20210426/1920860/1920860_17048497522000_500.jpg,False
2025-09,M,001011,민소매 티셔츠,001,상의,29,4655185,musinsastandard,무신사 스탠다드,와이드 리브드 탱크 탑 [크림],https://image.msscdn.net/images/goods_img/20241206/4655185/4655185_17471227796784_500.jpg,False
2025-09,M,001011,민소매 티셔츠,001,상의,30,2341472,musinsastandard,무신사 스탠다드,[쿨탠다드] 릴렉스드 슬리브리스 탑 [블랙],https://image.msscdn.net/images/goods_img/20220204/2341472/2341472_17137516806787_500.jpg,False
2025-09,M,001008,기타 상의,001,상의,1,5353112,patagonia,파타고니아,멘즈 라이트웨이트 신칠라 스냅-티 풀오버 / 25551Q7,https://image.msscdn.net/images/goods_img/20250822/5353112/5353112_17631000876867_500.jpg,False
2025-09,M,001008,기타 상의,001,상의,2,5411989,divein,다이브인,LIGHT UNIFORM ZIP-UP JERSEY (MELANGE GRAY),https://image.msscdn.net/images/goods_img/20250906/5411989/5411989_17610199833715_500.jpg,False
2025-09,M,001008,기타 상의,001,상의,3,5411990,divein,다이브인,LIGHT UNIFORM ZIP-UP JERSEY (BLACK),https://image.msscdn.net/images/goods_img/20250906/5411990/5411990_17610198540392_500.jpg,False
2025-09,M,001008,기타 상의,001,상의,4,5411988,divein,다이브인,LIGHT UNIFORM ZIP-UP JERSEY (CHARCOAL),https://image.msscdn.net/images/goods_img/20250906/5411988/5411988_17610200921475_500.jpg,False
2025-09,M,001008,기타 상의,001,상의,5,5272222,not4nerd,낫포너드,4 Symbol Pigment Incision High Neck Zip Up - Black,https://image.msscdn.net/images/goods_img/20250725/5272222/5272222_17543735813676_500.jpg,False
2025-09,M,001008,기타 상의,001,상의,6,5202842,mizuno,미즈노,ROUND WOVEN PISTE_32YE5F41,https://image.msscdn.net/images/goods_img/20250624/5202842/5202842_17544468764651_500.jpg,False
2025-09,M,001008,기타 상의,001,상의,7,2710158,underarmour,언더아머,테크 1/2 집 긴팔 1328495-014,https://image.msscdn.net/images/goods_img/20220810/2710158/2710158_1_500.jpg,False
2025-09,M,001008,기타 상의,001,상의,8,4423657,hadex,에이치덱스,액티브 에센셜 하프 집업 (Black),https://image.msscdn.net/images/goods_img/20240910/4423657/4423657_17876236630916_500.jpg,False
2025-09,M,001008,기타 상의,001,상의,9,4628727,puma,푸마,팀골 트레이닝 1/4 집(65862903) 긴팔티,https://image.msscdn.net/images/goods_img/20241121/4628727/4628727_17321550883378_500.jpg,False
2025-09,M,001008,기타 상의,001,상의,10,2372710,sovermentwithlomort,소버먼트,860G 피그먼트 하프 짚업-챠콜-,https://image.msscdn.net/images/goods_img/20220221/2372710/2372710_17243908846193_500.jpg,False
2025-09,M,001008,기타 상의,001,상의,11,3584689,nautica,노티카,83플래그 폴라 하프집업(네이비) NFL2145NAZ,https://image.msscdn.net/images/goods_img/20230921/3584689/3584689_17891030125322_500.jpg,False
2025-09,M,001008,기타 상의,001,상의,12,5383374,umbro,엄브로,PTR 하이넥 OCTA 피스테 네이비(UQ421SWTO4),https://image.msscdn.net/images/goods_img/20250901/5383374/5383374_17627630410389_500.jpg,False
2025-09,M,001008,기타 상의,001,상의,13,5005347,freedomathletic,프리덤,메쉬 베이스볼 져지 (블랙),https://image.msscdn.net/images/goods_img/20250409/5005347/5005347_17525636735082_500.jpg,False
2025-09,M,001008,기타 상의,001,상의,14,5005348,freedomathletic,프리덤,메쉬 베이스볼 져지 (화이트),https://image.msscdn.net/images/goods_img/20250409/5005348/5005348_17525637669982_500.jpg,False
2025-09,M,001008,기타 상의,001,상의,15,4815216,ufcsport,유에프씨 스포츠,UFC 퍼펙트 레귤러핏 긴팔 티셔츠 다크카키 U4LSW1105DK,https://image.msscdn.net/images/goods_img/20250221/4815216/4815216_17401045170687_500.jpg,False
2025-09,M,001008,기타 상의,001,상의,16,5300687,freedomathletic,프리덤,진보 레터링 져지 자켓 (블랙),https://image.msscdn.net/images/goods_img/20250807/5300687/5300687_17545470733543_500.jpg,False
2025-09,M,001008,기타 상의,001,상의,17,4369729,nautica,노티카,83플래그 폴라 하프집업(멜란지그레이) NFL2145MGZ,https://image.msscdn.net/images/goods_img/20240826/4369729/4369729_17894562363051_500.jpg,False
2025-09,M,001008,기타 상의,001,상의,18,5383380,umbro,엄브로,PTR 하이넥 OCTA 피스테 블랙(UQ421SWTO4),https://image.msscdn.net/images/goods_img/20250901/5383380/5383380_17627630145570_500.jpg,False
2025-09,M,001008,기타 상의,001,상의,19,5383116,crump,크럼프,크럼프 럭키박스 B,https://image.msscdn.net/images/goods_img/20250901/5383116/5383116_17570540091013_500.jpg,False
2025-09,M,001008,기타 상의,001,상의,20,2406665,underarmour,언더아머,히트기어 아머 컴프레션 모크 나시티 1361521-001,https://image.msscdn.net/images/goods_img/20220308/2406665/2406665_1_500.jpg,False
2025-09,M,001008,기타 상의,001,상의,21,5243044,mizuno,미즈노,HIGH NECK WOVEN PISTE_32YE5F40,https://image.msscdn.net/images/goods_img/20250711/5243044/5243044_17534262604546_500.jpg,False
2025-09,M,001008,기타 상의,001,상의,22,2028348,musinsastandardsp,무신사 스탠다드 스포츠,컴프레션 롱슬리브 [블랙],https://image.msscdn.net/images/goods_img/20210714/2028348/2028348_17321576612223_500.jpg,False
2025-09,M,001008,기타 상의,001,상의,23,4660780,rife,러닝라이프,러닝 컴프레션 롱 슬리브,https://image.msscdn.net/images/goods_img/20241211/4660780/4660780_17338963629029_500.jpg,False
2025-09,M,001008,기타 상의,001,상의,24,4384938,armedes,아르메데스,사계절 언더레이어 반팔 상의 AR-65 (12컬러),https://image.msscdn.net/images/goods_img/20240829/4384938/4384938_17715650287509_500.jpg,False
2025-09,M,001008,기타 상의,001,상의,25,4374705,armedes,아르메데스,[2PACK] 언더레이어 쿨티셔츠 베이스레이어 컴프레션 테크핏 긴팔 AR-56 (7컬러),https://image.msscdn.net/images/goods_img/20240827/4374705/4374705_17247447206894_500.jpg,False
2025-09,M,001008,기타 상의,001,상의,26,4167759,tesla,테슬라,[3PACK] 컴프레션 베이스레이어 라운드 티셔츠,https://image.msscdn.net/images/goods_img/20240530/4167759/4167759_17183493017278_500.jpg,False
2025-09,M,001008,기타 상의,001,상의,27,5453256,beheavyer,비헤비어,DISTRESSED REVERSE WEAVE SWEATSHIRTS dust grey,https://image.msscdn.net/images/goods_img/20250912/5453256/5453256_17581771443316_500.jpg,False
2025-09,M,001008,기타 상의,001,상의,28,5383115,crump,크럼프,크럼프 럭키박스 C,https://image.msscdn.net/images/goods_img/20250901/5383115/5383115_17570540396941_500.jpg,False
2025-09,M,001008,기타 상의,001,상의,29,5317665,51percent,51퍼센트,Leather Knit Anorak - Black,https://image.msscdn.net/images/goods_img/20250813/5317665/5317665_17561234112331_500.jpg,False
2025-09,M,001008,기타 상의,001,상의,30,4975851,maisonmiharayasuhiro,메종 미하라 야스히로,더블 레이어드 티셔츠 - 옐로우 / A14SH086YELLOW,https://image.msscdn.net/images/goods_img/20250402/4975851/4975851_17446961946698_500.jpg,False
2025-09,M,002,아우터,,,1,5513850,yeezy,이지,HD-10,https://image.msscdn.net/images/goods_img/20250923/5513850/5513850_17586061995065_500.jpg,False
2025-09,M,002,아우터,,,2,4356794,musinsastandard,무신사 스탠다드,시티 레저 후디드 라이트 다운 재킷 [블랙],https://image.msscdn.net/images/goods_img/20240822/4356794/4356794_17890558965193_500.jpg,False
2025-09,M,002,아우터,,,3,3771089,adidas,아디다스,베켄바우어 트랙탑 - 블랙 / IY8077,https://image.msscdn.net/images/goods_img/20240102/3771089/3771089_17041852509353_500.jpg,False
2025-09,M,002,아우터,,,4,3783092,dimitriblack,디미트리블랙,ASI 포시즌 에센셜 피그먼트 후드집업_차콜 그레이,https://image.msscdn.net/images/goods_img/20240109/3783092/3783092_17708794030062_500.jpg,False
2025-09,M,002,아우터,,,5,1778404,toffee,토피,2WAY 스웻 후드 집업 (MELANGE GREY),https://image.msscdn.net/images/goods_img/20210204/1778404/1778404_1_500.jpg,False
2025-09,M,002,아우터,,,6,3390508,standarderror,스탠다드에러,87-STAN009  [리뉴얼] 스탠다드 블루종 스웨이드 자켓 블랙,https://image.msscdn.net/images/goods_img/20230630/3390508/3390508_17551524634252_500.jpg,False
2025-09,M,002,아우터,,,7,4356796,musinsastandard,무신사 스탠다드,시티 레저 후디드 라이트 다운 재킷 [클라우디 블루],https://image.msscdn.net/images/goods_img/20240822/4356796/4356796_17890958178016_500.jpg,False
2025-09,M,002,아우터,,,8,5329359,adidas,아디다스,후드 집업 - 블랙:크림화이트 / KC9315,https://image.msscdn.net/images/goods_img/20250818/5329359/5329359_17569461399483_500.jpg,False
2025-09,M,002,아우터,,,9,1558197,musinsastandard,무신사 스탠다드,릴렉스드 베이식 블레이저 [블랙],https://image.msscdn.net/images/goods_img/20200820/1558197/1558197_17791521338764_500.jpg,False
2025-09,M,002,아우터,,,10,3563185,adidas,아디다스,파이어버드 트랙탑 - 블랙 / IJ7058,https://image.msscdn.net/images/goods_img/20230915/3563185/3563185_16950017775747_500.jpg,False
2025-09,M,002,아우터,,,11,4767374,adidas,아디다스,와플 BB 트랙탑  - 원더화이트 / JV9263,https://image.msscdn.net/images/goods_img/20250207/4767374/4767374_17405511510275_500.jpg,False
2025-09,M,002,아우터,,,12,5197436,adidas,아디다스,아디컬러 클래식 트랙탑 (와플) - 원더화이트 / JW0109,https://image.msscdn.net/images/goods_img/20250620/5197436/5197436_17503838923480_500.jpg,False
2025-09,M,002,아우터,,,13,1760177,drawfit,드로우핏,도브 울 블루종 자켓 [BLACK],https://image.msscdn.net/images/goods_img/20210125/1760177/1760177_17568597040774_500.jpg,False
2025-09,M,002,아우터,,,14,4376737,wvproject,더블유브이프로젝트,더프 헤링턴 자켓 브라운 JJOT7732,https://image.msscdn.net/images/goods_img/20240827/4376737/4376737_17247559627478_500.jpg,False
2025-09,M,002,아우터,,,15,5386037,alyss,알리스,[데일리룸X알리스] 페이디드 그레인 코튼 블루종 자켓 [빈티지그레이],https://image.msscdn.net/images/goods_img/20250901/5386037/5386037_17580105143984_500.jpg,False
2025-09,M,002,아우터,,,16,4945922,adidas,아디다스,아디컬러 클래식 베켄바우어 트랙탑 IP0418,https://image.msscdn.net/images/goods_img/20250326/4945922/4945922_17449669675839_500.jpg,False
2025-09,M,002,아우터,,,17,3046279,outstanding,아웃스탠딩,SELVEDGE DENIM 2ND JACKET_INDIGO,https://image.msscdn.net/images/goods_img/20230130/3046279/3046279_17684404870062_500.jpg,False
2025-09,M,002,아우터,,,18,5299767,begin202,비긴202,커브라이트 다운 점퍼 [라이트 그레이],https://image.msscdn.net/images/goods_img/20250807/5299767/5299767_17551387554338_500.jpg,False
2025-09,M,002,아우터,,,19,1620287,poloralphlauren,폴로 랄프 로렌,바이스윙 윈드브레이커 - 블랙,https://image.msscdn.net/images/goods_img/20200923/1620287/1620287_2_500.jpg,False
2025-09,M,002,아우터,,,20,5378491,thenorthface,노스페이스,NJ1DR72A 남성 마티에 EX 다운 후디 (RDS) BLACK,https://image.msscdn.net/images/goods_img/20250829/5378491/5378491_17827983278089_500.jpg,False
2025-09,M,002,아우터,,,21,5367599,arcteryx,아크테릭스,감마 MX 후디 남성 - BLACK / AJPFM08485,https://image.msscdn.net/images/goods_img/20250827/5367599/5367599_17573791513151_500.jpg,False
2025-09,M,002,아우터,,,22,4356798,musinsastandard,무신사 스탠다드,시티 레저 후디드 라이트 다운 재킷 [카키],https://image.msscdn.net/images/goods_img/20240822/4356798/4356798_17890957744690_500.jpg,False
2025-09,M,002,아우터,,,23,5329567,adidas,아디다스,BB 트랙탑 - 블랙:크림화이트 / KC9299,https://image.msscdn.net/images/goods_img/20250818/5329567/5329567_17573005097318_500.jpg,False
2025-09,M,002,아우터,,,24,5360472,spao,스파오,[씬라이트] 후드 재킷_SPJPF4TC24,https://image.msscdn.net/images/goods_img/20250825/5360472/5360472_17617884957420_500.png,False
2025-09,M,002,아우터,,,25,3881570,millo,밀로 아카이브,크롭 무브 가디건 [레드],https://image.msscdn.net/images/goods_img/20240219/3881570/3881570_17084242695126_500.jpg,False
2025-09,M,002,아우터,,,26,3034336,espionage,에스피오나지,Ray Yacht Parka Carrot,https://image.msscdn.net/images/goods_img/20230119/3034336/3034336_16756599080513_500.jpg,False
2025-09,M,002,아우터,,,27,2723218,dimitriblack,디미트리블랙,ASI 2WAY 어센틱 후드 윈드브레이커 자켓_블랙,https://image.msscdn.net/images/goods_img/20220817/2723218/2723218_17603312716294_500.jpg,False
2025-09,M,002,아우터,,,28,4306408,musinsastandardsp,무신사 스탠다드 스포츠,아이언 라이트 다운 자켓 (5color),https://image.msscdn.net/images/goods_img/20240807/4306408/4306408_17888533943086_500.jpg,False
2025-09,M,002,아우터,,,29,5367607,arcteryx,아크테릭스,스쿼미시 후디 남성 - BLACK / AJPFM07411,https://image.msscdn.net/images/goods_img/20250827/5367607/5367607_17573793104179_500.jpg,False
2025-09,M,002,아우터,,,30,5367614,arcteryx,아크테릭스,아톰 SV 후디 남성 - BLACK / AJPFM09902,https://image.msscdn.net/images/goods_img/20250827/5367614/5367614_17573795222252_500.jpg,False
2025-09,M,002022,후드 집업,002,아우터,1,5513850,yeezy,이지,HD-10,https://image.msscdn.net/images/goods_img/20250923/5513850/5513850_17586061995065_500.jpg,False
2025-09,M,002022,후드 집업,002,아우터,2,3783092,dimitriblack,디미트리블랙,ASI 포시즌 에센셜 피그먼트 후드집업_차콜 그레이,https://image.msscdn.net/images/goods_img/20240109/3783092/3783092_17708794030062_500.jpg,False
2025-09,M,002022,후드 집업,002,아우터,3,1778404,toffee,토피,2WAY 스웻 후드 집업 (MELANGE GREY),https://image.msscdn.net/images/goods_img/20210204/1778404/1778404_1_500.jpg,False
2025-09,M,002022,후드 집업,002,아우터,4,5329359,adidas,아디다스,후드 집업 - 블랙:크림화이트 / KC9315,https://image.msscdn.net/images/goods_img/20250818/5329359/5329359_17569461399483_500.jpg,False
2025-09,M,002022,후드 집업,002,아우터,5,3783094,dimitriblack,디미트리블랙,ASI 포시즌 에센셜 스웻 후드집업_멜란지,https://image.msscdn.net/images/goods_img/20240109/3783094/3783094_17752015012983_500.jpg,False
2025-09,M,002022,후드 집업,002,아우터,6,5276036,trillion,트릴리온,빈티지 워싱 데님 워크 후드 집업_옐로우 블랙,https://image.msscdn.net/images/goods_img/20250728/5276036/5276036_17545484459388_500.jpg,False
2025-09,M,002022,후드 집업,002,아우터,7,5514438,yeezy,이지,WB-10,https://image.msscdn.net/images/goods_img/20250923/5514438/5514438_17586077420564_500.jpg,False
2025-09,M,002022,후드 집업,002,아우터,8,4796679,dimitriblack,디미트리블랙,2WAY OG 에센셜 디트로이트 후드 집업_데님 더스트 인디고,https://image.msscdn.net/images/goods_img/20250217/4796679/4796679_17628359047962_500.jpg,False
2025-09,M,002022,후드 집업,002,아우터,9,3697526,compagno,꼼파뇨,[2-WAY] 슬리브 스타 피그먼트 후드 집업 스모크블랙,https://image.msscdn.net/images/goods_img/20231108/3697526/3697526_17002041370481_500.jpg,False
2025-09,M,002022,후드 집업,002,아우터,10,5264797,untitledseoul,언타이틀 서울,언타이틀 스테리나잇 스트라이프 후드집업 블랙,https://image.msscdn.net/images/goods_img/20250722/5264797/5264797_17689759273536_500.jpg,False
2025-09,M,002022,후드 집업,002,아우터,11,2954589,satur,세터,테오 코튼 올 데이 후드 집업 팔레트 블랙,https://image.msscdn.net/images/goods_img/20221122/2954589/2954589_17241610712825_500.jpg,False
2025-09,M,002022,후드 집업,002,아우터,12,1778408,toffee,토피,2WAY 스웻 후드 집업 (BLACK),https://image.msscdn.net/images/goods_img/20210204/1778408/1778408_17168650383792_500.jpg,False
2025-09,M,002022,후드 집업,002,아우터,13,5312104,musinsastandard,무신사 스탠다드,시티 레저 그리드 폴라 플리스 바라클라바 후디드 집업 [블랙],https://image.msscdn.net/images/goods_img/20250812/5312104/5312104_17610152605690_500.jpg,False
2025-09,M,002022,후드 집업,002,아우터,14,5276035,trillion,트릴리온,빈티지 워싱 데님 워크 후드 집업_라이트 그레이,https://image.msscdn.net/images/goods_img/20250728/5276035/5276035_17545482179871_500.jpg,False
2025-09,M,002022,후드 집업,002,아우터,15,5329361,adidas,아디다스,후드 집업 - 그레이:블랙 / KC9317,https://image.msscdn.net/images/goods_img/20250818/5329361/5329361_17569461783112_500.jpg,False
2025-09,M,002022,후드 집업,002,아우터,16,4288927,dimitriblack,디미트리블랙,ASI 포시즌 에센셜 스웻 후드집업_블랙,https://image.msscdn.net/images/goods_img/20240801/4288927/4288927_17751949366972_500.jpg,False
2025-09,M,002022,후드 집업,002,아우터,17,2122596,fp142muji,페플,유스풀 벌룬 후드집업 그레이 SJHD1327,https://image.msscdn.net/images/goods_img/20210910/2122596/2122596_17182428329624_500.jpg,False
2025-09,M,002022,후드 집업,002,아우터,18,2105470,sovermentwithlomort,소버먼트,980G 피그먼트 컷 후디 집업-차콜-,https://image.msscdn.net/images/goods_img/20210902/2105470/2105470_17631074294899_500.jpg,False
2025-09,M,002022,후드 집업,002,아우터,19,4826663,ertr,이알티알,Ad Astra Appliqué 2way Hoodie Zip Up Navy,https://image.msscdn.net/images/goods_img/20250224/4826663/4826663_17445940883290_500.jpg,False
2025-09,M,002022,후드 집업,002,아우터,20,5268414,thedreamer,더 드리머,Voyager Pigment Zip-up Hoodie - Charcoal,https://image.msscdn.net/images/goods_img/20250723/5268414/5268414_17532585246403_500.jpg,False
2025-09,M,002022,후드 집업,002,아우터,21,4272899,lemainsecond,리메인세컨드,2WAY 오버핏 스웨트 후드 집업 [그레이],https://image.msscdn.net/images/goods_img/20240725/4272899/4272899_17593684983163_500.jpg,False
2025-09,M,002022,후드 집업,002,아우터,22,2831374,poloralphlauren,폴로 랄프 로렌,코튼 풀집 후디 - 네이비,https://image.msscdn.net/images/goods_img/20220930/2831374/2831374_2_500.jpg,False
2025-09,M,002022,후드 집업,002,아우터,23,5293081,divein,다이브인,LIGHT CROP HOOD ZIP-UP (MELANGE GRAY),https://image.msscdn.net/images/goods_img/20250805/5293081/5293081_17561974698788_500.jpg,False
2025-09,M,002022,후드 집업,002,아우터,24,5358523,branded,브랜디드,CLOUD HOODIE ZIP-UP [MELANGE GRAY],https://image.msscdn.net/images/goods_img/20250825/5358523/5358523_17900551416266_500.jpg,False
2025-09,M,002022,후드 집업,002,아우터,25,2122594,fp142muji,페플,유스풀 벌룬 후드집업 네이비 SJHD1327,https://image.msscdn.net/images/goods_img/20210910/2122594/2122594_17165380553188_500.jpg,False
2025-09,M,002022,후드 집업,002,아우터,26,2718413,satur,세터,테오 코튼 올 데이 후드 집업 멜란지 그레이,https://image.msscdn.net/images/goods_img/20220816/2718413/2718413_17241608813972_500.jpg,False
2025-09,M,002022,후드 집업,002,아우터,27,2122590,fp142muji,페플,유스풀 벌룬 후드집업 블랙 SJHD1327,https://image.msscdn.net/images/goods_img/20210910/2122590/2122590_17165381555529_500.jpg,False
2025-09,M,002022,후드 집업,002,아우터,28,3189110,thombrowne,톰브라운,RWB 암 밴드 집업 후드 - 네이비 / MKT008AY3007415,https://image.msscdn.net/images/goods_img/20230329/3189110/3189110_16868085405720_500.jpg,False
2025-09,M,002022,후드 집업,002,아우터,29,3807577,dimitriblack,디미트리블랙,페이드워싱 OG 데님 후드 집업_그레이,https://image.msscdn.net/images/goods_img/20240118/3807577/3807577_17496946652621_500.jpg,False
2025-09,M,002022,후드 집업,002,아우터,30,4696326,notonlyfortoday,낫온리포투데이,넘버볼 버튼다운 스웨트 후드 가디건 [멜란지 그레이],https://image.msscdn.net/images/goods_img/20250103/4696326/4696326_17618878123292_500.jpg,False
2025-09,M,002001,블루종/MA-1,002,아우터,1,3390508,standarderror,스탠다드에러,87-STAN009  [리뉴얼] 스탠다드 블루종 스웨이드 자켓 블랙,https://image.msscdn.net/images/goods_img/20230630/3390508/3390508_17551524634252_500.jpg,False
2025-09,M,002001,블루종/MA-1,002,아우터,2,1760177,drawfit,드로우핏,도브 울 블루종 자켓 [BLACK],https://image.msscdn.net/images/goods_img/20210125/1760177/1760177_17568597040774_500.jpg,False
2025-09,M,002001,블루종/MA-1,002,아우터,3,5386037,alyss,알리스,[데일리룸X알리스] 페이디드 그레인 코튼 블루종 자켓 [빈티지그레이],https://image.msscdn.net/images/goods_img/20250901/5386037/5386037_17580105143984_500.jpg,False
2025-09,M,002001,블루종/MA-1,002,아우터,4,1674248,bronson,브론슨,1950s USAF Type MA-1 Flight Jacket KR Ver. Olive,https://image.msscdn.net/images/goods_img/20201102/1674248/1674248_17896939163881_500.jpg,False
2025-09,M,002001,블루종/MA-1,002,아우터,5,5384864,drawfit,드로우핏,핀 스트라이프 크롭 블루종 자켓 [DARK NAVY],https://image.msscdn.net/images/goods_img/20250901/5384864/5384864_17727860174331_500.jpg,False
2025-09,M,002001,블루종/MA-1,002,아우터,6,5311114,untapped,언탭트 스튜디오,2WAY 비건 스웨이드 블루종 자켓 3Color,https://image.msscdn.net/images/goods_img/20250811/5311114/5311114_17890239121962_500.jpg,False
2025-09,M,002001,블루종/MA-1,002,아우터,7,3790860,musinsastandard,무신사 스탠다드,릴렉스드 미니멀 재킷 [블랙],https://image.msscdn.net/images/goods_img/20240112/3790860/3790860_17217992992120_500.jpg,False
2025-09,M,002001,블루종/MA-1,002,아우터,8,3549808,musinsastandard,무신사 스탠다드,울 블렌드 칼라드 바시티 재킷 [블랙],https://image.msscdn.net/images/goods_img/20230911/3549808/3549808_16964870323413_500.jpg,False
2025-09,M,002001,블루종/MA-1,002,아우터,9,4347271,kiimuir,키뮤어,빈티지 워크 자켓_차콜,https://image.msscdn.net/images/goods_img/20240820/4347271/4347271_17569580908087_500.jpg,False
2025-09,M,002001,블루종/MA-1,002,아우터,10,5384863,drawfit,드로우핏,핀 스트라이프 크롭 블루종 자켓 [CHARCOAL],https://image.msscdn.net/images/goods_img/20250901/5384863/5384863_17709604176387_500.jpg,False
2025-09,M,002001,블루종/MA-1,002,아우터,11,5305246,tngt,티엔지티,Corduroy Swing Top Jumper (Brown) TNJU5F105W2,https://image.msscdn.net/images/goods_img/20250808/5305246/5305246_17550609642518_500.jpg,False
2025-09,M,002001,블루종/MA-1,002,아우터,12,4344495,hondaxphyps,혼다 모터사이클,Piping Motorcycle Blouson Jacket Black,https://image.msscdn.net/images/goods_img/20240819/4344495/4344495_17763089781557_500.jpg,False
2025-09,M,002001,블루종/MA-1,002,아우터,13,3390511,standarderror,스탠다드에러,87-STAN009 [리뉴얼] 스탠다드 블루종 스웨이드 자켓 카키,https://image.msscdn.net/images/goods_img/20230630/3390511/3390511_17551525806450_500.jpg,False
2025-09,M,002001,블루종/MA-1,002,아우터,14,5310906,untapped,언탭트 스튜디오,2WAY 코튼 해링턴 자켓 3Color,https://image.msscdn.net/images/goods_img/20250811/5310906/5310906_17890236645811_500.jpg,False
2025-09,M,002001,블루종/MA-1,002,아우터,15,4502391,kiimuir,키뮤어,울 (WOOL) 숏카라 블루종_블랙,https://image.msscdn.net/images/goods_img/20241010/4502391/4502391_17574647705415_500.jpg,False
2025-09,M,002001,블루종/MA-1,002,아우터,16,5318976,kiimuir,키뮤어,스웨이드 바이커 자켓_브라운,https://image.msscdn.net/images/goods_img/20250813/5318976/5318976_17870118559641_500.jpg,False
2025-09,M,002001,블루종/MA-1,002,아우터,17,3772800,blackmoment,블랙모먼트,비건 스웨이드 오버핏 미니멀 인시전 바이커 집업 자켓,https://image.msscdn.net/images/goods_img/20240103/3772800/3772800_17042502051036_500.jpg,False
2025-09,M,002001,블루종/MA-1,002,아우터,18,3503945,espionage,에스피오나지,Washed Canvas Blouson Jacket Charcoal Navy,https://image.msscdn.net/images/goods_img/20230828/3503945/3503945_16934498398540_500.jpg,False
2025-09,M,002001,블루종/MA-1,002,아우터,19,5385779,alyss,알리스,[데일리룸X알리스] 소프트 그레인 울 블루종 자켓 [브라운],https://image.msscdn.net/images/goods_img/20250901/5385779/5385779_17580104651839_500.jpg,False
2025-09,M,002001,블루종/MA-1,002,아우터,20,1291017,jemut,제멋,리치 오버 MA-1 자켓 블랙 YHJK2269,https://image.msscdn.net/images/goods_img/20200205/1291017/1291017_1_500.jpg,False
2025-09,M,002001,블루종/MA-1,002,아우터,21,3783380,maninstore,무드인사이드,프리미엄 스웨이드 자켓_4Color,https://image.msscdn.net/images/goods_img/20240109/3783380/3783380_17888674046976_500.jpg,False
2025-09,M,002001,블루종/MA-1,002,아우터,22,4717151,urbandtype,어반디타입,코튼 카라 블루종 자켓_블랙,https://image.msscdn.net/images/goods_img/20250113/4717151/4717151_17556545014187_500.jpg,False
2025-09,M,002001,블루종/MA-1,002,아우터,23,5316786,lmood,엘무드,바움 더블페이스 울 블루종 자켓 카키그레이,https://image.msscdn.net/images/goods_img/20250812/5316786/5316786_17573888565282_500.png,False
2025-09,M,002001,블루종/MA-1,002,아우터,24,5386036,alyss,알리스,[데일리룸X알리스] 페이디드 그레인 코튼 블루종 자켓 [빈티지브라운],https://image.msscdn.net/images/goods_img/20250901/5386036/5386036_17580105035078_500.jpg,False
2025-09,M,002001,블루종/MA-1,002,아우터,25,4738409,hondaxphyps,혼다 모터사이클,Honda Racing Blouson_Blue,https://image.msscdn.net/images/goods_img/20250122/4738409/4738409_17642111073977_500.jpg,False
2025-09,M,002001,블루종/MA-1,002,아우터,26,5386035,alyss,알리스,[데일리룸X알리스] 페이디드 그레인 코튼 블루종 자켓 [빈티지블랙],https://image.msscdn.net/images/goods_img/20250901/5386035/5386035_17604946767281_500.jpg,False
2025-09,M,002001,블루종/MA-1,002,아우터,27,4702360,drawfit,드로우핏,페이드 다잉 코튼 블루종 자켓 [CHARCOAL],https://image.msscdn.net/images/goods_img/20250107/4702360/4702360_17697411430159_500.jpg,False
2025-09,M,002001,블루종/MA-1,002,아우터,28,4702333,drawfit,드로우핏,도브 울 크롭 미니멀 블루종 자켓 [BLACK],https://image.msscdn.net/images/goods_img/20250107/4702333/4702333_17697388609886_500.jpg,False
2025-09,M,002001,블루종/MA-1,002,아우터,29,4683069,kiimuir,키뮤어,빈티지 워크 자켓_올리브,https://image.msscdn.net/images/goods_img/20241227/4683069/4683069_17436577285650_500.jpg,False
2025-09,M,002001,블루종/MA-1,002,아우터,30,3551114,blackmoment,블랙모먼트,비건 스웨이드 오버핏 미니멀 인시전 스트레이트 집업 자켓 [블랙],https://image.msscdn.net/images/goods_img/20230912/3551114/3551114_17567882505384_500.jpg,False
2025-09,M,002002,레더/라이더스 재킷,002,아우터,1,1576682,doffjason,도프제이슨,오버핏 램스킨 싱글 자켓,https://image.msscdn.net/images/goods_img/20200901/1576682/1576682_6_500.jpg,False
2025-09,M,002002,레더/라이더스 재킷,002,아우터,2,4619905,musinsastandard,무신사 스탠다드,신세틱 스웨이드 워크 재킷 [브라운],https://image.msscdn.net/images/goods_img/20241118/4619905/4619905_17569512962986_500.jpg,False
2025-09,M,002002,레더/라이더스 재킷,002,아우터,3,3927174,maninstore,무드인사이드,비건 스웨이드 바이커 자켓_3Color,https://image.msscdn.net/images/goods_img/20240306/3927174/3927174_17568668915223_500.jpg,False
2025-09,M,002002,레더/라이더스 재킷,002,아우터,4,3551101,blackmoment,블랙모먼트,비건 스웨이드 오버핏 미니멀 인시전 스트레이트 집업 자켓 [브라운],https://image.msscdn.net/images/goods_img/20230912/3551101/3551101_16970790961650_500.jpg,False
2025-09,M,002002,레더/라이더스 재킷,002,아우터,5,4729576,alyss,알리스,다이애그널 스웨이드 트러커 자켓 [브라운],https://image.msscdn.net/images/goods_img/20250120/4729576/4729576_17873892269400_500.jpeg,False
2025-09,M,002002,레더/라이더스 재킷,002,아우터,6,4369047,frizmworks,프리즘웍스,DESTROYED COWHIDE LEATHER JACKET _ WASHED BLACK,https://image.msscdn.net/images/goods_img/20240826/4369047/4369047_17247594980414_500.jpg,False
2025-09,M,002002,레더/라이더스 재킷,002,아우터,7,4619899,musinsastandard,무신사 스탠다드,신세틱 스웨이드 레이서 재킷 [브라운],https://image.msscdn.net/images/goods_img/20241118/4619899/4619899_17392629267675_500.jpg,False
2025-09,M,002002,레더/라이더스 재킷,002,아우터,8,1576700,doffjason,도프제이슨,오버핏 비건레더 싱글 자켓,https://image.msscdn.net/images/goods_img/20200901/1576700/1576700_17591199589640_500.jpg,False
2025-09,M,002002,레더/라이더스 재킷,002,아우터,9,4347122,doffjason,도프제이슨,[리뉴얼] 풀업 스웨이드 클래식 싱글 자켓 모카,https://image.msscdn.net/images/goods_img/20240820/4347122/4347122_17253284523829_500.jpg,False
2025-09,M,002002,레더/라이더스 재킷,002,아우터,10,5338278,remeler,리멜러,램스킨 에센셜 싱글 자켓,https://image.msscdn.net/images/goods_img/20250819/5338278/5338278_17566906420398_500.jpg,False
2025-09,M,002002,레더/라이더스 재킷,002,아우터,11,5323513,doffjason,도프제이슨,풀업 스웨이드 버튼 해링턴 자켓 BLACK,https://image.msscdn.net/images/goods_img/20250814/5323513/5323513_17564522282157_500.jpg,False
2025-09,M,002002,레더/라이더스 재킷,002,아우터,12,4209352,musinsastandard,무신사 스탠다드,신세틱 스웨이드 미니멀 블루종 재킷 [브라운],https://image.msscdn.net/images/goods_img/20240620/4209352/4209352_17333854866699_500.jpg,False
2025-09,M,002002,레더/라이더스 재킷,002,아우터,13,5392250,outstanding,아웃스탠딩,TEA-CORE LEATHER SPORTS JACKET_BLACK,https://image.msscdn.net/images/goods_img/20250902/5392250/5392250_17688038264488_500.jpg,False
2025-09,M,002002,레더/라이더스 재킷,002,아우터,14,3783694,drawfit,드로우핏,인시전 레더 블루종 자켓 [BLACK],https://image.msscdn.net/images/goods_img/20240109/3783694/3783694_17568603377156_500.jpg,False
2025-09,M,002002,레더/라이더스 재킷,002,아우터,15,5290700,drawfit,드로우핏,레이어 미니멀 스웨이드 자켓 [BROWN],https://image.msscdn.net/images/goods_img/20250804/5290700/5290700_17567147283857_500.jpg,False
2025-09,M,002002,레더/라이더스 재킷,002,아우터,16,4350371,coor,쿠어,베지터블 레더 A-2 자켓 (블랙),https://image.msscdn.net/images/goods_img/20240820/4350371/4350371_17877112920676_500.jpg,False
2025-09,M,002002,레더/라이더스 재킷,002,아우터,17,4619903,musinsastandard,무신사 스탠다드,신세틱 스웨이드 워크 재킷 [블랙],https://image.msscdn.net/images/goods_img/20241118/4619903/4619903_17398678029571_500.jpg,False
2025-09,M,002002,레더/라이더스 재킷,002,아우터,18,4369048,frizmworks,프리즘웍스,DESTROYED COWHIDE LEATHER JACKET _ WASHED BROWN,https://image.msscdn.net/images/goods_img/20240826/4369048/4369048_17247594653321_500.jpg,False
2025-09,M,002002,레더/라이더스 재킷,002,아우터,19,4619904,musinsastandard,무신사 스탠다드,신세틱 스웨이드 워크 재킷 [라이트 브라운],https://image.msscdn.net/images/goods_img/20241118/4619904/4619904_17398677589070_500.jpg,False
2025-09,M,002002,레더/라이더스 재킷,002,아우터,20,4619898,musinsastandard,무신사 스탠다드,신세틱 스웨이드 레이서 재킷 [블랙],https://image.msscdn.net/images/goods_img/20241118/4619898/4619898_17392629475544_500.jpg,False
2025-09,M,002002,레더/라이더스 재킷,002,아우터,21,5392266,outstanding,아웃스탠딩,TEA-CORE LEATHER W.W. II 1ST JACKET_BLACK,https://image.msscdn.net/images/goods_img/20250902/5392266/5392266_17881572082553_500.jpg,False
2025-09,M,002002,레더/라이더스 재킷,002,아우터,22,5350827,coor,쿠어,고트 스킨 포켓 트러커 자켓 (블랙),https://image.msscdn.net/images/goods_img/20250821/5350827/5350827_17566931350728_500.png,False
2025-09,M,002002,레더/라이더스 재킷,002,아우터,23,4767935,doffjason,도프제이슨,프리미엄 베지터블 클래식 A-2 자켓 BLACK,https://image.msscdn.net/images/goods_img/20250207/4767935/4767935_17391981703822_500.jpg,False
2025-09,M,002002,레더/라이더스 재킷,002,아우터,24,5350846,coor,쿠어,고트 스킨 A-2 레더 자켓 (블랙),https://image.msscdn.net/images/goods_img/20250821/5350846/5350846_17562763557290_500.png,False
2025-09,M,002002,레더/라이더스 재킷,002,아우터,25,5258796,musinsastandard,무신사 스탠다드,[노홍철 컬래버] 럭키 가이 신세틱 스웨이드 트러커 재킷 [블랙],https://image.msscdn.net/images/goods_img/20250721/5258796/5258796_17580029229477_500.jpg,False
2025-09,M,002002,레더/라이더스 재킷,002,아우터,26,4346922,doffjason,도프제이슨,[리뉴얼] 오버핏 풀업 스웨이드 싱글 자켓 모카,https://image.msscdn.net/images/goods_img/20240820/4346922/4346922_17249831351015_500.jpg,False
2025-09,M,002002,레더/라이더스 재킷,002,아우터,27,1744433,doffjason,도프제이슨,프리미엄 램스킨 베지터블 싱글 자켓,https://image.msscdn.net/images/goods_img/20210112/1744433/1744433_17586901168692_500.jpg,False
2025-09,M,002002,레더/라이더스 재킷,002,아우터,28,5293017,divein,다이브인,LOOSED VEGETABLE LEATHER JACKET (BLACK),https://image.msscdn.net/images/goods_img/20250805/5293017/5293017_17561981403117_500.jpg,False
2025-09,M,002002,레더/라이더스 재킷,002,아우터,29,2093254,v2,브이투,465-3 VEGAN LEATHER OVERFIT JACKET_BLACK,https://image.msscdn.net/images/goods_img/20210827/2093254/2093254_1_500.jpg,False
2025-09,M,002002,레더/라이더스 재킷,002,아우터,30,4497969,doffjason,도프제이슨,프리미엄 베지터블 A-2 자켓 BLACK,https://image.msscdn.net/images/goods_img/20241008/4497969/4497969_17283728328562_500.jpg,False
2025-09,M,002020,카디건,002,아우터,1,3881570,millo,밀로 아카이브,크롭 무브 가디건 [레드],https://image.msscdn.net/images/goods_img/20240219/3881570/3881570_17084242695126_500.jpg,False
2025-09,M,002020,카디건,002,아우터,2,3981315,millo,밀로 아카이브,크롭 무브 가디건 [블랙],https://image.msscdn.net/images/goods_img/20240322/3981315/3981315_17110720298305_500.jpg,False
2025-09,M,002020,카디건,002,아우터,3,5307563,knitted,니티드,[니티드X패션플래닛] 코튼 와플 라운드 가디건 BLACK,https://image.msscdn.net/images/goods_img/20250811/5307563/5307563_17593849290316_500.jpg,False
2025-09,M,002020,카디건,002,아우터,4,5301310,seez,시즈,[데일리룸 X 시즈] 아카이브 코튼 크롭 니트 가디건 [ 8 COLOR ],https://image.msscdn.net/images/goods_img/20250807/5301310/5301310_17560981792024_500.jpg,False
2025-09,M,002020,카디건,002,아우터,5,5308630,knitted,니티드,[니티드X패션플래닛] 코튼 와플 라운드 가디건 NAVY,https://image.msscdn.net/images/goods_img/20250811/5308630/5308630_17593848997132_500.jpg,False
2025-09,M,002020,카디건,002,아우터,6,3650861,matinkim,마뗑킴,SPELL POINT STRIPE KNIT CARDIGAN IN BLACK,https://image.msscdn.net/images/goods_img/20231023/3650861/3650861_17582530640437_500.jpg,False
2025-09,M,002020,카디건,002,아우터,7,3650860,matinkim,마뗑킴,SPELL POINT STRIPE KNIT CARDIGAN IN IVORY,https://image.msscdn.net/images/goods_img/20231023/3650860/3650860_17582531018308_500.jpg,False
2025-09,M,002020,카디건,002,아우터,8,4419822,millo,밀로 아카이브,크롭 무브 가디건 [차콜],https://image.msscdn.net/images/goods_img/20240909/4419822/4419822_17259530199997_500.jpg,False
2025-09,M,002020,카디건,002,아우터,9,4419823,millo,밀로 아카이브,크롭 무브 가디건 [네이비],https://image.msscdn.net/images/goods_img/20240909/4419823/4419823_17259531168323_500.jpg,False
2025-09,M,002020,카디건,002,아우터,10,4947266,nodu,노드유,노즈 골지 라운드 소프트 가디건 [2color],https://image.msscdn.net/images/goods_img/20250326/4947266/4947266_17634487222224_500.jpg,False
2025-09,M,002020,카디건,002,아우터,11,5308721,knitted,니티드,[니티드X패션플래닛] 코튼 와플 라운드 가디건 CHARCOAL,https://image.msscdn.net/images/goods_img/20250811/5308721/5308721_17593848353190_500.jpg,False
2025-09,M,002020,카디건,002,아우터,12,5351882,suare,수아레,[핏더사이즈 콜라보] 울 워셔블 크롭 가디건 - 12 COLOR,https://image.msscdn.net/images/goods_img/20250821/5351882/5351882_17604942864462_500.jpg,False
2025-09,M,002020,카디건,002,아우터,13,3440440,costumeoclock,커스텀어클락,[2PACK] 소프트 베이직 가디건 COOSCD001CD020CD021,https://image.msscdn.net/images/goods_img/20230801/3440440/3440440_17585191785388_500.jpg,False
2025-09,M,002020,카디건,002,아우터,14,4702566,excontainer,엑스컨테이너,미니멀 버튼 라운드넥 가디건 (MUTE BROWN),https://image.msscdn.net/images/goods_img/20250107/4702566/4702566_17697375122622_500.jpg,False
2025-09,M,002020,카디건,002,아우터,15,4752550,untapped,언탭트 스튜디오,오버핏 케이블 라운드 니트 가디건 4Color,https://image.msscdn.net/images/goods_img/20250203/4752550/4752550_17385831445336_500.jpg,False
2025-09,M,002020,카디건,002,아우터,16,4702387,drawfit,드로우핏,어베인 울 크롭 니트 가디건 [MELANGE GREY],https://image.msscdn.net/images/goods_img/20250107/4702387/4702387_17568575608324_500.jpg,False
2025-09,M,002020,카디건,002,아우터,17,4336623,excontainer,엑스컨테이너,미니멀 버튼 라운드넥 가디건 (CHARCOAL),https://image.msscdn.net/images/goods_img/20240816/4336623/4336623_17702721756132_500.jpg,False
2025-09,M,002020,카디건,002,아우터,18,4336624,excontainer,엑스컨테이너,미니멀 버튼 라운드넥 가디건 (DARK RED),https://image.msscdn.net/images/goods_img/20240816/4336624/4336624_17706226040291_500.jpg,False
2025-09,M,002020,카디건,002,아우터,19,4959964,veryvain,베리베인,BREATHABLE ROUND CARDIGAN (BLACK),https://image.msscdn.net/images/goods_img/20250328/4959964/4959964_17431474849237_500.jpg,False
2025-09,M,002020,카디건,002,아우터,20,5290721,drawfit,드로우핏,울 헤어리 노르딕 라운드 가디건 [M.CHARCOAL],https://image.msscdn.net/images/goods_img/20250804/5290721/5290721_17567148277479_500.jpg,False
2025-09,M,002020,카디건,002,아우터,21,3025211,suare,수아레,에센셜 라운드 니트 가디건 - 8 COLOR,https://image.msscdn.net/images/goods_img/20230116/3025211/3025211_17592115636850_500.jpg,False
2025-09,M,002020,카디건,002,아우터,22,3881573,millo,밀로 아카이브,크롭 무브 가디건 [블루 그레이],https://image.msscdn.net/images/goods_img/20240219/3881573/3881573_17084243533327_500.jpg,False
2025-09,M,002020,카디건,002,아우터,23,5314366,signature,시그니처,라운드넥 크롭 니트 가디건[블랙],https://image.msscdn.net/images/goods_img/20250812/5314366/5314366_17866893469147_500.jpg,False
2025-09,M,002020,카디건,002,아우터,24,4729601,alyss,알리스,믹스드 크롭 니트 가디건 [오트밀],https://image.msscdn.net/images/goods_img/20250120/4729601/4729601_17376245880224_500.jpg,False
2025-09,M,002020,카디건,002,아우터,25,4729604,alyss,알리스,믹스드 크롭 니트 가디건 [그레이],https://image.msscdn.net/images/goods_img/20250120/4729604/4729604_17742259597827_500.jpg,False
2025-09,M,002020,카디건,002,아우터,26,4644565,musinsastandard,무신사 스탠다드,코튼 텐셀 에센셜 라운드 넥 가디건 [블랙],https://image.msscdn.net/images/goods_img/20241202/4644565/4644565_17423497398418_500.jpg,False
2025-09,M,002020,카디건,002,아우터,27,5324252,alyss,알리스,헤어리 스트라이프 크롭 니트 가디건 [브라운],https://image.msscdn.net/images/goods_img/20250814/5324252/5324252_17556578977022_500.jpg,False
2025-09,M,002020,카디건,002,아우터,28,4315498,leire,르아르,에브리데이 라운드 니트 가디건 [블랙],https://image.msscdn.net/images/goods_img/20240809/4315498/4315498_17399364629633_500.jpg,False
2025-09,M,002020,카디건,002,아우터,29,4785350,ami,아미,레드 하트로고 메리노 울 가디건 - 블랙 / BFHKC111KN0025001,https://image.msscdn.net/images/goods_img/20250213/4785350/4785350_17400130474256_500.jpg,False
2025-09,M,002020,카디건,002,아우터,30,5020206,hyojinoriko,효지,25 SS 워셔블 루즈핏 크롭 라운드 하찌 반팔 니트 가디건 ( 8컬러),https://image.msscdn.net/images/goods_img/20250413/5020206/5020206_17841792381812_500.jpg,False
2025-09,M,002017,트러커 재킷,002,아우터,1,3046279,outstanding,아웃스탠딩,SELVEDGE DENIM 2ND JACKET_INDIGO,https://image.msscdn.net/images/goods_img/20230130/3046279/3046279_17684404870062_500.jpg,False
2025-09,M,002017,트러커 재킷,002,아우터,2,4287413,trillion,트릴리온,코듀로이 카라 데님 집업 워크 자켓 (BLACK),https://image.msscdn.net/images/goods_img/20240731/4287413/4287413_17228544866344_500.jpg,False
2025-09,M,002017,트러커 재킷,002,아우터,3,4705537,lmood,엘무드,마르코스 울 트러커 자켓 네이비,https://image.msscdn.net/images/goods_img/20250108/4705537/4705537_17569499860274_500.png,False
2025-09,M,002017,트러커 재킷,002,아우터,4,5285666,outstanding,아웃스탠딩,SET-UP_SELVEDGE DENIM 2ND JACKET_INDIGO,https://image.msscdn.net/images/goods_img/20250731/5285666/5285666_17551532222979_500.jpg,False
2025-09,M,002017,트러커 재킷,002,아우터,5,4693591,outstanding,아웃스탠딩,[MUT lab] SELVEDGE DENIM 1ST JACKET_INDIGO,https://image.msscdn.net/images/goods_img/20250102/4693591/4693591_17860676827501_500.jpg,False
2025-09,M,002017,트러커 재킷,002,아우터,6,3836510,espionage,에스피오나지,French Wide Work Jacket (Moleskin) Washed Blue,https://image.msscdn.net/images/goods_img/20240131/3836510/3836510_17152161493815_500.jpg,False
2025-09,M,002017,트러커 재킷,002,아우터,7,4262843,outstanding,아웃스탠딩,[MUT lab] W.W. II SELVEDGE DENIM 1ST JACKET_INDIGO,https://image.msscdn.net/images/goods_img/20240719/4262843/4262843_17682659790914_500.jpg,False
2025-09,M,002017,트러커 재킷,002,아우터,8,5283279,outstanding,아웃스탠딩,SET-UP_SELVEDGE DENIM 1ST JACKET_INDIGO,https://image.msscdn.net/images/goods_img/20250731/5283279/5283279_17551533049569_500.jpg,False
2025-09,M,002017,트러커 재킷,002,아우터,9,5384865,drawfit,드로우핏,워싱 릴렉스 데님 트러커 자켓 [BLACK INDIGO],https://image.msscdn.net/images/goods_img/20250901/5384865/5384865_17567119994983_500.jpg,False
2025-09,M,002017,트러커 재킷,002,아우터,10,1790383,trillion,트릴리온,워싱 스티치 데님자켓 (BLACK),https://image.msscdn.net/images/goods_img/20210210/1790383/1790383_2_500.jpg,False
2025-09,M,002017,트러커 재킷,002,아우터,11,3622977,trillion,트릴리온,페이드 워싱 바이커 데님 자켓 (BLACK),https://image.msscdn.net/images/goods_img/20231012/3622977/3622977_16977691200340_500.jpg,False
2025-09,M,002017,트러커 재킷,002,아우터,12,5289752,mindbridge,마인드브릿지,스웨이드 집업 트러커 - 2color,https://image.msscdn.net/images/goods_img/20250804/5289752/5289752_17864240272223_500.jpg,False
2025-09,M,002017,트러커 재킷,002,아우터,13,5316715,lmood,엘무드,프리먼 코튼 트러커 자켓 벨벳틴브라운,https://image.msscdn.net/images/goods_img/20250812/5316715/5316715_17574044456124_500.png,False
2025-09,M,002017,트러커 재킷,002,아우터,14,4644774,musinsastandard,무신사 스탠다드,셀비지 데님 트러커 재킷 2 [딥 인디고],https://image.msscdn.net/images/goods_img/20241202/4644774/4644774_17569509485027_500.jpg,False
2025-09,M,002017,트러커 재킷,002,아우터,15,3836318,toffee,토피,빈티지 스냅 데님 블루종 자켓 (WASHED INDIGO),https://image.msscdn.net/images/goods_img/20240131/3836318/3836318_17071205288194_500.jpg,False
2025-09,M,002017,트러커 재킷,002,아우터,16,3596063,dimitriblack,디미트리블랙,2WAY 크롭 코듀로이 드리즐러 자켓_브라운,https://image.msscdn.net/images/goods_img/20230926/3596063/3596063_17621457230668_500.jpg,False
2025-09,M,002017,트러커 재킷,002,아우터,17,4791832,ersco,이알에스코,데님 트러커 자켓_블랙,https://image.msscdn.net/images/goods_img/20250214/4791832/4791832_17685420204073_500.jpg,False
2025-09,M,002017,트러커 재킷,002,아우터,18,4614595,bronson,브론슨,WW2 Lot S101J Cowboys Jacket,https://image.msscdn.net/images/goods_img/20241114/4614595/4614595_17737255953621_500.jpg,False
2025-09,M,002017,트러커 재킷,002,아우터,19,5324155,havehad,해브해드,시티 워커 프렌치 자켓 (카키 그레이),https://image.msscdn.net/images/goods_img/20250814/5324155/5324155_17561016547364_500.jpg,False
2025-09,M,002017,트러커 재킷,002,아우터,20,4282916,espionage,에스피오나지,French Wide Work Jacket (Moleskin) Washed Mocha,https://image.msscdn.net/images/goods_img/20240730/4282916/4282916_17236182759600_500.jpg,False
2025-09,M,002017,트러커 재킷,002,아우터,21,5283276,outstanding,아웃스탠딩,SET-UP_W.W. II SELVEDGE DENIM 1ST JACKET_INDIGO,https://image.msscdn.net/images/goods_img/20250731/5283276/5283276_17551532379895_500.jpg,False
2025-09,M,002017,트러커 재킷,002,아우터,22,2091622,poloralphlauren,폴로 랄프 로렌,페이디드 데님 트럭커 재킷 - 블루,https://image.msscdn.net/images/goods_img/20210826/2091622/2091622_2_500.jpg,False
2025-09,M,002017,트러커 재킷,002,아우터,23,2028925,mindbridge,마인드브릿지,스웨이드트러커 - 2color MYJP6101,https://image.msscdn.net/images/goods_img/20210714/2028925/2028925_17894374890214_500.jpg,False
2025-09,M,002017,트러커 재킷,002,아우터,24,5316712,lmood,엘무드,버번 데님 트러커 자켓 미드나잇블루,https://image.msscdn.net/images/goods_img/20250812/5316712/5316712_17564046263732_500.png,False
2025-09,M,002017,트러커 재킷,002,아우터,25,4278908,lmood,엘무드,버번 데님 트러커 자켓 블루블랙,https://image.msscdn.net/images/goods_img/20240729/4278908/4278908_17428798419737_500.jpg,False
2025-09,M,002017,트러커 재킷,002,아우터,26,4750982,espionage,에스피오나지,Washed Track Jacket Navy,https://image.msscdn.net/images/goods_img/20250203/4750982/4750982_17388092326767_500.jpg,False
2025-09,M,002017,트러커 재킷,002,아우터,27,4287892,supersub,슈퍼서브,워싱 크롭 데님 재킷 - 워시드 블루,https://image.msscdn.net/images/goods_img/20240801/4287892/4287892_17224927839087_500.jpg,False
2025-09,M,002017,트러커 재킷,002,아우터,28,5283173,outstanding,아웃스탠딩,50S WESTERN RIDER SELVEDGE JACKET_INDIGO,https://image.msscdn.net/images/goods_img/20250731/5283173/5283173_17860679714182_500.jpg,False
2025-09,M,002017,트러커 재킷,002,아우터,29,5350694,coor,쿠어,벨벳 데님 더블 포켓 트리밍 카라 점퍼 (워시드블랙),https://image.msscdn.net/images/goods_img/20250821/5350694/5350694_17562764521996_500.png,False
2025-09,M,002017,트러커 재킷,002,아우터,30,3801342,supersub,슈퍼서브,워싱 크롭 데님 재킷 - 워시드 브라운,https://image.msscdn.net/images/goods_img/20240117/3801342/3801342_17065954658593_500.jpg,False
2025-09,M,002003,슈트/블레이저 재킷,002,아우터,1,1558197,musinsastandard,무신사 스탠다드,릴렉스드 베이식 블레이저 [블랙],https://image.msscdn.net/images/goods_img/20200820/1558197/1558197_17791521338764_500.jpg,False
2025-09,M,002003,슈트/블레이저 재킷,002,아우터,2,2572705,nonblank,넌블랭크,[SAINT YEAR] 세미 오버 핏 셋업 수트_GREY,https://image.msscdn.net/images/goods_img/20220520/2572705/2572705_17769899182977_500.jpg,False
2025-09,M,002003,슈트/블레이저 재킷,002,아우터,3,1108007,musinsastandard,무신사 스탠다드,베이식 블레이저 [블랙],https://image.msscdn.net/images/goods_img/20190802/1108007/1108007_17896970765683_500.jpg,False
2025-09,M,002003,슈트/블레이저 재킷,002,아우터,4,3825573,lemainsecond,리메인세컨드,[SET UP] 베이식 세미 오버핏 셋업 수트,https://image.msscdn.net/images/goods_img/20240126/3825573/3825573_17151317585846_500.jpg,False
2025-09,M,002003,슈트/블레이저 재킷,002,아우터,5,4390860,coor,쿠어,페이크 스웨이드 쓰리 버튼 블레이저 (다크브라운),https://image.msscdn.net/images/goods_img/20240831/4390860/4390860_17696617147965_500.jpg,False
2025-09,M,002003,슈트/블레이저 재킷,002,아우터,6,2444808,musinsastandard,무신사 스탠다드,[쿨탠다드] 릴렉스드 베이식 블레이저 [블랙],https://image.msscdn.net/images/goods_img/20220325/2444808/2444808_17791528728073_500.jpg,False
2025-09,M,002003,슈트/블레이저 재킷,002,아우터,7,1283757,musinsastandard,무신사 스탠다드,오버사이즈 블레이저 [블랙],https://image.msscdn.net/images/goods_img/20200130/1283757/1283757_17514309817123_500.jpg,False
2025-09,M,002003,슈트/블레이저 재킷,002,아우터,8,5305264,tngt,티엔지티,Faux Suede Oversized Jacket (Camel Brown) TNJA5F203W2,https://image.msscdn.net/images/goods_img/20250808/5305264/5305264_17550609535045_500.jpg,False
2025-09,M,002003,슈트/블레이저 재킷,002,아우터,9,2572700,nonblank,넌블랭크,[SAINT YEAR] 세미 오버 핏 셋업 수트_BLACK,https://image.msscdn.net/images/goods_img/20220520/2572700/2572700_17769897170778_500.jpg,False
2025-09,M,002003,슈트/블레이저 재킷,002,아우터,10,3809740,nonblank,넌블랭크,W11 세미 오버 핏 셋업 수트_CHARCOAL GREY,https://image.msscdn.net/images/goods_img/20240119/3809740/3809740_17770091932615_500.jpg,False
2025-09,M,002003,슈트/블레이저 재킷,002,아우터,11,5258798,musinsastandard,무신사 스탠다드,[노홍철 컬래버] 럭키 가이 블레이저 [블랙],https://image.msscdn.net/images/goods_img/20250721/5258798/5258798_17761386959408_500.jpg,False
2025-09,M,002003,슈트/블레이저 재킷,002,아우터,12,709191,drawfit,드로우핏,오버사이즈 도브 울 블레이저 [BLACK],https://image.msscdn.net/images/goods_img/20180205/709191/709191_17567966175458_500.jpg,False
2025-09,M,002003,슈트/블레이저 재킷,002,아우터,13,1558671,musinsastandard,무신사 스탠다드,릴렉스드 베이식 블레이저 [차콜 그레이],https://image.msscdn.net/images/goods_img/20200821/1558671/1558671_17514475628467_500.jpg,False
2025-09,M,002003,슈트/블레이저 재킷,002,아우터,14,1558683,musinsastandard,무신사 스탠다드,릴렉스드 베이식 블레이저 [미디엄 그레이],https://image.msscdn.net/images/goods_img/20200821/1558683/1558683_17514474604010_500.jpg,False
2025-09,M,002003,슈트/블레이저 재킷,002,아우터,15,4766136,lemard,르마드,테일러 페이크 스웨이드 자켓 - DARK BROWN,https://image.msscdn.net/images/goods_img/20250206/4766136/4766136_17570555730729_500.jpg,False
2025-09,M,002003,슈트/블레이저 재킷,002,아우터,16,4619870,musinsastandard,무신사 스탠다드,휩코드 릴렉스드 블레이저 [블랙],https://image.msscdn.net/images/goods_img/20241118/4619870/4619870_17569504887094_500.jpg,False
2025-09,M,002003,슈트/블레이저 재킷,002,아우터,17,4770863,espionage,에스피오나지,Cotton Notched Jacket Black,https://image.msscdn.net/images/goods_img/20250210/4770863/4770863_17392600422544_500.jpg,False
2025-09,M,002003,슈트/블레이저 재킷,002,아우터,18,4349435,anotheroffice,어나더 오피스,Bonjour Single Jacket (Almost Black),https://image.msscdn.net/images/goods_img/20240820/4349435/4349435_17707749981301_500.jpg,False
2025-09,M,002003,슈트/블레이저 재킷,002,아우터,19,4209346,musinsastandard,무신사 스탠다드,시티 워커스 코튼 블레이저 [네이비],https://image.msscdn.net/images/goods_img/20240620/4209346/4209346_17241614820187_500.jpg,False
2025-09,M,002003,슈트/블레이저 재킷,002,아우터,20,2375909,musinsastandard,무신사 스탠다드,빅 대디 오버사이즈 블레이저 [블랙],https://image.msscdn.net/images/goods_img/20220222/2375909/2375909_17790837176470_500.jpg,False
2025-09,M,002003,슈트/블레이저 재킷,002,아우터,21,2792419,hyojinoriko,효지,[사계절][세트상품] 커스터마이징 핏 셋업 수트 (블랙),https://image.msscdn.net/images/goods_img/20220914/2792419/2792419_17171237843031_500.jpg,False
2025-09,M,002003,슈트/블레이저 재킷,002,아우터,22,841230,insilence,인사일런스,오버사이즈 울 블레이저 BLACK,https://image.msscdn.net/images/goods_img/20180829/841230/841230_17875456744812_500.jpg,False
2025-09,M,002003,슈트/블레이저 재킷,002,아우터,23,3790870,musinsastandard,무신사 스탠다드,시티 레저 CN 루즈 핏 블레이저 [블랙],https://image.msscdn.net/images/goods_img/20240112/3790870/3790870_17101368224107_500.jpg,False
2025-09,M,002003,슈트/블레이저 재킷,002,아우터,24,5289775,mindbridge,마인드브릿지,[COUTURE]스웨이드 오버핏 자켓,https://image.msscdn.net/images/goods_img/20250804/5289775/5289775_17635385008200_500.jpg,False
2025-09,M,002003,슈트/블레이저 재킷,002,아우터,25,2808735,tradclubvintage,트래드클럽,캔터베리 클래식 레귤러 셋업 수트(3컬러),https://image.msscdn.net/images/goods_img/20220921/2808735/2808735_17116072363778_500.jpg,False
2025-09,M,002003,슈트/블레이저 재킷,002,아우터,26,3543033,hyojinoriko,효지,[사계절][세트상품] 커스터마이징 핏 셋업 수트 (차콜),https://image.msscdn.net/images/goods_img/20230908/3543033/3543033_17171237154598_500.jpg,False
2025-09,M,002003,슈트/블레이저 재킷,002,아우터,27,3809952,nonblank,넌블랭크,W11 세미 오버 핏 셋업 수트_BLACK,https://image.msscdn.net/images/goods_img/20240119/3809952/3809952_17770091548529_500.jpg,False
2025-09,M,002003,슈트/블레이저 재킷,002,아우터,28,5106418,hyojinoriko,효지,25 SS 모듈러 셋업 수트 ( 차콜 ) [ 세트 ],https://image.msscdn.net/images/goods_img/20250513/5106418/5106418_17749259998401_500.jpg,False
2025-09,M,002003,슈트/블레이저 재킷,002,아우터,29,4222258,nonblank,넌블랭크,[SAINT YEAR] 세미 오버 핏 셋업 수트_DARK NAVY,https://image.msscdn.net/images/goods_img/20240627/4222258/4222258_17770087868938_500.jpg,False
2025-09,M,002003,슈트/블레이저 재킷,002,아우터,30,3542964,hyojinoriko,효지,포시즌 레귤러핏 셋업 수트 (3컬러),https://image.msscdn.net/images/goods_img/20230907/3542964/3542964_17171238783092_500.jpg,False
2025-09,M,002004,스타디움 재킷,002,아우터,1,2752807,kiimuir,키뮤어,울(WOOL) 바시티 자켓_블랙,https://image.msscdn.net/images/goods_img/20220830/2752807/2752807_17664729093372_500.jpg,False
2025-09,M,002004,스타디움 재킷,002,아우터,2,4525862,newera,뉴에라,AP MLB STADIUM JK43 NEYYAN D BLU,https://image.msscdn.net/images/goods_img/20241016/4525862/4525862_17291420872439_500.jpg,False
2025-09,M,002004,스타디움 재킷,002,아우터,3,4525859,newera,뉴에라,MLB LA다저스 스타디움 재킷 블랙,https://image.msscdn.net/images/goods_img/20241016/4525859/4525859_17303410419130_500.jpg,False
2025-09,M,002004,스타디움 재킷,002,아우터,4,4744746,kolonsport,코오롱스포츠,HERO 남성 프리마로프트 LIGHT 인슐레이션 자켓 JWJJX25015BLK,https://image.msscdn.net/images/goods_img/20250124/4744746/4744746_17415828191935_500.jpg,False
2025-09,M,002004,스타디움 재킷,002,아우터,5,5038386,poloralphlauren,폴로 랄프 로렌,RL 플리스 베이스볼 재킷-네이비,https://image.msscdn.net/images/goods_img/20250417/5038386/5038386_17471917279357_500.jpg,False
2025-09,M,002004,스타디움 재킷,002,아우터,6,5472997,newera,뉴에라,MLB 뉴욕 양키스 어센틱 스타디움 재킷 네이비,https://image.msscdn.net/images/goods_img/20250916/5472997/5472997_17588797460747_500.jpg,False
2025-09,M,002004,스타디움 재킷,002,아우터,7,3730463,poloralphlauren,폴로 랄프 로렌,바시티 스타일 재킷 - 그린,https://image.msscdn.net/images/goods_img/20231123/3730463/3730463_17152312522806_500.jpg,False
2025-09,M,002004,스타디움 재킷,002,아우터,8,3557760,newera,뉴에라,MLB 뉴욕양키스 스타디움 재킷 네이비,https://image.msscdn.net/images/goods_img/20230913/3557760/3557760_16946558019097_500.jpg,False
2025-09,M,002004,스타디움 재킷,002,아우터,9,3290310,kenzo,겐조,세일러 카라 스타디움 재킷 - 네이비 / FD55BL1339ON77,https://image.msscdn.net/images/goods_img/20230511/3290310/3290310_16867218853604_500.jpg,False
2025-09,M,002004,스타디움 재킷,002,아우터,10,5327612,satur,세터,테오 저지 자켓 블랙,https://image.msscdn.net/images/goods_img/20250814/5327612/5327612_17630005435775_500.jpg,False
2025-09,M,002004,스타디움 재킷,002,아우터,11,5043754,poloralphlauren,폴로 랄프 로렌,폴로 랄프 로렌 양키스 플리스 재킷-블루,https://image.msscdn.net/images/goods_img/20250418/5043754/5043754_17465812763719_500.jpg,False
2025-09,M,002004,스타디움 재킷,002,아우터,12,5472985,newera,뉴에라,MLB 시카고 화이트삭스 어센틱 스타디움 재킷 블랙,https://image.msscdn.net/images/goods_img/20250916/5472985/5472985_17588803066521_500.jpg,False
2025-09,M,002004,스타디움 재킷,002,아우터,13,5472971,newera,뉴에라,MLB LA 다저스 어센틱 스타디움 재킷 블루,https://image.msscdn.net/images/goods_img/20250916/5472971/5472971_17588799129088_500.jpg,False
2025-09,M,002004,스타디움 재킷,002,아우터,14,5472994,newera,뉴에라,MLB 디트로이트 타이거즈 어센틱 스타디움 재킷 네이비,https://image.msscdn.net/images/goods_img/20250916/5472994/5472994_17588800003791_500.jpg,False
2025-09,M,002004,스타디움 재킷,002,아우터,15,3489372,romanticcrown,로맨틱크라운,아웃 폰트 울 바시티 자켓_블랙,https://image.msscdn.net/images/goods_img/20230823/3489372/3489372_17364757550542_500.jpg,False
2025-09,M,002004,스타디움 재킷,002,아우터,16,2752809,kiimuir,키뮤어,울(WOOL) 바시티 자켓_네이비,https://image.msscdn.net/images/goods_img/20220830/2752809/2752809_17388178850129_500.jpg,False
2025-09,M,002004,스타디움 재킷,002,아우터,17,3557766,newera,뉴에라,MLB 뉴욕양키스 월드시리즈 패치 스타디움 재킷 블랙,https://image.msscdn.net/images/goods_img/20230913/3557766/3557766_16946555757159_500.jpg,False
2025-09,M,002004,스타디움 재킷,002,아우터,18,3154420,grayblvd,그레이블러밧,엠씨 트윌코튼 바시티 자켓 (BLACK),https://image.msscdn.net/images/goods_img/20230316/3154420/3154420_16925951678322_500.jpg,False
2025-09,M,002004,스타디움 재킷,002,아우터,19,3812672,thisisneverthat,디스이즈네버댓,Satin Jacket Navy,https://image.msscdn.net/images/goods_img/20240122/3812672/3812672_17065160162781_500.jpg,False
2025-09,M,002004,스타디움 재킷,002,아우터,20,4419282,saintlaurent,생로랑,클래식 테디 재킷 - 블랙:화이트 / 354718Y180W1070,https://image.msscdn.net/images/goods_img/20240909/4419282/4419282_17273163887589_500.jpg,False
2025-09,M,002004,스타디움 재킷,002,아우터,21,3945943,poloralphlauren,폴로 랄프 로렌,플리스 베이스볼 재킷 - 네이비,https://image.msscdn.net/images/goods_img/20240313/3945943/3945943_17114450447249_500.jpg,False
2025-09,M,002004,스타디움 재킷,002,아우터,22,3466620,thisisneverthat,디스이즈네버댓,Satin Varsity Jacket Gold,https://image.msscdn.net/images/goods_img/20230816/3466620/3466620_16921757161671_500.jpg,False
2025-09,M,002004,스타디움 재킷,002,아우터,23,2959465,rawlab,로우랩,R 시티 헤비 바시티자켓 (네이비),https://image.msscdn.net/images/goods_img/20221124/2959465/2959465_1_500.jpg,False
2025-09,M,002004,스타디움 재킷,002,아우터,24,4465668,wkndrs,위캔더스,ANGEL STADIUM JACKET (NAVY),https://image.msscdn.net/images/goods_img/20240926/4465668/4465668_17283784827583_500.jpg,False
2025-09,M,002004,스타디움 재킷,002,아우터,25,4761693,begin202,비긴202,아티쟌 스타디움 점퍼 [블랙],https://image.msscdn.net/images/goods_img/20250205/4761693/4761693_17387500901252_500.jpg,False
2025-09,M,002004,스타디움 재킷,002,아우터,26,5364479,bendavis,벤 데이비스,코튼 덕 수베니어 재킷 베이지,https://image.msscdn.net/images/goods_img/20250826/5364479/5364479_17561897024903_500.jpg,False
2025-09,M,002004,스타디움 재킷,002,아우터,27,4780413,saintlaurent,생로랑,클래식 테디 재킷 - 블랙:화이트 / 354718Y180W1070,https://image.msscdn.net/images/goods_img/20250212/4780413/4780413_17398697470517_500.jpg,False
2025-09,M,002004,스타디움 재킷,002,아우터,28,4483820,covernat,커버낫,24FW 컬리지 C 울 바시티 네이비,https://image.msscdn.net/images/goods_img/20241002/4483820/4483820_17321677372498_500.jpg,False
2025-09,M,002004,스타디움 재킷,002,아우터,29,4321443,marithefrancoisgirbaud,마리떼 프랑소와 저버,JE NE LA VARSITY JACKET dark green,https://image.msscdn.net/images/goods_img/20240812/4321443/4321443_17253413402962_500.jpg,False
2025-09,M,002004,스타디움 재킷,002,아우터,30,4408230,1993studio,1993스튜디오,[LG트윈스] 아플리케 레더 바시티 자켓_딥네이비,https://image.msscdn.net/images/goods_img/20240905/4408230/4408230_17267992346387_500.jpg,False
2025-09,M,002006,나일론/코치 재킷,002,아우터,1,1620287,poloralphlauren,폴로 랄프 로렌,바이스윙 윈드브레이커 - 블랙,https://image.msscdn.net/images/goods_img/20200923/1620287/1620287_2_500.jpg,False
2025-09,M,002006,나일론/코치 재킷,002,아우터,2,3034336,espionage,에스피오나지,Ray Yacht Parka Carrot,https://image.msscdn.net/images/goods_img/20230119/3034336/3034336_16756599080513_500.jpg,False
2025-09,M,002006,나일론/코치 재킷,002,아우터,3,2723218,dimitriblack,디미트리블랙,ASI 2WAY 어센틱 후드 윈드브레이커 자켓_블랙,https://image.msscdn.net/images/goods_img/20220817/2723218/2723218_17603312716294_500.jpg,False
2025-09,M,002006,나일론/코치 재킷,002,아우터,4,2343198,espionage,에스피오나지,Ray Yacht Parka Black,https://image.msscdn.net/images/goods_img/20220207/2343198/2343198_2_500.jpg,False
2025-09,M,002006,나일론/코치 재킷,002,아우터,5,3758212,musinsastandard,무신사 스탠다드,시티 레저 라이트웨이트 패커블 윈드브레이커 재킷 [블랙],https://image.msscdn.net/images/goods_img/20231215/3758212/3758212_17764183712161_500.jpg,False
2025-09,M,002006,나일론/코치 재킷,002,아우터,6,4861340,spao,스파오,[UV차단] 라이트 패커블 윈드브레이커_SPJJF25C21,https://image.msscdn.net/images/goods_img/20250305/4861340/4861340_17501350826957_500.jpg,False
2025-09,M,002006,나일론/코치 재킷,002,아우터,7,4296687,newbalance,뉴발란스,NBNAF31803 / UNI 에센셜 헤리티지 스탠드넥 웜업자켓 (BLACK),https://image.msscdn.net/images/goods_img/20240805/4296687/4296687_17846852180585_500.jpg,False
2025-09,M,002006,나일론/코치 재킷,002,아우터,8,3793560,musinsastandard,무신사 스탠다드,오버사이즈 하이넥 윈드브레이커 재킷 [블랙],https://image.msscdn.net/images/goods_img/20240112/3793560/3793560_17080496946411_500.jpg,False
2025-09,M,002006,나일론/코치 재킷,002,아우터,9,3034346,espionage,에스피오나지,Mountain Wind Parka Black,https://image.msscdn.net/images/goods_img/20230119/3034346/3034346_16756599638463_500.jpg,False
2025-09,M,002006,나일론/코치 재킷,002,아우터,10,3791038,codegraphy,코드그라피,[SET] [배색ver.] 2-WAY 배색 테크 숏 자켓 셋업_블랙,https://image.msscdn.net/images/goods_img/20240112/3791038/3791038_17718150719568_500.jpg,False
2025-09,M,002006,나일론/코치 재킷,002,아우터,11,2329532,nomanual,노매뉴얼,PENON WIND SHELL - BLACK,https://image.msscdn.net/images/goods_img/20220126/2329532/2329532_16762491689303_500.jpg,False
2025-09,M,002006,나일론/코치 재킷,002,아우터,12,4652859,musinsastandard,무신사 스탠다드,시티 레저 라이트웨이트 패커블 윈드브레이커 재킷 2 [블랙],https://image.msscdn.net/images/goods_img/20241206/4652859/4652859_17417737223948_500.jpg,False
2025-09,M,002006,나일론/코치 재킷,002,아우터,13,5317287,newbalance,뉴발란스,NBNAF31823 / UNI ESCAPE 스탠넥 웜업자켓 (IVORY),https://image.msscdn.net/images/goods_img/20250813/5317287/5317287_17566943361241_500.jpg,False
2025-09,M,002006,나일론/코치 재킷,002,아우터,14,3051559,toffee,토피,라이트웨이트 윈드 점퍼 (BLACK),https://image.msscdn.net/images/prd_img/20230201/3051559/detail_3051559_16765215304381_500.jpg,False
2025-09,M,002006,나일론/코치 재킷,002,아우터,15,3800080,musinsastandardsp,무신사 스탠다드 스포츠,슈퍼 라이트 바람막이(8colors),https://image.msscdn.net/images/goods_img/20240117/3800080/3800080_17769985197840_500.jpg,False
2025-09,M,002006,나일론/코치 재킷,002,아우터,16,3212915,compagno,꼼파뇨,크래킹 후드 윈드브레이커 그레이,https://image.msscdn.net/images/goods_img/20230406/3212915/3212915_16902464685664_500.jpg,False
2025-09,M,002006,나일론/코치 재킷,002,아우터,17,5394845,thenorthface,노스페이스,NJ3BR50J 화이트라벨 마티스 자켓 BLACK,https://image.msscdn.net/images/goods_img/20250903/5394845/5394845_17568646154778_500.jpg,False
2025-09,M,002006,나일론/코치 재킷,002,아우터,18,3836941,dimitriblack,디미트리블랙,VLAD 2WAY 어센틱 후드 윈드브레이커 자켓_차콜/블랙,https://image.msscdn.net/images/goods_img/20240131/3836941/3836941_17164425315381_500.png,False
2025-09,M,002006,나일론/코치 재킷,002,아우터,19,3455892,filluminate,필루미네이트,타슬란 윈드 테이커 자켓-블랙,https://image.msscdn.net/images/goods_img/20230809/3455892/3455892_17827964402390_500.jpg,False
2025-09,M,002006,나일론/코치 재킷,002,아우터,20,2471405,slowrecordhouse,슬로우 레코드 하우스,파이핑 라인 나일론 자켓_네이비,https://image.msscdn.net/images/goods_img/20220406/2471405/2471405_17013952125581_500.jpg,False
2025-09,M,002006,나일론/코치 재킷,002,아우터,21,5512770,thenorthface,노스페이스,NJ3NR68J 화이트라벨 올레마 플래시 자켓 BLACK,https://image.msscdn.net/images/goods_img/20250923/5512770/5512770_17586012315879_500.jpg,False
2025-09,M,002006,나일론/코치 재킷,002,아우터,22,5451215,thenorthface,노스페이스,NJ2HR52J 화이트라벨 라인 엑스 자켓 GRAY,https://image.msscdn.net/images/goods_img/20250912/5451215/5451215_17576578485943_500.jpg,False
2025-09,M,002006,나일론/코치 재킷,002,아우터,23,5202869,atez,아테즈,AERO 테크 후드 윈드 브레이커 자켓 [블랙],https://image.msscdn.net/images/goods_img/20250624/5202869/5202869_17705916791659_500.jpg,False
2025-09,M,002006,나일론/코치 재킷,002,아우터,24,5279207,drix,드릭스,립스탑 라이트웨이트 윈드브레이커 자켓_6color,https://image.msscdn.net/images/goods_img/20250729/5279207/5279207_17558408961130_500.jpg,False
2025-09,M,002006,나일론/코치 재킷,002,아우터,25,3865936,maninstore,무드인사이드,스페셜 후드 바람막이_3color,https://image.msscdn.net/images/goods_img/20240214/3865936/3865936_17748561272852_500.jpg,False
2025-09,M,002006,나일론/코치 재킷,002,아우터,26,5061858,maninstore,무드인사이드,스페셜 후드 바람막이_Black,https://image.msscdn.net/images/goods_img/20250424/5061858/5061858_17748572064887_500.jpg,False
2025-09,M,002006,나일론/코치 재킷,002,아우터,27,5317263,newbalance,뉴발란스,NBNAF31823 / UNI ESCAPE 스탠넥 웜업자켓 (CHARCOAL),https://image.msscdn.net/images/goods_img/20250813/5317263/5317263_17554737595959_500.jpg,False
2025-09,M,002006,나일론/코치 재킷,002,아우터,28,2534895,slowrecordhouse,슬로우 레코드 하우스,파이핑 라인 나일론 자켓_블랙&베이지,https://image.msscdn.net/images/goods_img/20220502/2534895/2534895_17014068157715_500.jpg,False
2025-09,M,002006,나일론/코치 재킷,002,아우터,29,3791037,codegraphy,코드그라피,[SET] [배색ver.] 2-WAY 배색 테크 숏 자켓 셋업_크림,https://image.msscdn.net/images/goods_img/20240112/3791037/3791037_17593650526189_500.jpg,False
2025-09,M,002006,나일론/코치 재킷,002,아우터,30,3791014,codegraphy,코드그라피,[기본 OR 후디 선택] [배색Ver.] 2-WAY 테크 숏 자켓_블랙,https://image.msscdn.net/images/prd_img/20240112/3791014/detail_3791014_17429730762331_500.jpg,False
2025-09,M,002019,아노락 재킷,002,아우터,1,3466549,kiimuir,키뮤어,2-WAY 릴렉스드 헤링턴 자켓_4 color,https://image.msscdn.net/images/goods_img/20230816/3466549/3466549_17732985666081_500.jpg,False
2025-09,M,002019,아노락 재킷,002,아우터,2,4742668,umbro,엄브로,HBL 스포티 캐주얼 후드 아노락 블랙(UQ123CWT21),https://image.msscdn.net/images/goods_img/20250124/4742668/4742668_17749208401747_500.jpg,False
2025-09,M,002019,아노락 재킷,002,아우터,3,4742667,umbro,엄브로,HBL 스포티 캐주얼 후드 아노락 아이보리(UQ123CWT21),https://image.msscdn.net/images/goods_img/20250124/4742667/4742667_17749208510491_500.jpg,False
2025-09,M,002019,아노락 재킷,002,아우터,4,2502967,lazybee,레이지비,캠프 멀티스포츠 러닝 바람막이 아노락 자켓 상의 M 블랙,https://image.msscdn.net/images/goods_img/20220420/2502967/2502967_17606761460746_500.jpg,False
2025-09,M,002019,아노락 재킷,002,아우터,5,4747261,rife,러닝라이프,스톰실 바람막이 자켓 자외선차단(UPF50+),https://image.msscdn.net/images/goods_img/20250131/4747261/4747261_17736467482084_500.png,False
2025-09,M,002019,아노락 재킷,002,아우터,6,2792669,tenc,텐씨,템페스트 아노락 재킷 - 블랙 / 17CTCUC04055999FW22,https://image.msscdn.net/images/goods_img/20220915/2792669/2792669_1_500.jpg,False
2025-09,M,002019,아노락 재킷,002,아우터,7,5350060,thisisneverthat,디스이즈네버댓,Anorak Jacket Camo,https://image.msscdn.net/images/goods_img/20250821/5350060/5350060_17562592832040_500.jpg,False
2025-09,M,002019,아노락 재킷,002,아우터,8,1810261,urbanplayers,어반플레이어스,오리지널핏 아노락 자켓 (블랙),https://image.msscdn.net/images/goods_img/20210223/1810261/1810261_1_500.jpg,False
2025-09,M,002019,아노락 재킷,002,아우터,9,3904798,thisisneverthat,디스이즈네버댓,PERTEX® QA Half Zip Pullover Sage,https://image.msscdn.net/images/goods_img/20240227/3904798/3904798_17090245733760_500.jpg,False
2025-09,M,002019,아노락 재킷,002,아우터,10,2515813,lazybee,레이지비,[SET] 캠프 바람막이 아노락 자켓 + 러닝 조거팬츠 M 블랙,https://image.msscdn.net/images/goods_img/20220426/2515813/2515813_17790908305788_500.jpg,False
2025-09,M,002019,아노락 재킷,002,아우터,11,4434372,sportchamber,스포츠챔버,SC 오버사이즈 웜업 셔츠(네이비),https://image.msscdn.net/images/goods_img/20240912/4434372/4434372_17405320847269_500.jpg,False
2025-09,M,002019,아노락 재킷,002,아우터,12,5290140,likethemost,라이크더모스트,유니섹스 에센셜 벌룬 체크 후디 윈드브레이커_브라운,https://image.msscdn.net/images/goods_img/20250804/5290140/5290140_17546385648306_500.jpg,False
2025-09,M,002019,아노락 재킷,002,아우터,13,3227307,tenc,텐씨,콤보 본디드 아노락 재킷 - 블랙 / 23CTCUC11001999,https://image.msscdn.net/images/goods_img/20230412/3227307/3227307_16892226832827_500.jpg,False
2025-09,M,002019,아노락 재킷,002,아우터,14,2000085,superlit,에스릿 스튜디오,[SET] 스테디 라이트 아노락 3P 셋업 블랙,https://image.msscdn.net/images/prd_img/20210617/2000085/detail_2000085_1_500.jpg,False
2025-09,M,002019,아노락 재킷,002,아우터,15,4259388,bysec,바이젝,[SET] 우븐 라인 머슬 브레이커 자켓 + 우븐스판 머슬 브레이커 팬츠,https://image.msscdn.net/images/goods_img/20240718/4259388/4259388_17435628383078_500.jpg,False
2025-09,M,002019,아노락 재킷,002,아우터,16,4400327,borntowin,본투윈,REFLECTIVE LINE BIG SYMBOL ANORAK JAKET [BLACK],https://image.msscdn.net/images/goods_img/20240903/4400327/4400327_17612218023319_500.jpg,False
2025-09,M,002019,아노락 재킷,002,아우터,17,3904797,thisisneverthat,디스이즈네버댓,PERTEX® QA Half Zip Pullover Black,https://image.msscdn.net/images/goods_img/20240227/3904797/3904797_17090246307838_500.jpg,False
2025-09,M,002019,아노락 재킷,002,아우터,18,4743425,malbongolf,말본 골프,버킷 포인트 하프집업 아노락 GREEN (MAN),https://image.msscdn.net/images/goods_img/20250124/4743425/4743425_17376936644445_500.jpg,False
2025-09,M,002019,아노락 재킷,002,아우터,19,4368042,malbongolf,말본 골프,버킷 포인트 하프집업 아노락 OFF WHITE (MAN),https://image.msscdn.net/images/goods_img/20240825/4368042/4368042_17245600055664_500.jpg,False
2025-09,M,002019,아노락 재킷,002,아우터,20,2626916,fcmm,에프씨엠엠,클럽 팀 하프집 윈드브레이커 - 화이트,https://image.msscdn.net/images/goods_img/20220621/2626916/2626916_17738906557500_500.jpg,False
2025-09,M,002019,아노락 재킷,002,아우터,21,5392929,fcmm,에프씨엠엠,클럽 팀 하프집 후디 윈드브레이커 3color,https://image.msscdn.net/images/goods_img/20250902/5392929/5392929_17576494030890_500.jpg,False
2025-09,M,002019,아노락 재킷,002,아우터,22,5406696,atez,아테즈,AERO 테크 후드 아노락 윈드 브레이커 [블랙],https://image.msscdn.net/images/goods_img/20250905/5406696/5406696_17570367252291_500.jpg,False
2025-09,M,002019,아노락 재킷,002,아우터,23,4348195,fcmm,에프씨엠엠,클럽 팀 하프집 윈드브레이커 - 미드나잇 블루,https://image.msscdn.net/images/goods_img/20240820/4348195/4348195_17738906699218_500.jpg,False
2025-09,M,002019,아노락 재킷,002,아우터,24,4938278,commedesgarconsplay,꼼데가르송 플레이,K-WAY x CDG PLAY 레드하트 패커블 하프 집업 재킷 - 베이지 / AZJ5020513,https://image.msscdn.net/images/goods_img/20250325/4938278/4938278_17441023299317_500.jpg,False
2025-09,M,002019,아노락 재킷,002,아우터,25,5434477,umbro,엄브로,HBL 로얄 컬리지 스탠넥 아노락 그린(UQ323CWT99),https://image.msscdn.net/images/goods_img/20250910/5434477/5434477_17748528290365_500.jpg,False
2025-09,M,002019,아노락 재킷,002,아우터,26,4636477,afresh,어프레쉬,라이트 프레쉬 윈드자켓_3color,https://image.msscdn.net/images/goods_img/20241126/4636477/4636477_17514180224380_500.jpg,False
2025-09,M,002019,아노락 재킷,002,아우터,27,4331077,armedes,아르메데스,아노락 후드 바람막이 AR-102 (3컬러),https://image.msscdn.net/images/goods_img/20240814/4331077/4331077_17764093161597_500.jpg,False
2025-09,M,002019,아노락 재킷,002,아우터,28,4522320,dimitriblack,디미트리블랙,VLAD D-Layer™더블레이어 윈드브레이커 자켓_차콜 그레이,https://image.msscdn.net/images/goods_img/20241016/4522320/4522320_17295776847005_500.jpg,False
2025-09,M,002019,아노락 재킷,002,아우터,29,4861839,umbro,엄브로,팝러쉬 컬러블럭 후드 아노락 블랙(UQ123CWT31),https://image.msscdn.net/images/goods_img/20250305/4861839/4861839_17496940781274_500.jpg,False
2025-09,M,002019,아노락 재킷,002,아우터,30,4264856,lecoq,르꼬끄,풋볼 레플리카 홑겹 자켓 블랙(QP323FJK82),https://image.msscdn.net/images/goods_img/20240722/4264856/4264856_17273120660060_500.jpg,False
2025-09,M,002018,트레이닝 재킷,002,아우터,1,3771089,adidas,아디다스,베켄바우어 트랙탑 - 블랙 / IY8077,https://image.msscdn.net/images/goods_img/20240102/3771089/3771089_17041852509353_500.jpg,False
2025-09,M,002018,트레이닝 재킷,002,아우터,2,3563185,adidas,아디다스,파이어버드 트랙탑 - 블랙 / IJ7058,https://image.msscdn.net/images/goods_img/20230915/3563185/3563185_16950017775747_500.jpg,False
2025-09,M,002018,트레이닝 재킷,002,아우터,3,4767374,adidas,아디다스,와플 BB 트랙탑  - 원더화이트 / JV9263,https://image.msscdn.net/images/goods_img/20250207/4767374/4767374_17405511510275_500.jpg,False
2025-09,M,002018,트레이닝 재킷,002,아우터,4,5197436,adidas,아디다스,아디컬러 클래식 트랙탑 (와플) - 원더화이트 / JW0109,https://image.msscdn.net/images/goods_img/20250620/5197436/5197436_17503838923480_500.jpg,False
2025-09,M,002018,트레이닝 재킷,002,아우터,5,4945922,adidas,아디다스,아디컬러 클래식 베켄바우어 트랙탑 IP0418,https://image.msscdn.net/images/goods_img/20250326/4945922/4945922_17449669675839_500.jpg,False
2025-09,M,002018,트레이닝 재킷,002,아우터,6,5329567,adidas,아디다스,BB 트랙탑 - 블랙:크림화이트 / KC9299,https://image.msscdn.net/images/goods_img/20250818/5329567/5329567_17573005097318_500.jpg,False
2025-09,M,002018,트레이닝 재킷,002,아우터,7,4945148,adidas,아디다스,아디컬러 클래식 트랙탑 (와플) - 원더화이트 / JW0109,https://image.msscdn.net/images/goods_img/20250326/4945148/4945148_17453139295013_500.jpg,False
2025-09,M,002018,트레이닝 재킷,002,아우터,8,3771149,adidas,아디다스,우븐 파이어버드 트랙탑 - 블랙 / IT2491,https://image.msscdn.net/images/goods_img/20240102/3771149/3771149_17042416430428_500.jpg,False
2025-09,M,002018,트레이닝 재킷,002,아우터,9,2353497,urbandtype,어반디타입,OL209_러닝클럽 트랙 자켓_네이비,https://image.msscdn.net/images/goods_img/20220210/2353497/2353497_17875332753234_500.jpg,False
2025-09,M,002018,트레이닝 재킷,002,아우터,10,5329563,adidas,아디다스,BB 트랙탑 - 클리어핑크 / KC3334,https://image.msscdn.net/images/goods_img/20250818/5329563/5329563_17573004720514_500.jpg,False
2025-09,M,002018,트레이닝 재킷,002,아우터,11,5197437,adidas,아디다스,아디컬러 클래식 트랙탑 (젠더 뉴트럴) JW0110,https://image.msscdn.net/images/goods_img/20250620/5197437/5197437_17503838637524_500.jpg,False
2025-09,M,002018,트레이닝 재킷,002,아우터,12,4793690,adidas,아디다스,와플 BB 트랙탑 - 블랙 / JV9264,https://image.msscdn.net/images/goods_img/20250217/4793690/4793690_17453136746025_500.jpg,False
2025-09,M,002018,트레이닝 재킷,002,아우터,13,4945149,adidas,아디다스,아디컬러 클래식 트랙탑 (와플) - 블랙 / JW0110,https://image.msscdn.net/images/goods_img/20250326/4945149/4945149_17453139535405_500.jpg,False
2025-09,M,002018,트레이닝 재킷,002,아우터,14,3588413,adidas,아디다스,베켄바우어 트랙탑 - 블랙:화이트 / II5763,https://image.msscdn.net/images/goods_img/20230922/3588413/3588413_16957743454348_500.jpg,False
2025-09,M,002018,트레이닝 재킷,002,아우터,15,4943735,adidas,아디다스,SST 트랙탑 JX8971,https://image.msscdn.net/images/goods_img/20250325/4943735/4943735_17428947031862_500.jpg,False
2025-09,M,002018,트레이닝 재킷,002,아우터,16,4280527,travel,트래블,져지 트랙 자켓 아이보리,https://image.msscdn.net/images/goods_img/20240729/4280527/4280527_17693915589684_500.jpg,False
2025-09,M,002018,트레이닝 재킷,002,아우터,17,3999802,adidas,아디다스,파이어버드 트랙탑 - 인디고 / IR9893,https://image.msscdn.net/images/goods_img/20240328/3999802/3999802_17116109248923_500.jpg,False
2025-09,M,002018,트레이닝 재킷,002,아우터,18,4280526,travel,트래블,져지 트랙 자켓 브라운,https://image.msscdn.net/images/goods_img/20240729/4280526/4280526_17313741600749_500.jpg,False
2025-09,M,002018,트레이닝 재킷,002,아우터,19,4489823,adidas,아디다스,BB 트랙탑 - 다크브라운 / JD5267,https://image.msscdn.net/images/goods_img/20241007/4489823/4489823_17453957713625_500.jpg,False
2025-09,M,002018,트레이닝 재킷,002,아우터,20,3797838,adidas,아디다스,베켄바우어 트랙탑 - 인디고 / IP0418,https://image.msscdn.net/images/goods_img/20240116/3797838/3797838_17054696094278_500.jpg,False
2025-09,M,002018,트레이닝 재킷,002,아우터,21,4945920,adidas,아디다스,아디컬러 클래식 파이어버드 트랙탑 JP2542,https://image.msscdn.net/images/goods_img/20250326/4945920/4945920_17449669901594_500.jpg,False
2025-09,M,002018,트레이닝 재킷,002,아우터,22,4799580,borntowin,본투윈,NYLON BLOCK JACKET [BLACK],https://image.msscdn.net/images/goods_img/20250218/4799580/4799580_17579089101576_500.jpg,False
2025-09,M,002018,트레이닝 재킷,002,아우터,23,4280525,travel,트래블,져지 트랙 자켓 네이비,https://image.msscdn.net/images/goods_img/20240729/4280525/4280525_17230945367525_500.jpg,False
2025-09,M,002018,트레이닝 재킷,002,아우터,24,3010431,satur,세터,로턴 올 데이 트랙 집업 자켓 캐비어 블랙,https://image.msscdn.net/images/goods_img/20230109/3010431/3010431_17255123428915_500.jpg,False
2025-09,M,002018,트레이닝 재킷,002,아우터,25,4799579,borntowin,본투윈,NYLON BLOCK JACKET [NAVY],https://image.msscdn.net/images/goods_img/20250218/4799579/4799579_17579089501951_500.jpg,False
2025-09,M,002018,트레이닝 재킷,002,아우터,26,3735923,musinsastandardsp,무신사 스탠다드 스포츠,스포츠 코어 바람막이 (3color),https://image.msscdn.net/images/goods_img/20231128/3735923/3735923_17556576183067_500.jpg,False
2025-09,M,002018,트레이닝 재킷,002,아우터,27,5001924,adidas,아디다스,아디다스 오리지널스 R3CD 트랙탑 KA3806,https://image.msscdn.net/images/goods_img/20250408/5001924/5001924_17452119802346_500.jpg,False
2025-09,M,002018,트레이닝 재킷,002,아우터,28,3260637,adidas,아디다스,BB 트랙탑 - 스카이블루 / IK9150,https://image.msscdn.net/images/goods_img/20230425/3260637/3260637_17453962145725_500.jpg,False
2025-09,M,002018,트레이닝 재킷,002,아우터,29,3905833,adidas,아디다스,BB 트랙탑 - 베이지:인디고 / IZ4922,https://image.msscdn.net/images/goods_img/20240227/3905833/3905833_17453960511933_500.jpg,False
2025-09,M,002018,트레이닝 재킷,002,아우터,30,4670831,mussang,무쌍,넘버. 5  로고 오버핏 투 웨이 자켓,https://image.msscdn.net/images/goods_img/20241217/4670831/4670831_17345148494373_500.jpg,False
2025-09,M,002008,환절기 코트,002,아우터,1,3307245,thombrowne,톰브라운,4 바 폴로 카라 코트 - 네이비 / MKJ098AY3028415,https://image.msscdn.net/images/goods_img/20230518/3307245/3307245_16867234240617_500.jpg,False
2025-09,M,002008,환절기 코트,002,아우터,2,5288220,noirer,노이어,램스 레더 베지터블 발마칸 코트 (블랙),https://image.msscdn.net/images/goods_img/20250801/5288220/5288220_17575687182268_500.jpg,False
2025-09,M,002008,환절기 코트,002,아우터,3,4845467,musinsastandard,무신사 스탠다드,시티 레저 CN 오버사이즈 발마칸 트렌치 코트 [그레이],https://image.msscdn.net/images/goods_img/20250228/4845467/4845467_17419089858460_500.jpg,False
2025-09,M,002008,환절기 코트,002,아우터,4,4845466,musinsastandard,무신사 스탠다드,시티 레저 CN 오버사이즈 발마칸 트렌치 코트 [블랙],https://image.msscdn.net/images/goods_img/20250228/4845466/4845466_17416755739427_500.jpg,False
2025-09,M,002008,환절기 코트,002,아우터,5,680961,flareup,플레어업,오버사이즈 트렌치코트 (FL-012),https://image.msscdn.net/images/prd_img/20171130/680961/detail_680961_37_500.jpg,False
2025-09,M,002008,환절기 코트,002,아우터,6,4202567,burberry,버버리,롱 켄싱턴 헤리티지 트렌치 코트 - 블랙 / 8079384,https://image.msscdn.net/images/goods_img/20240618/4202567/4202567_17217896805637_500.jpg,False
2025-09,M,002008,환절기 코트,002,아우터,7,4594017,musinsastandard,무신사 스탠다드,오버사이즈 발마칸 트렌치 코트 [블랙],https://image.msscdn.net/images/goods_img/20241106/4594017/4594017_17369119667186_500.jpg,False
2025-09,M,002008,환절기 코트,002,아우터,8,4202570,burberry,버버리,미드 렝스 캠던 헤리티지 카 코트 - 블랙 / 8079394,https://image.msscdn.net/images/goods_img/20240618/4202570/4202570_17217898234515_500.jpg,False
2025-09,M,002008,환절기 코트,002,아우터,9,2994627,mindbridge,마인드브릿지,[22SS][SMART][COUTURE]더블트렌치코트 - 3color MWCA2101,https://image.msscdn.net/images/goods_img/20221223/2994627/2994627_5_500.jpg,False
2025-09,M,002008,환절기 코트,002,아우터,10,5429255,calvinkleinjeans,캘빈클라인 진,[컨템포러리 라인] 유니섹스 롱슬리브 레더 카 코트 40EM573 BAE,https://image.msscdn.net/images/goods_img/20250909/5429255/5429255_17574874499449_500.jpg,False
2025-09,M,002008,환절기 코트,002,아우터,11,4914725,taille,타일레,PIGALLE OVER TRENCH COAT BLACK,https://image.msscdn.net/images/goods_img/20250319/4914725/4914725_17424657750145_500.jpg,False
2025-09,M,002008,환절기 코트,002,아우터,12,1269066,insilence,인사일런스,오버사이즈 트렌치 코트 BLACK,https://image.msscdn.net/images/goods_img/20200113/1269066/1269066_16928568810552_500.jpg,False
2025-09,M,002008,환절기 코트,002,아우터,13,3152655,mindbridge,마인드브릿지,[SMART][COUTURE]더블트렌치코트 라이트베이지 MXCA2101,https://image.msscdn.net/images/goods_img/20230316/3152655/3152655_16789399394204_500.jpg,False
2025-09,M,002008,환절기 코트,002,아우터,14,5415954,espionage,에스피오나지,British Gas Cape Coat Black,https://image.msscdn.net/images/goods_img/20250908/5415954/5415954_17574689567439_500.jpg,False
2025-09,M,002008,환절기 코트,002,아우터,15,1744623,flareup,플레어업,Oversized Raglan Trench Coat - Black (FL-020),https://image.msscdn.net/images/goods_img/20210112/1744623/1744623_16925776963117_500.jpg,False
2025-09,M,002008,환절기 코트,002,아우터,16,4845468,musinsastandard,무신사 스탠다드,시티 레저 CN 오버사이즈 발마칸 트렌치 코트 [리프 베이지],https://image.msscdn.net/images/goods_img/20250228/4845468/4845468_17416754901222_500.jpg,False
2025-09,M,002008,환절기 코트,002,아우터,17,4799299,pottery,포터리,Easy Mac Coat - 2 Color,https://image.msscdn.net/images/goods_img/20250218/4799299/4799299_17399329213359_500.jpg,False
2025-09,M,002008,환절기 코트,002,아우터,18,4353585,noirer,노이어,신서틱 레이어드 트렌치 코트 (블랙),https://image.msscdn.net/images/goods_img/20240821/4353585/4353585_17255172410260_500.jpg,False
2025-09,M,002008,환절기 코트,002,아우터,19,3182702,isabelmarant,이자벨마랑,버튼 프론트 코트 - 카키 / VE0057HAA1G24H67KI,https://image.msscdn.net/images/goods_img/20230327/3182702/3182702_16830815375543_500.jpg,False
2025-09,M,002008,환절기 코트,002,아우터,20,5415987,espionage,에스피오나지,British Gas Cape Coat Olive,https://image.msscdn.net/images/goods_img/20250908/5415987/5415987_17574693513544_500.jpg,False
2025-09,M,002008,환절기 코트,002,아우터,21,2991545,jacquemus,자크뮈스,라 코지 파카 - 라이트 베이지 / 226CO0081060130,https://image.msscdn.net/images/goods_img/20221221/2991545/2991545_16741016570066_500.jpg,False
2025-09,M,002008,환절기 코트,002,아우터,22,3044786,jilsander,질 샌더,샤프 개버딘 코트 - 아티초크 / JSMU105101MU202000330SS22,https://image.msscdn.net/images/goods_img/20230127/3044786/3044786_16817987759897_500.jpg,False
2025-09,M,002008,환절기 코트,002,아우터,23,4061012,studionicholson,스튜디오니콜슨,레드로 오버핏 맥 코트 - 다크 네이비 / LEDROSNM1104DKTNAVY,https://image.msscdn.net/images/goods_img/20240417/4061012/4061012_17174782035070_500.jpg,False
2025-09,M,002008,환절기 코트,002,아우터,24,4552250,nusarchive,너스,Burn Beige Coat,https://image.msscdn.net/images/goods_img/20241024/4552250/4552250_17297406714449_500.jpg,False
2025-09,M,002008,환절기 코트,002,아우터,25,2748158,coor,쿠어,발마칸 트렌치 로브 코트 (다크브라운),https://image.msscdn.net/images/goods_img/20220828/2748158/2748158_1_500.jpg,False
2025-09,M,002008,환절기 코트,002,아우터,26,4755043,afterpray12,애프터프레이,사파리 후디드 피쉬테일 코트 카키,https://image.msscdn.net/images/goods_img/20250204/4755043/4755043_17393415428786_500.jpg,False
2025-09,M,002008,환절기 코트,002,아우터,27,3347280,ami,아미,싱글 브레스티드 코트 - 네이비 블루 / HCO003WV0004491,https://image.msscdn.net/images/goods_img/20230605/3347280/3347280_16926705385812_500.jpg,False
2025-09,M,002008,환절기 코트,002,아우터,28,4552254,nusarchive,너스,Burn Black Coat,https://image.msscdn.net/images/goods_img/20241024/4552254/4552254_17297407047551_500.jpg,False
2025-09,M,002008,환절기 코트,002,아우터,29,4503379,untage,언티지,더블 브레스트 스트라이프 롱 코트(UNISEX)_UTH-FB74,https://image.msscdn.net/images/goods_img/20241010/4503379/4503379_17285410710978_500.jpg,False
2025-09,M,002008,환절기 코트,002,아우터,30,722573,coor,쿠어,울 트렌치 코트 (네이비),https://image.msscdn.net/images/goods_img/20180223/722573/722573_3_500.jpg,False
2025-09,M,002014,사파리/헌팅 재킷,002,아우터,1,4376737,wvproject,더블유브이프로젝트,더프 헤링턴 자켓 브라운 JJOT7732,https://image.msscdn.net/images/goods_img/20240827/4376737/4376737_17247559627478_500.jpg,False
2025-09,M,002014,사파리/헌팅 재킷,002,아우터,2,5441768,outstanding,아웃스탠딩,[MUT lab] MOLESKIN FRENCH WORK JACKET_WASHED BLUE,https://image.msscdn.net/images/goods_img/20250911/5441768/5441768_17708709973646_500.jpg,False
2025-09,M,002014,사파리/헌팅 재킷,002,아우터,3,3094153,espionage,에스피오나지,Hunting Blouson Jacket Olive,https://image.msscdn.net/images/goods_img/20230220/3094153/3094153_16771294572861_500.jpg,False
2025-09,M,002014,사파리/헌팅 재킷,002,아우터,4,2737014,frizmworks,프리즘웍스,VINCENT M1965 FISHTAIL PARKA 004 _ OLIVE,https://image.msscdn.net/images/goods_img/20220823/2737014/2737014_1_500.jpg,False
2025-09,M,002014,사파리/헌팅 재킷,002,아우터,5,3094151,espionage,에스피오나지,Hunting Blouson Jacket Black,https://image.msscdn.net/images/goods_img/20230220/3094151/3094151_16771293582073_500.jpg,False
2025-09,M,002014,사파리/헌팅 재킷,002,아우터,6,4376738,wvproject,더블유브이프로젝트,더프 헤링턴 자켓 블랙 JJOT7732,https://image.msscdn.net/images/goods_img/20240827/4376738/4376738_17247559681905_500.jpg,False
2025-09,M,002014,사파리/헌팅 재킷,002,아우터,7,2349901,outstanding,아웃스탠딩,CORDUROY COLLAR SHORT JACKET_OLIVE GREEN,https://image.msscdn.net/images/goods_img/20220209/2349901/2349901_17687996624748_500.jpg,False
2025-09,M,002014,사파리/헌팅 재킷,002,아우터,8,5463486,outstanding,아웃스탠딩,[MUT lab] MOLESKIN FRENCH WORK JACKET_BLACK,https://image.msscdn.net/images/goods_img/20250915/5463486/5463486_17708702966078_500.jpg,False
2025-09,M,002014,사파리/헌팅 재킷,002,아우터,9,5357169,bronson,브론슨,[Liner Set] U.S. Army M-65 Parka,https://image.msscdn.net/images/goods_img/20250825/5357169/5357169_17573013744077_500.jpg,False
2025-09,M,002014,사파리/헌팅 재킷,002,아우터,10,2737012,frizmworks,프리즘웍스,VINCENT M1965 FISHTAIL PARKA 004 _ BLACK,https://image.msscdn.net/images/goods_img/20220823/2737012/2737012_1_500.jpg,False
2025-09,M,002014,사파리/헌팅 재킷,002,아우터,11,4209316,musinsastandard,무신사 스탠다드,왁스드 CN 헌팅 재킷 [카키],https://image.msscdn.net/images/goods_img/20240620/4209316/4209316_17241405617860_500.jpg,False
2025-09,M,002014,사파리/헌팅 재킷,002,아우터,12,5463485,outstanding,아웃스탠딩,[MUT lab] MOLESKIN FRENCH WORK JACKET_D.NAVY,https://image.msscdn.net/images/goods_img/20250915/5463485/5463485_17708705281806_500.jpg,False
2025-09,M,002014,사파리/헌팅 재킷,002,아우터,13,4209318,musinsastandard,무신사 스탠다드,왁스드 CN 헌팅 재킷 [카키 베이지],https://image.msscdn.net/images/goods_img/20240620/4209318/4209318_17241404850243_500.jpg,False
2025-09,M,002014,사파리/헌팅 재킷,002,아우터,14,4736344,outstanding,아웃스탠딩,2ND POPLIN JUNGLE FATIGUE JACKET_OLIVE,https://image.msscdn.net/images/goods_img/20250122/4736344/4736344_17870178124670_500.jpg,False
2025-09,M,002014,사파리/헌팅 재킷,002,아우터,15,4729709,musinsastandard,무신사 스탠다드,캔버스 워크 재킷 [더스티 카키],https://image.msscdn.net/images/goods_img/20250120/4729709/4729709_17411629669447_500.jpg,False
2025-09,M,002014,사파리/헌팅 재킷,002,아우터,16,5258797,musinsastandard,무신사 스탠다드,[노홍철 컬래버] 럭키 가이 신세틱 레더 카코트 [블랙],https://image.msscdn.net/images/goods_img/20250721/5258797/5258797_17580650261571_500.jpg,False
2025-09,M,002014,사파리/헌팅 재킷,002,아우터,17,5299122,musinsastandard,무신사 스탠다드,백 사틴 정글 퍼티그 재킷 [카키],https://image.msscdn.net/images/goods_img/20250807/5299122/5299122_17557656306906_500.jpg,False
2025-09,M,002014,사파리/헌팅 재킷,002,아우터,18,5387029,espionage,에스피오나지,Short Hunting Jacket Taupe,https://image.msscdn.net/images/goods_img/20250902/5387029/5387029_17568895424689_500.jpg,False
2025-09,M,002014,사파리/헌팅 재킷,002,아우터,19,3406372,lmood,엘무드,체스터 헌팅 블루종 자켓 카키,https://image.msscdn.net/images/goods_img/20230712/3406372/3406372_17443376925419_500.jpg,False
2025-09,M,002014,사파리/헌팅 재킷,002,아우터,20,4770921,espionage,에스피오나지,Short Hunting Jacket Dark Grey,https://image.msscdn.net/images/goods_img/20250210/4770921/4770921_17392634959823_500.jpg,False
2025-09,M,002014,사파리/헌팅 재킷,002,아우터,21,3790843,musinsastandard,무신사 스탠다드,백 사틴 초어 재킷 [네이비],https://image.msscdn.net/images/goods_img/20240112/3790843/3790843_17128210791358_500.jpg,False
2025-09,M,002014,사파리/헌팅 재킷,002,아우터,22,4262833,outstanding,아웃스탠딩,M-65 FISHTAIL PARKA_OLIVE,https://image.msscdn.net/images/goods_img/20240719/4262833/4262833_17892995081603_500.jpg,False
2025-09,M,002014,사파리/헌팅 재킷,002,아우터,23,2737008,frizmworks,프리즘웍스,OSCAR FISHTAIL JACKET 003 _ OLIVE,https://image.msscdn.net/images/goods_img/20220823/2737008/2737008_1_500.jpg,False
2025-09,M,002014,사파리/헌팅 재킷,002,아우터,24,4209322,musinsastandard,무신사 스탠다드,CP 트윌 초어 재킷 [네이비],https://image.msscdn.net/images/goods_img/20240620/4209322/4209322_17242023394218_500.jpg,False
2025-09,M,002014,사파리/헌팅 재킷,002,아우터,25,3790844,musinsastandard,무신사 스탠다드,백 사틴 초어 재킷 [프렌치 블루],https://image.msscdn.net/images/goods_img/20240112/3790844/3790844_17113273413915_500.jpg,False
2025-09,M,002014,사파리/헌팅 재킷,002,아우터,26,4729710,musinsastandard,무신사 스탠다드,캔버스 워크 재킷 [베이지],https://image.msscdn.net/images/goods_img/20250120/4729710/4729710_17411630293475_500.jpg,False
2025-09,M,002014,사파리/헌팅 재킷,002,아우터,27,5392231,outstanding,아웃스탠딩,1ST TYPE M-65 FIELD JACKET_OLIVE,https://image.msscdn.net/images/goods_img/20250902/5392231/5392231_17870153176881_500.jpg,False
2025-09,M,002014,사파리/헌팅 재킷,002,아우터,28,3096454,frizmworks,프리즘웍스,HERITAGE HUNTING JACKET 002 _ OLIVE,https://image.msscdn.net/images/goods_img/20230221/3096454/3096454_17562766009565_500.jpg,False
2025-09,M,002014,사파리/헌팅 재킷,002,아우터,29,5211730,roughside,러프사이드,Dune Parka Bark,https://image.msscdn.net/images/goods_img/20250627/5211730/5211730_17874697301091_500.jpg,False
2025-09,M,002014,사파리/헌팅 재킷,002,아우터,30,4209315,musinsastandard,무신사 스탠다드,왁스드 CN 헌팅 재킷 [블랙],https://image.msscdn.net/images/goods_img/20240620/4209315/4209315_17241412298238_500.jpg,False
2025-09,M,002021,베스트,002,아우터,1,4644497,musinsastandardsp,무신사 스탠다드 스포츠,러닝 베스트,https://image.msscdn.net/images/goods_img/20241202/4644497/4644497_17846179657550_500.jpg,False
2025-09,M,002021,베스트,002,아우터,2,4989964,thenorthface,노스페이스,NV3NR50A 눕시 온볼 베스트_BLACK,https://image.msscdn.net/images/goods_img/20250404/4989964/4989964_17708638263347_500.jpg,False
2025-09,M,002021,베스트,002,아우터,3,3349832,partimento,파르티멘토,시어 후드 베스트 블랙,https://image.msscdn.net/images/goods_img/20230607/3349832/3349832_16862761419940_500.jpg,False
2025-09,M,002021,베스트,002,아우터,4,4709931,musinsastandard,무신사 스탠다드,시티 레저 유틸리티 피싱 베스트 [블랙],https://image.msscdn.net/images/goods_img/20250110/4709931/4709931_17419112531902_500.jpg,False
2025-09,M,002021,베스트,002,아우터,5,3851893,musinsastandard,무신사 스탠다드,시티 레저 후디드 베스트 [블랙],https://image.msscdn.net/images/goods_img/20240206/3851893/3851893_17098746779827_500.jpg,False
2025-09,M,002021,베스트,002,아우터,6,3158825,toffee,토피,하이넥 나일론 후드 집업 베스트 (BLACK),https://image.msscdn.net/images/goods_img/20230317/3158825/3158825_16794732798145_500.jpg,False
2025-09,M,002021,베스트,002,아우터,7,2325610,takeasy,테이크이지,케이블 스몰라쿠 니트 베스트(네이비),https://image.msscdn.net/images/goods_img/20220125/2325610/2325610_2_500.jpg,False
2025-09,M,002021,베스트,002,아우터,8,3296752,trillion,트릴리온,디비전 나일론 후드 집업 베스트 (BLACK),https://image.msscdn.net/images/goods_img/20230515/3296752/3296752_17171445475065_500.jpg,False
2025-09,M,002021,베스트,002,아우터,9,5201005,thenorthface,노스페이스,NA5AR80A 선라이저 런 베스트 8 BLACK,https://image.msscdn.net/images/goods_img/20250623/5201005/5201005_17506618296006_500.jpg,False
2025-09,M,002021,베스트,002,아우터,10,3863373,frizmworks,프리즘웍스,HERITAGE HUNTING VEST _ OLIVE,https://image.msscdn.net/images/goods_img/20240213/3863373/3863373_17562767144673_500.jpg,False
2025-09,M,002021,베스트,002,아우터,11,4906021,arcteryx,아크테릭스,아톰 베스트 남성 - BLACK / ATPSM09559,https://image.msscdn.net/images/goods_img/20250317/4906021/4906021_17429535388913_500.jpg,False
2025-09,M,002021,베스트,002,아우터,12,3493799,poloralphlauren,폴로 랄프 로렌,케이블 니트 코튼 스웨터 베스트 - 네이비,https://image.msscdn.net/images/goods_img/20230824/3493799/3493799_16940628044656_500.jpg,False
2025-09,M,002021,베스트,002,아우터,13,5144829,descente,데상트,경량 트레일 러닝 베스트 블랙(SQ323RBG71),https://image.msscdn.net/images/goods_img/20250526/5144829/5144829_17509040513522_500.jpg,False
2025-09,M,002021,베스트,002,아우터,14,3758338,musinsastandard,무신사 스탠다드,시티 레저 CN 멀티 포켓 베스트 [블랙],https://image.msscdn.net/images/goods_img/20231215/3758338/3758338_17098740195896_500.jpg,False
2025-09,M,002021,베스트,002,아우터,15,1305385,drawfit,드로우핏,오버핏 울 니트 베스트 [BLACK],https://image.msscdn.net/images/goods_img/20200214/1305385/1305385_16804992777098_500.jpg,False
2025-09,M,002021,베스트,002,아우터,16,4993748,signature,시그니처,리벳 후드 슬리브리스 베스트[블랙],https://image.msscdn.net/images/goods_img/20250407/4993748/4993748_17446033240714_500.jpg,False
2025-09,M,002021,베스트,002,아우터,17,5053997,lemaire,르메르,테크니컬 질레 베스트 - 블랙 / OW1116LF1371BK999,https://image.msscdn.net/images/goods_img/20250422/5053997/5053997_17466690076838_500.jpg,False
2025-09,M,002021,베스트,002,아우터,18,5010313,goyowear,고요웨어,트레일 러닝 베스트 4L (블랙),https://image.msscdn.net/images/goods_img/20250410/5010313/5010313_17446977565134_500.jpg,False
2025-09,M,002021,베스트,002,아우터,19,4744711,thenorthface,노스페이스,NV5VR02A 남성 베스티 베스트_BLACK,https://image.msscdn.net/images/goods_img/20250124/4744711/4744711_17828910959943_500.jpg,False
2025-09,M,002021,베스트,002,아우터,20,4020830,poloralphlauren,폴로 랄프 로렌,빅핏 코튼 스웨터 베스트 - 블랙,https://image.msscdn.net/images/goods_img/20240403/4020830/4020830_17135064155310_500.jpg,False
2025-09,M,002021,베스트,002,아우터,21,3550528,vdr,비디알,Railroad Denim Vest [Black],https://image.msscdn.net/images/goods_img/20230911/3550528/3550528_17780558303057_500.jpg,False
2025-09,M,002021,베스트,002,아우터,22,5415960,outstanding,아웃스탠딩,USN DECK VEST_KHAKI,https://image.msscdn.net/images/goods_img/20250908/5415960/5415960_17580849764971_500.jpg,False
2025-09,M,002021,베스트,002,아우터,23,5051265,runnix,러닉스,트레일러닝 베스트 블랙,https://image.msscdn.net/images/goods_img/20250422/5051265/5051265_17452998462994_500.png,False
2025-09,M,002021,베스트,002,아우터,24,2729754,snowpeakapparel,스노우피크 어패럴,랜드 경량 다운 베스트 (S25WMGDV60) Black,https://image.msscdn.net/images/goods_img/20220819/2729754/2729754_17870482701380_500.jpg,False
2025-09,M,002021,베스트,002,아우터,25,5079078,notonlyfortoday,낫온리포투데이,하이넥 3D 포켓 후드 베스트 [블랙],https://image.msscdn.net/images/goods_img/20250429/5079078/5079078_17784665249883_500.jpg,False
2025-09,M,002021,베스트,002,아우터,26,4323432,musinsastandard,무신사 스탠다드,시티 레저 유틸리티 패딩 베스트 [블랙],https://image.msscdn.net/images/goods_img/20240813/4323432/4323432_17273403512476_500.jpg,False
2025-09,M,002021,베스트,002,아우터,27,4314007,snowpeak,스노우피크,TAKIBI 웨더 베스트 - 블랙 / JK-24AU103BK,https://image.msscdn.net/images/goods_img/20240809/4314007/4314007_17240680129228_500.jpg,False
2025-09,M,002021,베스트,002,아우터,28,5408015,outstanding,아웃스탠딩,USN DECK VEST_NAVY,https://image.msscdn.net/images/goods_img/20250905/5408015/5408015_17580850001471_500.jpg,False
2025-09,M,002021,베스트,002,아우터,29,4020829,poloralphlauren,폴로 랄프 로렌,빅핏 코튼 스웨터 베스트 - 그레이,https://image.msscdn.net/images/goods_img/20240403/4020829/4020829_17135063807446_500.jpg,False
2025-09,M,002021,베스트,002,아우터,30,4774735,musinsastandard,무신사 스탠다드,시티 레저 메시 포켓 베스트 [블랙],https://image.msscdn.net/images/goods_img/20250211/4774735/4774735_17419201463585_500.jpg,False
2025-09,M,002012,숏패딩/헤비 아우터,002,아우터,1,4356794,musinsastandard,무신사 스탠다드,시티 레저 후디드 라이트 다운 재킷 [블랙],https://image.msscdn.net/images/goods_img/20240822/4356794/4356794_17890558965193_500.jpg,False
2025-09,M,002012,숏패딩/헤비 아우터,002,아우터,2,4356796,musinsastandard,무신사 스탠다드,시티 레저 후디드 라이트 다운 재킷 [클라우디 블루],https://image.msscdn.net/images/goods_img/20240822/4356796/4356796_17890958178016_500.jpg,False
2025-09,M,002012,숏패딩/헤비 아우터,002,아우터,3,5299767,begin202,비긴202,커브라이트 다운 점퍼 [라이트 그레이],https://image.msscdn.net/images/goods_img/20250807/5299767/5299767_17551387554338_500.jpg,False
2025-09,M,002012,숏패딩/헤비 아우터,002,아우터,4,5378491,thenorthface,노스페이스,NJ1DR72A 남성 마티에 EX 다운 후디 (RDS) BLACK,https://image.msscdn.net/images/goods_img/20250829/5378491/5378491_17827983278089_500.jpg,False
2025-09,M,002012,숏패딩/헤비 아우터,002,아우터,5,4356798,musinsastandard,무신사 스탠다드,시티 레저 후디드 라이트 다운 재킷 [카키],https://image.msscdn.net/images/goods_img/20240822/4356798/4356798_17890957744690_500.jpg,False
2025-09,M,002012,숏패딩/헤비 아우터,002,아우터,6,5360472,spao,스파오,[씬라이트] 후드 재킷_SPJPF4TC24,https://image.msscdn.net/images/goods_img/20250825/5360472/5360472_17617884957420_500.png,False
2025-09,M,002012,숏패딩/헤비 아우터,002,아우터,7,4306408,musinsastandardsp,무신사 스탠다드 스포츠,아이언 라이트 다운 자켓 (5color),https://image.msscdn.net/images/goods_img/20240807/4306408/4306408_17888533943086_500.jpg,False
2025-09,M,002012,숏패딩/헤비 아우터,002,아우터,8,5148059,musinsastandard,무신사 스탠다드,시티 레저 후디드 라이트 다운 재킷 [라이트 그레이],https://image.msscdn.net/images/goods_img/20250527/5148059/5148059_17890557888857_500.jpg,False
2025-09,M,002012,숏패딩/헤비 아우터,002,아우터,9,5148061,musinsastandard,무신사 스탠다드,시티 레저 후디드 라이트 다운 재킷 [더스티 베이지],https://image.msscdn.net/images/goods_img/20250527/5148061/5148061_17890955821538_500.jpg,False
2025-09,M,002012,숏패딩/헤비 아우터,002,아우터,10,5514397,thenorthface,노스페이스,NJ1DR96A 마테호른 다운 자켓 BLACK,https://image.msscdn.net/images/goods_img/20250923/5514397/5514397_17835658354202_500.jpg,False
2025-09,M,002012,숏패딩/헤비 아우터,002,아우터,11,5378495,thenorthface,노스페이스,NJ1DR72B 남성 마티에 EX 다운 후디 (RDS) LIGHT GRAY,https://image.msscdn.net/images/goods_img/20250829/5378495/5378495_17564425549921_500.jpg,False
2025-09,M,002012,숏패딩/헤비 아우터,002,아우터,12,4356795,musinsastandard,무신사 스탠다드,시티 레저 후디드 라이트 다운 재킷 [브라운],https://image.msscdn.net/images/goods_img/20240822/4356795/4356795_17890558590128_500.jpg,False
2025-09,M,002012,숏패딩/헤비 아우터,002,아우터,13,5299849,begin202,비긴202,커브라이트 다운 점퍼 [블랙],https://image.msscdn.net/images/goods_img/20250807/5299849/5299849_17551382954817_500.jpg,False
2025-09,M,002012,숏패딩/헤비 아우터,002,아우터,14,5215534,musinsastandard,무신사 스탠다드,시티 레저 시어 립스탑 후디드 라이트 다운 재킷 [라이트 그레이],https://image.msscdn.net/images/goods_img/20250701/5215534/5215534_17610119106335_500.jpg,False
2025-09,M,002012,숏패딩/헤비 아우터,002,아우터,15,5450108,thenorthface,노스페이스,NJ3NR55J 화이트라벨 데이드라이브 EX 온 자켓 BLACK,https://image.msscdn.net/images/goods_img/20250912/5450108/5450108_17576519536341_500.jpg,False
2025-09,M,002012,숏패딩/헤비 아우터,002,아우터,16,5301746,nautica,노티카,세일링 후디드 다운 자켓 NDW1085,https://image.msscdn.net/images/goods_img/20250807/5301746/5301746_17890859435866_500.jpg,False
2025-09,M,002012,숏패딩/헤비 아우터,002,아우터,17,5462622,rab,랩,마이크로라이트 알파인 자켓 Black,https://image.msscdn.net/images/goods_img/20250915/5462622/5462622_17706851400002_500.jpg,False
2025-09,M,002012,숏패딩/헤비 아우터,002,아우터,18,5215535,musinsastandard,무신사 스탠다드,시티 레저 시어 립스탑 후디드 라이트 다운 재킷 [클라우디 블루],https://image.msscdn.net/images/goods_img/20250701/5215535/5215535_17588541296129_500.jpg,False
2025-09,M,002012,숏패딩/헤비 아우터,002,아우터,19,2824184,eider,아이더,AIRBORNE IGLOO (에어본 이글루) UNI 다운 자켓_Light Grey,https://image.msscdn.net/images/goods_img/20220928/2824184/2824184_1_500.jpg,False
2025-09,M,002012,숏패딩/헤비 아우터,002,아우터,20,5148060,musinsastandard,무신사 스탠다드,시티 레저 후디드 라이트 다운 재킷 [그레이],https://image.msscdn.net/images/goods_img/20250527/5148060/5148060_17581835575935_500.jpg,False
2025-09,M,002012,숏패딩/헤비 아우터,002,아우터,21,5016792,musinsastandardsp,무신사 스탠다드 스포츠,탱커 라이트 벤트 패딩 자켓 (4color),https://image.msscdn.net/images/goods_img/20250411/5016792/5016792_17883313932700_500.jpg,False
2025-09,M,002012,숏패딩/헤비 아우터,002,아우터,22,5407535,thenorthface,노스페이스,NJ1DR57A 남성 루타 다운 자켓 (RDS) BLACK,https://image.msscdn.net/images/goods_img/20250905/5407535/5407535_17707877441502_500.jpg,False
2025-09,M,002012,숏패딩/헤비 아우터,002,아우터,23,5529655,thenorthface,노스페이스,NJ1DR96B 마테호른 다운 자켓 LIGHT GRAY,https://image.msscdn.net/images/goods_img/20250925/5529655/5529655_17624103292498_500.jpg,False
2025-09,M,002012,숏패딩/헤비 아우터,002,아우터,24,5148065,musinsastandard,무신사 스탠다드,시티 레저 후디드 라이트 다운 재킷 [문 블루],https://image.msscdn.net/images/goods_img/20250527/5148065/5148065_17585243005812_500.jpg,False
2025-09,M,002012,숏패딩/헤비 아우터,002,아우터,25,5383204,thenorthface,노스페이스,NJ3NR54K 화이트라벨 웨이브 LT 온 자켓 GRAY,https://image.msscdn.net/images/goods_img/20250901/5383204/5383204_17708720788127_500.jpg,False
2025-09,M,002012,숏패딩/헤비 아우터,002,아우터,26,5371309,salomon,살로몬,엑스 퓨즈 후디드 다운 자켓_LC3002000,https://image.msscdn.net/images/goods_img/20250827/5371309/5371309_17605147868091_500.png,False
2025-09,M,002012,숏패딩/헤비 아우터,002,아우터,27,5403502,umbro,엄브로,페더플렉스 경량 후드형 다운 자켓 카키(UQ321CDJ95),https://image.msscdn.net/images/goods_img/20250904/5403502/5403502_17901443741530_500.jpg,False
2025-09,M,002012,숏패딩/헤비 아우터,002,아우터,28,5215532,musinsastandard,무신사 스탠다드,시티 레저 시어 립스탑 후디드 라이트 다운 재킷 [블랙],https://image.msscdn.net/images/goods_img/20250701/5215532/5215532_17580948242906_500.jpg,False
2025-09,M,002012,숏패딩/헤비 아우터,002,아우터,29,5148063,musinsastandard,무신사 스탠다드,시티 레저 후디드 라이트 다운 재킷 [피스타치오],https://image.msscdn.net/images/goods_img/20250527/5148063/5148063_17890561712089_500.jpg,False
2025-09,M,002012,숏패딩/헤비 아우터,002,아우터,30,5378502,thenorthface,노스페이스,NJ1DR72C 남성 마티에 EX 다운 후디 (RDS) BEIGE BROWN,https://image.msscdn.net/images/goods_img/20250829/5378502/5378502_17621504615248_500.jpg,False
2025-09,M,002025,무스탕/퍼,002,아우터,1,4424968,drawfit,드로우핏,오버사이즈 라인 무스탕 자켓 [BLACK],https://image.msscdn.net/images/goods_img/20240910/4424968/4424968_17592953517737_500.jpg,False
2025-09,M,002025,무스탕/퍼,002,아우터,2,1582142,left,레프트서울,에비에이터 B-3 무스탕 자켓 [블랙],https://image.msscdn.net/images/goods_img/20200903/1582142/1582142_17888321003811_500.jpg,False
2025-09,M,002025,무스탕/퍼,002,아우터,3,3489998,romanticcrown,로맨틱크라운,바이커 무톤 자켓_블랙,https://image.msscdn.net/images/goods_img/20230823/3489998/3489998_17364757278706_500.jpg,False
2025-09,M,002025,무스탕/퍼,002,아우터,4,5365595,coor,쿠어,리버서블 페이크 시어링 베스트 (다크브라운),https://image.msscdn.net/images/goods_img/20250826/5365595/5365595_17564388606780_500.png,False
2025-09,M,002025,무스탕/퍼,002,아우터,5,4488756,uniformbridge,유니폼브릿지,B-3 mouton leather jacket black,https://image.msscdn.net/images/goods_img/20241005/4488756/4488756_17431323653735_500.jpg,False
2025-09,M,002025,무스탕/퍼,002,아우터,6,3696651,v2,브이투,70263 빈티지코팅무스탕_브라운,https://image.msscdn.net/images/goods_img/20231108/3696651/3696651_16995836179892_500.jpg,False
2025-09,M,002025,무스탕/퍼,002,아우터,7,3826284,diafvine,디아프바인,DV.LOT 693 Type B-3 -Cream-,https://image.msscdn.net/images/goods_img/20240126/3826284/3826284_17062544018973_500.jpg,False
2025-09,M,002025,무스탕/퍼,002,아우터,8,4649268,diafvine,디아프바인,DV.LOT 709 Type B-4 Sheep Shearling 18-20mm -Plain,https://image.msscdn.net/images/goods_img/20241204/4649268/4649268_17332857472438_500.jpg,False
2025-09,M,002025,무스탕/퍼,002,아우터,9,3635002,kinloch,커넥트킨록,하이넥 라인 무스탕 자켓 (4Color),https://image.msscdn.net/images/goods_img/20231017/3635002/3635002_17633603048478_500.jpg,False
2025-09,M,002025,무스탕/퍼,002,아우터,10,3490001,romanticcrown,로맨틱크라운,바이커 무톤 자켓_브라운,https://image.msscdn.net/images/goods_img/20230823/3490001/3490001_16940473585672_500.jpg,False
2025-09,M,002025,무스탕/퍼,002,아우터,11,5446711,anderssonbell,앤더슨벨,UNISEX CURVED PLACKET REVERSIBLE FAUX-FUR VEST awa723u(BLACK),https://image.msscdn.net/images/goods_img/20250911/5446711/5446711_17576432862900_500.jpg,False
2025-09,M,002025,무스탕/퍼,002,아우터,12,4424969,drawfit,드로우핏,오버사이즈 라인 무스탕 자켓 [IVORY],https://image.msscdn.net/images/goods_img/20240910/4424969/4424969_17268073356193_500.jpg,False
2025-09,M,002025,무스탕/퍼,002,아우터,13,4638415,maisonmaster,메종마스터,M 프리미엄 버팔로 무스탕 브라운,https://image.msscdn.net/images/goods_img/20241127/4638415/4638415_17333678994005_500.jpg,False
2025-09,M,002025,무스탕/퍼,002,아우터,14,3441876,left,레프트서울,에비에이터 B-3 무스탕 자켓 [말보로],https://image.msscdn.net/images/goods_img/20230802/3441876/3441876_17888337150641_500.jpg,False
2025-09,M,002025,무스탕/퍼,002,아우터,15,4380303,romanticcrown,로맨틱크라운,모터사이클 무톤 자켓_카키,https://image.msscdn.net/images/goods_img/20240828/4380303/4380303_17412409926499_500.jpg,False
2025-09,M,002025,무스탕/퍼,002,아우터,16,2985378,left,레프트서울,에비에이터 B-3 무스탕 자켓 [블랙/화이트],https://image.msscdn.net/images/goods_img/20221216/2985378/2985378_17888316910045_500.jpg,False
2025-09,M,002025,무스탕/퍼,002,아우터,17,4424970,drawfit,드로우핏,오버사이즈 스웨이드 라인 무스탕 자켓 [BLACK],https://image.msscdn.net/images/goods_img/20240910/4424970/4424970_17592954376614_500.jpg,False
2025-09,M,002025,무스탕/퍼,002,아우터,18,4437631,dimitriblack,디미트리블랙,페이드 워싱 B-3 무스탕 자켓_블랙,https://image.msscdn.net/images/goods_img/20240912/4437631/4437631_17618009093017_500.jpg,False
2025-09,M,002025,무스탕/퍼,002,아우터,19,1582120,left,레프트서울,에비에이터 B-3 무스탕 자켓 [브라운],https://image.msscdn.net/images/goods_img/20200903/1582120/1582120_17888321761223_500.jpg,False
2025-09,M,002025,무스탕/퍼,002,아우터,20,2871598,v2,브이투,70103 VEGAN LEATHER MUSTANG_BLACK,https://image.msscdn.net/images/goods_img/20221018/2871598/2871598_3_500.jpg,False
2025-09,M,002025,무스탕/퍼,002,아우터,21,4640930,not4nerd,낫포너드,Thorns Line Racing Mustang Jacket - Black,https://image.msscdn.net/images/goods_img/20241128/4640930/4640930_17339715753443_500.jpg,False
2025-09,M,002025,무스탕/퍼,002,아우터,22,4640929,not4nerd,낫포너드,Thorns Line Racing Mustang Jacket - Brown,https://image.msscdn.net/images/goods_img/20241128/4640929/4640929_17337045521583_500.jpg,False
2025-09,M,002025,무스탕/퍼,002,아우터,23,5415913,spao,스파오,[신세틱레더] 무스탕 점퍼_SPJLF4VM07,https://image.msscdn.net/images/goods_img/20250908/5415913/5415913_17582412839260_500.png,False
2025-09,M,002025,무스탕/퍼,002,아우터,24,4612443,partimento,파르티멘토,VTG 워시드 보아 플리스 무톤 자켓 블루쉬 차콜,https://image.msscdn.net/images/goods_img/20241113/4612443/4612443_17316307927157_500.jpg,False
2025-09,M,002025,무스탕/퍼,002,아우터,25,4644535,mucent,무센트,카이브 레더 와펜 무스탕 자켓 남녀공용 (2컬러),https://image.msscdn.net/images/goods_img/20241202/4644535/4644535_17634482424428_500.png,False
2025-09,M,002025,무스탕/퍼,002,아우터,26,4639264,maisonmaster,메종마스터,M 프리미엄 버팔로 무스탕 블랙,https://image.msscdn.net/images/goods_img/20241127/4639264/4639264_17527343393677_500.jpg,False
2025-09,M,002025,무스탕/퍼,002,아우터,27,2144131,coor,쿠어,램스킨 시어링 자켓 (다크브라운),https://image.msscdn.net/images/goods_img/20210924/2144131/2144131_1_500.jpg,False
2025-09,M,002025,무스탕/퍼,002,아우터,28,4639458,maisonmaster,메종마스터,M 프리미엄 메종 무스탕 블랙,https://image.msscdn.net/images/goods_img/20241127/4639458/4639458_17337927632465_500.jpg,False
2025-09,M,002025,무스탕/퍼,002,아우터,29,5506667,noise,노이즈,빈티지 워시드 시어링 무스탕 - 블랙,https://image.msscdn.net/images/goods_img/20250922/5506667/5506667_17810704420898_500.jpg,False
2025-09,M,002025,무스탕/퍼,002,아우터,30,5489640,noise,노이즈,빈티지 워시드 시어링 무스탕 - 브라운,https://image.msscdn.net/images/goods_img/20250918/5489640/5489640_17810707141806_500.jpg,False
2025-09,M,002023,플리스/뽀글이,002,아우터,1,2108160,spao,스파오,베이직 퍼플리스 집업_SPFZF4TC01,https://image.msscdn.net/images/goods_img/20210903/2108160/2108160_17605996485185_500.jpg,False
2025-09,M,002023,플리스/뽀글이,002,아우터,2,5373170,adidas,아디다스,스케이트보딩 테크니컬 플리스 재킷 - 라이트그레이 / JX5436,https://image.msscdn.net/images/goods_img/20250828/5373170/5373170_17573846736797_500.jpg,False
2025-09,M,002023,플리스/뽀글이,002,아우터,3,1567317,jeep,지프,2WAY 레트로 마운틴 1941 플리스 집업 (JR5TZU191BK),https://image.msscdn.net/images/goods_img/20200827/1567317/1567317_17871103144956_500.jpg,False
2025-09,M,002023,플리스/뽀글이,002,아우터,4,5342888,adidas,아디다스,스케이트보딩 테크니컬 플리스 재킷 - 블랙:화이트 / JX5437,https://image.msscdn.net/images/goods_img/20250820/5342888/5342888_17557583756744_500.jpg,False
2025-09,M,002023,플리스/뽀글이,002,아우터,5,5353064,patagonia,파타고니아,멘즈 클래식 레트로-X 재킷 / 23057Q7,https://image.msscdn.net/images/goods_img/20250822/5353064/5353064_17604275162285_500.jpg,False
2025-09,M,002023,플리스/뽀글이,002,아우터,6,3498228,thisisneverthat,디스이즈네버댓,SP Sherpa Fleece Jacket Brown,https://image.msscdn.net/images/goods_img/20230825/3498228/3498228_16932968688813_500.jpg,False
2025-09,M,002023,플리스/뽀글이,002,아우터,7,4447527,untapped,언탭트 스튜디오,소프트 베이직 퍼 플리스 집업 자켓 3color,https://image.msscdn.net/images/goods_img/20240920/4447527/4447527_17297527898175_500.jpg,False
2025-09,M,002023,플리스/뽀글이,002,아우터,8,5310056,zplish,지플리시,플리스 후디 집업 자켓 다크그레이,https://image.msscdn.net/images/goods_img/20250811/5310056/5310056_17881421351845_500.jpg,False
2025-09,M,002023,플리스/뽀글이,002,아우터,9,5353038,patagonia,파타고니아,멘즈 레트로 파일 재킷 / 22801Q7,https://image.msscdn.net/images/goods_img/20250822/5353038/5353038_17561016601870_500.jpg,False
2025-09,M,002023,플리스/뽀글이,002,아우터,10,5310060,zplish,지플리시,플리스 후디 집업 자켓 블랙,https://image.msscdn.net/images/goods_img/20250811/5310060/5310060_17883088344230_500.jpg,False
2025-09,M,002023,플리스/뽀글이,002,아우터,11,4432439,jeep,지프,2WAY 레트로 마운틴 1941 플리스 집업 4COLOR (JR5TZU191),https://image.msscdn.net/images/goods_img/20240911/4432439/4432439_17560810698333_500.jpg,False
2025-09,M,002023,플리스/뽀글이,002,아우터,12,5364115,patagonia,파타고니아,멘즈 레트로-X 후디 / 23125Q7,https://image.msscdn.net/images/goods_img/20250826/5364115/5364115_17561862956216_500.jpg,False
2025-09,M,002023,플리스/뽀글이,002,아우터,13,4507542,jeep,지프,2way Peak-logo 라운드넥 플리스 BLACK (JQ5TZU192BK),https://image.msscdn.net/images/goods_img/20241011/4507542/4507542_17307634527729_500.png,False
2025-09,M,002023,플리스/뽀글이,002,아우터,14,4576931,cqr,씨큐알,아웃도어 방한 그리드 플리스 자켓,https://image.msscdn.net/images/goods_img/20241031/4576931/4576931_17303385884962_500.jpg,False
2025-09,M,002023,플리스/뽀글이,002,아우터,15,4368559,musinsastandard,무신사 스탠다드,폴라 플리스 래글런 하이넥 재킷 [다크 그레이],https://image.msscdn.net/images/goods_img/20240826/4368559/4368559_17320814390926_500.jpg,False
2025-09,M,002023,플리스/뽀글이,002,아우터,16,5533877,winder,윈더,COLLAR CONTRAST FLEECE JUMPER - MELANGE GREY,https://image.msscdn.net/images/goods_img/20250926/5533877/5533877_17896189490497_500.jpg,False
2025-09,M,002023,플리스/뽀글이,002,아우터,17,5381341,frizmworks,프리즘웍스,FLEECE ZIP UP JACKET _ BLACK,https://image.msscdn.net/images/goods_img/20250830/5381341/5381341_17568036698802_500.jpg,False
2025-09,M,002023,플리스/뽀글이,002,아우터,18,1670498,jeep,지프,2WAY 레트로 마운틴 1941 플리스 집업 (JR5TZU191IV),https://image.msscdn.net/images/goods_img/20201030/1670498/1670498_17615290574286_500.jpg,False
2025-09,M,002023,플리스/뽀글이,002,아우터,19,4280313,nomanual,노매뉴얼,T.S FLEECE JACKET - BLACK,https://image.msscdn.net/images/goods_img/20240729/4280313/4280313_17231682347853_500.jpg,False
2025-09,M,002023,플리스/뽀글이,002,아우터,20,4350734,topten,탑텐,공용) 플러피플리스 집업_MSE4TC3912,https://image.msscdn.net/images/goods_img/20240821/4350734/4350734_17532551781912_500.jpg,False
2025-09,M,002023,플리스/뽀글이,002,아우터,21,4497264,suare,수아레,플리스 오버 셋업 - 4 COLOR,https://image.msscdn.net/images/goods_img/20241008/4497264/4497264_17327769040417_500.jpg,False
2025-09,M,002023,플리스/뽀글이,002,아우터,22,4368558,musinsastandard,무신사 스탠다드,폴라 플리스 래글런 하이넥 재킷 [블랙],https://image.msscdn.net/images/goods_img/20240826/4368558/4368558_17320814634533_500.jpg,False
2025-09,M,002023,플리스/뽀글이,002,아우터,23,4517380,nationalgeographic,내셔널지오그래픽,N244UFJ150 하이넥 플리스 자켓 CARBON BLACK,https://image.msscdn.net/images/goods_img/20241015/4517380/4517380_17289553151129_500.jpg,False
2025-09,M,002023,플리스/뽀글이,002,아우터,24,5408780,thenorthface,노스페이스,NJ4FR50A 남성 퍼리 플리스 자켓 BLACK,https://image.msscdn.net/images/goods_img/20250905/5408780/5408780_17827966634501_500.jpg,False
2025-09,M,002023,플리스/뽀글이,002,아우터,25,446429,quietist,콰이어티스트,보아 헤비 후드집업 파카 (블랙),https://image.msscdn.net/images/goods_img/20161114/446429/446429_5_500.jpg,False
2025-09,M,002023,플리스/뽀글이,002,아우터,26,4346766,nakedsurfclub,네이키드서프클럽,페트 리사이클 드라이코트(6colors),https://image.msscdn.net/images/goods_img/20240820/4346766/4346766_17386368222871_500.jpg,False
2025-09,M,002023,플리스/뽀글이,002,아우터,27,5533876,winder,윈더,COLLAR CONTRAST FLEECE JUMPER - NEP NAVY,https://image.msscdn.net/images/goods_img/20250926/5533876/5533876_17588231222268_500.jpg,False
2025-09,M,002023,플리스/뽀글이,002,아우터,28,1180665,musinsastandard,무신사 스탠다드,샤기 플리스 집업 재킷 [블랙],https://image.msscdn.net/images/goods_img/20191008/1180665/1180665_1_500.jpg,False
2025-09,M,002023,플리스/뽀글이,002,아우터,29,2100470,musinsastandard,무신사 스탠다드,오버사이즈 폴라 플리스 하이넥 재킷 [블랙],https://image.msscdn.net/images/goods_img/20210831/2100470/2100470_1_500.jpg,False
2025-09,M,002023,플리스/뽀글이,002,아우터,30,2279869,laugher,라퍼,CAT FLEECE JACKET - BLACK,https://image.msscdn.net/images/goods_img/20211223/2279869/2279869_2_500.jpg,False
2025-09,M,002007,겨울 싱글 코트,002,아우터,1,2098325,drawfit,드로우핏,프리미어 퓨어 캐시미어 발마칸 코트 [BLACK],https://image.msscdn.net/images/goods_img/20210830/2098325/2098325_17621500792692_500.jpg,False
2025-09,M,002007,겨울 싱글 코트,002,아우터,2,3563303,beslow,비슬로우,OVERSIZED CASHMERE BALMACAAN COAT NAVY,https://image.msscdn.net/images/goods_img/20230915/3563303/3563303_17272254920490_500.jpg,False
2025-09,M,002007,겨울 싱글 코트,002,아우터,3,2782764,beslow,비슬로우,OVERSIZED CASHMERE BALMACAAN COAT BLACK,https://image.msscdn.net/images/goods_img/20220908/2782764/2782764_17272251996978_500.jpg,False
2025-09,M,002007,겨울 싱글 코트,002,아우터,4,1684196,avan,어반드레스,유니섹스 프렌치 롱 가운 오버핏 코트 7 COLOR,https://image.msscdn.net/images/goods_img/20201110/1684196/1684196_16771165785098_500.jpg,False
2025-09,M,002007,겨울 싱글 코트,002,아우터,5,5258792,musinsastandard,무신사 스탠다드,[노홍철 컬래버] 럭키 가이 머스큘린 체스터필드 롱 코트 [블랙],https://image.msscdn.net/images/goods_img/20250721/5258792/5258792_17580095667338_500.jpg,False
2025-09,M,002007,겨울 싱글 코트,002,아우터,6,4209266,musinsastandard,무신사 스탠다드,울 블렌드 오버사이즈 머프 발마칸 코트 [블랙],https://image.msscdn.net/images/goods_img/20240620/4209266/4209266_17657748481924_500.jpg,False
2025-09,M,002007,겨울 싱글 코트,002,아우터,7,2939628,choiyoung,최영,오버사이즈 체스터 필드 코트 블랙,https://image.msscdn.net/images/goods_img/20221112/2939628/2939628_2_500.jpg,False
2025-09,M,002007,겨울 싱글 코트,002,아우터,8,4454277,coor,쿠어,캐시미어 블렌드 하이넥 코트 (신더그레이),https://image.msscdn.net/images/goods_img/20240923/4454277/4454277_17896080619990_500.jpg,False
2025-09,M,002007,겨울 싱글 코트,002,아우터,9,3481219,coor,쿠어,벨란디 캐시미어 블렌드 발마칸 코트 (블랙),https://image.msscdn.net/images/goods_img/20230821/3481219/3481219_17896080593391_500.jpg,False
2025-09,M,002007,겨울 싱글 코트,002,아우터,10,3671003,grayblvd,그레이블러밧,피엠 발마칸 코트(BLACK),https://image.msscdn.net/images/goods_img/20231031/3671003/3671003_17574807787176_500.jpg,False
2025-09,M,002007,겨울 싱글 코트,002,아우터,11,865862,musinsastandard,무신사 스탠다드,캐시미어 블렌드 오버사이즈 싱글 코트 [블랙],https://image.msscdn.net/images/goods_img/20180921/865862/865862_17657673085739_500.jpg,False
2025-09,M,002007,겨울 싱글 코트,002,아우터,12,1618313,musinsastandard,무신사 스탠다드,캐시미어 블렌드 대디 숄더 싱글 롱 코트 [블랙],https://image.msscdn.net/images/goods_img/20200923/1618313/1618313_17569514851734_500.jpg,False
2025-09,M,002007,겨울 싱글 코트,002,아우터,13,655610,drawfit,드로우핏,프리미어 퓨어 캐시미어 히든 싱글 코트 [BLACK],https://image.msscdn.net/images/goods_img/20171019/655610/655610_17621505186202_500.jpg,False
2025-09,M,002007,겨울 싱글 코트,002,아우터,14,5450932,tngt,티엔지티,Wool Blended Balmacaan Coat (Black) TNCO5F100BK,https://image.msscdn.net/images/goods_img/20250912/5450932/5450932_17582442812759_500.jpg,False
2025-09,M,002007,겨울 싱글 코트,002,아우터,15,3563309,beslow,비슬로우,OVERSIZED CASHMERE BALMACAAN COAT MELANGE DARK OLIVE,https://image.msscdn.net/images/goods_img/20230915/3563309/3563309_17272257905638_500.jpg,False
2025-09,M,002007,겨울 싱글 코트,002,아우터,16,3603814,covernat,커버낫,울 발마칸 코트 블랙,https://image.msscdn.net/images/goods_img/20231005/3603814/3603814_16964734145867_500.png,False
2025-09,M,002007,겨울 싱글 코트,002,아우터,17,2116411,musinsastandard,무신사 스탠다드,캐시미어 블렌드 오버사이즈 발마칸 코트 [블랙],https://image.msscdn.net/images/goods_img/20210908/2116411/2116411_17616270483710_500.jpg,False
2025-09,M,002007,겨울 싱글 코트,002,아우터,18,4620431,lemainsecond,리메인세컨드,울 블렌드 오버핏 베스트 코트 컬렉션_3STYLE,https://image.msscdn.net/images/goods_img/20241118/4620431/4620431_17356225195812_500.jpg,False
2025-09,M,002007,겨울 싱글 코트,002,아우터,19,3583652,coor,쿠어,오버사이즈 알파카 블렌드 더플 코트 (다크그레이멜란지),https://image.msscdn.net/images/goods_img/20230921/3583652/3583652_17271827812816_500.jpg,False
2025-09,M,002007,겨울 싱글 코트,002,아우터,20,4407148,lemainsecond,리메인세컨드,울 블렌드 오버핏 싱글 코트 [블랙],https://image.msscdn.net/images/goods_img/20240905/4407148/4407148_17573935336197_500.jpg,False
2025-09,M,002007,겨울 싱글 코트,002,아우터,21,4452226,beslow,비슬로우,CASHMERE SINGLE ROBE COAT BLACK,https://image.msscdn.net/images/goods_img/20240923/4452226/4452226_17338114920603_500.jpg,False
2025-09,M,002007,겨울 싱글 코트,002,아우터,22,3405535,musinsastandard,무신사 스탠다드,울 블렌드 빅 대디 싱글 맥시 코트 [블랙],https://image.msscdn.net/images/goods_img/20230712/3405535/3405535_16982098607707_500.jpg,False
2025-09,M,002007,겨울 싱글 코트,002,아우터,23,5489204,anderssonbell,앤더슨벨,UNISEX JAMES WOOL COAT awa731u(BLACK),https://image.msscdn.net/images/goods_img/20250918/5489204/5489204_17582645039094_500.jpg,False
2025-09,M,002007,겨울 싱글 코트,002,아우터,24,4431481,tngt,티엔지티,그레이 『Redford』 대디핏 헤링본 싱글브레스트 코트 (TNCO4F105G2),https://image.msscdn.net/images/goods_img/20240911/4431481/4431481_17260339898746_500.jpg,False
2025-09,M,002007,겨울 싱글 코트,002,아우터,25,4209274,musinsastandard,무신사 스탠다드,울 블렌드 오버사이즈 하프 발마칸 코트 [블랙],https://image.msscdn.net/images/goods_img/20240620/4209274/4209274_17325139997884_500.jpg,False
2025-09,M,002007,겨울 싱글 코트,002,아우터,26,3405547,musinsastandard,무신사 스탠다드,울 블렌드 오버사이즈 쇼트 발마칸 코트 [블랙],https://image.msscdn.net/images/goods_img/20230712/3405547/3405547_16964760456668_500.jpg,False
2025-09,M,002007,겨울 싱글 코트,002,아우터,27,4452217,beslow,비슬로우,CASHMERE SINGLE ROBE COAT BROWN,https://image.msscdn.net/images/goods_img/20240923/4452217/4452217_17338116257954_500.jpg,False
2025-09,M,002007,겨울 싱글 코트,002,아우터,28,2894762,studionicholson,스튜디오니콜슨,몬디알 울 오버 코트 - 타맥 / MONDIALSNM683TARMAC,https://image.msscdn.net/images/goods_img/20221026/2894762/2894762_1_500.jpg,False
2025-09,M,002007,겨울 싱글 코트,002,아우터,29,2782762,beslow,비슬로우,OVERSIZED CASHMERE BALMACAAN COAT MELANGE BROWN,https://image.msscdn.net/images/goods_img/20220908/2782762/2782762_17272260003757_500.jpg,False
2025-09,M,002007,겨울 싱글 코트,002,아우터,30,2818896,drawfit,드로우핏,프리미어 퓨어 캐시미어 발마칸 코트 [D.NAVY],https://image.msscdn.net/images/goods_img/20220926/2818896/2818896_17588715810171_500.jpg,False
2025-09,M,002024,겨울 더블 코트,002,아우터,1,3213771,studionicholson,스튜디오니콜슨,소프트 더블 코트 - 다크 네이비 / WILFFSNM998DARKESTNAVY,https://image.msscdn.net/images/goods_img/20230406/3213771/3213771_16856844870926_500.jpg,False
2025-09,M,002024,겨울 더블 코트,002,아우터,2,885715,drawfit,드로우핏,프리미어 퓨어 캐시미어 로브 더블 코트 [BLACK],https://image.msscdn.net/images/goods_img/20181019/885715/885715_17588736968691_500.jpg,False
2025-09,M,002024,겨울 더블 코트,002,아우터,3,3747741,gucci,구찌,로고 라벨 더블 브레스티드 울 코트 - 네이비 / 761734Z582J4080,https://image.msscdn.net/images/goods_img/20231207/3747741/3747741_17049568773608_500.jpg,False
2025-09,M,002024,겨울 더블 코트,002,아우터,4,4247977,brooksbrothers,브룩스 브라더스,울 헤링본 폴로 코트 (네이비) (BBCDMM1470QDW),https://image.msscdn.net/images/goods_img/20240712/4247977/4247977_17207731136596_500.jpg,False
2025-09,M,002024,겨울 더블 코트,002,아우터,5,3563284,beslow,비슬로우,OVERSIZED CASHMERE DOUBLE BREASTED COAT BLACK,https://image.msscdn.net/images/goods_img/20230915/3563284/3563284_17282608161391_500.jpg,False
2025-09,M,002024,겨울 더블 코트,002,아우터,6,4452604,beslow,비슬로우,OVERSIZED CASHMERE DOUBLE BREASTED COAT MELANGE CHARCOAL,https://image.msscdn.net/images/goods_img/20240923/4452604/4452604_17270718393888_500.jpg,False
2025-09,M,002024,겨울 더블 코트,002,아우터,7,1115974,insilence,인사일런스,캐시미어 더블 롱 코트 BLACK,https://image.msscdn.net/images/goods_img/20190812/1115974/1115974_17586915131267_500.jpg,False
2025-09,M,002024,겨울 더블 코트,002,아우터,8,1575552,coor,쿠어,MTR 오버핏 피코트 (다크네이비),https://image.msscdn.net/images/goods_img/20200901/1575552/1575552_1_500.jpg,False
2025-09,M,002024,겨울 더블 코트,002,아우터,9,4412855,ilcorso,일꼬르소,[캐시미어 블렌드] 대디 피크드 더블 코트 블랙 IECO4F002BK,https://image.msscdn.net/images/goods_img/20240905/4412855/4412855_17659511474920_500.jpg,False
2025-09,M,002024,겨울 더블 코트,002,아우터,10,2991563,ami,아미,더블 페이스 코트 - 블랙 / UCO002251001,https://image.msscdn.net/images/goods_img/20221221/2991563/2991563_16741008287270_500.jpg,False
2025-09,M,002024,겨울 더블 코트,002,아우터,11,3405537,musinsastandard,무신사 스탠다드,울 블렌드 빅 대디 더블 맥시 코트 [블랙],https://image.msscdn.net/images/goods_img/20230712/3405537/3405537_17364970341314_500.jpg,False
2025-09,M,002024,겨울 더블 코트,002,아우터,12,2116421,musinsastandard,무신사 스탠다드,MANTECO 헤링본 대디 숄더 더블 롱 코트 [다크 그레이],https://image.msscdn.net/images/goods_img/20210908/2116421/2116421_17138672163311_500.jpg,False
2025-09,M,002024,겨울 더블 코트,002,아우터,13,3615387,sortie,솔티,Bonheur Wool Polo Coat (Khaki),https://image.msscdn.net/images/goods_img/20231010/3615387/3615387_16980497255860_500.jpg,False
2025-09,M,002024,겨울 더블 코트,002,아우터,14,5450946,tngt,티엔지티,Pin-stripe Tailored Double-breasted Coat (Gray) TNCO5F102G2,https://image.msscdn.net/images/goods_img/20250912/5450946/5450946_17582433073070_500.jpg,False
2025-09,M,002024,겨울 더블 코트,002,아우터,15,1618208,musinsastandard,무신사 스탠다드,캐시미어 블렌드 대디 숄더 더블 롱 코트 [탠 브라운],https://image.msscdn.net/images/goods_img/20200923/1618208/1618208_1_500.jpg,False
2025-09,M,002024,겨울 더블 코트,002,아우터,16,4477374,marithefrancoisgirbaud,마리떼 프랑소와 저버,M OFFICER COAT dark brown,https://image.msscdn.net/images/goods_img/20240930/4477374/4477374_17294953395840_500.jpg,False
2025-09,M,002024,겨울 더블 코트,002,아우터,17,5493450,belier,벨리에,네스트 체스터필드 코트 - 차콜 스트라이프,https://image.msscdn.net/images/goods_img/20250919/5493450/5493450_17592082156231_500.jpg,False
2025-09,M,002024,겨울 더블 코트,002,아우터,18,1618207,musinsastandard,무신사 스탠다드,캐시미어 블렌드 대디 숄더 더블 롱 코트 [블랙],https://image.msscdn.net/images/goods_img/20200923/1618207/1618207_17659591931858_500.jpg,False
2025-09,M,002024,겨울 더블 코트,002,아우터,19,4454285,coor,쿠어,오버사이즈 알파카 블렌드 더플 코트 (다크브라운멜란지),https://image.msscdn.net/images/goods_img/20240923/4454285/4454285_17271826765299_500.jpg,False
2025-09,M,002024,겨울 더블 코트,002,아우터,20,4502352,kiimuir,키뮤어,[WOOL 80] 울리치 더블 피코트_블랙,https://image.msscdn.net/images/goods_img/20241010/4502352/4502352_17295181753471_500.jpg,False
2025-09,M,002024,겨울 더블 코트,002,아우터,21,3614220,drawfit,드로우핏,프리미어 울 맥시 더블 체스터 코트 [BLACK],https://image.msscdn.net/images/goods_img/20231010/3614220/3614220_17588650023777_500.jpg,False
2025-09,M,002024,겨울 더블 코트,002,아우터,22,2085823,drawfit,드로우핏,프리미어 퓨어 캐시미어 로브 더블 코트 [CHESTNUT BROWN],https://image.msscdn.net/images/goods_img/20210825/2085823/2085823_17588739997509_500.jpg,False
2025-09,M,002024,겨울 더블 코트,002,아우터,23,4407440,lemainsecond,리메인세컨드,울 블렌드 오버핏 더블 코트 [블랙],https://image.msscdn.net/images/goods_img/20240905/4407440/4407440_17580709942394_500.jpg,False
2025-09,M,002024,겨울 더블 코트,002,아우터,24,3688760,blackpp,블랙피피,BLACK PP OG Pea Coat,https://image.msscdn.net/images/goods_img/20231106/3688760/3688760_16992658826557_500.jpg,False
2025-09,M,002024,겨울 더블 코트,002,아우터,25,4396332,vdr,비디알,VIRGIN WOOL NAVY SOFT COAT [Black Night],https://image.msscdn.net/images/goods_img/20240903/4396332/4396332_17253302976738_500.jpg,False
2025-09,M,002024,겨울 더블 코트,002,아우터,26,1635199,musinsastandard,무신사 스탠다드,캐시미어 20 오버사이즈 더블 코트 [블랙],https://image.msscdn.net/images/goods_img/20201006/1635199/1635199_17137722539173_500.jpg,False
2025-09,M,002024,겨울 더블 코트,002,아우터,27,4502355,kiimuir,키뮤어,[WOOL 80] 울리치 더블 피코트_네이비,https://image.msscdn.net/images/goods_img/20241010/4502355/4502355_17295817800805_500.jpg,False
2025-09,M,002024,겨울 더블 코트,002,아우터,28,4431547,tngt,티엔지티,차콜그레이 오버핏 캐시미어 더블브레스트 코트 (TNCO4F103CG),https://image.msscdn.net/images/goods_img/20240911/4431547/4431547_17260343013844_500.jpg,False
2025-09,M,002024,겨울 더블 코트,002,아우터,29,3588573,brooksbrothers,브룩스 브라더스,울 체크 배색 더플코트 (다크베이지) (BBCDMF58760DW),https://image.msscdn.net/images/goods_img/20230922/3588573/3588573_17828862370372_500.jpg,False
2025-09,M,002024,겨울 더블 코트,002,아우터,30,3591832,drawfit,드로우핏,프리미어 퓨어 캐시미어 로브 더블 코트 [BEIGE],https://image.msscdn.net/images/goods_img/20230925/3591832/3591832_16970092796318_500.jpg,False
2025-09,M,002009,겨울 기타 코트,002,아우터,1,3241992,loewe,로에베,워크웨어 리버시블 재킷 - 블랙:세이지 / H526Y03W658728,https://image.msscdn.net/images/goods_img/20230418/3241992/3241992_16868811739221_500.jpg,False
2025-09,M,002009,겨울 기타 코트,002,아우터,2,2863075,trillion,트릴리온,유니섹스 발마칸 더플 숏 코트 (BLACK),https://image.msscdn.net/images/goods_img/20221014/2863075/2863075_1_500.jpg,False
2025-09,M,002009,겨울 기타 코트,002,아우터,3,2866837,goodlifeworks,굿라이프웍스,오버핏 더플 코트 네이비,https://image.msscdn.net/images/goods_img/20221017/2866837/2866837_2_500.jpg,False
2025-09,M,002009,겨울 기타 코트,002,아우터,4,3603818,covernat,커버낫,울 더플 코트 차콜,https://image.msscdn.net/images/goods_img/20231005/3603818/3603818_16964733895118_500.png,False
2025-09,M,002009,겨울 기타 코트,002,아우터,5,4451828,beslow,비슬로우,OVERSIZED PEA COAT BLACK,https://image.msscdn.net/images/goods_img/20240923/4451828/4451828_17270640240026_500.jpg,False
2025-09,M,002009,겨울 기타 코트,002,아우터,6,2238440,partimento,파르티멘토,오버사이즈 멜톤 더플 롱 코트 네이비,https://image.msscdn.net/images/goods_img/20211117/2238440/2238440_1_500.jpg,False
2025-09,M,002009,겨울 기타 코트,002,아우터,7,3603817,covernat,커버낫,울 더플 코트 네이비,https://image.msscdn.net/images/goods_img/20231005/3603817/3603817_16964733971272_500.png,False
2025-09,M,002009,겨울 기타 코트,002,아우터,8,5348295,belier,벨리에,맥시 멜톤 울 발마칸 코트 - 차콜 그레이,https://image.msscdn.net/images/goods_img/20250821/5348295/5348295_17629206983559_500.jpg,False
2025-09,M,002009,겨울 기타 코트,002,아우터,9,3579060,horlisun,홀리선,Winterport Wool Coat Dark Brown,https://image.msscdn.net/images/goods_img/20230920/3579060/3579060_17585874722861_500.jpg,False
2025-09,M,002009,겨울 기타 코트,002,아우터,10,4481657,horlisun,홀리선,Longgrove Wool Hood Half Coat Melange Beige,https://image.msscdn.net/images/goods_img/20241002/4481657/4481657_17585979851426_500.jpg,False
2025-09,M,002009,겨울 기타 코트,002,아우터,11,3833112,mhlbymargarethowell,마가렛 호웰,울 멜톤 후드 코트 - 블랙 / MHOU0122A23HNFBLK,https://image.msscdn.net/images/goods_img/20240130/3833112/3833112_17083235991623_500.jpg,False
2025-09,M,002009,겨울 기타 코트,002,아우터,12,4452118,beslow,비슬로우,OVERSIZED DUFFLE COAT BLACK,https://image.msscdn.net/images/goods_img/20240923/4452118/4452118_17270679175195_500.jpg,False
2025-09,M,002009,겨울 기타 코트,002,아우터,13,5461208,afterpray12,애프터프레이,맥시 트렌치 코트 차콜,https://image.msscdn.net/images/goods_img/20250915/5461208/5461208_17582473435291_500.jpg,False
2025-09,M,002009,겨울 기타 코트,002,아우터,14,4511827,danswer,디앤에스알,코듀로이 워크 코트 브라운,https://image.msscdn.net/images/goods_img/20241014/4511827/4511827_17288694793288_500.jpg,False
2025-09,M,002009,겨울 기타 코트,002,아우터,15,4528008,brownyard,브라운야드,"더플 코트, 블랙",https://image.msscdn.net/images/goods_img/20241017/4528008/4528008_17291449622706_500.jpg,False
2025-09,M,002009,겨울 기타 코트,002,아우터,16,4431475,tngt,티엔지티,브라운 『Redford』 대디핏 헤링본 싱글브레스트 코트 (TNCO4F105W2),https://image.msscdn.net/images/goods_img/20240911/4431475/4431475_17358896955474_500.jpg,False
2025-09,M,002009,겨울 기타 코트,002,아우터,17,4452094,beslow,비슬로우,OVERSIZED DUFFLE COAT DARK OLIVE,https://image.msscdn.net/images/goods_img/20240923/4452094/4452094_17270678505129_500.jpg,False
2025-09,M,002009,겨울 기타 코트,002,아우터,18,3405546,musinsastandard,무신사 스탠다드,울 블렌드 오버사이즈 발마칸 더플 코트 [네이비],https://image.msscdn.net/images/goods_img/20230712/3405546/3405546_16971656291211_500.jpg,False
2025-09,M,002009,겨울 기타 코트,002,아우터,19,4407566,lemainsecond,리메인세컨드,울 블렌드 오버핏 발마칸 코트 [블랙],https://image.msscdn.net/images/goods_img/20240905/4407566/4407566_17609349341809_500.jpg,False
2025-09,M,002009,겨울 기타 코트,002,아우터,20,4419284,studionicholson,스튜디오니콜슨,드라이브 모던 카 코트 - 블랙그레이프 / DRIVESNM1034BLACKGRAPE,https://image.msscdn.net/images/goods_img/20240909/4419284/4419284_17276595067218_500.jpg,False
2025-09,M,002009,겨울 기타 코트,002,아우터,21,4313832,westgrandblvd,웨스트 그랜드 블러바드,하버 발마칸 펠티드 울 숏 코트 BLACK,https://image.msscdn.net/images/goods_img/20240809/4313832/4313832_17256045739902_500.jpg,False
2025-09,M,002009,겨울 기타 코트,002,아우터,22,4344223,yale,예일,울 블렌디드 숏 더플 코트_블랙,https://image.msscdn.net/images/goods_img/20240819/4344223/4344223_17325034994536_500.jpg,False
2025-09,M,002009,겨울 기타 코트,002,아우터,23,2873618,zizemuseum,지제뮤지엄,HALF HOOD COAT (KHAKI),https://image.msscdn.net/images/goods_img/20221018/2873618/2873618_17042495453638_500.jpg,False
2025-09,M,002009,겨울 기타 코트,002,아우터,24,4431462,tngt,티엔지티,베이지 오버핏 캐시미어 3버튼 테일러드 코트 (TNCO4F101I2),https://image.msscdn.net/images/goods_img/20240911/4431462/4431462_17358920169238_500.jpg,False
2025-09,M,002009,겨울 기타 코트,002,아우터,25,3603820,covernat,커버낫,울 더플 코트 베이지,https://image.msscdn.net/images/goods_img/20231005/3603820/3603820_16964733812275_500.png,False
2025-09,M,002009,겨울 기타 코트,002,아우터,26,5114565,thecanni,카니,얼스터 피코트 블랙,https://image.msscdn.net/images/goods_img/20250515/5114565/5114565_17646533066552_500.jpg,False
2025-09,M,002009,겨울 기타 코트,002,아우터,27,3661104,londontradition,런던트레디션,Mens Erica Duffle Coat - Mushroom 174,https://image.msscdn.net/images/goods_img/20231026/3661104/3661104_16982962410116_500.jpg,False
2025-09,M,002009,겨울 기타 코트,002,아우터,28,4321623,begin202,비긴202,더블 페이스 핸드쏘운 하프 코트 [다크 네이비],https://image.msscdn.net/images/goods_img/20240812/4321623/4321623_17234473046988_500.jpg,False
2025-09,M,002009,겨울 기타 코트,002,아우터,29,4321650,begin202,비긴202,더블 페이스 핸드쏘운 하프 코트 [멜란지 그레이],https://image.msscdn.net/images/goods_img/20240812/4321650/4321650_17234475439446_500.jpg,False
2025-09,M,002009,겨울 기타 코트,002,아우터,30,5496779,51percent,51퍼센트,Oversized single hoodie coat - black,https://image.msscdn.net/images/goods_img/20250919/5496779/5496779_17582636725301_500.jpg,False
2025-09,M,002013,롱패딩/헤비 아우터,002,아우터,1,4504369,discoveryexpedition,디스커버리 익스페디션,남성 베른 구스다운 롱패딩 (BLACK),https://image.msscdn.net/images/goods_img/20241010/4504369/4504369_17307054905899_500.jpg,False
2025-09,M,002013,롱패딩/헤비 아우터,002,아우터,2,4477474,nationalgeographic,내셔널지오그래픽,N244UDW860 카이만 프로 롱기장 구스 다운 점퍼 CARBON BLACK,https://image.msscdn.net/images/goods_img/20240930/4477474/4477474_17276893068534_500.jpg,False
2025-09,M,002013,롱패딩/헤비 아우터,002,아우터,3,4495052,sierradesigns,시에라디자인,하프돔(HALFDOME) 경량 구스다운 후드자켓 LIGHT GREY,https://image.msscdn.net/images/goods_img/20241008/4495052/4495052_17884960908487_500.jpg,False
2025-09,M,002013,롱패딩/헤비 아우터,002,아우터,4,3600909,discoveryexpedition,디스커버리 익스페디션,남성 고쉬 구스다운 롱패딩 (BLACK),https://image.msscdn.net/images/goods_img/20231004/3600909/3600909_17290631503389_500.jpg,False
2025-09,M,002013,롱패딩/헤비 아우터,002,아우터,5,3730296,nepa,네파,7JF2022 공용 사이폰 다운 자켓 (3color),https://image.msscdn.net/images/goods_img/20231123/3730296/3730296_17455467048688_500.jpg,False
2025-09,M,002013,롱패딩/헤비 아우터,002,아우터,6,5290730,eider,아이더,POP 벤치 UNI 다운 자켓_Black,https://image.msscdn.net/images/goods_img/20250804/5290730/5290730_17542912101545_500.jpg,False
2025-09,M,002013,롱패딩/헤비 아우터,002,아우터,7,4522547,columbia,컬럼비아,공용 마운틴 후드 롱 다운 자켓 C54YM3479010,https://image.msscdn.net/images/goods_img/20241016/4522547/4522547_17290471385663_500.jpg,False
2025-09,M,002013,롱패딩/헤비 아우터,002,아우터,8,4470056,suare,수아레,서스테인 발마칸 패딩 코트 - 2 COLOR,https://image.msscdn.net/images/goods_img/20240927/4470056/4470056_17593708342462_500.jpg,False
2025-09,M,002013,롱패딩/헤비 아우터,002,아우터,9,4504371,discoveryexpedition,디스커버리 익스페디션,남성 베른 구스다운 롱패딩 (D/GREY),https://image.msscdn.net/images/goods_img/20241010/4504371/4504371_17338206907731_500.jpg,False
2025-09,M,002013,롱패딩/헤비 아우터,002,아우터,10,4469334,covernat,커버낫,24FW RDS 씨빅 롱 다운 블랙,https://image.msscdn.net/images/goods_img/20240926/4469334/4469334_17321676769014_500.jpg,False
2025-09,M,002013,롱패딩/헤비 아우터,002,아우터,11,2900572,fifaolp,피파 1904,스위퍼 노 퀼팅 벤치다운 블랙(FF24DJ11U_160),https://image.msscdn.net/images/goods_img/20221027/2900572/2900572_17023687769360_500.jpg,False
2025-09,M,002013,롱패딩/헤비 아우터,002,아우터,12,4643400,thenorthface,노스페이스,NC1DQ70B 남성 아스펜 테크 RDS 다운 코트_DARK GRAY,https://image.msscdn.net/images/goods_img/20241129/4643400/4643400_17328602065159_500.jpg,False
2025-09,M,002013,롱패딩/헤비 아우터,002,아우터,13,3633667,covernat,커버낫,RDS 몬스터 다운 파카 블랙,https://image.msscdn.net/images/goods_img/20231017/3633667/3633667_16988053588210_500.png,False
2025-09,M,002013,롱패딩/헤비 아우터,002,아우터,14,2222924,musinsastandard,무신사 스탠다드,롱 다운 벤치 파카 [블랙],https://image.msscdn.net/images/goods_img/20211109/2222924/2222924_17649252759332_500.jpg,False
2025-09,M,002013,롱패딩/헤비 아우터,002,아우터,15,1195438,musinsastandard,무신사 스탠다드,실버 폭스 롱 다운 파카 [블랙],https://image.msscdn.net/images/goods_img/20191021/1195438/1195438_17139446238982_500.jpg,False
2025-09,M,002013,롱패딩/헤비 아우터,002,아우터,16,3574917,nationalgeographic,내셔널지오그래픽,N234UDW860 카이만 프로 롱기장 구스 다운 점퍼 L BEIGE,https://image.msscdn.net/images/goods_img/20230919/3574917/3574917_16998524744686_500.jpg,False
2025-09,M,002013,롱패딩/헤비 아우터,002,아우터,17,3176745,mooseknuckles,무스너클,노스트랜드 롱 패딩 - 화이트 / M32MP226981,https://image.msscdn.net/images/goods_img/20230324/3176745/3176745_16898323192035_500.jpg,False
2025-09,M,002013,롱패딩/헤비 아우터,002,아우터,18,1647181,maisonmined,메종미네드,BLACK DOUBLE LONG GOOSE DOWN,https://image.msscdn.net/images/goods_img/20201014/1647181/1647181_2_500.jpg,False
2025-09,M,002013,롱패딩/헤비 아우터,002,아우터,19,5511372,discoveryexpedition,디스커버리 익스페디션,레스터G RDS 구스다운 롱패딩 (BLACK),https://image.msscdn.net/images/goods_img/20250923/5511372/5511372_17586746085896_500.jpg,False
2025-09,M,002013,롱패딩/헤비 아우터,002,아우터,20,3597791,dynafit,다이나핏,BREAKER (브레이커) 코트 다운_Black,https://image.msscdn.net/images/goods_img/20230927/3597791/3597791_16957773067242_500.jpg,False
2025-09,M,002013,롱패딩/헤비 아우터,002,아우터,21,3574920,nationalgeographic,내셔널지오그래픽,N234UDW860 카이만 프로 롱기장 구스 다운 점퍼 O WHITE,https://image.msscdn.net/images/goods_img/20230919/3574920/3574920_16998524206870_500.jpg,False
2025-09,M,002013,롱패딩/헤비 아우터,002,아우터,22,4595892,borntowin,본투윈,BIG SYMBOL BENCH PARKA [BLACK],https://image.msscdn.net/images/goods_img/20241107/4595892/4595892_17314633938371_500.jpg,False
2025-09,M,002013,롱패딩/헤비 아우터,002,아우터,23,4397922,toffee,토피,오버핏 클래식 롱 파카 (BLACK),https://image.msscdn.net/images/goods_img/20240903/4397922/4397922_17253529158742_500.jpg,False
2025-09,M,002013,롱패딩/헤비 아우터,002,아우터,24,5441369,nau,나우,어센틱 야상 다운 코트 Black,https://image.msscdn.net/images/goods_img/20250911/5441369/5441369_17897180493685_500.png,False
2025-09,M,002013,롱패딩/헤비 아우터,002,아우터,25,3203394,tenc,텐씨,OJJ 피쉬테일 롱 파카 - 카키 / 13CTCUK04030659,https://image.msscdn.net/images/goods_img/20230404/3203394/3203394_16862174684864_500.jpg,False
2025-09,M,002013,롱패딩/헤비 아우터,002,아우터,26,3542933,frizmworks,프리즘웍스,HEAVY NYLON M65 FISHTAIL PARKA _ BLACK,https://image.msscdn.net/images/goods_img/20230907/3542933/3542933_16947077620047_500.jpg,False
2025-09,M,002013,롱패딩/헤비 아우터,002,아우터,27,3574914,nationalgeographic,내셔널지오그래픽,N234UDW860 카이만 프로 롱기장 구스 다운 점퍼 MC GREY,https://image.msscdn.net/images/goods_img/20230919/3574914/3574914_17060846456026_500.jpg,False
2025-09,M,002013,롱패딩/헤비 아우터,002,아우터,28,4586472,maisonkitsune,메종 키츠네,푸퍼 코트 롱 패딩 - 네이비 / NM02207WQ4031P480,https://image.msscdn.net/images/goods_img/20241104/4586472/4586472_17313834841794_500.jpg,False
2025-09,M,002013,롱패딩/헤비 아우터,002,아우터,29,4647847,thenorthface,노스페이스,NC1DQ55A 남성 슈퍼플렉스 RDS 다운 코트_BLACK,https://image.msscdn.net/images/goods_img/20241203/4647847/4647847_17332083009740_500.jpg,False
2025-09,M,002013,롱패딩/헤비 아우터,002,아우터,30,3701799,duvetica,듀베티카,메그레즈 G(고어윈드스토퍼)(블랙)(남성 점퍼),https://image.msscdn.net/images/goods_img/20231109/3701799/3701799_17002041436102_500.jpg,False
2025-09,M,002016,패딩 베스트,002,아우터,1,3515669,nationalgeographic,내셔널지오그래픽,N234UPV910 오스쿠디 퀼팅 리버시블 U넥 베스트 BEIGE,https://image.msscdn.net/images/goods_img/20230830/3515669/3515669_16933980710115_500.jpg,False
2025-09,M,002016,패딩 베스트,002,아우터,2,5357339,thenorthface,노스페이스,NV3NR50B 눕시 온볼 베스트 REAL BLACK,https://image.msscdn.net/images/goods_img/20250825/5357339/5357339_17560868459904_500.jpg,False
2025-09,M,002016,패딩 베스트,002,아우터,3,4410189,lemainsecond,리메인세컨드,2WAY 오버핏 볼륨 웰론 푸퍼 패딩 베스트 [블랙],https://image.msscdn.net/images/goods_img/20240905/4410189/4410189_17611098548841_500.jpg,False
2025-09,M,002016,패딩 베스트,002,아우터,4,4887876,moncler,몽클레어,구이 베스트 패딩 - 나이트 블루 / K10911A1070053029776,https://image.msscdn.net/images/goods_img/20250312/4887876/4887876_17428707390070_500.jpg,False
2025-09,M,002016,패딩 베스트,002,아우터,5,3515667,nationalgeographic,내셔널지오그래픽,N234UPV910 오스쿠디 퀼팅 리버시블 U넥 베스트 CARBON BLACK,https://image.msscdn.net/images/goods_img/20230830/3515667/3515667_16933979699532_500.jpg,False
2025-09,M,002016,패딩 베스트,002,아우터,6,3515671,nationalgeographic,내셔널지오그래픽,N234UPV910 오스쿠디 퀼팅 리버시블 U넥 베스트 KHAKI,https://image.msscdn.net/images/goods_img/20230830/3515671/3515671_16933981272896_500.jpg,False
2025-09,M,002016,패딩 베스트,002,아우터,7,4323433,musinsastandard,무신사 스탠다드,시티 레저 유틸리티 패딩 베스트 [그레이],https://image.msscdn.net/images/goods_img/20240813/4323433/4323433_17273403404746_500.jpg,False
2025-09,M,002016,패딩 베스트,002,아우터,8,5373158,thenorthface,노스페이스,NV3NR53A 남성 퍼피 온 EX 베스트 BLACK,https://image.msscdn.net/images/goods_img/20250828/5373158/5373158_17715559684144_500.jpg,False
2025-09,M,002016,패딩 베스트,002,아우터,9,4772392,arcteryx,아크테릭스,세륨 베스트 남성 - BLACK / ATPSM07455,https://image.msscdn.net/images/goods_img/20250210/4772392/4772392_17397754840827_500.jpg,False
2025-09,M,002016,패딩 베스트,002,아우터,10,5215541,musinsastandard,무신사 스탠다드,시티 레저 시어 립스탑 하이넥 라이트 다운 베스트 [브라운],https://image.msscdn.net/images/goods_img/20250701/5215541/5215541_17574075511412_500.jpg,False
2025-09,M,002016,패딩 베스트,002,아우터,11,5215529,musinsastandard,무신사 스탠다드,시티 레저 후디드 라이트 다운 베스트 [블랙],https://image.msscdn.net/images/goods_img/20250701/5215529/5215529_17580887143593_500.jpg,False
2025-09,M,002016,패딩 베스트,002,아우터,12,3766816,tolance,토런스,컴포트 필드 경량 점퍼,https://image.msscdn.net/images/goods_img/20231226/3766816/3766816_17641418333689_500.jpg,False
2025-09,M,002016,패딩 베스트,002,아우터,13,4397047,frizmworks,프리즘웍스,KARAKORAM DOWN VEST _ ORANGE,https://image.msscdn.net/images/goods_img/20240903/4397047/4397047_17253822647593_500.jpg,False
2025-09,M,002016,패딩 베스트,002,아우터,14,4477232,matinkim,마뗑킴,BIG LOGO POINT DOWN VEST FOR MEN IN SILVER,https://image.msscdn.net/images/goods_img/20240930/4477232/4477232_17276797473059_500.jpg,False
2025-09,M,002016,패딩 베스트,002,아우터,15,5303643,henrycottons,헨리코튼,[British Sporting Club] Quilting Down Vest ABVAW25701PPX,https://image.msscdn.net/images/goods_img/20250808/5303643/5303643_17546173284469_500.jpg,False
2025-09,M,002016,패딩 베스트,002,아우터,16,4595886,borntowin,본투윈,SYMBOL B PUFFER DOWN VEST [BLACK],https://image.msscdn.net/images/goods_img/20241107/4595886/4595886_17314634050771_500.jpg,False
2025-09,M,002016,패딩 베스트,002,아우터,17,3667963,minimalproject,미니멀프로젝트,MNMP 하이넥 패딩 베스트 MVT102 / 4COLOR,https://image.msscdn.net/images/goods_img/20231030/3667963/3667963_17606004212693_500.jpg,False
2025-09,M,002016,패딩 베스트,002,아우터,18,2889247,studionicholson,스튜디오니콜슨,퍼퍼 패딩 베스트 - 다크 스톤 / CASSSNW1037DARKSTONE,https://image.msscdn.net/images/goods_img/20221025/2889247/2889247_1_500.jpg,False
2025-09,M,002016,패딩 베스트,002,아우터,19,3588935,malen,말렌,유니섹스 구스다운 패딩 베스트 블랙,https://image.msscdn.net/images/goods_img/20230922/3588935/3588935_16977120858376_500.jpg,False
2025-09,M,002016,패딩 베스트,002,아우터,20,4297636,musinsastandard,무신사 스탠다드,데일리 푸퍼 패딩 베스트 [블랙],https://image.msscdn.net/images/goods_img/20240805/4297636/4297636_17649029228262_500.jpg,False
2025-09,M,002016,패딩 베스트,002,아우터,21,3378526,musinsastandard,무신사 스탠다드,시티 레저 다운 패딩 베스트 [블랙],https://image.msscdn.net/images/goods_img/20230622/3378526/3378526_17133382296821_500.jpg,False
2025-09,M,002016,패딩 베스트,002,아우터,22,4513296,ami,아미,하트 로고 베스트 패딩 - 다크 커피 / HJK703PA0009221,https://image.msscdn.net/images/goods_img/20241014/4513296/4513296_17302695042856_500.jpg,False
2025-09,M,002016,패딩 베스트,002,아우터,23,4397044,frizmworks,프리즘웍스,KARAKORAM DOWN VEST _ BLACK,https://image.msscdn.net/images/goods_img/20240903/4397044/4397044_17253823244761_500.jpg,False
2025-09,M,002016,패딩 베스트,002,아우터,24,5214304,spao,스파오,베이직 패쪼_SPJVF4TC11,https://image.msscdn.net/images/goods_img/20250630/5214304/5214304_17621323718971_500.png,False
2025-09,M,002016,패딩 베스트,002,아우터,25,2820356,lettercomo,레테르코모,아워 인피니엄 패딩베스트 블랙,https://image.msscdn.net/images/goods_img/20220926/2820356/2820356_1_500.jpg,False
2025-09,M,002016,패딩 베스트,002,아우터,26,5248921,musinsastandard,무신사 스탠다드,시티 레저 스티치 브이 넥 패디드 베스트 [라이트 카키],https://image.msscdn.net/images/goods_img/20250715/5248921/5248921_17573769072401_500.jpg,False
2025-09,M,002016,패딩 베스트,002,아우터,27,5248920,musinsastandard,무신사 스탠다드,시티 레저 스티치 브이 넥 패디드 베스트 [다크 그레이],https://image.msscdn.net/images/goods_img/20250715/5248920/5248920_17573769192836_500.jpg,False
2025-09,M,002016,패딩 베스트,002,아우터,28,5299743,begin202,비긴202,네스트 라인 패딩 베스트 [블랙],https://image.msscdn.net/images/goods_img/20250807/5299743/5299743_17551652860789_500.jpg,False
2025-09,M,002016,패딩 베스트,002,아우터,29,3861033,canadagoose,캐나다구스,가르송 패딩 베스트 - 밀리터리 그린 / 4151M11162,https://image.msscdn.net/images/goods_img/20240213/3861033/3861033_17097936400538_500.jpg,False
2025-09,M,002016,패딩 베스트,002,아우터,30,3549019,lmc,엘엠씨,OG GLOSSY PUFFER DUCK DOWN VEST black,https://image.msscdn.net/images/goods_img/20230911/3549019/3549019_17315464382002_500.jpg,False
2025-09,M,002015,기타 아우터,002,아우터,1,5367599,arcteryx,아크테릭스,감마 MX 후디 남성 - BLACK / AJPFM08485,https://image.msscdn.net/images/goods_img/20250827/5367599/5367599_17573791513151_500.jpg,False
2025-09,M,002015,기타 아우터,002,아우터,2,5367607,arcteryx,아크테릭스,스쿼미시 후디 남성 - BLACK / AJPFM07411,https://image.msscdn.net/images/goods_img/20250827/5367607/5367607_17573793104179_500.jpg,False
2025-09,M,002015,기타 아우터,002,아우터,3,5367614,arcteryx,아크테릭스,아톰 SV 후디 남성 - BLACK / AJPFM09902,https://image.msscdn.net/images/goods_img/20250827/5367614/5367614_17573795222252_500.jpg,False
2025-09,M,002015,기타 아우터,002,아우터,4,5367608,arcteryx,아크테릭스,스쿼미시 후디 남성 - BLACK SAPPHIRE / AJPFM07411,https://image.msscdn.net/images/goods_img/20250827/5367608/5367608_17573793348815_500.jpg,False
2025-09,M,002015,기타 아우터,002,아우터,5,4440721,poloralphlauren,폴로 랄프 로렌,코튼 트윌 재킷-네이비,https://image.msscdn.net/images/goods_img/20240913/4440721/4440721_17292160301994_500.jpg,False
2025-09,M,002015,기타 아우터,002,아우터,6,5331649,divein,다이브인,WASHED VERN WORKER JACKET (BLACK),https://image.msscdn.net/images/goods_img/20250818/5331649/5331649_17610224956980_500.jpg,False
2025-09,M,002015,기타 아우터,002,아우터,7,4811740,unionblue,유니온블루,REVERSIBLE LINER JACKET [BLACK/KHAKI],https://image.msscdn.net/images/goods_img/20250220/4811740/4811740_17586905117097_500.jpg,False
2025-09,M,002015,기타 아우터,002,아우터,8,5360731,salomon,살로몬,모디세이 패딩 자켓_LC2992100,https://image.msscdn.net/images/goods_img/20250825/5360731/5360731_17899800512692_500.jpg,False
2025-09,M,002015,기타 아우터,002,아우터,9,2837405,matinkim,마뗑킴,MATIN KIM LOGO COATING JUMPER,https://image.msscdn.net/images/goods_img/20221004/2837405/2837405_1_500.jpg,False
2025-09,M,002015,기타 아우터,002,아우터,10,5445109,unionblue,유니온블루,HERRINGBONE REVERSIBLE LINER JACKET [GRAPHITE/GRAY],https://image.msscdn.net/images/goods_img/20250911/5445109/5445109_17591313331542_500.jpg,False
2025-09,M,002015,기타 아우터,002,아우터,11,3481679,salomon,살로몬,모디세이 패딩 자켓_LC2992100,https://image.msscdn.net/images/goods_img/20230821/3481679/3481679_17569757995405_500.png,False
2025-09,M,002015,기타 아우터,002,아우터,12,5367606,arcteryx,아크테릭스,스쿼미시 후디 남성 - ARCTIC SILK / AJPFM07411,https://image.msscdn.net/images/goods_img/20250827/5367606/5367606_17573792854016_500.jpg,False
2025-09,M,002015,기타 아우터,002,아우터,13,3493776,poloralphlauren,폴로 랄프 로렌,코튼 트윌 치노 재킷 - 베이지,https://image.msscdn.net/images/goods_img/20230824/3493776/3493776_16940558616592_500.jpg,False
2025-09,M,002015,기타 아우터,002,아우터,14,4439851,dickies,디키즈,트윌 워크 재킷 Khaki,https://image.msscdn.net/images/goods_img/20240913/4439851/4439851_17325800749993_500.jpg,False
2025-09,M,002015,기타 아우터,002,아우터,15,4915934,poloralphlauren,폴로 랄프 로렌,[WORKWEAR CAPSULE] 캔버스 보머 재킷-브라운,https://image.msscdn.net/images/goods_img/20250319/4915934/4915934_17443364280889_500.jpg,False
2025-09,M,002015,기타 아우터,002,아우터,16,4439849,dickies,디키즈,트윌 워크 재킷 Black,https://image.msscdn.net/images/goods_img/20240913/4439849/4439849_17325800650698_500.jpg,False
2025-09,M,002015,기타 아우터,002,아우터,17,4794628,arcteryx,아크테릭스,베타 AR 자켓 남성 - BLACK / AJPSM07082,https://image.msscdn.net/images/goods_img/20250217/4794628/4794628_17404592954302_500.jpg,False
2025-09,M,002015,기타 아우터,002,아우터,18,5367609,arcteryx,아크테릭스,스쿼미시 후디 남성 - FORAGE / AJPFM07411,https://image.msscdn.net/images/goods_img/20250827/5367609/5367609_17573793583287_500.jpg,False
2025-09,M,002015,기타 아우터,002,아우터,19,5367617,arcteryx,아크테릭스,아톰 SV 후디 남성 - SOLITUDE / AJPFM09902,https://image.msscdn.net/images/goods_img/20250827/5367617/5367617_17573795760128_500.jpg,False
2025-09,M,002015,기타 아우터,002,아우터,20,5367619,arcteryx,아크테릭스,토륨 후디 남성 - BLACK / AJPFM10543,https://image.msscdn.net/images/goods_img/20250827/5367619/5367619_17573796274886_500.jpg,False
2025-09,M,002015,기타 아우터,002,아우터,21,4506435,lemontstmichel,르몽생미셸,(M)Genuine Lmsm Work Jacket_Blue,https://image.msscdn.net/images/goods_img/20241011/4506435/4506435_17294736198014_500.jpg,False
2025-09,M,002015,기타 아우터,002,아우터,22,5364800,adidas,아디다스,오버사이즈 와플 니트 트랙탑  - 알루미나 / KC2618,https://image.msscdn.net/images/goods_img/20250826/5364800/5364800_17562568309087_500.jpg,False
2025-09,M,002015,기타 아우터,002,아우터,23,5364802,adidas,아디다스,오버사이즈 와플 니트 트랙탑  - 블랙 / KC2619,https://image.msscdn.net/images/goods_img/20250826/5364802/5364802_17562568593395_500.jpg,False
2025-09,M,002015,기타 아우터,002,아우터,24,5317257,dickies,디키즈,트러커 오버핏 자켓 Black,https://image.msscdn.net/images/goods_img/20250813/5317257/5317257_17557325880624_500.jpg,False
2025-09,M,002015,기타 아우터,002,아우터,25,1620288,poloralphlauren,폴로 랄프 로렌,바이스윙 윈드브레이커 - 베이지,https://image.msscdn.net/images/goods_img/20200923/1620288/1620288_2_500.jpg,False
2025-09,M,002015,기타 아우터,002,아우터,26,5403193,adidas,아디다스,니트 트랙탑 - 원더알루미나 / KC2618,https://image.msscdn.net/images/goods_img/20250904/5403193/5403193_17569778952082_500.jpg,False
2025-09,M,002015,기타 아우터,002,아우터,27,5360727,salomon,살로몬,모디세이 패딩 자켓_LC2992400,https://image.msscdn.net/images/goods_img/20250825/5360727/5360727_17568112701904_500.jpg,False
2025-09,M,002015,기타 아우터,002,아우터,28,4752270,patagonia,파타고니아,멘즈 토렌트쉘 3L 레인 재킷 / 85241Q5,https://image.msscdn.net/images/goods_img/20250203/4752270/4752270_17580017903080_500.jpg,False
2025-09,M,002015,기타 아우터,002,아우터,29,5381374,arcteryx,아크테릭스,[SS25] 베타 SL 재킷 남성,https://image.msscdn.net/images/goods_img/20250830/5381374/5381374_17565370372062_500.jpg,False
2025-09,M,002015,기타 아우터,002,아우터,30,3471497,frizmworks,프리즘웍스,CORDUROY BUDDY HARRINGTON JACKET _ BROWN,https://image.msscdn.net/images/goods_img/20230817/3471497/3471497_16927568210912_500.jpg,False
2025-09,M,003,바지,,,1,1149329,musinsastandard,무신사 스탠다드,세미 와이드 히든 밴딩 슬랙스 [블랙],https://image.msscdn.net/images/goods_img/20190910/1149329/1149329_17775152531848_500.jpg,False
2025-09,M,003,바지,,,2,3791988,filluminate,필루미네이트,데미지 워시드 데님 팬츠-미디엄 블루,https://image.msscdn.net/images/goods_img/20240112/3791988/3791988_17894491801613_500.jpg,False
2025-09,M,003,바지,,,3,4993414,signature,시그니처,와이드 커브드 다트 코튼 팬츠[베이지],https://image.msscdn.net/images/goods_img/20250407/4993414/4993414_17883391236407_500.jpg,False
2025-09,M,003,바지,,,4,1168922,musinsastandard,무신사 스탠다드,리얼 와이드 히든 밴딩 슬랙스 [블랙],https://image.msscdn.net/images/goods_img/20190927/1168922/1168922_17784624760417_500.jpg,False
2025-09,M,003,바지,,,5,1168906,musinsastandard,무신사 스탠다드,와이드 히든 밴딩 슬랙스 [블랙],https://image.msscdn.net/images/goods_img/20190927/1168906/1168906_17224121763738_500.jpg,False
2025-09,M,003,바지,,,6,1551840,xero,제로,Deep One Tuck Sweat Pants [Grey],https://image.msscdn.net/images/goods_img/20200818/1551840/1551840_1_500.jpg,False
2025-09,M,003,바지,,,7,1844582,brenson,브렌슨,(Renew Ver.) 원턱 와이드 스웨트 팬츠 ( 7Color ) ( 기모선택 ),https://image.msscdn.net/images/goods_img/20210315/1844582/1844582_17774456564921_500.jpg,False
2025-09,M,003,바지,,,8,3674341,boundary,바운더리,투턱 와이드 롱 스웨트 팬츠 [블랙],https://image.msscdn.net/images/goods_img/20231101/3674341/3674341_17042599581270_500.jpg,False
2025-09,M,003,바지,,,9,750908,wholovesart,후러브스아트,유니섹스 세미 와이드 밴딩 슬랙스 블랙,https://image.msscdn.net/images/goods_img/20180406/750908/750908_17736379434172_500.jpg,False
2025-09,M,003,바지,,,10,3663072,toffee,토피,모어 와이드 데님 팬츠 (WASHED RAW BLACK),https://image.msscdn.net/images/goods_img/20231027/3663072/3663072_16988871011427_500.jpg,False
2025-09,M,003,바지,,,11,2578996,signature,시그니처,더블턱 와이드 슬랙스[블랙],https://image.msscdn.net/images/goods_img/20220524/2578996/2578996_17870331293023_500.jpg,False
2025-09,M,003,바지,,,12,4993411,signature,시그니처,와이드 커브드 다트 코튼 팬츠[블랙],https://image.msscdn.net/images/goods_img/20250407/4993411/4993411_17853022954116_500.jpg,False
2025-09,M,003,바지,,,13,1551839,xero,제로,Deep One Tuck Sweat Pants [Black],https://image.msscdn.net/images/goods_img/20200818/1551839/1551839_1_500.jpg,False
2025-09,M,003,바지,,,14,5275962,drawfit,드로우핏,[패션플래닛X드로우핏] 세미 와이드 치노 팬츠 [6color],https://image.msscdn.net/images/goods_img/20250728/5275962/5275962_17564335392185_500.jpg,False
2025-09,M,003,바지,,,15,4757347,untapped,언탭트 스튜디오,빈티지 프론트 워싱 와이드 벌룬 데님 팬츠 3Color,https://image.msscdn.net/images/goods_img/20250204/4757347/4757347_17389245694198_500.jpg,False
2025-09,M,003,바지,,,16,1627892,musinsastandard,무신사 스탠다드,레플리카 퍼티그 팬츠 [카키],https://image.msscdn.net/images/goods_img/20200928/1627892/1627892_17827088773028_500.jpg,False
2025-09,M,003,바지,,,17,1926034,xero,제로,Deep One Tuck Sweat Shorts [Black],https://image.msscdn.net/images/goods_img/20210428/1926034/1926034_1_500.jpg,False
2025-09,M,003,바지,,,18,1926048,xero,제로,Deep One Tuck Sweat Shorts [Grey],https://image.msscdn.net/images/goods_img/20210428/1926048/1926048_1_500.jpg,False
2025-09,M,003,바지,,,19,2112061,gakka2,가까이 유니언즈,[여름 or 기모 or 사계절 원단 선택] 원턱 와이드 스웨트팬츠 블랙,https://image.msscdn.net/images/goods_img/20210906/2112061/2112061_17459952841713_500.jpg,False
2025-09,M,003,바지,,,20,2611226,musinsastandard,무신사 스탠다드,레플리카 퍼티그 팬츠 [세이지 그린],https://image.msscdn.net/images/goods_img/20220613/2611226/2611226_17827086766776_500.jpg,False
2025-09,M,003,바지,,,21,4274049,lemainsecond,리메인세컨드,빈티지 캣워싱 와이드 데님 팬츠 [옐로우 워싱],https://image.msscdn.net/images/prd_img/20240725/4274049/detail_4274049_17757836079460_500.jpg,False
2025-09,M,003,바지,,,22,5066602,decet,데케트,[올시즌]Relaxed Wide Denim Jeans DCPT064,https://image.msscdn.net/images/goods_img/20250425/5066602/5066602_17756144796489_500.jpg,False
2025-09,M,003,바지,,,23,4747231,leire,르아르,에브리데이 커브드 데님 팬츠 [블랙],https://image.msscdn.net/images/goods_img/20250130/4747231/4747231_17745029104425_500.jpg,False
2025-09,M,003,바지,,,24,2112059,gakka2,가까이 유니언즈,[여름 or 기모 or 사계절 원단 선택] 원턱 와이드 스웨트팬츠 그레이,https://image.msscdn.net/images/goods_img/20210906/2112059/2112059_17473624399256_500.jpg,False
2025-09,M,003,바지,,,25,4441725,divein,다이브인,VERN CARGO PANTS V2 (4 COLOR),https://image.msscdn.net/images/goods_img/20240917/4441725/4441725_17769091775185_500.jpg,False
2025-09,M,003,바지,,,26,3404705,musinsastandard,무신사 스탠다드,시티 레저 CN 와이드 벨티드 파라슈트 팬츠 [블랙],https://image.msscdn.net/images/goods_img/20230712/3404705/3404705_17134029927665_500.jpg,False
2025-09,M,003,바지,,,27,1735427,selfesteem,에스이에스티,[2PACK] 와이드핏 트레이닝 스웨트 팬츠 - 6Color,https://image.msscdn.net/images/goods_img/20210104/1735427/1735427_17646558259203_500.jpg,False
2025-09,M,003,바지,,,28,3037465,dimitriblack,디미트리블랙,VLAD 워터프루프 와이드 카고 팬츠_블랙,https://image.msscdn.net/images/goods_img/20230125/3037465/3037465_17727796661503_500.jpg,False
2025-09,M,003,바지,,,29,241111,uniformbridge,유니폼브릿지,cotton fatigue pants regular fit beige,https://image.msscdn.net/images/goods_img/20150826/241111/241111_17772739092913_500.jpg,False
2025-09,M,003,바지,,,30,5310984,dimitriblack,디미트리블랙,어드저스트 투턱 와이드 슬랙스_스트라이프 차콜,https://image.msscdn.net/images/goods_img/20250811/5310984/5310984_17551515636020_500.jpg,False
2025-09,M,003002,데님 팬츠,003,바지,1,3791988,filluminate,필루미네이트,데미지 워시드 데님 팬츠-미디엄 블루,https://image.msscdn.net/images/goods_img/20240112/3791988/3791988_17894491801613_500.jpg,False
2025-09,M,003002,데님 팬츠,003,바지,2,3663072,toffee,토피,모어 와이드 데님 팬츠 (WASHED RAW BLACK),https://image.msscdn.net/images/goods_img/20231027/3663072/3663072_16988871011427_500.jpg,False
2025-09,M,003002,데님 팬츠,003,바지,3,4757347,untapped,언탭트 스튜디오,빈티지 프론트 워싱 와이드 벌룬 데님 팬츠 3Color,https://image.msscdn.net/images/goods_img/20250204/4757347/4757347_17389245694198_500.jpg,False
2025-09,M,003002,데님 팬츠,003,바지,4,4274049,lemainsecond,리메인세컨드,빈티지 캣워싱 와이드 데님 팬츠 [옐로우 워싱],https://image.msscdn.net/images/prd_img/20240725/4274049/detail_4274049_17757836079460_500.jpg,False
2025-09,M,003002,데님 팬츠,003,바지,5,5066602,decet,데케트,[올시즌]Relaxed Wide Denim Jeans DCPT064,https://image.msscdn.net/images/goods_img/20250425/5066602/5066602_17756144796489_500.jpg,False
2025-09,M,003002,데님 팬츠,003,바지,6,4747231,leire,르아르,에브리데이 커브드 데님 팬츠 [블랙],https://image.msscdn.net/images/goods_img/20250130/4747231/4747231_17745029104425_500.jpg,False
2025-09,M,003002,데님 팬츠,003,바지,7,3046300,outstanding,아웃스탠딩,30S CINCH BACK SELVEDGE WIDE PANTS_INDIGO,https://image.msscdn.net/images/goods_img/20230130/3046300/3046300_17682655726680_500.jpg,False
2025-09,M,003002,데님 팬츠,003,바지,8,5311382,untapped,언탭트 스튜디오,워시드 오버 와이드 코튼 데님팬츠 3Color,https://image.msscdn.net/images/goods_img/20250812/5311382/5311382_17549965010305_500.jpg,False
2025-09,M,003002,데님 팬츠,003,바지,9,4782512,9999archive,9999아카이브,Linking Wide Denim Pants,https://image.msscdn.net/images/goods_img/20250212/4782512/4782512_17398703766040_500.jpg,False
2025-09,M,003002,데님 팬츠,003,바지,10,4164429,untapped,언탭트 스튜디오,빈티지 프론트 워싱 와이드 청바지 데님 팬츠,https://image.msscdn.net/images/goods_img/20240529/4164429/4164429_17201609421486_500.jpg,False
2025-09,M,003002,데님 팬츠,003,바지,11,2092852,goodlifeworks,굿라이프웍스,이지 와이드 데님 팬츠 그레이,https://image.msscdn.net/images/goods_img/20210826/2092852/2092852_17086532214128_500.jpg,False
2025-09,M,003002,데님 팬츠,003,바지,12,3046316,outstanding,아웃스탠딩,[MUT lab] 40S SELVEDGE STRAIGHT PANTS_INDIGO,https://image.msscdn.net/images/goods_img/20230130/3046316/3046316_17682656713319_500.jpg,False
2025-09,M,003002,데님 팬츠,003,바지,13,4358823,branded,브랜디드,1792 OLD SOUL JEANS [WIDE STRAIGHT],https://image.msscdn.net/images/goods_img/20240822/4358823/4358823_17817666197789_500.jpg,False
2025-09,M,003002,데님 팬츠,003,바지,14,3794791,ourdayz,아워데이즈,웨이비 커브드 와이드 데님 팬츠 [BLUE],https://image.msscdn.net/images/goods_img/20240115/3794791/3794791_17900634212592_500.jpg,False
2025-09,M,003002,데님 팬츠,003,바지,15,3791990,filluminate,필루미네이트,데미지 워시드 데님 팬츠-블랙,https://image.msscdn.net/images/goods_img/20240112/3791990/3791990_17894492105263_500.jpg,False
2025-09,M,003002,데님 팬츠,003,바지,16,5092112,grailz,그레일즈,[GRAILZ X KOIN SEOUL] CARPENTER RAW DENIM PANTS [INDIGO],https://image.msscdn.net/images/goods_img/20250507/5092112/5092112_17466845824585_500.jpg,False
2025-09,M,003002,데님 팬츠,003,바지,17,4149670,toffee,토피,SL01 섬머 데님 와이드 팬츠 (FADE LIGHT BLUE),https://image.msscdn.net/images/goods_img/20240523/4149670/4149670_17164526388049_500.jpg,False
2025-09,M,003002,데님 팬츠,003,바지,18,4225253,musinsastandard,무신사 스탠다드,플레어 데님 팬츠 [블랙],https://image.msscdn.net/images/goods_img/20240701/4225253/4225253_17569513691239_500.jpg,False
2025-09,M,003002,데님 팬츠,003,바지,19,5301341,seez,시즈,[데일리룸 X 시즈] 벌룬 레그 밀 데님 카고 팬츠 [인디고],https://image.msscdn.net/images/goods_img/20250807/5301341/5301341_17556640448489_500.jpg,False
2025-09,M,003002,데님 팬츠,003,바지,20,4360670,retrieverclub,리트리버클럽,LIL RABBIT DENIM [INDIGO BLACK],https://image.msscdn.net/images/goods_img/20240822/4360670/4360670_17352652730555_500.jpg,False
2025-09,M,003002,데님 팬츠,003,바지,21,3794792,ourdayz,아워데이즈,웨이비 커브드 와이드 데님 팬츠 [BLACK],https://image.msscdn.net/images/goods_img/20240115/3794792/3794792_17900634017266_500.jpg,False
2025-09,M,003002,데님 팬츠,003,바지,22,2711142,trillion,트릴리온,바이오스톤 워싱 와이드 데님 팬츠 (CREAM),https://image.msscdn.net/images/goods_img/20220810/2711142/2711142_1_500.jpg,False
2025-09,M,003002,데님 팬츠,003,바지,23,3575430,avan,어반드레스,Side Big Cargo Pants CAMO,https://image.msscdn.net/images/goods_img/20230919/3575430/3575430_17421696736376_500.jpg,False
2025-09,M,003002,데님 팬츠,003,바지,24,4747233,leire,르아르,에브리데이 커브드 데님 팬츠 [브라운],https://image.msscdn.net/images/goods_img/20250130/4747233/4747233_17575537474321_500.jpg,False
2025-09,M,003002,데님 팬츠,003,바지,25,4747232,leire,르아르,에브리데이 커브드 데님 팬츠 [차콜],https://image.msscdn.net/images/goods_img/20250130/4747232/4747232_17715681450831_500.jpg,False
2025-09,M,003002,데님 팬츠,003,바지,26,4674672,ertr,이알티알,Essential Relaxed Raw Denim Pants (Indigo),https://image.msscdn.net/images/goods_img/20241219/4674672/4674672_17537575671311_500.png,False
2025-09,M,003002,데님 팬츠,003,바지,27,1322222,musinsastandard,무신사 스탠다드,레귤러 핏 데님 팬츠 [크림],https://image.msscdn.net/images/goods_img/20200225/1322222/1322222_17623225976100_500.jpg,False
2025-09,M,003002,데님 팬츠,003,바지,28,3856803,untapped,언탭트 스튜디오,바이오 워싱 와이드 청바지 데님 팬츠 6 COLOR,https://image.msscdn.net/images/goods_img/20240207/3856803/3856803_17183574955551_500.jpg,False
2025-09,M,003002,데님 팬츠,003,바지,29,4304154,aakam,아캄,Leather Patch Denim Pants (Black),https://image.msscdn.net/images/goods_img/20240807/4304154/4304154_17243269764126_500.jpg,False
2025-09,M,003002,데님 팬츠,003,바지,30,1552753,branded,브랜디드,1967 JET BLACK JEANS [WIDE STRAIGHT],https://image.msscdn.net/images/goods_img/20200818/1552753/1552753_17817658780276_500.jpg,False
2025-09,M,003004,트레이닝/조거 팬츠,003,바지,1,1551840,xero,제로,Deep One Tuck Sweat Pants [Grey],https://image.msscdn.net/images/goods_img/20200818/1551840/1551840_1_500.jpg,False
2025-09,M,003004,트레이닝/조거 팬츠,003,바지,2,1844582,brenson,브렌슨,(Renew Ver.) 원턱 와이드 스웨트 팬츠 ( 7Color ) ( 기모선택 ),https://image.msscdn.net/images/goods_img/20210315/1844582/1844582_17774456564921_500.jpg,False
2025-09,M,003004,트레이닝/조거 팬츠,003,바지,3,3674341,boundary,바운더리,투턱 와이드 롱 스웨트 팬츠 [블랙],https://image.msscdn.net/images/goods_img/20231101/3674341/3674341_17042599581270_500.jpg,False
2025-09,M,003004,트레이닝/조거 팬츠,003,바지,4,1551839,xero,제로,Deep One Tuck Sweat Pants [Black],https://image.msscdn.net/images/goods_img/20200818/1551839/1551839_1_500.jpg,False
2025-09,M,003004,트레이닝/조거 팬츠,003,바지,5,2112061,gakka2,가까이 유니언즈,[여름 or 기모 or 사계절 원단 선택] 원턱 와이드 스웨트팬츠 블랙,https://image.msscdn.net/images/goods_img/20210906/2112061/2112061_17459952841713_500.jpg,False
2025-09,M,003004,트레이닝/조거 팬츠,003,바지,6,2112059,gakka2,가까이 유니언즈,[여름 or 기모 or 사계절 원단 선택] 원턱 와이드 스웨트팬츠 그레이,https://image.msscdn.net/images/goods_img/20210906/2112059/2112059_17473624399256_500.jpg,False
2025-09,M,003004,트레이닝/조거 팬츠,003,바지,7,1735427,selfesteem,에스이에스티,[2PACK] 와이드핏 트레이닝 스웨트 팬츠 - 6Color,https://image.msscdn.net/images/goods_img/20210104/1735427/1735427_17646558259203_500.jpg,False
2025-09,M,003004,트레이닝/조거 팬츠,003,바지,8,3037465,dimitriblack,디미트리블랙,VLAD 워터프루프 와이드 카고 팬츠_블랙,https://image.msscdn.net/images/goods_img/20230125/3037465/3037465_17727796661503_500.jpg,False
2025-09,M,003004,트레이닝/조거 팬츠,003,바지,9,3238724,leathery,레더리,파라슈트 와이드 카고 팬츠 [4COLOR],https://image.msscdn.net/images/goods_img/20230417/3238724/3238724_17875353244658_500.jpg,False
2025-09,M,003004,트레이닝/조거 팬츠,003,바지,10,3674342,boundary,바운더리,투턱 와이드 롱 스웨트 팬츠 [그레이],https://image.msscdn.net/images/goods_img/20231101/3674342/3674342_17044188945397_500.jpg,False
2025-09,M,003004,트레이닝/조거 팬츠,003,바지,11,3439140,toffee,토피,파이핑 라인 트랙 스트링 팬츠 (BLACK),https://image.msscdn.net/images/goods_img/20230801/3439140/3439140_17821119476674_500.png,False
2025-09,M,003004,트레이닝/조거 팬츠,003,바지,12,4787238,signature,시그니처,더블턱 와이드 트레이닝 팬츠[2COLORS],https://image.msscdn.net/images/goods_img/20250213/4787238/4787238_17872918377778_500.jpg,False
2025-09,M,003004,트레이닝/조거 팬츠,003,바지,13,2744549,anolorcode,어널러코드,사계절 쓰리턱 트레이닝팬츠 (2color),https://image.msscdn.net/images/goods_img/20220825/2744549/2744549_17848712083816_500.jpg,False
2025-09,M,003004,트레이닝/조거 팬츠,003,바지,14,4057732,lemainsecond,리메인세컨드,원턱 와이드 스웨트 팬츠 [그레이],https://image.msscdn.net/images/goods_img/20240416/4057732/4057732_17817553079562_500.jpg,False
2025-09,M,003004,트레이닝/조거 팬츠,003,바지,15,4258826,buttonseoul,버튼서울,베이직 라인 나일론 스트링 팬츠 (블랙),https://image.msscdn.net/images/goods_img/20240718/4258826/4258826_17246350067348_500.png,False
2025-09,M,003004,트레이닝/조거 팬츠,003,바지,16,3404707,musinsastandard,무신사 스탠다드,시티 레저 와이드 벨티드 카고 팬츠 [블랙],https://image.msscdn.net/images/goods_img/20230712/3404707/3404707_17134032325426_500.jpg,False
2025-09,M,003004,트레이닝/조거 팬츠,003,바지,17,4556449,scallywag,스켈리웩,벌룬핏 스웨트 팬츠[라이트그레이],https://image.msscdn.net/images/goods_img/20241024/4556449/4556449_17891087880393_500.jpg,False
2025-09,M,003004,트레이닝/조거 팬츠,003,바지,18,3792018,filluminate,필루미네이트,나일론 투 턱 테이핑 팬츠-블랙,https://image.msscdn.net/images/goods_img/20240112/3792018/3792018_17894495787885_500.jpg,False
2025-09,M,003004,트레이닝/조거 팬츠,003,바지,19,3467384,againstallodds,에이지오디,와이드 빅포켓 코튼 카고 밴딩 팬츠 [카키],https://image.msscdn.net/images/goods_img/20230816/3467384/3467384_17895319440164_500.jpg,False
2025-09,M,003004,트레이닝/조거 팬츠,003,바지,20,3852647,hadex,에이치덱스,자이언트핏 매쉬 와이드 팬츠,https://image.msscdn.net/images/goods_img/20240207/3852647/3852647_17295679070332_500.jpg,False
2025-09,M,003004,트레이닝/조거 팬츠,003,바지,21,3528681,not4nerd,낫포너드,Parachute Nylon Cargo Pants - Khaki,https://image.msscdn.net/images/goods_img/20230905/3528681/3528681_16970733558885_500.jpg,False
2025-09,M,003004,트레이닝/조거 팬츠,003,바지,22,2513018,afresh,어프레쉬,[기모버전 추가] 에어스트레치 조거팬츠_블랙 트레이닝,https://image.msscdn.net/images/goods_img/20220425/2513018/2513018_17858061457763_500.jpg,False
2025-09,M,003004,트레이닝/조거 팬츠,003,바지,23,5367961,dimitriblack,디미트리블랙,VLAD 원턱 커브드 트랙 스웻 팬츠_피그먼트 차콜,https://image.msscdn.net/images/goods_img/20250827/5367961/5367961_17564338248285_500.jpg,False
2025-09,M,003004,트레이닝/조거 팬츠,003,바지,24,4556447,scallywag,스켈리웩,벌룬핏 스웨트 팬츠[블랙],https://image.msscdn.net/images/goods_img/20241024/4556447/4556447_17890205647368_500.jpg,False
2025-09,M,003004,트레이닝/조거 팬츠,003,바지,25,5308541,ghostrepublic,고스트리퍼블릭,커브드 사이드 핀턱 벌룬 스웨트팬츠 GLP-650_그레이,https://image.msscdn.net/images/goods_img/20250811/5308541/5308541_17560977545600_500.jpg,False
2025-09,M,003004,트레이닝/조거 팬츠,003,바지,26,5306789,scallywag,스켈리웩,88 크로스 백 패치 스웨트 팬츠[그레이],https://image.msscdn.net/images/goods_img/20250808/5306789/5306789_17872035459299_500.jpg,False
2025-09,M,003004,트레이닝/조거 팬츠,003,바지,27,4556448,scallywag,스켈리웩,벌룬핏 스웨트 팬츠[브라운],https://image.msscdn.net/images/goods_img/20241024/4556448/4556448_17891088294272_500.jpg,False
2025-09,M,003004,트레이닝/조거 팬츠,003,바지,28,3983035,urbanage1,어반에이지,Waterproof 원턱 카고 파라슈트 와이드 팬츠_블랙,https://image.msscdn.net/images/goods_img/20240322/3983035/3983035_17340528122971_500.jpg,False
2025-09,M,003004,트레이닝/조거 팬츠,003,바지,29,5308542,ghostrepublic,고스트리퍼블릭,커브드 사이드 핀턱 벌룬 스웨트팬츠 GLP-650_블랙,https://image.msscdn.net/images/goods_img/20250811/5308542/5308542_17560976834295_500.jpg,False
2025-09,M,003004,트레이닝/조거 팬츠,003,바지,30,1370101,not4nerd,낫포너드,Wide String Cargo Slacks Pants - Black,https://image.msscdn.net/images/goods_img/20200326/1370101/1370101_17502941583404_500.jpg,False
2025-09,M,003007,코튼 팬츠,003,바지,1,4993414,signature,시그니처,와이드 커브드 다트 코튼 팬츠[베이지],https://image.msscdn.net/images/goods_img/20250407/4993414/4993414_17883391236407_500.jpg,False
2025-09,M,003007,코튼 팬츠,003,바지,2,4993411,signature,시그니처,와이드 커브드 다트 코튼 팬츠[블랙],https://image.msscdn.net/images/goods_img/20250407/4993411/4993411_17853022954116_500.jpg,False
2025-09,M,003007,코튼 팬츠,003,바지,3,5275962,drawfit,드로우핏,[패션플래닛X드로우핏] 세미 와이드 치노 팬츠 [6color],https://image.msscdn.net/images/goods_img/20250728/5275962/5275962_17564335392185_500.jpg,False
2025-09,M,003007,코튼 팬츠,003,바지,4,1627892,musinsastandard,무신사 스탠다드,레플리카 퍼티그 팬츠 [카키],https://image.msscdn.net/images/goods_img/20200928/1627892/1627892_17827088773028_500.jpg,False
2025-09,M,003007,코튼 팬츠,003,바지,5,2611226,musinsastandard,무신사 스탠다드,레플리카 퍼티그 팬츠 [세이지 그린],https://image.msscdn.net/images/goods_img/20220613/2611226/2611226_17827086766776_500.jpg,False
2025-09,M,003007,코튼 팬츠,003,바지,6,4441725,divein,다이브인,VERN CARGO PANTS V2 (4 COLOR),https://image.msscdn.net/images/goods_img/20240917/4441725/4441725_17769091775185_500.jpg,False
2025-09,M,003007,코튼 팬츠,003,바지,7,241111,uniformbridge,유니폼브릿지,cotton fatigue pants regular fit beige,https://image.msscdn.net/images/goods_img/20150826/241111/241111_17772739092913_500.jpg,False
2025-09,M,003007,코튼 팬츠,003,바지,8,4318326,toffee,토피,퍼티그 비조 캔버스 코튼 팬츠 (BROWN),https://image.msscdn.net/images/goods_img/20240812/4318326/4318326_17255032477103_500.jpg,False
2025-09,M,003007,코튼 팬츠,003,바지,9,3684419,dickies,디키즈,더블니 85283 루즈핏 워크팬츠 Black,https://image.msscdn.net/images/goods_img/20231103/3684419/3684419_17751985153031_500.jpg,False
2025-09,M,003007,코튼 팬츠,003,바지,10,1924274,suare,수아레,린넨 라이크 세미 와이드 밴딩 팬츠 - 10 COLOR,https://image.msscdn.net/images/goods_img/20210428/1924274/1924274_17152551704806_500.jpg,False
2025-09,M,003007,코튼 팬츠,003,바지,11,4613450,idontwannasell,아이돈워너셀,Soft Suede Twill Balloon Pants,https://image.msscdn.net/images/goods_img/20241113/4613450/4613450_17322612728135_500.jpg,False
2025-09,M,003007,코튼 팬츠,003,바지,12,4441726,divein,다이브인,VERN CARGO PANTS V2 (BLACK),https://image.msscdn.net/images/goods_img/20240917/4441726/4441726_17769090427302_500.jpg,False
2025-09,M,003007,코튼 팬츠,003,바지,13,1253200,bronson,브론슨,1942 US Army Chino Trousers Khaki,https://image.msscdn.net/images/goods_img/20191217/1253200/1253200_17737245176749_500.jpg,False
2025-09,M,003007,코튼 팬츠,003,바지,14,3920059,signature,시그니처,원턱 와이드 치노 팬츠[베이지],https://image.msscdn.net/images/goods_img/20240304/3920059/3920059_17888487769046_500.jpg,False
2025-09,M,003007,코튼 팬츠,003,바지,15,3837367,begin202,비긴202,워시드 코튼 도비 팬츠 [워시드 블랙],https://image.msscdn.net/images/goods_img/20240131/3837367/3837367_17066945929716_500.jpg,False
2025-09,M,003007,코튼 팬츠,003,바지,16,4734764,noun,노운,washed cargo pants (khaki),https://image.msscdn.net/images/goods_img/20250121/4734764/4734764_17417484391501_500.jpg,False
2025-09,M,003007,코튼 팬츠,003,바지,17,5131681,9999archive,9999아카이브,Technical Curved Jeans,https://image.msscdn.net/images/goods_img/20250520/5131681/5131681_17803771078111_500.jpg,False
2025-09,M,003007,코튼 팬츠,003,바지,18,4832110,intempomood,인템포무드,코튼 레이지보이 벌룬핏 팬츠 : 3컬러,https://image.msscdn.net/images/goods_img/20250225/4832110/4832110_17591290267135_500.jpg,False
2025-09,M,003007,코튼 팬츠,003,바지,19,4458382,millo,밀로 아카이브,더블 라운드 팬츠 [카키 브라운],https://image.msscdn.net/images/goods_img/20240924/4458382/4458382_17273478779591_500.jpg,False
2025-09,M,003007,코튼 팬츠,003,바지,20,1115290,musinsastandard,무신사 스탠다드,와이드 치노 팬츠 [베이지],https://image.msscdn.net/images/goods_img/20190809/1115290/1115290_1_500.jpg,False
2025-09,M,003007,코튼 팬츠,003,바지,21,4993190,untapped,언탭트 스튜디오,라이크린넨 원턱 와이드 밴딩 팬츠 3Color,https://image.msscdn.net/images/goods_img/20250407/4993190/4993190_17442590013409_500.jpg,False
2025-09,M,003007,코튼 팬츠,003,바지,22,3304652,musinsastandard,무신사 스탠다드,백 사틴 오피서 팬츠 [카키],https://image.msscdn.net/images/goods_img/20230518/3304652/3304652_16914692166478_500.jpg,False
2025-09,M,003007,코튼 팬츠,003,바지,23,1627893,musinsastandard,무신사 스탠다드,레플리카 퍼티그 팬츠 [블랙],https://image.msscdn.net/images/goods_img/20200928/1627893/1627893_17827086367405_500.jpg,False
2025-09,M,003007,코튼 팬츠,003,바지,24,4319523,toffee,토피,카펜터 퍼티그 워크 코튼 팬츠 (SAND GREY),https://image.msscdn.net/images/goods_img/20240812/4319523/4319523_17242056584363_500.jpg,False
2025-09,M,003007,코튼 팬츠,003,바지,25,5313497,signature,시그니처,트위스트 커브드 코튼 팬츠[블랙],https://image.msscdn.net/images/goods_img/20250812/5313497/5313497_17872917179333_500.jpg,False
2025-09,M,003007,코튼 팬츠,003,바지,26,5294732,divein,다이브인,VERN CARGO PANTS V2 (CHARCOAL),https://image.msscdn.net/images/goods_img/20250805/5294732/5294732_17769090932680_500.jpg,False
2025-09,M,003007,코튼 팬츠,003,바지,27,2383020,uniformbridge,유니폼브릿지,cotton fatigue pants regular fit forest,https://image.msscdn.net/images/goods_img/20220224/2383020/2383020_17772738797555_500.jpg,False
2025-09,M,003007,코튼 팬츠,003,바지,28,5286943,fabregat,파브레가,[SEEMCITY] 심볼 자수 치노 팬츠 (네이비),https://image.msscdn.net/images/goods_img/20250801/5286943/5286943_17556875095812_500.jpg,False
2025-09,M,003007,코튼 팬츠,003,바지,29,5286673,fabregat,파브레가,[SEEMCITY] 심볼 자수 치노 팬츠 (블랙),https://image.msscdn.net/images/goods_img/20250801/5286673/5286673_17556875197239_500.jpg,False
2025-09,M,003007,코튼 팬츠,003,바지,30,2060759,goodlifeworks,굿라이프웍스,와이드 절개 벌룬팬츠 코튼 카키,https://image.msscdn.net/images/goods_img/20210812/2060759/2060759_17080505871544_500.jpg,False
2025-09,M,003008,슈트 팬츠/슬랙스,003,바지,1,1149329,musinsastandard,무신사 스탠다드,세미 와이드 히든 밴딩 슬랙스 [블랙],https://image.msscdn.net/images/goods_img/20190910/1149329/1149329_17775152531848_500.jpg,False
2025-09,M,003008,슈트 팬츠/슬랙스,003,바지,2,1168922,musinsastandard,무신사 스탠다드,리얼 와이드 히든 밴딩 슬랙스 [블랙],https://image.msscdn.net/images/goods_img/20190927/1168922/1168922_17784624760417_500.jpg,False
2025-09,M,003008,슈트 팬츠/슬랙스,003,바지,3,1168906,musinsastandard,무신사 스탠다드,와이드 히든 밴딩 슬랙스 [블랙],https://image.msscdn.net/images/goods_img/20190927/1168906/1168906_17224121763738_500.jpg,False
2025-09,M,003008,슈트 팬츠/슬랙스,003,바지,4,750908,wholovesart,후러브스아트,유니섹스 세미 와이드 밴딩 슬랙스 블랙,https://image.msscdn.net/images/goods_img/20180406/750908/750908_17736379434172_500.jpg,False
2025-09,M,003008,슈트 팬츠/슬랙스,003,바지,5,2578996,signature,시그니처,더블턱 와이드 슬랙스[블랙],https://image.msscdn.net/images/goods_img/20220524/2578996/2578996_17870331293023_500.jpg,False
2025-09,M,003008,슈트 팬츠/슬랙스,003,바지,6,5310984,dimitriblack,디미트리블랙,어드저스트 투턱 와이드 슬랙스_스트라이프 차콜,https://image.msscdn.net/images/goods_img/20250811/5310984/5310984_17551515636020_500.jpg,False
2025-09,M,003008,슈트 팬츠/슬랙스,003,바지,7,1436504,musinsastandard,무신사 스탠다드,[쿨탠다드] 세미 와이드 히든 밴딩 슬랙스 [블랙],https://image.msscdn.net/images/goods_img/20200508/1436504/1436504_17516080113500_500.jpg,False
2025-09,M,003008,슈트 팬츠/슬랙스,003,바지,8,1149328,musinsastandard,무신사 스탠다드,테이퍼드 히든 밴딩 크롭 슬랙스 [블랙],https://image.msscdn.net/images/goods_img/20190910/1149328/1149328_17222375113367_500.jpg,False
2025-09,M,003008,슈트 팬츠/슬랙스,003,바지,9,1222184,musinsastandard,무신사 스탠다드,와이드 히든 밴딩 슬랙스 [미디엄 그레이],https://image.msscdn.net/images/goods_img/20191113/1222184/1222184_17222997169530_500.jpg,False
2025-09,M,003008,슈트 팬츠/슬랙스,003,바지,10,2568748,musinsastandard,무신사 스탠다드,스트레이트 히든 밴딩 슬랙스 [블랙],https://image.msscdn.net/images/goods_img/20220518/2568748/2568748_17518450114735_500.jpg,False
2025-09,M,003008,슈트 팬츠/슬랙스,003,바지,11,2032901,musinsastandard,무신사 스탠다드,릴렉스드 테이퍼드 히든 밴딩 크롭 슬랙스 [블랙],https://image.msscdn.net/images/goods_img/20210719/2032901/2032901_17518455282793_500.jpg,False
2025-09,M,003008,슈트 팬츠/슬랙스,003,바지,12,4761188,begin202,비긴202,록 링크 팬츠 [차콜 스트라이프],https://image.msscdn.net/images/goods_img/20250205/4761188/4761188_17387438502547_500.jpg,False
2025-09,M,003008,슈트 팬츠/슬랙스,003,바지,13,5258799,musinsastandard,무신사 스탠다드,[노홍철 컬래버] 럭키 가이 플레어 슬랙스 [블랙],https://image.msscdn.net/images/goods_img/20250721/5258799/5258799_17761388571579_500.jpg,False
2025-09,M,003008,슈트 팬츠/슬랙스,003,바지,14,2477843,musinsastandard,무신사 스탠다드,리사이클 원 턱 릴렉스드 테이퍼드 히든 밴딩 크롭 슬랙스 [블랙],https://image.msscdn.net/images/goods_img/20220408/2477843/2477843_17137361962270_500.jpg,False
2025-09,M,003008,슈트 팬츠/슬랙스,003,바지,15,4352405,musinsastandard,무신사 스탠다드,플레어 히든 밴딩 슬랙스 [블랙],https://image.msscdn.net/images/goods_img/20240821/4352405/4352405_17896920770433_500.jpg,False
2025-09,M,003008,슈트 팬츠/슬랙스,003,바지,16,2708877,goodlifeworks,굿라이프웍스,투턱 와이드 슬랙스 블랙,https://image.msscdn.net/images/goods_img/20220810/2708877/2708877_17871103692858_500.jpg,False
2025-09,M,003008,슈트 팬츠/슬랙스,003,바지,17,4163350,toffee,토피,섬머 내츄럴 와이드 밴딩 슬랙스 (5 COLOURS),https://image.msscdn.net/images/goods_img/20240529/4163350/4163350_17169624361130_500.jpg,False
2025-09,M,003008,슈트 팬츠/슬랙스,003,바지,18,2578997,signature,시그니처,더블턱 와이드 슬랙스[그레이],https://image.msscdn.net/images/goods_img/20220524/2578997/2578997_17870331107183_500.jpg,False
2025-09,M,003008,슈트 팬츠/슬랙스,003,바지,19,1989228,musinsastandard,무신사 스탠다드,[쿨탠다드] 와이드 히든 밴딩 슬랙스 [블랙],https://image.msscdn.net/images/goods_img/20210609/1989228/1989228_17454727818337_500.jpg,False
2025-09,M,003008,슈트 팬츠/슬랙스,003,바지,20,4750069,workonbodyoff,워크온바디오프,세미 와이드 원턱 슬랙스 (2color),https://image.msscdn.net/images/goods_img/20250203/4750069/4750069_17895471637496_500.jpg,False
2025-09,M,003008,슈트 팬츠/슬랙스,003,바지,21,1224095,musinsastandard,무신사 스탠다드,세미 와이드 히든 밴딩 슬랙스 [미디엄 그레이],https://image.msscdn.net/images/goods_img/20191113/1224095/1224095_17518463307099_500.jpg,False
2025-09,M,003008,슈트 팬츠/슬랙스,003,바지,22,4741265,begin202,비긴202,록 링크 팬츠 [블랙],https://image.msscdn.net/images/goods_img/20250123/4741265/4741265_17387431511841_500.jpg,False
2025-09,M,003008,슈트 팬츠/슬랙스,003,바지,23,1575838,musinsastandard,무신사 스탠다드,슈퍼 와이드 히든 밴딩 슬랙스[블랙],https://image.msscdn.net/images/goods_img/20200901/1575838/1575838_17720071457722_500.jpg,False
2025-09,M,003008,슈트 팬츠/슬랙스,003,바지,24,4663961,musinsastandard,무신사 스탠다드,라이트 플레인 원 턱 와이드 히든 밴딩 슬랙스 [블랙],https://image.msscdn.net/images/goods_img/20241213/4663961/4663961_17441656109455_500.jpg,False
2025-09,M,003008,슈트 팬츠/슬랙스,003,바지,25,4663950,musinsastandard,무신사 스탠다드,휩코드 플레어 히든 밴딩 슬랙스 [블랙],https://image.msscdn.net/images/goods_img/20241213/4663950/4663950_17569507184434_500.jpg,False
2025-09,M,003008,슈트 팬츠/슬랙스,003,바지,26,1458942,signature,시그니처,세미 부츠컷 슬랙스 [블랙],https://image.msscdn.net/images/goods_img/20200522/1458942/1458942_17870329488948_500.jpg,False
2025-09,M,003008,슈트 팬츠/슬랙스,003,바지,27,1224094,musinsastandard,무신사 스탠다드,세미 와이드 히든 밴딩 슬랙스 [차콜 그레이],https://image.msscdn.net/images/goods_img/20191113/1224094/1224094_17518465836463_500.jpg,False
2025-09,M,003008,슈트 팬츠/슬랙스,003,바지,28,3510971,anotheroffice,어나더 오피스,[AW] Santiago Slacks (Black),https://image.msscdn.net/images/goods_img/20230829/3510971/3510971_17872955305131_500.jpg,False
2025-09,M,003008,슈트 팬츠/슬랙스,003,바지,29,2477836,musinsastandard,무신사 스탠다드,[쿨탠다드] 릴렉스드 테이퍼드 히든 밴딩 크롭 슬랙스 [블랙],https://image.msscdn.net/images/goods_img/20220408/2477836/2477836_17222408083225_500.jpg,False
2025-09,M,003008,슈트 팬츠/슬랙스,003,바지,30,5371345,asp,애습,스트라이프 원턱 와이드 슬랙스 - 차콜 그레이,https://image.msscdn.net/images/goods_img/20250827/5371345/5371345_17891126145852_500.jpg,False
2025-09,M,003009,숏 팬츠,003,바지,1,1926034,xero,제로,Deep One Tuck Sweat Shorts [Black],https://image.msscdn.net/images/goods_img/20210428/1926034/1926034_1_500.jpg,False
2025-09,M,003009,숏 팬츠,003,바지,2,1926048,xero,제로,Deep One Tuck Sweat Shorts [Grey],https://image.msscdn.net/images/goods_img/20210428/1926048/1926048_1_500.jpg,False
2025-09,M,003009,숏 팬츠,003,바지,3,2508821,afresh,어프레쉬,에어스트레치 쇼츠_블랙 트레이닝,https://image.msscdn.net/images/goods_img/20220422/2508821/2508821_17858059555654_500.jpg,False
2025-09,M,003009,숏 팬츠,003,바지,4,1519475,lazybee,레이지비,컴팩트 2in1 러닝 쇼츠 남녀 스포츠 반바지 레깅스 (헬스 워터 운동) 팬츠 M 3컬러,https://image.msscdn.net/images/goods_img/20200717/1519475/1519475_17730386715982_500.jpg,False
2025-09,M,003009,숏 팬츠,003,바지,5,4655528,rife,러닝라이프,스포츠 반바지 쇼츠 프로 (2IN1),https://image.msscdn.net/images/goods_img/20241208/4655528/4655528_17848724072396_500.png,False
2025-09,M,003009,숏 팬츠,003,바지,6,2971574,afresh,어프레쉬,[2PACK SET]에어스트레치 쇼츠 트레이닝 3COLOR,https://image.msscdn.net/images/goods_img/20221205/2971574/2971574_17851150878712_500.jpg,False
2025-09,M,003009,숏 팬츠,003,바지,7,4172788,nike,나이키,드라이 핏 챌린저 5인치 브리프 라인드 버서타일 쇼츠 M - 블랙/ DV9364-010,https://image.msscdn.net/images/goods_img/20240603/4172788/4172788_17186043509123_500.jpg,False
2025-09,M,003009,숏 팬츠,003,바지,8,2574822,brenson,브렌슨,(Renew Ver.) 원턱 와이드 반바지 ( 6Color ),https://image.msscdn.net/images/goods_img/20220523/2574822/2574822_17774456124536_500.jpg,False
2025-09,M,003009,숏 팬츠,003,바지,9,5012749,dimitriblack,디미트리블랙,바이오워싱 카펜터 버뮤다 데님 팬츠_더스트 인디고,https://image.msscdn.net/images/goods_img/20250410/5012749/5012749_17739932409819_500.jpg,False
2025-09,M,003009,숏 팬츠,003,바지,10,3513309,momg,필립페이커,카펜터 버뮤다 스웨트 8부 팬츠 블랙,https://image.msscdn.net/images/goods_img/20230830/3513309/3513309_16934722502141_500.jpg,False
2025-09,M,003009,숏 팬츠,003,바지,11,3228764,dimitriblack,디미트리블랙,바이오워싱 카펜터 버뮤다 데님 팬츠_라이트블루,https://image.msscdn.net/images/goods_img/20230412/3228764/3228764_17769946291978_500.jpg,False
2025-09,M,003009,숏 팬츠,003,바지,12,544003,grooverhyme,그루브라임,[2PACK] BASIC HALF PANTS (C100 30S트윌 풀밴딩 4부 쇼츠) (19COLOR) [LRAMCNH750P],https://image.msscdn.net/images/goods_img/20170424/544003/544003_17430626093637_500.jpg,False
2025-09,M,003009,숏 팬츠,003,바지,13,3056133,musinsastandardsp,무신사 스탠다드 스포츠,러닝 라이트웨이트 2in1 5인치 쇼츠 [4colors],https://image.msscdn.net/images/goods_img/20230202/3056133/3056133_17744087896760_500.jpg,False
2025-09,M,003009,숏 팬츠,003,바지,14,4989763,leire,르아르,에브리데이 버뮤다 데님 쇼츠 [블랙],https://image.msscdn.net/images/goods_img/20250404/4989763/4989763_17496921703038_500.jpg,False
2025-09,M,003009,숏 팬츠,003,바지,15,3735878,musinsastandardsp,무신사 스탠다드 스포츠,짐 코튼메쉬 버뮤다 쇼츠 (6color),https://image.msscdn.net/images/goods_img/20231128/3735878/3735878_17536690759213_500.jpg,False
2025-09,M,003009,숏 팬츠,003,바지,16,2439242,hadex,에이치덱스,액티브 쇼츠 8 color,https://image.msscdn.net/images/goods_img/20220323/2439242/2439242_17905565501800_500.jpg,False
2025-09,M,003009,숏 팬츠,003,바지,17,4162727,musinsastandardsp,무신사 스탠다드 스포츠,퀵드라이 러닝 7인치 쇼츠 (3color),https://image.msscdn.net/images/goods_img/20240529/4162727/4162727_17744075484634_500.jpg,False
2025-09,M,003009,숏 팬츠,003,바지,18,5256111,rife,러닝라이프,스포츠 투인원 러닝 프로 쇼츠 플러스,https://image.msscdn.net/images/goods_img/20250718/5256111/5256111_17736471265189_500.png,False
2025-09,M,003009,숏 팬츠,003,바지,19,5086826,yosemite,요세미티,핀턱 카펜터 버뮤다 스웨트 팬츠 그레이 YP-501,https://image.msscdn.net/images/goods_img/20250502/5086826/5086826_17461700113382_500.jpg,False
2025-09,M,003009,숏 팬츠,003,바지,20,4096918,toffee,토피,워시드 버뮤다 데님 팬츠 (GREY),https://image.msscdn.net/images/goods_img/20240430/4096918/4096918_17187556835563_500.jpg,False
2025-09,M,003009,숏 팬츠,003,바지,21,4111296,trillion,트릴리온,캣 브러쉬 워시드 버뮤다 데님 쇼츠 (NORMAL BLACK),https://image.msscdn.net/images/goods_img/20240507/4111296/4111296_17471253413933_500.jpg,False
2025-09,M,003009,숏 팬츠,003,바지,22,5086823,yosemite,요세미티,핀턱 카펜터 버뮤다 스웨트 팬츠 블랙 YP-501,https://image.msscdn.net/images/goods_img/20250502/5086823/5086823_17461700029379_500.jpg,False
2025-09,M,003009,숏 팬츠,003,바지,23,4370644,barbellworks,바벨웍스,패치자수 버뮤다팬츠,https://image.msscdn.net/images/goods_img/20240826/4370644/4370644_17246549514054_500.jpg,False
2025-09,M,003009,숏 팬츠,003,바지,24,4036308,dimitriblack,디미트리블랙,바이오워싱 카펜터 버뮤다 데님 팬츠_블랙,https://image.msscdn.net/images/goods_img/20240408/4036308/4036308_17739928808765_500.jpg,False
2025-09,M,003009,숏 팬츠,003,바지,25,4225317,borntowin,본투윈,SIDE B LOGO HALF PANTS [BLACK],https://image.msscdn.net/images/goods_img/20240701/4225317/4225317_17732903015450_500.jpg,False
2025-09,M,003009,숏 팬츠,003,바지,26,4643326,hadex,에이치덱스,브레이크 메인로고 버뮤다 쇼츠 (Black),https://image.msscdn.net/images/goods_img/20241129/4643326/4643326_17876236595683_500.jpg,False
2025-09,M,003009,숏 팬츠,003,바지,27,4109343,borntowin,본투윈,STROKE B HALF PANTS_LONG VER [BLACK],https://image.msscdn.net/images/goods_img/20240507/4109343/4109343_17732892430006_500.jpg,False
2025-09,M,003009,숏 팬츠,003,바지,28,4097271,dimitriblack,디미트리블랙,ASI 에센셜 버뮤다 스웻 팬츠_피그먼트 그레이,https://image.msscdn.net/images/goods_img/20240430/4097271/4097271_17167912046664_500.png,False
2025-09,M,003009,숏 팬츠,003,바지,29,3880598,dickies,디키즈,42283 루즈핏 워크쇼츠 Black,https://image.msscdn.net/images/goods_img/20240219/3880598/3880598_17866059462558_500.jpg,False
2025-09,M,003009,숏 팬츠,003,바지,30,4655062,musinsastandard,무신사 스탠다드,원 턱 카고 버뮤다 스웨트 팬츠 [미디엄 그레이],https://image.msscdn.net/images/goods_img/20241206/4655062/4655062_17447888034410_500.jpg,False
2025-09,M,003005,레깅스,003,바지,1,4655538,rife,러닝라이프,레이싱 하프 타이즈,https://image.msscdn.net/images/goods_img/20241208/4655538/4655538_17814984003273_500.png,False
2025-09,M,003005,레깅스,003,바지,2,3487482,volante,볼란테,Daily Leggings Pants [Black],https://image.msscdn.net/images/goods_img/20230822/3487482/3487482_17484841422034_500.jpg,False
2025-09,M,003005,레깅스,003,바지,3,3975909,nike,나이키,프로 드라이 핏 피트니스 타이츠 M - 블랙:화이트 / FB7953-010,https://image.msscdn.net/images/goods_img/20240321/3975909/3975909_17115943559810_500.jpg,False
2025-09,M,003005,레깅스,003,바지,4,1772548,underarmour,언더아머,히트기어 아머 컴프레션 쇼츠 1361596-001,https://image.msscdn.net/images/goods_img/20210202/1772548/1772548_1_500.jpg,False
2025-09,M,003005,레깅스,003,바지,5,4179748,nike,나이키,프로 드라이 핏 피트니스 쇼츠 M - 블랙:화이트 / FB7959-010,https://image.msscdn.net/images/goods_img/20240605/4179748/4179748_17183400956580_500.jpg,False
2025-09,M,003005,레깅스,003,바지,6,4637965,musinsastandardsp,무신사 스탠다드 스포츠,러닝 숏 타이즈,https://image.msscdn.net/images/goods_img/20241126/4637965/4637965_17496987065353_500.jpg,False
2025-09,M,003005,레깅스,003,바지,7,3720910,bysec,바이젝,우븐스판 머슬 브레이커 팬츠,https://image.msscdn.net/images/goods_img/20231117/3720910/3720910_17653319647389_500.jpg,False
2025-09,M,003005,레깅스,003,바지,8,1466284,musinsastandardsp,무신사 스탠다드 스포츠,컴프레션 레깅스 [블랙],https://image.msscdn.net/images/goods_img/20200528/1466284/1466284_17228236161876_500.jpg,False
2025-09,M,003005,레깅스,003,바지,9,4660553,rife,러닝라이프,러닝 컴프레션 레깅스 하프 타이즈,https://image.msscdn.net/images/goods_img/20241211/4660553/4660553_17338929694216_500.jpg,False
2025-09,M,003005,레깅스,003,바지,10,5319852,nike,나이키,패스트 드라이 핏 하프 러닝 타이츠 M - 블랙 / IH4518-010,https://image.msscdn.net/images/goods_img/20250813/5319852/5319852_17556473518128_500.jpg,False
2025-09,M,003005,레깅스,003,바지,11,1772551,underarmour,언더아머,히트기어 아머 레깅스 1361586-001,https://image.msscdn.net/images/goods_img/20210202/1772551/1772551_1_500.jpg,False
2025-09,M,003005,레깅스,003,바지,12,4851376,nike,나이키,드라이 핏 챌린저 러닝 타이츠 M - 블랙 / CZ8831-010,https://image.msscdn.net/images/goods_img/20250304/4851376/4851376_17417456652249_500.jpg,False
2025-09,M,003005,레깅스,003,바지,13,4546112,nike,나이키,프로 웜 타이츠 M - 블랙:화이트 / FB7962-010,https://image.msscdn.net/images/goods_img/20241023/4546112/4546112_17304259983083_500.jpg,False
2025-09,M,003005,레깅스,003,바지,14,4915410,nike,나이키,프로 드라이 핏 브리프 쇼츠 M - 블랙:화이트 / FD0686-010,https://image.msscdn.net/images/goods_img/20250319/4915410/4915410_17428094735396_500.jpg,False
2025-09,M,003005,레깅스,003,바지,15,4873660,nike,나이키,프로 드라이 핏 피트니스 롱 쇼츠 M -  블랙:화이트 / FB7964-010,https://image.msscdn.net/images/goods_img/20250310/4873660/4873660_17417569864403_500.jpg,False
2025-09,M,003005,레깅스,003,바지,16,4683428,determined,디터민드,결의 _ 다크 3부 타이즈,https://image.msscdn.net/images/goods_img/20241229/4683428/4683428_17442613678454_500.jpg,False
2025-09,M,003005,레깅스,003,바지,17,5036169,thewarld,더왈드,AT SYMBOL HALF TIGHTS BLACK,https://image.msscdn.net/images/goods_img/20250416/5036169/5036169_17447986892008_500.png,False
2025-09,M,003005,레깅스,003,바지,18,3509110,spyder,스파이더,남성 러닝 프로웹 타이즈 SPHPCNFL231MBLK,https://image.msscdn.net/images/goods_img/20230829/3509110/3509110_17703513283522_500.jpg,False
2025-09,M,003005,레깅스,003,바지,19,4942114,hadex,에이치덱스,어시스트 4.0 레깅스 (Black),https://image.msscdn.net/images/goods_img/20250325/4942114/4942114_17477015990046_500.jpg,False
2025-09,M,003005,레깅스,003,바지,20,2496925,underarmour,언더아머,히트기어 3/4 레깅스 1361588-001,https://image.msscdn.net/images/goods_img/20220418/2496925/2496925_1_500.jpg,False
2025-09,M,003005,레깅스,003,바지,21,4747263,rife,러닝라이프,레이싱 롱 러닝 운동 타이즈,https://image.msscdn.net/images/goods_img/20250131/4747263/4747263_17757180922044_500.png,False
2025-09,M,003005,레깅스,003,바지,22,4186098,lazybee,레이지비,에어셀  멀티 스포츠(짐웨어 러닝 워터) 남성 레깅스 팬츠,https://image.msscdn.net/images/goods_img/20240610/4186098/4186098_17605117851767_500.jpg,False
2025-09,M,003005,레깅스,003,바지,23,5400740,goyowear,고요웨어,M 액티브 하프 타이츠 (블랙),https://image.msscdn.net/images/goods_img/20250904/5400740/5400740_17758278343278_500.jpg,False
2025-09,M,003005,레깅스,003,바지,24,2811873,underarmour,언더아머,콜드기어 아머 레깅스 1366075-001,https://image.msscdn.net/images/goods_img/20220922/2811873/2811873_2_500.jpg,False
2025-09,M,003005,레깅스,003,바지,25,4683423,determined,디터민드,다크마블 3부 타이즈,https://image.msscdn.net/images/goods_img/20241229/4683423/4683423_17443584258129_500.jpg,False
2025-09,M,003005,레깅스,003,바지,26,4367066,jeleve,제이엘브,데일리 우븐 팬츠,https://image.msscdn.net/images/goods_img/20240823/4367066/4367066_17248946649119_500.jpg,False
2025-09,M,003005,레깅스,003,바지,27,4297913,volante,볼란테,Hybrid Jogger Leggings Pants [Dark Gray],https://image.msscdn.net/images/goods_img/20240805/4297913/4297913_17242063454898_500.jpg,False
2025-09,M,003005,레깅스,003,바지,28,5242583,lazybee,레이지비,프리무브 멀티스포츠 (짐웨어 러닝 워터) 투인원 남성5부 레깅스 쇼츠,https://image.msscdn.net/images/goods_img/20250711/5242583/5242583_17521991733269_500.jpg,False
2025-09,M,003005,레깅스,003,바지,29,4331687,puma,푸마,리가 베이스레이어 롱 타이츠(65592503),https://image.msscdn.net/images/goods_img/20240814/4331687/4331687_17236213368711_500.jpg,False
2025-09,M,003005,레깅스,003,바지,30,4305363,determined,디터민드,블랙카모B 3부 타이즈,https://image.msscdn.net/images/goods_img/20240807/4305363/4305363_17443591982315_500.jpg,False
2025-09,M,003010,점프 슈트/오버올,003,바지,1,3882592,dickies,디키즈,48799 점프수트 커버올 Dark Navy,https://image.msscdn.net/images/goods_img/20240220/3882592/3882592_17083946690660_500.jpg,False
2025-09,M,003010,점프 슈트/오버올,003,바지,2,3928305,avan,어반드레스,Painter Jumpsuit BLACK,https://image.msscdn.net/images/goods_img/20240306/3928305/3928305_17171286086255_500.jpg,False
2025-09,M,003010,점프 슈트/오버올,003,바지,3,3882591,dickies,디키즈,48799 점프수트 커버올 Black,https://image.msscdn.net/images/goods_img/20240220/3882591/3882591_17083946635450_500.jpg,False
2025-09,M,003010,점프 슈트/오버올,003,바지,4,3882593,dickies,디키즈,BIB 오버롤 데님팬츠 Indigo,https://image.msscdn.net/images/goods_img/20240220/3882593/3882593_17083946750395_500.jpg,False
2025-09,M,003010,점프 슈트/오버올,003,바지,5,3242498,thombrowne,톰브라운,스포츠 코트 점프수트 - 그레이 / MUU020AF0169035,https://image.msscdn.net/images/goods_img/20230418/3242498/3242498_16890531404515_500.jpg,False
2025-09,M,003010,점프 슈트/오버올,003,바지,6,2063625,philogram,필로그램,PLG 데님 점프수트(Blue),https://image.msscdn.net/images/goods_img/20210813/2063625/2063625_16945900853647_500.jpg,False
2025-09,M,003010,점프 슈트/오버올,003,바지,7,3242184,bendavis,벤 데이비스,오리지널 오버롤 블랙,https://image.msscdn.net/images/goods_img/20230418/3242184/3242184_16825750601905_500.jpg,False
2025-09,M,003010,점프 슈트/오버올,003,바지,8,4992208,dickies,디키즈,BIB 덕 캔버스 오버롤 팬츠 Black,https://image.msscdn.net/images/goods_img/20250407/4992208/4992208_17439910949493_500.jpg,False
2025-09,M,003010,점프 슈트/오버올,003,바지,9,3220620,lifework,라이프워크,투웨이 쿨 점프수트,https://image.msscdn.net/images/goods_img/20230410/3220620/3220620_17090956956714_500.jpg,False
2025-09,M,003010,점프 슈트/오버올,003,바지,10,944501,thestori,더스토리,논페이드 데님 오버롤 멜빵 팬츠 [블루],https://image.msscdn.net/images/goods_img/20190130/944501/944501_17617811599957_500.jpg,False
2025-09,M,003010,점프 슈트/오버올,003,바지,11,3049156,snowpeakapparel,스노우피크 어패럴,루트 점프 수트 Dark Khaki (S23MUROP27),https://image.msscdn.net/images/goods_img/20230131/3049156/3049156_16757501494545_500.jpg,False
2025-09,M,003010,점프 슈트/오버올,003,바지,12,3983517,magoodgan,맥우드건,파번 5807  나일론 오버핏 블랙 점프수트,https://image.msscdn.net/images/goods_img/20240322/3983517/3983517_17110913251573_500.jpg,False
2025-09,M,003010,점프 슈트/오버올,003,바지,13,5221640,doublejd,더블제이디,지퍼 점프슈트(블랙),https://image.msscdn.net/images/goods_img/20250702/5221640/5221640_17514393040747_500.jpg,False
2025-09,M,003010,점프 슈트/오버올,003,바지,14,3049154,snowpeakapparel,스노우피크 어패럴,루트 점프 수트 Black (S23MUROP27),https://image.msscdn.net/images/goods_img/20230131/3049154/3049154_16757501689711_500.jpg,False
2025-09,M,003010,점프 슈트/오버올,003,바지,15,3629499,brownyard,브라운야드,"원 웨어 수트, 블랙",https://image.msscdn.net/images/goods_img/20231016/3629499/3629499_16976941953451_500.jpg,False
2025-09,M,003010,점프 슈트/오버올,003,바지,16,3940871,dickies,디키즈,BIB 덕 캔버스 오버롤 팬츠 Brown,https://image.msscdn.net/images/goods_img/20240312/3940871/3940871_17102073745483_500.jpg,False
2025-09,M,003010,점프 슈트/오버올,003,바지,17,3730782,gripswany,그립스와니,파이어프루프 오버롤 올리브,https://image.msscdn.net/images/goods_img/20231123/3730782/3730782_17007295543964_500.jpg,False
2025-09,M,003010,점프 슈트/오버올,003,바지,18,4167146,cqr,씨큐알,오버롤 데님 팬츠 멜빵 바지 레귤러핏 CQ-TWO503,https://image.msscdn.net/images/goods_img/20240530/4167146/4167146_17170497887201_500.jpg,False
2025-09,M,003010,점프 슈트/오버올,003,바지,19,5162719,penfield,펜필드,CN 아티쟌 오버롤_FR2WP79U,https://image.msscdn.net/images/goods_img/20250602/5162719/5162719_17490896016751_500.jpg,False
2025-09,M,003010,점프 슈트/오버올,003,바지,20,4562325,anglan,앵글런,Backsatin Work Wide Overall - Navy,https://image.msscdn.net/images/goods_img/20241027/4562325/4562325_17306403102865_500.jpg,False
2025-09,M,003010,점프 슈트/오버올,003,바지,21,4007038,penfield,펜필드,LINEN DENIM ARTISAN OVERALL INDIGO_FQ2WP97U,https://image.msscdn.net/images/goods_img/20240329/4007038/4007038_17127446325668_500.jpg,False
2025-09,M,003010,점프 슈트/오버올,003,바지,22,3550260,untage,언티지,하이넥 데님 점프수트(UNISEX)_UTP-SJ11,https://image.msscdn.net/images/goods_img/20230911/3550260/3550260_16944208820971_500.jpg,False
2025-09,M,003010,점프 슈트/오버올,003,바지,23,5142014,penfield,펜필드,립스탑 아티산 오버롤 블랙_FR2WP77U,https://image.msscdn.net/images/goods_img/20250523/5142014/5142014_17479680192880_500.jpg,False
2025-09,M,003010,점프 슈트/오버올,003,바지,24,4813297,jamiewest,제이미웨스트,스쿼드 디테쳐블 나일론 스트레치 점프수트 (블랙),https://image.msscdn.net/images/goods_img/20250220/4813297/4813297_17401207012807_500.jpg,False
2025-09,M,003010,점프 슈트/오버올,003,바지,25,4853667,wrangler,랭글러,Loose Denim Overall Indigo Dark,https://image.msscdn.net/images/goods_img/20250304/4853667/4853667_17412274851914_500.jpg,False
2025-09,M,003010,점프 슈트/오버올,003,바지,26,3142629,snowpeakapparel,스노우피크 어패럴,루트 반바지 점프 수트 Dark Charcoal (S23MMROP28),https://image.msscdn.net/images/goods_img/20230313/3142629/3142629_16786776006595_500.jpg,False
2025-09,M,003010,점프 슈트/오버올,003,바지,27,3928317,avan,어반드레스,Rupy Overall Wide Pants BLACK,https://image.msscdn.net/images/goods_img/20240306/3928317/3928317_17171287111229_500.jpg,False
2025-09,M,003010,점프 슈트/오버올,003,바지,28,4042628,laugher,라퍼,[논페이드] 멜빵 데님 오버롤 팬츠 - 블랙,https://image.msscdn.net/images/goods_img/20240411/4042628/4042628_17128647133178_500.jpg,False
2025-09,M,003010,점프 슈트/오버올,003,바지,29,5473647,hondaxphyps,혼다 모터사이클,Motorcycle Long sleeve Overall Black,https://image.msscdn.net/images/goods_img/20250916/5473647/5473647_17582585790066_500.jpg,False
2025-09,M,003010,점프 슈트/오버올,003,바지,30,4232405,montbell,몽벨,필드 스트레치 커버올 남 2 OLIVE JBWXSMPL761,https://image.msscdn.net/images/goods_img/20240704/4232405/4232405_17200615027234_500.jpg,False
2025-09,M,003006,기타 하의,003,바지,1,3404705,musinsastandard,무신사 스탠다드,시티 레저 CN 와이드 벨티드 파라슈트 팬츠 [블랙],https://image.msscdn.net/images/goods_img/20230712/3404705/3404705_17134029927665_500.jpg,False
2025-09,M,003006,기타 하의,003,바지,2,4210131,musinsastandard,무신사 스탠다드,시티 레저 CN 벨티드 유틸리티 팬츠 [블랙],https://image.msscdn.net/images/goods_img/20240620/4210131/4210131_17294816036943_500.jpg,False
2025-09,M,003006,기타 하의,003,바지,3,4210133,musinsastandard,무신사 스탠다드,시티 레저 CN 벨티드 유틸리티 팬츠 [그레이],https://image.msscdn.net/images/goods_img/20240620/4210133/4210133_17294814021978_500.jpg,False
2025-09,M,003006,기타 하의,003,바지,4,4274065,lemainsecond,리메인세컨드,와이드 빅포켓 파라슈트 밴딩 카고 팬츠 [카키],https://image.msscdn.net/images/goods_img/20240725/4274065/4274065_17616963476707_500.jpg,False
2025-09,M,003006,기타 하의,003,바지,5,3411538,musinsastandard,무신사 스탠다드,나일론 파라슈트 팬츠 [블랙],https://image.msscdn.net/images/goods_img/20230717/3411538/3411538_16938694187008_500.jpg,False
2025-09,M,003006,기타 하의,003,바지,6,5516599,yeezy,이지,PT-01,https://image.msscdn.net/images/goods_img/20250923/5516599/5516599_17586178882514_500.jpg,False
2025-09,M,003006,기타 하의,003,바지,7,4577688,nike,나이키,ACG 스미스 서밋 카고 팬츠 M - 블랙:안트라사이트:서밋 화이트 / FN0429-010,https://image.msscdn.net/images/goods_img/20241031/4577688/4577688_17307976345858_500.jpg,False
2025-09,M,003006,기타 하의,003,바지,8,5095277,danswer,디앤에스알,벨티드 드레이프 슬랙스 인디고,https://image.msscdn.net/images/goods_img/20250508/5095277/5095277_17761411957188_500.jpg,False
2025-09,M,003006,기타 하의,003,바지,9,5367618,arcteryx,아크테릭스,크로닌 팬츠 남성 - BLACK / APPFM10549,https://image.msscdn.net/images/goods_img/20250827/5367618/5367618_17573796012029_500.jpg,False
2025-09,M,003006,기타 하의,003,바지,10,3757179,musinsastandard,무신사 스탠다드,시티 레저 CN 와이드 벨티드 파라슈트 팬츠 [그레이],https://image.msscdn.net/images/goods_img/20231215/3757179/3757179_17101165402246_500.jpg,False
2025-09,M,003006,기타 하의,003,바지,11,2926541,brenson,브렌슨,(Renew Ver.) 코듀로이 원턱 와이드 밴딩팬츠 ( 5Color ),https://image.msscdn.net/images/goods_img/20221108/2926541/2926541_17623049889755_500.jpg,False
2025-09,M,003006,기타 하의,003,바지,12,4993373,aakam,아캄,Knee Pin-tuck Studded Cotton Pants (Khaki),https://image.msscdn.net/images/goods_img/20250407/4993373/4993373_17453045907117_500.jpg,False
2025-09,M,003006,기타 하의,003,바지,13,4274062,lemainsecond,리메인세컨드,와이드 빅포켓 파라슈트 밴딩 카고 팬츠 [블랙],https://image.msscdn.net/images/goods_img/20240725/4274062/4274062_17557348882367_500.jpg,False
2025-09,M,003006,기타 하의,003,바지,14,4728654,filluminate,필루미네이트,밀리터리 카고 팬츠-블랙,https://image.msscdn.net/images/goods_img/20250119/4728654/4728654_17425206583875_500.jpg,False
2025-09,M,003006,기타 하의,003,바지,15,5045835,giordano,지오다노,나일론 파라슈트 카고 팬츠 115536 [3color],https://image.msscdn.net/images/goods_img/20250421/5045835/5045835_17491058970988_500.jpg,False
2025-09,M,003006,기타 하의,003,바지,16,3404706,musinsastandard,무신사 스탠다드,시티 레저 CN 와이드 벨티드 파라슈트 팬츠 [그레이쉬 베이지],https://image.msscdn.net/images/goods_img/20230712/3404706/3404706_17134029698179_500.jpg,False
2025-09,M,003006,기타 하의,003,바지,17,3411541,musinsastandard,무신사 스탠다드,나일론 파라슈트 팬츠  [그레이],https://image.msscdn.net/images/goods_img/20230717/3411541/3411541_16939020628994_500.jpg,False
2025-09,M,003006,기타 하의,003,바지,18,3757178,musinsastandard,무신사 스탠다드,시티 레저 CN 와이드 벨티드 파라슈트 팬츠 [카키],https://image.msscdn.net/images/goods_img/20231215/3757178/3757178_17101163541344_500.jpg,False
2025-09,M,003006,기타 하의,003,바지,19,4210136,musinsastandard,무신사 스탠다드,시티 레저 CN 벨티드 유틸리티 팬츠 [라이트 그레이],https://image.msscdn.net/images/goods_img/20240620/4210136/4210136_17294815287398_500.jpg,False
2025-09,M,003006,기타 하의,003,바지,20,4759744,spao,스파오,2-WAY 카고 와이드 팬츠 (나일론)_SPTCF23C11,https://image.msscdn.net/images/goods_img/20250205/4759744/4759744_17471814080636_500.png,False
2025-09,M,003006,기타 하의,003,바지,21,5503860,etce,이티씨이,SIDE POCKET CURVED DENIM (BEIGE),https://image.msscdn.net/images/goods_img/20250922/5503860/5503860_17587002720733_500.jpg,False
2025-09,M,003006,기타 하의,003,바지,22,3757183,musinsastandard,무신사 스탠다드,시티 레저 와이드 벨티드 카고 팬츠 [그레이쉬 베이지],https://image.msscdn.net/images/goods_img/20231215/3757183/3757183_17101182376959_500.jpg,False
2025-09,M,003006,기타 하의,003,바지,23,4624102,musinsastandard,무신사 스탠다드,시티 레저 CN 벨티드 유틸리티 팬츠 [머드 그레이],https://image.msscdn.net/images/goods_img/20241119/4624102/4624102_17429444393710_500.jpg,False
2025-09,M,003006,기타 하의,003,바지,24,4304163,aakam,아캄,Knee Pin-tuck Camouflage Twill Pants (Black),https://image.msscdn.net/images/goods_img/20240807/4304163/4304163_17243269019342_500.jpg,False
2025-09,M,003006,기타 하의,003,바지,25,5352011,noun,노운,track sweat pants (black),https://image.msscdn.net/images/goods_img/20250821/5352011/5352011_17561993523577_500.jpg,False
2025-09,M,003006,기타 하의,003,바지,26,3146999,goyowear,고요웨어,라이트 이지 팬츠(블랙),https://image.msscdn.net/images/goods_img/20230314/3146999/3146999_17416854037625_500.jpg,False
2025-09,M,003006,기타 하의,003,바지,27,3757184,musinsastandard,무신사 스탠다드,시티 레저 와이드 벨티드 카고 팬츠 [그레이],https://image.msscdn.net/images/goods_img/20231215/3757184/3757184_17101180921509_500.jpg,False
2025-09,M,003006,기타 하의,003,바지,28,4508808,esy25,노드,Stone Washed Cargo pants (Camo),https://image.msscdn.net/images/goods_img/20241011/4508808/4508808_17611125901567_500.jpg,False
2025-09,M,003006,기타 하의,003,바지,29,3758353,musinsastandard,무신사 스탠다드,시티 레저 NP 와이드 벨티드 카고 팬츠 [리프 베이지],https://image.msscdn.net/images/goods_img/20231215/3758353/3758353_17101198288669_500.jpg,False
2025-09,M,003006,기타 하의,003,바지,30,4955307,salomon,살로몬,링크 파라슈트 팬츠_LC2816200,https://image.msscdn.net/images/goods_img/20250327/4955307/4955307_17430713911724_500.jpg,False
2025-09,F,001,상의,,,1,4302685,sorano,소라노,SORANO Basic Logo HOODIE [6Color],https://image.msscdn.net/images/goods_img/20240807/4302685/4302685_17229675684379_500.jpg,False
2025-09,F,001,상의,,,2,5376547,tansanmagnesium,탄산마그네슘,마운틴 롱슬리브 네이비 (우먼),https://image.msscdn.net/images/goods_img/20250828/5376547/5376547_17718144833063_500.jpg,False
2025-09,F,001,상의,,,3,2722805,brownbreath,브라운브레스,TAG OG HOODIE - BURGUNDY,https://image.msscdn.net/images/goods_img/20220817/2722805/2722805_17685233788556_500.jpg,False
2025-09,F,001,상의,,,4,5276013,trillion,트릴리온,레더 패치 데님 카라 럭비 맨투맨_네이비,https://image.msscdn.net/images/goods_img/20250728/5276013/5276013_17545474942483_500.jpg,False
2025-09,F,001,상의,,,5,2058188,brownbreath,브라운브레스,TAG OG HOODIE - BLACK,https://image.msscdn.net/images/goods_img/20210811/2058188/2058188_17685234537443_500.jpg,False
2025-09,F,001,상의,,,6,2759813,saintpain,세인트페인,SP 팀 로고 후드-멜란지 그레이,https://image.msscdn.net/images/goods_img/20220831/2759813/2759813_1_500.jpg,False
2025-09,F,001,상의,,,7,3005822,brownbreath,브라운브레스,TAG OG LONGSLEEVE - WHITE,https://image.msscdn.net/images/goods_img/20230104/3005822/3005822_17392559844752_500.jpg,False
2025-09,F,001,상의,,,8,4763978,mongdol,몽돌,텐셀 시스루 루즈핏 셔츠 차콜 MDSH019CHARCOAL,https://image.msscdn.net/images/goods_img/20250206/4763978/4763978_17412403361244_500.jpg,False
2025-09,F,001,상의,,,9,5336051,generalideastandard,제너럴아이디어,레이어드 브이넥 니트 풀오버 [MELANGE GREY] / WBE3L05512,https://image.msscdn.net/images/goods_img/20250819/5336051/5336051_17555737510190_500.jpg,False
2025-09,F,001,상의,,,10,4755834,ason,애즈온,WISH RIBBED BUTTON TEE / IVORY,https://image.msscdn.net/images/goods_img/20250204/4755834/4755834_17721789754782_500.jpg,False
2025-09,F,001,상의,,,11,4704341,jeep,지프,[360g] M-Logo 반집업 맨투맨 (JR5TSU838MB),https://image.msscdn.net/images/goods_img/20250108/4704341/4704341_17412474701281_500.jpg,False
2025-09,F,001,상의,,,12,2058133,brownbreath,브라운브레스,TAG OG LONGSLEEVE - BLACK,https://image.msscdn.net/images/goods_img/20210811/2058133/2058133_17385429891236_500.jpg,False
2025-09,F,001,상의,,,13,5301590,thecoldestmoment,더콜디스트모먼트,TCM twist button long sleeve (black),https://image.msscdn.net/images/goods_img/20250807/5301590/5301590_17556793978080_500.png,False
2025-09,F,001,상의,,,14,4182646,compagno,꼼파뇨,HUFF Hoppi 피그먼트 반팔티 스모크블랙,https://image.msscdn.net/images/goods_img/20240607/4182646/4182646_17177373346475_500.jpg,False
2025-09,F,001,상의,,,15,2302738,brownbreath,브라운브레스,TAG OG HOODIE - NAVY,https://image.msscdn.net/images/goods_img/20220112/2302738/2302738_17685234128085_500.jpg,False
2025-09,F,001,상의,,,16,3907161,ruddycheeks,아이필블루씨에스엠,Ifeelbluecsm Hoodie [5Color],https://image.msscdn.net/images/goods_img/20240227/3907161/3907161_17591081389486_500.jpg,False
2025-09,F,001,상의,,,17,4725152,yale,예일,투톤아치 후드_그레이,https://image.msscdn.net/images/goods_img/20250116/4725152/4725152_17685333172148_500.jpg,False
2025-09,F,001,상의,,,18,4440029,amesworldwide,아메스 월드와이드,BIG TYPO HOODIE (6 colors),https://image.msscdn.net/images/goods_img/20240913/4440029/4440029_17623208002122_500.jpg,False
2025-09,F,001,상의,,,19,5404516,comieu,쏘비,세미크롭 CH 긴팔티,https://image.msscdn.net/images/goods_img/20250904/5404516/5404516_17569705957799_500.png,False
2025-09,F,001,상의,,,20,4348635,thecoldestmoment,더콜디스트모먼트,TCM mini logo stripe long sleeve (pink/red),https://image.msscdn.net/images/goods_img/20240820/4348635/4348635_17254110112634_500.jpg,False
2025-09,F,001,상의,,,21,2518417,jeep,지프,[2PACK] 190g 싱글 에어그램  반팔 티셔츠 (JR5TSU159BK),https://image.msscdn.net/images/goods_img/20220427/2518417/2518417_17685218387430_500.jpg,False
2025-09,F,001,상의,,,22,4038037,compagno,꼼파뇨,익스플로 버니 피그먼트 반팔티 스모크블랙,https://image.msscdn.net/images/goods_img/20240409/4038037/4038037_17744206027335_500.jpg,False
2025-09,F,001,상의,,,23,4708446,prendafromplant,프렌다,LACE NECK BUTTON LONG SLEEVE OATMEAL,https://image.msscdn.net/images/goods_img/20250109/4708446/4708446_17695856977578_500.jpg,False
2025-09,F,001,상의,,,24,4306872,codegraphy,코드그라피,90S VTG THE NERD 오버핏 체크셔츠_2COLOR,https://image.msscdn.net/images/goods_img/20240807/4306872/4306872_17718107079304_500.jpg,False
2025-09,F,001,상의,,,25,4385997,suarewomen,수아레 우먼,[보라끌레르X수아레](우먼)캐시미어 100 홀가먼트 브이넥 니트 - 8 COLOR,https://image.msscdn.net/images/goods_img/20240829/4385997/4385997_17585225944934_500.jpg,False
2025-09,F,001,상의,,,26,3625615,rockcake,락케이크,Funk Mesh Top - Black,https://image.msscdn.net/images/goods_img/20231013/3625615/3625615_17168719123899_500.jpg,False
2025-09,F,001,상의,,,27,4385991,suarewomen,수아레 우먼,[보라끌레르X수아레](우먼)캐시미어 100 홀가먼트 니트 - 14 COLOR,https://image.msscdn.net/images/goods_img/20240829/4385991/4385991_17582601007705_500.jpg,False
2025-09,F,001,상의,,,28,3533480,ezkaton,에즈카톤,스페이스 헤비코튼 후드 버건디 KMHD6723,https://image.msscdn.net/images/goods_img/20230906/3533480/3533480_16939610292721_500.jpg,False
2025-09,F,001,상의,,,29,4330179,codegraphy,코드그라피,CGP 스몰 스퀘어 로고 스트라이프 럭비 맨투맨_버건디,https://image.msscdn.net/images/goods_img/20240814/4330179/4330179_17556489229431_500.jpg,False
2025-09,F,001,상의,,,30,4401124,suarewomen,수아레 우먼,[SET][보라끌레르X수아레] 우먼 캐시미어 홀가먼트 니트 세트,https://image.msscdn.net/images/goods_img/20240904/4401124/4401124_17585227609519_500.jpg,False
2025-09,F,001005,맨투맨/스웨트,001,상의,1,5276013,trillion,트릴리온,레더 패치 데님 카라 럭비 맨투맨_네이비,https://image.msscdn.net/images/goods_img/20250728/5276013/5276013_17545474942483_500.jpg,False
2025-09,F,001005,맨투맨/스웨트,001,상의,2,4704341,jeep,지프,[360g] M-Logo 반집업 맨투맨 (JR5TSU838MB),https://image.msscdn.net/images/goods_img/20250108/4704341/4704341_17412474701281_500.jpg,False
2025-09,F,001005,맨투맨/스웨트,001,상의,3,4330179,codegraphy,코드그라피,CGP 스몰 스퀘어 로고 스트라이프 럭비 맨투맨_버건디,https://image.msscdn.net/images/goods_img/20240814/4330179/4330179_17556489229431_500.jpg,False
2025-09,F,001005,맨투맨/스웨트,001,상의,4,5259072,youhee,유희,YOUHEETIC HOTFIX OFF-SHOULDER SWEATSHIRTS WHITE,https://image.msscdn.net/images/goods_img/20250721/5259072/5259072_17557444166673_500.jpg,False
2025-09,F,001005,맨투맨/스웨트,001,상의,5,5289708,codegraphy,코드그라피,스트라이프 럭비 맨투맨_다크 레드,https://image.msscdn.net/images/goods_img/20250804/5289708/5289708_17770114550266_500.jpg,False
2025-09,F,001005,맨투맨/스웨트,001,상의,6,4338882,nastyfancyclub,팬시클럽,원숄더 버클 스웻셔츠 (MELANGE GRAY)_F24ZB063,https://image.msscdn.net/images/goods_img/20240816/4338882/4338882_17896114306537_500.jpg,False
2025-09,F,001005,맨투맨/스웨트,001,상의,7,3948632,mucent,무센트,빅 로고 루즈핏 롱슬리브 맨투맨 (3컬러),https://image.msscdn.net/images/goods_img/20240313/3948632/3948632_17300845807043_500.jpg,False
2025-09,F,001005,맨투맨/스웨트,001,상의,8,5284439,luvistrue,러브이즈트루,GT ONE SHOULDER SWEATSHIRT(GRAY),https://image.msscdn.net/images/goods_img/20250731/5284439/5284439_17560908639406_500.jpg,False
2025-09,F,001005,맨투맨/스웨트,001,상의,9,4342389,ghostrepublic,고스트리퍼블릭,심볼 로고 트랙 폴로 맨투맨 GMT-156_블랙,https://image.msscdn.net/images/goods_img/20240819/4342389/4342389_17847048024420_500.jpg,False
2025-09,F,001005,맨투맨/스웨트,001,상의,10,5289709,codegraphy,코드그라피,스트라이프 럭비 맨투맨_블루,https://image.msscdn.net/images/goods_img/20250804/5289709/5289709_17645548545022_500.jpg,False
2025-09,F,001005,맨투맨/스웨트,001,상의,11,5303110,marithefrancoisgirbaud,마리떼 프랑소와 저버,CLASSIC LOGO STRIPE RUGBY SWEATSHIRT light pink,https://image.msscdn.net/images/goods_img/20250808/5303110/5303110_17569423061625_500.jpg,False
2025-09,F,001005,맨투맨/스웨트,001,상의,12,3444706,brownbreath,브라운브레스,TAG OG CREWNECK - BLACK,https://image.msscdn.net/images/goods_img/20230804/3444706/3444706_17231911605372_500.jpg,False
2025-09,F,001005,맨투맨/스웨트,001,상의,13,3824749,letterfrommoon,레터프롬문,에딘 오프숄더 스웻셔츠 ( 피그먼트 차콜 ),https://image.msscdn.net/images/goods_img/20240126/3824749/3824749_17440748068838_500.jpg,False
2025-09,F,001005,맨투맨/스웨트,001,상의,14,5311725,aecawhite,에이카화이트,AECA ARCH FELT SWEAT SHIRTS-BLACK,https://image.msscdn.net/images/goods_img/20250812/5311725/5311725_17549943495347_500.jpg,False
2025-09,F,001005,맨투맨/스웨트,001,상의,15,5290998,ghostrepublic,고스트리퍼블릭,심볼 로고 트랙 폴로 맨투맨 GMT-156_네이비,https://image.msscdn.net/images/goods_img/20250804/5290998/5290998_17542950782493_500.jpg,False
2025-09,F,001005,맨투맨/스웨트,001,상의,16,4338881,nastyfancyclub,팬시클럽,원숄더 버클 스웻셔츠 (BLACK)_F24ZB063,https://image.msscdn.net/images/goods_img/20240816/4338881/4338881_17748473782020_500.jpg,False
2025-09,F,001005,맨투맨/스웨트,001,상의,17,5298610,rosefrantz,로제프란츠,Eyelet Strap Open Sweatshirt [Black],https://image.msscdn.net/images/goods_img/20250807/5298610/5298610_17545290334617_500.jpg,False
2025-09,F,001005,맨투맨/스웨트,001,상의,18,5333930,sunburnproject,썬번프로젝트,"Off-shoulder Sunburn Sweatshirt, PURPLE",https://image.msscdn.net/images/goods_img/20250818/5333930/5333930_17561213334888_500.jpg,False
2025-09,F,001005,맨투맨/스웨트,001,상의,19,5245898,xtonzwoman,루나키후,WXT067 구르구르 아플리케 원숄더 맨투맨 (MELANGE GRAY),https://image.msscdn.net/images/goods_img/20250714/5245898/5245898_17555948518521_500.jpg,False
2025-09,F,001005,맨투맨/스웨트,001,상의,20,5291758,jeep,지프,[360g] M-Logo 반집업 맨투맨 (JR5TSU838BR),https://image.msscdn.net/images/goods_img/20250805/5291758/5291758_17568606030806_500.png,False
2025-09,F,001005,맨투맨/스웨트,001,상의,21,2313388,1993studio,1993스튜디오,90S 트랙 스웨트셔츠_그레이,https://image.msscdn.net/images/goods_img/20220118/2313388/2313388_17592092127579_500.jpg,False
2025-09,F,001005,맨투맨/스웨트,001,상의,22,4375639,compagno,꼼파뇨,happy day 피그먼트 스웨트셔츠 스모크블랙,https://image.msscdn.net/images/goods_img/20240827/4375639/4375639_17727551128659_500.jpg,False
2025-09,F,001005,맨투맨/스웨트,001,상의,23,4699878,codegraphy,코드그라피,CGP 스몰 스퀘어 로고 스트라이프 럭비 맨투맨_브라운,https://image.msscdn.net/images/goods_img/20250106/4699878/4699878_17435689410351_500.jpg,False
2025-09,F,001005,맨투맨/스웨트,001,상의,24,3444707,brownbreath,브라운브레스,TAG OG CREWNECK - MELANGE GREY,https://image.msscdn.net/images/goods_img/20230804/3444707/3444707_17231911519849_500.jpg,False
2025-09,F,001005,맨투맨/스웨트,001,상의,25,5259071,youhee,유희,YOUHEETIC HOTFIX OFF-SHOULDER SWEATSHIRTS MELANGE GREY,https://image.msscdn.net/images/goods_img/20250721/5259071/5259071_17557443719318_500.jpg,False
2025-09,F,001005,맨투맨/스웨트,001,상의,26,5284437,luvistrue,러브이즈트루,GT ONE SHOULDER SWEATSHIRT(BLACK),https://image.msscdn.net/images/goods_img/20250731/5284437/5284437_17588503231488_500.jpg,False
2025-09,F,001005,맨투맨/스웨트,001,상의,27,5276014,trillion,트릴리온,레더 패치 데님 카라 럭비 맨투맨_블랙,https://image.msscdn.net/images/goods_img/20250728/5276014/5276014_17545475185467_500.jpg,False
2025-09,F,001005,맨투맨/스웨트,001,상의,28,5322192,nastyfancyclub,팬시클럽,로저리 노이어 스웻셔츠 (BLACK) F25ZB016,https://image.msscdn.net/images/goods_img/20250813/5322192/5322192_17893616742328_500.png,False
2025-09,F,001005,맨투맨/스웨트,001,상의,29,4424539,notonlyfortoday,낫온리포투데이,NOFT 패치워크 맨투맨 (2Color),https://image.msscdn.net/images/goods_img/20240910/4424539/4424539_17884871132689_500.jpg,False
2025-09,F,001005,맨투맨/스웨트,001,상의,30,1817394,travel,트래블,[3-PACK]베이직 트래블러 피그먼트 스웨트셔츠,https://image.msscdn.net/images/goods_img/20210226/1817394/1817394_17152436181527_500.jpg,False
2025-09,F,001004,후드 티셔츠,001,상의,1,4302685,sorano,소라노,SORANO Basic Logo HOODIE [6Color],https://image.msscdn.net/images/goods_img/20240807/4302685/4302685_17229675684379_500.jpg,False
2025-09,F,001004,후드 티셔츠,001,상의,2,2722805,brownbreath,브라운브레스,TAG OG HOODIE - BURGUNDY,https://image.msscdn.net/images/goods_img/20220817/2722805/2722805_17685233788556_500.jpg,False
2025-09,F,001004,후드 티셔츠,001,상의,3,2058188,brownbreath,브라운브레스,TAG OG HOODIE - BLACK,https://image.msscdn.net/images/goods_img/20210811/2058188/2058188_17685234537443_500.jpg,False
2025-09,F,001004,후드 티셔츠,001,상의,4,2759813,saintpain,세인트페인,SP 팀 로고 후드-멜란지 그레이,https://image.msscdn.net/images/goods_img/20220831/2759813/2759813_1_500.jpg,False
2025-09,F,001004,후드 티셔츠,001,상의,5,2302738,brownbreath,브라운브레스,TAG OG HOODIE - NAVY,https://image.msscdn.net/images/goods_img/20220112/2302738/2302738_17685234128085_500.jpg,False
2025-09,F,001004,후드 티셔츠,001,상의,6,3907161,ruddycheeks,아이필블루씨에스엠,Ifeelbluecsm Hoodie [5Color],https://image.msscdn.net/images/goods_img/20240227/3907161/3907161_17591081389486_500.jpg,False
2025-09,F,001004,후드 티셔츠,001,상의,7,4725152,yale,예일,투톤아치 후드_그레이,https://image.msscdn.net/images/goods_img/20250116/4725152/4725152_17685333172148_500.jpg,False
2025-09,F,001004,후드 티셔츠,001,상의,8,4440029,amesworldwide,아메스 월드와이드,BIG TYPO HOODIE (6 colors),https://image.msscdn.net/images/goods_img/20240913/4440029/4440029_17623208002122_500.jpg,False
2025-09,F,001004,후드 티셔츠,001,상의,9,3533480,ezkaton,에즈카톤,스페이스 헤비코튼 후드 버건디 KMHD6723,https://image.msscdn.net/images/goods_img/20230906/3533480/3533480_16939610292721_500.jpg,False
2025-09,F,001004,후드 티셔츠,001,상의,10,4326536,dimitriblack,디미트리블랙,VLAD 컷오프 아플리케 후드 티셔츠_차콜,https://image.msscdn.net/images/goods_img/20240813/4326536/4326536_17514416403147_500.jpg,False
2025-09,F,001004,후드 티셔츠,001,상의,11,4281004,lee,리,빅 트위치 로고 후드 티셔츠 네이비,https://image.msscdn.net/images/goods_img/20240729/4281004/4281004_17695628096256_500.jpg,False
2025-09,F,001004,후드 티셔츠,001,상의,12,5332216,venhit,벤힛,MRT 체크 아플리케 후드티_모카무스,https://image.msscdn.net/images/goods_img/20250818/5332216/5332216_17564505914264_500.jpg,False
2025-09,F,001004,후드 티셔츠,001,상의,13,3445872,apr8,에이프릴에잇,APR8 STAR LOGO HOODIE [6Color],https://image.msscdn.net/images/goods_img/20230804/3445872/3445872_16944857555770_500.jpg,False
2025-09,F,001004,후드 티셔츠,001,상의,14,5484873,lee,리,빅 트위치 로고 후드 티셔츠_5Color,https://image.msscdn.net/images/goods_img/20250918/5484873/5484873_17587057641221_500.jpg,False
2025-09,F,001004,후드 티셔츠,001,상의,15,5332183,venhit,벤힛,MRT 카모 아플리케 후드티,https://image.msscdn.net/images/goods_img/20250818/5332183/5332183_17564512100528_500.jpg,False
2025-09,F,001004,후드 티셔츠,001,상의,16,3464998,venhit,벤힛,MRT 후드티,https://image.msscdn.net/images/goods_img/20230814/3464998/3464998_16964023450202_500.jpg,False
2025-09,F,001004,후드 티셔츠,001,상의,17,3876972,muahmuah,무아무아,[쭈리/기모] 스티치 콤비 후디 [6color],https://image.msscdn.net/images/goods_img/20240216/3876972/3876972_17514208391640_500.jpg,False
2025-09,F,001004,후드 티셔츠,001,상의,18,4711280,venhit,벤힛,VH CREW 후드티,https://image.msscdn.net/images/goods_img/20250110/4711280/4711280_17370785218504_500.jpg,False
2025-09,F,001004,후드 티셔츠,001,상의,19,4265248,anotherarchive,어나더 아카이브,그래피티 로고 후드티_네이비,https://image.msscdn.net/images/goods_img/20240722/4265248/4265248_17243380383879_500.jpg,False
2025-09,F,001004,후드 티셔츠,001,상의,20,4804544,mimthewardrobe,밈더워드로브,헬로 월드 LOVE 후드티_카모,https://image.msscdn.net/images/goods_img/20250219/4804544/4804544_17683684205480_500.jpg,False
2025-09,F,001004,후드 티셔츠,001,상의,21,5421502,ruddycheeks,아이필블루씨에스엠,CSM CAMO LOGO HOODIE [3Color],https://image.msscdn.net/images/goods_img/20250909/5421502/5421502_17573476770031_500.jpg,False
2025-09,F,001004,후드 티셔츠,001,상의,22,5325077,aleadysold,얼레디솔드,ARSD LOGO 후드티,https://image.msscdn.net/images/goods_img/20250814/5325077/5325077_17551494157389_500.png,False
2025-09,F,001004,후드 티셔츠,001,상의,23,3907164,ruddycheeks,아이필블루씨에스엠,Ifeelbluecsm Hoodie Oatmeal,https://image.msscdn.net/images/goods_img/20240227/3907164/3907164_17090361274276_500.jpg,False
2025-09,F,001004,후드 티셔츠,001,상의,24,5308455,ghostrepublic,고스트리퍼블릭,래글런 트랙 후드배색 헨리넥 후드티 GHT-483_네이비,https://image.msscdn.net/images/goods_img/20250811/5308455/5308455_17848598615368_500.jpg,False
2025-09,F,001004,후드 티셔츠,001,상의,25,4330155,codegraphy,코드그라피,25 절개 트랙 후드티_카키,https://image.msscdn.net/images/goods_img/20240814/4330155/4330155_17718102015743_500.jpg,False
2025-09,F,001004,후드 티셔츠,001,상의,26,4640818,likethemost,라이크더모스트,더즌트 LTMT 오버 후디_블랙,https://image.msscdn.net/images/goods_img/20241128/4640818/4640818_17327532241019_500.jpg,False
2025-09,F,001004,후드 티셔츠,001,상의,27,2870838,satur,세터,리벳 아플리케 포켓 로고 후드 오가닉 블랙,https://image.msscdn.net/images/goods_img/20221017/2870838/2870838_17338957959074_500.jpg,False
2025-09,F,001004,후드 티셔츠,001,상의,28,5332443,istkunst,이스트쿤스트,ATTUNE HOODIE_LIGHT BLUE(IK2FFMM404A),https://image.msscdn.net/images/goods_img/20250818/5332443/5332443_17900537393025_500.jpg,False
2025-09,F,001004,후드 티셔츠,001,상의,29,4440027,amesworldwide,아메스 월드와이드,BIG TYPO HOODIE BLACK,https://image.msscdn.net/images/goods_img/20240913/4440027/4440027_17893592819525_500.jpg,False
2025-09,F,001004,후드 티셔츠,001,상의,30,3907158,ruddycheeks,아이필블루씨에스엠,Ifeelbluecsm Hoodie Light Grey,https://image.msscdn.net/images/goods_img/20240227/3907158/3907158_17090353346524_500.jpg,False
2025-09,F,001002,셔츠/블라우스,001,상의,1,4763978,mongdol,몽돌,텐셀 시스루 루즈핏 셔츠 차콜 MDSH019CHARCOAL,https://image.msscdn.net/images/goods_img/20250206/4763978/4763978_17412403361244_500.jpg,False
2025-09,F,001002,셔츠/블라우스,001,상의,2,4306872,codegraphy,코드그라피,90S VTG THE NERD 오버핏 체크셔츠_2COLOR,https://image.msscdn.net/images/goods_img/20240807/4306872/4306872_17718107079304_500.jpg,False
2025-09,F,001002,셔츠/블라우스,001,상의,3,3791891,filluminate,필루미네이트,오버핏 포레스트 체크 셔츠-블랙,https://image.msscdn.net/images/goods_img/20240112/3791891/3791891_17901256505525_500.jpg,False
2025-09,F,001002,셔츠/블라우스,001,상의,4,4705635,lemainsecond,리메인세컨드,레트로 오버핏 코튼 플란넬 포켓 체크 셔츠 [그린],https://image.msscdn.net/images/goods_img/20250108/4705635/4705635_17670774272725_500.jpg,False
2025-09,F,001002,셔츠/블라우스,001,상의,5,5343537,euggen,유젠,엔틱 스몰 로고 클래식 데님 셔츠_라이트 인디고,https://image.msscdn.net/images/goods_img/20250820/5343537/5343537_17558257958900_500.jpg,False
2025-09,F,001002,셔츠/블라우스,001,상의,6,3323598,musinsastandardwoman,무신사 스탠다드 우먼,우먼즈 슬림 핏 셔츠 [화이트],https://image.msscdn.net/images/goods_img/20230525/3323598/3323598_16969793437240_500.jpg,False
2025-09,F,001002,셔츠/블라우스,001,상의,7,4424923,nain,아틀리에 나인,LOND2 WAIST TUCK BLOUSE(BL-4287),https://image.msscdn.net/images/goods_img/20240910/4424923/4424923_17900440716409_500.jpg,False
2025-09,F,001002,셔츠/블라우스,001,상의,8,5253326,lemainsecond,리메인세컨드,프리미엄 오버핏 플란넬 포켓 체크 셔츠 [네이비],https://image.msscdn.net/images/goods_img/20250717/5253326/5253326_17870318719244_500.jpg,False
2025-09,F,001002,셔츠/블라우스,001,상의,9,2085005,citybreeze,시티브리즈,링클 프리 베이직 셔츠_19COLORS,https://image.msscdn.net/images/prd_img/20210824/2085005/detail_2085005_17524690165032_500.jpg,False
2025-09,F,001002,셔츠/블라우스,001,상의,10,4227437,standarderror,스탠다드에러,87-STAN081 원포켓 빈티지 오버핏 긴팔 체크 셔츠 네이비,https://image.msscdn.net/images/goods_img/20240702/4227437/4227437_17738154996351_500.jpg,False
2025-09,F,001002,셔츠/블라우스,001,상의,11,4755788,acover,어커버,타탄 스웻후드 체크셔츠 3color,https://image.msscdn.net/images/goods_img/20250204/4755788/4755788_17891133480992_500.jpg,False
2025-09,F,001002,셔츠/블라우스,001,상의,12,4288935,dimitriblack,디미트리블랙,ASI 에센셜 바이오워싱 데님 셔츠_더스트 인디고,https://image.msscdn.net/images/goods_img/20240801/4288935/4288935_17234533281193_500.jpg,False
2025-09,F,001002,셔츠/블라우스,001,상의,13,4705470,lemainsecond,리메인세컨드,오버핏 플란넬 포켓 체크 셔츠 [블랙],https://image.msscdn.net/images/goods_img/20250108/4705470/4705470_17872915557201_500.jpg,False
2025-09,F,001002,셔츠/블라우스,001,상의,14,5251265,lemainsecond,리메인세컨드,오버핏 플란넬 포켓 체크 셔츠 [딥블루],https://image.msscdn.net/images/goods_img/20250716/5251265/5251265_17872912962879_500.jpg,False
2025-09,F,001002,셔츠/블라우스,001,상의,15,5244165,bittercells,비터셀즈,오버사이즈드 코니 체크 셔츠-블랙,https://image.msscdn.net/images/goods_img/20250711/5244165/5244165_17550625626961_500.jpg,False
2025-09,F,001002,셔츠/블라우스,001,상의,16,4900216,muahmuah,무아무아,루즈핏 체크 긴팔 셔츠 [5color],https://image.msscdn.net/images/goods_img/20250314/4900216/4900216_17877996164541_500.jpg,False
2025-09,F,001002,셔츠/블라우스,001,상의,17,3825677,lemainsecond,리메인세컨드,[NPACK] 시티보이 오버핏 워싱 데님 셔츠_4COLOR,https://image.msscdn.net/images/goods_img/20240126/3825677/3825677_17562729866799_500.jpg,False
2025-09,F,001002,셔츠/블라우스,001,상의,18,4137626,avan,어반드레스,Smith Overfit Check Shirt WHITE,https://image.msscdn.net/images/goods_img/20240517/4137626/4137626_17175751831086_500.jpg,False
2025-09,F,001002,셔츠/블라우스,001,상의,19,5026626,trillion,트릴리온,레더 패치 오버핏 워크 데님 반팔 셔츠 [옐로우 블랙],https://image.msscdn.net/images/goods_img/20250414/5026626/5026626_17458963897203_500.jpg,False
2025-09,F,001002,셔츠/블라우스,001,상의,20,5244137,bittercells,비터셀즈,오버사이즈드 샤샤 스트라이프 셔츠-아이보리,https://image.msscdn.net/images/goods_img/20250711/5244137/5244137_17550624506068_500.jpg,False
2025-09,F,001002,셔츠/블라우스,001,상의,21,5367157,placestudio,플레이스 스튜디오,[아네딘X플레이스스튜디오] 오버핏 셔링 플리츠 코튼 블라우스_3COLOR,https://image.msscdn.net/images/goods_img/20250827/5367157/5367157_17562631098533_500.jpg,False
2025-09,F,001002,셔츠/블라우스,001,상의,22,5251282,lemainsecond,리메인세컨드,오버핏 플란넬 포켓 체크 셔츠 [딥핑크],https://image.msscdn.net/images/goods_img/20250716/5251282/5251282_17872912389970_500.jpg,False
2025-09,F,001002,셔츠/블라우스,001,상의,23,4121422,vivacious,비바셔스,Cencel See-Through Classic Shirt - 6COL,https://image.msscdn.net/images/goods_img/20240510/4121422/4121422_17871159171767_500.jpg,False
2025-09,F,001002,셔츠/블라우스,001,상의,24,4425073,takeasy,테이크이지,빈티지 오버 듀플린 체크 셔츠 (차콜),https://image.msscdn.net/images/goods_img/20240910/4425073/4425073_17273390280319_500.jpg,False
2025-09,F,001002,셔츠/블라우스,001,상의,25,994588,filluminate,필루미네이트,옵티멀 베이직 셔츠-화이트[린넨＆옥스포드 선택],https://image.msscdn.net/images/goods_img/20190326/994588/994588_17878791359967_500.jpg,False
2025-09,F,001002,셔츠/블라우스,001,상의,26,4672682,musinsastandardwoman,무신사 스탠다드 우먼,우먼즈 오버사이즈 워시드 포플린 셔츠 [건메탈],https://image.msscdn.net/images/goods_img/20241219/4672682/4672682_17524697305464_500.jpg,False
2025-09,F,001002,셔츠/블라우스,001,상의,27,5278620,placestudio,플레이스 스튜디오,베이직 스트라이프 코튼 하프 긴팔 카라 셔츠 _ 3COLOR,https://image.msscdn.net/images/goods_img/20250729/5278620/5278620_17682679236187_500.jpg,False
2025-09,F,001002,셔츠/블라우스,001,상의,28,3155032,avan,어반드레스,Sopy Collar Short-Sleeve BLACK,https://image.msscdn.net/images/goods_img/20230316/3155032/3155032_17198196720060_500.jpg,False
2025-09,F,001002,셔츠/블라우스,001,상의,29,1647895,avan,어반드레스,마르스 오버핏 울 체크 셔츠-네이비,https://image.msscdn.net/images/goods_img/20201014/1647895/1647895_17306765714622_500.jpg,False
2025-09,F,001002,셔츠/블라우스,001,상의,30,4969869,filluminate,필루미네이트,올 데이 옥스포드 셔츠-7Color,https://image.msscdn.net/images/goods_img/20250331/4969869/4969869_17800391866056_500.jpg,False
2025-09,F,001010,긴소매 티셔츠,001,상의,1,5376547,tansanmagnesium,탄산마그네슘,마운틴 롱슬리브 네이비 (우먼),https://image.msscdn.net/images/goods_img/20250828/5376547/5376547_17718144833063_500.jpg,False
2025-09,F,001010,긴소매 티셔츠,001,상의,2,3005822,brownbreath,브라운브레스,TAG OG LONGSLEEVE - WHITE,https://image.msscdn.net/images/goods_img/20230104/3005822/3005822_17392559844752_500.jpg,False
2025-09,F,001010,긴소매 티셔츠,001,상의,3,4755834,ason,애즈온,WISH RIBBED BUTTON TEE / IVORY,https://image.msscdn.net/images/goods_img/20250204/4755834/4755834_17721789754782_500.jpg,False
2025-09,F,001010,긴소매 티셔츠,001,상의,4,2058133,brownbreath,브라운브레스,TAG OG LONGSLEEVE - BLACK,https://image.msscdn.net/images/goods_img/20210811/2058133/2058133_17385429891236_500.jpg,False
2025-09,F,001010,긴소매 티셔츠,001,상의,5,5301590,thecoldestmoment,더콜디스트모먼트,TCM twist button long sleeve (black),https://image.msscdn.net/images/goods_img/20250807/5301590/5301590_17556793978080_500.png,False
2025-09,F,001010,긴소매 티셔츠,001,상의,6,5404516,comieu,쏘비,세미크롭 CH 긴팔티,https://image.msscdn.net/images/goods_img/20250904/5404516/5404516_17569705957799_500.png,False
2025-09,F,001010,긴소매 티셔츠,001,상의,7,4348635,thecoldestmoment,더콜디스트모먼트,TCM mini logo stripe long sleeve (pink/red),https://image.msscdn.net/images/goods_img/20240820/4348635/4348635_17254110112634_500.jpg,False
2025-09,F,001010,긴소매 티셔츠,001,상의,8,4708446,prendafromplant,프렌다,LACE NECK BUTTON LONG SLEEVE OATMEAL,https://image.msscdn.net/images/goods_img/20250109/4708446/4708446_17695856977578_500.jpg,False
2025-09,F,001010,긴소매 티셔츠,001,상의,9,3625615,rockcake,락케이크,Funk Mesh Top - Black,https://image.msscdn.net/images/goods_img/20231013/3625615/3625615_17168719123899_500.jpg,False
2025-09,F,001010,긴소매 티셔츠,001,상의,10,5338925,comieu,쏘비,세미크롭 Kyooo 긴팔티,https://image.msscdn.net/images/goods_img/20250819/5338925/5338925_17556490719825_500.png,False
2025-09,F,001010,긴소매 티셔츠,001,상의,11,5376111,tansanmagnesium,탄산마그네슘,마운틴 롱슬리브 스카이블루 (우먼),https://image.msscdn.net/images/goods_img/20250828/5376111/5376111_17621500295885_500.jpg,False
2025-09,F,001010,긴소매 티셔츠,001,상의,12,4227807,discusathletic,디스커스 애슬레틱,[2PACK] 오버 핏 롱슬리브 블랭크 티셔츠,https://image.msscdn.net/images/goods_img/20240702/4227807/4227807_17881482998978_500.jpg,False
2025-09,F,001010,긴소매 티셔츠,001,상의,13,3874367,jeep,지프,[2PACK] 16수 싱글 에어그램 롱슬리브 티셔츠 (JQ5TSU754BK),https://image.msscdn.net/images/prd_img/20240215/3874367/detail_3874367_17834737247478_500.jpg,False
2025-09,F,001010,긴소매 티셔츠,001,상의,14,4265181,teket,테켓,Plan L/S Tee White,https://image.msscdn.net/images/goods_img/20240722/4265181/4265181_17871239896515_500.jpg,False
2025-09,F,001010,긴소매 티셔츠,001,상의,15,3626384,thecoldestmoment,더콜디스트모먼트,TCM restaurant long sleeve (white/ivory),https://image.msscdn.net/images/goods_img/20231013/3626384/3626384_16977767616539_500.png,False
2025-09,F,001010,긴소매 티셔츠,001,상의,16,4762776,gilaarchive,길라아카이브,STAR WING SHEER LONG SLEEVE_GY,https://image.msscdn.net/images/goods_img/20250206/4762776/4762776_17610961951773_500.jpg,False
2025-09,F,001010,긴소매 티셔츠,001,상의,17,4886457,brenson,브렌슨,오버핏 1:1 스트라이프 긴팔티 ( 5Color ),https://image.msscdn.net/images/goods_img/20250312/4886457/4886457_17629959457223_500.jpg,False
2025-09,F,001010,긴소매 티셔츠,001,상의,18,4722494,adidas,아디다스,3S 레귤러 긴팔 티 - 블랙 / JC5774,https://image.msscdn.net/images/goods_img/20250115/4722494/4722494_17370143152377_500.jpg,False
2025-09,F,001010,긴소매 티셔츠,001,상의,19,4348641,thecoldestmoment,더콜디스트모먼트,TCM mini logo stripe long sleeve (sky blue/charcoal),https://image.msscdn.net/images/goods_img/20240820/4348641/4348641_17254109815864_500.jpg,False
2025-09,F,001010,긴소매 티셔츠,001,상의,20,3417709,musinsastandardwoman,무신사 스탠다드 우먼,우먼즈 슬림 크루 넥 긴소매 티셔츠 [화이트],https://image.msscdn.net/images/goods_img/20230720/3417709/3417709_16964869253825_500.jpg,False
2025-09,F,001010,긴소매 티셔츠,001,상의,21,4803671,jeep,지프,[2PACK] 210g 싱글 에어그램 롱슬리브 티셔츠 (JQ5TSU154BK),https://image.msscdn.net/images/goods_img/20250219/4803671/4803671_17404489170265_500.jpg,False
2025-09,F,001010,긴소매 티셔츠,001,상의,22,4439881,dickies,디키즈,루즈핏 빅로고 긴소매 White,https://image.msscdn.net/images/goods_img/20240913/4439881/4439881_17883982230613_500.jpg,False
2025-09,F,001010,긴소매 티셔츠,001,상의,23,5375907,tansanmagnesium,탄산마그네슘,혼 아플리케 롱슬리브 네이비 (우먼),https://image.msscdn.net/images/goods_img/20250828/5375907/5375907_17605984059616_500.jpg,False
2025-09,F,001010,긴소매 티셔츠,001,상의,24,5295587,generalideastandard,제너럴아이디어,레이어드 트위스트 티셔츠 [BROWN] / WBE3L01502,https://image.msscdn.net/images/goods_img/20250806/5295587/5295587_17875353274043_500.jpg,False
2025-09,F,001010,긴소매 티셔츠,001,상의,25,5278121,misekiseoul,미세키서울,Slash button long sleeves BLACK,https://image.msscdn.net/images/goods_img/20250729/5278121/5278121_17572938421995_500.jpg,False
2025-09,F,001010,긴소매 티셔츠,001,상의,26,4870387,ason,애즈온,ATLANTA POCKET TEE / BLUE-GREEN,https://image.msscdn.net/images/goods_img/20250307/4870387/4870387_17413303557184_500.jpg,False
2025-09,F,001010,긴소매 티셔츠,001,상의,27,3921829,brownbreath,브라운브레스,PAISLEY TAG LONGSLEEVE - WHITE,https://image.msscdn.net/images/goods_img/20240305/3921829/3921829_17605793893397_500.jpg,False
2025-09,F,001010,긴소매 티셔츠,001,상의,28,4243340,urbandtype,어반디타입,풋볼 져지 롱슬리브_화이트,https://image.msscdn.net/images/goods_img/20240710/4243340/4243340_17556568883984_500.jpg,False
2025-09,F,001010,긴소매 티셔츠,001,상의,29,4243327,urbandtype,어반디타입,풋볼 져지 롱슬리브_네이비,https://image.msscdn.net/images/goods_img/20240710/4243327/4243327_17556570889011_500.jpg,False
2025-09,F,001010,긴소매 티셔츠,001,상의,30,4334571,escapefrom,이스케이프프롬,레드 ESCF 로고 콜라주 프린트 롱슬리브 화이트,https://image.msscdn.net/images/goods_img/20240816/4334571/4334571_17300992130893_500.jpg,False
2025-09,F,001001,반소매 티셔츠,001,상의,1,4182646,compagno,꼼파뇨,HUFF Hoppi 피그먼트 반팔티 스모크블랙,https://image.msscdn.net/images/goods_img/20240607/4182646/4182646_17177373346475_500.jpg,False
2025-09,F,001001,반소매 티셔츠,001,상의,2,2518417,jeep,지프,[2PACK] 190g 싱글 에어그램  반팔 티셔츠 (JR5TSU159BK),https://image.msscdn.net/images/goods_img/20220427/2518417/2518417_17685218387430_500.jpg,False
2025-09,F,001001,반소매 티셔츠,001,상의,3,4038037,compagno,꼼파뇨,익스플로 버니 피그먼트 반팔티 스모크블랙,https://image.msscdn.net/images/goods_img/20240409/4038037/4038037_17744206027335_500.jpg,False
2025-09,F,001001,반소매 티셔츠,001,상의,4,4949728,compagno,꼼파뇨,키튼 패치 피그먼트 반팔티 브라운,https://image.msscdn.net/images/goods_img/20250326/4949728/4949728_17430646128881_500.jpg,False
2025-09,F,001001,반소매 티셔츠,001,상의,5,1417691,musinsastandardwoman,무신사 스탠다드 우먼,우먼즈 베이식 크루 넥 반팔 티셔츠 [화이트],https://image.msscdn.net/images/goods_img/20200423/1417691/1417691_17828975022011_500.jpg,False
2025-09,F,001001,반소매 티셔츠,001,상의,6,3943019,compagno,꼼파뇨,DTP 해피 데이 반팔티 화이트,https://image.msscdn.net/images/goods_img/20240312/3943019/3943019_17108267959953_500.jpg,False
2025-09,F,001001,반소매 티셔츠,001,상의,7,4182642,compagno,꼼파뇨,HUFF Hoppi 피그먼트 반팔티 다크블루,https://image.msscdn.net/images/goods_img/20240607/4182642/4182642_17177373646056_500.jpg,False
2025-09,F,001001,반소매 티셔츠,001,상의,8,4794099,compagno,꼼파뇨,두잇 베러 레글런 반팔티 브라운,https://image.msscdn.net/images/goods_img/20250217/4794099/4794099_17397766284573_500.jpg,False
2025-09,F,001001,반소매 티셔츠,001,상의,9,4794103,compagno,꼼파뇨,Precious 레글런 반팔티 브라운,https://image.msscdn.net/images/goods_img/20250217/4794103/4794103_17533229204787_500.jpg,False
2025-09,F,001001,반소매 티셔츠,001,상의,10,5093305,spao,스파오,[가나디] 반팔 티셔츠(WHITE)_SPRLF38U02,https://image.msscdn.net/images/goods_img/20250508/5093305/5093305_17470949517563_500.jpg,False
2025-09,F,001001,반소매 티셔츠,001,상의,11,5340295,luvistrue,러브이즈트루,SHUGO CHARA! GROUP TEE(WHITE),https://image.msscdn.net/images/goods_img/20250819/5340295/5340295_17563552325400_500.jpg,False
2025-09,F,001001,반소매 티셔츠,001,상의,12,5323444,spao,스파오,[중성마녀] 반팔 티셔츠_SPRLF49U02,https://image.msscdn.net/images/goods_img/20250814/5323444/5323444_17581853113913_500.png,False
2025-09,F,001001,반소매 티셔츠,001,상의,13,4002344,rolarola,로라로라,MAISON DE ROLA EMBROIDERY T-SHIRT WHITE,https://image.msscdn.net/images/goods_img/20240328/4002344/4002344_17863206145486_500.jpg,False
2025-09,F,001001,반소매 티셔츠,001,상의,14,5235120,xexymix,젝시믹스,[2PACK] 아이스페더 오버핏 티셔츠 XA5392G,https://image.msscdn.net/images/goods_img/20250709/5235120/5235120_17709523534140_500.jpg,False
2025-09,F,001001,반소매 티셔츠,001,상의,15,3943021,compagno,꼼파뇨,DTP 해피 데이 반팔티 블랙,https://image.msscdn.net/images/goods_img/20240312/3943021/3943021_17108268052270_500.jpg,False
2025-09,F,001001,반소매 티셔츠,001,상의,16,4374422,bubblpiece,버블피스,노스텔지아 피그먼트 티셔츠_차콜,https://image.msscdn.net/images/goods_img/20240827/4374422/4374422_17532369782844_500.jpg,False
2025-09,F,001001,반소매 티셔츠,001,상의,17,5223338,compagno,꼼파뇨,캣 스티치 피그먼트 반팔티 스모크블랙,https://image.msscdn.net/images/goods_img/20250702/5223338/5223338_17514498459374_500.jpg,False
2025-09,F,001001,반소매 티셔츠,001,상의,18,2462040,prendafromplant,프렌다,PRDA DENIM PATCH CREWNECK TEE WHITE,https://image.msscdn.net/images/goods_img/20220401/2462040/2462040_17501470976915_500.jpg,False
2025-09,F,001001,반소매 티셔츠,001,상의,19,4829003,compagno,꼼파뇨,데이지 피그먼트 반팔티 스모크블랙,https://image.msscdn.net/images/goods_img/20250225/4829003/4829003_17404538686061_500.jpg,False
2025-09,F,001001,반소매 티셔츠,001,상의,20,2442409,yale,예일,[16수 코마사] 2PACK 스몰아치 반팔티셔츠 화이트/블랙,https://image.msscdn.net/images/goods_img/20220324/2442409/2442409_17424359787816_500.jpg,False
2025-09,F,001001,반소매 티셔츠,001,상의,21,4966349,venhit,벤힛,MRT 카모 아플리케 반팔티,https://image.msscdn.net/images/goods_img/20250331/4966349/4966349_17442482718307_500.jpg,False
2025-09,F,001001,반소매 티셔츠,001,상의,22,4949712,compagno,꼼파뇨,Precious 레글런 반팔티 네이비,https://image.msscdn.net/images/goods_img/20250326/4949712/4949712_17822727088022_500.jpg,False
2025-09,F,001001,반소매 티셔츠,001,상의,23,4055771,dimitriblack,디미트리블랙,VLAD 피그먼트 슬래쉬 반팔 티셔츠_차콜,https://image.msscdn.net/images/goods_img/20240415/4055771/4055771_17164413957204_500.png,False
2025-09,F,001001,반소매 티셔츠,001,상의,24,4794109,compagno,꼼파뇨,캐럿 홉피 피그먼트 반팔티 더스티핑크,https://image.msscdn.net/images/goods_img/20250217/4794109/4794109_17397764900924_500.jpg,False
2025-09,F,001001,반소매 티셔츠,001,상의,25,1960197,compagno,꼼파뇨,[16수] Happiness Leo 자수 반팔 블랙,https://image.msscdn.net/images/goods_img/20210521/1960197/1960197_1_500.jpg,False
2025-09,F,001001,반소매 티셔츠,001,상의,26,5099357,cosmicsociety,코소,코소 비치  아트웍 티셔츠 (WHITE),https://image.msscdn.net/images/goods_img/20250509/5099357/5099357_17509176952027_500.jpg,False
2025-09,F,001001,반소매 티셔츠,001,상의,27,5092402,compagno,꼼파뇨,치즈 베리 피그먼트 반팔티 스모크블랙,https://image.msscdn.net/images/goods_img/20250507/5092402/5092402_17467024996811_500.jpg,False
2025-09,F,001001,반소매 티셔츠,001,상의,28,4828980,compagno,꼼파뇨,FRESH DONUT 반팔티 크림,https://image.msscdn.net/images/goods_img/20250225/4828980/4828980_17404542382638_500.jpg,False
2025-09,F,001001,반소매 티셔츠,001,상의,29,1417692,musinsastandardwoman,무신사 스탠다드 우먼,우먼즈 베이식 크루 넥 반팔 티셔츠 [블랙],https://image.msscdn.net/images/goods_img/20200423/1417692/1417692_17828971603419_500.jpg,False
2025-09,F,001001,반소매 티셔츠,001,상의,30,3325145,avan,어반드레스,hero loosefit T-shirt - 6COL,https://image.msscdn.net/images/goods_img/20230525/3325145/3325145_17496039356625_500.jpg,False
2025-09,F,001003,피케/카라 티셔츠,001,상의,1,4800569,placestudio,플레이스 스튜디오,스트라이프 럭비 롱슬리브 오버핏 피케 카라 긴팔 폴로 티셔츠_3COLOR,https://image.msscdn.net/images/goods_img/20250218/4800569/4800569_17399621247900_500.jpg,False
2025-09,F,001003,피케/카라 티셔츠,001,상의,2,4651487,musinsastandardwoman,무신사 스탠다드 우먼,우먼즈 릴렉스드 멀티 스트라이프 럭비 셔츠 [네이비],https://image.msscdn.net/images/goods_img/20241205/4651487/4651487_17519299098511_500.jpg,False
2025-09,F,001003,피케/카라 티셔츠,001,상의,3,4992830,suare,수아레,데일리 쿨 하프 니트,https://image.msscdn.net/images/goods_img/20250407/4992830/4992830_17455602368529_500.jpg,False
2025-09,F,001003,피케/카라 티셔츠,001,상의,4,4787728,sculptor,스컬프터,Shirring Tennis Shirt Pink,https://image.msscdn.net/images/goods_img/20250213/4787728/4787728_17546363539546_500.jpg,False
2025-09,F,001003,피케/카라 티셔츠,001,상의,5,5300427,dunstforwomen,던스트,UNISEX MULTI STRIPE COLLARED T-SHIRT_UDTS5C119_BROWN STRIPE,https://image.msscdn.net/images/goods_img/20250807/5300427/5300427_17871307175019_500.jpg,False
2025-09,F,001003,피케/카라 티셔츠,001,상의,6,4746876,havism,해비즘,FF STRIPE COLLAR L/S TEE(BROWN),https://image.msscdn.net/images/goods_img/20250130/4746876/4746876_17385662240948_500.jpg,False
2025-09,F,001003,피케/카라 티셔츠,001,상의,7,4854080,satur,세터,럭비 스트라이프 피케 롱 슬리브 네이비,https://image.msscdn.net/images/goods_img/20250304/4854080/4854080_17417565014715_500.jpg,False
2025-09,F,001003,피케/카라 티셔츠,001,상의,8,3549188,havism,해비즘,OVERSIZE VELOUR V-NECK L/S TEE(GREY),https://image.msscdn.net/images/goods_img/20230911/3549188/3549188_16944107720806_500.jpg,False
2025-09,F,001003,피케/카라 티셔츠,001,상의,9,4706584,bittercells,비터셀즈,유니온 스트라이프 카라 티-스카이 블루,https://image.msscdn.net/images/goods_img/20250109/4706584/4706584_17640497947124_500.jpg,False
2025-09,F,001003,피케/카라 티셔츠,001,상의,10,5277967,placestudio,플레이스 스튜디오,코튼 배색 스트라이프 오버핏 카라 롱슬리브 티셔츠 _ 2COLOR,https://image.msscdn.net/images/goods_img/20250729/5277967/5277967_17592131085461_500.jpg,False
2025-09,F,001003,피케/카라 티셔츠,001,상의,11,5481458,codegraphy,코드그라피,CGP 아치 로고 하프 집업_멜란지그레이,https://image.msscdn.net/images/goods_img/20250917/5481458/5481458_17770116653877_500.jpg,False
2025-09,F,001003,피케/카라 티셔츠,001,상의,12,4323064,unknownplanet,언노운 플라넷,스트라이프 럭비 카라 셔츠 핑크,https://image.msscdn.net/images/goods_img/20240813/4323064/4323064_17239511225486_500.jpg,False
2025-09,F,001003,피케/카라 티셔츠,001,상의,13,4406512,sculptor,스컬프터,Shirring Tennis Shirt Navy/Green Stripe,https://image.msscdn.net/images/goods_img/20240904/4406512/4406512_17581619966456_500.jpg,False
2025-09,F,001003,피케/카라 티셔츠,001,상의,14,5136280,adidas,아디다스,풋볼 자카드 브이넥 긴팔 폴로 셔츠 - 블랙 / JD2603,https://image.msscdn.net/images/goods_img/20250521/5136280/5136280_17478924429117_500.jpg,False
2025-09,F,001003,피케/카라 티셔츠,001,상의,15,4396354,glowny,글로니,TERRY PK LONG SLEEVE (BLUE),https://image.msscdn.net/images/goods_img/20240903/4396354/4396354_17268110478593_500.jpg,False
2025-09,F,001003,피케/카라 티셔츠,001,상의,16,4651486,musinsastandardwoman,무신사 스탠다드 우먼,우먼즈 릴렉스드 멀티 스트라이프 럭비 셔츠 [그린],https://image.msscdn.net/images/goods_img/20241205/4651486/4651486_17524695696707_500.jpg,False
2025-09,F,001003,피케/카라 티셔츠,001,상의,17,4719954,urbandtype,어반디타입,오버핏 스트라이프 럭비 카라 롱슬리브_블루,https://image.msscdn.net/images/goods_img/20250114/4719954/4719954_17446183229684_500.jpg,False
2025-09,F,001003,피케/카라 티셔츠,001,상의,18,4960040,bittercells,비터셀즈,듀 스트라이프 카라 티-블루,https://image.msscdn.net/images/goods_img/20250328/4960040/4960040_17467543446650_500.jpg,False
2025-09,F,001003,피케/카라 티셔츠,001,상의,19,4787727,sculptor,스컬프터,Shirring Tennis Shirt Navy,https://image.msscdn.net/images/goods_img/20250213/4787727/4787727_17546363614958_500.jpg,False
2025-09,F,001003,피케/카라 티셔츠,001,상의,20,4982241,8seconds,에잇세컨즈,스트라이프 폴로 티셔츠  네이비,https://image.msscdn.net/images/goods_img/20250403/4982241/4982241_17436501583232_500.jpg,False
2025-09,F,001003,피케/카라 티셔츠,001,상의,21,5314240,setupexe,셋업이엑스이,WAFFEN LINE COLLAR TEE / BLACK,https://image.msscdn.net/images/goods_img/20250812/5314240/5314240_17606800997330_500.jpg,False
2025-09,F,001003,피케/카라 티셔츠,001,상의,22,4706583,bittercells,비터셀즈,유니온 스트라이프 카라 티-네이비,https://image.msscdn.net/images/goods_img/20250109/4706583/4706583_17400111921855_500.jpg,False
2025-09,F,001003,피케/카라 티셔츠,001,상의,23,4396346,glowny,글로니,TERRY PK LONG SLEEVE (BLACK),https://image.msscdn.net/images/goods_img/20240903/4396346/4396346_17266717204370_500.jpg,False
2025-09,F,001003,피케/카라 티셔츠,001,상의,24,4992561,suare,수아레,쿨 코튼 워셔블 하프 니트,https://image.msscdn.net/images/goods_img/20250407/4992561/4992561_17455602873600_500.jpg,False
2025-09,F,001003,피케/카라 티셔츠,001,상의,25,5243483,bittercells,비터셀즈,제미니 스트라이프 카라 티-그레이,https://image.msscdn.net/images/goods_img/20250711/5243483/5243483_17622251844863_500.jpg,False
2025-09,F,001003,피케/카라 티셔츠,001,상의,26,4704285,havism,해비즘,FF STRIPE RUGBY SWEATSHIRT(GREY),https://image.msscdn.net/images/goods_img/20250108/4704285/4704285_17386325647555_500.jpg,False
2025-09,F,001003,피케/카라 티셔츠,001,상의,27,4757945,trillion,트릴리온,스트라이프 럭비 오버핏 피케 폴로 셔츠 [네이비],https://image.msscdn.net/images/goods_img/20250204/4757945/4757945_17388081982654_500.jpg,False
2025-09,F,001003,피케/카라 티셔츠,001,상의,28,4651485,musinsastandardwoman,무신사 스탠다드 우먼,우먼즈 릴렉스드 멀티 스트라이프 럭비 셔츠 [버건디],https://image.msscdn.net/images/goods_img/20241205/4651485/4651485_17524695773917_500.jpg,False
2025-09,F,001003,피케/카라 티셔츠,001,상의,29,3927583,suare,수아레,워셔블 케이블 반팔 니트 - 14 COLOR,https://image.msscdn.net/images/goods_img/20240306/3927583/3927583_17791544001352_500.jpg,False
2025-09,F,001003,피케/카라 티셔츠,001,상의,30,5344134,ojos,오호스,Starcut Jersey Collar Tee / Off White,https://image.msscdn.net/images/goods_img/20250820/5344134/5344134_17780541383849_500.jpg,False
2025-09,F,001006,니트/스웨터,001,상의,1,5336051,generalideastandard,제너럴아이디어,레이어드 브이넥 니트 풀오버 [MELANGE GREY] / WBE3L05512,https://image.msscdn.net/images/goods_img/20250819/5336051/5336051_17555737510190_500.jpg,False
2025-09,F,001006,니트/스웨터,001,상의,2,4385997,suarewomen,수아레 우먼,[보라끌레르X수아레](우먼)캐시미어 100 홀가먼트 브이넥 니트 - 8 COLOR,https://image.msscdn.net/images/goods_img/20240829/4385997/4385997_17585225944934_500.jpg,False
2025-09,F,001006,니트/스웨터,001,상의,3,4385991,suarewomen,수아레 우먼,[보라끌레르X수아레](우먼)캐시미어 100 홀가먼트 니트 - 14 COLOR,https://image.msscdn.net/images/goods_img/20240829/4385991/4385991_17582601007705_500.jpg,False
2025-09,F,001006,니트/스웨터,001,상의,4,4401124,suarewomen,수아레 우먼,[SET][보라끌레르X수아레] 우먼 캐시미어 홀가먼트 니트 세트,https://image.msscdn.net/images/goods_img/20240904/4401124/4401124_17585227609519_500.jpg,False
2025-09,F,001006,니트/스웨터,001,상의,5,5399594,suarewomen,수아레 우먼,[SET][보라끌레르X수아레] 우먼 캐시미어 홀가먼트 니트 세트 2,https://image.msscdn.net/images/goods_img/20250903/5399594/5399594_17574011045277_500.jpg,False
2025-09,F,001006,니트/스웨터,001,상의,6,5343540,euggen,유젠,에센셜 스트라이프 니트_카키&브라운,https://image.msscdn.net/images/goods_img/20250820/5343540/5343540_17558256653518_500.jpg,False
2025-09,F,001006,니트/스웨터,001,상의,7,5321066,suarewomen,수아레 우먼,[보라끌레르X수아레](우먼)캐시미어 100 홀가먼트 터틀넥 니트 - 5 COLOR,https://image.msscdn.net/images/goods_img/20250813/5321066/5321066_17569716578791_500.jpg,False
2025-09,F,001006,니트/스웨터,001,상의,8,2683549,satur,세터,파로 오버 사이즈 부클 가디건 클래식 블랙,https://image.msscdn.net/images/prd_img/20220726/2683549/detail_2683549_17582476224564_500.jpg,False
2025-09,F,001006,니트/스웨터,001,상의,9,5195021,musinsastandardwoman,무신사 스탠다드 우먼,우먼즈 에센셜 브이 넥 니트 [블랙],https://image.msscdn.net/images/goods_img/20250619/5195021/5195021_17612062446319_500.jpg,False
2025-09,F,001006,니트/스웨터,001,상의,10,4970392,whoau,후아유,American Flag Intarsia Pullover / WHKAF4T81U,https://image.msscdn.net/images/goods_img/20250401/4970392/4970392_17888492392785_500.jpg,False
2025-09,F,001006,니트/스웨터,001,상의,11,5358931,generalideastandard,제너럴아이디어,울 시스루 헨리넥 풀오버 [PINK] / WBE3L05506,https://image.msscdn.net/images/goods_img/20250825/5358931/5358931_17636264549713_500.jpg,False
2025-09,F,001006,니트/스웨터,001,상의,12,4141477,ason,애즈온,MARON KNIT ZIP-UP / BEIGE,https://image.msscdn.net/images/goods_img/20240520/4141477/4141477_17167859572804_500.jpg,False
2025-09,F,001006,니트/스웨터,001,상의,13,5195015,musinsastandardwoman,무신사 스탠다드 우먼,우먼즈 에센셜 라운드 넥 니트 [블랙],https://image.msscdn.net/images/goods_img/20250619/5195015/5195015_17562778564533_500.jpg,False
2025-09,F,001006,니트/스웨터,001,상의,14,3494992,suare,수아레,워셔블 케이블 라운드 니트 - 5 COLOR,https://image.msscdn.net/images/goods_img/20230824/3494992/3494992_17296467139345_500.jpg,False
2025-09,F,001006,니트/스웨터,001,상의,15,5195016,musinsastandardwoman,무신사 스탠다드 우먼,우먼즈 에센셜 라운드 넥 니트 [미디엄 그레이],https://image.msscdn.net/images/goods_img/20250619/5195016/5195016_17562778238583_500.jpg,False
2025-09,F,001006,니트/스웨터,001,상의,16,5195032,musinsastandardwoman,무신사 스탠다드 우먼,우먼즈 볼드 스트라이프 칼라드 니트 [블루],https://image.msscdn.net/images/goods_img/20250619/5195032/5195032_17580777008202_500.jpg,False
2025-09,F,001006,니트/스웨터,001,상의,17,5195022,musinsastandardwoman,무신사 스탠다드 우먼,우먼즈 에센셜 브이 넥 니트 [미디엄 그레이],https://image.msscdn.net/images/goods_img/20250619/5195022/5195022_17885940679232_500.jpg,False
2025-09,F,001006,니트/스웨터,001,상의,18,4754806,rockcake,락케이크,Off Shoulder Damaged Knit - Brown,https://image.msscdn.net/images/goods_img/20250204/4754806/4754806_17434776458934_500.jpg,False
2025-09,F,001006,니트/스웨터,001,상의,19,3511387,niceghostclub,나이스고스트클럽,3STARS LOGO KNIT HOODIE_IVORY(NG2DFUK610A),https://image.msscdn.net/images/goods_img/20230829/3511387/3511387_17586734242171_500.jpg,False
2025-09,F,001006,니트/스웨터,001,상의,20,2718818,satur,세터,더블린 언발란스 캐시미어 블렌드 니트 클래식 차콜,https://image.msscdn.net/images/goods_img/20220816/2718818/2718818_17313785842192_500.jpg,False
2025-09,F,001006,니트/스웨터,001,상의,21,3097199,poloralphlauren,폴로 랄프 로렌,W 케이블 니트 코튼 V넥 스웨터 - 화이트,https://image.msscdn.net/images/goods_img/20230221/3097199/3097199_16780733901554_500.jpg,False
2025-09,F,001006,니트/스웨터,001,상의,22,2723767,suare,수아레,데일리 라운드 니트 - 12 COLOR,https://image.msscdn.net/images/goods_img/20220818/2723767/2723767_17292130151891_500.jpg,False
2025-09,F,001006,니트/스웨터,001,상의,23,5299584,generalideastandard,제너럴아이디어,레이어드 슬림핏 버튼 카라 니트 [CHARCOAL] / WBE3L05515,https://image.msscdn.net/images/goods_img/20250807/5299584/5299584_17700898902384_500.png,False
2025-09,F,001006,니트/스웨터,001,상의,24,4780540,miumiu,미우미우,캐시미어 로고 폴로 니트 - 블루 / MMLA2015Z1F0008,https://image.msscdn.net/images/goods_img/20250212/4780540/4780540_17399584896536_500.jpg,False
2025-09,F,001006,니트/스웨터,001,상의,25,5195033,musinsastandardwoman,무신사 스탠다드 우먼,우먼즈 볼드 스트라이프 칼라드 니트 [버건디],https://image.msscdn.net/images/goods_img/20250619/5195033/5195033_17580777374676_500.jpg,False
2025-09,F,001006,니트/스웨터,001,상의,26,4313869,rolarola,로라로라,CUT OUT RIBBON BOARDER KNIT BLACK,https://image.msscdn.net/images/goods_img/20240809/4313869/4313869_17242951846600_500.jpg,False
2025-09,F,001006,니트/스웨터,001,상의,27,5295605,generalideastandard,제너럴아이디어,더블 레이어드 롱슬리브 니트 [GREY] / WBE3L05501,https://image.msscdn.net/images/goods_img/20250806/5295605/5295605_17700900766879_500.png,False
2025-09,F,001006,니트/스웨터,001,상의,28,5242963,bittercells,비터셀즈,마고 스트라이프 니트-블루,https://image.msscdn.net/images/goods_img/20250711/5242963/5242963_17550619872223_500.jpg,False
2025-09,F,001006,니트/스웨터,001,상의,29,5195026,musinsastandardwoman,무신사 스탠다드 우먼,우먼즈 에센셜 브이 넥 니트 [버건디],https://image.msscdn.net/images/goods_img/20250619/5195026/5195026_17562804945194_500.jpg,False
2025-09,F,001006,니트/스웨터,001,상의,30,5355027,oder,오디에르,모헤어 스트라이프 카라 풀오버-와인,https://image.msscdn.net/images/goods_img/20250822/5355027/5355027_17558449861033_500.jpg,False
2025-09,F,001011,민소매 티셔츠,001,상의,1,3135346,musinsastandardwoman,무신사 스탠다드 우먼,우먼즈 에센셜 탱크 탑 [화이트],https://image.msscdn.net/images/goods_img/20230309/3135346/3135346_17775390513402_500.jpg,False
2025-09,F,001011,민소매 티셔츠,001,상의,2,3863280,musinsastandardwoman,무신사 스탠다드 우먼,우먼즈 스퀘어 넥 탱크 탑 [화이트],https://image.msscdn.net/images/goods_img/20240213/3863280/3863280_17479556029250_500.jpg,False
2025-09,F,001011,민소매 티셔츠,001,상의,3,2724649,musinsastandardwoman,무신사 스탠다드 우먼,우먼즈 스트링 슬리브리스 탑 2팩,https://image.msscdn.net/images/goods_img/20220818/2724649/2724649_17490161912803_500.jpg,False
2025-09,F,001011,민소매 티셔츠,001,상의,4,1452270,musinsastandardwoman,무신사 스탠다드 우먼,우먼즈 베이식 슬리브리스 탑 [화이트],https://image.msscdn.net/images/goods_img/20200519/1452270/1452270_17484949895657_500.jpg,False
2025-09,F,001011,민소매 티셔츠,001,상의,5,5054365,forusring,포어링,B.tiny ribbon knit (pink),https://image.msscdn.net/images/goods_img/20250422/5054365/5054365_17476421668925_500.jpg,False
2025-09,F,001011,민소매 티셔츠,001,상의,6,3135345,musinsastandardwoman,무신사 스탠다드 우먼,우먼즈 에센셜 탱크 탑 [블랙],https://image.msscdn.net/images/goods_img/20230309/3135345/3135345_17775390922598_500.jpg,False
2025-09,F,001011,민소매 티셔츠,001,상의,7,3730358,musinsastandardwoman,무신사 스탠다드 우먼,우먼즈 슬림 스트링 슬리브리스 탑 2팩,https://image.msscdn.net/images/goods_img/20231123/3730358/3730358_17133337971681_500.jpg,False
2025-09,F,001011,민소매 티셔츠,001,상의,8,3863279,musinsastandardwoman,무신사 스탠다드 우먼,우먼즈 스퀘어 넥 탱크 탑 [블랙],https://image.msscdn.net/images/goods_img/20240213/3863279/3863279_17191911850487_500.jpg,False
2025-09,F,001011,민소매 티셔츠,001,상의,9,4993670,jeep,지프,[2PACK] 아스킨 쿨 에어그램 민소매 티셔츠 (JR5TSU054BK),https://image.msscdn.net/images/goods_img/20250407/4993670/4993670_17449495137523_500.jpg,False
2025-09,F,001011,민소매 티셔츠,001,상의,10,1452272,musinsastandardwoman,무신사 스탠다드 우먼,우먼즈 베이식 슬리브리스 탑 [블랙],https://image.msscdn.net/images/goods_img/20200519/1452272/1452272_17484948876543_500.jpg,False
2025-09,F,001011,민소매 티셔츠,001,상의,11,3934690,dorosiwa,도로시와,풀샷 소프트골지 홀터 캡나시(캡고정)_8colors,https://image.msscdn.net/images/goods_img/20240308/3934690/3934690_17530630719221_500.jpg,False
2025-09,F,001011,민소매 티셔츠,001,상의,12,2005542,bronson,브론슨,10.5 oz Cotton Tank Top,https://image.msscdn.net/images/goods_img/20210622/2005542/2005542_17761449719794_500.jpg,False
2025-09,F,001011,민소매 티셔츠,001,상의,13,5097502,giordano,지오다노,베이직 탱크탑 325530 [6color],https://image.msscdn.net/images/goods_img/20250509/5097502/5097502_17592024593725_500.jpg,False
2025-09,F,001011,민소매 티셔츠,001,상의,14,5352840,mixxo,미쏘,스터드 홀터넥 슬리브리스_MIWHNF918A,https://image.msscdn.net/images/goods_img/20250822/5352840/5352840_17569824999171_500.jpg,False
2025-09,F,001011,민소매 티셔츠,001,상의,15,4928142,zeroplanet,제로플래닛,켈시 버튼 슬리브리스 [BLACK],https://image.msscdn.net/images/goods_img/20250321/4928142/4928142_17429603920925_500.jpg,False
2025-09,F,001011,민소매 티셔츠,001,상의,16,5170153,partimentowomen,파르티멘토 우먼,PWC 버튼업 저지 홀터넥 탑_8컬러,https://image.msscdn.net/images/goods_img/20250606/5170153/5170153_17526373322398_500.jpg,False
2025-09,F,001011,민소매 티셔츠,001,상의,17,5176088,khakipoint,카키포인트,Damage Stud Halter Top (beige),https://image.msscdn.net/images/goods_img/20250611/5176088/5176088_17507482467544_500.jpg,False
2025-09,F,001011,민소매 티셔츠,001,상의,18,5246178,citybreeze,시티브리즈,코튼 슬리브리스 탑(Basic)_4COLORS,https://image.msscdn.net/images/goods_img/20250714/5246178/5246178_17573175272571_500.jpg,False
2025-09,F,001011,민소매 티셔츠,001,상의,19,5326990,ninez,나인제트,컬러블록 레이어드 슬리브리스 (3color),https://image.msscdn.net/images/goods_img/20250814/5326990/5326990_17576439610205_500.jpg,False
2025-09,F,001011,민소매 티셔츠,001,상의,20,4928139,zeroplanet,제로플래닛,켈시 버튼 슬리브리스 [WHITE],https://image.msscdn.net/images/goods_img/20250321/4928139/4928139_17788038808924_500.jpg,False
2025-09,F,001011,민소매 티셔츠,001,상의,21,5260497,painorpleasure,페인오어플레져,HEART RIBBON TOP charcoal,https://image.msscdn.net/images/goods_img/20250721/5260497/5260497_17550699202860_500.jpg,False
2025-09,F,001011,민소매 티셔츠,001,상의,22,4809123,illio,일리오,Black leopard cross necklace sleeveless,https://image.msscdn.net/images/goods_img/20250220/4809123/4809123_17406635696792_500.jpg,False
2025-09,F,001011,민소매 티셔츠,001,상의,23,5322664,sculptor,스컬프터,Classic Sleeveless Hoodie Black,https://image.msscdn.net/images/goods_img/20250814/5322664/5322664_17774240769412_500.jpg,False
2025-09,F,001011,민소매 티셔츠,001,상의,24,3662683,ods,오디에스,로제 니트 뷔스티에 (블랙),https://image.msscdn.net/images/goods_img/20231026/3662683/3662683_17109866220205_500.jpg,False
2025-09,F,001011,민소매 티셔츠,001,상의,25,5176092,khakipoint,카키포인트,Ethnic Scarf Top (ivory),https://image.msscdn.net/images/goods_img/20250611/5176092/5176092_17507484237024_500.jpg,False
2025-09,F,001011,민소매 티셔츠,001,상의,26,2441386,musinsastandardwoman,무신사 스탠다드 우먼,우먼즈 스트링 크롭 슬리브리스 탑 2팩,https://image.msscdn.net/images/goods_img/20220324/2441386/2441386_17133404652844_500.jpg,False
2025-09,F,001011,민소매 티셔츠,001,상의,27,5111698,giordano,지오다노,팬던트 슬리브리스 탱크탑 325535 [7color],https://image.msscdn.net/images/goods_img/20250514/5111698/5111698_17491040285741_500.jpg,False
2025-09,F,001011,민소매 티셔츠,001,상의,28,5333021,pleasenofollow,플리즈노팔로우,Ella Lace Sleeveless Top (Ivory),https://image.msscdn.net/images/goods_img/20250818/5333021/5333021_17569545945313_500.jpg,False
2025-09,F,001011,민소매 티셔츠,001,상의,29,5102915,comfortlab,컴포트랩,에르고핏 포인텔 캐미탑,https://image.msscdn.net/images/goods_img/20250512/5102915/5102915_17754612873518_500.jpg,False
2025-09,F,001011,민소매 티셔츠,001,상의,30,5333008,pleasenofollow,플리즈노팔로우,Ella Lace Sleeveless Top (Black),https://image.msscdn.net/images/goods_img/20250818/5333008/5333008_17569547324279_500.jpg,False
2025-09,F,001008,기타 상의,001,상의,1,3927876,dorosiwa,도로시와,[2PACK] 풀샷브라 볼륨업 서포트_12colors,https://image.msscdn.net/images/goods_img/20240306/3927876/3927876_17860013590160_500.png,False
2025-09,F,001008,기타 상의,001,상의,2,3483542,comfortlab,컴포트랩,울트라서포트 제로무브 쿨러닝 스포츠브라 단품 (후크형),https://image.msscdn.net/images/goods_img/20230822/3483542/3483542_17561016803801_500.jpg,False
2025-09,F,001008,기타 상의,001,상의,3,5234758,xexymix,젝시믹스,[2PACK] 하이디 베이직 브라탑 XT8102E,https://image.msscdn.net/images/goods_img/20250709/5234758/5234758_17702555679024_500.jpg,False
2025-09,F,001008,기타 상의,001,상의,4,3783941,comfortlab,컴포트랩,하이서포트 쿨러닝 스포츠브라(후크형),https://image.msscdn.net/images/goods_img/20240109/3783941/3783941_17618906226061_500.jpg,False
2025-09,F,001008,기타 상의,001,상의,5,3976042,nike,나이키,스우시 미디엄 서포트 패드 스포츠 브라 W - 블랙:화이트 / DX6822-010,https://image.msscdn.net/images/goods_img/20240321/3976042/3976042_17116938003546_500.jpg,False
2025-09,F,001008,기타 상의,001,상의,6,3483540,comfortlab,컴포트랩,하이서포트 집업 스포츠브라 단품,https://image.msscdn.net/images/goods_img/20230822/3483540/3483540_17615378842984_500.jpg,False
2025-09,F,001008,기타 상의,001,상의,7,5319545,matinkim,마뗑킴,SNAP DETAIL SLIM TOP IN BLACK,https://image.msscdn.net/images/goods_img/20250813/5319545/5319545_17550615704518_500.jpg,False
2025-09,F,001008,기타 상의,001,상의,8,5086034,nike,나이키,스위프트 드라이 핏 러닝 탱크 탑 W - 블랙 / HQ0621-010,https://image.msscdn.net/images/goods_img/20250502/5086034/5086034_17466959786406_500.jpg,False
2025-09,F,001008,기타 상의,001,상의,9,3913527,dorosiwa,도로시와,풀샷브라 볼륨업 서포트_12colors,https://image.msscdn.net/images/goods_img/20240229/3913527/3913527_17858269879799_500.png,False
2025-09,F,001008,기타 상의,001,상의,10,4483980,nike,나이키,인디 하이 서포트 패드 어저스터블 스포츠 브라 W - 블랙:블랙:블랙 / FD1069-010,https://image.msscdn.net/images/goods_img/20241002/4483980/4483980_17289699257261_500.jpg,False
2025-09,F,001008,기타 상의,001,상의,11,5338407,matinkim,마뗑킴,CUT OUT HALF ZIP SWEATSHIRT FOR WOMEN IN GREY,https://image.msscdn.net/images/goods_img/20250819/5338407/5338407_17555869371149_500.jpg,False
2025-09,F,001008,기타 상의,001,상의,12,3351097,andar,안다르,[2 PACK] 비 프리 올데이 크롭탑,https://image.msscdn.net/images/goods_img/20230607/3351097/3351097_17636939400912_500.jpg,False
2025-09,F,001008,기타 상의,001,상의,13,3976043,nike,나이키,스우시 미디엄 서포트 패드 스포츠 브라 W - 화이트:스톤 모브:블랙 / DX6822-100,https://image.msscdn.net/images/goods_img/20240321/3976043/3976043_17116935810242_500.jpg,False
2025-09,F,001008,기타 상의,001,상의,14,2992082,bluegrain,블루그레인,잘만브라 3 PACK,https://image.msscdn.net/images/goods_img/20221221/2992082/2992082_17471249108793_500.jpg,False
2025-09,F,001008,기타 상의,001,상의,15,5243564,nike,나이키,프로 라이트 서포트 논패드 스포츠 브라 W - 블랙:화이트 / IF3974-010,https://image.msscdn.net/images/goods_img/20250711/5243564/5243564_17525385923436_500.jpg,False
2025-09,F,001008,기타 상의,001,상의,16,4798747,aakam,아캄,CROS2 Off-shoulder Zip-Up (Khaki),https://image.msscdn.net/images/goods_img/20250218/4798747/4798747_17400804255578_500.jpg,False
2025-09,F,001008,기타 상의,001,상의,17,2945362,bluegrain,블루그레인,잘만브라 [블랙],https://image.msscdn.net/images/goods_img/20221116/2945362/2945362_17490197684846_500.jpg,False
2025-09,F,001008,기타 상의,001,상의,18,5393168,typeservice,타입서비스,타입서비스 럭키박스,https://image.msscdn.net/images/goods_img/20250902/5393168/5393168_17570398592488_500.png,False
2025-09,F,001008,기타 상의,001,상의,19,5214391,codescombineinnerwear,코데즈컴바인 이너웨어,아웃밴드 오프숄더 노와이어 브라,https://image.msscdn.net/images/goods_img/20250630/5214391/5214391_17527330475772_500.jpg,False
2025-09,F,001008,기타 상의,001,상의,20,5338408,matinkim,마뗑킴,CUT OUT HALF ZIP SWEATSHIRT FOR WOMEN IN BLACK,https://image.msscdn.net/images/goods_img/20250819/5338408/5338408_17582547488060_500.jpg,False
2025-09,F,001008,기타 상의,001,상의,21,4313357,comfortlab,컴포트랩,하이서포트 집업 스포츠브라 2종,https://image.msscdn.net/images/goods_img/20240809/4313357/4313357_17665580931661_500.jpg,False
2025-09,F,001008,기타 상의,001,상의,22,3784535,romanticcrown,로맨틱크라운,스포티 라인 니트 하프 집업_옐로우 오트밀,https://image.msscdn.net/images/goods_img/20240109/3784535/3784535_17415732336526_500.jpg,False
2025-09,F,001008,기타 상의,001,상의,23,4909342,borntowin,본투윈,W CROSS BACK BRA TOP [BLACK],https://image.msscdn.net/images/goods_img/20250318/4909342/4909342_17586763553308_500.jpg,False
2025-09,F,001008,기타 상의,001,상의,24,4422528,nike,나이키,엘레이트 미니멀리스트 라이트 서포트 패드 컨버터블 스포츠 브라 W - 블랙:쿨 그레이 / FQ3551-010,https://image.msscdn.net/images/goods_img/20240909/4422528/4422528_17273197979341_500.jpg,False
2025-09,F,001008,기타 상의,001,상의,25,4094665,comfortlab,컴포트랩,하이서포트에어메쉬  스포츠브라 단품,https://image.msscdn.net/images/goods_img/20240429/4094665/4094665_17533299975153_500.jpg,False
2025-09,F,001008,기타 상의,001,상의,26,3784533,romanticcrown,로맨틱크라운,스포티 라인 니트 하프 집업_멜란지 블루,https://image.msscdn.net/images/goods_img/20240109/3784533/3784533_17415732988642_500.jpg,False
2025-09,F,001008,기타 상의,001,상의,27,4037153,hadex,에이치덱스,우먼스 데일리 심볼 브라탑 (Black),https://image.msscdn.net/images/goods_img/20240408/4037153/4037153_17133414674227_500.jpg,False
2025-09,F,001008,기타 상의,001,상의,28,5304588,tuomio,뚜오미오,CHECK MIXED JERSEY DRESS [LIGHT GREY],https://image.msscdn.net/images/goods_img/20250808/5304588/5304588_17558298595213_500.jpg,False
2025-09,F,001008,기타 상의,001,상의,29,5099866,bluegrain,블루그레인,잘만브라 3 PACK,https://image.msscdn.net/images/goods_img/20250509/5099866/5099866_17471249361992_500.jpg,False
2025-09,F,001008,기타 상의,001,상의,30,5304599,tuomio,뚜오미오,WRAP SKIRT TUCKED PANTS [BLACK],https://image.msscdn.net/images/goods_img/20250808/5304599/5304599_17558285454415_500.jpg,False
2025-09,F,002,아우터,,,1,5329384,placestudio,플레이스 스튜디오,하이넥 스탠다드 스트랩 비조 포인트 블루종 집업 자켓 [블랙],https://image.msscdn.net/images/goods_img/20250818/5329384/5329384_17554829609253_500.jpg,False
2025-09,F,002,아우터,,,2,3783092,dimitriblack,디미트리블랙,ASI 포시즌 에센셜 피그먼트 후드집업_차콜 그레이,https://image.msscdn.net/images/goods_img/20240109/3783092/3783092_17708794030062_500.jpg,False
2025-09,F,002,아우터,,,3,3697526,compagno,꼼파뇨,[2-WAY] 슬리브 스타 피그먼트 후드 집업 스모크블랙,https://image.msscdn.net/images/goods_img/20231108/3697526/3697526_17002041370481_500.jpg,False
2025-09,F,002,아우터,,,4,4767374,adidas,아디다스,와플 BB 트랙탑  - 원더화이트 / JV9263,https://image.msscdn.net/images/goods_img/20250207/4767374/4767374_17405511510275_500.jpg,False
2025-09,F,002,아우터,,,5,5329359,adidas,아디다스,후드 집업 - 블랙:크림화이트 / KC9315,https://image.msscdn.net/images/goods_img/20250818/5329359/5329359_17569461399483_500.jpg,False
2025-09,F,002,아우터,,,6,4808075,lowclassic,로우클래식,LOW SOFT SWEAT ZIP-UP HOODIE_CHARCOAL_LC253TS12CC,https://image.msscdn.net/images/goods_img/20250220/4808075/4808075_17720778823866_500.jpg,False
2025-09,F,002,아우터,,,7,5513850,yeezy,이지,HD-10,https://image.msscdn.net/images/goods_img/20250923/5513850/5513850_17586061995065_500.jpg,False
2025-09,F,002,아우터,,,8,1778404,toffee,토피,2WAY 스웻 후드 집업 (MELANGE GREY),https://image.msscdn.net/images/goods_img/20210204/1778404/1778404_1_500.jpg,False
2025-09,F,002,아우터,,,9,4280527,travel,트래블,져지 트랙 자켓 아이보리,https://image.msscdn.net/images/goods_img/20240729/4280527/4280527_17693915589684_500.jpg,False
2025-09,F,002,아우터,,,10,5329563,adidas,아디다스,BB 트랙탑 - 클리어핑크 / KC3334,https://image.msscdn.net/images/goods_img/20250818/5329563/5329563_17573004720514_500.jpg,False
2025-09,F,002,아우터,,,11,3783094,dimitriblack,디미트리블랙,ASI 포시즌 에센셜 스웻 후드집업_멜란지,https://image.msscdn.net/images/goods_img/20240109/3783094/3783094_17752015012983_500.jpg,False
2025-09,F,002,아우터,,,12,4508986,moo,엠오오,레오파드 아플리케 후드집업 - 브라운,https://image.msscdn.net/images/goods_img/20241011/4508986/4508986_17286292097229_500.jpg,False
2025-09,F,002,아우터,,,13,3788815,amesworldwide,아메스 월드와이드,BASIC LOGO HOODIE ZIP UP (6 colors),https://image.msscdn.net/images/goods_img/20240111/3788815/3788815_17893582036516_500.jpg,False
2025-09,F,002,아우터,,,14,3212915,compagno,꼼파뇨,크래킹 후드 윈드브레이커 그레이,https://image.msscdn.net/images/goods_img/20230406/3212915/3212915_16902464685664_500.jpg,False
2025-09,F,002,아우터,,,15,5162177,musinsastandardwoman,무신사 스탠다드 우먼,시티 레저 우먼즈 후디드 라이트 다운 재킷 [블랙],https://image.msscdn.net/images/goods_img/20250602/5162177/5162177_17888605119271_500.jpg,False
2025-09,F,002,아우터,,,16,1618312,musinsastandardwoman,무신사 스탠다드 우먼,우먼즈 오버사이즈 블레이저 [블랙],https://image.msscdn.net/images/goods_img/20200923/1618312/1618312_17840158746923_500.jpg,False
2025-09,F,002,아우터,,,17,5329567,adidas,아디다스,BB 트랙탑 - 블랙:크림화이트 / KC9299,https://image.msscdn.net/images/goods_img/20250818/5329567/5329567_17573005097318_500.jpg,False
2025-09,F,002,아우터,,,18,5329171,placestudio,플레이스 스튜디오,절개 라인 오버핏 큐빅 리벳 포인트 스웨트 후드집업 [크림],https://image.msscdn.net/images/goods_img/20250818/5329171/5329171_17562765700652_500.jpg,False
2025-09,F,002,아우터,,,19,4865704,adidas,아디다스,ADILENIUM 3 오버사이즈 트랙탑 - 블랙 / JD3392,https://image.msscdn.net/images/goods_img/20250306/4865704/4865704_17416769168214_500.jpg,False
2025-09,F,002,아우터,,,20,5162178,musinsastandardwoman,무신사 스탠다드 우먼,시티 레저 우먼즈 후디드 라이트 다운 재킷 [스톤 화이트],https://image.msscdn.net/images/goods_img/20250602/5162178/5162178_17888650510734_500.jpg,False
2025-09,F,002,아우터,,,21,4296687,newbalance,뉴발란스,NBNAF31803 / UNI 에센셜 헤리티지 스탠드넥 웜업자켓 (BLACK),https://image.msscdn.net/images/goods_img/20240805/4296687/4296687_17846852180585_500.jpg,False
2025-09,F,002,아우터,,,22,5333962,sunburnproject,썬번프로젝트,"Logo Patch Hoodie Zip-up, PURPLE",https://image.msscdn.net/images/goods_img/20250818/5333962/5333962_17561216344109_500.jpg,False
2025-09,F,002,아우터,,,23,5383782,mimthewardrobe,밈더워드로브,[밈더 X 유정] 유스 패치워크 후드집업_그레이,https://image.msscdn.net/images/goods_img/20250901/5383782/5383782_17573128030352_500.jpg,False
2025-09,F,002,아우터,,,24,4945148,adidas,아디다스,아디컬러 클래식 트랙탑 (와플) - 원더화이트 / JW0109,https://image.msscdn.net/images/goods_img/20250326/4945148/4945148_17453139295013_500.jpg,False
2025-09,F,002,아우터,,,25,4619950,musinsastandardwoman,무신사 스탠다드 우먼,우먼즈 신세틱 스웨이드 블루종 재킷 [브라운],https://image.msscdn.net/images/goods_img/20241118/4619950/4619950_17585859098739_500.jpg,False
2025-09,F,002,아우터,,,26,3845890,citybreeze,시티브리즈,루즈핏 사선 절개 싱글 자켓_GREY,https://image.msscdn.net/images/goods_img/20240205/3845890/3845890_17800354662108_500.jpg,False
2025-09,F,002,아우터,,,27,2139011,ladyvolume,레이디 볼륨,465-1 비건 레더 오버핏 자켓,https://image.msscdn.net/images/goods_img/20210917/2139011/2139011_3_500.jpg,False
2025-09,F,002,아우터,,,28,4386012,suarewomen,수아레 우먼,[보라끌레르X수아레](우먼)캐시미어 100 라운드 가디건 - 9 COLOR,https://image.msscdn.net/images/goods_img/20240829/4386012/4386012_17572925124747_500.jpg,False
2025-09,F,002,아우터,,,29,5151474,musinsastandardwoman,무신사 스탠다드 우먼,우먼즈 신세틱 스웨이드 하이넥 블루종 재킷 [브라운],https://image.msscdn.net/images/goods_img/20250528/5151474/5151474_17574086973948_500.jpg,False
2025-09,F,002,아우터,,,30,5355364,mixxo,미쏘,스트라이프 후드집업_MIWJMF921C,https://image.msscdn.net/images/prd_img/20250822/5355364/detail_5355364_17586698877714_500.jpg,False
2025-09,F,002022,후드 집업,002,아우터,1,3783092,dimitriblack,디미트리블랙,ASI 포시즌 에센셜 피그먼트 후드집업_차콜 그레이,https://image.msscdn.net/images/goods_img/20240109/3783092/3783092_17708794030062_500.jpg,False
2025-09,F,002022,후드 집업,002,아우터,2,3697526,compagno,꼼파뇨,[2-WAY] 슬리브 스타 피그먼트 후드 집업 스모크블랙,https://image.msscdn.net/images/goods_img/20231108/3697526/3697526_17002041370481_500.jpg,False
2025-09,F,002022,후드 집업,002,아우터,3,5329359,adidas,아디다스,후드 집업 - 블랙:크림화이트 / KC9315,https://image.msscdn.net/images/goods_img/20250818/5329359/5329359_17569461399483_500.jpg,False
2025-09,F,002022,후드 집업,002,아우터,4,4808075,lowclassic,로우클래식,LOW SOFT SWEAT ZIP-UP HOODIE_CHARCOAL_LC253TS12CC,https://image.msscdn.net/images/goods_img/20250220/4808075/4808075_17720778823866_500.jpg,False
2025-09,F,002022,후드 집업,002,아우터,5,5513850,yeezy,이지,HD-10,https://image.msscdn.net/images/goods_img/20250923/5513850/5513850_17586061995065_500.jpg,False
2025-09,F,002022,후드 집업,002,아우터,6,1778404,toffee,토피,2WAY 스웻 후드 집업 (MELANGE GREY),https://image.msscdn.net/images/goods_img/20210204/1778404/1778404_1_500.jpg,False
2025-09,F,002022,후드 집업,002,아우터,7,3783094,dimitriblack,디미트리블랙,ASI 포시즌 에센셜 스웻 후드집업_멜란지,https://image.msscdn.net/images/goods_img/20240109/3783094/3783094_17752015012983_500.jpg,False
2025-09,F,002022,후드 집업,002,아우터,8,4508986,moo,엠오오,레오파드 아플리케 후드집업 - 브라운,https://image.msscdn.net/images/goods_img/20241011/4508986/4508986_17286292097229_500.jpg,False
2025-09,F,002022,후드 집업,002,아우터,9,3788815,amesworldwide,아메스 월드와이드,BASIC LOGO HOODIE ZIP UP (6 colors),https://image.msscdn.net/images/goods_img/20240111/3788815/3788815_17893582036516_500.jpg,False
2025-09,F,002022,후드 집업,002,아우터,10,5329171,placestudio,플레이스 스튜디오,절개 라인 오버핏 큐빅 리벳 포인트 스웨트 후드집업 [크림],https://image.msscdn.net/images/goods_img/20250818/5329171/5329171_17562765700652_500.jpg,False
2025-09,F,002022,후드 집업,002,아우터,11,5333962,sunburnproject,썬번프로젝트,"Logo Patch Hoodie Zip-up, PURPLE",https://image.msscdn.net/images/goods_img/20250818/5333962/5333962_17561216344109_500.jpg,False
2025-09,F,002022,후드 집업,002,아우터,12,5383782,mimthewardrobe,밈더워드로브,[밈더 X 유정] 유스 패치워크 후드집업_그레이,https://image.msscdn.net/images/goods_img/20250901/5383782/5383782_17573128030352_500.jpg,False
2025-09,F,002022,후드 집업,002,아우터,13,5355364,mixxo,미쏘,스트라이프 후드집업_MIWJMF921C,https://image.msscdn.net/images/prd_img/20250822/5355364/detail_5355364_17586698877714_500.jpg,False
2025-09,F,002022,후드 집업,002,아우터,14,2273084,whoau,후아유,(기모ver.)Signature Patch Hood Zip-up / WHMZF4911U,https://image.msscdn.net/images/goods_img/20211220/2273084/2273084_17896007309503_500.jpg,False
2025-09,F,002022,후드 집업,002,아우터,15,5310142,rolarola,로라로라,MAISON DE ROLA EMBROIDERY HOOD ZIP-UP GRAY,https://image.msscdn.net/images/goods_img/20250811/5310142/5310142_17572963814643_500.jpg,False
2025-09,F,002022,후드 집업,002,아우터,16,4289728,thecoldestmoment,더콜디스트모먼트,TCM stripe hooded zip-up (charcoal/black),https://image.msscdn.net/images/goods_img/20240801/4289728/4289728_17231062832659_500.jpg,False
2025-09,F,002022,후드 집업,002,아우터,17,4738347,physicaleducation,피지컬 디파트먼트,체크 스타테일 엘보우 패치 후드집업_그레이,https://image.msscdn.net/images/goods_img/20250122/4738347/4738347_17567941187869_500.jpg,False
2025-09,F,002022,후드 집업,002,아우터,18,5329361,adidas,아디다스,후드 집업 - 그레이:블랙 / KC9317,https://image.msscdn.net/images/goods_img/20250818/5329361/5329361_17569461783112_500.jpg,False
2025-09,F,002022,후드 집업,002,아우터,19,3778690,thecoldestmoment,더콜디스트모먼트,TCM 1972 hooded zip-up (dark brown),https://image.msscdn.net/images/goods_img/20240105/3778690/3778690_17072062932493_500.jpg,False
2025-09,F,002022,후드 집업,002,아우터,20,4706017,lee,리,스몰 트위치 후드 집업 그레이,https://image.msscdn.net/images/goods_img/20250108/4706017/4706017_17363276143155_500.jpg,False
2025-09,F,002022,후드 집업,002,아우터,21,4684032,thecoldestmoment,더콜디스트모먼트,TCM at hooded zip-up (black),https://image.msscdn.net/images/goods_img/20241230/4684032/4684032_17370174832367_500.jpg,False
2025-09,F,002022,후드 집업,002,아우터,22,3466424,havism,해비즘,FLOWER ZIP UP HOOD(WINE),https://image.msscdn.net/images/goods_img/20230816/3466424/3466424_16927694120869_500.jpg,False
2025-09,F,002022,후드 집업,002,아우터,23,4738346,physicaleducation,피지컬 디파트먼트,체크 스타테일 엘보우 패치 후드집업_블랙,https://image.msscdn.net/images/goods_img/20250122/4738346/4738346_17567941257257_500.jpg,False
2025-09,F,002022,후드 집업,002,아우터,24,3651031,illigo,일리고,129 로고 패치 후드 집업 - 6 COLOR,https://image.msscdn.net/images/goods_img/20231023/3651031/3651031_17706941887137_500.jpg,False
2025-09,F,002022,후드 집업,002,아우터,25,5327128,escapefrom,이스케이프프롬,패턴 ESCF 로고 콜라주 프린트 투웨이 후드집업 [22color],https://image.msscdn.net/images/goods_img/20250814/5327128/5327128_17572961210184_500.jpg,False
2025-09,F,002022,후드 집업,002,아우터,26,2897004,jeep,지프,2WAY 오버핏 스몰 지프 후드집업 (JR5TZU051BK),https://image.msscdn.net/images/goods_img/20221027/2897004/2897004_17546412699345_500.jpg,False
2025-09,F,002022,후드 집업,002,아우터,27,2897002,jeep,지프,2WAY 오버핏 스몰 지프 후드집업 (JR5TZU051MG),https://image.msscdn.net/images/goods_img/20221027/2897002/2897002_17575692032548_500.png,False
2025-09,F,002022,후드 집업,002,아우터,28,4322935,sculptor,스컬프터,Beaded Saint Hoodie Zip-Up Dirty White,https://image.msscdn.net/images/goods_img/20240812/4322935/4322935_17786328270603_500.jpg,False
2025-09,F,002022,후드 집업,002,아우터,29,4288927,dimitriblack,디미트리블랙,ASI 포시즌 에센셜 스웻 후드집업_블랙,https://image.msscdn.net/images/goods_img/20240801/4288927/4288927_17751949366972_500.jpg,False
2025-09,F,002022,후드 집업,002,아우터,30,4671560,dimitriblack,디미트리블랙,VLAD 스트라이프 로고 후드 집업_블랙&그레이,https://image.msscdn.net/images/goods_img/20241218/4671560/4671560_17352617287644_500.jpg,False
2025-09,F,002001,블루종/MA-1,002,아우터,1,4619950,musinsastandardwoman,무신사 스탠다드 우먼,우먼즈 신세틱 스웨이드 블루종 재킷 [브라운],https://image.msscdn.net/images/goods_img/20241118/4619950/4619950_17585859098739_500.jpg,False
2025-09,F,002001,블루종/MA-1,002,아우터,2,5151474,musinsastandardwoman,무신사 스탠다드 우먼,우먼즈 신세틱 스웨이드 하이넥 블루종 재킷 [브라운],https://image.msscdn.net/images/goods_img/20250528/5151474/5151474_17574086973948_500.jpg,False
2025-09,F,002001,블루종/MA-1,002,아우터,3,3390508,standarderror,스탠다드에러,87-STAN009  [리뉴얼] 스탠다드 블루종 스웨이드 자켓 블랙,https://image.msscdn.net/images/goods_img/20230630/3390508/3390508_17551524634252_500.jpg,False
2025-09,F,002001,블루종/MA-1,002,아우터,4,5151475,musinsastandardwoman,무신사 스탠다드 우먼,우먼즈 신세틱 스웨이드 하이넥 블루종 재킷 [라이트 브라운],https://image.msscdn.net/images/goods_img/20250528/5151475/5151475_17585863388298_500.jpg,False
2025-09,F,002001,블루종/MA-1,002,아우터,5,4344495,hondaxphyps,혼다 모터사이클,Piping Motorcycle Blouson Jacket Black,https://image.msscdn.net/images/goods_img/20240819/4344495/4344495_17763089781557_500.jpg,False
2025-09,F,002001,블루종/MA-1,002,아우터,6,4738409,hondaxphyps,혼다 모터사이클,Honda Racing Blouson_Blue,https://image.msscdn.net/images/goods_img/20250122/4738409/4738409_17642111073977_500.jpg,False
2025-09,F,002001,블루종/MA-1,002,아우터,7,4313936,rolarola,로라로라,VINTAGE LEATHER BLOUSON JACKET BROWN,https://image.msscdn.net/images/goods_img/20240809/4313936/4313936_17503931026585_500.jpg,False
2025-09,F,002001,블루종/MA-1,002,아우터,8,4619949,musinsastandardwoman,무신사 스탠다드 우먼,우먼즈 신세틱 스웨이드 블루종 재킷 [머쉬룸],https://image.msscdn.net/images/goods_img/20241118/4619949/4619949_17585859956875_500.jpg,False
2025-09,F,002001,블루종/MA-1,002,아우터,9,4738410,hondaxphyps,혼다 모터사이클,Honda Racing Blouson_Red,https://image.msscdn.net/images/goods_img/20250122/4738410/4738410_17579007609581_500.jpg,False
2025-09,F,002001,블루종/MA-1,002,아우터,10,4347271,kiimuir,키뮤어,빈티지 워크 자켓_차콜,https://image.msscdn.net/images/goods_img/20240820/4347271/4347271_17569580908087_500.jpg,False
2025-09,F,002001,블루종/MA-1,002,아우터,11,5329901,placestudio,플레이스 스튜디오,넥라인 스냅 버튼 베이직핏 디테일 투웨이 코튼 자켓 [베이지],https://image.msscdn.net/images/goods_img/20250818/5329901/5329901_17664666927424_500.jpg,False
2025-09,F,002001,블루종/MA-1,002,아우터,12,4798841,aakam,아캄,High-Neck Button Jacket (Black),https://image.msscdn.net/images/goods_img/20250218/4798841/4798841_17405532033671_500.jpg,False
2025-09,F,002001,블루종/MA-1,002,아우터,13,5375085,hondaxphyps,혼다 모터사이클,Honda Racing Blouson_Black,https://image.msscdn.net/images/goods_img/20250828/5375085/5375085_17763087371804_500.jpg,False
2025-09,F,002001,블루종/MA-1,002,아우터,14,4705734,heleneparis,헬레네파리스,워시드 레더 블루종 점퍼 [빈티지 그레이],https://image.msscdn.net/images/goods_img/20250108/4705734/4705734_17376965576219_500.jpg,False
2025-09,F,002001,블루종/MA-1,002,아우터,15,4683069,kiimuir,키뮤어,빈티지 워크 자켓_올리브,https://image.msscdn.net/images/goods_img/20241227/4683069/4683069_17436577285650_500.jpg,False
2025-09,F,002001,블루종/MA-1,002,아우터,16,4575686,aakam,아캄,High-Neck Bomber Jacket (Black),https://image.msscdn.net/images/goods_img/20241030/4575686/4575686_17319836380570_500.jpg,False
2025-09,F,002001,블루종/MA-1,002,아우터,17,2701875,placestudio,플레이스 스튜디오,투웨이 블루종 스웨이드 밴딩 점퍼 자켓 [브라운],https://image.msscdn.net/images/goods_img/20220805/2701875/2701875_17592162151190_500.jpg,False
2025-09,F,002001,블루종/MA-1,002,아우터,18,3390511,standarderror,스탠다드에러,87-STAN009 [리뉴얼] 스탠다드 블루종 스웨이드 자켓 카키,https://image.msscdn.net/images/goods_img/20230630/3390511/3390511_17551525806450_500.jpg,False
2025-09,F,002001,블루종/MA-1,002,아우터,19,5316498,aakam,아캄,2-Lined Racing Jacket (Black),https://image.msscdn.net/images/goods_img/20250812/5316498/5316498_17567787162052_500.jpg,False
2025-09,F,002001,블루종/MA-1,002,아우터,20,3650974,trillion,트릴리온,스웨이드 리벳 블루종 집업 자켓 (BROWN),https://image.msscdn.net/images/goods_img/20231023/3650974/3650974_17171419683595_500.jpg,False
2025-09,F,002001,블루종/MA-1,002,아우터,21,5279482,musinsastandardwoman,무신사 스탠다드 우먼,우먼즈 신세틱 스웨이드 블루종 재킷 [블랙],https://image.msscdn.net/images/goods_img/20250730/5279482/5279482_17585858256963_500.jpg,False
2025-09,F,002001,블루종/MA-1,002,아우터,22,3551114,blackmoment,블랙모먼트,비건 스웨이드 오버핏 미니멀 인시전 스트레이트 집업 자켓 [블랙],https://image.msscdn.net/images/goods_img/20230912/3551114/3551114_17567882505384_500.jpg,False
2025-09,F,002001,블루종/MA-1,002,아우터,23,5357722,citybreeze,시티브리즈,하이넥 포켓 블루종_BROWN,https://image.msscdn.net/images/goods_img/20250825/5357722/5357722_17821794992615_500.jpg,False
2025-09,F,002001,블루종/MA-1,002,아우터,24,4344496,hondaxphyps,혼다 모터사이클,Piping Motorcycle Blouson Jacket Ivory,https://image.msscdn.net/images/goods_img/20240819/4344496/4344496_17763088890421_500.jpg,False
2025-09,F,002001,블루종/MA-1,002,아우터,25,5406068,lesatelier,레스아뜰리에,오보 캐주얼 레더 블루종 (블랙),https://image.msscdn.net/images/goods_img/20250904/5406068/5406068_17569943179919_500.jpg,False
2025-09,F,002001,블루종/MA-1,002,아우터,26,4717151,urbandtype,어반디타입,코튼 카라 블루종 자켓_블랙,https://image.msscdn.net/images/goods_img/20250113/4717151/4717151_17556545014187_500.jpg,False
2025-09,F,002001,블루종/MA-1,002,아우터,27,5359782,thebarnnet,더바넷,Tessie Cotton Blouson_Camel,https://image.msscdn.net/images/goods_img/20250825/5359782/5359782_17574936003340_500.png,False
2025-09,F,002001,블루종/MA-1,002,아우터,28,4346627,leathery,레더리,워시드 레더 오버핏 블루종 자켓 [WASHED BLACK],https://image.msscdn.net/images/goods_img/20240820/4346627/4346627_17730423469556_500.jpg,False
2025-09,F,002001,블루종/MA-1,002,아우터,29,4798825,aakam,아캄,High-Neck Button Jacket (Dark Gray),https://image.msscdn.net/images/goods_img/20250218/4798825/4798825_17405532799102_500.jpg,False
2025-09,F,002001,블루종/MA-1,002,아우터,30,4668268,musinsastandardwoman,무신사 스탠다드 우먼,우먼즈 RN 하이 넥 셔링 블루종 재킷 [블랙],https://image.msscdn.net/images/goods_img/20241216/4668268/4668268_17417641419107_500.jpg,False
2025-09,F,002002,레더/라이더스 재킷,002,아우터,1,2139011,ladyvolume,레이디 볼륨,465-1 비건 레더 오버핏 자켓,https://image.msscdn.net/images/goods_img/20210917/2139011/2139011_3_500.jpg,False
2025-09,F,002002,레더/라이더스 재킷,002,아우터,2,4729711,musinsastandardwoman,무신사 스탠다드 우먼,우먼즈 신세틱 스웨이드 레이서 재킷 [브라운],https://image.msscdn.net/images/goods_img/20250120/4729711/4729711_17585860884517_500.jpg,False
2025-09,F,002002,레더/라이더스 재킷,002,아우터,3,4209444,musinsastandardwoman,무신사 스탠다드 우먼,우먼즈 신세틱 스웨이드 레이서 재킷 [블랙],https://image.msscdn.net/images/goods_img/20240620/4209444/4209444_17576348265431_500.jpg,False
2025-09,F,002002,레더/라이더스 재킷,002,아우터,4,3551101,blackmoment,블랙모먼트,비건 스웨이드 오버핏 미니멀 인시전 스트레이트 집업 자켓 [브라운],https://image.msscdn.net/images/goods_img/20230912/3551101/3551101_16970790961650_500.jpg,False
2025-09,F,002002,레더/라이더스 재킷,002,아우터,5,5278535,placestudio,플레이스 스튜디오,빈티지 피그먼트 워싱 투웨이 넥 버튼 레더 자켓 점퍼 [블랙],https://image.msscdn.net/images/goods_img/20250729/5278535/5278535_17682670943641_500.jpg,False
2025-09,F,002002,레더/라이더스 재킷,002,아우터,6,4619959,musinsastandardwoman,무신사 스탠다드 우먼,우먼즈 신세틱 레더 오버 숄더 오버사이즈 블레이저 [블랙],https://image.msscdn.net/images/goods_img/20241118/4619959/4619959_17550675072952_500.jpg,False
2025-09,F,002002,레더/라이더스 재킷,002,아우터,7,4782735,ladyvolume,레이디 볼륨,9193 워싱 레더 자켓 (BLACK),https://image.msscdn.net/images/goods_img/20250212/4782735/4782735_17403860123033_500.jpg,False
2025-09,F,002002,레더/라이더스 재킷,002,아우터,8,4729712,musinsastandardwoman,무신사 스탠다드 우먼,우먼즈 신세틱 스웨이드 레이서 재킷 [머쉬룸],https://image.msscdn.net/images/goods_img/20250120/4729712/4729712_17556734133049_500.jpg,False
2025-09,F,002002,레더/라이더스 재킷,002,아우터,9,4356914,musinsastandardwoman,무신사 스탠다드 우먼,우먼즈 페이디드 신세틱 레더 하이넥 블루종 재킷 [그레이],https://image.msscdn.net/images/goods_img/20240822/4356914/4356914_17296635565828_500.jpg,False
2025-09,F,002002,레더/라이더스 재킷,002,아우터,10,5316507,aakam,아캄,High-Neck Leather Jacket (Black),https://image.msscdn.net/images/goods_img/20250812/5316507/5316507_17582508013714_500.jpg,False
2025-09,F,002002,레더/라이더스 재킷,002,아우터,11,4460549,vivacious,비바셔스,Beau Art Leather Jacket CAMEL,https://image.msscdn.net/images/goods_img/20240925/4460549/4460549_17291382186060_500.jpg,False
2025-09,F,002002,레더/라이더스 재킷,002,아우터,12,4209445,musinsastandardwoman,무신사 스탠다드 우먼,우먼즈 신세틱 스웨이드 레이서 재킷 [데저트 브라운],https://image.msscdn.net/images/goods_img/20240620/4209445/4209445_17295769847197_500.jpg,False
2025-09,F,002002,레더/라이더스 재킷,002,아우터,13,2093254,v2,브이투,465-3 VEGAN LEATHER OVERFIT JACKET_BLACK,https://image.msscdn.net/images/goods_img/20210827/2093254/2093254_1_500.jpg,False
2025-09,F,002002,레더/라이더스 재킷,002,아우터,14,1593755,partimento,파르티멘토,[비건 레더] 필드 자켓 블랙,https://image.msscdn.net/images/goods_img/20200909/1593755/1593755_1_500.jpg,False
2025-09,F,002002,레더/라이더스 재킷,002,아우터,15,2140335,placestudio,플레이스 스튜디오,비건 레더 오버핏 블루종 [블랙],https://image.msscdn.net/images/goods_img/20210917/2140335/2140335_9_500.jpg,False
2025-09,F,002002,레더/라이더스 재킷,002,아우터,16,4794421,lingseoul,링서울,over fit leather blouson jacket-black,https://image.msscdn.net/images/goods_img/20250217/4794421/4794421_17893459629967_500.jpg,False
2025-09,F,002002,레더/라이더스 재킷,002,아우터,17,5300291,dunstforwomen,던스트,UNISEX ALTER-SUEDE HALF JACKET_UDJA5C110_BROWN,https://image.msscdn.net/images/goods_img/20250807/5300291/5300291_17628451626432_500.jpg,False
2025-09,F,002002,레더/라이더스 재킷,002,아우터,18,4353147,ladyvolume,레이디 볼륨,9163 VINTAGE COATING LEATHER JACKET_BROWN,https://image.msscdn.net/images/goods_img/20240821/4353147/4353147_17260140123151_500.jpg,False
2025-09,F,002002,레더/라이더스 재킷,002,아우터,19,5316451,porterna,포르테나,LEATHER SNAP CROP JACKET-BLACK,https://image.msscdn.net/images/goods_img/20250812/5316451/5316451_17555042927032_500.jpg,False
2025-09,F,002002,레더/라이더스 재킷,002,아우터,20,5151493,musinsastandardwoman,무신사 스탠다드 우먼,우먼즈 신세틱 스웨이드 카 코트 [블랙],https://image.msscdn.net/images/goods_img/20250528/5151493/5151493_17585861806993_500.jpg,False
2025-09,F,002002,레더/라이더스 재킷,002,아우터,21,4683130,leathery,레더리,커브드 스웨이드 크롭 집업 자켓 [DARK BROWN],https://image.msscdn.net/images/goods_img/20241227/4683130/4683130_17367418173417_500.jpg,False
2025-09,F,002002,레더/라이더스 재킷,002,아우터,22,1576682,doffjason,도프제이슨,오버핏 램스킨 싱글 자켓,https://image.msscdn.net/images/goods_img/20200901/1576682/1576682_6_500.jpg,False
2025-09,F,002002,레더/라이더스 재킷,002,아우터,23,5151494,musinsastandardwoman,무신사 스탠다드 우먼,우먼즈 신세틱 스웨이드 카 코트 [라이트 브라운],https://image.msscdn.net/images/goods_img/20250528/5151494/5151494_17585862581831_500.jpg,False
2025-09,F,002002,레더/라이더스 재킷,002,아우터,24,5259432,ttudement,튜드먼트,WASHED BOMBER LEATHER JACKET_BROWN,https://image.msscdn.net/images/goods_img/20250721/5259432/5259432_17893546355643_500.jpg,False
2025-09,F,002002,레더/라이더스 재킷,002,아우터,25,3922203,lingseoul,링서울,leather blouson jacket-black,https://image.msscdn.net/images/goods_img/20240305/3922203/3922203_17096073391557_500.jpg,False
2025-09,F,002002,레더/라이더스 재킷,002,아우터,26,4353152,ladyvolume,레이디 볼륨,9160 VINTAGE COATING LEATHER JUMPER_BROWN,https://image.msscdn.net/images/goods_img/20240821/4353152/4353152_17260139958871_500.jpg,False
2025-09,F,002002,레더/라이더스 재킷,002,아우터,27,3783494,drawfitwomen,드로우핏 우먼,버튼 레더 하프 자켓 [BLACK],https://image.msscdn.net/images/goods_img/20240109/3783494/3783494_17628454085551_500.jpg,False
2025-09,F,002002,레더/라이더스 재킷,002,아우터,28,4798856,aakam,아캄,Western Collar Leather Jacket (Black),https://image.msscdn.net/images/goods_img/20250218/4798856/4798856_17405531503319_500.jpg,False
2025-09,F,002002,레더/라이더스 재킷,002,아우터,29,5316506,aakam,아캄,High-Neck Leather Jacket (Brown),https://image.msscdn.net/images/goods_img/20250812/5316506/5316506_17582549384296_500.jpg,False
2025-09,F,002002,레더/라이더스 재킷,002,아우터,30,2764540,tillidie,틸아이다이,Faux leather pocket jacket_Black,https://image.msscdn.net/images/goods_img/20220902/2764540/2764540_17532603265109_500.jpg,False
2025-09,F,002020,카디건,002,아우터,1,4386012,suarewomen,수아레 우먼,[보라끌레르X수아레](우먼)캐시미어 100 라운드 가디건 - 9 COLOR,https://image.msscdn.net/images/goods_img/20240829/4386012/4386012_17572925124747_500.jpg,False
2025-09,F,002020,카디건,002,아우터,2,4403731,frenchchic,프렌치시크,코스에그 자수 투웨이 니트집업 가디건,https://image.msscdn.net/images/prd_img/20240904/4403731/detail_4403731_17388925781886_500.jpg,False
2025-09,F,002020,카디건,002,아우터,3,3650861,matinkim,마뗑킴,SPELL POINT STRIPE KNIT CARDIGAN IN BLACK,https://image.msscdn.net/images/goods_img/20231023/3650861/3650861_17582530640437_500.jpg,False
2025-09,F,002020,카디건,002,아우터,4,5319127,rolarola,로라로라,ONE OFF SHOULDER STRIPE WOOL BLENDED CARDIGAN BLACK,https://image.msscdn.net/images/goods_img/20250813/5319127/5319127_17567737605497_500.jpg,False
2025-09,F,002020,카디건,002,아우터,5,5321103,suarewomen,수아레 우먼,[보라끌레르X수아레](우먼)캐시미어 100 케이블 라운드 가디건 - 8 COLOR,https://image.msscdn.net/images/goods_img/20250813/5321103/5321103_17569716124962_500.jpg,False
2025-09,F,002020,카디건,002,아우터,6,5311375,khakipoint,카키포인트,Signature Knit Cardigan (black),https://image.msscdn.net/images/goods_img/20250812/5311375/5311375_17574804625086_500.jpg,False
2025-09,F,002020,카디건,002,아우터,7,4506977,rosefrantz,로제프란츠,Eyelet Round Cardigan [9color],https://image.msscdn.net/images/goods_img/20241011/4506977/4506977_17286135568142_500.jpg,False
2025-09,F,002020,카디건,002,아우터,8,3650860,matinkim,마뗑킴,SPELL POINT STRIPE KNIT CARDIGAN IN IVORY,https://image.msscdn.net/images/goods_img/20231023/3650860/3650860_17582531018308_500.jpg,False
2025-09,F,002020,카디건,002,아우터,9,5361034,rolarola,로라로라,ONE OFF SHOULDER STRIPE WOOL BLENDED CARDIGAN GRAY,https://image.msscdn.net/images/goods_img/20250825/5361034/5361034_17568609630312_500.jpg,False
2025-09,F,002020,카디건,002,아우터,10,4865513,ronron,론론,CHECK SHIRT POINTED KNIT CARDIGAN GREY,https://image.msscdn.net/images/goods_img/20250306/4865513/4865513_17417614499435_500.jpg,False
2025-09,F,002020,카디건,002,아우터,11,3101623,musinsastandardwoman,무신사 스탠다드 우먼,우먼즈 리브드 슬림 가디건 [블랙],https://image.msscdn.net/images/goods_img/20230222/3101623/3101623_17661119894900_500.jpg,False
2025-09,F,002020,카디건,002,아우터,12,3821705,rolarola,로라로라,V NECK BASIC CARDIGAN GRAY,https://image.msscdn.net/images/goods_img/20240125/3821705/3821705_17086551793917_500.jpg,False
2025-09,F,002020,카디건,002,아우터,13,5311377,khakipoint,카키포인트,Signature Knit Cardigan (brown),https://image.msscdn.net/images/goods_img/20250812/5311377/5311377_17574803867302_500.jpg,False
2025-09,F,002020,카디건,002,아우터,14,4251248,musinsastandardwoman,무신사 스탠다드 우먼,우먼즈 에센셜 라운드 넥 가디건 [미디엄 그레이],https://image.msscdn.net/images/goods_img/20240716/4251248/4251248_17537691145228_500.jpg,False
2025-09,F,002020,카디건,002,아우터,15,4251251,musinsastandardwoman,무신사 스탠다드 우먼,우먼즈 에센셜 라운드 넥 가디건 [레드],https://image.msscdn.net/images/goods_img/20240716/4251251/4251251_17603397189796_500.jpg,False
2025-09,F,002020,카디건,002,아우터,16,4790091,maisonkitsune,메종 키츠네,베이비 폭스 패치 레귤러 가디건 - 블랙 / MW00507KT1036P199,https://image.msscdn.net/images/goods_img/20250214/4790091/4790091_17404740339066_500.jpg,False
2025-09,F,002020,카디건,002,아우터,17,5336520,likethemost,라이크더모스트,소프트 에센셜 브이넥 니트 가디건_와인,https://image.msscdn.net/images/goods_img/20250819/5336520/5336520_17560901321887_500.jpg,False
2025-09,F,002020,카디건,002,아우터,18,5311378,khakipoint,카키포인트,Signature Knit Cardigan (melange),https://image.msscdn.net/images/goods_img/20250812/5311378/5311378_17574801621459_500.jpg,False
2025-09,F,002020,카디건,002,아우터,19,5361037,rolarola,로라로라,ONE OFF SHOULDER STRIPE WOOL BLENDED CARDIGAN BLUE,https://image.msscdn.net/images/goods_img/20250825/5361037/5361037_17568609174771_500.jpg,False
2025-09,F,002020,카디건,002,아우터,20,4727702,mucent,무센트,마레 7 버튼 크롭 헨리 넥 가디건 (8컬러),https://image.msscdn.net/images/goods_img/20250117/4727702/4727702_17477876468835_500.jpg,False
2025-09,F,002020,카디건,002,아우터,21,5239243,musinsastandardwoman,무신사 스탠다드 우먼,우먼즈 리브드 슬림 스쿱 넥 레이어드 저지 가디건 [블랙],https://image.msscdn.net/images/goods_img/20250710/5239243/5239243_17782247799303_500.jpg,False
2025-09,F,002020,카디건,002,아우터,22,5165005,musinsastandardwoman,무신사 스탠다드 우먼,우먼즈 에센셜 라운드 넥 가디건 [블루],https://image.msscdn.net/images/goods_img/20250604/5165005/5165005_17568834204328_500.jpg,False
2025-09,F,002020,카디건,002,아우터,23,4745346,oder,오디에르,[SET]_메탈 카라 가디건+슬리브리스-그레이메탈,https://image.msscdn.net/images/goods_img/20250124/4745346/4745346_17377096903056_500.jpg,False
2025-09,F,002020,카디건,002,아우터,24,5107732,musinsastandardwoman,무신사 스탠다드 우먼,우먼즈 투 톤 리브드 슬림 니트 집업 [차콜 그레이],https://image.msscdn.net/images/goods_img/20250513/5107732/5107732_17550631768631_500.jpg,False
2025-09,F,002020,카디건,002,아우터,25,4790090,maisonkitsune,메종 키츠네,베이비 폭스 패치 레귤러 가디건 - 미디움 그레이 멜란지 / MW00507KT1036H131,https://image.msscdn.net/images/goods_img/20250214/4790090/4790090_17404742283715_500.jpg,False
2025-09,F,002020,카디건,002,아우터,26,4251250,musinsastandardwoman,무신사 스탠다드 우먼,우먼즈 에센셜 라운드 넥 가디건 [블랙],https://image.msscdn.net/images/goods_img/20240716/4251250/4251250_17603416830082_500.jpg,False
2025-09,F,002020,카디건,002,아우터,27,4938289,commedesgarconsplay,꼼데가르송 플레이,레드 하트 엠블럼 라운드넥 가디건 - 블랙 / AXN0070511,https://image.msscdn.net/images/goods_img/20250325/4938289/4938289_17441016114373_500.jpg,False
2025-09,F,002020,카디건,002,아우터,28,4762551,generalideastandard,제너럴아이디어,에센셜 가디건 2TYPE [SET],https://image.msscdn.net/images/goods_img/20250206/4762551/4762551_17678611211161_500.jpg,False
2025-09,F,002020,카디건,002,아우터,29,5230408,tommyjeans,타미진스,케이블 배지 가디건 (T32F6KCD10TWT2XNL),https://image.msscdn.net/images/goods_img/20250707/5230408/5230408_17564356438572_500.jpg,False
2025-09,F,002020,카디건,002,아우터,30,5239245,musinsastandardwoman,무신사 스탠다드 우먼,우먼즈 리브드 슬림 스쿱 넥 레이어드 저지 가디건 [더스티 베이지],https://image.msscdn.net/images/goods_img/20250710/5239245/5239245_17782246772509_500.jpg,False
2025-09,F,002017,트러커 재킷,002,아우터,1,5329384,placestudio,플레이스 스튜디오,하이넥 스탠다드 스트랩 비조 포인트 블루종 집업 자켓 [블랙],https://image.msscdn.net/images/goods_img/20250818/5329384/5329384_17554829609253_500.jpg,False
2025-09,F,002017,트러커 재킷,002,아우터,2,5278294,placestudio,플레이스 스튜디오,트와일라잇 비즈 디테일 레오파드 워크 자켓 [차콜],https://image.msscdn.net/images/goods_img/20250729/5278294/5278294_17563430028212_500.jpg,False
2025-09,F,002017,트러커 재킷,002,아우터,3,5316468,aakam,아캄,Washed Field Jacket (Khaki),https://image.msscdn.net/images/goods_img/20250812/5316468/5316468_17567789051671_500.jpg,False
2025-09,F,002017,트러커 재킷,002,아우터,4,5316473,aakam,아캄,Washed Field Jacket (Black),https://image.msscdn.net/images/goods_img/20250812/5316473/5316473_17567788584835_500.jpg,False
2025-09,F,002017,트러커 재킷,002,아우터,5,4287413,trillion,트릴리온,코듀로이 카라 데님 집업 워크 자켓 (BLACK),https://image.msscdn.net/images/goods_img/20240731/4287413/4287413_17228544866344_500.jpg,False
2025-09,F,002017,트러커 재킷,002,아우터,6,4776179,adidas,아디다스,데님 트랙탑 - 블랙 / JD3110,https://image.msscdn.net/images/goods_img/20250211/4776179/4776179_17398504534676_500.jpg,False
2025-09,F,002017,트러커 재킷,002,아우터,7,4209454,musinsastandardwoman,무신사 스탠다드 우먼,우먼즈 캔버스 워크 재킷 [크림],https://image.msscdn.net/images/goods_img/20240620/4209454/4209454_17286141001779_500.jpg,False
2025-09,F,002017,트러커 재킷,002,아우터,8,5329364,placestudio,플레이스 스튜디오,하이넥 스탠다드 스트랩 비조 포인트 블루종 집업 자켓 [차콜],https://image.msscdn.net/images/goods_img/20250818/5329364/5329364_17569751039389_500.jpg,False
2025-09,F,002017,트러커 재킷,002,아우터,9,5357737,citybreeze,시티브리즈,코튼 포켓 점퍼_2COLORS,https://image.msscdn.net/images/goods_img/20250825/5357737/5357737_17642108336679_500.jpg,False
2025-09,F,002017,트러커 재킷,002,아우터,10,4664466,musinsastandardwoman,무신사 스탠다드 우먼,우먼즈 데님 레이서 재킷 [워시드 블랙],https://image.msscdn.net/images/goods_img/20241213/4664466/4664466_17585830496655_500.jpg,False
2025-09,F,002017,트러커 재킷,002,아우터,11,3823872,dimitriblack,디미트리블랙,프렌치 워크 자켓_코튼 블루,https://image.msscdn.net/images/goods_img/20240125/3823872/3823872_17564437646968_500.jpg,False
2025-09,F,002017,트러커 재킷,002,아우터,12,4209453,musinsastandardwoman,무신사 스탠다드 우먼,우먼즈 캔버스 워크 재킷 [데저트 브라운],https://image.msscdn.net/images/goods_img/20240620/4209453/4209453_17286140766921_500.jpg,False
2025-09,F,002017,트러커 재킷,002,아우터,13,3622977,trillion,트릴리온,페이드 워싱 바이커 데님 자켓 (BLACK),https://image.msscdn.net/images/goods_img/20231012/3622977/3622977_16977691200340_500.jpg,False
2025-09,F,002017,트러커 재킷,002,아우터,14,3046279,outstanding,아웃스탠딩,SELVEDGE DENIM 2ND JACKET_INDIGO,https://image.msscdn.net/images/goods_img/20230130/3046279/3046279_17684404870062_500.jpg,False
2025-09,F,002017,트러커 재킷,002,아우터,15,4344269,someplace,썸플레이스,배색 골덴 카라 바버 헌팅 트러커 자켓 점퍼 [차콜],https://image.msscdn.net/images/goods_img/20240819/4344269/4344269_17683713684775_500.jpg,False
2025-09,F,002017,트러커 재킷,002,아우터,16,5361107,placestudio,플레이스 스튜디오,아일렛 디테일 스냅 버튼 빈티지 워싱 데님 코튼 자켓_2COLOR,https://image.msscdn.net/images/goods_img/20250825/5361107/5361107_17575710867289_500.jpg,False
2025-09,F,002017,트러커 재킷,002,아우터,17,1790383,trillion,트릴리온,워싱 스티치 데님자켓 (BLACK),https://image.msscdn.net/images/goods_img/20210210/1790383/1790383_2_500.jpg,False
2025-09,F,002017,트러커 재킷,002,아우터,18,5329432,placestudio,플레이스 스튜디오,컴포트 바시티 비조 코튼 절개 트러커 워크 자켓 [블랙],https://image.msscdn.net/images/goods_img/20250818/5329432/5329432_17554832754878_500.jpg,False
2025-09,F,002017,트러커 재킷,002,아우터,19,3596063,dimitriblack,디미트리블랙,2WAY 크롭 코듀로이 드리즐러 자켓_브라운,https://image.msscdn.net/images/goods_img/20230926/3596063/3596063_17621457230668_500.jpg,False
2025-09,F,002017,트러커 재킷,002,아우터,20,5313082,heleneparis,헬레네파리스,오버핏 스탠드 집업 재킷 [워시드 그레이],https://image.msscdn.net/images/goods_img/20250812/5313082/5313082_17554915033130_500.jpg,False
2025-09,F,002017,트러커 재킷,002,아우터,21,5301946,thecoldestmoment,더콜디스트모먼트,(w) TCM mini logo work jacket (navy),https://image.msscdn.net/images/goods_img/20250807/5301946/5301946_17556777341933_500.png,False
2025-09,F,002017,트러커 재킷,002,아우터,22,4252202,urbandtype,어반디타입,데님 절개 바이커 자켓_그레이,https://image.msscdn.net/images/goods_img/20240716/4252202/4252202_17556563623360_500.jpg,False
2025-09,F,002017,트러커 재킷,002,아우터,23,5309838,adidas,아디다스,프리미엄 에센셜 데님 재킷 - 인디고데님 / JY2872,https://image.msscdn.net/images/goods_img/20250811/5309838/5309838_17549794697738_500.jpg,False
2025-09,F,002017,트러커 재킷,002,아우터,24,4344265,someplace,썸플레이스,배색 골덴 카라 바버 헌팅 트러커 자켓 점퍼 [베이지],https://image.msscdn.net/images/goods_img/20240819/4344265/4344265_17592930564751_500.jpg,False
2025-09,F,002017,트러커 재킷,002,아우터,25,3518763,oddstudio,오드스튜디오,샌드 워싱 바이커 데님 크롭 자켓 - BLUE,https://image.msscdn.net/images/goods_img/20230831/3518763/3518763_17315535641246_500.jpg,False
2025-09,F,002017,트러커 재킷,002,아우터,26,3518760,oddstudio,오드스튜디오,샌드 워싱 바이커 데님 크롭 자켓 - BLACK,https://image.msscdn.net/images/goods_img/20230831/3518760/3518760_17315535804206_500.jpg,False
2025-09,F,002017,트러커 재킷,002,아우터,27,4287892,supersub,슈퍼서브,워싱 크롭 데님 재킷 - 워시드 블루,https://image.msscdn.net/images/goods_img/20240801/4287892/4287892_17224927839087_500.jpg,False
2025-09,F,002017,트러커 재킷,002,아우터,28,3801342,supersub,슈퍼서브,워싱 크롭 데님 재킷 - 워시드 브라운,https://image.msscdn.net/images/goods_img/20240117/3801342/3801342_17065954658593_500.jpg,False
2025-09,F,002017,트러커 재킷,002,아우터,29,5316408,aakam,아캄,Banding Denim Zip-Up Jacket (Dark Blue),https://image.msscdn.net/images/goods_img/20250812/5316408/5316408_17556650326687_500.jpg,False
2025-09,F,002017,트러커 재킷,002,아우터,30,3836510,espionage,에스피오나지,French Wide Work Jacket (Moleskin) Washed Blue,https://image.msscdn.net/images/goods_img/20240131/3836510/3836510_17152161493815_500.jpg,False
2025-09,F,002003,슈트/블레이저 재킷,002,아우터,1,1618312,musinsastandardwoman,무신사 스탠다드 우먼,우먼즈 오버사이즈 블레이저 [블랙],https://image.msscdn.net/images/goods_img/20200923/1618312/1618312_17840158746923_500.jpg,False
2025-09,F,002003,슈트/블레이저 재킷,002,아우터,2,3845890,citybreeze,시티브리즈,루즈핏 사선 절개 싱글 자켓_GREY,https://image.msscdn.net/images/goods_img/20240205/3845890/3845890_17800354662108_500.jpg,False
2025-09,F,002003,슈트/블레이저 재킷,002,아우터,3,5151435,musinsastandardwoman,무신사 스탠다드 우먼,우먼즈 신세틱 스웨이드 오버사이즈 블레이저 [라이트 브라운],https://image.msscdn.net/images/goods_img/20250528/5151435/5151435_17562621249102_500.jpg,False
2025-09,F,002003,슈트/블레이저 재킷,002,아우터,4,5151434,musinsastandardwoman,무신사 스탠다드 우먼,우먼즈 신세틱 스웨이드 오버사이즈 블레이저 [브라운],https://image.msscdn.net/images/goods_img/20250528/5151434/5151434_17562621557732_500.jpg,False
2025-09,F,002003,슈트/블레이저 재킷,002,아우터,5,1803462,musinsastandardwoman,무신사 스탠다드 우먼,우먼즈 베이식 블레이저 [블랙],https://image.msscdn.net/images/goods_img/20210219/1803462/1803462_17834925402814_500.jpg,False
2025-09,F,002003,슈트/블레이저 재킷,002,아우터,6,2149536,musinsastandardwoman,무신사 스탠다드 우먼,우먼즈 오버사이즈 블레이저 [미디엄 그레이],https://image.msscdn.net/images/goods_img/20210928/2149536/2149536_17536890796842_500.jpg,False
2025-09,F,002003,슈트/블레이저 재킷,002,아우터,7,5151462,musinsastandardwoman,무신사 스탠다드 우먼,우먼즈 더블 브레스티드 롱 블레이저 [블랙],https://image.msscdn.net/images/goods_img/20250528/5151462/5151462_17569694145743_500.jpg,False
2025-09,F,002003,슈트/블레이저 재킷,002,아우터,8,5151495,musinsastandardwoman,무신사 스탠다드 우먼,우먼즈 4버튼 숏 블레이저 [블랙],https://image.msscdn.net/images/goods_img/20250528/5151495/5151495_17569694788155_500.jpg,False
2025-09,F,002003,슈트/블레이저 재킷,002,아우터,9,1618309,musinsastandardwoman,무신사 스탠다드 우먼,우먼즈 오버사이즈 블레이저 [그레이],https://image.msscdn.net/images/goods_img/20200923/1618309/1618309_17673379872616_500.jpg,False
2025-09,F,002003,슈트/블레이저 재킷,002,아우터,10,1797622,musinsastandardwoman,무신사 스탠다드 우먼,우먼즈 오버사이즈 블레이저 [더스티 베이지],https://image.msscdn.net/images/goods_img/20210217/1797622/1797622_17536902767703_500.jpg,False
2025-09,F,002003,슈트/블레이저 재킷,002,아우터,11,4568064,moodinsidewoman,무드인사이드 우먼,(woman) 프리미엄 울 블레이저 자켓_Brown,https://image.msscdn.net/images/goods_img/20241029/4568064/4568064_17301767069377_500.jpg,False
2025-09,F,002003,슈트/블레이저 재킷,002,아우터,12,3845882,citybreeze,시티브리즈,루즈핏 사선 절개 싱글 자켓_BLACK,https://image.msscdn.net/images/goods_img/20240205/3845882/3845882_17800355468865_500.jpg,False
2025-09,F,002003,슈트/블레이저 재킷,002,아우터,13,5151471,musinsastandardwoman,무신사 스탠다드 우먼,우먼즈 박시 블레이저 [블랙],https://image.msscdn.net/images/goods_img/20250528/5151471/5151471_17636199422987_500.jpg,False
2025-09,F,002003,슈트/블레이저 재킷,002,아우터,14,3825573,lemainsecond,리메인세컨드,[SET UP] 베이식 세미 오버핏 셋업 수트,https://image.msscdn.net/images/goods_img/20240126/3825573/3825573_17151317585846_500.jpg,False
2025-09,F,002003,슈트/블레이저 재킷,002,아우터,15,4629644,khakipoint,카키포인트,Antique Tweed Jacket (black),https://image.msscdn.net/images/goods_img/20241121/4629644/4629644_17321913808802_500.jpg,False
2025-09,F,002003,슈트/블레이저 재킷,002,아우터,16,5313083,heleneparis,헬레네파리스,테일러드 오버핏 레더 블레이저 [블랙],https://image.msscdn.net/images/goods_img/20250812/5313083/5313083_17554914792961_500.jpg,False
2025-09,F,002003,슈트/블레이저 재킷,002,아우터,17,3485946,drawfitwomen,드로우핏 우먼,버튼 트위드 자켓 [BLACK],https://image.msscdn.net/images/goods_img/20230822/3485946/3485946_17750173227927_500.jpg,False
2025-09,F,002003,슈트/블레이저 재킷,002,아우터,18,5151472,musinsastandardwoman,무신사 스탠다드 우먼,우먼즈 박시 블레이저 [그레이],https://image.msscdn.net/images/goods_img/20250528/5151472/5151472_17636198073714_500.jpg,False
2025-09,F,002003,슈트/블레이저 재킷,002,아우터,19,4824903,noirerforwoman,노이어 포 우먼,스웨이드 테일러드 자켓 (브라운),https://image.msscdn.net/images/goods_img/20250224/4824903/4824903_17606868055992_500.jpg,False
2025-09,F,002003,슈트/블레이저 재킷,002,아우터,20,5373607,overdueflair,오버듀플레어,WESTERN SUEDE JACKET_BROWN,https://image.msscdn.net/images/goods_img/20250828/5373607/5373607_17574912845340_500.jpg,False
2025-09,F,002003,슈트/블레이저 재킷,002,아우터,21,1803463,musinsastandardwoman,무신사 스탠다드 우먼,우먼즈 베이식 블레이저 [차콜 그레이],https://image.msscdn.net/images/goods_img/20210219/1803463/1803463_17835520881216_500.jpg,False
2025-09,F,002003,슈트/블레이저 재킷,002,아우터,22,5345553,mixxo,미쏘,카라배색 하프 워크 자켓_MIWJKFT02C,https://image.msscdn.net/images/goods_img/20250820/5345553/5345553_17579020076074_500.jpg,False
2025-09,F,002003,슈트/블레이저 재킷,002,아우터,23,2285132,musinsastandardwoman,무신사 스탠다드 우먼,우먼즈 베이식 블레이저 [미디엄 그레이],https://image.msscdn.net/images/goods_img/20211228/2285132/2285132_17676666172574_500.jpg,False
2025-09,F,002003,슈트/블레이저 재킷,002,아우터,24,3825716,urago,유라고,Miller single button jacket,https://image.msscdn.net/images/goods_img/20240126/3825716/3825716_17697341839999_500.jpg,False
2025-09,F,002003,슈트/블레이저 재킷,002,아우터,25,4514116,trillion,트릴리온,스웨이드 엘보우 패치 3 버튼 블레이저 자켓 [브라운],https://image.msscdn.net/images/goods_img/20241014/4514116/4514116_17297462407218_500.jpg,False
2025-09,F,002003,슈트/블레이저 재킷,002,아우터,26,4295652,citybreeze,시티브리즈,울 루즈핏 사선 절개 싱글 자켓_GREY,https://image.msscdn.net/images/goods_img/20240805/4295652/4295652_17821798115232_500.jpg,False
2025-09,F,002003,슈트/블레이저 재킷,002,아우터,27,4295651,citybreeze,시티브리즈,울 루즈핏 사선 절개 싱글 자켓_BLACK,https://image.msscdn.net/images/goods_img/20240805/4295651/4295651_17821798085133_500.jpg,False
2025-09,F,002003,슈트/블레이저 재킷,002,아우터,28,5151496,musinsastandardwoman,무신사 스탠다드 우먼,우먼즈 4버튼 숏 블레이저 [그레이],https://image.msscdn.net/images/goods_img/20250528/5151496/5151496_17726015340169_500.jpg,False
2025-09,F,002003,슈트/블레이저 재킷,002,아우터,29,4619956,musinsastandardwoman,무신사 스탠다드 우먼,우먼즈 레귤러 핏 3버튼 블레이저 [블랙],https://image.msscdn.net/images/goods_img/20241118/4619956/4619956_17836670737424_500.jpg,False
2025-09,F,002003,슈트/블레이저 재킷,002,아우터,30,4683135,leathery,레더리,디바이드 싱글 스웨이드 블레이저 [DARK BROWN],https://image.msscdn.net/images/goods_img/20241227/4683135/4683135_17370922344861_500.jpg,False
2025-09,F,002004,스타디움 재킷,002,아우터,1,3439975,urbandtype,어반디타입,(패딩or논패딩 선택) 코듀로이 래글런 자켓_핑크,https://image.msscdn.net/images/goods_img/20230801/3439975/3439975_17346618498463_500.jpg,False
2025-09,F,002004,스타디움 재킷,002,아우터,2,2782958,1993studio,1993스튜디오,빈티지 바시티 자켓_네이비,https://image.msscdn.net/images/goods_img/20220908/2782958/2782958_1_500.jpg,False
2025-09,F,002004,스타디움 재킷,002,아우터,3,4525862,newera,뉴에라,AP MLB STADIUM JK43 NEYYAN D BLU,https://image.msscdn.net/images/goods_img/20241016/4525862/4525862_17291420872439_500.jpg,False
2025-09,F,002004,스타디움 재킷,002,아우터,4,5327612,satur,세터,테오 저지 자켓 블랙,https://image.msscdn.net/images/goods_img/20250814/5327612/5327612_17630005435775_500.jpg,False
2025-09,F,002004,스타디움 재킷,002,아우터,5,3557760,newera,뉴에라,MLB 뉴욕양키스 스타디움 재킷 네이비,https://image.msscdn.net/images/goods_img/20230913/3557760/3557760_16946558019097_500.jpg,False
2025-09,F,002004,스타디움 재킷,002,아우터,6,4627952,ason,애즈온,MIGOS VARSITY JACKET,https://image.msscdn.net/images/goods_img/20241120/4627952/4627952_17320945443529_500.png,False
2025-09,F,002004,스타디움 재킷,002,아우터,7,2752807,kiimuir,키뮤어,울(WOOL) 바시티 자켓_블랙,https://image.msscdn.net/images/goods_img/20220830/2752807/2752807_17664729093372_500.jpg,False
2025-09,F,002004,스타디움 재킷,002,아우터,8,2352895,partimento,파르티멘토,코듀로이 바시티 자켓 네이비,https://image.msscdn.net/images/goods_img/20220210/2352895/2352895_1_500.jpg,False
2025-09,F,002004,스타디움 재킷,002,아우터,9,4525859,newera,뉴에라,MLB LA다저스 스타디움 재킷 블랙,https://image.msscdn.net/images/goods_img/20241016/4525859/4525859_17303410419130_500.jpg,False
2025-09,F,002004,스타디움 재킷,002,아우터,10,3439979,urbandtype,어반디타입,(패딩or논패딩 선택) 코듀로이 래글런 자켓_네이비,https://image.msscdn.net/images/goods_img/20230801/3439979/3439979_17346618324739_500.jpg,False
2025-09,F,002004,스타디움 재킷,002,아우터,11,5472997,newera,뉴에라,MLB 뉴욕 양키스 어센틱 스타디움 재킷 네이비,https://image.msscdn.net/images/goods_img/20250916/5472997/5472997_17588797460747_500.jpg,False
2025-09,F,002004,스타디움 재킷,002,아우터,12,5472975,newera,뉴에라,MLB 필라델피아 필리스 어센틱 스타디움 재킷 아이보리,https://image.msscdn.net/images/goods_img/20250916/5472975/5472975_17588796541588_500.jpg,False
2025-09,F,002004,스타디움 재킷,002,아우터,13,3448522,amesworldwide,아메스 월드와이드,NYLON STADIUM JACKET NAVY (AM2DFUJ240A),https://image.msscdn.net/images/goods_img/20230807/3448522/3448522_16926029585018_500.jpg,False
2025-09,F,002004,스타디움 재킷,002,아우터,14,4462251,aakam,아캄,Furry 98 Varsity Jacket (Wine),https://image.msscdn.net/images/goods_img/20240925/4462251/4462251_17309436751210_500.jpg,False
2025-09,F,002004,스타디움 재킷,002,아우터,15,5428278,mlb,엠엘비,베이직 나일론 후드탈착 바시티자켓 NY (Black),https://image.msscdn.net/images/goods_img/20250909/5428278/5428278_17610965524517_500.jpg,False
2025-09,F,002004,스타디움 재킷,002,아우터,16,3812672,thisisneverthat,디스이즈네버댓,Satin Jacket Navy,https://image.msscdn.net/images/goods_img/20240122/3812672/3812672_17065160162781_500.jpg,False
2025-09,F,002004,스타디움 재킷,002,아우터,17,3435323,leathery,레더리,코듀로이 바시티 테디 자켓 [BLACK],https://image.msscdn.net/images/goods_img/20230731/3435323/3435323_16919764406002_500.jpg,False
2025-09,F,002004,스타디움 재킷,002,아우터,18,3614353,hoodhood,후드후드,에일리언 바시티 자켓 네이비,https://image.msscdn.net/images/goods_img/20231010/3614353/3614353_16970140043327_500.jpg,False
2025-09,F,002004,스타디움 재킷,002,아우터,19,3784620,romanticcrown,로맨틱크라운,카센티노 울 바시티 자켓_그린,https://image.msscdn.net/images/goods_img/20240109/3784620/3784620_17415727724173_500.jpg,False
2025-09,F,002004,스타디움 재킷,002,아우터,20,3816475,satur,세터,퍼시 울 블렌드 바시티 자켓 클래식 네이비,https://image.msscdn.net/images/goods_img/20240123/3816475/3816475_17070987930263_500.jpg,False
2025-09,F,002004,스타디움 재킷,002,아우터,21,5396662,mlb,엠엘비,나일론 블로킹 컬시브 바시티 자켓 NY (Navy),https://image.msscdn.net/images/goods_img/20250903/5396662/5396662_17610977407006_500.jpg,False
2025-09,F,002004,스타디움 재킷,002,아우터,22,2813448,covernat,커버낫,프레피 코듀로이 바시티 자켓 베이지,https://image.msscdn.net/images/goods_img/20220922/2813448/2813448_17310571166003_500.jpg,False
2025-09,F,002004,스타디움 재킷,002,아우터,23,5472985,newera,뉴에라,MLB 시카고 화이트삭스 어센틱 스타디움 재킷 블랙,https://image.msscdn.net/images/goods_img/20250916/5472985/5472985_17588803066521_500.jpg,False
2025-09,F,002004,스타디움 재킷,002,아우터,24,3154420,grayblvd,그레이블러밧,엠씨 트윌코튼 바시티 자켓 (BLACK),https://image.msscdn.net/images/goods_img/20230316/3154420/3154420_16925951678322_500.jpg,False
2025-09,F,002004,스타디움 재킷,002,아우터,25,5310873,wackywilly,와키윌리,우먼스 시어링 스티치 자켓 베이지,https://image.msscdn.net/images/goods_img/20250811/5310873/5310873_17585088997480_500.jpg,False
2025-09,F,002004,스타디움 재킷,002,아우터,26,4737129,marithefrancoisgirbaud,마리떼 프랑소와 저버,NYLON COLOR BLOCK BASEBALL JACKET ivory,https://image.msscdn.net/images/goods_img/20250122/4737129/4737129_17393198158947_500.jpg,False
2025-09,F,002004,스타디움 재킷,002,아우터,27,4332793,tuomio,뚜오미오,WESTERN VARSITY JACKET [BEIGE],https://image.msscdn.net/images/goods_img/20240814/4332793/4332793_17278282798446_500.jpg,False
2025-09,F,002004,스타디움 재킷,002,아우터,28,3557766,newera,뉴에라,MLB 뉴욕양키스 월드시리즈 패치 스타디움 재킷 블랙,https://image.msscdn.net/images/goods_img/20230913/3557766/3557766_16946555757159_500.jpg,False
2025-09,F,002004,스타디움 재킷,002,아우터,29,2857983,timcomix,팀코믹스,8 BALL VARSITY JACKET BLACK,https://image.msscdn.net/images/goods_img/20221013/2857983/2857983_16988208342409_500.jpg,False
2025-09,F,002004,스타디움 재킷,002,아우터,30,3783999,whoau,후아유,Patch Varsity Jacket / WHJKF2315U,https://image.msscdn.net/images/goods_img/20240109/3783999/3783999_17391499238314_500.jpg,False
2025-09,F,002006,나일론/코치 재킷,002,아우터,1,3212915,compagno,꼼파뇨,크래킹 후드 윈드브레이커 그레이,https://image.msscdn.net/images/goods_img/20230406/3212915/3212915_16902464685664_500.jpg,False
2025-09,F,002006,나일론/코치 재킷,002,아우터,2,4296687,newbalance,뉴발란스,NBNAF31803 / UNI 에센셜 헤리티지 스탠드넥 웜업자켓 (BLACK),https://image.msscdn.net/images/goods_img/20240805/4296687/4296687_17846852180585_500.jpg,False
2025-09,F,002006,나일론/코치 재킷,002,아우터,3,2723218,dimitriblack,디미트리블랙,ASI 2WAY 어센틱 후드 윈드브레이커 자켓_블랙,https://image.msscdn.net/images/goods_img/20220817/2723218/2723218_17603312716294_500.jpg,False
2025-09,F,002006,나일론/코치 재킷,002,아우터,4,5317287,newbalance,뉴발란스,NBNAF31823 / UNI ESCAPE 스탠넥 웜업자켓 (IVORY),https://image.msscdn.net/images/goods_img/20250813/5317287/5317287_17566943361241_500.jpg,False
2025-09,F,002006,나일론/코치 재킷,002,아우터,5,3791038,codegraphy,코드그라피,[SET] [배색ver.] 2-WAY 배색 테크 숏 자켓 셋업_블랙,https://image.msscdn.net/images/goods_img/20240112/3791038/3791038_17718150719568_500.jpg,False
2025-09,F,002006,나일론/코치 재킷,002,아우터,6,3791014,codegraphy,코드그라피,[기본 OR 후디 선택] [배색Ver.] 2-WAY 테크 숏 자켓_블랙,https://image.msscdn.net/images/prd_img/20240112/3791014/detail_3791014_17429730762331_500.jpg,False
2025-09,F,002006,나일론/코치 재킷,002,아우터,7,3455892,filluminate,필루미네이트,타슬란 윈드 테이커 자켓-블랙,https://image.msscdn.net/images/goods_img/20230809/3455892/3455892_17827964402390_500.jpg,False
2025-09,F,002006,나일론/코치 재킷,002,아우터,8,5416584,thenorthface,노스페이스,NJ3BR82K 화이트라벨 여성 노벨티 올레마 자켓 BROWN,https://image.msscdn.net/images/goods_img/20250908/5416584/5416584_17579844883894_500.jpg,False
2025-09,F,002006,나일론/코치 재킷,002,아우터,9,3455882,filluminate,필루미네이트,타슬란 윈드 테이커 자켓-라이트그레이,https://image.msscdn.net/images/goods_img/20230809/3455882/3455882_17827964138309_500.jpg,False
2025-09,F,002006,나일론/코치 재킷,002,아우터,10,1530516,codegraphy,코드그라피,2-WAY 테크 숏 자켓_블랙,https://image.msscdn.net/images/goods_img/20200729/1530516/1530516_17773571044222_500.jpg,False
2025-09,F,002006,나일론/코치 재킷,002,아우터,11,2329532,nomanual,노매뉴얼,PENON WIND SHELL - BLACK,https://image.msscdn.net/images/goods_img/20220126/2329532/2329532_16762491689303_500.jpg,False
2025-09,F,002006,나일론/코치 재킷,002,아우터,12,3791037,codegraphy,코드그라피,[SET] [배색ver.] 2-WAY 배색 테크 숏 자켓 셋업_크림,https://image.msscdn.net/images/goods_img/20240112/3791037/3791037_17593650526189_500.jpg,False
2025-09,F,002006,나일론/코치 재킷,002,아우터,13,5095281,mucent,무센트,밀란 시그니처 로고 후드 바람막이 윈드브레이커,https://image.msscdn.net/images/goods_img/20250508/5095281/5095281_17576584535397_500.png,False
2025-09,F,002006,나일론/코치 재킷,002,아우터,14,5276074,trillion,트릴리온,체크 패턴 후드 집업 윈드브레이커_카키 브라운,https://image.msscdn.net/images/goods_img/20250728/5276074/5276074_17545510547216_500.jpg,False
2025-09,F,002006,나일론/코치 재킷,002,아우터,15,5317263,newbalance,뉴발란스,NBNAF31823 / UNI ESCAPE 스탠넥 웜업자켓 (CHARCOAL),https://image.msscdn.net/images/goods_img/20250813/5317263/5317263_17554737595959_500.jpg,False
2025-09,F,002006,나일론/코치 재킷,002,아우터,16,3790852,musinsastandardwoman,무신사 스탠다드 우먼,우먼즈 시어 후디드 윈드브레이커 재킷 [민트 그레이],https://image.msscdn.net/images/goods_img/20240112/3790852/3790852_17757052983394_500.jpg,False
2025-09,F,002006,나일론/코치 재킷,002,아우터,17,5202869,atez,아테즈,AERO 테크 후드 윈드 브레이커 자켓 [블랙],https://image.msscdn.net/images/goods_img/20250624/5202869/5202869_17705916791659_500.jpg,False
2025-09,F,002006,나일론/코치 재킷,002,아우터,18,5114491,thenorthface,노스페이스,NJ3BR34J 화이트라벨 여성 올레마 EX 자켓_WHITE SAND,https://image.msscdn.net/images/goods_img/20250515/5114491/5114491_17472716232898_500.jpg,False
2025-09,F,002006,나일론/코치 재킷,002,아우터,19,3836941,dimitriblack,디미트리블랙,VLAD 2WAY 어센틱 후드 윈드브레이커 자켓_차콜/블랙,https://image.msscdn.net/images/goods_img/20240131/3836941/3836941_17164425315381_500.png,False
2025-09,F,002006,나일론/코치 재킷,002,아우터,20,3393476,compagno,꼼파뇨,크래킹 후드 윈드브레이커 블랙,https://image.msscdn.net/images/goods_img/20230704/3393476/3393476_17108208598424_500.jpg,False
2025-09,F,002006,나일론/코치 재킷,002,아우터,21,3444333,lmc,엘엠씨,OG WINDBREAKER JACKET Light Gray,https://image.msscdn.net/images/goods_img/20230803/3444333/3444333_17675988798094_500.jpg,False
2025-09,F,002006,나일론/코치 재킷,002,아우터,22,5302798,thecoldestmoment,더콜디스트모먼트,TCM starfish mini check windstopper (beige),https://image.msscdn.net/images/goods_img/20250808/5302798/5302798_17556775495930_500.png,False
2025-09,F,002006,나일론/코치 재킷,002,아우터,23,3791036,codegraphy,코드그라피,[SET] [배색ver.] 2-WAY 배색 테크 숏 자켓 셋업_그레이,https://image.msscdn.net/images/goods_img/20240112/3791036/3791036_17773569398651_500.jpg,False
2025-09,F,002006,나일론/코치 재킷,002,아우터,24,3034336,espionage,에스피오나지,Ray Yacht Parka Carrot,https://image.msscdn.net/images/goods_img/20230119/3034336/3034336_16756599080513_500.jpg,False
2025-09,F,002006,나일론/코치 재킷,002,아우터,25,3514473,travel,트래블,벌룬 윈드 브레이커 블랙,https://image.msscdn.net/images/goods_img/20230830/3514473/3514473_17309645267347_500.jpg,False
2025-09,F,002006,나일론/코치 재킷,002,아우터,26,4728678,filluminate,필루미네이트,커브드 라인 윈드 브레이커-블랙,https://image.msscdn.net/images/goods_img/20250119/4728678/4728678_17881419378579_500.jpg,False
2025-09,F,002006,나일론/코치 재킷,002,아우터,27,5114488,thenorthface,노스페이스,NJ3BR34K 화이트라벨 여성 올레마 EX 자켓_BLACK,https://image.msscdn.net/images/goods_img/20250515/5114488/5114488_17472715823187_500.jpg,False
2025-09,F,002006,나일론/코치 재킷,002,아우터,28,2534895,slowrecordhouse,슬로우 레코드 하우스,파이핑 라인 나일론 자켓_블랙&베이지,https://image.msscdn.net/images/goods_img/20220502/2534895/2534895_17014068157715_500.jpg,False
2025-09,F,002006,나일론/코치 재킷,002,아우터,29,5361273,someplace,썸플레이스,캣츠 하이넥 도트 후드 스트링 바람막이 세트 [블랙]],https://image.msscdn.net/images/goods_img/20250825/5361273/5361273_17563694486334_500.jpg,False
2025-09,F,002006,나일론/코치 재킷,002,아우터,30,4795582,supersub,슈퍼서브,스티치 절개 윈드브레이커 - 블랙,https://image.msscdn.net/images/goods_img/20250217/4795582/4795582_17889997264700_500.jpg,False
2025-09,F,002019,아노락 재킷,002,아우터,1,5290140,likethemost,라이크더모스트,유니섹스 에센셜 벌룬 체크 후디 윈드브레이커_브라운,https://image.msscdn.net/images/goods_img/20250804/5290140/5290140_17546385648306_500.jpg,False
2025-09,F,002019,아노락 재킷,002,아우터,2,4434372,sportchamber,스포츠챔버,SC 오버사이즈 웜업 셔츠(네이비),https://image.msscdn.net/images/goods_img/20240912/4434372/4434372_17405320847269_500.jpg,False
2025-09,F,002019,아노락 재킷,002,아우터,3,5462015,oheshio,오헤시오,"NTC X OHESHIO REVERSIBLE YACHT PARKA, PURPLE",https://image.msscdn.net/images/goods_img/20250915/5462015/5462015_17582607944146_500.jpg,False
2025-09,F,002019,아노락 재킷,002,아우터,4,5245678,xtonzwoman,루나키후,WXJ029 히나타 체크 배색 립스탑 윈드브레이커 (NAVY),https://image.msscdn.net/images/goods_img/20250714/5245678/5245678_17551402327183_500.jpg,False
2025-09,F,002019,아노락 재킷,002,아우터,5,5290141,likethemost,라이크더모스트,유니섹스 에센셜 벌룬 체크 후디 윈드브레이커_블랙,https://image.msscdn.net/images/goods_img/20250804/5290141/5290141_17546382666620_500.jpg,False
2025-09,F,002019,아노락 재킷,002,아우터,6,5462014,oheshio,오헤시오,"NTC X OHESHIO REVERSIBLE YACHT PARKA, BLACK",https://image.msscdn.net/images/goods_img/20250915/5462014/5462014_17582607196889_500.jpg,False
2025-09,F,002019,아노락 재킷,002,아우터,7,2000085,superlit,에스릿 스튜디오,[SET] 스테디 라이트 아노락 3P 셋업 블랙,https://image.msscdn.net/images/prd_img/20210617/2000085/detail_2000085_1_500.jpg,False
2025-09,F,002019,아노락 재킷,002,아우터,8,5082747,lazybee,레이지비,캠프 멀티스포츠 러닝 바람막이 아노락 자켓 상의 W 블랙,https://image.msscdn.net/images/goods_img/20250430/5082747/5082747_17600776479856_500.jpg,False
2025-09,F,002019,아노락 재킷,002,아우터,9,4747261,rife,러닝라이프,스톰실 바람막이 자켓 자외선차단(UPF50+),https://image.msscdn.net/images/goods_img/20250131/4747261/4747261_17736467482084_500.png,False
2025-09,F,002019,아노락 재킷,002,아우터,10,4938278,commedesgarconsplay,꼼데가르송 플레이,K-WAY x CDG PLAY 레드하트 패커블 하프 집업 재킷 - 베이지 / AZJ5020513,https://image.msscdn.net/images/goods_img/20250325/4938278/4938278_17441023299317_500.jpg,False
2025-09,F,002019,아노락 재킷,002,아우터,11,2502967,lazybee,레이지비,캠프 멀티스포츠 러닝 바람막이 아노락 자켓 상의 M 블랙,https://image.msscdn.net/images/goods_img/20220420/2502967/2502967_17606761460746_500.jpg,False
2025-09,F,002019,아노락 재킷,002,아우터,12,5290139,likethemost,라이크더모스트,유니섹스 에센셜 벌룬 체크 후디 윈드브레이커_크림,https://image.msscdn.net/images/goods_img/20250804/5290139/5290139_17555651509645_500.jpg,False
2025-09,F,002019,아노락 재킷,002,아우터,13,5413168,tansanmagnesium,탄산마그네슘,도트 패턴 점퍼 블랙 (우먼),https://image.msscdn.net/images/goods_img/20250907/5413168/5413168_17616272675030_500.jpg,False
2025-09,F,002019,아노락 재킷,002,아우터,14,5331055,discoveryexpedition,디스커버리 익스페디션,여성 내추럴 우븐 트레이닝 아노락 (Brown),https://image.msscdn.net/images/goods_img/20250818/5331055/5331055_17888563844211_500.jpg,False
2025-09,F,002019,아노락 재킷,002,아우터,15,5306852,treemingbird,트리밍버드,Crinkle Zipper Anorak [ Black ],https://image.msscdn.net/images/goods_img/20250808/5306852/5306852_17546550208981_500.jpg,False
2025-09,F,002019,아노락 재킷,002,아우터,16,3414509,lecoq,르꼬끄,쉐브론 메쉬 아노락 화이트(QO323TJK82),https://image.msscdn.net/images/goods_img/20230719/3414509/3414509_17284288785056_500.jpg,False
2025-09,F,002019,아노락 재킷,002,아우터,17,3487607,covernat,커버낫,쉐르파 컴피보아 후디 아노락 블랙,https://image.msscdn.net/images/goods_img/20230822/3487607/3487607_16928622797037_500.png,False
2025-09,F,002019,아노락 재킷,002,아우터,18,3908624,umbro,엄브로,클래식 스탠넥 아노락 크림(UP221CWT41),https://image.msscdn.net/images/goods_img/20240228/3908624/3908624_17478139069378_500.jpg,False
2025-09,F,002019,아노락 재킷,002,아우터,19,3996828,fluke,플루크,스케이트보드 브이넥 웜업 자켓 블랙 FJK114,https://image.msscdn.net/images/goods_img/20240327/3996828/3996828_17116878575217_500.jpg,False
2025-09,F,002019,아노락 재킷,002,아우터,20,3487606,covernat,커버낫,쉐르파 컴피보아 후디 아노락 아이보리,https://image.msscdn.net/images/goods_img/20230822/3487606/3487606_16928622891883_500.png,False
2025-09,F,002019,아노락 재킷,002,아우터,21,4553450,menasoo,미나수,HEARTTRACK VNECK NYLON ANORAK JACKET_BLACK,https://image.msscdn.net/images/goods_img/20241024/4553450/4553450_17297503739045_500.jpg,False
2025-09,F,002019,아노락 재킷,002,아우터,22,4729555,trillion,트릴리온,멀티 포켓 후드 집업 윈드브레이커 자켓 [블랙],https://image.msscdn.net/images/goods_img/20250120/4729555/4729555_17376132055867_500.jpg,False
2025-09,F,002019,아노락 재킷,002,아우터,23,3466549,kiimuir,키뮤어,2-WAY 릴렉스드 헤링턴 자켓_4 color,https://image.msscdn.net/images/goods_img/20230816/3466549/3466549_17732985666081_500.jpg,False
2025-09,F,002019,아노락 재킷,002,아우터,24,3097434,covernat,커버낫,윈드브레이커 아노락 자켓 블랙,https://image.msscdn.net/images/goods_img/20230221/3097434/3097434_16812760473990_500.png,False
2025-09,F,002019,아노락 재킷,002,아우터,25,4243255,urbandtype,어반디타입,커브드 래글런 윈드브레이커_블루,https://image.msscdn.net/images/goods_img/20240710/4243255/4243255_17412285372483_500.jpg,False
2025-09,F,002019,아노락 재킷,002,아우터,26,5406696,atez,아테즈,AERO 테크 후드 아노락 윈드 브레이커 [블랙],https://image.msscdn.net/images/goods_img/20250905/5406696/5406696_17570367252291_500.jpg,False
2025-09,F,002019,아노락 재킷,002,아우터,27,5245673,xtonzwoman,루나키후,WXJ029 히나타 체크 배색 립스탑 윈드브레이커 (VINTAGE PINK),https://image.msscdn.net/images/goods_img/20250714/5245673/5245673_17556712891195_500.jpg,False
2025-09,F,002019,아노락 재킷,002,아우터,28,4861841,umbro,엄브로,팝러쉬 컬러블럭 후드 아노락 라이트 그레이(UQ123CWT31),https://image.msscdn.net/images/goods_img/20250305/4861841/4861841_17496888923686_500.jpg,False
2025-09,F,002019,아노락 재킷,002,아우터,29,5306851,treemingbird,트리밍버드,Crinkle Zipper Anorak [ White ],https://image.msscdn.net/images/goods_img/20250808/5306851/5306851_17546550167956_500.jpg,False
2025-09,F,002019,아노락 재킷,002,아우터,30,5306776,dod1,디오디,올데이체크 후드 아노락 여자(BROWN),https://image.msscdn.net/images/goods_img/20250808/5306776/5306776_17616989992948_500.jpg,False
2025-09,F,002018,트레이닝 재킷,002,아우터,1,4767374,adidas,아디다스,와플 BB 트랙탑  - 원더화이트 / JV9263,https://image.msscdn.net/images/goods_img/20250207/4767374/4767374_17405511510275_500.jpg,False
2025-09,F,002018,트레이닝 재킷,002,아우터,2,4280527,travel,트래블,져지 트랙 자켓 아이보리,https://image.msscdn.net/images/goods_img/20240729/4280527/4280527_17693915589684_500.jpg,False
2025-09,F,002018,트레이닝 재킷,002,아우터,3,5329563,adidas,아디다스,BB 트랙탑 - 클리어핑크 / KC3334,https://image.msscdn.net/images/goods_img/20250818/5329563/5329563_17573004720514_500.jpg,False
2025-09,F,002018,트레이닝 재킷,002,아우터,4,5329567,adidas,아디다스,BB 트랙탑 - 블랙:크림화이트 / KC9299,https://image.msscdn.net/images/goods_img/20250818/5329567/5329567_17573005097318_500.jpg,False
2025-09,F,002018,트레이닝 재킷,002,아우터,5,4865704,adidas,아디다스,ADILENIUM 3 오버사이즈 트랙탑 - 블랙 / JD3392,https://image.msscdn.net/images/goods_img/20250306/4865704/4865704_17416769168214_500.jpg,False
2025-09,F,002018,트레이닝 재킷,002,아우터,6,4945148,adidas,아디다스,아디컬러 클래식 트랙탑 (와플) - 원더화이트 / JW0109,https://image.msscdn.net/images/goods_img/20250326/4945148/4945148_17453139295013_500.jpg,False
2025-09,F,002018,트레이닝 재킷,002,아우터,7,4759906,adidas,아디다스,파이어버드 루즈 트랙탑 - 블랙 / JC8251,https://image.msscdn.net/images/goods_img/20250205/4759906/4759906_17388280835483_500.jpg,False
2025-09,F,002018,트레이닝 재킷,002,아우터,8,4280525,travel,트래블,져지 트랙 자켓 네이비,https://image.msscdn.net/images/goods_img/20240729/4280525/4280525_17230945367525_500.jpg,False
2025-09,F,002018,트레이닝 재킷,002,아우터,9,4336062,adidas,아디다스,파이어버드 니트 탑 - 블랙 / IY7278,https://image.msscdn.net/images/goods_img/20240816/4336062/4336062_17242236131024_500.jpg,False
2025-09,F,002018,트레이닝 재킷,002,아우터,10,2353497,urbandtype,어반디타입,OL209_러닝클럽 트랙 자켓_네이비,https://image.msscdn.net/images/goods_img/20220210/2353497/2353497_17875332753234_500.jpg,False
2025-09,F,002018,트레이닝 재킷,002,아우터,11,4945149,adidas,아디다스,아디컬러 클래식 트랙탑 (와플) - 블랙 / JW0110,https://image.msscdn.net/images/goods_img/20250326/4945149/4945149_17453139535405_500.jpg,False
2025-09,F,002018,트레이닝 재킷,002,아우터,12,4694108,travel,트래블,져지 트랙 자켓 블랙,https://image.msscdn.net/images/goods_img/20250102/4694108/4694108_17362322773285_500.jpg,False
2025-09,F,002018,트레이닝 재킷,002,아우터,13,4234917,adidas,아디다스,베켄바우어 트랙탑 - 블랙 / IW3174,https://image.msscdn.net/images/goods_img/20240705/4234917/4234917_17205041502880_500.jpg,False
2025-09,F,002018,트레이닝 재킷,002,아우터,14,3422706,adidas,아디다스,파이어버드 트랙탑  - 블랙 / IL8764,https://image.msscdn.net/images/goods_img/20230724/3422706/3422706_16904232602323_500.jpg,False
2025-09,F,002018,트레이닝 재킷,002,아우터,15,5200530,adidas,아디다스,베켄바우어 트랙탑 - 블랙:화이트 / HZ3743,https://image.msscdn.net/images/goods_img/20250623/5200530/5200530_17507447516406_500.jpg,False
2025-09,F,002018,트레이닝 재킷,002,아우터,16,4280526,travel,트래블,져지 트랙 자켓 브라운,https://image.msscdn.net/images/goods_img/20240729/4280526/4280526_17313741600749_500.jpg,False
2025-09,F,002018,트레이닝 재킷,002,아우터,17,4720611,travel,트래블,콤비네이션 테이프 져지 트랙 자켓 아이보리,https://image.msscdn.net/images/goods_img/20250115/4720611/4720611_17733770442001_500.jpg,False
2025-09,F,002018,트레이닝 재킷,002,아우터,18,5267786,adidas,아디다스,3-스트라이프 우븐 윈드브레이커 - 블랙:화이트 / JX1451,https://image.msscdn.net/images/goods_img/20250723/5267786/5267786_17533132480154_500.jpg,False
2025-09,F,002018,트레이닝 재킷,002,아우터,19,5269606,fila,휠라,1911 니트 트랙 집업(FS253FT01F001001),https://image.msscdn.net/images/goods_img/20250724/5269606/5269606_17714741527626_500.jpg,False
2025-09,F,002018,트레이닝 재킷,002,아우터,20,3010431,satur,세터,로턴 올 데이 트랙 집업 자켓 캐비어 블랙,https://image.msscdn.net/images/goods_img/20230109/3010431/3010431_17255123428915_500.jpg,False
2025-09,F,002018,트레이닝 재킷,002,아우터,21,4653440,adidas,아디다스,에센셜 3S 우븐 윈드브레이커 - 블랙 HT3399,https://image.msscdn.net/images/goods_img/20241206/4653440/4653440_17334597803024_500.jpg,False
2025-09,F,002018,트레이닝 재킷,002,아우터,22,4764492,secondmonolgue,세컨모놀로그,에어플로우 와플 트랙 자켓 [BEIGE]_SEJK022BEIGE,https://image.msscdn.net/images/goods_img/20250206/4764492/4764492_17769926813801_500.jpg,False
2025-09,F,002018,트레이닝 재킷,002,아우터,23,4489823,adidas,아디다스,BB 트랙탑 - 다크브라운 / JD5267,https://image.msscdn.net/images/goods_img/20241007/4489823/4489823_17453957713625_500.jpg,False
2025-09,F,002018,트레이닝 재킷,002,아우터,24,4308736,adidas,아디다스,파이어버드 피티드 트랙탑 - 블랙 / IW5516,https://image.msscdn.net/images/goods_img/20240808/4308736/4308736_17236095176559_500.jpg,False
2025-09,F,002018,트레이닝 재킷,002,아우터,25,4496172,adidas,아디다스,BB 트랙탑 - 네이비:오렌지 / JD5268,https://image.msscdn.net/images/goods_img/20241008/4496172/4496172_17453957498682_500.jpg,False
2025-09,F,002018,트레이닝 재킷,002,아우터,26,4816381,waikei,와이케이,스타 트랙 져지 자켓 블랙,https://image.msscdn.net/images/goods_img/20250221/4816381/4816381_17406687513755_500.jpg,False
2025-09,F,002018,트레이닝 재킷,002,아우터,27,4776183,adidas,아디다스,파이어버드 트랙탑 - 나이트인디고 / JC8263,https://image.msscdn.net/images/goods_img/20250211/4776183/4776183_17398495867983_500.jpg,False
2025-09,F,002018,트레이닝 재킷,002,아우터,28,3905833,adidas,아디다스,BB 트랙탑 - 베이지:인디고 / IZ4922,https://image.msscdn.net/images/goods_img/20240227/3905833/3905833_17453960511933_500.jpg,False
2025-09,F,002018,트레이닝 재킷,002,아우터,29,5303745,prendafromplant,프렌다,STAR 97 LOGO JERSEY TRACK JACKET IVORY,https://image.msscdn.net/images/goods_img/20250808/5303745/5303745_17695856189536_500.jpg,False
2025-09,F,002018,트레이닝 재킷,002,아우터,30,4798675,aakam,아캄,Leopard Logo Track Jacket (Black),https://image.msscdn.net/images/goods_img/20250218/4798675/4798675_17424462073069_500.jpg,False
2025-09,F,002008,환절기 코트,002,아우터,1,2360891,urago,유라고,Mac half trench coat,https://image.msscdn.net/images/goods_img/20220215/2360891/2360891_17901400385390_500.jpg,False
2025-09,F,002008,환절기 코트,002,아우터,2,3182686,isabelmarant,이자벨마랑,가브리엘 코트 - 오렌지 / MA0019FAA1D24E11OR,https://image.msscdn.net/images/goods_img/20230327/3182686/3182686_16830816783894_500.jpg,False
2025-09,F,002008,환절기 코트,002,아우터,3,4268575,overdueflair,오버듀플레어,CLASSIC SUEDE JACKET_CAMEL,https://image.msscdn.net/images/goods_img/20240723/4268575/4268575_17242222531735_500.jpg,False
2025-09,F,002008,환절기 코트,002,아우터,4,5313665,misekiseoul,미세키서울,Cowl neck button Jacket BLACK,https://image.msscdn.net/images/goods_img/20250812/5313665/5313665_17572951809821_500.jpg,False
2025-09,F,002008,환절기 코트,002,아우터,5,5313681,misekiseoul,미세키서울,Cowl neck button Jacket CHARCOAL,https://image.msscdn.net/images/goods_img/20250812/5313681/5313681_17572952498008_500.jpg,False
2025-09,F,002008,환절기 코트,002,아우터,6,680961,flareup,플레어업,오버사이즈 트렌치코트 (FL-012),https://image.msscdn.net/images/prd_img/20171130/680961/detail_680961_37_500.jpg,False
2025-09,F,002008,환절기 코트,002,아우터,7,2110658,nicknicole,닉앤니콜,OVERSIZED DOUBLE TRENCH COAT_8COLOR,https://image.msscdn.net/images/goods_img/20210906/2110658/2110658_17289677830789_500.jpg,False
2025-09,F,002008,환절기 코트,002,아우터,8,2662637,maxmara,막스마라,바코 데님 코드 - 울트라 마린 / 10110122600001,https://image.msscdn.net/images/goods_img/20220713/2662637/2662637_1_500.jpg,False
2025-09,F,002008,환절기 코트,002,아우터,9,4957868,hane,하네,벨티드 롱 트렌치 코트_Beige,https://image.msscdn.net/images/goods_img/20250328/4957868/4957868_17549878391663_500.jpg,False
2025-09,F,002008,환절기 코트,002,아우터,10,5335465,slowlolli,슬로우롤리,Metal emblem half trench coat,https://image.msscdn.net/images/goods_img/20250819/5335465/5335465_17560820549869_500.png,False
2025-09,F,002008,환절기 코트,002,아우터,11,4957892,hane,하네,발마칸 하프 트렌치 코트_Dark Navy,https://image.msscdn.net/images/goods_img/20250328/4957892/4957892_17431519327569_500.jpg,False
2025-09,F,002008,환절기 코트,002,아우터,12,5391422,spao,스파오,[신세틱레더] 하프코트 (스웨이드/레더)_SPJLF49W15,https://image.msscdn.net/images/goods_img/20250902/5391422/5391422_17582546064446_500.png,False
2025-09,F,002008,환절기 코트,002,아우터,13,5344935,urago,유라고,Beau mac trench coat,https://image.msscdn.net/images/goods_img/20250820/5344935/5344935_17570506053838_500.jpg,False
2025-09,F,002008,환절기 코트,002,아우터,14,3360038,burberry,버버리,첼시 코튼 트렌치 코트 - 허니 / 8032081,https://image.msscdn.net/images/goods_img/20230613/3360038/3360038_16883493445146_500.jpg,False
2025-09,F,002008,환절기 코트,002,아우터,15,4202563,burberry,버버리,롱 켄싱턴 헤리티지 트렌치 코트 - 블랙 / 8079412,https://image.msscdn.net/images/goods_img/20240618/4202563/4202563_17212901997168_500.jpg,False
2025-09,F,002008,환절기 코트,002,아우터,16,3931120,poloralphlauren,폴로 랄프 로렌,W 더블 브레스트 트윌 트렌치 코트 - 미디엄 베이지,https://image.msscdn.net/images/goods_img/20240307/3931120/3931120_17107553598384_500.jpg,False
2025-09,F,002008,환절기 코트,002,아우터,17,2764536,tillidie,틸아이다이,Mac half trench coat_3color,https://image.msscdn.net/images/goods_img/20220902/2764536/2764536_17696566710930_500.jpg,False
2025-09,F,002008,환절기 코트,002,아우터,18,3182688,isabelmarant,이자벨마랑,가브리엘 코트 - 블루:레드 / MA0019FAA1D24EBURD,https://image.msscdn.net/images/goods_img/20230327/3182688/3182688_16820612105486_500.jpg,False
2025-09,F,002008,환절기 코트,002,아우터,19,5404720,thecoldestmoment,더콜디스트모먼트,TCM vintage fishtail jacket (brown),https://image.msscdn.net/images/goods_img/20250904/5404720/5404720_17580071612121_500.jpg,False
2025-09,F,002008,환절기 코트,002,아우터,20,4957893,hane,하네,발마칸 하프 트렌치 코트_Beige,https://image.msscdn.net/images/goods_img/20250328/4957893/4957893_17551394458465_500.jpg,False
2025-09,F,002008,환절기 코트,002,아우터,21,3347304,lemaire,르메르,오버 사이즈 더블 브레스티드 코트 - 카멜 / CO1012LF1037MU004,https://image.msscdn.net/images/goods_img/20230605/3347304/3347304_16896443582535_500.jpg,False
2025-09,F,002008,환절기 코트,002,아우터,22,3913655,siyazu,시야쥬,SIOT4102 노블 맥코트_Beige,https://image.msscdn.net/images/goods_img/20240229/3913655/3913655_17091793061711_500.jpg,False
2025-09,F,002008,환절기 코트,002,아우터,23,3468915,tillidie,틸아이다이,Stitch raglan trench coat_Navy,https://image.msscdn.net/images/goods_img/20230816/3468915/3468915_16921776096216_500.jpg,False
2025-09,F,002008,환절기 코트,002,아우터,24,5452794,seo,에스이오,HOURGLASS FAUX LEATHER COAT,https://image.msscdn.net/images/goods_img/20250912/5452794/5452794_17576652155101_500.jpg,False
2025-09,F,002008,환절기 코트,002,아우터,25,5382106,spao,스파오,더플 숏 코트_SPJWF4TGY4,https://image.msscdn.net/images/goods_img/20250901/5382106/5382106_17655180726800_500.jpg,False
2025-09,F,002008,환절기 코트,002,아우터,26,5290782,artid,아티드,스카프 셋업 트렌치 코트_BEIGE,https://image.msscdn.net/images/goods_img/20250804/5290782/5290782_17563623121034_500.jpg,False
2025-09,F,002008,환절기 코트,002,아우터,27,4407907,houseofpond,하우스 오브 폰드,Para Double trench coat (Beige),https://image.msscdn.net/images/goods_img/20240905/4407907/4407907_17255232961219_500.jpg,False
2025-09,F,002008,환절기 코트,002,아우터,28,4593967,musinsastandardwoman,무신사 스탠다드 우먼,우먼즈 오버사이즈 싱글 트렌치 코트 [라이트 베이지],https://image.msscdn.net/images/goods_img/20241106/4593967/4593967_17368476607026_500.jpg,False
2025-09,F,002008,환절기 코트,002,아우터,29,5358652,lenina,르니나,BAYLIN cape trench coat_KHAKI GRAY,https://image.msscdn.net/images/goods_img/20250825/5358652/5358652_17877254927418_500.jpg,False
2025-09,F,002008,환절기 코트,002,아우터,30,4883924,studionicholson,스튜디오니콜슨,홀린 맥 코트 - 탄 / HOLINSNW1620TAN,https://image.msscdn.net/images/goods_img/20250312/4883924/4883924_17428906787325_500.jpg,False
2025-09,F,002014,사파리/헌팅 재킷,002,아우터,1,4619952,musinsastandardwoman,무신사 스탠다드 우먼,우먼즈 워시드 코튼 헌팅 재킷 [베이지],https://image.msscdn.net/images/goods_img/20241118/4619952/4619952_17412178889754_500.jpg,False
2025-09,F,002014,사파리/헌팅 재킷,002,아우터,2,4619951,musinsastandardwoman,무신사 스탠다드 우먼,우먼즈 워시드 코튼 헌팅 재킷 [카키],https://image.msscdn.net/images/goods_img/20241118/4619951/4619951_17392619742721_500.jpg,False
2025-09,F,002014,사파리/헌팅 재킷,002,아우터,3,4619953,musinsastandardwoman,무신사 스탠다드 우먼,우먼즈 워시드 코튼 헌팅 재킷 [크림],https://image.msscdn.net/images/goods_img/20241118/4619953/4619953_17430426420978_500.jpg,False
2025-09,F,002014,사파리/헌팅 재킷,002,아우터,4,3094153,espionage,에스피오나지,Hunting Blouson Jacket Olive,https://image.msscdn.net/images/goods_img/20230220/3094153/3094153_16771294572861_500.jpg,False
2025-09,F,002014,사파리/헌팅 재킷,002,아우터,5,3094151,espionage,에스피오나지,Hunting Blouson Jacket Black,https://image.msscdn.net/images/goods_img/20230220/3094151/3094151_16771293582073_500.jpg,False
2025-09,F,002014,사파리/헌팅 재킷,002,아우터,6,4867398,cargobrosforwomen,카고브로스 포 우먼,피쉬테일 숏 야상 후드 점퍼  (카키),https://image.msscdn.net/images/goods_img/20250306/4867398/4867398_17412633095985_500.jpg,False
2025-09,F,002014,사파리/헌팅 재킷,002,아우터,7,5346168,hane,하네,오버핏 피쉬테일 파카_Khaki,https://image.msscdn.net/images/goods_img/20250820/5346168/5346168_17558387872894_500.jpg,False
2025-09,F,002014,사파리/헌팅 재킷,002,아우터,8,5358366,codegraphy,코드그라피,(우먼) 워시드 프렌치 자켓_다크브라운,https://image.msscdn.net/images/goods_img/20250825/5358366/5358366_17567718619441_500.jpg,False
2025-09,F,002014,사파리/헌팅 재킷,002,아우터,9,5300305,dunstforwomen,던스트,UNISEX VINTAGE HALF WORK JACKET_UDJU5C110_DARK NAVY,https://image.msscdn.net/images/goods_img/20250807/5300305/5300305_17550523206315_500.jpg,False
2025-09,F,002014,사파리/헌팅 재킷,002,아우터,10,4252177,urbandtype,어반디타입,배색 카라 코튼 워크 자켓_아이보리,https://image.msscdn.net/images/goods_img/20240716/4252177/4252177_17322512988138_500.jpg,False
2025-09,F,002014,사파리/헌팅 재킷,002,아우터,11,4804776,nocontent,노컨텐츠,166. 코튼 캐주얼 점퍼 _ 베이지,https://image.msscdn.net/images/goods_img/20250219/4804776/4804776_17572940422403_500.jpg,False
2025-09,F,002014,사파리/헌팅 재킷,002,아우터,12,5393364,trillion,트릴리온,코듀로이 카라 워크 헌팅 자켓_4color,https://image.msscdn.net/images/goods_img/20250902/5393364/5393364_17570551470865_500.jpg,False
2025-09,F,002014,사파리/헌팅 재킷,002,아우터,13,5300303,dunstforwomen,던스트,UNISEX VINTAGE HALF WORK JACKET_UDJU5C110_WASHED BROWN,https://image.msscdn.net/images/goods_img/20250807/5300303/5300303_17550523262097_500.jpg,False
2025-09,F,002014,사파리/헌팅 재킷,002,아우터,14,3484627,frizmworks,프리즘웍스,HERITAGE HUNTING JACKET 002 _ NAVY,https://image.msscdn.net/images/goods_img/20230822/3484627/3484627_17562765410117_500.jpg,False
2025-09,F,002014,사파리/헌팅 재킷,002,아우터,15,2349901,outstanding,아웃스탠딩,CORDUROY COLLAR SHORT JACKET_OLIVE GREEN,https://image.msscdn.net/images/goods_img/20220209/2349901/2349901_17687996624748_500.jpg,False
2025-09,F,002014,사파리/헌팅 재킷,002,아우터,16,4393713,frenchchic,프렌치시크,벤리드 오버핏 투웨이 야상점퍼,https://image.msscdn.net/images/goods_img/20240902/4393713/4393713_17358697131383_500.jpg,False
2025-09,F,002014,사파리/헌팅 재킷,002,아우터,17,5361307,someplace,썸플레이스,체크 배색 빅포켓 밑단 스트링 하이넥 후드 코튼자켓_2COLOR,https://image.msscdn.net/images/goods_img/20250825/5361307/5361307_17580769660937_500.jpg,False
2025-09,F,002014,사파리/헌팅 재킷,002,아우터,18,5319334,dunstforwomen,던스트,UNISEX VINTAGE PADDED WORK JACKET_UDJU5C108_BLACK,https://image.msscdn.net/images/goods_img/20250813/5319334/5319334_17563485056710_500.jpg,False
2025-09,F,002014,사파리/헌팅 재킷,002,아우터,19,5319337,dunstforwomen,던스트,UNISEX WAXED COTTON HUNTING JACKET_UDJU5C111_KHAKI,https://image.msscdn.net/images/goods_img/20250813/5319337/5319337_17563484932431_500.jpg,False
2025-09,F,002014,사파리/헌팅 재킷,002,아우터,20,5450061,moodinsidewoman,무드인사이드 우먼,(woman) 스탠 하이넥 하프 야상_Khaki,https://image.msscdn.net/images/goods_img/20250912/5450061/5450061_17893514170485_500.jpg,False
2025-09,F,002014,사파리/헌팅 재킷,002,아우터,21,4484291,8daw,에잇데이즈어위크,하프워크자켓 베이지 AD342,https://image.msscdn.net/images/goods_img/20241003/4484291/4484291_17714737675971_500.jpg,False
2025-09,F,002014,사파리/헌팅 재킷,002,아우터,22,3086672,covernat,커버낫,후디 코트 자켓 블랙,https://image.msscdn.net/images/goods_img/20230215/3086672/3086672_16944068547223_500.jpg,False
2025-09,F,002014,사파리/헌팅 재킷,002,아우터,23,4719806,codegraphy,코드그라피,(우먼) 워시드 프렌치 자켓_아이보리,https://image.msscdn.net/images/goods_img/20250114/4719806/4719806_17726053490383_500.jpg,False
2025-09,F,002014,사파리/헌팅 재킷,002,아우터,24,3484626,frizmworks,프리즘웍스,HERITAGE HUNTING JACKET 002 _ BLACK,https://image.msscdn.net/images/goods_img/20230822/3484626/3484626_17562765622420_500.jpg,False
2025-09,F,002014,사파리/헌팅 재킷,002,아우터,25,5420239,oheshio,오헤시오,"CORDUROY COLLAR QUILTED JACKET, NAVY",https://image.msscdn.net/images/goods_img/20250908/5420239/5420239_17579384970280_500.jpg,False
2025-09,F,002014,사파리/헌팅 재킷,002,아우터,26,2206096,corrs,인더스트,[라이너세트] 리뉴얼 오리지널 M65 피시테일 파카_카키,https://image.msscdn.net/images/goods_img/20211028/2206096/2206096_17900456022813_500.jpg,False
2025-09,F,002014,사파리/헌팅 재킷,002,아우터,27,5393682,treemingbird,트리밍버드,Belted Utility Field Jacket [ Black ],https://image.msscdn.net/images/goods_img/20250902/5393682/5393682_17568182603808_500.jpg,False
2025-09,F,002014,사파리/헌팅 재킷,002,아우터,28,4392789,kiimuir,키뮤어,빈티지 코튼 헌팅 워크 자켓_네이비,https://image.msscdn.net/images/goods_img/20240902/4392789/4392789_17261906936807_500.jpg,False
2025-09,F,002014,사파리/헌팅 재킷,002,아우터,29,4738728,mongdol,몽돌,코튼 워크 자켓 베이지 MDJK039BEIGE,https://image.msscdn.net/images/goods_img/20250123/4738728/4738728_17895416750213_500.jpg,False
2025-09,F,002014,사파리/헌팅 재킷,002,아우터,30,4783761,wednesdayoasisforwomen,웬즈데이오아시스 포 우먼,W/90s 클래식 피쉬테일 숏 야상 자켓_Black(WC25-OT01),https://image.msscdn.net/images/goods_img/20250212/4783761/4783761_17403791218738_500.jpg,False
2025-09,F,002021,베스트,002,아우터,1,3078393,musinsastandardwoman,무신사 스탠다드 우먼,우먼즈 라이트웨이트 테일러드 베스트 [블랙],https://image.msscdn.net/images/goods_img/20230213/3078393/3078393_17467822386615_500.jpg,False
2025-09,F,002021,베스트,002,아우터,2,4325928,snowpeak,스노우피크,TAKIBI 립스탑 베스트 - 베이지 / JK-24AU106BG,https://image.msscdn.net/images/goods_img/20240813/4325928/4325928_17240707664583_500.jpg,False
2025-09,F,002021,베스트,002,아우터,3,3781560,romanticcrown,로맨틱크라운,투 톤 패턴 베스트_버건디,https://image.msscdn.net/images/goods_img/20240108/3781560/3781560_17415749043621_500.jpg,False
2025-09,F,002021,베스트,002,아우터,4,3349832,partimento,파르티멘토,시어 후드 베스트 블랙,https://image.msscdn.net/images/goods_img/20230607/3349832/3349832_16862761419940_500.jpg,False
2025-09,F,002021,베스트,002,아우터,5,3296752,trillion,트릴리온,디비전 나일론 후드 집업 베스트 (BLACK),https://image.msscdn.net/images/goods_img/20230515/3296752/3296752_17171445475065_500.jpg,False
2025-09,F,002021,베스트,002,아우터,6,3125670,matinkim,마뗑킴,SPELL POINT STRIPE KNIT VEST IN IVORY,https://image.msscdn.net/images/goods_img/20230306/3125670/3125670_16782582117207_500.jpg,False
2025-09,F,002021,베스트,002,아우터,7,3948581,mucent,무센트,"테크 나일론 후드 베스트 민소매 아노락 바람막이 조끼 (블랙, 차콜)",https://image.msscdn.net/images/goods_img/20240313/3948581/3948581_17141126477129_500.jpg,False
2025-09,F,002021,베스트,002,아우터,8,4763723,ganni,가니,그래픽 울 베스트 - 프로스트 그레이 / K2308523,https://image.msscdn.net/images/goods_img/20250206/4763723/4763723_17398444608286_500.jpg,False
2025-09,F,002021,베스트,002,아우터,9,3786488,brenson,브렌슨,B. 오버핏 스트링 후드 베스트 ( 3Color ),https://image.msscdn.net/images/goods_img/20240110/3786488/3786488_17301820619640_500.jpg,False
2025-09,F,002021,베스트,002,아우터,10,5301840,newbalance,뉴발란스,NBGUF45301 / PF 러닝베스트 (BROWN),https://image.msscdn.net/images/goods_img/20250807/5301840/5301840_17715530062525_500.jpg,False
2025-09,F,002021,베스트,002,아우터,11,4718503,generalideastandard,제너럴아이디어,에센셜 오픈 베스트 [BLACK] / WBE1L06510,https://image.msscdn.net/images/goods_img/20250114/4718503/4718503_17368359385119_500.jpg,False
2025-09,F,002021,베스트,002,아우터,12,5380373,yeseyesee,예스아이씨,Y.E.S Full Zip Fleece Vest Grey,https://image.msscdn.net/images/goods_img/20250829/5380373/5380373_17573209431357_500.jpg,False
2025-09,F,002021,베스트,002,아우터,13,4399522,thenorthface,노스페이스,NV4FQ55B 데날리 플리스 베스트_LIGHT BEIGE,https://image.msscdn.net/images/goods_img/20240903/4399522/4399522_17253515854736_500.jpg,False
2025-09,F,002021,베스트,002,아우터,14,5359538,thebarnnet,더바넷,Tala Velvet Vest,https://image.msscdn.net/images/goods_img/20250825/5359538/5359538_17574935221453_500.jpg,False
2025-09,F,002021,베스트,002,아우터,15,4993748,signature,시그니처,리벳 후드 슬리브리스 베스트[블랙],https://image.msscdn.net/images/goods_img/20250407/4993748/4993748_17446033240714_500.jpg,False
2025-09,F,002021,베스트,002,아우터,16,3766852,lmc,엘엠씨,OG HOODIE VEST Black,https://image.msscdn.net/images/goods_img/20231226/3766852/3766852_17675988263971_500.jpg,False
2025-09,F,002021,베스트,002,아우터,17,4854303,nicknicole,닉앤니콜,TAILORED STRIPE SINGLE VEST_ BLACK,https://image.msscdn.net/images/goods_img/20250304/4854303/4854303_17725978824534_500.jpg,False
2025-09,F,002021,베스트,002,아우터,18,5079078,notonlyfortoday,낫온리포투데이,하이넥 3D 포켓 후드 베스트 [블랙],https://image.msscdn.net/images/goods_img/20250429/5079078/5079078_17784665249883_500.jpg,False
2025-09,F,002021,베스트,002,아우터,19,3481340,lee,리,리버서블 플리스 베스트 아이보리,https://image.msscdn.net/images/goods_img/20230821/3481340/3481340_16927560493931_500.jpg,False
2025-09,F,002021,베스트,002,아우터,20,2739719,snowpeakapparel,스노우피크 어패럴,랜드 여성 경량 다운베스트 (S25WWGDV61) Light Beige,https://image.msscdn.net/images/goods_img/20220824/2739719/2739719_17893544538922_500.jpg,False
2025-09,F,002021,베스트,002,아우터,21,3349234,ami,아미,아가일 자카드 니트 베스트 - 그레이 / FKS704KN00050502,https://image.msscdn.net/images/goods_img/20230607/3349234/3349234_17085042653558_500.jpg,False
2025-09,F,002021,베스트,002,아우터,22,3910908,critic,크리틱,GLOSSY HOOD VEST BLACK,https://image.msscdn.net/images/goods_img/20240228/3910908/3910908_17096891875834_500.jpg,False
2025-09,F,002021,베스트,002,아우터,23,3542175,loeil,로에일,브이넥 크롭 울 니트 베스트 - 멜란지 그레이,https://image.msscdn.net/images/goods_img/20230907/3542175/3542175_16944839490329_500.jpg,False
2025-09,F,002021,베스트,002,아우터,24,1627006,noiago,노이아고,NOI170 로고 니트 베스트 (블랙),https://image.msscdn.net/images/goods_img/20200928/1627006/1627006_1_500.jpg,False
2025-09,F,002021,베스트,002,아우터,25,4825537,nonandnon,논앤논,BLACK GOLGI COTTON TUBE TOP_NSTS5210 (BLACK),https://image.msscdn.net/images/goods_img/20250224/4825537/4825537_17403867077959_500.jpg,False
2025-09,F,002021,베스트,002,아우터,26,4970524,newbalance,뉴발란스,NBGUF45301 / PF 러닝베스트 (BLACK),https://image.msscdn.net/images/goods_img/20250401/4970524/4970524_17890234397702_500.jpg,False
2025-09,F,002021,베스트,002,아우터,27,5251665,lmc,엘엠씨,OG HOODIE VEST burgundy,https://image.msscdn.net/images/goods_img/20250716/5251665/5251665_17555829954258_500.jpg,False
2025-09,F,002021,베스트,002,아우터,28,4796624,loeil,로에일,타이 랩 뷔스티에 베스트 - 차콜,https://image.msscdn.net/images/goods_img/20250217/4796624/4796624_17401363708221_500.jpg,False
2025-09,F,002021,베스트,002,아우터,29,5354805,nike,나이키,스위프트 써마 핏 러닝 베스트 W - 블랙 / HV2656-010,https://image.msscdn.net/images/goods_img/20250822/5354805/5354805_17562811690551_500.jpg,False
2025-09,F,002021,베스트,002,아우터,30,4590645,generalideastandard,제너럴아이디어,울 더스트 크루넥 베스트 [BEIGE] / WBD4L06561,https://image.msscdn.net/images/goods_img/20241105/4590645/4590645_17310400952060_500.jpg,False
2025-09,F,002012,숏패딩/헤비 아우터,002,아우터,1,5162177,musinsastandardwoman,무신사 스탠다드 우먼,시티 레저 우먼즈 후디드 라이트 다운 재킷 [블랙],https://image.msscdn.net/images/goods_img/20250602/5162177/5162177_17888605119271_500.jpg,False
2025-09,F,002012,숏패딩/헤비 아우터,002,아우터,2,5162178,musinsastandardwoman,무신사 스탠다드 우먼,시티 레저 우먼즈 후디드 라이트 다운 재킷 [스톤 화이트],https://image.msscdn.net/images/goods_img/20250602/5162178/5162178_17888650510734_500.jpg,False
2025-09,F,002012,숏패딩/헤비 아우터,002,아우터,3,5162181,musinsastandardwoman,무신사 스탠다드 우먼,시티 레저 우먼즈 후디드 라이트 다운 재킷 [모카 브라운],https://image.msscdn.net/images/goods_img/20250602/5162181/5162181_17888604816626_500.jpg,False
2025-09,F,002012,숏패딩/헤비 아우터,002,아우터,4,5301746,nautica,노티카,세일링 후디드 다운 자켓 NDW1085,https://image.msscdn.net/images/goods_img/20250807/5301746/5301746_17890859435866_500.jpg,False
2025-09,F,002012,숏패딩/헤비 아우터,002,아우터,5,5396260,sunlove,썬러브,Hooded Fly Light Down Jacket Grey,https://image.msscdn.net/images/goods_img/20250903/5396260/5396260_17568745926104_500.jpg,False
2025-09,F,002012,숏패딩/헤비 아우터,002,아우터,6,5396188,sunlove,썬러브,Hooded Fly Light Down Jacket Stone,https://image.msscdn.net/images/goods_img/20250903/5396188/5396188_17568740363504_500.jpg,False
2025-09,F,002012,숏패딩/헤비 아우터,002,아우터,7,5162180,musinsastandardwoman,무신사 스탠다드 우먼,시티 레저 우먼즈 후디드 라이트 다운 재킷 [퍼플 그레이],https://image.msscdn.net/images/goods_img/20250602/5162180/5162180_17568732517959_500.jpg,False
2025-09,F,002012,숏패딩/헤비 아우터,002,아우터,8,4241903,thenorthface,노스페이스,NJ1DR85J 화이트라벨 여성 노벨티 눕시 RDS 다운 자켓 BLACK,https://image.msscdn.net/images/goods_img/20240710/4241903/4241903_17828662716555_500.jpg,False
2025-09,F,002012,숏패딩/헤비 아우터,002,아우터,9,5016792,musinsastandardsp,무신사 스탠다드 스포츠,탱커 라이트 벤트 패딩 자켓 (4color),https://image.msscdn.net/images/goods_img/20250411/5016792/5016792_17883313932700_500.jpg,False
2025-09,F,002012,숏패딩/헤비 아우터,002,아우터,10,5401056,dimitriblack,디미트리블랙,VLAD 라이트 쉘 경량 다운 자켓_후디드 스카이 블루,https://image.msscdn.net/images/goods_img/20250904/5401056/5401056_17872887675931_500.jpg,False
2025-09,F,002012,숏패딩/헤비 아우터,002,아우터,11,5453410,aeae,에이이에이이,SYMBOL LIGHT DOWN JACKET [CREAM],https://image.msscdn.net/images/goods_img/20250912/5453410/5453410_17580165458074_500.jpg,False
2025-09,F,002012,숏패딩/헤비 아우터,002,아우터,12,4479796,lee,리,우먼 래글런 숏 다운 아이보리,https://image.msscdn.net/images/goods_img/20241002/4479796/4479796_17297326037901_500.jpg,False
2025-09,F,002012,숏패딩/헤비 아우터,002,아우터,13,5453398,aeae,에이이에이이,SYMBOL LIGHT DOWN JACKET [OLIVE],https://image.msscdn.net/images/goods_img/20250912/5453398/5453398_17580162981974_500.jpg,False
2025-09,F,002012,숏패딩/헤비 아우터,002,아우터,14,4508205,nationalgeographic,내셔널지오그래픽,N244WDW851 여성 카이만 숏기장 구스 후디 다운 점퍼 CARBON BLACK,https://image.msscdn.net/images/goods_img/20241011/4508205/4508205_17570493854272_500.jpg,False
2025-09,F,002012,숏패딩/헤비 아우터,002,아우터,15,5395664,thenorthface,노스페이스,NJ1DR85K 화이트라벨 여성 노벨티 눕시 다운 자켓 (RDS) REAL BLACK,https://image.msscdn.net/images/goods_img/20250903/5395664/5395664_17568685988915_500.jpg,False
2025-09,F,002012,숏패딩/헤비 아우터,002,아우터,16,5401055,dimitriblack,디미트리블랙,VLAD 라이트 쉘 경량 다운 자켓_후디드 블랙,https://image.msscdn.net/images/goods_img/20250904/5401055/5401055_17881514883584_500.jpg,False
2025-09,F,002012,숏패딩/헤비 아우터,002,아우터,17,4280407,nomanual,노매뉴얼,NUBES LIGHT DUCK DOWN - GLOSSY GRAY,https://image.msscdn.net/images/goods_img/20240729/4280407/4280407_17574973368499_500.jpg,False
2025-09,F,002012,숏패딩/헤비 아우터,002,아우터,18,4520521,sierradesigns,시에라디자인,W) 뮤어(MUIR) 경량 구스다운 후드자켓 LIGHT GREY,https://image.msscdn.net/images/goods_img/20241015/4520521/4520521_17884903564829_500.jpg,False
2025-09,F,002012,숏패딩/헤비 아우터,002,아우터,19,2739703,snowpeakapparel,스노우피크 어패럴,랜드 여성 경량 다운 자켓 (S25WWGDJ61) Light Beige,https://image.msscdn.net/images/goods_img/20220824/2739703/2739703_17877895575949_500.jpg,False
2025-09,F,002012,숏패딩/헤비 아우터,002,아우터,20,5401052,dimitriblack,디미트리블랙,VLAD 라이트 쉘 경량 다운 자켓_후디드 오트밀,https://image.msscdn.net/images/goods_img/20250904/5401052/5401052_17872888634860_500.jpg,False
2025-09,F,002012,숏패딩/헤비 아우터,002,아우터,21,3508111,discoveryexpedition,디스커버리 익스페디션,여성 픽토르U 구스다운 경량패딩 (IVORY),https://image.msscdn.net/images/goods_img/20230829/3508111/3508111_17288903917818_500.jpg,False
2025-09,F,002012,숏패딩/헤비 아우터,002,아우터,22,5438735,trillion,트릴리온,라이트 후디 패딩 자켓_그레이,https://image.msscdn.net/images/goods_img/20250910/5438735/5438735_17575615961166_500.jpg,False
2025-09,F,002012,숏패딩/헤비 아우터,002,아우터,23,5371309,salomon,살로몬,엑스 퓨즈 후디드 다운 자켓_LC3002000,https://image.msscdn.net/images/goods_img/20250827/5371309/5371309_17605147868091_500.png,False
2025-09,F,002012,숏패딩/헤비 아우터,002,아우터,24,3400899,nationalgeographic,내셔널지오그래픽,N234WDW920 여성 헤론 U넥 경량 덕 다운 점퍼 BUTTER,https://image.msscdn.net/images/goods_img/20230710/3400899/3400899_16889637435105_500.jpg,False
2025-09,F,002012,숏패딩/헤비 아우터,002,아우터,25,5438737,trillion,트릴리온,라이트 후디 패딩 자켓_블랙,https://image.msscdn.net/images/goods_img/20250910/5438737/5438737_17575616254192_500.jpg,False
2025-09,F,002012,숏패딩/헤비 아우터,002,아우터,26,3508108,discoveryexpedition,디스커버리 익스페디션,여성 픽토르U 구스다운 경량패딩 (BLACK),https://image.msscdn.net/images/goods_img/20230829/3508108/3508108_17285408265733_500.jpg,False
2025-09,F,002012,숏패딩/헤비 아우터,002,아우터,27,5484355,8seconds,에잇세컨즈,[민주킴] 러플 셔링 오버핏 블루종  블랙,https://image.msscdn.net/images/goods_img/20250918/5484355/5484355_17581611409781_500.jpg,False
2025-09,F,002012,숏패딩/헤비 아우터,002,아우터,28,4494132,nationalgeographic,내셔널지오그래픽,N244WDW010 여성 밀버스 경량 구스 다운 후드 점퍼 SILVER GREY,https://image.msscdn.net/images/goods_img/20241007/4494132/4494132_17282959202671_500.jpg,False
2025-09,F,002012,숏패딩/헤비 아우터,002,아우터,29,5396215,sunlove,썬러브,Hooded Fly Light Down Jacket Light Blue,https://image.msscdn.net/images/goods_img/20250903/5396215/5396215_17568742473251_500.jpg,False
2025-09,F,002012,숏패딩/헤비 아우터,002,아우터,30,3603690,eider,아이더,STOOKY SHORT (스투키 숏) β 다운 자켓_TITANIUM BLACK,https://image.msscdn.net/images/goods_img/20231005/3603690/3603690_16964676067415_500.jpg,False
2025-09,F,002025,무스탕/퍼,002,아우터,1,4648957,thegreenlab,더그린랩,FAUX 퍼 하이넥 무스탕 쟈켓 [밍크/아이보리],https://image.msscdn.net/images/goods_img/20241204/4648957/4648957_17889386753405_500.jpg,False
2025-09,F,002025,무스탕/퍼,002,아우터,2,4422571,roughneck,러프넥,워싱 레더 무스탕 자켓,https://image.msscdn.net/images/goods_img/20240909/4422571/4422571_17259543259384_500.jpg,False
2025-09,F,002025,무스탕/퍼,002,아우터,3,5409348,glowny,글로니,MOOR REVERSIBLE FUR JACKET (CHARCOAL),https://image.msscdn.net/images/goods_img/20250905/5409348/5409348_17574668934634_500.jpg,False
2025-09,F,002025,무스탕/퍼,002,아우터,4,5409345,glowny,글로니,MOOR REVERSIBLE FUR JACKET (BROWN),https://image.msscdn.net/images/goods_img/20250905/5409345/5409345_17622363846577_500.jpg,False
2025-09,F,002025,무스탕/퍼,002,아우터,5,3661328,lingseoul,링서울,suede mustang coat-beige,https://image.msscdn.net/images/goods_img/20231026/3661328/3661328_16995757835262_500.jpg,False
2025-09,F,002025,무스탕/퍼,002,아우터,6,3676631,thegreenlab,더그린랩,FAUX 퍼 하이넥 무스탕 쟈켓 [블랙/아이보리],https://image.msscdn.net/images/goods_img/20231101/3676631/3676631_17652382927889_500.jpg,False
2025-09,F,002025,무스탕/퍼,002,아우터,7,5309360,roughneck,러프넥,워싱 레더 무스탕 자켓 그레이,https://image.msscdn.net/images/goods_img/20250811/5309360/5309360_17567135762013_500.jpg,False
2025-09,F,002025,무스탕/퍼,002,아우터,8,4379472,romanticcrown,로맨틱크라운,크롭 무톤 자켓_카키,https://image.msscdn.net/images/goods_img/20240828/4379472/4379472_17412410908307_500.jpg,False
2025-09,F,002025,무스탕/퍼,002,아우터,9,4498805,leathery,레더리,오블리크 스웨이드 무스탕 자켓 [BLACK],https://image.msscdn.net/images/goods_img/20241008/4498805/4498805_17286101050603_500.jpg,False
2025-09,F,002025,무스탕/퍼,002,아우터,10,1582142,left,레프트서울,에비에이터 B-3 무스탕 자켓 [블랙],https://image.msscdn.net/images/goods_img/20200903/1582142/1582142_17888321003811_500.jpg,False
2025-09,F,002025,무스탕/퍼,002,아우터,11,4644905,spao,스파오,퍼배색 무스탕_SPJLF4VW04,https://image.msscdn.net/images/goods_img/20241202/4644905/4644905_17580108193796_500.jpeg,False
2025-09,F,002025,무스탕/퍼,002,아우터,12,4498804,leathery,레더리,오블리크 스웨이드 무스탕 자켓 [BROWN],https://image.msscdn.net/images/goods_img/20241008/4498804/4498804_17286102809563_500.jpg,False
2025-09,F,002025,무스탕/퍼,002,아우터,13,4598251,thegreenlab,더그린랩,FAUX 퍼 하이넥 무스탕 쟈켓 [밍크/블랙],https://image.msscdn.net/images/goods_img/20241108/4598251/4598251_17905811768713_500.jpg,False
2025-09,F,002025,무스탕/퍼,002,아우터,14,4379467,romanticcrown,로맨틱크라운,크롭 무톤 자켓_블랙,https://image.msscdn.net/images/goods_img/20240828/4379467/4379467_17412411238626_500.jpg,False
2025-09,F,002025,무스탕/퍼,002,아우터,15,5424558,badblood,배드블러드,미스틱11 리버시블 퍼 후드 자켓 - 그레이/화이트레오파드,https://image.msscdn.net/images/goods_img/20250909/5424558/5424558_17639644703002_500.jpg,False
2025-09,F,002025,무스탕/퍼,002,아우터,16,4630342,khakipoint,카키포인트,Stitch Fur Mustang (black),https://image.msscdn.net/images/goods_img/20241121/4630342/4630342_17321882055695_500.jpg,False
2025-09,F,002025,무스탕/퍼,002,아우터,17,2985378,left,레프트서울,에비에이터 B-3 무스탕 자켓 [블랙/화이트],https://image.msscdn.net/images/goods_img/20221216/2985378/2985378_17888316910045_500.jpg,False
2025-09,F,002025,무스탕/퍼,002,아우터,18,4630351,khakipoint,카키포인트,Stitch Fur Mustang (ivory),https://image.msscdn.net/images/goods_img/20241121/4630351/4630351_17321881799576_500.jpg,False
2025-09,F,002025,무스탕/퍼,002,아우터,19,3728613,treemingbird,트리밍버드,Crack Bold Crop Mustang [ Black ],https://image.msscdn.net/images/goods_img/20231122/3728613/3728613_17630025392922_500.jpg,False
2025-09,F,002025,무스탕/퍼,002,아우터,20,4545078,heleneparis,헬레네파리스,피티드 스웨이드 무스탕 [블랙],https://image.msscdn.net/images/goods_img/20241022/4545078/4545078_17296454400437_500.jpg,False
2025-09,F,002025,무스탕/퍼,002,아우터,21,5424568,badblood,배드블러드,미스틱11 리버시블 퍼 후드 자켓 - 화이트/블랙,https://image.msscdn.net/images/goods_img/20250909/5424568/5424568_17675898048850_500.jpg,False
2025-09,F,002025,무스탕/퍼,002,아우터,22,3661835,etmon,에트몽,"High-Neck Suede Mustang Coat, Brown",https://image.msscdn.net/images/goods_img/20231026/3661835/3661835_16983045835575_500.jpg,False
2025-09,F,002025,무스탕/퍼,002,아우터,23,3435483,musinsastandardwoman,무신사 스탠다드 우먼,우먼즈 리버서블 신세틱 레더 시어링 하프 코트 [블랙],https://image.msscdn.net/images/goods_img/20230731/3435483/3435483_17610122417764_500.jpg,False
2025-09,F,002025,무스탕/퍼,002,아우터,24,4552694,nache,나체,HOODIE CROP FUR JACKET BLACK,https://image.msscdn.net/images/goods_img/20241024/4552694/4552694_17297700958242_500.jpg,False
2025-09,F,002025,무스탕/퍼,002,아우터,25,4380303,romanticcrown,로맨틱크라운,모터사이클 무톤 자켓_카키,https://image.msscdn.net/images/goods_img/20240828/4380303/4380303_17412409926499_500.jpg,False
2025-09,F,002025,무스탕/퍼,002,아우터,26,5257318,bedevil88,비데블,골덴 절개 퍼자켓 - 브라운,https://image.msscdn.net/images/goods_img/20250720/5257318/5257318_17529900131286_500.jpg,False
2025-09,F,002025,무스탕/퍼,002,아우터,27,5416921,uglyshadow,어글리쉐도우,리버시블 시어링 자켓 (블루),https://image.msscdn.net/images/goods_img/20250908/5416921/5416921_17575581976116_500.jpg,False
2025-09,F,002025,무스탕/퍼,002,아우터,28,5446711,anderssonbell,앤더슨벨,UNISEX CURVED PLACKET REVERSIBLE FAUX-FUR VEST awa723u(BLACK),https://image.msscdn.net/images/goods_img/20250911/5446711/5446711_17576432862900_500.jpg,False
2025-09,F,002025,무스탕/퍼,002,아우터,29,5424632,badblood,배드블러드,코스모11 디태쳐블 퍼 후드 집업 - 블랙,https://image.msscdn.net/images/goods_img/20250909/5424632/5424632_17645557031849_500.jpg,False
2025-09,F,002025,무스탕/퍼,002,아우터,30,4629564,khakipoint,카키포인트,MINI MUSTANG (black),https://image.msscdn.net/images/goods_img/20241121/4629564/4629564_17321910610078_500.jpeg,False
2025-09,F,002023,플리스/뽀글이,002,아우터,1,4432439,jeep,지프,2WAY 레트로 마운틴 1941 플리스 집업 4COLOR (JR5TZU191),https://image.msscdn.net/images/goods_img/20240911/4432439/4432439_17560810698333_500.jpg,False
2025-09,F,002023,플리스/뽀글이,002,아우터,2,4507542,jeep,지프,2way Peak-logo 라운드넥 플리스 BLACK (JQ5TZU192BK),https://image.msscdn.net/images/goods_img/20241011/4507542/4507542_17307634527729_500.png,False
2025-09,F,002023,플리스/뽀글이,002,아우터,3,1567317,jeep,지프,2WAY 레트로 마운틴 1941 플리스 집업 (JR5TZU191BK),https://image.msscdn.net/images/goods_img/20200827/1567317/1567317_17871103144956_500.jpg,False
2025-09,F,002023,플리스/뽀글이,002,아우터,4,1670498,jeep,지프,2WAY 레트로 마운틴 1941 플리스 집업 (JR5TZU191IV),https://image.msscdn.net/images/goods_img/20201030/1670498/1670498_17615290574286_500.jpg,False
2025-09,F,002023,플리스/뽀글이,002,아우터,5,5270140,bittercells,비터셀즈,포디 플리스 하프 집업-차콜,https://image.msscdn.net/images/goods_img/20250724/5270140/5270140_17557512212341_500.jpg,False
2025-09,F,002023,플리스/뽀글이,002,아우터,6,5325515,jeep,지프,M-Logo 레인보우 라벨 하프넥 플리스 집업 2 COLOR (JQ5TZU191),https://image.msscdn.net/images/goods_img/20250814/5325515/5325515_17551514636860_500.jpg,False
2025-09,F,002023,플리스/뽀글이,002,아우터,7,5461886,oheshio,오헤시오,"NTC X OHESHIO LINING FLEECE, GRAY",https://image.msscdn.net/images/goods_img/20250915/5461886/5461886_17582605743234_500.jpg,False
2025-09,F,002023,플리스/뽀글이,002,아우터,8,4425981,lee,리,폴라플리스 집업 자켓 블랙,https://image.msscdn.net/images/goods_img/20240910/4425981/4425981_17261156335045_500.jpg,False
2025-09,F,002023,플리스/뽀글이,002,아우터,9,4506570,enzoblues,엔조 블루스,플리스 집업 후디 (Blue Grey),https://image.msscdn.net/images/goods_img/20241011/4506570/4506570_17291544086460_500.jpg,False
2025-09,F,002023,플리스/뽀글이,002,아우터,10,5325522,jeep,지프,2WAY 레트로 마운틴 1941 플리스 집업 (JR5TZU191BG),https://image.msscdn.net/images/goods_img/20250814/5325522/5325522_17592763367589_500.jpg,False
2025-09,F,002023,플리스/뽀글이,002,아우터,11,5353192,patagonia,파타고니아,우먼즈 클래식 레트로-X 재킷 / 23075Q7,https://image.msscdn.net/images/goods_img/20250822/5353192/5353192_17558257086667_500.jpg,False
2025-09,F,002023,플리스/뽀글이,002,아우터,12,4668841,covernat,커버낫,CVNT 플리스 오버핏 후디 집업 아이보리,https://image.msscdn.net/images/goods_img/20241216/4668841/4668841_17344271639578_500.jpg,False
2025-09,F,002023,플리스/뽀글이,002,아우터,13,3498228,thisisneverthat,디스이즈네버댓,SP Sherpa Fleece Jacket Brown,https://image.msscdn.net/images/goods_img/20230825/3498228/3498228_16932968688813_500.jpg,False
2025-09,F,002023,플리스/뽀글이,002,아우터,14,2850102,yale,예일,엠브로이더리 댄 카라리스 보아 플리스 자켓_아이보리,https://image.msscdn.net/images/goods_img/20221011/2850102/2850102_17653340845444_500.jpg,False
2025-09,F,002023,플리스/뽀글이,002,아우터,15,5353203,patagonia,파타고니아,우먼즈 라이트웨이트 신칠라 스냅 티 풀오버 / 25455Q7,https://image.msscdn.net/images/goods_img/20250822/5353203/5353203_17604272128758_500.jpg,False
2025-09,F,002023,플리스/뽀글이,002,아우터,16,5340095,luvistrue,러브이즈트루,GT FLEECE JACKET(NAVY),https://image.msscdn.net/images/goods_img/20250819/5340095/5340095_17564483736410_500.jpg,False
2025-09,F,002023,플리스/뽀글이,002,아우터,17,5343574,jeep,지프,에센셜 스몰로고 하프집업 플리스 (JQ5TSF192BK),https://image.msscdn.net/images/goods_img/20250820/5343574/5343574_17586066796408_500.jpg,False
2025-09,F,002023,플리스/뽀글이,002,아우터,18,4340520,famacollection,더파코,LOZENGE  LOGO FLEECE ZIPUP PURPLE,https://image.msscdn.net/images/goods_img/20240819/4340520/4340520_17261082949884_500.jpg,False
2025-09,F,002023,플리스/뽀글이,002,아우터,19,5340096,luvistrue,러브이즈트루,GT FLEECE JACKET(CHARCOAL),https://image.msscdn.net/images/goods_img/20250819/5340096/5340096_17564484203722_500.jpg,False
2025-09,F,002023,플리스/뽀글이,002,아우터,20,2755493,yale,예일,엠브로이더리 댄 플리스 트랙자켓_블랙,https://image.msscdn.net/images/goods_img/20220830/2755493/2755493_17316472306441_500.jpg,False
2025-09,F,002023,플리스/뽀글이,002,아우터,21,5346770,marithefrancoisgirbaud,마리떼 프랑소와 저버,ETHNIC PATTERN FLEECE JACKET navy,https://image.msscdn.net/images/goods_img/20250821/5346770/5346770_17569420423884_500.jpg,False
2025-09,F,002023,플리스/뽀글이,002,아우터,22,4302690,sorano,소라노,SORANO Basic Logo FLEECE JACKET [2Color],https://image.msscdn.net/images/goods_img/20240807/4302690/4302690_17229692410197_500.jpg,False
2025-09,F,002023,플리스/뽀글이,002,아우터,23,5325521,jeep,지프,2WAY 레트로 마운틴 1941 플리스 집업 (JR5TZU191BR),https://image.msscdn.net/images/goods_img/20250814/5325521/5325521_17592763150969_500.jpg,False
2025-09,F,002023,플리스/뽀글이,002,아우터,24,4668842,covernat,커버낫,CVNT 플리스 오버핏 후디 집업 블랙,https://image.msscdn.net/images/goods_img/20241216/4668842/4668842_17344271533311_500.jpg,False
2025-09,F,002023,플리스/뽀글이,002,아우터,25,5343565,jeep,지프,에센셜 스몰로고 하프집업 플리스 (JQ5TSF192IV),https://image.msscdn.net/images/goods_img/20250820/5343565/5343565_17888435325888_500.jpg,False
2025-09,F,002023,플리스/뽀글이,002,아우터,26,5453377,aeae,에이이에이이,STELLA FLEECE ZIP UP HOODIE [GREY],https://image.msscdn.net/images/goods_img/20250912/5453377/5453377_17585027979186_500.jpg,False
2025-09,F,002023,플리스/뽀글이,002,아우터,27,4649118,ronron,론론,HEART CROCHET PATTERN FLEECE JACKET IVORY,https://image.msscdn.net/images/goods_img/20241204/4649118/4649118_17332909094441_500.jpg,False
2025-09,F,002023,플리스/뽀글이,002,아우터,28,5234416,teket,테켓,Secondary Noise Fleece Jacket Navy,https://image.msscdn.net/images/goods_img/20250709/5234416/5234416_17527204460300_500.jpg,False
2025-09,F,002023,플리스/뽀글이,002,아우터,29,4518011,mucent,무센트,노르망 뽀글 양털 후리스 플리스 집업 남녀공용 (2컬러),https://image.msscdn.net/images/goods_img/20241015/4518011/4518011_17289597034340_500.jpg,False
2025-09,F,002023,플리스/뽀글이,002,아우터,30,4425976,lee,리,폴라플리스 집업 자켓 아이보리,https://image.msscdn.net/images/goods_img/20240910/4425976/4425976_17261156446761_500.jpg,False
2025-09,F,002007,겨울 싱글 코트,002,아우터,1,2700048,musinsastandardwoman,무신사 스탠다드 우먼,우먼즈 캐시미어 블렌드 발마칸 로브 코트 [블랙],https://image.msscdn.net/images/goods_img/20220805/2700048/2700048_17661148134527_500.jpg,False
2025-09,F,002007,겨울 싱글 코트,002,아우터,2,5314995,typeservice,타입서비스,Hooded Half Coat [Oatmeal],https://image.msscdn.net/images/goods_img/20250812/5314995/5314995_17883979779390_500.jpg,False
2025-09,F,002007,겨울 싱글 코트,002,아우터,3,4290697,typeservice,타입서비스,Hooded Half Coat [Gray],https://image.msscdn.net/images/goods_img/20240801/4290697/4290697_17883979451202_500.jpg,False
2025-09,F,002007,겨울 싱글 코트,002,아우터,4,3810060,lingseoul,링서울,handmade wool trench coat-black,https://image.msscdn.net/images/goods_img/20240119/3810060/3810060_17337247076702_500.jpg,False
2025-09,F,002007,겨울 싱글 코트,002,아우터,5,3809881,lingseoul,링서울,handmade wool trench coat-brown,https://image.msscdn.net/images/goods_img/20240119/3809881/3809881_17337248358943_500.jpg,False
2025-09,F,002007,겨울 싱글 코트,002,아우터,6,4431837,oafish,오피쉬,"RICH WOOL HALF COAT, GRAY",https://image.msscdn.net/images/goods_img/20240911/4431837/4431837_17261708836000_500.jpg,False
2025-09,F,002007,겨울 싱글 코트,002,아우터,7,2159721,lingseoul,링서울,handmade wool trench coat-camel,https://image.msscdn.net/images/goods_img/20211001/2159721/2159721_17871055344035_500.jpg,False
2025-09,F,002007,겨울 싱글 코트,002,아우터,8,3809977,lingseoul,링서울,handmade wool trench coat-oatmeal,https://image.msscdn.net/images/goods_img/20240119/3809977/3809977_17337251882627_500.jpg,False
2025-09,F,002007,겨울 싱글 코트,002,아우터,9,3646678,treemingbird,트리밍버드,Traum Balmacaan Long Coat [ Black ],https://image.msscdn.net/images/goods_img/20231022/3646678/3646678_17670747895614_500.jpg,False
2025-09,F,002007,겨울 싱글 코트,002,아우터,10,2700049,musinsastandardwoman,무신사 스탠다드 우먼,우먼즈 캐시미어 블렌드 발마칸 로브 코트 [미디엄 그레이],https://image.msscdn.net/images/goods_img/20220805/2700049/2700049_17358857683569_500.jpg,False
2025-09,F,002007,겨울 싱글 코트,002,아우터,11,2159734,lingseoul,링서울,handmade wool trench coat-yellow beige,https://image.msscdn.net/images/goods_img/20211001/2159734/2159734_17337249284633_500.jpg,False
2025-09,F,002007,겨울 싱글 코트,002,아우터,12,3747760,gucci,구찌,케이프 슬리브 버튼업 하프 코트 - 화이트 / 745441ZAAL69205,https://image.msscdn.net/images/goods_img/20231207/3747760/3747760_17050484368698_500.jpg,False
2025-09,F,002007,겨울 싱글 코트,002,아우터,13,5364565,thebarnnet,더바넷,Marais Classic Single Coat,https://image.msscdn.net/images/goods_img/20250826/5364565/5364565_17574908297428_500.jpg,False
2025-09,F,002007,겨울 싱글 코트,002,아우터,14,3808011,lingseoul,링서울,handmade wool half coat-charcoal,https://image.msscdn.net/images/goods_img/20240119/3808011/3808011_17318992102838_500.jpg,False
2025-09,F,002007,겨울 싱글 코트,002,아우터,15,3411373,toteme,토템,시그니처 울 캐시미어 코트 - 카멜 / 211110717835,https://image.msscdn.net/images/goods_img/20230717/3411373/3411373_16916327301026_500.jpg,False
2025-09,F,002007,겨울 싱글 코트,002,아우터,16,4329193,lookast,룩캐스트,리앤 울 핸드메이드 하프 코트_블랙 / LEANNE WOOL HANDMADE HALF COAT_BLACK,https://image.msscdn.net/images/prd_img/20240814/4329193/detail_4329193_17247341502549_500.jpg,False
2025-09,F,002007,겨울 싱글 코트,002,아우터,17,4431843,oafish,오피쉬,"RICH WOOL HALF COAT, NAVY",https://image.msscdn.net/images/goods_img/20240911/4431843/4431843_17270375337205_500.jpg,False
2025-09,F,002007,겨울 싱글 코트,002,아우터,18,4329195,lookast,룩캐스트,리앤 울 핸드메이드 하프 코트_베이지 / LEANNE WOOL HANDMADE HALF COAT_BEIGE,https://image.msscdn.net/images/prd_img/20240814/4329195/detail_4329195_17247341391161_500.jpg,False
2025-09,F,002007,겨울 싱글 코트,002,아우터,19,4211910,musinsastandardwoman,무신사 스탠다드 우먼,우먼즈 캐시미어 블렌드 발마칸 로브 코트 [오트밀],https://image.msscdn.net/images/goods_img/20240621/4211910/4211910_17278573603543_500.jpg,False
2025-09,F,002007,겨울 싱글 코트,002,아우터,20,1684196,avan,어반드레스,유니섹스 프렌치 롱 가운 오버핏 코트 7 COLOR,https://image.msscdn.net/images/goods_img/20201110/1684196/1684196_16771165785098_500.jpg,False
2025-09,F,002007,겨울 싱글 코트,002,아우터,21,4507500,dunstforwomen,던스트,UNISEX 2-WAY 3 BUTTON CASHMERE COAT_UDCO5D121_BLACK,https://image.msscdn.net/images/goods_img/20241011/4507500/4507500_17587645821046_500.jpg,False
2025-09,F,002007,겨울 싱글 코트,002,아우터,22,3703203,sienne,시엔느,Margo Wool Jacket (Misty Green),https://image.msscdn.net/images/goods_img/20231110/3703203/3703203_17563641260292_500.jpg,False
2025-09,F,002007,겨울 싱글 코트,002,아우터,23,4209423,musinsastandardwoman,무신사 스탠다드 우먼,우먼즈 울 블렌드 부클 발마칸 하프 코트 [버터],https://image.msscdn.net/images/goods_img/20240620/4209423/4209423_17285269629591_500.jpg,False
2025-09,F,002007,겨울 싱글 코트,002,아우터,24,2124214,musinsastandardwoman,무신사 스탠다드 우먼,우먼즈 캐시미어 블렌드 핸드메이드 발마칸 로브 코트 [블랙],https://image.msscdn.net/images/goods_img/20210910/2124214/2124214_17603400988280_500.jpg,False
2025-09,F,002007,겨울 싱글 코트,002,아우터,25,3724617,toteme,토템,더블 카 코트 - 초콜릿 / 234WRTWOU012FB0006021,https://image.msscdn.net/images/goods_img/20231120/3724617/3724617_17023634202472_500.jpg,False
2025-09,F,002007,겨울 싱글 코트,002,아우터,26,3482984,lookast,룩캐스트,마리 하프 울 코트 / MARY HALF WOOL COAT_5colors,https://image.msscdn.net/images/goods_img/20230821/3482984/3482984_17675727330928_500.jpg,False
2025-09,F,002007,겨울 싱글 코트,002,아우터,27,4291494,isabelmarant,이자벨마랑,가브리엘 코트 - 라일락:네이비 / MA0019FBB3D04ELINY,https://image.msscdn.net/images/goods_img/20240802/4291494/4291494_17242864831183_500.jpg,False
2025-09,F,002007,겨울 싱글 코트,002,아우터,28,2785964,lingseoul,링서울,handmade wool half coat-black,https://image.msscdn.net/images/goods_img/20220913/2785964/2785964_17318983116879_500.jpg,False
2025-09,F,002007,겨울 싱글 코트,002,아우터,29,3603814,covernat,커버낫,울 발마칸 코트 블랙,https://image.msscdn.net/images/goods_img/20231005/3603814/3603814_16964734145867_500.png,False
2025-09,F,002007,겨울 싱글 코트,002,아우터,30,4213377,musinsastandardwoman,무신사 스탠다드 우먼,우먼즈 캐시미어 블렌드 핸드메이드 쇼트 맥 코트 [오트밀],https://image.msscdn.net/images/goods_img/20240621/4213377/4213377_17262132806625_500.jpg,False
2025-09,F,002024,겨울 더블 코트,002,아우터,1,4516320,glowny,글로니,G WOOL COAT - LONG (BLACK),https://image.msscdn.net/images/goods_img/20241014/4516320/4516320_17296637180951_500.jpg,False
2025-09,F,002024,겨울 더블 코트,002,아우터,2,4516317,glowny,글로니,G WOOL COAT - LONG (GRAY),https://image.msscdn.net/images/goods_img/20241014/4516317/4516317_17296631588848_500.jpg,False
2025-09,F,002024,겨울 더블 코트,002,아우터,3,4516319,glowny,글로니,G WOOL COAT - LONG (BROWN),https://image.msscdn.net/images/goods_img/20241014/4516319/4516319_17296636840406_500.jpg,False
2025-09,F,002024,겨울 더블 코트,002,아우터,4,5440297,8seconds,에잇세컨즈,칼라넥 하프 트렌치 코트  베이지,https://image.msscdn.net/images/goods_img/20250910/5440297/5440297_17575139580730_500.jpg,False
2025-09,F,002024,겨울 더블 코트,002,아우터,5,4516313,glowny,글로니,G WOOL COAT - HALF (BLACK),https://image.msscdn.net/images/goods_img/20241014/4516313/4516313_17296628638722_500.jpg,False
2025-09,F,002024,겨울 더블 코트,002,아우터,6,4598301,treemingbird,트리밍버드,Handmade) Wide Long Coat [ Khaki Gray ],https://image.msscdn.net/images/goods_img/20241108/4598301/4598301_17670747375728_500.jpg,False
2025-09,F,002024,겨울 더블 코트,002,아우터,7,4763725,maxmaras,에스 막스 마라,파볼라 코트 - 네이비 / 2519011061600081,https://image.msscdn.net/images/goods_img/20250206/4763725/4763725_17399604880280_500.jpg,False
2025-09,F,002024,겨울 더블 코트,002,아우터,8,1611799,musinsastandardwoman,무신사 스탠다드 우먼,우먼즈 캐시미어 블렌드 더블 체스터 롱 코트 [블랙],https://image.msscdn.net/images/goods_img/20200918/1611799/1611799_16998418525655_500.jpg,False
2025-09,F,002024,겨울 더블 코트,002,아우터,9,4516312,glowny,글로니,G WOOL COAT - HALF (BROWN),https://image.msscdn.net/images/goods_img/20241014/4516312/4516312_17296630805708_500.jpg,False
2025-09,F,002024,겨울 더블 코트,002,아우터,10,3405568,musinsastandardwoman,무신사 스탠다드 우먼,우먼즈 캐시미어 블렌드 트렌치 코트 [블랙],https://image.msscdn.net/images/goods_img/20230712/3405568/3405568_17358860312105_500.jpg,False
2025-09,F,002024,겨울 더블 코트,002,아우터,11,2821697,urbandtype,어반디타입,히티드울 멜턴 더플코트(Wool 60)_네이비,https://image.msscdn.net/images/goods_img/20220927/2821697/2821697_17268010763691_500.jpg,False
2025-09,F,002024,겨울 더블 코트,002,아우터,12,4656257,treemingbird,트리밍버드,High Neck Double Button Wool Long Coat [ Black ],https://image.msscdn.net/images/goods_img/20241209/4656257/4656257_17337319614528_500.jpg,False
2025-09,F,002024,겨울 더블 코트,002,아우터,13,2518474,musinsastandardwoman,무신사 스탠다드 우먼,우먼즈 캐시미어 블렌드 더블 체스터 롱 코트 [오트밀],https://image.msscdn.net/images/goods_img/20220427/2518474/2518474_16998417712990_500.jpg,False
2025-09,F,002024,겨울 더블 코트,002,아우터,14,4675241,chochou,초슈,클래식 울 피코트 (블랙),https://image.msscdn.net/images/goods_img/20241220/4675241/4675241_17346246255211_500.jpg,False
2025-09,F,002024,겨울 더블 코트,002,아우터,15,4495800,lookast,룩캐스트,니야 울 하프 피코트_네이비 / NIYA WOOL HALF PEACOAT_NAVY,https://image.msscdn.net/images/goods_img/20241008/4495800/4495800_17283547740219_500.jpg,False
2025-09,F,002024,겨울 더블 코트,002,아우터,16,4779711,kiimuir,키뮤어,(우먼) 시어링 더플 울 자켓_아이보리,https://image.msscdn.net/images/goods_img/20250212/4779711/4779711_17509001904313_500.jpg,False
2025-09,F,002024,겨울 더블 코트,002,아우터,17,4444671,ami,아미,더블 브레스티드 코트 - 블랙 / FCO110WV0049001,https://image.msscdn.net/images/goods_img/20240919/4444671/4444671_17278386482424_500.jpg,False
2025-09,F,002024,겨울 더블 코트,002,아우터,18,5440300,8seconds,에잇세컨즈,칼라넥 하프 트렌치 코트  카키,https://image.msscdn.net/images/goods_img/20250910/5440300/5440300_17575140006688_500.jpg,False
2025-09,F,002024,겨울 더블 코트,002,아우터,19,1611801,musinsastandardwoman,무신사 스탠다드 우먼,우먼즈 캐시미어 블렌드 더블 체스터 롱 코트 [미디엄 그레이],https://image.msscdn.net/images/goods_img/20200918/1611801/1611801_16998419183951_500.jpg,False
2025-09,F,002024,겨울 더블 코트,002,아우터,20,2124218,musinsastandardwoman,무신사 스탠다드 우먼,우먼즈 캐시미어 블렌드 핸드메이드 더블 코트 [블랙],https://image.msscdn.net/images/goods_img/20210910/2124218/2124218_17821830930854_500.jpg,False
2025-09,F,002024,겨울 더블 코트,002,아우터,21,4523798,8seconds,에잇세컨즈,솔리드 미들 더플 코트  브라운,https://image.msscdn.net/images/goods_img/20241016/4523798/4523798_17290584745003_500.jpg,False
2025-09,F,002024,겨울 더블 코트,002,아우터,22,2991564,ami,아미,더블 페이스 코트 - 그레이 / UCO002251050,https://image.msscdn.net/images/goods_img/20221221/2991564/2991564_16741007830341_500.jpg,False
2025-09,F,002024,겨울 더블 코트,002,아우터,23,4481512,ronron,론론,WOOL HOODIE SHORT DUFFLE COAT NAVY,https://image.msscdn.net/images/goods_img/20241002/4481512/4481512_17296709724781_500.jpg,False
2025-09,F,002024,겨울 더블 코트,002,아우터,24,4544478,8seconds,에잇세컨즈,롱 더플 코트  네이비,https://image.msscdn.net/images/goods_img/20241022/4544478/4544478_17295820953389_500.jpg,False
2025-09,F,002024,겨울 더블 코트,002,아우터,25,4534134,millowomen,밀로 우먼,퍼 믹스드 더블 코트 [블랙],https://image.msscdn.net/images/goods_img/20241018/4534134/4534134_17875439836947_500.jpg,False
2025-09,F,002024,겨울 더블 코트,002,아우터,26,4738025,iulai,이울라이,모리 코트 그레이,https://image.msscdn.net/images/goods_img/20250122/4738025/4738025_17375353436033_500.jpg,False
2025-09,F,002024,겨울 더블 코트,002,아우터,27,3405570,musinsastandardwoman,무신사 스탠다드 우먼,우먼즈 캐시미어 블렌드 트렌치 코트 [차콜 그레이],https://image.msscdn.net/images/goods_img/20230712/3405570/3405570_16970883902516_500.jpg,False
2025-09,F,002024,겨울 더블 코트,002,아우터,28,4568766,matinkim,마뗑킴,OVERSIZE BELTED DOUBLE LONG COAT IN CHARCOAL,https://image.msscdn.net/images/goods_img/20241029/4568766/4568766_17301793619615_500.jpg,False
2025-09,F,002024,겨울 더블 코트,002,아우터,29,5492382,oafish,오피쉬,"QUAD BUTTON SHORT COAT, KHAKI",https://image.msscdn.net/images/goods_img/20250919/5492382/5492382_17584541502679_500.jpg,False
2025-09,F,002024,겨울 더블 코트,002,아우터,30,3612117,avan,어반드레스,Anna Double Long Coat BLACK,https://image.msscdn.net/images/goods_img/20231008/3612117/3612117_16976041397349_500.jpg,False
2025-09,F,002009,겨울 기타 코트,002,아우터,1,5028931,toteme,토템,시그니처 울 캐시미어 코트 - 카멜 / 211110717835,https://image.msscdn.net/images/goods_img/20250415/5028931/5028931_17449649874717_500.jpg,False
2025-09,F,002009,겨울 기타 코트,002,아우터,2,4722934,celine,셀린느,트리옹프 후드 코트 - 네이비 / 2W97C863C07MR,https://image.msscdn.net/images/goods_img/20250115/4722934/4722934_17382230568417_500.jpg,False
2025-09,F,002009,겨울 기타 코트,002,아우터,3,2238440,partimento,파르티멘토,오버사이즈 멜톤 더플 롱 코트 네이비,https://image.msscdn.net/images/goods_img/20211117/2238440/2238440_1_500.jpg,False
2025-09,F,002009,겨울 기타 코트,002,아우터,4,4291496,maxmara,막스마라,릴리아 코트 - 카멜 / 21016061600068,https://image.msscdn.net/images/goods_img/20240802/4291496/4291496_17243747261540_500.jpg,False
2025-09,F,002009,겨울 기타 코트,002,아우터,5,4247838,maxmara,막스마라,릴리아 코트 - 브라운 / 21016061600057,https://image.msscdn.net/images/goods_img/20240712/4247838/4247838_17229083141325_500.jpg,False
2025-09,F,002009,겨울 기타 코트,002,아우터,6,2866837,goodlifeworks,굿라이프웍스,오버핏 더플 코트 네이비,https://image.msscdn.net/images/goods_img/20221017/2866837/2866837_2_500.jpg,False
2025-09,F,002009,겨울 기타 코트,002,아우터,7,2863075,trillion,트릴리온,유니섹스 발마칸 더플 숏 코트 (BLACK),https://image.msscdn.net/images/goods_img/20221014/2863075/2863075_1_500.jpg,False
2025-09,F,002009,겨울 기타 코트,002,아우터,8,2978638,jilsander,질 샌더,포켓 코트 - 네이비 / J02AM0005J40004401,https://image.msscdn.net/images/goods_img/20221212/2978638/2978638_16735841645413_500.jpg,False
2025-09,F,002009,겨울 기타 코트,002,아우터,9,4351348,misekiseoul,미세키서울,Hoodie long duffle Coat CHARCOAL,https://image.msscdn.net/images/goods_img/20240821/4351348/4351348_17621492767638_500.jpg,False
2025-09,F,002009,겨울 기타 코트,002,아우터,10,4588542,lingseoul,링서울,handmade wool duffle coat-charcoal,https://image.msscdn.net/images/goods_img/20241105/4588542/4588542_17313942341641_500.jpg,False
2025-09,F,002009,겨울 기타 코트,002,아우터,11,5151454,musinsastandardwoman,무신사 스탠다드 우먼,우먼즈 울 블렌드 쇼트 더플 코트 [블랙],https://image.msscdn.net/images/goods_img/20250528/5151454/5151454_17568695986044_500.jpg,False
2025-09,F,002009,겨울 기타 코트,002,아우터,12,4508076,maxmara,막스마라,올가 코트 - 블랙 / 21086032600008,https://image.msscdn.net/images/goods_img/20241011/4508076/4508076_17295873354265_500.jpg,False
2025-09,F,002009,겨울 기타 코트,002,아우터,13,4722954,maxmaras,에스 막스 마라,PAOLORE 코트 - 네이비 / 2519011071600081,https://image.msscdn.net/images/goods_img/20250115/4722954/4722954_17382248918521_500.jpg,False
2025-09,F,002009,겨울 기타 코트,002,아우터,14,4351669,misekiseoul,미세키서울,Duffle hoodie short coat CHARCOAL,https://image.msscdn.net/images/goods_img/20240821/4351669/4351669_17582644885283_500.jpg,False
2025-09,F,002009,겨울 기타 코트,002,아우터,15,3512902,typeservice,타입서비스,Hooded Half Coat [Charcoal],https://image.msscdn.net/images/goods_img/20230830/3512902/3512902_17883978690900_500.jpg,False
2025-09,F,002009,겨울 기타 코트,002,아우터,16,5151452,musinsastandardwoman,무신사 스탠다드 우먼,우먼즈 울 블렌드 쇼트 더플 코트 [네이비],https://image.msscdn.net/images/goods_img/20250528/5151452/5151452_17569690846557_500.jpg,False
2025-09,F,002009,겨울 기타 코트,002,아우터,17,4382111,maxmara,막스마라,PAZZO 코트 - 블랙 / 26016081600010,https://image.msscdn.net/images/goods_img/20240829/4382111/4382111_17262023119002_500.jpg,False
2025-09,F,002009,겨울 기타 코트,002,아우터,18,4266475,urbandtype,어반디타입,히티드울 멜턴 더플코트(Wool 61)_차콜,https://image.msscdn.net/images/goods_img/20240722/4266475/4266475_17630980496740_500.jpg,False
2025-09,F,002009,겨울 기타 코트,002,아우터,19,4415994,lingseoul,링서울,standard wool half coat-camel,https://image.msscdn.net/images/goods_img/20240906/4415994/4415994_17256028251136_500.jpg,False
2025-09,F,002009,겨울 기타 코트,002,아우터,20,4143141,covernatwoman,커버낫 우먼,우먼 숏 더플 코트 Navy,https://image.msscdn.net/images/goods_img/20240520/4143141/4143141_17171205863730_500.jpg,False
2025-09,F,002009,겨울 기타 코트,002,아우터,21,4382100,maxmara,막스마라,USA 코트 - 블랙 / 26016071600005,https://image.msscdn.net/images/goods_img/20240829/4382100/4382100_17261876923281_500.jpg,False
2025-09,F,002009,겨울 기타 코트,002,아우터,22,3397886,musinsastandardwoman,무신사 스탠다드 우먼,우먼즈 울 블렌드 더플 쇼트 코트 [블랙],https://image.msscdn.net/images/goods_img/20230706/3397886/3397886_17799446298899_500.jpg,False
2025-09,F,002009,겨울 기타 코트,002,아우터,23,4642766,lingseoul,링서울,standard wool half coat-black,https://image.msscdn.net/images/goods_img/20241129/4642766/4642766_17328457338929_500.jpg,False
2025-09,F,002009,겨울 기타 코트,002,아우터,24,4523107,among,어몽,A HOODED DUFFLE MUSTANG_LIGHT BLUE,https://image.msscdn.net/images/goods_img/20241016/4523107/4523107_17610349215052_500.jpg,False
2025-09,F,002009,겨울 기타 코트,002,아우터,25,4668006,maxmaras,에스 막스 마라,LIVIA 코트 - 베이지 / 2519011011600033,https://image.msscdn.net/images/goods_img/20241216/4668006/4668006_17363864215948_500.jpg,False
2025-09,F,002009,겨울 기타 코트,002,아우터,26,4483106,kiimuir,키뮤어,(우먼) 울(WOOL) 후드 더플 하프 코트_라이트 옐로우,https://image.msscdn.net/images/goods_img/20241002/4483106/4483106_17285208511828_500.jpg,False
2025-09,F,002009,겨울 기타 코트,002,아우터,27,4776418,maxmaras,에스 막스 마라,니콜로 코트 - 에크루 / 2519011091600008,https://image.msscdn.net/images/goods_img/20250211/4776418/4776418_17400258630995_500.jpg,False
2025-09,F,002009,겨울 기타 코트,002,아우터,28,4415889,lingseoul,링서울,handmade half toggle coat-camel,https://image.msscdn.net/images/goods_img/20240906/4415889/4415889_17256023213515_500.jpg,False
2025-09,F,002009,겨울 기타 코트,002,아우터,29,4483799,covernatwoman,커버낫 우먼,우먼 롱 더플 코트 Navy,https://image.msscdn.net/images/goods_img/20241002/4483799/4483799_17319944936449_500.jpg,False
2025-09,F,002009,겨울 기타 코트,002,아우터,30,3603817,covernat,커버낫,울 더플 코트 네이비,https://image.msscdn.net/images/goods_img/20231005/3603817/3603817_16964733971272_500.png,False
2025-09,F,002013,롱패딩/헤비 아우터,002,아우터,1,4525082,nationalgeographic,내셔널지오그래픽,N244WDW860 여성 카이만 프로 롱기장 구스 다운 점퍼 CARBON BLACK,https://image.msscdn.net/images/goods_img/20241016/4525082/4525082_17291459329736_500.jpg,False
2025-09,F,002013,롱패딩/헤비 아우터,002,아우터,2,5347092,eider,아이더,La Belle (라벨르) 여성 W/S 캐시미어 롱 다운 자켓_Black,https://image.msscdn.net/images/goods_img/20250821/5347092/5347092_17564429918711_500.jpg,False
2025-09,F,002013,롱패딩/헤비 아우터,002,아우터,3,4499578,blackyak,블랙야크,아이스제로 레이디 다운자켓 라이트그레이,https://image.msscdn.net/images/goods_img/20241008/4499578/4499578_17718285773844_500.jpg,False
2025-09,F,002013,롱패딩/헤비 아우터,002,아우터,4,3600895,discoveryexpedition,디스커버리 익스페디션,여성 고쉬 구스다운 롱패딩 (BLACK),https://image.msscdn.net/images/goods_img/20231004/3600895/3600895_17290634468342_500.jpg,False
2025-09,F,002013,롱패딩/헤비 아우터,002,아우터,5,5347087,eider,아이더,La Belle (라벨르) 여성 W/S 캐시미어 롱 다운 자켓_Grayish BEIGE,https://image.msscdn.net/images/goods_img/20250821/5347087/5347087_17564439811253_500.jpg,False
2025-09,F,002013,롱패딩/헤비 아우터,002,아우터,6,2715913,5252byoioi,오아이오아이 컬렉션,SIGNATURE LONG DOWN JACKET [WHITE],https://image.msscdn.net/images/goods_img/20220812/2715913/2715913_17198282328143_500.jpg,False
2025-09,F,002013,롱패딩/헤비 아우터,002,아우터,7,3716632,wednesdayoasis,웬즈데이오아시스,M-65 피쉬테일 야상 패딩 코트(3col),https://image.msscdn.net/images/goods_img/20231116/3716632/3716632_17591147104039_500.jpg,False
2025-09,F,002013,롱패딩/헤비 아우터,002,아우터,8,2823769,columbiauniversity,컬럼비아 유니버시티,CU SIGNATURE MONSTER LONG PARKA 블랙,https://image.msscdn.net/images/goods_img/20220927/2823769/2823769_17241448553942_500.jpg,False
2025-09,F,002013,롱패딩/헤비 아우터,002,아우터,9,5347282,eider,아이더,La Reine (라헨느) 여성 윈드스타퍼 미들 다운 자켓_Black,https://image.msscdn.net/images/goods_img/20250821/5347282/5347282_17557421915715_500.jpg,False
2025-09,F,002013,롱패딩/헤비 아우터,002,아우터,10,4469334,covernat,커버낫,24FW RDS 씨빅 롱 다운 블랙,https://image.msscdn.net/images/goods_img/20240926/4469334/4469334_17321676769014_500.jpg,False
2025-09,F,002013,롱패딩/헤비 아우터,002,아우터,11,5511372,discoveryexpedition,디스커버리 익스페디션,레스터G RDS 구스다운 롱패딩 (BLACK),https://image.msscdn.net/images/goods_img/20250923/5511372/5511372_17586746085896_500.jpg,False
2025-09,F,002013,롱패딩/헤비 아우터,002,아우터,12,5267301,nationalgeographic,내셔널지오그래픽,N254WDW860 여성 카이만 프로 롱기장 구스다운 점퍼 BLACK,https://image.msscdn.net/images/goods_img/20250723/5267301/5267301_17661284253983_500.jpg,False
2025-09,F,002013,롱패딩/헤비 아우터,002,아우터,13,4554141,columbia,컬럼비아,여성 패스 대쉬 포레스트 다운 자켓 C54YL3483010,https://image.msscdn.net/images/goods_img/20241024/4554141/4554141_17297511108475_500.jpg,False
2025-09,F,002013,롱패딩/헤비 아우터,002,아우터,14,5390400,k2,케이투,BOOST_아이린(IRENE) FUR 다운 W_Black,https://image.msscdn.net/images/goods_img/20250902/5390400/5390400_17669971714016_500.jpg,False
2025-09,F,002013,롱패딩/헤비 아우터,002,아우터,15,4728151,nakedsurfclub,네이키드서프클럽,페트 드라이 코트 3M™ (2colors),https://image.msscdn.net/images/goods_img/20250117/4728151/4728151_17377073703521_500.jpg,False
2025-09,F,002013,롱패딩/헤비 아우터,002,아우터,16,3574908,nationalgeographic,내셔널지오그래픽,N234WDW860 여성 카이만 프로 롱기장 구스 다운 점퍼 JADE,https://image.msscdn.net/images/goods_img/20230919/3574908/3574908_16998516555882_500.jpg,False
2025-09,F,002013,롱패딩/헤비 아우터,002,아우터,17,5347291,eider,아이더,La Belle (라벨르) 여성 윈드스타퍼 다운 자켓_Black,https://image.msscdn.net/images/goods_img/20250821/5347291/5347291_17557422194126_500.jpg,False
2025-09,F,002013,롱패딩/헤비 아우터,002,아우터,18,3713815,duvetica,듀베티카,알바르다(블랙)(여성 아우터),https://image.msscdn.net/images/goods_img/20231115/3713815/3713815_17120444265026_500.jpg,False
2025-09,F,002013,롱패딩/헤비 아우터,002,아우터,19,4508052,codegraphy,코드그라피,[24년 리뉴얼VER.] RDS 에센셜 덕다운 롱패딩_블랙,https://image.msscdn.net/images/goods_img/20241011/4508052/4508052_17290536120551_500.jpg,False
2025-09,F,002013,롱패딩/헤비 아우터,002,아우터,20,3635440,eider,아이더,La Reine (라 헨느) 리미티드 β 윈드스토퍼 다운 자켓 _Light Beige,https://image.msscdn.net/images/goods_img/20231018/3635440/3635440_16975893428070_500.jpg,False
2025-09,F,002013,롱패딩/헤비 아우터,002,아우터,21,5347099,eider,아이더,La Belle (라벨르) 여성  W/S 캐시미어 롱 코트 다운 자켓_Black,https://image.msscdn.net/images/goods_img/20250821/5347099/5347099_17557408152332_500.jpg,False
2025-09,F,002013,롱패딩/헤비 아우터,002,아우터,22,2148661,5252byoioi,오아이오아이 컬렉션,시그니처 롱 다운 자켓_블랙,https://image.msscdn.net/images/goods_img/20210927/2148661/2148661_17198282612158_500.png,False
2025-09,F,002013,롱패딩/헤비 아우터,002,아우터,23,3056855,offthedoor,오프더도어,벨티드 구스다운 롱 코트(6 color),https://image.msscdn.net/images/goods_img/20230202/3056855/3056855_16753292409056_500.jpg,False
2025-09,F,002013,롱패딩/헤비 아우터,002,아우터,24,5426194,k2,케이투,BOOST_벤치파카(공용)_Black,https://image.msscdn.net/images/goods_img/20250909/5426194/5426194_17669970975299_500.jpg,False
2025-09,F,002013,롱패딩/헤비 아우터,002,아우터,25,4585476,lacoste,라코스테,여성 후드 롱 다운 점퍼 [블랙],https://image.msscdn.net/images/goods_img/20241104/4585476/4585476_17306992383711_500.jpg,False
2025-09,F,002013,롱패딩/헤비 아우터,002,아우터,26,4492349,codegraphy,코드그라피,롱 더플 패딩_카키,https://image.msscdn.net/images/goods_img/20241007/4492349/4492349_17629978815237_500.jpg,False
2025-09,F,002013,롱패딩/헤비 아우터,002,아우터,27,3628995,eider,아이더,GL (GO LIGHT) β 긴기장 다운 자켓_Dark Khaki,https://image.msscdn.net/images/goods_img/20231016/3628995/3628995_17459928787554_500.jpg,False
2025-09,F,002013,롱패딩/헤비 아우터,002,아우터,28,5347084,eider,아이더,La Reine (라헨느) 여성 윈드스타퍼 롱 다운 자켓_Dark Navy,https://image.msscdn.net/images/goods_img/20250821/5347084/5347084_17557407482630_500.jpg,False
2025-09,F,002013,롱패딩/헤비 아우터,002,아우터,29,5359769,nepa,네파,7L82071 여성 프리미아 벨티드 롱 다운 자켓 (3color),https://image.msscdn.net/images/goods_img/20250825/5359769/5359769_17561071933937_500.jpg,False
2025-09,F,002013,롱패딩/헤비 아우터,002,아우터,30,3689249,eider,아이더,SCARLETT (스칼렛) β 롱다운 자켓_Beige,https://image.msscdn.net/images/goods_img/20231107/3689249/3689249_16993188870674_500.jpg,False
2025-09,F,002016,패딩 베스트,002,아우터,1,4477216,matinkim,마뗑킴,BIG LOGO POINT DOWN VEST FOR WOMEN IN SILVER,https://image.msscdn.net/images/goods_img/20240930/4477216/4477216_17276796801882_500.jpg,False
2025-09,F,002016,패딩 베스트,002,아우터,2,4477217,matinkim,마뗑킴,BIG LOGO POINT DOWN VEST FOR WOMEN IN BLACK,https://image.msscdn.net/images/goods_img/20240930/4477217/4477217_17405399635187_500.jpg,False
2025-09,F,002016,패딩 베스트,002,아우터,3,4460694,thisisneverthat,디스이즈네버댓,PERTEX® T Down Vest Black,https://image.msscdn.net/images/goods_img/20240925/4460694/4460694_17272538155749_500.jpg,False
2025-09,F,002016,패딩 베스트,002,아우터,4,4584374,canadagoose,캐나다구스,로다 후드 베스트 - 블랙 / 4831W61,https://image.msscdn.net/images/goods_img/20241104/4584374/4584374_17315735922923_500.jpg,False
2025-09,F,002016,패딩 베스트,002,아우터,5,4410189,lemainsecond,리메인세컨드,2WAY 오버핏 볼륨 웰론 푸퍼 패딩 베스트 [블랙],https://image.msscdn.net/images/goods_img/20240905/4410189/4410189_17611098548841_500.jpg,False
2025-09,F,002016,패딩 베스트,002,아우터,6,4477232,matinkim,마뗑킴,BIG LOGO POINT DOWN VEST FOR MEN IN SILVER,https://image.msscdn.net/images/goods_img/20240930/4477232/4477232_17276797473059_500.jpg,False
2025-09,F,002016,패딩 베스트,002,아우터,7,4457933,lee,리,다운 베스트 블랙,https://image.msscdn.net/images/goods_img/20240924/4457933/4457933_17593003690543_500.jpg,False
2025-09,F,002016,패딩 베스트,002,아우터,8,5443298,thenorthface,노스페이스,NV1DR81J 화이트라벨 여성 노벨티 눕시 베스트 (RDS) BLACK,https://image.msscdn.net/images/goods_img/20250911/5443298/5443298_17828880172946_500.jpg,False
2025-09,F,002016,패딩 베스트,002,아우터,9,4341030,lee,리,우먼 크롭 다운 베스트 화이트,https://image.msscdn.net/images/goods_img/20240819/4341030/4341030_17890213249075_500.jpg,False
2025-09,F,002016,패딩 베스트,002,아우터,10,3571712,covernat,커버낫,RDS 유틸리티 다운 베스트 네이비,https://image.msscdn.net/images/goods_img/20230919/3571712/3571712_17592378256501_500.jpg,False
2025-09,F,002016,패딩 베스트,002,아우터,11,3451293,nomanual,노매뉴얼,TRACK DUCK DOWN VEST - GLOSSY BLACK,https://image.msscdn.net/images/goods_img/20230808/3451293/3451293_17260538086539_500.jpg,False
2025-09,F,002016,패딩 베스트,002,아우터,12,2807867,lmc,엘엠씨,OG PUFFER DUCK DOWN VEST black,https://image.msscdn.net/images/goods_img/20220921/2807867/2807867_17604354806792_500.jpg,False
2025-09,F,002016,패딩 베스트,002,아우터,13,4343907,lee,리,우먼 크롭 다운 베스트 블랙,https://image.msscdn.net/images/goods_img/20240819/4343907/4343907_17593003803164_500.jpg,False
2025-09,F,002016,패딩 베스트,002,아우터,14,4715344,thenorthface,노스페이스,NV1DR80J 화이트라벨 여성 노벨티 눕시 RDS 다운 베스트_BLACK,https://image.msscdn.net/images/goods_img/20250113/4715344/4715344_17367348030783_500.jpg,False
2025-09,F,002016,패딩 베스트,002,아우터,15,4887875,moncler,몽클레어,리안 베스트 패딩 - 블랙 / K10931A1020053048999,https://image.msscdn.net/images/goods_img/20250312/4887875/4887875_17428708071712_500.jpg,False
2025-09,F,002016,패딩 베스트,002,아우터,16,4552237,mucent,무센트,텐비 레더 패치 패딩 베스트 (남녀공용),https://image.msscdn.net/images/goods_img/20241024/4552237/4552237_17297407640327_500.jpeg,False
2025-09,F,002016,패딩 베스트,002,아우터,17,5267112,nationalgeographic,내셔널지오그래픽,N254WDV920 여성 헤론 U넥 경량 구스다운 베스트 BLACK,https://image.msscdn.net/images/goods_img/20250723/5267112/5267112_17545515250529_500.jpg,False
2025-09,F,002016,패딩 베스트,002,아우터,18,4435976,restandrecreation,레스트앤레크레이션,SHORT DOWN VEST - DARK NAVY,https://image.msscdn.net/images/goods_img/20240912/4435976/4435976_17261196550369_500.jpg,False
2025-09,F,002016,패딩 베스트,002,아우터,19,4309014,topten,탑텐,여성) 리얼 라이트 다운 투인원 베스트_MSE4VP2502,https://image.msscdn.net/images/goods_img/20240808/4309014/4309014_17286267759014_500.jpg,False
2025-09,F,002016,패딩 베스트,002,아우터,20,5372188,dod1,디오디,우사기 래빗 패딩 베스트 여자(TAN),https://image.msscdn.net/images/goods_img/20250828/5372188/5372188_17616987980617_500.jpg,False
2025-09,F,002016,패딩 베스트,002,아우터,21,3667963,minimalproject,미니멀프로젝트,MNMP 하이넥 패딩 베스트 MVT102 / 4COLOR,https://image.msscdn.net/images/goods_img/20231030/3667963/3667963_17606004212693_500.jpg,False
2025-09,F,002016,패딩 베스트,002,아우터,22,3454922,nationalgeographic,내셔널지오그래픽,N234WDV900 여성 오티스 구스 다운 베스트 CRYSTAL BEIGE,https://image.msscdn.net/images/goods_img/20230809/3454922/3454922_16915644602602_500.jpg,False
2025-09,F,002016,패딩 베스트,002,아우터,23,4484015,nike,나이키,스포츠웨어 클래식 패딩 써마 핏 루즈 베스트 W - 블랙:화이트 / FZ5923-010,https://image.msscdn.net/images/goods_img/20241002/4484015/4484015_17307847150890_500.jpg,False
2025-09,F,002016,패딩 베스트,002,아우터,24,4460691,thisisneverthat,디스이즈네버댓,Insulated Reversible Vest Black,https://image.msscdn.net/images/goods_img/20240925/4460691/4460691_17272449084789_500.jpg,False
2025-09,F,002016,패딩 베스트,002,아우터,25,4398110,lifework,라이프워크,여성) 에어리 리버시블 다운 베스트,https://image.msscdn.net/images/goods_img/20240903/4398110/4398110_17897062625048_500.jpg,False
2025-09,F,002016,패딩 베스트,002,아우터,26,1114864,musinsastandardwoman,무신사 스탠다드 우먼,우먼즈 트랜스폼 라운드 넥 라이트 다운 베스트 [차콜 그레이],https://image.msscdn.net/images/goods_img/20190809/1114864/1114864_17139429644663_500.jpg,False
2025-09,F,002016,패딩 베스트,002,아우터,27,4460695,thisisneverthat,디스이즈네버댓,PERTEX® T Down Vest Olive,https://image.msscdn.net/images/goods_img/20240925/4460695/4460695_17272538675290_500.jpg,False
2025-09,F,002016,패딩 베스트,002,아우터,28,4609933,themuseumvisitor,더뮤지엄비지터,DOT PUFFER VEST,https://image.msscdn.net/images/goods_img/20241113/4609933/4609933_17718258200338_500.jpg,False
2025-09,F,002016,패딩 베스트,002,아우터,29,4267004,whoau,후아유,Reversible Corduroy Padding Vest / WHVWF4912F,https://image.msscdn.net/images/goods_img/20240723/4267004/4267004_17622352359161_500.jpg,False
2025-09,F,002016,패딩 베스트,002,아우터,30,4482896,hangten1,행텐,여성 후드 디테쳐블 크롭 베스트_100(10490-114-813-69),https://image.msscdn.net/images/goods_img/20241002/4482896/4482896_17697534406283_500.jpg,False
2025-09,F,002015,기타 아우터,002,아우터,1,2837405,matinkim,마뗑킴,MATIN KIM LOGO COATING JUMPER,https://image.msscdn.net/images/goods_img/20221004/2837405/2837405_1_500.jpg,False
2025-09,F,002015,기타 아우터,002,아우터,2,5367607,arcteryx,아크테릭스,스쿼미시 후디 남성 - BLACK / AJPFM07411,https://image.msscdn.net/images/goods_img/20250827/5367607/5367607_17573793104179_500.jpg,False
2025-09,F,002015,기타 아우터,002,아우터,3,5367614,arcteryx,아크테릭스,아톰 SV 후디 남성 - BLACK / AJPFM09902,https://image.msscdn.net/images/goods_img/20250827/5367614/5367614_17573795222252_500.jpg,False
2025-09,F,002015,기타 아우터,002,아우터,4,4440721,poloralphlauren,폴로 랄프 로렌,코튼 트윌 재킷-네이비,https://image.msscdn.net/images/goods_img/20240913/4440721/4440721_17292160301994_500.jpg,False
2025-09,F,002015,기타 아우터,002,아우터,5,5360731,salomon,살로몬,모디세이 패딩 자켓_LC2992100,https://image.msscdn.net/images/goods_img/20250825/5360731/5360731_17899800512692_500.jpg,False
2025-09,F,002015,기타 아우터,002,아우터,6,5340564,adidas,아디다스,니트 트랙탑  - 화이트:블랙 / KC2649,https://image.msscdn.net/images/goods_img/20250820/5340564/5340564_17557568401721_500.jpg,False
2025-09,F,002015,기타 아우터,002,아우터,7,5367608,arcteryx,아크테릭스,스쿼미시 후디 남성 - BLACK SAPPHIRE / AJPFM07411,https://image.msscdn.net/images/goods_img/20250827/5367608/5367608_17573793348815_500.jpg,False
2025-09,F,002015,기타 아우터,002,아우터,8,5309413,ason,애즈온,SALT ZIP-UP / WHITE,https://image.msscdn.net/images/goods_img/20250811/5309413/5309413_17580915487506_500.jpg,False
2025-09,F,002015,기타 아우터,002,아우터,9,5264561,bittercells,비터셀즈,스타 스포티 후드집업-오트밀,https://image.msscdn.net/images/goods_img/20250722/5264561/5264561_17671406103261_500.jpg,False
2025-09,F,002015,기타 아우터,002,아우터,10,5311360,khakipoint,카키포인트,Atelier Tweed Jacket (ivory),https://image.msscdn.net/images/goods_img/20250812/5311360/5311360_17574879313662_500.jpg,False
2025-09,F,002015,기타 아우터,002,아우터,11,5360727,salomon,살로몬,모디세이 패딩 자켓_LC2992400,https://image.msscdn.net/images/goods_img/20250825/5360727/5360727_17568112701904_500.jpg,False
2025-09,F,002015,기타 아우터,002,아우터,12,4522509,matinkim,마뗑킴,MATIN ROUGH COATING CROP BOMBER IN DARK BROWN,https://image.msscdn.net/images/goods_img/20241016/4522509/4522509_17509038150541_500.jpg,False
2025-09,F,002015,기타 아우터,002,아우터,13,1882525,umbro,엄브로,클래식 웜업 자켓 블랙(UQ321CJK93),https://image.msscdn.net/images/goods_img/20210406/1882525/1882525_17872779924432_500.jpg,False
2025-09,F,002015,기타 아우터,002,아우터,14,5364805,adidas,아디다스,니트 트랙탑  - 차콜 / KC2650,https://image.msscdn.net/images/goods_img/20250826/5364805/5364805_17562569424744_500.jpg,False
2025-09,F,002015,기타 아우터,002,아우터,15,4522508,matinkim,마뗑킴,MATIN ROUGH COATING CROP BOMBER IN KHAKI,https://image.msscdn.net/images/goods_img/20241016/4522508/4522508_17509039002425_500.jpg,False
2025-09,F,002015,기타 아우터,002,아우터,16,5316519,aakam,아캄,Incision Studded Cotton Jacket (Khaki),https://image.msscdn.net/images/goods_img/20250812/5316519/5316519_17567785222119_500.jpg,False
2025-09,F,002015,기타 아우터,002,아우터,17,4282756,arcteryx,아크테릭스,아톰 후디 남성 - CANVAS / AJOFMX7487,https://image.msscdn.net/images/goods_img/20240730/4282756/4282756_17240340386046_500.jpg,False
2025-09,F,002015,기타 아우터,002,아우터,18,5311359,khakipoint,카키포인트,Atelier Tweed Jacket (black),https://image.msscdn.net/images/goods_img/20250812/5311359/5311359_17574879481292_500.jpg,False
2025-09,F,002015,기타 아우터,002,아우터,19,5302891,thecoldestmoment,더콜디스트모먼트,TCM dot raglan zip-up (charcoal/black),https://image.msscdn.net/images/goods_img/20250808/5302891/5302891_17556768748527_500.png,False
2025-09,F,002015,기타 아우터,002,아우터,20,5409377,glowny,글로니,URBAN SUEDE JUMPER (BROWN),https://image.msscdn.net/images/goods_img/20250905/5409377/5409377_17574824687468_500.jpg,False
2025-09,F,002015,기타 아우터,002,아우터,21,5360729,salomon,살로몬,모디세이 패딩 자켓_LC2992200,https://image.msscdn.net/images/goods_img/20250825/5360729/5360729_17568113407097_500.jpg,False
2025-09,F,002015,기타 아우터,002,아우터,22,3573116,matinkim,마뗑킴,MATIN CROP HOODY COATING JUMPER,https://image.msscdn.net/images/goods_img/20230919/3573116/3573116_17006410793001_500.jpg,False
2025-09,F,002015,기타 아우터,002,아우터,23,5338640,matinkim,마뗑킴,FAUX LEATHER HOODY CROP JUMPER IN BLACK,https://image.msscdn.net/images/goods_img/20250819/5338640/5338640_17582534098708_500.jpg,False
2025-09,F,002015,기타 아우터,002,아우터,24,5385455,thebarnnet,더바넷,Cloud Jacket by HINODE,https://image.msscdn.net/images/goods_img/20250901/5385455/5385455_17574723125666_500.jpg,False
2025-09,F,002015,기타 아우터,002,아우터,25,4401019,thenorthface,노스페이스,NJ2HQ51J 화이트라벨 슬로프 자켓,https://image.msscdn.net/images/goods_img/20240904/4401019/4401019_17254111563161_500.jpg,False
2025-09,F,002015,기타 아우터,002,아우터,26,5367609,arcteryx,아크테릭스,스쿼미시 후디 남성 - FORAGE / AJPFM07411,https://image.msscdn.net/images/goods_img/20250827/5367609/5367609_17573793583287_500.jpg,False
2025-09,F,002015,기타 아우터,002,아우터,27,4439851,dickies,디키즈,트윌 워크 재킷 Khaki,https://image.msscdn.net/images/goods_img/20240913/4439851/4439851_17325800749993_500.jpg,False
2025-09,F,002015,기타 아우터,002,아우터,28,5309549,ason,애즈온,POSET CORDUROY JACKET,https://image.msscdn.net/images/goods_img/20250811/5309549/5309549_17580913907891_500.jpg,False
2025-09,F,002015,기타 아우터,002,아우터,29,4355292,dunstforwomen,던스트,CLASSIC TWEED JACKET_UDJA5C203_MELANGE GREY,https://image.msscdn.net/images/goods_img/20240821/4355292/4355292_17883291932293_500.jpg,False
2025-09,F,002015,기타 아우터,002,아우터,30,4737631,oheshio,오헤시오,"TRENCH COLLAR JUMPER, BLACK",https://image.msscdn.net/images/goods_img/20250122/4737631/4737631_17403776389885_500.jpg,False
2025-09,F,003,바지,,,1,3791988,filluminate,필루미네이트,데미지 워시드 데님 팬츠-미디엄 블루,https://image.msscdn.net/images/goods_img/20240112/3791988/3791988_17894491801613_500.jpg,False
2025-09,F,003,바지,,,2,1844582,brenson,브렌슨,(Renew Ver.) 원턱 와이드 스웨트 팬츠 ( 7Color ) ( 기모선택 ),https://image.msscdn.net/images/goods_img/20210315/1844582/1844582_17774456564921_500.jpg,False
2025-09,F,003,바지,,,3,5383873,mimthewardrobe,밈더워드로브,[밈더 X 유정] 유스 커브드  어웨이 팬츠_블루,https://image.msscdn.net/images/goods_img/20250901/5383873/5383873_17570535489848_500.jpg,False
2025-09,F,003,바지,,,4,1735427,selfesteem,에스이에스티,[2PACK] 와이드핏 트레이닝 스웨트 팬츠 - 6Color,https://image.msscdn.net/images/goods_img/20210104/1735427/1735427_17646558259203_500.jpg,False
2025-09,F,003,바지,,,5,2818150,musinsastandardwoman,무신사 스탠다드 우먼,우먼즈 와이드 카고 팬츠 [블랙],https://image.msscdn.net/images/goods_img/20220926/2818150/2818150_17489933476409_500.jpg,False
2025-09,F,003,바지,,,6,5338392,ambler,엠블러,Angel Star Patch 자수 원턱 스트링 와이드 스웨트 팬츠 AP903 (블랙),https://image.msscdn.net/images/goods_img/20250819/5338392/5338392_17564331759079_500.jpg,False
2025-09,F,003,바지,,,7,2112061,gakka2,가까이 유니언즈,[여름 or 기모 or 사계절 원단 선택] 원턱 와이드 스웨트팬츠 블랙,https://image.msscdn.net/images/goods_img/20210906/2112061/2112061_17459952841713_500.jpg,False
2025-09,F,003,바지,,,8,4993414,signature,시그니처,와이드 커브드 다트 코튼 팬츠[베이지],https://image.msscdn.net/images/goods_img/20250407/4993414/4993414_17883391236407_500.jpg,False
2025-09,F,003,바지,,,9,5306789,scallywag,스켈리웩,88 크로스 백 패치 스웨트 팬츠[그레이],https://image.msscdn.net/images/goods_img/20250808/5306789/5306789_17872035459299_500.jpg,False
2025-09,F,003,바지,,,10,4354890,ason,애즈온,SMOG WIDE PANTS / BLACK,https://image.msscdn.net/images/goods_img/20240821/4354890/4354890_17286367536857_500.jpg,False
2025-09,F,003,바지,,,11,2112059,gakka2,가까이 유니언즈,[여름 or 기모 or 사계절 원단 선택] 원턱 와이드 스웨트팬츠 그레이,https://image.msscdn.net/images/goods_img/20210906/2112059/2112059_17473624399256_500.jpg,False
2025-09,F,003,바지,,,12,2820939,musinsastandardwoman,무신사 스탠다드 우먼,우먼즈 더블 니트 투 턱 와이드 라운지 스웨트 팬츠 [블랙],https://image.msscdn.net/images/goods_img/20220927/2820939/2820939_17625014945098_500.jpg,False
2025-09,F,003,바지,,,13,1551840,xero,제로,Deep One Tuck Sweat Pants [Grey],https://image.msscdn.net/images/goods_img/20200818/1551840/1551840_1_500.jpg,False
2025-09,F,003,바지,,,14,4786310,synerjyn,시너진,CAT WASHING DENIM PANTS DEEP BLUE,https://image.msscdn.net/images/goods_img/20250213/4786310/4786310_17720843745254_500.jpg,False
2025-09,F,003,바지,,,15,1551839,xero,제로,Deep One Tuck Sweat Pants [Black],https://image.msscdn.net/images/goods_img/20200818/1551839/1551839_1_500.jpg,False
2025-09,F,003,바지,,,16,5290236,likethemost,라이크더모스트,레오파드 하트 포켓 아플리케 트레이닝 핀턱 와이드 팬츠_블랙,https://image.msscdn.net/images/goods_img/20250804/5290236/5290236_17546325692187_500.jpg,False
2025-09,F,003,바지,,,17,4057732,lemainsecond,리메인세컨드,원턱 와이드 스웨트 팬츠 [그레이],https://image.msscdn.net/images/goods_img/20240416/4057732/4057732_17817553079562_500.jpg,False
2025-09,F,003,바지,,,18,2820940,musinsastandardwoman,무신사 스탠다드 우먼,우먼즈 더블 니트 투 턱 와이드 라운지 스웨트 팬츠 [미디엄 그레이],https://image.msscdn.net/images/goods_img/20220927/2820940/2820940_17625017266952_500.jpg,False
2025-09,F,003,바지,,,19,3575430,avan,어반드레스,Side Big Cargo Pants CAMO,https://image.msscdn.net/images/goods_img/20230919/3575430/3575430_17421696736376_500.jpg,False
2025-09,F,003,바지,,,20,4993373,aakam,아캄,Knee Pin-tuck Studded Cotton Pants (Khaki),https://image.msscdn.net/images/goods_img/20250407/4993373/4993373_17453045907117_500.jpg,False
2025-09,F,003,바지,,,21,3443300,likethemost,라이크더모스트,트레이닝 핀턱 와이드 팬츠 7colors,https://image.msscdn.net/images/goods_img/20230803/3443300/3443300_16913680049186_500.jpg,False
2025-09,F,003,바지,,,22,5306791,scallywag,스켈리웩,88 크로스 백 패치 스웨트 팬츠[블랙],https://image.msscdn.net/images/goods_img/20250808/5306791/5306791_17872033867218_500.jpg,False
2025-09,F,003,바지,,,23,4787238,signature,시그니처,더블턱 와이드 트레이닝 팬츠[2COLORS],https://image.msscdn.net/images/goods_img/20250213/4787238/4787238_17872918377778_500.jpg,False
2025-09,F,003,바지,,,24,4993411,signature,시그니처,와이드 커브드 다트 코튼 팬츠[블랙],https://image.msscdn.net/images/goods_img/20250407/4993411/4993411_17853022954116_500.jpg,False
2025-09,F,003,바지,,,25,750908,wholovesart,후러브스아트,유니섹스 세미 와이드 밴딩 슬랙스 블랙,https://image.msscdn.net/images/goods_img/20180406/750908/750908_17736379434172_500.jpg,False
2025-09,F,003,바지,,,26,1926034,xero,제로,Deep One Tuck Sweat Shorts [Black],https://image.msscdn.net/images/goods_img/20210428/1926034/1926034_1_500.jpg,False
2025-09,F,003,바지,,,27,5306790,scallywag,스켈리웩,88 크로스 백 패치 스웨트 팬츠[차콜],https://image.msscdn.net/images/goods_img/20250808/5306790/5306790_17782069886599_500.jpg,False
2025-09,F,003,바지,,,28,3674341,boundary,바운더리,투턱 와이드 롱 스웨트 팬츠 [블랙],https://image.msscdn.net/images/goods_img/20231101/3674341/3674341_17042599581270_500.jpg,False
2025-09,F,003,바지,,,29,1596414,musinsastandardwoman,무신사 스탠다드 우먼,우먼즈 와이드 히든 밴딩 슬랙스 [블랙],https://image.msscdn.net/images/goods_img/20200911/1596414/1596414_17537745133548_500.jpg,False
2025-09,F,003,바지,,,30,2978123,musinsastandardwoman,무신사 스탠다드 우먼,우먼즈 파라슈트 팬츠 [블랙],https://image.msscdn.net/images/goods_img/20221209/2978123/2978123_17677822252857_500.jpg,False
2025-09,F,003002,데님 팬츠,003,바지,1,3791988,filluminate,필루미네이트,데미지 워시드 데님 팬츠-미디엄 블루,https://image.msscdn.net/images/goods_img/20240112/3791988/3791988_17894491801613_500.jpg,False
2025-09,F,003002,데님 팬츠,003,바지,2,5383873,mimthewardrobe,밈더워드로브,[밈더 X 유정] 유스 커브드  어웨이 팬츠_블루,https://image.msscdn.net/images/goods_img/20250901/5383873/5383873_17570535489848_500.jpg,False
2025-09,F,003002,데님 팬츠,003,바지,3,4786310,synerjyn,시너진,CAT WASHING DENIM PANTS DEEP BLUE,https://image.msscdn.net/images/goods_img/20250213/4786310/4786310_17720843745254_500.jpg,False
2025-09,F,003002,데님 팬츠,003,바지,4,3575430,avan,어반드레스,Side Big Cargo Pants CAMO,https://image.msscdn.net/images/goods_img/20230919/3575430/3575430_17421696736376_500.jpg,False
2025-09,F,003002,데님 팬츠,003,바지,5,4841127,pleasenofollow,플리즈노팔로우,25Vintage Washing Boots-Cut Denim (Blue),https://image.msscdn.net/images/goods_img/20250227/4841127/4841127_17412458947195_500.jpg,False
2025-09,F,003002,데님 팬츠,003,바지,6,4274049,lemainsecond,리메인세컨드,빈티지 캣워싱 와이드 데님 팬츠 [옐로우 워싱],https://image.msscdn.net/images/prd_img/20240725/4274049/detail_4274049_17757836079460_500.jpg,False
2025-09,F,003002,데님 팬츠,003,바지,7,3826875,retrieverclub,리트리버클럽,TOMBOY DOG RAW DENIM [RAW INDIGO],https://image.msscdn.net/images/goods_img/20240126/3826875/3826875_17403767189600_500.jpg,False
2025-09,F,003002,데님 팬츠,003,바지,8,4783444,wkndrs,위캔더스,FACE DENIM PANTS (S.GREY),https://image.msscdn.net/images/goods_img/20250212/4783444/4783444_17792579418828_500.png,False
2025-09,F,003002,데님 팬츠,003,바지,9,5252477,losersclub,루저스클럽,카모 믹스 데미지 와이드 데님팬츠 블랙,https://image.msscdn.net/images/goods_img/20250716/5252477/5252477_17527336447901_500.jpg,False
2025-09,F,003002,데님 팬츠,003,바지,10,4969769,aakam,아캄,Cinch Back Denim Pants (Black),https://image.msscdn.net/images/goods_img/20250331/4969769/4969769_17436563496409_500.jpg,False
2025-09,F,003002,데님 팬츠,003,바지,11,3791990,filluminate,필루미네이트,데미지 워시드 데님 팬츠-블랙,https://image.msscdn.net/images/goods_img/20240112/3791990/3791990_17894492105263_500.jpg,False
2025-09,F,003002,데님 팬츠,003,바지,12,4786390,synerjyn,시너진,CAT WASHING DENIM PANTS BLACK,https://image.msscdn.net/images/goods_img/20250213/4786390/4786390_17720846866069_500.jpg,False
2025-09,F,003002,데님 팬츠,003,바지,13,3537134,artid,아티드,셀비 포켓 데님 팬츠_3COLORS,https://image.msscdn.net/images/goods_img/20230906/3537134/3537134_17887586767696_500.jpg,False
2025-09,F,003002,데님 팬츠,003,바지,14,5064188,suade,스웨이드,CONTOUR POCKET DENIM [WHITE],https://image.msscdn.net/images/goods_img/20250424/5064188/5064188_17454967027447_500.jpg,False
2025-09,F,003002,데님 팬츠,003,바지,15,4072132,dysfunct,디스펑트,KEY RING WASHING DENIM PANTS(BLUE),https://image.msscdn.net/images/goods_img/20240422/4072132/4072132_17137526006998_500.jpg,False
2025-09,F,003002,데님 팬츠,003,바지,16,5187901,anolorcodewoman,어널러코드 우먼,하이드 핀턱 벌룬 데님팬츠 (그린블루),https://image.msscdn.net/images/goods_img/20250616/5187901/5187901_17652417957094_500.png,False
2025-09,F,003002,데님 팬츠,003,바지,17,4396830,millowomen,밀로 우먼,스트라이프 벌룬 진 [워시드 블랙],https://image.msscdn.net/images/goods_img/20240903/4396830/4396830_17605812315816_500.jpg,False
2025-09,F,003002,데님 팬츠,003,바지,18,5201201,tansanmagnesium,탄산마그네슘,코튼 와이드 팬츠 레오파드 그레이,https://image.msscdn.net/images/goods_img/20250623/5201201/5201201_17640510273441_500.jpg,False
2025-09,F,003002,데님 팬츠,003,바지,19,3576618,wkndrs,위캔더스,DWARF DENIM PANTS (BLACK),https://image.msscdn.net/images/goods_img/20230920/3576618/3576618_17788142408278_500.png,False
2025-09,F,003002,데님 팬츠,003,바지,20,4376515,avan,어반드레스,Accent Back String Pants BLACK,https://image.msscdn.net/images/goods_img/20240827/4376515/4376515_17255831326785_500.jpg,False
2025-09,F,003002,데님 팬츠,003,바지,21,2092852,goodlifeworks,굿라이프웍스,이지 와이드 데님 팬츠 그레이,https://image.msscdn.net/images/goods_img/20210826/2092852/2092852_17086532214128_500.jpg,False
2025-09,F,003002,데님 팬츠,003,바지,22,5364819,adidas,아디다스,ADILENIUM 3 바나나 워시드 데님 팬츠 - 라이트데님 / KG0200,https://image.msscdn.net/images/goods_img/20250826/5364819/5364819_17567742410796_500.jpg,False
2025-09,F,003002,데님 팬츠,003,바지,23,4776342,synerjyn,시너진,SAND CAT WASHING DENIM PANTS BLUE,https://image.msscdn.net/images/goods_img/20250211/4776342/4776342_17392513151491_500.jpg,False
2025-09,F,003002,데님 팬츠,003,바지,24,5142797,randomoff,랜덤오프,BTB : BREEZE WASHING JEANS [DUSTY BLUE],https://image.msscdn.net/images/goods_img/20250523/5142797/5142797_17479792178691_500.jpg,False
2025-09,F,003002,데님 팬츠,003,바지,25,2334742,kancan,캔캔,미드 웨이스트 플레어 블랙진 일렌느,https://image.msscdn.net/images/goods_img/20220127/2334742/2334742_16933803999708_500.jpg,False
2025-09,F,003002,데님 팬츠,003,바지,26,4274045,lemainsecond,리메인세컨드,빈티지 캣워싱 와이드 데님 팬츠 [샌드 블루],https://image.msscdn.net/images/goods_img/20240725/4274045/4274045_17888435557697_500.jpg,False
2025-09,F,003002,데님 팬츠,003,바지,27,5315757,aakam,아캄,Side Rhinestone Denim Pants (Black),https://image.msscdn.net/images/goods_img/20250812/5315757/5315757_17572968489422_500.jpg,False
2025-09,F,003002,데님 팬츠,003,바지,28,4053834,aakam,아캄,98 Printed Knee Pin-tuck Denim Pants (Black),https://image.msscdn.net/images/goods_img/20240415/4053834/4053834_17326001783231_500.jpg,False
2025-09,F,003002,데님 팬츠,003,바지,29,1357768,musinsastandardwoman,무신사 스탠다드 우먼,우먼즈 와이드 데님 팬츠 [워시드 블랙],https://image.msscdn.net/images/goods_img/20200318/1357768/1357768_17673383440289_500.jpg,False
2025-09,F,003002,데님 팬츠,003,바지,30,4124532,mucent,무센트,마요르카 와이드 데님 반밴딩 워싱 청바지 남녀공용 (3컬러),https://image.msscdn.net/images/goods_img/20240513/4124532/4124532_17882440433108_500.jpg,False
2025-09,F,003004,트레이닝/조거 팬츠,003,바지,1,1844582,brenson,브렌슨,(Renew Ver.) 원턱 와이드 스웨트 팬츠 ( 7Color ) ( 기모선택 ),https://image.msscdn.net/images/goods_img/20210315/1844582/1844582_17774456564921_500.jpg,False
2025-09,F,003004,트레이닝/조거 팬츠,003,바지,2,1735427,selfesteem,에스이에스티,[2PACK] 와이드핏 트레이닝 스웨트 팬츠 - 6Color,https://image.msscdn.net/images/goods_img/20210104/1735427/1735427_17646558259203_500.jpg,False
2025-09,F,003004,트레이닝/조거 팬츠,003,바지,3,2818150,musinsastandardwoman,무신사 스탠다드 우먼,우먼즈 와이드 카고 팬츠 [블랙],https://image.msscdn.net/images/goods_img/20220926/2818150/2818150_17489933476409_500.jpg,False
2025-09,F,003004,트레이닝/조거 팬츠,003,바지,4,5338392,ambler,엠블러,Angel Star Patch 자수 원턱 스트링 와이드 스웨트 팬츠 AP903 (블랙),https://image.msscdn.net/images/goods_img/20250819/5338392/5338392_17564331759079_500.jpg,False
2025-09,F,003004,트레이닝/조거 팬츠,003,바지,5,2112061,gakka2,가까이 유니언즈,[여름 or 기모 or 사계절 원단 선택] 원턱 와이드 스웨트팬츠 블랙,https://image.msscdn.net/images/goods_img/20210906/2112061/2112061_17459952841713_500.jpg,False
2025-09,F,003004,트레이닝/조거 팬츠,003,바지,6,5306789,scallywag,스켈리웩,88 크로스 백 패치 스웨트 팬츠[그레이],https://image.msscdn.net/images/goods_img/20250808/5306789/5306789_17872035459299_500.jpg,False
2025-09,F,003004,트레이닝/조거 팬츠,003,바지,7,2112059,gakka2,가까이 유니언즈,[여름 or 기모 or 사계절 원단 선택] 원턱 와이드 스웨트팬츠 그레이,https://image.msscdn.net/images/goods_img/20210906/2112059/2112059_17473624399256_500.jpg,False
2025-09,F,003004,트레이닝/조거 팬츠,003,바지,8,2820939,musinsastandardwoman,무신사 스탠다드 우먼,우먼즈 더블 니트 투 턱 와이드 라운지 스웨트 팬츠 [블랙],https://image.msscdn.net/images/goods_img/20220927/2820939/2820939_17625014945098_500.jpg,False
2025-09,F,003004,트레이닝/조거 팬츠,003,바지,9,1551840,xero,제로,Deep One Tuck Sweat Pants [Grey],https://image.msscdn.net/images/goods_img/20200818/1551840/1551840_1_500.jpg,False
2025-09,F,003004,트레이닝/조거 팬츠,003,바지,10,1551839,xero,제로,Deep One Tuck Sweat Pants [Black],https://image.msscdn.net/images/goods_img/20200818/1551839/1551839_1_500.jpg,False
2025-09,F,003004,트레이닝/조거 팬츠,003,바지,11,5290236,likethemost,라이크더모스트,레오파드 하트 포켓 아플리케 트레이닝 핀턱 와이드 팬츠_블랙,https://image.msscdn.net/images/goods_img/20250804/5290236/5290236_17546325692187_500.jpg,False
2025-09,F,003004,트레이닝/조거 팬츠,003,바지,12,4057732,lemainsecond,리메인세컨드,원턱 와이드 스웨트 팬츠 [그레이],https://image.msscdn.net/images/goods_img/20240416/4057732/4057732_17817553079562_500.jpg,False
2025-09,F,003004,트레이닝/조거 팬츠,003,바지,13,2820940,musinsastandardwoman,무신사 스탠다드 우먼,우먼즈 더블 니트 투 턱 와이드 라운지 스웨트 팬츠 [미디엄 그레이],https://image.msscdn.net/images/goods_img/20220927/2820940/2820940_17625017266952_500.jpg,False
2025-09,F,003004,트레이닝/조거 팬츠,003,바지,14,3443300,likethemost,라이크더모스트,트레이닝 핀턱 와이드 팬츠 7colors,https://image.msscdn.net/images/goods_img/20230803/3443300/3443300_16913680049186_500.jpg,False
2025-09,F,003004,트레이닝/조거 팬츠,003,바지,15,5306791,scallywag,스켈리웩,88 크로스 백 패치 스웨트 팬츠[블랙],https://image.msscdn.net/images/goods_img/20250808/5306791/5306791_17872033867218_500.jpg,False
2025-09,F,003004,트레이닝/조거 팬츠,003,바지,16,4787238,signature,시그니처,더블턱 와이드 트레이닝 팬츠[2COLORS],https://image.msscdn.net/images/goods_img/20250213/4787238/4787238_17872918377778_500.jpg,False
2025-09,F,003004,트레이닝/조거 팬츠,003,바지,17,5306790,scallywag,스켈리웩,88 크로스 백 패치 스웨트 팬츠[차콜],https://image.msscdn.net/images/goods_img/20250808/5306790/5306790_17782069886599_500.jpg,False
2025-09,F,003004,트레이닝/조거 팬츠,003,바지,18,3674341,boundary,바운더리,투턱 와이드 롱 스웨트 팬츠 [블랙],https://image.msscdn.net/images/goods_img/20231101/3674341/3674341_17042599581270_500.jpg,False
2025-09,F,003004,트레이닝/조거 팬츠,003,바지,19,5308541,ghostrepublic,고스트리퍼블릭,커브드 사이드 핀턱 벌룬 스웨트팬츠 GLP-650_그레이,https://image.msscdn.net/images/goods_img/20250811/5308541/5308541_17560977545600_500.jpg,False
2025-09,F,003004,트레이닝/조거 팬츠,003,바지,20,4723172,luvistrue,러브이즈트루,IM POCKET TRANING PANTS(2COLOR),https://image.msscdn.net/images/goods_img/20250115/4723172/4723172_17369330727182_500.jpg,False
2025-09,F,003004,트레이닝/조거 팬츠,003,바지,21,4556449,scallywag,스켈리웩,벌룬핏 스웨트 팬츠[라이트그레이],https://image.msscdn.net/images/goods_img/20241024/4556449/4556449_17891087880393_500.jpg,False
2025-09,F,003004,트레이닝/조거 팬츠,003,바지,22,4057671,lemainsecond,리메인세컨드,원턱 와이드 스웨트 팬츠 [블랙],https://image.msscdn.net/images/goods_img/20240416/4057671/4057671_17817553340054_500.jpg,False
2025-09,F,003004,트레이닝/조거 팬츠,003,바지,23,3792018,filluminate,필루미네이트,나일론 투 턱 테이핑 팬츠-블랙,https://image.msscdn.net/images/goods_img/20240112/3792018/3792018_17894495787885_500.jpg,False
2025-09,F,003004,트레이닝/조거 팬츠,003,바지,24,5308542,ghostrepublic,고스트리퍼블릭,커브드 사이드 핀턱 벌룬 스웨트팬츠 GLP-650_블랙,https://image.msscdn.net/images/goods_img/20250811/5308542/5308542_17560976834295_500.jpg,False
2025-09,F,003004,트레이닝/조거 팬츠,003,바지,25,2744549,anolorcode,어널러코드,사계절 쓰리턱 트레이닝팬츠 (2color),https://image.msscdn.net/images/goods_img/20220825/2744549/2744549_17848712083816_500.jpg,False
2025-09,F,003004,트레이닝/조거 팬츠,003,바지,26,4806393,brenson,브렌슨,파이핑 스트링 와이드 스웨트 팬츠 ( 4Color ),https://image.msscdn.net/images/goods_img/20250219/4806393/4806393_17422652774567_500.jpg,False
2025-09,F,003004,트레이닝/조거 팬츠,003,바지,27,5367961,dimitriblack,디미트리블랙,VLAD 원턱 커브드 트랙 스웻 팬츠_피그먼트 차콜,https://image.msscdn.net/images/goods_img/20250827/5367961/5367961_17564338248285_500.jpg,False
2025-09,F,003004,트레이닝/조거 팬츠,003,바지,28,4343527,gakka2,가까이 유니언즈,원턱 투 라인 와이드 스웨트팬츠 블랙,https://image.msscdn.net/images/goods_img/20240819/4343527/4343527_17248935778075_500.jpg,False
2025-09,F,003004,트레이닝/조거 팬츠,003,바지,29,3568898,artistwear,아티스트웨어,[ATW x HOOLIGAN] 로고 와이드밴딩 팬츠,https://image.msscdn.net/images/goods_img/20230918/3568898/3568898_17738166658180_500.jpg,False
2025-09,F,003004,트레이닝/조거 팬츠,003,바지,30,4556433,scallywag,스켈리웩,라인 트레이닝 팬츠[그레이],https://image.msscdn.net/images/goods_img/20241024/4556433/4556433_17870200431116_500.jpg,False
2025-09,F,003007,코튼 팬츠,003,바지,1,4993414,signature,시그니처,와이드 커브드 다트 코튼 팬츠[베이지],https://image.msscdn.net/images/goods_img/20250407/4993414/4993414_17883391236407_500.jpg,False
2025-09,F,003007,코튼 팬츠,003,바지,2,4354890,ason,애즈온,SMOG WIDE PANTS / BLACK,https://image.msscdn.net/images/goods_img/20240821/4354890/4354890_17286367536857_500.jpg,False
2025-09,F,003007,코튼 팬츠,003,바지,3,4993411,signature,시그니처,와이드 커브드 다트 코튼 팬츠[블랙],https://image.msscdn.net/images/goods_img/20250407/4993411/4993411_17853022954116_500.jpg,False
2025-09,F,003007,코튼 팬츠,003,바지,4,5252479,losersclub,루저스클럽,멀티 카고포켓 와이드 면팬츠 베이지,https://image.msscdn.net/images/goods_img/20250716/5252479/5252479_17527336864868_500.jpg,False
2025-09,F,003007,코튼 팬츠,003,바지,5,5322174,nastyfancyclub,팬시클럽,크로스 포켓 카고 팬츠 (BLACK) F25ZD976,https://image.msscdn.net/images/goods_img/20250813/5322174/5322174_17787220128839_500.png,False
2025-09,F,003007,코튼 팬츠,003,바지,6,5338367,anolorcodewoman,어널러코드 우먼,로우 커브드 와이드팬츠 (3color),https://image.msscdn.net/images/goods_img/20250819/5338367/5338367_17652429676327_500.png,False
2025-09,F,003007,코튼 팬츠,003,바지,7,4293032,thecoldestmoment,더콜디스트모먼트,TCM starfish chino pants (black),https://image.msscdn.net/images/goods_img/20240802/4293032/4293032_17231900851488_500.jpg,False
2025-09,F,003007,코튼 팬츠,003,바지,8,3684419,dickies,디키즈,더블니 85283 루즈핏 워크팬츠 Black,https://image.msscdn.net/images/goods_img/20231103/3684419/3684419_17751985153031_500.jpg,False
2025-09,F,003007,코튼 팬츠,003,바지,9,5302838,thecoldestmoment,더콜디스트모먼트,TCM skirt layered pants (black),https://image.msscdn.net/images/goods_img/20250808/5302838/5302838_17557620771864_500.jpg,False
2025-09,F,003007,코튼 팬츠,003,바지,10,5313017,heleneparis,헬레네파리스,피그먼트 스터드 부츠컷 팬츠 [블랙],https://image.msscdn.net/images/goods_img/20250812/5313017/5313017_17554916382684_500.jpg,False
2025-09,F,003007,코튼 팬츠,003,바지,11,5078664,heleneparis,헬레네파리스,피그먼트 부츠컷 카고 팬츠 [블랙],https://image.msscdn.net/images/goods_img/20250429/5078664/5078664_17468643375282_500.jpg,False
2025-09,F,003007,코튼 팬츠,003,바지,12,5252480,losersclub,루저스클럽,멀티 카고포켓 와이드 면팬츠 블랙,https://image.msscdn.net/images/goods_img/20250716/5252480/5252480_17527337265344_500.jpg,False
2025-09,F,003007,코튼 팬츠,003,바지,13,5166562,musinsastandardwoman,무신사 스탠다드 우먼,우먼즈 딥 턱 엑스트라 와이드 치노 팬츠 [베이지],https://image.msscdn.net/images/goods_img/20250604/5166562/5166562_17568822639075_500.jpg,False
2025-09,F,003007,코튼 팬츠,003,바지,14,3285424,musinsastandardwoman,무신사 스탠다드 우먼,우먼즈 와이드 카고 팬츠 [다크 그레이],https://image.msscdn.net/images/goods_img/20230509/3285424/3285424_16964871233361_500.jpg,False
2025-09,F,003007,코튼 팬츠,003,바지,15,2818151,musinsastandardwoman,무신사 스탠다드 우먼,우먼즈 와이드 카고 팬츠 [크림],https://image.msscdn.net/images/goods_img/20220926/2818151/2818151_17273159150473_500.jpg,False
2025-09,F,003007,코튼 팬츠,003,바지,16,4483611,thecoldestmoment,더콜디스트모먼트,TCM starfish sweat pants (black),https://image.msscdn.net/images/goods_img/20241002/4483611/4483611_17306794095498_500.jpg,False
2025-09,F,003007,코튼 팬츠,003,바지,17,5367168,placestudio,플레이스 스튜디오,[아네딘X플레이스스튜디오]  스커트 레이어드 와이드 팬츠  [차콜],https://image.msscdn.net/images/goods_img/20250827/5367168/5367168_17562575190786_500.jpg,False
2025-09,F,003007,코튼 팬츠,003,바지,18,5254957,tansanmagnesium,탄산마그네슘,코튼 와이드 팬츠 스트라이프,https://image.msscdn.net/images/goods_img/20250718/5254957/5254957_17556618940160_500.jpg,False
2025-09,F,003007,코튼 팬츠,003,바지,19,4293047,thecoldestmoment,더콜디스트모먼트,TCM starfish chino pants (brown),https://image.msscdn.net/images/goods_img/20240802/4293047/4293047_17231900499261_500.jpg,False
2025-09,F,003007,코튼 팬츠,003,바지,20,4494067,ason,애즈온,JED CARGO PANTS / BEIGE,https://image.msscdn.net/images/goods_img/20241007/4494067/4494067_17890042728949_500.jpg,False
2025-09,F,003007,코튼 팬츠,003,바지,21,3378573,musinsastandardwoman,무신사 스탠다드 우먼,우먼즈 와이드 카펜터 팬츠 [블랙],https://image.msscdn.net/images/goods_img/20230622/3378573/3378573_16950909750100_500.jpg,False
2025-09,F,003007,코튼 팬츠,003,바지,22,5322177,nastyfancyclub,팬시클럽,크로스 포켓 카고 팬츠 (PINK BEIGE) F25ZD976,https://image.msscdn.net/images/goods_img/20250813/5322177/5322177_17579107060050_500.jpg,False
2025-09,F,003007,코튼 팬츠,003,바지,23,5118155,aakam,아캄,98 Knee Pin-Tuck Contrast Cargo Pants (Black),https://image.msscdn.net/images/goods_img/20250515/5118155/5118155_17473719415049_500.jpg,False
2025-09,F,003007,코튼 팬츠,003,바지,24,4895589,thecoldestmoment,더콜디스트모먼트,TCM starfish pin stripe pants (black),https://image.msscdn.net/images/goods_img/20250313/4895589/4895589_17434002652145_500.jpg,False
2025-09,F,003007,코튼 팬츠,003,바지,25,4768378,someplace,썸플레이스,레터링 프린티드 베이직 벌룬핏 와이드 코튼 팬츠[베이지],https://image.msscdn.net/images/goods_img/20250207/4768378/4768378_17422602120821_500.jpg,False
2025-09,F,003007,코튼 팬츠,003,바지,26,5313009,heleneparis,헬레네파리스,로고 웨이브 포인트 스웨트팬츠 [블랙 화이트],https://image.msscdn.net/images/goods_img/20250812/5313009/5313009_17554917654570_500.jpg,False
2025-09,F,003007,코튼 팬츠,003,바지,27,3378574,musinsastandardwoman,무신사 스탠다드 우먼,우먼즈 와이드 카펜터 팬츠 [베이지],https://image.msscdn.net/images/goods_img/20230622/3378574/3378574_16950909311453_500.jpg,False
2025-09,F,003007,코튼 팬츠,003,바지,28,5245791,xtonzwoman,루나키후,WXP052 아키리호시 카고 벌룬 팬츠 (BROWN),https://image.msscdn.net/images/goods_img/20250714/5245791/5245791_17555036369095_500.jpg,False
2025-09,F,003007,코튼 팬츠,003,바지,29,5306798,scallywag,스켈리웩,포인트 체크 논페이드 데님 팬츠[브라운],https://image.msscdn.net/images/goods_img/20250808/5306798/5306798_17560943963976_500.jpg,False
2025-09,F,003007,코튼 팬츠,003,바지,30,4483613,thecoldestmoment,더콜디스트모먼트,TCM starfish sweat pants (grey),https://image.msscdn.net/images/goods_img/20241002/4483613/4483613_17306793467842_500.jpg,False
2025-09,F,003008,슈트 팬츠/슬랙스,003,바지,1,750908,wholovesart,후러브스아트,유니섹스 세미 와이드 밴딩 슬랙스 블랙,https://image.msscdn.net/images/goods_img/20180406/750908/750908_17736379434172_500.jpg,False
2025-09,F,003008,슈트 팬츠/슬랙스,003,바지,2,1596414,musinsastandardwoman,무신사 스탠다드 우먼,우먼즈 와이드 히든 밴딩 슬랙스 [블랙],https://image.msscdn.net/images/goods_img/20200911/1596414/1596414_17537745133548_500.jpg,False
2025-09,F,003008,슈트 팬츠/슬랙스,003,바지,3,2551390,musinsastandardwoman,무신사 스탠다드 우먼,우먼즈 하이 웨이스트 와이드 히든 밴딩 슬랙스 [블랙],https://image.msscdn.net/images/goods_img/20220511/2551390/2551390_17537691701922_500.jpg,False
2025-09,F,003008,슈트 팬츠/슬랙스,003,바지,4,2792571,musinsastandardwoman,무신사 스탠다드 우먼,우먼즈 세미 부츠 컷 히든 밴딩 슬랙스 [블랙],https://image.msscdn.net/images/goods_img/20220915/2792571/2792571_17851425097064_500.jpg,False
2025-09,F,003008,슈트 팬츠/슬랙스,003,바지,5,2551384,musinsastandardwoman,무신사 스탠다드 우먼,우먼즈 스트레이트 히든 밴딩 슬랙스 [블랙],https://image.msscdn.net/images/goods_img/20220511/2551384/2551384_17852055625618_500.jpg,False
2025-09,F,003008,슈트 팬츠/슬랙스,003,바지,6,2578996,signature,시그니처,더블턱 와이드 슬랙스[블랙],https://image.msscdn.net/images/goods_img/20220524/2578996/2578996_17870331293023_500.jpg,False
2025-09,F,003008,슈트 팬츠/슬랙스,003,바지,7,1600384,musinsastandardwoman,무신사 스탠다드 우먼,우먼즈 리얼 와이드 벨티드 슬랙스 [블랙],https://image.msscdn.net/images/goods_img/20200914/1600384/1600384_1_500.jpg,False
2025-09,F,003008,슈트 팬츠/슬랙스,003,바지,8,5310984,dimitriblack,디미트리블랙,어드저스트 투턱 와이드 슬랙스_스트라이프 차콜,https://image.msscdn.net/images/goods_img/20250811/5310984/5310984_17551515636020_500.jpg,False
2025-09,F,003008,슈트 팬츠/슬랙스,003,바지,9,1853715,musinsastandardwoman,무신사 스탠다드 우먼,우먼즈 웨이스트밴들리스 와이드 슬랙스 [블랙],https://image.msscdn.net/images/goods_img/20210319/1853715/1853715_17851447163608_500.jpg,False
2025-09,F,003008,슈트 팬츠/슬랙스,003,바지,10,4624150,musinsastandardwoman,무신사 스탠다드 우먼,우먼즈 하이 웨이스트 와이드 히든 밴딩 슬랙스 [다크 브라운],https://image.msscdn.net/images/goods_img/20241119/4624150/4624150_17520410083027_500.jpg,False
2025-09,F,003008,슈트 팬츠/슬랙스,003,바지,11,4624151,musinsastandardwoman,무신사 스탠다드 우먼,우먼즈 하이 웨이스트 와이드 히든 밴딩 슬랙스 [차콜 그레이],https://image.msscdn.net/images/goods_img/20241119/4624151/4624151_17520409941835_500.jpg,False
2025-09,F,003008,슈트 팬츠/슬랙스,003,바지,12,5290327,musinsastandardwoman,무신사 스탠다드 우먼,우먼즈 미니 스커트 슬랙스 [미디엄 그레이],https://image.msscdn.net/images/goods_img/20250804/5290327/5290327_17550619134513_500.jpg,False
2025-09,F,003008,슈트 팬츠/슬랙스,003,바지,13,4644462,musinsastandardwoman,무신사 스탠다드 우먼,우먼즈 라이트웨이트 스커트 슬랙스 [블랙],https://image.msscdn.net/images/goods_img/20241202/4644462/4644462_17466942979961_500.jpg,False
2025-09,F,003008,슈트 팬츠/슬랙스,003,바지,14,5292437,musinsastandardwoman,무신사 스탠다드 우먼,우먼즈 랩 스커트 레이어드 슬랙스 [그레이],https://image.msscdn.net/images/goods_img/20250805/5292437/5292437_17612062002798_500.jpg,False
2025-09,F,003008,슈트 팬츠/슬랙스,003,바지,15,4719640,musinsastandardwoman,무신사 스탠다드 우먼,우먼즈 코튼 파라슈트 팬츠 [블랙],https://image.msscdn.net/images/goods_img/20250114/4719640/4719640_17435782192921_500.jpg,False
2025-09,F,003008,슈트 팬츠/슬랙스,003,바지,16,2551372,musinsastandardwoman,무신사 스탠다드 우먼,우먼즈 리버스 투 턱 와이드 히든 밴딩 슬랙스 [블랙],https://image.msscdn.net/images/goods_img/20220511/2551372/2551372_1_500.jpg,False
2025-09,F,003008,슈트 팬츠/슬랙스,003,바지,17,3134728,musinsastandardwoman,무신사 스탠다드 우먼,[쿨탠다드] 우먼즈 세미 벌룬 히든 밴딩 슬랙스 [블랙],https://image.msscdn.net/images/goods_img/20230309/3134728/3134728_17454793986947_500.jpg,False
2025-09,F,003008,슈트 팬츠/슬랙스,003,바지,18,1945314,musinsastandardwoman,무신사 스탠다드 우먼,우먼즈 라이트웨이트 하이 웨이스트 와이드 히든 밴딩 슬랙스 [블랙],https://image.msscdn.net/images/goods_img/20210511/1945314/1945314_17179889989779_500.jpg,False
2025-09,F,003008,슈트 팬츠/슬랙스,003,바지,19,1851966,musinsastandardwoman,무신사 스탠다드 우먼,우먼즈 와이드 히든 밴딩 슬랙스 [차콜 그레이],https://image.msscdn.net/images/goods_img/20210318/1851966/1851966_2_500.jpg,False
2025-09,F,003008,슈트 팬츠/슬랙스,003,바지,20,2708877,goodlifeworks,굿라이프웍스,투턱 와이드 슬랙스 블랙,https://image.msscdn.net/images/goods_img/20220810/2708877/2708877_17871103692858_500.jpg,False
2025-09,F,003008,슈트 팬츠/슬랙스,003,바지,21,5297436,generalideastandard,제너럴아이디어,벨티드 투턱 와이드 슬랙스 [BROWN] / WBE3L11501,https://image.msscdn.net/images/goods_img/20250806/5297436/5297436_17544703056339_500.jpg,False
2025-09,F,003008,슈트 팬츠/슬랙스,003,바지,22,3823268,musinsastandardwoman,무신사 스탠다드 우먼,[쿨탠다드] 우먼즈 원 턱 와이드 밴딩 슬랙스 [블랙],https://image.msscdn.net/images/goods_img/20240125/3823268/3823268_17116181933881_500.jpg,False
2025-09,F,003008,슈트 팬츠/슬랙스,003,바지,23,2568732,musinsastandard,무신사 스탠다드,젠더리스 와이드 밴딩 슬랙스 [블랙],https://image.msscdn.net/images/goods_img/20220518/2568732/2568732_1_500.jpg,False
2025-09,F,003008,슈트 팬츠/슬랙스,003,바지,24,2093493,musinsastandardwoman,무신사 스탠다드 우먼,우먼즈 리얼 와이드 벨티드 슬랙스 [미디엄 그레이],https://image.msscdn.net/images/goods_img/20210827/2093493/2093493_4_500.jpg,False
2025-09,F,003008,슈트 팬츠/슬랙스,003,바지,25,2093494,musinsastandardwoman,무신사 스탠다드 우먼,우먼즈 와이드 히든 밴딩 슬랙스 [미디엄 그레이],https://image.msscdn.net/images/goods_img/20210827/2093494/2093494_17851411192153_500.jpg,False
2025-09,F,003008,슈트 팬츠/슬랙스,003,바지,26,4719642,musinsastandardwoman,무신사 스탠다드 우먼,우먼즈 코튼 파라슈트 팬츠 [건메탈],https://image.msscdn.net/images/goods_img/20250114/4719642/4719642_17491075441653_500.jpg,False
2025-09,F,003008,슈트 팬츠/슬랙스,003,바지,27,4415392,one,오엔이,하이엔드울슬랙스_베이지,https://image.msscdn.net/images/goods_img/20240906/4415392/4415392_17567773365957_500.jpg,False
2025-09,F,003008,슈트 팬츠/슬랙스,003,바지,28,5290326,musinsastandardwoman,무신사 스탠다드 우먼,우먼즈 미니 스커트 슬랙스 [블랙],https://image.msscdn.net/images/goods_img/20250804/5290326/5290326_17550619548040_500.jpg,False
2025-09,F,003008,슈트 팬츠/슬랙스,003,바지,29,2551392,musinsastandardwoman,무신사 스탠다드 우먼,우먼즈 하이 웨이스트 와이드 히든 밴딩 슬랙스 [더스티 베이지],https://image.msscdn.net/images/goods_img/20220511/2551392/2551392_17851429480633_500.jpg,False
2025-09,F,003008,슈트 팬츠/슬랙스,003,바지,30,4644455,musinsastandardwoman,무신사 스탠다드 우먼,[쿨탠다드] 우먼즈 로 웨이스트 딥 턱 와이드 히든 밴딩 슬랙스 [블랙],https://image.msscdn.net/images/goods_img/20241202/4644455/4644455_17404643867115_500.jpg,False
2025-09,F,003009,숏 팬츠,003,바지,1,1926034,xero,제로,Deep One Tuck Sweat Shorts [Black],https://image.msscdn.net/images/goods_img/20210428/1926034/1926034_1_500.jpg,False
2025-09,F,003009,숏 팬츠,003,바지,2,1926048,xero,제로,Deep One Tuck Sweat Shorts [Grey],https://image.msscdn.net/images/goods_img/20210428/1926048/1926048_1_500.jpg,False
2025-09,F,003009,숏 팬츠,003,바지,3,2574822,brenson,브렌슨,(Renew Ver.) 원턱 와이드 반바지 ( 6Color ),https://image.msscdn.net/images/goods_img/20220523/2574822/2574822_17774456124536_500.jpg,False
2025-09,F,003009,숏 팬츠,003,바지,4,4655528,rife,러닝라이프,스포츠 반바지 쇼츠 프로 (2IN1),https://image.msscdn.net/images/goods_img/20241208/4655528/4655528_17848724072396_500.png,False
2025-09,F,003009,숏 팬츠,003,바지,5,5086823,yosemite,요세미티,핀턱 카펜터 버뮤다 스웨트 팬츠 블랙 YP-501,https://image.msscdn.net/images/goods_img/20250502/5086823/5086823_17461700029379_500.jpg,False
2025-09,F,003009,숏 팬츠,003,바지,6,5167870,adidas,아디다스,와플 숏 팬츠 - 다크브라운 / KB5464,https://image.msscdn.net/images/goods_img/20250605/5167870/5167870_17498074441271_500.jpg,False
2025-09,F,003009,숏 팬츠,003,바지,7,5086826,yosemite,요세미티,핀턱 카펜터 버뮤다 스웨트 팬츠 그레이 YP-501,https://image.msscdn.net/images/goods_img/20250502/5086826/5086826_17461700113382_500.jpg,False
2025-09,F,003009,숏 팬츠,003,바지,8,4076337,lemainsecond,리메인세컨드,버뮤다 와이드 원턱 스웨트 쇼츠_3COLOR,https://image.msscdn.net/images/goods_img/20240423/4076337/4076337_17645527519078_500.jpg,False
2025-09,F,003009,숏 팬츠,003,바지,9,5256111,rife,러닝라이프,스포츠 투인원 러닝 프로 쇼츠 플러스,https://image.msscdn.net/images/goods_img/20250718/5256111/5256111_17736471265189_500.png,False
2025-09,F,003009,숏 팬츠,003,바지,10,5060848,adidas,아디다스,3S 스프린터 숏 팬츠 - 블랙 / JD3119,https://image.msscdn.net/images/goods_img/20250424/5060848/5060848_17461753329560_500.jpg,False
2025-09,F,003009,숏 팬츠,003,바지,11,2971574,afresh,어프레쉬,[2PACK SET]에어스트레치 쇼츠 트레이닝 3COLOR,https://image.msscdn.net/images/goods_img/20221205/2971574/2971574_17851150878712_500.jpg,False
2025-09,F,003009,숏 팬츠,003,바지,12,5026019,scallywag,스켈리웩,사이드 빅 로고 버뮤다 스웨트 쇼츠[블랙],https://image.msscdn.net/images/goods_img/20250414/5026019/5026019_17839265880170_500.jpg,False
2025-09,F,003009,숏 팬츠,003,바지,13,5132747,etreausommet,에트오소메,Leather Patch Cargo Short Pants (Black),https://image.msscdn.net/images/goods_img/20250520/5132747/5132747_17477939117158_500.jpg,False
2025-09,F,003009,숏 팬츠,003,바지,14,4230825,nike,나이키,드라이 핏 원 미드라이즈 3인치 투인원 쇼츠 W - 블랙 / DX6013-010,https://image.msscdn.net/images/goods_img/20240703/4230825/4230825_17205059550207_500.jpg,False
2025-09,F,003009,숏 팬츠,003,바지,15,3231055,againstallodds,에이지오디,버뮤다 와이드 원턱 스웨트 쇼츠 [그레이],https://image.msscdn.net/images/goods_img/20230413/3231055/3231055_17108290911916_500.jpg,False
2025-09,F,003009,숏 팬츠,003,바지,16,3228764,dimitriblack,디미트리블랙,바이오워싱 카펜터 버뮤다 데님 팬츠_라이트블루,https://image.msscdn.net/images/goods_img/20230412/3228764/3228764_17769946291978_500.jpg,False
2025-09,F,003009,숏 팬츠,003,바지,17,4097271,dimitriblack,디미트리블랙,ASI 에센셜 버뮤다 스웻 팬츠_피그먼트 그레이,https://image.msscdn.net/images/goods_img/20240430/4097271/4097271_17167912046664_500.png,False
2025-09,F,003009,숏 팬츠,003,바지,18,3970383,adidas,아디다스,파이어버드 숏 팬츠 - 블랙:화이트 / IU2425,https://image.msscdn.net/images/goods_img/20240320/3970383/3970383_17110023028930_500.jpg,False
2025-09,F,003009,숏 팬츠,003,바지,19,5167869,adidas,아디다스,와플 숏 팬츠 - 네이비 / KB5463,https://image.msscdn.net/images/goods_img/20250605/5167869/5167869_17495318179433_500.jpg,False
2025-09,F,003009,숏 팬츠,003,바지,20,4639208,musinsastandardsp,무신사 스탠다드 스포츠,[쿨탠다드] 우먼즈 러닝 4인치 쇼츠 (블랙),https://image.msscdn.net/images/goods_img/20241127/4639208/4639208_17744208059330_500.jpg,False
2025-09,F,003009,숏 팬츠,003,바지,21,544003,grooverhyme,그루브라임,[2PACK] BASIC HALF PANTS (C100 30S트윌 풀밴딩 4부 쇼츠) (19COLOR) [LRAMCNH750P],https://image.msscdn.net/images/goods_img/20170424/544003/544003_17430626093637_500.jpg,False
2025-09,F,003009,숏 팬츠,003,바지,22,1519475,lazybee,레이지비,컴팩트 2in1 러닝 쇼츠 남녀 스포츠 반바지 레깅스 (헬스 워터 운동) 팬츠 M 3컬러,https://image.msscdn.net/images/goods_img/20200717/1519475/1519475_17730386715982_500.jpg,False
2025-09,F,003009,숏 팬츠,003,바지,23,4216280,nike,나이키,스포츠웨어 클래식 우븐 미드라이즈 쇼츠 W - 블랙:화이트 / FV7558-010,https://image.msscdn.net/images/goods_img/20240624/4216280/4216280_17199732785683_500.jpg,False
2025-09,F,003009,숏 팬츠,003,바지,24,5012749,dimitriblack,디미트리블랙,바이오워싱 카펜터 버뮤다 데님 팬츠_더스트 인디고,https://image.msscdn.net/images/goods_img/20250410/5012749/5012749_17739932409819_500.jpg,False
2025-09,F,003009,숏 팬츠,003,바지,25,3983406,urbanage1,어반에이지,버뮤다 와이드 카고 스웨트 숏 팬츠_그레이,https://image.msscdn.net/images/goods_img/20240322/3983406/3983406_17199971474909_500.jpg,False
2025-09,F,003009,숏 팬츠,003,바지,26,4099269,unionstudio,유니온스튜디오,원턱 버뮤다 스웨트 팬츠 ( 4Color ),https://image.msscdn.net/images/goods_img/20240501/4099269/4099269_17853070777243_500.jpg,False
2025-09,F,003009,숏 팬츠,003,바지,27,5234351,adidas,아디다스,3S 스프린터 숏 팬츠 - 나이트인디고 / KB9545,https://image.msscdn.net/images/goods_img/20250709/5234351/5234351_17520470269901_500.jpg,False
2025-09,F,003009,숏 팬츠,003,바지,28,2508821,afresh,어프레쉬,에어스트레치 쇼츠_블랙 트레이닝,https://image.msscdn.net/images/goods_img/20220422/2508821/2508821_17858059555654_500.jpg,False
2025-09,F,003009,숏 팬츠,003,바지,29,4981531,comieu,쏘비,카모 버뮤다 볼디 팬츠_2 Color,https://image.msscdn.net/images/goods_img/20250403/4981531/4981531_17436463003003_500.png,False
2025-09,F,003009,숏 팬츠,003,바지,30,4993479,signature,시그니처,썸머 코튼 D링 버뮤다 팬츠[블랙],https://image.msscdn.net/images/goods_img/20250407/4993479/4993479_17834966808179_500.jpg,False
2025-09,F,003005,레깅스,003,바지,1,5177971,xexymix,젝시믹스,[2PACK] V업 3D 플러스 레깅스 XP9156T,https://image.msscdn.net/images/goods_img/20250611/5177971/5177971_17719020821265_500.jpg,False
2025-09,F,003005,레깅스,003,바지,2,3572490,physicalgarments,피지컬가먼츠,P5016 우먼 라이트 부츠컷 레깅스 [블랙],https://image.msscdn.net/images/goods_img/20230919/3572490/3572490_16952716547042_500.jpg,False
2025-09,F,003005,레깅스,003,바지,3,5253069,xexymix,젝시믹스,[2PACK] 젤라 인텐션 바이커 쇼츠 5부 XWFSG01H2,https://image.msscdn.net/images/goods_img/20250717/5253069/5253069_17709515399841_500.jpg,False
2025-09,F,003005,레깅스,003,바지,4,5234928,xexymix,젝시믹스,젤라 인텐션 바이커 쇼츠 3부 블랙 XP9172F,https://image.msscdn.net/images/goods_img/20250709/5234928/5234928_17816733295961_500.jpg,False
2025-09,F,003005,레깅스,003,바지,5,5252982,xexymix,젝시믹스,[2PACK] 젤라 인텐션 부츠컷 팬츠 숏&롱 XWFLG02H3_XWFLG06J1,https://image.msscdn.net/images/goods_img/20250717/5252982/5252982_17695059663346_500.jpg,False
2025-09,F,003005,레깅스,003,바지,6,4941789,hadex,에이치덱스,우먼스 서포트 파이핑 부츠컷 레깅스 (Black),https://image.msscdn.net/images/goods_img/20250325/4941789/4941789_17725888825854_500.jpg,False
2025-09,F,003005,레깅스,003,바지,7,4501828,borntowin,본투윈,SYMBOL B PIPING BOOTS CUT LEGGINGS [BLACK],https://image.msscdn.net/images/goods_img/20241010/4501828/4501828_17766499249287_500.jpg,False
2025-09,F,003005,레깅스,003,바지,8,5374305,freedomathletic,프리덤,우먼스 올림피아 슬림 부츠컷 팬츠 (블랙),https://image.msscdn.net/images/goods_img/20250828/5374305/5374305_17567947662014_500.jpg,False
2025-09,F,003005,레깅스,003,바지,9,5236479,xexymix,젝시믹스,젤라 인텐션 부츠컷 팬츠 블랙 XWFLG02H3_XWFLG06J1,https://image.msscdn.net/images/goods_img/20250709/5236479/5236479_17695064111644_500.jpg,False
2025-09,F,003005,레깅스,003,바지,10,3750666,borntowin,본투윈,B LOGO 3.5 BIKER SHORTS [BLACK],https://image.msscdn.net/images/goods_img/20231208/3750666/3750666_17579026718469_500.jpg,False
2025-09,F,003005,레깅스,003,바지,11,5337143,hadex,에이치덱스,우먼스 서포트 파이핑 부츠컷 레깅스 (Navy),https://image.msscdn.net/images/goods_img/20250819/5337143/5337143_17564577436131_500.jpg,False
2025-09,F,003005,레깅스,003,바지,12,3940246,hadex,에이치덱스,우먼스 서포트 부츠컷 레깅스 (Black),https://image.msscdn.net/images/goods_img/20240311/3940246/3940246_17888258046932_500.jpg,False
2025-09,F,003005,레깅스,003,바지,13,3449637,xexymix,젝시믹스,블랙라벨 시그니처 360N 더블플러피 기모 레깅스 블랙,https://image.msscdn.net/images/goods_img/20230808/3449637/3449637_17026088164053_500.jpg,False
2025-09,F,003005,레깅스,003,바지,14,5256104,rife,러닝라이프,핸즈프리 러닝 스포츠 레깅스 4.5부,https://image.msscdn.net/images/goods_img/20250718/5256104/5256104_17841645597602_500.png,False
2025-09,F,003005,레깅스,003,바지,15,4216275,nike,나이키,프로 365 8인치 쇼츠 W - 블랙:화이트 / CZ9841-010,https://image.msscdn.net/images/goods_img/20240624/4216275/4216275_17199758081501_500.jpg,False
2025-09,F,003005,레깅스,003,바지,16,4251057,borntowin,본투윈,STROKE B BOOTS CUT LEGGINGS [BLACK],https://image.msscdn.net/images/goods_img/20240716/4251057/4251057_17591062774466_500.jpg,False
2025-09,F,003005,레깅스,003,바지,17,5132516,xexymix,젝시믹스,[2 PACK] 블랙라벨 시그니처 360N 레깅스 XP9157T,https://image.msscdn.net/images/goods_img/20250520/5132516/5132516_17719014666256_500.jpg,False
2025-09,F,003005,레깅스,003,바지,18,2579768,cielcoco,씨엘코코,CLWP3013 텐션 업 바이커 쇼츠 블랙,https://image.msscdn.net/images/goods_img/20220524/2579768/2579768_17554927910484_500.jpg,False
2025-09,F,003005,레깅스,003,바지,19,3379413,andar,안다르,[2 PACK] 에어쿨링 지니 시그니처 레깅스 (8.2부),https://image.msscdn.net/images/goods_img/20230623/3379413/3379413_17236154118022_500.jpg,False
2025-09,F,003005,레깅스,003,바지,20,5179511,andar,안다르,에어쿨링 포켓 3.5부 레깅스,https://image.msscdn.net/images/goods_img/20250612/5179511/5179511_17496990313313_500.jpg,False
2025-09,F,003005,레깅스,003,바지,21,4885556,malden,몰든,하이텐션 부츠컷 레깅스,https://image.msscdn.net/images/goods_img/20250312/4885556/4885556_17815177789848_500.jpg,False
2025-09,F,003005,레깅스,003,바지,22,5235349,xexymix,젝시믹스,젤라 인텐션 바이커 쇼츠 5부 블랙 XWFSG01H2,https://image.msscdn.net/images/goods_img/20250709/5235349/5235349_17778711416479_500.jpg,False
2025-09,F,003005,레깅스,003,바지,23,4958358,hadex,에이치덱스,우먼스 펌 서포트 부츠컷 레깅스 (Black),https://image.msscdn.net/images/goods_img/20250328/4958358/4958358_17567758755359_500.jpg,False
2025-09,F,003005,레깅스,003,바지,24,4044110,skullpig,스컬피그,[SWL24028-01] 익스트림 프로 3.5부 레깅스 젠틀블랙,https://image.msscdn.net/images/goods_img/20240411/4044110/4044110_17745098010809_500.jpg,False
2025-09,F,003005,레깅스,003,바지,25,2481313,skullpig,스컬피그,[SWL22006-01] 익스트림 프로 4.5부 레깅스 젠틀블랙,https://image.msscdn.net/images/goods_img/20220412/2481313/2481313_17745093646417_500.jpg,False
2025-09,F,003005,레깅스,003,바지,26,4977921,volante,볼란테,Woman OG Bootcut Leggings [Black],https://image.msscdn.net/images/goods_img/20250402/4977921/4977921_17448587128367_500.jpg,False
2025-09,F,003005,레깅스,003,바지,27,4904488,glowny,글로니,AIR FOLDING FLARE PANTS (4 Colors),https://image.msscdn.net/images/goods_img/20250317/4904488/4904488_17430670988295_500.jpg,False
2025-09,F,003005,레깅스,003,바지,28,4189920,physicalgarments,피지컬가먼츠,P5026_우먼 골지 부츠컷 레깅스 [2 COLOR],https://image.msscdn.net/images/goods_img/20240611/4189920/4189920_17186130785010_500.jpg,False
2025-09,F,003005,레깅스,003,바지,29,3414542,andar,안다르,[2 PACK] 에어쿨링 지니 시그니처 레깅스 (9부),https://image.msscdn.net/images/goods_img/20230719/3414542/3414542_17236153921524_500.jpg,False
2025-09,F,003005,레깅스,003,바지,30,5337144,hadex,에이치덱스,우먼스 서포트 파이핑 부츠컷 레깅스 (Charcoal),https://image.msscdn.net/images/goods_img/20250819/5337144/5337144_17564577397156_500.jpg,False
2025-09,F,003010,점프 슈트/오버올,003,바지,1,4328109,unknownplanet,언노운 플라넷,[여름원단추가]오버롤 미디엄 샌드 블루,https://image.msscdn.net/images/goods_img/20240814/4328109/4328109_17829642557299_500.jpg,False
2025-09,F,003010,점프 슈트/오버올,003,바지,2,5365896,somewherebutter,썸웨어버터,Vintage Combi Cotton Overall - Vintage Brown,https://image.msscdn.net/images/goods_img/20250826/5365896/5365896_17575788696460_500.jpg,False
2025-09,F,003010,점프 슈트/오버올,003,바지,3,5036023,somewherebutter,썸웨어버터,Combi Denim Overall - Middle Blue,https://image.msscdn.net/images/goods_img/20250416/5036023/5036023_17554794776577_500.jpg,False
2025-09,F,003010,점프 슈트/오버올,003,바지,4,4738335,somewherebutter,썸웨어버터,Combi Cotton Overall - Ivory,https://image.msscdn.net/images/goods_img/20250122/4738335/4738335_17401239823088_500.jpg,False
2025-09,F,003010,점프 슈트/오버올,003,바지,5,4890748,thebarnnet,더바넷,Farmers Cotton Overall_Khaki,https://image.msscdn.net/images/goods_img/20250312/4890748/4890748_17419280100501_500.jpg,False
2025-09,F,003010,점프 슈트/오버올,003,바지,6,3882593,dickies,디키즈,BIB 오버롤 데님팬츠 Indigo,https://image.msscdn.net/images/goods_img/20240220/3882593/3882593_17083946750395_500.jpg,False
2025-09,F,003010,점프 슈트/오버올,003,바지,7,4894153,thebarnnet,더바넷,Hickory Striped Denim Overall,https://image.msscdn.net/images/goods_img/20250313/4894153/4894153_17418664127518_500.jpg,False
2025-09,F,003010,점프 슈트/오버올,003,바지,8,3040868,nastyfancyclub,팬시클럽,[NF] 유쓰 데님 오버롤_F23QD844,https://image.msscdn.net/images/goods_img/20230126/3040868/3040868_17423452286743_500.jpg,False
2025-09,F,003010,점프 슈트/오버올,003,바지,9,5365895,somewherebutter,썸웨어버터,Vintage Combi Cotton Overall - Oat Beige,https://image.msscdn.net/images/goods_img/20250826/5365895/5365895_17575788592517_500.jpg,False
2025-09,F,003010,점프 슈트/오버올,003,바지,10,2775784,unknownplanet,언노운 플라넷,UP-305 오버롤 빈티지 데님 팬츠,https://image.msscdn.net/images/goods_img/20220907/2775784/2775784_17282857086683_500.jpg,False
2025-09,F,003010,점프 슈트/오버올,003,바지,11,4972257,piretti,피레티,마테라 점프수트 W_White,https://image.msscdn.net/images/goods_img/20250401/4972257/4972257_17670668454163_500.jpg,False
2025-09,F,003010,점프 슈트/오버올,003,바지,12,4300008,lee,리,유니 오버롤 팬츠 인디고 다크,https://image.msscdn.net/images/goods_img/20240806/4300008/4300008_17270796940952_500.jpg,False
2025-09,F,003010,점프 슈트/오버올,003,바지,13,3882592,dickies,디키즈,48799 점프수트 커버올 Dark Navy,https://image.msscdn.net/images/goods_img/20240220/3882592/3882592_17083946690660_500.jpg,False
2025-09,F,003010,점프 슈트/오버올,003,바지,14,4992208,dickies,디키즈,BIB 덕 캔버스 오버롤 팬츠 Black,https://image.msscdn.net/images/goods_img/20250407/4992208/4992208_17439910949493_500.jpg,False
2025-09,F,003010,점프 슈트/오버올,003,바지,15,4798034,lee,리,유니 오버롤 팬츠 인디고 미듐,https://image.msscdn.net/images/goods_img/20250218/4798034/4798034_17422614188036_500.jpg,False
2025-09,F,003010,점프 슈트/오버올,003,바지,16,5235193,levis,리바이스,빈티지 데님 오버롤_85315-0036,https://image.msscdn.net/images/goods_img/20250709/5235193/5235193_17520436275713_500.jpg,False
2025-09,F,003010,점프 슈트/오버올,003,바지,17,4729424,overdueflair,오버듀플레어,TAILORED PLEATS JUMPSUIT_WHITE,https://image.msscdn.net/images/goods_img/20250120/4729424/4729424_17388206360287_500.jpg,False
2025-09,F,003010,점프 슈트/오버올,003,바지,18,4760876,millowomen,밀로 우먼,더블니 크로스 오버롤 [블랙],https://image.msscdn.net/images/goods_img/20250205/4760876/4760876_17586792003409_500.jpg,False
2025-09,F,003010,점프 슈트/오버올,003,바지,19,5206672,thebarnnet,더바넷,Hickory Striped Denim Overall_White,https://image.msscdn.net/images/goods_img/20250625/5206672/5206672_17508338908974_500.jpg,False
2025-09,F,003010,점프 슈트/오버올,003,바지,20,3944428,ronron,론론,OVERALLS DENIM PANTS MEDIUM BLUE,https://image.msscdn.net/images/goods_img/20240312/3944428/3944428_17198865714805_500.jpg,False
2025-09,F,003010,점프 슈트/오버올,003,바지,21,3940871,dickies,디키즈,BIB 덕 캔버스 오버롤 팬츠 Brown,https://image.msscdn.net/images/goods_img/20240312/3940871/3940871_17102073745483_500.jpg,False
2025-09,F,003010,점프 슈트/오버올,003,바지,22,5020663,whoau,후아유,Cool Denim Overalls / WHTJF2452F,https://image.msscdn.net/images/goods_img/20250414/5020663/5020663_17761516939762_500.jpg,False
2025-09,F,003010,점프 슈트/오버올,003,바지,23,3882591,dickies,디키즈,48799 점프수트 커버올 Black,https://image.msscdn.net/images/goods_img/20240220/3882591/3882591_17083946635450_500.jpg,False
2025-09,F,003010,점프 슈트/오버올,003,바지,24,5071363,levis,리바이스,XL 오버롤_001V0-0005,https://image.msscdn.net/images/goods_img/20250428/5071363/5071363_17458179618157_500.jpg,False
2025-09,F,003010,점프 슈트/오버올,003,바지,25,3147330,saintcrew,세인트크루,워커앤빌더 퍼티그 오버롤 WNB-605 퍼플핑크,https://image.msscdn.net/images/goods_img/20230314/3147330/3147330_16787810705572_500.jpg,False
2025-09,F,003010,점프 슈트/오버올,003,바지,26,4817568,sinoon,시눈,Denim Overall (Blue),https://image.msscdn.net/images/goods_img/20250221/4817568/4817568_17413288767819_500.jpg,False
2025-09,F,003010,점프 슈트/오버올,003,바지,27,5328272,unknownplanet,언노운 플라넷,코듀로이 오버롤 브라운,https://image.msscdn.net/images/goods_img/20250818/5328272/5328272_17895336508089_500.jpg,False
2025-09,F,003010,점프 슈트/오버올,003,바지,28,3928305,avan,어반드레스,Painter Jumpsuit BLACK,https://image.msscdn.net/images/goods_img/20240306/3928305/3928305_17171286086255_500.jpg,False
2025-09,F,003010,점프 슈트/오버올,003,바지,29,5157383,cargobrosforwomen,카고브로스 포 우먼,워크 데님 오버롤 원피스 (블루),https://image.msscdn.net/images/goods_img/20250529/5157383/5157383_17830593858717_500.jpg,False
2025-09,F,003010,점프 슈트/오버올,003,바지,30,3940872,dickies,디키즈,BIB 오버롤 팬츠 Hickory Stripe,https://image.msscdn.net/images/goods_img/20240312/3940872/3940872_17102073802888_500.jpg,False
2025-09,F,003006,기타 하의,003,바지,1,4993373,aakam,아캄,Knee Pin-tuck Studded Cotton Pants (Khaki),https://image.msscdn.net/images/goods_img/20250407/4993373/4993373_17453045907117_500.jpg,False
2025-09,F,003006,기타 하의,003,바지,2,2978123,musinsastandardwoman,무신사 스탠다드 우먼,우먼즈 파라슈트 팬츠 [블랙],https://image.msscdn.net/images/goods_img/20221209/2978123/2978123_17677822252857_500.jpg,False
2025-09,F,003006,기타 하의,003,바지,3,4969760,aakam,아캄,Knee Pin-tuck Contrast Cargo Pants (Dark Gray),https://image.msscdn.net/images/goods_img/20250331/4969760/4969760_17436576295565_500.jpg,False
2025-09,F,003006,기타 하의,003,바지,4,4798024,aakam,아캄,Knee Pin-tuck Contrast Cargo Pants (Black),https://image.msscdn.net/images/goods_img/20250218/4798024/4798024_17400861432023_500.jpg,False
2025-09,F,003006,기타 하의,003,바지,5,2978126,musinsastandardwoman,무신사 스탠다드 우먼,우먼즈 파라슈트 팬츠 [건메탈],https://image.msscdn.net/images/goods_img/20221209/2978126/2978126_17677824398044_500.jpg,False
2025-09,F,003006,기타 하의,003,바지,6,4793993,xtonzwoman,루나키후,WXP040 슈팅 스타 스트라이프 벌룬 팬츠 (BLACK),https://image.msscdn.net/images/goods_img/20250217/4793993/4793993_17715625661504_500.jpg,False
2025-09,F,003006,기타 하의,003,바지,7,4993369,aakam,아캄,Knee Pin-tuck Studded Cotton Pants (Black),https://image.msscdn.net/images/goods_img/20250407/4993369/4993369_17453044502327_500.jpg,False
2025-09,F,003006,기타 하의,003,바지,8,3730368,musinsastandardwoman,무신사 스탠다드 우먼,우먼즈 브라이트 나일론 파라슈트 팬츠 [다크 그레이],https://image.msscdn.net/images/goods_img/20231123/3730368/3730368_17071165657261_500.jpg,False
2025-09,F,003006,기타 하의,003,바지,9,3758425,musinsastandardwoman,무신사 스탠다드 우먼,우먼즈 세미 부츠 컷 유틸리티 카고 팬츠 [다크 그레이],https://image.msscdn.net/images/goods_img/20231215/3758425/3758425_17267126895773_500.jpg,False
2025-09,F,003006,기타 하의,003,바지,10,3758422,musinsastandardwoman,무신사 스탠다드 우먼,우먼즈 세미 부츠 컷 유틸리티 카고 팬츠 [블랙],https://image.msscdn.net/images/goods_img/20231215/3758422/3758422_17086597985894_500.jpg,False
2025-09,F,003006,기타 하의,003,바지,11,3868565,misekiseoul,미세키서울,Pocket cargo bootscut pants BLACK,https://image.msscdn.net/images/goods_img/20240214/3868565/3868565_17816741879898_500.jpg,False
2025-09,F,003006,기타 하의,003,바지,12,4274065,lemainsecond,리메인세컨드,와이드 빅포켓 파라슈트 밴딩 카고 팬츠 [카키],https://image.msscdn.net/images/goods_img/20240725/4274065/4274065_17616963476707_500.jpg,False
2025-09,F,003006,기타 하의,003,바지,13,4790472,nike,나이키,ACG 스미스 서밋 카고 팬츠 W - 블랙:서밋 화이트 / FN1948-010,https://image.msscdn.net/images/goods_img/20250214/4790472/4790472_17397543553219_500.jpg,False
2025-09,F,003006,기타 하의,003,바지,14,5063526,andar,안다르,[2 PACK] 에어쿨링 맥시 와이드 레깅스,https://image.msscdn.net/images/goods_img/20250424/5063526/5063526_17454829689711_500.jpg,False
2025-09,F,003006,기타 하의,003,바지,15,2978124,musinsastandardwoman,무신사 스탠다드 우먼,우먼즈 파라슈트 팬츠 [라이트 베이지],https://image.msscdn.net/images/goods_img/20221209/2978124/2978124_17677827458327_500.jpg,False
2025-09,F,003006,기타 하의,003,바지,16,4535575,flareup,플레어업,Asymmetrical Drape Pants (FL-245_Black),https://image.msscdn.net/images/goods_img/20241018/4535575/4535575_17292406400458_500.jpg,False
2025-09,F,003006,기타 하의,003,바지,17,4304163,aakam,아캄,Knee Pin-tuck Camouflage Twill Pants (Black),https://image.msscdn.net/images/goods_img/20240807/4304163/4304163_17243269019342_500.jpg,False
2025-09,F,003006,기타 하의,003,바지,18,4762354,placestudio,플레이스 스튜디오,투 버클 플리츠 미디 스커트 레이어드 와이드 팬츠 _2COLOR,https://image.msscdn.net/images/goods_img/20250206/4762354/4762354_17706001325005_500.jpg,False
2025-09,F,003006,기타 하의,003,바지,19,3730366,musinsastandardwoman,무신사 스탠다드 우먼,우먼즈 브라이트 나일론 파라슈트 팬츠 [블랙],https://image.msscdn.net/images/goods_img/20231123/3730366/3730366_17191926539730_500.jpg,False
2025-09,F,003006,기타 하의,003,바지,20,3757218,musinsastandardwoman,무신사 스탠다드 우먼,우먼즈 파라슈트 팬츠 [화이트],https://image.msscdn.net/images/goods_img/20231215/3757218/3757218_17677825560297_500.jpg,False
2025-09,F,003006,기타 하의,003,바지,21,4728654,filluminate,필루미네이트,밀리터리 카고 팬츠-블랙,https://image.msscdn.net/images/goods_img/20250119/4728654/4728654_17425206583875_500.jpg,False
2025-09,F,003006,기타 하의,003,바지,22,4274062,lemainsecond,리메인세컨드,와이드 빅포켓 파라슈트 밴딩 카고 팬츠 [블랙],https://image.msscdn.net/images/goods_img/20240725/4274062/4274062_17557348882367_500.jpg,False
2025-09,F,003006,기타 하의,003,바지,23,4760154,misekiseoul,미세키서울,Draped shirt skirt pants SET BLACK,https://image.msscdn.net/images/goods_img/20250205/4760154/4760154_17690674945841_500.jpg,False
2025-09,F,003006,기타 하의,003,바지,24,4731168,curetty,큐리티,C LAYERED SKIRT PANTS_BLACK,https://image.msscdn.net/images/goods_img/20250120/4731168/4731168_17864260238822_500.jpg,False
2025-09,F,003006,기타 하의,003,바지,25,4332771,tuomio,뚜오미오,STRAPPY SKIRT PANTS [BLACK],https://image.msscdn.net/images/goods_img/20240814/4332771/4332771_17876194381027_500.jpg,False
2025-09,F,003006,기타 하의,003,바지,26,2701466,niceghostclub,나이스고스트클럽,LOGO SWEAT LAYERED PANTS_BLACK(NG2DFUPA91A),https://image.msscdn.net/images/goods_img/20220805/2701466/2701466_17683538441423_500.jpg,False
2025-09,F,003006,기타 하의,003,바지,27,4544730,heleneparis,헬레네파리스,레이어드 스커트 부츠컷 팬츠 [블랙],https://image.msscdn.net/images/goods_img/20241022/4544730/4544730_17296433446787_500.jpg,False
2025-09,F,003006,기타 하의,003,바지,28,4719626,musinsastandardwoman,무신사 스탠다드 우먼,우먼즈 CN 멀티 포켓 와이드 카고 팬츠 [블랙],https://image.msscdn.net/images/goods_img/20250114/4719626/4719626_17440882702391_500.jpg,False
2025-09,F,003006,기타 하의,003,바지,29,2978125,musinsastandardwoman,무신사 스탠다드 우먼,우먼즈 파라슈트 팬츠 [크림],https://image.msscdn.net/images/goods_img/20221209/2978125/2978125_17677825005460_500.jpg,False
2025-09,F,003006,기타 하의,003,바지,30,5313982,setupexe,셋업이엑스이,CROSS MULTI CARGO PANTS / BLACK,https://image.msscdn.net/images/goods_img/20250812/5313982/5313982_17569679125103_500.jpg,False
2025-09,F,100,원피스/스커트,,,1,4326509,musinsastandardwoman,무신사 스탠다드 우먼,우먼즈 레이어드 미니 스코츠 [블랙],https://image.msscdn.net/images/goods_img/20240813/4326509/4326509_17536889295210_500.jpg,False
2025-09,F,100,원피스/스커트,,,2,2792603,musinsastandardwoman,무신사 스탠다드 우먼,우먼즈 맥시 스커트 [블랙],https://image.msscdn.net/images/goods_img/20220915/2792603/2792603_17536886431375_500.jpg,False
2025-09,F,100,원피스/스커트,,,3,5292443,musinsastandardwoman,무신사 스탠다드 우먼,우먼즈 플리츠 니 렝스 스커트 [그레이],https://image.msscdn.net/images/goods_img/20250805/5292443/5292443_17569697231651_500.jpg,False
2025-09,F,100,원피스/스커트,,,4,2978105,musinsastandardwoman,무신사 스탠다드 우먼,우먼즈 카고 맥시 스커트 [블랙],https://image.msscdn.net/images/goods_img/20221209/2978105/2978105_17374230845113_500.jpg,False
2025-09,F,100,원피스/스커트,,,5,4350936,misekiseoul,미세키서울,Unbalanced layered skirt BLACK,https://image.msscdn.net/images/goods_img/20240821/4350936/4350936_17816746257467_500.png,False
2025-09,F,100,원피스/스커트,,,6,2792604,musinsastandardwoman,무신사 스탠다드 우먼,우먼즈 맥시 스커트 [미디엄 그레이],https://image.msscdn.net/images/goods_img/20220915/2792604/2792604_16728975851407_500.jpg,False
2025-09,F,100,원피스/스커트,,,7,4326511,musinsastandardwoman,무신사 스탠다드 우먼,우먼즈 레이어드 미니 스코츠 [미디엄 그레이],https://image.msscdn.net/images/goods_img/20240813/4326511/4326511_17295662280683_500.jpg,False
2025-09,F,100,원피스/스커트,,,8,5311368,khakipoint,카키포인트,Cancan Skirt Pants (beige),https://image.msscdn.net/images/goods_img/20250812/5311368/5311368_17574805399911_500.jpg,False
2025-09,F,100,원피스/스커트,,,9,3758437,musinsastandardwoman,무신사 스탠다드 우먼,우먼즈 CP 맥시 스커트 [블랙],https://image.msscdn.net/images/goods_img/20231215/3758437/3758437_17677813885414_500.jpg,False
2025-09,F,100,원피스/스커트,,,10,5292442,musinsastandardwoman,무신사 스탠다드 우먼,우먼즈 플리츠 니 렝스 스커트 [블랙],https://image.msscdn.net/images/goods_img/20250805/5292442/5292442_17549805255560_500.jpg,False
2025-09,F,100,원피스/스커트,,,11,2117253,musinsastandardwoman,무신사 스탠다드 우먼,우먼즈 플리츠 미디 스커트 [블랙],https://image.msscdn.net/images/goods_img/20210908/2117253/2117253_17467823245909_500.jpg,False
2025-09,F,100,원피스/스커트,,,12,5311367,khakipoint,카키포인트,Cancan Skirt Pants (black),https://image.msscdn.net/images/goods_img/20250812/5311367/5311367_17574805612546_500.jpg,False
2025-09,F,100,원피스/스커트,,,13,2117254,musinsastandardwoman,무신사 스탠다드 우먼,우먼즈 플리츠 미디 스커트 [차콜 그레이],https://image.msscdn.net/images/goods_img/20210908/2117254/2117254_17467755871427_500.jpg,False
2025-09,F,100,원피스/스커트,,,14,4593352,placestudio,플레이스 스튜디오,슬림핏 베이직 윈터 티어드 밴딩 롱 캉캉스커트 [화이트],https://image.msscdn.net/images/goods_img/20241106/4593352/4593352_17308779637311_500.jpg,False
2025-09,F,100,원피스/스커트,,,15,5354304,aeae,에이이에이이,CHECK MIDI TIERED SKIRT [BROWN],https://image.msscdn.net/images/goods_img/20250822/5354304/5354304_17570625766871_500.jpg,False
2025-09,F,100,원피스/스커트,,,16,2448899,musinsastandardwoman,무신사 스탠다드 우먼,우먼즈 프론트 슬릿 데님 롱 스커트 [워시드 블랙],https://image.msscdn.net/images/goods_img/20220328/2448899/2448899_17661127529056_500.jpg,False
2025-09,F,100,원피스/스커트,,,17,4298327,musinsastandardwoman,무신사 스탠다드 우먼,우먼즈 로 라이즈 플리츠 미니 스코츠 [블랙],https://image.msscdn.net/images/goods_img/20240806/4298327/4298327_17467829987386_500.jpg,False
2025-09,F,100,원피스/스커트,,,18,5342890,adidas,아디다스,3-스트라이프 데님 롱 스커트 - 차콜블랙 / JW2659,https://image.msscdn.net/images/goods_img/20250820/5342890/5342890_17557583233095_500.jpg,False
2025-09,F,100,원피스/스커트,,,19,5351690,musinsastandardwoman,무신사 스탠다드 우먼,우먼즈 버클 플리츠 니 렝스 스커트 [블랙],https://image.msscdn.net/images/goods_img/20250821/5351690/5351690_17569696588194_500.jpg,False
2025-09,F,100,원피스/스커트,,,20,3758435,musinsastandardwoman,무신사 스탠다드 우먼,우먼즈 CP 맥시 스커트 [화이트],https://image.msscdn.net/images/goods_img/20231215/3758435/3758435_17259588422783_500.jpg,False
2025-09,F,100,원피스/스커트,,,21,5292444,musinsastandardwoman,무신사 스탠다드 우먼,우먼즈 플레어 미니 드레스 [블랙],https://image.msscdn.net/images/goods_img/20250805/5292444/5292444_17568842441359_500.jpg,False
2025-09,F,100,원피스/스커트,,,22,5333455,sunburnproject,썬번프로젝트,"Lace Layered Midi Skirt, BLACK",https://image.msscdn.net/images/goods_img/20250818/5333455/5333455_17567085812658_500.jpg,False
2025-09,F,100,원피스/스커트,,,23,5151511,musinsastandardwoman,무신사 스탠다드 우먼,우먼즈 맥시 스커트 [다크 브라운],https://image.msscdn.net/images/goods_img/20250528/5151511/5151511_17556698343636_500.jpg,False
2025-09,F,100,원피스/스커트,,,24,5290316,musinsastandardwoman,무신사 스탠다드 우먼,우먼즈 신세틱 스웨이드 미니 스커트 [브라운],https://image.msscdn.net/images/goods_img/20250804/5290316/5290316_17876231820240_500.jpg,False
2025-09,F,100,원피스/스커트,,,25,2117249,musinsastandardwoman,무신사 스탠다드 우먼,우먼즈 베이식 미니 스커트 [블랙],https://image.msscdn.net/images/goods_img/20210908/2117249/2117249_17625018594051_500.jpg,False
2025-09,F,100,원피스/스커트,,,26,5329988,placestudio,플레이스 스튜디오,더블 버튼 체크 미디 레이어드 랩 플리츠 스커트[체크],https://image.msscdn.net/images/goods_img/20250818/5329988/5329988_17563618163909_500.jpg,False
2025-09,F,100,원피스/스커트,,,27,4170370,ronron,론론,CANCAN RUFFLE PANTSKIRT BLACK,https://image.msscdn.net/images/goods_img/20240531/4170370/4170370_17175556541226_500.jpg,False
2025-09,F,100,원피스/스커트,,,28,5311358,khakipoint,카키포인트,Atelier Tweed Skirt (ivory),https://image.msscdn.net/images/goods_img/20250812/5311358/5311358_17574875762416_500.jpg,False
2025-09,F,100,원피스/스커트,,,29,4813453,misekiseoul,미세키서울,Shirring ruffle midi skirt BLACK,https://image.msscdn.net/images/goods_img/20250220/4813453/4813453_17835667240022_500.png,False
2025-09,F,100,원피스/스커트,,,30,3757210,musinsastandardwoman,무신사 스탠다드 우먼,우먼즈 카고 맥시 스커트 [건메탈],https://image.msscdn.net/images/goods_img/20231215/3757210/3757210_17452274208695_500.jpg,False
2025-09,F,100001,미니원피스,100,원피스/스커트,1,5292444,musinsastandardwoman,무신사 스탠다드 우먼,우먼즈 플레어 미니 드레스 [블랙],https://image.msscdn.net/images/goods_img/20250805/5292444/5292444_17568842441359_500.jpg,False
2025-09,F,100001,미니원피스,100,원피스/스커트,2,5290325,musinsastandardwoman,무신사 스탠다드 우먼,우먼즈 플리츠 미니 드레스 [그레이],https://image.msscdn.net/images/goods_img/20250804/5290325/5290325_17550618050328_500.jpg,False
2025-09,F,100001,미니원피스,100,원피스/스커트,3,5311176,illigo,일리고,프레피 리본 플리츠 원피스 차콜,https://image.msscdn.net/images/goods_img/20250811/5311176/5311176_17709530772004_500.jpg,False
2025-09,F,100001,미니원피스,100,원피스/스커트,4,5290322,musinsastandardwoman,무신사 스탠다드 우먼,우먼즈 플리츠 미니 드레스 [블랙],https://image.msscdn.net/images/goods_img/20250804/5290322/5290322_17550527411263_500.jpg,False
2025-09,F,100001,미니원피스,100,원피스/스커트,5,5304410,partimentowomen,파르티멘토 우먼,콘트라스트 버튼업 레이어드 드레스 탑_오프 화이트,https://image.msscdn.net/images/goods_img/20250808/5304410/5304410_17574135154859_500.jpg,False
2025-09,F,100001,미니원피스,100,원피스/스커트,6,2392489,musinsastandardwoman,무신사 스탠다드 우먼,우먼즈 슬릿 넥 폴로 원피스 [블랙],https://image.msscdn.net/images/goods_img/20220302/2392489/2392489_17046911936990_500.jpg,False
2025-09,F,100001,미니원피스,100,원피스/스커트,7,5253864,painorpleasure,페인오어플레져,BIANCA DRESS deep navy,https://image.msscdn.net/images/goods_img/20250717/5253864/5253864_17546432318612_500.jpg,False
2025-09,F,100001,미니원피스,100,원피스/스커트,8,5270345,someplace,썸플레이스,러플 레이어드 단가라 프릴 롱 슬리브리스 후드 티셔츠 [블루],https://image.msscdn.net/images/goods_img/20250724/5270345/5270345_17683536670043_500.jpg,False
2025-09,F,100001,미니원피스,100,원피스/스커트,9,4624162,musinsastandardwoman,무신사 스탠다드 우먼,우먼즈 코튼 티어드 미니 드레스 [블랙],https://image.msscdn.net/images/goods_img/20241119/4624162/4624162_17447824324330_500.jpg,False
2025-09,F,100001,미니원피스,100,원피스/스커트,10,5320054,painorpleasure,페인오어플레져,LIORA JACKET DRESS black,https://image.msscdn.net/images/goods_img/20250813/5320054/5320054_17567791054474_500.jpg,False
2025-09,F,100001,미니원피스,100,원피스/스커트,11,2714524,avan,어반드레스,Punching Knit Dress BLACK,https://image.msscdn.net/images/goods_img/20220812/2714524/2714524_17207610263763_500.jpg,False
2025-09,F,100001,미니원피스,100,원피스/스커트,12,4997115,flareup,플레어업,Hooded High Neck Dress (FL-155_Charcoal),https://image.msscdn.net/images/goods_img/20250407/4997115/4997115_17440798362390_500.jpg,False
2025-09,F,100001,미니원피스,100,원피스/스커트,13,5082822,badblood,배드블러드,[AQUA] 빈티지 클럽 폴로 미니 드레스 - 체크블랙,https://image.msscdn.net/images/goods_img/20250430/5082822/5082822_17461678897643_500.jpg,False
2025-09,F,100001,미니원피스,100,원피스/스커트,14,4651612,musinsastandardwoman,무신사 스탠다드 우먼,우먼즈 오버사이즈 럭비 드레스 [네이비],https://image.msscdn.net/images/goods_img/20241205/4651612/4651612_17524697901711_500.jpg,False
2025-09,F,100001,미니원피스,100,원피스/스커트,15,5290323,musinsastandardwoman,무신사 스탠다드 우먼,우먼즈 플리츠 미니 드레스 [멜란지 그레이],https://image.msscdn.net/images/goods_img/20250804/5290323/5290323_17550618229169_500.jpg,False
2025-09,F,100001,미니원피스,100,원피스/스커트,16,5361249,placestudio,플레이스 스튜디오,뒷판 홀트임 롱슬리브리스 미니 랩스커트 원피스_2COLOR,https://image.msscdn.net/images/goods_img/20250825/5361249/5361249_17575560212430_500.jpg,False
2025-09,F,100001,미니원피스,100,원피스/스커트,17,5311173,illigo,일리고,플레어 아일렛 오프숄더 원피스 블랙,https://image.msscdn.net/images/goods_img/20250811/5311173/5311173_17560878448927_500.jpg,False
2025-09,F,100001,미니원피스,100,원피스/스커트,18,5052044,reisemiya,레이즈미야,페어리 샤샤 미니 드레스 [WHITE],https://image.msscdn.net/images/goods_img/20250422/5052044/5052044_17858951541795_500.jpg,False
2025-09,F,100001,미니원피스,100,원피스/스커트,19,5398834,hyfve,하이파이브,시스루 골드 자수 프릴 원피스 & 스웨이드 벨트,https://image.msscdn.net/images/goods_img/20250903/5398834/5398834_17568892595091_500.jpg,False
2025-09,F,100001,미니원피스,100,원피스/스커트,20,4428534,mausoleum,마우솔레움,젠 라운드 넥 플리티드 수트 자켓 드레스-블랙,https://image.msscdn.net/images/goods_img/20240910/4428534/4428534_17581576536722_500.jpg,False
2025-09,F,100001,미니원피스,100,원피스/스커트,21,5319968,painorpleasure,페인오어플레져,LIORA JACKET DRESS charcoal,https://image.msscdn.net/images/goods_img/20250813/5319968/5319968_17567790891525_500.jpg,False
2025-09,F,100001,미니원피스,100,원피스/스커트,22,5270443,someplace,썸플레이스,러플 레이어드 단가라 프릴 롱 슬리브리스 후드 티셔츠 [차콜],https://image.msscdn.net/images/goods_img/20250724/5270443/5270443_17569731836292_500.jpg,False
2025-09,F,100001,미니원피스,100,원피스/스커트,23,4775493,loulouseoul,루루서울,Urban Dream Mini Dress (Brown),https://image.msscdn.net/images/goods_img/20250211/4775493/4775493_17647352997773_500.jpg,False
2025-09,F,100001,미니원피스,100,원피스/스커트,24,4428543,mausoleum,마우솔레움,젠 플리티드 수트 자켓 드레스 - 블랙,https://image.msscdn.net/images/goods_img/20240910/4428543/4428543_17581579349799_500.jpg,False
2025-09,F,100001,미니원피스,100,원피스/스커트,25,4428537,mausoleum,마우솔레움,젠 플리티드 수트 자켓 드레스-그레이,https://image.msscdn.net/images/goods_img/20240910/4428537/4428537_17581578386868_500.jpg,False
2025-09,F,100001,미니원피스,100,원피스/스커트,26,4768307,musinsastandardwoman,무신사 스탠다드 우먼,우먼즈 리브드 와이 넥 긴소매 미니 드레스 [블랙],https://image.msscdn.net/images/goods_img/20250207/4768307/4768307_17459783866381_500.jpg,False
2025-09,F,100001,미니원피스,100,원피스/스커트,27,5186977,flareup,플레어업,Asymmetrical Draped Strap Roll-Up Dress (FL-171_Black),https://image.msscdn.net/images/goods_img/20250616/5186977/5186977_17515164755988_500.jpg,False
2025-09,F,100001,미니원피스,100,원피스/스커트,28,4760164,misekiseoul,미세키서울,Pleats one piece BLACK,https://image.msscdn.net/images/goods_img/20250205/4760164/4760164_17395178005842_500.jpg,False
2025-09,F,100001,미니원피스,100,원피스/스커트,29,4807210,tuomio,뚜오미오,CHECK MINI HOODED DRESS [BLACK],https://image.msscdn.net/images/goods_img/20250219/4807210/4807210_17512424871669_500.jpg,False
2025-09,F,100001,미니원피스,100,원피스/스커트,30,3971357,mausoleum,마우솔레움,젠 하프슬리브 수트 자켓 드레스 - 그레이,https://image.msscdn.net/images/goods_img/20240320/3971357/3971357_17821924118140_500.jpg,False
2025-09,F,100002,미디원피스,100,원피스/스커트,1,5065864,zerostreet,제로스트릿,[긴팔ver.][3컬러] 소프트 셔츠 원피스,https://image.msscdn.net/images/goods_img/20250425/5065864/5065864_17876439513226_500.jpg,False
2025-09,F,100002,미디원피스,100,원피스/스커트,2,3199619,jacquemus,자크뮈스,라 로브 바리 원피스 - 블랙 / 221DR0161333990,https://image.msscdn.net/images/goods_img/20230331/3199619/3199619_16871637386694_500.jpg,False
2025-09,F,100002,미디원피스,100,원피스/스커트,3,4312916,poloralphlauren,폴로 랄프 로렌,W 스트라이프 코튼 저지 럭비 드레스-그린,https://image.msscdn.net/images/goods_img/20240809/4312916/4312916_17253546597863_500.jpg,False
2025-09,F,100002,미디원피스,100,원피스/스커트,4,5409385,glowny,글로니,DUNE TWOTONE DRESS (GRAY),https://image.msscdn.net/images/goods_img/20250905/5409385/5409385_17574822439023_500.jpg,False
2025-09,F,100002,미디원피스,100,원피스/스커트,5,5409662,glowny,글로니,DUNE TWOTONE DRESS (BROWN),https://image.msscdn.net/images/goods_img/20250905/5409662/5409662_17574821104311_500.jpg,False
2025-09,F,100002,미디원피스,100,원피스/스커트,6,5333381,sunburnproject,썬번프로젝트,"Lace Pleats Midi One-piece, IVORY",https://image.msscdn.net/images/goods_img/20250818/5333381/5333381_17561141565593_500.jpg,False
2025-09,F,100002,미디원피스,100,원피스/스커트,7,5065808,zerostreet,제로스트릿,[반팔&긴팔ver.] 레인 셔츠 원피스 / 블루,https://image.msscdn.net/images/goods_img/20250425/5065808/5065808_17878891584308_500.jpg,False
2025-09,F,100002,미디원피스,100,원피스/스커트,8,5271664,adidas,아디다스,벌룬 드레스 - 블랙 / KC8798,https://image.msscdn.net/images/goods_img/20250724/5271664/5271664_17533650889996_500.jpg,False
2025-09,F,100002,미디원피스,100,원피스/스커트,9,4860275,lee,리,우먼 오버핏 셔츠 미디 원피스 네이비,https://image.msscdn.net/images/goods_img/20250305/4860275/4860275_17429761439830_500.jpg,False
2025-09,F,100002,미디원피스,100,원피스/스커트,10,4760145,misekiseoul,미세키서울,Unbalanced layered one piece CHARCOAL,https://image.msscdn.net/images/goods_img/20250205/4760145/4760145_17690673781796_500.jpg,False
2025-09,F,100002,미디원피스,100,원피스/스커트,11,5333373,sunburnproject,썬번프로젝트,"Lace Pleats Midi One-piece, BLACK",https://image.msscdn.net/images/goods_img/20250818/5333373/5333373_17561140463939_500.jpg,False
2025-09,F,100002,미디원피스,100,원피스/스커트,12,3937667,partimentowomen,파르티멘토 우먼,쉬어 언발란스 레이어드 드레스_에크루,https://image.msscdn.net/images/goods_img/20240311/3937667/3937667_17109201409360_500.jpg,False
2025-09,F,100002,미디원피스,100,원피스/스커트,13,4784515,snowpeakapparel,스노우피크 어패럴,워크 오버롤 원피스 (S25SWFOP11) Light Khaki,https://image.msscdn.net/images/goods_img/20250213/4784515/4784515_17406385888300_500.jpg,False
2025-09,F,100002,미디원피스,100,원피스/스커트,14,4760142,misekiseoul,미세키서울,Unbalanced layered one piece BLACK,https://image.msscdn.net/images/goods_img/20250205/4760142/4760142_17690674010391_500.jpg,False
2025-09,F,100002,미디원피스,100,원피스/스커트,15,4899480,mindbridgewomen,마인드브릿지 우먼,[W]벨티드 셔츠형 원피스 - 2color,https://image.msscdn.net/images/goods_img/20250314/4899480/4899480_17461529585993_500.jpg,False
2025-09,F,100002,미디원피스,100,원피스/스커트,16,5029542,soup,숲,리넨 라이크 원피스 셔츠 세트(SB5TXF3),https://image.msscdn.net/images/goods_img/20250415/5029542/5029542_17502204928463_500.jpg,False
2025-09,F,100002,미디원피스,100,원피스/스커트,17,4804688,nordisk,노르디스크,버튼 카라 원피스 - W_Black,https://image.msscdn.net/images/goods_img/20250219/4804688/4804688_17399403069574_500.jpg,False
2025-09,F,100002,미디원피스,100,원피스/스커트,18,5299735,nocontent,노컨텐츠,251. 체크 밴딩 슬리브리스 원피스 _ 카키,https://image.msscdn.net/images/goods_img/20250807/5299735/5299735_17558358350443_500.jpg,False
2025-09,F,100002,미디원피스,100,원피스/스커트,19,4784516,snowpeakapparel,스노우피크 어패럴,워크 오버롤 원피스 (S25SWFOP11) Fog Gray,https://image.msscdn.net/images/goods_img/20250213/4784516/4784516_17406385751958_500.jpg,False
2025-09,F,100002,미디원피스,100,원피스/스커트,20,5442102,covernatwoman,커버낫 우먼,우먼 코듀로이 서스펜더 원피스 Brown,https://image.msscdn.net/images/goods_img/20250911/5442102/5442102_17615487802568_500.jpg,False
2025-09,F,100002,미디원피스,100,원피스/스커트,21,5327273,lee,리,코듀로이 오버롤 원피스 네이비,https://image.msscdn.net/images/goods_img/20250814/5327273/5327273_17884230670859_500.jpg,False
2025-09,F,100002,미디원피스,100,원피스/스커트,22,5319787,painorpleasure,페인오어플레져,HEAVEN DRESS grey,https://image.msscdn.net/images/goods_img/20250813/5319787/5319787_17567790614873_500.jpg,False
2025-09,F,100002,미디원피스,100,원피스/스커트,23,4918311,nationalgeographic,내셔널지오그래픽,N252WOP880 여성 프로즌큐브 라운드넥 원피스 CARBON BLACK,https://image.msscdn.net/images/goods_img/20250319/4918311/4918311_17423724199586_500.jpg,False
2025-09,F,100002,미디원피스,100,원피스/스커트,24,5214360,mixxo,미쏘,나시 플레어 롱 원피스_MIWOWF704G,https://image.msscdn.net/images/goods_img/20250630/5214360/5214360_17515282288498_500.jpeg,False
2025-09,F,100002,미디원피스,100,원피스/스커트,25,5493599,snowpeakapparel,스노우피크 어패럴,코듀로이 여성 오버롤 원피스 (S25WWFOP73) Dark Charcoal,https://image.msscdn.net/images/goods_img/20250919/5493599/5493599_17905720881954_500.jpg,False
2025-09,F,100002,미디원피스,100,원피스/스커트,26,4379449,romanticcrown,로맨틱크라운,그라데이션 니트 드레스_그레이,https://image.msscdn.net/images/goods_img/20240828/4379449/4379449_17412411619922_500.jpg,False
2025-09,F,100002,미디원피스,100,원피스/스커트,27,1920867,musinsastandardwoman,무신사 스탠다드 우먼,우먼즈 크루 넥 롱 티셔츠 드레스 [블랙],https://image.msscdn.net/images/goods_img/20210426/1920867/1920867_2_500.jpg,False
2025-09,F,100002,미디원피스,100,원피스/스커트,28,4784517,snowpeakapparel,스노우피크 어패럴,워크 오버롤 원피스 (S25SWFOP11) Charcoal,https://image.msscdn.net/images/goods_img/20250213/4784517/4784517_17394089703467_500.jpg,False
2025-09,F,100002,미디원피스,100,원피스/스커트,29,5292710,lememe,르메메,Petit Robe Black,https://image.msscdn.net/images/goods_img/20250805/5292710/5292710_17558482641542_500.jpg,False
2025-09,F,100002,미디원피스,100,원피스/스커트,30,4179517,tuomio,뚜오미오,MULTI LAYER MESH DRESS [WHITE],https://image.msscdn.net/images/goods_img/20240605/4179517/4179517_17175710536246_500.jpg,False
2025-09,F,100003,맥시원피스,100,원피스/스커트,1,4923114,dunstforwomen,던스트,MAXI SHIRRING DRESS_UDDR5B228_IVORY,https://image.msscdn.net/images/goods_img/20250320/4923114/4923114_17494307904931_500.jpg,False
2025-09,F,100003,맥시원피스,100,원피스/스커트,2,4761817,anggae,앙개,Llama Blend Long Dress  Brown,https://image.msscdn.net/images/goods_img/20250205/4761817/4761817_17387528464146_500.jpg,False
2025-09,F,100003,맥시원피스,100,원피스/스커트,3,3863287,musinsastandardwoman,무신사 스탠다드 우먼,우먼즈 소프트 저지 롱 드레스 [블랙],https://image.msscdn.net/images/goods_img/20240213/3863287/3863287_17191908545674_500.jpg,False
2025-09,F,100003,맥시원피스,100,원피스/스커트,4,4025617,citybreeze,시티브리즈,나일론 스트랩 리본 롱 원피스_3COLORS,https://image.msscdn.net/images/goods_img/20240404/4025617/4025617_17815884385767_500.jpg,False
2025-09,F,100003,맥시원피스,100,원피스/스커트,5,4260172,lemaire,르메르,스트레이트 카라 트위스티드 원피스 - 라이트 크림 / DR1092LF839WH048,https://image.msscdn.net/images/goods_img/20240719/4260172/4260172_17231651297893_500.jpg,False
2025-09,F,100003,맥시원피스,100,원피스/스커트,6,5329523,avan,어반드레스,Diagonal Line Sleeveless Dress CHARCOAL,https://image.msscdn.net/images/goods_img/20250818/5329523/5329523_17558358190458_500.jpg,False
2025-09,F,100003,맥시원피스,100,원피스/스커트,7,4354741,lemaire,르메르,스트레이트 카라 트위스티드 원피스 - 캐비어 / DR1092LF839BK997,https://image.msscdn.net/images/goods_img/20240821/4354741/4354741_17254311407300_500.jpg,False
2025-09,F,100003,맥시원피스,100,원피스/스커트,8,4664456,musinsastandardwoman,무신사 스탠다드 우먼,우먼즈 패널드 데님 맥시 드레스 [미디엄 인디고],https://image.msscdn.net/images/goods_img/20241213/4664456/4664456_17429739920894_500.jpg,False
2025-09,F,100003,맥시원피스,100,원피스/스커트,9,5453196,lalafox,라라폭스,CHECK LONG DRESS NAVY 드레스 BR4WO001,https://image.msscdn.net/images/goods_img/20250912/5453196/5453196_17576694093621_500.jpg,False
2025-09,F,100003,맥시원피스,100,원피스/스커트,10,5117385,adidas,아디다스,아디컬러 3S 탱크 맥시 드레스 JD4619,https://image.msscdn.net/images/goods_img/20250515/5117385/5117385_17473078732916_500.jpg,False
2025-09,F,100003,맥시원피스,100,원피스/스커트,11,4651400,musinsastandardwoman,무신사 스탠다드 우먼,우먼즈 소프트 저지 플레어 롱 드레스 [블랙],https://image.msscdn.net/images/goods_img/20241205/4651400/4651400_17398634001368_500.jpg,False
2025-09,F,100003,맥시원피스,100,원피스/스커트,12,4664049,musinsastandardwoman,무신사 스탠다드 우먼,우먼즈 나일론 컷아웃 롱 드레스 [블랙],https://image.msscdn.net/images/goods_img/20241213/4664049/4664049_17739057896919_500.jpg,False
2025-09,F,100003,맥시원피스,100,원피스/스커트,13,5310898,somewherebutter,썸웨어버터,Della Mini Dress - Ivory,https://image.msscdn.net/images/goods_img/20250811/5310898/5310898_17563673776898_500.jpg,False
2025-09,F,100003,맥시원피스,100,원피스/스커트,14,5343759,insilencewomen,인사일런스 우먼,빈티지 프릴 맥시 원피스 BLACK,https://image.msscdn.net/images/goods_img/20250820/5343759/5343759_17766755762463_500.jpg,False
2025-09,F,100003,맥시원피스,100,원피스/스커트,15,4178516,sincethen,신스덴,아우로라 스트랩 롱원피스,https://image.msscdn.net/images/goods_img/20240605/4178516/4178516_17531677595822_500.jpg,False
2025-09,F,100003,맥시원피스,100,원피스/스커트,16,5372595,pigment,피그먼트,코튼스트링멜빵원피스 (PBE08F-WOPW001),https://image.msscdn.net/images/goods_img/20250828/5372595/5372595_17563479826173_500.jpg,False
2025-09,F,100003,맥시원피스,100,원피스/스커트,17,4664051,musinsastandardwoman,무신사 스탠다드 우먼,우먼즈 나일론 컷아웃 롱 드레스 [다크 그레이],https://image.msscdn.net/images/goods_img/20241213/4664051/4664051_17739060308287_500.jpg,False
2025-09,F,100003,맥시원피스,100,원피스/스커트,18,5157717,majournee,마조네,BACK HOLE DRESS_LACE,https://image.msscdn.net/images/goods_img/20250529/5157717/5157717_17893699711721_500.jpg,False
2025-09,F,100003,맥시원피스,100,원피스/스커트,19,5369708,tommyjeans,타미진스,배지 스웨트 미디 원피스 (T32F7WOP40TWT2C1G),https://image.msscdn.net/images/goods_img/20250827/5369708/5369708_17562757049081_500.jpg,False
2025-09,F,100003,맥시원피스,100,원피스/스커트,20,5390898,seo,에스이오,CHECK TIE SLIP DRESS,https://image.msscdn.net/images/goods_img/20250902/5390898/5390898_17573261350934_500.jpg,False
2025-09,F,100003,맥시원피스,100,원피스/스커트,21,4241481,micane,미케네,딥 스퀘어 넥 블라우스-롱 스커트 셋업,https://image.msscdn.net/images/goods_img/20240710/4241481/4241481_17205765312469_500.jpg,False
2025-09,F,100003,맥시원피스,100,원피스/스커트,22,5343757,insilencewomen,인사일런스 우먼,빈티지 프릴 맥시 원피스 CREAM,https://image.msscdn.net/images/goods_img/20250820/5343757/5343757_17809834056074_500.jpg,False
2025-09,F,100003,맥시원피스,100,원피스/스커트,23,5443723,sinoon,시눈,Sinoon Texture Flower Dress (Ash Blue),https://image.msscdn.net/images/goods_img/20250911/5443723/5443723_17757117420963_500.jpg,False
2025-09,F,100003,맥시원피스,100,원피스/스커트,24,4636893,loulouseoul,루루서울,Mermaid of the City Dress (Cream),https://image.msscdn.net/images/goods_img/20241126/4636893/4636893_17325994146796_500.jpg,False
2025-09,F,100003,맥시원피스,100,원피스/스커트,25,4687004,tommyjeans,타미진스,폴로 스웨터 드레스 (T32F0WOP10TWT2BDS),https://image.msscdn.net/images/goods_img/20241231/4687004/4687004_17397532297072_500.jpg,False
2025-09,F,100003,맥시원피스,100,원피스/스커트,26,3102177,etmon,에트몽,"Half Sleeve Pleats Dress, Black",https://image.msscdn.net/images/goods_img/20230222/3102177/3102177_16770640898263_500.jpg,False
2025-09,F,100003,맥시원피스,100,원피스/스커트,27,4494475,naaieen,나이엔,도트 쉬폰 그래픽 드레스,https://image.msscdn.net/images/goods_img/20241008/4494475/4494475_17410711342785_500.jpg,False
2025-09,F,100003,맥시원피스,100,원피스/스커트,28,5315410,nda,엔디에이 스튜디오,Ssin Stud Denim OPS,https://image.msscdn.net/images/goods_img/20250812/5315410/5315410_17549848766605_500.jpg,False
2025-09,F,100003,맥시원피스,100,원피스/스커트,29,5297490,generalideastandard,제너럴아이디어,울 시스루 레이어드 원피스 [CREAM] / WBE3L15501,https://image.msscdn.net/images/goods_img/20250806/5297490/5297490_17702548299015_500.png,False
2025-09,F,100003,맥시원피스,100,원피스/스커트,30,5069341,generalideastandard,제너럴아이디어,브이넥 퍼프 롱 원피스 [BLACK] / WBE2L15510,https://image.msscdn.net/images/goods_img/20250428/5069341/5069341_17785533325547_500.jpg,False
2025-09,F,100004,미니스커트,100,원피스/스커트,1,4326509,musinsastandardwoman,무신사 스탠다드 우먼,우먼즈 레이어드 미니 스코츠 [블랙],https://image.msscdn.net/images/goods_img/20240813/4326509/4326509_17536889295210_500.jpg,False
2025-09,F,100004,미니스커트,100,원피스/스커트,2,4326511,musinsastandardwoman,무신사 스탠다드 우먼,우먼즈 레이어드 미니 스코츠 [미디엄 그레이],https://image.msscdn.net/images/goods_img/20240813/4326511/4326511_17295662280683_500.jpg,False
2025-09,F,100004,미니스커트,100,원피스/스커트,3,5311368,khakipoint,카키포인트,Cancan Skirt Pants (beige),https://image.msscdn.net/images/goods_img/20250812/5311368/5311368_17574805399911_500.jpg,False
2025-09,F,100004,미니스커트,100,원피스/스커트,4,5311367,khakipoint,카키포인트,Cancan Skirt Pants (black),https://image.msscdn.net/images/goods_img/20250812/5311367/5311367_17574805612546_500.jpg,False
2025-09,F,100004,미니스커트,100,원피스/스커트,5,4298327,musinsastandardwoman,무신사 스탠다드 우먼,우먼즈 로 라이즈 플리츠 미니 스코츠 [블랙],https://image.msscdn.net/images/goods_img/20240806/4298327/4298327_17467829987386_500.jpg,False
2025-09,F,100004,미니스커트,100,원피스/스커트,6,5290316,musinsastandardwoman,무신사 스탠다드 우먼,우먼즈 신세틱 스웨이드 미니 스커트 [브라운],https://image.msscdn.net/images/goods_img/20250804/5290316/5290316_17876231820240_500.jpg,False
2025-09,F,100004,미니스커트,100,원피스/스커트,7,2117249,musinsastandardwoman,무신사 스탠다드 우먼,우먼즈 베이식 미니 스커트 [블랙],https://image.msscdn.net/images/goods_img/20210908/2117249/2117249_17625018594051_500.jpg,False
2025-09,F,100004,미니스커트,100,원피스/스커트,8,4170370,ronron,론론,CANCAN RUFFLE PANTSKIRT BLACK,https://image.msscdn.net/images/goods_img/20240531/4170370/4170370_17175556541226_500.jpg,False
2025-09,F,100004,미니스커트,100,원피스/스커트,9,5311358,khakipoint,카키포인트,Atelier Tweed Skirt (ivory),https://image.msscdn.net/images/goods_img/20250812/5311358/5311358_17574875762416_500.jpg,False
2025-09,F,100004,미니스커트,100,원피스/스커트,10,4871887,wilson,윌슨,더블메쉬 스커트 W (3color),https://image.msscdn.net/images/goods_img/20250307/4871887/4871887_17888500812364_500.jpg,False
2025-09,F,100004,미니스커트,100,원피스/스커트,11,4687212,musinsastandardwoman,무신사 스탠다드 우먼,우먼즈 레이어드 미니 스코츠 [차콜 그레이],https://image.msscdn.net/images/goods_img/20241231/4687212/4687212_17467727936774_500.jpg,False
2025-09,F,100004,미니스커트,100,원피스/스커트,12,2551401,musinsastandardwoman,무신사 스탠다드 우먼,우먼즈 슬릿 미니 스코츠 [블랙],https://image.msscdn.net/images/goods_img/20220511/2551401/2551401_17678593283428_500.jpg,False
2025-09,F,100004,미니스커트,100,원피스/스커트,13,5311369,khakipoint,카키포인트,Cancan Skirt Pants (ivory),https://image.msscdn.net/images/goods_img/20250812/5311369/5311369_17574805059388_500.jpg,False
2025-09,F,100004,미니스커트,100,원피스/스커트,14,4644489,musinsastandardwoman,무신사 스탠다드 우먼,우먼즈 로 라이즈 플리츠 미니 스코츠 [그레이],https://image.msscdn.net/images/goods_img/20241202/4644489/4644489_17466893080499_500.jpg,False
2025-09,F,100004,미니스커트,100,원피스/스커트,15,5290317,musinsastandardwoman,무신사 스탠다드 우먼,우먼즈 신세틱 스웨이드 미니 스커트 [라이트 브라운],https://image.msscdn.net/images/goods_img/20250804/5290317/5290317_17562000505863_500.jpg,False
2025-09,F,100004,미니스커트,100,원피스/스커트,16,1944554,musinsastandardwoman,무신사 스탠다드 우먼,우먼즈 데님 미니 스커트 [워시드 블랙],https://image.msscdn.net/images/goods_img/20210511/1944554/1944554_2_500.jpg,False
2025-09,F,100004,미니스커트,100,원피스/스커트,17,5166590,musinsastandardwoman,무신사 스탠다드 우먼,우먼즈 14W 코듀로이 로 라이즈 미니 스코츠 [브라운],https://image.msscdn.net/images/goods_img/20250604/5166590/5166590_17618101156392_500.jpg,False
2025-09,F,100004,미니스커트,100,원피스/스커트,18,4761169,misekiseoul,미세키서울,Unbalanced flow mini skirt BLACK,https://image.msscdn.net/images/goods_img/20250205/4761169/4761169_17690675551733_500.jpg,False
2025-09,F,100004,미니스커트,100,원피스/스커트,19,5311353,khakipoint,카키포인트,Atelier Tweed Skirt (black),https://image.msscdn.net/images/goods_img/20250812/5311353/5311353_17574875981009_500.jpg,False
2025-09,F,100004,미니스커트,100,원피스/스커트,20,2830762,painorpleasure,페인오어플레져,NIX MINI SKIRT black,https://image.msscdn.net/images/goods_img/20220929/2830762/2830762_17883362863775_500.jpg,False
2025-09,F,100004,미니스커트,100,원피스/스커트,21,4298330,musinsastandardwoman,무신사 스탠다드 우먼,우먼즈 로 라이즈 플리츠 미니 스코츠 [카키 브라운],https://image.msscdn.net/images/goods_img/20240806/4298330/4298330_17412179444894_500.jpg,False
2025-09,F,100004,미니스커트,100,원피스/스커트,22,4298328,musinsastandardwoman,무신사 스탠다드 우먼,우먼즈 로 라이즈 플리츠 미니 스코츠 [멜란지 그레이],https://image.msscdn.net/images/goods_img/20240806/4298328/4298328_17466831047933_500.jpg,False
2025-09,F,100004,미니스커트,100,원피스/스커트,23,5313581,misekiseoul,미세키서울,Pleats wrap mini skirt BLACK,https://image.msscdn.net/images/goods_img/20250812/5313581/5313581_17572953284146_500.jpg,False
2025-09,F,100004,미니스커트,100,원피스/스커트,24,2551407,musinsastandardwoman,무신사 스탠다드 우먼,우먼즈 플리츠 미니 스커트 [그레이],https://image.msscdn.net/images/goods_img/20220511/2551407/2551407_17188462525168_500.jpg,False
2025-09,F,100004,미니스커트,100,원피스/스커트,25,2551402,musinsastandardwoman,무신사 스탠다드 우먼,우먼즈 슬릿 미니 스코츠 [그레이],https://image.msscdn.net/images/goods_img/20220511/2551402/2551402_17678594127607_500.jpg,False
2025-09,F,100004,미니스커트,100,원피스/스커트,26,4170372,ronron,론론,CANCAN RUFFLE PANTSKIRT WHITE,https://image.msscdn.net/images/goods_img/20240531/4170372/4170372_17419158665075_500.jpg,False
2025-09,F,100004,미니스커트,100,원피스/스커트,27,5290315,musinsastandardwoman,무신사 스탠다드 우먼,우먼즈 신세틱 스웨이드 미니 스커트 [블랙],https://image.msscdn.net/images/goods_img/20250804/5290315/5290315_17562001096144_500.jpg,False
2025-09,F,100004,미니스커트,100,원피스/스커트,28,2551406,musinsastandardwoman,무신사 스탠다드 우먼,우먼즈 플리츠 미니 스커트 [블랙],https://image.msscdn.net/images/goods_img/20220511/2551406/2551406_17466940579553_500.jpg,False
2025-09,F,100004,미니스커트,100,원피스/스커트,29,5302526,lcdctm,엘씨디씨티엠,PLEATS DETAIL LAYERED SKIRT (BLACK),https://image.msscdn.net/images/goods_img/20250807/5302526/5302526_17545614277711_500.jpg,False
2025-09,F,100004,미니스커트,100,원피스/스커트,30,5267580,nocontent,노컨텐츠,243. 믹스드 패턴 미니 스커트 _ 블랙,https://image.msscdn.net/images/goods_img/20250723/5267580/5267580_17558255421026_500.jpg,False
2025-09,F,100005,미디스커트,100,원피스/스커트,1,5292443,musinsastandardwoman,무신사 스탠다드 우먼,우먼즈 플리츠 니 렝스 스커트 [그레이],https://image.msscdn.net/images/goods_img/20250805/5292443/5292443_17569697231651_500.jpg,False
2025-09,F,100005,미디스커트,100,원피스/스커트,2,4350936,misekiseoul,미세키서울,Unbalanced layered skirt BLACK,https://image.msscdn.net/images/goods_img/20240821/4350936/4350936_17816746257467_500.png,False
2025-09,F,100005,미디스커트,100,원피스/스커트,3,5292442,musinsastandardwoman,무신사 스탠다드 우먼,우먼즈 플리츠 니 렝스 스커트 [블랙],https://image.msscdn.net/images/goods_img/20250805/5292442/5292442_17549805255560_500.jpg,False
2025-09,F,100005,미디스커트,100,원피스/스커트,4,2117253,musinsastandardwoman,무신사 스탠다드 우먼,우먼즈 플리츠 미디 스커트 [블랙],https://image.msscdn.net/images/goods_img/20210908/2117253/2117253_17467823245909_500.jpg,False
2025-09,F,100005,미디스커트,100,원피스/스커트,5,2117254,musinsastandardwoman,무신사 스탠다드 우먼,우먼즈 플리츠 미디 스커트 [차콜 그레이],https://image.msscdn.net/images/goods_img/20210908/2117254/2117254_17467755871427_500.jpg,False
2025-09,F,100005,미디스커트,100,원피스/스커트,6,5354304,aeae,에이이에이이,CHECK MIDI TIERED SKIRT [BROWN],https://image.msscdn.net/images/goods_img/20250822/5354304/5354304_17570625766871_500.jpg,False
2025-09,F,100005,미디스커트,100,원피스/스커트,7,5333455,sunburnproject,썬번프로젝트,"Lace Layered Midi Skirt, BLACK",https://image.msscdn.net/images/goods_img/20250818/5333455/5333455_17567085812658_500.jpg,False
2025-09,F,100005,미디스커트,100,원피스/스커트,8,5329988,placestudio,플레이스 스튜디오,더블 버튼 체크 미디 레이어드 랩 플리츠 스커트[체크],https://image.msscdn.net/images/goods_img/20250818/5329988/5329988_17563618163909_500.jpg,False
2025-09,F,100005,미디스커트,100,원피스/스커트,9,4813453,misekiseoul,미세키서울,Shirring ruffle midi skirt BLACK,https://image.msscdn.net/images/goods_img/20250220/4813453/4813453_17835667240022_500.png,False
2025-09,F,100005,미디스커트,100,원피스/스커트,10,2257612,musinsastandardwoman,무신사 스탠다드 우먼,우먼즈 플리츠 미디 스커트 [미디엄 그레이],https://image.msscdn.net/images/goods_img/20211206/2257612/2257612_17155615478939_500.jpg,False
2025-09,F,100005,미디스커트,100,원피스/스커트,11,1645762,musinsastandardwoman,무신사 스탠다드 우먼,우먼즈 데님 미디 스커트 [크림],https://image.msscdn.net/images/goods_img/20201013/1645762/1645762_17675316388880_500.jpg,False
2025-09,F,100005,미디스커트,100,원피스/스커트,12,4229174,musinsastandardwoman,무신사 스탠다드 우먼,우먼즈 패널 슬릿 니 렝스 스커트 [블랙],https://image.msscdn.net/images/goods_img/20240702/4229174/4229174_17466935812150_500.jpg,False
2025-09,F,100005,미디스커트,100,원피스/스커트,13,4800538,placestudio,플레이스 스튜디오,투밸트 로우라이즈 탈부착 플리츠 더블 레이어드 미디스커트[블랙],https://image.msscdn.net/images/goods_img/20250218/4800538/4800538_17524547855251_500.jpg,False
2025-09,F,100005,미디스커트,100,원피스/스커트,14,4117026,musinsastandardwoman,무신사 스탠다드 우먼,우먼즈 데님 미디 스커트 [딥 인디고],https://image.msscdn.net/images/goods_img/20240509/4117026/4117026_17675315652240_500.jpg,False
2025-09,F,100005,미디스커트,100,원피스/스커트,15,4757444,hugyourskin,허그유어스킨,스타 플레어드 미디 스커트 (블랙),https://image.msscdn.net/images/goods_img/20250204/4757444/4757444_17392683256673_500.jpg,False
2025-09,F,100005,미디스커트,100,원피스/스커트,16,5367159,placestudio,플레이스 스튜디오,[아네딘X플레이스스튜디오]  레이스 프릴 밴딩 미디스커트_3COLOR,https://image.msscdn.net/images/prd_img/20250827/5367159/detail_5367159_17562617239918_500.jpg,False
2025-09,F,100005,미디스커트,100,원피스/스커트,17,4354879,ason,애즈온,LONDON CHECK MIDI SKIRT / BLACK,https://image.msscdn.net/images/goods_img/20240821/4354879/4354879_17286374520942_500.jpg,False
2025-09,F,100005,미디스커트,100,원피스/스커트,18,2300718,musinsastandardwoman,무신사 스탠다드 우먼,우먼즈 데님 미디 스커트 [워시드 블랙],https://image.msscdn.net/images/goods_img/20220111/2300718/2300718_17675315035044_500.jpg,False
2025-09,F,100005,미디스커트,100,원피스/스커트,19,5329958,placestudio,플레이스 스튜디오,더블 버튼 미디 레이어드 랩 플리츠 스커트,https://image.msscdn.net/images/goods_img/20250818/5329958/5329958_17554862867099_500.jpg,False
2025-09,F,100005,미디스커트,100,원피스/스커트,20,5354274,aeae,에이이에이이,CHECK MIDI TIERED SKIRT [NAVY],https://image.msscdn.net/images/goods_img/20250822/5354274/5354274_17570624924331_500.jpg,False
2025-09,F,100005,미디스커트,100,원피스/스커트,21,5304443,partimentowomen,파르티멘토 우먼,2 IN 1 도트 프린티드 쉬어 미디 스커트_브라운,https://image.msscdn.net/images/goods_img/20250808/5304443/5304443_17574702530796_500.jpg,False
2025-09,F,100005,미디스커트,100,원피스/스커트,22,5304442,partimentowomen,파르티멘토 우먼,2 IN 1 도트 프린티드 쉬어 미디 스커트_베이지,https://image.msscdn.net/images/goods_img/20250808/5304442/5304442_17550648364751_500.jpg,False
2025-09,F,100005,미디스커트,100,원피스/스커트,23,4441405,flareup,플레어업,Pleats Midi Skirt (FL-243_Black),https://image.msscdn.net/images/goods_img/20240915/4441405/4441405_17267922032591_500.jpg,False
2025-09,F,100005,미디스커트,100,원피스/스커트,24,4644479,musinsastandardwoman,무신사 스탠다드 우먼,우먼즈 플레어 미디 스커트 [블랙],https://image.msscdn.net/images/goods_img/20241202/4644479/4644479_17447725982646_500.jpg,False
2025-09,F,100005,미디스커트,100,원피스/스커트,25,3850173,nastyfancyclub,팬시클럽,[NF] 포멀 버튼 플리츠 미디 스커트 (GRAY)_F24QD871,https://image.msscdn.net/images/goods_img/20240206/3850173/3850173_17400317848206_500.jpg,False
2025-09,F,100005,미디스커트,100,원피스/스커트,26,5315173,typeservice,타입서비스,Camo Volume Skirt [Charcoal],https://image.msscdn.net/images/goods_img/20250812/5315173/5315173_17569567186658_500.jpg,False
2025-09,F,100005,미디스커트,100,원피스/스커트,27,5344113,ojos,오호스,Button Slit Midi Skirt / Black,https://image.msscdn.net/images/goods_img/20250820/5344113/5344113_17780541929799_500.jpg,False
2025-09,F,100005,미디스커트,100,원피스/스커트,28,4963294,flareup,플레어업,Asymmetrical Draped Midi Skirt (FL-248_Black),https://image.msscdn.net/images/goods_img/20250330/4963294/4963294_17433524602083_500.jpg,False
2025-09,F,100005,미디스커트,100,원피스/스커트,29,4399501,sunburnproject,썬번프로젝트,"Asymmetric Midi Skirt, BLACK",https://image.msscdn.net/images/goods_img/20240903/4399501/4399501_17260380507467_500.jpg,False
2025-09,F,100005,미디스커트,100,원피스/스커트,30,5310939,oheshio,오헤시오,"LAYERED SHEER FRILL SKIRT, KHAKI CHECK",https://image.msscdn.net/images/goods_img/20250811/5310939/5310939_17550811009635_500.jpg,False
2025-09,F,100006,롱스커트,100,원피스/스커트,1,2792603,musinsastandardwoman,무신사 스탠다드 우먼,우먼즈 맥시 스커트 [블랙],https://image.msscdn.net/images/goods_img/20220915/2792603/2792603_17536886431375_500.jpg,False
2025-09,F,100006,롱스커트,100,원피스/스커트,2,2978105,musinsastandardwoman,무신사 스탠다드 우먼,우먼즈 카고 맥시 스커트 [블랙],https://image.msscdn.net/images/goods_img/20221209/2978105/2978105_17374230845113_500.jpg,False
2025-09,F,100006,롱스커트,100,원피스/스커트,3,2792604,musinsastandardwoman,무신사 스탠다드 우먼,우먼즈 맥시 스커트 [미디엄 그레이],https://image.msscdn.net/images/goods_img/20220915/2792604/2792604_16728975851407_500.jpg,False
2025-09,F,100006,롱스커트,100,원피스/스커트,4,3758437,musinsastandardwoman,무신사 스탠다드 우먼,우먼즈 CP 맥시 스커트 [블랙],https://image.msscdn.net/images/goods_img/20231215/3758437/3758437_17677813885414_500.jpg,False
2025-09,F,100006,롱스커트,100,원피스/스커트,5,4593352,placestudio,플레이스 스튜디오,슬림핏 베이직 윈터 티어드 밴딩 롱 캉캉스커트 [화이트],https://image.msscdn.net/images/goods_img/20241106/4593352/4593352_17308779637311_500.jpg,False
2025-09,F,100006,롱스커트,100,원피스/스커트,6,2448899,musinsastandardwoman,무신사 스탠다드 우먼,우먼즈 프론트 슬릿 데님 롱 스커트 [워시드 블랙],https://image.msscdn.net/images/goods_img/20220328/2448899/2448899_17661127529056_500.jpg,False
2025-09,F,100006,롱스커트,100,원피스/스커트,7,5342890,adidas,아디다스,3-스트라이프 데님 롱 스커트 - 차콜블랙 / JW2659,https://image.msscdn.net/images/goods_img/20250820/5342890/5342890_17557583233095_500.jpg,False
2025-09,F,100006,롱스커트,100,원피스/스커트,8,5351690,musinsastandardwoman,무신사 스탠다드 우먼,우먼즈 버클 플리츠 니 렝스 스커트 [블랙],https://image.msscdn.net/images/goods_img/20250821/5351690/5351690_17569696588194_500.jpg,False
2025-09,F,100006,롱스커트,100,원피스/스커트,9,3758435,musinsastandardwoman,무신사 스탠다드 우먼,우먼즈 CP 맥시 스커트 [화이트],https://image.msscdn.net/images/goods_img/20231215/3758435/3758435_17259588422783_500.jpg,False
2025-09,F,100006,롱스커트,100,원피스/스커트,10,5151511,musinsastandardwoman,무신사 스탠다드 우먼,우먼즈 맥시 스커트 [다크 브라운],https://image.msscdn.net/images/goods_img/20250528/5151511/5151511_17556698343636_500.jpg,False
2025-09,F,100006,롱스커트,100,원피스/스커트,11,3757210,musinsastandardwoman,무신사 스탠다드 우먼,우먼즈 카고 맥시 스커트 [건메탈],https://image.msscdn.net/images/goods_img/20231215/3757210/3757210_17452274208695_500.jpg,False
2025-09,F,100006,롱스커트,100,원피스/스커트,12,4593477,placestudio,플레이스 스튜디오,슬림핏 베이직 윈터 티어드 밴딩 롱 캉캉스커트 [블랙],https://image.msscdn.net/images/goods_img/20241106/4593477/4593477_17308782967721_500.jpg,False
2025-09,F,100006,롱스커트,100,원피스/스커트,13,5290319,musinsastandardwoman,무신사 스탠다드 우먼,우먼즈 신세틱 스웨이드 맥시 스커트 [브라운],https://image.msscdn.net/images/goods_img/20250804/5290319/5290319_17803640414934_500.jpg,False
2025-09,F,100006,롱스커트,100,원피스/스커트,14,3051711,musinsastandardwoman,무신사 스탠다드 우먼,우먼즈 데님 맥시 스커트 [미디엄 인디고],https://image.msscdn.net/images/goods_img/20230201/3051711/3051711_16866978207309_500.jpg,False
2025-09,F,100006,롱스커트,100,원피스/스커트,15,2117256,musinsastandardwoman,무신사 스탠다드 우먼,우먼즈 하이 웨이스트 롱 스커트 [블랙],https://image.msscdn.net/images/goods_img/20210908/2117256/2117256_1_500.jpg,False
2025-09,F,100006,롱스커트,100,원피스/스커트,16,4210257,musinsastandardwoman,무신사 스탠다드 우먼,우먼즈 CP 맥시 스커트 [베이지],https://image.msscdn.net/images/goods_img/20240620/4210257/4210257_17259587111258_500.jpg,False
2025-09,F,100006,롱스커트,100,원피스/스커트,17,1931894,musinsastandardwoman,무신사 스탠다드 우먼,우먼즈 하이 웨이스트 슬릿 롱 스커트 [블랙],https://image.msscdn.net/images/goods_img/20210430/1931894/1931894_3_500.jpg,False
2025-09,F,100006,롱스커트,100,원피스/스커트,18,4457754,musinsastandardwoman,무신사 스탠다드 우먼,우먼즈 스트레이트 맥시 스커트 [블랙],https://image.msscdn.net/images/goods_img/20240924/4457754/4457754_17467722878565_500.jpg,False
2025-09,F,100006,롱스커트,100,원피스/스커트,19,3758436,musinsastandardwoman,무신사 스탠다드 우먼,우먼즈 CP 맥시 스커트 [다크 그레이],https://image.msscdn.net/images/goods_img/20231215/3758436/3758436_17677813303074_500.jpg,False
2025-09,F,100006,롱스커트,100,원피스/스커트,20,4353972,chambros,챔브로스,우먼즈 베이직 코튼 데님 롱 스커트[인디고],https://image.msscdn.net/images/goods_img/20240821/4353972/4353972_17242248021341_500.jpg,False
2025-09,F,100006,롱스커트,100,원피스/스커트,21,4324777,niceghostclub,나이스고스트클럽,BIG STAR LOGO SWEAT SKIRT_BLACK(NG2EFUPA90A),https://image.msscdn.net/images/goods_img/20240813/4324777/4324777_17708775629904_500.jpg,False
2025-09,F,100006,롱스커트,100,원피스/스커트,22,5290318,musinsastandardwoman,무신사 스탠다드 우먼,우먼즈 신세틱 스웨이드 맥시 스커트 [블랙],https://image.msscdn.net/images/goods_img/20250804/5290318/5290318_17803641121104_500.jpg,False
2025-09,F,100006,롱스커트,100,원피스/스커트,23,5272918,adidas,아디다스,리본 플리티드 맥시 스커트 - 블랙 / JW0114,https://image.msscdn.net/images/goods_img/20250725/5272918/5272918_17536621623410_500.jpg,False
2025-09,F,100006,롱스커트,100,원피스/스커트,24,4107449,millowomen,밀로 우먼,벌룬 셔링 맥시 스커트 [블랙],https://image.msscdn.net/images/goods_img/20240505/4107449/4107449_17206686828137_500.jpg,False
2025-09,F,100006,롱스커트,100,원피스/스커트,25,5359238,generalideastandard,제너럴아이디어,빈티지 체크 롱 스커트 [NAVY] / WBE3L13506,https://image.msscdn.net/images/goods_img/20250825/5359238/5359238_17700907256759_500.png,False
2025-09,F,100006,롱스커트,100,원피스/스커트,26,4228713,musinsastandardwoman,무신사 스탠다드 우먼,우먼즈 데님 카펜터 롱 스커트 [워시드 블랙],https://image.msscdn.net/images/goods_img/20240702/4228713/4228713_17799545745468_500.jpg,False
2025-09,F,100006,롱스커트,100,원피스/스커트,27,4146787,placestudio,플레이스 스튜디오,캉캉 프릴 플레어 리본 셔링 롱 코튼 스커트 [블랙],https://image.msscdn.net/images/goods_img/20240522/4146787/4146787_17163345079315_500.jpg,False
2025-09,F,100006,롱스커트,100,원피스/스커트,28,3233106,travel,트래블,워크샵 지퍼 포켓 스커트 차콜,https://image.msscdn.net/images/goods_img/20230413/3233106/3233106_16832089079307_500.jpg,False
2025-09,F,100006,롱스커트,100,원피스/스커트,29,4336061,adidas,아디다스,파이어버드 니트 스커트 - 블랙 / IY7279,https://image.msscdn.net/images/goods_img/20240816/4336061/4336061_17242236525944_500.jpg,False
2025-09,F,100006,롱스커트,100,원피스/스커트,30,2392478,musinsastandardwoman,무신사 스탠다드 우먼,우먼즈 스웨트 맥시 스커트 [블랙],https://image.msscdn.net/images/goods_img/20220302/2392478/2392478_17188496635285_500.jpg,False
