date,period,gender_filter,rank,clothing_rank,category_code,category_name,product_id,brand,product_name,final_price,original_price,discount_rate,sales_label,viewers,flag,sold_out,image_url,product_url
2026-10-10,MONTHLY,M,2,1,001,상의,6948481,트릴리온,[기획] 에센셜 CP 이중지 크롭 긴팔티_7color,19990,39000,49,판매 4.9만개,948명이 보는 중 / 49명이 구매 중,누적 판매 N만 돌파,False,https://image.msscdn.net/images/goods_img/20260729/6948481/6948481_17853044768380_500.jpg,https://www.musinsa.com/products/6948481
2026-10-10,MONTHLY,M,3,2,002,아우터,5329359,아디다스,후드 집업 - 블랙:크림화이트 / KC9315,94990,119000,20,판매 3만개,554명이 보는 중,누적 판매 N만 돌파,False,https://image.msscdn.net/images/goods_img/20250818/5329359/5329359_17569461399483_500.jpg,https://www.musinsa.com/products/5329359
2026-10-10,MONTHLY,M,4,3,002,아우터,5532467,수아레,(컬러 추가) 라이트 시어쉘 패딩 점퍼 - 6 COLOR,89900,165000,46,판매 5.5만개,806명이 보는 중,누적 판매 N만 돌파,False,https://image.msscdn.net/images/goods_img/20250925/5532467/5532467_17875486261088_500.jpg,https://www.musinsa.com/products/5532467
2026-10-10,MONTHLY,M,5,4,002,아우터,7108774,디미트리블랙,[10주년기획] © 모두의 Comfortemp® 미드웨이트 패딩_4 COLOR,79900,133400,40,판매 9.2천개,713명이 보는 중,누적 판매 N만 돌파,False,https://image.msscdn.net/images/goods_img/20260819/7108774/7108774_17885055232191_500.jpg,https://www.musinsa.com/products/7108774
2026-10-10,MONTHLY,M,7,5,002,아우터,5943431,아디다스,와플 클래식 트랙탑 - 원더화이트 / KQ6864,108990,129000,16,판매 1.2만개,240명이 보는 중,누적 판매 N만 돌파,False,https://image.msscdn.net/images/goods_img/20260127/5943431/5943431_17745057757383_500.jpg,https://www.musinsa.com/products/5943431
2026-10-10,MONTHLY,M,8,6,001,상의,7220362,알리스,데님 레이어드 크롭 니트 풀오버 [블랙],62900,74000,15,판매 5.1천개,210명이 보는 중,누적 판매 N만 돌파,False,https://image.msscdn.net/images/goods_img/20260901/7220362/7220362_17909135228175_500.jpg,https://www.musinsa.com/products/7220362
2026-10-10,MONTHLY,M,9,7,002,아우터,4356794,무신사 스탠다드,[시티 레저] 후디드 라이트 다운 재킷 [블랙],109900,109900,0,판매 2.8만개,285명이 보는 중,누적 판매 N만 돌파,False,https://image.msscdn.net/images/goods_img/20240822/4356794/4356794_17890558965193_500.jpg,https://www.musinsa.com/products/4356794
2026-10-10,MONTHLY,M,12,8,003,바지,1149329,무신사 스탠다드,세미 와이드 히든 밴딩 슬랙스 [블랙],47390,49900,5,판매 50만개,149명이 보는 중,누적 판매 N만 돌파,False,https://image.msscdn.net/images/goods_img/20190910/1149329/1149329_17775152531848_500.jpg,https://www.musinsa.com/products/1149329
2026-10-10,MONTHLY,M,15,9,003,바지,1168906,무신사 스탠다드,와이드 히든 밴딩 슬랙스 [블랙],47390,49900,5,판매 41만개,116명이 보는 중,누적 판매 N만 돌파,False,https://image.msscdn.net/images/goods_img/20190927/1168906/1168906_17224121763738_500.jpg,https://www.musinsa.com/products/1168906
2026-10-10,MONTHLY,M,16,10,002,아우터,4945148,아디다스,아디컬러 클래식 트랙탑 (와플) - 원더화이트 / JW0109,116100,129000,10,판매 2.8만개,87명이 보는 중,누적 판매 N만 돌파,False,https://image.msscdn.net/images/goods_img/20250326/4945148/4945148_17453139295013_500.jpg,https://www.musinsa.com/products/4945148
2026-10-10,MONTHLY,M,18,11,002,아우터,2737014,프리즘웍스,VINCENT M1965 FISHTAIL PARKA 004 _ OLIVE,219000,219000,0,판매 1.8만개,164명이 보는 중,누적 판매 N만 돌파,False,https://image.msscdn.net/images/goods_img/20220823/2737014/2737014_1_500.jpg,https://www.musinsa.com/products/2737014
2026-10-10,MONTHLY,M,20,12,002,아우터,5614815,데이,크롭 스웨이드 자켓 (2 STYLE),57500,85000,32,판매 1.1만개,195명이 보는 중,누적 판매 N만 돌파,False,https://image.msscdn.net/images/goods_img/20251020/5614815/5614815_17694826603380_500.jpg,https://www.musinsa.com/products/5614815
2026-10-10,MONTHLY,M,23,13,003,바지,5682006,텍스,[린넨 라이크/사계절용선택] TX304 커브드 배기 벌룬 데님 (블랙),46000,85000,46,판매 2.7만개,415명이 보는 중,누적 판매 N만 돌파,False,https://image.msscdn.net/images/goods_img/20251104/5682006/5682006_17808938363291_500.jpg,https://www.musinsa.com/products/5682006
2026-10-10,MONTHLY,M,25,14,002,아우터,6917752,무신사 스탠다드,[시티 레저] 시어 후디드 라이트 다운 재킷 (9 colors),139900,139900,0,판매 5.8천개,1.2천명이 보는 중,누적 판매 N만 돌파,False,https://image.msscdn.net/images/goods_img/20260724/6917752/6917752_17890189553548_500.jpg,https://www.musinsa.com/products/6917752
2026-10-10,MONTHLY,M,27,15,001,상의,5453617,수아레,(XXL 추가) 데일리 헨리넥 니트 - 5 COLOR,33000,59000,44,판매 16만개,478명이 보는 중,누적 판매 N만 돌파,False,https://image.msscdn.net/images/goods_img/20250912/5453617/5453617_17593914818524_500.jpg,https://www.musinsa.com/products/5453617
2026-10-10,MONTHLY,M,28,16,001,상의,2149254,무신사 스탠다드,베이식 긴소매 티셔츠 2팩,37790,39800,5,판매 46만개,215명이 보는 중,누적 판매 N만 돌파,False,https://image.msscdn.net/images/goods_img/20210928/2149254/2149254_17138588137724_500.jpg,https://www.musinsa.com/products/2149254
2026-10-10,MONTHLY,M,30,17,002,아우터,3783092,디미트리블랙,[크롭선택] ASI 포시즌 에센셜 후드 집업_피그먼트 차콜,38800,60900,36,판매 11만개,480명이 보는 중,누적 판매 N만 돌파,False,https://image.msscdn.net/images/goods_img/20240109/3783092/3783092_17708794030062_500.jpg,https://www.musinsa.com/products/3783092
2026-10-10,MONTHLY,M,31,18,002,아우터,5311114,언탭트 스튜디오,2WAY 비건 스웨이드 블루종 자켓 3Color,56840,81200,30,판매 2.6만개,436명이 보는 중,누적 판매 N만 돌파,False,https://image.msscdn.net/images/goods_img/20250811/5311114/5311114_17890239121962_500.jpg,https://www.musinsa.com/products/5311114
2026-10-10,MONTHLY,M,33,19,002,아우터,6788199,스파오,[리사이클] 베이직 퍼플리스 집업_SPFZG4TC01,24220,29900,19,판매 1.4만개,294명이 보는 중,누적 판매 N만 돌파,False,https://image.msscdn.net/images/goods_img/20260706/6788199/6788199_17865090873370_500.png,https://www.musinsa.com/products/6788199
2026-10-10,MONTHLY,M,34,20,003,바지,1551840,제로,Deep One Tuck Sweat Pants [Grey],35100,39000,10,판매 64만개,144명이 보는 중,누적 판매 N만 돌파,False,https://image.msscdn.net/images/goods_img/20200818/1551840/1551840_1_500.jpg,https://www.musinsa.com/products/1551840
2026-10-10,MONTHLY,M,35,21,002,아우터,5874490,아디다스,플레더 3S 트랙탑 - 블랙 / KQ5472,140270,169000,17,판매 3.2천개,68명이 보는 중,누적 판매 N만 돌파,False,https://image.msscdn.net/images/goods_img/20260107/5874490/5874490_17678506506569_500.jpg,https://www.musinsa.com/products/5874490
2026-10-10,MONTHLY,M,37,22,002,아우터,3390508,스탠다드에러,87-STAN009  [리뉴얼] 스탠다드 블루종 스웨이드 자켓 블랙,39900,89000,55,판매 9.4만개,232명이 보는 중,누적 판매 N만 돌파,False,https://image.msscdn.net/images/goods_img/20230630/3390508/3390508_17551524634252_500.jpg,https://www.musinsa.com/products/3390508
2026-10-10,MONTHLY,M,39,23,002,아우터,1778404,토피,2WAY 스웻 후드 집업 (MELANGE GREY),37800,45000,16,판매 48만개,156명이 보는 중,누적 판매 N만 돌파,False,https://image.msscdn.net/images/goods_img/20210204/1778404/1778404_1_500.jpg,https://www.musinsa.com/products/1778404
2026-10-10,MONTHLY,M,41,24,001,상의,7072533,데이,세미크롭 골지 긴팔 헨리넥 티셔츠_5 COLOR,29500,42500,31,판매 8.6천개,336명이 보는 중,누적 판매 N만 돌파,False,https://image.msscdn.net/images/goods_img/20260813/7072533/7072533_17884180644235_500.jpg,https://www.musinsa.com/products/7072533
2026-10-10,MONTHLY,M,42,25,003,바지,1551839,제로,Deep One Tuck Sweat Pants [Black],35100,39000,10,판매 29만개,91명이 보는 중,누적 판매 N만 돌파,False,https://image.msscdn.net/images/goods_img/20200818/1551839/1551839_1_500.jpg,https://www.musinsa.com/products/1551839
2026-10-10,MONTHLY,M,43,26,002,아우터,5622639,헬리녹스 웨어,이클립스 팩 다운 자켓 Light Gray,520000,520000,0,,43명이 보는 중,none,False,https://image.msscdn.net/images/goods_img/20251021/5622639/5622639_17611120457288_500.jpg,https://www.musinsa.com/products/5622639
2026-10-10,MONTHLY,M,44,27,003,바지,2112061,가까이 유니언즈,[여름 or 기모 or 사계절 원단 선택] 원턱 와이드 스웨트팬츠 블랙,31200,52000,40,판매 32만개,146명이 보는 중,누적 판매 N만 돌파,False,https://image.msscdn.net/images/goods_img/20210906/2112061/2112061_17459952841713_500.jpg,https://www.musinsa.com/products/2112061
2026-10-10,MONTHLY,M,46,28,002,아우터,6024472,폴로 랄프 로렌,트윌 재킷-네이비,459000,459000,0,,104명이 보는 중,none,False,https://image.msscdn.net/images/goods_img/20260213/6024472/6024472_17721811237272_500.jpg,https://www.musinsa.com/products/6024472
2026-10-10,MONTHLY,M,47,29,003,바지,2578996,시그니처,[기모선택] 더블턱 와이드 슬랙스[블랙],39990,59000,32,판매 13만개,192명이 보는 중,누적 판매 N만 돌파,False,https://image.msscdn.net/images/goods_img/20220524/2578996/2578996_17870331293023_500.jpg,https://www.musinsa.com/products/2578996
2026-10-10,MONTHLY,M,49,30,002,아우터,5329361,아디다스,후드 집업 - 그레이:블랙 / KC9317,94990,119000,20,판매 7.9천개,169명이 보는 중,누적 판매 N만 돌파,False,https://image.msscdn.net/images/goods_img/20250818/5329361/5329361_17569461783112_500.jpg,https://www.musinsa.com/products/5329361
2026-10-10,MONTHLY,M,50,31,002,아우터,1558197,무신사 스탠다드,릴렉스드 베이식 블레이저 [블랙],89890,99900,10,판매 17만개,126명이 보는 중,누적 판매 N만 돌파,False,https://image.msscdn.net/images/goods_img/20200820/1558197/1558197_17791521338764_500.jpg,https://www.musinsa.com/products/1558197
2026-10-10,MONTHLY,M,51,32,003,바지,6233645,비긴202,엣지 워크 라보 팬츠 [카키 올리브],134100,149000,10,판매 1.4천개,96명이 보는 중,누적 판매 N만 돌파,False,https://image.msscdn.net/images/goods_img/20260401/6233645/6233645_17866844165326_500.jpg,https://www.musinsa.com/products/6233645
2026-10-10,MONTHLY,M,53,33,003,바지,3791988,필루미네이트,데미지 워시드 데님 팬츠-미디엄 블루,39000,53000,26,판매 17만개,174명이 보는 중,누적 판매 N만 돌파,False,https://image.msscdn.net/images/goods_img/20240112/3791988/3791988_17894491801613_500.jpg,https://www.musinsa.com/products/3791988
2026-10-10,MONTHLY,M,54,34,002,아우터,7071805,데이,워시드 코튼 트랙 자켓_KHAKI,74500,109000,32,판매 1.7천개,160명이 보는 중,누적 판매 N만 돌파,False,https://image.msscdn.net/images/goods_img/20260813/7071805/7071805_17883113376245_500.jpg,https://www.musinsa.com/products/7071805
2026-10-10,MONTHLY,M,59,35,002,아우터,6838640,스파오,[씬라이트] 후드 재킷_SPJPG4TC24,48520,59900,19,판매 1.3만개,901명이 보는 중 / 38명이 구매 중,누적 판매 N만 돌파,False,https://image.msscdn.net/images/goods_img/20260714/6838640/6838640_17896088498128_500.jpg,https://www.musinsa.com/products/6838640
2026-10-10,MONTHLY,M,62,36,002,아우터,2723218,디미트리블랙,ASI 2WAY 어센틱 후드 윈드브레이커 자켓_블랙,39900,85900,54,판매 5.9만개,140명이 보는 중,누적 판매 N만 돌파,False,https://image.msscdn.net/images/goods_img/20220817/2723218/2723218_17603312716294_500.jpg,https://www.musinsa.com/products/2723218
2026-10-10,MONTHLY,M,63,37,002,아우터,5622642,헬리녹스 웨어,이클립스 팩 다운 자켓 Black,520000,520000,0,,74명이 보는 중,none,False,https://image.msscdn.net/images/goods_img/20251021/5622642/5622642_17900586166772_500.jpg,https://www.musinsa.com/products/5622642
2026-10-10,MONTHLY,M,64,38,002,아우터,7140447,드로우핏,[너드킹X드로우핏] 몰스킨 코튼 블루종 자켓 [3color],139200,174000,20,판매 2.2천개,96명이 보는 중,누적 판매 N만 돌파,False,https://image.msscdn.net/images/goods_img/20260824/7140447/7140447_17883950783764_500.jpg,https://www.musinsa.com/products/7140447
2026-10-10,MONTHLY,M,65,39,002,아우터,7062499,도프제이슨,바인딩 하이넥 코튼 자켓 KHAKI,189000,218000,13,,28명이 보는 중,none,False,https://image.msscdn.net/images/goods_img/20260812/7062499/7062499_17884839560585_500.jpg,https://www.musinsa.com/products/7062499
2026-10-10,MONTHLY,M,66,40,003,바지,7056686,디키즈,더블니 85283 루즈핏 워크팬츠 Black,75000,75000,0,판매 1.9천개,137명이 보는 중,누적 판매 N만 돌파,False,https://image.msscdn.net/images/goods_img/20260812/7056686/7056686_17896217443659_500.jpg,https://www.musinsa.com/products/7056686
2026-10-10,MONTHLY,M,67,41,002,아우터,5437995,언더오프,세미 오버 크롭핏 라운드 가디건 다크그레이,42900,56900,25,판매 1.4만개,56명이 보는 중,누적 판매 N만 돌파,False,https://image.msscdn.net/images/goods_img/20250910/5437995/5437995_17574914279504_500.jpg,https://www.musinsa.com/products/5437995
2026-10-10,MONTHLY,M,69,42,003,바지,2112059,가까이 유니언즈,[여름 or 기모 or 사계절 원단 선택] 원턱 와이드 스웨트팬츠 그레이,31200,52000,40,판매 51만개,111명이 보는 중,누적 판매 N만 돌파,False,https://image.msscdn.net/images/goods_img/20210906/2112059/2112059_17473624399256_500.jpg,https://www.musinsa.com/products/2112059
2026-10-10,MONTHLY,M,71,43,003,바지,4993414,시그니처,와이드 커브드 다트 코튼 팬츠[베이지],39990,53000,25,판매 5.7만개,185명이 보는 중,누적 판매 N만 돌파,False,https://image.msscdn.net/images/goods_img/20250407/4993414/4993414_17883391236407_500.jpg,https://www.musinsa.com/products/4993414
2026-10-10,MONTHLY,M,72,44,002,아우터,6100901,닉켈하우스,닉켈 26 동키 후드집업,99500,149000,33,판매 8.6천개,163명이 보는 중,누적 판매 N만 돌파,False,https://image.msscdn.net/images/goods_img/20260309/6100901/6100901_17730403884837_500.jpg,https://www.musinsa.com/products/6100901
2026-10-10,MONTHLY,M,73,45,003,바지,5802209,오프메이드,[기모추가] 사이드핀턱 와이드 스웨트팬츠 핀턱 트레이닝바지,23850,42700,44,판매 2.6만개,202명이 보는 중,누적 판매 N만 돌파,False,https://image.msscdn.net/images/goods_img/20251203/5802209/5802209_17647571154103_500.jpg,https://www.musinsa.com/products/5802209
2026-10-10,MONTHLY,M,75,46,002,아우터,1576682,도프제이슨,오버핏 램스킨 싱글 자켓,269000,360000,25,판매 2.8만개,93명이 보는 중,누적 판매 N만 돌파,False,https://image.msscdn.net/images/goods_img/20200901/1576682/1576682_6_500.jpg,https://www.musinsa.com/products/1576682
2026-10-10,MONTHLY,M,76,47,002,아우터,5864289,디미트리블랙,ASI 포시즌 에센셜 후드 집업_데님 빈티지 블랙,39900,65900,39,판매 7천개,138명이 보는 중,누적 판매 N만 돌파,False,https://image.msscdn.net/images/goods_img/20251231/5864289/5864289_17679297909685_500.jpg,https://www.musinsa.com/products/5864289
2026-10-10,MONTHLY,M,77,48,002,아우터,6024471,폴로 랄프 로렌,트윌 재킷-미디움 베이지,459000,459000,0,판매 2.4천개,112명이 보는 중,누적 판매 N만 돌파,False,https://image.msscdn.net/images/goods_img/20260213/6024471/6024471_17721810823643_500.jpg,https://www.musinsa.com/products/6024471
2026-10-10,MONTHLY,M,79,49,003,바지,5866558,어널러코드,브루니 커브드 데님팬츠 (생지),44800,56000,20,판매 1.5만개,161명이 보는 중,누적 판매 N만 돌파,False,https://image.msscdn.net/images/goods_img/20260102/5866558/5866558_17673383555799_500.jpg,https://www.musinsa.com/products/5866558
2026-10-10,MONTHLY,M,80,50,001,상의,6999902,어널러코드,레이어드 헨리넥 니트 (네이비),37100,53000,30,판매 3천개,114명이 보는 중,누적 판매 N만 돌파,False,https://image.msscdn.net/images/goods_img/20260805/6999902/6999902_17872934835042_500.jpg,https://www.musinsa.com/products/6999902
2026-10-10,MONTHLY,M,81,51,001,상의,2086653,무신사 스탠다드,레이어드 크루 넥 티셔츠_일반 기장 [화이트],15900,15900,0,판매 66만개,94명이 보는 중,누적 판매 N만 돌파,False,https://image.msscdn.net/images/goods_img/20210825/2086653/2086653_17772494800708_500.jpg,https://www.musinsa.com/products/2086653
2026-10-10,MONTHLY,M,82,52,002,아우터,5386037,알리스,[데일리룸X알리스] 페이디드 그레인 코튼 블루종 자켓 [빈티지그레이],139400,164000,15,판매 4.3천개,81명이 보는 중,누적 판매 N만 돌파,False,https://image.msscdn.net/images/goods_img/20250901/5386037/5386037_17580105143984_500.jpg,https://www.musinsa.com/products/5386037
2026-10-10,MONTHLY,M,83,53,003,바지,1168922,무신사 스탠다드,리얼 와이드 히든 밴딩 슬랙스 [블랙],49900,49900,0,판매 13만개,27명이 보는 중,누적 판매 N만 돌파,False,https://image.msscdn.net/images/goods_img/20190927/1168922/1168922_17784624760417_500.jpg,https://www.musinsa.com/products/1168922
2026-10-10,MONTHLY,M,85,54,003,바지,5945001,비긴202,엣지 워크 라보 팬츠 [페이드 블랙],134100,149000,10,판매 3.6천개,38명이 보는 중,누적 판매 N만 돌파,False,https://image.msscdn.net/images/goods_img/20260127/5945001/5945001_17696701269304_500.jpg,https://www.musinsa.com/products/5945001
2026-10-10,MONTHLY,M,86,55,002,아우터,5312104,무신사 스탠다드,[시티 레저] 그리드 폴라 플리스 바라클라바 후디드 집업 [블랙],69900,69900,0,판매 4천개,117명이 보는 중,누적 판매 N만 돌파,False,https://image.msscdn.net/images/goods_img/20250812/5312104/5312104_17610152605690_500.jpg,https://www.musinsa.com/products/5312104
2026-10-10,MONTHLY,M,87,56,003,바지,7161034,디미트리블랙,VLAD 원턱 커브드 트랙 스웻 팬츠_(3심볼) 3 COLOR,29900,49200,39,판매 5.1천개,179명이 보는 중,누적 판매 N만 돌파,False,https://image.msscdn.net/images/goods_img/20260825/7161034/7161034_17879099065615_500.jpg,https://www.musinsa.com/products/7161034
2026-10-10,MONTHLY,M,89,57,002,아우터,3836510,에스피오나지,French Wide Work Jacket (Moleskin) Washed Blue,124100,146000,15,판매 4.7천개,99명이 보는 중,누적 판매 N만 돌파,False,https://image.msscdn.net/images/goods_img/20240131/3836510/3836510_17152161493815_500.jpg,https://www.musinsa.com/products/3836510
2026-10-10,MONTHLY,M,90,58,003,바지,6255589,알리스,[NERDKING x ALYSS] 슬릭 커브드 코튼 치노 팬츠_4COLOR,59200,74000,20,판매 1.6만개,294명이 보는 중,누적 판매 N만 돌파,False,https://image.msscdn.net/images/goods_img/20260403/6255589/6255589_17887458796825_500.jpg,https://www.musinsa.com/products/6255589
2026-10-10,MONTHLY,M,91,59,003,바지,2032901,무신사 스탠다드,릴렉스드 테이퍼드 히든 밴딩 크롭 슬랙스 [블랙],47390,49900,5,판매 8.5만개,53명이 보는 중,누적 판매 N만 돌파,False,https://image.msscdn.net/images/goods_img/20210719/2032901/2032901_17518455282793_500.jpg,https://www.musinsa.com/products/2032901
2026-10-10,MONTHLY,M,92,60,002,아우터,5994876,아디다스,파이어버드 우븐 트랙탑 - 블랙 / KE1366,107070,129000,17,판매 4.2천개,46명이 보는 중,누적 판매 N만 돌파,False,https://image.msscdn.net/images/goods_img/20260209/5994876/5994876_17706911763333_500.jpg,https://www.musinsa.com/products/5994876
2026-10-10,MONTHLY,M,93,61,001,상의,4711529,로템버,[데일리룸 X 로템버] 오디너리 크롭 스트라이프 셔츠 [WHITE] 단품/SET,59200,74000,20,판매 2.2만개,58명이 보는 중,누적 판매 N만 돌파,False,https://image.msscdn.net/images/goods_img/20250110/4711529/4711529_17727599688374_500.jpg,https://www.musinsa.com/products/4711529
2026-10-10,MONTHLY,M,94,62,001,상의,5866769,트릴리온,에센셜 옥스포드 크롭 스트라이프 셔츠_3color,29990,45000,33,판매 1.1만개,79명이 보는 중,누적 판매 N만 돌파,False,https://image.msscdn.net/images/goods_img/20260102/5866769/5866769_17914357527361_500.jpg,https://www.musinsa.com/products/5866769
2026-10-10,MONTHLY,M,95,63,001,상의,7074174,트릴리온,워셔블 브이넥 레이어드 긴팔 니트_4color,36990,57000,35,판매 5.3천개,125명이 보는 중,누적 판매 N만 돌파,False,https://image.msscdn.net/images/prd_img/20260813/7074174/detail_7074174_17876438095838_500.jpg,https://www.musinsa.com/products/7074174
2026-10-10,MONTHLY,M,96,64,002,아우터,4619899,무신사 스탠다드,신세틱 스웨이드 레이서 재킷 [브라운],129900,129900,0,판매 2.8천개,30명이 보는 중,누적 판매 N만 돌파,False,https://image.msscdn.net/images/goods_img/20241118/4619899/4619899_17392629267675_500.jpg,https://www.musinsa.com/products/4619899
2026-10-10,MONTHLY,M,97,65,003,바지,5717317,워크온바디오프,에즈 릴렉스 세미 와이드 데님 팬츠 (7color),39900,57000,30,판매 5.4만개,149명이 보는 중,누적 판매 N만 돌파,False,https://image.msscdn.net/images/goods_img/20251111/5717317/5717317_17890307909774_500.jpg,https://www.musinsa.com/products/5717317
2026-10-10,MONTHLY,M,99,66,002,아우터,7109331,수아레,파인 메리노 울 100 라운드 가디건 - 5 COLOR,62910,100000,37,판매 3.7천개,106명이 보는 중,누적 판매 N만 돌파,False,https://image.msscdn.net/images/goods_img/20260819/7109331/7109331_17890238530762_500.jpg,https://www.musinsa.com/products/7109331
2026-10-10,MONTHLY,M,100,67,001,상의,5275916,드로우핏,[패션플래닛X드로우핏] 워시드 크롭 옥스퍼드 셔츠 [5color],49500,55000,10,판매 1.9만개,89명이 보는 중,누적 판매 N만 돌파,False,https://image.msscdn.net/images/goods_img/20250728/5275916/5275916_17564335238263_500.jpg,https://www.musinsa.com/products/5275916
2026-10-10,MONTHLY,M,101,68,003,바지,7171516,노운,워시드 아크 팬츠 (더스티 네이비),158000,158000,0,,104명이 보는 중,none,False,https://image.msscdn.net/images/goods_img/20260826/7171516/7171516_17877928775317_500.jpg,https://www.musinsa.com/products/7171516
2026-10-10,MONTHLY,M,103,69,002,아우터,1620287,폴로 랄프 로렌,바이스윙 윈드브레이커 - 블랙,369000,369000,0,판매 1만개,102명이 보는 중,누적 판매 N만 돌파,False,https://image.msscdn.net/images/goods_img/20200923/1620287/1620287_2_500.jpg,https://www.musinsa.com/products/1620287
2026-10-10,MONTHLY,M,104,70,002,아우터,3758212,무신사 스탠다드,[시티 레저] 라이트웨이트 패커블 윈드브레이커 재킷 [블랙],39900,39900,0,판매 3.3만개,98명이 보는 중,누적 판매 N만 돌파,False,https://image.msscdn.net/images/goods_img/20231215/3758212/3758212_17764183712161_500.jpg,https://www.musinsa.com/products/3758212
2026-10-10,MONTHLY,M,110,71,001,상의,983339,무신사 스탠다드,베이식 드레스 셔츠 [화이트],33890,39900,15,판매 9.9만개,34명이 보는 중,누적 판매 N만 돌파,False,https://image.msscdn.net/images/goods_img/20190315/983339/983339_17833270978891_500.jpg,https://www.musinsa.com/products/983339
2026-10-10,MONTHLY,M,111,72,001,상의,7109260,수아레,[젠플록스X수아레] 데일리 라운드 크롭 가디건 - 5 COLOR,35910,59000,39,판매 8.6천개,224명이 보는 중,누적 판매 N만 돌파,False,https://image.msscdn.net/images/goods_img/20260819/7109260/7109260_17881382407417_500.jpg,https://www.musinsa.com/products/7109260
2026-10-10,MONTHLY,M,112,73,003,바지,4556447,스켈리웩,[기모선택] 커브드 원턱 스웨트 팬츠[블랙],34900,59000,41,판매 2.9만개,121명이 보는 중,누적 판매 N만 돌파,False,https://image.msscdn.net/images/goods_img/20241024/4556447/4556447_17890205647368_500.jpg,https://www.musinsa.com/products/4556447
2026-10-10,MONTHLY,M,113,74,003,바지,5864297,디미트리블랙,[10주년기획] ©모두의 커브드 치노 팬츠_6 COLOR,29900,50000,40,판매 2.8만개,219명이 보는 중,누적 판매 N만 돌파,False,https://image.msscdn.net/images/goods_img/20251231/5864297/5864297_17872891084878_500.jpg,https://www.musinsa.com/products/5864297
2026-10-10,MONTHLY,M,114,75,003,바지,2611226,무신사 스탠다드,레플리카 퍼티그 팬츠 [세이지 그린],43890,49900,12,판매 1.9만개,128명이 보는 중,누적 판매 N만 돌파,False,https://image.msscdn.net/images/goods_img/20220613/2611226/2611226_17827086766776_500.jpg,https://www.musinsa.com/products/2611226
2026-10-10,MONTHLY,M,116,76,001,상의,5369031,마인드브릿지,와플 헨리넥 데일리 티셔츠 - 4color,35900,59900,40,판매 1.1만개,162명이 보는 중,누적 판매 N만 돌파,False,https://image.msscdn.net/images/goods_img/20250827/5369031/5369031_17754535282278_500.jpg,https://www.musinsa.com/products/5369031
2026-10-10,MONTHLY,M,118,77,001,상의,5276013,트릴리온,레더 패치 데님 카라 럭비 맨투맨_네이비,33990,50000,32,판매 3만개,162명이 보는 중,누적 판매 N만 돌파,False,https://image.msscdn.net/images/goods_img/20250728/5276013/5276013_17545474942483_500.jpg,https://www.musinsa.com/products/5276013
2026-10-10,MONTHLY,M,120,78,002,아우터,5318935,키뮤어,리버시블 체크 헤링턴 점퍼_네이비,135200,169000,20,판매 2.5천개,84명이 보는 중,누적 판매 N만 돌파,False,https://image.msscdn.net/images/goods_img/20250813/5318935/5318935_17870117990806_500.jpg,https://www.musinsa.com/products/5318935
2026-10-10,MONTHLY,M,121,79,002,아우터,6982363,필루미네이트,헤비 코튼 세미 크롭 후드 집 업-3Color,49900,69000,28,판매 5.3천개,106명이 보는 중,누적 판매 N만 돌파,False,https://image.msscdn.net/images/goods_img/20260803/6982363/6982363_17881563763787_500.jpg,https://www.musinsa.com/products/6982363
2026-10-10,MONTHLY,M,122,80,002,아우터,3551101,블랙모먼트,비건 스웨이드 오버핏 미니멀 인시전 스트레이트 집업 자켓 [브라운],32950,139000,76,판매 4.5만개,136명이 보는 중,누적 판매 N만 돌파,False,https://image.msscdn.net/images/goods_img/20230912/3551101/3551101_16970790961650_500.jpg,https://www.musinsa.com/products/3551101
2026-10-10,MONTHLY,M,124,81,002,아우터,7011224,폴로 랄프 로렌,빅 재킷-네이비,499000,499000,0,,46명이 보는 중,none,False,https://image.msscdn.net/images/goods_img/20260806/7011224/7011224_17872892978707_500.jpg,https://www.musinsa.com/products/7011224
2026-10-10,MONTHLY,M,126,82,003,바지,750908,후러브스아트,유니섹스 세미 와이드 밴딩 슬랙스 블랙,29700,54000,45,판매 64만개,55명이 보는 중,누적 판매 N만 돌파,False,https://image.msscdn.net/images/goods_img/20180406/750908/750908_17736379434172_500.jpg,https://www.musinsa.com/products/750908
2026-10-10,MONTHLY,M,128,83,002,아우터,5148062,무신사 스탠다드,[시티 레저] 후디드 라이트 다운 재킷 [스톤 화이트],109900,109900,0,판매 5.9천개,181명이 보는 중,누적 판매 N만 돌파,False,https://image.msscdn.net/images/goods_img/20250527/5148062/5148062_17890954956308_500.jpg,https://www.musinsa.com/products/5148062
2026-10-10,MONTHLY,M,129,84,003,바지,7118499,다이브인,[DIVEIN X 무민서] WASHED VERN CARGO PANTS (BLACK),119000,119000,0,판매 1.4천개,78명이 보는 중,누적 판매 N만 돌파,False,https://image.msscdn.net/images/goods_img/20260820/7118499/7118499_17882311916649_500.jpg,https://www.musinsa.com/products/7118499
2026-10-10,MONTHLY,M,130,85,002,아우터,5148059,무신사 스탠다드,[시티 레저] 후디드 라이트 다운 재킷 [라이트 그레이],109900,109900,0,판매 6천개,132명이 보는 중,누적 판매 N만 돌파,False,https://image.msscdn.net/images/goods_img/20250527/5148059/5148059_17890557888857_500.jpg,https://www.musinsa.com/products/5148059
2026-10-10,MONTHLY,M,132,86,002,아우터,4619898,무신사 스탠다드,신세틱 스웨이드 레이서 재킷 [블랙],129900,129900,0,판매 2.3천개,29명이 보는 중,누적 판매 N만 돌파,False,https://image.msscdn.net/images/goods_img/20241118/4619898/4619898_17392629475544_500.jpg,https://www.musinsa.com/products/4619898
2026-10-10,MONTHLY,M,134,87,002,아우터,7225502,커스텀어클락,[COCLX오정규] 울 2-WAY 블루종 자켓 블랙 COOSJK045BLACK,143200,179000,20,,29명이 보는 중,none,False,https://image.msscdn.net/images/goods_img/20260902/7225502/7225502_17901391915760_500.jpg,https://www.musinsa.com/products/7225502
2026-10-10,MONTHLY,M,136,88,002,아우터,3783694,드로우핏,인시전 레더 블루종 자켓 [BLACK],139200,174000,20,판매 4.3천개,50명이 보는 중,누적 판매 N만 돌파,False,https://image.msscdn.net/images/goods_img/20240109/3783694/3783694_17568603377156_500.jpg,https://www.musinsa.com/products/3783694
2026-10-10,MONTHLY,M,138,89,001,상의,6565989,무신사 스탠다드,레귤러 긴소매 크롭 티셔츠 [블랙],25900,25900,0,판매 3.7천개,120명이 보는 중,누적 판매 N만 돌파,False,https://image.msscdn.net/images/goods_img/20260528/6565989/6565989_17834906104120_500.jpg,https://www.musinsa.com/products/6565989
2026-10-10,MONTHLY,M,139,90,002,아우터,6876831,스파오,[3-LAYER] 테크니컬 윈드브레이커_SPJJG49C70,64730,89900,28,판매 4천개,108명이 보는 중,누적 판매 N만 돌파,False,https://image.msscdn.net/images/goods_img/20260720/6876831/6876831_17853924810722_500.png,https://www.musinsa.com/products/6876831
2026-10-10,MONTHLY,M,141,91,001,상의,7323122,더니트컴퍼니,[스토커즈 콜라보] 코지 플리스 쿼터 집업 니트 4color,79000,109000,28,판매 2.1천개,246명이 보는 중,누적 판매 N만 돌파,False,https://image.msscdn.net/images/goods_img/20260914/7323122/7323122_17900453220017_500.jpg,https://www.musinsa.com/products/7323122
2026-10-10,MONTHLY,M,142,92,002,아우터,5328219,효지,FW 워셔블 에센셜 라운드 크롭 니트 가디건 (7컬러),52900,75000,29,판매 2.8만개,128명이 보는 중,누적 판매 N만 돌파,False,https://image.msscdn.net/images/goods_img/20250817/5328219/5328219_17882420171560_500.jpg,https://www.musinsa.com/products/5328219
2026-10-10,MONTHLY,M,143,93,001,상의,2723767,수아레,(XXL 추가) 데일리 라운드 니트 - 12 COLOR,33000,49000,33,판매 30만개,187명이 보는 중,누적 판매 N만 돌파,False,https://image.msscdn.net/images/goods_img/20220818/2723767/2723767_17292130151891_500.jpg,https://www.musinsa.com/products/2723767
2026-10-10,MONTHLY,M,144,94,002,아우터,5424518,데이,크롭 스웨이드 카라 자켓_BROWN,57500,78000,26,판매 5천개,91명이 보는 중,누적 판매 N만 돌파,False,https://image.msscdn.net/images/goods_img/20250909/5424518/5424518_17905697842662_500.jpg,https://www.musinsa.com/products/5424518
2026-10-10,MONTHLY,M,145,95,002,아우터,5907641,아디다스,파이어버드 트랙탑 - 블랙 / KD8312,119000,119000,0,판매 7.5천개,59명이 보는 중,누적 판매 N만 돌파,False,https://image.msscdn.net/images/goods_img/20260119/5907641/5907641_17688014871919_500.jpg,https://www.musinsa.com/products/5907641
2026-10-10,MONTHLY,M,146,96,001,상의,7032979,알리스,[패션플래닛 X 알리스] 레이어드 헨리넥 크롭 니트 티_3COLOR,55200,69000,20,판매 4.1천개,54명이 보는 중,누적 판매 N만 돌파,False,https://image.msscdn.net/images/goods_img/20260810/7032979/7032979_17872945342697_500.png,https://www.musinsa.com/products/7032979
2026-10-10,MONTHLY,M,147,97,002,아우터,5369990,엔티비씨,2Way 후드 경량 패딩 점퍼,49900,99000,50,판매 3만개,200명이 보는 중,누적 판매 N만 돌파,False,https://image.msscdn.net/images/goods_img/20250827/5369990/5369990_17896988478854_500.jpg,https://www.musinsa.com/products/5369990
2026-10-10,MONTHLY,M,148,98,002,아우터,7153965,노이즈,에이징 레더 워커 자켓_[BLACK],160550,169000,5,,80명이 보는 중,none,False,https://image.msscdn.net/images/goods_img/20260825/7153965/7153965_17894639362630_500.jpg,https://www.musinsa.com/products/7153965
2026-10-10,MONTHLY,M,149,99,002,아우터,4344495,핍스 모터사이클,Piping Motorcycle Blouson Jacket Black,158900,199000,20,판매 3.4천개,29명이 보는 중,누적 판매 N만 돌파,False,https://image.msscdn.net/images/goods_img/20240819/4344495/4344495_17763089781557_500.jpg,https://www.musinsa.com/products/4344495
2026-10-10,MONTHLY,M,150,100,003,바지,5746361,무신사 스탠다드,엑스트라 와이드 투 턱 히든 밴딩 슬랙스 [블랙],56890,59900,5,판매 5천개,48명이 보는 중,누적 판매 N만 돌파,False,https://image.msscdn.net/images/goods_img/20251118/5746361/5746361_17876228885118_500.jpg,https://www.musinsa.com/products/5746361
2026-10-10,MONTHLY,M,151,101,003,바지,3663072,토피,모어 와이드 데님 팬츠 (WASHED RAW BLACK),42000,49000,14,판매 8.5만개,90명이 보는 중,누적 판매 N만 돌파,False,https://image.msscdn.net/images/goods_img/20231027/3663072/3663072_16988871011427_500.jpg,https://www.musinsa.com/products/3663072
2026-10-10,MONTHLY,M,153,102,001,상의,7081442,데이,레이어드 골지 헨리넥 티셔츠_4 COLOR,38500,55000,30,판매 3.3천개,85명이 보는 중,누적 판매 N만 돌파,False,https://image.msscdn.net/images/goods_img/20260814/7081442/7081442_17875557368606_500.jpg,https://www.musinsa.com/products/7081442
2026-10-10,MONTHLY,M,155,103,002,아우터,5688003,제로,풀 집 핑거 홀 스웨트 셔츠 [블랙],39000,39000,0,판매 8.1천개,56명이 보는 중,누적 판매 N만 돌파,False,https://image.msscdn.net/images/goods_img/20251105/5688003/5688003_17627599204861_500.jpg,https://www.musinsa.com/products/5688003
2026-10-10,MONTHLY,M,156,104,002,아우터,5318976,키뮤어,스웨이드 바이커 자켓_브라운,170100,189000,10,판매 2.4천개,110명이 보는 중,누적 판매 N만 돌파,False,https://image.msscdn.net/images/goods_img/20250813/5318976/5318976_17870118559641_500.jpg,https://www.musinsa.com/products/5318976
2026-10-10,MONTHLY,M,157,105,001,상의,7282189,디미트리블랙,© 모두의 SUPIMA® 코튼 니트_(헨리넥) 3COLOR,39900,55500,28,판매 2.6천개,286명이 보는 중,누적 판매 N만 돌파,False,https://image.msscdn.net/images/goods_img/20260909/7282189/7282189_17897090388279_500.jpg,https://www.musinsa.com/products/7282189
2026-10-10,MONTHLY,M,158,106,002,아우터,7348210,헬리녹스 웨어,이클립스 팩 다운 자켓_Beige,520000,520000,0,,44명이 보는 중,none,False,https://image.msscdn.net/images/goods_img/20260916/7348210/7348210_17900589854617_500.jpg,https://www.musinsa.com/products/7348210
2026-10-10,MONTHLY,M,159,107,001,상의,5438121,디스이즈네버댓,T-Logo Hoodie Heather Grey,109000,109000,0,판매 7.7천개,119명이 보는 중,누적 판매 N만 돌파,False,https://image.msscdn.net/images/goods_img/20250910/5438121/5438121_17682811390976_500.jpg,https://www.musinsa.com/products/5438121
2026-10-10,MONTHLY,M,161,108,002,아우터,7225507,커스텀어클락,[COCLX오정규] 울 2-WAY 블루종 자켓 차콜 COOSJK045CHARCOAL,143200,179000,20,,48명이 보는 중,none,False,https://image.msscdn.net/images/goods_img/20260902/7225507/7225507_17901391428457_500.jpg,https://www.musinsa.com/products/7225507
2026-10-10,MONTHLY,M,162,109,001,상의,5251265,리메인세컨드,오버핏 플란넬 포켓 체크 셔츠 [딥블루],25600,43500,41,판매 1.1만개,102명이 보는 중,누적 판매 N만 돌파,False,https://image.msscdn.net/images/goods_img/20250716/5251265/5251265_17872912962879_500.jpg,https://www.musinsa.com/products/5251265
2026-10-10,MONTHLY,M,164,110,001,상의,4306299,브론슨,Blue Chambray Work Shirt KR Ver. Light Indigo,66600,74000,10,판매 1.7만개,35명이 보는 중,누적 판매 N만 돌파,False,https://image.msscdn.net/images/goods_img/20240807/4306299/4306299_17737170274339_500.jpg,https://www.musinsa.com/products/4306299
2026-10-10,MONTHLY,M,168,111,001,상의,6970137,트릴리온,빈티지 우드 버튼 데님 긴팔 셔츠_4color,33990,58000,41,판매 3.6천개,74명이 보는 중,누적 판매 N만 돌파,False,https://image.msscdn.net/images/goods_img/20260731/6970137/6970137_17870517011395_500.jpg,https://www.musinsa.com/products/6970137
2026-10-10,MONTHLY,M,170,112,003,바지,5945210,디미트리블랙,[10주년기획] © 모두의 밴딩 커브드 슬랙스_3 COLOR,29900,50000,40,판매 2.7만개,159명이 보는 중,누적 판매 N만 돌파,False,https://image.msscdn.net/images/goods_img/20260127/5945210/5945210_17696887586961_500.jpg,https://www.musinsa.com/products/5945210
2026-10-10,MONTHLY,M,172,113,003,바지,3404705,무신사 스탠다드,[시티 레저] CN 와이드 벨티드 파라슈트 팬츠 [블랙],61490,69900,12,판매 3.4만개,94명이 보는 중,누적 판매 N만 돌파,False,https://image.msscdn.net/images/goods_img/20230712/3404705/3404705_17134029927665_500.jpg,https://www.musinsa.com/products/3404705
2026-10-10,MONTHLY,M,173,114,003,바지,4225253,무신사 스탠다드,플레어 데님 팬츠 [블랙],49900,49900,0,판매 7.9천개,115명이 보는 중,누적 판매 N만 돌파,False,https://image.msscdn.net/images/goods_img/20240701/4225253/4225253_17569513691239_500.jpg,https://www.musinsa.com/products/4225253
2026-10-10,MONTHLY,M,174,115,003,바지,7118493,다이브인,[DIVEIN X 무민서] WASHED VERN CARGO PANTS (KHAKI),119000,119000,0,,39명이 보는 중,none,False,https://image.msscdn.net/images/goods_img/20260820/7118493/7118493_17882312601833_500.jpg,https://www.musinsa.com/products/7118493
2026-10-10,MONTHLY,M,175,116,002,아우터,3793565,무신사 스탠다드,[시티 레저] 시어 윈드브레이커 재킷 [블랙],49900,49900,0,판매 2.2만개,97명이 보는 중,누적 판매 N만 돌파,False,https://image.msscdn.net/images/goods_img/20240112/3793565/3793565_17738965169888_500.jpg,https://www.musinsa.com/products/3793565
2026-10-10,MONTHLY,M,176,117,003,바지,3467384,에이지오디,와이드 빅포켓 코튼 카고 밴딩 팬츠 [카키],28700,41000,30,판매 3.5만개,98명이 보는 중,누적 판매 N만 돌파,False,https://image.msscdn.net/images/goods_img/20230816/3467384/3467384_17895319440164_500.jpg,https://www.musinsa.com/products/3467384
2026-10-10,MONTHLY,M,179,118,001,상의,7011611,더니트컴퍼니,[스토커즈 콜라보] 워셔블 에센셜 크루넥 니트 10color,35940,59900,40,판매 1.2만개,325명이 보는 중,누적 판매 N만 돌파,False,https://image.msscdn.net/images/goods_img/20260806/7011611/7011611_17877304589326_500.jpg,https://www.musinsa.com/products/7011611
2026-10-10,MONTHLY,M,180,119,003,바지,5367961,디미트리블랙,VLAD 원턱 커브드 트랙 스웻 팬츠_피그먼트 차콜,29900,49200,39,판매 5.6만개,177명이 보는 중,누적 판매 N만 돌파,False,https://image.msscdn.net/images/goods_img/20250827/5367961/5367961_17564338248285_500.jpg,https://www.musinsa.com/products/5367961
2026-10-10,MONTHLY,M,182,120,002,아우터,5424825,데이,크롭 스웨이드 바이커 자켓_BROWN,62500,85000,26,판매 4.9천개,56명이 보는 중,누적 판매 N만 돌파,False,https://image.msscdn.net/images/goods_img/20250909/5424825/5424825_17905693642139_500.jpg,https://www.musinsa.com/products/5424825
2026-10-10,MONTHLY,M,185,121,002,아우터,4619903,무신사 스탠다드,신세틱 스웨이드 워크 재킷 [블랙],129900,129900,0,판매 2.5천개,12명이 보는 중,누적 판매 N만 돌파,False,https://image.msscdn.net/images/goods_img/20241118/4619903/4619903_17398678029571_500.jpg,https://www.musinsa.com/products/4619903
2026-10-10,MONTHLY,M,186,122,001,상의,7109397,수아레,파인 메리노 울 100 니트 (2종),59310,95000,38,판매 4.6천개,147명이 보는 중,누적 판매 N만 돌파,False,https://image.msscdn.net/images/goods_img/20260819/7109397/7109397_17890237741596_500.jpg,https://www.musinsa.com/products/7109397
2026-10-10,MONTHLY,M,189,123,002,아우터,3046279,아웃스탠딩,SELVEDGE DENIM 2ND JACKET_INDIGO,152100,169000,10,판매 8.8천개,91명이 보는 중,누적 판매 N만 돌파,False,https://image.msscdn.net/images/goods_img/20230130/3046279/3046279_17684404870062_500.jpg,https://www.musinsa.com/products/3046279
2026-10-10,MONTHLY,M,190,124,002,아우터,5329567,아디다스,BB 트랙탑 - 블랙:크림화이트 / KC9299,103990,139000,25,판매 8.1천개,190명이 보는 중,누적 판매 N만 돌파,False,https://image.msscdn.net/images/goods_img/20250818/5329567/5329567_17573005097318_500.jpg,https://www.musinsa.com/products/5329567
2026-10-10,MONTHLY,M,191,125,002,아우터,4332629,247시리즈,레더 프렌치 워크 자켓 BLACK,121640,159000,23,판매 1.3천개,20명이 보는 중,누적 판매 N만 돌파,False,https://image.msscdn.net/images/goods_img/20240814/4332629/4332629_17745755556673_500.jpg,https://www.musinsa.com/products/4332629
2026-10-10,MONTHLY,M,192,126,001,상의,5487078,후브스,[2PACK] 울 블랜드 크롭 니트,78900,121000,35,판매 8.9천개,23명이 보는 중,누적 판매 N만 돌파,False,https://image.msscdn.net/images/goods_img/20250918/5487078/5487078_17582845187951_500.jpg,https://www.musinsa.com/products/5487078
2026-10-10,MONTHLY,M,193,127,002,아우터,3455892,필루미네이트,타슬란 윈드 테이커 자켓-블랙,69000,89000,22,판매 2.3만개,88명이 보는 중,누적 판매 N만 돌파,False,https://image.msscdn.net/images/goods_img/20230809/3455892/3455892_17827964402390_500.jpg,https://www.musinsa.com/products/3455892
2026-10-10,MONTHLY,M,197,128,002,아우터,5943430,아디다스,와플 클래식 트랙탑 - 다크브라운 / KQ6865,108990,129000,16,판매 2천개,86명이 보는 중,누적 판매 N만 돌파,False,https://image.msscdn.net/images/goods_img/20260127/5943430/5943430_17745057427088_500.jpg,https://www.musinsa.com/products/5943430
2026-10-10,MONTHLY,M,198,129,003,바지,5275962,드로우핏,[패션플래닛X드로우핏] 세미 와이드 치노 팬츠 [6color],59400,66000,10,판매 1.9만개,83명이 보는 중,누적 판매 N만 돌파,False,https://image.msscdn.net/images/goods_img/20250728/5275962/5275962_17564335392185_500.jpg,https://www.musinsa.com/products/5275962
2026-10-10,MONTHLY,M,199,130,003,바지,5773115,어널러코드,브루니 커브드 코튼 팬츠 (3color),38160,53000,28,판매 2.8만개,116명이 보는 중,누적 판매 N만 돌파,False,https://image.msscdn.net/images/goods_img/20251125/5773115/5773115_17641308796401_500.png,https://www.musinsa.com/products/5773115
2026-10-10,MONTHLY,M,201,131,003,바지,4797155,니티드,커브드 트레이닝 팬츠 BLACK,42080,72000,42,판매 5.2천개,102명이 보는 중,누적 판매 N만 돌파,False,https://image.msscdn.net/images/goods_img/20250218/4797155/4797155_17773597642817_500.jpg,https://www.musinsa.com/products/4797155
2026-10-10,MONTHLY,M,202,132,002,아우터,5570910,핍스 모터사이클,H-Tech Storm Shield Parka Light Gray,179000,259000,31,판매 1.9천개,66명이 보는 중,누적 판매 N만 돌파,False,https://image.msscdn.net/images/goods_img/20251005/5570910/5570910_17682678822720_500.jpg,https://www.musinsa.com/products/5570910
2026-10-10,MONTHLY,M,203,133,002,아우터,7325581,미세키서울 맨,Diagonal panel padding jacket BLACK,219300,258000,15,,213명이 보는 중,none,False,https://image.msscdn.net/images/goods_img/20260914/7325581/7325581_17908205631273_500.jpg,https://www.musinsa.com/products/7325581
2026-10-10,MONTHLY,M,204,134,001,상의,3973556,언탭트 스튜디오,[3PACK]퓨어코튼 24수  롱기장 레이어드 무지 반팔 티셔츠,24980,36900,32,판매 4.4만개,146명이 보는 중,누적 판매 N만 돌파,False,https://image.msscdn.net/images/goods_img/20240320/3973556/3973556_17657835585342_500.jpg,https://www.musinsa.com/products/3973556
2026-10-10,MONTHLY,M,205,135,002,아우터,6518233,아디다스,스케이트보딩 빈티지 슈퍼 파이어버드 트랙탑 - 블랙:크림화이트 / KS9189,103990,139000,25,,24명이 보는 중,none,False,https://image.msscdn.net/images/goods_img/20260520/6518233/6518233_17793520298313_500.jpg,https://www.musinsa.com/products/6518233
2026-10-10,MONTHLY,M,206,136,002,아우터,1108007,무신사 스탠다드,베이식 블레이저 [블랙],84890,99900,15,판매 14만개,74명이 보는 중,누적 판매 N만 돌파,False,https://image.msscdn.net/images/goods_img/20190802/1108007/1108007_17896970765683_500.jpg,https://www.musinsa.com/products/1108007
2026-10-10,MONTHLY,M,207,137,002,아우터,6022760,런디,어반 크롭 왁스 자켓 - 블랙,170100,189000,10,판매 1.1천개,50명이 보는 중,누적 판매 N만 돌파,False,https://image.msscdn.net/images/goods_img/20260213/6022760/6022760_17872118704031_500.jpg,https://www.musinsa.com/products/6022760
2026-10-10,MONTHLY,M,210,138,002,아우터,3034346,에스피오나지,Mountain Wind Parka Black,139400,164000,15,판매 6.5천개,65명이 보는 중,누적 판매 N만 돌파,False,https://image.msscdn.net/images/goods_img/20230119/3034346/3034346_16756599638463_500.jpg,https://www.musinsa.com/products/3034346
2026-10-10,MONTHLY,M,216,139,003,바지,1844582,브렌슨,(Renew Ver.) 원턱 와이드 스웨트 팬츠 ( 8Color ) ( 기모선택 ),32900,41200,20,판매 39만개,116명이 보는 중,누적 판매 N만 돌파,False,https://image.msscdn.net/images/goods_img/20210315/1844582/1844582_17774456564921_500.jpg,https://www.musinsa.com/products/1844582
2026-10-10,MONTHLY,M,217,140,002,아우터,7071862,데이,스웨이드 레더 트랙 자켓_CHARCOAL BLACK,72500,105000,31,,114명이 보는 중,none,False,https://image.msscdn.net/images/goods_img/20260813/7071862/7071862_17883115245091_500.jpg,https://www.musinsa.com/products/7071862
2026-10-10,MONTHLY,M,218,141,001,상의,5292913,디스커스 애슬레틱,[2PACK/세미크롭핏] 스웨트 셔츠 6colors,69900,109000,36,판매 2.1만개,224명이 보는 중,누적 판매 N만 돌파,False,https://image.msscdn.net/images/goods_img/20250805/5292913/5292913_17667561980040_500.jpg,https://www.musinsa.com/products/5292913
2026-10-10,MONTHLY,M,219,142,001,상의,6009308,테이크이지,[기획] (2PACK 코튼16수) 솔리드 크롭 롱슬리브 - 3 COLOR,33800,75600,55,판매 6.5천개,67명이 보는 중,누적 판매 N만 돌파,False,https://image.msscdn.net/images/goods_img/20260211/6009308/6009308_17806251670642_500.jpg,https://www.musinsa.com/products/6009308
2026-10-10,MONTHLY,M,220,143,003,바지,4757347,언탭트 스튜디오,빈티지 프론트 워싱 와이드 벌룬 데님 팬츠 4Color,36800,52580,30,판매 7.8만개,310명이 보는 중,누적 판매 N만 돌파,False,https://image.msscdn.net/images/goods_img/20250204/4757347/4757347_17389245694198_500.jpg,https://www.musinsa.com/products/4757347
2026-10-10,MONTHLY,M,221,144,001,상의,2479911,쿠어,[2PACK] 수피마 코튼 티셔츠,44900,83000,46,판매 7.6만개,29명이 보는 중,누적 판매 N만 돌파,False,https://image.msscdn.net/images/goods_img/20220411/2479911/2479911_17731079454756_500.jpg,https://www.musinsa.com/products/2479911
2026-10-10,MONTHLY,M,222,145,002,아우터,7062981,비긴202,밀란 7D 립 다운 점퍼 [올리브 드랍],269100,299000,10,,22명이 보는 중,none,False,https://image.msscdn.net/images/goods_img/20260812/7062981/7062981_17866110915700_500.jpg,https://www.musinsa.com/products/7062981
2026-10-10,MONTHLY,M,223,146,001,상의,4705635,리메인세컨드,레트로 오버핏 코튼 플란넬 포켓 체크 셔츠 [그린],24600,58000,58,판매 1.2만개,63명이 보는 중,누적 판매 N만 돌파,False,https://image.msscdn.net/images/goods_img/20250108/4705635/4705635_17670774272725_500.jpg,https://www.musinsa.com/products/4705635
2026-10-10,MONTHLY,M,224,147,001,상의,6987937,수아레,데일리 브이넥 니트 - 6 COLOR,33000,49000,33,판매 5.5천개,106명이 보는 중,누적 판매 N만 돌파,False,https://image.msscdn.net/images/goods_img/20260804/6987937/6987937_17866909077012_500.jpg,https://www.musinsa.com/products/6987937
2026-10-10,MONTHLY,M,227,148,003,바지,6092186,무신사 스탠다드,솔리드 CP 커브드 치노 팬츠 (7 colors),47390,49900,5,판매 1.6만개,576명이 보는 중,누적 판매 N만 돌파,False,https://image.msscdn.net/images/goods_img/20260306/6092186/6092186_17901327939360_500.jpg,https://www.musinsa.com/products/6092186
2026-10-10,MONTHLY,M,228,149,001,상의,6565994,무신사 스탠다드,레귤러 긴소매 크롭 티셔츠 [화이트],25900,25900,0,판매 2.7천개,70명이 보는 중,누적 판매 N만 돌파,False,https://image.msscdn.net/images/goods_img/20260528/6565994/6565994_17876244882461_500.jpg,https://www.musinsa.com/products/6565994
2026-10-10,MONTHLY,M,229,150,002,아우터,5941538,데이,크롭 스웨이드 바이커 자켓_BEIGE,62500,85000,26,판매 2.8천개,121명이 보는 중,누적 판매 N만 돌파,False,https://image.msscdn.net/images/goods_img/20260127/5941538/5941538_17694865329384_500.jpg,https://www.musinsa.com/products/5941538
2026-10-10,MONTHLY,M,230,151,001,상의,1487679,브론슨,Tompkins Loopwheeled Tubular Tee 4 Color,40500,45000,10,판매 5.3만개,42명이 보는 중,누적 판매 N만 돌파,False,https://image.msscdn.net/images/goods_img/20200617/1487679/1487679_17738107008359_500.jpg,https://www.musinsa.com/products/1487679
2026-10-10,MONTHLY,M,231,152,003,바지,7217473,아르반,레거시 영 커브드 팬츠_더스티 블랙,161100,179000,10,,22명이 보는 중,none,False,https://image.msscdn.net/images/prd_img/20260901/7217473/detail_7217473_17890123046305_500.jpg,https://www.musinsa.com/products/7217473
2026-10-10,MONTHLY,M,234,153,001,상의,5318901,후브스,VTG 인터록 헨리넥 롱슬리브 [그레이],39200,49000,20,판매 7.8천개,81명이 보는 중,누적 판매 N만 돌파,False,https://image.msscdn.net/images/goods_img/20250813/5318901/5318901_17562667095205_500.jpg,https://www.musinsa.com/products/5318901
2026-10-10,MONTHLY,M,235,154,001,상의,854337,무신사 스탠다드,릴렉스 핏 옥스포드 셔츠 [화이트],33890,39900,15,판매 11만개,66명이 보는 중,누적 판매 N만 돌파,False,https://image.msscdn.net/images/goods_img/20180910/854337/854337_17829584758706_500.jpg,https://www.musinsa.com/products/854337
2026-10-10,MONTHLY,M,238,155,002,아우터,6719202,아디다스,트윌 트랙탑 - 블랙 / LC8253,139000,139000,0,,69명이 보는 중,none,False,https://image.msscdn.net/images/goods_img/20260623/6719202/6719202_17876451217121_500.jpg,https://www.musinsa.com/products/6719202
2026-10-10,MONTHLY,M,239,156,002,아우터,3783094,디미트리블랙,[크롭선택] ASI 포시즌 에센셜 후드 집업_스웻 멜란지,33900,55900,39,판매 4.7만개,161명이 보는 중,누적 판매 N만 돌파,False,https://image.msscdn.net/images/goods_img/20240109/3783094/3783094_17752015012983_500.jpg,https://www.musinsa.com/products/3783094
2026-10-10,MONTHLY,M,241,157,002,아우터,5498292,레더리,M-65 피쉬테일 오버핏 롱파카 [3COLOR],129550,199000,35,판매 6.8천개,74명이 보는 중,누적 판매 N만 돌파,False,https://image.msscdn.net/images/goods_img/20250919/5498292/5498292_17628429956754_500.jpg,https://www.musinsa.com/products/5498292
2026-10-10,MONTHLY,M,242,158,002,아우터,7161031,디미트리블랙,[Office] 올시즌 데일리 수트 셋업_2 COLOR,82900,128500,35,판매 1.6천개,91명이 보는 중,누적 판매 N만 돌파,False,https://image.msscdn.net/images/goods_img/20260825/7161031/7161031_17878927302965_500.jpg,https://www.musinsa.com/products/7161031
2026-10-10,MONTHLY,M,244,159,003,바지,1627892,무신사 스탠다드,레플리카 퍼티그 팬츠 [카키],43890,49900,12,판매 8.6만개,100명이 보는 중,누적 판매 N만 돌파,False,https://image.msscdn.net/images/goods_img/20200928/1627892/1627892_17827088773028_500.jpg,https://www.musinsa.com/products/1627892
2026-10-10,MONTHLY,M,245,160,001,상의,5983841,무신사 스탠다드,에센셜 크루 넥 티셔츠 3팩,19900,19900,0,판매 1.8만개,114명이 보는 중,누적 판매 N만 돌파,False,https://image.msscdn.net/images/goods_img/20260205/5983841/5983841_17744185693184_500.jpg,https://www.musinsa.com/products/5983841
2026-10-10,MONTHLY,M,246,161,002,아우터,6364511,무신사 스탠다드,[시티 레저] 그리드 폴라 플리스 바라클라바 후디드 집업 [라이트 그레이],69900,69900,0,판매 1.1천개,111명이 보는 중,누적 판매 N만 돌파,False,https://image.msscdn.net/images/goods_img/20260423/6364511/6364511_17889154613241_500.jpg,https://www.musinsa.com/products/6364511
2026-10-10,MONTHLY,M,248,162,002,아우터,7167566,노운,레인지 자켓 (카본 네이비),228000,228000,0,,15명이 보는 중,none,False,https://image.msscdn.net/images/goods_img/20260826/7167566/7167566_17889403728737_500.jpg,https://www.musinsa.com/products/7167566
2026-10-10,MONTHLY,M,249,163,002,아우터,5312105,무신사 스탠다드,[시티 레저] 그리드 폴라 플리스 바라클라바 후디드 집업 [머드 그레이],69900,69900,0,판매 2.6천개,49명이 보는 중,누적 판매 N만 돌파,False,https://image.msscdn.net/images/goods_img/20250812/5312105/5312105_17574076155602_500.jpg,https://www.musinsa.com/products/5312105
2026-10-10,MONTHLY,M,252,164,003,바지,5899294,디미트리블랙,VLAD 원턱 커브드 컷오프 스웻 팬츠_피그먼트 차콜,29900,50000,40,판매 8.4천개,116명이 보는 중,누적 판매 N만 돌파,False,https://image.msscdn.net/images/goods_img/20260115/5899294/5899294_17688836243092_500.jpg,https://www.musinsa.com/products/5899294
2026-10-10,MONTHLY,M,255,165,003,바지,5921274,언탭트 스튜디오,투턱 와이드 치노 코튼 팬츠 4Color,34930,49900,30,판매 1.1만개,207명이 보는 중,누적 판매 N만 돌파,False,https://image.msscdn.net/images/goods_img/20260121/5921274/5921274_17698389488761_500.jpg,https://www.musinsa.com/products/5921274
2026-10-10,MONTHLY,M,257,166,002,아우터,4619904,무신사 스탠다드,신세틱 스웨이드 워크 재킷 [라이트 브라운],129900,129900,0,판매 2.7천개,59명이 보는 중,누적 판매 N만 돌파,False,https://image.msscdn.net/images/goods_img/20241118/4619904/4619904_17398677589070_500.jpg,https://www.musinsa.com/products/4619904
2026-10-10,MONTHLY,M,259,167,002,아우터,3034336,에스피오나지,Ray Yacht Parka Carrot,109650,129000,15,판매 8.2천개,36명이 보는 중,누적 판매 N만 돌파,False,https://image.msscdn.net/images/goods_img/20230119/3034336/3034336_16756599080513_500.jpg,https://www.musinsa.com/products/3034336
2026-10-10,MONTHLY,M,260,168,002,아우터,4693591,아웃스탠딩,SELVEDGE DENIM 1ST JACKET_INDIGO,152100,169000,10,판매 3.6천개,49명이 보는 중,누적 판매 N만 돌파,False,https://image.msscdn.net/images/goods_img/20250102/4693591/4693591_17860676827501_500.jpg,https://www.musinsa.com/products/4693591
2026-10-10,MONTHLY,M,262,169,001,상의,5913494,언탭트 스튜디오,시티보이 오버핏 피그먼트 워싱 셔츠 7Color,34930,49900,30,판매 1.1만개,134명이 보는 중,누적 판매 N만 돌파,False,https://image.msscdn.net/images/goods_img/20260120/5913494/5913494_17693926296745_500.jpg,https://www.musinsa.com/products/5913494
2026-10-10,MONTHLY,M,266,170,001,상의,6981524,필루미네이트,리플 스트라이프 니트 롱 슬리브-3Color,39000,49000,20,판매 2.7천개,63명이 보는 중,누적 판매 N만 돌파,False,https://image.msscdn.net/images/goods_img/20260803/6981524/6981524_17895242418089_500.jpg,https://www.musinsa.com/products/6981524
2026-10-10,MONTHLY,M,267,171,001,상의,5215616,무신사 스탠다드,[빅토리아 울] 미니멀 리브드 헨리 넥 니트 [토프],66390,69900,5,판매 1.5천개,51명이 보는 중,누적 판매 N만 돌파,False,https://image.msscdn.net/images/goods_img/20250701/5215616/5215616_17592159971828_500.jpg,https://www.musinsa.com/products/5215616
2026-10-10,MONTHLY,M,269,172,003,바지,5681967,텍스,TX301 커브드 배기 벌룬 데님 (중청),49000,85000,42,판매 5.4천개,119명이 보는 중,누적 판매 N만 돌파,False,https://image.msscdn.net/images/goods_img/20251104/5681967/5681967_17782222591915_500.jpg,https://www.musinsa.com/products/5681967
2026-10-10,MONTHLY,M,271,173,002,아우터,3758213,무신사 스탠다드,[시티 레저] 라이트웨이트 패커블 윈드브레이커 재킷 [그레이],39900,39900,0,판매 2만개,67명이 보는 중,누적 판매 N만 돌파,False,https://image.msscdn.net/images/goods_img/20231215/3758213/3758213_17739006715292_500.jpg,https://www.musinsa.com/products/3758213
2026-10-10,MONTHLY,M,272,174,002,아우터,5329564,아디다스,BB 트랙탑 - 크림화이트 / KC3335,110990,139000,20,판매 5천개,118명이 보는 중,누적 판매 N만 돌파,False,https://image.msscdn.net/images/goods_img/20250818/5329564/5329564_17587641173048_500.jpg,https://www.musinsa.com/products/5329564
2026-10-10,MONTHLY,M,273,175,001,상의,5320762,커버낫,C 로고 맨투맨 Melange Gray,39000,79000,51,판매 3.6천개,52명이 보는 중,누적 판매 N만 돌파,False,https://image.msscdn.net/images/goods_img/20250813/5320762/5320762_17906495870556_500.jpg,https://www.musinsa.com/products/5320762
2026-10-10,MONTHLY,M,274,176,001,상의,5943434,아디다스,와플 롱 슬리브 폴로 티 - 블랙 / KQ6866,54990,79000,30,판매 2.8천개,116명이 보는 중,누적 판매 N만 돌파,False,https://image.msscdn.net/images/goods_img/20260127/5943434/5943434_17752070233567_500.jpg,https://www.musinsa.com/products/5943434
2026-10-10,MONTHLY,M,275,177,001,상의,2081571,브론슨,Vintage Long Sleeve Henley Shirt Black,55800,62000,10,판매 1.6만개,34명이 보는 중,누적 판매 N만 돌파,False,https://image.msscdn.net/images/goods_img/20210823/2081571/2081571_17737267731808_500.jpg,https://www.musinsa.com/products/2081571
2026-10-10,MONTHLY,M,276,178,002,아우터,5314369,시그니처,라운드넥 크롭 니트 가디건[네이비],37900,49900,24,판매 4.3천개,102명이 보는 중,누적 판매 N만 돌파,False,https://image.msscdn.net/images/goods_img/20250812/5314369/5314369_17755496090186_500.jpg,https://www.musinsa.com/products/5314369
2026-10-10,MONTHLY,M,277,179,002,아우터,3390511,스탠다드에러,87-STAN009 [리뉴얼] 스탠다드 블루종 스웨이드 자켓 카키,39900,89000,55,판매 5.8만개,104명이 보는 중,누적 판매 N만 돌파,False,https://image.msscdn.net/images/goods_img/20230630/3390511/3390511_17551525806450_500.jpg,https://www.musinsa.com/products/3390511
2026-10-10,MONTHLY,M,280,180,002,아우터,2572705,넌블랭크,[SAINT YEAR] 세미 오버 핏 셋업 수트_GREY,178200,198000,10,판매 9.6천개,11명이 보는 중,누적 판매 N만 돌파,False,https://image.msscdn.net/images/goods_img/20220520/2572705/2572705_17769899182977_500.jpg,https://www.musinsa.com/products/2572705
2026-10-10,MONTHLY,M,282,181,002,아우터,7290843,헬리녹스 웨어,ZERO 라이트 팩 후드 다운 자켓_Cinder,420000,420000,0,,56명이 보는 중,none,False,https://image.msscdn.net/images/goods_img/20260909/7290843/7290843_17889590730319_500.jpg,https://www.musinsa.com/products/7290843
2026-10-10,MONTHLY,M,283,182,002,아우터,1291017,제멋,리치 오버 MA-1 자켓 블랙 YHJK2269,69800,96000,27,판매 8.9만개,92명이 보는 중,누적 판매 N만 돌파,False,https://image.msscdn.net/images/goods_img/20200205/1291017/1291017_1_500.jpg,https://www.musinsa.com/products/1291017
2026-10-10,MONTHLY,M,284,183,002,아우터,7205318,폴로 랄프 로렌,리미티드 에디션 릴렉스핏 플리스 풀오버-블랙,329000,329000,0,,34명이 보는 중,none,False,https://image.msscdn.net/images/goods_img/20260831/7205318/7205318_17882548499882_500.jpg,https://www.musinsa.com/products/7205318
2026-10-10,MONTHLY,M,286,184,003,바지,4747231,르아르,에브리데이 커브드 팬츠 [블랙],39900,42000,5,판매 3만개,70명이 보는 중,누적 판매 N만 돌파,False,https://image.msscdn.net/images/goods_img/20250130/4747231/4747231_17745029104425_500.jpg,https://www.musinsa.com/products/4747231
2026-10-10,MONTHLY,M,287,185,002,아우터,1558671,무신사 스탠다드,릴렉스드 베이식 블레이저 [차콜 그레이],94890,99900,5,판매 1.8만개,11명이 보는 중,누적 판매 N만 돌파,False,https://image.msscdn.net/images/goods_img/20200821/1558671/1558671_17514475628467_500.jpg,https://www.musinsa.com/products/1558671
2026-10-10,MONTHLY,M,288,186,002,아우터,5301746,노티카,세일링 후디드 다운 자켓(6colors) NDW1086,152150,179000,15,판매 8.4천개,170명이 보는 중,누적 판매 N만 돌파,False,https://image.msscdn.net/images/goods_img/20250807/5301746/5301746_17890859435866_500.jpg,https://www.musinsa.com/products/5301746
2026-10-10,MONTHLY,M,289,187,003,바지,5308542,고스트리퍼블릭,커브드 사이드 핀턱 벌룬 스웨트팬츠 GLP-650_블랙,39900,54900,27,판매 4.4만개,287명이 보는 중,누적 판매 N만 돌파,False,https://image.msscdn.net/images/goods_img/20250811/5308542/5308542_17560976834295_500.jpg,https://www.musinsa.com/products/5308542
2026-10-10,MONTHLY,M,291,188,002,아우터,4346922,도프제이슨,오버핏 풀업 스웨이드 싱글 자켓 MOCHA,149000,187000,20,판매 5.7천개,72명이 보는 중,누적 판매 N만 돌파,False,https://image.msscdn.net/images/goods_img/20240820/4346922/4346922_17249831351015_500.jpg,https://www.musinsa.com/products/4346922
2026-10-10,MONTHLY,M,295,189,002,아우터,6838627,스파오,[씬라이트] 시어 후드 재킷_SPJPG4TC26,56620,69900,19,판매 3.1천개,334명이 보는 중,누적 판매 N만 돌파,False,https://image.msscdn.net/images/goods_img/20260714/6838627/6838627_17895213162207_500.jpg,https://www.musinsa.com/products/6838627
2026-10-10,MONTHLY,M,296,190,002,아우터,2737008,프리즘웍스,OSCAR FISHTAIL JACKET 003 _ OLIVE,189000,189000,0,판매 4.2천개,64명이 보는 중,누적 판매 N만 돌파,False,https://image.msscdn.net/images/goods_img/20220823/2737008/2737008_1_500.jpg,https://www.musinsa.com/products/2737008
2026-10-10,MONTHLY,M,297,191,002,아우터,3790860,무신사 스탠다드,릴렉스드 미니멀 재킷 [블랙],89900,89900,0,판매 1.3만개,50명이 보는 중,누적 판매 N만 돌파,False,https://image.msscdn.net/images/goods_img/20240112/3790860/3790860_17217992992120_500.jpg,https://www.musinsa.com/products/3790860
2026-10-10,MONTHLY,M,298,192,003,바지,7095348,알리스,[NERDKING x ALYSS] 슬릭 세미와이드 코튼 치노 팬츠_3COLOR,59200,74000,20,판매 2.9천개,28명이 보는 중,누적 판매 N만 돌파,False,https://image.msscdn.net/images/goods_img/20260818/7095348/7095348_17887453000984_500.jpg,https://www.musinsa.com/products/7095348
2026-10-10,MONTHLY,M,299,193,002,아우터,3094151,에스피오나지,Hunting Blouson Jacket Black,172550,203000,15,판매 4.6천개,55명이 보는 중,누적 판매 N만 돌파,False,https://image.msscdn.net/images/goods_img/20230220/3094151/3094151_16771293582073_500.jpg,https://www.musinsa.com/products/3094151
2026-10-10,MONTHLY,M,301,194,003,바지,1222184,무신사 스탠다드,와이드 히든 밴딩 슬랙스 [미디엄 그레이],44890,49900,10,판매 20만개,,누적 판매 N만 돌파,False,https://image.msscdn.net/images/goods_img/20191113/1222184/1222184_17222997169530_500.jpg,https://www.musinsa.com/products/1222184
2026-10-10,MONTHLY,M,302,195,003,바지,4258826,버튼서울,베이직 라인 나일론 스트링 팬츠 (블랙),57400,82000,30,판매 2.5만개,16명이 보는 중,누적 판매 N만 돌파,False,https://image.msscdn.net/images/goods_img/20240718/4258826/4258826_17246350067348_500.png,https://www.musinsa.com/products/4258826
2026-10-10,MONTHLY,M,304,196,002,아우터,6970489,트릴리온,빈티지 워시드 크롭 해링턴 자켓_4color,59990,94000,36,판매 2.1천개,271명이 보는 중,누적 판매 N만 돌파,False,https://image.msscdn.net/images/goods_img/20260731/6970489/6970489_17866046628060_500.jpg,https://www.musinsa.com/products/6970489
2026-10-10,MONTHLY,M,305,197,002,아우터,5424793,데이,크롭 스웨이드 바이커 자켓_BLACK,62500,85000,26,판매 3천개,31명이 보는 중,누적 판매 N만 돌파,False,https://image.msscdn.net/images/goods_img/20250909/5424793/5424793_17610982290883_500.jpg,https://www.musinsa.com/products/5424793
2026-10-10,MONTHLY,M,308,198,002,아우터,3881570,밀로 아카이브,크롭 무브 가디건 [레드],69120,108000,36,판매 1.5만개,17명이 보는 중,누적 판매 N만 돌파,False,https://image.msscdn.net/images/goods_img/20240219/3881570/3881570_17084242695126_500.jpg,https://www.musinsa.com/products/3881570
2026-10-10,MONTHLY,M,310,199,003,바지,6078643,무신사 스탠다드,커브드 데님 팬츠 (8 colors),47390,49900,5,판매 2.1만개,208명이 보는 중,누적 판매 N만 돌파,False,https://image.msscdn.net/images/goods_img/20260304/6078643/6078643_17876252437332_500.jpg,https://www.musinsa.com/products/6078643
2026-10-10,MONTHLY,M,311,200,002,아우터,6777735,무신사 스탠다드,[빅토리아 울] 라운드 넥 크롭 가디건 (4 colors),75890,79900,5,판매 2.4천개,517명이 보는 중,누적 판매 N만 돌파,False,https://image.msscdn.net/images/goods_img/20260703/6777735/6777735_17872076627949_500.jpg,https://www.musinsa.com/products/6777735
2026-10-10,MONTHLY,M,312,201,002,아우터,7348297,헬리녹스 웨어,이클립스 팩 다운 베스트_Black,380000,380000,0,,16명이 보는 중,none,False,https://image.msscdn.net/images/goods_img/20260916/7348297/7348297_17900638450212_500.jpg,https://www.musinsa.com/products/7348297
2026-10-10,MONTHLY,M,314,202,003,바지,1224094,무신사 스탠다드,세미 와이드 히든 밴딩 슬랙스 [차콜 그레이],47390,49900,5,판매 3.5만개,10명이 보는 중,누적 판매 N만 돌파,False,https://image.msscdn.net/images/goods_img/20191113/1224094/1224094_17518465836463_500.jpg,https://www.musinsa.com/products/1224094
2026-10-10,MONTHLY,M,315,203,002,아우터,1760177,드로우핏,도브 울 블루종 자켓 [BLACK],139200,174000,20,판매 1.1만개,13명이 보는 중,누적 판매 N만 돌파,False,https://image.msscdn.net/images/goods_img/20210125/1760177/1760177_17568597040774_500.jpg,https://www.musinsa.com/products/1760177
2026-10-10,MONTHLY,M,316,204,002,아우터,1576700,도프제이슨,오버핏 비건레더 싱글 자켓,98000,138000,29,판매 7.8만개,28명이 보는 중,누적 판매 N만 돌파,False,https://image.msscdn.net/images/goods_img/20200901/1576700/1576700_17591199589640_500.jpg,https://www.musinsa.com/products/1576700
2026-10-10,MONTHLY,M,317,205,002,아우터,4369047,프리즘웍스,DESTROYED COWHIDE LEATHER JACKET _ WASHED BLACK,328000,328000,0,판매 2.1천개,50명이 보는 중,누적 판매 N만 돌파,False,https://image.msscdn.net/images/goods_img/20240826/4369047/4369047_17247594980414_500.jpg,https://www.musinsa.com/products/4369047
2026-10-10,MONTHLY,M,318,206,001,상의,6104960,무신사 스탠다드,레귤러 크롭 티셔츠 (8 colors),15900,15900,0,판매 4.5만개,72명이 보는 중,누적 판매 N만 돌파,False,https://image.msscdn.net/images/goods_img/20260310/6104960/6104960_17761309513920_500.jpg,https://www.musinsa.com/products/6104960
2026-10-10,MONTHLY,M,319,207,002,아우터,5310906,언탭트 스튜디오,2WAY 코튼 해링턴 자켓 4Color,65800,98400,33,판매 1.2만개,343명이 보는 중,누적 판매 N만 돌파,False,https://image.msscdn.net/images/goods_img/20250811/5310906/5310906_17890236645811_500.jpg,https://www.musinsa.com/products/5310906
2026-10-10,MONTHLY,M,320,208,001,상의,6976410,효지,26 FW 골지 헨리넥 크롭 티셔츠 (3컬러),36000,49000,27,판매 1.9천개,44명이 보는 중,누적 판매 N만 돌파,False,https://image.msscdn.net/images/goods_img/20260802/6976410/6976410_17882514408665_500.jpg,https://www.musinsa.com/products/6976410
2026-10-10,MONTHLY,M,321,209,002,아우터,4619900,무신사 스탠다드,신세틱 스웨이드 레이서 재킷 [더스티 카키],129900,129900,0,판매 1.7천개,,누적 판매 N만 돌파,False,https://image.msscdn.net/images/goods_img/20241118/4619900/4619900_17392629082033_500.jpg,https://www.musinsa.com/products/4619900
2026-10-10,MONTHLY,M,322,210,002,아우터,1283757,무신사 스탠다드,오버사이즈 블레이저 [블랙],94890,99900,5,판매 11만개,56명이 보는 중,누적 판매 N만 돌파,False,https://image.msscdn.net/images/goods_img/20200130/1283757/1283757_17514309817123_500.jpg,https://www.musinsa.com/products/1283757
2026-10-10,MONTHLY,M,323,211,002,아우터,3455882,필루미네이트,타슬란 윈드 테이커 자켓-라이트그레이,69000,89000,22,판매 1.8만개,49명이 보는 중,누적 판매 N만 돌파,False,https://image.msscdn.net/images/goods_img/20230809/3455882/3455882_17827964138309_500.jpg,https://www.musinsa.com/products/3455882
2026-10-10,MONTHLY,M,324,212,001,상의,5438125,디스이즈네버댓,T-Logo Hoodie Navy,109000,109000,0,판매 5.2천개,82명이 보는 중,누적 판매 N만 돌파,False,https://image.msscdn.net/images/goods_img/20250910/5438125/5438125_17682810360369_500.jpg,https://www.musinsa.com/products/5438125
2026-10-10,MONTHLY,M,325,213,001,상의,7074046,트릴리온,빈티지 V거셋 포켓 데님 맨투맨_2color,29990,58000,48,판매 2.4천개,48명이 보는 중,누적 판매 N만 돌파,False,https://image.msscdn.net/images/goods_img/20260813/7074046/7074046_17877333240584_500.jpg,https://www.musinsa.com/products/7074046
2026-10-10,MONTHLY,M,328,214,001,상의,4302685,소라노,SORANO Basic Logo HOODIE [6Color],48300,119000,59,판매 6.8만개,59명이 보는 중,누적 판매 N만 돌파,False,https://image.msscdn.net/images/goods_img/20240807/4302685/4302685_17229675684379_500.jpg,https://www.musinsa.com/products/4302685
2026-10-10,MONTHLY,M,329,215,003,바지,3046316,아웃스탠딩,40S SELVEDGE STRAIGHT PANTS_INDIGO,125100,139000,10,판매 7.7천개,88명이 보는 중,누적 판매 N만 돌파,False,https://image.msscdn.net/images/goods_img/20230130/3046316/3046316_17682656713319_500.jpg,https://www.musinsa.com/products/3046316
2026-10-10,MONTHLY,M,331,216,003,바지,2568748,무신사 스탠다드,스트레이트 히든 밴딩 슬랙스 [블랙],47390,49900,5,판매 4.9만개,28명이 보는 중,누적 판매 N만 돌파,False,https://image.msscdn.net/images/goods_img/20220518/2568748/2568748_17518450114735_500.jpg,https://www.musinsa.com/products/2568748
2026-10-10,MONTHLY,M,332,217,003,바지,4556449,스켈리웩,[기모선택] 커브드 원턱 스웨트 팬츠[라이트그레이],34900,59000,41,판매 3.7만개,62명이 보는 중,누적 판매 N만 돌파,False,https://image.msscdn.net/images/goods_img/20241024/4556449/4556449_17891087880393_500.jpg,https://www.musinsa.com/products/4556449
2026-10-10,MONTHLY,M,333,218,001,상의,1848166,커버낫,[2PACK] 쿨 코튼 티셔츠 Black+White,25930,49000,47,판매 33만개,14명이 보는 중,누적 판매 N만 돌파,False,https://image.msscdn.net/images/goods_img/20210316/1848166/1848166_17731083991583_500.jpg,https://www.musinsa.com/products/1848166
2026-10-10,MONTHLY,M,335,219,002,아우터,1778408,토피,2WAY 스웻 후드 집업 (BLACK),42000,45000,7,판매 9.7만개,63명이 보는 중,누적 판매 N만 돌파,False,https://image.msscdn.net/images/goods_img/20210204/1778408/1778408_17168650383792_500.jpg,https://www.musinsa.com/products/1778408
2026-10-10,MONTHLY,M,338,220,001,상의,5438118,디스이즈네버댓,T-Logo Hoodie Black,109000,109000,0,판매 3.6천개,60명이 보는 중,누적 판매 N만 돌파,False,https://image.msscdn.net/images/goods_img/20250910/5438118/5438118_17682812126231_500.jpg,https://www.musinsa.com/products/5438118
2026-10-10,MONTHLY,M,340,221,003,바지,7009617,아워데이즈,[젠플록스X아워데이즈] 세미 커브드 치노 팬츠 [3COLORS],51200,64000,20,판매 3.6천개,65명이 보는 중,누적 판매 N만 돌파,False,https://image.msscdn.net/images/goods_img/20260806/7009617/7009617_17871167519479_500.jpg,https://www.musinsa.com/products/7009617
2026-10-10,MONTHLY,M,341,222,003,바지,6982338,필루미네이트,헤비 코튼 커브드 스웨트 팬츠-3Color,45900,59000,22,판매 3.7천개,82명이 보는 중,누적 판매 N만 돌파,False,https://image.msscdn.net/images/goods_img/20260803/6982338/6982338_17881564238035_500.jpg,https://www.musinsa.com/products/6982338
2026-10-10,MONTHLY,M,342,223,002,아우터,2343198,에스피오나지,Ray Yacht Parka Black,109650,129000,15,판매 2만개,41명이 보는 중,누적 판매 N만 돌파,False,https://image.msscdn.net/images/goods_img/20220207/2343198/2343198_2_500.jpg,https://www.musinsa.com/products/2343198
2026-10-10,MONTHLY,M,343,224,002,아우터,5936164,아웃스탠딩,[MUT lab] M-1943 FIELD JACKET_OLIVE GREEN,160200,178000,10,판매 2천개,35명이 보는 중,누적 판매 N만 돌파,False,https://image.msscdn.net/images/goods_img/20260126/5936164/5936164_17870135935196_500.jpg,https://www.musinsa.com/products/5936164
2026-10-10,MONTHLY,M,344,225,001,상의,7032804,알리스,[패션플래닛 X 알리스] 더블립 레이어드 롱슬리브 티_3COLOR,51200,64000,20,판매 2.7천개,51명이 보는 중,누적 판매 N만 돌파,False,https://image.msscdn.net/images/goods_img/20260810/7032804/7032804_17891016743406_500.jpg,https://www.musinsa.com/products/7032804
2026-10-10,MONTHLY,M,345,226,003,바지,6969596,트릴리온,워시드 파라슈트 밴딩 카고 팬츠_3color,36990,50000,26,판매 2.6천개,114명이 보는 중,누적 판매 N만 돌파,False,https://image.msscdn.net/images/goods_img/20260731/6969596/6969596_17864235189998_500.jpg,https://www.musinsa.com/products/6969596
2026-10-10,MONTHLY,M,346,227,001,상의,5987962,르아르,[SET] 소프트 헨리넥 레이어드 티셔츠 세트,39900,62000,36,판매 5.4천개,129명이 보는 중,누적 판매 N만 돌파,False,https://image.msscdn.net/images/goods_img/20260205/5987962/5987962_17719975770348_500.jpg,https://www.musinsa.com/products/5987962
2026-10-10,MONTHLY,M,348,228,001,상의,4871107,데꼬로소,베일 헨리넥 니트 [블랙],58600,85000,31,판매 8.7천개,10명이 보는 중,누적 판매 N만 돌파,False,https://image.msscdn.net/images/goods_img/20250307/4871107/4871107_17421236799393_500.jpg,https://www.musinsa.com/products/4871107
2026-10-10,MONTHLY,M,349,229,002,아우터,6823731,무드인사이드,워시드 프렌치 워크 자켓_Blue,69900,99900,30,판매 1.5천개,38명이 보는 중,누적 판매 N만 돌파,False,https://image.msscdn.net/images/goods_img/20260710/6823731/6823731_17863480049933_500.jpg,https://www.musinsa.com/products/6823731
2026-10-10,MONTHLY,M,350,230,001,상의,7001796,더니트컴퍼니,파인 캐시미어 100 크루넥 10color,108340,199000,46,판매 1.5천개,135명이 보는 중,누적 판매 N만 돌파,False,https://image.msscdn.net/images/goods_img/20260805/7001796/7001796_17901393033459_500.jpg,https://www.musinsa.com/products/7001796
2026-10-10,MONTHLY,M,351,231,003,바지,3674341,바운더리,투턱 와이드 롱 스웨트 팬츠 [블랙],37700,94000,60,판매 8.2만개,53명이 보는 중,누적 판매 N만 돌파,False,https://image.msscdn.net/images/goods_img/20231101/3674341/3674341_17042599581270_500.jpg,https://www.musinsa.com/products/3674341
2026-10-10,MONTHLY,M,355,232,002,아우터,3793560,무신사 스탠다드,오버사이즈 하이넥 윈드브레이커 재킷 [블랙],59900,59900,0,판매 1.4만개,41명이 보는 중,누적 판매 N만 돌파,False,https://image.msscdn.net/images/goods_img/20240112/3793560/3793560_17080496946411_500.jpg,https://www.musinsa.com/products/3793560
2026-10-10,MONTHLY,M,356,233,003,바지,5864294,디미트리블랙,[핏 선택] 포시즌 에센셜 원턱 커브드 스웻 팬츠_2COLOR,26900,45000,40,판매 1.1만개,117명이 보는 중,누적 판매 N만 돌파,False,https://image.msscdn.net/images/goods_img/20251231/5864294/5864294_17679332638576_500.jpg,https://www.musinsa.com/products/5864294
2026-10-10,MONTHLY,M,357,234,002,아우터,6040017,슬로우애시드,노마드 M-65 코튼 필드 자켓 [블루],151200,168000,10,,110명이 보는 중,none,False,https://image.msscdn.net/images/goods_img/20260223/6040017/6040017_17865073866975_500.jpg,https://www.musinsa.com/products/6040017
2026-10-10,MONTHLY,M,358,235,002,아우터,7048338,데이,스웨이드 레더 바이커 자켓_BROWN,67500,85000,21,,153명이 보는 중,none,False,https://image.msscdn.net/images/goods_img/20260811/7048338/7048338_17864299914069_500.jpg,https://www.musinsa.com/products/7048338
2026-10-10,MONTHLY,M,360,236,002,아우터,2737012,프리즘웍스,VINCENT M1965 FISHTAIL PARKA 004 _ BLACK,219000,219000,0,판매 8천개,68명이 보는 중,누적 판매 N만 돌파,False,https://image.msscdn.net/images/goods_img/20220823/2737012/2737012_1_500.jpg,https://www.musinsa.com/products/2737012
2026-10-10,MONTHLY,M,363,237,002,아우터,7302720,도프제이슨,[10주년] 빈티지 워싱 베지터블 레더 M-51 필드 자켓 BLACK,549000,610000,10,,32명이 보는 중,none,False,https://image.msscdn.net/images/goods_img/20260910/7302720/7302720_17900525963182_500.jpg,https://www.musinsa.com/products/7302720
2026-10-10,MONTHLY,M,365,238,002,아우터,4262843,아웃스탠딩,W.W. II SELVEDGE DENIM 1ST JACKET_INDIGO,152100,169000,10,판매 4.6천개,75명이 보는 중,누적 판매 N만 돌파,False,https://image.msscdn.net/images/goods_img/20240719/4262843/4262843_17682659790914_500.jpg,https://www.musinsa.com/products/4262843
2026-10-10,MONTHLY,M,366,239,001,상의,5215614,무신사 스탠다드,[빅토리아 울] 미니멀 리브드 헨리 넥 니트 [블랙],66390,69900,5,판매 1.3천개,52명이 보는 중,누적 판매 N만 돌파,False,https://image.msscdn.net/images/goods_img/20250701/5215614/5215614_17616068974518_500.jpg,https://www.musinsa.com/products/5215614
2026-10-10,MONTHLY,M,367,240,003,바지,1253200,브론슨,1942 US Army Chino Trousers Khaki,116100,129000,10,판매 1.5만개,51명이 보는 중,누적 판매 N만 돌파,False,https://image.msscdn.net/images/goods_img/20191217/1253200/1253200_17737245176749_500.jpg,https://www.musinsa.com/products/1253200
2026-10-10,MONTHLY,M,368,241,002,아우터,6104961,무신사 스탠다드,[시티 레저] 쉘터 윈드브레이커 재킷 (8 colors),99900,99900,0,판매 3.1천개,31명이 보는 중,누적 판매 N만 돌파,False,https://image.msscdn.net/images/goods_img/20260310/6104961/6104961_17889293430458_500.jpg,https://www.musinsa.com/products/6104961
2026-10-10,MONTHLY,M,369,242,002,아우터,4767935,도프제이슨,프리미엄 베지터블 클래식 A-2 자켓 BLACK,428000,476000,10,판매 1.5천개,43명이 보는 중,누적 판매 N만 돌파,False,https://image.msscdn.net/images/goods_img/20250207/4767935/4767935_17391981703822_500.jpg,https://www.musinsa.com/products/4767935
2026-10-10,MONTHLY,M,370,243,001,상의,5689284,브론슨,Blue Chambray Work Shirt KR Ver. Dark Indigo,66600,74000,10,판매 2.7천개,10명이 보는 중,누적 판매 N만 돌파,False,https://image.msscdn.net/images/goods_img/20251105/5689284/5689284_17737170161586_500.jpg,https://www.musinsa.com/products/5689284
2026-10-10,MONTHLY,M,372,244,002,아우터,6992032,필루미네이트,[필루미네이트 X 정혁] MA-1 봄버 자켓-3Color,99000,119000,17,,81명이 보는 중,none,False,https://image.msscdn.net/images/goods_img/20260804/6992032/6992032_17899561700645_500.jpg,https://www.musinsa.com/products/6992032
2026-10-10,MONTHLY,M,374,245,002,아우터,6051153,마뗑킴,MATIN KIM LOGO COATING JUMPER FOR MEN IN BLACK,162000,162000,0,판매 1.2천개,,누적 판매 N만 돌파,False,https://image.msscdn.net/images/goods_img/20260224/6051153/6051153_17719427689572_500.jpg,https://www.musinsa.com/products/6051153
2026-10-10,MONTHLY,M,375,246,001,상의,4696321,낫온리포투데이,넘버볼 후드티 [버건디],59200,79000,25,판매 7.1천개,36명이 보는 중,누적 판매 N만 돌파,False,https://image.msscdn.net/images/goods_img/20250103/4696321/4696321_17675760651546_500.jpg,https://www.musinsa.com/products/4696321
2026-10-10,MONTHLY,M,376,247,003,바지,1666444,무신사 스탠다드,와이드 데님 팬츠 [워시드 블랙],49900,49900,0,판매 3.7만개,31명이 보는 중,누적 판매 N만 돌파,False,https://image.msscdn.net/images/goods_img/20201028/1666444/1666444_17623227820940_500.jpg,https://www.musinsa.com/products/1666444
2026-10-10,MONTHLY,M,377,248,001,상의,7072529,데이,세미크롭 골지 긴팔 라운드 티셔츠_5 COLOR,26500,38000,30,판매 3.9천개,134명이 보는 중,누적 판매 N만 돌파,False,https://image.msscdn.net/images/goods_img/20260813/7072529/7072529_17884181721865_500.jpg,https://www.musinsa.com/products/7072529
2026-10-10,MONTHLY,M,379,249,001,상의,7220363,알리스,데님 레이어드 크롭 니트 풀오버 [차콜],62900,74000,15,,51명이 보는 중,none,False,https://image.msscdn.net/images/goods_img/20260901/7220363/7220363_17909137207446_500.jpg,https://www.musinsa.com/products/7220363
2026-10-10,MONTHLY,M,380,250,002,아우터,5401055,디미트리블랙,[리뉴얼] 라이트 쉘 경량 PCK 다운 자켓_블랙,73900,121000,39,판매 9천개,45명이 보는 중,누적 판매 N만 돌파,False,https://image.msscdn.net/images/goods_img/20250904/5401055/5401055_17881514883584_500.jpg,https://www.musinsa.com/products/5401055
2026-10-10,MONTHLY,M,381,251,003,바지,2795617,무신사 스탠다드,더블 니트 투 턱 와이드 라운지 스웨트 팬츠 [블랙],39900,39900,0,판매 1.1만개,16명이 보는 중,누적 판매 N만 돌파,False,https://image.msscdn.net/images/goods_img/20220915/2795617/2795617_17639625516581_500.jpg,https://www.musinsa.com/products/2795617
2026-10-10,MONTHLY,M,383,252,001,상의,1582356,소버먼트,980G 피그먼트 맨투맨-차콜-,57300,81900,30,판매 12만개,55명이 보는 중,누적 판매 N만 돌파,False,https://image.msscdn.net/images/goods_img/20200903/1582356/1582356_1_500.jpg,https://www.musinsa.com/products/1582356
2026-10-10,MONTHLY,M,386,253,002,아우터,5392231,아웃스탠딩,1ST TYPE M-65 FIELD JACKET_OLIVE,205200,228000,10,,45명이 보는 중,none,False,https://image.msscdn.net/images/goods_img/20250902/5392231/5392231_17870153176881_500.jpg,https://www.musinsa.com/products/5392231
2026-10-10,MONTHLY,M,387,254,002,아우터,5377308,스탠다드에러,87-STAN009 [리뉴얼] 스탠다드 블루종 스웨이드 자켓 12COLOR,49900,89000,44,판매 4.3천개,57명이 보는 중,누적 판매 N만 돌파,False,https://image.msscdn.net/images/goods_img/20250829/5377308/5377308_17738935049490_500.jpg,https://www.musinsa.com/products/5377308
2026-10-10,MONTHLY,M,388,255,003,바지,5911450,에이지오디,스냅 버튼 커브드 팬츠 [베이지],39200,49000,20,판매 3.1천개,74명이 보는 중,누적 판매 N만 돌파,False,https://image.msscdn.net/images/goods_img/20260119/5911450/5911450_17781213561837_500.jpg,https://www.musinsa.com/products/5911450
2026-10-10,MONTHLY,M,390,256,002,아우터,7055867,데이,레더 바이커 자켓_BLACK,60500,83000,27,,30명이 보는 중,none,False,https://image.msscdn.net/images/goods_img/20260812/7055867/7055867_17864990623760_500.jpg,https://www.musinsa.com/products/7055867
2026-10-10,MONTHLY,M,393,257,001,상의,7059804,슈퍼서브,[SET]빈티지 배색 레이어드 긴팔 티셔츠 세트-네이비/멜란지,39900,57000,30,판매 1.9천개,20명이 보는 중,누적 판매 N만 돌파,False,https://image.msscdn.net/images/goods_img/20260812/7059804/7059804_17878207986446_500.jpg,https://www.musinsa.com/products/7059804
2026-10-10,MONTHLY,M,395,258,002,아우터,4671616,무신사 스탠다드,페이디드 신세틱 레더 레이서 재킷 [블랙],139900,139900,0,판매 2.3천개,16명이 보는 중,누적 판매 N만 돌파,False,https://image.msscdn.net/images/goods_img/20241218/4671616/4671616_17412433995065_500.jpg,https://www.musinsa.com/products/4671616
2026-10-10,MONTHLY,M,396,259,003,바지,5681985,텍스,[린넨 라이크/사계절용선택] TX302 커브드 배기 벌룬 데님 (생지),49000,85000,42,판매 7.7천개,149명이 보는 중,누적 판매 N만 돌파,False,https://image.msscdn.net/images/goods_img/20251104/5681985/5681985_17884038882382_500.jpg,https://www.musinsa.com/products/5681985
2026-10-10,MONTHLY,M,397,260,001,상의,6023466,후브스,오버다이드 아일렛 크롭 롱슬리브[다잉레드],49600,62000,20,판매 2.2천개,61명이 보는 중,누적 판매 N만 돌파,False,https://image.msscdn.net/images/goods_img/20260213/6023466/6023466_17720024044021_500.png,https://www.musinsa.com/products/6023466
2026-10-10,MONTHLY,M,398,261,003,바지,6049553,브랜디드,UNIFORM CARGO PANTS [KHAKI],88200,98000,10,판매 2.5천개,46명이 보는 중,누적 판매 N만 돌파,False,https://image.msscdn.net/images/goods_img/20260224/6049553/6049553_17721699868207_500.jpg,https://www.musinsa.com/products/6049553
2026-10-10,MONTHLY,M,399,262,003,바지,6592348,비긴202,엣지 워크 라보 데님 팬츠 [오션 블랙],134100,149000,10,,31명이 보는 중,none,False,https://image.msscdn.net/images/goods_img/20260602/6592348/6592348_17866843403965_500.jpg,https://www.musinsa.com/products/6592348
2026-10-10,MONTHLY,M,401,263,001,상의,5335287,토피,미니멀 래글런 롱 슬리브 (NAVY),21020,29000,28,판매 3.5천개,49명이 보는 중,누적 판매 N만 돌파,False,https://image.msscdn.net/images/goods_img/20250819/5335287/5335287_17908235295834_500.jpg,https://www.musinsa.com/products/5335287
2026-10-10,MONTHLY,M,403,264,001,상의,7220361,알리스,울 브러쉬드 스트라이프 라운드 크롭 니트 [버건디],56100,66000,15,,11명이 보는 중,none,False,https://image.msscdn.net/images/goods_img/20260901/7220361/7220361_17883446738719_500.jpg,https://www.musinsa.com/products/7220361
2026-10-10,MONTHLY,M,406,265,003,바지,3046300,아웃스탠딩,30S CINCH BACK SELVEDGE WIDE PANTS_INDIGO,125100,139000,10,판매 1.2만개,53명이 보는 중,누적 판매 N만 돌파,False,https://image.msscdn.net/images/goods_img/20230130/3046300/3046300_17682655726680_500.jpg,https://www.musinsa.com/products/3046300
2026-10-10,MONTHLY,M,407,266,002,아우터,3094153,에스피오나지,Hunting Blouson Jacket Olive,172550,203000,15,판매 1.1만개,39명이 보는 중,누적 판매 N만 돌파,False,https://image.msscdn.net/images/goods_img/20230220/3094153/3094153_16771294572861_500.jpg,https://www.musinsa.com/products/3094153
2026-10-10,MONTHLY,M,409,267,002,아우터,4288927,디미트리블랙,[크롭선택] ASI 포시즌 에센셜 후드 집업_스웻 블랙,33900,56700,40,판매 1.4만개,121명이 보는 중,누적 판매 N만 돌파,False,https://image.msscdn.net/images/goods_img/20240801/4288927/4288927_17751949366972_500.jpg,https://www.musinsa.com/products/4288927
2026-10-10,MONTHLY,M,410,268,003,바지,7161042,디미트리블랙,VLAD 원턱 커브드 트랙 팬츠_(3심볼 저지) 블랙&아이보리,29900,49200,39,판매 2.1천개,110명이 보는 중,누적 판매 N만 돌파,False,https://image.msscdn.net/images/goods_img/20260825/7161042/7161042_17879097376793_500.png,https://www.musinsa.com/products/7161042
2026-10-10,MONTHLY,M,412,269,003,바지,3439140,토피,파이핑 라인 트랙 스트링 팬츠 (BLACK),56700,89000,36,판매 1.8만개,35명이 보는 중,누적 판매 N만 돌파,False,https://image.msscdn.net/images/goods_img/20230801/3439140/3439140_17821119476674_500.png,https://www.musinsa.com/products/3439140
2026-10-10,MONTHLY,M,415,270,001,상의,5289769,마인드브릿지,[ON]스트라이프 오버핏 셔츠 - 3color,37910,79900,53,판매 3.7천개,61명이 보는 중,누적 판매 N만 돌파,False,https://image.msscdn.net/images/goods_img/20250804/5289769/5289769_17726775493842_500.jpg,https://www.musinsa.com/products/5289769
2026-10-10,MONTHLY,M,416,271,001,상의,4272965,리메인세컨드,오버핏 시그니처 LMS 패치 후디 [네이비],26200,74900,65,판매 1.3만개,142명이 보는 중,누적 판매 N만 돌파,False,https://image.msscdn.net/images/goods_img/20240725/4272965/4272965_17605950992041_500.jpg,https://www.musinsa.com/products/4272965
2026-10-10,MONTHLY,M,417,272,002,아우터,5339694,스웨이드,CROPPED WASHED HOOD ZIP UP [DEEP GREEN],88300,109000,19,판매 5.6천개,80명이 보는 중,누적 판매 N만 돌파,False,https://image.msscdn.net/images/goods_img/20250819/5339694/5339694_17558500912318_500.jpg,https://www.musinsa.com/products/5339694
2026-10-10,MONTHLY,M,418,273,002,아우터,3927174,무드인사이드,비건 스웨이드 바이커 자켓_3Color,59900,139000,57,판매 1.2만개,79명이 보는 중,누적 판매 N만 돌파,False,https://image.msscdn.net/images/goods_img/20240306/3927174/3927174_17568668915223_500.jpg,https://www.musinsa.com/products/3927174
2026-10-10,MONTHLY,M,419,274,002,아우터,7408279,디미트리블랙,[DIMITRI X 스토커즈] 클라우드 하프넥 스냅 플리스_5 COLOR,33900,46300,27,판매 2.6천개,362명이 보는 중,누적 판매 N만 돌파,False,https://image.msscdn.net/images/goods_img/20260928/7408279/7408279_17909111556537_500.jpg,https://www.musinsa.com/products/7408279
2026-10-10,MONTHLY,M,421,275,002,아우터,6886218,노티카,프리즘 패디드 레이어 자켓(4colors) NPD1596,152150,179000,15,판매 1.6천개,218명이 보는 중,누적 판매 N만 돌파,False,https://image.msscdn.net/images/goods_img/20260721/6886218/6886218_17882268813331_500.jpg,https://www.musinsa.com/products/6886218
2026-10-10,MONTHLY,M,423,276,002,아우터,2093254,브이투,465-3 VEGAN LEATHER OVERFIT JACKET_BLACK,71900,89900,20,판매 2.5만개,61명이 보는 중,누적 판매 N만 돌파,False,https://image.msscdn.net/images/goods_img/20210827/2093254/2093254_1_500.jpg,https://www.musinsa.com/products/2093254
2026-10-10,MONTHLY,M,428,277,002,아우터,6034768,아디다스,데님 파이어버드 트랙탑 - 블랙 / KD1516,159000,159000,0,판매 1.8천개,107명이 보는 중,누적 판매 N만 돌파,False,https://image.msscdn.net/images/goods_img/20260220/6034768/6034768_17715673987009_500.jpg,https://www.musinsa.com/products/6034768
2026-10-10,MONTHLY,M,429,278,002,아우터,2572700,넌블랭크,[SAINT YEAR] 세미 오버 핏 셋업 수트_BLACK,178200,198000,10,판매 5천개,40명이 보는 중,누적 판매 N만 돌파,False,https://image.msscdn.net/images/goods_img/20220520/2572700/2572700_17769897170778_500.jpg,https://www.musinsa.com/products/2572700
2026-10-10,MONTHLY,M,431,279,002,아우터,7083633,무신사 스탠다드,[챔피온 컬래버] 가먼트 다이드 하이넥 데님 재킷 [차콜 그레이],109900,109900,0,,10명이 보는 중,none,False,https://image.msscdn.net/images/goods_img/20260814/7083633/7083633_17906537886960_500.jpg,https://www.musinsa.com/products/7083633
2026-10-10,MONTHLY,M,432,280,002,아우터,5392266,아웃스탠딩,TEA-CORE LEATHER W.W. II 1ST JACKET_BLACK,438000,438000,0,,105명이 보는 중,none,False,https://image.msscdn.net/images/goods_img/20250902/5392266/5392266_17881572082553_500.jpg,https://www.musinsa.com/products/5392266
2026-10-10,MONTHLY,M,433,281,002,아우터,3051559,토피,라이트웨이트 윈드 점퍼 (BLACK),48550,93000,48,판매 1만개,39명이 보는 중,누적 판매 N만 돌파,False,https://image.msscdn.net/images/prd_img/20230201/3051559/detail_3051559_16765215304381_500.jpg,https://www.musinsa.com/products/3051559
2026-10-10,MONTHLY,M,435,282,002,아우터,5316297,소버먼트,780G 솔리드 크롭 후디 집업-8%멜란지 그레이-,64200,91700,30,판매 7.7천개,26명이 보는 중,누적 판매 N만 돌파,False,https://image.msscdn.net/images/goods_img/20250812/5316297/5316297_17631077014607_500.jpg,https://www.musinsa.com/products/5316297
2026-10-10,MONTHLY,M,436,283,003,바지,1222183,무신사 스탠다드,와이드 히든 밴딩 슬랙스 [차콜 그레이],47390,49900,5,판매 2.4만개,,누적 판매 N만 돌파,False,https://image.msscdn.net/images/goods_img/20191113/1222183/1222183_17798577036388_500.jpg,https://www.musinsa.com/products/1222183
2026-10-10,MONTHLY,M,439,284,003,바지,1224095,무신사 스탠다드,세미 와이드 히든 밴딩 슬랙스 [미디엄 그레이],44890,49900,10,판매 10만개,,누적 판매 N만 돌파,False,https://image.msscdn.net/images/goods_img/20191113/1224095/1224095_17518463307099_500.jpg,https://www.musinsa.com/products/1224095
2026-10-10,MONTHLY,M,440,285,002,아우터,7165322,아웃스탠딩,LEATHER SPORTS JACKET_VINTAGE BLACK,568000,568000,0,,305명이 보는 중,none,False,https://image.msscdn.net/images/goods_img/20260826/7165322/7165322_17890046417878_500.jpg,https://www.musinsa.com/products/7165322
2026-10-10,MONTHLY,M,441,286,002,아우터,7180311,노매뉴얼,C.L WAFFLE JERSEY - CHARCOAL,94500,105000,10,,83명이 보는 중,none,False,https://image.msscdn.net/images/goods_img/20260827/7180311/7180311_17905750996009_500.jpg,https://www.musinsa.com/products/7180311
2026-10-10,MONTHLY,M,442,287,003,바지,2268294,무신사 스탠다드,레귤러 핏 데님 팬츠 [블랙],49900,49900,0,판매 2만개,48명이 보는 중,누적 판매 N만 돌파,False,https://image.msscdn.net/images/goods_img/20211214/2268294/2268294_17623224322646_500.jpg,https://www.musinsa.com/products/2268294
2026-10-10,MONTHLY,M,443,288,003,바지,6706935,무신사 스탠다드,뉴 와이드 히든 밴딩 슬랙스 [블랙],49900,49900,0,,45명이 보는 중,none,False,https://image.msscdn.net/images/goods_img/20260622/6706935/6706935_17889403001552_500.jpg,https://www.musinsa.com/products/6706935
2026-10-10,MONTHLY,M,444,289,002,아우터,5438735,트릴리온,라이트 후디 패딩 자켓_그레이,49990,73000,32,판매 1.7만개,107명이 보는 중,누적 판매 N만 돌파,False,https://image.msscdn.net/images/goods_img/20250910/5438735/5438735_17575615961166_500.jpg,https://www.musinsa.com/products/5438735
2026-10-10,MONTHLY,M,445,290,003,바지,3154647,드로우핏,투턱 밴딩 와이드 슬랙스 [BLACK],49770,63000,21,판매 1.7만개,13명이 보는 중,누적 판매 N만 돌파,False,https://image.msscdn.net/images/goods_img/20230316/3154647/3154647_17567928528932_500.jpg,https://www.musinsa.com/products/3154647
2026-10-10,MONTHLY,M,446,291,002,아우터,7332836,킨치,[KOIN SEOUL x SOUVENIER] Italy Lambskin Sports Jacket,548100,609000,10,,29명이 보는 중,none,False,https://image.msscdn.net/images/goods_img/20260915/7332836/7332836_17900568749320_500.jpg,https://www.musinsa.com/products/7332836
2026-10-10,MONTHLY,M,447,292,003,바지,5128859,놈브레,캣워싱 키링 플레어 데님 부츠컷 팬츠 [블루],38800,53000,27,판매 8.7천개,87명이 보는 중,누적 판매 N만 돌파,False,https://image.msscdn.net/images/goods_img/20250520/5128859/5128859_17588518767485_500.jpg,https://www.musinsa.com/products/5128859
2026-10-10,MONTHLY,M,450,293,003,바지,1149328,무신사 스탠다드,테이퍼드 히든 밴딩 크롭 슬랙스 [블랙],44890,49900,10,판매 51만개,10명이 보는 중,누적 판매 N만 돌파,False,https://image.msscdn.net/images/goods_img/20190910/1149328/1149328_17222375113367_500.jpg,https://www.musinsa.com/products/1149328
2026-10-10,MONTHLY,M,452,294,003,바지,7009519,아워데이즈,[젠플록스X아워데이즈] 세미 커브드 데님 팬츠 [3COLORS],45400,66000,31,판매 4천개,59명이 보는 중,누적 판매 N만 돌파,False,https://image.msscdn.net/images/goods_img/20260806/7009519/7009519_17889267980319_500.jpg,https://www.musinsa.com/products/7009519
2026-10-10,MONTHLY,M,453,295,002,아우터,7188623,아웃스탠딩,[LOONEY TUNES] FFA WORK JACKET_NAVY,151200,168000,10,,,none,False,https://image.msscdn.net/images/goods_img/20260828/7188623/7188623_17887560278257_500.jpg,https://www.musinsa.com/products/7188623
2026-10-10,MONTHLY,M,454,296,001,상의,7102173,센테어,[2PACK] 리브드 머슬핏 헨리넥 긴팔 티셔츠  _5color,46900,68900,32,판매 2.1천개,45명이 보는 중,누적 판매 N만 돌파,False,https://image.msscdn.net/images/goods_img/20260819/7102173/7102173_17871066249765_500.jpg,https://www.musinsa.com/products/7102173
2026-10-10,MONTHLY,M,455,297,002,아우터,4209352,무신사 스탠다드,신세틱 스웨이드 미니멀 블루종 재킷 [브라운],129900,129900,0,판매 3.2천개,13명이 보는 중,누적 판매 N만 돌파,False,https://image.msscdn.net/images/goods_img/20240620/4209352/4209352_17333854866699_500.jpg,https://www.musinsa.com/products/4209352
2026-10-10,MONTHLY,M,456,298,003,바지,5746364,무신사 스탠다드,엑스트라 와이드 투 턱 히든 밴딩 슬랙스 [미디엄 그레이],59900,59900,0,판매 2.5천개,53명이 보는 중,누적 판매 N만 돌파,False,https://image.msscdn.net/images/goods_img/20251118/5746364/5746364_17701045604308_500.jpg,https://www.musinsa.com/products/5746364
2026-10-10,MONTHLY,M,459,299,003,바지,7096087,알리스,[NERDKING x ALYSS] 슬릭 세미와이드 데님 팬츠_3COLOR,59200,74000,20,판매 2.1천개,39명이 보는 중,누적 판매 N만 돌파,False,https://image.msscdn.net/images/goods_img/20260818/7096087/7096087_17887453396676_500.jpg,https://www.musinsa.com/products/7096087
2026-10-10,MONTHLY,M,460,300,001,상의,5589685,에스이에스티,Stripe Layered Long Sleeve Charcoal,39000,70000,44,판매 5천개,16명이 보는 중,누적 판매 N만 돌파,False,https://image.msscdn.net/images/goods_img/20251014/5589685/5589685_17604949493993_500.jpg,https://www.musinsa.com/products/5589685
2026-10-10,MONTHLY,F,1,1,002,아우터,5759548,마뗑킴,SPELL POINT STRIPE KNIT CARDIGAN IN BLACK,198000,198000,0,판매 8천개,162명이 보는 중,누적 판매 N만 돌파,False,https://image.msscdn.net/images/goods_img/20251120/5759548/5759548_17636302731261_500.jpg,https://www.musinsa.com/products/5759548
2026-10-10,MONTHLY,F,2,2,002,아우터,6061370,아수라,AUTHENTIC TRENCH JACKET (BEIGE),168300,198000,15,판매 4.9천개,227명이 보는 중,누적 판매 N만 돌파,False,https://image.msscdn.net/images/goods_img/20260226/6061370/6061370_17878944045413_500.jpg,https://www.musinsa.com/products/6061370
2026-10-10,MONTHLY,F,3,3,002,아우터,7104788,수아레 우먼,(우먼)라이트 시어쉘 패딩 점퍼 - 6 COLOR,84920,165000,49,판매 7.5천개,300명이 보는 중,누적 판매 N만 돌파,False,https://image.msscdn.net/images/goods_img/20260819/7104788/7104788_17875486705995_500.jpg,https://www.musinsa.com/products/7104788
2026-10-10,MONTHLY,F,4,4,002,아우터,5162178,무신사 스탠다드 우먼,[시티 레저] 우먼즈 후디드 라이트 다운 재킷 [스톤 화이트],98900,109900,10,판매 1.4만개,392명이 보는 중,누적 판매 N만 돌파,False,https://image.msscdn.net/images/goods_img/20250602/5162178/5162178_17888650510734_500.jpg,https://www.musinsa.com/products/5162178
2026-10-10,MONTHLY,F,5,5,002,아우터,5532467,수아레,(컬러 추가) 라이트 시어쉘 패딩 점퍼 - 6 COLOR,89900,165000,46,판매 5.5만개,806명이 보는 중,누적 판매 N만 돌파,False,https://image.msscdn.net/images/goods_img/20250925/5532467/5532467_17875486261088_500.jpg,https://www.musinsa.com/products/5532467
2026-10-10,MONTHLY,F,8,6,002,아우터,6838640,스파오,[씬라이트] 후드 재킷_SPJPG4TC24,48520,59900,19,판매 1.3만개,901명이 보는 중 / 38명이 구매 중,누적 판매 N만 돌파,False,https://image.msscdn.net/images/goods_img/20260714/6838640/6838640_17896088498128_500.jpg,https://www.musinsa.com/products/6838640
2026-10-10,MONTHLY,F,9,7,002,아우터,7159260,세컨드솔트,[에어클라우드]사선지퍼 경량 패딩 자켓 (게랑드솔트),65620,109000,40,판매 2천개,387명이 보는 중,누적 판매 N만 돌파,False,https://image.msscdn.net/images/goods_img/20260825/7159260/7159260_17878938210971_500.png,https://www.musinsa.com/products/7159260
2026-10-10,MONTHLY,F,10,8,002,아우터,6100901,닉켈하우스,닉켈 26 동키 후드집업,99500,149000,33,판매 8.6천개,163명이 보는 중,누적 판매 N만 돌파,False,https://image.msscdn.net/images/goods_img/20260309/6100901/6100901_17730403884837_500.jpg,https://www.musinsa.com/products/6100901
2026-10-10,MONTHLY,F,11,9,002,아우터,6796671,무신사 스탠다드 우먼,[시티 레저] 우먼즈 시어 후디드 라이트 다운 재킷 [라이트 그레이],139900,139900,0,판매 1.6천개,190명이 보는 중,누적 판매 N만 돌파,False,https://image.msscdn.net/images/goods_img/20260707/6796671/6796671_17901545779215_500.jpg,https://www.musinsa.com/products/6796671
2026-10-10,MONTHLY,F,12,10,002,아우터,5943431,아디다스,와플 클래식 트랙탑 - 원더화이트 / KQ6864,108990,129000,16,판매 1.2만개,240명이 보는 중,누적 판매 N만 돌파,False,https://image.msscdn.net/images/goods_img/20260127/5943431/5943431_17745057757383_500.jpg,https://www.musinsa.com/products/5943431
2026-10-10,MONTHLY,F,13,11,002,아우터,6788199,스파오,[리사이클] 베이직 퍼플리스 집업_SPFZG4TC01,24220,29900,19,판매 1.4만개,294명이 보는 중,누적 판매 N만 돌파,False,https://image.msscdn.net/images/goods_img/20260706/6788199/6788199_17865090873370_500.png,https://www.musinsa.com/products/6788199
2026-10-10,MONTHLY,F,14,12,002,아우터,7108774,디미트리블랙,[10주년기획] © 모두의 Comfortemp® 미드웨이트 패딩_4 COLOR,79900,133400,40,판매 9.2천개,713명이 보는 중,누적 판매 N만 돌파,False,https://image.msscdn.net/images/goods_img/20260819/7108774/7108774_17885055232191_500.jpg,https://www.musinsa.com/products/7108774
2026-10-10,MONTHLY,F,15,13,002,아우터,6838154,스파오,[씬라이트] 여성 후드 재킷_SPJPG4TG24,48520,59900,19,판매 8.9천개,839명이 보는 중,누적 판매 N만 돌파,False,https://image.msscdn.net/images/goods_img/20260714/6838154/6838154_17884174549576_500.jpg,https://www.musinsa.com/products/6838154
2026-10-10,MONTHLY,F,17,14,002,아우터,6061372,아수라,AUTHENTIC TRENCH JACKET (CHARCOAL),168300,198000,15,판매 1.6천개,101명이 보는 중,누적 판매 N만 돌파,False,https://image.msscdn.net/images/goods_img/20260226/6061372/6061372_17878945865919_500.jpg,https://www.musinsa.com/products/6061372
2026-10-10,MONTHLY,F,18,15,002,아우터,4356794,무신사 스탠다드,[시티 레저] 후디드 라이트 다운 재킷 [블랙],109900,109900,0,판매 2.8만개,285명이 보는 중,누적 판매 N만 돌파,False,https://image.msscdn.net/images/goods_img/20240822/4356794/4356794_17890558965193_500.jpg,https://www.musinsa.com/products/4356794
2026-10-10,MONTHLY,F,19,16,002,아우터,6796667,무신사 스탠다드 우먼,[시티 레저] 우먼즈 시어 후디드 라이트 다운 재킷 [아이보리],139900,139900,0,판매 1.3천개,165명이 보는 중,누적 판매 N만 돌파,False,https://image.msscdn.net/images/goods_img/20260707/6796667/6796667_17870367124386_500.jpg,https://www.musinsa.com/products/6796667
2026-10-10,MONTHLY,F,21,17,001,상의,6014700,탄산마그네슘,홀스 래빗 롱슬리브 (화이트),55650,74000,25,판매 1.1만개,117명이 보는 중,누적 판매 N만 돌파,False,https://image.msscdn.net/images/goods_img/20260211/6014700/6014700_17775279342903_500.jpg,https://www.musinsa.com/products/6014700
2026-10-10,MONTHLY,F,22,18,002,아우터,3783092,디미트리블랙,[크롭선택] ASI 포시즌 에센셜 후드 집업_피그먼트 차콜,38800,60900,36,판매 11만개,480명이 보는 중,누적 판매 N만 돌파,False,https://image.msscdn.net/images/goods_img/20240109/3783092/3783092_17708794030062_500.jpg,https://www.musinsa.com/products/3783092
2026-10-10,MONTHLY,F,23,19,002,아우터,5162177,무신사 스탠다드 우먼,[시티 레저] 우먼즈 후디드 라이트 다운 재킷 [블랙],98890,109900,10,판매 8.2천개,135명이 보는 중,누적 판매 N만 돌파,False,https://image.msscdn.net/images/goods_img/20250602/5162177/5162177_17888605119271_500.jpg,https://www.musinsa.com/products/5162177
2026-10-10,MONTHLY,F,26,20,002,아우터,6661182,무신사 스탠다드 우먼,[시티 레저] 우먼즈 그리드 폴라 플리스 바라클라바 후디드 집업 [스톤 화이트],69900,69900,0,판매 1.7천개,297명이 보는 중,누적 판매 N만 돌파,False,https://image.msscdn.net/images/goods_img/20260612/6661182/6661182_17901554183639_500.jpg,https://www.musinsa.com/products/6661182
2026-10-10,MONTHLY,F,29,21,002,아우터,7074311,아수라,AUTHENTIC TRENCH LEATHER JACKET (BLACK),219000,219000,0,,97명이 보는 중,none,False,https://image.msscdn.net/images/goods_img/20260813/7074311/7074311_17899824509345_500.jpg,https://www.musinsa.com/products/7074311
2026-10-10,MONTHLY,F,31,22,002,아우터,5301746,노티카,세일링 후디드 다운 자켓(6colors) NDW1086,152150,179000,15,판매 8.4천개,170명이 보는 중,누적 판매 N만 돌파,False,https://image.msscdn.net/images/goods_img/20250807/5301746/5301746_17890859435866_500.jpg,https://www.musinsa.com/products/5301746
2026-10-10,MONTHLY,F,33,23,001,상의,5432652,탄산마그네슘,마운틴 롱슬리브 (화이트/레드),55650,74000,25,판매 1.8만개,51명이 보는 중,누적 판매 N만 돌파,False,https://image.msscdn.net/images/goods_img/20250909/5432652/5432652_17605981290104_500.jpg,https://www.musinsa.com/products/5432652
2026-10-10,MONTHLY,F,37,24,002,아우터,6039369,무신사 스탠다드 우먼,[시티 레저] 우먼즈 후디드 라이트 다운 재킷 [민트 그레이],98890,109900,10,판매 1.4천개,229명이 보는 중,누적 판매 N만 돌파,False,https://image.msscdn.net/images/goods_img/20260223/6039369/6039369_17901553373456_500.jpg,https://www.musinsa.com/products/6039369
2026-10-10,MONTHLY,F,39,25,002,아우터,6039367,무신사 스탠다드 우먼,[시티 레저] 우먼즈 후디드 라이트 다운 재킷 [라이트 웜 그레이],98890,109900,10,판매 1.5천개,124명이 보는 중,누적 판매 N만 돌파,False,https://image.msscdn.net/images/goods_img/20260223/6039367/6039367_17854554364678_500.jpg,https://www.musinsa.com/products/6039367
2026-10-10,MONTHLY,F,40,26,003,바지,2112061,가까이 유니언즈,[여름 or 기모 or 사계절 원단 선택] 원턱 와이드 스웨트팬츠 블랙,31200,52000,40,판매 32만개,146명이 보는 중,누적 판매 N만 돌파,False,https://image.msscdn.net/images/goods_img/20210906/2112061/2112061_17459952841713_500.jpg,https://www.musinsa.com/products/2112061
2026-10-10,MONTHLY,F,41,27,002,아우터,4808075,로우클래식,LOW SOFT SWEAT ZIP-UP HOODIE_CHARCOAL_LC267TS12CC,119000,119000,0,판매 6.7천개,10명이 보는 중,누적 판매 N만 돌파,False,https://image.msscdn.net/images/goods_img/20250220/4808075/4808075_17720778823866_500.jpg,https://www.musinsa.com/products/4808075
2026-10-10,MONTHLY,F,43,28,002,아우터,5369990,엔티비씨,2Way 후드 경량 패딩 점퍼,49900,99000,50,판매 3만개,200명이 보는 중,누적 판매 N만 돌파,False,https://image.msscdn.net/images/goods_img/20250827/5369990/5369990_17896988478854_500.jpg,https://www.musinsa.com/products/5369990
2026-10-10,MONTHLY,F,44,29,003,바지,6092187,무신사 스탠다드 우먼,우먼즈 코튼 커브드 팬츠 (5 colors),44890,49900,10,판매 1.6만개,137명이 보는 중,누적 판매 N만 돌파,False,https://image.msscdn.net/images/goods_img/20260306/6092187/6092187_17841020528579_500.jpg,https://www.musinsa.com/products/6092187
2026-10-10,MONTHLY,F,45,30,002,아우터,5339694,스웨이드,CROPPED WASHED HOOD ZIP UP [DEEP GREEN],88300,109000,19,판매 5.6천개,80명이 보는 중,누적 판매 N만 돌파,False,https://image.msscdn.net/images/goods_img/20250819/5339694/5339694_17558500912318_500.jpg,https://www.musinsa.com/products/5339694
2026-10-10,MONTHLY,F,46,31,002,아우터,3788815,아메스 월드와이드,BASIC LOGO HOODIE ZIP UP NAVY,60080,89000,32,판매 1.6만개,106명이 보는 중,누적 판매 N만 돌파,False,https://image.msscdn.net/images/goods_img/20240111/3788815/3788815_17893582036516_500.jpg,https://www.musinsa.com/products/3788815
2026-10-10,MONTHLY,F,48,32,002,아우터,6796669,무신사 스탠다드 우먼,[시티 레저] 우먼즈 시어 후디드 라이트 다운 재킷 [그레이],139900,139900,0,,58명이 보는 중,none,False,https://image.msscdn.net/images/goods_img/20260707/6796669/6796669_17870366582588_500.jpg,https://www.musinsa.com/products/6796669
2026-10-10,MONTHLY,F,49,33,002,아우터,2837405,마뗑킴,MATIN KIM LOGO COATING JUMPER,162000,162000,0,판매 1만개,45명이 보는 중,누적 판매 N만 돌파,False,https://image.msscdn.net/images/goods_img/20221004/2837405/2837405_1_500.jpg,https://www.musinsa.com/products/2837405
2026-10-10,MONTHLY,F,51,34,001,상의,5438121,디스이즈네버댓,T-Logo Hoodie Heather Grey,109000,109000,0,판매 7.7천개,119명이 보는 중,누적 판매 N만 돌파,False,https://image.msscdn.net/images/goods_img/20250910/5438121/5438121_17682811390976_500.jpg,https://www.musinsa.com/products/5438121
2026-10-10,MONTHLY,F,52,35,002,아우터,6953365,오헤시오,"VINTAGE FLORAL HOODED JACKET, KHAKI",203490,238000,15,,116명이 보는 중,none,False,https://image.msscdn.net/images/goods_img/20260729/6953365/6953365_17864347290154_500.jpg,https://www.musinsa.com/products/6953365
2026-10-10,MONTHLY,F,53,36,003,바지,5448897,2000아카이브스,SNYDER WIDE DENIM (BLUE),184000,230000,20,판매 3.5천개,80명이 보는 중,누적 판매 N만 돌파,False,https://image.msscdn.net/images/goods_img/20250912/5448897/5448897_17913511009744_500.jpg,https://www.musinsa.com/products/5448897
2026-10-10,MONTHLY,F,56,37,002,아우터,6796676,무신사 스탠다드 우먼,[시티 레저] 우먼즈 시어 후디드 라이트 다운 재킷 [클라우디 블루],139900,139900,0,,192명이 보는 중,none,False,https://image.msscdn.net/images/goods_img/20260707/6796676/6796676_17870362670507_500.jpg,https://www.musinsa.com/products/6796676
2026-10-10,MONTHLY,F,57,38,003,바지,6754627,무신사 스탠다드 우먼,우먼즈 더블 니트 커브드 스웨트 팬츠 [블랙],43590,45900,5,판매 1.9천개,130명이 보는 중,누적 판매 N만 돌파,False,https://image.msscdn.net/images/goods_img/20260630/6754627/6754627_17882495932443_500.jpg,https://www.musinsa.com/products/6754627
2026-10-10,MONTHLY,F,59,39,002,아우터,5329384,플레이스 스튜디오,[리뉴얼] 하이넥 스탠다드 스트랩 비조 포인트 블루종 집업 자켓 [블랙],30560,49000,38,판매 1.9만개,296명이 보는 중,누적 판매 N만 돌파,False,https://image.msscdn.net/images/goods_img/20250818/5329384/5329384_17554829609253_500.jpg,https://www.musinsa.com/products/5329384
2026-10-10,MONTHLY,F,60,40,002,아우터,7159256,세컨드솔트,[에어클라우드]사선지퍼 경량 패딩 자켓 (블랙),65620,109000,40,판매 1천개,130명이 보는 중,누적 판매 N만 돌파,False,https://image.msscdn.net/images/goods_img/20260825/7159256/7159256_17878938353455_500.png,https://www.musinsa.com/products/7159256
2026-10-10,MONTHLY,F,67,41,001,상의,6058096,언타이틀 서울,유니콘 헨리넥 슬럽 롱 슬리브 그레이,35400,59000,40,판매 6천개,135명이 보는 중,누적 판매 N만 돌파,False,https://image.msscdn.net/images/goods_img/20260226/6058096/6058096_17756129786602_500.jpg,https://www.musinsa.com/products/6058096
2026-10-10,MONTHLY,F,71,42,002,아우터,5622639,헬리녹스 웨어,이클립스 팩 다운 자켓 Light Gray,520000,520000,0,,43명이 보는 중,none,False,https://image.msscdn.net/images/goods_img/20251021/5622639/5622639_17611120457288_500.jpg,https://www.musinsa.com/products/5622639
2026-10-10,MONTHLY,F,72,43,002,아우터,5756056,언타이틀 서울,유니콘 바시티 엠블럼 후드 집업 블랙,46000,92000,50,판매 3.7천개,77명이 보는 중,누적 판매 N만 돌파,False,https://image.msscdn.net/images/goods_img/20251120/5756056/5756056_17864085585096_500.jpg,https://www.musinsa.com/products/5756056
2026-10-10,MONTHLY,F,73,44,003,바지,5899294,디미트리블랙,VLAD 원턱 커브드 컷오프 스웻 팬츠_피그먼트 차콜,29900,50000,40,판매 8.4천개,116명이 보는 중,누적 판매 N만 돌파,False,https://image.msscdn.net/images/goods_img/20260115/5899294/5899294_17688836243092_500.jpg,https://www.musinsa.com/products/5899294
2026-10-10,MONTHLY,F,74,45,003,바지,5351183,데케트 우먼,Flared Shirring Pants DCWPT017BLACK,66600,74000,10,판매 7.5천개,131명이 보는 중,누적 판매 N만 돌파,False,https://image.msscdn.net/images/goods_img/20250821/5351183/5351183_17775245674127_500.jpg,https://www.musinsa.com/products/5351183
2026-10-10,MONTHLY,F,75,46,002,아우터,5498292,레더리,M-65 피쉬테일 오버핏 롱파카 [3COLOR],129550,199000,35,판매 6.8천개,74명이 보는 중,누적 판매 N만 돌파,False,https://image.msscdn.net/images/goods_img/20250919/5498292/5498292_17628429956754_500.jpg,https://www.musinsa.com/products/5498292
2026-10-10,MONTHLY,F,79,47,002,아우터,6661184,무신사 스탠다드 우먼,[시티 레저] 우먼즈 그리드 폴라 플리스 바라클라바 후디드 집업 [라이트 그레이],69900,69900,0,판매 1.1천개,48명이 보는 중,누적 판매 N만 돌파,False,https://image.msscdn.net/images/goods_img/20260612/6661184/6661184_17889423183773_500.jpg,https://www.musinsa.com/products/6661184
2026-10-10,MONTHLY,F,80,48,002,아우터,5148059,무신사 스탠다드,[시티 레저] 후디드 라이트 다운 재킷 [라이트 그레이],109900,109900,0,판매 6천개,132명이 보는 중,누적 판매 N만 돌파,False,https://image.msscdn.net/images/goods_img/20250527/5148059/5148059_17890557888857_500.jpg,https://www.musinsa.com/products/5148059
2026-10-10,MONTHLY,F,81,49,002,아우터,6853729,무신사 스탠다드 우먼,[오헤시오 컬래버] 캐시미어 블렌드 더블 하프 코트 [차콜 그레이],229900,229900,0,,15명이 보는 중,none,False,https://image.msscdn.net/images/goods_img/20260715/6853729/6853729_17882372876263_500.jpg,https://www.musinsa.com/products/6853729
2026-10-10,MONTHLY,F,82,50,001,상의,7074392,아수라,PURE WOOL DEEP V KNIT (DARK PURPLE),83300,98000,15,,24명이 보는 중,none,False,https://image.msscdn.net/images/goods_img/20260813/7074392/7074392_17879195627172_500.jpg,https://www.musinsa.com/products/7074392
2026-10-10,MONTHLY,F,85,51,002,아우터,5592568,레터프롬문,시프네 더블 버튼 퍼 자켓 ( 아이보리 ),176750,220000,20,,17명이 보는 중,none,False,https://image.msscdn.net/images/goods_img/20251015/5592568/5592568_17621407961192_500.jpg,https://www.musinsa.com/products/5592568
2026-10-10,MONTHLY,F,86,52,002,아우터,1567317,지프,2WAY 마운틴 1941 라이너 플리스 집업 (JR5TZU091BK),58900,85000,31,판매 3.1만개,123명이 보는 중,누적 판매 N만 돌파,False,https://image.msscdn.net/images/goods_img/20200827/1567317/1567317_17871103144956_500.jpg,https://www.musinsa.com/products/1567317
2026-10-10,MONTHLY,F,87,53,001,상의,3417709,무신사 스탠다드 우먼,우먼즈 슬림 크루 넥 긴소매 티셔츠 [화이트],18490,19900,7,판매 4.1만개,88명이 보는 중,누적 판매 N만 돌파,False,https://image.msscdn.net/images/goods_img/20230720/3417709/3417709_16964869253825_500.jpg,https://www.musinsa.com/products/3417709
2026-10-10,MONTHLY,F,88,54,001,상의,5395574,비바라비다,044 레글런 롱 슬리브 티셔츠,31430,44900,30,판매 8.2천개,81명이 보는 중,누적 판매 N만 돌파,False,https://image.msscdn.net/images/goods_img/20250903/5395574/5395574_17581763855978_500.jpg,https://www.musinsa.com/products/5395574
2026-10-10,MONTHLY,F,89,55,001,상의,6754625,무신사 스탠다드 우먼,[오헤시오 컬래버] 폴라 플리스 스냅 풀오버 [미디엄 그레이],59900,59900,0,판매 1.5천개,126명이 보는 중,누적 판매 N만 돌파,False,https://image.msscdn.net/images/goods_img/20260630/6754625/6754625_17882370241543_500.jpg,https://www.musinsa.com/products/6754625
2026-10-10,MONTHLY,F,90,56,001,상의,6951093,마이초이도쿄,MAICHOI Flag Archive Hoodie [3color],69000,109000,37,판매 3.2천개,166명이 보는 중,누적 판매 N만 돌파,False,https://image.msscdn.net/images/goods_img/20260729/6951093/6951093_17881068028867_500.jpg,https://www.musinsa.com/products/6951093
2026-10-10,MONTHLY,F,91,57,002,아우터,6652082,무신사 스탠다드 우먼,우먼즈 신세틱 레더 하이 넥 블루종 재킷 [블랙],159900,159900,0,,26명이 보는 중,none,False,https://image.msscdn.net/images/goods_img/20260611/6652082/6652082_17876231576126_500.jpg,https://www.musinsa.com/products/6652082
2026-10-10,MONTHLY,F,92,58,002,아우터,7133803,아디다스,클래식 트랙탑 - 아우라커피:샌디핑크 / LC6503,85050,105000,19,,61명이 보는 중,none,False,https://image.msscdn.net/images/goods_img/20260821/7133803/7133803_17873034503307_500.jpg,https://www.musinsa.com/products/7133803
2026-10-10,MONTHLY,F,93,59,002,아우터,5322235,팬시클럽,아일렛 퍼 MA-1 (BLACK) F25ZA003,167490,219000,24,판매 5.8천개,44명이 보는 중,누적 판매 N만 돌파,False,https://image.msscdn.net/images/goods_img/20250813/5322235/5322235_17900639520668_500.jpg,https://www.musinsa.com/products/5322235
2026-10-10,MONTHLY,F,94,60,002,아우터,4729711,무신사 스탠다드 우먼,우먼즈 신세틱 스웨이드 레이서 재킷 [브라운],129900,129900,0,판매 1.9천개,38명이 보는 중,누적 판매 N만 돌파,False,https://image.msscdn.net/images/goods_img/20250120/4729711/4729711_17585860884517_500.jpg,https://www.musinsa.com/products/4729711
2026-10-10,MONTHLY,F,97,61,002,아우터,5329567,아디다스,BB 트랙탑 - 블랙:크림화이트 / KC9299,103990,139000,25,판매 8.1천개,190명이 보는 중,누적 판매 N만 돌파,False,https://image.msscdn.net/images/goods_img/20250818/5329567/5329567_17573005097318_500.jpg,https://www.musinsa.com/products/5329567
2026-10-10,MONTHLY,F,99,62,002,아우터,7165132,미쏘,캐주얼 경량패딩_MIWJPGV01C,79920,99900,20,,170명이 보는 중,none,False,https://image.msscdn.net/images/goods_img/20260826/7165132/7165132_17908383895505_500.jpg,https://www.musinsa.com/products/7165132
2026-10-10,MONTHLY,F,100,63,003,바지,2112059,가까이 유니언즈,[여름 or 기모 or 사계절 원단 선택] 원턱 와이드 스웨트팬츠 그레이,31200,52000,40,판매 51만개,111명이 보는 중,누적 판매 N만 돌파,False,https://image.msscdn.net/images/goods_img/20210906/2112059/2112059_17473624399256_500.jpg,https://www.musinsa.com/products/2112059
2026-10-10,MONTHLY,F,105,64,003,바지,7104365,아디다스,파이어버드 배럴 팬츠 - 블랙 / LF1057,89380,109000,18,,77명이 보는 중,none,False,https://image.msscdn.net/images/goods_img/20260819/7104365/7104365_17873009215826_500.jpg,https://www.musinsa.com/products/7104365
2026-10-10,MONTHLY,F,106,65,002,아우터,7020728,락케이크,Contour Leather Jacket - Black,189240,249000,24,,56명이 보는 중,none,False,https://image.msscdn.net/images/goods_img/20260807/7020728/7020728_17875470702791_500.jpg,https://www.musinsa.com/products/7020728
2026-10-10,MONTHLY,F,107,66,002,아우터,7204799,락케이크,Raw Edge Half Coat - Black,196840,259000,24,,93명이 보는 중,none,False,https://image.msscdn.net/images/goods_img/20260831/7204799/7204799_17896094303651_500.jpg,https://www.musinsa.com/products/7204799
2026-10-10,MONTHLY,F,109,67,002,아우터,6322597,무신사 스탠다드 우먼,우먼즈 신세틱 스웨이드 하이넥 블루종 재킷 [건메탈],129900,129900,0,,93명이 보는 중,none,False,https://image.msscdn.net/images/goods_img/20260416/6322597/6322597_17877330748529_500.jpg,https://www.musinsa.com/products/6322597
2026-10-10,MONTHLY,F,110,68,002,아우터,1670498,지프,2WAY 마운틴 1941 라이너 플리스 집업 (JR5TZU091IV),58900,85000,31,판매 1.9만개,154명이 보는 중,누적 판매 N만 돌파,False,https://image.msscdn.net/images/goods_img/20201030/1670498/1670498_17615290574286_500.jpg,https://www.musinsa.com/products/1670498
2026-10-10,MONTHLY,F,112,69,001,상의,5438125,디스이즈네버댓,T-Logo Hoodie Navy,109000,109000,0,판매 5.2천개,82명이 보는 중,누적 판매 N만 돌파,False,https://image.msscdn.net/images/goods_img/20250910/5438125/5438125_17682810360369_500.jpg,https://www.musinsa.com/products/5438125
2026-10-10,MONTHLY,F,113,70,002,아우터,5943430,아디다스,와플 클래식 트랙탑 - 다크브라운 / KQ6865,108990,129000,16,판매 2천개,86명이 보는 중,누적 판매 N만 돌파,False,https://image.msscdn.net/images/goods_img/20260127/5943430/5943430_17745057427088_500.jpg,https://www.musinsa.com/products/5943430
2026-10-10,MONTHLY,F,114,71,002,아우터,7074313,아수라,AUTHENTIC TRENCH SUEDE JACKET (BROWN),208050,219000,5,,11명이 보는 중,none,False,https://image.msscdn.net/images/goods_img/20260813/7074313/7074313_17878941008744_500.jpeg,https://www.musinsa.com/products/7074313
2026-10-10,MONTHLY,F,115,72,003,바지,4354890,애즈온,SMOG WIDE PANTS / BLACK,85000,85000,0,판매 1.1만개,17명이 보는 중,누적 판매 N만 돌파,False,https://image.msscdn.net/images/goods_img/20240821/4354890/4354890_17286367536857_500.jpg,https://www.musinsa.com/products/4354890
2026-10-10,MONTHLY,F,116,73,003,바지,7161034,디미트리블랙,VLAD 원턱 커브드 트랙 스웻 팬츠_(3심볼) 3 COLOR,29900,49200,39,판매 5.1천개,179명이 보는 중,누적 판매 N만 돌파,False,https://image.msscdn.net/images/goods_img/20260825/7161034/7161034_17879099065615_500.jpg,https://www.musinsa.com/products/7161034
2026-10-10,MONTHLY,F,117,74,003,바지,5558479,디오스피스,(DUC) The Sweatpants Vintage Black,82880,148000,44,판매 2.5천개,24명이 보는 중,누적 판매 N만 돌파,False,https://image.msscdn.net/images/goods_img/20251001/5558479/5558479_17805392011759_500.jpg,https://www.musinsa.com/products/5558479
2026-10-10,MONTHLY,F,119,75,002,아우터,4619950,무신사 스탠다드 우먼,우먼즈 신세틱 스웨이드 블루종 재킷 [브라운],129900,129900,0,판매 3천개,115명이 보는 중,누적 판매 N만 돌파,False,https://image.msscdn.net/images/goods_img/20241118/4619950/4619950_17585859098739_500.jpg,https://www.musinsa.com/products/4619950
2026-10-10,MONTHLY,F,121,76,002,아우터,4290697,타입서비스,Hooded Half Coat [Gray],241200,268000,10,판매 5천개,19명이 보는 중,누적 판매 N만 돌파,False,https://image.msscdn.net/images/goods_img/20240801/4290697/4290697_17883979451202_500.jpg,https://www.musinsa.com/products/4290697
2026-10-10,MONTHLY,F,123,77,002,아우터,5930123,스웨이드,CROPPED WASHED HOOD ZIP UP [WASHING NAVY],84370,109000,23,판매 1.9천개,55명이 보는 중,누적 판매 N만 돌파,False,https://image.msscdn.net/images/goods_img/20260123/5930123/5930123_17691350435097_500.jpg,https://www.musinsa.com/products/5930123
2026-10-10,MONTHLY,F,124,78,002,아우터,6880040,아캄,Napoleon Corded Zip-Up Hoodie (Teal),143100,159000,10,,84명이 보는 중,none,False,https://image.msscdn.net/images/goods_img/20260720/6880040/6880040_17877997183432_500.jpg,https://www.musinsa.com/products/6880040
2026-10-10,MONTHLY,F,125,79,001,상의,4440027,아메스 월드와이드,BIG TYPO HOODIE BLACK,53280,74000,28,판매 1.1만개,79명이 보는 중,누적 판매 N만 돌파,False,https://image.msscdn.net/images/goods_img/20240913/4440027/4440027_17893592819525_500.jpg,https://www.musinsa.com/products/4440027
2026-10-10,MONTHLY,F,126,80,001,상의,6951094,마이초이도쿄,MAICHOI Vintage Patch Hoodie [3color],69000,109000,37,판매 1.8천개,78명이 보는 중,누적 판매 N만 돌파,False,https://image.msscdn.net/images/goods_img/20260729/6951094/6951094_17899520855312_500.jpg,https://www.musinsa.com/products/6951094
2026-10-10,MONTHLY,F,128,81,002,아우터,7018792,폴로 랄프 로렌,코튼 크루넥 카디건-블랙,299000,299000,0,,61명이 보는 중,none,False,https://image.msscdn.net/images/goods_img/20260807/7018792/7018792_17872959019797_500.jpg,https://www.musinsa.com/products/7018792
2026-10-10,MONTHLY,F,132,82,003,바지,2820939,무신사 스탠다드 우먼,우먼즈 더블 니트 투 턱 와이드 라운지 스웨트 팬츠 [블랙],37090,39900,7,판매 3만개,24명이 보는 중,누적 판매 N만 돌파,False,https://image.msscdn.net/images/goods_img/20220927/2820939/2820939_17625014945098_500.jpg,https://www.musinsa.com/products/2820939
2026-10-10,MONTHLY,F,133,83,002,아우터,5162181,무신사 스탠다드 우먼,[시티 레저] 우먼즈 후디드 라이트 다운 재킷 [모카 브라운],98890,109900,10,판매 4.7천개,63명이 보는 중,누적 판매 N만 돌파,False,https://image.msscdn.net/images/goods_img/20250602/5162181/5162181_17888604816626_500.jpg,https://www.musinsa.com/products/5162181
2026-10-10,MONTHLY,F,135,84,001,상의,5438118,디스이즈네버댓,T-Logo Hoodie Black,109000,109000,0,판매 3.6천개,60명이 보는 중,누적 판매 N만 돌파,False,https://image.msscdn.net/images/goods_img/20250910/5438118/5438118_17682812126231_500.jpg,https://www.musinsa.com/products/5438118
2026-10-10,MONTHLY,F,137,85,001,상의,6014702,탄산마그네슘,홀스 래빗 롱슬리브 (네이비),55650,74000,25,판매 2.7천개,75명이 보는 중,누적 판매 N만 돌파,False,https://image.msscdn.net/images/goods_img/20260211/6014702/6014702_17785656718937_500.jpg,https://www.musinsa.com/products/6014702
2026-10-10,MONTHLY,F,139,86,003,바지,1735427,에스이에스티,[2PACK] 와이드핏 트레이닝 스웨트 팬츠 - 6color,44900,90000,50,판매 11만개,77명이 보는 중,누적 판매 N만 돌파,False,https://image.msscdn.net/images/goods_img/20210104/1735427/1735427_17646558259203_500.jpg,https://www.musinsa.com/products/1735427
2026-10-10,MONTHLY,F,140,87,002,아우터,5698207,무신사 스탠다드 우먼,우먼즈 신세틱 스웨이드 블루종 재킷 [다크 브라운],129900,129900,0,판매 1.1천개,61명이 보는 중,누적 판매 N만 돌파,False,https://image.msscdn.net/images/goods_img/20251107/5698207/5698207_17683723485636_500.jpg,https://www.musinsa.com/products/5698207
2026-10-10,MONTHLY,F,144,88,002,아우터,2139011,레이디 볼륨,465-1 비건 레더 오버핏 자켓,64710,89900,28,판매 3.7만개,65명이 보는 중,누적 판매 N만 돌파,False,https://image.msscdn.net/images/goods_img/20210917/2139011/2139011_3_500.jpg,https://www.musinsa.com/products/2139011
2026-10-10,MONTHLY,F,145,89,001,상의,4704341,지프,[360g] M-Logo 반집업 맨투맨 (JR5TSU838MB),54900,74000,26,판매 1.4만개,44명이 보는 중,누적 판매 N만 돌파,False,https://image.msscdn.net/images/goods_img/20250108/4704341/4704341_17412474701281_500.jpg,https://www.musinsa.com/products/4704341
2026-10-10,MONTHLY,F,147,90,002,아우터,6953366,오헤시오,"VINTAGE FLORAL HOODED JACKET, NAVY",203490,238000,15,,85명이 보는 중,none,False,https://image.msscdn.net/images/goods_img/20260729/6953366/6953366_17864342030703_500.jpg,https://www.musinsa.com/products/6953366
2026-10-10,MONTHLY,F,148,91,002,아우터,1618312,무신사 스탠다드 우먼,우먼즈 오버사이즈 블레이저 [블랙],89890,99900,10,판매 5만개,12명이 보는 중,누적 판매 N만 돌파,False,https://image.msscdn.net/images/goods_img/20200923/1618312/1618312_17840158746923_500.jpg,https://www.musinsa.com/products/1618312
2026-10-10,MONTHLY,F,149,92,001,상의,7218873,플레어업,Knit Asymmetrical Long Sleeve (FL-193_Charcoal Melange),69700,85000,18,,28명이 보는 중,none,False,https://image.msscdn.net/images/goods_img/20260901/7218873/7218873_17896256608218_500.jpg,https://www.musinsa.com/products/7218873
2026-10-10,MONTHLY,F,150,93,100,원피스/스커트,7219091,플레어업,Asymmetrical Midi Skirt (FL-274_Black),83300,98000,15,,25명이 보는 중,none,False,https://image.msscdn.net/images/goods_img/20260901/7219091/7219091_17897150637353_500.jpg,https://www.musinsa.com/products/7219091
2026-10-10,MONTHLY,F,151,94,002,아우터,7159262,세컨드솔트,[에어클라우드]사선지퍼 경량 패딩 자켓 (라이트블루),65620,109000,40,,108명이 보는 중,none,False,https://image.msscdn.net/images/goods_img/20260825/7159262/7159262_17900393960157_500.jpg,https://www.musinsa.com/products/7159262
2026-10-10,MONTHLY,F,153,95,002,아우터,6787458,무신사 스탠다드 우먼,우먼즈 신세틱 스웨이드 카 코트 [브라운],129900,129900,0,,69명이 보는 중,none,False,https://image.msscdn.net/images/goods_img/20260706/6787458/6787458_17877264564303_500.jpg,https://www.musinsa.com/products/6787458
2026-10-10,MONTHLY,F,155,96,001,상의,4440029,아메스 월드와이드,BIG TYPO HOODIE GREY,53280,74000,28,판매 1.3만개,39명이 보는 중,누적 판매 N만 돌파,False,https://image.msscdn.net/images/goods_img/20240913/4440029/4440029_17623208002122_500.jpg,https://www.musinsa.com/products/4440029
2026-10-10,MONTHLY,F,157,97,001,상의,5943434,아디다스,와플 롱 슬리브 폴로 티 - 블랙 / KQ6866,54990,79000,30,판매 2.8천개,116명이 보는 중,누적 판매 N만 돌파,False,https://image.msscdn.net/images/goods_img/20260127/5943434/5943434_17752070233567_500.jpg,https://www.musinsa.com/products/5943434
2026-10-10,MONTHLY,F,158,98,002,아우터,6877525,무신사 스탠다드 우먼,우먼즈 신세틱 스웨이드 싱글 재킷 [브라운],129900,129900,0,,40명이 보는 중,none,False,https://image.msscdn.net/images/goods_img/20260720/6877525/6877525_17877215244831_500.jpg,https://www.musinsa.com/products/6877525
2026-10-10,MONTHLY,F,160,99,002,아우터,5874490,아디다스,플레더 3S 트랙탑 - 블랙 / KQ5472,140270,169000,17,판매 3.2천개,68명이 보는 중,누적 판매 N만 돌파,False,https://image.msscdn.net/images/goods_img/20260107/5874490/5874490_17678506506569_500.jpg,https://www.musinsa.com/products/5874490
2026-10-10,MONTHLY,F,162,100,003,바지,5367961,디미트리블랙,VLAD 원턱 커브드 트랙 스웻 팬츠_피그먼트 차콜,29900,49200,39,판매 5.6만개,177명이 보는 중,누적 판매 N만 돌파,False,https://image.msscdn.net/images/goods_img/20250827/5367961/5367961_17564338248285_500.jpg,https://www.musinsa.com/products/5367961
2026-10-10,MONTHLY,F,163,101,002,아우터,5316468,아캄,Washed Field Jacket (Khaki),187200,208000,10,판매 1.1천개,55명이 보는 중,누적 판매 N만 돌파,False,https://image.msscdn.net/images/goods_img/20250812/5316468/5316468_17567789051671_500.jpg,https://www.musinsa.com/products/5316468
2026-10-10,MONTHLY,F,164,102,002,아우터,5264797,언타이틀 서울,언타이틀 스테리나잇 스트라이프 후드집업 블랙,51600,86000,40,판매 2.4만개,60명이 보는 중,누적 판매 N만 돌파,False,https://image.msscdn.net/images/goods_img/20250722/5264797/5264797_17689759273536_500.jpg,https://www.musinsa.com/products/5264797
2026-10-10,MONTHLY,F,165,103,003,바지,5859122,글로니,THE MALISSA JEANS (WASHED BLUE),127980,158000,19,판매 1.6천개,,누적 판매 N만 돌파,False,https://image.msscdn.net/images/goods_img/20251229/5859122/5859122_17757880567504_500.jpg,https://www.musinsa.com/products/5859122
2026-10-10,MONTHLY,F,167,104,002,아우터,6661185,무신사 스탠다드 우먼,[시티 레저] 우먼즈 그리드 폴라 플리스 바라클라바 후디드 집업 [블랙],69900,69900,0,,43명이 보는 중,none,False,https://image.msscdn.net/images/goods_img/20260612/6661185/6661185_17889423586918_500.jpg,https://www.musinsa.com/products/6661185
2026-10-10,MONTHLY,F,168,105,001,상의,7013951,무드인사이드 우먼,(woman) 스웻 크롭 반집업_6Color,68720,119900,43,판매 1.6천개,65명이 보는 중,누적 판매 N만 돌파,False,https://image.msscdn.net/images/goods_img/20260806/7013951/7013951_17881535996210_500.jpg,https://www.musinsa.com/products/7013951
2026-10-10,MONTHLY,F,169,106,001,상의,5861714,플레어업,Layered Bustier Long Sleeve (FL-105_Gray),78320,89000,12,판매 4.8천개,10명이 보는 중,누적 판매 N만 돌파,False,https://image.msscdn.net/images/goods_img/20251230/5861714/5861714_17675971450368_500.jpg,https://www.musinsa.com/products/5861714
2026-10-10,MONTHLY,F,170,107,002,아우터,4464110,엔와이엑스엑스,EMBLEM PRINTING HOOD ZIP-UP CAMO,65400,109000,40,판매 5.9천개,11명이 보는 중,누적 판매 N만 돌파,False,https://image.msscdn.net/images/goods_img/20240925/4464110/4464110_17288854206028_500.jpg,https://www.musinsa.com/products/4464110
2026-10-10,MONTHLY,F,174,108,003,바지,5899292,디미트리블랙,VLAD 원턱 커브드 컷오프 스웻 팬츠_멜란지,26900,50000,46,판매 7.6천개,99명이 보는 중,누적 판매 N만 돌파,False,https://image.msscdn.net/images/goods_img/20260115/5899292/5899292_17688835815724_500.jpg,https://www.musinsa.com/products/5899292
2026-10-10,MONTHLY,F,177,109,002,아우터,5886730,허그유어스킨,워시드 필드 자켓 (카키),153090,189000,19,,56명이 보는 중,none,False,https://image.msscdn.net/images/goods_img/20260112/5886730/5886730_17707979764313_500.jpg,https://www.musinsa.com/products/5886730
2026-10-10,MONTHLY,F,179,110,002,아우터,6098048,아디다스,와플 니트 트랙탑 - 라이트그레이:마룬 / KB8953,129000,129000,0,판매 1.1천개,59명이 보는 중,누적 판매 N만 돌파,False,https://image.msscdn.net/images/goods_img/20260309/6098048/6098048_17733647021994_500.jpg,https://www.musinsa.com/products/6098048
2026-10-10,MONTHLY,F,180,111,002,아우터,5515190,미세키서울,Hoodie double button coat CHARCOAL,225180,278000,19,판매 4.4천개,44명이 보는 중,누적 판매 N만 돌파,False,https://image.msscdn.net/images/goods_img/20250923/5515190/5515190_17904146919467_500.jpg,https://www.musinsa.com/products/5515190
2026-10-10,MONTHLY,F,181,112,002,아우터,5852513,쏘비,하이넥 white camo (세미오버) 후드집업,52830,56800,7,판매 3.5천개,119명이 보는 중,누적 판매 N만 돌파,False,https://image.msscdn.net/images/goods_img/20251224/5852513/5852513_17665534602844_500.png,https://www.musinsa.com/products/5852513
2026-10-10,MONTHLY,F,183,113,002,아우터,6989103,스키즘 인듀싱,ASYMMETRIC BUTTON COWL JACKET KHAKI,151200,168000,10,,27명이 보는 중,none,False,https://image.msscdn.net/images/goods_img/20260804/6989103/6989103_17879043882322_500.jpg,https://www.musinsa.com/products/6989103
2026-10-10,MONTHLY,F,184,114,002,아우터,6938943,미쏘,하이넥 페이크레더 자켓_MIWJLG947C,109650,129000,15,판매 1.3천개,137명이 보는 중,누적 판매 N만 돌파,False,https://image.msscdn.net/images/goods_img/20260728/6938943/6938943_17906535170296_500.jpg,https://www.musinsa.com/products/6938943
2026-10-10,MONTHLY,F,186,115,001,상의,2149254,무신사 스탠다드,베이식 긴소매 티셔츠 2팩,37790,39800,5,판매 46만개,215명이 보는 중,누적 판매 N만 돌파,False,https://image.msscdn.net/images/goods_img/20210928/2149254/2149254_17138588137724_500.jpg,https://www.musinsa.com/products/2149254
2026-10-10,MONTHLY,F,187,116,001,상의,4302685,소라노,SORANO Basic Logo HOODIE [6Color],48300,119000,59,판매 6.8만개,59명이 보는 중,누적 판매 N만 돌파,False,https://image.msscdn.net/images/goods_img/20240807/4302685/4302685_17229675684379_500.jpg,https://www.musinsa.com/products/4302685
2026-10-10,MONTHLY,F,189,117,002,아우터,3390508,스탠다드에러,87-STAN009  [리뉴얼] 스탠다드 블루종 스웨이드 자켓 블랙,39900,89000,55,판매 9.4만개,232명이 보는 중,누적 판매 N만 돌파,False,https://image.msscdn.net/images/goods_img/20230630/3390508/3390508_17551524634252_500.jpg,https://www.musinsa.com/products/3390508
2026-10-10,MONTHLY,F,191,118,002,아우터,4209444,무신사 스탠다드 우먼,우먼즈 신세틱 스웨이드 레이서 재킷 [블랙],129900,129900,0,판매 2.7천개,22명이 보는 중,누적 판매 N만 돌파,False,https://image.msscdn.net/images/goods_img/20240620/4209444/4209444_17576348265431_500.jpg,https://www.musinsa.com/products/4209444
2026-10-10,MONTHLY,F,193,119,002,아우터,6951149,카비시,SOFT AIR HIGH-NECK PADDED JACKET GREY(CV2GFUB902A),143100,159000,10,,38명이 보는 중,none,False,https://image.msscdn.net/images/goods_img/20260729/6951149/6951149_17907300515506_500.jpg,https://www.musinsa.com/products/6951149
2026-10-10,MONTHLY,F,194,120,001,상의,6002455,길라아카이브,TWICE GIRL OVER SIZE HOODED_GREY,89100,99000,10,판매 1.2천개,25명이 보는 중,누적 판매 N만 돌파,False,https://image.msscdn.net/images/goods_img/20260210/6002455/6002455_17720854234178_500.jpg,https://www.musinsa.com/products/6002455
2026-10-10,MONTHLY,F,195,121,002,아우터,6853730,무신사 스탠다드 우먼,[오헤시오 컬래버] 캐시미어 블렌드 더블 하프 코트 [블랙],229900,229900,0,,24명이 보는 중,none,False,https://image.msscdn.net/images/goods_img/20260715/6853730/6853730_17883395703107_500.jpg,https://www.musinsa.com/products/6853730
2026-10-10,MONTHLY,F,196,122,001,상의,6143802,탄산마그네슘,마운틴 롱슬리브 (블랙/레드),55650,74000,25,판매 2.7천개,10명이 보는 중,누적 판매 N만 돌파,False,https://image.msscdn.net/images/prd_img/20260317/6143802/detail_6143802_17884007032820_500.jpg,https://www.musinsa.com/products/6143802
2026-10-10,MONTHLY,F,198,123,001,상의,6970058,유라고,Washable V-neck knit shawl set_Melange gray,61200,85000,28,,102명이 보는 중,none,False,https://image.msscdn.net/images/goods_img/20260731/6970058/6970058_17893504439093_500.jpg,https://www.musinsa.com/products/6970058
2026-10-10,MONTHLY,F,199,124,003,바지,6988740,스키즘 인듀싱,GRIND CROSS ZIP CARGO PANTS BLACK,142200,158000,10,,13명이 보는 중,none,False,https://image.msscdn.net/images/goods_img/20260804/6988740/6988740_17879058946570_500.jpg,https://www.musinsa.com/products/6988740
2026-10-10,MONTHLY,F,201,125,002,아우터,5622642,헬리녹스 웨어,이클립스 팩 다운 자켓 Black,520000,520000,0,,74명이 보는 중,none,False,https://image.msscdn.net/images/goods_img/20251021/5622642/5622642_17900586166772_500.jpg,https://www.musinsa.com/products/5622642
2026-10-10,MONTHLY,F,203,126,003,바지,4786310,시너진,102 CAT WASHING MID-RISE JEANS DEEP BLUE,109000,109000,0,판매 6.8천개,73명이 보는 중,누적 판매 N만 돌파,False,https://image.msscdn.net/images/goods_img/20250213/4786310/4786310_17720843745254_500.jpg,https://www.musinsa.com/products/4786310
2026-10-10,MONTHLY,F,204,127,002,아우터,5438735,트릴리온,라이트 후디 패딩 자켓_그레이,49990,73000,32,판매 1.7만개,107명이 보는 중,누적 판매 N만 돌파,False,https://image.msscdn.net/images/goods_img/20250910/5438735/5438735_17575615961166_500.jpg,https://www.musinsa.com/products/5438735
2026-10-10,MONTHLY,F,205,128,002,아우터,6914777,미쏘,하프 트렌치코트 RE JTG311B_MIWJTG90QB,103200,129000,20,판매 1.4천개,139명이 보는 중,누적 판매 N만 돌파,False,https://image.msscdn.net/images/goods_img/20260724/6914777/6914777_17877169641182_500.jpg,https://www.musinsa.com/products/6914777
2026-10-10,MONTHLY,F,206,129,002,아우터,6838627,스파오,[씬라이트] 시어 후드 재킷_SPJPG4TC26,56620,69900,19,판매 3.1천개,334명이 보는 중,누적 판매 N만 돌파,False,https://image.msscdn.net/images/goods_img/20260714/6838627/6838627_17895213162207_500.jpg,https://www.musinsa.com/products/6838627
2026-10-10,MONTHLY,F,207,130,003,바지,5308542,고스트리퍼블릭,커브드 사이드 핀턱 벌룬 스웨트팬츠 GLP-650_블랙,39900,54900,27,판매 4.4만개,287명이 보는 중,누적 판매 N만 돌파,False,https://image.msscdn.net/images/goods_img/20250811/5308542/5308542_17560976834295_500.jpg,https://www.musinsa.com/products/5308542
2026-10-10,MONTHLY,F,209,131,002,아우터,5315802,허그유어스킨,후드 하프 코트 (차콜),193590,239000,19,판매 3.8천개,51명이 보는 중,누적 판매 N만 돌파,False,https://image.msscdn.net/images/goods_img/20250812/5315802/5315802_17901502512763_500.jpg,https://www.musinsa.com/products/5315802
2026-10-10,MONTHLY,F,210,132,002,아우터,5316473,아캄,Washed Field Jacket (Black),187200,208000,10,판매 1천개,49명이 보는 중,누적 판매 N만 돌파,False,https://image.msscdn.net/images/goods_img/20250812/5316473/5316473_17567788584835_500.jpg,https://www.musinsa.com/products/5316473
2026-10-10,MONTHLY,F,211,133,002,아우터,6129512,스트라이프마가린,마가린 아플리케 루즈 투웨이 지퍼 후드집업 핑크,114080,124000,8,,99명이 보는 중,none,False,https://image.msscdn.net/images/goods_img/20260313/6129512/6129512_17877095340069_500.jpg,https://www.musinsa.com/products/6129512
2026-10-10,MONTHLY,F,212,134,001,상의,6000058,길라아카이브,USA LOGO V NECK LONG SLEEVE_GREY,58500,65000,10,판매 5.1천개,31명이 보는 중,누적 판매 N만 돌파,False,https://image.msscdn.net/images/goods_img/20260209/6000058/6000058_17786368611056_500.jpg,https://www.musinsa.com/products/6000058
2026-10-10,MONTHLY,F,213,135,001,상의,5429421,탄산마그네슘,드라이어 프리 롱슬리브 (4 Color),41480,64800,36,판매 8.4천개,31명이 보는 중,누적 판매 N만 돌파,False,https://image.msscdn.net/images/goods_img/20250909/5429421/5429421_17635374631283_500.jpg,https://www.musinsa.com/products/5429421
2026-10-10,MONTHLY,F,214,136,002,아우터,7140449,후아유,Signature Slim-fit Patch Hood Zip-up(F) / WHMZG4991F,56620,69900,19,,98명이 보는 중,none,False,https://image.msscdn.net/images/goods_img/20260824/7140449/7140449_17894579171912_500.jpg,https://www.musinsa.com/products/7140449
2026-10-10,MONTHLY,F,215,137,001,상의,5943433,아디다스,와플 롱 슬리브 폴로 티 - 원더화이트 / KQ6867,54990,79000,30,판매 3.3천개,79명이 보는 중,누적 판매 N만 돌파,False,https://image.msscdn.net/images/goods_img/20260127/5943433/5943433_17752069131101_500.jpg,https://www.musinsa.com/products/5943433
2026-10-10,MONTHLY,F,216,138,001,상의,6595813,무신사 스탠다드 우먼,우먼즈 울 텐셀 슬림 스쿱 넥 긴소매 티셔츠 [아이보리],25900,25900,0,판매 2.1천개,75명이 보는 중,누적 판매 N만 돌파,False,https://image.msscdn.net/images/goods_img/20260602/6595813/6595813_17865087966949_500.jpg,https://www.musinsa.com/products/6595813
2026-10-10,MONTHLY,F,220,139,001,상의,5276013,트릴리온,레더 패치 데님 카라 럭비 맨투맨_네이비,33990,50000,32,판매 3만개,162명이 보는 중,누적 판매 N만 돌파,False,https://image.msscdn.net/images/goods_img/20250728/5276013/5276013_17545474942483_500.jpg,https://www.musinsa.com/products/5276013
2026-10-10,MONTHLY,F,221,140,002,아우터,7159264,세컨드솔트,[에어클라우드]사선지퍼 경량 패딩 자켓 (나막솔트),65620,109000,40,,131명이 보는 중,none,False,https://image.msscdn.net/images/goods_img/20260825/7159264/7159264_17900393452292_500.jpg,https://www.musinsa.com/products/7159264
2026-10-10,MONTHLY,F,223,141,003,바지,4556447,스켈리웩,[기모선택] 커브드 원턱 스웨트 팬츠[블랙],34900,59000,41,판매 2.9만개,121명이 보는 중,누적 판매 N만 돌파,False,https://image.msscdn.net/images/goods_img/20241024/4556447/4556447_17890205647368_500.jpg,https://www.musinsa.com/products/4556447
2026-10-10,MONTHLY,F,224,142,003,바지,1844582,브렌슨,(Renew Ver.) 원턱 와이드 스웨트 팬츠 ( 8Color ) ( 기모선택 ),32900,41200,20,판매 39만개,116명이 보는 중,누적 판매 N만 돌파,False,https://image.msscdn.net/images/goods_img/20210315/1844582/1844582_17774456564921_500.jpg,https://www.musinsa.com/products/1844582
2026-10-10,MONTHLY,F,225,143,002,아우터,6982666,비터셀즈,하이넥 하프 트렌치 자켓-블랙,120690,149000,19,,44명이 보는 중,none,False,https://image.msscdn.net/images/goods_img/20260803/6982666/6982666_17882215834991_500.jpg,https://www.musinsa.com/products/6982666
2026-10-10,MONTHLY,F,228,144,001,상의,6851209,언타이틀 서울,싱글 유니콘 헨리넥 롱슬리브 그레이,35400,59000,40,판매 1.7천개,37명이 보는 중,누적 판매 N만 돌파,False,https://image.msscdn.net/images/goods_img/20260715/6851209/6851209_17857369250767_500.jpg,https://www.musinsa.com/products/6851209
2026-10-10,MONTHLY,F,229,145,001,상의,6961628,에트오소메,Jacquard Corset Line Pocket Shirt (Black),90900,101000,10,,13명이 보는 중,none,False,https://image.msscdn.net/images/goods_img/20260730/6961628/6961628_17860727994572_500.jpg,https://www.musinsa.com/products/6961628
2026-10-10,MONTHLY,F,231,146,002,아우터,6951148,카비시,SOFT AIR HIGH-NECK PADDED JACKET KHAKI(CV2GFUB902A),143100,159000,10,,32명이 보는 중,none,False,https://image.msscdn.net/images/prd_img/20260729/6951148/detail_6951148_17878760048444_500.jpg,https://www.musinsa.com/products/6951148
2026-10-10,MONTHLY,F,232,147,001,상의,5421502,아이필블루씨에스엠,CSM CAMO LOGO HOODIE [4Color],69000,99000,30,판매 5.9천개,16명이 보는 중,누적 판매 N만 돌파,False,https://image.msscdn.net/images/goods_img/20250909/5421502/5421502_17573476770031_500.jpg,https://www.musinsa.com/products/5421502
2026-10-10,MONTHLY,F,233,148,002,아우터,7336593,일리고,벨 케이프 코트 크림,169200,218000,22,,145명이 보는 중,none,False,https://image.msscdn.net/images/goods_img/20260915/7336593/7336593_17909221729037_500.jpg,https://www.musinsa.com/products/7336593
2026-10-10,MONTHLY,F,234,149,002,아우터,6996797,푸마,[MUSINSA x PUMA] T7 풀 집 후디드 재킷 - 푸마 블랙 / 640538-01,129000,129000,0,,,none,False,https://image.msscdn.net/images/goods_img/20260805/6996797/6996797_17903511578596_500.jpg,https://www.musinsa.com/products/6996797
2026-10-10,MONTHLY,F,235,150,002,아우터,7310472,미레코,FLIGHT BOMBER JK KHAKI,219000,219000,0,,21명이 보는 중,none,False,https://image.msscdn.net/images/goods_img/20260911/7310472/7310472_17895218781748_500.jpg,https://www.musinsa.com/products/7310472
2026-10-10,MONTHLY,F,238,151,003,바지,6450039,무신사 스탠다드 우먼,우먼즈 에센셜 커브드 데님 팬츠 [러스티 블루],49900,49900,0,판매 1.9천개,29명이 보는 중,누적 판매 N만 돌파,False,https://image.msscdn.net/images/goods_img/20260511/6450039/6450039_17846191969219_500.jpg,https://www.musinsa.com/products/6450039
2026-10-10,MONTHLY,F,240,152,001,상의,5457085,탄산마그네슘,마운틴 롱슬리브 (블랙),55650,74000,25,판매 4.8천개,23명이 보는 중,누적 판매 N만 돌파,False,https://image.msscdn.net/images/goods_img/20250913/5457085/5457085_17738885696771_500.jpg,https://www.musinsa.com/products/5457085
2026-10-10,MONTHLY,F,241,153,002,아우터,2990542,1989스탠다드,SMALL CENTER 후드집업 (STJSTD-0015),38750,77500,50,판매 1.2만개,60명이 보는 중,누적 판매 N만 돌파,False,https://image.msscdn.net/images/goods_img/20221220/2990542/2990542_17869526004117_500.jpg,https://www.musinsa.com/products/2990542
2026-10-10,MONTHLY,F,242,154,002,아우터,7289274,루에브르,Faux Leather Double Placket Blouson Zip-up Jumper SL6AM802-10,231200,289000,20,,16명이 보는 중,none,False,https://image.msscdn.net/images/goods_img/20260909/7289274/7289274_17889408219690_500.jpg,https://www.musinsa.com/products/7289274
2026-10-10,MONTHLY,F,243,155,002,아우터,6796665,무신사 스탠다드 우먼,[시티 레저] 우먼즈 시어 후디드 라이트 다운 재킷 [옐로우 그린],139900,139900,0,,715명이 보는 중,none,False,https://image.msscdn.net/images/goods_img/20260707/6796665/6796665_17876230671236_500.jpg,https://www.musinsa.com/products/6796665
2026-10-10,MONTHLY,F,244,156,003,바지,6754628,무신사 스탠다드 우먼,우먼즈 더블 니트 커브드 스웨트 팬츠 [미디엄 그레이],43590,45900,5,,24명이 보는 중,none,False,https://image.msscdn.net/images/goods_img/20260630/6754628/6754628_17882496276217_500.jpg,https://www.musinsa.com/products/6754628
2026-10-10,MONTHLY,F,246,157,002,아우터,6886218,노티카,프리즘 패디드 레이어 자켓(4colors) NPD1596,152150,179000,15,판매 1.6천개,218명이 보는 중,누적 판매 N만 돌파,False,https://image.msscdn.net/images/goods_img/20260721/6886218/6886218_17882268813331_500.jpg,https://www.musinsa.com/products/6886218
2026-10-10,MONTHLY,F,248,158,002,아우터,7310867,미레코,FLIGHT BOMBER JK BLUE BLACK,219000,219000,0,,43명이 보는 중,none,False,https://image.msscdn.net/images/goods_img/20260911/7310867/7310867_17895223764780_500.jpg,https://www.musinsa.com/products/7310867
2026-10-10,MONTHLY,F,249,159,002,아우터,3455892,필루미네이트,타슬란 윈드 테이커 자켓-블랙,69000,89000,22,판매 2.3만개,88명이 보는 중,누적 판매 N만 돌파,False,https://image.msscdn.net/images/goods_img/20230809/3455892/3455892_17827964402390_500.jpg,https://www.musinsa.com/products/3455892
2026-10-10,MONTHLY,F,250,160,001,상의,1848166,커버낫,[2PACK] 쿨 코튼 티셔츠 Black+White,25930,49000,47,판매 33만개,14명이 보는 중,누적 판매 N만 돌파,False,https://image.msscdn.net/images/goods_img/20210316/1848166/1848166_17731083991583_500.jpg,https://www.musinsa.com/products/1848166
2026-10-10,MONTHLY,F,251,161,001,상의,6851217,언타이틀 서울,싱글 유니콘 헨리넥 롱슬리브 블랙,35400,59000,40,판매 1.5천개,10명이 보는 중,누적 판매 N만 돌파,False,https://image.msscdn.net/images/goods_img/20260715/6851217/6851217_17857367745851_500.jpg,https://www.musinsa.com/products/6851217
2026-10-10,MONTHLY,F,255,162,002,아우터,6039366,무신사 스탠다드 우먼,[시티 레저] 우먼즈 후디드 라이트 다운 재킷 [그레이],98890,109900,10,,51명이 보는 중,none,False,https://image.msscdn.net/images/goods_img/20260223/6039366/6039366_17854554703024_500.jpg,https://www.musinsa.com/products/6039366
2026-10-10,MONTHLY,F,256,163,002,아우터,3783094,디미트리블랙,[크롭선택] ASI 포시즌 에센셜 후드 집업_스웻 멜란지,33900,55900,39,판매 4.7만개,161명이 보는 중,누적 판매 N만 돌파,False,https://image.msscdn.net/images/goods_img/20240109/3783094/3783094_17752015012983_500.jpg,https://www.musinsa.com/products/3783094
2026-10-10,MONTHLY,F,257,164,001,상의,6970376,러브이즈트루,RL BALLOON SHIRRING TOP(BEIGE),82170,110000,25,,68명이 보는 중,none,False,https://image.msscdn.net/images/goods_img/20260731/6970376/6970376_17866838261777_500.jpg,https://www.musinsa.com/products/6970376
2026-10-10,MONTHLY,F,259,165,002,아우터,7152852,아디다스,클래식 트랙탑 - 핑크 / KX4264,87890,105000,16,,13명이 보는 중,none,False,https://image.msscdn.net/images/goods_img/20260825/7152852/7152852_17876385769566_500.jpg,https://www.musinsa.com/products/7152852
2026-10-10,MONTHLY,F,260,166,001,상의,6427754,탄산마그네슘,홀스 래빗 롱슬리브 (블랙/레드),55650,74000,25,판매 1.8천개,14명이 보는 중,누적 판매 N만 돌파,False,https://image.msscdn.net/images/goods_img/20260506/6427754/6427754_17853887350979_500.jpg,https://www.musinsa.com/products/6427754
2026-10-10,MONTHLY,F,262,167,002,아우터,6918831,아디다스,파이어버드 클래식 트랙탑 - 블랙:화이트 / KV9552,109000,109000,0,,33명이 보는 중,none,False,https://image.msscdn.net/images/goods_img/20260724/6918831/6918831_17853137498938_500.jpg,https://www.musinsa.com/products/6918831
2026-10-10,MONTHLY,F,263,168,002,아우터,5570910,핍스 모터사이클,H-Tech Storm Shield Parka Light Gray,179000,259000,31,판매 1.9천개,66명이 보는 중,누적 판매 N만 돌파,False,https://image.msscdn.net/images/goods_img/20251005/5570910/5570910_17682678822720_500.jpg,https://www.musinsa.com/products/5570910
2026-10-10,MONTHLY,F,266,169,003,바지,6501146,무신사 스탠다드 우먼,우먼즈 솔리드 CP 커브드 치노 팬츠 [베이지],49900,49900,0,판매 1.2천개,49명이 보는 중,누적 판매 N만 돌파,False,https://image.msscdn.net/images/goods_img/20260518/6501146/6501146_17858904748319_500.jpg,https://www.musinsa.com/products/6501146
2026-10-10,MONTHLY,F,267,170,002,아우터,5444450,크리건,CLUB JERSEY ZIP-UP HOODIE BLACK,76300,109000,30,판매 1.3천개,39명이 보는 중,누적 판매 N만 돌파,False,https://image.msscdn.net/images/goods_img/20250911/5444450/5444450_17684390680317_500.jpg,https://www.musinsa.com/products/5444450
2026-10-10,MONTHLY,F,268,171,002,아우터,7159266,세컨드솔트,[에어클라우드]사선지퍼 경량 패딩 자켓 (퍼플),65620,109000,40,,127명이 보는 중,none,False,https://image.msscdn.net/images/goods_img/20260825/7159266/7159266_17878936684897_500.png,https://www.musinsa.com/products/7159266
2026-10-10,MONTHLY,F,271,172,002,아우터,6652080,무신사 스탠다드 우먼,우먼즈 신세틱 레더 카 코트 [블랙],159900,159900,0,,24명이 보는 중,none,False,https://image.msscdn.net/images/goods_img/20260611/6652080/6652080_17878200633645_500.jpg,https://www.musinsa.com/products/6652080
2026-10-10,MONTHLY,F,274,173,001,상의,4696321,낫온리포투데이,넘버볼 후드티 [버건디],59200,79000,25,판매 7.1천개,36명이 보는 중,누적 판매 N만 돌파,False,https://image.msscdn.net/images/goods_img/20250103/4696321/4696321_17675760651546_500.jpg,https://www.musinsa.com/products/4696321
2026-10-10,MONTHLY,F,276,174,003,바지,6314159,로제프란츠,Patchwork Bootcut Sweatpants [Charcoal],83200,104000,20,판매 1.8천개,54명이 보는 중,누적 판매 N만 돌파,False,https://image.msscdn.net/images/goods_img/20260415/6314159/6314159_17762301169018_500.jpg,https://www.musinsa.com/products/6314159
2026-10-10,MONTHLY,F,278,175,002,아우터,5571045,마뗑킴,SMALL LOGO VOLUME DOWN JUMPER IN BLACK,298000,298000,0,판매 2.3천개,10명이 보는 중,누적 판매 N만 돌파,False,https://image.msscdn.net/images/goods_img/20251005/5571045/5571045_17721534526421_500.jpg,https://www.musinsa.com/products/5571045
2026-10-10,MONTHLY,F,279,176,001,상의,5811592,지프,[360g] M-Logo 반집업 맨투맨 (JR5TSU838CE),54900,74000,26,판매 2.9천개,10명이 보는 중,누적 판매 N만 돌파,False,https://image.msscdn.net/images/goods_img/20251208/5811592/5811592_17841849836760_500.jpg,https://www.musinsa.com/products/5811592
2026-10-10,MONTHLY,F,280,177,001,상의,7219315,플레어업,2-Layered MTM (FL-197_Charcoal&Gray),99960,119000,16,,97명이 보는 중,none,False,https://image.msscdn.net/images/goods_img/20260901/7219315/7219315_17897151262739_500.jpg,https://www.musinsa.com/products/7219315
2026-10-10,MONTHLY,F,283,178,002,아우터,7348210,헬리녹스 웨어,이클립스 팩 다운 자켓_Beige,520000,520000,0,,44명이 보는 중,none,False,https://image.msscdn.net/images/goods_img/20260916/7348210/7348210_17900589854617_500.jpg,https://www.musinsa.com/products/7348210
2026-10-10,MONTHLY,F,284,179,002,아우터,4717507,더뮤지엄비지터,STRIPE UNBALANCED ZIPUP HOODIE (PINK),99450,153000,35,판매 1.8천개,12명이 보는 중,누적 판매 N만 돌파,False,https://image.msscdn.net/images/prd_img/20250114/4717507/detail_4717507_17373413428282_500.jpg,https://www.musinsa.com/products/4717507
2026-10-10,MONTHLY,F,285,180,001,상의,3323598,무신사 스탠다드 우먼,우먼즈 슬림 핏 셔츠 [화이트],37090,39900,7,판매 1.2만개,51명이 보는 중,누적 판매 N만 돌파,False,https://image.msscdn.net/images/goods_img/20230525/3323598/3323598_16969793437240_500.jpg,https://www.musinsa.com/products/3323598
2026-10-10,MONTHLY,F,287,181,002,아우터,2273084,후아유,[기모 선택] Signature Patch Hood Zip-up / WHMZG4911U,53480,69900,23,판매 3.6만개,207명이 보는 중,누적 판매 N만 돌파,False,https://image.msscdn.net/images/goods_img/20211220/2273084/2273084_17896007309503_500.jpg,https://www.musinsa.com/products/2273084
2026-10-10,MONTHLY,F,288,182,002,아우터,7102485,노스페이스,NJ1DS81J 여성 칼릭스 LT 다운 자켓 (RDS) IVORY,338000,338000,0,,81명이 보는 중,none,False,https://image.msscdn.net/images/goods_img/20260819/7102485/7102485_17894506842205_500.jpg,https://www.musinsa.com/products/7102485
2026-10-10,MONTHLY,F,289,183,001,상의,6595818,무신사 스탠다드 우먼,우먼즈 울 텐셀 슬림 스쿱 넥 긴소매 티셔츠 [차콜 그레이],25900,25900,0,판매 2.4천개,22명이 보는 중,누적 판매 N만 돌파,False,https://image.msscdn.net/images/goods_img/20260602/6595818/6595818_17865087434577_500.jpg,https://www.musinsa.com/products/6595818
2026-10-10,MONTHLY,F,290,184,001,상의,4708446,프렌다,LACE NECK BUTTON LONG SLEEVE OATMEAL,39000,49000,20,판매 1.2만개,38명이 보는 중,누적 판매 N만 돌파,False,https://image.msscdn.net/images/goods_img/20250109/4708446/4708446_17695856977578_500.jpg,https://www.musinsa.com/products/4708446
2026-10-10,MONTHLY,F,291,185,100,원피스/스커트,7219090,플레어업,Asymmetrical Midi Skirt (FL-274_Dark Gray),83300,98000,15,,11명이 보는 중,none,False,https://image.msscdn.net/images/goods_img/20260901/7219090/7219090_17897151558729_500.jpg,https://www.musinsa.com/products/7219090
2026-10-10,MONTHLY,F,292,186,002,아우터,7089000,하이스쿨디스코,레이스 코지 후드집업_크림,87200,109000,20,,,none,False,https://image.msscdn.net/images/goods_img/20260817/7089000/7089000_17876179587188_500.jpg,https://www.musinsa.com/products/7089000
2026-10-10,MONTHLY,F,293,187,001,상의,5852361,탄산마그네슘,마운틴 롱슬리브 (화이트/블랙),55650,74000,25,판매 4.3천개,11명이 보는 중,누적 판매 N만 돌파,False,https://image.msscdn.net/images/goods_img/20251224/5852361/5852361_17744047176114_500.jpg,https://www.musinsa.com/products/5852361
2026-10-10,MONTHLY,F,296,188,002,아우터,7014393,무드인사이드 우먼,(woman) VTG 워시드 필드 자켓_2Color,79900,139900,43,,77명이 보는 중,none,False,https://image.msscdn.net/images/goods_img/20260806/7014393/7014393_17890954440487_500.jpg,https://www.musinsa.com/products/7014393
2026-10-10,MONTHLY,F,297,189,002,아우터,6960215,챔피온,2WAY 후디드 라이트 다운 재킷 Light Grey,206100,229000,10,,54명이 보는 중,none,False,https://image.msscdn.net/images/goods_img/20260730/6960215/6960215_17905573132457_500.jpg,https://www.musinsa.com/products/6960215
2026-10-10,MONTHLY,F,300,190,001,상의,5740744,쏘비,세미크롭 bump post 긴팔티 [화이트],26800,26800,0,판매 6.9천개,12명이 보는 중,누적 판매 N만 돌파,False,https://image.msscdn.net/images/goods_img/20251117/5740744/5740744_17633479365619_500.png,https://www.musinsa.com/products/5740744
2026-10-10,MONTHLY,F,301,191,002,아우터,1803462,무신사 스탠다드 우먼,우먼즈 베이식 블레이저 [블랙],99900,99900,0,판매 1.8만개,23명이 보는 중,누적 판매 N만 돌파,False,https://image.msscdn.net/images/goods_img/20210219/1803462/1803462_17834925402814_500.jpg,https://www.musinsa.com/products/1803462
2026-10-10,MONTHLY,F,302,192,002,아우터,3650860,마뗑킴,SPELL POINT STRIPE KNIT CARDIGAN IN IVORY,158400,198000,20,판매 4.9천개,90명이 보는 중,누적 판매 N만 돌파,False,https://image.msscdn.net/images/goods_img/20231023/3650860/3650860_17582531018308_500.jpg,https://www.musinsa.com/products/3650860
2026-10-10,MONTHLY,F,304,193,002,아우터,5935652,제너럴아이디어,루즈핏 페이크 레더 하프 자켓 [BLACK] / GF7LJK506,85600,134000,36,,68명이 보는 중,none,False,https://image.msscdn.net/images/goods_img/20260126/5935652/5935652_17890978303632_500.jpg,https://www.musinsa.com/products/5935652
2026-10-10,MONTHLY,F,306,194,001,상의,6754619,무신사 스탠다드 우먼,[오헤시오 컬래버] 폴라 플리스 스냅 풀오버 [아이보리],59900,59900,0,,70명이 보는 중,none,False,https://image.msscdn.net/images/goods_img/20260630/6754619/6754619_17882370924412_500.jpg,https://www.musinsa.com/products/6754619
2026-10-10,MONTHLY,F,308,195,001,상의,7045218,밈더워드로브,313 홀스 롱슬리브_네이비,41600,65000,36,,28명이 보는 중,none,False,https://image.msscdn.net/images/goods_img/20260811/7045218/7045218_17866734207836_500.jpg,https://www.musinsa.com/products/7045218
2026-10-10,MONTHLY,F,311,196,003,바지,2818150,무신사 스탠다드 우먼,우먼즈 와이드 카고 팬츠 [블랙],50290,55900,10,판매 3만개,48명이 보는 중,누적 판매 N만 돌파,False,https://image.msscdn.net/images/goods_img/20220926/2818150/2818150_17489933476409_500.jpg,https://www.musinsa.com/products/2818150
2026-10-10,MONTHLY,F,312,197,003,바지,1596414,무신사 스탠다드 우먼,우먼즈 와이드 히든 밴딩 슬랙스 [블랙],44890,49900,10,판매 4.6만개,13명이 보는 중,누적 판매 N만 돌파,False,https://image.msscdn.net/images/goods_img/20200911/1596414/1596414_17537745133548_500.jpg,https://www.musinsa.com/products/1596414
2026-10-10,MONTHLY,F,314,198,002,아우터,7131099,뉴발란스,NBNPG41913 / UNI 플라잉77 슈퍼라이트 후드형 경량 구스다운 (A/BLUE),299000,299000,0,,55명이 보는 중,none,False,https://image.msscdn.net/images/goods_img/20260821/7131099/7131099_17895188085527_500.jpg,https://www.musinsa.com/products/7131099
2026-10-10,MONTHLY,F,315,199,002,아우터,7217774,론론,RIBBON POCKET FIELD JACKET CHARCOAL,123200,220000,44,,32명이 보는 중,none,False,https://image.msscdn.net/images/goods_img/20260901/7217774/7217774_17884251128521_500.jpg,https://www.musinsa.com/products/7217774
2026-10-10,MONTHLY,F,317,200,002,아우터,6661183,무신사 스탠다드 우먼,[시티 레저] 우먼즈 그리드 폴라 플리스 바라클라바 후디드 집업 [머드 그레이],69900,69900,0,,40명이 보는 중,none,False,https://image.msscdn.net/images/goods_img/20260612/6661183/6661183_17889222379910_500.jpg,https://www.musinsa.com/products/6661183
2026-10-10,MONTHLY,F,319,201,002,아우터,3573116,마뗑킴,MATIN CROP HOODY COATING JUMPER,158000,158000,0,판매 3.2천개,14명이 보는 중,누적 판매 N만 돌파,False,https://image.msscdn.net/images/goods_img/20230919/3573116/3573116_17006410793001_500.jpg,https://www.musinsa.com/products/3573116
2026-10-10,MONTHLY,F,321,202,001,상의,6427756,탄산마그네슘,홀스 래빗 롱슬리브 (화이트/블랙),55650,74000,25,판매 1.2천개,,누적 판매 N만 돌파,False,https://image.msscdn.net/images/prd_img/20260506/6427756/detail_6427756_17899571974144_500.jpg,https://www.musinsa.com/products/6427756
2026-10-10,MONTHLY,F,322,203,002,아우터,6032982,무드인사이드 우먼,(woman) 스탠 하이넥 하프 야상,69900,159900,56,,162명이 보는 중,none,False,https://image.msscdn.net/images/goods_img/20260220/6032982/6032982_17863378171555_500.jpg,https://www.musinsa.com/products/6032982
2026-10-10,MONTHLY,F,323,204,002,아우터,6877524,무신사 스탠다드 우먼,우먼즈 신세틱 스웨이드 싱글 재킷 [블랙],129900,129900,0,,32명이 보는 중,none,False,https://image.msscdn.net/images/goods_img/20260720/6877524/6877524_17877214976491_500.jpg,https://www.musinsa.com/products/6877524
2026-10-10,MONTHLY,F,324,205,001,상의,2090950,지프,[360g] M-Logo 반집업 맨투맨 (JR5TSU838DA),54900,74000,26,판매 1.3만개,12명이 보는 중,누적 판매 N만 돌파,False,https://image.msscdn.net/images/goods_img/20210826/2090950/2090950_17689757503583_500.png,https://www.musinsa.com/products/2090950
2026-10-10,MONTHLY,F,328,206,002,아우터,6652084,무신사 스탠다드 우먼,우먼즈 신세틱 레더 하이 넥 블루종 재킷 [브라운],159900,159900,0,,16명이 보는 중,none,False,https://image.msscdn.net/images/goods_img/20260611/6652084/6652084_17871220645579_500.jpg,https://www.musinsa.com/products/6652084
2026-10-10,MONTHLY,F,330,207,003,바지,6507746,세컨드솔트,솔트 스웨트 팬츠 (블랙),62160,74000,16,판매 1.8천개,28명이 보는 중,누적 판매 N만 돌파,False,https://image.msscdn.net/images/goods_img/20260519/6507746/6507746_17878813333010_500.png,https://www.musinsa.com/products/6507746
2026-10-10,MONTHLY,F,331,208,001,상의,4272965,리메인세컨드,오버핏 시그니처 LMS 패치 후디 [네이비],26200,74900,65,판매 1.3만개,142명이 보는 중,누적 판매 N만 돌파,False,https://image.msscdn.net/images/goods_img/20240725/4272965/4272965_17605950992041_500.jpg,https://www.musinsa.com/products/4272965
2026-10-10,MONTHLY,F,335,209,003,바지,6314160,로제프란츠,Patchwork Bootcut Sweatpants [Black],83200,104000,20,판매 1.3천개,48명이 보는 중,누적 판매 N만 돌파,False,https://image.msscdn.net/images/goods_img/20260415/6314160/6314160_17762301251207_500.jpg,https://www.musinsa.com/products/6314160
2026-10-10,MONTHLY,F,337,210,001,상의,4311874,아메스 월드와이드,BIG TYPO HOODIE KHAKI,53280,74000,28,판매 6.4천개,67명이 보는 중,누적 판매 N만 돌파,False,https://image.msscdn.net/images/goods_img/20240808/4311874/4311874_17893593193694_500.jpg,https://www.musinsa.com/products/4311874
2026-10-10,MONTHLY,F,338,211,001,상의,6614672,코이리스,로넥 백 레터링 롱 슬리브 티 (4컬러),21570,59900,64,판매 2.3천개,138명이 보는 중,누적 판매 N만 돌파,False,https://image.msscdn.net/images/goods_img/20260605/6614672/6614672_17859945533880_500.jpg,https://www.musinsa.com/products/6614672
2026-10-10,MONTHLY,F,339,212,001,상의,6704394,무신사 스탠다드 우먼,[빅토리아 울] 우먼즈 미니멀 리브드 후디드 니트 집업 [헤더 그레이],79900,79900,0,,64명이 보는 중,none,False,https://image.msscdn.net/images/goods_img/20260619/6704394/6704394_17884258734698_500.jpg,https://www.musinsa.com/products/6704394
2026-10-10,MONTHLY,F,340,213,002,아우터,7061643,휠라,에어플로우 후드경량다운(FS264DJ01X012091),219000,219000,0,,46명이 보는 중,none,False,https://image.msscdn.net/images/goods_img/20260812/7061643/7061643_17907396328175_500.jpg,https://www.musinsa.com/products/7061643
2026-10-10,MONTHLY,F,341,214,001,상의,6719206,아디다스,럭비 폴로 셔츠 - 블루 / LC8211,119000,119000,0,,,none,False,https://image.msscdn.net/images/goods_img/20260623/6719206/6719206_17876450485213_500.jpg,https://www.musinsa.com/products/6719206
2026-10-10,MONTHLY,F,342,215,002,아우터,6136028,미쏘,라운드넥 슬림핏 자켓_MIWJKG91QB,79920,99900,20,,30명이 보는 중,none,False,https://image.msscdn.net/images/goods_img/20260316/6136028/6136028_17890916843954_500.jpg,https://www.musinsa.com/products/6136028
2026-10-10,MONTHLY,F,344,216,002,아우터,7160932,탄산마그네슘,마운틴 사이드 지퍼 후드집업 (차콜),127360,199000,36,,53명이 보는 중,none,False,https://image.msscdn.net/images/goods_img/20260825/7160932/7160932_17905573908915_500.jpg,https://www.musinsa.com/products/7160932
2026-10-10,MONTHLY,F,347,217,002,아우터,6989102,스키즘 인듀싱,ASYMMETRIC BUTTON COWL JACKET BLACK,151200,168000,10,,23명이 보는 중,none,False,https://image.msscdn.net/images/goods_img/20260804/6989102/6989102_17879045071561_500.jpg,https://www.musinsa.com/products/6989102
2026-10-10,MONTHLY,F,348,218,002,아우터,5231584,어나더 아카이브,2WAY 그래피티 후드 집업_블랙,33040,49800,34,판매 8.8천개,49명이 보는 중,누적 판매 N만 돌파,False,https://image.msscdn.net/images/goods_img/20250708/5231584/5231584_17558399946788_500.jpg,https://www.musinsa.com/products/5231584
2026-10-10,MONTHLY,F,349,219,002,아우터,6955909,무신사 스탠다드 우먼,[시티 레저] 우먼즈 컨투어 후디드 라이트 다운 재킷 [라이트 그레이],159900,159900,0,,23명이 보는 중,none,False,https://image.msscdn.net/images/goods_img/20260730/6955909/6955909_17890084860612_500.jpg,https://www.musinsa.com/products/6955909
2026-10-10,MONTHLY,F,350,220,001,상의,5815090,쏘비,바라클라바 후드티 (세미크롭) 라이트,34900,34900,0,판매 2.8천개,75명이 보는 중,누적 판매 N만 돌파,False,https://image.msscdn.net/images/goods_img/20251209/5815090/5815090_17863410959128_500.png,https://www.musinsa.com/products/5815090
2026-10-10,MONTHLY,F,351,221,002,아우터,6719202,아디다스,트윌 트랙탑 - 블랙 / LC8253,139000,139000,0,,69명이 보는 중,none,False,https://image.msscdn.net/images/goods_img/20260623/6719202/6719202_17876451217121_500.jpg,https://www.musinsa.com/products/6719202
2026-10-10,MONTHLY,F,352,222,002,아우터,5401055,디미트리블랙,[리뉴얼] 라이트 쉘 경량 PCK 다운 자켓_블랙,73900,121000,39,판매 9천개,45명이 보는 중,누적 판매 N만 돌파,False,https://image.msscdn.net/images/goods_img/20250904/5401055/5401055_17881514883584_500.jpg,https://www.musinsa.com/products/5401055
2026-10-10,MONTHLY,F,354,223,001,상의,5992333,디스이즈네버댓,T-Logo L/S Tee White,65000,65000,0,판매 2.6천개,14명이 보는 중,누적 판매 N만 돌파,False,https://image.msscdn.net/images/goods_img/20260206/5992333/5992333_17707101837498_500.jpg,https://www.musinsa.com/products/5992333
2026-10-10,MONTHLY,F,355,224,001,상의,6947522,웬즈데이오아시스 포 우먼,[무신사 스폐셜 X 지뚜니] 헤어리 카라 울 블렌드 니트_4COLOR,59850,66500,10,판매 2천개,34명이 보는 중,누적 판매 N만 돌파,False,https://image.msscdn.net/images/goods_img/20260729/6947522/6947522_17893554939489_500.jpg,https://www.musinsa.com/products/6947522
2026-10-10,MONTHLY,F,356,225,001,상의,7047325,오픈야드(오와이),SLIT NECK HORSE L/S TEE - WHITE,50150,59000,15,,37명이 보는 중,none,False,https://image.msscdn.net/images/goods_img/20260811/7047325/7047325_17867140862737_500.jpg,https://www.musinsa.com/products/7047325
2026-10-10,MONTHLY,F,357,226,002,아우터,6040017,슬로우애시드,노마드 M-65 코튼 필드 자켓 [블루],151200,168000,10,,110명이 보는 중,none,False,https://image.msscdn.net/images/goods_img/20260223/6040017/6040017_17865073866975_500.jpg,https://www.musinsa.com/products/6040017
2026-10-10,MONTHLY,F,358,227,002,아우터,5856676,리메인세컨드,2WAY 후드 윈드브레이커 자켓 [블랙],25720,65800,61,판매 2.9천개,39명이 보는 중,누적 판매 N만 돌파,False,https://image.msscdn.net/images/goods_img/20251226/5856676/5856676_17888283345509_500.jpg,https://www.musinsa.com/products/5856676
2026-10-10,MONTHLY,F,359,228,002,아우터,6796674,무신사 스탠다드 우먼,[시티 레저] 우먼즈 시어 후디드 라이트 다운 재킷 [피콕 블루],139900,139900,0,,53명이 보는 중,none,False,https://image.msscdn.net/images/goods_img/20260707/6796674/6796674_17901545119821_500.jpg,https://www.musinsa.com/products/6796674
2026-10-10,MONTHLY,F,360,229,002,아우터,7154928,닉켈하우스,닉켈 26 동키 후드집업 화이트,99500,149000,33,,11명이 보는 중,none,False,https://image.msscdn.net/images/goods_img/20260825/7154928/7154928_17876320465174_500.jpg,https://www.musinsa.com/products/7154928
2026-10-10,MONTHLY,F,361,230,001,상의,5397926,락케이크,Classic Henly Neck Top - Gray,47120,62000,24,판매 7천개,58명이 보는 중,누적 판매 N만 돌파,False,https://image.msscdn.net/images/goods_img/20250903/5397926/5397926_17582584972271_500.jpg,https://www.musinsa.com/products/5397926
2026-10-10,MONTHLY,F,362,231,003,바지,3758422,무신사 스탠다드 우먼,우먼즈 세미 부츠 컷 유틸리티 카고 팬츠 [블랙],59900,59900,0,판매 4.4천개,18명이 보는 중,누적 판매 N만 돌파,False,https://image.msscdn.net/images/goods_img/20231215/3758422/3758422_17086597985894_500.jpg,https://www.musinsa.com/products/3758422
2026-10-10,MONTHLY,F,363,232,001,상의,5195021,무신사 스탠다드 우먼,우먼즈 에센셜 브이 넥 니트 [블랙],37090,39900,7,판매 2.7천개,27명이 보는 중,누적 판매 N만 돌파,False,https://image.msscdn.net/images/goods_img/20250619/5195021/5195021_17612062446319_500.jpg,https://www.musinsa.com/products/5195021
2026-10-10,MONTHLY,F,365,233,003,바지,2792571,무신사 스탠다드 우먼,우먼즈 세미 부츠 컷 히든 밴딩 슬랙스 [블랙],49900,49900,0,판매 1.1만개,32명이 보는 중,누적 판매 N만 돌파,False,https://image.msscdn.net/images/goods_img/20220915/2792571/2792571_17851425097064_500.jpg,https://www.musinsa.com/products/2792571
2026-10-10,MONTHLY,F,366,234,001,상의,7373213,포트레이트서울,오키드 와플 후디 - 네이비,42840,63000,32,,156명이 보는 중,none,False,https://image.msscdn.net/images/goods_img/20260919/7373213/7373213_17899333328602_500.jpg,https://www.musinsa.com/products/7373213
2026-10-10,MONTHLY,F,367,235,003,바지,6501147,무신사 스탠다드 우먼,우먼즈 솔리드 CP 커브드 치노 팬츠 [블랙],44910,49900,10,,,none,False,https://image.msscdn.net/images/goods_img/20260518/6501147/6501147_17858904377039_500.jpg,https://www.musinsa.com/products/6501147
2026-10-10,MONTHLY,F,368,236,003,바지,5132747,에트오소메,Leather Patch Cargo Short Pants (Black),66300,78000,15,판매 4.8천개,46명이 보는 중,누적 판매 N만 돌파,False,https://image.msscdn.net/images/goods_img/20250520/5132747/5132747_17477939117158_500.jpg,https://www.musinsa.com/products/5132747
2026-10-10,MONTHLY,F,369,237,002,아우터,7180895,챔피온,로고 벌룬핏 기모 후드 집업 Navy,98100,109000,10,,84명이 보는 중,none,False,https://image.msscdn.net/images/goods_img/20260827/7180895/7180895_17900400619739_500.jpg,https://www.musinsa.com/products/7180895
2026-10-10,MONTHLY,F,370,238,001,상의,6850920,언타이틀 서울,언타이틀 크레스트 폴로 롱슬리브 블랙,44400,74000,40,판매 1.1천개,20명이 보는 중,누적 판매 N만 돌파,False,https://image.msscdn.net/images/goods_img/20260715/6850920/6850920_17890027032220_500.jpg,https://www.musinsa.com/products/6850920
2026-10-10,MONTHLY,F,371,239,002,아우터,4508986,엠오오,레오파드 아플리케 후드집업 - 브라운,78400,112000,30,판매 9.9천개,17명이 보는 중,누적 판매 N만 돌파,False,https://image.msscdn.net/images/goods_img/20241011/4508986/4508986_17286292097229_500.jpg,https://www.musinsa.com/products/4508986
2026-10-10,MONTHLY,F,374,240,002,아우터,7289837,레이브,Oversized Double-Layer Leather Jacket VL6AJ909_2color,298000,298000,0,,,none,False,https://image.msscdn.net/images/goods_img/20260909/7289837/7289837_17897169743139_500.jpg,https://www.musinsa.com/products/7289837
2026-10-10,MONTHLY,F,375,241,002,아우터,7047696,오픈야드(오와이),CURVED ZIP LIGHTWEIGHT SHELL PUFFER JACKET - LIGHT GREY,169150,199000,15,,145명이 보는 중,none,False,https://image.msscdn.net/images/goods_img/20260811/7047696/7047696_17913557461020_500.jpg,https://www.musinsa.com/products/7047696
2026-10-10,MONTHLY,F,377,242,001,상의,5356728,노티카,83플래그 폴라 버튼 풀오버(5colors) NFL2366,67150,79000,15,판매 4.2천개,118명이 보는 중,누적 판매 N만 돌파,False,https://image.msscdn.net/images/goods_img/20250825/5356728/5356728_17906393385109_500.jpg,https://www.musinsa.com/products/5356728
2026-10-10,MONTHLY,F,378,243,001,상의,5352832,비바라비다,[기모선택] My Youth 헤비테리 후드,54900,74900,27,판매 1.8만개,65명이 보는 중,누적 판매 N만 돌파,False,https://image.msscdn.net/images/goods_img/20250822/5352832/5352832_17591064550964_500.jpg,https://www.musinsa.com/products/5352832
2026-10-10,MONTHLY,F,379,244,002,아우터,6970450,러브이즈트루,RL CROWN HOOD ZIP UP(BLACK),143430,192000,25,,14명이 보는 중,none,False,https://image.msscdn.net/images/goods_img/20260731/6970450/6970450_17866847937993_500.jpg,https://www.musinsa.com/products/6970450
2026-10-10,MONTHLY,F,380,245,002,아우터,6256859,슬로우 레코드 하우스,빈티지 워시드 밀리터리 자켓_카키,136740,189000,28,,41명이 보는 중,none,False,https://image.msscdn.net/images/goods_img/20260405/6256859/6256859_17753685158604_500.jpg,https://www.musinsa.com/products/6256859
2026-10-10,MONTHLY,F,382,246,002,아우터,5864289,디미트리블랙,ASI 포시즌 에센셜 후드 집업_데님 빈티지 블랙,39900,65900,39,판매 7천개,138명이 보는 중,누적 판매 N만 돌파,False,https://image.msscdn.net/images/goods_img/20251231/5864289/5864289_17679297909685_500.jpg,https://www.musinsa.com/products/5864289
2026-10-10,MONTHLY,F,383,247,003,바지,7106622,나이스고스트클럽,3STAR CURVED JEANS_BLUE(NG2GFUPA12A),75050,79000,5,,,none,False,https://image.msscdn.net/images/goods_img/20260819/7106622/7106622_17895175478879_500.jpg,https://www.musinsa.com/products/7106622
2026-10-10,MONTHLY,F,384,248,002,아우터,5151475,무신사 스탠다드 우먼,우먼즈 신세틱 스웨이드 하이넥 블루종 재킷 [라이트 브라운],129900,129900,0,판매 1.7천개,28명이 보는 중,누적 판매 N만 돌파,False,https://image.msscdn.net/images/goods_img/20250528/5151475/5151475_17585863388298_500.jpg,https://www.musinsa.com/products/5151475
2026-10-10,MONTHLY,F,385,249,001,상의,2759813,세인트페인,SP 팀 로고 후드-멜란지 그레이,76500,85000,10,판매 2.1만개,15명이 보는 중,누적 판매 N만 돌파,False,https://image.msscdn.net/images/goods_img/20220831/2759813/2759813_1_500.jpg,https://www.musinsa.com/products/2759813
2026-10-10,MONTHLY,F,387,250,002,아우터,7120350,애즈유아,하이넥 바이커 레더 자켓 블랙,127800,166000,23,,126명이 보는 중,none,False,https://image.msscdn.net/images/goods_img/20260820/7120350/7120350_17884347785958_500.jpg,https://www.musinsa.com/products/7120350
2026-10-10,MONTHLY,F,389,251,002,아우터,3716632,웬즈데이오아시스,M-65 피쉬테일 야상 패딩 코트(3col),128800,184000,30,판매 8.3천개,30명이 보는 중,누적 판매 N만 돌파,False,https://image.msscdn.net/images/goods_img/20231116/3716632/3716632_17591147104039_500.jpg,https://www.musinsa.com/products/3716632
2026-10-10,MONTHLY,F,390,252,003,바지,3791988,필루미네이트,데미지 워시드 데님 팬츠-미디엄 블루,39000,53000,26,판매 17만개,174명이 보는 중,누적 판매 N만 돌파,False,https://image.msscdn.net/images/goods_img/20240112/3791988/3791988_17894491801613_500.jpg,https://www.musinsa.com/products/3791988
2026-10-10,MONTHLY,F,392,253,002,아우터,4469973,시에라디자인,W) 하프돔(HALFDOME) 경량 구스다운 후드자켓 LIGHT GREY,422100,469000,10,,,none,False,https://image.msscdn.net/images/goods_img/20240927/4469973/4469973_17884960986398_500.jpg,https://www.musinsa.com/products/4469973
2026-10-10,MONTHLY,F,394,254,002,아우터,7010709,플레이스 스튜디오,스터드 하이넥 비조 멀티 포켓 포인트 오버핏 블루종 코튼 집업 자켓 [베이지],47920,71000,33,,144명이 보는 중,none,False,https://image.msscdn.net/images/goods_img/20260806/7010709/7010709_17866691704486_500.jpg,https://www.musinsa.com/products/7010709
2026-10-10,MONTHLY,F,395,255,003,바지,6450018,무신사 스탠다드 우먼,우먼즈 에센셜 스트레이트 데님 팬츠 [블랙],49900,49900,0,판매 1천개,30명이 보는 중,누적 판매 N만 돌파,False,https://image.msscdn.net/images/goods_img/20260511/6450018/6450018_17847018502944_500.jpg,https://www.musinsa.com/products/6450018
2026-10-10,MONTHLY,F,399,256,001,상의,6704396,무신사 스탠다드 우먼,[빅토리아 울] 우먼즈 미니멀 리브드 후디드 니트 집업 [토프],79900,79900,0,,18명이 보는 중,none,False,https://image.msscdn.net/images/goods_img/20260619/6704396/6704396_17883246569829_500.jpg,https://www.musinsa.com/products/6704396
2026-10-10,MONTHLY,F,400,257,002,아우터,7205318,폴로 랄프 로렌,리미티드 에디션 릴렉스핏 플리스 풀오버-블랙,329000,329000,0,,34명이 보는 중,none,False,https://image.msscdn.net/images/goods_img/20260831/7205318/7205318_17882548499882_500.jpg,https://www.musinsa.com/products/7205318
2026-10-10,MONTHLY,F,401,258,002,아우터,3455882,필루미네이트,타슬란 윈드 테이커 자켓-라이트그레이,69000,89000,22,판매 1.8만개,49명이 보는 중,누적 판매 N만 돌파,False,https://image.msscdn.net/images/goods_img/20230809/3455882/3455882_17827964138309_500.jpg,https://www.musinsa.com/products/3455882
2026-10-10,MONTHLY,F,403,259,002,아우터,6907628,잔스포츠,베이직 로고 경량 패딩 LIGHT GREY,160500,169000,5,,132명이 보는 중,none,False,https://image.msscdn.net/images/goods_img/20260723/6907628/6907628_17908314226100_500.jpg,https://www.musinsa.com/products/6907628
2026-10-10,MONTHLY,F,404,260,002,아우터,2360891,유라고,Mac half trench coat,131760,183000,28,판매 2.6천개,,누적 판매 N만 돌파,False,https://image.msscdn.net/images/goods_img/20220215/2360891/2360891_17901400385390_500.jpg,https://www.musinsa.com/products/2360891
2026-10-10,MONTHLY,F,405,261,002,아우터,5539951,마뗑킴,QUILTING HOODY LIGHTWEIGHT JUMPER IN BLACK,180600,258000,30,,,none,False,https://image.msscdn.net/images/goods_img/20250926/5539951/5539951_17588830916272_500.jpg,https://www.musinsa.com/products/5539951
2026-10-10,MONTHLY,F,406,262,002,아우터,4794421,링서울,over fit leather blouson jacket-black,137470,218200,37,,,none,False,https://image.msscdn.net/images/goods_img/20250217/4794421/4794421_17893459629967_500.jpg,https://www.musinsa.com/products/4794421
2026-10-10,MONTHLY,F,407,263,002,아우터,6719205,아디다스,트윌 트랙탑 - 네이비 / LC8255,139000,139000,0,,50명이 보는 중,none,False,https://image.msscdn.net/images/goods_img/20260623/6719205/6719205_17876454435688_500.jpg,https://www.musinsa.com/products/6719205
2026-10-10,MONTHLY,F,408,264,002,아우터,5886724,허그유어스킨,워시드 필드 자켓 (네이비),153090,189000,19,,23명이 보는 중,none,False,https://image.msscdn.net/images/goods_img/20260112/5886724/5886724_17707979977788_500.jpg,https://www.musinsa.com/products/5886724
2026-10-10,MONTHLY,F,409,265,002,아우터,7051969,디미트리블랙,ASTRO 아트웍 후드 집업_2 COLOR,39900,66500,40,판매 1.4천개,41명이 보는 중,누적 판매 N만 돌파,False,https://image.msscdn.net/images/goods_img/20260811/7051969/7051969_17866771608385_500.jpg,https://www.musinsa.com/products/7051969
2026-10-10,MONTHLY,F,410,266,002,아우터,4288927,디미트리블랙,[크롭선택] ASI 포시즌 에센셜 후드 집업_스웻 블랙,33900,56700,40,판매 1.4만개,121명이 보는 중,누적 판매 N만 돌파,False,https://image.msscdn.net/images/goods_img/20240801/4288927/4288927_17751949366972_500.jpg,https://www.musinsa.com/products/4288927
2026-10-10,MONTHLY,F,411,267,002,아우터,5870526,아디다스,파이어버드 클래식 트랙탑 - 블랙:화이트 / KD7981,90470,109000,17,판매 3.4천개,51명이 보는 중,누적 판매 N만 돌파,False,https://image.msscdn.net/images/goods_img/20260106/5870526/5870526_17677548040128_500.jpg,https://www.musinsa.com/products/5870526
2026-10-10,MONTHLY,F,412,268,002,아우터,6068051,후아유,Signature Slim-fit Patch Hood Zip-up(F) / WHMZG4991F,56620,69900,19,,54명이 보는 중,none,False,https://image.msscdn.net/images/goods_img/20260228/6068051/6068051_17888493415264_500.jpg,https://www.musinsa.com/products/6068051
2026-10-10,MONTHLY,F,415,269,002,아우터,6966896,미세키서울,Double button layered short coat BLACK,177840,208000,15,,,none,False,https://image.msscdn.net/images/goods_img/20260731/6966896/6966896_17889247703282_500.jpg,https://www.musinsa.com/products/6966896
2026-10-10,MONTHLY,F,416,270,002,아우터,7044533,밈더워드로브,로데오 카우보이 후드집업_퍼플,76160,119000,36,,17명이 보는 중,none,False,https://image.msscdn.net/images/goods_img/20260811/7044533/7044533_17901486343699_500.jpg,https://www.musinsa.com/products/7044533
2026-10-10,MONTHLY,F,417,271,002,아우터,5897287,미쏘,바이커 자켓_MIWJLG90QG,103200,129000,20,판매 1.1천개,28명이 보는 중,누적 판매 N만 돌파,False,https://image.msscdn.net/images/prd_img/20260115/5897287/detail_5897287_17694956043103_500.jpg,https://www.musinsa.com/products/5897287
2026-10-10,MONTHLY,F,418,272,003,바지,6501163,무신사 스탠다드 우먼,[오헤시오 컬래버] 코튼 커브드 팬츠 [블랙],79900,79900,0,,,none,False,https://image.msscdn.net/images/goods_img/20260518/6501163/6501163_17883944686322_500.jpg,https://www.musinsa.com/products/6501163
2026-10-10,MONTHLY,F,419,273,002,아우터,6704383,무신사 스탠다드 우먼,[빅토리아 울] 우먼즈 라운드 넥 가디건 [모스],59900,59900,0,,24명이 보는 중,none,False,https://image.msscdn.net/images/goods_img/20260619/6704383/6704383_17877181806324_500.jpg,https://www.musinsa.com/products/6704383
2026-10-10,MONTHLY,F,420,274,002,아우터,6799732,파시온,슬림 크리스탈 글램 후드집업_퍼플 Slim Crystal Glam Hoodie Zip-Up_Purple,52200,58000,10,판매 1천개,23명이 보는 중,누적 판매 N만 돌파,False,https://image.msscdn.net/images/goods_img/20260707/6799732/6799732_17912612986356_500.jpg,https://www.musinsa.com/products/6799732
2026-10-10,MONTHLY,F,421,275,002,아우터,7182685,제너럴아이디어,레이스 트리밍 슬리브리스 가디건 세트 [CHARCOAL] / GF3LKC504,64000,89000,28,,20명이 보는 중,none,False,https://image.msscdn.net/images/goods_img/20260827/7182685/7182685_17878120239971_500.jpg,https://www.musinsa.com/products/7182685
2026-10-10,MONTHLY,F,423,276,001,상의,3417707,무신사 스탠다드 우먼,우먼즈 슬림 크루 넥 긴소매 티셔츠 [블랙],18490,19900,7,판매 2.3만개,34명이 보는 중,누적 판매 N만 돌파,False,https://image.msscdn.net/images/goods_img/20230720/3417707/3417707_17678587648003_500.jpg,https://www.musinsa.com/products/3417707
2026-10-10,MONTHLY,F,424,277,001,상의,6341368,무신사 스탠다드 우먼,우먼즈 에센셜 스쿱 넥 니트 [미디엄 그레이],39900,39900,0,,35명이 보는 중,none,False,https://image.msscdn.net/images/goods_img/20260420/6341368/6341368_17882491717085_500.jpg,https://www.musinsa.com/products/6341368
2026-10-10,MONTHLY,F,425,278,002,아우터,5952166,로라로라,PATCHWORK CAMPUS HOOD ZIP-UP NAVY,116100,129000,10,,,none,False,https://image.msscdn.net/images/goods_img/20260129/5952166/5952166_17719079208964_500.jpg,https://www.musinsa.com/products/5952166
2026-10-10,MONTHLY,F,430,279,001,상의,7049868,미치코런던 코시노,하이넥 캡 슬리브 울 니트 스카이 민트,62000,62000,0,,,none,False,https://image.msscdn.net/images/goods_img/20260811/7049868/7049868_17871047848961_500.jpg,https://www.musinsa.com/products/7049868
2026-10-10,MONTHLY,F,433,280,001,상의,7074174,트릴리온,워셔블 브이넥 레이어드 긴팔 니트_4color,36990,57000,35,판매 5.3천개,125명이 보는 중,누적 판매 N만 돌파,False,https://image.msscdn.net/images/prd_img/20260813/7074174/detail_7074174_17876438095838_500.jpg,https://www.musinsa.com/products/7074174
2026-10-10,MONTHLY,F,436,281,002,아우터,3758212,무신사 스탠다드,[시티 레저] 라이트웨이트 패커블 윈드브레이커 재킷 [블랙],39900,39900,0,판매 3.3만개,98명이 보는 중,누적 판매 N만 돌파,False,https://image.msscdn.net/images/goods_img/20231215/3758212/3758212_17764183712161_500.jpg,https://www.musinsa.com/products/3758212
2026-10-10,MONTHLY,F,438,282,003,바지,4783444,위캔더스,FACE DENIM PANTS (S.GREY),83400,139000,40,판매 6.3천개,16명이 보는 중,누적 판매 N만 돌파,False,https://image.msscdn.net/images/goods_img/20250212/4783444/4783444_17792579418828_500.png,https://www.musinsa.com/products/4783444
2026-10-10,MONTHLY,F,440,283,001,상의,5414478,미치코런던 코시노,소프트 터치 체크 셔츠 네이비 체크,62000,62000,0,판매 2.6천개,31명이 보는 중,누적 판매 N만 돌파,False,https://image.msscdn.net/images/goods_img/20250908/5414478/5414478_17575674336454_500.jpg,https://www.musinsa.com/products/5414478
2026-10-10,MONTHLY,F,441,284,001,상의,6851205,언타이틀 서울,싱글 유니콘 헨리넥 롱슬리브 화이트,35400,59000,40,판매 1.1천개,11명이 보는 중,누적 판매 N만 돌파,False,https://image.msscdn.net/images/goods_img/20260715/6851205/6851205_17857369477492_500.jpg,https://www.musinsa.com/products/6851205
2026-10-10,MONTHLY,F,442,285,002,아우터,6960216,챔피온,2WAY 후디드 라이트 다운 재킷 Charcoal,206100,229000,10,,11명이 보는 중,none,False,https://image.msscdn.net/images/goods_img/20260730/6960216/6960216_17887677591092_500.jpg,https://www.musinsa.com/products/6960216
2026-10-10,MONTHLY,F,443,286,002,아우터,6796677,무신사 스탠다드 우먼,[시티 레저] 우먼즈 시어 후디드 라이트 다운 재킷 [더스티 베이지],139900,139900,0,,26명이 보는 중,none,False,https://image.msscdn.net/images/goods_img/20260707/6796677/6796677_17870361750315_500.jpg,https://www.musinsa.com/products/6796677
2026-10-10,MONTHLY,F,445,287,002,아우터,5267106,내셔널지오그래픽,여성 헤론 U넥 경량 구스다운 점퍼 BLACK,118000,169000,30,판매 1.3천개,32명이 보는 중,누적 판매 N만 돌파,False,https://image.msscdn.net/images/goods_img/20250723/5267106/5267106_17621293537695_500.jpg,https://www.musinsa.com/products/5267106
2026-10-10,MONTHLY,F,447,288,003,바지,7012028,무신사 스탠다드 우먼,우먼즈 저지 벌룬 조거 팬츠 [퍼플],59900,59900,0,,,none,False,https://image.msscdn.net/images/goods_img/20260806/7012028/7012028_17876261843956_500.jpg,https://www.musinsa.com/products/7012028
2026-10-10,MONTHLY,F,448,289,001,상의,6822844,세컨드솔트,스트랩 레이어드 골지 홀터넥 긴팔티 (말차솔트),49280,64000,23,판매 2.2천개,35명이 보는 중,누적 판매 N만 돌파,False,https://image.msscdn.net/images/goods_img/20260710/6822844/6822844_17878813903406_500.jpg,https://www.musinsa.com/products/6822844
2026-10-10,MONTHLY,F,449,290,002,아우터,5638946,단델,DD cropped studded MA-1 jacket (KHAKI),146700,163000,10,판매 2.7천개,43명이 보는 중,누적 판매 N만 돌파,False,https://image.msscdn.net/images/goods_img/20251024/5638946/5638946_17803092941466_500.jpg,https://www.musinsa.com/products/5638946
2026-10-10,MONTHLY,F,452,291,100,원피스/스커트,5860539,플레어업,Asymmetrical Draped Long Skirt (FL-263_Dark Gray),88200,98000,10,판매 4.3천개,,누적 판매 N만 돌파,False,https://image.msscdn.net/images/goods_img/20251230/5860539/5860539_17676587195092_500.jpg,https://www.musinsa.com/products/5860539
2026-10-10,MONTHLY,F,454,292,002,아우터,6041872,루프,럭키 레터링 베이직 오버핏 후드집업 아이보리,69000,69000,0,판매 1.6천개,95명이 보는 중,누적 판매 N만 돌파,False,https://image.msscdn.net/images/goods_img/20260223/6041872/6041872_17719848479622_500.jpg,https://www.musinsa.com/products/6041872
2026-10-10,MONTHLY,F,455,293,002,아우터,7160933,탄산마그네슘,마운틴 사이드 지퍼 후드집업 (화이트),127360,199000,36,,32명이 보는 중,none,False,https://image.msscdn.net/images/prd_img/20260825/7160933/detail_7160933_17879034069495_500.jpg,https://www.musinsa.com/products/7160933
2026-10-10,MONTHLY,F,457,294,001,상의,5322476,리,빅 트위치 로고 후드 티셔츠 블랙,65000,89000,27,판매 1.9천개,14명이 보는 중,누적 판매 N만 돌파,False,https://image.msscdn.net/images/goods_img/20250813/5322476/5322476_17581060233209_500.jpg,https://www.musinsa.com/products/5322476
2026-10-10,MONTHLY,F,458,295,002,아우터,3651031,일리고,129 로고 패치 후드 집업 블랙,73800,94000,21,판매 1만개,25명이 보는 중,누적 판매 N만 돌파,False,https://image.msscdn.net/images/goods_img/20231023/3651031/3651031_17706941887137_500.jpg,https://www.musinsa.com/products/3651031
2026-10-10,MONTHLY,F,461,296,002,아우터,7093645,펜필드,[PF]레거시 하프넥 플리스 자켓_FS3FR01U,141550,149000,5,,69명이 보는 중,none,False,https://image.msscdn.net/images/prd_img/20260818/7093645/detail_7093645_17909038977700_500.jpg,https://www.musinsa.com/products/7093645
2026-10-10,MONTHLY,F,462,297,003,바지,6450038,무신사 스탠다드 우먼,우먼즈 에센셜 커브드 데님 팬츠 [워시드 블랙],44910,49900,10,판매 1.3천개,13명이 보는 중,누적 판매 N만 돌파,False,https://image.msscdn.net/images/goods_img/20260511/6450038/6450038_17846192805508_500.jpg,https://www.musinsa.com/products/6450038
2026-10-10,MONTHLY,F,464,298,001,상의,7345094,노디,멀티 스트라이프 플리스 후디 퍼플,45500,65000,30,,63명이 보는 중,none,False,https://image.msscdn.net/images/goods_img/20260916/7345094/7345094_17899039596413_500.jpg,https://www.musinsa.com/products/7345094
2026-10-10,MONTHLY,F,465,299,002,아우터,6912863,루프,크로스 스톤 오버핏 후드집업 블랙,88200,98000,10,,86명이 보는 중,none,False,https://image.msscdn.net/images/goods_img/20260723/6912863/6912863_17851389087240_500.jpg,https://www.musinsa.com/products/6912863
2026-10-10,MONTHLY,F,467,300,002,아우터,6661654,나이키,스포츠웨어 UV 루즈 핏 후드 재킷 W - 블랙:세일 / IM8162-010,71100,79000,10,,23명이 보는 중,none,False,https://image.msscdn.net/images/goods_img/20260612/6661654/6661654_17816850655708_500.jpg,https://www.musinsa.com/products/6661654
